# Blender 5.2.1 LTS
# www.blender.org
o DocSeat_torso
v -0.168483 0.143331 1.196848
v -0.153004 0.138370 1.195922
v -0.154703 0.140473 1.210530
v -0.171742 0.145903 1.210849
v -0.197691 0.135189 1.211948
v -0.194367 0.131392 1.197357
v -0.218620 0.110048 1.209004
v -0.222008 0.108136 1.193682
v -0.130773 0.108361 1.209969
v -0.139643 0.125162 1.210164
v -0.140297 0.124338 1.194367
v -0.131773 0.106832 1.194080
v -0.227605 0.091362 1.208218
v -0.230982 0.088395 1.192793
v -0.224515 0.069771 1.208348
v -0.226157 0.064403 1.191907
v -0.146560 0.048870 1.209908
v -0.126276 0.090033 1.210212
v -0.124073 0.088729 1.194153
v -0.144711 0.044671 1.190951
v -0.163872 0.128754 0.857224
v -0.154307 0.121949 0.859490
v -0.183839 0.130240 0.852629
v -0.161797 0.137189 0.818511
v -0.180443 0.136744 0.816839
v -0.154242 0.130842 0.817948
v -0.176841 0.143211 0.775563
v -0.164693 0.140421 0.773633
v -0.162812 0.140069 0.781422
v -0.176670 0.142511 0.781799
v -0.211663 0.079754 0.843068
v -0.207979 0.057437 0.841367
v -0.195325 0.124329 0.850938
v -0.191681 0.130445 0.814129
v -0.195529 0.116279 0.753714
v -0.187072 0.121958 0.759474
v -0.191158 0.123077 0.770598
v -0.199290 0.115188 0.766047
v -0.203194 0.092635 0.749763
v -0.193957 0.100128 0.751912
v -0.200872 0.105009 0.764551
v -0.207444 0.093019 0.763057
v -0.206255 0.063053 0.754323
v -0.200039 0.071451 0.755057
v -0.207606 0.077774 0.764079
v -0.209799 0.064443 0.768022
v -0.189232 0.048341 0.756854
v -0.201576 0.053074 0.755429
v -0.201065 0.051102 0.769521
v -0.186928 0.047814 0.767679
v -0.148499 0.028627 0.801145
v -0.156163 0.030239 0.796738
v -0.152926 0.025919 0.793622
v -0.146059 0.024337 0.797497
v -0.147646 0.010382 0.816019
v -0.143195 0.015162 0.813003
v -0.142294 0.011450 0.808046
v -0.147813 0.005676 0.809350
v -0.157613 0.006582 0.815796
v -0.154773 0.002964 0.806501
v -0.157399 0.037563 0.859206
v -0.175703 0.032922 0.855729
v -0.129993 -0.014178 0.755102
v -0.129909 -0.017008 0.757562
v -0.126672 -0.014997 0.759051
v -0.126738 -0.013008 0.757064
v -0.171936 0.129762 0.686021
v -0.169364 0.129531 0.686909
v -0.167799 0.132676 0.686861
v -0.170342 0.134122 0.685463
v -0.192152 0.059796 0.664093
v -0.192640 0.055805 0.665602
v -0.190279 0.056209 0.666082
v -0.189202 0.059572 0.665180
v -0.185952 0.084077 0.656297
v -0.183317 0.084246 0.657262
v -0.182214 0.087960 0.656522
v -0.185476 0.088445 0.654702
v -0.188205 0.105738 0.665085
v -0.182514 0.104484 0.665067
v -0.181272 0.109006 0.663936
v -0.187482 0.110576 0.663615
v -0.200525 0.053835 0.708323
v -0.203058 0.061621 0.709166
v -0.203398 0.061700 0.717417
v -0.201139 0.053534 0.718276
v -0.183550 0.053498 0.706653
v -0.188366 0.049826 0.707023
v -0.188722 0.048986 0.720380
v -0.183622 0.051832 0.721854
v -0.181694 0.059040 0.706421
v -0.180647 0.057684 0.722143
v -0.185530 0.069061 0.707683
v -0.182467 0.064723 0.706474
v -0.180957 0.064082 0.720803
v -0.185080 0.068767 0.720298
v -0.167846 0.125063 0.721654
v -0.172672 0.124627 0.721222
v -0.173096 0.124442 0.736161
v -0.167445 0.125432 0.737025
v -0.163681 0.129857 0.721838
v -0.163491 0.130411 0.737869
v -0.166496 0.140705 0.723072
v -0.163616 0.135972 0.722241
v -0.162011 0.136579 0.736597
v -0.165276 0.141506 0.737344
v -0.180578 0.130975 0.721365
v -0.180114 0.137122 0.724381
v -0.180538 0.136935 0.736189
v -0.181210 0.131265 0.736247
v -0.153281 -0.004145 0.770885
v -0.149273 -0.008078 0.777485
v -0.144372 -0.013451 0.767407
v -0.147393 -0.010118 0.761443
v -0.141019 -0.009189 0.781515
v -0.133770 -0.004874 0.784110
v -0.128952 -0.008198 0.773582
v -0.136122 -0.012714 0.773316
v -0.130167 -0.000138 0.782930
v -0.125607 -0.004822 0.771072
v -0.136023 0.012032 0.775156
v -0.143329 0.012676 0.771605
v -0.137137 0.005957 0.762312
v -0.130589 0.004968 0.765501
v -0.148540 0.019070 0.832128
v -0.163258 0.013677 0.832372
v -0.185811 0.039010 0.800833
v -0.173434 0.038916 0.793853
v -0.184517 0.066251 0.675964
v -0.188357 0.069299 0.675829
v -0.189262 0.067867 0.668894
v -0.186052 0.065209 0.668735
v -0.185599 0.053766 0.675903
v -0.182624 0.060197 0.675817
v -0.185238 0.059546 0.668610
v -0.188163 0.054312 0.669213
v -0.190095 0.051242 0.676705
v -0.190823 0.052664 0.670272
v -0.178077 0.093718 0.676115
v -0.183112 0.098598 0.671114
v -0.184034 0.097752 0.662121
v -0.179322 0.094071 0.663107
v -0.179614 0.081359 0.675600
v -0.177079 0.086957 0.676539
v -0.178466 0.087052 0.662884
v -0.181183 0.081878 0.663284
v -0.183976 0.078956 0.671887
v -0.185310 0.080555 0.661519
v -0.177914 0.117353 0.674591
v -0.187806 0.117110 0.677811
v -0.186452 0.116749 0.670695
v -0.178822 0.116129 0.668908
v -0.177628 0.101682 0.676208
v -0.174277 0.107178 0.676017
v -0.176486 0.107399 0.668847
v -0.179262 0.102732 0.668690
v -0.189898 0.104720 0.677396
v -0.182004 0.099980 0.675998
v -0.182910 0.101345 0.668658
v -0.188915 0.104207 0.671270
v -0.163619 0.135895 0.698997
v -0.166200 0.140024 0.699571
v -0.167041 0.139202 0.693038
v -0.164751 0.135736 0.692542
v -0.168187 0.125335 0.697294
v -0.164049 0.129812 0.698115
v -0.165122 0.130610 0.691430
v -0.168601 0.126534 0.690713
v -0.173502 0.124875 0.696926
v -0.172698 0.125694 0.690264
v -0.151291 0.038182 1.202254
v -0.162060 0.030951 1.202344
v -0.153570 0.024952 1.238579
v -0.141747 0.035784 1.239369
v -0.137186 0.049312 1.240904
v -0.125714 0.098607 1.244154
v -0.128648 0.115960 1.244368
v -0.140838 0.130488 1.245871
v -0.156764 0.142039 1.247029
v -0.173332 0.147403 1.247353
v -0.201035 0.140392 1.245280
v -0.224030 0.114196 1.242386
v -0.226191 0.092787 1.241271
v -0.224104 0.070321 1.241407
v -0.206338 0.142843 1.327338
v -0.179843 0.158496 1.332937
v -0.127650 0.123406 1.307660
v -0.121682 0.103588 1.305953
v -0.112040 0.106928 1.325152
v -0.124375 0.127435 1.328002
v -0.158747 0.037547 1.184692
v -0.233077 0.085625 1.177258
v -0.230016 0.063350 1.175423
v -0.224949 0.106120 1.178915
v -0.194136 0.129666 1.182477
v -0.157581 0.140431 1.147910
v -0.169809 0.142694 1.147721
v -0.167775 0.143240 1.184307
v -0.152500 0.138551 1.183106
v -0.140425 0.125115 1.180543
v -0.153843 0.141193 1.159208
v -0.168457 0.145226 1.160511
v -0.143300 0.128072 1.154458
v -0.216554 0.050428 1.241585
v -0.215178 0.053671 1.209866
v -0.215727 0.054065 1.198867
v -0.166101 0.033247 1.191471
v -0.130675 0.107987 1.179140
v -0.139677 0.042216 1.172318
v -0.122230 0.089488 1.178511
v -0.158608 0.038369 1.168888
v -0.195320 0.081531 0.714255
v -0.197162 0.090970 0.713667
v -0.198442 0.090996 0.721260
v -0.195196 0.080367 0.720858
v -0.180225 0.096327 0.716946
v -0.175791 0.091276 0.718068
v -0.175360 0.090560 0.724362
v -0.179025 0.095634 0.723887
v -0.175508 0.084740 0.718093
v -0.179255 0.080063 0.718084
v -0.179818 0.080376 0.724066
v -0.175569 0.084414 0.724281
v -0.184065 0.077878 0.717128
v -0.184879 0.078332 0.723293
v -0.190130 0.106249 0.702097
v -0.190306 0.112455 0.704170
v -0.191009 0.113099 0.718201
v -0.189938 0.105212 0.719282
v -0.185926 0.118330 0.703963
v -0.176539 0.118170 0.704732
v -0.174491 0.118410 0.722376
v -0.185448 0.119158 0.719648
v -0.173879 0.107681 0.702042
v -0.176022 0.102534 0.701660
v -0.174584 0.102123 0.722578
v -0.171302 0.107628 0.723117
v -0.179079 0.100111 0.702467
v -0.179581 0.099698 0.721745
v -0.200576 0.062593 0.671981
v -0.200723 0.062156 0.678877
v -0.200516 0.056022 0.676927
v -0.198786 0.054310 0.671940
v -0.195548 0.089499 0.661396
v -0.196053 0.089970 0.669236
v -0.194202 0.084378 0.665899
v -0.192882 0.083619 0.661418
v -0.177650 0.136842 0.691503
v -0.178274 0.136853 0.697302
v -0.178773 0.131725 0.696176
v -0.178061 0.130962 0.690806
v -0.191294 0.110322 0.671020
v -0.190964 0.110286 0.677028
v -0.190560 0.105861 0.676301
v -0.190038 0.105224 0.671129
v -0.197732 0.069237 0.709194
v -0.197536 0.068707 0.718699
v -0.197288 0.068532 0.677226
v -0.196152 0.068527 0.670848
v -0.197903 0.061452 0.664955
v -0.197938 0.056038 0.666503
v -0.199759 0.054633 0.677345
v -0.197691 0.053573 0.671991
v -0.191143 0.097519 0.715377
v -0.189424 0.098634 0.722249
v -0.193644 0.095471 0.668684
v -0.190880 0.096954 0.661384
v -0.191869 0.084865 0.656179
v -0.191721 0.089081 0.654509
v -0.193069 0.083034 0.667984
v -0.191225 0.082403 0.661619
v -0.180328 0.104788 0.665677
v -0.178950 0.108330 0.665252
v -0.174769 0.112673 0.676257
v -0.176427 0.112243 0.669066
v -0.171333 0.114102 0.723049
v -0.174136 0.113988 0.703223
v -0.176893 0.141276 0.722961
v -0.176980 0.141690 0.737869
v -0.175583 0.141447 0.698311
v -0.173250 0.141018 0.692316
v -0.175634 0.131575 0.685536
v -0.173854 0.135876 0.684996
v -0.178980 0.130465 0.697448
v -0.177457 0.129548 0.690728
v -0.198934 0.069545 0.730711
v -0.186521 0.069991 0.730707
v -0.186412 0.069850 0.747161
v -0.201234 0.068938 0.746124
v -0.203603 0.052455 0.730925
v -0.206120 0.062213 0.732233
v -0.205333 0.061698 0.743516
v -0.201771 0.054095 0.748606
v -0.189096 0.048237 0.749798
v -0.189661 0.048721 0.732255
v -0.184404 0.052290 0.732087
v -0.182865 0.051703 0.749483
v -0.181792 0.058148 0.731859
v -0.179373 0.058401 0.749938
v -0.181556 0.064785 0.731288
v -0.179917 0.066581 0.749727
v -0.183940 0.054291 0.692820
v -0.188285 0.050709 0.692895
v -0.188161 0.050809 0.696736
v -0.184252 0.054840 0.696563
v -0.199069 0.052284 0.695104
v -0.199213 0.053529 0.688951
v -0.201140 0.061979 0.687997
v -0.202918 0.062167 0.696537
v -0.196083 0.069812 0.689132
v -0.186245 0.068883 0.686992
v -0.185990 0.068422 0.693704
v -0.194333 0.070974 0.695307
v -0.183364 0.065195 0.688329
v -0.183440 0.064697 0.694826
v -0.182418 0.060205 0.692820
v -0.183005 0.059651 0.696034
v -0.190954 0.098647 0.728340
v -0.179076 0.095090 0.730340
v -0.179945 0.096059 0.737574
v -0.193253 0.098000 0.735724
v -0.197910 0.080980 0.726669
v -0.199869 0.091821 0.728324
v -0.200599 0.092048 0.735315
v -0.199986 0.083040 0.735484
v -0.186831 0.077384 0.736536
v -0.184988 0.078209 0.729633
v -0.179833 0.080794 0.730061
v -0.179877 0.079823 0.737079
v -0.176303 0.084687 0.729488
v -0.175786 0.084748 0.737879
v -0.175989 0.089907 0.729851
v -0.175646 0.090623 0.738087
v -0.179933 0.081824 0.688653
v -0.183697 0.078654 0.686902
v -0.184294 0.078636 0.692817
v -0.181122 0.082079 0.694073
v -0.194930 0.079980 0.691274
v -0.195050 0.081338 0.684632
v -0.197669 0.089567 0.684000
v -0.199123 0.090385 0.693130
v -0.193986 0.097265 0.685376
v -0.182131 0.097112 0.689970
v -0.183460 0.096360 0.695669
v -0.192033 0.098998 0.691916
v -0.178921 0.092282 0.690439
v -0.180856 0.092197 0.694995
v -0.178209 0.086801 0.690004
v -0.179097 0.086775 0.692836
v -0.187587 0.120178 0.731808
v -0.174678 0.117756 0.732906
v -0.174643 0.118200 0.740084
v -0.188232 0.120199 0.739406
v -0.191987 0.104701 0.730794
v -0.193824 0.113505 0.732632
v -0.193846 0.113889 0.738645
v -0.192627 0.105998 0.738678
v -0.179489 0.100241 0.732673
v -0.180553 0.100287 0.738782
v -0.174968 0.102860 0.732816
v -0.175007 0.102721 0.739604
v -0.172069 0.107533 0.732878
v -0.171864 0.107584 0.740273
v -0.172173 0.113089 0.733435
v -0.171576 0.113305 0.740299
v -0.176331 0.101779 0.690679
v -0.179293 0.099962 0.690778
v -0.179266 0.099841 0.696071
v -0.175504 0.102518 0.696244
v -0.189743 0.105170 0.690878
v -0.189699 0.104379 0.695591
v -0.190838 0.112185 0.691030
v -0.191089 0.112692 0.697283
v -0.187478 0.118139 0.691528
v -0.177011 0.118620 0.692468
v -0.176455 0.118428 0.697810
v -0.185648 0.119330 0.696584
v -0.173663 0.113997 0.697738
v -0.173649 0.114286 0.692281
v -0.173562 0.106987 0.691216
v -0.173166 0.108227 0.697231
v -0.177913 0.142366 0.748712
v -0.165369 0.141272 0.747554
v -0.164794 0.141307 0.760387
v -0.177826 0.141970 0.759265
v -0.182613 0.130070 0.746946
v -0.182101 0.137105 0.749132
v -0.182422 0.136595 0.757668
v -0.182610 0.129649 0.755652
v -0.172889 0.124491 0.756073
v -0.172102 0.124679 0.746168
v -0.167000 0.126230 0.746199
v -0.167153 0.125389 0.756755
v -0.163186 0.130384 0.746362
v -0.162055 0.129074 0.758178
v -0.161941 0.136151 0.746553
v -0.161010 0.135538 0.759746
v -0.168169 0.125848 0.709788
v -0.172229 0.124631 0.709275
v -0.172487 0.125078 0.714295
v -0.168665 0.126652 0.714366
v -0.180225 0.128951 0.714401
v -0.179835 0.129660 0.709759
v -0.179759 0.136816 0.709737
v -0.180314 0.137057 0.715306
v -0.176080 0.142274 0.711202
v -0.166341 0.139288 0.711097
v -0.166823 0.139755 0.716565
v -0.175837 0.142735 0.716119
v -0.164638 0.135089 0.709997
v -0.165279 0.135255 0.716124
v -0.165180 0.129718 0.709690
v -0.166019 0.130349 0.715848
v -0.190950 0.063895 0.664558
v -0.188714 0.063100 0.665360
v -0.196397 0.065624 0.665709
v -0.197752 0.067602 0.671789
v -0.198004 0.067831 0.676363
v -0.181696 0.092401 0.657146
v -0.184728 0.093800 0.655941
v -0.191707 0.093936 0.655472
v -0.192687 0.095743 0.661573
v -0.194378 0.094590 0.667461
v -0.180264 0.113710 0.665113
v -0.178373 0.112046 0.665752
v -0.185895 0.115386 0.665426
v -0.187995 0.116005 0.671334
v -0.188644 0.115901 0.675765
v -0.166532 0.135821 0.688437
v -0.168210 0.137840 0.687867
v -0.172512 0.139770 0.687656
v -0.174503 0.140498 0.692238
v -0.175986 0.140748 0.696668
v -0.199208 0.061719 0.665706
v -0.198956 0.056209 0.667121
v -0.197664 0.065760 0.666390
v -0.193860 0.089131 0.655342
v -0.193177 0.085516 0.656274
v -0.193377 0.092959 0.656058
v -0.189460 0.110686 0.663875
v -0.189631 0.106455 0.664923
v -0.187864 0.114724 0.665065
v -0.176729 0.136746 0.686044
v -0.177484 0.132770 0.686730
v -0.174499 0.139860 0.687841
v -0.179147 0.136524 0.699738
v -0.190735 0.110527 0.678864
v -0.171287 0.113620 0.729020
v -0.173916 0.117889 0.728770
v -0.184952 0.120446 0.726762
v -0.192712 0.113307 0.725475
v -0.190099 0.103338 0.724570
v -0.178788 0.100011 0.727542
v -0.174377 0.102410 0.728277
v -0.171267 0.107561 0.728686
v -0.181105 0.082903 0.699481
v -0.184264 0.078978 0.698547
v -0.196372 0.081740 0.699882
v -0.198515 0.089957 0.702722
v -0.193369 0.097711 0.700911
v -0.182623 0.096037 0.701067
v -0.180417 0.091955 0.700006
v -0.179816 0.087049 0.699540
v -0.195901 0.089751 0.670700
v -0.184113 0.054818 0.702278
v -0.187684 0.050950 0.701588
v -0.201018 0.053839 0.702845
v -0.203167 0.062512 0.704521
v -0.198274 0.069889 0.703232
v -0.186305 0.067987 0.700308
v -0.183876 0.064356 0.699623
v -0.183181 0.059633 0.701508
v -0.189337 0.048728 0.725461
v -0.183821 0.051985 0.725969
v -0.201766 0.052457 0.724520
v -0.204397 0.062387 0.723669
v -0.196483 0.069403 0.724375
v -0.185782 0.069343 0.725072
v -0.181557 0.064838 0.725096
v -0.180964 0.058098 0.725437
v -0.200713 0.062231 0.679682
v -0.162576 0.136521 0.741946
v -0.165321 0.141214 0.742723
v -0.175960 0.143597 0.743724
v -0.181344 0.138152 0.741877
v -0.181830 0.128832 0.741140
v -0.172174 0.124425 0.741646
v -0.167667 0.125899 0.741985
v -0.163588 0.130591 0.742002
v -0.192734 0.106697 0.746031
v -0.179342 0.099890 0.747416
v -0.173125 0.101395 0.750559
v -0.169051 0.106239 0.752662
v -0.169098 0.113105 0.753093
v -0.173775 0.118781 0.752120
v -0.187185 0.122026 0.749351
v -0.194068 0.115920 0.746804
v -0.186322 0.076562 0.746897
v -0.200309 0.082392 0.744025
v -0.178192 0.077907 0.748903
v -0.173649 0.083494 0.749603
v -0.173630 0.090788 0.749149
v -0.178507 0.096185 0.747538
v -0.193502 0.098844 0.745157
v -0.201312 0.092634 0.742628
v -0.162986 0.028732 0.795461
v -0.159915 0.024186 0.792066
v -0.143533 0.002456 0.759735
v -0.150324 0.010249 0.770180
v -0.133563 -0.014530 0.753961
v -0.133646 -0.017150 0.755948
v -0.166748 0.013019 0.808970
v -0.161793 0.007953 0.802981
v -0.178113 0.021774 0.823373
v -0.196102 0.042651 0.848345
v -0.132677 -0.004994 0.755290
v -0.127562 -0.005137 0.757680
v -0.128238 -0.001604 0.759922
v -0.134194 -0.000601 0.757706
v -0.124444 -0.010677 0.761659
v -0.125586 -0.013722 0.762650
v -0.125901 -0.010735 0.767144
v -0.124409 -0.007225 0.765925
v -0.126041 -0.014462 0.762863
v -0.130316 -0.018982 0.758978
v -0.133416 -0.016176 0.767092
v -0.126915 -0.010837 0.768248
v -0.136252 -0.018531 0.758105
v -0.140717 -0.016115 0.763311
v -0.137159 -0.017961 0.757145
v -0.138929 -0.014138 0.754470
v -0.144037 -0.011724 0.757549
v -0.142652 -0.015305 0.761944
v -0.136250 -0.007563 0.753178
v -0.139728 -0.003454 0.755474
v -0.155814 0.017204 0.783500
v -0.149181 0.019890 0.785971
v -0.142761 0.018461 0.790059
v -0.138606 0.006701 0.799695
v -0.143872 0.000350 0.800894
v -0.151630 -0.001829 0.798341
v -0.157914 0.000905 0.793435
v -0.164650 0.014869 0.798145
v -0.160158 0.006022 0.788408
v -0.130897 -0.010014 0.754148
v -0.128495 -0.009146 0.755452
v -0.133302 -0.010995 0.753127
v -0.126864 -0.016437 0.760083
v -0.129913 -0.018532 0.758440
v -0.133425 -0.018547 0.756830
v -0.153133 0.013478 0.778051
v -0.157783 0.002081 0.780727
v -0.156391 -0.000029 0.777256
v -0.152380 0.012376 0.775030
v -0.155911 -0.002822 0.787858
v -0.154736 -0.004042 0.782010
v -0.149159 -0.004667 0.794703
v -0.145600 -0.006866 0.789938
v -0.140455 -0.002563 0.795630
v -0.135975 -0.002981 0.789910
v -0.135136 0.003339 0.793222
v -0.133153 0.002255 0.789110
v -0.138196 0.013679 0.779758
v -0.140058 0.014799 0.783521
v -0.146554 0.015741 0.779786
v -0.145287 0.014555 0.776233
v -0.168780 0.019989 0.803518
v -0.173429 0.017795 0.815726
v -0.175862 0.027747 0.808681
v -0.184597 0.032019 0.816327
v -0.160552 0.009055 0.824428
v -0.147871 0.014090 0.823737
v -0.144482 0.025542 0.827825
v -0.144274 0.019272 0.820015
v -0.151645 0.032360 0.804765
v -0.155004 0.038114 0.807437
v -0.166131 0.041385 0.796675
v -0.160798 0.034795 0.798379
v -0.167501 0.032851 0.797165
v -0.194251 0.041268 0.806687
v -0.141582 -0.014728 0.766581
v -0.134990 -0.013517 0.771245
v -0.129657 -0.009377 0.772566
v -0.199363 0.044220 0.831095
v -0.206414 0.053837 0.819847
v -0.182499 0.052142 0.756395
v -0.200981 0.079140 0.753905
v -0.179219 0.059216 0.755574
v -0.180407 0.067987 0.755230
v -0.180359 0.051588 0.766729
v -0.175838 0.058808 0.765576
v -0.164768 0.051155 0.797989
v -0.172875 0.083055 0.756870
v -0.178250 0.076527 0.755307
v -0.173657 0.092187 0.755685
v -0.179444 0.096879 0.749470
v -0.179437 0.099552 0.749938
v -0.173455 0.098961 0.757289
v -0.191885 0.104595 0.752683
v -0.175130 0.119181 0.756061
v -0.168550 0.113506 0.760643
v -0.175338 0.119036 0.758434
v -0.168182 0.123285 0.766133
v -0.180681 0.124484 0.765101
v -0.173169 0.124346 0.758710
v -0.167887 0.124927 0.760446
v -0.182102 0.128323 0.759780
v -0.167836 0.104873 0.759692
v -0.163125 0.126782 0.768589
v -0.162608 0.128437 0.762743
v -0.161434 0.133735 0.771486
v -0.161200 0.134653 0.765092
v -0.182597 0.136218 0.761291
v -0.183378 0.134783 0.767198
v -0.178164 0.142145 0.764017
v -0.164281 0.140827 0.766353
v -0.187049 0.070094 0.749825
v -0.186980 0.075998 0.749437
v -0.185750 0.135192 0.777469
v -0.174151 0.070550 0.763562
v -0.168643 0.080609 0.764519
v -0.167798 0.092385 0.764737
v -0.163855 0.102495 0.768444
v -0.164299 0.113486 0.771077
v -0.165222 0.062070 0.799365
v -0.161798 0.138383 0.807654
v -0.179350 0.139067 0.805323
v -0.212494 0.048639 1.184136
v -0.206810 0.044797 1.195383
v -0.196358 0.039825 1.180093
v -0.193547 0.035507 1.191235
v -0.177995 0.032132 1.188974
v -0.178526 0.035795 1.178757
v -0.175721 0.028200 1.202058
v -0.178753 0.037870 1.166885
v -0.198145 0.040092 1.168232
v -0.216583 0.047337 1.171445
v -0.203938 0.027104 1.303684
v -0.215966 0.044099 1.303396
v -0.191486 0.030839 1.204940
v -0.205262 0.040191 1.208258
v -0.205828 0.033140 1.240582
v -0.189630 0.022631 1.239468
v -0.170891 0.020326 1.238322
v -0.184940 0.017515 1.305041
v -0.163934 0.016201 1.306074
v -0.146101 0.145828 1.331981
v -0.143660 0.141890 1.310651
v -0.188308 0.019992 1.260321
v -0.205851 0.030393 1.260450
v -0.146528 0.022417 1.305602
v -0.149524 0.022943 1.260524
v -0.168615 0.017520 1.259992
v -0.137850 0.035099 1.260889
v -0.134589 0.035106 1.305076
v -0.132277 0.051618 1.305528
v -0.134871 0.049137 1.261402
v -0.123461 0.097419 1.263459
v -0.126012 0.115305 1.264299
v -0.138259 0.131993 1.266213
v -0.203224 0.142679 1.264635
v -0.173570 0.148873 1.267777
v -0.177825 0.158050 1.310834
v -0.208015 0.144705 1.307238
v -0.224636 0.068798 1.261226
v -0.228002 0.091522 1.261472
v -0.225689 0.088649 1.304395
v -0.221658 0.066273 1.303895
v -0.225641 0.115060 1.262736
v -0.226123 0.110399 1.304893
v -0.155766 0.142904 1.267862
v -0.161871 0.154027 1.312279
v -0.217649 0.048233 1.260990
v -0.159142 0.132919 0.778623
v -0.160345 0.124036 0.775583
v -0.155248 0.131583 0.806183
v -0.165266 0.073921 0.800203
v -0.160088 0.097979 0.802287
v -0.163609 0.086259 0.801306
v -0.152472 0.121096 0.803731
v -0.155521 0.109364 0.802409
v -0.150905 0.046821 0.858282
v -0.157403 0.047355 0.810315
v -0.150681 0.119620 0.816303
v -0.163777 0.156675 1.333419
v -0.161344 0.057612 0.812298
v -0.162287 0.070321 0.813130
v -0.153471 0.107447 0.815547
v -0.157170 0.095272 0.815386
v -0.160374 0.083260 0.814299
v -0.149560 0.102682 0.845738
v -0.159045 0.066901 0.827950
v -0.152327 0.090980 0.842990
v -0.158817 0.079761 0.829204
v -0.190227 0.133150 0.802465
v -0.197561 0.123624 0.797825
v -0.204024 0.114036 0.796333
v -0.207512 0.105364 0.792907
v -0.210736 0.095105 0.791783
v -0.211464 0.076265 0.793314
v -0.211227 0.071413 0.801930
v -0.199724 0.047809 0.796890
v -0.199284 0.121436 0.811233
v -0.205066 0.112309 0.809229
v -0.210999 0.080967 0.804067
v -0.209481 0.063629 0.810352
v -0.211829 0.082122 0.829715
v -0.203558 0.114910 0.848655
v -0.210882 0.066618 0.826063
v -0.211698 0.087165 0.817502
v -0.211425 0.074797 0.814724
v -0.211307 0.091700 0.805405
v -0.206276 0.109555 0.821991
v -0.211836 0.085106 0.793140
v -0.205349 0.028427 1.282118
v -0.186714 0.018250 1.282849
v -0.165865 0.016199 1.283403
v -0.147640 0.022061 1.283308
v -0.135590 0.034902 1.283153
v -0.134531 0.050783 1.284205
v -0.122874 0.100461 1.284743
v -0.127752 0.119536 1.286186
v -0.141025 0.137674 1.288289
v -0.157818 0.149815 1.289253
v -0.174663 0.154796 1.288182
v -0.207025 0.144580 1.286375
v -0.226827 0.112405 1.283354
v -0.227664 0.090208 1.282790
v -0.223896 0.067662 1.282330
v -0.217401 0.045917 1.282032
v -0.157248 0.028253 1.219020
v -0.172979 0.024048 1.218706
v -0.190772 0.026332 1.220848
v -0.205985 0.036569 1.223096
v -0.215672 0.052488 1.224622
v -0.223373 0.070925 1.224061
v -0.224969 0.092174 1.223551
v -0.221200 0.111667 1.224287
v -0.199573 0.138441 1.226616
v -0.173707 0.148210 1.226989
v -0.157097 0.144488 1.226274
v -0.141347 0.132655 1.225447
v -0.129911 0.117704 1.225378
v -0.126216 0.098425 1.226316
v -0.138555 0.050594 1.222506
v -0.146279 0.037557 1.220009
v -0.209892 0.119896 1.180665
v -0.207871 0.121023 1.196178
v -0.208574 0.124064 1.211689
v -0.211232 0.127224 1.225596
v -0.213880 0.129969 1.244240
v -0.216248 0.131444 1.263967
v -0.218419 0.131380 1.284055
v -0.219388 0.130727 1.305100
v -0.217275 0.128871 1.325402
v -0.208391 0.104500 0.846738
v -0.119874 0.070268 1.177273
v -0.125035 0.070512 1.196038
v -0.127220 0.073237 1.211760
v -0.127135 0.079121 1.226223
v -0.128752 0.080354 1.243209
v -0.130193 0.081658 1.263674
v -0.129158 0.083929 1.285031
v -0.126735 0.086133 1.305600
v -0.119668 0.088957 1.324736
v -0.148962 0.115664 0.846389
v -0.154439 0.126997 0.845759
v -0.162586 0.132694 0.843650
v -0.183549 0.132483 0.840874
v -0.194532 0.126261 0.838889
v -0.202605 0.117102 0.836596
v -0.152918 0.055156 0.827375
v -0.148200 0.042382 0.827371
v -0.172126 0.046292 0.786044
v -0.169095 0.054902 0.787095
v -0.168399 0.065390 0.787301
v -0.166682 0.076659 0.787727
v -0.164742 0.088302 0.789085
v -0.162116 0.099792 0.790626
v -0.158651 0.111216 0.791900
v -0.155463 0.121863 0.793790
v -0.156282 0.131811 0.796154
v -0.178348 0.044085 0.785664
v -0.192767 0.044578 0.791597
v -0.161736 0.138982 0.797806
v -0.177505 0.141156 0.796785
v -0.188982 0.135345 0.791874
v -0.195864 0.124704 0.788201
v -0.202908 0.114820 0.785412
v -0.206565 0.104228 0.782869
v -0.210651 0.093304 0.782359
v -0.210968 0.076931 0.782749
v -0.210799 0.066149 0.785979
v -0.205934 0.055996 0.789275
v -0.125250 0.052562 1.175257
v -0.136311 0.054387 1.197516
v -0.139014 0.059816 1.214608
v -0.131690 0.063869 1.224868
v -0.134046 0.063461 1.242273
v -0.136933 0.064138 1.263579
v -0.137122 0.067088 1.285632
v -0.134239 0.068765 1.306190
v -0.155347 0.078594 0.842878
v -0.148884 0.055585 0.842996
v -0.146733 0.042875 0.843537
v -0.152684 0.032058 0.849341
v -0.171530 0.026274 0.847932
v -0.189938 0.034910 0.838854
v -0.207604 0.106960 0.834282
v -0.200731 0.118991 0.824075
v -0.193181 0.128157 0.826330
v -0.182098 0.134422 0.828361
v -0.161613 0.135178 0.830320
v -0.154283 0.129002 0.831031
v -0.149998 0.117591 0.830926
v -0.151207 0.104970 0.830332
v -0.154180 0.092462 0.829523
v -0.152009 0.067372 0.841872
v -0.146878 0.032805 0.819553
v -0.150326 0.068786 0.850654
v -0.151615 0.089538 0.852224
v -0.199025 0.049346 0.781107
v -0.206233 0.056325 0.779083
v -0.210679 0.065665 0.776669
v -0.209527 0.080437 0.770506
v -0.209495 0.092975 0.772259
v -0.204322 0.103794 0.772233
v -0.201292 0.114975 0.774970
v -0.193017 0.124828 0.778213
v -0.187672 0.135647 0.783631
v -0.177035 0.142114 0.788717
v -0.161706 0.139998 0.788913
v -0.156879 0.132570 0.786781
v -0.157141 0.123055 0.784255
v -0.160009 0.112291 0.781208
v -0.161190 0.100741 0.779015
v -0.164199 0.089751 0.777126
v -0.166587 0.078542 0.776427
v -0.169871 0.067630 0.775883
v -0.172950 0.057249 0.776555
v -0.175314 0.049050 0.776379
v -0.181762 0.045287 0.776568
v -0.173811 0.131612 0.854641
v -0.172198 0.134841 0.842308
v -0.171202 0.137386 0.829597
v -0.170611 0.139298 0.818272
v -0.170064 0.141041 0.807637
v -0.169640 0.142257 0.797962
v -0.169494 0.143145 0.789352
v -0.169394 0.143285 0.782248
v -0.170418 0.143570 0.775824
v -0.171031 0.143780 0.765638
v -0.171127 0.143817 0.759794
v -0.170900 0.143616 0.749077
v -0.170492 0.143359 0.744035
v -0.170941 0.143196 0.738732
v -0.171671 0.142913 0.723379
v -0.170694 0.142829 0.716525
v -0.169578 0.142219 0.711671
v -0.169669 0.142102 0.699922
v -0.169556 0.140841 0.693105
v -0.170169 0.139256 0.687512
v -0.172222 0.135212 0.685147
v -0.173891 0.130555 0.685692
v -0.175943 0.127961 0.690371
v -0.176805 0.126735 0.697184
v -0.176409 0.125669 0.709185
v -0.176697 0.125912 0.714321
v -0.177186 0.126197 0.721741
v -0.177845 0.126594 0.735923
v -0.177381 0.125536 0.741499
v -0.177207 0.125390 0.746800
v -0.178432 0.125591 0.755681
v -0.177011 0.124945 0.758308
v -0.177284 0.124910 0.759743
v -0.179517 0.121014 0.756264
v -0.179529 0.121386 0.751492
v -0.180746 0.120767 0.739315
v -0.180349 0.120466 0.731594
v -0.179095 0.120358 0.727835
v -0.179543 0.120292 0.721606
v -0.181134 0.119869 0.704427
v -0.181649 0.120332 0.697483
v -0.181667 0.120337 0.692450
v -0.182612 0.119134 0.674427
v -0.182150 0.117518 0.668561
v -0.182874 0.114282 0.664626
v -0.184174 0.109517 0.663407
v -0.185255 0.104959 0.664698
v -0.186470 0.102270 0.668363
v -0.187068 0.101572 0.676282
v -0.184743 0.099983 0.690960
v -0.185241 0.100279 0.695632
v -0.185928 0.100798 0.702088
v -0.185452 0.100552 0.720089
v -0.185543 0.100180 0.725569
v -0.185939 0.100444 0.731767
v -0.187363 0.101020 0.738209
v -0.186181 0.101189 0.746252
v -0.186159 0.101038 0.748629
v -0.186521 0.099436 0.748165
v -0.186009 0.099222 0.746217
v -0.186175 0.098630 0.736596
v -0.183946 0.098103 0.729549
v -0.184010 0.098298 0.722965
v -0.185355 0.098340 0.715895
v -0.187221 0.098615 0.700253
v -0.187295 0.099063 0.694545
v -0.188191 0.099370 0.688214
v -0.188691 0.099162 0.668563
v -0.187993 0.098288 0.661929
v -0.188188 0.094082 0.655311
v -0.188551 0.088766 0.654105
v -0.188858 0.084441 0.655802
v -0.188849 0.081279 0.659884
v -0.188954 0.079626 0.667840
v -0.188884 0.077995 0.685664
v -0.190105 0.077740 0.691690
v -0.190659 0.077651 0.698881
v -0.189750 0.077647 0.715127
v -0.190054 0.078159 0.721878
v -0.190873 0.077886 0.728476
v -0.193682 0.078468 0.736138
v -0.192571 0.077617 0.745742
v -0.193074 0.077159 0.748837
v -0.193338 0.070357 0.748580
v -0.192851 0.070032 0.746827
v -0.192628 0.070000 0.730660
v -0.191289 0.070103 0.724615
v -0.191257 0.070277 0.718442
v -0.190886 0.071075 0.708978
v -0.189836 0.070513 0.701245
v -0.189478 0.070408 0.694736
v -0.189959 0.070638 0.688693
v -0.192210 0.070059 0.675930
v -0.192215 0.069033 0.669990
v -0.193062 0.064443 0.664297
v -0.194253 0.060004 0.663792
v -0.195399 0.055466 0.665699
v -0.196286 0.052653 0.671413
v -0.195392 0.051419 0.677833
v -0.194582 0.050341 0.690029
v -0.194042 0.049797 0.696005
v -0.193553 0.049566 0.701513
v -0.194733 0.049709 0.707221
v -0.195497 0.049225 0.718395
v -0.195924 0.048698 0.725373
v -0.197137 0.048920 0.732376
v -0.195982 0.048793 0.749859
v -0.195838 0.048591 0.755595
v -0.194251 0.047710 0.768338
v -0.189304 0.045605 0.778027
v -0.184868 0.043563 0.787292
v -0.179385 0.038824 0.796302
v -0.172086 0.030513 0.801569
v -0.167067 0.025342 0.799271
v -0.163728 0.020370 0.794518
v -0.159258 0.011331 0.783788
v -0.157256 0.007934 0.777922
v -0.156344 0.006473 0.775100
v -0.153876 0.003514 0.769356
v -0.146849 -0.003677 0.758941
v -0.142137 -0.007881 0.754921
v -0.138400 -0.010795 0.753016
v -0.133236 -0.012631 0.753327
v -0.130187 -0.012127 0.754470
v -0.127442 -0.010881 0.756027
v -0.125076 -0.007296 0.759065
v -0.124585 -0.003936 0.762976
v -0.126011 0.000563 0.768212
v -0.131180 0.006987 0.780215
v -0.133604 0.009072 0.784742
v -0.135541 0.010520 0.788558
v -0.138947 0.013583 0.795127
v -0.142510 0.018418 0.803101
v -0.144024 0.022069 0.807494
v -0.145643 0.027142 0.812850
v -0.192862 0.106779 0.742488
v -0.193800 0.114981 0.742713
v -0.187572 0.121140 0.743769
v -0.180048 0.121388 0.745652
v -0.173986 0.118782 0.745899
v -0.170141 0.113550 0.746330
v -0.170287 0.107150 0.745942
v -0.174157 0.102385 0.744413
v -0.180227 0.100287 0.742850
v -0.187380 0.101647 0.741963
v -0.186908 0.077169 0.740913
v -0.179238 0.079090 0.741891
v -0.174669 0.083991 0.742749
v -0.174350 0.090741 0.742845
v -0.179446 0.096265 0.741796
v -0.186886 0.098986 0.740961
v -0.193285 0.098210 0.739529
v -0.200911 0.092378 0.738896
v -0.200164 0.083073 0.739464
v -0.193861 0.078455 0.740359
v -0.186599 0.069971 0.742422
v -0.179653 0.066114 0.744580
v -0.179643 0.057903 0.744962
v -0.183228 0.051558 0.744285
v -0.189781 0.048161 0.743841
v -0.196650 0.049181 0.743801
v -0.202312 0.054322 0.742429
v -0.205401 0.061984 0.742144
v -0.201234 0.068960 0.741487
v -0.194350 0.069819 0.742284
v -0.165198 0.141379 0.751938
v -0.161245 0.136282 0.750944
v -0.162178 0.129873 0.750273
v -0.166559 0.125957 0.749907
v -0.172186 0.124730 0.749784
v -0.177844 0.125503 0.750178
v -0.182633 0.130086 0.750745
v -0.182209 0.136816 0.751755
v -0.177859 0.141982 0.752277
v -0.171300 0.143772 0.752861
v -0.198144 0.089903 0.687197
v -0.198486 0.083859 0.692076
v -0.199105 0.089629 0.699205
v -0.196421 0.096938 0.693008
v -0.197670 0.084763 0.687501
v -0.198637 0.084332 0.697523
v -0.196108 0.096487 0.697803
v -0.196280 0.095427 0.687785
v -0.206572 0.056532 0.769556
v -0.207869 0.063414 0.760471
v -0.208203 0.072072 0.766546
v -0.210196 0.074075 0.773881
v -0.205969 0.056756 0.761324
v -0.205204 0.069700 0.760290
v -0.207520 0.081936 0.763053
v -0.201708 0.061946 0.691019
v -0.201763 0.055663 0.695468
v -0.203172 0.063174 0.700538
v -0.199649 0.068527 0.695740
v -0.201241 0.056470 0.691008
v -0.202921 0.056460 0.699074
v -0.201094 0.067995 0.699956
v -0.199888 0.067084 0.692831
v -0.203719 0.062042 0.720143
v -0.204180 0.056463 0.723741
v -0.205543 0.062472 0.727969
v -0.201055 0.067477 0.723703
v -0.200726 0.066793 0.720479
v -0.203438 0.056705 0.720209
v -0.205523 0.057069 0.727367
v -0.202597 0.067162 0.727448
v -0.197463 0.091210 0.716633
v -0.198143 0.083781 0.720928
v -0.199756 0.091103 0.726192
v -0.193469 0.097086 0.722275
v -0.193567 0.096087 0.717597
v -0.197805 0.085416 0.716703
v -0.199972 0.084535 0.724920
v -0.194828 0.097072 0.725713
v -0.205385 0.092943 0.755340
v -0.208122 0.087171 0.762921
v -0.210222 0.086907 0.771701
v -0.204617 0.097754 0.763756
v -0.207015 0.098213 0.772616
v -0.201720 0.097298 0.756032
v -0.205825 0.087123 0.755968
v -0.202116 0.101713 0.764019
v -0.191003 0.112093 0.692902
v -0.191400 0.107610 0.696354
v -0.190741 0.112432 0.701518
v -0.188662 0.117013 0.697760
v -0.188427 0.116975 0.693573
v -0.190931 0.108715 0.693449
v -0.191082 0.108069 0.700368
v -0.188539 0.116535 0.701518
v -0.191671 0.112386 0.720397
v -0.193033 0.106758 0.726197
v -0.193809 0.113037 0.730620
v -0.188435 0.118878 0.724834
v -0.188267 0.117834 0.721520
v -0.191884 0.107817 0.721066
v -0.193827 0.107652 0.729482
v -0.189594 0.119288 0.729934
v -0.180047 0.136563 0.711243
v -0.181313 0.132514 0.715006
v -0.180638 0.136138 0.721273
v -0.177989 0.141307 0.715583
v -0.178095 0.140780 0.712204
v -0.180759 0.132842 0.711537
v -0.181185 0.133447 0.719939
v -0.178372 0.140463 0.720703
v -0.180707 0.137527 0.738016
v -0.183114 0.131927 0.741841
v -0.181948 0.137402 0.747066
v -0.178753 0.142396 0.743255
v -0.178597 0.141267 0.739573
v -0.182036 0.133267 0.738214
v -0.183032 0.133721 0.746574
v -0.180235 0.140592 0.746857
v -0.202871 0.109678 0.773954
v -0.199966 0.109626 0.765278
v -0.197289 0.115900 0.759287
v -0.195857 0.120117 0.767977
v -0.197531 0.120039 0.776706
v -0.194049 0.120377 0.761656
v -0.197133 0.109594 0.758837
v -0.189641 0.130403 0.781785
v -0.186433 0.129994 0.775553
v -0.184195 0.134889 0.772152
v -0.182872 0.140113 0.779747
v -0.183119 0.139773 0.786555
v -0.184133 0.129422 0.770820
v -0.182232 0.140186 0.773821
v -0.188207 0.125524 0.773163
v -0.211221 0.086633 0.782669
v -0.208956 0.098052 0.782677
v -0.205114 0.109267 0.783839
v -0.199120 0.120036 0.786960
v -0.192640 0.129674 0.789982
v -0.182877 0.139244 0.794675
v -0.152364 0.007386 0.817490
v -0.162873 0.008466 0.813057
v -0.155796 0.004930 0.810852
v -0.151820 0.005310 0.812654
v -0.160124 0.006548 0.808854
v -0.144712 0.034059 0.835350
v -0.149424 0.026027 0.840211
v -0.166995 0.019772 0.839942
v -0.184012 0.027309 0.830798
v -0.192069 0.036825 0.822939
v -0.200581 0.045660 0.813111
v -0.205845 0.054680 0.804410
v -0.209249 0.062743 0.797848
v -0.210960 0.068194 0.792592
v -0.209043 0.102585 0.807022
v -0.210031 0.098990 0.819733
v -0.210803 0.095631 0.832166
v -0.210952 0.093824 0.844322
v -0.140500 -0.005654 0.790537
v -0.142772 -0.008107 0.785330
v -0.150083 -0.006850 0.786593
v -0.147774 -0.005669 0.793095
v -0.142895 -0.004879 0.794059
v -0.152224 -0.005490 0.789866
v -0.147537 -0.007886 0.783521
v -0.138391 -0.006717 0.786139
v -0.153379 0.010086 0.825438
v -0.155225 0.014988 0.833492
v -0.158040 0.020868 0.841260
v -0.161887 0.026824 0.849811
v -0.166144 0.033191 0.858029
v -0.185936 0.035891 0.852245
v -0.181462 0.028871 0.844045
v -0.176221 0.021940 0.836195
v -0.171658 0.015490 0.828901
v -0.167922 0.010723 0.820857
v -0.157508 0.020540 0.787902
v -0.161279 0.015203 0.788774
v -0.161925 0.009219 0.792109
v -0.159222 0.003341 0.796736
v -0.152868 0.000070 0.801310
v -0.145969 0.002580 0.804212
v -0.140717 0.008839 0.803651
v -0.140814 0.015639 0.798975
v -0.143887 0.020972 0.793673
v -0.150519 0.022462 0.789771
v -0.193409 0.152670 1.329767
v -0.193851 0.153931 1.308980
v -0.192111 0.152798 1.287050
v -0.189736 0.149007 1.266819
v -0.186951 0.146339 1.245811
v -0.187522 0.146141 1.227045
v -0.185685 0.143841 1.210563
v -0.182186 0.140630 1.196478
v -0.181905 0.140014 1.183756
v -0.181787 0.138989 1.159256
v -0.180514 0.137223 1.148569
v -0.234460 0.083819 1.161649
v -0.226291 0.104549 1.163725
v -0.211811 0.119017 1.166261
v -0.194577 0.127651 1.169197
v -0.182368 0.140279 1.171584
v -0.167792 0.144507 1.172805
v -0.152257 0.139860 1.171499
v -0.140888 0.125972 1.168008
v -0.130488 0.109600 1.165113
v -0.121530 0.091744 1.162866
v -0.119968 0.071066 1.160565
v -0.125031 0.052614 1.158260
v -0.139142 0.040575 1.156259
v -0.218327 0.044738 1.156779
v -0.231775 0.060931 1.159501
v -0.199746 0.096894 0.750621
v -0.201930 0.092608 0.745750
v -0.203734 0.086818 0.750074
v -0.198965 0.096406 0.746868
v -0.202970 0.087359 0.745939
v -0.197934 0.101081 0.757097
v -0.195953 0.104807 0.758680
v -0.204403 0.081209 0.757275
v -0.204277 0.074105 0.759491
v -0.203526 0.068217 0.753969
v -0.205502 0.062573 0.748531
v -0.204964 0.057382 0.755203
v -0.204421 0.057771 0.749974
v -0.203743 0.067094 0.748780
v -0.201505 0.052104 0.761765
v -0.195461 0.048606 0.760190
v -0.195430 0.109960 0.753009
v -0.194392 0.116517 0.749961
v -0.192290 0.120445 0.755876
v -0.194939 0.110859 0.748927
v -0.191589 0.120270 0.751931
v -0.189139 0.122027 0.764777
v -0.185136 0.124670 0.768847
v -0.183290 0.129704 0.766271
v -0.182913 0.135506 0.763918
v -0.181467 0.140030 0.769020
v -0.181165 0.139598 0.765275
v -0.183270 0.131139 0.762870
v -0.177029 0.143308 0.770165
v -0.170696 0.143674 0.771289
v -0.179384 0.125860 0.758745
v -0.179568 0.125723 0.761513
v -0.182980 0.121676 0.758487
v -0.182500 0.122192 0.751004
v -0.189323 0.102915 0.745900
v -0.189233 0.102606 0.749830
v -0.189918 0.099960 0.749537
v -0.189331 0.099551 0.745770
v -0.196122 0.079145 0.745269
v -0.197408 0.078413 0.750627
v -0.197026 0.071140 0.752081
v -0.196969 0.070132 0.746201
v -0.165071 0.141398 0.756010
v -0.160991 0.136002 0.755297
v -0.161756 0.129411 0.754105
v -0.166561 0.125628 0.753370
v -0.172371 0.124570 0.753053
v -0.178190 0.125605 0.752270
v -0.182672 0.130108 0.752123
v -0.182278 0.136669 0.754335
v -0.177755 0.141862 0.755445
v -0.171331 0.143783 0.755828
v -0.188241 0.119968 0.735506
v -0.193933 0.113488 0.735204
v -0.192327 0.105514 0.734872
v -0.186936 0.100900 0.735026
v -0.180379 0.100370 0.735730
v -0.175375 0.102888 0.736237
v -0.172610 0.107493 0.736673
v -0.172451 0.112863 0.736901
v -0.175285 0.117531 0.736204
v -0.180664 0.120545 0.735670
v -0.192151 0.098328 0.733107
v -0.200085 0.092042 0.731745
v -0.199202 0.082030 0.731483
v -0.192544 0.078050 0.732753
v -0.185831 0.077594 0.734195
v -0.179889 0.080444 0.734850
v -0.176589 0.085176 0.735262
v -0.176313 0.090440 0.735097
v -0.179522 0.095556 0.735081
v -0.184998 0.098328 0.734141
v -0.200757 0.069438 0.735495
v -0.205812 0.062039 0.736413
v -0.203481 0.053481 0.736209
v -0.197107 0.049025 0.737350
v -0.189784 0.048325 0.737389
v -0.183485 0.051729 0.738743
v -0.180243 0.057902 0.739637
v -0.180178 0.065483 0.737781
v -0.186779 0.070011 0.735897
v -0.193512 0.070043 0.735807
v -0.167709 0.124948 0.727336
v -0.162948 0.129736 0.728834
v -0.162467 0.136296 0.728542
v -0.166303 0.141145 0.729066
v -0.171745 0.142637 0.729189
v -0.176509 0.140909 0.729068
v -0.179968 0.136870 0.729769
v -0.180102 0.131567 0.727887
v -0.177932 0.127001 0.727102
v -0.173647 0.124765 0.726527
v -0.189538 0.106961 0.710210
v -0.186223 0.101655 0.710339
v -0.179713 0.099777 0.710272
v -0.175481 0.102701 0.708443
v -0.173452 0.108222 0.708852
v -0.173173 0.112938 0.710262
v -0.175401 0.118051 0.711717
v -0.180111 0.119901 0.711280
v -0.185602 0.118463 0.710094
v -0.189970 0.113630 0.710537
v -0.180645 0.081310 0.705081
v -0.185158 0.077937 0.705192
v -0.191071 0.077868 0.707294
v -0.195901 0.081671 0.707092
v -0.198280 0.089932 0.708838
v -0.192973 0.097125 0.707387
v -0.187204 0.098466 0.709013
v -0.182590 0.096690 0.706709
v -0.178806 0.092367 0.705853
v -0.177540 0.086356 0.706254
v -0.201042 0.054156 0.713118
v -0.195478 0.049676 0.713066
v -0.188817 0.049363 0.713074
v -0.183403 0.052653 0.712778
v -0.180768 0.058399 0.712799
v -0.181451 0.064691 0.712920
v -0.185715 0.069283 0.713038
v -0.191587 0.070724 0.713634
v -0.197834 0.068614 0.713641
v -0.203078 0.061739 0.713321
v -0.179766 0.081399 0.681889
v -0.183666 0.078625 0.678986
v -0.188735 0.078624 0.676931
v -0.193854 0.081750 0.675882
v -0.196977 0.089308 0.676668
v -0.193814 0.096783 0.676595
v -0.188354 0.099163 0.677700
v -0.182518 0.098156 0.679392
v -0.178011 0.093034 0.683221
v -0.177272 0.086783 0.682958
v -0.176589 0.101796 0.682339
v -0.181151 0.099668 0.682692
v -0.186423 0.100828 0.683120
v -0.190496 0.105357 0.681763
v -0.190831 0.111407 0.682498
v -0.187916 0.117597 0.682611
v -0.182694 0.119904 0.682729
v -0.177623 0.118371 0.682690
v -0.174242 0.113638 0.682607
v -0.173621 0.106603 0.682724
v -0.147135 -0.011273 0.771377
v -0.138425 -0.011422 0.777563
v -0.130797 -0.007396 0.777017
v -0.126838 -0.002850 0.775207
v -0.127588 0.003442 0.773406
v -0.133101 0.008678 0.770367
v -0.140422 0.010017 0.766986
v -0.146352 0.006775 0.763863
v -0.150903 0.000599 0.763945
v -0.150835 -0.006879 0.766456
v -0.147644 0.017543 0.782931
v -0.154056 0.015000 0.780221
v -0.158013 0.009340 0.780130
v -0.158923 0.003824 0.784424
v -0.156980 -0.001043 0.790785
v -0.150565 -0.003263 0.796454
v -0.142344 -0.001494 0.798392
v -0.136538 0.004938 0.795945
v -0.137215 0.011611 0.791602
v -0.141609 0.016030 0.786955
v 0.000162 -0.041020 1.415428
v 0.000206 -0.028075 1.436333
v 0.000227 -0.022594 1.450460
v 0.000240 -0.013866 1.462124
v 0.000192 -0.033860 1.425399
v 0.033339 -0.040385 1.424022
v 0.049046 -0.038996 1.429220
v 0.078286 -0.032815 1.434506
v 0.035086 -0.027846 1.456486
v 0.041538 -0.033317 1.442317
v 0.071842 -0.027478 1.446877
v 0.064920 -0.023936 1.460463
v 0.017817 -0.027401 1.453541
v 0.022352 -0.032716 1.436709
v 0.088955 -0.015302 1.465111
v 0.089554 0.001074 1.474970
v 0.099255 0.009994 1.478287
v 0.108038 0.019053 1.485514
v 0.114322 0.029872 1.494245
v 0.057364 -0.016694 1.469743
v 0.079576 -0.006496 1.472439
v 0.030112 -0.019697 1.467322
v 0.015199 -0.018444 1.465427
v 0.018889 -0.042503 1.418355
v 0.014846 -0.035591 1.426334
v -0.088515 -0.015329 1.465120
v -0.064477 -0.024093 1.460472
v -0.071372 -0.027550 1.446933
v -0.079131 -0.006534 1.472439
v -0.056921 -0.016804 1.469744
v -0.098810 0.009990 1.478287
v -0.107594 0.019055 1.485515
v -0.089109 0.001063 1.474971
v -0.029666 -0.019934 1.467324
v -0.034642 -0.028083 1.456493
v -0.014753 -0.018671 1.465432
v -0.017374 -0.027564 1.453553
v -0.041094 -0.033474 1.442340
v -0.048671 -0.039038 1.429209
v -0.021942 -0.032806 1.436715
v -0.032902 -0.040405 1.424027
v -0.018489 -0.042519 1.418362
v -0.014451 -0.035629 1.426335
v 0.063802 -0.036610 1.432585
v 0.057483 -0.030911 1.444975
v 0.050765 -0.025893 1.458083
v 0.044343 -0.019084 1.468540
v -0.063406 -0.036646 1.432582
v -0.057044 -0.031104 1.445004
v -0.050322 -0.026131 1.458088
v -0.043899 -0.019247 1.468540
v 0.084687 -0.023696 1.448953
v 0.077090 -0.020368 1.462680
v 0.068920 -0.012379 1.470785
v -0.084231 -0.023680 1.449012
v -0.076647 -0.020460 1.462693
v -0.068475 -0.012455 1.470785
v 0.165822 0.118981 0.918972
v 0.178055 0.122702 0.919478
v 0.190524 0.119857 0.919254
v 0.200530 0.111485 0.918351
v 0.206972 0.099923 0.917410
v 0.000221 0.000855 1.493076
v 0.000228 -0.001203 1.482974
v 0.065809 0.017535 1.497066
v 0.023911 -0.005698 1.493729
v 0.059043 0.010656 1.494623
v 0.079808 0.022398 1.491803
v 0.072470 0.014451 1.487932
v 0.025243 -0.008284 1.484642
v 0.087055 0.030933 1.497320
v 0.064459 0.007819 1.484887
v 0.046511 -0.002138 1.482543
v 0.042882 0.000786 1.492992
v 0.012850 -0.001762 1.493319
v 0.013608 -0.005088 1.484103
v -0.079365 0.022420 1.491803
v -0.086612 0.030951 1.497319
v -0.072025 0.014457 1.487932
v -0.065364 0.017532 1.497066
v -0.058599 0.010644 1.494623
v -0.064015 0.007809 1.484887
v -0.046067 -0.002201 1.482542
v -0.042438 0.000746 1.492991
v -0.012394 -0.001986 1.493324
v -0.023467 -0.005856 1.493728
v -0.024796 -0.008480 1.484645
v -0.013159 -0.005332 1.484106
v 0.036072 -0.005421 1.483245
v 0.034215 -0.003869 1.493276
v -0.035627 -0.005531 1.483245
v -0.033774 -0.003944 1.493271
v 0.055681 0.002414 1.482976
v 0.051075 0.005184 1.493258
v -0.055237 0.002378 1.482975
v -0.050632 0.005155 1.493258
v 0.103619 0.034625 1.499587
v 0.096489 0.026287 1.490924
v 0.088891 0.017094 1.485411
v 0.080444 0.009032 1.481184
v 0.071446 0.002131 1.477952
v 0.061719 -0.003481 1.475683
v 0.051260 -0.007904 1.475033
v 0.039492 -0.010183 1.474719
v 0.026875 -0.010877 1.475178
v 0.014115 -0.010693 1.475177
v 0.000234 -0.006262 1.472581
v -0.013669 -0.010936 1.475169
v -0.026430 -0.011094 1.475179
v -0.039047 -0.010345 1.474719
v -0.050817 -0.007997 1.475033
v -0.061275 -0.003541 1.475683
v -0.071002 0.002096 1.477952
v -0.079999 0.009028 1.481184
v -0.088448 0.017113 1.485411
v -0.096046 0.026309 1.490924
v -0.103175 0.034630 1.499587
v 0.000169 0.071387 1.496724
v 0.041479 0.049145 1.487446
v 0.029797 0.032938 1.476330
v 0.068334 0.013419 1.499747
v 0.094529 0.005603 1.490396
v -0.000971 0.008796 1.457516
v 0.014974 0.018151 1.466827
v 0.024875 -0.036285 1.448907
v 0.000584 0.178832 1.440384
v 0.000583 0.187392 1.360851
v 0.002273 -0.068191 1.386521
v 0.001940 -0.087876 1.340153
v 0.001914 -0.097558 1.292290
v 0.035790 -0.099365 1.291714
v 0.035673 -0.090301 1.340561
v 0.042288 -0.047313 1.425514
v 0.072990 -0.024003 1.460831
v 0.072794 -0.090158 1.293447
v 0.001267 -0.099823 1.237025
v 0.034624 -0.101948 1.240225
v 0.003320 -0.095745 1.179508
v 0.034521 -0.088448 1.179697
v 0.003578 -0.092082 1.119022
v 0.067393 -0.087378 1.176520
v 0.069578 -0.088756 1.240637
v 0.160059 -0.024561 1.346922
v 0.108322 -0.072767 1.295304
v 0.169068 0.069180 1.293694
v 0.162648 0.072835 1.345285
v 0.164002 0.015487 1.369468
v 0.163896 0.110621 1.295582
v 0.136920 0.095553 1.139520
v 0.033236 0.155342 1.178434
v 0.032423 0.160124 1.216128
v 0.000122 0.158378 1.176483
v 0.032472 0.152260 1.113417
v -0.000147 0.155274 1.088999
v -0.000378 0.163899 1.213552
v 0.035512 0.169603 1.262959
v 0.000683 0.174057 1.261152
v 0.041026 0.189838 1.360712
v 0.125415 0.185496 1.369859
v 0.000442 0.157473 1.068207
v 0.003778 0.164074 1.021306
v 0.047548 0.155045 1.067696
v 0.051299 0.156803 1.020194
v 0.145638 0.094146 1.069241
v 0.164485 0.103654 1.023519
v 0.180362 0.111135 0.968065
v 0.054575 0.166394 0.959789
v 0.184557 0.064504 1.017043
v 0.199760 0.074175 0.966133
v 0.145939 -0.056223 1.046529
v 0.102977 -0.072903 1.112983
v 0.095603 -0.066373 1.171239
v 0.102002 -0.072633 1.240343
v 0.159504 0.103023 1.351700
v 0.176916 0.102655 1.358623
v 0.174892 0.076049 1.361551
v 0.130494 0.105477 1.362657
v 0.175419 0.077633 1.355931
v 0.157443 0.034631 1.375535
v 0.181858 0.034282 1.378321
v 0.094347 0.072442 1.307596
v 0.122307 0.041101 1.302596
v 0.205175 0.001328 1.413389
v 0.201981 0.008778 1.396409
v 0.216985 0.008741 1.433553
v 0.228429 0.007844 1.419486
v 0.186312 -0.009831 1.423333
v 0.200551 -0.003322 1.444671
v 0.228454 0.018244 1.451212
v 0.211881 0.010132 1.463954
v 0.241955 0.025756 1.438414
v 0.163850 0.010307 1.302655
v 0.192774 0.012142 1.301606
v 0.161882 -0.026347 1.427572
v 0.095472 0.101745 1.307005
v 0.138992 0.152255 1.367369
v 0.136268 0.151191 1.306356
v 0.092027 0.067858 1.268485
v 0.091288 0.095851 1.268317
v 0.132494 0.148361 1.268480
v 0.205246 0.161192 1.386514
v 0.193663 0.161586 1.304392
v 0.184430 0.156071 1.382300
v 0.211262 0.165182 1.423446
v 0.117892 0.037496 1.267693
v 0.163578 0.013468 1.263430
v 0.116601 0.034610 1.227938
v 0.190163 0.013186 1.263441
v 0.092634 0.063532 1.229152
v 0.096859 0.065249 1.228738
v 0.090440 0.091375 1.229095
v 0.094135 0.090873 1.229432
v 0.171259 0.159713 1.388585
v 0.172312 0.179104 1.450627
v 0.196008 0.170699 1.438184
v 0.157976 0.172972 1.376726
v 0.128912 0.181857 1.452040
v 0.200963 0.125348 1.495798
v 0.042228 0.181564 1.442888
v 0.200200 0.040564 1.495974
v 0.227457 0.127391 1.470450
v 0.239251 0.123806 1.451297
v 0.230379 0.084349 1.477347
v 0.242083 0.089372 1.455478
v 0.239162 0.047688 1.456100
v 0.225284 0.042715 1.477793
v 0.248126 0.123149 1.437898
v 0.231919 0.116234 1.302396
v 0.252059 0.091024 1.444501
v 0.237844 0.087695 1.303319
v 0.120252 -0.035460 1.424521
v 0.173739 -0.014608 1.456953
v 0.127749 -0.014259 1.460151
v 0.188327 0.003632 1.475965
v 0.138670 0.005456 1.486201
v 0.187240 -0.027044 0.887585
v 0.000231 0.052470 1.021200
v 0.188487 0.075446 0.897586
v 0.195330 0.075234 0.899554
v 0.190442 -0.029160 0.889061
v 0.173144 0.105421 0.899436
v 0.178194 0.109002 0.901209
v 0.053690 0.174844 0.901524
v 0.054056 0.177623 0.901544
v 0.002943 0.174216 0.902598
v 0.003235 0.178473 0.902834
v 0.001050 0.168596 0.959611
v 0.169467 -0.062172 0.936846
v 0.128344 -0.099981 0.884006
v 0.000900 -0.124637 0.883519
v 0.003038 -0.118543 0.932109
v 0.003947 -0.103256 0.984293
v 0.004049 -0.092423 1.045733
v -0.000913 -0.117450 0.884712
v 0.051091 -0.107060 0.883816
v 0.126307 -0.094969 0.883966
v 0.080547 -0.086193 1.044577
v 0.068738 -0.079806 1.116995
v 0.159205 -0.061106 0.994186
v 0.052145 -0.013933 1.476577
v 0.219601 0.026315 1.302716
v 0.215673 0.027195 1.264830
v 0.230629 0.054915 1.265049
v 0.233814 0.056655 1.303928
v 0.234965 0.086068 1.263820
v 0.250415 0.050259 1.443730
v 0.217358 0.060994 1.277363
v 0.222374 0.085047 1.276835
v 0.208245 0.043520 1.277251
v 0.184571 0.031203 1.276230
v 0.160117 0.030357 1.276225
v 0.122293 0.046822 1.278664
v 0.218084 0.109804 1.275560
v 0.129098 0.143121 1.226608
v 0.178512 0.142010 1.274417
v 0.229719 0.116249 1.262460
v 0.187954 0.155577 1.264365
v 0.110072 0.072956 1.279045
v 0.109615 0.093744 1.278894
v -0.000244 -0.047615 1.425537
v 0.160753 0.158676 1.266315
v 0.166225 0.160564 1.305592
v 0.180419 0.164306 1.377440
v 0.196274 0.164491 1.404055
v 0.183826 0.170308 1.414143
v 0.159712 0.180108 1.419576
v 0.125509 0.188313 1.408461
v 0.041976 0.189497 1.399608
v 0.001020 0.185693 1.400358
v 0.132590 -0.082836 0.986222
v 0.144423 -0.087414 0.935505
v 0.156863 -0.082596 0.887124
v 0.193679 -0.007291 0.945229
v 0.198929 0.006156 0.891422
v 0.087838 0.139206 1.071599
v 0.097497 0.146634 1.021463
v 0.104968 0.158409 0.960506
v 0.101563 0.162040 0.900057
v 0.100778 0.159130 0.900594
v 0.117826 -0.074682 1.042100
v 0.154943 -0.030643 1.048141
v 0.166521 0.004182 1.052428
v 0.169249 0.003972 1.051314
v 0.189510 0.035551 1.010743
v 0.166657 0.058626 1.055166
v 0.121902 -0.049458 1.114129
v 0.128056 -0.044033 1.173260
v 0.124870 -0.042085 1.236620
v 0.139860 -0.046906 1.295851
v 0.156200 0.058392 1.130806
v 0.212277 0.144407 1.263895
v 0.215320 0.145915 1.303680
v 0.233079 0.149638 1.410637
v 0.226948 0.149481 1.439790
v 0.213881 0.158642 1.458170
v 0.186794 0.163342 1.478018
v 0.140398 0.165846 1.489054
v 0.041616 0.166592 1.479878
v 0.001190 0.164135 1.477248
v 0.203761 0.134832 1.275085
v 0.080576 -0.042257 1.425077
v 0.101948 0.047222 1.229276
v 0.101666 0.051054 1.267820
v 0.106963 0.055480 1.303761
v 0.185082 0.053433 1.361593
v 0.175804 0.053992 1.367014
v 0.165989 0.043918 1.349389
v 0.168034 0.026977 1.300759
v 0.155046 0.023173 1.257509
v 0.156177 0.008436 1.222588
v 0.146327 0.009431 1.169132
v 0.158131 0.000885 1.117844
v 0.135179 0.021696 1.266791
v 0.135884 0.021669 1.301957
v 0.175606 0.016201 1.383178
v 0.192218 0.015627 1.392651
v 0.106623 0.123297 1.227738
v 0.108529 0.123692 1.266802
v 0.110337 0.131561 1.305193
v 0.149652 0.130020 1.363568
v 0.183754 0.133885 1.366831
v 0.162138 0.141674 1.367538
v 0.153302 0.154791 1.331554
v 0.107075 0.124870 1.181736
v 0.114640 0.120067 1.141570
v 0.121058 0.118819 1.073287
v 0.136503 0.129949 1.024080
v 0.151265 0.139979 0.964077
v 0.144139 0.141000 0.899902
v 0.103838 0.050995 1.229172
v 0.113658 0.057704 1.279332
v 0.136518 0.037719 1.276148
v 0.110241 0.121146 1.227665
v 0.240827 0.055015 1.351083
v 0.226111 0.027753 1.352811
v 0.201070 0.012772 1.349538
v 0.172370 0.011099 1.347249
v 0.144923 0.023939 1.345086
v 0.126462 0.037925 1.345231
v 0.127800 0.057695 1.344532
v 0.106036 0.076351 1.343784
v 0.093833 0.104869 1.341578
v 0.112303 0.133206 1.338600
v 0.135541 0.148991 1.339951
v 0.168837 0.166775 1.343963
v 0.194663 0.159561 1.344193
v 0.219362 0.146950 1.347450
v 0.234473 0.118100 1.343900
v 0.241946 0.089208 1.346941
v 0.152821 0.141000 1.276245
v 0.115170 0.114046 1.277644
v 0.130435 0.130632 1.276212
v 0.167960 0.058015 1.054035
v 0.182454 0.067961 1.018425
v 0.197712 0.076220 0.965843
v 0.141464 0.138220 0.899666
v 0.160378 -0.029374 1.049088
v 0.187660 -0.004633 1.003313
v 0.203998 0.042495 0.961237
v 0.200119 0.045270 0.896289
v -0.039291 0.049610 1.490204
v -0.029290 0.037268 1.475917
v -0.071568 0.009143 1.495428
v -0.101874 0.005316 1.487217
v -0.013812 0.020269 1.462760
v -0.029293 -0.036141 1.446174
v -0.035737 -0.098910 1.292612
v -0.036890 -0.050918 1.418832
v -0.078111 -0.026530 1.456688
v -0.078566 -0.088412 1.291988
v -0.041543 -0.096536 1.183234
v -0.026284 -0.088123 1.118997
v -0.075137 -0.075411 1.181629
v -0.077154 -0.084591 1.238380
v -0.110563 -0.069147 1.292390
v -0.165113 0.079149 1.256579
v -0.171391 0.081923 1.294014
v -0.178061 0.085956 1.338377
v -0.167191 0.018535 1.375629
v -0.135015 0.131652 1.263273
v -0.162189 0.132517 1.301595
v -0.147533 0.063712 1.215611
v -0.132246 0.116241 1.212420
v -0.145215 0.059421 1.171378
v -0.125040 0.118823 1.175339
v -0.027718 0.157371 1.175850
v -0.027327 0.160555 1.212280
v -0.028694 0.144375 1.135069
v -0.028522 0.169303 1.262458
v -0.035245 0.187837 1.360912
v -0.035840 0.153498 1.070862
v -0.041653 0.154987 1.018943
v -0.046988 0.165593 0.960415
v -0.147700 -0.048706 1.051314
v -0.107898 -0.058841 1.127615
v -0.108198 -0.066124 1.187812
v -0.104938 -0.065608 1.235737
v -0.171452 0.117974 1.344071
v -0.164868 0.116072 1.361657
v -0.164722 0.084001 1.359960
v -0.152325 0.114858 1.357874
v -0.177813 0.085651 1.354287
v -0.155950 0.040708 1.372257
v -0.179601 0.035610 1.377947
v -0.095050 0.081330 1.289954
v -0.117049 0.038414 1.288730
v -0.200398 0.005960 1.413449
v -0.190536 0.016113 1.385529
v -0.210758 0.000378 1.435752
v -0.224606 0.012214 1.408505
v -0.181275 -0.004620 1.422489
v -0.195060 -0.003366 1.445443
v -0.221709 0.016550 1.454717
v -0.209212 0.008907 1.466825
v -0.242522 0.026738 1.427882
v -0.163312 0.011994 1.286186
v -0.191116 0.014829 1.285132
v -0.164116 -0.024255 1.423606
v -0.103106 0.109056 1.292026
v -0.154764 0.161224 1.370017
v -0.144602 0.152646 1.294970
v -0.091214 0.075183 1.248474
v -0.097939 0.104316 1.248141
v -0.137832 0.149824 1.249823
v -0.213602 0.163816 1.394294
v -0.191853 0.158517 1.291261
v -0.187284 0.161637 1.387179
v -0.208828 0.165569 1.427131
v -0.118099 0.034666 1.244925
v -0.163610 0.014683 1.242587
v -0.121728 0.028418 1.209443
v -0.163650 0.018011 1.204847
v -0.190237 0.017324 1.242577
v -0.191195 0.020351 1.203853
v -0.091931 0.068712 1.211784
v -0.097211 0.069543 1.211138
v -0.123977 0.030857 1.210093
v -0.091297 0.098411 1.211689
v -0.097512 0.097844 1.211988
v -0.169164 0.162455 1.393551
v -0.158054 0.177986 1.459698
v -0.194688 0.169670 1.442442
v -0.144178 0.179932 1.380827
v -0.121499 0.179726 1.452692
v -0.036951 0.181979 1.442247
v -0.202050 0.040041 1.496088
v -0.221310 0.128987 1.474323
v -0.235373 0.126955 1.455989
v -0.227798 0.081239 1.480793
v -0.241263 0.081140 1.463953
v -0.237013 0.042958 1.468223
v -0.222110 0.041792 1.483193
v -0.244468 0.118670 1.401320
v -0.233837 0.116187 1.290459
v -0.252058 0.081890 1.420260
v -0.239308 0.083532 1.292273
v -0.130156 -0.035675 1.418999
v -0.176300 -0.008488 1.456372
v -0.134462 -0.015667 1.457453
v -0.190972 0.005290 1.476703
v -0.145186 0.004288 1.487301
v -0.178936 -0.050471 0.888051
v -0.182700 -0.054245 0.888310
v -0.050488 0.171502 0.904345
v -0.052021 0.175907 0.904872
v -0.174571 -0.065110 0.941371
v -0.120391 -0.114193 0.935253
v -0.131537 -0.107019 0.883488
v -0.040736 -0.120191 0.931068
v -0.099554 -0.101879 0.990312
v -0.034228 -0.100606 0.986414
v -0.046666 -0.126507 0.883277
v -0.028226 -0.087409 1.045910
v -0.089745 -0.108892 0.883295
v -0.131058 -0.102252 0.884299
v -0.077796 -0.094701 1.047744
v -0.091003 -0.082421 1.122234
v -0.155458 -0.066376 0.995480
v -0.055246 -0.019360 1.472337
v -0.216726 0.031826 1.286931
v -0.214717 0.031924 1.244064
v -0.230120 0.053388 1.247123
v -0.231029 0.055094 1.290276
v -0.216467 0.034711 1.204365
v -0.231634 0.058211 1.205816
v -0.233947 0.083743 1.246262
v -0.251584 0.047854 1.426530
v -0.235482 0.087522 1.205985
v -0.227694 0.059652 1.203263
v -0.230814 0.087573 1.205121
v -0.221508 0.059126 1.271997
v -0.226554 0.083770 1.272129
v -0.214060 0.037967 1.203429
v -0.212650 0.038463 1.271953
v -0.191318 0.024447 1.203055
v -0.186044 0.025938 1.272042
v -0.164188 0.021238 1.204719
v -0.158125 0.026546 1.273615
v -0.122417 0.043145 1.280734
v -0.220956 0.114108 1.273457
v -0.222198 0.112665 1.207794
v -0.226302 0.113480 1.207855
v -0.186148 0.143614 1.208811
v -0.188472 0.148545 1.208843
v -0.131817 0.142982 1.211910
v -0.135828 0.138569 1.211885
v -0.182473 0.145782 1.276770
v -0.228111 0.113105 1.244895
v -0.186342 0.155796 1.248161
v -0.107598 0.070607 1.282696
v -0.108572 0.098090 1.283464
v -0.158763 0.151104 1.211373
v -0.161705 0.156886 1.249059
v -0.166806 0.160370 1.293587
v -0.191660 0.167362 1.381681
v -0.192713 0.163897 1.407768
v -0.180376 0.171604 1.417111
v -0.144942 0.180933 1.419184
v -0.116796 0.186182 1.407941
v -0.036633 0.188485 1.401418
v -0.161606 0.147214 1.210493
v -0.053904 -0.091280 1.121784
v -0.055226 -0.090574 1.045641
v -0.097354 -0.088632 1.049550
v -0.128994 -0.088579 0.994017
v -0.147958 -0.094495 0.937136
v -0.160718 -0.088525 0.885772
v -0.174015 -0.042900 0.998635
v -0.194978 -0.030355 0.946676
v -0.203766 -0.012306 0.891245
v -0.058660 0.151317 1.210875
v -0.059363 0.145161 1.176988
v -0.065307 0.144192 1.135365
v -0.077235 0.142521 1.070579
v -0.083231 0.141148 1.018912
v -0.100557 0.154122 0.960672
v -0.103440 0.164726 0.904134
v -0.099431 0.158934 0.905049
v -0.112516 -0.078055 1.047645
v -0.143442 -0.046533 1.050587
v -0.129114 -0.032317 1.118141
v -0.135632 -0.013745 1.175403
v -0.141581 -0.012856 1.223406
v -0.148455 -0.010070 1.270417
v -0.208542 0.134880 1.209387
v -0.213158 0.137761 1.247033
v -0.219552 0.141468 1.291780
v -0.227838 0.144206 1.384184
v -0.224464 0.152870 1.443359
v -0.210209 0.158341 1.459119
v -0.170151 0.164110 1.485066
v -0.128896 0.163340 1.488416
v -0.035260 0.165418 1.478675
v -0.205941 0.130887 1.208642
v -0.205719 0.135978 1.274615
v -0.083195 -0.045827 1.420272
v -0.102368 0.045283 1.210588
v -0.102822 0.044070 1.245689
v -0.104122 0.051862 1.290284
v -0.185481 0.059435 1.359041
v -0.170645 0.058310 1.367880
v -0.169463 0.048876 1.353942
v -0.171838 0.041977 1.303576
v -0.161498 0.034529 1.259739
v -0.150835 0.026319 1.219745
v -0.145394 0.017515 1.172651
v -0.151826 0.009841 1.117618
v -0.141377 0.021240 1.206604
v -0.137968 0.022858 1.243503
v -0.137250 0.020783 1.287506
v -0.177550 0.022169 1.379928
v -0.190731 0.017340 1.394153
v -0.109392 0.129017 1.211338
v -0.112524 0.128862 1.249527
v -0.118000 0.131533 1.293424
v -0.157653 0.137476 1.364044
v -0.176632 0.139755 1.366879
v -0.161200 0.143334 1.368266
v -0.143836 0.167068 1.334667
v -0.094925 0.141471 1.211501
v -0.092911 0.131248 1.175572
v -0.103832 0.122825 1.121881
v -0.105644 0.048255 1.210116
v -0.112626 0.052685 1.282023
v -0.143638 0.024106 1.206057
v -0.136356 0.037335 1.276276
v -0.115483 0.126017 1.211830
v -0.243640 0.054906 1.352973
v -0.227769 0.030906 1.344330
v -0.202949 0.015060 1.341529
v -0.165454 0.015242 1.330809
v -0.147274 0.020775 1.334022
v -0.121301 0.037946 1.333497
v -0.135515 0.056806 1.335372
v -0.121463 0.084385 1.333327
v -0.106317 0.113457 1.331057
v -0.124321 0.137653 1.329941
v -0.150087 0.153460 1.331832
v -0.171774 0.165964 1.335452
v -0.196517 0.160007 1.335371
v -0.222648 0.141969 1.334331
v -0.239243 0.117912 1.338592
v -0.249881 0.085604 1.355976
v -0.159592 0.145107 1.279760
v -0.114730 0.119960 1.284241
v -0.135971 0.134541 1.281804
v -0.160299 -0.015312 1.053281
v -0.186947 -0.003049 1.003933
v -0.205718 0.011022 0.952690
v -0.152823 -0.013616 1.051733
v -0.069859 -0.104081 0.989544
v -0.083317 -0.117484 0.933228
v -0.090663 -0.114192 0.883627
v -0.035164 -0.103190 1.238121
v 0.036734 -0.085888 1.118345
v 0.042360 -0.086794 1.046256
v 0.048509 -0.098681 0.983621
v 0.050981 -0.112254 0.932386
v 0.051367 -0.113465 0.882780
v 0.093592 -0.101028 0.985224
v 0.098316 -0.111291 0.934901
v 0.089616 -0.105659 0.882960
v 0.121075 -0.074505 1.042091
v 0.137257 -0.081312 0.985690
v 0.148867 -0.085234 0.935029
v 0.173924 -0.038643 0.997769
v 0.181734 -0.035242 0.939650
v -0.133285 -0.063456 1.049435
v 0.087685 -0.099866 0.882286
v 0.153820 -0.080398 0.886905
v 0.192685 0.006901 0.889443
v 0.194435 0.045351 0.894204
v -0.197721 -0.011074 0.890723
v -0.156748 -0.083348 0.885877
v -0.046350 -0.122352 0.883305
v 0.150734 0.055582 1.091666
v 0.130434 0.086572 1.113173
v 0.109031 0.110949 1.114163
v 0.038390 0.147420 1.091372
v 0.000182 0.144839 1.134660
v 0.004272 0.151670 1.055399
v -0.037230 0.145305 1.046957
v -0.082074 0.136566 1.041740
v 0.176548 -0.057687 0.889406
v 0.173697 -0.055735 0.888418
v -0.131484 -0.061799 1.050059
v -0.139445 -0.038757 1.148320
v -0.056725 -0.089818 1.238051
v -0.122533 -0.070180 1.083923
v -0.134603 -0.048711 1.082055
v -0.143425 -0.024042 1.083312
v -0.133892 -0.042256 1.066611
v -0.143393 -0.018157 1.065737
v -0.099116 0.127846 1.147289
v -0.117157 0.183959 1.368851
v -0.106646 0.161765 1.265402
v -0.120737 0.136475 1.212008
v -0.130346 0.089609 1.171481
v -0.143303 0.010159 1.135170
v -0.151989 0.011874 1.154655
v -0.077528 0.167344 1.482091
v -0.076697 0.181728 1.446260
v -0.077162 0.191242 1.403465
v -0.076249 0.189578 1.364008
v -0.062785 0.165984 1.263865
v -0.080031 0.145164 1.056869
v 0.085081 0.166644 1.485510
v 0.084727 0.183335 1.446172
v 0.084330 0.191304 1.402867
v 0.082237 0.188820 1.364332
v 0.075779 0.165711 1.267195
v 0.071335 0.149250 1.218765
v 0.071858 0.142312 1.180025
v 0.075637 0.144309 1.139439
v 0.079340 0.132166 1.108859
v 0.121229 0.153948 1.268733
v 0.141529 -0.052866 1.043203
v -0.021142 -0.057710 1.406149
v -0.001935 -0.044499 1.425101
v 0.033525 0.147314 1.136783
v -0.112088 0.123043 1.096315
v -0.111516 0.121897 1.085604
v -0.070926 0.135070 1.103812
v -0.242910 0.050823 1.451572
v -0.246165 0.081507 1.445131
v -0.244093 0.120920 1.440145
v -0.235298 0.145389 1.426477
v -0.243151 0.122053 1.445014
v -0.245917 0.079535 1.454399
v -0.240412 0.045344 1.459097
v 0.181538 0.010759 1.372420
v 0.206382 0.014451 1.370815
v 0.217165 0.006827 1.393337
v 0.238415 0.025936 1.396054
v 0.245252 0.053559 1.387996
v 0.242833 0.089006 1.373975
v 0.238693 0.117861 1.375259
v -0.146826 -0.025920 1.141030
v 0.066284 0.016285 1.498227
v 0.050363 -0.010308 1.475968
v 0.024074 -0.032192 1.450075
v -0.002023 -0.039671 1.425691
v -0.028059 -0.031936 1.446851
v -0.053277 -0.014921 1.472039
v -0.068825 0.012292 1.495098
v 0.069363 0.019657 1.490600
v 0.052449 -0.007997 1.467902
v 0.024997 -0.031118 1.442764
v -0.001922 -0.038129 1.419982
v -0.028874 -0.030377 1.439123
v -0.055121 -0.011779 1.464223
v -0.071634 0.015857 1.488058
v 0.175764 -0.003415 1.400427
v 0.156716 -0.039728 1.389232
v 0.116368 -0.059761 1.386263
v 0.077857 -0.069747 1.386648
v 0.038670 -0.069993 1.387132
v -0.036006 -0.069323 1.387084
v -0.081599 -0.066021 1.387400
v -0.124125 -0.055452 1.388990
v -0.172366 0.002502 1.402991
v 0.076211 -0.086665 1.341652
v 0.114803 -0.073927 1.341477
v -0.170615 0.003399 1.323075
v -0.118047 -0.072130 1.340791
v -0.081300 -0.086037 1.341423
v -0.035357 -0.092362 1.340122
v -0.126774 0.170111 1.327680
v -0.111254 0.174499 1.322699
v -0.072905 0.180214 1.319011
v -0.033740 0.181323 1.317797
v 0.000242 0.182242 1.315183
v 0.039670 0.181893 1.316518
v 0.080009 0.181111 1.319308
v 0.122243 0.173819 1.322782
v 0.165013 -0.006481 1.318557
v 0.151875 -0.009870 1.280549
v 0.150522 -0.016355 1.255841
v 0.146360 -0.016447 1.229610
v 0.137061 -0.016640 1.197430
v 0.138009 -0.019131 1.171811
v 0.142090 -0.024619 1.144588
v 0.142971 -0.026958 1.115284
v -0.156126 -0.033872 1.389604
v -0.146247 -0.044615 1.341571
v -0.134862 -0.043183 1.291606
v -0.126666 -0.041989 1.228761
v -0.126529 -0.045602 1.178834
v -0.127897 -0.050538 1.166294
v -0.125357 -0.048028 1.139703
v -0.122100 -0.042082 1.120439
v -0.167563 -0.018736 1.347799
v -0.214498 0.078948 1.493720
v -0.206465 0.130482 1.488655
v -0.195613 0.162292 1.471936
v -0.180658 0.176308 1.450413
v -0.167690 0.174335 1.420528
v -0.164700 0.169821 1.385174
v -0.164394 0.152327 1.343629
v 0.148393 -0.045940 1.341201
v 0.162431 0.088849 1.328580
v -0.166136 0.086063 1.335639
v 0.035945 -0.084196 0.836515
v -0.001650 -0.094145 0.832625
v 0.002198 -0.065551 0.793452
v 0.044311 -0.073998 0.779199
v 0.012308 -0.016591 0.765602
v 0.002937 -0.018980 0.774037
v 0.000227 0.035073 0.782059
v 0.003732 0.042097 0.762736
v 0.099013 -0.102897 0.836528
v 0.102465 -0.102974 0.792585
v 0.150506 -0.077790 0.804627
v 0.146552 -0.075654 0.849791
v 0.098646 0.137213 0.757044
v 0.146980 0.113334 0.765337
v 0.144229 0.115426 0.713288
v 0.097982 0.130498 0.707698
v 0.189812 -0.026405 0.776163
v 0.182151 -0.029810 0.819754
v 0.153582 -0.075641 0.763157
v 0.014336 -0.016650 0.734117
v 0.005526 0.040138 0.725920
v 0.175038 -0.029176 0.865167
v 0.144895 0.116425 0.818650
v 0.104126 0.145892 0.870181
v 0.142791 0.111449 0.863049
v 0.173338 0.077264 0.754900
v 0.188178 0.028118 0.788313
v 0.185617 0.031314 0.718543
v 0.105361 -0.101089 0.751300
v -0.000710 -0.098362 0.918351
v -0.000504 -0.102978 0.881291
v 0.024040 -0.100787 0.880864
v 0.025719 -0.104956 0.915775
v 0.082397 -0.082053 0.918141
v 0.092595 -0.096632 0.878936
v 0.143820 -0.074142 0.892221
v 0.138671 -0.073586 0.919504
v 0.140848 0.110376 0.910900
v 0.163866 0.068795 0.895126
v 0.161485 0.070833 0.849115
v 0.179492 0.023940 0.879691
v 0.176482 0.019510 0.928158
v 0.176234 -0.023734 0.909878
v -0.001801 0.150363 0.916471
v 0.042399 0.155314 0.917512
v 0.036661 0.139853 0.866868
v -0.001276 0.129179 0.866426
v -0.000053 0.084981 0.815305
v 0.022245 0.094256 0.798248
v 0.017259 0.087008 0.734063
v 0.046026 -0.060597 0.695619
v 0.044950 -0.071850 0.739176
v 0.008244 -0.017947 0.693842
v 0.104706 0.144465 0.917380
v 0.167020 0.072037 0.802227
v 0.190399 0.034265 0.658605
v 0.143673 0.116196 0.656246
v 0.189163 -0.020500 0.717887
v 0.180759 -0.017621 0.659014
v 0.107887 -0.092965 0.702245
v 0.104012 -0.074093 0.648490
v 0.150995 -0.055824 0.655324
v 0.154151 -0.067571 0.710077
v 0.018191 0.048834 0.642006
v 0.007145 0.045185 0.696013
v 0.035489 0.081760 0.696492
v 0.045599 0.086360 0.650841
v 0.099566 0.124372 0.653862
v 0.005621 -0.010996 0.641785
v 0.043853 -0.057109 0.643135
v 0.182077 0.023516 0.834502
v -0.001094 0.149908 0.952484
v 0.041264 0.156412 0.951719
v 0.103975 0.144445 0.953342
v 0.142913 0.110329 0.948853
v -0.048302 -0.091849 0.832677
v -0.037536 -0.072415 0.780976
v -0.007809 -0.018783 0.760166
v -0.006437 0.039125 0.766095
v -0.093396 -0.103377 0.835650
v -0.147124 -0.076064 0.844153
v -0.150888 -0.079303 0.796363
v -0.102089 -0.101902 0.782514
v -0.134740 0.114193 0.706710
v -0.132009 0.123862 0.751690
v -0.089996 0.137895 0.759801
v -0.091516 0.132684 0.704543
v -0.185609 -0.033435 0.758428
v -0.155382 -0.077212 0.749108
v -0.181709 -0.033842 0.802980
v -0.011065 -0.017059 0.726709
v -0.008831 0.040959 0.731954
v -0.176168 -0.032316 0.855386
v -0.134371 0.127530 0.795063
v -0.138975 0.124371 0.846685
v -0.097389 0.143421 0.861821
v -0.091172 0.132200 0.803792
v -0.175092 0.087285 0.747871
v -0.195863 0.017974 0.712870
v -0.192862 0.017000 0.766653
v -0.104317 -0.099269 0.740695
v -0.166055 -0.028846 0.914073
v -0.048559 -0.088182 0.882311
v -0.044689 -0.095660 0.920171
v -0.138918 -0.074713 0.904965
v -0.081887 -0.092033 0.852905
v -0.097990 -0.083361 0.899642
v -0.164448 0.079689 0.829069
v -0.181652 0.022189 0.867504
v -0.044089 0.146083 0.865580
v -0.045311 0.154681 0.917141
v -0.024220 0.108746 0.797910
v -0.028339 0.089882 0.743983
v -0.051733 -0.065134 0.681240
v -0.048944 -0.071558 0.733245
v -0.100798 0.144674 0.910332
v -0.169539 0.087322 0.781344
v -0.195775 0.019701 0.655807
v -0.143118 0.113835 0.654989
v -0.184850 -0.021537 0.647417
v -0.186775 -0.029066 0.707935
v -0.159854 -0.059928 0.641865
v -0.106764 -0.087479 0.688593
v -0.159203 -0.068196 0.699146
v -0.013748 0.051139 0.642283
v -0.046076 0.090793 0.647413
v -0.035288 0.099725 0.701719
v -0.010848 0.043602 0.692941
v -0.093791 0.125722 0.648304
v -0.187027 0.018251 0.814184
v -0.046105 0.155556 0.955689
v -0.101428 0.144496 0.954217
v 0.165307 -0.030954 0.932703
v 0.165159 0.068668 0.936329
v 0.026519 -0.085255 0.998753
v -0.002441 -0.084295 0.998709
v 0.113993 -0.072269 1.005886
v 0.068957 -0.081658 1.001793
v -0.000985 0.120009 1.038095
v 0.034801 0.119006 1.038730
v 0.083246 0.109828 1.034344
v 0.124974 0.082391 1.030744
v -0.139127 -0.042235 1.009332
v -0.151059 -0.004137 1.016048
v -0.033485 -0.086347 0.998182
v -0.076220 -0.082674 1.000853
v -0.113970 -0.071210 1.004890
v -0.039557 0.117288 1.038482
v -0.083470 0.107523 1.037902
v 0.141813 -0.037994 1.009280
v 0.152971 0.006337 1.017016
v 0.146998 0.048594 1.025549
v 0.164450 -0.036846 0.963285
v 0.136524 -0.072199 0.947115
v 0.077547 -0.092100 0.941988
v 0.031678 -0.102527 0.936467
v -0.002907 -0.090531 0.941503
v -0.043061 -0.097114 0.944743
v -0.091218 -0.095761 0.946498
v -0.131917 -0.080642 0.950184
v -0.161360 -0.039592 0.960144
v -0.097290 0.134972 0.983834
v -0.046356 0.143385 0.981710
v 0.001442 0.144965 0.980441
v 0.039316 0.150779 0.982715
v 0.100557 0.138244 0.981777
v 0.138459 0.100304 0.976992
v 0.167528 0.069366 0.973729
v 0.177889 0.013973 0.968914
v 0.156697 -0.039008 0.986858
v 0.126713 -0.077160 0.974403
v 0.077352 -0.089058 0.966959
v 0.031460 -0.094183 0.963567
v -0.001821 -0.088660 0.964145
v -0.036777 -0.086535 0.965148
v -0.083371 -0.087317 0.967263
v -0.127274 -0.078769 0.973532
v -0.157395 -0.043118 0.981046
v -0.164014 0.003862 0.986854
v -0.089288 0.121692 1.005140
v -0.043284 0.129473 1.004095
v 0.001126 0.132752 1.003281
v 0.037918 0.136409 1.006924
v 0.093071 0.127084 1.002919
v 0.135247 0.100667 0.999564
v 0.155848 0.061346 0.994647
v 0.165874 0.010910 0.989150
v 0.019434 -0.059544 0.988182
v -0.001988 -0.061362 0.986376
v 0.078012 -0.050993 0.992838
v 0.047750 -0.056736 0.988644
v -0.000769 0.084169 1.017856
v 0.028499 0.081021 1.017389
v 0.058680 0.072254 1.012065
v 0.084448 0.054107 1.008012
v -0.102567 0.027428 1.006314
v -0.084990 0.055305 1.009658
v -0.099123 -0.027803 1.000030
v -0.106732 -0.002182 1.002180
v -0.024779 -0.062229 0.986048
v -0.054672 -0.058381 0.988862
v -0.082290 -0.048021 0.992906
v -0.028338 0.083803 1.017744
v -0.057096 0.075851 1.014807
v 0.096940 -0.029244 1.001403
v 0.102894 0.002163 1.005424
v 0.098316 0.031332 1.006651
v -0.000376 0.008598 1.004284
v 0.109646 -0.070204 1.005498
v 0.065841 -0.077050 1.000951
v 0.025562 -0.080740 0.999481
v -0.002533 -0.080273 0.999224
v -0.032227 -0.082907 0.998855
v -0.073257 -0.078956 1.000744
v -0.110086 -0.068824 1.004462
v -0.135893 -0.041942 1.009706
v -0.147408 -0.004516 1.015328
v -0.080235 0.103375 1.036378
v -0.038627 0.114665 1.038562
v -0.001073 0.116488 1.037985
v 0.039903 0.114788 1.037089
v 0.080001 0.105735 1.032607
v 0.120646 0.079441 1.029283
v 0.141719 0.046751 1.023695
v 0.148590 0.005993 1.016218
v 0.137829 -0.037918 1.011082
v -0.003102 -0.087971 0.976600
v -0.035723 -0.086664 0.978459
v -0.080783 -0.084875 0.982996
v -0.120000 -0.071499 0.987377
v -0.147186 -0.042360 0.993722
v -0.156634 -0.000166 0.999136
v -0.086539 0.111107 1.021519
v -0.041148 0.120514 1.021132
v 0.000665 0.125230 1.019718
v 0.037600 0.124792 1.021188
v 0.088087 0.115922 1.016129
v 0.130652 0.090395 1.011150
v 0.152824 0.053386 1.005861
v 0.159998 0.009229 0.998343
v 0.150301 -0.038960 0.995459
v 0.121906 -0.073289 0.984813
v 0.074104 -0.084856 0.977082
v 0.028598 -0.088300 0.974678
v 0.060300 -0.083367 0.884332
v 0.109028 -0.088204 0.920169
v 0.120783 -0.082766 0.944588
v 0.152642 -0.059181 0.953663
v 0.097505 -0.081148 0.943615
v 0.110263 -0.078764 0.972791
v 0.055217 -0.094625 0.917969
v 0.041729 -0.095523 0.918238
v 0.051215 -0.089353 0.942245
v 0.056257 -0.086072 0.967623
v 0.166852 -0.009188 0.966531
v 0.074069 0.153970 0.870376
v 0.045630 0.126963 0.781323
v 0.101666 0.135268 0.815958
v -0.075891 -0.101459 0.919433
v -0.072917 -0.101581 0.882456
v -0.119670 -0.085861 0.900802
v -0.070302 0.139530 0.862966
v -0.056769 0.128956 0.800300
v -0.051574 0.113732 0.748971
v -0.012294 0.051400 0.734143
v -0.024255 0.066579 0.697519
v -0.178453 0.088277 0.713849
v -0.183315 0.083328 0.661022
v -0.107748 -0.081635 0.946855
v -0.113107 -0.084150 0.968979
v -0.102931 -0.090412 0.969595
v -0.104680 -0.081990 0.983627
v -0.009805 -0.024420 0.683734
v 0.130299 0.117700 0.983739
v 0.120585 0.131118 0.950880
v 0.115161 0.123285 0.980650
v 0.106371 0.115863 1.001103
v 0.068209 0.128924 1.002847
v 0.074042 0.142369 0.982289
v 0.080520 0.152684 0.953948
v 0.081491 0.153496 0.916721
v -0.074549 0.152935 0.913217
v 0.177514 0.074961 0.716639
v 0.176588 0.081199 0.658588
v 0.019010 0.075194 0.647578
v 0.176969 0.051555 0.934981
v 0.025112 0.090794 0.715868
v 0.047583 0.111233 0.700226
v 0.066396 0.112731 0.653679
v -0.014482 0.069671 0.736318
v -0.006271 -0.088823 0.984599
v -0.016234 -0.088918 0.987514
v -0.026486 -0.091059 0.989697
v -0.003696 -0.086482 0.988121
v -0.003066 -0.085242 0.989866
v -0.013814 -0.087095 0.990592
v -0.023721 -0.089471 0.993415
v -0.011958 -0.085551 0.992602
v -0.021393 -0.088091 0.996237
v -0.033153 -0.089311 0.996058
v -0.044067 -0.087536 0.995108
v -0.044479 -0.088856 0.995624
v -0.024270 -0.087303 0.992557
v -0.042363 -0.090713 0.995197
v -0.034364 -0.090406 0.993257
v -0.018967 -0.090019 0.991046
v -0.010655 -0.088688 0.988731
v -0.031603 -0.086748 0.997037
v -0.016672 -0.087812 0.994439
v -0.002855 -0.084867 0.990954
v -0.011250 -0.084200 0.992905
v -0.020250 -0.086691 0.997445
v -0.037405 -0.085031 1.006870
v -0.037906 -0.084203 1.003159
v -0.038384 -0.085780 1.003469
v -0.005183 -0.087975 0.985768
v -0.015381 -0.088220 0.988573
v -0.016373 -0.088383 0.986703
v -0.026834 -0.090212 0.989289
v -0.006198 -0.088374 0.984227
v -0.003980 -0.085780 0.987490
v -0.014041 -0.085408 0.989888
v -0.030010 -0.086495 0.999926
v -0.043113 -0.092028 0.995691
v -0.034661 -0.091559 0.993718
v -0.045659 -0.089360 0.996053
v -0.045147 -0.087335 0.995072
v -0.037656 -0.089766 0.991271
v -0.042747 -0.084703 1.000119
v -0.034324 -0.086950 0.996013
v -0.043144 -0.087329 1.001356
v -0.037023 -0.090601 0.991838
v -0.035810 -0.090527 0.993020
v -0.025620 -0.091014 0.990925
v -0.026706 -0.090976 0.991852
v -0.041079 -0.089501 0.996645
v -0.033359 -0.088613 0.994200
v -0.042973 -0.087939 0.997037
v -0.040579 -0.086720 0.999468
v -0.038902 -0.087979 0.999323
v -0.040539 -0.085320 0.999237
v -0.042846 -0.086749 0.996578
v -0.024369 -0.088492 0.995882
v -0.023004 -0.087434 0.998584
v -0.029953 -0.086359 1.000600
v -0.002919 -0.084292 0.990857
v -0.028322 -0.085316 1.002389
v -0.020397 -0.085726 0.996974
v -0.011481 -0.084067 0.993067
v -0.037786 -0.082275 1.007521
v -0.028760 -0.084183 1.002140
v -0.038262 -0.085058 1.007772
v -0.036645 -0.082985 1.006834
v -0.036929 -0.087490 1.003453
v -0.006780 -0.085608 0.992890
v -0.015027 -0.086662 0.996488
v -0.005791 -0.084833 0.993508
v -0.005702 -0.085610 0.994007
v -0.014236 -0.087136 0.998409
v -0.014220 -0.086398 0.997888
v -0.029088 -0.085534 1.002612
v -0.022298 -0.086745 1.000107
v -0.008527 -0.086325 0.990992
v -0.009971 -0.087824 0.989324
v -0.018264 -0.089206 0.992059
v -0.024639 -0.090107 0.995652
v -0.031996 -0.088994 0.997390
v -0.008412 -0.087636 0.991630
v -0.016685 -0.089456 0.994943
v -0.019014 -0.091030 0.991148
v -0.010618 -0.089538 0.989114
v -0.026852 -0.091898 0.991871
v -0.040022 -0.089276 1.000739
v -0.029278 -0.086854 1.003130
v -0.035928 -0.086671 1.006083
v -0.022315 -0.087308 1.000523
v -0.036310 -0.087104 1.006746
v -0.025961 -0.090208 0.993023
v -0.001669 -0.085623 0.992815
v -0.001644 -0.084860 0.992318
v -0.002130 -0.085260 0.991309
v -0.002801 -0.086211 0.989450
v -0.003206 -0.087577 0.987593
v -0.003328 -0.088641 0.986695
v -0.003361 -0.089447 0.987167
v -0.002858 -0.087712 0.989942
v 0.050158 -0.088413 0.987460
v 0.050234 -0.086902 0.988763
v 0.040648 -0.091054 0.981721
v 0.046641 -0.089335 0.984854
v 0.035162 -0.093038 0.981462
v 0.028929 -0.093385 0.983209
v 0.018981 -0.092358 0.987786
v 0.008380 -0.088130 0.990384
v 0.028780 -0.093138 0.980292
v 0.018376 -0.091793 0.985887
v 0.041254 -0.092320 0.978280
v 0.035445 -0.093370 0.978060
v 0.041891 -0.093484 0.973742
v 0.035965 -0.094551 0.973457
v 0.028747 -0.093833 0.975929
v 0.017601 -0.092340 0.983452
v 0.007229 -0.089022 0.988334
v 0.017000 -0.093164 0.980600
v 0.006313 -0.089928 0.985810
v 0.028740 -0.095020 0.972347
v 0.048417 -0.092254 0.977187
v 0.051899 -0.091011 0.980541
v 0.051680 -0.089296 0.981188
v 0.050376 -0.087542 0.985454
v 0.050559 -0.089165 0.984592
v 0.047404 -0.090683 0.981670
v 0.009186 -0.088471 0.992011
v 0.007216 -0.090543 0.989172
v 0.017738 -0.094311 0.983857
v 0.029004 -0.096739 0.976595
v 0.036438 -0.097163 0.974042
v 0.042744 -0.095904 0.974332
v 0.049686 -0.093828 0.979208
v 0.053408 -0.091326 0.980567
v 0.053232 -0.088887 0.981012
v 0.016808 -0.094138 0.978813
v 0.006006 -0.091003 0.984760
v 0.005951 -0.091850 0.985013
v 0.050245 -0.086781 0.982310
v 0.043646 -0.097857 0.969168
v 0.050837 -0.095204 0.972713
v 0.043099 -0.095763 0.968959
v 0.036636 -0.097172 0.968482
v 0.028749 -0.096307 0.970545
v 0.016743 -0.095507 0.979087
v 0.028851 -0.097976 0.970658
v 0.036988 -0.098670 0.968493
v 0.035371 -0.094089 0.981943
v 0.041116 -0.092942 0.982005
v 0.029100 -0.094340 0.983464
v 0.019080 -0.093309 0.988120
v 0.009239 -0.089175 0.992668
v 0.052994 -0.090146 0.975934
v 0.026454 -0.088082 0.980251
v 0.040212 -0.088816 0.982741
v 0.049550 -0.093573 0.972211
v 0.026828 -0.085986 0.985801
v 0.026261 -0.087399 0.991160
v 0.040309 -0.085958 0.989792
v 0.048050 -0.085912 0.989155
v 0.039906 -0.088042 0.987115
v 0.024678 -0.089322 0.988613
v 0.026977 -0.086868 0.980153
v 0.034149 -0.087788 0.978022
v 0.042563 -0.089356 0.976475
v 0.050604 -0.089192 0.976436
v 0.049758 -0.089270 0.978014
v 0.041274 -0.089905 0.978051
v 0.033644 -0.088853 0.978103
v 0.024857 -0.088886 0.982080
v 0.031930 -0.089294 0.979763
v 0.048924 -0.088698 0.982124
v 0.052341 -0.089815 0.977516
v 0.052965 -0.091817 0.975416
v 0.042594 -0.094751 0.970347
v 0.036416 -0.095800 0.969957
v 0.048944 -0.092868 0.973665
v 0.052376 -0.091382 0.976958
v 0.053816 -0.090282 0.975715
v 0.050997 -0.088431 0.976645
v 0.044060 -0.087925 0.976670
v 0.053850 -0.092365 0.975305
v 0.043003 -0.085435 0.983701
v 0.015540 -0.087227 0.983940
v 0.014274 -0.087867 0.985095
v 0.014086 -0.088260 0.987482
v 0.024190 -0.089274 0.985114
v 0.003418 -0.085536 0.985770
v 0.003593 -0.085074 0.987779
v 0.003696 -0.085491 0.984793
v 0.015879 -0.086193 0.983633
v 0.003765 -0.084800 0.984548
v 0.016044 -0.085899 0.987403
v 0.033535 -0.086059 0.984860
v 0.003907 -0.083883 0.987369
v 0.026428 -0.085546 0.991443
v 0.041500 -0.084222 0.989978
v 0.032501 -0.084533 0.990895
v 0.016731 -0.086384 0.992049
v 0.004828 -0.084254 0.991018
v 0.004879 -0.085221 0.991164
v 0.016525 -0.087656 0.991905
v 0.032331 -0.086511 0.990441
v 0.051533 -0.086881 0.988171
v 0.048605 -0.084477 0.989368
v 0.048060 -0.091119 0.985091
v 0.051106 -0.089057 0.987675
v 0.048014 -0.087046 0.986589
v 0.031270 -0.089081 0.987833
v 0.014764 -0.088569 0.989958
v 0.004064 -0.085132 0.989687
v 0.030996 -0.088483 0.983946
v 0.001623 -0.085261 0.992419
v 0.001027 -0.085629 0.991315
v 0.000134 -0.086714 0.989114
v -0.000481 -0.088118 0.986895
v -0.000689 -0.089145 0.985912
v -0.000662 -0.089924 0.986379
v 0.000206 -0.088126 0.989821
v 0.001679 -0.086019 0.992959
v -0.005184 -0.083410 0.992850
v -0.006221 -0.087461 0.994159
v -0.005008 -0.083278 0.994046
v -0.006049 -0.088088 0.995868
v -0.002679 -0.083056 0.993546
v 0.005348 -0.083191 0.991933
v 0.005156 -0.083374 0.990419
v 0.008159 -0.082630 0.990455
v 0.008261 -0.082537 0.991417
v 0.003737 -0.087783 0.994455
v 0.002316 -0.091067 0.993387
v 0.001184 -0.095638 0.984153
v -0.005624 -0.094093 0.984991
v 0.006883 -0.088280 0.993873
v -0.002978 -0.083332 0.991712
v -0.003857 -0.087038 0.993135
v 0.003412 -0.086687 0.991917
v -0.008058 -0.090893 0.986142
v -0.003660 -0.088024 0.995407
v -0.000302 -0.082975 0.992903
v -0.001441 -0.087661 0.994435
v -0.002253 -0.090126 0.992835
v -0.004395 -0.090812 0.993559
v 0.001148 -0.093840 0.989961
v -0.003293 -0.094796 0.984210
v -0.005129 -0.092715 0.989656
v -0.002718 -0.092064 0.989406
v 0.005286 -0.092906 0.989440
v 0.005809 -0.090924 0.992751
v 0.005637 -0.093936 0.985058
v -0.000594 -0.083276 0.991069
v -0.001585 -0.086727 0.992713
v -0.002289 -0.088365 0.991400
v 0.002408 -0.088644 0.991054
v -0.006911 -0.090723 0.993884
v -0.007719 -0.092336 0.990053
v -0.006951 -0.089208 0.992696
v -0.007565 -0.090333 0.989614
v -0.008262 -0.093283 0.985540
v -0.008794 -0.092444 0.980516
v -0.008610 -0.088428 0.981252
v -0.008611 -0.090443 0.982046
v -0.008733 -0.089308 0.979828
v -0.005434 -0.090390 0.985836
v -0.003273 -0.091801 0.984417
v -0.004975 -0.089634 0.989092
v -0.002896 -0.089511 0.988986
v -0.004448 -0.088590 0.991790
v -0.006004 -0.090258 0.981719
v 0.005940 -0.085229 0.980967
v 0.002498 -0.085650 0.981832
v 0.002266 -0.090769 0.979489
v -0.003701 -0.085934 0.980914
v -0.006363 -0.089421 0.979825
v -0.003978 -0.090345 0.979680
v -0.006208 -0.092796 0.980135
v -0.003691 -0.093798 0.979347
v 0.002410 -0.094422 0.979327
v -0.006092 -0.085558 0.981215
v -0.008333 -0.085935 0.981215
v 0.002441 -0.085466 0.982802
v -0.006025 -0.085288 0.982489
v -0.003664 -0.085702 0.981771
v 0.005905 -0.085049 0.981694
v 0.005978 -0.090279 0.979949
v 0.005959 -0.089676 0.980866
v 0.005861 -0.091398 0.981731
v 0.005810 -0.090267 0.986199
v 0.001039 -0.091777 0.984308
v 0.001225 -0.089365 0.988760
v 0.005589 -0.089670 0.988927
v 0.001419 -0.092342 0.980179
v 0.002072 -0.091367 0.979666
v -0.003689 -0.092333 0.980004
v -0.006180 -0.088251 0.981364
v -0.003834 -0.089504 0.980304
v 0.005802 -0.093070 0.980203
v 0.006627 -0.087432 0.991908
v 0.005862 -0.088688 0.990902
v -0.008260 -0.085680 0.982188
v 0.022111 -0.104154 0.935381
v 0.035094 -0.105820 0.922838
v 0.035321 -0.107041 0.922652
v 0.022064 -0.105804 0.935416
v 0.024742 -0.103461 0.937835
v 0.038105 -0.105292 0.925398
v 0.040071 -0.105732 0.927943
v 0.028642 -0.105099 0.940730
v 0.040345 -0.107481 0.927666
v 0.028574 -0.106484 0.940699
v 0.038504 -0.107785 0.925033
v 0.024532 -0.105903 0.937751
v 0.021239 -0.105387 0.946780
v 0.019163 -0.104281 0.956824
v 0.015575 -0.103910 0.953781
v 0.017942 -0.105669 0.944251
v 0.015345 -0.099560 0.976738
v 0.017374 -0.102564 0.966583
v 0.013443 -0.101975 0.963015
v 0.010932 -0.099702 0.971691
v 0.017950 -0.103915 0.944050
v 0.015594 -0.102188 0.953534
v 0.025217 -0.104665 0.949705
v 0.023143 -0.103789 0.960000
v 0.023242 -0.102623 0.959860
v 0.025340 -0.103404 0.949659
v 0.018946 -0.098254 0.980122
v 0.021330 -0.100943 0.969571
v 0.018837 -0.099451 0.980390
v 0.021304 -0.102103 0.969790
v 0.019198 -0.102116 0.956658
v 0.021174 -0.102862 0.946563
v 0.017340 -0.100994 0.966225
v 0.015436 -0.097774 0.976437
v 0.011122 -0.098313 0.971579
v 0.008228 -0.094379 0.979689
v 0.003035 -0.091886 0.985258
v 0.003015 -0.092680 0.985244
v 0.007843 -0.096061 0.979643
v 0.003322 -0.090209 0.989103
v 0.003307 -0.091236 0.989125
v 0.010916 -0.093526 0.984261
v 0.005033 -0.091180 0.991885
v 0.005029 -0.090212 0.991754
v 0.013145 -0.094232 0.988090
v 0.010761 -0.095274 0.984252
v 0.013495 -0.100368 0.962739
v 0.013053 -0.095628 0.988370
v 0.007155 -0.092240 0.991485
v 0.007185 -0.091043 0.991360
v 0.005366 -0.090836 0.988018
v 0.004800 -0.091724 0.983848
v 0.004669 -0.092877 0.983687
v 0.005330 -0.092154 0.988004
v -0.000593 -0.086345 0.985643
v -0.005789 -0.087661 0.983688
v -0.000498 -0.087179 0.985624
v -0.005769 -0.088900 0.983695
v -0.011764 -0.093461 0.978416
v -0.011837 -0.091681 0.978285
v -0.014363 -0.091023 0.982950
v -0.007983 -0.086365 0.987663
v -0.001883 -0.085292 0.989068
v -0.019794 -0.095402 0.969705
v -0.024550 -0.097730 0.956612
v -0.026998 -0.099377 0.942551
v -0.016097 -0.095177 0.965624
v -0.020261 -0.096828 0.954459
v -0.022503 -0.098593 0.940936
v -0.020273 -0.098490 0.954532
v -0.022625 -0.100199 0.940954
v -0.023684 -0.099477 0.921544
v -0.032490 -0.099940 0.944903
v -0.034879 -0.100389 0.926971
v -0.029290 -0.097715 0.958959
v -0.023352 -0.095332 0.973102
v -0.028450 -0.099731 0.923937
v -0.030158 -0.100877 0.909491
v -0.026272 -0.100687 0.907684
v -0.023983 -0.100958 0.921585
v -0.028908 -0.103127 0.923816
v -0.027241 -0.102511 0.942652
v -0.024682 -0.100595 0.956903
v -0.026371 -0.101791 0.907746
v -0.016098 -0.097025 0.965670
v -0.019850 -0.097799 0.969811
v -0.014304 -0.092731 0.983020
v -0.007915 -0.087988 0.987791
v -0.001760 -0.086232 0.989224
v -0.016359 -0.093067 0.986747
v -0.023392 -0.097016 0.973280
v -0.010201 -0.088162 0.990891
v -0.005365 -0.086252 0.991974
v -0.016396 -0.091788 0.986696
v -0.010190 -0.087176 0.990712
v -0.005397 -0.085509 0.991962
v -0.035484 -0.099898 0.912415
v -0.035722 -0.101814 0.912341
v -0.035261 -0.102406 0.926953
v -0.030411 -0.102590 0.909493
v -0.032677 -0.101773 0.944962
v -0.029376 -0.099624 0.959204
v 0.110208 -0.070214 0.640000
v 0.103216 -0.071967 0.640000
v 0.095373 -0.071199 0.640000
v 0.005682 -0.010646 0.640000
v 0.170105 0.090016 0.640000
v -0.184773 -0.015154 0.640000
v -0.184241 -0.021107 0.640000
v 0.150011 -0.053831 0.640000
v 0.043600 -0.056854 0.640000
v 0.041841 -0.053955 0.640000
v -0.178926 0.080932 0.640000
v 0.073369 0.112544 0.640000
v 0.068700 0.110355 0.640000
v -0.012172 -0.024213 0.640000
v -0.103322 0.124986 0.640000
v -0.094430 0.124528 0.640000
v -0.050932 -0.052480 0.640000
v -0.145895 -0.064313 0.640000
v -0.160539 -0.058498 0.640000
v -0.159685 -0.059674 0.640000
v -0.111364 -0.076093 0.640000
v 0.017805 0.047063 0.640000
v 0.018373 0.048725 0.640000
v 0.018607 0.050370 0.640000
v 0.020317 0.076917 0.640000
v 0.189259 0.036030 0.640000
v 0.172946 0.080428 0.640000
v 0.182752 0.047096 0.640000
v -0.045177 -0.046794 0.640000
v -0.170851 0.096760 0.640000
v -0.057798 -0.054993 0.640000
v 0.146837 0.114580 0.640000
v 0.140302 0.114867 0.640000
v 0.132497 0.115125 0.640000
v 0.182380 -0.000868 0.640000
v 0.171417 -0.025786 0.640000
v 0.179032 -0.015716 0.640000
v 0.042575 0.086679 0.640000
v 0.045821 0.088840 0.640000
v 0.051067 0.088906 0.640000
v -0.192905 0.021202 0.640000
v -0.188757 0.035193 0.640000
v -0.013294 0.025539 0.640000
v -0.014128 0.051205 0.640000
v -0.014401 0.052763 0.640000
v -0.015843 0.052932 0.640000
v -0.144437 0.115984 0.640000
v 0.099340 0.121632 0.640000
v -0.053585 0.094780 0.640000
v -0.047875 0.090714 0.640000
vn 0.0890 0.9916 -0.0944
vn 0.0595 0.9828 -0.1749
vn 0.5248 0.8442 -0.1092
vn 0.5559 0.8310 -0.0197
vn -0.3918 0.8899 -0.2334
vn -0.3815 0.9047 -0.1897
vn -0.5902 0.7847 -0.1896
vn -0.6211 0.7455 -0.2418
vn -0.6588 0.7482 -0.0789
vn -0.7282 0.6563 -0.1976
vn 0.9270 0.3572 -0.1142
vn 0.9136 0.4060 0.0222
vn 0.8211 0.5708 -0.0069
vn 0.8004 0.5874 -0.1194
vn -0.8233 0.5632 0.0704
vn -0.9786 0.1232 0.1646
vn -0.9858 0.1201 0.1176
vn -0.8629 0.5034 -0.0445
vn -0.9354 -0.3258 0.1373
vn -0.8679 -0.4600 0.1873
vn 0.8635 -0.4953 -0.0956
vn 0.5958 -0.7914 0.1367
vn 0.7225 -0.6243 0.2972
vn 0.8167 -0.5619 -0.1313
vn -0.1094 0.7360 0.6680
vn -0.0225 0.9776 0.2091
vn -0.3649 0.9206 0.1393
vn -0.3040 0.5328 0.7897
vn 0.7458 0.6453 0.1657
vn 0.3685 0.9000 0.2327
vn 0.1867 0.4155 0.8902
vn 0.4097 0.1777 0.8947
vn -0.2845 0.9582 0.0297
vn -0.2584 0.9647 0.0508
vn 0.1675 0.9858 0.0140
vn 0.2019 0.9793 0.0116
vn -0.6385 0.7670 0.0638
vn -0.5261 0.4130 0.7434
vn -0.5432 0.8233 -0.1644
vn -0.2983 0.9330 -0.2011
vn -0.2546 0.9613 -0.1049
vn -0.5300 0.8388 -0.1243
vn -0.4843 0.7501 -0.4503
vn -0.6465 0.6088 -0.4597
vn -0.8239 0.1703 -0.5405
vn -0.8647 -0.1783 -0.4697
vn -0.9781 0.0857 -0.1898
vn -0.9647 -0.0000 -0.2634
vn -0.8580 0.2657 -0.4396
vn -0.8092 0.5175 -0.2781
vn -0.6308 -0.7721 -0.0769
vn -0.2898 -0.9564 -0.0372
vn -0.2586 -0.9621 -0.0867
vn -0.5857 -0.8097 -0.0357
vn 0.6858 0.6571 -0.3129
vn 0.6867 0.6747 -0.2706
vn 0.2279 0.7363 -0.6371
vn 0.2746 0.6548 -0.7042
vn 0.6877 -0.6141 0.3872
vn 0.4653 -0.7485 0.4725
vn 0.9145 -0.1818 0.3614
vn 0.9557 -0.1658 0.2431
vn -0.1682 -0.9551 0.2438
vn -0.2005 -0.9503 0.2381
vn 0.2134 -0.9051 0.3678
vn 0.3134 -0.8699 0.3808
vn 0.4634 -0.4210 -0.7798
vn 0.7731 -0.3075 -0.5548
vn 0.7989 -0.4358 -0.4145
vn 0.4790 -0.5204 -0.7069
vn 0.0688 -0.4897 -0.8692
vn 0.3509 0.0435 -0.9354
vn 0.6638 -0.1289 -0.7367
vn 0.4395 -0.4937 -0.7504
vn 0.2088 -0.1688 -0.9633
vn 0.5066 -0.1839 -0.8424
vn 0.3896 -0.5237 -0.7576
vn 0.1389 -0.6216 -0.7709
vn 0.2505 -0.6012 -0.7588
vn 0.3060 -0.0987 -0.9469
vn 0.6794 -0.1493 -0.7184
vn 0.5459 -0.5300 -0.6489
vn -0.3904 -0.5694 -0.7234
vn -0.0836 0.0351 -0.9959
vn 0.0286 -0.0068 -0.9996
vn -0.2092 -0.5445 -0.8123
vn -0.9822 0.1870 -0.0201
vn -0.8302 -0.5533 -0.0685
vn -0.8187 -0.5462 -0.1773
vn -0.9522 0.2132 -0.2189
vn 0.2654 -0.9621 -0.0632
vn 0.7553 -0.6510 -0.0761
vn 0.7323 -0.6808 0.0123
vn 0.2521 -0.9668 -0.0408
vn 0.9843 -0.1547 -0.0854
vn 0.9819 -0.1854 0.0380
vn 0.9163 0.3951 -0.0649
vn 0.5357 0.8444 0.0075
vn 0.5032 0.8641 0.0110
vn 0.9187 0.3945 0.0197
vn -0.1736 -0.9848 0.0019
vn 0.4408 -0.8976 -0.0004
vn 0.4892 -0.8712 0.0411
vn -0.1066 -0.9942 -0.0124
vn 0.9132 -0.4060 -0.0356
vn 0.9008 -0.4306 0.0562
vn 0.9598 0.2648 -0.0931
vn 0.5789 0.8112 -0.0825
vn 0.5986 0.8005 -0.0288
vn 0.9783 0.2068 0.0143
vn -0.9301 0.3668 -0.0210
vn -0.9712 -0.2372 -0.0223
vn -0.9411 -0.2473 -0.2305
vn -0.8857 0.3944 -0.2450
vn -0.8808 -0.4209 -0.2169
vn -0.8590 -0.4444 -0.2543
vn -0.5083 -0.8456 0.1632
vn -0.5088 -0.8546 0.1041
vn 0.0760 -0.9392 0.3349
vn 0.0975 -0.8979 0.4292
vn 0.6001 -0.6277 0.4958
vn 0.5702 -0.6854 0.4529
vn 0.9081 -0.1318 0.3974
vn 0.8946 -0.0921 0.4372
vn 0.4957 0.8531 -0.1626
vn 0.5542 0.7919 -0.2566
vn 0.1113 0.8328 -0.5423
vn 0.0327 0.9070 -0.4198
vn 0.2938 -0.7575 0.5829
vn 0.2329 -0.7392 0.6319
vn -0.1944 -0.8165 0.5436
vn -0.1638 -0.8451 0.5090
vn -0.1902 -0.9707 -0.1471
vn -0.5606 -0.8263 -0.0537
vn 0.8480 0.5043 -0.1632
vn 0.7323 0.4331 -0.5255
vn 0.3771 0.7954 -0.4744
vn 0.4791 0.8662 -0.1419
vn 0.7362 -0.6542 -0.1732
vn 0.5692 -0.6588 -0.4919
vn 0.8305 -0.1548 -0.5350
vn 0.9796 -0.0855 -0.1819
vn 0.2534 -0.9565 -0.1445
vn 0.1529 -0.9033 -0.4009
vn 0.8944 0.4458 -0.0374
vn 0.8526 0.4316 -0.2945
vn 0.4138 0.8535 -0.3166
vn 0.4429 0.8956 -0.0414
vn 0.7393 -0.6700 -0.0675
vn 0.6743 -0.6612 -0.3288
vn 0.9393 -0.1685 -0.2988
vn 0.9873 -0.1529 -0.0441
vn 0.2493 -0.9622 -0.1095
vn 0.2251 -0.9026 -0.3669
vn -0.0255 0.9851 -0.1699
vn 0.0484 0.9160 -0.3983
vn -0.3753 0.8927 -0.2496
vn -0.6796 0.7288 -0.0842
vn 0.6368 -0.7500 -0.1787
vn 0.5933 -0.6761 -0.4369
vn 0.8767 -0.2254 -0.4249
vn 0.9536 -0.2296 -0.1949
vn -0.8797 -0.4753 0.0168
vn -0.6644 -0.7214 -0.1952
vn -0.4552 -0.8241 -0.3370
vn -0.5258 -0.8479 -0.0679
vn 0.9730 0.2267 -0.0437
vn 0.9154 0.2739 -0.2952
vn 0.6769 0.6950 -0.2426
vn 0.7300 0.6809 -0.0585
vn 0.4897 -0.8687 -0.0741
vn 0.4922 -0.7636 -0.4179
vn 0.8817 -0.3028 -0.3619
vn 0.9245 -0.3772 -0.0557
vn -0.1506 -0.9840 -0.0950
vn -0.1540 -0.8839 -0.4416
vn 0.7256 -0.6754 -0.1317
vn 0.7834 -0.5585 -0.2727
vn 0.4516 -0.8604 -0.2362
vn 0.3616 -0.9002 -0.2428
vn 0.8942 -0.4372 -0.0963
vn 0.8566 -0.4126 -0.3099
vn 0.6923 0.7120 -0.1179
vn 0.8743 0.4664 -0.1343
vn 0.4277 0.9022 -0.0553
vn 0.0333 0.9984 -0.0461
vn -0.5941 0.7856 -0.1728
vn -0.3581 0.9290 -0.0935
vn -0.7386 0.6376 -0.2192
vn -0.9978 0.0633 -0.0200
vn -0.9088 0.3861 -0.1581
vn -0.9677 -0.2520 0.0053
vn 0.8160 0.5435 -0.1967
vn 0.5703 0.3650 0.7359
vn 0.9220 0.0569 0.3831
vn 0.9676 -0.0085 -0.2525
vn 0.3372 -0.9299 -0.1468
vn -0.9866 0.1136 0.1173
vn -0.8816 -0.4293 0.1962
vn -0.8239 0.5645 0.0500
vn -0.6000 0.7997 -0.0212
vn -0.5907 0.8054 -0.0479
vn 0.5469 0.8353 0.0556
vn 0.0346 0.9985 0.0432
vn -0.4536 0.8910 -0.0184
vn 0.8172 0.5744 0.0466
vn 0.5129 0.8542 -0.0850
vn 0.3997 0.8814 -0.2516
vn -0.1159 0.9597 -0.2561
vn -0.0750 0.9939 -0.0807
vn 0.7731 0.6282 -0.0877
vn -0.8808 -0.4681 -0.0719
vn -0.8385 -0.5449 -0.0066
vn -0.7807 -0.6197 0.0805
vn 0.2666 -0.9191 -0.2903
vn 0.8897 0.4506 0.0737
vn 0.4224 -0.8965 0.1333
vn 0.7929 -0.5703 0.2145
vn 0.1356 -0.9902 0.0319
vn 0.9938 0.1092 -0.0226
vn 0.9951 0.0975 0.0132
vn 0.9843 0.1524 0.0890
vn 0.9647 0.2415 0.1054
vn -0.9146 0.3264 -0.2388
vn -0.9435 -0.2273 -0.2411
vn -0.9242 -0.2974 -0.2395
vn -0.9113 0.3446 -0.2253
vn 0.6049 0.7933 -0.0690
vn 0.6526 0.7574 0.0234
vn 0.9540 0.2967 0.0438
vn 0.9293 0.3563 -0.0977
vn 0.9491 -0.3006 -0.0941
vn 0.9231 -0.3798 0.0600
vn 0.5721 -0.8175 0.0664
vn 0.6421 -0.7658 -0.0356
vn 0.2179 -0.9749 0.0448
vn 0.2516 -0.9677 0.0174
vn -0.9508 0.3085 -0.0277
vn -0.9271 -0.3747 -0.0058
vn -0.8623 -0.4494 -0.2335
vn -0.9184 0.3033 -0.2539
vn 0.0570 0.9978 -0.0351
vn -0.5293 0.8480 -0.0265
vn -0.4497 0.8820 -0.1406
vn 0.1266 0.9905 -0.0536
vn 0.7688 -0.6371 -0.0553
vn 0.9761 -0.1912 -0.1030
vn 0.9672 -0.2444 -0.0689
vn 0.7052 -0.7079 -0.0398
vn -0.5264 -0.8502 -0.0086
vn -0.4509 -0.8891 -0.0788
vn -0.9782 0.1618 -0.1299
vn -0.8566 -0.4807 -0.1875
vn -0.9371 -0.3459 0.0462
vn -0.9804 0.1740 0.0920
vn -0.9886 0.0024 -0.1505
vn -0.7865 -0.5939 -0.1691
vn -0.8517 -0.5238 -0.0166
vn -0.9996 0.0068 0.0285
vn -0.9160 0.3741 -0.1447
vn -0.9680 -0.1319 -0.2137
vn -0.9849 -0.0021 -0.1731
vn -0.9251 0.3359 -0.1769
vn -0.9826 0.1588 -0.0966
vn -0.8700 -0.4774 -0.1234
vn -0.9371 -0.3422 0.0686
vn -0.9867 0.1383 0.0857
vn -0.0070 0.9982 0.0598
vn -0.5669 0.8230 0.0372
vn -0.5140 0.8526 -0.0941
vn -0.0138 0.9998 0.0162
vn 0.0222 0.9942 -0.1057
vn 0.0088 0.9158 -0.4016
vn -0.3504 0.8905 -0.2903
vn -0.5884 0.8083 -0.0198
vn -0.4126 0.0076 -0.9109
vn -0.1163 -0.0933 -0.9888
vn -0.2195 -0.6333 -0.7422
vn -0.4825 -0.5751 -0.6606
vn -0.8185 -0.5735 0.0342
vn -0.5645 -0.7929 -0.2295
vn -0.2933 -0.9062 -0.3045
vn -0.3122 -0.9452 -0.0958
vn -0.3382 -0.9389 -0.0645
vn -0.3152 -0.9442 -0.0956
vn -0.4443 0.8946 -0.0472
vn -0.1890 0.9800 -0.0621
vn 0.2450 0.9695 -0.0072
vn 0.1604 0.9862 -0.0410
vn -0.2010 0.9773 -0.0665
vn -0.1089 0.9385 -0.3277
vn -0.4854 0.8394 -0.2447
vn -0.7287 0.6843 -0.0260
vn -0.3714 -0.6196 -0.6915
vn -0.2426 -0.0698 -0.9676
vn 0.0238 -0.0808 -0.9964
vn -0.1020 -0.6254 -0.7736
vn -0.7535 -0.6528 -0.0783
vn -0.5411 -0.8050 -0.2432
vn -0.2618 -0.8975 -0.3548
vn -0.3193 -0.9379 -0.1357
vn -0.2560 -0.9666 0.0099
vn -0.2087 -0.9777 -0.0233
vn -0.6296 -0.7637 -0.1429
vn -0.8160 -0.5734 -0.0733
vn 0.1928 -0.9810 -0.0194
vn 0.1728 -0.9848 -0.0191
vn 0.0693 -0.9032 -0.4237
vn 0.0532 -0.9914 -0.1192
vn 0.2930 -0.0746 -0.9532
vn 0.6305 -0.1592 -0.7597
vn 0.4795 -0.4961 -0.7239
vn 0.1691 -0.5488 -0.8187
vn 0.9337 0.3095 -0.1800
vn 0.8763 0.2595 -0.4060
vn 0.5943 0.6840 -0.4230
vn 0.6192 0.7639 -0.1818
vn 0.9587 0.2748 -0.0732
vn 0.9580 0.2601 -0.1208
vn 0.6500 0.7546 -0.0896
vn 0.6440 0.7634 -0.0490
vn -0.0015 0.9997 -0.0261
vn -0.5581 0.8298 -0.0049
vn -0.4726 0.8583 -0.1999
vn 0.0595 0.9949 -0.0818
vn 0.2784 0.9570 -0.0817
vn 0.3069 0.9252 -0.2232
vn -0.1135 0.9709 -0.2110
vn -0.4706 0.8726 -0.1310
vn -0.4830 -0.3651 -0.7959
vn -0.0956 0.2482 -0.9640
vn 0.1659 0.1410 -0.9760
vn -0.2250 -0.4475 -0.8655
vn -0.9557 -0.2588 -0.1405
vn -0.8045 -0.4996 -0.3211
vn -0.5931 -0.7046 -0.3895
vn -0.6538 -0.7483 -0.1122
vn -0.6683 -0.7439 -0.0078
vn -0.6004 -0.7934 -0.0998
vn -0.0471 0.9988 0.0110
vn -0.4931 0.8699 -0.0142
vn -0.5460 0.8377 0.0095
vn -0.0503 0.9986 -0.0191
vn -0.9863 0.1621 0.0296
vn -0.8102 -0.5735 0.1212
vn -0.8216 -0.5614 0.0987
vn -0.9930 0.0956 0.0691
vn -0.3522 -0.9346 0.0504
vn -0.4040 -0.9139 0.0393
vn 0.2141 -0.9758 -0.0452
vn 0.7208 -0.6860 -0.0993
vn 0.7069 -0.7061 -0.0420
vn 0.1879 -0.9820 -0.0201
vn 0.9592 -0.2472 -0.1375
vn 0.9699 -0.2382 -0.0496
vn 0.8961 0.4228 -0.1349
vn 0.3098 0.9498 -0.0440
vn 0.2627 0.9645 -0.0275
vn 0.8663 0.4972 -0.0485
vn 0.8267 -0.5621 0.0248
vn 0.8703 -0.4906 0.0433
vn 0.4559 -0.8900 -0.0089
vn 0.3687 -0.9293 -0.0233
vn -0.6531 -0.7539 -0.0713
vn -0.8150 -0.5622 -0.1401
vn -0.2382 -0.9688 -0.0686
vn -0.1669 -0.9852 -0.0386
vn -0.9479 0.1617 -0.2744
vn -0.9276 -0.2916 -0.2337
vn -0.9220 -0.3591 -0.1450
vn -0.9686 0.1610 -0.1896
vn -0.5317 0.8385 -0.1194
vn -0.2569 0.9649 -0.0540
vn 0.2629 0.9646 0.0183
vn 0.1344 0.9901 -0.0395
vn 0.5896 0.8075 -0.0174
vn 0.6774 0.7341 0.0477
vn 0.9229 0.3787 0.0703
vn 0.8989 0.4381 0.0031
vn 0.9984 -0.0430 0.0355
vn 0.9968 -0.0365 0.0713
vn 0.2339 0.9723 0.0026
vn -0.3183 0.9468 -0.0467
vn -0.3523 0.9323 -0.0815
vn 0.1641 0.9855 -0.0422
vn -0.9085 0.3891 -0.1525
vn -0.8319 -0.5472 -0.0922
vn -0.8657 -0.4967 -0.0622
vn -0.9080 0.4029 -0.1150
vn -0.2819 -0.9593 -0.0157
vn -0.3665 -0.9303 -0.0173
vn 0.1895 -0.9808 -0.0461
vn 0.6211 -0.7788 -0.0883
vn 0.5759 -0.7971 -0.1817
vn 0.1075 -0.9923 -0.0609
vn 0.9334 -0.3428 -0.1064
vn 0.9104 -0.3258 -0.2548
vn 0.9603 0.2661 -0.0842
vn 0.6704 0.7418 -0.0181
vn 0.6083 0.7887 -0.0894
vn 0.9289 0.3040 -0.2113
vn 0.7962 -0.5924 0.1231
vn 0.8347 -0.5343 0.1333
vn 0.4535 -0.8895 0.0555
vn 0.3849 -0.9225 0.0304
vn -0.6365 -0.7681 -0.0696
vn -0.7608 -0.6235 -0.1801
vn -0.1832 -0.9804 -0.0722
vn -0.1665 -0.9857 -0.0264
vn -0.9608 0.1160 -0.2520
vn -0.9234 -0.3098 -0.2265
vn -0.9235 -0.3737 -0.0871
vn -0.9863 0.1496 -0.0690
vn -0.6187 0.7736 -0.1372
vn -0.3238 0.9461 -0.0066
vn 0.1793 0.9830 0.0384
vn 0.0408 0.9992 0.0056
vn 0.5935 0.7935 0.1346
vn 0.6824 0.7258 0.0864
vn 0.9217 0.3557 0.1548
vn 0.9050 0.3599 0.2269
vn 0.9686 -0.1319 0.2110
vn 0.9787 -0.0924 0.1833
vn 0.2009 0.9792 -0.0269
vn -0.4382 0.8977 -0.0459
vn -0.4257 0.8996 -0.0978
vn 0.1932 0.9733 -0.1238
vn -0.9626 0.2677 -0.0424
vn -0.8636 -0.5041 -0.0096
vn -0.8769 -0.4800 0.0256
vn -0.9573 0.2869 -0.0360
vn -0.3775 -0.9258 0.0192
vn -0.4045 -0.9132 0.0496
vn 0.1912 -0.9806 0.0429
vn 0.6737 -0.7389 0.0155
vn 0.6443 -0.7531 -0.1332
vn 0.1461 -0.9891 -0.0168
vn 0.9556 -0.2933 -0.0285
vn 0.9319 -0.2887 -0.2197
vn 0.6517 0.7351 -0.1870
vn 0.9366 0.2562 -0.2392
vn 0.9686 0.2431 -0.0529
vn 0.6856 0.7267 -0.0442
vn 0.7323 -0.6807 -0.0196
vn 0.7727 -0.6344 0.0200
vn 0.2841 -0.9583 0.0303
vn 0.2292 -0.9733 -0.0101
vn -0.4193 -0.9079 -0.0013
vn -0.4117 -0.9110 0.0226
vn -0.8321 -0.5545 -0.0128
vn -0.9101 -0.4095 -0.0629
vn -0.9665 0.2325 -0.1091
vn -0.9681 -0.1649 -0.1885
vn -0.9836 -0.1801 -0.0104
vn -0.9597 0.2805 0.0166
vn -0.6576 0.7526 -0.0350
vn -0.4460 0.8943 0.0365
vn 0.0410 0.9990 0.0203
vn -0.0116 0.9993 -0.0346
vn 0.9515 0.3057 0.0340
vn 0.9419 0.3334 -0.0400
vn 0.5950 0.8028 -0.0396
vn 0.6346 0.7727 0.0148
vn 0.9755 -0.2185 -0.0269
vn 0.9816 -0.1874 0.0353
vn -0.5107 0.8541 0.0989
vn -0.5327 0.8455 0.0354
vn 0.0654 0.9979 0.0028
vn 0.1181 0.9929 0.0172
vn -0.9342 -0.3532 0.0493
vn -0.9312 -0.3627 -0.0351
vn -0.9275 0.3735 0.0144
vn -0.9250 0.3557 0.1333
vn -0.4196 -0.9077 0.0044
vn -0.4358 -0.8995 -0.0309
vn 0.5174 -0.8524 -0.0757
vn 0.4649 -0.8784 -0.1110
vn 0.0412 -0.9986 -0.0318
vn 0.0615 -0.9981 0.0055
vn 0.8817 -0.4434 -0.1613
vn 0.8747 -0.4566 -0.1626
vn 0.6267 0.7781 -0.0420
vn 0.6067 0.7941 -0.0361
vn 0.9616 0.2512 -0.1105
vn 0.9694 0.2119 -0.1236
vn 0.5366 -0.8380 0.0992
vn 0.5643 -0.8251 -0.0266
vn 0.0176 -0.9998 0.0077
vn -0.0206 -0.9987 0.0460
vn -0.8761 -0.4813 -0.0292
vn -0.9376 -0.3103 -0.1569
vn -0.5502 -0.8345 -0.0299
vn -0.5086 -0.8610 0.0025
vn -0.9163 0.3230 -0.2369
vn -0.9753 0.0081 -0.2206
vn -0.9981 -0.0222 -0.0574
vn -0.9392 0.3400 -0.0484
vn -0.4864 0.8628 -0.1377
vn -0.3429 0.9394 -0.0049
vn 0.2632 0.9646 -0.0150
vn 0.3229 0.9460 -0.0278
vn 0.7953 0.6043 0.0492
vn 0.7750 0.6309 -0.0373
vn 0.9841 0.1580 -0.0817
vn 0.9851 0.1440 0.0944
vn 0.9153 -0.3859 0.1156
vn 0.9287 -0.3630 -0.0762
vn 0.2873 0.3703 -0.8834
vn 0.5250 0.2175 -0.8228
vn -0.3312 0.5899 -0.7364
vn -0.0213 0.5064 -0.8620
vn -0.7271 0.6625 -0.1802
vn -0.7956 0.6058 0.0096
vn -0.7274 0.6681 -0.1568
vn -0.7687 0.6017 -0.2171
vn 0.3793 0.4981 -0.7798
vn 0.6973 0.3063 -0.6481
vn -0.3327 0.5712 -0.7504
vn 0.0284 0.5787 -0.8150
vn -0.7918 0.5853 -0.1747
vn -0.8425 0.5387 0.0037
vn -0.7527 0.6572 -0.0385
vn -0.8089 0.5484 -0.2119
vn -0.5867 0.7965 -0.1465
vn -0.6493 0.7458 -0.1489
vn 0.4582 0.3949 -0.7963
vn 0.7072 0.1926 -0.6802
vn -0.1619 0.6787 -0.7164
vn 0.0979 0.5769 -0.8109
vn -0.7150 0.6855 -0.1372
vn -0.8236 0.5667 -0.0242
vn -0.7691 0.6387 0.0212
vn -0.8668 0.4944 -0.0652
vn 0.6019 0.5024 -0.6208
vn 0.7820 0.2589 -0.5670
vn 0.0141 0.8098 -0.5865
vn 0.3307 0.7014 -0.6314
vn -0.5580 0.8075 -0.1912
vn -0.7093 0.6810 -0.1818
vn -0.7515 0.6596 -0.0122
vn -0.7668 0.6193 -0.1687
vn -0.8106 0.1016 -0.5767
vn -0.7427 -0.4635 -0.4833
vn -0.6339 0.5719 -0.5207
vn -0.7669 -0.0423 -0.6404
vn -0.6553 -0.5575 -0.5096
vn -0.7028 0.4844 -0.5210
vn -0.6521 0.1324 -0.7465
vn -0.6570 -0.4990 -0.5651
vn -0.5089 0.6761 -0.5329
vn -0.6901 0.4041 -0.6004
vn -0.8232 -0.1508 -0.5473
vn -0.3717 0.8214 -0.4326
vn 0.4864 -0.8642 -0.1291
vn -0.0963 -0.9946 -0.0384
vn -0.9507 -0.2959 0.0926
vn -0.5962 -0.8024 0.0255
vn -0.9956 -0.0200 0.0920
vn -0.9430 0.3196 0.0929
vn -0.7736 0.6289 0.0775
vn -0.5555 0.8270 0.0860
vn 0.0909 0.9957 0.0194
vn 0.6598 0.7448 -0.0994
vn 0.9481 0.2455 -0.2021
vn 0.9119 -0.3532 -0.2088
vn -0.9248 0.3064 -0.2257
vn -0.9408 0.3112 -0.1346
vn 0.7883 -0.6152 0.0095
vn 0.2491 -0.9680 0.0305
vn -0.4950 -0.8671 0.0564
vn -0.9181 -0.3783 0.1181
vn -0.9752 -0.1602 0.1529
vn -0.9467 0.2582 0.1925
vn -0.7738 0.6125 0.1615
vn -0.5716 0.8149 0.0960
vn 0.0445 0.9988 0.0226
vn 0.9637 0.2670 -0.0062
vn 0.6563 0.7544 -0.0138
vn 0.9849 -0.1724 0.0172
vn 0.6712 -0.7384 -0.0648
vn 0.1262 -0.9910 -0.0456
vn -0.4824 -0.8759 -0.0044
vn -0.9121 -0.4091 0.0253
vn -0.9839 0.1754 -0.0353
vn -0.9869 0.1569 0.0367
vn -0.6895 0.7223 -0.0539
vn -0.0389 0.9965 -0.0742
vn 0.5962 0.7971 -0.0957
vn 0.9374 0.3358 -0.0919
vn 0.9703 -0.2330 -0.0653
vn 0.9558 0.2759 0.1017
vn 0.6499 0.7555 0.0824
vn -0.2039 0.9734 -0.1046
vn 0.1872 0.9823 0.0067
vn -0.9246 0.3085 -0.2233
vn -0.6064 0.7714 -0.1927
vn -0.6551 0.7123 -0.2518
vn -0.8965 0.2875 -0.3371
vn -0.9145 -0.2245 -0.3367
vn -0.9391 -0.2799 -0.1994
vn -0.3417 -0.9393 -0.0321
vn -0.7174 -0.6846 -0.1292
vn 0.6827 -0.7271 0.0718
vn 0.2111 -0.9765 0.0437
vn 0.9590 -0.2697 0.0874
vn 0.6799 -0.7213 0.1323
vn 0.2183 -0.9716 0.0911
vn -0.3370 -0.9409 0.0351
vn -0.8301 -0.5548 0.0553
vn -0.9629 -0.2689 0.0226
vn -0.9574 0.2873 0.0282
vn -0.6655 0.7449 -0.0474
vn -0.4092 0.9124 -0.0023
vn 0.2030 0.9778 0.0523
vn 0.9516 0.2560 0.1701
vn 0.6684 0.7312 0.1364
vn 0.9499 -0.2754 0.1481
vn 0.6045 -0.7961 0.0289
vn 0.2342 -0.9719 -0.0225
vn -0.7900 -0.6120 -0.0368
vn -0.1959 -0.9795 -0.0479
vn -0.9593 -0.2644 -0.0988
vn -0.9320 0.3623 -0.0084
vn -0.6074 0.7921 -0.0606
vn -0.3219 0.9467 0.0081
vn 0.2837 0.9586 0.0257
vn 0.6895 0.7225 0.0514
vn 0.9652 0.2493 0.0794
vn 0.9227 -0.3773 0.0793
vn 0.8404 -0.5387 -0.0590
vn 0.7428 -0.6477 -0.1695
vn 0.3446 -0.9358 -0.0739
vn 0.4566 -0.8894 -0.0217
vn -0.2982 -0.9545 0.0012
vn -0.8288 -0.5563 0.0597
vn -0.7870 -0.6100 0.0922
vn -0.2231 -0.9748 0.0045
vn -0.9740 0.1923 0.1201
vn -0.9677 0.1485 0.2037
vn -0.5263 0.8483 0.0581
vn -0.5068 0.8525 0.1283
vn 0.0913 0.9958 0.0002
vn 0.1730 0.9842 0.0375
vn 0.6689 0.7402 -0.0681
vn 0.5877 0.8026 -0.1019
vn 0.8904 0.4071 -0.2036
vn 0.9137 0.3856 -0.1287
vn 0.9533 -0.1826 -0.2404
vn 0.9874 -0.0982 -0.1241
vn -0.9245 -0.3629 0.1167
vn -0.9728 0.1443 0.1813
vn -0.7577 0.6345 0.1526
vn 0.7711 -0.6360 0.0296
vn 0.3146 -0.9488 -0.0283
vn -0.2587 -0.9620 -0.0873
vn -0.7685 -0.6262 -0.1314
vn -0.9922 0.0257 -0.1219
vn -0.9998 0.0043 0.0173
vn -0.7208 0.6894 -0.0721
vn -0.1253 0.9920 -0.0120
vn 0.4927 0.8692 0.0421
vn 0.9076 0.4145 0.0674
vn 0.9869 -0.1468 0.0666
vn 0.8572 -0.4998 -0.1239
vn 0.8020 -0.5740 -0.1655
vn 0.3517 -0.9314 -0.0935
vn 0.4498 -0.8895 -0.0802
vn -0.8103 -0.5856 -0.0220
vn -0.7960 -0.6047 0.0271
vn -0.1830 -0.9829 -0.0215
vn -0.2702 -0.9617 -0.0466
vn -0.9857 0.1632 0.0432
vn -0.9741 0.1688 0.1502
vn -0.5532 0.8307 0.0629
vn -0.4915 0.8673 0.0793
vn 0.0778 0.9969 0.0072
vn 0.2180 0.9759 0.0091
vn 0.6688 0.7427 -0.0321
vn 0.5961 0.7991 -0.0775
vn 0.9126 0.3758 -0.1613
vn 0.9309 0.3587 -0.0690
vn 0.9757 -0.1064 -0.1916
vn 0.9917 -0.0675 -0.1091
vn 0.7410 -0.6668 0.0796
vn 0.2636 -0.9646 0.0107
vn -0.6932 -0.7008 -0.1684
vn -0.2776 -0.9576 -0.0764
vn -0.9242 0.2354 -0.3006
vn -0.9320 -0.2626 -0.2498
vn -0.9292 -0.2842 -0.2362
vn -0.9315 0.2597 -0.2546
vn -0.6460 0.7407 -0.1846
vn -0.6875 0.6894 -0.2280
vn -0.2900 0.9538 -0.0788
vn -0.0072 0.9995 -0.0294
vn 0.4598 0.8880 -0.0107
vn 0.9183 0.3925 0.0517
vn 0.9773 -0.1879 0.0983
vn -0.9500 -0.3108 -0.0291
vn -0.9845 0.1752 0.0057
vn -0.7698 0.6380 -0.0171
vn -0.9674 0.1766 -0.1818
vn -0.9749 0.1728 0.1403
vn 0.6364 0.7713 0.0049
vn 0.9833 0.1817 -0.0069
vn -0.2844 0.9565 -0.0651
vn 0.1396 0.9898 -0.0272
vn -0.9022 0.4094 -0.1359
vn -0.6766 0.7276 -0.1128
vn -0.6502 0.7018 -0.2911
vn -0.8622 0.4142 -0.2916
vn -0.9543 0.0757 -0.2891
vn -0.9894 0.0214 -0.1435
vn -0.4684 -0.8814 -0.0608
vn -0.8500 -0.5118 -0.1249
vn 0.5341 -0.8453 0.0139
vn 0.0130 -0.9999 0.0069
vn 0.8992 -0.4372 -0.0167
vn -0.9975 0.0408 0.0577
vn -0.9243 0.3721 0.0846
vn -0.7483 0.6578 0.0862
vn -0.4598 -0.8865 0.0526
vn -0.8968 -0.4423 0.0087
vn 0.6141 -0.7642 -0.1970
vn 0.0964 -0.9933 -0.0642
vn 0.9305 -0.2821 -0.2337
vn 0.9359 0.3081 -0.1708
vn 0.6190 0.7790 -0.1003
vn -0.3800 0.9137 -0.1442
vn 0.2067 0.9731 -0.1020
vn -0.9446 0.3207 -0.0698
vn -0.8675 -0.4890 -0.0914
vn -0.3877 -0.9188 -0.0737
vn -0.4611 -0.8704 -0.1728
vn -0.8357 -0.4745 -0.2764
vn 0.0459 -0.9938 -0.1015
vn 0.5282 -0.8295 -0.1816
vn 0.5240 -0.8327 -0.1788
vn 0.0342 -0.9864 -0.1610
vn 0.9155 -0.3417 -0.2123
vn 0.9369 -0.3223 -0.1352
vn 0.9298 0.3245 -0.1735
vn 0.9296 0.3575 -0.0894
vn 0.5766 0.8104 -0.1039
vn 0.5651 0.8200 -0.0913
vn 0.1299 0.9878 -0.0855
vn -0.3652 0.9243 -0.1113
vn -0.3833 0.9015 -0.2008
vn 0.0022 0.9935 -0.1135
vn -0.8628 0.4033 -0.3048
vn -0.9102 0.4048 -0.0880
vn 0.3882 0.9208 -0.0373
vn 0.9205 0.3855 -0.0638
vn 0.9749 -0.2175 -0.0469
vn 0.7474 -0.6637 -0.0304
vn 0.2558 -0.9665 -0.0195
vn -0.8185 -0.5742 -0.0187
vn -0.2883 -0.9575 -0.0039
vn -0.9563 -0.2445 -0.1602
vn -0.9584 0.2664 -0.1027
vn -0.6862 0.7210 -0.0967
vn -0.4530 0.8905 -0.0419
vn -0.0276 0.9994 -0.0215
vn -0.4040 0.4940 -0.7699
vn -0.3123 0.2857 -0.9060
vn -0.3638 0.6145 -0.7000
vn -0.4629 0.6811 -0.5673
vn 0.1162 -0.4817 -0.8686
vn 0.1023 -0.6192 -0.7786
vn -0.5404 -0.8414 -0.0047
vn -0.5550 -0.8299 0.0569
vn -0.5318 -0.7854 0.3167
vn -0.5549 -0.7957 0.2428
vn 0.2907 0.4357 -0.8518
vn 0.2195 0.5882 -0.7784
vn 0.5662 0.5837 -0.5819
vn 0.5450 0.4105 -0.7311
vn 0.9736 -0.1770 -0.1442
vn 0.9750 -0.1116 0.1922
vn 0.7690 -0.4737 0.4292
vn 0.9144 -0.3940 0.0925
vn 0.6951 -0.6513 0.3044
vn 0.5375 -0.6696 0.5126
vn 0.1518 -0.8699 0.4694
vn 0.2240 -0.9451 0.2380
vn -0.3021 -0.9231 0.2381
vn -0.2027 -0.9664 -0.1580
vn -0.3691 -0.7811 -0.5036
vn -0.5756 -0.8129 -0.0887
vn -0.7131 -0.4606 -0.5285
vn -0.3812 -0.4987 -0.7784
vn 0.0329 0.2768 -0.9604
vn -0.1551 0.4396 -0.8847
vn 0.2168 0.8085 -0.5471
vn -0.4149 0.6129 -0.6725
vn 0.6789 0.6998 -0.2222
vn 0.3766 -0.7019 0.6046
vn 0.8623 -0.1483 0.4842
vn -0.2537 -0.9175 0.3064
vn -0.2877 -0.8546 0.4323
vn -0.7488 -0.6628 0.0049
vn -0.7786 -0.6147 0.1265
vn -0.9123 -0.2863 -0.2929
vn -0.9452 -0.2686 -0.1855
vn 0.9332 0.3494 0.0837
vn 0.9316 0.3635 -0.0018
vn 0.9080 0.3855 0.1639
vn 0.8789 0.4651 0.1062
vn 0.8380 0.5146 0.1816
vn 0.8613 0.1712 -0.4785
vn 0.9151 0.3390 -0.2185
vn 0.4457 -0.1351 -0.8849
vn 0.6656 -0.0149 -0.7462
vn 0.1691 -0.1859 -0.9679
vn -0.5371 0.0531 -0.8418
vn -0.2502 -0.0951 -0.9635
vn -0.8492 0.1615 -0.5028
vn -0.7772 0.1380 -0.6139
vn -0.8249 0.0675 -0.5613
vn -0.8587 0.1380 -0.4935
vn 0.5140 0.2013 -0.8338
vn 0.3933 0.1568 -0.9059
vn 0.4439 -0.8009 -0.4019
vn 0.7768 -0.6073 -0.1667
vn 0.0765 -0.7852 -0.6145
vn 0.2396 0.0783 -0.9677
vn -0.8744 0.2299 -0.4273
vn -0.8791 0.2049 -0.4304
vn -0.9114 -0.3474 -0.2207
vn -0.9459 -0.2636 -0.1891
vn -0.6893 -0.7243 -0.0131
vn -0.7194 -0.6818 0.1329
vn -0.4518 -0.8551 0.2543
vn -0.1498 -0.8686 0.4724
vn -0.2419 -0.8127 0.5301
vn 0.4426 -0.6563 0.6110
vn 0.2260 -0.8199 0.5260
vn 0.3305 -0.8538 0.4022
vn 0.6401 -0.5900 0.4921
vn 0.8849 -0.0645 0.4614
vn 0.8668 -0.0562 0.4955
vn 0.8226 0.5274 0.2125
vn 0.8138 0.5398 0.2152
vn 0.4878 0.8689 -0.0838
vn 0.4662 0.8804 -0.0867
vn 0.0185 0.9416 -0.3361
vn 0.0733 0.9231 -0.3776
vn -0.4991 0.7275 -0.4708
vn -0.4590 0.7257 -0.5126
vn -0.7627 -0.6065 -0.2245
vn -0.8109 -0.3684 -0.4547
vn -0.7466 -0.6204 -0.2404
vn -0.7272 -0.6772 -0.1120
vn -0.6635 -0.7061 -0.2475
vn -0.6562 -0.6020 -0.4550
vn -0.5463 -0.8349 0.0674
vn -0.1383 -0.9305 0.3391
vn 0.3424 -0.8323 0.4360
vn 0.7290 -0.5087 0.4580
vn 0.7384 -0.5630 0.3712
vn 0.9800 -0.1121 0.1642
vn 0.9900 -0.0732 0.1208
vn 0.7176 0.5941 -0.3635
vn 0.7841 0.4136 -0.4628
vn 0.9184 0.3368 -0.2074
vn 0.9209 0.3763 -0.1021
vn 0.3984 0.4735 -0.7855
vn 0.6689 -0.0683 -0.7402
vn -0.7219 -0.1502 -0.6755
vn 0.0807 -0.6675 -0.7402
vn -0.1528 -0.1600 -0.9752
vn -0.2823 -0.8147 -0.5066
vn -0.5084 -0.5226 -0.6844
vn -0.4445 -0.8231 -0.3534
vn -0.6075 -0.7689 -0.1996
vn 0.1590 0.8594 -0.4859
vn -0.4071 0.6712 -0.6195
vn -0.4247 0.6399 -0.6405
vn 0.1874 0.8300 -0.5253
vn -0.8751 0.1721 -0.4523
vn -0.8684 0.2111 -0.4488
vn -0.9531 -0.2519 -0.1679
vn -0.9506 -0.2588 -0.1713
vn -0.7576 -0.6393 0.1316
vn -0.7704 -0.6219 0.1405
vn -0.2537 -0.8498 0.4620
vn -0.2823 -0.8341 0.4739
vn 0.4022 -0.6562 0.6385
vn 0.3727 -0.6611 0.6512
vn 0.8559 -0.0604 0.5136
vn 0.8487 -0.0849 0.5221
vn 0.8481 0.5015 0.1709
vn 0.8854 0.4406 0.1479
vn 0.6464 0.7203 -0.2518
vn 0.5836 0.7940 -0.1701
vn -0.2583 0.5224 -0.8127
vn 0.1799 0.7143 -0.6763
vn -0.8118 -0.4526 -0.3689
vn -0.6723 0.1094 -0.7322
vn -0.4664 -0.8721 0.1482
vn 0.1380 -0.8495 0.5092
vn -0.2604 -0.8999 0.3498
vn 0.4678 -0.6986 0.5413
vn 0.9352 -0.1188 0.3336
vn 0.6180 -0.6064 0.5004
vn 0.9044 0.4247 -0.0411
vn 0.5693 0.7108 -0.4130
vn -0.9600 -0.2787 -0.0256
vn -0.8876 -0.4600 -0.0254
vn -0.9770 -0.2134 0.0003
vn -0.9958 -0.0894 -0.0202
vn -0.7023 -0.7108 0.0400
vn -0.7212 -0.6887 -0.0749
vn 0.2100 -0.9777 -0.0069
vn 0.7183 -0.6957 -0.0061
vn 0.7047 -0.7031 -0.0951
vn 0.1713 -0.9843 -0.0427
vn -0.3892 -0.9210 -0.0147
vn -0.3411 -0.9397 -0.0249
vn -0.6973 -0.7109 -0.0920
vn -0.8120 -0.5824 -0.0377
vn -0.8513 -0.5065 -0.1366
vn -0.8324 -0.5518 -0.0517
vn -0.8804 0.3538 -0.3157
vn -0.9267 -0.1233 -0.3550
vn -0.9569 -0.0277 -0.2890
vn -0.9083 0.3299 -0.2573
vn 0.9501 -0.2524 -0.1832
vn 0.9797 -0.2006 -0.0035
vn 0.8777 0.1331 -0.4604
vn 0.8297 0.5568 -0.0393
vn 0.6231 -0.6960 -0.3569
vn 0.6937 -0.5980 -0.4015
vn 0.2058 -0.9304 -0.3035
vn 0.2037 -0.9517 -0.2298
vn 0.6931 -0.5414 -0.4759
vn 0.9256 -0.1083 -0.3627
vn 0.9011 0.0676 -0.4284
vn 0.8951 -0.2628 -0.3603
vn 0.6945 -0.5178 -0.4996
vn 0.8955 0.2010 -0.3971
vn 0.6262 0.5946 -0.5043
vn 0.3989 -0.5882 -0.7035
vn 0.7766 -0.3593 -0.5175
vn 0.0592 -0.9882 -0.1413
vn 0.5759 -0.7835 -0.2334
vn -0.2411 0.7709 -0.5896
vn -0.6806 -0.3621 -0.6369
vn -0.6015 -0.7977 -0.0433
vn -0.8977 -0.4208 -0.1305
vn -0.1031 0.9718 -0.2120
vn 0.1345 0.9909 -0.0095
vn -0.3330 0.9337 -0.1316
vn 0.6181 0.7123 -0.3325
vn 0.8853 0.3373 -0.3200
vn 0.9249 0.3699 -0.0881
vn 0.5879 0.8089 -0.0031
vn 0.4792 0.0954 -0.8725
vn 0.8211 -0.2207 -0.5264
vn -0.8937 0.1972 -0.4030
vn -0.8092 -0.0191 -0.5872
vn 0.1345 -0.8488 -0.5114
vn 0.5078 -0.8381 -0.1993
vn -0.9047 -0.3958 -0.1574
vn -0.5191 -0.8444 -0.1321
vn 0.9374 -0.2893 -0.1939
vn 0.9216 -0.1741 -0.3468
vn 0.8394 -0.5419 -0.0412
vn 0.8921 -0.3320 -0.3064
vn 0.9903 0.1314 0.0455
vn 0.9776 0.1725 -0.1207
vn -0.9364 0.3268 -0.1279
vn -0.9836 -0.1051 -0.1463
vn -0.9498 0.2702 -0.1579
vn -0.5405 0.8370 -0.0856
vn -0.7946 0.5966 -0.1132
vn -0.7754 0.6250 -0.0897
vn -0.3475 0.9369 -0.0384
vn -0.5672 0.8069 -0.1651
vn 0.1871 0.9823 -0.0055
vn 0.1137 0.9935 -0.0073
vn 0.6836 0.7282 0.0484
vn 0.6531 0.7567 -0.0288
vn -0.8841 0.3890 -0.2588
vn -0.9583 -0.1516 -0.2422
vn -0.8711 0.3883 -0.3008
vn -0.8740 0.3858 -0.2955
vn -0.6005 0.7477 -0.2835
vn -0.5925 0.7654 -0.2512
vn -0.8415 0.3987 -0.3646
vn -0.9403 -0.1169 -0.3197
vn -0.9369 -0.1653 -0.3080
vn -0.9853 0.0732 -0.1541
vn -0.9004 -0.4214 -0.1081
vn -0.8807 -0.4514 -0.1432
vn -0.8180 0.5531 -0.1580
vn 0.2514 0.9648 -0.0774
vn 0.4268 0.5764 -0.6968
vn -0.5884 0.7970 -0.1360
vn -0.7292 0.4235 -0.5374
vn -0.4868 0.5840 -0.6496
vn -0.0700 0.9895 -0.1264
vn 0.2506 -0.6609 -0.7074
vn -0.7761 -0.4327 -0.4588
vn -0.5965 -0.5650 -0.5701
vn -0.9127 -0.0607 -0.4040
vn -0.9455 -0.2017 -0.2555
vn -0.6132 0.6564 -0.4394
vn -0.7215 0.6868 -0.0878
vn -0.6247 0.7785 -0.0603
vn -0.8959 0.1788 -0.4066
vn -0.9765 -0.0763 -0.2017
vn 0.8782 -0.3074 -0.3664
vn 0.8604 -0.2496 -0.4443
vn 0.8727 -0.2345 -0.4283
vn 0.8912 -0.1014 -0.4422
vn 0.9122 -0.0746 -0.4030
vn 0.9073 -0.0024 -0.4205
vn 0.9646 -0.1191 -0.2351
vn 0.9576 0.0692 -0.2796
vn 0.0376 0.9894 0.1404
vn 0.0949 0.9884 0.1182
vn -0.2798 0.9524 0.1208
vn -0.3804 0.9133 0.1457
vn -0.3865 0.9126 0.1335
vn -0.0103 0.9873 0.1583
vn -0.6042 -0.7917 0.0905
vn -0.6704 -0.7389 -0.0679
vn -0.3520 -0.9322 -0.0846
vn -0.0469 -0.9761 -0.2123
vn -0.0309 -0.9474 -0.3185
vn -0.4143 -0.8821 -0.2244
vn 0.0020 -0.9671 -0.2542
vn -0.0366 -0.9993 -0.0093
vn -0.2383 -0.9673 0.0864
vn -0.5496 -0.8124 0.1946
vn -0.3909 -0.8914 -0.2292
vn -0.3648 -0.9099 -0.1974
vn -0.7177 -0.6806 -0.1474
vn -0.7057 -0.6918 -0.1531
vn 0.0484 -0.9727 -0.2269
vn 0.6605 0.7481 -0.0642
vn 0.5333 0.3999 0.7454
vn -0.6704 -0.7416 -0.0221
vn -0.2931 -0.9556 -0.0313
vn -0.2562 -0.7159 0.6495
vn -0.5296 -0.5908 0.6087
vn 0.4098 -0.6474 0.6426
vn 0.0903 -0.7547 0.6498
vn 0.1074 -0.9934 -0.0393
vn 0.5325 -0.8449 -0.0511
vn 0.9117 -0.4040 -0.0745
vn 0.7283 -0.3614 0.5821
vn 0.7800 -0.0235 0.6253
vn 0.9966 0.0301 -0.0763
vn 0.9893 -0.1349 -0.0563
vn 0.6668 -0.1228 0.7350
vn 0.9980 -0.0584 -0.0245
vn 0.8989 0.4363 -0.0408
vn 0.6927 0.7170 -0.0778
vn -0.3980 0.9170 -0.0254
vn -0.2879 0.9458 -0.1502
vn -0.6183 0.7789 -0.1052
vn -0.6742 0.7376 0.0371
vn -0.9973 -0.0623 0.0384
vn -0.9734 -0.2256 0.0399
vn -0.6423 -0.1642 0.7486
vn -0.7392 -0.2090 0.6403
vn -0.9749 0.2228 0.0048
vn -0.9818 0.1071 0.1570
vn -0.8326 0.5517 -0.0493
vn -0.8462 0.5329 0.0071
vn 0.4338 0.8890 -0.1465
vn 0.0978 0.9784 -0.1819
vn 0.0016 0.9972 -0.0749
vn 0.3913 0.9168 -0.0797
vn -0.9023 -0.4311 0.0078
vn -0.6803 -0.3335 0.6527
vn 0.9280 0.2618 -0.2650
vn 0.6609 0.7420 -0.1121
vn 0.9034 -0.0928 -0.4187
vn 0.9175 0.3910 -0.0726
vn 0.5967 0.8004 0.0572
vn 0.5292 0.8460 0.0655
vn 0.8697 0.4897 -0.0626
vn 0.4668 0.8768 0.1157
vn 0.8367 0.5473 0.0218
vn 0.9833 -0.1469 -0.1076
vn 0.9769 -0.0550 -0.2063
vn 0.9319 -0.2773 -0.2340
vn 0.9596 -0.1829 -0.2136
vn 0.9772 -0.2025 -0.0639
vn 0.9623 -0.2502 -0.1064
vn 0.9812 0.0181 -0.1923
vn 0.9789 -0.0428 -0.1996
vn 0.9514 -0.2388 -0.1945
vn 0.9320 -0.2682 -0.2439
vn 0.9892 -0.0031 0.1468
vn 0.6963 -0.4716 0.5411
vn 0.8703 0.2833 -0.4030
vn 0.9043 0.3017 -0.3021
vn 0.9220 0.3028 -0.2412
vn 0.9211 0.2296 -0.3143
vn 0.9685 0.2071 0.1387
vn 0.9938 0.0638 -0.0907
vn 0.8487 -0.5286 0.0155
vn 0.9792 0.2008 0.0289
vn 0.6372 0.7706 0.0143
vn -0.5378 0.8428 -0.0233
vn 0.0571 0.9984 -0.0033
vn -0.9382 0.3458 -0.0098
vn -0.9224 -0.3827 -0.0527
vn -0.4386 -0.8945 -0.0867
vn 0.3819 -0.9240 -0.0193
vn -0.0089 -0.9982 -0.0598
vn 0.9643 0.0419 -0.2616
vn 0.9538 -0.2364 -0.1853
vn 0.9358 -0.2694 -0.2274
vn 0.9614 -0.1680 -0.2179
vn 0.9908 0.1286 -0.0431
vn 0.9750 -0.1683 -0.1454
vn 0.9438 -0.2622 -0.2014
vn 0.9658 -0.1100 -0.2348
vn 0.9419 0.1808 -0.2832
vn -0.4706 0.8774 0.0938
vn -0.6725 0.7358 0.0790
vn -0.7194 0.6945 -0.0117
vn -0.8176 0.5617 -0.1268
vn -0.8109 0.5844 -0.0287
vn -0.7883 0.6002 -0.1357
vn -0.7878 0.6072 -0.1030
vn -0.8762 0.4804 -0.0396
vn -0.8663 0.4889 -0.1026
vn -0.9303 0.3388 -0.1403
vn -0.9401 0.3346 -0.0652
vn -0.9314 0.3292 -0.1552
vn -0.9239 0.3607 -0.1275
vn -0.9755 0.2168 -0.0383
vn -0.9682 0.2337 -0.0897
vn -0.9967 0.0249 -0.0772
vn -0.9998 0.0170 -0.0086
vn -0.9807 -0.1956 0.0014
vn -0.9974 -0.0703 -0.0178
vn -0.9974 -0.0166 -0.0700
vn -0.9765 -0.2151 -0.0132
vn -0.6495 0.7571 0.0703
vn -0.8230 -0.5676 -0.0206
vn -0.8176 -0.5757 0.0082
vn -0.8918 0.4525 -0.0007
vn -0.8105 0.5855 0.0136
vn -0.7605 -0.6444 -0.0798
vn -0.8654 -0.4979 -0.0560
vn -0.6668 -0.7332 -0.1336
vn -0.8314 0.5555 0.0118
vn -0.6401 0.2507 0.7263
vn -0.9999 -0.0004 0.0125
vn -0.7515 -0.2333 0.6171
vn -0.7577 -0.0955 0.6456
vn -0.9982 0.0580 -0.0139
vn -0.9944 0.1056 -0.0044
vn -0.9999 -0.0089 0.0147
vn -0.9574 0.2886 -0.0060
vn -0.9728 0.2316 0.0007
vn -0.9095 0.4156 -0.0029
vn -0.9909 -0.1333 0.0203
vn -0.2199 0.9593 -0.1772
vn -0.2387 0.9679 -0.0792
vn -0.5286 0.8368 -0.1429
vn -0.5380 0.8285 -0.1555
vn -0.7394 0.6541 -0.1596
vn -0.7701 0.6292 -0.1052
vn -0.9989 -0.0263 -0.0376
vn -0.9535 0.2942 -0.0657
vn -0.9319 0.3370 -0.1342
vn -0.9962 0.0085 -0.0863
vn -0.9725 -0.2307 -0.0308
vn -0.9714 -0.2288 -0.0631
vn -0.8923 -0.4440 -0.0819
vn -0.8981 -0.4365 -0.0530
vn -0.7074 -0.6978 -0.1127
vn -0.6905 -0.7198 -0.0715
vn -0.3411 -0.9296 -0.1395
vn -0.3198 -0.9441 -0.0798
vn 0.0690 -0.9839 -0.1648
vn 0.0826 -0.9916 -0.0992
vn 0.4886 -0.8505 -0.1948
vn 0.5113 -0.8508 -0.1217
vn 0.8319 -0.5204 -0.1928
vn 0.8786 -0.4638 -0.1141
vn 0.9567 -0.2746 -0.0969
vn 0.9961 -0.0823 -0.0328
vn 0.9641 -0.2600 0.0541
vn 0.9912 -0.1259 0.0407
vn 0.9100 0.4106 -0.0568
vn 0.9207 0.3829 -0.0762
vn 0.9917 -0.1179 -0.0518
vn 0.9997 0.0040 -0.0229
vn 0.6945 0.7191 -0.0227
vn 0.6934 0.7125 -0.1071
vn 0.4369 0.8874 -0.1475
vn 0.4389 0.8985 0.0014
vn 0.1140 0.9933 -0.0176
vn 0.1508 0.9732 -0.1735
vn -0.0716 0.6605 0.7474
vn 0.2331 0.6773 0.6978
vn -0.5378 0.4447 0.7163
vn -0.4238 0.5351 0.7308
vn -0.5068 0.2867 0.8130
vn 0.8092 0.5875 0.0023
vn 0.8715 0.4902 0.0145
vn 0.5518 0.8327 0.0469
vn -0.0073 0.9985 0.0550
vn -0.5786 0.8132 -0.0624
vn -0.5125 0.8584 -0.0214
vn -0.5450 0.8326 -0.0984
vn 0.3568 -0.8642 0.3549
vn 0.0683 -0.9680 0.2416
vn -0.2620 -0.9552 0.1378
vn -0.3546 -0.9244 0.1406
vn 0.1437 -0.8837 0.4454
vn -0.9842 0.1768 0.0050
vn -0.9309 0.3652 -0.0014
vn 0.9276 -0.3065 0.2137
vn 0.9764 -0.1231 0.1773
vn 0.9333 -0.3532 0.0647
vn 0.9788 -0.1940 0.0656
vn 0.9666 -0.2463 0.0706
vn 0.9359 -0.3512 0.0290
vn 0.9239 -0.3818 -0.0247
vn 0.7005 -0.4908 0.5181
vn 0.0972 -0.8639 0.4941
vn 0.8006 0.5939 0.0796
vn 0.4177 0.8944 0.1601
vn -0.0272 0.9851 0.1697
vn -0.3855 0.9150 0.1194
vn -0.6453 0.7620 0.0540
vn -0.8218 0.5698 0.0087
vn 0.8319 0.3553 0.4264
vn 0.7968 0.4670 0.3834
vn 0.9200 -0.2236 -0.3219
vn 0.9354 -0.2593 -0.2404
vn 0.9617 -0.2216 -0.1615
vn 0.9708 -0.2055 -0.1236
vn 0.9748 -0.1642 -0.1509
vn 0.9634 -0.1387 -0.2295
vn 0.9657 -0.0799 -0.2471
vn 0.9402 0.3085 -0.1443
vn 0.1781 -0.8976 -0.4033
vn -0.4203 -0.8823 -0.2118
vn -0.1898 -0.9400 -0.2834
vn 0.6379 0.7700 -0.0111
vn 0.1341 0.9892 0.0586
vn -0.2594 0.9635 0.0660
vn -0.5261 0.8504 -0.0039
vn -0.6470 0.7128 -0.2706
vn -0.7948 0.5198 -0.3132
vn -0.8058 0.3986 -0.4379
vn -0.5563 0.7224 -0.4106
vn -0.6289 0.7567 -0.1785
vn -0.7238 0.6719 -0.1574
vn -0.4240 0.8694 -0.2538
vn -0.8925 0.3614 -0.2700
vn -0.9246 0.2948 -0.2414
vn -0.9160 0.1542 -0.3704
vn -0.8473 0.2905 -0.4446
vn -0.7819 0.4876 -0.3884
vn -0.9845 0.0215 -0.1741
vn -0.9434 0.2816 -0.1753
vn -0.9398 0.0634 -0.3358
vn -0.9880 0.0249 -0.1524
vn -0.9793 -0.0305 -0.2002
vn -0.9235 -0.0603 -0.3789
vn -0.9801 -0.1902 -0.0575
vn -0.9755 -0.1175 -0.1862
vn 0.7378 -0.3486 0.5781
vn 0.8314 0.0570 0.5528
vn 0.4236 0.4834 0.7661
vn 0.9851 -0.0051 0.1719
vn 0.2272 -0.2514 0.9408
vn 0.6489 -0.5139 0.5611
vn 0.1633 -0.7643 0.6239
vn -0.1647 -0.1325 0.9774
vn -0.3775 -0.2504 0.8915
vn -0.2343 -0.8128 0.5334
vn -0.5206 -0.1891 0.8326
vn -0.5251 -0.7794 0.3419
vn -0.5857 -0.2720 0.7635
vn -0.7894 -0.6132 0.0288
vn -0.7085 -0.6939 0.1289
vn -0.7140 0.1279 0.6883
vn -0.7433 -0.0065 0.6689
vn 0.7981 -0.3070 0.5184
vn 0.3819 -0.7076 0.5945
vn 0.3195 -0.8877 0.3316
vn 0.3367 -0.6397 0.6909
vn -0.8794 0.4261 -0.2124
vn -0.8684 0.4640 -0.1748
vn -0.7847 0.5933 -0.1797
vn -0.3317 -0.8846 -0.3278
vn -0.1177 0.0269 -0.9927
vn 0.2647 0.9157 -0.3025
vn 0.3280 0.9444 0.0234
vn -0.2769 -0.5406 -0.7944
vn -0.3370 -0.9407 -0.0395
vn 0.1262 0.7644 -0.6323
vn 0.2389 0.9683 -0.0727
vn -0.2640 -0.9545 -0.1390
vn -0.2906 -0.6360 -0.7149
vn -0.1107 0.6550 -0.7474
vn 0.0396 0.9942 -0.0995
vn -0.9965 0.0577 -0.0613
vn 0.6098 0.7925 -0.0080
vn 0.9690 0.2461 -0.0221
vn 0.8697 -0.4910 -0.0496
vn 0.4169 -0.9076 -0.0491
vn 0.0092 -0.9994 -0.0342
vn -0.4506 -0.8914 -0.0481
vn -0.9316 -0.3618 -0.0362
vn -0.9278 0.3731 -0.0083
vn -0.5402 0.8415 0.0011
vn 0.0471 0.9989 -0.0043
vn -0.9423 -0.3345 0.0132
vn -0.9731 0.0667 -0.2204
vn -0.8305 0.0166 -0.5568
vn -0.9322 -0.1161 -0.3427
vn -0.8521 -0.2314 -0.4694
vn -0.9717 0.2337 0.0343
vn -0.9594 0.2749 -0.0631
vn -0.9290 0.3605 0.0832
vn -0.7904 0.5389 -0.2914
vn -0.6693 0.6641 -0.3333
vn -0.9778 0.1841 -0.1004
vn -0.9446 0.2935 0.1471
vn -0.9585 0.2592 0.1186
vn -0.9382 0.3234 0.1232
vn -0.8843 0.4013 -0.2389
vn -0.8942 0.3598 -0.2663
vn -0.8621 0.4280 -0.2714
vn -0.9355 0.2720 -0.2257
vn -0.0021 -0.9572 0.2893
vn -0.5238 0.8354 -0.1665
vn -0.8340 0.5517 0.0080
vn -0.9910 0.1228 0.0526
vn -0.5806 0.8135 -0.0326
vn 0.9627 0.2704 0.0135
vn 0.9952 -0.0952 -0.0215
vn 0.8422 -0.5390 -0.0121
vn 0.4347 -0.8990 0.0526
vn -0.5572 -0.8148 0.1601
vn -0.9079 -0.4020 0.1190
vn -0.9015 0.3698 -0.2247
vn -0.9698 0.2142 -0.1168
vn 0.6707 0.0822 -0.7371
vn 0.6823 0.0091 -0.7310
vn 0.3904 0.4834 -0.7835
vn 0.4285 0.8044 -0.4114
vn -0.6111 -0.1100 -0.7839
vn -0.2135 -0.6029 -0.7687
vn -0.6890 -0.2553 -0.6783
vn -0.6003 0.1801 -0.7792
vn -0.6132 0.0257 -0.7895
vn -0.3188 0.4191 -0.8501
vn 0.4749 0.5530 -0.6846
vn 0.4499 0.5256 -0.7220
vn 0.2093 -0.5505 -0.8082
vn 0.2487 0.6391 -0.7278
vn -0.0724 0.7253 -0.6846
vn 0.4772 -0.4556 -0.7515
vn 0.3693 -0.5643 -0.7384
vn -0.0081 -0.7033 -0.7109
vn -0.4339 -0.5674 -0.6999
vn -0.5584 -0.3485 -0.7528
vn -0.4481 0.6778 -0.5829
vn -0.5820 0.2057 -0.7867
vn -0.5794 0.2227 -0.7840
vn -0.2232 0.5731 -0.7885
vn 0.1248 0.5650 -0.8156
vn -0.0228 0.7072 -0.7067
vn 0.3053 0.7373 -0.6026
vn 0.6394 0.4411 -0.6298
vn -0.4345 0.6363 -0.6375
vn -0.3139 0.7708 -0.5544
vn 0.6247 0.2150 -0.7507
vn 0.4531 -0.4000 -0.7967
vn 0.4656 -0.5625 -0.6833
vn 0.1915 -0.6513 -0.7343
vn -0.1089 -0.6723 -0.7322
vn -0.6883 0.1272 -0.7142
vn 0.6117 -0.1736 -0.7718
vn -0.5763 0.6274 -0.5237
vn -0.0080 0.7196 -0.6943
vn 0.7333 -0.3555 -0.5795
vn 0.6288 0.2570 -0.7338
vn 0.0754 -0.6144 -0.7854
vn -0.4626 0.5770 -0.6731
vn -0.7207 0.0802 -0.6886
vn -0.4207 0.5040 -0.7543
vn 0.7679 0.2045 -0.6071
vn 0.5783 -0.2707 -0.7696
vn -0.4503 -0.6173 -0.6451
vn -0.5332 -0.4068 -0.7418
vn -0.7260 -0.1621 -0.6683
vn -0.8749 -0.0392 0.4828
vn 0.7070 0.4515 0.5442
vn 0.1297 -0.8474 0.5149
vn 0.8098 -0.1736 -0.5604
vn 0.1081 -0.5141 0.8509
vn 0.0782 -0.5858 0.8067
vn 0.0652 -0.8712 0.4865
vn 0.0310 -0.6612 0.7496
vn -0.0436 -0.7210 0.6915
vn -0.0344 -0.8850 0.4644
vn -0.2259 -0.7575 0.6125
vn -0.2032 -0.8792 0.4309
vn -0.0004 -0.8010 0.5986
vn 0.0037 -0.8992 0.4376
vn 0.1020 -0.9051 0.4128
vn -0.0174 -0.9245 0.3807
vn 0.1269 -0.4524 -0.8827
vn 0.6656 -0.3226 -0.6730
vn -0.1558 -0.9117 0.3801
vn 0.0024 -0.9320 0.3625
vn -0.5099 -0.3750 -0.7742
vn -0.5406 0.5232 0.6588
vn -0.1592 -0.8502 0.5018
vn 0.0012 -0.8575 0.5145
vn -0.0046 0.4507 0.8927
vn 0.9950 -0.0644 0.0768
vn 0.9912 -0.1320 -0.0034
vn 0.9928 0.0257 0.1167
vn 0.8479 0.3331 0.4125
vn -0.1340 -0.8002 0.5846
vn -0.1080 -0.5142 0.8508
vn -0.0783 -0.5858 0.8067
vn -0.1338 -0.8460 0.5161
vn -0.0677 -0.8705 0.4876
vn -0.0308 -0.6614 0.7494
vn 0.0352 -0.8858 0.4627
vn 0.2078 -0.8799 0.4274
vn 0.2255 -0.7575 0.6127
vn 0.0436 -0.7210 0.6915
vn -0.5209 -0.1802 -0.8344
vn -0.6113 -0.3258 -0.7212
vn 0.1582 -0.9129 0.3763
vn 0.0180 -0.9268 0.3750
vn 0.3499 -0.3406 -0.8727
vn -0.5602 -0.3750 -0.7386
vn 0.5684 0.4953 0.6570
vn 0.1609 -0.8508 0.5002
vn -0.0000 -0.0000 -0.0000
vn 0.4281 -0.4057 -0.8076
vn 0.9628 -0.1563 -0.2204
vn -0.8765 0.2612 0.4043
vn 0.1450 0.8092 0.5693
vn -0.6335 0.5948 0.4949
vn -0.5665 -0.0883 0.8193
vn -0.4905 -0.0304 0.8709
vn -0.5326 -0.0256 0.8460
vn -0.2835 0.2835 0.9161
vn 0.3391 -0.7078 0.6197
vn -0.0246 -0.8641 -0.5027
vn -0.8677 -0.2452 0.4324
vn -0.6798 -0.6911 -0.2455
vn 0.2688 -0.7084 -0.6526
vn 0.1537 -0.5937 0.7898
vn -0.8935 0.2096 0.3971
vn 0.0126 -0.6555 0.7551
vn 0.9985 -0.0223 -0.0509
vn 0.9982 -0.0089 -0.0595
vn 0.1766 -0.5653 0.8058
vn -0.7856 0.4424 0.4325
vn 0.1610 -0.5588 0.8135
vn 0.1698 -0.5548 0.8145
vn 0.1565 -0.6068 0.7793
vn 0.2454 -0.6266 -0.7397
vn 0.3201 -0.7983 0.5102
vn 0.3365 -0.7444 0.5768
vn 0.3217 -0.5200 -0.7913
vn -0.9644 -0.1939 -0.1796
vn -0.5101 -0.5965 -0.6197
vn 0.0370 -0.6313 0.7746
vn 0.7877 -0.4934 -0.3690
vn 0.1841 -0.1762 -0.9670
vn -0.0091 -0.9418 0.3362
vn 0.2492 -0.8841 0.3953
vn 0.2142 -0.2981 -0.9302
vn -0.2511 -0.9058 0.3412
vn -0.0219 -0.4294 -0.9029
vn -0.1051 -0.4436 -0.8901
vn 0.0076 -0.9294 0.3691
vn 0.1096 -0.7214 0.6838
vn -0.0109 -0.8130 0.5821
vn -0.2243 -0.8209 0.5252
vn 0.0062 -0.8448 0.5350
vn 0.6514 -0.3960 -0.6472
vn 0.2658 -0.6579 -0.7046
vn 0.4105 -0.6714 -0.6170
vn 0.4624 -0.5897 -0.6622
vn 0.0239 -0.8648 -0.5016
vn -0.3399 -0.7067 0.6205
vn -0.1537 -0.5933 0.7902
vn 0.0998 0.8748 0.4741
vn -0.9903 0.0558 -0.1271
vn 0.7905 -0.5370 -0.2945
vn -0.1770 -0.5643 0.8063
vn 0.7067 0.5331 0.4652
vn -0.1616 -0.5575 0.8143
vn -0.1705 -0.5532 0.8154
vn -0.3376 -0.7429 0.5780
vn -0.1523 -0.5584 -0.8155
vn -0.2539 -0.8812 0.3988
vn -0.1004 -0.3029 -0.9477
vn -0.3352 -0.4508 -0.8273
vn -0.3222 -0.7960 0.5124
vn 0.2566 -0.9041 0.3417
vn 0.1845 -0.3884 -0.9028
vn -0.1130 -0.7189 0.6859
vn -0.1584 -0.6045 0.7807
vn -0.2390 -0.1910 -0.9521
vn 0.0040 -0.9406 0.3395
vn 0.2296 -0.8198 0.5246
vn 0.0080 -0.8119 0.5838
vn 0.1941 0.7806 0.5942
vn -0.0115 -0.7908 -0.6119
vn 0.0108 -0.7912 -0.6114
vn 0.3718 0.7112 0.5967
vn 0.0476 0.9125 0.4064
vn -0.1140 0.9021 0.4161
vn 0.0787 0.7267 0.6825
vn 0.5227 -0.8423 0.1319
vn 0.5036 -0.8592 0.0903
vn 0.6590 -0.6359 0.4016
vn 0.5908 -0.6681 0.4523
vn 0.7956 -0.2299 0.5605
vn 0.8167 0.0497 0.5750
vn 0.7677 -0.0416 0.6395
vn 0.7076 -0.2786 0.6494
vn 0.3997 -0.2333 0.8865
vn 0.4157 -0.6731 0.6117
vn 0.2565 -0.8648 0.4316
vn 0.0738 0.7401 -0.6685
vn -0.0298 0.7892 -0.6134
vn -0.0127 0.9882 0.1527
vn 0.1338 0.9798 0.1489
vn -0.0156 -0.3399 -0.9403
vn -0.0824 -0.3732 -0.9241
vn 0.4380 0.8989 -0.0130
vn 0.1053 0.9676 -0.2295
vn 0.2481 0.9277 -0.2791
vn 0.3794 0.9247 0.0304
vn 0.8092 0.3733 0.4537
vn 0.7530 0.3252 0.5721
vn 0.6006 0.7104 0.3669
vn 0.7305 0.6537 0.1976
vn 0.2479 0.9523 0.1782
vn 0.2900 0.9507 -0.1098
vn 0.4479 0.0781 0.8906
vn 0.4476 0.7072 0.5473
vn 0.0822 -0.3275 0.9413
vn -0.0991 0.0744 0.9923
vn -0.3076 -0.5611 0.7685
vn 0.1145 -0.8188 0.5626
vn 0.9720 -0.0742 -0.2230
vn 0.9451 0.0844 -0.3158
vn -0.1224 -0.3416 -0.9318
vn 0.3367 -0.2807 -0.8988
vn 0.5739 -0.7995 -0.1773
vn 0.3213 -0.9101 -0.2616
vn 0.4048 -0.8873 0.2211
vn 0.0199 -0.9616 0.2737
vn 0.2170 -0.9554 0.2001
vn 0.1423 -0.8844 0.4445
vn -0.0017 -0.8888 0.4583
vn -0.6825 0.1408 -0.7172
vn -0.6676 -0.2412 -0.7044
vn -0.9587 -0.2721 0.0823
vn -0.9697 0.2442 0.0085
vn 0.0313 0.6438 -0.7645
vn 0.4567 0.8368 -0.3019
vn -0.5271 0.8489 -0.0401
vn -0.7886 0.6146 -0.0208
vn -0.5906 0.4100 -0.6950
vn 0.9842 0.0083 0.1767
vn 0.8335 0.1933 -0.5176
vn -0.7123 0.6559 0.2499
vn 0.4681 0.7548 -0.4595
vn 0.9057 0.3891 0.1685
vn 0.7593 0.2787 -0.5880
vn 0.9825 0.1106 -0.1496
vn 0.9686 0.2481 0.0141
vn 0.6112 0.7488 -0.2563
vn 0.1432 0.9781 0.1511
vn 0.3111 0.9282 0.2040
vn 0.2961 0.9459 0.1329
vn 0.5339 0.7928 0.2939
vn 0.5432 0.8315 0.1163
vn 0.2108 0.6692 -0.7126
vn -0.7564 -0.6454 0.1059
vn -0.5669 -0.4767 -0.6718
vn 0.5866 0.1347 -0.7986
vn 0.5973 0.1067 -0.7949
vn 0.7437 0.4099 -0.5281
vn 0.8393 0.1297 -0.5280
vn 0.6653 0.5438 -0.5115
vn 0.6021 -0.1139 -0.7903
vn 0.1751 -0.8646 0.4710
vn 0.1079 -0.8410 0.5301
vn -0.0043 -0.6203 0.7844
vn 0.1309 -0.8492 0.5115
vn 0.7153 -0.6938 -0.0835
vn 0.4219 -0.3704 -0.8275
vn 0.4611 -0.1207 -0.8791
vn 0.9529 -0.2893 -0.0908
vn 0.2658 -0.9631 -0.0419
vn 0.1669 -0.5116 -0.8428
vn -0.5711 -0.4408 0.6925
vn -0.1014 -0.9645 0.2440
vn 0.8936 0.3287 0.3057
vn -0.5160 0.1353 0.8459
vn -0.0799 -0.9701 -0.2291
vn -0.3116 -0.4344 -0.8451
vn -0.5733 -0.8158 0.0758
vn -0.7394 -0.6496 0.1767
vn -0.5372 -0.8033 0.2570
vn -0.8495 -0.3654 0.3805
vn -0.7333 -0.6321 0.2504
vn -0.9583 0.1735 0.2269
vn -0.6414 -0.1469 0.7530
vn -0.7166 -0.1310 0.6850
vn -0.9200 -0.3115 0.2377
vn -0.6867 -0.4294 0.5866
vn -0.2813 -0.0906 0.9553
vn -0.9747 0.2167 0.0550
vn -0.8822 0.1379 0.4502
vn -0.7536 0.6573 -0.0120
vn -0.2681 -0.1510 0.9515
vn -0.7252 0.5893 0.3561
vn -0.6018 0.4293 0.6734
vn -0.4818 0.8759 -0.0269
vn -0.5233 0.8520 0.0190
vn -0.1508 0.9868 -0.0592
vn -0.2582 0.8901 0.3756
vn -0.1455 0.9893 -0.0073
vn 0.3383 0.9349 -0.1074
vn 0.0888 0.4607 -0.8831
vn 0.3060 0.9482 -0.0856
vn 0.3135 0.9477 -0.0600
vn 0.7121 0.6963 -0.0897
vn 0.2489 0.4314 -0.8672
vn 0.7153 0.6901 -0.1102
vn 0.3901 0.1828 -0.9025
vn 0.9342 0.3490 -0.0740
vn 0.4238 -0.0244 -0.9054
vn 0.9955 0.0386 -0.0865
vn 0.8412 -0.1515 -0.5191
vn 0.5262 -0.6084 -0.5941
vn 0.8595 -0.3300 -0.3903
vn 0.0446 -0.8627 0.5038
vn 0.8014 0.5846 0.1267
vn 0.7681 0.5326 0.3555
vn 0.4154 0.5887 -0.6935
vn -0.1624 -0.3446 -0.9246
vn -0.1683 -0.2374 -0.9567
vn 0.9357 -0.0198 0.3523
vn 0.8828 0.2690 0.3852
vn 0.8102 0.1607 0.5637
vn 0.6327 -0.0787 0.7704
vn 0.5035 -0.2309 0.8326
vn 0.9321 -0.2358 0.2750
vn 0.9344 0.3119 0.1721
vn 0.9937 -0.0744 0.0836
vn -0.3751 0.6843 0.6254
vn -0.8519 0.2722 0.4474
vn -0.9239 -0.3824 -0.0155
vn -0.7790 -0.2610 -0.5701
vn -0.5696 -0.5550 -0.6062
vn -0.6857 -0.7273 -0.0286
vn -0.9993 0.0159 -0.0345
vn -0.7814 0.0931 -0.6170
vn 0.5852 -0.0108 -0.8108
vn 0.4937 0.1685 -0.8532
vn 0.9173 -0.0011 -0.3982
vn 0.8646 0.2977 -0.4047
vn 0.6392 0.6441 -0.4203
vn 0.3726 0.4018 -0.8365
vn 0.1676 0.5885 -0.7909
vn -0.2216 -0.7030 -0.6758
vn -0.3062 -0.9502 -0.0578
vn 0.2223 0.8862 -0.4065
vn -0.1097 0.7640 -0.6358
vn -0.1591 0.9695 0.1863
vn 0.0379 -0.3624 -0.9313
vn -0.9190 0.3844 -0.0879
vn -0.6280 0.3683 -0.6856
vn -0.6960 0.7068 -0.1265
vn -0.3067 0.9428 -0.1306
vn -0.1976 0.6686 -0.7169
vn -0.4666 0.5126 -0.7208
vn 0.6013 -0.2498 -0.7590
vn 0.4492 -0.5366 -0.7143
vn 0.1846 -0.6172 -0.7649
vn 0.8494 -0.3598 -0.3860
vn 0.6099 -0.6981 -0.3750
vn -0.0492 -0.4579 0.8876
vn -0.1138 -0.8279 0.5492
vn 0.2685 -0.5976 0.7555
vn 0.0034 -0.0317 0.9995
vn -0.9945 -0.0101 -0.1043
vn -0.4632 -0.1618 -0.8714
vn -0.8016 -0.1646 -0.5748
vn -0.9885 -0.0101 0.1506
vn -0.9866 0.0623 -0.1510
vn -0.9905 -0.0963 -0.0983
vn -0.3368 -0.3136 0.8878
vn -0.9366 0.3480 -0.0413
vn -0.8582 0.3549 -0.3707
vn -0.8990 0.3643 0.2429
vn -0.7406 0.4662 -0.4840
vn -0.8694 0.0956 -0.4847
vn -0.5917 0.1508 -0.7919
vn -0.5151 0.4198 -0.7473
vn -0.0344 0.6319 -0.7743
vn 0.0732 -0.7138 -0.6965
vn -0.1434 0.9000 -0.4117
vn -0.2562 0.8731 -0.4148
vn -0.4164 0.7872 -0.4549
vn -0.2915 0.6445 -0.7069
vn -0.1112 0.6358 -0.7638
vn -0.1293 -0.8627 0.4890
vn 0.0320 -0.7029 0.7106
vn -0.2442 -0.8769 0.4140
vn -0.1333 -0.8599 0.4928
vn -0.7041 -0.7043 -0.0908
vn -0.9171 -0.3829 -0.1111
vn -0.2965 -0.9537 -0.0497
vn -0.2852 -0.9566 -0.0589
vn -0.6888 -0.7062 -0.1636
vn -0.5226 -0.8232 -0.2221
vn -0.8215 -0.5603 0.1058
vn 0.1709 -0.9834 0.0605
vn 0.1235 -0.9923 -0.0029
vn 0.3190 -0.9444 0.0796
vn 0.4636 -0.8531 0.2392
vn 0.6485 -0.4114 0.6404
vn 0.8561 -0.2525 0.4510
vn 0.5339 0.1831 0.8255
vn 0.9839 0.1469 0.1019
vn -0.8228 0.0209 0.5680
vn 0.6548 0.2070 0.7269
vn 0.9308 -0.3536 0.0924
vn 0.6172 -0.3245 0.7168
vn 0.4763 -0.1783 0.8610
vn 0.7932 0.2081 0.5723
vn 0.5124 -0.2675 0.8160
vn -0.8119 0.5257 0.2538
vn 0.7247 0.5812 0.3701
vn 0.4787 0.8780 0.0028
vn 0.5072 0.8618 -0.0098
vn 0.7338 0.6778 0.0458
vn -0.3314 0.9379 -0.1029
vn -0.3824 0.9183 -0.1023
vn 0.1252 0.9900 -0.0656
vn 0.1407 0.9884 -0.0566
vn -0.7136 0.6920 -0.1092
vn -0.7056 0.7018 -0.0983
vn -0.9315 0.3430 -0.1209
vn -0.9119 0.3919 -0.1217
vn -0.9912 -0.0223 -0.1307
vn -0.9277 -0.3409 -0.1523
vn -0.9927 0.0325 -0.1160
vn 0.1058 0.6595 -0.7442
vn -0.0454 -0.6958 -0.7168
vn 0.2553 -0.8869 -0.3850
vn -0.8583 -0.1992 -0.4729
vn -0.6413 -0.1175 -0.7582
vn -0.6541 -0.5913 -0.4717
vn -0.3831 -0.8213 -0.4227
vn -0.3175 -0.6030 -0.7318
vn -0.5566 -0.4400 -0.7047
vn -0.1175 -0.9041 -0.4109
vn -0.4101 -0.6583 -0.6313
vn 0.8340 0.2285 0.5022
vn 0.3470 0.6178 0.7057
vn 0.5476 -0.4399 -0.7117
vn 0.4093 -0.5827 -0.7021
vn 0.0936 -0.9940 -0.0559
vn 0.3010 -0.6503 -0.6975
vn 0.0087 -0.9684 0.2494
vn -0.0038 -0.9951 0.0991
vn 0.1053 -0.9896 0.0979
vn -0.0131 -0.9698 0.2437
vn -0.0277 -0.9806 0.1942
vn -0.0880 -0.9880 0.1273
vn -0.0453 -0.5646 -0.8241
vn -0.1171 -0.6977 -0.7067
vn 0.0104 -0.9949 0.1006
vn 0.0448 -0.9984 -0.0337
vn 0.0069 -0.9984 -0.0555
vn 0.0316 -0.9699 0.2414
vn 0.0795 -0.9776 0.1949
vn -0.1526 -0.9632 0.2214
vn -0.2666 -0.9517 0.1522
vn -0.2550 -0.6069 -0.7527
vn -0.7905 -0.5964 0.1396
vn -0.6675 -0.6885 0.2836
vn -0.8352 -0.4604 0.3007
vn -0.8911 -0.4301 0.1447
vn -0.1833 -0.9146 -0.3604
vn -0.4418 -0.8970 0.0152
vn 0.3125 -0.9124 -0.2644
vn -0.0347 0.3203 -0.9467
vn 0.2671 -0.6527 -0.7090
vn 0.0929 -0.6752 -0.7318
vn -0.0474 0.3280 -0.9435
vn 0.8824 -0.1659 -0.4403
vn 0.9497 -0.3091 0.0496
vn 0.9155 -0.3918 0.0916
vn 0.7994 0.0883 -0.5943
vn -0.1252 0.1021 -0.9869
vn -0.1157 0.0975 -0.9885
vn -0.6331 -0.3593 -0.6856
vn -0.7474 0.1457 -0.6482
vn 0.0389 0.5510 -0.8336
vn 0.2082 0.1805 -0.9613
vn 0.0686 -0.6904 -0.7202
vn 0.0462 0.2467 -0.9680
vn 0.1022 0.3346 -0.9368
vn -0.4648 0.1657 -0.8697
vn 0.1742 0.2472 -0.9532
vn 0.0394 0.3458 -0.9375
vn -0.0569 0.3941 -0.9173
vn 0.5509 -0.8335 0.0420
vn 0.7839 -0.6170 0.0696
vn 0.7345 -0.1177 -0.6683
vn 0.9628 -0.0613 0.2631
vn 0.8979 0.4385 0.0396
vn 0.1215 0.9874 -0.1011
vn 0.3208 0.6252 -0.7115
vn 0.5025 0.4909 -0.7117
vn 0.8342 0.2525 -0.4903
vn 0.4134 0.9038 0.1108
vn 0.6461 0.5375 0.5420
vn 0.1238 0.9908 0.0539
vn -0.1504 0.9804 -0.1274
vn 0.9968 -0.0507 0.0616
vn 0.9335 0.3516 0.0707
vn -0.3883 -0.5468 0.7418
vn -0.7308 0.3898 0.5603
vn 0.7057 0.3863 0.5939
vn 0.3331 -0.6155 0.7143
vn 0.0474 -0.9736 0.2233
vn 0.0909 -0.9887 0.1188
vn 0.0927 -0.9872 0.1301
vn 0.7858 0.1710 0.5944
vn 0.8262 0.4182 0.3775
vn 0.7782 0.4941 0.3876
vn 0.5823 0.7460 0.3230
vn 0.6349 0.7693 -0.0715
vn 0.8153 0.5784 0.0282
vn -0.0551 0.9798 0.1921
vn 0.1506 0.9844 0.0906
vn -0.0634 0.9957 -0.0668
vn -0.0109 0.9939 -0.1101
vn -0.2113 0.9448 0.2503
vn -0.1744 0.9841 -0.0325
vn -0.9007 0.3443 0.2649
vn -0.1681 0.9857 -0.0102
vn 0.9638 0.2424 0.1113
vn 0.4727 -0.8579 0.2013
vn 0.7085 -0.6740 0.2092
vn 0.3568 -0.7086 0.6087
vn 0.3014 -0.3679 0.8797
vn 0.8794 -0.4409 0.1797
vn 0.0726 -0.9925 -0.0979
vn -0.2066 -0.9781 -0.0253
vn -0.0797 -0.9967 0.0139
vn 0.0778 -0.6702 -0.7381
vn -0.0942 0.3703 -0.9241
vn 0.5801 -0.8070 0.1107
vn 0.8301 -0.5458 0.1143
vn 0.8605 -0.3229 -0.3940
vn 0.5308 -0.6639 -0.5267
vn 0.4363 -0.8926 0.1137
vn 0.6906 -0.4240 -0.5859
vn -0.1143 0.0447 -0.9924
vn -0.1118 0.2677 -0.9570
vn -0.1331 0.1081 -0.9852
vn -0.1570 -0.0882 -0.9837
vn -0.9606 -0.1613 -0.2262
vn -0.9006 0.2234 -0.3728
vn -0.4997 -0.4157 0.7599
vn -0.3782 -0.5358 0.7549
vn -0.5246 -0.4866 -0.6986
vn -0.6283 -0.7606 0.1632
vn -0.5298 -0.7974 0.2888
vn -0.8500 0.1968 0.4887
vn -0.5728 0.3651 0.7339
vn -0.9393 0.3432 -0.0029
vn -0.3922 -0.9183 -0.0545
vn -0.3824 -0.9196 -0.0897
vn -0.4584 -0.8887 0.0041
vn -0.1668 -0.9840 0.0621
vn -0.3532 -0.9350 -0.0324
vn -0.2484 -0.9686 -0.0049
vn 0.0342 -0.9988 -0.0343
vn 0.0052 -0.9932 0.1161
vn -0.4880 -0.7931 0.3645
vn -0.5553 -0.2311 0.7989
vn -0.6371 0.3727 0.6747
vn -0.9808 -0.1527 0.1211
vn -0.9349 -0.3097 0.1732
vn -0.4718 0.8734 0.1209
vn -0.2717 0.9493 -0.1582
vn -0.3640 0.9287 -0.0706
vn -0.9761 -0.1277 -0.1760
vn -0.9609 0.1840 -0.2067
vn -0.9835 0.1214 -0.1345
vn -0.9723 -0.1430 0.1849
vn -0.2238 -0.4578 0.8604
vn -0.0374 -0.2812 0.9589
vn -0.0176 -0.1449 0.9893
vn 0.2871 -0.5323 0.7964
vn 0.1410 -0.5288 0.8370
vn 0.0644 0.9564 0.2850
vn 0.1518 0.5942 0.7899
vn -0.0916 0.6913 0.7168
vn -0.0017 0.9609 0.2770
vn 0.2658 0.5905 0.7620
vn 0.0063 0.9574 0.2886
vn -0.0262 0.9640 0.2646
vn 0.2849 0.5409 0.7914
vn -0.0073 0.9954 0.0950
vn 0.0568 0.9948 0.0844
vn -0.0255 0.9971 0.0714
vn -0.7763 0.4705 -0.4195
vn -0.5842 0.8113 0.0233
vn -0.2340 -0.4962 0.8361
vn 0.1428 -0.2748 0.9508
vn 0.3563 0.5587 0.7489
vn 0.0441 0.9652 0.2578
vn -0.1882 0.6743 0.7141
vn -0.0699 0.9579 0.2784
vn -0.0246 0.9597 0.2799
vn -0.0807 0.7355 0.6727
vn 0.1348 0.9909 0.0026
vn -0.0552 0.9945 0.0890
vn 0.0143 0.9980 0.0620
vn 0.3746 0.8933 0.2484
vn 0.1018 -0.9872 -0.1227
vn 0.1422 -0.9898 -0.0121
vn -0.8979 0.3855 -0.2127
vn -0.2344 0.9400 -0.2478
vn -0.2547 0.9077 -0.3334
vn 0.7826 -0.0727 0.6182
vn 0.6041 -0.7926 -0.0825
vn 0.5481 -0.8321 -0.0850
vn 0.3214 -0.9469 0.0129
vn 0.4283 -0.9023 -0.0493
vn 0.5989 -0.8007 0.0105
vn 0.0848 -0.9923 0.0903
vn 0.1401 -0.9876 -0.0714
vn 0.3207 -0.9455 -0.0559
vn 0.6363 -0.7441 0.2037
vn -0.1492 -0.4169 -0.8966
vn -0.1738 -0.9847 0.0098
vn 0.0065 -0.9555 0.2950
vn -0.0012 -0.8888 0.4583
vn -0.0224 -0.8695 0.4934
vn -0.0044 -0.8823 0.4707
vn -0.0319 -0.9605 0.2764
vn -0.1570 -0.8811 0.4461
vn -0.2521 -0.9464 0.2017
vn -0.1149 -0.5418 0.8326
vn -0.2878 -0.4137 0.8637
vn -0.1020 -0.8020 0.5885
vn -0.0133 0.5992 0.8005
vn -0.3443 -0.6307 0.6955
vn 0.3032 -0.8892 0.3427
vn 0.5558 -0.8229 0.1177
vn 0.1794 -0.9837 0.0127
vn 0.2347 -0.9700 0.0630
vn 0.1902 -0.9541 0.2315
vn 0.2463 0.9684 0.0401
vn 0.4544 0.8902 0.0336
vn 0.0002 0.9912 0.1322
vn -0.8134 -0.5441 0.2059
vn -0.4481 -0.5835 0.6773
vn -0.0656 -0.9927 0.1011
vn -0.5339 -0.8270 0.1761
vn -0.3880 -0.9002 0.1977
vn 0.5371 -0.4098 0.7373
vn 0.1862 -0.9677 0.1701
vn 0.3397 -0.9183 0.2035
vn 0.0967 0.9939 0.0531
vn -0.0361 0.9991 0.0206
vn -0.3545 0.9211 0.1608
vn -0.0828 0.9951 -0.0535
vn -0.3398 0.9402 0.0228
vn -0.2727 0.9567 -0.1016
vn -0.1599 0.9730 -0.1667
vn -0.1804 0.9698 -0.1639
vn 0.0068 0.9866 -0.1628
vn 0.0092 0.9792 -0.2028
vn -0.5382 0.8066 0.2443
vn -0.6235 0.7507 0.2184
vn -0.7820 0.6230 -0.0145
vn 0.2757 0.9120 -0.3037
vn 0.7142 0.6985 0.0449
vn 0.3904 0.9196 -0.0449
vn 0.1684 0.9773 -0.1288
vn 0.1858 0.9642 -0.1891
vn 0.8496 0.5234 -0.0650
vn 0.9635 0.2673 0.0158
vn 0.3938 -0.9192 -0.0064
vn 0.4662 -0.8837 0.0416
vn 0.6560 -0.7523 0.0606
vn 0.8616 -0.4228 0.2810
vn 0.4643 0.8850 -0.0342
vn 0.7751 0.6292 0.0574
vn -0.7342 -0.6218 0.2728
vn -0.9824 -0.1517 0.1089
vn -0.9965 0.0739 0.0398
vn -0.9484 0.3167 -0.0143
vn -0.7879 0.5921 -0.1691
vn -0.5095 0.8536 -0.1085
vn -0.3807 0.9244 0.0245
vn -0.8539 0.5204 -0.0058
vn -0.6659 0.6802 0.3065
vn -0.9657 0.2314 0.1182
vn -0.9249 0.2883 0.2479
vn -0.8003 0.3519 0.4854
vn -0.9891 0.0301 0.1444
vn -0.9681 0.0127 0.2503
vn -0.8428 0.0613 0.5347
vn -0.9342 -0.2694 0.2339
vn -0.9245 -0.3540 0.1414
vn -0.8148 -0.3005 0.4958
vn -0.2017 -0.9759 0.0832
vn -0.2756 -0.9606 0.0361
vn 0.2957 -0.9547 -0.0325
vn -0.1799 -0.9819 -0.0599
vn 0.6540 -0.7431 -0.1414
vn 0.3346 -0.9421 -0.0213
vn 0.3315 -0.9395 -0.0865
vn 0.6780 -0.7138 -0.1756
vn 0.8273 -0.5258 0.1978
vn 0.8231 -0.5406 -0.1737
vn 0.9375 -0.1927 0.2899
vn 0.9557 -0.2553 -0.1468
vn 0.9821 -0.1643 -0.0924
vn 0.9566 0.0588 0.2854
vn 0.9916 0.0809 -0.1006
vn 0.9933 0.0875 -0.0753
vn 0.9012 0.3805 0.2073
vn 0.9366 0.3322 -0.1115
vn 0.9428 0.2809 -0.1795
vn 0.8022 0.5951 -0.0481
vn 0.8339 0.5334 0.1417
vn 0.7718 0.4027 -0.4921
vn 0.6174 0.4613 -0.6372
vn -0.1374 0.0310 -0.9900
vn -0.9811 0.0591 0.1840
vn -0.2143 0.3268 0.9205
vn -0.7905 0.1848 0.5839
vn -0.6670 0.2736 0.6930
vn -0.0594 0.3585 0.9316
vn 0.6282 0.2543 0.7353
vn 0.8007 0.1367 0.5832
vn 0.2160 0.3218 0.9218
vn 0.7530 -0.5020 -0.4254
vn 0.3282 -0.8781 0.3481
vn 0.7302 -0.6830 0.0203
vn -0.1174 0.9922 0.0416
vn -0.1225 0.9700 -0.2102
vn -0.1209 0.9615 -0.2467
vn -0.0623 0.9910 -0.1183
vn 0.0211 0.9965 -0.0807
vn -0.0904 0.9711 -0.2207
vn -0.0451 0.9820 -0.1836
vn -0.0170 0.9981 -0.0587
vn -0.0092 0.9810 -0.1937
vn -0.0159 0.9866 -0.1625
vn 0.1203 0.9652 -0.2322
vn -0.0180 0.9966 -0.0799
vn 0.0404 0.9806 -0.1918
vn 0.1880 0.9234 -0.3346
vn 0.1187 0.9628 -0.2428
vn 0.0644 0.9904 -0.1222
vn 0.2594 0.9487 -0.1807
vn -0.2252 0.9602 -0.1653
vn -0.3134 0.9155 -0.2522
vn -0.3854 0.8654 -0.3203
vn -0.3449 0.8902 -0.2976
vn -0.7150 0.6108 -0.3402
vn -0.7047 0.6644 -0.2488
vn 0.3602 0.8877 -0.2868
vn 0.8423 0.4500 -0.2966
vn 0.2370 0.8971 -0.3728
vn 0.5894 0.7825 -0.2007
vn 0.3584 0.9279 -0.1031
vn 0.0196 0.9998 -0.0061
vn -0.9820 0.1878 0.0206
vn -0.9918 0.0232 0.1259
vn -0.9638 -0.2665 -0.0029
vn 0.9093 -0.2625 -0.3230
vn 0.9869 -0.1078 -0.1203
vn 0.9820 0.0744 -0.1736
vn 0.9991 0.0019 0.0424
vn 0.9561 -0.2680 -0.1187
vn 0.9286 -0.3639 -0.0727
vn 0.8220 -0.5372 -0.1892
vn 0.8904 -0.4496 -0.0715
vn 0.7997 -0.5933 -0.0919
vn 0.9680 -0.1326 0.2130
vn 0.9366 -0.3199 0.1432
vn 0.7851 -0.6181 0.0394
vn 0.8847 -0.4470 0.1325
vn 0.9782 -0.1867 0.0910
vn 0.7365 -0.6613 0.1423
vn 0.8111 -0.5753 0.1057
vn 0.4272 -0.4643 0.7758
vn -0.8257 0.5416 -0.1579
vn -0.8408 0.3523 -0.4110
vn -0.3879 -0.8632 0.3231
vn -0.5694 -0.8219 0.0132
vn -0.6099 -0.7859 -0.1021
vn -0.6486 -0.7607 -0.0260
vn -0.9446 -0.2963 0.1413
vn -0.9332 -0.3449 -0.1008
vn -0.8790 -0.4659 0.1009
vn -0.8628 -0.4782 0.1641
vn -0.8320 -0.5520 -0.0548
vn -0.7628 -0.6435 0.0640
vn -0.5632 -0.8259 -0.0243
vn -0.8287 -0.5526 -0.0886
vn -0.6295 -0.7464 -0.2161
vn -0.6992 -0.6870 0.1980
vn -0.9258 -0.3761 0.0391
vn -0.8762 -0.4519 0.1677
vn -0.7710 -0.6341 0.0587
vn -0.9081 -0.3718 -0.1929
vn -0.5310 -0.7207 0.4457
vn -0.6508 -0.3205 0.6883
vn -0.4306 -0.8975 0.0954
vn -0.5632 -0.7671 -0.3072
vn -0.7330 -0.5210 -0.4374
vn -0.9087 -0.3041 -0.2860
vn -0.9596 -0.2486 -0.1319
vn -0.7341 0.0514 0.6771
vn -0.7139 0.3606 0.6002
vn -0.3897 0.1205 0.9130
vn -0.5198 0.2976 0.8008
vn -0.5939 0.7138 0.3712
vn -0.5503 0.7153 0.4306
vn -0.1126 0.9619 0.2493
vn 0.1249 0.6172 0.7768
vn -0.3842 0.9224 0.0408
vn -0.2845 0.9502 0.1273
vn -0.1808 0.9834 -0.0153
vn -0.2543 0.9363 -0.2424
vn -0.2953 0.9409 -0.1658
vn -0.3477 0.9220 -0.1701
vn -0.5407 0.7277 -0.4221
vn -0.7593 0.6061 -0.2368
vn -0.7846 0.4355 -0.4413
vn -0.4769 0.8041 -0.3548
vn -0.9594 0.2217 -0.1742
vn -0.8535 0.4383 -0.2818
vn 0.4668 -0.8809 0.0789
vn 0.7576 -0.6509 -0.0485
vn 0.8181 -0.5528 -0.1585
vn 0.9616 -0.2552 -0.1008
vn 0.9526 -0.3012 -0.0427
vn -0.2372 -0.0867 0.9676
vn -0.3583 -0.6383 0.6813
vn -0.3311 -0.8827 0.3334
vn -0.7817 -0.6221 0.0439
vn -0.5226 -0.8372 0.1611
vn -0.9144 -0.3953 -0.0877
vn -0.7269 -0.6831 -0.0712
vn -0.7871 -0.5896 -0.1809
vn -0.6363 0.3416 -0.6917
vn -0.3201 0.0819 -0.9438
vn 0.0612 0.0129 -0.9980
vn -0.2113 0.2056 -0.9556
vn -0.0170 0.3364 -0.9416
vn -0.7176 0.1234 -0.6854
vn -0.5878 -0.1364 -0.7974
vn 0.0688 0.3641 -0.9288
vn 0.4810 0.3692 -0.7952
vn -0.4197 -0.4231 -0.8030
vn 0.4752 -0.5530 -0.6844
vn 0.2924 -0.4696 -0.8330
vn 0.0133 0.0516 -0.9986
vn -0.9647 0.1260 -0.2313
vn -0.8731 -0.3053 -0.3801
vn 0.0123 -0.3120 -0.9500
vn -0.0191 0.4040 -0.9146
vn 0.6599 -0.7490 0.0598
vn 0.6569 -0.7483 0.0926
vn 0.0630 -0.9966 0.0523
vn 0.0437 -0.9983 -0.0384
vn 0.6622 -0.7484 -0.0370
vn 0.9533 -0.3005 0.0312
vn 0.9398 -0.3220 0.1143
vn 0.0316 -0.9933 -0.1114
vn 0.9013 0.4321 -0.0323
vn 0.9154 0.3974 0.0644
vn 0.7796 0.6259 0.0222
vn 0.7925 0.6099 -0.0068
vn -0.4723 -0.8197 -0.3240
vn 0.0344 -0.7349 -0.6773
vn -0.9469 -0.3212 -0.0157
vn -0.6088 -0.7856 -0.1100
vn -0.6605 -0.7459 -0.0859
vn -0.9427 -0.3332 -0.0152
vn 0.0574 -0.9762 -0.2089
vn 0.6070 -0.7702 -0.1958
vn 0.6525 -0.7408 -0.1599
vn 0.0451 -0.9762 -0.2123
vn -0.9690 -0.2408 -0.0550
vn -0.5570 -0.8235 -0.1077
vn 0.9808 0.1656 0.1034
vn 0.9793 0.1852 0.0815
vn 0.9118 0.3994 0.0957
vn 0.9481 -0.3090 -0.0749
vn -0.6370 -0.7698 -0.0399
vn -0.6407 -0.7658 0.0557
vn -0.9275 -0.3612 0.0967
vn -0.9274 -0.3717 0.0413
vn -0.6519 -0.7518 0.0997
vn -0.9217 -0.3690 0.1195
vn -0.0221 -0.9978 -0.0627
vn 0.0016 -0.9922 -0.1246
vn 0.4680 -0.8078 -0.3585
vn 0.8687 -0.2641 -0.4191
vn -0.6695 0.7414 -0.0465
vn -0.5260 0.8504 -0.0098
vn -0.8778 0.4735 0.0730
vn -0.9394 0.3187 0.1261
vn 0.6190 -0.7768 -0.1157
vn -0.9935 0.0663 0.0927
vn -0.9912 0.1202 0.0556
vn -0.4729 0.8802 -0.0387
vn -0.8445 0.5340 0.0397
vn -0.6257 -0.7717 -0.1137
vn -0.0010 -0.9794 -0.2021
vn -0.9871 0.1445 -0.0687
vn -0.9232 -0.3831 -0.0307
vn -0.0517 0.9881 0.1446
vn -0.6077 0.6587 0.4436
vn -0.5642 0.7665 0.3069
vn -0.0671 0.8996 0.4316
vn 0.0483 -0.9715 0.2320
vn -0.0912 -0.9731 0.2116
vn -0.0712 -0.9801 0.1851
vn 0.0068 -0.9799 0.1994
vn -0.5023 0.6737 0.5420
vn -0.0945 0.8593 0.5026
vn -0.0703 0.9251 0.3731
vn -0.0817 0.8680 0.4898
vn -0.0331 -0.9911 0.1286
vn -0.0241 -0.9975 0.0665
vn -0.8718 -0.0250 0.4891
vn -0.8019 -0.4189 0.4260
vn -0.7632 -0.4610 0.4528
vn -0.7518 0.5942 0.2860
vn -0.8847 0.4493 0.1241
vn -0.1294 0.9254 0.3561
vn -0.0553 0.9247 0.3768
vn -0.0042 -0.7188 0.6952
vn -0.0031 -0.6871 0.7265
vn -0.0468 0.2116 0.9762
vn -0.0281 0.1989 0.9796
vn 0.0358 -0.6416 0.7662
vn 0.2731 -0.5625 0.7804
vn -0.1215 0.0637 0.9905
vn -0.1022 0.2250 0.9690
vn 0.0775 0.4459 0.8917
vn -0.0218 0.5615 0.8272
vn 0.0035 -0.3294 0.9442
vn -0.0042 -0.4086 0.9127
vn -0.4779 0.1912 0.8573
vn -0.4501 -0.3861 0.8052
vn 0.1761 -0.0694 0.9819
vn 0.2939 0.5119 0.8072
vn 0.0007 -0.7232 0.6906
vn 0.0260 0.2013 0.9792
vn -0.3198 -0.6307 0.7070
vn 0.1690 0.0527 0.9842
vn -0.0869 0.5754 0.8133
vn 0.0373 -0.3338 0.9419
vn -0.6306 -0.1397 0.7634
vn -0.4519 -0.6456 0.6156
vn 0.5111 -0.3716 0.7751
vn -0.0744 -0.1184 0.9902
vn 0.5381 -0.1740 0.8247
vn -0.1482 -0.1568 0.9764
vn 0.4604 0.0101 0.8876
vn -0.2368 -0.2370 0.9422
vn 0.3447 0.2084 0.9153
vn -0.1975 -0.3281 0.9238
vn 0.8972 -0.0625 0.4372
vn 0.8665 0.2512 0.4314
vn 0.7694 -0.4389 0.4640
vn 0.0513 -0.9762 0.2107
vn 0.0061 -0.9836 -0.1802
vn 0.6417 -0.7591 0.1096
vn -0.0097 -0.9827 0.1851
vn 0.0630 -0.9979 -0.0134
vn 0.2178 -0.9691 0.1157
vn 0.6510 -0.7564 0.0638
vn 0.5737 -0.8158 0.0734
vn 0.7612 -0.6389 0.1111
vn 0.1074 -0.9942 -0.0040
vn 0.2524 -0.9642 0.0815
vn 0.8094 -0.4613 0.3635
vn 0.4008 -0.8742 0.2740
vn 0.3659 -0.8605 0.3544
vn 0.1571 -0.9642 0.2137
vn 0.1800 -0.9833 0.0260
vn 0.2553 -0.9576 -0.1335
vn 0.2840 -0.9579 0.0424
vn 0.1938 -0.9807 0.0270
vn 0.2244 -0.9731 -0.0525
vn 0.2319 -0.9719 -0.0406
vn -0.1204 -0.9885 0.0915
vn 0.1228 -0.9800 0.1565
vn 0.2033 -0.9711 0.1253
vn 0.0856 -0.9731 0.2138
vn 0.0753 -0.9533 0.2926
vn 0.0845 -0.9771 0.1951
vn 0.0910 -0.9692 0.2289
vn 0.9625 -0.2634 0.0644
vn 0.9416 -0.3236 0.0933
vn 0.8887 -0.1143 0.4441
vn 0.8360 0.2762 0.4742
vn 0.9281 -0.2874 0.2367
vn 0.0541 0.7864 -0.6153
vn -0.7685 0.5960 -0.2329
vn 0.0578 0.9078 -0.4154
vn -0.3879 0.8619 -0.3265
vn 0.7263 0.6868 0.0296
vn -0.7807 0.6058 -0.1532
vn -0.4076 0.8932 -0.1901
vn 0.0640 -0.9976 0.0268
vn -0.1222 -0.9883 -0.0915
vn 0.0581 -0.9978 -0.0324
vn 0.1764 -0.9825 -0.0595
vn 0.0146 -0.9717 -0.2357
vn -0.0109 -0.9886 0.1501
vn -0.1301 -0.9872 -0.0921
vn -0.0781 -0.9908 0.1101
vn 0.1333 0.9189 -0.3713
vn 0.6008 0.7316 -0.3222
vn 0.0610 0.9728 -0.2236
vn 0.0767 0.9941 -0.0764
vn -0.0091 0.9965 -0.0826
vn -0.0135 -0.3372 0.9413
vn -0.0768 -0.4080 0.9098
vn 0.0194 -0.3604 0.9326
vn 0.0001 -0.3585 0.9335
vn -0.0032 -0.1912 0.9815
vn 0.0168 -0.3729 0.9277
vn -0.1787 -0.3436 0.9219
vn -0.5247 0.1851 0.8309
vn -0.4338 0.1360 0.8907
vn 0.0749 0.0233 0.9969
vn 0.1629 -0.0968 0.9819
vn 0.1595 -0.0580 0.9855
vn 0.1177 0.1628 0.9796
vn 0.1102 0.0611 0.9920
vn 0.0298 0.1337 0.9906
vn -0.0438 0.1538 0.9871
vn -0.0463 0.1338 0.9899
vn -0.0824 0.0835 0.9931
vn -0.1637 -0.0555 0.9849
vn -0.1598 -0.1226 0.9795
vn -0.1330 -0.0994 0.9861
vn -0.1452 -0.1434 0.9790
vn -0.1142 -0.2438 0.9631
vn 0.9513 0.2120 -0.2239
vn -0.9965 0.0690 0.0477
vn 0.1944 0.9744 -0.1131
vn -0.4544 0.8898 -0.0430
vn -0.8265 0.5620 0.0329
vn -0.4515 0.8922 -0.0127
vn 0.1944 0.9760 -0.0984
vn -0.2129 -0.9758 -0.0508
vn -0.2833 -0.9562 0.0737
vn -0.8223 -0.5689 0.0112
vn -0.4878 -0.8722 0.0355
vn -0.4483 -0.8336 0.3226
vn -0.3622 -0.9303 -0.0576
vn -0.3892 -0.9211 0.0061
vn 0.0552 -0.9558 0.2887
vn -0.3713 -0.9087 0.1910
vn -0.2349 -0.9425 0.2378
vn -0.0365 -0.9859 0.1632
vn -0.4930 -0.7717 0.4018
vn -0.2713 -0.9147 0.2994
vn -0.0676 -0.7568 0.6501
vn -0.9551 -0.2903 0.0586
vn -0.6763 -0.7351 0.0476
vn -0.1829 -0.9769 0.1109
vn 0.9092 -0.4073 0.0868
vn 0.9424 -0.3221 0.0905
vn 0.5625 -0.8102 -0.1650
vn 0.8613 0.4682 0.1972
vn 0.8794 0.4348 0.1938
vn 0.8538 0.5207 0.0015
vn 0.8117 0.5691 0.1312
vn 0.7338 0.6124 0.2941
vn 0.6400 0.7613 0.1039
vn 0.5601 0.7347 0.3828
vn 0.6728 0.5614 0.4818
vn 0.4709 0.6430 0.6040
vn 0.6046 0.5886 0.5367
vn 0.2118 0.3412 0.9158
vn 0.3400 0.7664 0.5450
vn 0.1224 0.8754 0.4676
vn 0.0712 0.8320 0.5502
vn 0.3419 0.7126 0.6126
vn 0.1715 0.8008 0.5738
vn 0.0212 0.9252 0.3789
vn 0.4224 0.8018 0.4228
vn 0.4833 0.8612 0.1575
vn 0.0106 0.9871 -0.1597
vn -0.1034 0.9876 -0.1179
vn 0.5381 0.8429 0.0041
vn -0.1043 0.9830 -0.1510
vn 0.1943 0.9809 0.0033
vn -0.0288 0.9926 0.1177
vn -0.0160 0.9935 0.1125
vn 0.2037 0.9670 0.1529
vn 0.1823 0.8901 0.4176
vn 0.3952 0.9095 -0.1292
vn -0.1433 0.9428 -0.3010
vn 0.0420 0.9906 -0.1304
vn -0.1503 0.9865 -0.0644
vn -0.5017 0.8623 0.0685
vn 0.9884 0.1488 0.0292
vn 0.9096 0.4108 0.0618
vn 0.6437 0.7652 0.0070
vn 0.8982 0.4370 0.0485
vn 0.5677 0.8231 -0.0153
vn -0.9595 0.2720 -0.0727
vn -0.9791 0.1652 -0.1184
vn -0.9852 0.1335 -0.1073
vn -0.8639 0.5035 -0.0113
vn 0.9997 -0.0240 0.0032
vn 0.9921 0.1232 0.0240
vn 0.9718 0.2356 0.0004
vn 0.9686 -0.1044 0.2257
vn 0.9854 0.1614 -0.0541
vn 0.9350 -0.3390 -0.1046
vn 0.8954 0.4425 -0.0493
vn 0.4213 0.9037 -0.0758
vn 0.2360 0.9689 -0.0749
vn -0.1171 0.9883 -0.0973
vn 0.4043 0.9138 -0.0390
vn -0.8159 0.5005 -0.2895
vn -0.8047 0.5434 -0.2391
vn -0.0096 0.9960 -0.0891
vn -0.0732 0.9893 -0.1260
vn -0.5574 0.8302 0.0083
vn -0.5716 0.7961 -0.1989
vn -0.6035 0.7706 -0.2047
vn 0.7734 0.6214 -0.1252
vn 0.5394 0.8369 -0.0931
vn 0.7832 0.6171 -0.0761
vn 0.9460 0.2998 -0.1235
vn 0.9801 0.1919 -0.0502
vn 0.9604 0.2767 -0.0337
vn 0.8966 0.4196 -0.1419
vn 0.9329 0.3394 -0.1203
vn 0.7071 0.7004 -0.0970
vn -0.8720 0.4892 -0.0182
vn -0.9982 -0.0550 -0.0256
vn -0.9212 -0.3766 -0.0979
vn -0.6153 -0.7776 -0.1292
vn 0.9437 -0.3233 -0.0701
vn 0.8797 -0.4709 -0.0665
vn 0.9334 0.3552 -0.0507
vn 0.2183 -0.9155 0.3379
vn 0.0585 -0.9711 -0.2314
vn 0.2434 -0.9136 -0.3257
vn 0.7256 -0.6850 -0.0650
vn 0.2422 -0.8931 0.3790
vn 0.7639 -0.6427 0.0587
vn 0.1548 -0.9631 0.2200
vn 0.0016 -0.9217 -0.3880
vn -0.2419 0.0695 -0.9678
vn -0.2228 0.1407 -0.9647
vn -0.1797 0.8894 -0.4204
vn 0.5260 0.5719 -0.6295
vn 0.0094 0.1902 -0.9817
vn 0.2907 -0.7869 0.5443
vn 0.2480 -0.8404 0.4819
vn 0.1979 -0.9091 0.3666
vn -0.0013 -0.8774 0.4797
vn -0.0415 -0.8711 0.4894
vn -0.0889 -0.9226 0.3753
vn 0.3397 -0.2679 0.9016
vn 0.4509 -0.2283 0.8629
vn 0.7407 -0.6297 0.2343
vn 0.5191 -0.4632 0.7184
vn -0.1736 0.9015 -0.3965
vn -0.0331 0.9008 -0.4330
vn -0.3246 0.1309 -0.9368
vn -0.7292 -0.0310 -0.6836
vn -0.5798 0.8143 -0.0270
vn -0.7964 -0.4064 -0.4479
vn -0.7818 -0.2519 0.5704
vn -0.0886 -0.9090 -0.4072
vn -0.3444 -0.8571 -0.3831
vn -0.1229 0.2504 -0.9603
vn -0.1989 0.2582 -0.9454
vn -0.1412 -0.8671 0.4777
vn 0.0189 -0.8964 -0.4429
vn 0.2143 -0.1024 -0.9714
vn -0.2498 -0.9577 -0.1430
vn 0.1889 0.9072 0.3759
vn 0.1052 0.8547 0.5084
vn 0.3557 0.8853 0.2996
vn 0.1419 0.6120 0.7780
vn 0.0239 -0.1003 0.9947
vn 0.4555 -0.8892 -0.0429
vn 0.6545 0.1772 -0.7350
vn 0.0640 0.7483 -0.6603
vn -0.1085 0.7869 -0.6074
vn -0.1429 0.3577 -0.9228
vn -0.2243 0.3968 -0.8901
vn 0.0389 -0.8519 -0.5223
vn -0.0670 -0.8740 -0.4813
vn -0.0674 0.8154 -0.5750
vn -0.2330 0.8497 -0.4730
vn -0.2843 0.2208 -0.9330
vn -0.0035 -0.9262 -0.3770
vn -0.2466 0.7851 -0.5681
vn 0.1634 0.8900 -0.4257
vn -0.0506 0.9442 -0.3255
vn 0.7474 0.2404 -0.6193
vn 0.5283 -0.8491 0.0010
vn -0.0265 0.9122 -0.4089
vn -0.2191 0.9113 -0.3486
vn -0.0373 0.9479 -0.3165
vn -0.2023 0.9430 -0.2643
vn -0.0729 0.9680 -0.2402
vn 0.2345 0.9232 -0.3044
vn 0.5875 0.7758 0.2300
vn 0.3729 -0.3835 0.8449
vn 0.6792 -0.3855 0.6245
vn 0.9419 0.1810 0.2828
vn 0.5581 -0.8248 0.0908
vn 0.8776 0.2194 -0.4263
vn 0.5019 0.8142 0.2918
vn 0.6077 0.5522 -0.5708
vn 0.5686 0.5412 -0.6195
vn -0.2162 0.8978 -0.3837
vn 0.5437 0.6367 -0.5468
vn -0.2072 0.9257 -0.3165
vn 0.0349 0.9554 0.2932
vn 0.7000 0.7118 -0.0577
vn 0.0376 0.9344 0.3542
vn 0.3734 -0.2237 0.9003
vn 0.7980 -0.1592 0.5813
vn 0.3608 -0.2488 0.8988
vn 0.1428 0.9367 0.3197
vn 0.1724 0.9177 0.3580
vn 0.4732 0.0514 -0.8794
vn 0.0983 -0.9112 0.4000
vn 0.0767 -0.9010 0.4270
vn 0.7301 -0.6435 0.2299
vn 0.2301 -0.8737 0.4286
vn 0.5360 -0.8040 -0.2574
vn 0.2164 -0.9039 0.3690
vn 0.3190 -0.3615 0.8761
vn 0.2603 -0.2964 0.9189
vn 0.3373 -0.3860 0.8586
vn 0.4058 0.6351 0.6572
vn 0.6609 0.0688 0.7473
vn 0.8866 0.4615 0.0300
vn 0.3233 0.9224 -0.2112
vn -0.7640 0.1038 0.6368
vn -0.3576 -0.5347 0.7657
vn -0.7714 -0.6317 0.0770
vn -0.6766 0.6358 -0.3714
vn 0.4241 0.7537 0.5020
vn 0.1893 0.9784 -0.0833
vn 0.2817 0.9275 -0.2459
vn 0.4287 0.8219 0.3752
vn 0.0471 0.9967 -0.0662
vn 0.2414 0.7942 0.5577
vn -0.1275 0.9456 -0.2993
vn -0.1051 0.9771 -0.1850
vn -0.0421 0.8456 0.5322
vn -0.3230 0.8022 0.5021
vn -0.1107 0.9470 -0.3015
vn -0.0795 0.9535 -0.2908
vn -0.0147 0.9676 -0.2522
vn -0.0849 0.8837 -0.4602
vn -0.0901 0.8611 -0.5004
vn -0.0990 0.8886 -0.4478
vn 0.0606 0.9540 -0.2935
vn -0.0522 0.8985 -0.4358
vn 0.1729 0.8909 -0.4199
vn 0.0833 0.8377 -0.5398
vn -0.4093 0.4074 -0.8164
vn -0.2397 0.2895 -0.9267
vn -0.3367 0.4090 -0.8481
vn -0.0984 0.9549 -0.2802
vn -0.0982 0.9355 -0.3393
vn -0.7119 0.6202 -0.3294
vn -0.7525 -0.6586 -0.0049
vn -0.7828 -0.5995 -0.1666
vn -0.6944 0.6319 -0.3442
vn -0.0492 0.9361 -0.3482
vn -0.4992 0.7119 0.4940
vn 0.2944 -0.4242 0.8564
vn 0.2691 -0.4288 0.8624
vn 0.1448 -0.2487 0.9577
vn -0.0994 -0.9502 0.2953
vn 0.0125 -0.9609 0.2766
vn 0.0978 -0.9414 0.3228
vn 0.1175 -0.9297 0.3491
vn -0.0961 -0.5340 0.8400
vn 0.1336 -0.4174 0.8989
vn 0.2584 -0.9026 0.3443
vn 0.3296 -0.7797 -0.5324
vn 0.6541 -0.5780 -0.4880
vn -0.1612 -0.6448 0.7471
vn 0.8055 -0.5075 0.3059
vn 0.2606 -0.5600 0.7864
vn 0.7977 -0.0863 -0.5968
vn -0.4723 -0.7849 -0.4010
vn -0.3350 -0.8042 -0.4909
vn -0.0176 -0.8201 -0.5720
vn -0.2093 -0.8867 0.4122
vn -0.4162 -0.8376 -0.3538
vn 0.1209 0.4624 -0.8784
vn 0.2408 0.6199 -0.7468
vn -0.1038 0.3995 -0.9108
vn -0.1029 0.5862 -0.8036
vn -0.4773 0.5181 -0.7097
vn -0.4586 0.8876 -0.0418
vn 0.0671 0.9960 -0.0588
vn -0.1454 0.6478 -0.7478
vn -0.1828 0.6541 -0.7340
vn -0.0237 0.9920 -0.1239
vn -0.0518 0.9723 -0.2281
vn 0.0079 0.9638 -0.2666
vn -0.0328 0.6609 -0.7497
vn -0.0767 -0.5200 -0.8507
vn -0.2381 -0.4656 -0.8524
vn -0.2996 -0.4374 -0.8479
vn 0.1425 0.6730 -0.7258
vn -0.1381 -0.5607 -0.8164
vn -0.5200 -0.1410 -0.8425
vn 0.4621 0.5043 -0.7295
vn -0.0981 -0.9951 0.0152
vn -0.0135 -0.9991 -0.0414
vn -0.0278 -0.9720 0.2333
vn 0.0399 -0.9835 0.1764
vn -0.0870 -0.9823 -0.1658
vn -0.1519 -0.9335 -0.3247
vn 0.0320 -0.9983 0.0485
vn -0.0323 -0.9976 -0.0606
vn -0.1954 0.5268 -0.8272
vn -0.2370 -0.5378 -0.8091
vn -0.2175 -0.9270 -0.3054
vn -0.1979 -0.9791 -0.0466
vn -0.6575 -0.7458 -0.1069
vn -0.3671 -0.6932 -0.6203
vn -0.8777 -0.4775 0.0395
vn 0.0489 0.6684 0.7422
vn 0.0325 0.6746 0.7374
vn 0.0300 0.7078 0.7058
vn 0.0817 0.7243 0.6846
vn -0.1602 0.6855 0.7102
vn 0.1040 -0.5399 0.8353
vn 0.1327 -0.5169 0.8457
vn 0.1070 -0.5314 0.8403
vn -0.0622 -0.5383 0.8405
vn -0.4552 -0.5604 0.6919
vn -0.1594 -0.9612 0.2251
vn 0.0381 -0.9643 0.2621
vn 0.0638 -0.5966 0.8000
vn 0.0892 -0.9227 0.3751
vn -0.0241 -0.9330 0.3592
vn 0.0989 -0.9450 0.3119
vn -0.7589 -0.5726 0.3102
vn -0.5091 0.8579 0.0691
vn -0.0162 0.9545 0.2979
vn -0.5672 0.7967 -0.2088
vn -0.6405 0.6842 -0.3486
vn -0.6899 0.2141 -0.6916
vn -0.7513 -0.6394 -0.1636
vn -0.7541 -0.4864 0.4413
vn -0.4157 -0.0332 0.9089
vn -0.4515 0.7219 0.5244
vn -0.7512 0.4435 -0.4888
vn -0.8777 0.3048 -0.3698
vn -0.6080 0.0662 0.7912
vn 0.0716 0.8641 0.4983
vn 0.2844 -0.1699 0.9435
vn 0.8239 -0.2375 0.5145
vn 0.5207 0.7295 0.4435
vn 0.0415 0.8603 0.5081
vn 0.0805 -0.0034 0.9967
vn -0.0193 -0.6229 0.7820
vn 0.1982 -0.0952 0.9755
vn 0.0900 -0.6988 0.7096
vn 0.2219 -0.7677 0.6011
vn -0.6801 -0.4505 0.5783
vn 0.0449 0.8871 0.4594
vn -0.0384 -0.8852 0.4636
vn -0.0541 -0.8894 0.4539
vn 0.0610 -0.9954 0.0740
vn -0.1954 -0.9762 0.0938
vn -0.1888 -0.9793 0.0730
vn 0.0552 -0.9278 0.3690
vn 0.7583 -0.5422 0.3618
vn 0.7604 -0.5996 0.2496
vn 0.8006 -0.5945 0.0743
vn 0.7193 0.3705 -0.5877
vn 0.7355 0.6159 -0.2825
vn 0.6994 0.6911 -0.1824
vn 0.1439 -0.6068 -0.7817
vn 0.8648 -0.3480 -0.3620
vn -0.1729 0.1424 -0.9746
vn -0.3436 0.2308 -0.9103
vn -0.2792 0.4904 -0.8256
vn -0.1730 0.4470 -0.8777
vn -0.1379 0.4191 -0.8974
vn -0.0455 0.0848 -0.9954
vn -0.1103 0.7981 -0.5923
vn -0.2659 0.8195 -0.5077
vn -0.0029 0.7598 -0.6501
vn -0.8039 0.5729 -0.1596
vn -0.7766 0.6282 -0.0473
vn -0.7469 -0.5787 0.3274
vn -0.7522 0.6566 0.0556
vn -0.7951 -0.5975 0.1035
vn -0.7545 0.4765 0.4512
vn -0.8520 -0.3826 -0.3574
vn -0.2809 -0.6283 -0.7255
vn -0.7505 0.1244 -0.6491
vn -0.7074 0.0293 0.7062
vn -0.8142 0.2568 0.5207
vn -0.7284 0.4889 -0.4800
vn 0.0923 0.9850 -0.1458
vn 0.3377 0.7210 0.6051
vn -0.0052 0.9193 -0.3935
vn -0.1352 0.9444 -0.2997
vn -0.0103 0.9172 -0.3983
vn 0.1748 0.9446 -0.2779
vn -0.0637 0.9526 -0.2975
vn -0.1877 0.8558 0.4821
vn 0.4217 0.6934 0.5843
vn 0.1948 -0.0987 0.9759
vn -0.0865 0.7808 -0.6187
vn 0.5554 0.4550 -0.6961
vn 0.7446 0.0884 -0.6616
vn 0.0371 0.1830 -0.9824
vn 0.0724 0.6896 -0.7206
vn -0.0378 0.1810 -0.9828
vn -0.2348 -0.5892 -0.7731
vn -0.0069 0.7742 -0.6329
vn -0.0798 0.1289 -0.9884
vn -0.1289 0.5375 0.8333
vn 0.0494 0.7157 0.6967
vn 0.1881 -0.1820 0.9651
vn -0.0968 -0.0621 0.9934
vn 0.0597 0.6328 0.7720
vn 0.4362 0.6620 0.6095
vn 0.6900 0.0404 0.7227
vn 0.6849 0.6621 0.3042
vn 0.6280 -0.1538 -0.7629
vn 0.5958 0.2489 -0.7636
vn -0.0632 0.5804 -0.8119
vn -0.1274 -0.4579 -0.8798
vn -0.6004 -0.6980 -0.3903
vn -0.6012 0.6369 -0.4826
vn 0.0688 0.9962 -0.0532
vn 0.4981 0.7485 -0.4378
vn 0.7127 0.5965 0.3691
vn 0.8265 0.5522 0.1097
vn 0.8806 -0.4685 0.0714
vn 0.5361 -0.7354 0.4144
vn -0.0678 -0.9969 0.0391
vn 0.5040 -0.6597 -0.5575
vn -0.0258 -0.9953 0.0937
vn -0.6898 -0.7024 -0.1753
vn 0.6461 -0.7161 0.2643
vn -0.0757 -0.9881 0.1340
vn 0.6779 -0.6991 0.2274
vn -0.7555 -0.6517 -0.0668
vn -0.2646 -0.9321 0.2475
vn -0.1654 -0.9685 0.1860
vn 0.6432 -0.7077 0.2923
vn 0.5064 -0.7078 0.4925
vn -0.8246 -0.5626 -0.0590
vn -0.7914 -0.6091 -0.0523
vn -0.7020 0.6411 -0.3101
vn -0.6625 0.7028 -0.2591
vn 0.7790 0.6047 0.1657
vn 0.7671 0.6363 0.0818
vn 0.7908 0.5992 0.1248
vn 0.7792 0.6261 0.0297
vn 0.2023 0.9654 -0.1648
vn 0.2980 0.9243 -0.2386
vn 0.1081 0.9888 -0.1025
vn 0.0504 0.9953 -0.0829
vn -0.5843 0.7474 -0.3161
vn -0.4940 0.7445 -0.4490
vn -0.3530 0.7302 -0.5849
vn 0.3486 0.9084 -0.2310
vn -0.3596 0.6808 -0.6381
vn -0.7552 0.3996 -0.5195
vn -0.6424 0.7621 0.0805
vn 0.2283 0.9505 -0.2109
vn -0.7164 -0.6055 -0.3466
vn -0.9067 -0.3808 -0.1816
vn -0.8303 -0.5270 -0.1811
vn -0.3601 -0.8973 0.2553
vn -0.8236 -0.4738 0.3116
vn -0.3143 -0.9197 0.2352
vn 0.6920 0.6272 0.3573
vn -0.2169 0.8661 0.4503
vn 0.4812 0.7001 0.5276
vn -0.4096 -0.3984 0.8207
vn -0.0113 -0.5875 0.8092
vn 0.2244 -0.6508 0.7254
vn 0.1988 0.5930 -0.7803
vn 0.7231 0.5292 -0.4440
vn 0.7840 -0.5166 -0.3441
vn 0.6052 -0.6894 -0.3980
vn 0.7706 -0.6136 -0.1720
vn 0.4034 0.6797 -0.6126
vn 0.7151 -0.4307 0.5505
vn 0.3251 -0.9012 0.2867
vn 0.3370 -0.9059 0.2564
vn -0.2979 0.9264 -0.2304
vn -0.3446 0.9143 -0.2126
vn -0.7353 0.6035 0.3084
vn -0.5375 0.6624 0.5219
vn -0.2035 0.9684 -0.1444
vn -0.7175 0.6733 0.1785
vn 0.5617 0.7393 -0.3714
vn -0.1541 0.9824 -0.1056
vn -0.6943 0.7111 0.1104
vn -0.1389 0.9886 -0.0579
vn -0.6983 0.7124 0.0704
vn 0.5986 0.7543 -0.2698
vn 0.6686 0.7314 -0.1342
vn 0.8154 -0.5637 -0.1319
vn 0.8206 -0.5690 -0.0530
vn 0.7953 -0.5907 -0.1366
vn 0.7138 0.6886 -0.1279
vn -0.0742 0.9967 -0.0320
vn -0.6671 0.7436 0.0453
vn -0.3183 0.7066 -0.6320
vn -0.6912 0.5919 -0.4147
vn 0.3174 0.5685 -0.7590
vn 0.7792 -0.6223 -0.0744
vn 0.1772 -0.9822 0.0625
vn 0.1245 -0.9922 -0.0041
vn 0.1704 -0.9786 0.1153
vn 0.2021 -0.9643 0.1713
vn -0.6024 -0.6527 0.4595
vn -0.7089 -0.6213 0.3338
vn -0.7620 -0.6181 0.1931
vn 0.4854 -0.6090 -0.6274
vn -0.2647 -0.6780 -0.6857
vn 0.5732 0.8028 0.1639
vn -0.0398 -0.5796 0.8139
vn 0.2660 -0.4587 0.8478
vn -0.3063 -0.6666 0.6796
vn -0.1085 0.7883 0.6057
vn -0.8104 -0.3840 -0.4426
vn -0.7945 -0.6035 0.0675
vn 0.0961 0.8288 -0.5512
vn 0.0806 0.6112 -0.7874
vn 0.0471 0.5728 -0.8184
s 1
f 1//1 4//2 3//3
f 1//1 3//3 2//4
f 1170//5 1171//6 6//7
f 1170//5 6//7 5//8
f 748//9 749//10 5//8
f 748//9 5//8 6//7
f 9//11 12//12 11//13
f 9//11 11//13 10//14
f 3//3 10//14 11//13
f 3//3 11//13 2//4
f 8//15 14//16 13//17
f 8//15 13//17 7//18
f 15//19 13//17 14//16
f 15//19 14//16 16//20
f 17//21 20//22 796//23
f 17//21 796//23 797//24
f 843//25 844//26 769//27
f 843//25 769//27 23//28
f 767//29 768//30 21//31
f 767//29 21//31 22//32
f 27//33 30//34 850//35
f 27//33 850//35 851//36
f 769//27 770//37 33//38
f 769//27 33//38 23//28
f 1102//39 1211//40 36//41
f 1102//39 36//41 1208//42
f 40//43 1195//44 1196//45
f 40//43 1196//45 599//46
f 43//47 1027//48 1031//49
f 43//47 1031//49 1199//50
f 1204//51 1205//52 951//53
f 1204//51 951//53 49//54
f 51//55 54//56 53//57
f 51//55 53//57 52//58
f 55//59 58//60 57//61
f 55//59 57//61 56//62
f 59//63 1120//64 1121//65
f 59//63 1121//65 1118//66
f 63//67 66//68 65//69
f 63//67 65//69 64//70
f 67//71 70//72 69//73
f 67//71 69//73 68//74
f 71//75 74//76 73//77
f 71//75 73//77 72//78
f 75//79 78//80 77//81
f 75//79 77//81 76//82
f 79//83 82//84 888//85
f 79//83 888//85 889//86
f 1311//87 1302//88 86//89
f 1311//87 86//89 85//90
f 1304//91 1305//92 90//93
f 1304//91 90//93 89//94
f 1305//92 1306//95 92//96
f 1305//92 92//96 90//93
f 1307//97 1308//98 96//99
f 1307//97 96//99 95//100
f 1281//101 1272//102 100//103
f 1281//101 100//103 99//104
f 1272//102 1273//105 102//106
f 1272//102 102//106 100//103
f 1274//107 1275//108 106//109
f 1274//107 106//109 105//110
f 1278//111 1279//112 110//113
f 1278//111 110//113 109//114
f 111//115 1341//116 1332//117
f 111//115 1332//117 112//118
f 115//119 1333//120 1334//121
f 115//119 1334//121 116//122
f 116//122 1334//121 1335//123
f 116//122 1335//123 119//124
f 121//125 1337//126 1338//127
f 121//125 1338//127 122//128
f 1145//129 1146//130 1125//131
f 1145//129 1125//131 126//132
f 951//53 952//133 822//134
f 951//53 822//134 49//54
f 129//135 132//136 131//137
f 129//135 131//137 130//138
f 133//139 136//140 135//141
f 133//139 135//141 134//142
f 137//143 138//144 136//140
f 137//143 136//140 133//139
f 139//145 142//146 141//147
f 139//145 141//147 140//148
f 143//149 146//150 145//151
f 143//149 145//151 144//152
f 147//153 148//154 146//150
f 147//153 146//150 143//149
f 885//155 886//156 151//157
f 885//155 151//157 150//158
f 153//159 156//160 155//161
f 153//159 155//161 154//162
f 157//163 160//164 890//165
f 157//163 890//165 891//166
f 161//167 164//168 163//169
f 161//167 163//169 162//170
f 165//171 168//172 167//173
f 165//171 167//173 166//174
f 169//175 170//176 168//172
f 169//175 168//172 165//171
f 171//177 746//178 731//179
f 171//177 731//179 172//180
f 797//24 798//181 745//182
f 797//24 745//182 17//21
f 742//183 743//184 9//11
f 742//183 9//11 10//14
f 741//185 742//183 10//14
f 741//185 10//14 3//3
f 4//2 740//186 741//185
f 4//2 741//185 3//3
f 739//187 1169//188 1170//5
f 739//187 1170//5 5//8
f 749//10 750//189 739//187
f 749//10 739//187 5//8
f 737//190 738//191 7//18
f 737//190 7//18 13//17
f 736//192 737//190 13//17
f 736//192 13//17 15//19
f 187//193 190//194 189//195
f 187//193 189//195 188//196
f 17//21 745//182 746//178
f 17//21 746//178 171//177
f 171//177 191//197 20//22
f 171//177 20//22 17//21
f 192//198 193//199 16//20
f 192//198 16//20 14//16
f 194//200 192//198 14//16
f 194//200 14//16 8//15
f 747//201 748//9 6//7
f 747//201 6//7 195//202
f 2//4 199//203 198//204
f 2//4 198//204 1//1
f 1171//6 1172//205 195//202
f 1171//6 195//202 6//7
f 200//206 199//203 2//4
f 200//206 2//4 11//13
f 201//207 196//208 197//209
f 201//207 197//209 202//210
f 196//208 201//207 203//211
f 735//212 736//192 15//19
f 735//212 15//19 205//213
f 205//213 15//19 16//20
f 205//213 16//20 206//214
f 172//180 207//215 191//197
f 172//180 191//197 171//177
f 11//13 12//12 208//216
f 11//13 208//216 200//206
f 209//217 795//218 796//23
f 209//217 796//23 20//22
f 211//219 209//217 20//22
f 211//219 20//22 191//197
f 9//11 743//184 744//220
f 9//11 744//220 18//221
f 19//222 12//12 9//11
f 19//222 9//11 18//221
f 210//223 208//216 12//12
f 210//223 12//12 19//222
f 1049//224 1054//225 1050//226
f 1049//224 1050//226 214//227
f 216//228 219//229 218//230
f 216//228 218//230 217//231
f 220//232 223//233 222//234
f 220//232 222//234 221//235
f 221//235 222//234 225//236
f 221//235 225//236 224//237
f 1291//238 1282//239 229//240
f 1291//238 229//240 228//241
f 1289//242 1290//243 233//244
f 1289//242 233//244 881//245
f 1285//246 1286//247 237//248
f 1285//246 237//248 236//249
f 1282//239 1283//250 895//251
f 1282//239 895//251 229//240
f 240//252 243//253 242//254
f 240//252 242//254 241//255
f 244//256 247//257 246//258
f 244//256 246//258 245//259
f 248//260 251//261 250//262
f 248//260 250//262 249//263
f 252//264 255//265 254//266
f 252//264 254//266 253//267
f 1309//268 1310//269 257//270
f 1309//268 257//270 930//271
f 935//272 936//273 259//274
f 935//272 259//274 258//275
f 260//276 938//277 939//278
f 260//276 939//278 261//279
f 262//280 263//281 940//282
f 262//280 940//282 941//283
f 1302//88 1303//284 946//285
f 1302//88 946//285 86//89
f 264//286 265//287 905//288
f 264//286 905//288 906//289
f 910//290 911//291 267//292
f 910//290 267//292 266//293
f 268//294 269//295 913//296
f 268//294 913//296 914//297
f 270//298 271//299 915//300
f 270//298 915//300 916//301
f 920//302 921//303 215//304
f 920//302 215//304 212//305
f 1284//306 1285//246 236//249
f 1284//306 236//249 239//307
f 159//308 156//160 153//159
f 159//308 153//159 158//309
f 81//310 273//311 272//312
f 81//310 272//312 80//313
f 274//314 275//315 152//316
f 274//314 152//316 149//317
f 276//318 1287//319 1288//320
f 276//318 1288//320 232//321
f 1276//322 1277//323 279//324
f 1276//322 279//324 856//325
f 860//326 861//327 281//328
f 860//326 281//328 280//329
f 282//330 283//331 863//332
f 282//330 863//332 864//333
f 284//334 285//335 865//336
f 284//334 865//336 866//337
f 1279//112 1280//338 870//339
f 1279//112 870//339 110//113
f 1271//340 1262//341 1006//342
f 1271//340 1006//342 1007//343
f 1263//344 1264//345 1004//346
f 1263//344 1004//346 1005//347
f 1264//345 1265//348 1003//349
f 1264//345 1003//349 1004//346
f 1266//350 1267//351 1001//352
f 1266//350 1001//352 1002//353
f 1267//351 1268//354 1000//355
f 1267//351 1000//355 1001//352
f 1269//356 1270//357 998//358
f 1269//356 998//358 999//359
f 302//360 305//361 304//362
f 302//360 304//362 303//363
f 306//364 307//365 942//366
f 306//364 942//366 943//367
f 1033//368 1037//369 1034//370
f 1033//368 1034//370 309//371
f 310//372 313//373 933//374
f 310//372 933//374 934//375
f 311//376 312//377 315//378
f 311//376 315//378 314//379
f 316//380 317//381 305//361
f 316//380 305//361 302//360
f 1261//382 1252//383 321//384
f 1261//382 321//384 903//385
f 1253//386 1254//387 325//388
f 1253//386 325//388 324//389
f 1254//387 1255//390 923//391
f 1254//387 923//391 325//388
f 1256//392 1257//393 329//394
f 1256//392 329//394 326//395
f 1257//393 1258//396 331//397
f 1257//393 331//397 329//394
f 1259//398 1260//399 320//400
f 1259//398 320//400 333//401
f 334//402 337//403 336//404
f 334//402 336//404 335//405
f 338//406 339//407 917//408
f 338//406 917//408 918//409
f 1018//410 1022//411 1019//412
f 1018//410 1019//412 341//413
f 342//414 345//415 908//416
f 342//414 908//416 909//417
f 343//418 344//419 347//420
f 343//418 347//420 346//421
f 348//422 349//423 337//403
f 348//422 337//403 334//402
f 1251//424 1242//425 353//426
f 1251//424 353//426 878//427
f 1243//428 1244//429 357//430
f 1243//428 357//430 356//431
f 1244//429 1245//432 898//433
f 1244//429 898//433 357//430
f 1246//434 1247//435 361//436
f 1246//434 361//436 359//437
f 1247//435 1248//438 363//439
f 1247//435 363//439 361//436
f 352//440 365//441 1249//442
f 352//440 1249//442 1250//443
f 366//444 369//445 368//446
f 366//444 368//446 367//447
f 892//448 893//449 371//450
f 892//448 371//450 370//451
f 1065//452 1070//453 1066//454
f 1065//452 1066//454 373//455
f 374//456 377//457 883//458
f 374//456 883//458 884//459
f 378//460 379//461 375//462
f 378//460 375//462 376//463
f 380//464 381//465 369//445
f 380//464 369//445 366//444
f 382//466 1016//467 1017//468
f 382//466 1017//468 854//469
f 386//470 1014//471 1015//472
f 386//470 1015//472 387//473
f 872//474 1013//475 1014//471
f 872//474 1014//471 386//470
f 392//476 1011//477 1012//478
f 392//476 1012//478 391//479
f 394//480 1010//481 1011//477
f 394//480 1011//477 392//476
f 383//482 1008//483 1009//484
f 383//482 1009//484 396//485
f 398//486 401//487 400//488
f 398//486 400//488 399//489
f 402//490 403//491 867//492
f 402//490 867//492 868//493
f 1081//494 1086//495 1082//496
f 1081//494 1082//496 405//497
f 406//498 409//499 858//500
f 406//498 858//500 859//501
f 407//502 408//503 411//504
f 407//502 411//504 410//505
f 412//506 413//507 401//487
f 412//506 401//487 398//486
f 1268//354 1269//356 999//359
f 1268//354 999//359 1000//355
f 1306//95 1307//97 95//100
f 1306//95 95//100 92//96
f 314//379 315//378 317//381
f 314//379 317//381 316//380
f 132//136 129//135 134//142
f 132//136 134//142 135//141
f 414//508 415//509 74//76
f 414//508 74//76 71//75
f 416//510 937//511 938//277
f 416//510 938//277 260//276
f 417//512 240//252 241//255
f 417//512 241//255 418//513
f 309//371 1036//514 1040//515
f 309//371 1040//515 1033//368
f 85//90 257//270 1310//269
f 85//90 1310//269 1311//87
f 1005//347 1006//342 1262//341
f 1005//347 1262//341 1263//344
f 1258//396 1259//398 333//401
f 1258//396 333//401 331//397
f 217//231 218//230 223//233
f 217//231 223//233 220//232
f 346//421 347//420 349//423
f 346//421 349//423 348//422
f 142//146 139//145 144//152
f 142//146 144//152 145//151
f 78//80 420//516 419//517
f 78//80 419//517 77//81
f 269//295 421//518 912//519
f 269//295 912//519 913//296
f 422//520 244//256 245//259
f 422//520 245//259 423//521
f 341//413 1021//522 1025//523
f 341//413 1025//523 1018//410
f 214//227 1052//524 1053//525
f 214//227 1053//525 1049//224
f 324//389 321//384 1252//383
f 324//389 1252//383 1253//386
f 1248//438 1249//442 365//441
f 1248//438 365//441 363//439
f 1286//247 1287//319 276//318
f 1286//247 276//318 237//248
f 379//461 378//460 381//465
f 379//461 381//465 380//464
f 275//315 274//314 154//162
f 275//315 154//162 155//161
f 424//526 425//527 273//311
f 424//526 273//311 81//310
f 82//84 426//528 887//529
f 82//84 887//529 888//85
f 427//530 252//264 253//267
f 427//530 253//267 428//531
f 373//455 1068//532 1069//533
f 373//455 1069//533 1065//452
f 228//241 233//244 1290//243
f 228//241 1290//243 1291//238
f 356//431 353//426 1242//425
f 356//431 1242//425 1243//428
f 396//485 1009//484 1010//481
f 396//485 1010//481 394//480
f 1273//105 1274//107 105//110
f 1273//105 105//110 102//106
f 410//505 411//504 413//507
f 410//505 413//507 412//506
f 164//168 161//167 166//174
f 164//168 166//174 167//173
f 70//72 430//534 429//535
f 70//72 429//535 69//73
f 283//331 431//536 862//537
f 283//331 862//537 863//332
f 432//538 248//260 249//263
f 432//538 249//263 433//539
f 405//497 1084//540 1085//541
f 405//497 1085//541 1081//494
f 109//114 279//324 1277//323
f 109//114 1277//323 1278//111
f 1015//472 1016//467 382//466
f 1015//472 382//466 387//473
f 136//140 73//77 74//76
f 136//140 74//76 135//141
f 138//144 72//78 73//77
f 138//144 73//77 136//140
f 263//281 261//279 939//278
f 263//281 939//278 940//282
f 434//542 435//543 243//253
f 434//542 243//253 240//252
f 436//544 434//542 240//252
f 436//544 240//252 417//512
f 936//273 937//511 416//510
f 936//273 416//510 259//274
f 132//136 415//509 414//508
f 132//136 414//508 131//137
f 74//76 415//509 132//136
f 74//76 132//136 135//141
f 146//150 76//82 77//81
f 146//150 77//81 145//151
f 148//154 75//79 76//82
f 148//154 76//82 146//150
f 271//299 268//294 914//297
f 271//299 914//297 915//300
f 437//545 438//546 247//257
f 437//545 247//257 244//256
f 439//547 437//545 244//256
f 439//547 244//256 422//520
f 911//291 912//519 421//518
f 911//291 421//518 267//292
f 142//146 419//517 420//516
f 142//146 420//516 141//147
f 77//81 419//517 142//146
f 77//81 142//146 145//151
f 156//160 272//312 273//311
f 156//160 273//311 155//161
f 80//313 272//312 156//160
f 80//313 156//160 159//308
f 160//164 79//83 889//86
f 160//164 889//86 890//165
f 440//548 441//549 255//265
f 440//548 255//265 252//264
f 442//550 440//548 252//264
f 442//550 252//264 427//530
f 886//156 887//529 426//528
f 886//156 426//528 151//157
f 275//315 425//527 424//526
f 275//315 424//526 152//316
f 273//311 425//527 275//315
f 273//311 275//315 155//161
f 168//172 68//74 69//73
f 168//172 69//73 167//173
f 170//176 67//71 68//74
f 170//176 68//74 168//172
f 285//335 282//330 864//333
f 285//335 864//333 865//336
f 443//551 444//552 251//261
f 443//551 251//261 248//260
f 445//553 443//551 248//260
f 445//553 248//260 432//538
f 861//327 862//537 431//536
f 861//327 431//536 281//328
f 164//168 429//535 430//534
f 164//168 430//534 163//169
f 69//73 429//535 164//168
f 69//73 164//168 167//173
f 401//487 97//554 98//555
f 401//487 98//555 400//488
f 107//556 402//490 868//493
f 107//556 868//493 869//557
f 1082//496 1087//558 1083//559
f 1082//496 1083//559 405//497
f 1083//559 1088//560 1084//540
f 1083//559 1084//540 405//497
f 409//499 278//561 857//562
f 409//499 857//562 858//500
f 408//503 103//563 104//564
f 408//503 104//564 411//504
f 411//504 104//564 101//565
f 411//504 101//565 413//507
f 413//507 101//565 97//554
f 413//507 97//554 401//487
f 165//171 398//486 399//489
f 165//171 399//489 169//175
f 403//491 284//334 866//337
f 403//491 866//337 867//492
f 284//334 403//491 404//566
f 284//334 404//566 446//567
f 406//498 280//329 446//567
f 406//498 446//567 404//566
f 280//329 406//498 859//501
f 280//329 859//501 860//326
f 162//170 407//502 410//505
f 162//170 410//505 161//167
f 161//167 410//505 412//506
f 161//167 412//506 166//174
f 166//174 412//506 398//486
f 166//174 398//486 165//171
f 369//445 235//568 238//569
f 369//445 238//569 368//446
f 893//449 894//570 226//571
f 893//449 226//571 371//450
f 1066//454 1071//572 1067//573
f 1066//454 1067//573 373//455
f 1067//573 1072//574 1068//532
f 1067//573 1068//532 373//455
f 377//457 230//575 882//576
f 377//457 882//576 883//458
f 277//577 378//460 376//463
f 277//577 376//463 231//578
f 378//460 277//577 234//579
f 378//460 234//579 381//465
f 381//465 234//579 235//568
f 381//465 235//568 369//445
f 153//159 1322//580 1323//581
f 153//159 1323//581 158//309
f 891//166 1324//582 1325//583
f 891//166 1325//583 157//163
f 157//163 1325//583 1326//584
f 157//163 1326//584 447//585
f 1326//584 1327//586 150//158
f 1326//584 150//158 447//585
f 150//158 1327//586 1328//587
f 150//158 1328//587 885//155
f 1329//588 1330//589 274//314
f 1329//588 274//314 149//317
f 274//314 1330//589 1331//590
f 274//314 1331//590 154//162
f 154//162 1331//590 1322//580
f 154//162 1322//580 153//159
f 448//591 276//318 232//321
f 448//591 232//321 449//592
f 233//244 450//593 880//594
f 233//244 880//594 881//245
f 451//595 1076//596 1077//597
f 451//595 1077//597 1073//598
f 1073//598 1078//599 1074//600
f 1073//598 1074//600 451//595
f 895//251 896//601 452//602
f 895//251 452//602 229//240
f 236//249 454//603 453//604
f 236//249 453//604 239//307
f 237//248 455//605 454//603
f 237//248 454//603 236//249
f 276//318 448//591 455//605
f 276//318 455//605 237//248
f 454//603 360//606 358//607
f 454//603 358//607 453//604
f 896//601 897//608 354//609
f 896//601 354//609 452//602
f 1074//600 1079//610 1075//611
f 1074//600 1075//611 451//595
f 1075//611 1080//612 1076//596
f 1075//611 1076//596 451//595
f 450//593 350//613 879//614
f 450//593 879//614 880//594
f 364//615 448//591 449//592
f 364//615 449//592 351//616
f 448//591 364//615 362//617
f 448//591 362//617 455//605
f 455//605 362//617 360//606
f 455//605 360//606 454//603
f 222//234 328//618 327//619
f 222//234 327//619 225//236
f 322//620 215//304 921//303
f 322//620 921//303 922//621
f 1050//226 1055//622 1051//623
f 1050//226 1051//623 214//227
f 1051//623 1056//624 1052//524
f 1051//623 1052//524 214//227
f 265//287 318//625 904//626
f 265//287 904//626 905//288
f 219//229 319//627 332//628
f 219//229 332//628 218//230
f 218//230 332//628 330//629
f 218//230 330//629 223//233
f 223//233 330//629 328//618
f 223//233 328//618 222//234
f 456//630 1292//631 1293//632
f 456//630 1293//632 457//633
f 1294//634 1295//635 458//636
f 1294//634 458//636 919//637
f 458//636 1295//635 1296//638
f 458//636 1296//638 459//639
f 1296//638 1297//640 460//641
f 1296//638 460//641 459//639
f 460//641 1297//640 1298//642
f 460//641 1298//642 907//643
f 461//644 1299//645 1300//646
f 461//644 1300//646 462//647
f 462//647 1300//646 1301//648
f 462//647 1301//648 463//649
f 463//649 1301//648 1292//631
f 463//649 1292//631 456//630
f 337//403 456//630 457//633
f 337//403 457//633 336//404
f 458//636 338//406 918//409
f 458//636 918//409 919//637
f 1019//412 1023//650 1020//651
f 1019//412 1020//651 341//413
f 1020//651 1024//652 1021//522
f 1020//651 1021//522 341//413
f 345//415 460//641 907//643
f 345//415 907//643 908//416
f 344//419 461//644 462//647
f 344//419 462//647 347//420
f 347//420 462//647 463//649
f 347//420 463//649 349//423
f 349//423 463//649 456//630
f 349//423 456//630 337//403
f 143//149 1312//653 1313//654
f 143//149 1313//654 147//153
f 1314//655 1315//656 270//298
f 1314//655 270//298 916//301
f 270//298 1315//656 1316//657
f 270//298 1316//657 464//658
f 1316//657 1317//659 266//293
f 1316//657 266//293 464//658
f 266//293 1317//659 1318//660
f 266//293 1318//660 910//290
f 140//148 1319//661 1320//662
f 140//148 1320//662 139//145
f 139//145 1320//662 1321//663
f 139//145 1321//663 144//152
f 144//152 1321//663 1312//653
f 144//152 1312//653 143//149
f 465//664 87//665 88//666
f 465//664 88//666 466//667
f 83//668 467//669 944//670
f 83//668 944//670 945//671
f 467//669 83//668 84//672
f 467//669 84//672 468//673
f 256//674 469//675 468//673
f 256//674 468//673 84//672
f 469//675 256//674 931//676
f 469//675 931//676 932//677
f 470//678 93//679 94//680
f 470//678 94//680 471//681
f 471//681 94//680 91//682
f 471//681 91//682 472//683
f 472//683 91//682 87//665
f 472//683 87//665 465//664
f 90//93 474//684 473//685
f 90//93 473//685 89//94
f 475//686 86//89 946//285
f 475//686 946//285 947//687
f 1041//688 1046//689 1042//690
f 1041//688 1042//690 476//691
f 1044//692 1045//693 1041//688
f 1044//692 1041//688 476//691
f 257//270 477//694 929//695
f 257//270 929//695 930//271
f 96//99 478//696 479//697
f 96//99 479//697 95//100
f 95//100 479//697 480//698
f 95//100 480//698 92//96
f 92//96 480//698 474//684
f 92//96 474//684 90//93
f 305//361 465//664 466//667
f 305//361 466//667 304//362
f 467//669 306//364 943//367
f 467//669 943//367 944//670
f 1034//370 1038//699 1035//700
f 1034//370 1035//700 309//371
f 1035//700 1039//701 1036//514
f 1035//700 1036//514 309//371
f 313//373 469//675 932//677
f 313//373 932//677 933//374
f 312//377 470//678 471//681
f 312//377 471//681 315//378
f 315//378 471//681 472//683
f 315//378 472//683 317//381
f 317//381 472//683 465//664
f 317//381 465//664 305//361
f 133//139 302//360 303//363
f 133//139 303//363 137//143
f 307//365 262//280 941//283
f 307//365 941//283 942//366
f 262//280 307//365 308//702
f 262//280 308//702 481//703
f 310//372 258//275 481//703
f 310//372 481//703 308//702
f 258//275 310//372 934//375
f 258//275 934//375 935//272
f 130//138 311//376 314//379
f 130//138 314//379 129//135
f 129//135 314//379 316//380
f 129//135 316//380 134//142
f 134//142 316//380 302//360
f 134//142 302//360 133//139
f 106//109 483//704 482//705
f 106//109 482//705 105//110
f 279//324 484//706 855//707
f 279//324 855//707 856//325
f 485//708 1092//709 1093//710
f 485//708 1093//710 1089//711
f 1089//711 1094//712 1090//713
f 1089//711 1090//713 485//708
f 870//339 871//714 486//715
f 870//339 486//715 110//113
f 100//103 488//716 487//717
f 100//103 487//717 99//104
f 102//106 489//718 488//716
f 102//106 488//716 100//103
f 105//110 482//705 489//718
f 105//110 489//718 102//106
f 488//716 392//476 391//479
f 488//716 391//479 487//717
f 386//470 486//715 871//714
f 386//470 871//714 872//474
f 1090//713 1095//719 1091//720
f 1090//713 1091//720 485//708
f 1091//720 1096//721 1092//709
f 1091//720 1092//709 485//708
f 484//706 382//466 854//469
f 484//706 854//469 855//707
f 483//704 383//482 396//485
f 483//704 396//485 482//705
f 482//705 396//485 394//480
f 482//705 394//480 489//718
f 489//718 394//480 392//476
f 489//718 392//476 488//716
f 898//433 987//722 978//723
f 898//433 978//723 357//430
f 361//436 985//724 986//725
f 361//436 986//725 359//437
f 363//439 984//726 985//724
f 363//439 985//724 361//436
f 365//441 983//727 984//726
f 365//441 984//726 363//439
f 982//728 983//727 365//441
f 982//728 365//441 352//440
f 353//426 980//729 981//730
f 353//426 981//730 878//427
f 979//731 980//729 353//426
f 979//731 353//426 356//431
f 357//430 978//723 979//731
f 357//430 979//731 356//431
f 996//732 997//733 1228//734
f 996//732 1228//734 499//735
f 988//736 989//737 500//738
f 988//736 500//738 498//739
f 989//737 990//740 501//741
f 989//737 501//741 500//738
f 990//740 991//742 502//743
f 990//740 502//743 501//741
f 991//742 992//744 503//745
f 991//742 503//745 502//743
f 993//746 994//747 504//748
f 993//746 504//748 1227//749
f 505//750 504//748 994//747
f 505//750 994//747 995//751
f 995//751 996//732 499//735
f 995//751 499//735 505//750
f 478//696 287//752 300//753
f 478//696 300//753 479//697
f 479//697 300//753 298//754
f 479//697 298//754 480//698
f 480//698 298//754 296//755
f 480//698 296//755 474//684
f 474//684 296//755 295//756
f 474//684 295//756 473//685
f 290//757 475//686 947//687
f 290//757 947//687 948//758
f 1042//690 1047//759 1043//760
f 1042//690 1043//760 476//691
f 1043//760 1048//761 1044//692
f 1043//760 1044//692 476//691
f 477//694 286//762 928//763
f 477//694 928//763 929//695
f 52//58 53//57 507//764
f 52//58 507//764 506//765
f 1338//127 1339//766 509//767
f 1338//127 509//767 122//128
f 510//768 63//67 64//70
f 510//768 64//70 511//769
f 112//118 1332//117 1333//120
f 112//118 1333//120 115//119
f 1119//770 1122//771 1120//64
f 1119//770 1120//64 59//63
f 1125//131 1151//772 1152//773
f 1125//131 1152//773 126//132
f 516//774 519//775 518//776
f 516//774 518//776 517//777
f 520//778 523//779 522//780
f 520//778 522//780 521//781
f 524//782 527//783 526//784
f 524//782 526//784 525//785
f 525//785 526//784 529//786
f 525//785 529//786 528//787
f 530//788 533//789 532//790
f 530//788 532//790 531//791
f 534//792 535//793 519//775
f 534//792 519//775 516//774
f 53//57 1163//794 1154//795
f 53//57 1154//795 507//764
f 54//56 1162//796 1163//794
f 54//56 1163//794 53//57
f 58//60 1159//797 1160//798
f 58//60 1160//798 57//61
f 60//799 1158//800 1159//797
f 60//799 1159//797 58//60
f 513//801 1157//802 1158//800
f 513//801 1158//800 60//799
f 543//803 1156//804 1157//802
f 543//803 1157//802 513//801
f 57//61 975//805 976//806
f 57//61 976//806 56//62
f 1160//798 1161//807 975//805
f 1160//798 975//805 57//61
f 1335//123 1336//808 971//809
f 1335//123 971//809 119//124
f 968//810 969//811 523//779
f 968//810 523//779 520//778
f 966//812 967//813 66//68
f 966//812 66//68 63//67
f 965//814 966//812 63//67
f 965//814 63//67 510//768
f 532//790 963//815 964//816
f 532//790 964//816 531//791
f 961//817 1340//818 1341//116
f 961//817 1341//116 111//115
f 957//819 1155//820 1156//804
f 957//819 1156//804 543//803
f 517//777 546//821 545//822
f 517//777 545//822 516//774
f 66//68 967//813 968//810
f 66//68 968//810 520//778
f 521//781 65//69 66//68
f 521//781 66//68 520//778
f 525//785 549//823 548//824
f 525//785 548//824 524//782
f 528//787 550//825 549//823
f 528//787 549//823 525//785
f 531//791 510//768 511//769
f 531//791 511//769 530//788
f 964//816 965//814 510//768
f 964//816 510//768 531//791
f 545//822 547//826 534//792
f 545//822 534//792 516//774
f 959//827 960//828 553//829
f 959//827 553//829 552//830
f 552//830 553//829 556//831
f 552//830 556//831 555//832
f 555//832 1141//833 1139//834
f 555//832 1139//834 557//835
f 559//836 1140//837 1136//838
f 559//836 1136//838 560//839
f 559//836 560//839 562//840
f 559//836 562//840 561//841
f 972//842 973//843 561//841
f 972//842 561//841 562//840
f 564//844 563//845 566//846
f 564//844 566//846 565//847
f 554//848 551//849 565//847
f 554//848 565//847 566//846
f 513//801 512//850 567//851
f 513//801 567//851 543//803
f 568//852 514//853 570//854
f 568//852 570//854 569//855
f 1152//773 1153//856 571//857
f 1152//773 571//857 126//132
f 126//132 571//857 1144//858
f 126//132 1144//858 1145//129
f 125//859 572//860 574//861
f 125//859 574//861 573//862
f 575//863 576//864 819//865
f 575//863 819//865 977//866
f 576//864 575//863 578//867
f 576//864 578//867 577//868
f 543//803 567//851 956//869
f 543//803 956//869 957//819
f 128//870 577//868 578//867
f 128//870 578//867 579//871
f 954//872 955//873 569//855
f 954//872 569//855 127//874
f 570//854 580//875 127//874
f 570//854 127//874 569//855
f 1342//876 1343//877 536//878
f 1342//876 536//878 537//879
f 958//880 1344//881 1345//882
f 958//880 1345//882 544//883
f 544//883 1345//882 1346//884
f 544//883 1346//884 542//885
f 542//885 1346//884 1347//886
f 542//885 1347//886 541//887
f 541//887 1347//886 1348//888
f 541//887 1348//888 540//889
f 540//889 1348//888 1349//890
f 540//889 1349//890 539//891
f 1349//890 1350//892 974//893
f 1349//890 974//893 539//891
f 538//894 1351//895 1342//876
f 538//894 1342//876 537//879
f 535//793 508//896 123//897
f 535//793 123//897 519//775
f 114//898 962//899 963//815
f 114//898 963//815 532//790
f 533//789 113//900 114//898
f 533//789 114//898 532//790
f 526//784 582//901 581//902
f 526//784 581//902 529//786
f 527//783 583//903 582//901
f 527//783 582//901 526//784
f 523//779 120//904 117//905
f 523//779 117//905 522//780
f 969//811 970//906 120//904
f 969//811 120//904 523//779
f 519//775 123//897 124//907
f 519//775 124//907 518//776
f 706//908 585//909 709//910
f 706//908 709//910 711//911
f 1126//912 1127//913 570//854
f 1126//912 570//854 514//853
f 294//914 297//915 586//916
f 294//914 586//916 47//917
f 949//918 950//919 48//920
f 949//918 48//920 293//921
f 1030//922 1204//51 49//54
f 1030//922 49//54 1026//923
f 1057//924 1063//925 1058//926
f 1057//924 1058//926 42//927
f 588//928 586//916 297//915
f 588//928 297//915 299//929
f 589//930 588//928 299//929
f 589//930 299//929 301//931
f 590//932 841//933 842//934
f 590//932 842//934 50//935
f 774//936 775//937 592//938
f 774//936 592//938 577//868
f 50//935 47//917 586//916
f 50//935 586//916 590//932
f 593//939 594//940 500//738
f 593//939 500//738 501//741
f 595//941 593//939 501//741
f 595//941 501//741 502//743
f 502//743 503//745 596//942
f 502//743 596//942 595//941
f 597//943 598//944 595//941
f 597//943 595//941 596//942
f 491//945 492//946 598//944
f 491//945 598//944 597//943
f 40//43 1226//947 1227//749
f 40//43 1227//749 504//748
f 1225//948 1226//947 40//43
f 1225//948 40//43 599//46
f 1224//949 1225//948 599//46
f 1224//949 599//46 490//950
f 36//41 1222//951 1223//952
f 36//41 1223//952 496//953
f 600//954 601//955 494//956
f 600//954 494//956 495//957
f 602//958 603//959 601//955
f 602//958 601//955 600//954
f 604//960 1221//961 1222//951
f 604//960 1222//951 36//41
f 605//962 606//963 603//959
f 605//962 603//959 602//958
f 607//964 1220//965 1221//961
f 607//964 1221//961 604//960
f 492//946 493//966 608//967
f 492//946 608//967 598//944
f 493//966 494//956 601//955
f 493//966 601//955 608//967
f 606//963 610//968 609//969
f 606//963 609//969 603//959
f 610//968 612//970 611//971
f 610//968 611//971 609//969
f 613//972 607//964 1217//973
f 613//972 1217//973 1214//974
f 615//975 1216//976 1215//977
f 615//975 1215//977 1218//978
f 496//953 1210//979 1208//42
f 496//953 1208//42 36//41
f 1218//978 1219//980 852//981
f 1218//978 852//981 615//975
f 612//970 616//982 28//983
f 612//970 28//983 611//971
f 497//984 490//950 1209//985
f 497//984 1209//985 1207//986
f 39//987 1190//988 1193//989
f 39//987 1193//989 1191//990
f 1191//990 1194//991 1192//992
f 1191//990 1192//992 39//987
f 1200//993 1202//994 1201//995
f 1200//993 1201//995 43//47
f 1199//50 1203//996 1200//993
f 1199//50 1200//993 43//47
f 589//930 301//931 288//997
f 589//930 288//997 617//998
f 289//999 44//1000 1230//1001
f 289//999 1230//1001 1231//1002
f 500//738 594//940 618//1003
f 500//738 618//1003 498//739
f 587//1004 499//735 1228//734
f 587//1004 1228//734 1229//1005
f 594//940 589//930 617//998
f 594//940 617//998 618//1003
f 44//1000 587//1004 1229//1005
f 44//1000 1229//1005 1230//1001
f 1103//1006 1206//1007 599//46
f 1103//1006 599//46 1196//45
f 604//960 36//41 1211//40
f 604//960 1211//40 1212//1008
f 27//33 1110//1009 1107//1010
f 27//33 1107//1010 30//34
f 1109//1011 1213//1012 604//960
f 1109//1011 604//960 1212//1008
f 590//932 586//916 588//928
f 590//932 588//928 591//1013
f 591//1013 588//928 589//930
f 591//1013 589//930 620//1014
f 620//1014 594//940 593//939
f 620//1014 593//939 621//1015
f 594//940 620//1014 589//930
f 595//941 622//1016 621//1015
f 595//941 621//1015 593//939
f 598//944 622//1016 595//941
f 622//1016 598//944 608//967
f 622//1016 608//967 623//1017
f 623//1017 608//967 601//955
f 623//1017 601//955 624//1018
f 624//1018 601//955 603//959
f 592//938 775//937 776//1019
f 592//938 776//1019 625//1020
f 847//1021 848//1022 786//1023
f 847//1021 786//1023 627//1024
f 627//1024 25//1025 846//1026
f 627//1024 846//1026 847//1021
f 628//1027 629//1028 206//214
f 628//1027 206//214 16//20
f 630//1029 633//1030 632//1031
f 630//1029 632//1031 631//1032
f 633//1030 191//197 207//215
f 633//1030 207//215 632//1031
f 634//1033 632//1031 207//215
f 634//1033 207//215 172//180
f 635//1034 211//219 191//197
f 635//1034 191//197 633//1030
f 636//1035 635//1034 633//1030
f 636//1035 633//1030 630//1029
f 193//199 637//1036 628//1027
f 193//199 628//1027 16//20
f 630//1029 628//1027 637//1036
f 630//1029 637//1036 636//1035
f 631//1032 629//1028 628//1027
f 631//1032 628//1027 630//1029
f 640//1037 733//1038 734//1039
f 640//1037 734//1039 641//1040
f 734//1039 735//212 205//213
f 734//1039 205//213 641//1040
f 731//179 732//1041 634//1033
f 731//179 634//1033 172//180
f 641//1040 205//213 206//214
f 641//1040 206//214 629//1028
f 632//1031 634//1033 640//1037
f 632//1031 640//1037 631//1032
f 641//1040 629//1028 631//1032
f 641//1040 631//1032 640//1037
f 640//1037 634//1033 732//1041
f 640//1037 732//1041 733//1038
f 187//193 648//1042 647//1043
f 187//193 647//1043 190//194
f 715//1044 716//1045 645//1046
f 715//1044 645//1046 638//1047
f 651//1048 646//1049 717//1050
f 651//1048 717//1050 718//1051
f 718//1051 719//1052 655//1053
f 718//1051 655//1053 651//1048
f 656//1054 655//1053 719//1052
f 656//1054 719//1052 720//1055
f 720//1055 801//1056 802//1057
f 720//1055 802//1057 656//1054
f 721//1058 722//1059 187//193
f 721//1058 187//193 188//196
f 722//1059 723//1060 648//1042
f 722//1059 648//1042 187//193
f 1165//1061 1166//1062 726//1063
f 1165//1061 726//1063 664//1064
f 728//1065 729//1066 668//1067
f 728//1065 668//1067 667//1068
f 727//1069 728//1065 667//1068
f 727//1069 667//1068 670//1070
f 726//1063 753//1071 754//1072
f 726//1063 754//1072 664//1064
f 724//1073 725//1074 663//1075
f 724//1073 663//1075 672//1076
f 716//1045 717//1050 646//1049
f 716//1045 646//1049 645//1046
f 730//1077 715//1044 638//1047
f 730//1077 638//1047 639//1078
f 674//1079 611//971 28//983
f 674//1079 28//983 29//1080
f 624//1018 603//959 609//969
f 624//1018 609//969 675//1081
f 675//1081 609//969 611//971
f 675//1081 611//971 674//1079
f 782//1082 785//1083 626//1084
f 782//1082 626//1084 676//1085
f 676//1085 626//1084 24//1086
f 676//1085 24//1086 26//1087
f 625//1020 776//1019 777//1088
f 625//1020 777//1088 677//1089
f 678//1090 679//1091 778//1092
f 678//1090 778//1092 779//1093
f 777//1088 778//1092 679//1091
f 777//1088 679//1091 677//1089
f 680//1094 781//1095 782//1082
f 680//1094 782//1082 676//1085
f 678//1090 779//1093 780//1096
f 678//1090 780//1096 681//1097
f 780//1096 781//1095 680//1094
f 780//1096 680//1094 681//1097
f 1123//1098 1124//1099 125//859
f 1123//1098 125//859 573//862
f 592//938 683//1100 576//864
f 592//938 576//864 577//868
f 772//1101 773//1102 683//1100
f 772//1101 683//1100 686//1103
f 22//32 766//1104 767//29
f 676//1085 26//1087 684//1105
f 676//1085 684//1105 680//1094
f 612//970 610//968 395//1106
f 612//970 395//1106 397//1107
f 616//982 612//970 397//1107
f 616//982 397//1107 384//1108
f 385//1109 615//975 852//981
f 385//1109 852//981 853//1110
f 613//972 615//975 385//1109
f 613//972 385//1109 388//1111
f 389//1112 607//964 613//972
f 389//1112 613//972 388//1111
f 873//1113 1220//965 607//964
f 873//1113 607//964 389//1112
f 393//1114 606//963 605//962
f 393//1114 605//962 390//1115
f 395//1106 610//968 606//963
f 395//1106 606//963 393//1114
f 677//1089 687//1116 686//1103
f 677//1089 686//1103 625//1020
f 686//1103 683//1100 592//938
f 686//1103 592//938 625//1020
f 688//1117 689//1118 678//1090
f 688//1117 678//1090 681//1097
f 688//1117 681//1097 680//1094
f 688//1117 680//1094 684//1105
f 679//1091 690//1119 687//1116
f 679//1091 687//1116 677//1089
f 678//1090 689//1118 690//1119
f 678//1090 690//1119 679//1091
f 815//1120 816//1121 688//1117
f 815//1120 688//1117 684//1105
f 689//1118 817//1122 694//1123
f 689//1118 694//1123 690//1119
f 690//1119 694//1123 692//1124
f 690//1119 692//1124 687//1116
f 816//1121 817//1122 689//1118
f 816//1121 689//1118 688//1117
f 627//1024 786//1023 1117//1125
f 695//1126 787//1127 1116//1128
f 695//1126 1116//1128 696//1129
f 696//1129 788//1130 1115//1131
f 697//1132 789//1133 1114//1134
f 697//1132 1114//1134 698//1135
f 698//1135 790//1136 1113//1137
f 698//1135 1113//1137 699//1138
f 699//1138 791//1139 1112//1140
f 699//1138 1112//1140 714//1141
f 1131//1142 700//1143 792//1144
f 1131//1142 792//1144 793//1145
f 25//1025 627//1024 695//1126
f 25//1025 695//1126 34//1146
f 822//134 794//1147 823//1148
f 697//1132 704//1149 703//1150
f 697//1132 703//1150 696//1129
f 696//1129 703//1150 34//1146
f 696//1129 34//1146 695//1126
f 570//854 1127//913 1128//1151
f 570//854 1128//1151 580//875
f 1128//1151 1129//1152 702//1153
f 1128//1151 702//1153 580//875
f 770//37 771//1154 708//1155
f 770//37 708//1155 33//38
f 707//1156 709//910 32//1157
f 707//1156 32//1157 31//1158
f 710//1159 712//1160 705//1161
f 710//1159 705//1161 711//911
f 1132//1162 1133//1163 713//1164
f 1132//1162 713//1164 704//1149
f 707//1156 710//1159 711//911
f 707//1156 711//911 709//910
f 698//1135 1132//1162 704//1149
f 698//1135 704//1149 697//1132
f 712//1160 699//1138 714//1141
f 712//1160 714//1141 705//1161
f 714//1141 700//1143 701//1165
f 714//1141 701//1165 705//1161
f 1167//1166 1168//1167 181//1168
f 1167//1166 181//1168 661//1169
f 751//1170 752//1171 661//1169
f 751//1170 661//1169 181//1168
f 666//1172 669//1173 182//1174
f 666//1172 182//1174 183//1175
f 665//1176 666//1172 183//1175
f 665//1176 183//1175 184//1177
f 665//1176 184//1177 204//1178
f 665//1176 204//1178 673//1179
f 673//1179 204//1178 642//1180
f 673//1179 642//1180 650//1181
f 643//1182 649//1183 650//1181
f 643//1182 650//1181 642//1180
f 644//1184 653//1185 649//1183
f 644//1184 649//1183 643//1182
f 653//1185 644//1184 173//1186
f 653//1185 173//1186 652//1187
f 174//1188 654//1189 652//1187
f 174//1188 652//1187 173//1186
f 175//1190 657//1191 654//1189
f 175//1190 654//1189 174//1188
f 799//1192 800//1193 657//1191
f 799//1192 657//1191 175//1190
f 177//1194 659//1195 658//1196
f 177//1194 658//1196 176//1197
f 659//1195 177//1194 178//1198
f 659//1195 178//1198 660//1199
f 671//1200 660//1199 178//1198
f 671//1200 178//1198 179//1201
f 180//1202 662//1203 671//1200
f 180//1202 671//1200 179//1201
f 672//1076 663//1075 186//1204
f 672//1076 186//1204 685//1205
f 664//1064 185//1206 1164//1207
f 664//1064 1164//1207 1165//1061
f 754//1072 755//1208 185//1206
f 754//1072 185//1206 664//1064
f 729//1066 730//1077 639//1078
f 729//1066 639//1078 668//1067
f 723//1060 724//1073 672//1076
f 723//1060 672//1076 648//1042
f 647//1043 648//1042 672//1076
f 647//1043 672//1076 685//1205
f 203//211 1182//1209 1183//1210
f 201//207 1181//1211 1182//1209
f 201//207 1182//1209 203//211
f 1180//1212 1181//1211 201//207
f 1180//1212 201//207 202//210
f 1178//1213 1179//1214 1173//1215
f 560//839 116//122 119//124
f 560//839 119//124 562//840
f 116//122 1143//1216 1137//1217
f 116//122 1137//1217 115//119
f 556//831 112//118 1142//1218
f 556//831 1142//1218 1138//1219
f 553//829 111//115 112//118
f 553//829 112//118 556//831
f 960//828 961//817 111//115
f 960//828 111//115 553//829
f 509//767 554//848 566//846
f 509//767 566//846 122//128
f 563//845 121//125 122//128
f 563//845 122//128 566//846
f 971//809 972//842 562//840
f 971//809 562//840 119//124
f 578//867 52//58 506//765
f 578//867 506//765 579//871
f 567//851 569//855 955//873
f 567//851 955//873 956//869
f 512//850 568//852 569//855
f 512//850 569//855 567//851
f 1119//770 59//63 571//857
f 1119//770 571//857 1153//856
f 59//63 1118//66 1144//858
f 59//63 1144//858 571//857
f 572//860 55//59 56//62
f 572//860 56//62 574//861
f 976//806 977//866 574//861
f 976//806 574//861 56//62
f 575//863 51//55 52//58
f 575//863 52//58 578//867
f 481//703 241//255 242//254
f 481//703 242//254 262//280
f 262//280 242//254 243//253
f 262//280 243//253 263//281
f 259//274 417//512 418//513
f 259//274 418//513 258//275
f 258//275 418//513 241//255
f 258//275 241//255 481//703
f 263//281 243//253 435//543
f 263//281 435//543 261//279
f 261//279 435//543 434//542
f 261//279 434//542 260//276
f 416//510 436//544 417//512
f 416//510 417//512 259//274
f 260//276 434//542 436//544
f 260//276 436//544 416//510
f 464//658 245//259 246//258
f 464//658 246//258 270//298
f 270//298 246//258 247//257
f 270//298 247//257 271//299
f 267//292 422//520 423//521
f 267//292 423//521 266//293
f 266//293 423//521 245//259
f 266//293 245//259 464//658
f 271//299 247//257 438//546
f 271//299 438//546 268//294
f 268//294 438//546 437//545
f 268//294 437//545 269//295
f 421//518 439//547 422//520
f 421//518 422//520 267//292
f 269//295 437//545 439//547
f 269//295 439//547 421//518
f 447//585 253//267 254//266
f 447//585 254//266 157//163
f 157//163 254//266 255//265
f 157//163 255//265 160//164
f 151//157 427//530 428//531
f 151//157 428//531 150//158
f 150//158 428//531 253//267
f 150//158 253//267 447//585
f 160//164 255//265 441//549
f 160//164 441//549 79//83
f 79//83 441//549 440//548
f 79//83 440//548 82//84
f 426//528 442//550 427//530
f 426//528 427//530 151//157
f 82//84 440//548 442//550
f 82//84 442//550 426//528
f 446//567 249//263 250//262
f 446//567 250//262 284//334
f 284//334 250//262 251//261
f 284//334 251//261 285//335
f 281//328 432//538 433//539
f 281//328 433//539 280//329
f 280//329 433//539 249//263
f 280//329 249//263 446//567
f 285//335 251//261 444//552
f 285//335 444//552 282//330
f 282//330 444//552 443//551
f 282//330 443//551 283//331
f 431//536 445//553 432//538
f 431//536 432//538 281//328
f 283//331 443//551 445//553
f 283//331 445//553 431//536
f 522//780 527//783 524//782
f 522//780 524//782 521//781
f 530//788 528//787 529//786
f 530//788 529//786 533//789
f 521//781 524//782 548//824
f 521//781 548//824 65//69
f 65//69 548//824 549//823
f 65//69 549//823 64//70
f 64//70 549//823 550//825
f 64//70 550//825 511//769
f 511//769 550//825 528//787
f 511//769 528//787 530//788
f 533//789 529//786 581//902
f 533//789 581//902 113//900
f 113//900 581//902 582//901
f 113//900 582//901 118//1220
f 118//1220 582//901 583//903
f 118//1220 583//903 117//905
f 117//905 583//903 527//783
f 117//905 527//783 522//780
f 649//1183 716//1045 715//1044
f 649//1183 715//1044 650//1181
f 649//1183 653//1185 717//1050
f 649//1183 717//1050 716//1045
f 718//1051 717//1050 653//1185
f 718//1051 653//1185 652//1187
f 654//1189 719//1052 718//1051
f 654//1189 718//1051 652//1187
f 720//1055 719//1052 654//1189
f 720//1055 654//1189 657//1191
f 800//1193 801//1056 720//1055
f 800//1193 720//1055 657//1191
f 659//1195 722//1059 721//1058
f 659//1195 721//1058 658//1196
f 660//1199 723//1060 722//1059
f 660//1199 722//1059 659//1195
f 671//1200 724//1073 723//1060
f 671//1200 723//1060 660//1199
f 671//1200 662//1203 725//1074
f 671//1200 725//1074 724//1073
f 661//1169 726//1063 1166//1062
f 661//1169 1166//1062 1167//1166
f 661//1169 752//1171 753//1071
f 661//1169 753//1071 726//1063
f 669//1173 666//1172 728//1065
f 669//1173 728//1065 727//1069
f 665//1176 729//1066 728//1065
f 665//1176 728//1065 666//1172
f 673//1179 730//1077 729//1066
f 673//1179 729//1066 665//1176
f 673//1179 650//1181 715//1044
f 673//1179 715//1044 730//1077
f 644//1184 732//1041 731//179
f 644//1184 731//179 173//1186
f 733//1038 732//1041 644//1184
f 733//1038 644//1184 643//1182
f 734//1039 733//1038 643//1182
f 734//1039 643//1182 642//1180
f 204//1178 735//212 734//1039
f 204//1178 734//1039 642//1180
f 184//1177 736//192 735//212
f 184//1177 735//212 204//1178
f 184//1177 183//1175 737//190
f 184//1177 737//190 736//192
f 183//1175 182//1174 738//191
f 183//1175 738//191 737//190
f 750//189 751//1170 181//1168
f 750//189 181//1168 739//187
f 1168//1167 1169//188 739//187
f 1168//1167 739//187 181//1168
f 741//185 740//186 180//1202
f 741//185 180//1202 179//1201
f 179//1201 178//1198 742//183
f 179//1201 742//183 741//185
f 177//1194 743//184 742//183
f 177//1194 742//183 178//1198
f 744//220 743//184 177//1194
f 744//220 177//1194 176//1197
f 745//182 798//181 799//1192
f 745//182 799//1192 175//1190
f 746//178 745//182 175//1190
f 746//178 175//1190 174//1188
f 731//179 746//178 174//1188
f 731//179 174//1188 173//1186
f 194//200 8//15 748//9
f 194//200 748//9 747//201
f 7//18 749//10 748//9
f 7//18 748//9 8//15
f 738//191 750//189 749//10
f 738//191 749//10 7//18
f 182//1174 751//1170 750//189
f 182//1174 750//189 738//191
f 669//1173 752//1171 751//1170
f 669//1173 751//1170 182//1174
f 753//1071 752//1171 669//1173
f 753//1071 669//1173 727//1069
f 754//1072 753//1071 727//1069
f 754//1072 727//1069 670//1070
f 713//1164 1133//1163 1134//1221
f 713//1164 1134//1221 809//1222
f 758//1223 757//1224 210//223
f 758//1223 210//223 19//222
f 759//1225 758//1223 19//222
f 759//1225 19//222 18//221
f 18//221 744//220 760//1226
f 18//221 760//1226 759//1225
f 761//1227 760//1226 744//220
f 761//1227 744//220 176//1197
f 176//1197 658//1196 762//1228
f 176//1197 762//1228 761//1227
f 658//1196 721//1058 763//1229
f 658//1196 763//1229 762//1228
f 764//1230 763//1229 721//1058
f 764//1230 721//1058 188//196
f 188//196 189//195 765//1231
f 188//196 765//1231 764//1230
f 814//1232 815//1120 684//1105
f 814//1232 684//1105 26//1087
f 26//1087 24//1086 813//1233
f 26//1087 813//1233 814//1232
f 845//1234 846//1026 25//1025
f 845//1234 25//1025 812//1235
f 34//1146 811//1236 812//1235
f 34//1146 812//1235 25//1025
f 703//1150 810//1237 811//1236
f 703//1150 811//1236 34//1146
f 692//1124 772//1101 686//1103
f 692//1124 686//1103 687//1116
f 692//1124 818//1238 804//1239
f 692//1124 804//1239 772//1101
f 819//865 576//864 683//1100
f 819//865 683//1100 773//1102
f 591//1013 840//1240 841//933
f 591//1013 841//933 590//932
f 839//1241 840//1240 591//1013
f 839//1241 591//1013 620//1014
f 838//1242 839//1241 620//1014
f 838//1242 620//1014 621//1015
f 621//1015 622//1016 837//1243
f 621//1015 837//1243 838//1242
f 836//1244 837//1243 622//1016
f 836//1244 622//1016 623//1017
f 835//1245 836//1244 623//1017
f 835//1245 623//1017 624//1018
f 675//1081 834//1246 835//1245
f 675//1081 835//1245 624//1018
f 833//1247 834//1246 675//1081
f 833//1247 675//1081 674//1079
f 783//1248 774//936 577//868
f 783//1248 577//868 128//870
f 127//874 784//1249 953//1250
f 127//874 953//1250 954//872
f 29//1080 832//1251 833//1247
f 29//1080 833//1247 674//1079
f 849//1252 850//35 30//34
f 849//1252 30//34 831//1253
f 1107//1010 1108//1254 831//1253
f 1107//1010 831//1253 30//34
f 829//1255 1104//1256 1105//1257
f 829//1255 1105//1257 1111//1258
f 1100//1259 1101//1260 829//1255
f 1100//1259 829//1255 37//1261
f 827//1262 1097//1263 1098//1264
f 827//1262 1098//1264 41//1265
f 1064//1266 827//1262 41//1265
f 1058//926 1059//1267 826//1268
f 1058//926 826//1268 42//927
f 1028//1269 1029//1270 825//1271
f 1028//1269 825//1271 45//1272
f 1026//923 823//1148 824//1273
f 1026//923 824//1273 46//1274
f 796//23 795//218 757//1224
f 796//23 757//1224 758//1223
f 797//24 796//23 758//1223
f 797//24 758//1223 759//1225
f 759//1225 760//1226 798//181
f 759//1225 798//181 797//24
f 799//1192 798//181 760//1226
f 799//1192 760//1226 761//1227
f 761//1227 762//1228 800//1193
f 761//1227 800//1193 799//1192
f 762//1228 763//1229 801//1056
f 762//1228 801//1056 800//1193
f 802//1057 801//1056 763//1229
f 802//1057 763//1229 764//1230
f 693//1275 803//1276 694//1123
f 693//1275 694//1123 817//1122
f 682//1277 805//1278 804//1239
f 682//1277 61//1279 806//1280
f 682//1277 806//1280 805//1278
f 1147//1281 1148//1282 62//1283
f 1147//1281 62//1283 807//1284
f 62//1283 1149//1285 1150//1286
f 62//1283 1150//1286 807//1284
f 515//1287 32//1157 584//1288
f 515//1287 584//1288 808//1289
f 585//909 584//1288 32//1157
f 585//909 32//1157 709//910
f 756//1290 809//1222 1134//1221
f 756//1290 1134//1221 1135//1291
f 771//1154 809//1222 756//1290
f 771//1154 756//1290 708//1155
f 713//1164 810//1237 703//1150
f 713//1164 703//1150 704//1149
f 713//1164 809//1222 771//1154
f 713//1164 771//1154 810//1237
f 811//1236 810//1237 771//1154
f 811//1236 771//1154 770//37
f 812//1235 811//1236 770//37
f 812//1235 770//37 769//27
f 844//26 845//1234 812//1235
f 844//26 812//1235 769//27
f 814//1232 813//1233 768//30
f 814//1232 768//30 767//29
f 767//29 766//1104 815//1120
f 767//29 815//1120 814//1232
f 766//1104 691//1292 816//1121
f 766//1104 816//1121 815//1120
f 693//1275 817//1122 816//1121
f 693//1275 816//1121 691//1292
f 694//1123 803//1276 818//1238
f 694//1123 818//1238 692//1124
f 804//1239 805//1278 773//1102
f 804//1239 773//1102 772//1101
f 773//1102 1123//1098 573//862
f 773//1102 573//862 819//865
f 803//1293 820//1294 818//1295
f 794//1147 793//1145 824//1273
f 794//1147 824//1273 823//1148
f 1029//1270 792//1144 825//1271
f 1059//1267 1112//1140 791//1139
f 1059//1267 791//1139 826//1268
f 1061//1296 1113//1137 790//1136
f 1061//1296 790//1136 827//1262
f 1097//1263 1114//1134 789//1133
f 1097//1263 789//1133 828//1297
f 1101//1260 1115//1131 788//1130
f 1101//1260 788//1130 829//1255
f 1104//1256 1116//1128 787//1127
f 1104//1256 787//1127 830//1298
f 1108//1254 1117//1125 786//1023
f 1108//1254 786//1023 831//1253
f 848//1022 849//1252 831//1253
f 848//1022 831//1253 786//1023
f 833//1247 832//1251 785//1083
f 833//1247 785//1083 782//1082
f 782//1082 781//1095 834//1246
f 782//1082 834//1246 833//1247
f 835//1245 834//1246 781//1095
f 835//1245 781//1095 780//1096
f 780//1096 779//1093 836//1244
f 780//1096 836//1244 835//1245
f 779//1093 778//1092 837//1243
f 779//1093 837//1243 836//1244
f 838//1242 837//1243 778//1092
f 838//1242 778//1092 777//1088
f 777//1088 776//1019 839//1241
f 777//1088 839//1241 838//1242
f 776//1019 775//937 840//1240
f 776//1019 840//1240 839//1241
f 841//933 840//1240 775//937
f 841//933 775//937 774//936
f 842//934 841//933 774//936
f 842//934 774//936 783//1248
f 952//133 953//1250 784//1249
f 952//133 784//1249 822//134
f 768//30 844//26 843//25
f 768//30 843//25 21//31
f 813//1233 845//1234 844//26
f 813//1233 844//26 768//30
f 24//1086 846//1026 845//1234
f 24//1086 845//1234 813//1233
f 847//1021 846//1026 24//1086
f 847//1021 24//1086 626//1084
f 785//1083 848//1022 847//1021
f 785//1083 847//1021 626//1084
f 832//1251 849//1252 848//1022
f 832//1251 848//1022 785//1083
f 29//1080 850//35 849//1252
f 29//1080 849//1252 832//1251
f 851//36 850//35 29//1080
f 851//36 29//1080 28//983
f 852//981 1219//980 28//983
f 852//981 28//983 616//982
f 853//1110 852//981 616//982
f 853//1110 616//982 384//1108
f 854//469 1017//468 1008//483
f 854//469 1008//483 383//482
f 855//707 854//469 383//482
f 855//707 383//482 483//704
f 856//325 855//707 483//704
f 856//325 483//704 106//109
f 1275//108 1276//322 856//325
f 1275//108 856//325 106//109
f 858//500 857//562 103//563
f 858//500 103//563 408//503
f 859//501 858//500 408//503
f 859//501 408//503 407//502
f 860//326 859//501 407//502
f 860//326 407//502 162//170
f 163//169 861//327 860//326
f 163//169 860//326 162//170
f 430//534 862//537 861//327
f 430//534 861//327 163//169
f 863//332 862//537 430//534
f 863//332 430//534 70//72
f 864//333 863//332 70//72
f 864//333 70//72 67//71
f 865//336 864//333 67//71
f 865//336 67//71 170//176
f 866//337 865//336 170//176
f 866//337 170//176 169//175
f 867//492 866//337 169//175
f 867//492 169//175 399//489
f 868//493 867//492 399//489
f 868//493 399//489 400//488
f 869//557 868//493 400//488
f 869//557 400//488 98//555
f 99//104 870//339 1280//338
f 99//104 1280//338 1281//101
f 487//717 871//714 870//339
f 487//717 870//339 99//104
f 872//474 871//714 487//717
f 872//474 487//717 391//479
f 1012//478 1013//475 872//474
f 1012//478 872//474 391//479
f 390//1115 605//962 874//1299
f 390//1115 874//1299 873//1113
f 875//1300 874//1299 605//962
f 875//1300 605//962 602//958
f 876//1301 875//1300 602//958
f 876//1301 602//958 600//954
f 877//1302 876//1301 600//954
f 877//1302 600//954 495//957
f 878//427 981//730 982//728
f 878//427 982//728 352//440
f 1250//443 1251//424 878//427
f 1250//443 878//427 352//440
f 880//594 879//614 351//616
f 880//594 351//616 449//592
f 881//245 880//594 449//592
f 881//245 449//592 232//321
f 1288//320 1289//242 881//245
f 1288//320 881//245 232//321
f 883//458 882//576 231//578
f 883//458 231//578 376//463
f 884//459 883//458 376//463
f 884//459 376//463 375//462
f 885//155 1328//587 1329//588
f 885//155 1329//588 149//317
f 149//317 152//316 886//156
f 149//317 886//156 885//155
f 152//316 424//526 887//529
f 152//316 887//529 886//156
f 888//85 887//529 424//526
f 888//85 424//526 81//310
f 889//86 888//85 81//310
f 889//86 81//310 80//313
f 890//165 889//86 80//313
f 890//165 80//313 159//308
f 891//166 890//165 159//308
f 891//166 159//308 158//309
f 158//309 1323//581 1324//582
f 158//309 1324//582 891//166
f 367//447 368//446 893//449
f 367//447 893//449 892//448
f 368//446 238//569 894//570
f 368//446 894//570 893//449
f 1283//250 1284//306 239//307
f 1283//250 239//307 895//251
f 239//307 453//604 896//601
f 239//307 896//601 895//251
f 453//604 358//607 897//608
f 453//604 897//608 896//601
f 1245//432 1246//434 359//437
f 1245//432 359//437 898//433
f 359//437 986//725 987//722
f 359//437 987//722 898//433
f 597//943 900//1303 899//1304
f 597//943 899//1304 491//945
f 596//942 901//1305 900//1303
f 596//942 900//1303 597//943
f 902//1306 901//1305 596//942
f 902//1306 596//942 503//745
f 992//744 993//746 902//1306
f 992//744 902//1306 503//745
f 1260//399 1261//382 903//385
f 1260//399 903//385 320//400
f 905//288 904//626 319//627
f 905//288 319//627 219//229
f 906//289 905//288 219//229
f 906//289 219//229 216//228
f 907//643 1298//642 1299//645
f 907//643 1299//645 461//644
f 908//416 907//643 461//644
f 908//416 461//644 344//419
f 909//417 908//416 344//419
f 909//417 344//419 343//418
f 910//290 1318//660 1319//661
f 910//290 1319//661 140//148
f 141//147 911//291 910//290
f 141//147 910//290 140//148
f 420//516 912//519 911//291
f 420//516 911//291 141//147
f 913//296 912//519 420//516
f 913//296 420//516 78//80
f 914//297 913//296 78//80
f 914//297 78//80 75//79
f 915//300 914//297 75//79
f 915//300 75//79 148//154
f 916//301 915//300 148//154
f 916//301 148//154 147//153
f 1313//654 1314//655 916//301
f 1313//654 916//301 147//153
f 918//409 917//408 335//405
f 918//409 335//405 336//404
f 919//637 918//409 336//404
f 919//637 336//404 457//633
f 1293//632 1294//634 919//637
f 1293//632 919//637 457//633
f 225//236 921//303 920//302
f 225//236 920//302 224//237
f 922//621 921//303 225//236
f 922//621 225//236 327//619
f 326//395 923//391 1255//390
f 326//395 1255//390 1256//392
f 498//739 924//1307 997//733
f 498//739 997//733 988//736
f 925//1308 924//1307 498//739
f 925//1308 498//739 618//1003
f 926//1309 925//1308 618//1003
f 926//1309 618//1003 617//998
f 927//1310 926//1309 617//998
f 927//1310 617//998 288//997
f 1270//357 1271//340 1007//343
f 1270//357 1007//343 998//358
f 929//695 928//763 287//752
f 929//695 287//752 478//696
f 930//271 929//695 478//696
f 930//271 478//696 96//99
f 1308//98 1309//268 930//271
f 1308//98 930//271 96//99
f 932//677 931//676 93//679
f 932//677 93//679 470//678
f 933//374 932//677 470//678
f 933//374 470//678 312//377
f 934//375 933//374 312//377
f 934//375 312//377 311//376
f 935//272 934//375 311//376
f 935//272 311//376 130//138
f 131//137 936//273 935//272
f 131//137 935//272 130//138
f 414//508 937//511 936//273
f 414//508 936//273 131//137
f 938//277 937//511 414//508
f 938//277 414//508 71//75
f 939//278 938//277 71//75
f 939//278 71//75 72//78
f 940//282 939//278 72//78
f 940//282 72//78 138//144
f 941//283 940//282 138//144
f 941//283 138//144 137//143
f 942//366 941//283 137//143
f 942//366 137//143 303//363
f 943//367 942//366 303//363
f 943//367 303//363 304//362
f 944//670 943//367 304//362
f 944//670 304//362 466//667
f 945//671 944//670 466//667
f 945//671 466//667 88//666
f 89//94 946//285 1303//284
f 89//94 1303//284 1304//91
f 947//687 946//285 89//94
f 947//687 89//94 473//685
f 948//758 947//687 473//685
f 948//758 473//685 295//756
f 1002//353 1003//349 1265//348
f 1002//353 1265//348 1266//350
f 47//917 950//919 949//918
f 47//917 949//918 294//914
f 47//917 50//935 951//53
f 47//917 951//53 1205//52
f 842//934 952//133 951//53
f 842//934 951//53 50//935
f 783//1248 953//1250 952//133
f 783//1248 952//133 842//934
f 954//872 953//1250 783//1248
f 954//872 783//1248 128//870
f 579//871 955//873 954//872
f 579//871 954//872 128//870
f 956//869 955//873 579//871
f 956//869 579//871 506//765
f 957//819 956//869 506//765
f 957//819 506//765 507//764
f 507//764 1154//795 1155//820
f 507//764 1155//820 957//819
f 536//878 1343//877 1344//881
f 536//878 1344//881 958//880
f 551//849 554//848 960//828
f 551//849 960//828 959//827
f 554//848 509//767 961//817
f 554//848 961//817 960//828
f 509//767 1339//766 1340//818
f 509//767 1340//818 961//817
f 963//815 962//899 508//896
f 963//815 508//896 535//793
f 964//816 963//815 535//793
f 964//816 535//793 534//792
f 534//792 547//826 965//814
f 534//792 965//814 964//816
f 547//826 545//822 966//812
f 547//826 966//812 965//814
f 545//822 546//821 967//813
f 545//822 967//813 966//812
f 968//810 967//813 546//821
f 968//810 546//821 517//777
f 517//777 518//776 969//811
f 517//777 969//811 968//810
f 518//776 124//907 970//906
f 518//776 970//906 969//811
f 971//809 1336//808 1337//126
f 971//809 1337//126 121//125
f 121//125 563//845 972//842
f 121//125 972//842 971//809
f 563//845 564//844 973//843
f 563//845 973//843 972//842
f 1350//892 1351//895 538//894
f 1350//892 538//894 974//893
f 975//805 1161//807 1162//796
f 975//805 1162//796 54//56
f 976//806 975//805 54//56
f 976//806 54//56 51//55
f 51//55 575//863 977//866
f 51//55 977//866 976//806
f 979//731 978//723 490//950
f 979//731 490//950 497//984
f 497//984 496//953 980//729
f 497//984 980//729 979//731
f 981//730 980//729 496//953
f 981//730 496//953 1223//952
f 982//728 981//730 877//1302
f 982//728 877//1302 495//957
f 495//957 494//956 983//727
f 495//957 983//727 982//728
f 984//726 983//727 494//956
f 984//726 494//956 493//966
f 985//724 984//726 493//966
f 985//724 493//966 492//946
f 986//725 985//724 492//946
f 986//725 492//946 491//945
f 987//722 986//725 491//945
f 987//722 491//945 899//1304
f 978//723 987//722 1224//949
f 978//723 1224//949 490//950
f 329//394 989//737 988//736
f 329//394 988//736 326//395
f 331//397 990//740 989//737
f 331//397 989//737 329//394
f 333//401 991//742 990//740
f 333//401 990//740 331//397
f 320//400 992//744 991//742
f 320//400 991//742 333//401
f 903//385 993//746 992//744
f 903//385 992//744 320//400
f 321//384 994//747 993//746
f 321//384 993//746 903//385
f 995//751 994//747 321//384
f 995//751 321//384 324//389
f 325//388 996//732 995//751
f 325//388 995//751 324//389
f 923//391 997//733 996//732
f 923//391 996//732 325//388
f 988//736 997//733 923//391
f 988//736 923//391 326//395
f 999//359 998//358 288//997
f 999//359 288//997 301//931
f 1000//355 999//359 301//931
f 1000//355 301//931 299//929
f 1001//352 1000//355 299//929
f 1001//352 299//929 297//915
f 1002//353 1001//352 297//915
f 1002//353 297//915 294//914
f 294//914 949//918 1003//349
f 294//914 1003//349 1002//353
f 1004//346 1003//349 949//918
f 1004//346 949//918 293//921
f 1005//347 1004//346 293//921
f 1005//347 293//921 292//1311
f 292//1311 289//999 1006//342
f 292//1311 1006//342 1005//347
f 1007//343 1006//342 289//999
f 1007//343 289//999 1231//1002
f 998//358 1007//343 927//1310
f 998//358 927//1310 288//997
f 1009//484 1008//483 1232//1312
f 1009//484 1232//1312 1233//1313
f 1010//481 1009//484 1233//1313
f 1010//481 1233//1313 1234//1314
f 1011//477 1010//481 1234//1314
f 1011//477 1234//1314 1235//1315
f 1012//478 1011//477 1235//1315
f 1012//478 1235//1315 1236//1316
f 1236//1316 1237//1317 1013//475
f 1236//1316 1013//475 1012//478
f 1014//471 1013//475 1237//1317
f 1014//471 1237//1317 1238//1318
f 1015//472 1014//471 1238//1318
f 1015//472 1238//1318 1239//1319
f 1239//1319 1240//1320 1016//467
f 1239//1319 1016//467 1015//472
f 1017//468 1016//467 1240//1320
f 1017//468 1240//1320 1241//1321
f 1008//483 1017//468 1241//1321
f 1008//483 1241//1321 1232//1312
f 977//866 819//865 573//862
f 977//866 573//862 574//861
f 580//875 702//1153 784//1249
f 580//875 784//1249 127//874
f 701//1165 706//908 711//911
f 701//1165 711//911 705//1161
f 1130//1322 1131//1142 793//1145
f 1130//1322 793//1145 794//1147
f 1129//1152 1130//1322 794//1147
f 1129//1152 794//1147 702//1153
f 702//1153 794//1147 822//134
f 702//1153 822//134 784//1249
f 339//407 338//406 1019//412
f 339//407 1019//412 1022//411
f 1023//650 458//636 459//639
f 1023//650 459//639 1020//651
f 460//641 345//415 1021//522
f 460//641 1021//522 1024//652
f 1018//410 1025//523 342//414
f 1018//410 342//414 340//1323
f 338//406 458//636 1023//650
f 338//406 1023//650 1019//412
f 339//407 1022//411 1018//410
f 339//407 1018//410 340//1323
f 342//414 1025//523 1021//522
f 342//414 1021//522 345//415
f 460//641 1024//652 1020//651
f 460//641 1020//651 459//639
f 1027//48 1030//922 1026//923
f 1027//48 1026//923 46//1274
f 1028//1269 1031//49 1027//48
f 1028//1269 1027//48 46//1274
f 824//1273 1029//1270 1028//1269
f 824//1273 1028//1269 46//1274
f 823//1148 1026//923 49//54
f 823//1148 49//54 822//134
f 1201//995 1030//922 1027//48
f 1201//995 1027//48 43//47
f 1198//1324 1031//49 1028//1269
f 1198//1324 1028//1269 45//1272
f 45//1272 1032//1325 1197//1326
f 45//1272 1197//1326 1198//1324
f 825//1271 1032//1325 45//1272
f 793//1145 792//1144 1029//1270
f 793//1145 1029//1270 824//1273
f 307//365 1037//369 1033//368
f 307//365 1033//368 308//702
f 306//364 467//669 1038//699
f 306//364 1038//699 1034//370
f 469//675 1039//701 1035//700
f 469//675 1035//700 468//673
f 310//372 1040//515 1036//514
f 310//372 1036//514 313//373
f 307//365 306//364 1034//370
f 307//365 1034//370 1037//369
f 1038//699 467//669 468//673
f 1038//699 468//673 1035//700
f 469//675 313//373 1036//514
f 469//675 1036//514 1039//701
f 1033//368 1040//515 310//372
f 1033//368 310//372 308//702
f 86//89 1046//689 1041//688
f 86//89 1041//688 85//90
f 475//686 290//757 1047//759
f 475//686 1047//759 1042//690
f 286//762 1048//761 1043//760
f 286//762 1043//760 291//1327
f 477//694 257//270 1045//693
f 477//694 1045//693 1044//692
f 1045//693 257//270 85//90
f 1045//693 85//90 1041//688
f 86//89 475//686 1042//690
f 86//89 1042//690 1046//689
f 1047//759 290//757 291//1327
f 1047//759 291//1327 1043//760
f 286//762 477//694 1044//692
f 286//762 1044//692 1048//761
f 212//305 1054//225 1049//224
f 212//305 1049//224 213//1328
f 215//304 322//620 1055//622
f 215//304 1055//622 1050//226
f 318//625 1056//624 1051//623
f 318//625 1051//623 323//1329
f 264//286 1053//525 1052//524
f 264//286 1052//524 265//287
f 1049//224 1053//525 264//286
f 1049//224 264//286 213//1328
f 212//305 215//304 1050//226
f 212//305 1050//226 1054//225
f 1055//622 322//620 323//1329
f 1055//622 323//1329 1051//623
f 318//625 265//287 1052//524
f 318//625 1052//524 1056//624
f 1192//992 1063//925 1057//924
f 1192//992 1057//924 39//987
f 825//1271 1059//1267 1058//926
f 825//1271 1058//926 1032//1325
f 1060//1330 1062//1331 1057//924
f 1060//1330 1057//924 42//927
f 826//1268 1061//1296 1060//1330
f 826//1268 1060//1330 42//927
f 39//987 1057//924 1062//1331
f 39//987 1062//1331 1190//988
f 1063//925 1197//1326 1032//1325
f 1063//925 1032//1325 1058//926
f 1062//1331 1195//44 40//43
f 1062//1331 40//43 1190//988
f 1060//1330 1061//1296 827//1262
f 1060//1330 827//1262 1064//1266
f 370//451 1070//453 1065//452
f 370//451 1065//452 372//1332
f 371//450 226//571 1071//572
f 371//450 1071//572 1066//454
f 230//575 1072//574 1067//573
f 230//575 1067//573 227//1333
f 374//456 1069//533 1068//532
f 374//456 1068//532 377//457
f 1065//452 1069//533 374//456
f 1065//452 374//456 372//1332
f 370//451 371//450 1066//454
f 370//451 1066//454 1070//453
f 1071//572 226//571 227//1333
f 1071//572 227//1333 1067//573
f 230//575 377//457 1068//532
f 230//575 1068//532 1072//574
f 229//240 1078//599 1073//598
f 229//240 1073//598 228//241
f 452//602 354//609 1079//610
f 452//602 1079//610 1074//600
f 350//613 1080//612 1075//611
f 350//613 1075//611 355//1334
f 233//244 1077//597 1076//596
f 233//244 1076//596 450//593
f 1073//598 1077//597 233//244
f 1073//598 233//244 228//241
f 229//240 452//602 1074//600
f 229//240 1074//600 1078//599
f 1079//610 354//609 355//1334
f 1079//610 355//1334 1075//611
f 350//613 450//593 1076//596
f 350//613 1076//596 1080//612
f 403//491 1086//495 1081//494
f 403//491 1081//494 404//566
f 402//490 107//556 1087//558
f 402//490 1087//558 1082//496
f 278//561 1088//560 1083//559
f 278//561 1083//559 108//1335
f 406//498 1085//541 1084//540
f 406//498 1084//540 409//499
f 1081//494 1085//541 406//498
f 1081//494 406//498 404//566
f 403//491 402//490 1082//496
f 403//491 1082//496 1086//495
f 1087//558 107//556 108//1335
f 1087//558 108//1335 1083//559
f 278//561 409//499 1084//540
f 278//561 1084//540 1088//560
f 110//113 1094//712 1089//711
f 110//113 1089//711 109//114
f 486//715 386//470 1095//719
f 486//715 1095//719 1090//713
f 382//466 1096//721 1091//720
f 382//466 1091//720 387//473
f 279//324 1093//710 1092//709
f 279//324 1092//709 484//706
f 1089//711 1093//710 279//324
f 1089//711 279//324 109//114
f 110//113 486//715 1090//713
f 110//113 1090//713 1094//712
f 1095//719 386//470 387//473
f 1095//719 387//473 1091//720
f 382//466 484//706 1092//709
f 382//466 1092//709 1096//721
f 1098//1264 1097//1263 828//1297
f 1098//1264 828//1297 38//1336
f 1099//1337 1103//1006 1098//1264
f 1099//1337 1098//1264 38//1336
f 1100//1259 1102//39 1099//1337
f 1100//1259 1099//1337 38//1336
f 828//1297 1101//1260 1100//1259
f 828//1297 1100//1259 38//1336
f 1105//1257 1104//1256 830//1298
f 1105//1257 830//1298 619//1338
f 1106//1339 1109//1011 1105//1257
f 1106//1339 1105//1257 619//1338
f 1107//1010 1110//1009 1106//1339
f 1107//1010 1106//1339 619//1338
f 830//1298 1108//1254 1107//1010
f 830//1298 1107//1010 619//1338
f 829//1255 1111//1258 37//1261
f 792//1144 1112//1140 1059//1267
f 792//1144 1059//1267 825//1271
f 791//1139 1113//1137 1061//1296
f 791//1139 1061//1296 826//1268
f 790//1136 1114//1134 1097//1263
f 790//1136 1097//1263 827//1262
f 698//1135 1114//1134 790//1136
f 789//1133 1115//1131 1101//1260
f 789//1133 1101//1260 828//1297
f 696//1129 1115//1131 789//1133
f 696//1129 789//1133 697//1132
f 788//1130 1116//1128 1104//1256
f 788//1130 1104//1256 829//1255
f 696//1129 1116//1128 788//1130
f 787//1127 1117//1125 1108//1254
f 787//1127 1108//1254 830//1298
f 627//1024 1117//1125 787//1127
f 627//1024 787//1127 695//1126
f 512//850 513//801 1122//771
f 512//850 1122//771 1119//770
f 58//60 1121//65 1120//64
f 58//60 1120//64 60//799
f 1118//66 1121//65 58//60
f 1118//66 58//60 55//59
f 1122//771 513//801 60//799
f 1122//771 60//799 1120//64
f 773//1102 805//1278 1123//1098
f 805//1278 806//1280 1124//1099
f 805//1278 1124//1099 1123//1098
f 1146//130 1147//1281 807//1284
f 1146//130 807//1284 1125//131
f 807//1284 1150//1286 1151//772
f 807//1284 1151//772 1125//131
f 808//1289 584//1288 1127//913
f 808//1289 1127//913 1126//912
f 1128//1151 1127//913 584//1288
f 1128//1151 584//1288 585//909
f 585//909 706//908 1129//1152
f 585//909 1129//1152 1128//1151
f 701//1165 1130//1322 1129//1152
f 701//1165 1129//1152 706//908
f 701//1165 700//1143 1131//1142
f 701//1165 1131//1142 1130//1322
f 700//1143 714//1141 1112//1140
f 700//1143 1112//1140 792//1144
f 699//1138 1113//1137 791//1139
f 699//1138 712//1160 1132//1162
f 699//1138 1132//1162 698//1135
f 712//1160 710//1159 1133//1163
f 712//1160 1133//1163 1132//1162
f 1134//1221 1133//1163 710//1159
f 1134//1221 710//1159 707//1156
f 1135//1291 1134//1221 707//1156
f 1135//1291 707//1156 31//1158
f 558//1340 1137//1217 1143//1216
f 558//1340 1143//1216 1136//838
f 1138//1219 1142//1218 1137//1217
f 1138//1219 1137//1217 558//1340
f 1139//834 1141//833 1138//1219
f 1139//834 1138//1219 558//1340
f 1136//838 1140//837 1139//834
f 1136//838 1139//834 558//1340
f 557//835 1139//834 1140//837
f 557//835 1140//837 559//836
f 555//832 556//831 1138//1219
f 555//832 1138//1219 1141//833
f 1142//1218 112//118 115//119
f 1142//1218 115//119 1137//1217
f 1136//838 1143//1216 116//122
f 1136//838 116//122 560//839
f 1144//858 1118//66 55//59
f 1144//858 55//59 572//860
f 1145//129 1144//858 572//860
f 1145//129 572//860 125//859
f 1124//1099 1146//130 1145//129
f 1124//1099 1145//129 125//859
f 806//1280 1147//1281 1146//130
f 806//1280 1146//130 1124//1099
f 61//1279 1148//1282 1147//1281
f 61//1279 1147//1281 806//1280
f 1150//1286 1149//1285 515//1287
f 1150//1286 515//1287 808//1289
f 1151//772 1150//1286 808//1289
f 1151//772 808//1289 1126//912
f 1152//773 1151//772 1126//912
f 1152//773 1126//912 514//853
f 514//853 568//852 1153//856
f 514//853 1153//856 1152//773
f 1119//770 1153//856 568//852
f 1119//770 568//852 512//850
f 1155//820 1154//795 536//878
f 1155//820 536//878 958//880
f 1156//804 1155//820 958//880
f 1156//804 958//880 544//883
f 1157//802 1156//804 544//883
f 1157//802 544//883 542//885
f 1158//800 1157//802 542//885
f 1158//800 542//885 541//887
f 1159//797 1158//800 541//887
f 1159//797 541//887 540//889
f 1160//798 1159//797 540//889
f 1160//798 540//889 539//891
f 539//891 974//893 1161//807
f 539//891 1161//807 1160//798
f 1162//796 1161//807 974//893
f 1162//796 974//893 538//894
f 1163//794 1162//796 538//894
f 1163//794 538//894 537//879
f 1154//795 1163//794 537//879
f 1154//795 537//879 536//878
f 1165//1061 1164//1207 186//1204
f 1165//1061 186//1204 663//1075
f 725//1074 1166//1062 1165//1061
f 725//1074 1165//1061 663//1075
f 1167//1166 1166//1062 725//1074
f 1167//1166 725//1074 662//1203
f 662//1203 180//1202 1168//1167
f 662//1203 1168//1167 1167//1166
f 180//1202 740//186 1169//188
f 180//1202 1169//188 1168//1167
f 1170//5 1169//188 740//186
f 1170//5 740//186 4//2
f 4//2 1//1 1171//6
f 4//2 1171//6 1170//5
f 1//1 198//204 1172//205
f 1//1 1172//205 1171//6
f 1179//1214 1180//1212 202//210
f 1179//1214 202//210 1173//1215
f 197//209 1174//1341 1173//1215
f 197//209 1173//1215 202//210
f 194//200 1176//1342 1175//1343
f 194//200 1175//1343 192//198
f 747//201 1177//1344 1176//1342
f 747//201 1176//1342 194//200
f 1178//1213 1177//1344 747//201
f 1178//1213 747//201 195//202
f 1172//205 1179//1214 1178//1213
f 1172//205 1178//1213 195//202
f 198//204 1180//1212 1179//1214
f 198//204 1179//1214 1172//205
f 199//203 1181//1211 1180//1212
f 199//203 1180//1212 198//204
f 1182//1209 1181//1211 199//203
f 1182//1209 199//203 200//206
f 1183//1210 1182//1209 200//206
f 1183//1210 200//206 208//216
f 1184//1345 1183//1210 208//216
f 1184//1345 208//216 210//223
f 1185//1346 1184//1345 210//223
f 1185//1346 210//223 757//1224
f 1186//1347 1185//1346 757//1224
f 1186//1347 757//1224 795//218
f 1187//1348 1186//1347 795//218
f 1187//1348 795//218 209//217
f 636//1035 637//1036 1188//1349
f 1189//1350 1188//1349 637//1036
f 1189//1350 637//1036 193//199
f 193//199 192//198 1175//1343
f 193//199 1175//1343 1189//1350
f 504//748 1193//989 1190//988
f 504//748 1190//988 40//43
f 499//735 1194//991 1191//990
f 499//735 1191//990 505//750
f 1063//925 1192//992 587//1004
f 1063//925 587//1004 1197//1326
f 1191//990 1193//989 504//748
f 1191//990 504//748 505//750
f 587//1004 1192//992 1194//991
f 587//1004 1194//991 499//735
f 1062//1331 1060//1330 1064//1266
f 1062//1331 1064//1266 1195//44
f 1196//45 1195//44 1064//1266
f 1196//45 1064//1266 41//1265
f 1103//1006 1196//45 41//1265
f 1103//1006 41//1265 1098//1264
f 1198//1324 1197//1326 587//1004
f 1198//1324 587//1004 44//1000
f 44//1000 1199//50 1031//49
f 44//1000 1031//49 1198//1324
f 289//999 1203//996 1199//50
f 289//999 1199//50 44//1000
f 292//1311 293//921 1202//994
f 292//1311 1202//994 1200//993
f 1202//994 293//921 48//920
f 1202//994 48//920 1201//995
f 289//999 292//1311 1200//993
f 289//999 1200//993 1203//996
f 48//920 1204//51 1030//922
f 48//920 1030//922 1201//995
f 950//919 1205//52 1204//51
f 950//919 1204//51 48//920
f 47//917 1205//52 950//919
f 1206//1007 1103//1006 1099//1337
f 1206//1007 1099//1337 35//1351
f 1207//986 1209//985 1206//1007
f 1207//986 1206//1007 35//1351
f 1208//42 1210//979 1207//986
f 1208//42 1207//986 35//1351
f 35//1351 1099//1337 1102//39
f 35//1351 1102//39 1208//42
f 1209//985 490//950 599//46
f 1209//985 599//46 1206//1007
f 496//953 497//984 1207//986
f 496//953 1207//986 1210//979
f 1211//40 1102//39 1100//1259
f 1211//40 1100//1259 37//1261
f 1212//1008 1211//40 37//1261
f 1212//1008 37//1261 1111//1258
f 1109//1011 1212//1008 1111//1258
f 1109//1011 1111//1258 1105//1257
f 1213//1012 1109//1011 1106//1339
f 1213//1012 1106//1339 614//1352
f 1214//974 1217//973 1213//1012
f 1214//974 1213//1012 614//1352
f 1215//977 1216//976 1214//974
f 1215//977 1214//974 614//1352
f 614//1352 1106//1339 1110//1009
f 614//1352 1110//1009 1215//977
f 615//975 613//972 1214//974
f 615//975 1214//974 1216//976
f 1217//973 607//964 604//960
f 1217//973 604//960 1213//1012
f 27//33 1218//978 1215//977
f 27//33 1215//977 1110//1009
f 27//33 851//36 1219//980
f 27//33 1219//980 1218//978
f 28//983 1219//980 851//36
f 873//1113 874//1299 1220//965
f 1221//961 1220//965 874//1299
f 1221//961 874//1299 875//1300
f 1222//951 1221//961 875//1300
f 1222//951 875//1300 876//1301
f 1223//952 1222//951 876//1301
f 1223//952 876//1301 877//1302
f 981//730 1223//952 877//1302
f 1224//949 987//722 899//1304
f 899//1304 900//1303 1225//948
f 899//1304 1225//948 1224//949
f 900//1303 901//1305 1226//947
f 900//1303 1226//947 1225//948
f 1227//749 1226//947 901//1305
f 1227//749 901//1305 902//1306
f 993//746 1227//749 902//1306
f 1228//734 997//733 924//1307
f 1229//1005 1228//734 924//1307
f 1229//1005 924//1307 925//1308
f 1230//1001 1229//1005 925//1308
f 1230//1001 925//1308 926//1309
f 1231//1002 1230//1001 926//1309
f 1231//1002 926//1309 927//1310
f 1007//343 1231//1002 927//1310
f 1233//1313 1232//1312 384//1108
f 1233//1313 384//1108 397//1107
f 1234//1314 1233//1313 397//1107
f 1234//1314 397//1107 395//1106
f 1235//1315 1234//1314 395//1106
f 1235//1315 395//1106 393//1114
f 1236//1316 1235//1315 393//1114
f 1236//1316 393//1114 390//1115
f 390//1115 873//1113 1237//1317
f 390//1115 1237//1317 1236//1316
f 1238//1318 1237//1317 873//1113
f 1238//1318 873//1113 389//1112
f 1239//1319 1238//1318 389//1112
f 1239//1319 389//1112 388//1111
f 388//1111 385//1109 1240//1320
f 388//1111 1240//1320 1239//1319
f 1241//1321 1240//1320 385//1109
f 1241//1321 385//1109 853//1110
f 1232//1312 1241//1321 853//1110
f 1232//1312 853//1110 384//1108
f 1243//428 1242//425 350//613
f 1243//428 350//613 355//1334
f 354//609 1244//429 1243//428
f 354//609 1243//428 355//1334
f 897//608 1245//432 1244//429
f 897//608 1244//429 354//609
f 358//607 1246//434 1245//432
f 358//607 1245//432 897//608
f 360//606 1247//435 1246//434
f 360//606 1246//434 358//607
f 362//617 1248//438 1247//435
f 362//617 1247//435 360//606
f 364//615 1249//442 1248//438
f 364//615 1248//438 362//617
f 1250//443 1249//442 364//615
f 1250//443 364//615 351//616
f 879//614 1251//424 1250//443
f 879//614 1250//443 351//616
f 350//613 1242//425 1251//424
f 350//613 1251//424 879//614
f 1253//386 1252//383 318//625
f 1253//386 318//625 323//1329
f 322//620 1254//387 1253//386
f 322//620 1253//386 323//1329
f 922//621 1255//390 1254//387
f 922//621 1254//387 322//620
f 1256//392 1255//390 922//621
f 1256//392 922//621 327//619
f 328//618 1257//393 1256//392
f 328//618 1256//392 327//619
f 330//629 1258//396 1257//393
f 330//629 1257//393 328//618
f 332//628 1259//398 1258//396
f 332//628 1258//396 330//629
f 319//627 1260//399 1259//398
f 319//627 1259//398 332//628
f 904//626 1261//382 1260//399
f 904//626 1260//399 319//627
f 318//625 1252//383 1261//382
f 318//625 1261//382 904//626
f 1263//344 1262//341 286//762
f 1263//344 286//762 291//1327
f 290//757 1264//345 1263//344
f 290//757 1263//344 291//1327
f 948//758 1265//348 1264//345
f 948//758 1264//345 290//757
f 1266//350 1265//348 948//758
f 1266//350 948//758 295//756
f 296//755 1267//351 1266//350
f 296//755 1266//350 295//756
f 298//754 1268//354 1267//351
f 298//754 1267//351 296//755
f 300//753 1269//356 1268//354
f 300//753 1268//354 298//754
f 287//752 1270//357 1269//356
f 287//752 1269//356 300//753
f 928//763 1271//340 1270//357
f 928//763 1270//357 287//752
f 286//762 1262//341 1271//340
f 286//762 1271//340 928//763
f 101//565 1273//105 1272//102
f 101//565 1272//102 97//554
f 104//564 1274//107 1273//105
f 104//564 1273//105 101//565
f 103//563 1275//108 1274//107
f 103//563 1274//107 104//564
f 857//562 1276//322 1275//108
f 857//562 1275//108 103//563
f 278//561 1277//323 1276//322
f 278//561 1276//322 857//562
f 1278//111 1277//323 278//561
f 1278//111 278//561 108//1335
f 107//556 1279//112 1278//111
f 107//556 1278//111 108//1335
f 869//557 1280//338 1279//112
f 869//557 1279//112 107//556
f 1281//101 1280//338 869//557
f 1281//101 869//557 98//555
f 97//554 1272//102 1281//101
f 97//554 1281//101 98//555
f 894//570 1283//250 1282//239
f 894//570 1282//239 226//571
f 238//569 1284//306 1283//250
f 238//569 1283//250 894//570
f 235//568 1285//246 1284//306
f 235//568 1284//306 238//569
f 234//579 1286//247 1285//246
f 234//579 1285//246 235//568
f 277//577 1287//319 1286//247
f 277//577 1286//247 234//579
f 1288//320 1287//319 277//577
f 1288//320 277//577 231//578
f 882//576 1289//242 1288//320
f 882//576 1288//320 231//578
f 230//575 1290//243 1289//242
f 230//575 1289//242 882//576
f 1291//238 1290//243 230//575
f 1291//238 230//575 227//1333
f 226//571 1282//239 1291//238
f 226//571 1291//238 227//1333
f 1293//632 1292//631 221//235
f 1293//632 221//235 224//237
f 920//302 1294//634 1293//632
f 920//302 1293//632 224//237
f 212//305 1295//635 1294//634
f 212//305 1294//634 920//302
f 1296//638 1295//635 212//305
f 1296//638 212//305 213//1328
f 264//286 1297//640 1296//638
f 264//286 1296//638 213//1328
f 1298//642 1297//640 264//286
f 1298//642 264//286 906//289
f 1299//645 1298//642 906//289
f 1299//645 906//289 216//228
f 1300//646 1299//645 216//228
f 1300//646 216//228 217//231
f 1301//648 1300//646 217//231
f 1301//648 217//231 220//232
f 1292//631 1301//648 220//232
f 1292//631 220//232 221//235
f 945//671 1303//284 1302//88
f 945//671 1302//88 83//668
f 1304//91 1303//284 945//671
f 1304//91 945//671 88//666
f 87//665 1305//92 1304//91
f 87//665 1304//91 88//666
f 91//682 1306//95 1305//92
f 91//682 1305//92 87//665
f 94//680 1307//97 1306//95
f 94//680 1306//95 91//682
f 93//679 1308//98 1307//97
f 93//679 1307//97 94//680
f 931//676 1309//268 1308//98
f 931//676 1308//98 93//679
f 256//674 1310//269 1309//268
f 256//674 1309//268 931//676
f 1311//87 1310//269 256//674
f 1311//87 256//674 84//672
f 83//668 1302//88 1311//87
f 83//668 1311//87 84//672
f 1313//654 1312//653 334//402
f 1313//654 334//402 335//405
f 917//408 1314//655 1313//654
f 917//408 1313//654 335//405
f 339//407 1315//656 1314//655
f 339//407 1314//655 917//408
f 1316//657 1315//656 339//407
f 1316//657 339//407 340//1323
f 342//414 1317//659 1316//657
f 342//414 1316//657 340//1323
f 1318//660 1317//659 342//414
f 1318//660 342//414 909//417
f 1319//661 1318//660 909//417
f 1319//661 909//417 343//418
f 1320//662 1319//661 343//418
f 1320//662 343//418 346//421
f 1321//663 1320//662 346//421
f 1321//663 346//421 348//422
f 1312//653 1321//663 348//422
f 1312//653 348//422 334//402
f 1323//581 1322//580 366//444
f 1323//581 366//444 367//447
f 1324//582 1323//581 367//447
f 1324//582 367//447 892//448
f 1325//583 1324//582 892//448
f 1325//583 892//448 370//451
f 1326//584 1325//583 370//451
f 1326//584 370//451 372//1332
f 374//456 1327//586 1326//584
f 374//456 1326//584 372//1332
f 1328//587 1327//586 374//456
f 1328//587 374//456 884//459
f 1329//588 1328//587 884//459
f 1329//588 884//459 375//462
f 379//461 1330//589 1329//588
f 379//461 1329//588 375//462
f 1331//590 1330//589 379//461
f 1331//590 379//461 380//464
f 1322//580 1331//590 380//464
f 1322//580 380//464 366//444
f 1333//120 1332//117 113//900
f 1333//120 113//900 118//1220
f 1334//121 1333//120 118//1220
f 1334//121 118//1220 117//905
f 1335//123 1334//121 117//905
f 1335//123 117//905 120//904
f 120//904 970//906 1336//808
f 120//904 1336//808 1335//123
f 1337//126 1336//808 970//906
f 1337//126 970//906 124//907
f 1338//127 1337//126 124//907
f 1338//127 124//907 123//897
f 508//896 1339//766 1338//127
f 508//896 1338//127 123//897
f 1340//818 1339//766 508//896
f 1340//818 508//896 962//899
f 1341//116 1340//818 962//899
f 1341//116 962//899 114//898
f 1332//117 1341//116 114//898
f 1332//117 114//898 113//900
f 551//849 1343//877 1342//876
f 551//849 1342//876 565//847
f 1344//881 1343//877 551//849
f 1344//881 551//849 959//827
f 1345//882 1344//881 959//827
f 1345//882 959//827 552//830
f 1346//884 1345//882 552//830
f 1346//884 552//830 555//832
f 1347//886 1346//884 555//832
f 1347//886 555//832 557//835
f 1348//888 1347//886 557//835
f 1348//888 557//835 559//836
f 1349//890 1348//888 559//836
f 1349//890 559//836 561//841
f 973//843 1350//892 1349//890
f 973//843 1349//890 561//841
f 564//844 1351//895 1350//892
f 564//844 1350//892 973//843
f 1342//876 1351//895 564//844
f 1342//876 564//844 565//847
f 2865//1353 2864//1354 2867//1355
f 2867//1355 2866//1356 2865//1353
f 2827//1357 2839//1358 2828//1359
f 2844//1360 2845//1361 2861//1362
f 2871//1363 2867//1355 2864//1354
f 2870//1364 2871//1363 2852//1365
f 2837//1366 2870//1364 2836//1367
f 2850//1368 2838//1369 2852//1365
f 2871//1363 2864//1354 2852//1365
f 2852//1365 2842//1370 2839//1358
f 2839//1358 2841//1371 2840//1372
f 2868//1373 2870//1364 2832//1374
f 2870//1364 2852//1365 2863//1375
f 2868//1373 2836//1367 2870//1364
f 2833//1376 2855//1377 2861//1362
f 2854//1378 2853//1379 2826//1380
f 2859//1381 2860//1382 2861//1362
f 2861//1362 2855//1377 2848//1383
f 2857//1384 2829//1385 2822//1386
f 2824//1387 2843//1388 2857//1384
f 2822//1386 2824//1387 2857//1384
f 2843//1388 2861//1362 2857//1384
f 2856//1389 2857//1384 2861//1362
f 2846//1390 2859//1381 2845//1361
f 2852//1365 2827//1357 2863//1375
f 2833//1376 2869//1391 2855//1377
f 2864//1354 2850//1368 2852//1365
f 2864//1354 2835//1392 2850//1368
f 2849//1393 2856//1389 2861//1362
f 2822//1386 2823//1394 2824//1387
f 2832//1374 2851//1395 2868//1373
f 2827//1357 2862//1396 2863//1375
f 2839//1358 2840//1372 2828//1359
f 2863//1375 2832//1374 2870//1364
f 2855//1377 2854//1378 2826//1380
f 2861//1362 2834//1397 2833//1376
f 2849//1393 2847//1398 2856//1389
f 2848//1383 2849//1393 2861//1362
f 2856//1389 2858//1399 2857//1384
f 2855//1377 2826//1380 2848//1383
f 2824//1387 2830//1400 2831//1401
f 2831//1401 2825//1402 2843//1388
f 2831//1401 2843//1388 2824//1387
f 2843//1388 2844//1360 2861//1362
f 2859//1381 2861//1362 2845//1361
f 2852//1365 2839//1358 2827//1357
f 1403//1403 1404//1404 1363//1405
f 1403//1403 1363//1405 1362//1406
f 1404//1404 1405//1407 1371//1408
f 1404//1404 1371//1408 1363//1405
f 1397//1409 1398//1410 1373//1411
f 1397//1409 1373//1411 1360//1412
f 1360//1412 1373//1411 1374//1413
f 1360//1412 1374//1413 1364//1414
f 1364//1414 1374//1413 1355//1415
f 1364//1414 1355//1415 1354//1416
f 1396//1417 1397//1409 1360//1412
f 1396//1417 1360//1412 1361//1418
f 1358//1419 1395//1420 1396//1417
f 1358//1419 1396//1417 1361//1418
f 1365//1421 1361//1418 1360//1412
f 1365//1421 1360//1412 1364//1414
f 1354//1416 1353//1422 1365//1421
f 1354//1416 1365//1421 1364//1414
f 1357//1423 1358//1419 1361//1418
f 1357//1423 1361//1418 1365//1421
f 1375//1424 1376//1425 1356//1426
f 1375//1424 1356//1426 1352//1427
f 1375//1424 1357//1423 1365//1421
f 1375//1424 1365//1421 1376//1425
f 1365//1421 1353//1422 1356//1426
f 1365//1421 1356//1426 1376//1425
f 1380//1428 1377//1429 1407//1430
f 1380//1431 1407//1432 1408//1433
f 1381//1434 1378//1435 1401//1436
f 1381//1434 1401//1436 1402//1437
f 1386//1438 1388//1439 1387//1440
f 1386//1438 1387//1440 1385//1441
f 1388//1439 1354//1416 1355//1415
f 1388//1439 1355//1415 1387//1440
f 1378//1435 1379//1442 1400//1443
f 1378//1435 1400//1443 1401//1436
f 1391//1444 1388//1439 1386//1438
f 1391//1444 1386//1438 1389//1445
f 1354//1416 1388//1439 1391//1444
f 1354//1416 1391//1444 1353//1422
f 1392//1446 1391//1444 1389//1445
f 1392//1446 1389//1445 1390//1447
f 1393//1448 1352//1427 1356//1426
f 1393//1448 1356//1426 1394//1449
f 1393//1448 1394//1449 1391//1444
f 1393//1448 1391//1444 1392//1446
f 1391//1444 1394//1449 1356//1426
f 1391//1444 1356//1426 1353//1422
f 1396//1417 1395//1420 1359//1450
f 1396//1417 1359//1450 1362//1406
f 1363//1405 1397//1409 1396//1417
f 1363//1405 1396//1417 1362//1406
f 1371//1408 1398//1410 1397//1409
f 1371//1408 1397//1409 1363//1405
f 1390//1447 1389//1445 1400//1443
f 1390//1451 1400//1451 1399//1452
f 1401//1436 1400//1443 1389//1445
f 1401//1436 1389//1445 1386//1438
f 1402//1437 1401//1436 1386//1438
f 1402//1437 1386//1438 1385//1441
f 1372//1453 1405//1407 1404//1404
f 1372//1454 1404//1454 1366//1455
f 1407//1456 1406//1457 1379//1458
f 1407//1432 1379//1442 1378//1435
f 1408//1433 1407//1432 1378//1435
f 1408//1433 1378//1435 1381//1434
f 1418//1459 1423//1460 1420//1461
f 1418//1462 1420//1462 1416//1463
f 1449//1464 1450//1465 1368//1466
f 1449//1467 1368//1468 1369//1469
f 1450//1465 1451//1470 1367//1471
f 1450//1465 1367//1471 1368//1466
f 1451//1470 1452//1472 1372//1453
f 1451//1470 1372//1453 1367//1471
f 1405//1407 1453//1473 1454//1474
f 1405//1407 1454//1474 1371//1408
f 1425//1475 1424//1476 1444//1477
f 1425//1475 1444//1477 1445//1478
f 1370//1479 1448//1480 1449//1479
f 1370//1479 1449//1481 1369//1482
f 1417//1483 1421//1484 1440//1485
f 1417//1483 1440//1485 1441//1486
f 1427//1487 1426//1488 1414//1489
f 1427//1487 1414//1489 1415//1490
f 1398//1410 1455//1491 1456//1492
f 1398//1410 1456//1492 1373//1411
f 1426//1488 1427//1487 1421//1484
f 1426//1488 1421//1484 1417//1483
f 1374//1413 1457//1493 1458//1494
f 1374//1413 1458//1494 1355//1415
f 1373//1411 1456//1492 1457//1493
f 1373//1411 1457//1493 1374//1413
f 1432//1495 1431//1496 1430//1497
f 1432//1498 1430//1499 1433//1500
f 1466//1501 1467//1502 1383//1503
f 1466//1501 1383//1503 1382//1504
f 1465//1505 1466//1501 1382//1504
f 1465//1505 1382//1504 1384//1506
f 1464//1507 1465//1505 1384//1506
f 1464//1507 1384//1506 1380//1431
f 1463//1508 1464//1507 1380//1431
f 1463//1508 1380//1431 1408//1433
f 1446//1509 1447//1510 1432//1498
f 1446//1509 1432//1498 1433//1500
f 1442//1511 1443//1512 1435//1513
f 1442//1511 1435//1513 1434//1514
f 1439//1515 1415//1490 1414//1489
f 1439//1515 1414//1489 1436//1516
f 1461//1517 1462//1518 1381//1434
f 1461//1517 1381//1434 1402//1437
f 1436//1516 1437//1519 1438//1520
f 1436//1516 1438//1520 1439//1515
f 1387//1440 1355//1415 1458//1494
f 1387//1440 1458//1494 1459//1521
f 1385//1441 1387//1440 1459//1521
f 1385//1441 1459//1521 1460//1522
f 1454//1474 1455//1491 1398//1410
f 1454//1474 1398//1410 1371//1408
f 1441//1486 1440//1485 1424//1476
f 1441//1486 1424//1476 1425//1475
f 1460//1522 1461//1517 1402//1437
f 1460//1522 1402//1437 1385//1441
f 1437//1519 1443//1512 1442//1511
f 1437//1519 1442//1511 1438//1520
f 1452//1472 1453//1473 1405//1407
f 1452//1472 1405//1407 1372//1453
f 1445//1478 1444//1477 1423//1460
f 1445//1478 1423//1460 1418//1459
f 1462//1518 1463//1508 1408//1433
f 1462//1518 1408//1433 1381//1434
f 1435//1513 1447//1510 1446//1509
f 1435//1513 1446//1509 1434//1514
f 1422//1523 1419//1524 1450//1465
f 1422//1523 1450//1465 1449//1464
f 1419//1524 1420//1461 1451//1470
f 1419//1524 1451//1470 1450//1465
f 1420//1461 1423//1460 1452//1472
f 1420//1461 1452//1472 1451//1470
f 1423//1460 1444//1477 1453//1473
f 1423//1460 1453//1473 1452//1472
f 1454//1474 1453//1473 1444//1477
f 1454//1474 1444//1477 1424//1476
f 1424//1476 1440//1485 1455//1491
f 1424//1476 1455//1491 1454//1474
f 1456//1492 1455//1491 1440//1485
f 1456//1492 1440//1485 1421//1484
f 1457//1493 1456//1492 1421//1484
f 1457//1493 1421//1484 1427//1487
f 1458//1494 1457//1493 1427//1487
f 1458//1494 1427//1487 1415//1490
f 1459//1521 1458//1494 1415//1490
f 1459//1521 1415//1490 1439//1515
f 1460//1522 1459//1521 1439//1515
f 1460//1522 1439//1515 1438//1520
f 1442//1511 1461//1517 1460//1522
f 1442//1511 1460//1522 1438//1520
f 1434//1514 1462//1518 1461//1517
f 1434//1514 1461//1517 1442//1511
f 1446//1509 1463//1508 1462//1518
f 1446//1509 1462//1518 1434//1514
f 1433//1500 1464//1507 1463//1508
f 1433//1500 1463//1508 1446//1509
f 1430//1499 1465//1505 1464//1507
f 1430//1499 1464//1507 1433//1500
f 1428//1525 1466//1501 1465//1505
f 1428//1525 1465//1505 1430//1499
f 1429//1526 1467//1502 1466//1501
f 1429//1526 1466//1501 1428//1525
f 1468//1527 1467//1528 1429//1529
f 1539//1530 1536//1531 1540//1532
f 1539//1530 1540//1532 1541//1533
f 1576//1534 1575//1535 1574//1536
f 1576//1534 1574//1536 1577//1537
f 1571//1538 1577//1537 1574//1536
f 1571//1538 1585//1539 1541//1533
f 1571//1538 1541//1533 1577//1537
f 1539//1530 1541//1533 1585//1539
f 1539//1530 1585//1539 1583//1540
f 1577//1537 1541//1533 1540//1532
f 1577//1537 1540//1532 1576//1534
f 1595//1541 1597//1542 1598//1543
f 1595//1541 1598//1543 1518//1544
f 1596//1545 1597//1542 1595//1541
f 1596//1545 1595//1541 1594//1546
f 1555//1547 1635//1548 1636//1549
f 1555//1547 1636//1549 1566//1550
f 1574//1536 1575//1535 1573//1551
f 1574//1536 1573//1551 1572//1552
f 1666//1553 1572//1552 1573//1551
f 1666//1553 1573//1551 1665//1554
f 1666//1553 1665//1554 1555//1547
f 1666//1553 1555//1547 1566//1550
f 1565//1555 1566//1550 1636//1549
f 1565//1555 1636//1549 1637//1556
f 1569//1557 1574//1536 1572//1552
f 1666//1553 1566//1550 1565//1555
f 1666//1553 1565//1555 1667//1558
f 1569//1557 1572//1552 1666//1553
f 1569//1557 1666//1553 1667//1558
f 1473//1559 1472//1560 1611//1561
f 1473//1559 1611//1561 1485//1562
f 1678//1563 1497//1564 1527//1565
f 1678//1563 1527//1565 1677//1566
f 1538//1567 1534//1568 1536//1531
f 1538//1567 1536//1531 1539//1530
f 1545//1569 1538//1567 1539//1530
f 1545//1569 1539//1530 1583//1540
f 1483//1570 2093//1571 2087//1572
f 1483//1570 2087//1572 2088//1573
f 1562//1574 1560//1575 1549//1576
f 1562//1574 1549//1576 1550//1577
f 1632//1578 1625//1579 1551//1580
f 1689//1581 1688//1582 1562//1574
f 1689//1581 1562//1574 1550//1577
f 1526//1583 1527//1565 1497//1564
f 1526//1583 1497//1564 1525//1584
f 1636//1549 1635//1548 1554//1585
f 1636//1549 1554//1585 1564//1586
f 1692//1587 1526//1583 1525//1584
f 1692//1587 1525//1584 1693//1588
f 1564//1586 1554//1585 1692//1587
f 1564//1586 1692//1587 1693//1588
f 1525//1584 1497//1564 1496//1589
f 1525//1584 1496//1589 1499//1590
f 1637//1556 1636//1549 1564//1586
f 1637//1556 1564//1586 1567//1591
f 1518//1544 1514//1592 1647//1593
f 1518//1544 1647//1593 1648//1594
f 1648//1594 1647//1593 1698//1595
f 1648//1594 1698//1595 1699//1596
f 1649//1597 1595//1541 1518//1544
f 1649//1597 1518//1544 1648//1594
f 1674//1598 1549//1576 1560//1575
f 1674//1598 1560//1575 1673//1599
f 1673//1599 1560//1575 1561//1600
f 1673//1599 1561//1600 1701//1601
f 1702//1602 1701//1601 1561//1600
f 1702//1602 1561//1600 1629//1603
f 1623//1604 1701//1601 1702//1602
f 1561//1600 1560//1575 1562//1574
f 1561//1600 1562//1574 1563//1605
f 1582//1606 1545//1569 1583//1540
f 1582//1606 1583//1540 1584//1607
f 1584//1607 1583//1540 1585//1539
f 1584//1607 1585//1539 1586//1608
f 1584//1607 1586//1608 1473//1559
f 1584//1607 1473//1559 1485//1562
f 1582//1606 1584//1607 1485//1562
f 1582//1606 1485//1562 1672//1609
f 1612//1610 1613//1611 1614//1612
f 1612//1610 1614//1612 1615//1613
f 1544//1614 1559//1615 1613//1611
f 1544//1614 1613//1611 1612//1610
f 1686//1616 1687//1617 1531//1618
f 1686//1616 1531//1618 1530//1619
f 1556//1620 1684//1621 1685//1622
f 1556//1620 1685//1622 1533//1623
f 1533//1623 1685//1622 1709//1624
f 1533//1623 1709//1624 1710//1625
f 1675//1626 1674//1598 1556//1620
f 1675//1626 1556//1620 1533//1623
f 1676//1627 1530//1619 1531//1618
f 1676//1627 1531//1618 1677//1566
f 1711//1628 1675//1626 1533//1623
f 1711//1628 1533//1623 1710//1625
f 1711//1628 1710//1625 1530//1619
f 1711//1628 1530//1619 1676//1627
f 1676//1627 1677//1566 1527//1565
f 1676//1627 1527//1565 1529//1629
f 1549//1576 1674//1598 1675//1626
f 1549//1576 1675//1626 1532//1630
f 1711//1628 1676//1627 1529//1629
f 1711//1628 1529//1629 1712//1631
f 1532//1630 1675//1626 1711//1628
f 1532//1630 1711//1628 1712//1631
f 1529//1629 1527//1565 1526//1583
f 1529//1629 1526//1583 1528//1632
f 1550//1577 1549//1576 1532//1630
f 1550//1577 1532//1630 1546//1633
f 1712//1631 1529//1629 1528//1632
f 1712//1631 1528//1632 1713//1634
f 1546//1633 1532//1630 1712//1631
f 1546//1633 1712//1631 1713//1634
f 1689//1581 1550//1577 1546//1633
f 1689//1581 1546//1633 1690//1635
f 1691//1636 1528//1632 1526//1583
f 1691//1636 1526//1583 1692//1587
f 1714//1637 1690//1635 1546//1633
f 1714//1637 1546//1633 1713//1634
f 1714//1637 1713//1634 1528//1632
f 1714//1637 1528//1632 1691//1636
f 1691//1636 1692//1587 1554//1585
f 1691//1636 1554//1585 1547//1638
f 1548//1639 1551//1580 1689//1581
f 1548//1639 1689//1581 1690//1635
f 1714//1637 1691//1636 1547//1638
f 1714//1637 1547//1638 1715//1640
f 1548//1639 1690//1635 1714//1637
f 1548//1639 1714//1637 1715//1640
f 1633//1641 1632//1578 1551//1580
f 1633//1641 1551//1580 1548//1639
f 1634//1642 1547//1638 1554//1585
f 1634//1642 1554//1585 1635//1548
f 1716//1643 1633//1641 1548//1639
f 1716//1643 1548//1639 1715//1640
f 1716//1643 1715//1640 1547//1638
f 1716//1643 1547//1638 1634//1642
f 1552//1644 1634//1642 1635//1548
f 1552//1644 1635//1548 1555//1547
f 1628//1645 1632//1578 1633//1641
f 1628//1645 1633//1641 1553//1646
f 1716//1643 1634//1642 1552//1644
f 1716//1643 1552//1644 1717//1647
f 1553//1646 1633//1641 1716//1643
f 1553//1646 1716//1643 1717//1647
f 1663//1648 1662//1649 1628//1645
f 1663//1648 1628//1645 1553//1646
f 1718//1650 1663//1648 1553//1646
f 1718//1650 1553//1646 1717//1647
f 1627//1651 1662//1649 1663//1648
f 1627//1651 1663//1648 1579//1652
f 1616//1653 1627//1651 1579//1652
f 1616//1653 1579//1652 1581//1654
f 1581//1654 1615//1613 1614//1612
f 1581//1654 1614//1612 1616//1653
f 1629//1603 1561//1600 1563//1605
f 1629//1603 1563//1605 1630//1655
f 1689//1581 1551//1580 1625//1579
f 1689//1581 1625//1579 1688//1582
f 1630//1655 1563//1605 1704//1656
f 1630//1655 1704//1656 1722//1657
f 1672//1609 1485//1562 1484//1658
f 1517//1659 1699//1596 1698//1595
f 1517//1659 1698//1595 1516//1660
f 1649//1597 1648//1594 1699//1596
f 1649//1597 1699//1596 1700//1661
f 1594//1546 1595//1541 1649//1597
f 1594//1546 1649//1597 1650//1662
f 1650//1662 1649//1597 1700//1661
f 1650//1662 1700//1661 1727//1663
f 1655//1664 1519//1665 1724//1666
f 1655//1664 1724//1666 1654//1667
f 1655//1664 1654//1667 1728//1668
f 1655//1664 1728//1668 1729//1669
f 1520//1670 1519//1665 1655//1664
f 1730//1671 1520//1670 1655//1664
f 1730//1671 1655//1664 1729//1669
f 1611//1561 1472//1560 2070//1672
f 1611//1561 2070//1672 2071//1673
f 1853//1674 1856//1675 1855//1676
f 1853//1674 1855//1676 1852//1677
f 1857//1678 1859//1679 1856//1675
f 1857//1678 1856//1675 1853//1674
f 1856//1675 1859//1679 1861//1680
f 1856//1675 1861//1680 1860//1681
f 1860//1681 1861//1680 1863//1682
f 1860//1681 1863//1682 1862//1683
f 1862//1683 1865//1684 1864//1685
f 1862//1683 1864//1685 1860//1681
f 1855//1676 1864//1685 1866//1686
f 1855//1676 1866//1686 1805//1687
f 1864//1685 1855//1676 1856//1675
f 1864//1685 1856//1675 1860//1681
f 1852//1677 1855//1676 1805//1687
f 1852//1677 1805//1687 1804//1688
f 1865//1684 1867//1689 1866//1686
f 1865//1684 1866//1686 1864//1685
f 1836//1690 1764//1691 1598//1543
f 1836//1690 1598//1543 1597//1542
f 1596//1545 1835//1692 1836//1690
f 1596//1545 1836//1690 1597//1542
f 1879//1693 1873//1694 1859//1679
f 1879//1693 1859//1679 1857//1678
f 1917//1695 1880//1696 1875//1697
f 1917//1695 1875//1697 1916//1698
f 1917//1695 1916//1698 1873//1694
f 1917//1695 1873//1694 1879//1693
f 1873//1694 1872//1699 1861//1680
f 1873//1694 1861//1680 1859//1679
f 1872//1699 1873//1694 1916//1698
f 1872//1699 1916//1698 1925//1700
f 1874//1701 1925//1700 1916//1698
f 1874//1701 1916//1698 1875//1697
f 1872//1699 1871//1702 1863//1682
f 1872//1699 1863//1682 1861//1680
f 1925//1700 1926//1703 1871//1702
f 1925//1700 1871//1702 1872//1699
f 1735//1704 1740//1705 1850//1706
f 1735//1704 1850//1706 1734//1707
f 1933//1708 1932//1709 1771//1710
f 1933//1708 1771//1710 1749//1711
f 1748//1712 1934//1713 1933//1708
f 1748//1712 1933//1708 1749//1711
f 1770//1714 1769//1715 1749//1711
f 1770//1714 1749//1711 1771//1710
f 1908//1716 1907//1717 1764//1691
f 1908//1716 1764//1691 1836//1690
f 1955//1718 1881//1719 1807//1720
f 1955//1718 1807//1720 1954//1721
f 1868//1722 1803//1723 1805//1687
f 1868//1722 1805//1687 1866//1686
f 1867//1689 1869//1724 1868//1722
f 1867//1689 1868//1722 1866//1686
f 1957//1725 1870//1726 1808//1727
f 1957//1725 1808//1727 1956//1728
f 1870//1726 1955//1718 1954//1721
f 1870//1726 1954//1721 1808//1727
f 1957//1725 1956//1728 1868//1722
f 1957//1725 1868//1722 1869//1724
f 1830//1729 1740//1705 1735//1704
f 1830//1729 1735//1704 1832//1730
f 1828//1731 1927//1732 1740//1705
f 1828//1731 1740//1705 1830//1729
f 1851//1733 1854//1734 1853//1674
f 1851//1733 1853//1674 1852//1677
f 1788//1735 1851//1733 1852//1677
f 1788//1735 1852//1677 1804//1688
f 1961//1736 1960//1737 1851//1733
f 1961//1736 1851//1733 1788//1735
f 1961//1736 1781//1738 1786//1739
f 1961//1736 1786//1739 1960//1737
f 1962//1740 1961//1736 1788//1735
f 1962//1740 1788//1735 1787//1741
f 1962//1740 1779//1742 1781//1738
f 1962//1740 1781//1738 1961//1736
f 1963//1743 1942//1744 1779//1742
f 1963//1743 1779//1742 1962//1740
f 1963//1743 1964//1745 1774//1746
f 1963//1743 1774//1746 1942//1744
f 1931//1747 1932//1709 1775//1748
f 1931//1747 1775//1748 1774//1746
f 1965//1749 1931//1747 1774//1746
f 1965//1749 1774//1746 1964//1745
f 1931//1747 1773//1750 1771//1710
f 1931//1747 1771//1710 1932//1709
f 1965//1749 1966//1751 1773//1750
f 1965//1749 1773//1750 1931//1747
f 1773//1750 1772//1752 1770//1714
f 1773//1750 1770//1714 1771//1710
f 1966//1751 1967//1753 1772//1752
f 1966//1751 1772//1752 1773//1750
f 1947//1754 1948//1755 1770//1714
f 1947//1754 1770//1714 1772//1752
f 1968//1756 1947//1754 1772//1752
f 1968//1756 1772//1752 1967//1753
f 1792//1757 1969//1758 1968//1756
f 1792//1757 1968//1756 1946//1759
f 1797//1760 1971//1761 1970//1762
f 1797//1760 1970//1762 1885//1763
f 1918//1764 1797//1760 1880//1696
f 1918//1764 1880//1696 1917//1695
f 1972//1765 1971//1761 1797//1760
f 1972//1765 1797//1760 1918//1764
f 1879//1693 1825//1766 1918//1764
f 1879//1693 1918//1764 1917//1695
f 1825//1766 1973//1767 1972//1765
f 1825//1766 1972//1765 1918//1764
f 1857//1678 1827//1768 1825//1766
f 1857//1678 1825//1766 1879//1693
f 1827//1768 1857//1678 1853//1674
f 1827//1768 1853//1674 1854//1734
f 1960//1737 1959//1769 1854//1734
f 1960//1737 1854//1734 1851//1733
f 1959//1769 1974//1770 1827//1768
f 1959//1769 1827//1768 1854//1734
f 1827//1768 1974//1770 1973//1767
f 1827//1768 1973//1767 1825//1766
f 1883//1771 1892//1772 1874//1701
f 1883//1771 1874//1701 1875//1697
f 1878//1773 1926//1703 1925//1700
f 1878//1773 1925//1700 1874//1701
f 1881//1719 1882//1774 1810//1775
f 1881//1719 1810//1775 1807//1720
f 1976//1776 1977//1777 1877//1778
f 1976//1776 1877//1778 1958//1779
f 1977//1777 1975//1780 1892//1772
f 1977//1777 1892//1772 1877//1778
f 1882//1774 1976//1776 1958//1779
f 1882//1774 1958//1779 1810//1775
f 1892//1772 1975//1780 1878//1773
f 1892//1772 1878//1773 1874//1701
f 1835//1692 1909//1781 1908//1716
f 1835//1692 1908//1716 1836//1690
f 1850//1706 2075//1782 2076//1783
f 1850//1706 2076//1783 1734//1707
f 1808//1727 1954//1721 1928//1784
f 1808//1727 1928//1784 1802//1785
f 1787//1741 1788//1735 1804//1688
f 1787//1741 1804//1688 1801//1786
f 1939//1787 1803//1723 1868//1722
f 1939//1787 1868//1722 1956//1728
f 1842//1788 1844//1789 1894//1790
f 1842//1788 1894//1790 1982//1791
f 1840//1792 1842//1788 1982//1791
f 1840//1792 1982//1791 1983//1793
f 1843//1794 1840//1792 1983//1793
f 1843//1794 1983//1793 1984//1795
f 1604//1796 1491//1797 1743//1798
f 1604//1796 1743//1798 1844//1789
f 1603//1799 1604//1796 1844//1789
f 1603//1799 1844//1789 1842//1788
f 1602//1800 1603//1799 1842//1788
f 1602//1800 1842//1788 1840//1792
f 1982//1791 1841//1801 1838//1802
f 1838//1802 1983//1793 1982//1791
f 1839//1803 1984//1795 1983//1793
f 1839//1803 1983//1793 1838//1802
f 1894//1790 1841//1801 1982//1791
f 1837//1804 1849//1805 1899//1806
f 1837//1804 1899//1806 1900//1807
f 1778//1808 1780//1809 1781//1738
f 1778//1808 1781//1738 1779//1742
f 1779//1742 1942//1744 1943//1810
f 1779//1742 1943//1810 1778//1808
f 1942//1744 1774//1746 1775//1748
f 1942//1744 1775//1748 1943//1810
f 1607//1811 1600//1812 1993//1813
f 1607//1811 1993//1813 2000//1814
f 1645//1815 1644//1816 1998//1817
f 1731//1818 1730//1671 1644//1816
f 1731//1818 1644//1816 1645//1815
f 2003//1819 1731//1818 1645//1815
f 2003//1819 1645//1815 2002//1820
f 1834//1821 1837//1804 1900//1807
f 1834//1821 1900//1807 1901//1822
f 1834//1821 1901//1822 2004//1823
f 1834//1821 2004//1823 1833//1824
f 1601//1825 1602//1800 1840//1792
f 1601//1825 1840//1792 1843//1794
f 1984//1795 1845//1826 1843//1794
f 1984//1795 1839//1803 1846//1827
f 1984//1795 1846//1827 1845//1826
f 1588//1828 1845//1826 1846//1827
f 2005//1829 1833//1824 1588//1828
f 1843//1794 1845//1826 2006//1830
f 1605//1831 1601//1825 1843//1794
f 1605//1831 1843//1794 2006//1830
f 1800//1832 1802//1785 1928//1784
f 1800//1832 1928//1784 1929//1833
f 1806//1834 1928//1784 1954//1721
f 1806//1834 1954//1721 1807//1720
f 1967//1753 1966//1751 1776//1835
f 1967//1753 1776//1835 1790//1836
f 1968//1756 1967//1753 1790//1836
f 1790//1836 1946//1759 1968//1756
f 1884//1837 1880//1696 1797//1760
f 1884//1837 1797//1760 1885//1763
f 1877//1778 1892//1772 1883//1771
f 1877//1778 1883//1771 1876//1838
f 1944//1839 1958//1779 1877//1778
f 1944//1839 1877//1778 1876//1838
f 1810//1775 1958//1779 1944//1839
f 1810//1775 1944//1839 1809//1840
f 1798//1841 1948//1755 1947//1754
f 1798//1841 1947//1754 1791//1842
f 1791//1842 1947//1754 1968//1756
f 1791//1842 1968//1756 1969//1758
f 1886//1843 1887//1844 1798//1841
f 1886//1843 1798//1841 1791//1842
f 1791//1842 1969//1758 1970//1762
f 1791//1842 1970//1762 1886//1843
f 1970//1762 1969//1758 1792//1757
f 1970//1762 1792//1757 1885//1763
f 1807//1720 1810//1775 1809//1840
f 1807//1720 1809//1840 1806//1834
f 1793//1845 1794//1846 1790//1836
f 1793//1845 1790//1836 1776//1835
f 1476//1847 1611//1561 2071//1673
f 1476//1847 2071//1673 2072//1848
f 2074//1849 2075//1782 1850//1706
f 2074//1849 1850//1706 1737//1850
f 1988//1851 1987//1852 1604//1796
f 1988//1851 1604//1796 1603//1799
f 1989//1853 1988//1851 1603//1799
f 1989//1853 1603//1799 1602//1800
f 1654//1667 1724//1666 1656//1854
f 1656//1854 1724//1666 1519//1665
f 1656//1854 1519//1665 1725//1855
f 1515//1856 1656//1854 1725//1855
f 1515//1856 1725//1855 1516//1660
f 1515//1856 1516//1660 1698//1595
f 1515//1856 1698//1595 1697//1857
f 2009//1858 2008//1859 1515//1856
f 2009//1858 1515//1856 1697//1857
f 1512//1860 1514//1592 1518//1544
f 1512//1860 1518//1544 1598//1543
f 1513//1861 1514//1592 1512//1860
f 1513//1861 1512//1860 2012//1862
f 1511//1863 1513//1861 2012//1862
f 1763//1864 1512//1860 1598//1543
f 1763//1864 1598//1543 1764//1691
f 2012//1862 1512//1860 1763//1864
f 2012//1862 1763//1864 2013//1865
f 1906//1866 1763//1864 1764//1691
f 1906//1866 1764//1691 1907//1717
f 1762//1867 1511//1863 2012//1862
f 1762//1867 2012//1862 2013//1865
f 2007//1868 1656//1854 1515//1856
f 2007//1868 1515//1856 2008//1859
f 1995//1869 1610//1870 1994//1871
f 1521//1872 1610//1870 1997//1873
f 1998//1817 1644//1816 1997//1873
f 1997//1873 1644//1816 1730//1671
f 1997//1873 1730//1671 1729//1669
f 1743//1798 1491//1797 1489//1874
f 1743//1798 1489//1874 1742//1875
f 1894//1790 1844//1789 1743//1798
f 1894//1790 1743//1798 1893//1876
f 1989//1853 1602//1800 1601//1825
f 1989//1853 1601//1825 1990//1877
f 1588//1828 1594//1546 1650//1662
f 1588//1828 1605//1831 2006//1830
f 2006//1830 1845//1826 1588//1828
f 2000//1814 1606//1878 1588//1828
f 1606//1878 2000//1814 1993//1813
f 1606//1878 1993//1813 1990//1877
f 1606//1878 1990//1877 1601//1825
f 1606//1878 1601//1825 1605//1831
f 1610//1870 1995//1869 1996//1879
f 1610//1870 1996//1879 1599//1880
f 1998//1817 1997//1873 1610//1870
f 1998//1817 1610//1870 1599//1880
f 1998//1817 1599//1880 1591//1881
f 1591//1881 1645//1815 1998//1817
f 1643//1882 1996//1879 1642//1883
f 2015//1884 1591//1881 1599//1880
f 2015//1884 1599//1880 1996//1879
f 2015//1884 1996//1879 1643//1882
f 2002//1820 1645//1815 1591//1881
f 2002//1820 1591//1881 1587//1885
f 1643//1882 1600//1812 1607//1811
f 1643//1882 1607//1811 2001//1886
f 2016//1887 1587//1885 1591//1881
f 2016//1887 1591//1881 2015//1884
f 1588//1828 1596//1545 1594//1546
f 1835//1692 1596//1545 1588//1828
f 1606//1878 1605//1831 1588//1828
f 1727//1663 1592//1888 1588//1828
f 1588//1828 1650//1662 1727//1663
f 1588//1828 1587//1885 2016//1887
f 2002//1820 1587//1885 1588//1828
f 1588//1828 1607//1811 2000//1814
f 2001//1886 1607//1811 1588//1828
f 1909//1781 1835//1692 1588//1828
f 1588//1828 1833//1824 2004//1823
f 1588//1828 1846//1827 2005//1829
f 2016//1887 2001//1886 1588//1828
f 2003//1819 2002//1820 1588//1828
f 2016//1887 2015//1884 1643//1882
f 2016//1887 1643//1882 2001//1886
f 1935//1889 1934//1713 1748//1712
f 1935//1889 1748//1712 1747//1890
f 1849//1805 1765//1891 1899//1806
f 1999//1892 1765//1891 1849//1805
f 2005//1829 1846//1827 1839//1803
f 2005//1829 1839//1803 1898//1893
f 1898//1893 1834//1821 1833//1824
f 1898//1893 1833//1824 2005//1829
f 1898//1893 1839//1803 1838//1802
f 1898//1893 1838//1802 1897//1894
f 1897//1894 1838//1802 1841//1801
f 1897//1894 1841//1801 1896//1895
f 1896//1895 1849//1805 1837//1804
f 1896//1895 1837//1804 1897//1894
f 1897//1894 1837//1804 1834//1821
f 1897//1894 1834//1821 1898//1893
f 1979//1896 1899//1806 1765//1891
f 1979//1896 1765//1891 1978//1897
f 1980//1898 1900//1807 1899//1806
f 1980//1898 1899//1806 1979//1896
f 2019//1899 1745//1900 1744//1901
f 1738//1902 1741//1903 1745//1900
f 1738//1902 1745//1900 2019//1899
f 2019//1899 1744//1901 1742//1875
f 2019//1899 1742//1875 1985//1904
f 1985//1904 1487//1905 1481//1906
f 1985//1904 1481//1906 1738//1902
f 1742//1875 1489//1874 1487//1905
f 1742//1875 1487//1905 1985//1904
f 1985//1904 1738//1902 2019//1899
f 1910//1907 1999//1892 1849//1805
f 1978//1897 1765//1891 1911//1908
f 1978//1897 1911//1908 1981//1909
f 2024//1910 1981//1909 1911//1908
f 2024//1910 1911//1908 2023//1911
f 2025//1912 1952//1913 1903//1914
f 1936//1915 1935//1889 1747//1890
f 1936//1915 1747//1890 1753//1916
f 1753//1916 1755//1917 1937//1918
f 1471//1919 1470//1920 1469//1921
f 1469//1921 1733//1922 1736//1923
f 1816//1924 1924//1925 1670//1926
f 1816//1924 1670//1926 1477//1927
f 2032//1928 1924//1925 1816//1924
f 2032//1928 1816//1924 2033//1929
f 1815//1930 1923//1931 2032//1928
f 1815//1930 2032//1928 2033//1929
f 1816//1924 1477//1927 1640//1932
f 1816//1924 1640//1932 1891//1933
f 2033//1929 1816//1924 1891//1933
f 2033//1929 1891//1933 2034//1934
f 2013//1865 1763//1864 1906//1866
f 2013//1865 1906//1866 2014//1935
f 2037//1936 1762//1867 2013//1865
f 2037//1936 2013//1865 2014//1935
f 1475//1937 1471//1919 1469//1921
f 1469//1921 1732//1938 1733//1922
f 1668//1939 1667//1558 1565//1555
f 1668//1939 1565//1555 1568//1940
f 1477//1927 1670//1926 1669//1941
f 1477//1927 1669//1941 1570//1942
f 2039//1943 1570//1942 1669//1941
f 2039//1943 1669//1941 2038//1944
f 2039//1943 2038//1944 1668//1939
f 2039//1943 1668//1939 1568//1940
f 1568//1940 1565//1555 1637//1556
f 1568//1940 1637//1556 1638//1945
f 1639//1946 1640//1932 1477//1927
f 1639//1946 1477//1927 1570//1942
f 1639//1946 1570//1942 2039//1943
f 1639//1946 2039//1943 2040//1947
f 1646//1948 1697//1857 1698//1595
f 1646//1948 1698//1595 1647//1593
f 2039//1943 1568//1940 1638//1945
f 2039//1943 1638//1945 2040//1947
f 1490//1949 1489//1874 1491//1797
f 1490//1949 1491//1797 1986//1950
f 1754//1951 1755//1917 1753//1916
f 1902//1952 1903//1914 1952//1913
f 1902//1952 1952//1913 1951//1953
f 1653//1954 1654//1667 1656//1854
f 1653//1954 1656//1854 2007//1868
f 1524//1955 1495//1956 1486//1957
f 1524//1955 1486//1957 1493//1958
f 1523//1959 1524//1955 1493//1958
f 1521//1872 1994//1871 1610//1870
f 1997//1873 1729//1669 1728//1668
f 1997//1873 1728//1668 1521//1872
f 1482//1960 1481//1906 1487//1905
f 1482//1960 1487//1905 1488//1961
f 1488//1961 1487//1905 1489//1874
f 1488//1961 1489//1874 1490//1949
f 1493//1958 1486//1957 1482//1960
f 1493//1958 1482//1960 1488//1961
f 1492//1962 1493//1958 1488//1961
f 1488//1961 1490//1949 1492//1962
f 1523//1959 1493//1958 1492//1962
f 1558//1963 1556//1620 1674//1598
f 1558//1963 1674//1598 1673//1599
f 1558//1963 1673//1599 1701//1601
f 1557//1964 1559//1615 1544//1614
f 1557//1964 1544//1614 1543//1965
f 1543//1965 1685//1622 1684//1621
f 1543//1965 1684//1621 1557//1964
f 1480//1966 1483//1570 2088//1573
f 1480//1966 2088//1573 1479//1967
f 1737//1850 1850//1706 1740//1705
f 1737//1850 1740//1705 1739//1968
f 1740//1705 1927//1732 1739//1968
f 1480//1966 1479//1967 2089//1969
f 1480//1966 2089//1969 2098//1970
f 2098//1970 2089//1969 2090//1971
f 2098//1970 2090//1971 2097//1972
f 1474//1973 1475//1937 1469//1921
f 1469//1921 1736//1923 1474//1973
f 1476//1847 1484//1658 1485//1562
f 1476//1847 1485//1562 1611//1561
f 2050//1974 1737//1850 1739//1968
f 2050//1974 1739//1968 2049//1975
f 1476//1847 2072//1848 2073//1976
f 1476//1847 2073//1976 2050//1974
f 1479//1967 1484//1658 1476//1847
f 1479//1967 1476//1847 1631//1977
f 1631//1977 1476//1847 2050//1974
f 2049//1975 1479//1967 1631//1977
f 1631//1977 2050//1974 2049//1975
f 2073//1976 2074//1849 1737//1850
f 2073//1976 1737//1850 2050//1974
f 1651//1978 1522//1979 1609//1980
f 1993//1813 1600//1812 1992//1981
f 1992//1981 1991//1982 1988//1851
f 1992//1981 1988//1851 1989//1853
f 1992//1981 1600//1812 1643//1882
f 1992//1981 1643//1882 1642//1883
f 1989//1853 1990//1877 1993//1813
f 1989//1853 1993//1813 1992//1981
f 1647//1593 1514//1592 1513//1861
f 1647//1593 1513//1861 1646//1948
f 1646//1948 1513//1861 2010//1983
f 1646//1948 2010//1983 2046//1984
f 2046//1984 2009//1858 1697//1857
f 2046//1984 1697//1857 1646//1948
f 1511//1863 1762//1867 1505//1985
f 2010//1983 1513//1861 1511//1863
f 2010//1983 1511//1863 1505//1985
f 2023//1911 1911//1908 2020//1986
f 1911//1908 2017//1987 2020//1986
f 1910//1907 1849//1805 1896//1895
f 1910//1907 2017//1987 1999//1892
f 1841//1801 1894//1790 1847//1988
f 1893//1876 1742//1875 1848//1989
f 2020//1986 2017//1987 1910//1907
f 2020//1986 1910//1907 1848//1989
f 1848//1989 1742//1875 1744//1901
f 1910//1907 1896//1895 1895//1990
f 1893//1876 1743//1798 1742//1875
f 1847//1988 1894//1790 1893//1876
f 1895//1990 1847//1988 1893//1876
f 1893//1876 1848//1989 1910//1907
f 1893//1876 1910//1907 1895//1990
f 1896//1895 1841//1801 1847//1988
f 1896//1895 1847//1988 1895//1990
f 1522//1979 1523//1959 1492//1962
f 1492//1962 1609//1980 1522//1979
f 1521//1872 1728//1668 1652//1991
f 1609//1980 1986//1950 1987//1852
f 1609//1980 1987//1852 1608//1992
f 1986//1950 1609//1980 1492//1962
f 1986//1950 1492//1962 1490//1949
f 1986//1950 1491//1797 1604//1796
f 1986//1950 1604//1796 1987//1852
f 1608//1992 1991//1982 1641//1993
f 1608//1992 1641//1993 1651//1978
f 1987//1852 1988//1851 1991//1982
f 1987//1852 1991//1982 1608//1992
f 1608//1992 1651//1978 1609//1980
f 1641//1993 1991//1982 1992//1981
f 1641//1993 1992//1981 1642//1883
f 1641//1993 1642//1883 1996//1879
f 1641//1993 1996//1879 1995//1869
f 1641//1993 1995//1869 1994//1871
f 1641//1993 1994//1871 1651//1978
f 2010//1983 1505//1985 1504//1994
f 1504//1994 1505//1985 2011//1995
f 1905//1996 1762//1867 2037//1936
f 2011//1995 1505//1985 1759//1997
f 1759//1997 1505//1985 1762//1867
f 2054//1998 1904//1999 1759//1997
f 1759//1997 1762//1867 1905//1996
f 1759//1997 1905//1996 2054//1998
f 1757//2000 1758//2001 1506//2002
f 1757//2000 1506//2002 1503//2003
f 1903//1914 1902//1952 1758//2001
f 1903//1914 1758//2001 1757//2000
f 1757//2000 1503//2003 2011//1995
f 1757//2000 2011//1995 1759//1997
f 1757//2000 1759//1997 1904//1999
f 1904//1999 1903//1914 1757//2000
f 1953//2004 2025//1912 1903//1914
f 1953//2004 1903//1914 1904//1999
f 2052//2005 1953//2004 1904//1999
f 2054//1998 2053//2006 2052//2005
f 2054//1998 2052//2005 1904//1999
f 2043//2007 1695//2008 2044//2009
f 1501//2010 1503//2003 1506//2002
f 1501//2010 1506//2002 1502//2011
f 1502//2011 2043//2007 2044//2009
f 1502//2011 2044//2009 1501//2010
f 2007//1868 2008//1859 1500//2012
f 2007//1868 1500//2012 1661//2013
f 1801//1786 1804//1688 1805//1687
f 1801//1786 1805//1687 1803//1723
f 1801//1786 1803//1723 1939//1787
f 1801//1786 1939//1787 1940//2014
f 1802//1785 1800//1832 1940//2014
f 1802//1785 1940//2014 1939//1787
f 1956//1728 1808//1727 1802//1785
f 1956//1728 1802//1785 1939//1787
f 1963//1743 1962//1740 1787//1741
f 1963//1743 1787//1741 1941//2015
f 1941//2015 1787//1741 1801//1786
f 1941//2015 1801//1786 1940//2014
f 1777//2016 1964//1745 1963//1743
f 1777//2016 1963//1743 1941//2015
f 1941//2015 1940//2014 1800//1832
f 1941//2015 1800//1832 1777//2016
f 1776//1835 1966//1751 1965//1749
f 1776//1835 1965//1749 1930//2017
f 1806//1834 1809//1840 1794//1846
f 1806//1834 1794//1846 1793//1845
f 1929//1833 1928//1784 1806//1834
f 1929//1833 1806//1834 1793//1845
f 1793//1845 1776//1835 1930//2017
f 1793//1845 1930//2017 1929//1833
f 1930//2017 1965//1749 1964//1745
f 1930//2017 1964//1745 1777//2016
f 1930//2017 1777//2016 1800//1832
f 1930//2017 1800//1832 1929//1833
f 1883//1771 1875//1697 1880//1696
f 1883//1771 1880//1696 1884//1837
f 1884//1837 1885//1763 1792//1757
f 1884//1837 1792//1757 1795//2018
f 1876//1838 1883//1771 1884//1837
f 1876//1838 1884//1837 1795//2018
f 1946//1759 1790//1836 1794//1846
f 1946//1759 1794//1846 1945//2019
f 1945//2019 1794//1846 1809//1840
f 1795//2018 1792//1757 1946//1759
f 1795//2018 1946//1759 1945//2019
f 1944//1839 1876//1838 1795//2018
f 1944//1839 1795//2018 1945//2019
f 1945//2019 1809//1840 1944//1839
f 1786//1739 1781//1738 1780//1809
f 1786//1739 1780//1809 1784//2020
f 1959//1769 1960//1737 1786//1739
f 1959//1769 1786//1739 1858//2021
f 1974//1770 1959//1769 1858//2021
f 1974//1770 1858//2021 1826//2022
f 1824//2023 1973//1767 1974//1770
f 1824//2023 1974//1770 1826//2022
f 1919//2024 1972//1765 1973//1767
f 1919//2024 1973//1767 1824//2023
f 1796//2025 1799//2026 1887//1844
f 1796//2025 1887//1844 1886//1843
f 1796//2025 1886//1843 1970//1762
f 1796//2025 1970//1762 1971//1761
f 1971//1761 1972//1765 1919//2024
f 1971//1761 1919//2024 1796//2025
f 1796//2025 1919//2024 2058//2027
f 2058//2027 1920//2028 1799//2026
f 2058//2027 1799//2026 1796//2025
f 2058//2027 1919//2024 1824//2023
f 2058//2027 1824//2023 2057//2029
f 2059//2030 1819//2031 1920//2028
f 2059//2030 1920//2028 2058//2027
f 2059//2030 2058//2027 2057//2029
f 2057//2029 1824//2023 1826//2022
f 2057//2029 1826//2022 2056//2032
f 2060//2033 1821//2034 1819//2031
f 2060//2033 1819//2031 2059//2030
f 2060//2033 2059//2030 2057//2029
f 2060//2033 2057//2029 2056//2032
f 2055//2035 1858//2021 1786//1739
f 2055//2035 1786//1739 1784//2020
f 2056//2032 1826//2022 1858//2021
f 2056//2032 1858//2021 2055//2035
f 2061//2036 2060//2033 2056//2032
f 2061//2036 2056//2032 2055//2035
f 1784//2020 1822//2037 2061//2036
f 2061//2036 2055//2035 1784//2020
f 2061//2036 1822//2037 1821//2034
f 2061//2036 1821//2034 2060//2033
f 1530//1619 1710//1625 1709//1624
f 1530//1619 1709//1624 1686//1616
f 1709//1624 1685//1622 1543//1965
f 1709//1624 1543//1965 1708//2038
f 1686//1616 1709//1624 1708//2038
f 1686//1616 1708//2038 2062//2039
f 1708//2038 1543//1965 1544//1614
f 1708//2038 1544//1614 1707//2040
f 1535//2041 1534//1568 1687//1617
f 1535//2041 1687//1617 1686//1616
f 1535//2041 1686//1616 2062//2039
f 1537//2042 1536//1531 1534//1568
f 1537//2042 1534//1568 1535//2041
f 2062//2039 1708//2038 1707//2040
f 2062//2039 1707//2040 2063//2043
f 2064//2044 1537//2042 1535//2041
f 2064//2044 1535//2041 2062//2039
f 2064//2044 2062//2039 2063//2043
f 1707//2040 1544//1614 1612//1610
f 1707//2040 1612//1610 1706//2045
f 2063//2043 1707//2040 1706//2045
f 1542//2046 1540//1532 1536//1531
f 1542//2046 1536//1531 1537//2042
f 2064//2044 2063//2043 1706//2045
f 2064//2044 1706//2045 2065//2047
f 1542//2046 1537//2042 2064//2044
f 1542//2046 2064//2044 2065//2047
f 1617//2048 1576//1534 1540//1532
f 1617//2048 1540//1532 1542//2046
f 1705//2049 1706//2045 1612//1610
f 1705//2049 1612//1610 1615//1613
f 2065//2047 1706//2045 1705//2049
f 2065//2047 1705//2049 2066//2050
f 1617//2048 1542//2046 2065//2047
f 1617//2048 2065//2047 2066//2050
f 1580//2051 1575//1535 1576//1534
f 1580//2051 1576//1534 1617//2048
f 1720//2052 1705//2049 1615//1613
f 1720//2052 1615//1613 1581//1654
f 2066//2050 1705//2049 1720//2052
f 2066//2050 1720//2052 2067//2053
f 1580//2051 1617//2048 2066//2050
f 1580//2051 2066//2050 2067//2053
f 1578//2054 1573//1551 1575//1535
f 1578//2054 1575//1535 1580//2051
f 1720//2052 1581//1654 1579//1652
f 1720//2052 1579//1652 1719//2055
f 1579//1652 1663//1648 1718//1650
f 1579//1652 1718//1650 1719//2055
f 2068//2056 1578//2054 1580//2051
f 2068//2056 1580//2051 2067//2053
f 1664//2057 1552//1644 1555//1547
f 1664//2057 1555//1547 1665//1554
f 1718//1650 1717//1647 1552//1644
f 1718//1650 1552//1644 1664//2057
f 1664//2057 1665//1554 1573//1551
f 1664//2057 1573//1551 1578//2054
f 2068//2056 1719//2055 1718//1650
f 2068//2056 1718//1650 1664//2057
f 1664//2057 1578//2054 2068//2056
f 2068//2056 2067//2053 1720//2052
f 2068//2056 1720//2052 1719//2055
f 1726//2058 1725//1855 1519//1665
f 1726//2058 1519//1665 1520//1670
f 1590//2059 1520//1670 1730//1671
f 1590//2059 1730//1671 1731//1818
f 1700//1661 1699//1596 1517//1659
f 1700//1661 1517//1659 1593//2060
f 1592//1888 1727//1663 1700//1661
f 1592//1888 1700//1661 1593//2060
f 1589//2061 1590//2059 1731//1818
f 1589//2061 1731//1818 2003//1819
f 1589//2061 1592//1888 1593//2060
f 1589//2061 1593//2060 1590//2059
f 1588//1828 1592//1888 1589//2061
f 1589//2061 2003//1819 1588//1828
f 1590//2059 1726//2058 1520//1670
f 1517//1659 1516//1660 1725//1855
f 1517//1659 1725//1855 1726//2058
f 1590//2059 1593//2060 1517//1659
f 1590//2059 1517//1659 1726//2058
f 1937//1918 1936//1915 1753//1916
f 1937//1918 1755//1917 2031//2062
f 1765//1891 1999//1892 2017//1987
f 1765//1891 2017//1987 1911//1908
f 2071//1673 2070//1672 2077//2063
f 2071//1673 2077//2063 2078//2064
f 2072//1848 2071//1673 2078//2064
f 2072//1848 2078//2064 2079//2065
f 2073//1976 2072//1848 2079//2065
f 2073//1976 2079//2065 2080//2066
f 2080//2066 2081//2067 2074//1849
f 2080//2066 2074//1849 2073//1976
f 2081//2067 2082//2068 2075//1782
f 2081//2067 2075//1782 2074//1849
f 2076//1783 2075//1782 2082//2068
f 2076//1783 2082//2068 2083//2069
f 2078//2064 2077//2063 1470//1920
f 2078//2064 1470//1920 1471//1919
f 2079//2065 2078//2064 1471//1919
f 2079//2065 1471//1919 1475//1937
f 2080//2066 2079//2065 1475//1937
f 2080//2066 1475//1937 1474//1973
f 1474//1973 1736//1923 2081//2067
f 1474//1973 2081//2067 2080//2066
f 1736//1923 1733//1922 2082//2068
f 1736//1923 2082//2068 2081//2067
f 2083//2069 2082//2068 1733//1922
f 2083//2069 1733//1922 1732//1938
f 1687//1617 1534//1568 1538//1567
f 1687//1617 1538//1567 2084//2070
f 2086//2071 2085//2072 1545//1569
f 2086//2071 1545//1569 1582//1606
f 2087//1572 2086//2071 1582//1606
f 2087//1572 1582//1606 1672//1609
f 1484//1658 2088//1573 2087//1572
f 1484//1658 2087//1572 1672//1609
f 1479//1967 2088//1573 1484//1658
f 2089//1969 1479//1967 2049//1975
f 2049//1975 1739//1968 2089//1969
f 2090//1971 2089//1969 1739//1968
f 2090//1971 1739//1968 1927//1732
f 1480//1966 1481//1906 1482//1960
f 1480//1966 1482//1960 1483//1570
f 2093//1571 1483//1570 1482//1960
f 2093//1571 1482//1960 1486//1957
f 2098//1970 2097//1972 1741//1903
f 2098//1970 1741//1903 1738//1902
f 1738//1902 1481//1906 1480//1966
f 1738//1902 1480//1966 2098//1970
f 1890//2073 1815//1930 2033//1929
f 1890//2073 2033//1929 2034//1934
f 1760//2074 1758//2001 1902//1952
f 1760//2074 1902//1952 2036//2075
f 2035//2076 2034//1934 1891//1933
f 2035//2076 1891//1933 1761//2077
f 2101//2078 2035//2076 1761//2077
f 2101//2078 1761//2077 2102//2079
f 1760//2074 2036//2075 2101//2078
f 1760//2074 2101//2078 2102//2079
f 1478//2080 1761//2077 1891//1933
f 1478//2080 1891//1933 1640//1932
f 1506//2002 1758//2001 1760//2074
f 1506//2002 1760//2074 1508//2081
f 2102//2079 1761//2077 1478//2080
f 2102//2079 1478//2080 2103//2082
f 1508//2081 1760//2074 2102//2079
f 1508//2081 2102//2079 2103//2082
f 1502//2011 1506//2002 1508//2081
f 1502//2011 1508//2081 1507//2083
f 1478//2080 1640//1932 1639//1946
f 1478//2080 1639//1946 1509//2084
f 2104//2085 1507//2083 1508//2081
f 2104//2085 1508//2081 2103//2082
f 2104//2085 2103//2082 1478//2080
f 2104//2085 1478//2080 1509//2084
f 2043//2007 1502//2011 1507//2083
f 2043//2007 1507//2083 2042//2086
f 2105//2087 2042//2086 1507//2083
f 2105//2087 1507//2083 2104//2085
f 2041//2088 1509//2084 1639//1946
f 2041//2088 1639//1946 2040//1947
f 1510//2089 1638//1945 1637//1556
f 1510//2089 1637//1556 1567//1591
f 2105//2087 2104//2085 1509//2084
f 2105//2087 1509//2084 2041//2088
f 2041//2088 2040//1947 1638//1945
f 2041//2088 1638//1945 1510//2089
f 2026//2090 1890//2073 2034//1934
f 2026//2090 2034//1934 2035//2076
f 2100//2091 2026//2090 2035//2076
f 2100//2091 2035//2076 2101//2078
f 2100//2091 2099//2092 2026//2090
f 2027//2093 1902//1952 1951//1953
f 1753//1916 1747//1890 1751//2094
f 1754//1951 1753//1916 1751//2094
f 2036//2075 1902//1952 2027//2093
f 2100//2091 2101//2078 2036//2075
f 2100//2091 2036//2075 2027//2093
f 2027//2093 1751//2094 2099//2092
f 2027//2093 2099//2092 2100//2091
f 1754//1951 1751//2094 2028//2095
f 2028//2095 1751//2094 2027//2093
f 2027//2093 1951//1953 2028//2095
f 2106//2096 2105//2087 2041//2088
f 2106//2096 2041//2088 1510//2089
f 2106//2096 1510//2089 1567//1591
f 2106//2096 1567//1591 1694//2097
f 2047//2098 2042//2086 2105//2087
f 2047//2098 2105//2087 2106//2096
f 1500//2012 2008//1859 2009//1858
f 1500//2012 2009//1858 1696//2099
f 1695//2008 1500//2012 1696//2099
f 2045//2100 2009//1858 2046//1984
f 2045//2100 2046//1984 2010//1983
f 2045//2100 2010//1983 1504//1994
f 2044//2009 1695//2008 1696//2099
f 2044//2009 1696//2099 2045//2100
f 1696//2099 2009//1858 2045//2100
f 2045//2100 1504//1994 2051//2101
f 1501//2010 2044//2009 2045//2100
f 2045//2100 2051//2101 1501//2010
f 2051//2101 1504//1994 2011//1995
f 2051//2101 2011//1995 1503//2003
f 2051//2101 1503//2003 1501//2010
f 2030//2102 1938//2103 2069//2104
f 2069//2104 1937//1918 2031//2062
f 2069//2104 2031//2062 2030//2102
f 1678//1563 1677//1566 1531//1618
f 1678//1563 1531//1618 1498//2105
f 1498//2105 1531//1618 1687//1617
f 1498//2105 1687//1617 2084//2070
f 1496//1589 1497//1564 1678//1563
f 1496//1589 1678//1563 1679//2106
f 1680//2107 1496//1589 1679//2106
f 1681//2108 1680//2107 2108//2109
f 1681//2108 2108//2109 2109//2110
f 1681//2108 2109//2110 2110//2111
f 2111//2112 2110//2111 1659//2113
f 1682//2114 1681//2108 2110//2111
f 1682//2114 2110//2111 2111//2112
f 2112//2115 1682//2114 2111//2112
f 2112//2115 2111//2112 1659//2113
f 2112//2115 1659//2113 1658//2116
f 1658//2116 1659//2113 1524//1955
f 1658//2116 1524//1955 1523//1959
f 2113//2117 2112//2115 1658//2116
f 1683//2118 1653//1954 2007//1868
f 1657//2119 1523//1959 1522//1979
f 1728//1668 1654//1667 1653//1954
f 1728//1668 1653//1954 1652//1991
f 1652//1991 1683//2118 2114//2120
f 2114//2120 1657//2119 1652//1991
f 1657//2119 1658//2116 1523//1959
f 2114//2120 2113//2117 1658//2116
f 2114//2120 1658//2116 1657//2119
f 2048//2121 1652//1991 1657//2119
f 1657//2119 1522//1979 2048//2121
f 2048//2121 1651//1978 1994//1871
f 2048//2121 1994//1871 1521//1872
f 1522//1979 1651//1978 2048//2121
f 2048//2121 1521//1872 1652//1991
f 2028//2095 1951//1953 1952//1913
f 2028//2095 1952//1913 1756//2122
f 2028//2095 1756//2122 2029//2123
f 2029//2123 1755//1917 1754//1951
f 2029//2123 1754//1951 2028//2095
f 1652//1991 1653//1954 1683//2118
f 2113//2117 2114//2120 1683//2118
f 1683//2118 2007//1868 1661//2013
f 1682//2114 2112//2115 2113//2117
f 1682//2114 2113//2117 1683//2118
f 2091//2124 2090//1971 1927//1732
f 2091//2124 1927//1732 1828//1731
f 2097//1972 2090//1971 2091//2124
f 2097//1972 2091//2124 2096//2125
f 1746//2126 1741//1903 2097//1972
f 1746//2126 2097//1972 2096//2125
f 1745//1900 1741//1903 1746//2126
f 1745//1900 1746//2126 1768//2127
f 1913//2128 1914//2129 1936//1915
f 1913//2128 1936//1915 1937//1918
f 1937//1918 2018//2130 1913//2128
f 2119//2131 2118//2132 1914//2129
f 2119//2131 1914//2129 1913//2128
f 2018//2130 1937//1918 2069//2104
f 2119//2131 1913//2128 2018//2130
f 2119//2131 2018//2130 2120//2133
f 1767//2134 1768//2127 2118//2132
f 1767//2134 2118//2132 2119//2131
f 2069//2104 1938//2103 1912//2135
f 1745//1900 1768//2127 1767//2134
f 1767//2134 2119//2131 2120//2133
f 1744//1901 1745//1900 1767//2134
f 1767//2134 2120//2133 2121//2136
f 2120//2133 2018//2130 1912//2135
f 2120//2133 1912//2135 2121//2136
f 1848//1989 1744//1901 1766//2137
f 2022//2138 2021//2139 1912//2135
f 1938//2103 2022//2138 1912//2135
f 1912//2135 2018//2130 2069//2104
f 1766//2137 1744//1901 1767//2134
f 1766//2137 2020//1986 1848//1989
f 2121//2136 1912//2135 2122//2140
f 2022//2138 2024//1910 2023//1911
f 2022//2138 2023//1911 2021//2139
f 2021//2139 2023//1911 2020//1986
f 2021//2139 2020//1986 1766//2137
f 2021//2139 1766//2137 2122//2140
f 2122//2140 1912//2135 2021//2139
f 1766//2137 1767//2134 2121//2136
f 1766//2137 2121//2136 2122//2140
f 1915//2141 1935//1889 1936//1915
f 1915//2141 1936//1915 1914//2129
f 1785//2142 1823//2143 1822//2037
f 1785//2142 1822//2037 1784//2020
f 1783//2144 1785//2142 1784//2020
f 1783//2144 1784//2020 1780//1809
f 1782//2145 1783//2144 1780//1809
f 1782//2145 1780//1809 1778//1808
f 1782//2145 1778//1808 1943//1810
f 1782//2145 1943//1810 2092//2146
f 1750//2147 2092//2146 1943//1810
f 1750//2147 1943//1810 1775//1748
f 1775//1748 1932//1709 1933//1708
f 1775//1748 1933//1708 1750//2147
f 1750//2147 1933//1708 1934//1713
f 1750//2147 1934//1713 2095//2148
f 1821//2034 1822//2037 1823//2143
f 1821//2034 1823//2143 1820//2149
f 1819//2031 1821//2034 1820//2149
f 1819//2031 1820//2149 1818//2150
f 1818//2150 1820//2149 2124//2151
f 1818//2150 2124//2151 2125//2152
f 1920//2028 1819//2031 1818//2150
f 1920//2028 1818//2150 1921//2153
f 2126//2154 1921//2153 1818//2150
f 2126//2154 1818//2150 2125//2152
f 1812//2155 1922//2156 1923//1931
f 1812//2155 1923//1931 1815//1930
f 1813//2157 1799//2026 1920//2028
f 1813//2157 1920//2028 1921//2153
f 2126//2154 1922//2156 1812//2155
f 2126//2154 1812//2155 2127//2158
f 1813//2157 1921//2153 2126//2154
f 1813//2157 2126//2154 2127//2158
f 1889//2159 1812//2155 1815//1930
f 1889//2159 1815//1930 1890//2073
f 1887//1844 1799//2026 1813//2157
f 1887//1844 1813//2157 1888//2160
f 2127//2158 1812//2155 1889//2159
f 2127//2158 1889//2159 2128//2161
f 1888//2160 1813//2157 2127//2158
f 1888//2160 2127//2158 2128//2161
f 1814//2162 1889//2159 1890//2073
f 1814//2162 1890//2073 2026//2090
f 1798//1841 1887//1844 1888//2160
f 1798//1841 1888//2160 1811//2163
f 2128//2161 1889//2159 1814//2162
f 2128//2161 1814//2162 2129//2164
f 1811//2163 1888//2160 2128//2161
f 1811//2163 2128//2161 2129//2164
f 1949//2165 1948//1755 1798//1841
f 1949//2165 1798//1841 1811//2163
f 1950//2166 1814//2162 2026//2090
f 1950//2166 2026//2090 2099//2092
f 2099//2092 1751//2094 1950//2166
f 1769//1715 1770//1714 1948//1755
f 1769//1715 1948//1755 1949//2165
f 2129//2164 1814//2162 1950//2166
f 2129//2164 1950//2166 2130//2167
f 1748//1712 1749//1711 1769//1715
f 1748//1712 1769//1715 1752//2168
f 1752//2168 1769//1715 1949//2165
f 1752//2168 1949//2165 2130//2167
f 1747//1890 1748//1712 1752//2168
f 1751//2094 1747//1890 1752//2168
f 2130//2167 1950//2166 1752//2168
f 1752//2168 1950//2166 1751//2094
f 1949//2165 1811//2163 2129//2164
f 1949//2165 2129//2164 2130//2167
f 2085//2072 2084//2070 1538//1567
f 2085//2072 1538//1567 1545//1569
f 2094//2169 2086//2071 2087//1572
f 2094//2169 2087//1572 2093//1571
f 2094//2169 2093//1571 1486//1957
f 2094//2169 1486//1957 1495//1956
f 2131//2170 2094//2169 1495//1956
f 2131//2170 1495//1956 1660//2171
f 2085//2072 2086//2071 2094//2169
f 2085//2072 2094//2169 2131//2170
f 1660//2171 1659//2113 2110//2111
f 1660//2171 2110//2111 2109//2110
f 1660//2171 2108//2109 2107//2172
f 1679//2106 1678//1563 1498//2105
f 1679//2106 1498//2105 2107//2172
f 2108//2109 1680//2107 1679//2106
f 2108//2109 1679//2106 2107//2172
f 1494//2173 2107//2172 1498//2105
f 2131//2170 1660//2171 2107//2172
f 2131//2170 2107//2172 1494//2173
f 1494//2173 1498//2105 2084//2070
f 1494//2173 2084//2070 2085//2072
f 1494//2173 2085//2072 2131//2170
f 1495//1956 1524//1955 1659//2113
f 1495//1956 1659//2113 1660//2171
f 2109//2110 2108//2109 1660//2171
f 1694//2097 1567//1591 1564//1586
f 1694//2097 1564//1586 1693//1588
f 1694//2097 1693//1588 1525//1584
f 1694//2097 1525//1584 1499//1590
f 2047//2098 2106//2096 1694//2097
f 2124//2151 1820//2149 1823//2143
f 2124//2151 1823//2143 1817//2174
f 1817//2174 1823//2143 1785//2142
f 1817//2174 1785//2142 1831//2175
f 1829//2176 1830//1729 1832//1730
f 1829//2176 1832//1730 1831//2175
f 1831//2175 1785//2142 1783//2144
f 1831//2175 1783//2144 1829//2176
f 2115//2177 1789//2178 1782//2145
f 2115//2177 1782//2145 2092//2146
f 1789//2178 1828//1731 1830//1729
f 1789//2178 1830//1729 1829//2176
f 2115//2177 2091//2124 1828//1731
f 2115//2177 1828//1731 1789//2178
f 1789//2178 1829//2176 1783//2144
f 1789//2178 1783//2144 1782//2145
f 2115//2177 2092//2146 1750//2147
f 2115//2177 1750//2147 2123//2179
f 1934//1713 1935//1889 1915//2141
f 1934//1713 1915//2141 2095//2148
f 2123//2179 1750//2147 2095//2148
f 2116//2180 2115//2177 2123//2179
f 2116//2180 2096//2125 2091//2124
f 2116//2180 2091//2124 2115//2177
f 2117//2181 2095//2148 1915//2141
f 2118//2132 1768//2127 1746//2126
f 2118//2132 1746//2126 2117//2181
f 2117//2181 1746//2126 2096//2125
f 2123//2179 2095//2148 2117//2181
f 2117//2181 2096//2125 2116//2180
f 2117//2181 1915//2141 1914//2129
f 2117//2181 1914//2129 2118//2132
f 2116//2180 2123//2179 2117//2181
f 1704//1656 1688//1582 1625//1579
f 1562//1574 1688//1582 1704//1656
f 1562//1574 1704//1656 1563//1605
f 1619//2182 1618//2183 2132//2184
f 1618//2183 1620//2185 2132//2184
f 1620//2185 1621//2186 2132//2184
f 1624//2187 1619//2182 2132//2184
f 1671//2188 1624//2187 2132//2184
f 1702//1602 1629//1603 2132//2184
f 1621//2186 1622//2189 2132//2184
f 1703//2190 1623//1604 2132//2184
f 1623//1604 1702//1602 2132//2184
f 1622//2189 1703//2190 2132//2184
f 1626//2191 1671//2188 2132//2184
f 1629//1603 1630//1655 2132//2184
f 1722//1657 1723//2192 2132//2184
f 1723//2192 1721//2193 2132//2184
f 1630//1655 1722//1657 2132//2184
f 1721//2193 1626//2191 2132//2184
f 1862//1683 1863//1682 2133//2194
f 1865//1684 1862//1683 2133//2194
f 1867//1689 1865//1684 2133//2194
f 1863//1682 1871//1702 2133//2194
f 1871//1702 1926//1703 2133//2194
f 1881//1719 1955//1718 2133//2194
f 1869//1724 1867//1689 2133//2194
f 1870//1726 1957//1725 2133//2194
f 1955//1718 1870//1726 2133//2194
f 1957//1725 1869//1724 2133//2194
f 1926//1703 1878//1773 2133//2194
f 1882//1774 1881//1719 2133//2194
f 1977//1777 1976//1776 2133//2194
f 1975//1780 1977//1777 2133//2194
f 1976//1776 1882//1774 2133//2194
f 1878//1773 1975//1780 2133//2194
f 2141//2195 2138//2196 2139//2197
f 2141//2195 2139//2197 2140//2198
f 2144//2199 2145//2200 2142//2201
f 2144//2199 2142//2201 2143//2202
f 2152//2203 2150//2204 2151//2205
f 2152//2203 2151//2205 2144//2199
f 2144//2199 2143//2202 2162//2206
f 2144//2199 2162//2206 2152//2203
f 2172//2207 2173//2208 2158//2209
f 2172//2207 2158//2209 2171//2210
f 2138//2196 2137//2211 2136//2212
f 2138//2196 2136//2212 2139//2197
f 2186//2213 2184//2214 2185//2215
f 2186//2213 2185//2215 2153//2216
f 2194//2217 2195//2218 2196//2219
f 2194//2217 2196//2219 2193//2220
f 2186//2213 2202//2221 2203//2222
f 2186//2213 2203//2222 2184//2214
f 2137//2211 2185//2215 2162//2206
f 2137//2211 2162//2206 2143//2202
f 2203//2222 2194//2217 2193//2220
f 2203//2222 2193//2220 2184//2214
f 2831//1401 2830//1400 2203//2222
f 2831//1401 2203//2222 2202//2221 2825//1402
f 2204//2223 2160//2224 2188//2225
f 2204//2223 2188//2225 2173//2208
f 2162//2206 2193//2220 2196//2219
f 2162//2206 2196//2219 2152//2203
f 2185//2215 2137//2211 2138//2196
f 2185//2215 2138//2196 2153//2216
f 2185//2215 2184//2214 2193//2220
f 2185//2215 2193//2220 2162//2206
f 2204//2223 2151//2205 2150//2204
f 2204//2223 2150//2204 2160//2224
f 2152//2203 2196//2219 2191//2226
f 2152//2203 2191//2226 2150//2204
f 2222//2227 2215//2228 2223//2229
f 2222//2227 2223//2229 2221//2230
f 2223//2229 2215//2228 2214//2231
f 2223//2229 2214//2231 2226//2232
f 2216//2233 2215//2228 2222//2227
f 2216//2233 2222//2227 2234//2234
f 2210//2235 2211//2236 2139//2197
f 2210//2235 2139//2197 2136//2212
f 2228//2237 2227//2238 2250//2239
f 2228//2237 2250//2239 2241//2240
f 2248//2241 2210//2235 2216//2233
f 2248//2241 2216//2233 2234//2234
f 2250//2239 2233//2242 2263//2243
f 2250//2239 2263//2243 2241//2240
f 2250//2239 2227//2238 2218//2244
f 2250//2239 2218//2244 2231//2245
f 2234//2234 2222//2227 2257//2246
f 2234//2234 2257//2246 2256//2247
f 2242//2248 2263//2243 2223//2229
f 2242//2248 2223//2229 2226//2232
f 2233//2242 2221//2230 2223//2229
f 2233//2242 2223//2229 2263//2243
f 2221//2230 2254//2249 2257//2246
f 2221//2230 2257//2246 2222//2227
f 2264//2250 2265//2251 2295//2252
f 2264//2250 2295//2252 2296//2253
f 2291//2254 2290//2255 2307//2256
f 2291//2254 2307//2256 2308//2257
f 2296//2253 2295//2252 2313//2258
f 2296//2253 2313//2258 2314//2259
f 2297//2260 2296//2253 2314//2259
f 2297//2260 2314//2259 2315//2261
f 2308//2257 2307//2256 2360//2262
f 2308//2257 2360//2262 2361//2263
f 2312//2264 2311//2265 2364//2266
f 2312//2264 2364//2266 2365//2267
f 2314//2259 2313//2258 2366//2268
f 2314//2259 2366//2268 2367//2269
f 2315//2261 2314//2259 2367//2269
f 2315//2261 2367//2269 2368//2270
f 2269//2271 2268//2272 2344//2273
f 2269//2271 2344//2273 2345//2274
f 2271//2275 2270//2276 2342//2277
f 2271//2275 2342//2277 2343//2278
f 2268//2272 2271//2275 2343//2278
f 2268//2272 2343//2278 2344//2273
f 2273//2279 2272//2280 2353//2281
f 2273//2279 2353//2281 2354//2282
f 2277//2283 2276//2284 2349//2285
f 2277//2283 2349//2285 2350//2286
f 2278//2287 2269//2271 2345//2274
f 2278//2287 2345//2274 2346//2288
f 2276//2284 2280//2289 2348//2290
f 2276//2284 2348//2290 2349//2285
f 2272//2280 2281//2291 2352//2292
f 2272//2280 2352//2292 2353//2281
f 2281//2291 2282//2293 2351//2294
f 2281//2291 2351//2294 2352//2292
f 2270//2276 2283//2295 2359//2296
f 2270//2276 2359//2296 2342//2277
f 2283//2295 2284//2297 2358//2298
f 2283//2295 2358//2298 2359//2296
f 2284//2297 2285//2299 2357//2300
f 2284//2297 2357//2300 2358//2298
f 2285//2299 2275//2301 2356//2302
f 2285//2299 2356//2302 2357//2300
f 2361//2263 2360//2262 2269//2271
f 2361//2263 2269//2271 2278//2287
f 2365//2267 2364//2266 2276//2284
f 2365//2267 2276//2284 2277//2283
f 2367//2269 2366//2268 2282//2293
f 2367//2269 2282//2293 2281//2291
f 2368//2270 2367//2269 2281//2291
f 2368//2270 2281//2291 2272//2280
f 2373//2303 2372//2304 2285//2299
f 2373//2303 2285//2299 2284//2297
f 2374//2305 2373//2303 2284//2297
f 2374//2305 2284//2297 2283//2295
f 2360//2262 2377//2306 2268//2272
f 2360//2262 2268//2272 2269//2271
f 2134//2307 2137//2211 2143//2202
f 2134//2307 2143//2202 2142//2201
f 2142//2201 2145//2200 2169//2308
f 2142//2201 2169//2308 2168//2309
f 2378//2310 2134//2307 2142//2201
f 2378//2310 2142//2201 2168//2309
f 2379//2311 2168//2309 2169//2308
f 2379//2311 2169//2308 2170//2312
f 2379//2311 2170//2312 2287//2313
f 2287//2313 2170//2312 2381//2314
f 2167//2315 2168//2309 2379//2311
f 2379//2311 2287//2313 2380//2316
f 2287//2313 2381//2314 2303//2317
f 2287//2313 2303//2317 2304//2318
f 2380//2316 2287//2313 2304//2318
f 2304//2318 2303//2317 2374//2305
f 2304//2318 2374//2305 2375//2319
f 2375//2319 2374//2305 2283//2295
f 2375//2319 2283//2295 2270//2276
f 2383//2320 2304//2318 2375//2319
f 2382//2321 2380//2316 2304//2318
f 2382//2321 2304//2318 2383//2320
f 2378//2310 2168//2309 2167//2315
f 2167//2315 2379//2311 2380//2316
f 2167//2315 2380//2316 2382//2321
f 2134//2307 2378//2310 2165//2322
f 2385//2323 2166//2324 2165//2322
f 2384//2325 2167//2315 2288//2326
f 2288//2326 2167//2315 2382//2321
f 2290//2255 2163//2327 2166//2324
f 2290//2255 2166//2324 2289//2328
f 2385//2323 2384//2325 2288//2326
f 2385//2323 2288//2326 2386//2329
f 2289//2328 2166//2324 2385//2323
f 2289//2328 2385//2323 2386//2329
f 2305//2330 2288//2326 2382//2321
f 2305//2330 2382//2321 2383//2320
f 2307//2256 2290//2255 2289//2328
f 2307//2256 2289//2328 2306//2331
f 2376//2332 2375//2319 2270//2276
f 2376//2332 2270//2276 2271//2275
f 2305//2330 2383//2320 2375//2319
f 2305//2330 2375//2319 2376//2332
f 2386//2329 2288//2326 2305//2330
f 2386//2329 2305//2330 2387//2333
f 2377//2306 2376//2332 2271//2275
f 2377//2306 2271//2275 2268//2272
f 2387//2333 2376//2332 2377//2306
f 2360//2262 2307//2256 2306//2331
f 2360//2262 2306//2331 2377//2306
f 2377//2306 2306//2331 2387//2333
f 2387//2333 2305//2330 2376//2332
f 2306//2331 2289//2328 2386//2329
f 2306//2331 2386//2329 2387//2333
f 2155//2334 2145//2200 2144//2199
f 2155//2334 2144//2199 2151//2205
f 2303//2317 2381//2314 2286//2335
f 2320//2336 2319//2337 2372//2304
f 2320//2336 2372//2304 2373//2303
f 2320//2336 2303//2317 2286//2335
f 2320//2336 2286//2335 2388//2338
f 2373//2303 2374//2305 2303//2317
f 2373//2303 2303//2317 2320//2336
f 2141//2195 2140//2198 2181//2339
f 2141//2195 2181//2339 2182//2340
f 2182//2340 2181//2339 2180//2341
f 2182//2340 2180//2341 2179//2342
f 2156//2343 2158//2209 2173//2208
f 2156//2343 2173//2208 2188//2225
f 2183//2344 2182//2340 2390//2345
f 2237//2346 2163//2327 2290//2255
f 2237//2346 2290//2255 2291//2254
f 2164//2347 2163//2327 2237//2346
f 2164//2347 2237//2346 2236//2348
f 2209//2349 2135//2350 2236//2348
f 2213//2351 2214//2231 2215//2228
f 2213//2351 2215//2228 2216//2233
f 2213//2351 2216//2233 2210//2235
f 2213//2351 2210//2235 2209//2349
f 2209//2349 2393//2352 2239//2353
f 2243//2354 2180//2341 2181//2339
f 2243//2354 2181//2339 2245//2355
f 2395//2356 2243//2354 2245//2355
f 2219//2357 2218//2244 2227//2238
f 2219//2357 2227//2238 2230//2358
f 2327//2359 2355//2360 2354//2282
f 2327//2359 2354//2282 2326//2361
f 2326//2361 2354//2282 2353//2281
f 2326//2361 2353//2281 2325//2362
f 2326//2361 2341//2363 2327//2359
f 2325//2362 2341//2363 2326//2361
f 2353//2281 2352//2292 2336//2364
f 2353//2281 2336//2364 2325//2362
f 2336//2364 2341//2363 2325//2362
f 2352//2292 2351//2294 2337//2365
f 2352//2292 2337//2365 2336//2364
f 2337//2365 2341//2363 2336//2364
f 2330//2366 2341//2363 2337//2365
f 2329//2367 2341//2363 2330//2366
f 2332//2368 2350//2286 2349//2285
f 2332//2368 2349//2285 2331//2369
f 2332//2368 2341//2363 2329//2367
f 2331//2369 2341//2363 2332//2368
f 2349//2285 2348//2290 2335//2370
f 2349//2285 2335//2370 2331//2369
f 2335//2370 2348//2290 2347//2371
f 2335//2370 2347//2371 2334//2372
f 2335//2370 2341//2363 2331//2369
f 2334//2372 2347//2371 2346//2288
f 2334//2372 2346//2288 2333//2373
f 2334//2372 2341//2363 2335//2370
f 2333//2373 2346//2288 2345//2274
f 2333//2373 2345//2274 2322//2374
f 2333//2373 2341//2363 2334//2372
f 2322//2374 2345//2274 2344//2273
f 2322//2374 2344//2273 2321//2375
f 2322//2374 2341//2363 2333//2373
f 2321//2375 2341//2363 2322//2374
f 2344//2273 2343//2278 2324//2376
f 2344//2273 2324//2376 2321//2375
f 2324//2376 2343//2278 2342//2277
f 2324//2376 2342//2277 2323//2377
f 2324//2376 2341//2363 2321//2375
f 2323//2377 2341//2363 2324//2376
f 2323//2377 2342//2277 2359//2296
f 2323//2377 2359//2296 2338//2378
f 2338//2378 2341//2363 2323//2377
f 2359//2296 2358//2298 2339//2379
f 2359//2296 2339//2379 2338//2378
f 2339//2379 2341//2363 2338//2378
f 2358//2298 2357//2300 2340//2380
f 2358//2298 2340//2380 2339//2379
f 2327//2359 2341//2363 2328//2381
f 2328//2381 2341//2363 2340//2380
f 2356//2302 2355//2360 2327//2359
f 2356//2302 2327//2359 2328//2381
f 2340//2380 2357//2300 2356//2302
f 2340//2380 2356//2302 2328//2381
f 2340//2380 2341//2363 2339//2379
f 2245//2355 2181//2339 2140//2198
f 2245//2355 2140//2198 2212//2382
f 2233//2242 2250//2239 2231//2245
f 2233//2242 2231//2245 2232//2383
f 2254//2249 2221//2230 2233//2242
f 2254//2249 2233//2242 2232//2383
f 2218//2244 2219//2357 2220//2384
f 2218//2244 2220//2384 2217//2385
f 2400//2386 2232//2383 2231//2245
f 2400//2386 2231//2245 2218//2244
f 2400//2386 2218//2244 2217//2385
f 2252//2387 2217//2385 2220//2384
f 2252//2387 2220//2384 2262//2388
f 2868//1373 2252//2387 2262//2388 2836//1367
f 2836//1367 2262//2388 2837//1366
f 2392//2389 2237//2346 2291//2254
f 2392//2389 2291//2254 2292//2390
f 2311//2265 2294//2391 2293//2392
f 2311//2265 2293//2392 2310//2393
f 2402//2394 2240//2395 2292//2390
f 2292//2390 2291//2254 2308//2257
f 2292//2390 2308//2257 2309//2396
f 2310//2393 2293//2392 2402//2394
f 2310//2393 2402//2394 2403//2397
f 2292//2390 2309//2396 2404//2398
f 2403//2397 2402//2394 2292//2390
f 2403//2397 2292//2390 2404//2398
f 2309//2396 2308//2257 2361//2263
f 2309//2396 2361//2263 2362//2399
f 2363//2400 2310//2393 2403//2397
f 2364//2266 2311//2265 2310//2393
f 2364//2266 2310//2393 2363//2400
f 2280//2289 2276//2284 2364//2266
f 2280//2289 2364//2266 2363//2400
f 2363//2400 2403//2397 2404//2398
f 2363//2400 2404//2398 2405//2401
f 2347//2371 2348//2290 2280//2289
f 2347//2371 2280//2289 2279//2402
f 2279//2402 2280//2289 2405//2401
f 2278//2287 2346//2288 2347//2371
f 2278//2287 2347//2371 2279//2402
f 2362//2399 2361//2263 2278//2287
f 2362//2399 2278//2287 2279//2402
f 2405//2401 2362//2399 2279//2402
f 2404//2398 2309//2396 2362//2399
f 2404//2398 2362//2399 2405//2401
f 2280//2289 2363//2400 2405//2401
f 2235//2403 2242//2248 2226//2232
f 2235//2403 2238//2404 2293//2392
f 2235//2403 2293//2392 2294//2391
f 2238//2404 2235//2403 2226//2232
f 2238//2404 2226//2232 2214//2231
f 2394//2405 2293//2392 2238//2404
f 2240//2395 2239//2353 2393//2352
f 2392//2389 2292//2390 2240//2395
f 2393//2352 2392//2389 2240//2395
f 2236//2348 2237//2346 2392//2389
f 2236//2348 2392//2389 2393//2352
f 2209//2349 2236//2348 2393//2352
f 2239//2353 2240//2395 2394//2405
f 2239//2353 2394//2405 2213//2351
f 2239//2353 2213//2351 2209//2349
f 2394//2405 2240//2395 2402//2394
f 2394//2405 2402//2394 2293//2392
f 2394//2405 2238//2404 2214//2231
f 2394//2405 2214//2231 2213//2351
f 2135//2350 2136//2212 2137//2211
f 2135//2350 2137//2211 2134//2307
f 2209//2349 2210//2235 2136//2212
f 2209//2349 2136//2212 2135//2350
f 2165//2322 2164//2347 2135//2350
f 2135//2350 2164//2347 2236//2348
f 2134//2307 2165//2322 2135//2350
f 2166//2324 2163//2327 2164//2347
f 2166//2324 2164//2347 2165//2322
f 2165//2322 2378//2310 2167//2315
f 2165//2322 2167//2315 2384//2325
f 2165//2322 2384//2325 2385//2323
f 2286//2335 2381//2314 2170//2312
f 2286//2335 2170//2312 2266//2406
f 2388//2338 2286//2335 2266//2406
f 2169//2308 2145//2200 2155//2334
f 2169//2308 2155//2334 2176//2407
f 2266//2406 2170//2312 2169//2308
f 2266//2406 2169//2308 2176//2407
f 2247//2408 2248//2241 2234//2234
f 2247//2408 2234//2234 2256//2247
f 2838//1369 2247//2408 2256//2247 2852//1365
f 2852//1365 2256//2247 2842//1370
f 2300//2409 2301//2410 2267//2411
f 2300//2409 2267//2411 2208//2412
f 2300//2409 2208//2412 2407//2413
f 2407//2413 2208//2412 2408//2414
f 2407//2413 2408//2414 2409//2415
f 2318//2416 2300//2409 2407//2413
f 2318//2416 2407//2413 2409//2415
f 2318//2416 2409//2415 2410//2417
f 2372//2304 2319//2337 2318//2416
f 2372//2304 2318//2416 2371//2418
f 2275//2301 2285//2299 2372//2304
f 2275//2301 2372//2304 2371//2418
f 2274//2419 2275//2301 2371//2418
f 2274//2419 2371//2418 2370//2420
f 2371//2418 2318//2416 2410//2417
f 2355//2360 2356//2302 2275//2301
f 2355//2360 2275//2301 2274//2419
f 2273//2279 2354//2282 2355//2360
f 2273//2279 2355//2360 2274//2419
f 2369//2421 2368//2270 2272//2280
f 2369//2421 2272//2280 2273//2279
f 2370//2420 2369//2421 2273//2279
f 2370//2420 2273//2279 2274//2419
f 2316//2422 2315//2261 2368//2270
f 2316//2422 2368//2270 2369//2421
f 2370//2420 2410//2417 2317//2423
f 2411//2424 2369//2421 2370//2420
f 2411//2424 2370//2420 2317//2423
f 2298//2425 2297//2260 2315//2261
f 2298//2425 2315//2261 2316//2422
f 2317//2423 2410//2417 2409//2415
f 2317//2423 2409//2415 2299//2426
f 2299//2426 2409//2415 2408//2414
f 2299//2426 2408//2414 2207//2427
f 2179//2342 2180//2341 2177//2428
f 2179//2342 2177//2428 2178//2429
f 2408//2414 2208//2412 2171//2210
f 2408//2414 2171//2210 2187//2430
f 2389//2431 2179//2342 2178//2429
f 2390//2345 2182//2340 2179//2342
f 2390//2345 2179//2342 2389//2431
f 2389//2431 2178//2429 2414//2432
f 2178//2429 2177//2428 2205//2433
f 2178//2429 2205//2433 2206//2434
f 2206//2434 2205//2433 2297//2260
f 2206//2434 2297//2260 2298//2425
f 2413//2435 2414//2432 2178//2429
f 2413//2435 2178//2429 2206//2434
f 2412//2436 2411//2424 2317//2423
f 2412//2436 2317//2423 2299//2426
f 2408//2414 2187//2430 2207//2427
f 2207//2427 2187//2430 2414//2432
f 2207//2427 2414//2432 2413//2435
f 2413//2435 2412//2436 2299//2426
f 2413//2435 2299//2426 2207//2427
f 2413//2435 2206//2434 2298//2425
f 2413//2435 2298//2425 2412//2436
f 2412//2436 2298//2425 2316//2422
f 2412//2436 2316//2422 2411//2424
f 2395//2356 2245//2355 2396//2437
f 2230//2358 2227//2238 2228//2237
f 2230//2358 2228//2237 2229//2438
f 2396//2437 2230//2358 2229//2438
f 2396//2437 2229//2438 2395//2356
f 2244//2439 2243//2354 2395//2356
f 2244//2439 2395//2356 2415//2440
f 2177//2428 2180//2341 2243//2354
f 2177//2428 2243//2354 2244//2439
f 2229//2438 2249//2441 2415//2440
f 2229//2438 2415//2440 2395//2356
f 2205//2433 2177//2428 2244//2439
f 2205//2433 2244//2439 2264//2250
f 2264//2250 2244//2439 2415//2440
f 2296//2253 2297//2260 2205//2433
f 2296//2253 2205//2433 2264//2250
f 2415//2440 2265//2251 2264//2250
f 2188//2225 2160//2224 2161//2442
f 2188//2225 2161//2442 2159//2443
f 2159//2443 2147//2444 2156//2343
f 2159//2443 2156//2343 2188//2225
f 2160//2224 2150//2204 2191//2226
f 2160//2224 2191//2226 2161//2442
f 2159//2443 2161//2442 2416//2445
f 2148//2446 2147//2444 2159//2443
f 2148//2446 2159//2443 2416//2445
f 2198//2447 2186//2213 2153//2216
f 2198//2447 2153//2216 2154//2448
f 2202//2221 2186//2213 2198//2447
f 2202//2221 2198//2447 2197//2449
f 2197//2449 2198//2447 2418//2450
f 2825//1402 2202//2221 2197//2449 2843//1388
f 2843//1388 2197//2449 2844//1360
f 2845//1361 2844//1360 2197//2449
f 2845//1361 2197//2449 2418//2450 2846//1390
f 2301//2410 2300//2409 2318//2416
f 2301//2410 2318//2416 2319//2337
f 2176//2407 2155//2334 2175//2451
f 2267//2411 2172//2207 2171//2210
f 2267//2411 2171//2210 2208//2412
f 2174//2452 2175//2451 2155//2334
f 2174//2452 2155//2334 2151//2205
f 2174//2452 2151//2205 2204//2223
f 2204//2223 2173//2208 2172//2207
f 2204//2223 2172//2207 2174//2452
f 2419//2453 2267//2411 2301//2410
f 2176//2407 2175//2451 2302//2454
f 2302//2454 2175//2451 2419//2453
f 2302//2454 2388//2338 2266//2406
f 2302//2454 2266//2406 2176//2407
f 2320//2336 2388//2338 2302//2454
f 2302//2454 2301//2410 2319//2337
f 2302//2454 2319//2337 2320//2336
f 2419//2453 2301//2410 2302//2454
f 2174//2452 2172//2207 2267//2411
f 2174//2452 2267//2411 2419//2453
f 2419//2453 2175//2451 2174//2452
f 2189//2455 2161//2442 2191//2226
f 2189//2455 2191//2226 2192//2456
f 2192//2456 2191//2226 2196//2219
f 2192//2456 2196//2219 2195//2218
f 2847//1398 2189//2455 2192//2456 2856//1389
f 2416//2445 2161//2442 2189//2455
f 2416//2445 2189//2455 2417//2457
f 2187//2430 2171//2210 2158//2209
f 2187//2430 2158//2209 2157//2458
f 2389//2431 2414//2432 2187//2430
f 2389//2431 2187//2430 2157//2458
f 2391//2459 2390//2345 2389//2431
f 2391//2459 2389//2431 2157//2458
f 2390//2345 2391//2459 2146//2460
f 2391//2459 2157//2458 2158//2209
f 2391//2459 2158//2209 2156//2343
f 2190//2461 2148//2446 2416//2445
f 2190//2461 2416//2445 2417//2457
f 2853//1379 2190//2461 2417//2457 2826//1380
f 2854//1378 2190//2461 2853//1379
f 2826//1380 2417//2457 2848//1383
f 2153//2216 2138//2196 2141//2195
f 2153//2216 2141//2195 2154//2448
f 2154//2448 2141//2195 2182//2340
f 2154//2448 2182//2340 2183//2344
f 2154//2448 2183//2344 2420//2462
f 2199//2463 2198//2447 2154//2448
f 2199//2463 2154//2448 2420//2462
f 2149//2464 2148//2446 2190//2461
f 2149//2464 2190//2461 2201//2465
f 2200//2466 2418//2450 2198//2447
f 2200//2466 2198//2447 2199//2463
f 2846//1390 2418//2450 2200//2466 2859//1381
f 2859//1381 2200//2466 2860//1382
f 2869//1391 2201//2465 2190//2461 2855//1377
f 2855//1377 2190//2461 2854//1378
f 2861//1362 2200//2466 2422//2467 2834//1397
f 2834//1397 2422//2467 2833//1376
f 2861//1362 2860//1382 2200//2466
f 2146//2460 2147//2444 2148//2446
f 2146//2460 2148//2446 2149//2464
f 2391//2459 2156//2343 2147//2444
f 2391//2459 2147//2444 2146//2460
f 2146//2460 2149//2464 2421//2468
f 2421//2468 2420//2462 2183//2344
f 2421//2468 2183//2344 2146//2460
f 2146//2460 2183//2344 2390//2345
f 2421//2468 2149//2464 2201//2465
f 2421//2468 2201//2465 2422//2467
f 2199//2463 2420//2462 2421//2468
f 2422//2467 2200//2466 2199//2463
f 2422//2467 2199//2463 2421//2468
f 2260//2469 2220//2384 2397//2470
f 2396//2437 2245//2355 2246//2471
f 2396//2437 2246//2471 2397//2470
f 2219//2357 2230//2358 2396//2437
f 2219//2357 2396//2437 2397//2470
f 2220//2384 2219//2357 2397//2470
f 2212//2382 2140//2198 2139//2197
f 2212//2382 2139//2197 2211//2236
f 2398//2472 2225//2473 2261//2474
f 2398//2472 2261//2474 2399//2475
f 2212//2382 2225//2473 2398//2472
f 2423//2476 2246//2471 2245//2355
f 2423//2476 2245//2355 2212//2382
f 2423//2476 2398//2472 2399//2475
f 2423//2476 2399//2475 2260//2469
f 2260//2469 2399//2475 2259//2477
f 2260//2469 2259//2477 2262//2388
f 2260//2469 2262//2388 2220//2384
f 2397//2470 2246//2471 2260//2469
f 2260//2469 2246//2471 2423//2476
f 2423//2476 2212//2382 2398//2472
f 2400//2386 2217//2385 2252//2387
f 2400//2386 2252//2387 2401//2478
f 2251//2479 2232//2383 2400//2386
f 2251//2479 2400//2386 2401//2478
f 2253//2480 2254//2249 2232//2383
f 2253//2480 2232//2383 2251//2479
f 2255//2481 2257//2246 2254//2249
f 2255//2481 2254//2249 2253//2480
f 2255//2481 2256//2247 2257//2246
f 2839//1358 2255//2481 2841//1371
f 2224//2482 2225//2473 2212//2382
f 2224//2482 2212//2382 2211//2236
f 2224//2482 2211//2236 2210//2235
f 2224//2482 2210//2235 2248//2241
f 2406//2483 2261//2474 2225//2473
f 2406//2483 2225//2473 2224//2482
f 2224//2482 2248//2241 2247//2408
f 2224//2482 2247//2408 2406//2483
f 2258//2484 2261//2474 2406//2483
f 2259//2477 2399//2475 2261//2474
f 2259//2477 2261//2474 2258//2484
f 2865//1353 2258//2484 2864//1354
f 2837//1366 2262//2388 2259//2477 2870//1364
f 2870//1364 2259//2477 2871//1363
f 2871//1363 2259//2477 2258//2484 2867//1355
f 2867//1355 2258//2484 2866//1356
f 2415//2440 2249//2441 2265//2251
f 2411//2424 2316//2422 2369//2421
f 2371//2418 2410//2417 2370//2420
f 2450//2485 2425//2486 2424//2487
f 2450//2485 2424//2487 2449//2488
f 2429//2489 2450//2485 2449//2488
f 2429//2489 2449//2488 2427//2490
f 2450//2485 2467//2491 2426//2492
f 2450//2485 2426//2492 2425//2486
f 2451//2493 2425//2486 2426//2492
f 2451//2493 2426//2492 2452//2494
f 2455//2495 2454//2496 2453//2497
f 2455//2495 2453//2497 2451//2493
f 2429//2489 2431//2498 2432//2499
f 2429//2489 2432//2499 2430//2500
f 2430//2500 2432//2499 2456//2501
f 2430//2500 2456//2501 2433//2502
f 2450//2485 2429//2489 2430//2500
f 2450//2485 2430//2500 2467//2491
f 2430//2500 2433//2502 2466//2503
f 2430//2500 2466//2503 2467//2491
f 2432//2499 2431//2498 2444//2504
f 2432//2499 2444//2504 2445//2505
f 2444//2504 2431//2498 2428//2506
f 2444//2504 2428//2506 2443//2507
f 2429//2489 2427//2490 2428//2506
f 2429//2489 2428//2506 2431//2498
f 2424//2487 2425//2486 2451//2493
f 2424//2487 2451//2493 2453//2497
f 2455//2495 2451//2493 2452//2494
f 2455//2495 2452//2494 2436//2508
f 2463//2509 2461//2510 2460//2511
f 2463//2509 2460//2511 2462//2512
f 2460//2511 2459//2513 2464//2514
f 2460//2511 2464//2514 2462//2512
f 2458//2515 2457//2516 2437//2517
f 2458//2515 2437//2517 2438//2518
f 2457//2516 2506//2519 2464//2514
f 2457//2516 2464//2514 2459//2513
f 2460//2511 2434//2520 2435//2521
f 2460//2511 2435//2521 2459//2513
f 2461//2510 2465//2522 2434//2520
f 2461//2510 2434//2520 2460//2511
f 2463//2509 2436//2508 2452//2494
f 2463//2509 2452//2494 2461//2510
f 2455//2495 2436//2508 2481//2523
f 2455//2495 2481//2523 2482//2524
f 2436//2508 2463//2509 2484//2525
f 2436//2508 2484//2525 2481//2523
f 2463//2509 2462//2512 2483//2526
f 2463//2509 2483//2526 2484//2525
f 2462//2512 2464//2514 2485//2527
f 2462//2512 2485//2527 2483//2526
f 2452//2494 2426//2492 2465//2522
f 2452//2494 2465//2522 2461//2510
f 2465//2522 2426//2492 2467//2491
f 2465//2522 2467//2491 2466//2503
f 2434//2520 2465//2522 2466//2503
f 2434//2520 2466//2503 2475//2528
f 2435//2521 2434//2520 2475//2528
f 2435//2521 2475//2528 2471//2529
f 2437//2517 2435//2521 2471//2529
f 2437//2517 2471//2529 2469//2530
f 2438//2518 2437//2517 2469//2530
f 2438//2518 2469//2530 2470//2531
f 2459//2513 2435//2521 2437//2517
f 2459//2513 2437//2517 2457//2516
f 2468//2532 2439//2533 2503//2534
f 2468//2532 2503//2534 2505//2535
f 2468//2532 2505//2535 2458//2515
f 2468//2532 2458//2515 2438//2518
f 2439//2533 2468//2532 2511//2536
f 2439//2533 2511//2536 2498//2537
f 2468//2532 2438//2518 2470//2531
f 2468//2532 2470//2531 2511//2536
f 2439//2533 2440//2538 2504//2539
f 2439//2533 2504//2539 2503//2534
f 2440//2538 2439//2533 2498//2537
f 2440//2538 2498//2537 2497//2540
f 2470//2531 2469//2530 2473//2541
f 2470//2531 2473//2541 2441//2542
f 2469//2530 2471//2529 2472//2543
f 2469//2530 2472//2543 2473//2541
f 2474//2544 2472//2543 2471//2529
f 2474//2544 2471//2529 2475//2528
f 2476//2545 2442//2546 2498//2537
f 2476//2545 2498//2537 2511//2536
f 2470//2531 2441//2542 2476//2545
f 2470//2531 2476//2545 2511//2536
f 2442//2546 2476//2545 2477//2547
f 2442//2546 2477//2547 2489//2548
f 2476//2545 2441//2542 2478//2549
f 2476//2545 2478//2549 2477//2547
f 2487//2550 2478//2549 2441//2542
f 2487//2550 2441//2542 2473//2541
f 2474//2544 2475//2528 2466//2503
f 2474//2544 2466//2503 2433//2502
f 2482//2524 2444//2504 2443//2507
f 2482//2524 2443//2507 2479//2551
f 2445//2505 2444//2504 2482//2524
f 2445//2505 2482//2524 2481//2523
f 2432//2499 2445//2505 2480//2552
f 2432//2499 2480//2552 2456//2501
f 2445//2505 2481//2523 2484//2525
f 2445//2505 2484//2525 2480//2552
f 2480//2552 2484//2525 2483//2526
f 2480//2552 2483//2526 2486//2553
f 2486//2553 2483//2526 2485//2527
f 2486//2553 2485//2527 2446//2554
f 2447//2555 2456//2501 2480//2552
f 2447//2555 2480//2552 2486//2553
f 2474//2544 2447//2555 2448//2556
f 2474//2544 2448//2556 2472//2543
f 2487//2550 2473//2541 2472//2543
f 2487//2550 2472//2543 2448//2556
f 2487//2550 2448//2556 2446//2554
f 2487//2550 2446//2554 2508//2557
f 2448//2556 2447//2555 2486//2553
f 2448//2556 2486//2553 2446//2554
f 2433//2502 2456//2501 2447//2555
f 2433//2502 2447//2555 2474//2544
f 2455//2495 2482//2524 2479//2551
f 2455//2495 2479//2551 2454//2496
f 2515//2558 2516//2559 2497//2540
f 2515//2558 2497//2540 2496//2560
f 2514//2561 2515//2558 2496//2560
f 2514//2561 2496//2560 2488//2562
f 2514//2561 2488//2562 2490//2563
f 2514//2561 2490//2563 2513//2564
f 2488//2562 2489//2548 2493//2565
f 2488//2562 2493//2565 2490//2563
f 2491//2566 2512//2567 2513//2564
f 2491//2566 2513//2564 2490//2563
f 2493//2565 2492//2568 2491//2566
f 2493//2565 2491//2566 2490//2563
f 2493//2565 2489//2548 2477//2547
f 2493//2565 2477//2547 2495//2569
f 2477//2547 2478//2549 2494//2570
f 2477//2547 2494//2570 2495//2569
f 2496//2560 2442//2546 2489//2548
f 2496//2560 2489//2548 2488//2562
f 2442//2546 2496//2560 2497//2540
f 2442//2546 2497//2540 2498//2537
f 2440//2538 2497//2540 2516//2559
f 2440//2538 2516//2559 2517//2571
f 2500//2572 2506//2519 2457//2516
f 2500//2572 2457//2516 2458//2515
f 2505//2535 2499//2573 2500//2572
f 2505//2535 2500//2572 2458//2515
f 2519//2574 2501//2575 2504//2539
f 2519//2574 2504//2539 2518//2576
f 2501//2575 2519//2574 2512//2567
f 2501//2575 2512//2567 2491//2566
f 2502//2577 2501//2575 2491//2566
f 2502//2577 2491//2566 2492//2568
f 2505//2535 2503//2534 2502//2577
f 2505//2535 2502//2577 2499//2573
f 2502//2577 2503//2534 2504//2539
f 2502//2577 2504//2539 2501//2575
f 2504//2539 2440//2538 2517//2571
f 2504//2539 2517//2571 2518//2576
f 2464//2514 2506//2519 2510//2578
f 2464//2514 2510//2578 2485//2527
f 2499//2573 2509//2579 2507//2580
f 2499//2573 2507//2580 2500//2572
f 2502//2577 2492//2568 2509//2579
f 2502//2577 2509//2579 2499//2573
f 2510//2578 2506//2519 2500//2572
f 2510//2578 2500//2572 2507//2580
f 2494//2570 2508//2557 2510//2578
f 2494//2570 2510//2578 2507//2580
f 2446//2554 2485//2527 2510//2578
f 2446//2554 2510//2578 2508//2557
f 2492//2568 2493//2565 2495//2569
f 2492//2568 2495//2569 2509//2579
f 2495//2569 2494//2570 2507//2580
f 2495//2569 2507//2580 2509//2579
f 2494//2570 2478//2549 2487//2550
f 2494//2570 2487//2550 2508//2557
f 2624//2581 2623//2582 2554//2583
f 2624//2581 2554//2583 2558//2584
f 2520//2585 2521//2586 2543//2587
f 2520//2585 2543//2587 2544//2588
f 2526//2589 2529//2590 2527//2591
f 2526//2589 2527//2591 2546//2592
f 2528//2593 2529//2590 2526//2589
f 2528//2593 2526//2589 2525//2594
f 2530//2595 2531//2596 2524//2597
f 2530//2595 2524//2597 2522//2598
f 2531//2596 2528//2593 2525//2594
f 2531//2596 2525//2594 2524//2597
f 2531//2596 2530//2595 2532//2599
f 2531//2596 2532//2599 2533//2600
f 2531//2596 2533//2600 2534//2601
f 2531//2596 2534//2601 2528//2593
f 2533//2600 2532//2599 2594//2602
f 2533//2600 2594//2602 2595//2603
f 2534//2601 2533//2600 2595//2603
f 2534//2601 2595//2603 2539//2604
f 2535//2605 2534//2601 2539//2604
f 2535//2605 2539//2604 2537//2606
f 2536//2607 2535//2605 2537//2606
f 2536//2607 2537//2606 2538//2608
f 2538//2608 2537//2606 2555//2609
f 2538//2608 2555//2609 2556//2610
f 2537//2606 2539//2604 2563//2611
f 2537//2606 2563//2611 2555//2609
f 2528//2593 2534//2601 2535//2605
f 2528//2593 2535//2605 2529//2590
f 2532//2599 2540//2612 2596//2613
f 2532//2599 2596//2613 2594//2602
f 2541//2614 2542//2615 2592//2616
f 2541//2614 2592//2616 2597//2617
f 2540//2612 2541//2614 2597//2617
f 2540//2612 2597//2617 2596//2613
f 2544//2588 2543//2587 2542//2615
f 2544//2588 2542//2615 2541//2614
f 2544//2588 2541//2614 2540//2612
f 2544//2588 2540//2612 2545//2618
f 2520//2585 2544//2588 2545//2618
f 2520//2585 2545//2618 2523//2619
f 2523//2619 2545//2618 2530//2595
f 2523//2619 2530//2595 2522//2598
f 2545//2618 2540//2612 2532//2599
f 2545//2618 2532//2599 2530//2595
f 2527//2591 2529//2590 2535//2605
f 2527//2591 2535//2605 2536//2607
f 2525//2594 2526//2589 2570//2620
f 2525//2594 2570//2620 2569//2621
f 2526//2589 2546//2592 2571//2622
f 2526//2589 2571//2622 2570//2620
f 2548//2623 2549//2624 2569//2621
f 2548//2623 2569//2621 2570//2620
f 2550//2625 2551//2626 2568//2627
f 2550//2625 2568//2627 2567//2628
f 2549//2624 2550//2625 2567//2628
f 2549//2624 2567//2628 2569//2621
f 2552//2629 2551//2626 2559//2630
f 2552//2629 2559//2630 2560//2631
f 2551//2626 2552//2629 2625//2632
f 2551//2626 2625//2632 2568//2627
f 2553//2633 2554//2583 2623//2582
f 2553//2633 2623//2582 2626//2634
f 2552//2629 2553//2633 2626//2634
f 2552//2629 2626//2634 2625//2632
f 2553//2633 2552//2629 2560//2631
f 2553//2633 2560//2631 2601//2635
f 2564//2636 2565//2637 2549//2624
f 2564//2636 2549//2624 2548//2623
f 2549//2624 2565//2637 2566//2638
f 2549//2624 2566//2638 2550//2625
f 2550//2625 2566//2638 2559//2630
f 2550//2625 2559//2630 2551//2626
f 2547//2639 2548//2623 2570//2620
f 2547//2639 2570//2620 2571//2622
f 2547//2639 2557//2640 2564//2636
f 2547//2639 2564//2636 2548//2623
f 2556//2610 2555//2609 2564//2636
f 2556//2610 2564//2636 2557//2640
f 2560//2631 2559//2630 2561//2641
f 2560//2631 2561//2641 2575//2642
f 2524//2597 2525//2594 2569//2621
f 2524//2597 2569//2621 2567//2628
f 2524//2597 2567//2628 2568//2627
f 2524//2597 2568//2627 2522//2598
f 2562//2643 2561//2641 2559//2630
f 2562//2643 2559//2630 2566//2638
f 2562//2643 2566//2638 2565//2637
f 2562//2643 2565//2637 2563//2611
f 2564//2636 2555//2609 2563//2611
f 2564//2636 2563//2611 2565//2637
f 2610//2644 2611//2645 2614//2646
f 2610//2644 2614//2646 2612//2647
f 2583//2648 2582//2649 2576//2650
f 2583//2648 2576//2650 2613//2651
f 2602//2652 2600//2653 2583//2648
f 2602//2652 2583//2648 2613//2651
f 2583//2648 2600//2653 2584//2654
f 2583//2648 2584//2654 2588//2655
f 2582//2649 2583//2648 2588//2655
f 2582//2649 2588//2655 2573//2656
f 2600//2653 2599//2657 2585//2658
f 2600//2653 2585//2658 2584//2654
f 2572//2659 2585//2658 2599//2657
f 2572//2659 2599//2657 2598//2660
f 2585//2658 2572//2659 2592//2616
f 2585//2658 2592//2616 2586//2661
f 2585//2658 2586//2661 2587//2662
f 2585//2658 2587//2662 2584//2654
f 2587//2662 2586//2661 2591//2663
f 2587//2662 2591//2663 2574//2664
f 2573//2656 2588//2655 2590//2665
f 2573//2656 2590//2665 2589//2666
f 2588//2655 2584//2654 2587//2662
f 2588//2655 2587//2662 2590//2665
f 2590//2665 2587//2662 2574//2664
f 2590//2665 2574//2664 2631//2667
f 2589//2666 2590//2665 2631//2667
f 2589//2666 2631//2667 2606//2668
f 2542//2615 2591//2663 2586//2661
f 2542//2615 2586//2661 2592//2616
f 2593//2669 2575//2642 2596//2613
f 2593//2669 2596//2613 2597//2617
f 2592//2616 2572//2659 2593//2669
f 2592//2616 2593//2669 2597//2617
f 2575//2642 2561//2641 2594//2602
f 2575//2642 2594//2602 2596//2613
f 2560//2631 2575//2642 2593//2669
f 2560//2631 2593//2669 2601//2635
f 2593//2669 2572//2659 2598//2660
f 2593//2669 2598//2660 2601//2635
f 2595//2603 2594//2602 2561//2641
f 2595//2603 2561//2641 2562//2643
f 2563//2611 2539//2604 2595//2603
f 2563//2611 2595//2603 2562//2643
f 2553//2633 2601//2635 2598//2660
f 2553//2633 2598//2660 2554//2583
f 2558//2584 2554//2583 2598//2660
f 2558//2584 2598//2660 2599//2657
f 2602//2652 2558//2584 2599//2657
f 2602//2652 2599//2657 2600//2653
f 2603//2670 2610//2644 2582//2649
f 2603//2670 2582//2649 2573//2656
f 2603//2670 2573//2656 2589//2666
f 2603//2670 2589//2666 2604//2671
f 2604//2671 2589//2666 2606//2668
f 2604//2671 2606//2668 2605//2672
f 2603//2670 2604//2671 2607//2673
f 2603//2670 2607//2673 2609//2674
f 2607//2673 2604//2671 2605//2672
f 2607//2673 2605//2672 2608//2675
f 2603//2670 2609//2674 2611//2645
f 2603//2670 2611//2645 2610//2644
f 2610//2644 2612//2647 2576//2650
f 2610//2644 2576//2650 2582//2649
f 2576//2650 2612//2647 2618//2676
f 2576//2650 2618//2676 2615//2677
f 2613//2651 2576//2650 2615//2677
f 2613//2651 2615//2677 2617//2678
f 2602//2652 2613//2651 2617//2678
f 2602//2652 2617//2678 2616//2679
f 2624//2581 2558//2584 2602//2652
f 2624//2581 2602//2652 2616//2679
f 2614//2646 2619//2680 2618//2676
f 2614//2646 2618//2676 2612//2647
f 2617//2678 2615//2677 2577//2681
f 2617//2678 2577//2681 2622//2682
f 2616//2679 2617//2678 2622//2682
f 2616//2679 2622//2682 2578//2683
f 2621//2684 2618//2676 2619//2680
f 2621//2684 2619//2680 2620//2685
f 2577//2681 2621//2684 2629//2686
f 2577//2681 2629//2686 2581//2687
f 2618//2676 2621//2684 2577//2681
f 2618//2676 2577//2681 2615//2677
f 2578//2683 2579//2688 2624//2581
f 2578//2683 2624//2581 2616//2679
f 2579//2688 2521//2586 2623//2582
f 2579//2688 2623//2582 2624//2581
f 2520//2585 2626//2634 2623//2582
f 2520//2585 2623//2582 2521//2586
f 2523//2619 2522//2598 2568//2627
f 2523//2619 2568//2627 2625//2632
f 2520//2585 2523//2619 2625//2632
f 2520//2585 2625//2632 2626//2634
f 2578//2683 2580//2689 2627//2690
f 2578//2683 2627//2690 2579//2688
f 2574//2664 2591//2663 2627//2690
f 2574//2664 2627//2690 2580//2689
f 2627//2690 2591//2663 2542//2615
f 2627//2690 2542//2615 2543//2587
f 2579//2688 2627//2690 2543//2587
f 2579//2688 2543//2587 2521//2586
f 2574//2664 2580//2689 2628//2691
f 2574//2664 2628//2691 2631//2667
f 2628//2691 2581//2687 2606//2668
f 2628//2691 2606//2668 2631//2667
f 2606//2668 2581//2687 2629//2686
f 2606//2668 2629//2686 2605//2672
f 2577//2681 2581//2687 2628//2691
f 2577//2681 2628//2691 2622//2682
f 2628//2691 2580//2689 2578//2683
f 2628//2691 2578//2683 2622//2682
f 2620//2685 2630//2692 2629//2686
f 2620//2685 2629//2686 2621//2684
f 2630//2692 2608//2675 2605//2672
f 2630//2692 2605//2672 2629//2686
f 2527//2591 2633//2693 2632//2694
f 2527//2591 2632//2694 2546//2592
f 2527//2591 2536//2607 2634//2695
f 2527//2591 2634//2695 2633//2693
f 2536//2607 2538//2608 2635//2696
f 2536//2607 2635//2696 2634//2695
f 2636//2697 2635//2696 2538//2608
f 2636//2697 2538//2608 2556//2610
f 2637//2698 2636//2697 2556//2610
f 2637//2698 2556//2610 2557//2640
f 2547//2639 2638//2699 2637//2698
f 2547//2639 2637//2698 2557//2640
f 2639//2700 2638//2699 2547//2639
f 2639//2700 2547//2639 2571//2622
f 2632//2694 2639//2700 2571//2622
f 2632//2694 2571//2622 2546//2592
f 2642//2701 2640//2702 2641//2703
f 2642//2701 2641//2703 2643//2704
f 2644//2705 2642//2701 2643//2704
f 2644//2705 2643//2704 2658//2706
f 2653//2707 2648//2708 2645//2709
f 2653//2707 2645//2709 2649//2710
f 2650//2711 2649//2710 2660//2712
f 2650//2711 2660//2712 2661//2713
f 2660//2712 2658//2706 2662//2714
f 2660//2712 2662//2714 2661//2713
f 2662//2714 2658//2706 2643//2704
f 2662//2714 2643//2704 2674//2715
f 2659//2716 2644//2705 2658//2706
f 2659//2716 2658//2706 2660//2712
f 2659//2716 2660//2712 2649//2710
f 2659//2716 2649//2710 2645//2709
f 2663//2717 2650//2711 2661//2713
f 2663//2717 2661//2713 2666//2718
f 2651//2719 2663//2717 2666//2718
f 2651//2719 2666//2718 2664//2720
f 2652//2721 2664//2720 2666//2718
f 2652//2721 2666//2718 2665//2722
f 2665//2722 2666//2718 2661//2713
f 2665//2722 2661//2713 2662//2714
f 2649//2710 2650//2711 2668//2723
f 2649//2710 2668//2723 2653//2707
f 2667//2724 2668//2723 2650//2711
f 2667//2724 2650//2711 2663//2717
f 2651//2719 2669//2725 2667//2724
f 2651//2719 2667//2724 2663//2717
f 2718//2726 2668//2723 2667//2724
f 2718//2726 2667//2724 2710//2727
f 2667//2724 2669//2725 2707//2728
f 2667//2724 2707//2728 2710//2727
f 2669//2725 2651//2719 2697//2729
f 2669//2725 2697//2729 2716//2730
f 2671//2731 2655//2732 2654//2733
f 2671//2731 2654//2733 2670//2734
f 2671//2731 2670//2734 2646//2735
f 2671//2731 2646//2735 2656//2736
f 2655//2732 2671//2731 2672//2737
f 2655//2732 2672//2737 2687//2738
f 2672//2737 2671//2731 2656//2736
f 2672//2737 2656//2736 2673//2739
f 2654//2733 2655//2732 2641//2703
f 2654//2733 2641//2703 2640//2702
f 2676//2740 2677//2741 2675//2742
f 2676//2740 2675//2742 2674//2715
f 2677//2741 2657//2743 2678//2744
f 2677//2741 2678//2744 2675//2742
f 2678//2744 2657//2743 2681//2745
f 2678//2744 2681//2745 2679//2746
f 2675//2742 2678//2744 2652//2721
f 2675//2742 2652//2721 2665//2722
f 2675//2742 2665//2722 2662//2714
f 2675//2742 2662//2714 2674//2715
f 2695//2747 2652//2721 2678//2744
f 2695//2747 2678//2744 2679//2746
f 2682//2748 2680//2749 2719//2750
f 2682//2748 2719//2750 2699//2751
f 2680//2749 2682//2748 2679//2746
f 2680//2749 2679//2746 2681//2745
f 2681//2745 2657//2743 2683//2752
f 2681//2745 2683//2752 2688//2753
f 2687//2738 2672//2737 2686//2754
f 2687//2738 2686//2754 2685//2755
f 2686//2754 2672//2737 2673//2739
f 2686//2754 2673//2739 2709//2756
f 2684//2757 2686//2754 2709//2756
f 2684//2757 2709//2756 2708//2758
f 2685//2755 2686//2754 2684//2757
f 2685//2755 2684//2757 2683//2752
f 2685//2755 2683//2752 2657//2743
f 2685//2755 2657//2743 2677//2741
f 2687//2738 2685//2755 2677//2741
f 2687//2738 2677//2741 2676//2740
f 2684//2757 2708//2758 2711//2759
f 2684//2757 2711//2759 2713//2760
f 2683//2752 2684//2757 2713//2760
f 2683//2752 2713//2760 2688//2753
f 2680//2749 2681//2745 2688//2753
f 2680//2749 2688//2753 2714//2761
f 2676//2740 2641//2703 2655//2732
f 2676//2740 2655//2732 2687//2738
f 2676//2740 2674//2715 2643//2704
f 2676//2740 2643//2704 2641//2703
f 2690//2762 2689//2763 2704//2764
f 2690//2762 2704//2764 2691//2765
f 2692//2766 2690//2762 2691//2765
f 2692//2766 2691//2765 2694//2767
f 2694//2767 2691//2765 2697//2729
f 2694//2767 2697//2729 2696//2768
f 2698//2769 2692//2766 2694//2767
f 2698//2769 2694//2767 2693//2770
f 2693//2770 2694//2767 2696//2768
f 2693//2770 2696//2768 2695//2747
f 2695//2747 2696//2768 2664//2720
f 2695//2747 2664//2720 2652//2721
f 2651//2719 2664//2720 2696//2768
f 2651//2719 2696//2768 2697//2729
f 2704//2764 2716//2730 2697//2729
f 2704//2764 2697//2729 2691//2765
f 2682//2748 2699//2751 2698//2769
f 2682//2748 2698//2769 2693//2770
f 2679//2746 2682//2748 2693//2770
f 2679//2746 2693//2770 2695//2747
f 2700//2771 2702//2772 2715//2773
f 2700//2771 2715//2773 2712//2774
f 2702//2772 2701//2775 2714//2761
f 2702//2772 2714//2761 2715//2773
f 2703//2776 2700//2771 2712//2774
f 2703//2776 2712//2774 2705//2777
f 2703//2776 2705//2777 2704//2764
f 2703//2776 2704//2764 2689//2763
f 2704//2764 2705//2777 2706//2778
f 2704//2764 2706//2778 2716//2730
f 2707//2728 2669//2725 2716//2730
f 2707//2728 2716//2730 2706//2778
f 2708//2758 2707//2728 2706//2778
f 2708//2758 2706//2778 2711//2759
f 2708//2758 2709//2756 2710//2727
f 2708//2758 2710//2727 2707//2728
f 2709//2756 2673//2739 2718//2726
f 2709//2756 2718//2726 2710//2727
f 2713//2760 2711//2759 2712//2774
f 2713//2760 2712//2774 2715//2773
f 2706//2778 2705//2777 2712//2774
f 2706//2778 2712//2774 2711//2759
f 2688//2753 2713//2760 2715//2773
f 2688//2753 2715//2773 2714//2761
f 2717//2779 2656//2736 2646//2735
f 2717//2779 2646//2735 2647//2780
f 2673//2739 2656//2736 2717//2779
f 2673//2739 2717//2779 2718//2726
f 2718//2726 2717//2779 2653//2707
f 2718//2726 2653//2707 2668//2723
f 2653//2707 2717//2779 2647//2780
f 2653//2707 2647//2780 2648//2708
f 2714//2761 2701//2775 2719//2750
f 2714//2761 2719//2750 2680//2749
f 2721//2781 2722//2782 2723//2783
f 2721//2781 2723//2783 2720//2784
f 2721//2781 2720//2784 2724//2785
f 2721//2781 2724//2785 2725//2786
f 2725//2786 2724//2785 2727//2787
f 2725//2786 2727//2787 2726//2788
f 2728//2789 2726//2788 2727//2787
f 2728//2789 2727//2787 2729//2790
f 2728//2789 2729//2790 2731//2791
f 2728//2789 2731//2791 2730//2792
f 2721//2781 2725//2786 2730//2792
f 2721//2781 2730//2792 2722//2782
f 2728//2789 2730//2792 2725//2786
f 2728//2789 2725//2786 2726//2788
f 2730//2792 2731//2791 2723//2783
f 2730//2792 2723//2783 2722//2782
f 2731//2791 2732//2793 2735//2794
f 2731//2791 2735//2794 2723//2783
f 2732//2793 2731//2791 2729//2790
f 2732//2793 2729//2790 2742//2795
f 2733//2796 2732//2793 2742//2795
f 2733//2796 2742//2795 2743//2797
f 2732//2793 2733//2796 2734//2798
f 2732//2793 2734//2798 2735//2794
f 2736//2799 2737//2800 2749//2801
f 2736//2799 2749//2801 2748//2802
f 2737//2800 2736//2799 2739//2803
f 2737//2800 2739//2803 2738//2804
f 2734//2798 2733//2796 2737//2800
f 2734//2798 2737//2800 2738//2804
f 2737//2800 2733//2796 2743//2797
f 2737//2800 2743//2797 2749//2801
f 2740//2805 2720//2784 2723//2783
f 2740//2805 2723//2783 2735//2794
f 2740//2805 2735//2794 2734//2798
f 2740//2805 2734//2798 2741//2806
f 2745//2807 2744//2808 2743//2797
f 2745//2807 2743//2797 2742//2795
f 2745//2807 2742//2795 2729//2790
f 2745//2807 2729//2790 2727//2787
f 2746//2809 2747//2810 2752//2811
f 2746//2809 2752//2811 2753//2812
f 2747//2810 2744//2808 2750//2813
f 2747//2810 2750//2813 2752//2811
f 2745//2807 2727//2787 2724//2785
f 2745//2807 2724//2785 2751//2814
f 2744//2808 2745//2807 2751//2814
f 2744//2808 2751//2814 2750//2813
f 2748//2802 2749//2801 2747//2810
f 2748//2802 2747//2810 2746//2809
f 2749//2801 2743//2797 2744//2808
f 2749//2801 2744//2808 2747//2810
f 2750//2813 2751//2814 2740//2805
f 2750//2813 2740//2805 2741//2806
f 2751//2814 2724//2785 2720//2784
f 2751//2814 2720//2784 2740//2805
f 2752//2811 2750//2813 2741//2806
f 2752//2811 2741//2806 2766//2815
f 2753//2812 2752//2811 2766//2815
f 2753//2812 2766//2815 2754//2816
f 2753//2812 2754//2816 2755//2817
f 2753//2812 2755//2817 2761//2818
f 2771//2819 2756//2820 2759//2821
f 2771//2819 2759//2821 2770//2822
f 2772//2823 2757//2824 2756//2820
f 2772//2823 2756//2820 2771//2819
f 2758//2825 2755//2817 2754//2816
f 2758//2825 2754//2816 2739//2803
f 2758//2825 2739//2803 2736//2799
f 2758//2825 2736//2799 2765//2826
f 2760//2827 2757//2824 2772//2823
f 2760//2827 2772//2823 2773//2828
f 2746//2809 2753//2812 2761//2818
f 2746//2809 2761//2818 2764//2829
f 2770//2822 2759//2821 2763//2830
f 2770//2822 2763//2830 2769//2831
f 2762//2832 2760//2827 2773//2828
f 2762//2832 2773//2828 2768//2833
f 2765//2826 2736//2799 2748//2802
f 2765//2826 2748//2802 2767//2834
f 2739//2803 2754//2816 2766//2815
f 2739//2803 2766//2815 2738//2804
f 2766//2815 2741//2806 2734//2798
f 2766//2815 2734//2798 2738//2804
f 2763//2830 2762//2832 2768//2833
f 2763//2830 2768//2833 2769//2831
f 2767//2834 2748//2802 2746//2809
f 2767//2834 2746//2809 2764//2829
f 2769//2831 2768//2833 2767//2834
f 2769//2831 2767//2834 2764//2829
f 2761//2818 2770//2822 2769//2831
f 2761//2818 2769//2831 2764//2829
f 2755//2817 2771//2819 2770//2822
f 2755//2817 2770//2822 2761//2818
f 2758//2825 2772//2823 2771//2819
f 2758//2825 2771//2819 2755//2817
f 2773//2828 2772//2823 2758//2825
f 2773//2828 2758//2825 2765//2826
f 2768//2833 2773//2828 2765//2826
f 2768//2833 2765//2826 2767//2834
f 2775//2835 2774//2836 2776//2837
f 2775//2835 2776//2837 2777//2838
f 2775//2835 2777//2838 2778//2839
f 2775//2835 2778//2839 2779//2840
f 2777//2838 2776//2837 2808//2841
f 2777//2838 2808//2841 2807//2842
f 2777//2838 2807//2842 2806//2843
f 2777//2838 2806//2843 2778//2839
f 2781//2844 2780//2845 2813//2846
f 2781//2844 2813//2846 2814//2847
f 2780//2845 2783//2848 2795//2849
f 2780//2845 2795//2849 2813//2846
f 2783//2848 2780//2845 2779//2840
f 2783//2848 2779//2840 2786//2850
f 2783//2848 2784//2851 2794//2852
f 2783//2848 2794//2852 2795//2849
f 2784//2851 2785//2853 2792//2854
f 2784//2851 2792//2854 2794//2852
f 2786//2850 2787//2855 2784//2851
f 2786//2850 2784//2851 2783//2848
f 2787//2855 2788//2856 2785//2853
f 2787//2855 2785//2853 2784//2851
f 2788//2856 2787//2855 2789//2857
f 2788//2856 2789//2857 2790//2858
f 2787//2855 2786//2850 2804//2859
f 2787//2855 2804//2859 2789//2857
f 2788//2856 2791//2860 2796//2861
f 2788//2856 2796//2861 2785//2853
f 2792//2854 2785//2853 2796//2861
f 2792//2854 2796//2861 2793//2862
f 2796//2861 2797//2863 2816//2864
f 2796//2861 2816//2864 2793//2862
f 2796//2861 2791//2860 2798//2865
f 2796//2861 2798//2865 2797//2863
f 2788//2856 2790//2858 2799//2866
f 2788//2856 2799//2866 2791//2860
f 2790//2858 2801//2867 2800//2868
f 2790//2858 2800//2868 2799//2866
f 2802//2869 2805//2870 2810//2871
f 2802//2869 2810//2871 2821//2872
f 2820//2873 2801//2867 2802//2869
f 2820//2873 2802//2869 2821//2872
f 2789//2857 2802//2869 2801//2867
f 2789//2857 2801//2867 2790//2858
f 2789//2857 2804//2859 2805//2870
f 2789//2857 2805//2870 2802//2869
f 2791//2860 2799//2866 2803//2874
f 2791//2860 2803//2874 2798//2865
f 2803//2874 2799//2866 2800//2868
f 2803//2874 2800//2868 2819//2875
f 2786//2850 2779//2840 2778//2839
f 2786//2850 2778//2839 2804//2859
f 2782//2876 2774//2836 2775//2835
f 2782//2876 2775//2835 2781//2844
f 2775//2835 2779//2840 2780//2845
f 2775//2835 2780//2845 2781//2844
f 2804//2859 2778//2839 2806//2843
f 2804//2859 2806//2843 2805//2870
f 2811//2877 2807//2842 2808//2841
f 2811//2877 2808//2841 2812//2878
f 2809//2879 2810//2871 2805//2870
f 2809//2879 2805//2870 2806//2843
f 2811//2877 2809//2879 2806//2843
f 2811//2877 2806//2843 2807//2842
f 2781//2844 2814//2847 2815//2880
f 2781//2844 2815//2880 2782//2876
f 2814//2847 2813//2846 2809//2879
f 2814//2847 2809//2879 2811//2877
f 2814//2847 2811//2877 2812//2878
f 2814//2847 2812//2878 2815//2880
f 2795//2849 2810//2871 2809//2879
f 2795//2849 2809//2879 2813//2846
f 2793//2862 2816//2864 2817//2881
f 2793//2862 2817//2881 2818//2882
f 2819//2875 2800//2868 2818//2882
f 2819//2875 2818//2882 2817//2881
f 2797//2863 2819//2875 2817//2881
f 2797//2863 2817//2881 2816//2864
f 2792//2854 2793//2862 2818//2882
f 2792//2854 2818//2882 2820//2873
f 2820//2873 2818//2882 2800//2868
f 2820//2873 2800//2868 2801//2867
f 2794//2852 2792//2854 2820//2873
f 2794//2852 2820//2873 2821//2872
f 2794//2852 2821//2872 2810//2871
f 2794//2852 2810//2871 2795//2849
f 2797//2863 2798//2865 2803//2874
f 2797//2863 2803//2874 2819//2875
f 2258//2484 2865//1353 2866//1356
f 2251//2479 2863//1375 2862//1396
f 2192//2456 2857//1384 2858//1399
f 2192//2456 2858//1399 2856//1389
f 2401//2478 2252//2387 2868//1373 2851//1395
f 2417//2457 2189//2455 2849//1393 2848//1383
f 2189//2455 2847//1398 2849//1393
f 2255//2481 2840//1372 2841//1371
f 2255//2481 2839//1358 2842//1370 2256//2247
f 2247//2408 2838//1369 2850//1368 2406//2483
f 2406//2483 2850//1368 2835//1392
f 2258//2484 2406//2483 2835//1392 2864//1354
f 2422//2467 2201//2465 2869//1391 2833//1376
f 2401//2478 2851//1395 2832//1374
f 2251//2479 2401//2478 2832//1374 2863//1375
f 2192//2456 2195//2218 2829//1385 2857//1384
f 2255//2481 2253//2480 2828//1359 2840//1372
f 2253//2480 2251//2479 2862//1396 2827//1357
f 2253//2480 2827//1357 2828//1359
f 2194//2217 2203//2222 2830//1400 2824//1387
f 2194//2217 2824//1387 2823//1394
f 2194//2217 2823//1394 2822//1386
f 2194//2217 2822//1386 2829//1385 2195//2218
f 21//31 843//25 23//28
f 764//1230 755//1208 667//1068
f 1414//1489 1426//1488 1352//1427
f 2083//2069 1732//1938 1923//1931
f 1619//2182 1624//2187 1616//1653
f 1953//2004 2052//2005 2029//2123
f 1695//2008 1499//1590 1680//2107
f 2365//2267 2350//2286 2332//2368
f 2516//2559 2515//2558 2519//2574
f 2619//2680 2614//2646 2630//2692
f 2638//2699 2639//2700 2633//2693
f 2702//2772 2700//2771 2690//2762
f 2670//2734 2654//2733 2659//2716
f 2756//2820 2757//2824 2760//2827
f 2479//2551 2443//2507 2428//2506
f 2782//2876 2815//2880 2808//2841
f 23//28 33//38 691//1292
f 33//38 708//1155 693//1275
f 708//1155 756//1290 693//1275
f 756//1290 1135//1291 693//1275
f 693//1275 1135//1291 803//1276
f 1135//1291 31//1158 803//1276
f 31//1158 32//1157 803//1276
f 32//1157 515//1287 803//1276
f 515//1287 1149//1285 818//1238
f 803//1276 515//1287 818//1238
f 1149//1285 62//1283 818//1238
f 62//1283 1148//1282 804//1239
f 804//1239 1148//1282 682//1277
f 1148//1282 61//1279 682//1277
f 804//1239 818//1238 62//1283
f 818//1295 820//1294 803//1293
f 693//1275 691//1292 33//38
f 691//1292 766//1104 22//32
f 21//31 691//1292 22//32
f 691//1292 21//31 23//28
f 186//1204 1164//1207 685//1205
f 1164//1207 185//1206 647//1043
f 755//1208 754//1072 670//1070
f 1164//1207 647//1043 685//1205
f 185//1206 755//1208 647//1043
f 189//195 190//194 765//1231
f 190//194 647//1043 764//1230
f 764//1230 765//1231 190//194
f 655//1053 656//1054 651//1048
f 656//1054 802//1057 646//1049
f 651//1048 656//1054 646//1049
f 802//1057 764//1230 667//1068
f 764//1230 647//1043 755//1208
f 755//1208 670//1070 667//1068
f 667//1068 668//1067 802//1057
f 668//1067 639//1078 802//1057
f 639//1078 638//1047 802//1057
f 638//1047 645//1046 802//1057
f 645//1046 646//1049 802//1057
f 1380//1431 1384//1506 1430//1499
f 1384//1506 1382//1504 1428//1525
f 1382//1504 1383//1503 1467//1502
f 1467//1528 1468//1527 1429//1529
f 1467//1502 1429//1526 1428//1525
f 1384//1506 1428//1525 1430//1499
f 1382//1504 1467//1502 1428//1525
f 1407//1430 1377//1429 1380//1428
f 1379//1458 1406//1457 1407//1456
f 1390//1451 1399//1452 1400//1451
f 1400//1443 1379//1442 1407//2883
f 1400//1443 1407//2883 1435//1513
f 1407//2883 1380//1431 1435//1513
f 1435//1513 1380//1431 1447//1510
f 1392//1446 1390//1447 1400//1443
f 1352//1427 1393//1448 1436//1516
f 1393//1448 1392//1446 1436//1516
f 1436//1516 1392//1446 1437//1519
f 1357//1423 1375//1424 1426//1488
f 1375//1424 1352//1427 1426//1488
f 1357//1423 1426//1488 1417//1483
f 1358//1419 1357//1423 1417//1483
f 1358//1419 1417//1483 1441//1486
f 1392//1446 1400//1443 1437//1519
f 1430//1497 1431//1496 1432//1495
f 1380//1431 1430//1499 1447//1510
f 1447//1510 1430//1499 1432//1498
f 1362//1406 1359//1450 1395//1420
f 1395//1420 1358//1419 1362//1406
f 1362//1406 1358//1419 1441//1486
f 1404//1404 1403//1403 1362//1406
f 1372//1454 1366//1455 1404//1454
f 1368//1466 1367//1471 1419//1524
f 1367//1471 1372//1453 1420//1461
f 1370//1479 1369//1482 1449//2884
f 1369//1469 1368//1468 1449//2885
f 1449//1479 1448//1480 1370//1479
f 1419//1524 1422//1523 1449//1464
f 1418//1462 1416//1463 1420//1462
f 1420//1461 1419//1524 1367//1471
f 1419//1524 1449//1464 1368//1466
f 1372//1453 1404//1404 1425//1475
f 1404//1404 1362//1406 1441//1486
f 1445//1478 1418//1459 1420//1461
f 1404//1404 1441//1486 1425//1475
f 1400//1443 1435//1513 1443//1512
f 1420//1461 1372//1453 1445//1478
f 1425//1475 1445//1478 1372//1453
f 1400//1443 1443//1512 1437//1519
f 1436//1516 1414//1489 1352//1427
f 1571//1538 1574//1536 1569//1557
f 1569//1557 1667//1558 1668//1939
f 1668//1939 2038//1944 1470//1920
f 2038//1944 1669//1941 1470//1920
f 1669//1941 1670//1926 1469//1921
f 1470//1920 1669//1941 1469//1921
f 1571//1538 1569//1557 1586//1608
f 1569//1557 1668//1939 1586//1608
f 1586//1608 1585//1539 1571//1538
f 1472//1560 1473//1559 2077//2063
f 1473//1559 1586//1608 2077//2063
f 2077//2063 2070//1672 1472//1560
f 1586//1608 1668//1939 2077//2063
f 1470//1920 2077//2063 1668//1939
f 1670//1926 1924//1925 1469//1921
f 1924//1925 2032//1928 1732//1938
f 2032//1928 1923//1931 1732//1938
f 1923//1931 1922//2156 2125//2152
f 1922//2156 2126//2154 2125//2152
f 2125//2152 2124//2151 1923//1931
f 2124//2151 1817//2174 1832//1730
f 1817//2174 1831//2175 1832//1730
f 1832//1730 1735//1704 1923//1931
f 2124//2151 1832//1730 1923//1931
f 1735//1704 1734//1707 2083//2069
f 1734//1707 2076//1783 2083//2069
f 1469//1921 1924//1925 1732//1938
f 1735//1704 2083//2069 1923//1931
f 1704//1656 1625//1579 1723//2192
f 1625//1579 1632//1578 1721//2193
f 1632//1578 1628//1645 1626//2191
f 1628//1645 1662//1649 1671//2188
f 1626//2191 1628//1645 1671//2188
f 1662//1649 1627//1651 1671//2188
f 1627//1651 1616//1653 1624//2187
f 1671//2188 1627//1651 1624//2187
f 1616//1653 1614//1612 1619//2182
f 1614//1612 1613//1611 1620//2185
f 1618//2183 1614//1612 1620//2185
f 1613//1611 1559//1615 1621//2186
f 1559//1615 1557//1964 1621//2186
f 1557//1964 1684//1621 1622//2189
f 1684//1621 1556//1620 1703//2190
f 1556//1620 1558//1963 1623//1604
f 1558//1963 1701//1601 1623//1604
f 1623//1604 1703//2190 1556//1620
f 1723//2192 1722//1657 1704//1656
f 1721//2193 1723//2192 1625//1579
f 1684//1621 1703//2190 1622//2189
f 1626//2191 1721//2193 1632//1578
f 1557//1964 1622//2189 1621//2186
f 1613//1611 1621//2186 1620//2185
f 1614//1612 1618//2183 1619//2182
f 2054//1998 1905//1996 2053//2006
f 1905//1996 2037//1936 2014//1935
f 2053//2006 1905//1996 2014//1935
f 2014//1935 1906//1866 1588//1828
f 1906//1866 1907//1717 1588//1828
f 1907//1717 1908//1716 1909//1781
f 2053//2006 2014//1935 1588//1828
f 1907//1717 1909//1781 1588//1828
f 1588//1828 2004//1823 1980//1898
f 2004//1823 1901//1822 1980//1898
f 2053//2006 1588//1828 1981//1909
f 1901//1822 1900//1807 1980//1898
f 1980//1898 1979//1896 1588//1828
f 1979//1896 1978//1897 1981//1909
f 1979//1896 1981//1909 1588//1828
f 2053//2006 1981//1909 2024//1910
f 2052//2005 2053//2006 1938//2103
f 2024//1910 2022//2138 1938//2103
f 2030//2102 2031//2062 1755//1917
f 2024//1910 1938//2103 2053//2006
f 1938//2103 2030//2102 2052//2005
f 2030//2102 1755//1917 2052//2005
f 2029//2123 1756//2122 2025//1912
f 1756//2122 1952//1913 2025//1912
f 1755//1917 2029//2123 2052//2005
f 2025//1912 1953//2004 2029//2123
f 1682//2114 1683//2118 1661//2013
f 1661//2013 1500//2012 1682//2114
f 1500//2012 1695//2008 1681//2108
f 1682//2114 1500//2012 1681//2108
f 1695//2008 2043//2007 2047//2098
f 2043//2007 2042//2086 2047//2098
f 2047//2098 1694//2097 1499//1590
f 1680//2107 1681//2108 1695//2008
f 1499//1590 1496//1589 1680//2107
f 1695//2008 2047//2098 1499//1590
f 2228//2237 2241//2240 2242//2248
f 2241//2240 2263//2243 2242//2248
f 2242//2248 2235//2403 2312//2264
f 2235//2403 2294//2391 2312//2264
f 2249//2441 2229//2438 2228//2237
f 2295//2252 2265//2251 2330//2366
f 2265//2251 2249//2441 2312//2264
f 2366//2268 2313//2258 2337//2365
f 2313//2258 2295//2252 2330//2366
f 2351//2294 2282//2293 2366//2268
f 2337//2365 2351//2294 2366//2268
f 2313//2258 2330//2366 2337//2365
f 2265//2251 2312//2264 2329//2367
f 2249//2441 2228//2237 2242//2248
f 2294//2391 2311//2265 2312//2264
f 2265//2251 2329//2367 2330//2366
f 2249//2441 2242//2248 2312//2264
f 2365//2267 2277//2283 2350//2286
f 2312//2264 2365//2267 2332//2368
f 2329//2367 2312//2264 2332//2368
f 2514//2561 2513//2564 2512//2567
f 2512//2567 2519//2574 2514//2561
f 2519//2574 2518//2576 2516//2559
f 2514//2561 2519//2574 2515//2558
f 2518//2576 2517//2571 2516//2559
f 2611//2645 2609//2674 2607//2673
f 2608//2675 2630//2692 2614//2646
f 2630//2692 2620//2685 2619//2680
f 2611//2645 2607//2673 2614//2646
f 2607//2673 2608//2675 2614//2646
f 2632//2694 2633//2693 2639//2700
f 2633//2693 2634//2695 2638//2699
f 2634//2695 2635//2696 2638//2699
f 2635//2696 2636//2697 2637//2698
f 2638//2699 2635//2696 2637//2698
f 2690//2762 2692//2766 2702//2772
f 2692//2766 2698//2769 2702//2772
f 2698//2769 2699//2751 2719//2750
f 2719//2750 2701//2775 2698//2769
f 2701//2775 2702//2772 2698//2769
f 2700//2771 2703//2776 2690//2762
f 2703//2776 2689//2763 2690//2762
f 2642//2701 2644//2705 2640//2702
f 2644//2705 2659//2716 2654//2733
f 2640//2702 2644//2705 2654//2733
f 2645//2709 2648//2708 2647//2780
f 2659//2716 2645//2709 2670//2734
f 2645//2709 2647//2780 2646//2735
f 2646//2735 2670//2734 2645//2709
f 2760//2827 2762//2832 2763//2830
f 2763//2830 2759//2821 2760//2827
f 2759//2821 2756//2820 2760//2827
f 2428//2506 2427//2490 2454//2496
f 2427//2490 2449//2488 2454//2496
f 2449//2488 2424//2487 2453//2497
f 2453//2497 2454//2496 2449//2488
f 2454//2496 2479//2551 2428//2506
f 2815//2880 2812//2878 2808//2841
f 2808//2841 2776//2837 2774//2836
f 2774//2836 2782//2876 2808//2841
l 1411 1412
l 1412 1413
l 693 821
l 1409 1410
l 1410 1411
