# Blender 5.2.1 LTS
# www.blender.org
o DocPart3_face_skin
v 0.000224 -0.087611 1.739708
v 0.000221 -0.108534 1.654517
v 0.000222 -0.106045 1.659821
v 0.000217 -0.097445 1.674137
v 0.000225 -0.094653 1.700188
v 0.000216 -0.093233 1.683329
v 0.000226 -0.093650 1.687124
v 0.000219 -0.094754 1.694689
v 0.000229 -0.093063 1.711352
v 0.000227 -0.091862 1.720334
v 0.000223 -0.103304 1.665440
v 0.005723 -0.087481 1.739547
v 0.077328 -0.000883 1.675122
v 0.074956 -0.012172 1.672819
v 0.073535 -0.019503 1.694046
v 0.073326 -0.004005 1.636533
v 0.059448 -0.048564 1.624250
v 0.068519 -0.025186 1.629415
v 0.071344 -0.014170 1.632682
v 0.053745 -0.059705 1.623110
v 0.044099 -0.073649 1.625289
v 0.027493 -0.085055 1.639213
v 0.025726 -0.084731 1.633891
v 0.017347 -0.089479 1.642285
v 0.019602 -0.086450 1.636462
v 0.018258 -0.088642 1.645538
v 0.022591 -0.086045 1.641032
v 0.019684 -0.087955 1.649646
v 0.010793 -0.099516 1.657497
v 0.008899 -0.102097 1.658507
v 0.010265 -0.102153 1.652395
v 0.008494 -0.104663 1.653352
v 0.053634 -0.068611 1.667189
v 0.057225 -0.063009 1.674007
v 0.046650 -0.074977 1.663231
v 0.030057 -0.080596 1.663120
v 0.053774 -0.076636 1.692410
v 0.058017 -0.070311 1.690733
v 0.036256 -0.089963 1.697082
v 0.008812 -0.092920 1.672798
v 0.011466 -0.089359 1.671582
v 0.063263 -0.057440 1.686711
v 0.060916 -0.063745 1.688425
v 0.029775 -0.092047 1.696071
v 0.043945 -0.076434 1.668938
v 0.049164 -0.071982 1.672133
v 0.034361 -0.089118 1.691779
v 0.028942 -0.090667 1.691202
v 0.051142 -0.077962 1.688383
v 0.055662 -0.073177 1.686692
v 0.058659 -0.067493 1.685342
v 0.032676 -0.085178 1.687446
v 0.050946 -0.074613 1.683112
v 0.047035 -0.077879 1.684604
v 0.054128 -0.071056 1.681959
v 0.050719 -0.071971 1.681145
v 0.048027 -0.074405 1.682374
v 0.044445 -0.076932 1.683394
v 0.032034 -0.082352 1.685650
v 0.045423 -0.075103 1.679026
v 0.047079 -0.071691 1.677182
v 0.043107 -0.078498 1.680889
v 0.032883 -0.082300 1.682982
v 0.028666 -0.082150 1.682581
v 0.028598 -0.086018 1.687140
v 0.028323 -0.082454 1.685607
v 0.021005 -0.080466 1.678276
v 0.019469 -0.086518 1.685933
v 0.021379 -0.081775 1.683281
v 0.018229 -0.091800 1.690673
v 0.013679 -0.084694 1.681718
v 0.017085 -0.081154 1.681139
v 0.014490 -0.085983 1.683810
v 0.009800 -0.089227 1.682972
v 0.028515 -0.080391 1.668103
v 0.052845 -0.067739 1.675991
v 0.025221 -0.079931 1.668552
v 0.057025 -0.067044 1.680613
v 0.016455 -0.091053 1.652066
v 0.015619 -0.092485 1.647882
v 0.021932 -0.083539 1.660804
v 0.026788 -0.080870 1.663746
v 0.005860 -0.094220 1.700671
v 0.056616 -0.059365 1.738070
v 0.007141 -0.091155 1.683210
v 0.049522 -0.070191 1.676723
v 0.047347 -0.072997 1.674384
v 0.042442 -0.077257 1.671405
v 0.027674 -0.080603 1.670993
v 0.024477 -0.079988 1.671284
v 0.020230 -0.079148 1.669672
v 0.019720 -0.078534 1.675128
v 0.017263 -0.078823 1.675512
v 0.013881 -0.082473 1.674098
v 0.053050 -0.069578 1.679807
v 0.061212 -0.062544 1.683456
v 0.021402 -0.081087 1.665301
v 0.018109 -0.081111 1.667616
v 0.018417 -0.084554 1.663483
v 0.040934 -0.077329 1.674689
v 0.045401 -0.073982 1.676932
v 0.032666 -0.077879 1.682176
v 0.043237 -0.073323 1.678741
v 0.047017 -0.071053 1.677295
v 0.040720 -0.075292 1.680653
v 0.022222 -0.077488 1.677043
v 0.029214 -0.078324 1.681594
v 0.027398 -0.079554 1.674681
v 0.020131 -0.076659 1.676861
v 0.018104 -0.077954 1.675192
v 0.051516 -0.065403 1.738620
v 0.048708 -0.081833 1.695646
v 0.046038 -0.082421 1.690645
v 0.042394 -0.081125 1.686108
v 0.040583 -0.079390 1.684544
v 0.040032 -0.079933 1.682017
v 0.038214 -0.075357 1.682121
v 0.033826 -0.080269 1.673933
v 0.035358 -0.080490 1.670277
v 0.036480 -0.079669 1.667468
v 0.038250 -0.078917 1.662498
v 0.037924 -0.080642 1.635360
v 0.036642 -0.080259 1.629932
v 0.009984 -0.091467 1.687243
v 0.006549 -0.092580 1.687692
v 0.018012 -0.093186 1.695346
v 0.005922 -0.094134 1.693332
v 0.039416 -0.079727 1.655879
v 0.048763 -0.074251 1.655653
v 0.075538 -0.009822 1.663164
v 0.062350 -0.055229 1.672765
v 0.030888 -0.081723 1.657698
v 0.027334 -0.082299 1.658786
v 0.067265 -0.038226 1.704330
v 0.063431 -0.051044 1.708421
v 0.060081 -0.061579 1.709626
v 0.055765 -0.069926 1.710406
v 0.049799 -0.076516 1.710986
v 0.037566 -0.085605 1.710365
v 0.031175 -0.088509 1.709873
v 0.005072 -0.093229 1.709404
v 0.005386 -0.091790 1.719909
v 0.033164 -0.085086 1.719592
v 0.038871 -0.081573 1.720219
v 0.049978 -0.072852 1.720389
v 0.055753 -0.066462 1.720255
v 0.060736 -0.057747 1.720258
v 0.064824 -0.047298 1.719541
v 0.073251 -0.022992 1.706213
v 0.009008 -0.099087 1.663743
v 0.011025 -0.096510 1.662468
v 0.017589 -0.089290 1.656555
v 0.021020 -0.086868 1.653797
v 0.026084 -0.084935 1.651050
v 0.030067 -0.083967 1.649465
v 0.039476 -0.080541 1.646584
v 0.049428 -0.073203 1.644248
v 0.058330 -0.060537 1.643287
v 0.070107 -0.029512 1.647869
v 0.072866 -0.018260 1.650868
v 0.074989 -0.007867 1.653844
v 0.038691 -0.074915 1.676328
v 0.033514 -0.077218 1.675481
v 0.043038 -0.072292 1.678131
v 0.032117 -0.075569 1.683838
v 0.037365 -0.073851 1.683545
v 0.042075 -0.071753 1.679091
v 0.045350 -0.071624 1.678218
v 0.040206 -0.072524 1.681917
v 0.023256 -0.074749 1.677687
v 0.028778 -0.075670 1.683046
v 0.027624 -0.077168 1.675956
v 0.021580 -0.073870 1.677129
v 0.037481 -0.069377 1.676092
v 0.032389 -0.072783 1.675433
v 0.040199 -0.068458 1.678563
v 0.032464 -0.070486 1.681740
v 0.036732 -0.069996 1.682286
v 0.040813 -0.068748 1.678631
v 0.042449 -0.069804 1.678801
v 0.039315 -0.068979 1.681504
v 0.023356 -0.072365 1.677656
v 0.028999 -0.071081 1.681507
v 0.026460 -0.072868 1.676321
v 0.023056 -0.069664 1.677360
v 0.038220 -0.063477 1.676520
v 0.031962 -0.065588 1.675542
v 0.040979 -0.062761 1.677815
v 0.032422 -0.064642 1.680104
v 0.037797 -0.062738 1.680761
v 0.040841 -0.063769 1.679133
v 0.041161 -0.063742 1.678683
v 0.040201 -0.063217 1.680388
v 0.025665 -0.067915 1.678597
v 0.028886 -0.066380 1.679894
v 0.028281 -0.066593 1.675978
v 0.025273 -0.067641 1.676608
v 0.029184 -0.072943 1.675787
v 0.030729 -0.077360 1.675559
v 0.030636 -0.079908 1.674161
v 0.031139 -0.080859 1.670397
v 0.032263 -0.080352 1.667499
v 0.034001 -0.080049 1.662582
v 0.034881 -0.080940 1.656557
v 0.034568 -0.082588 1.647964
v 0.032875 -0.083173 1.637308
v 0.031920 -0.082725 1.631813
v 0.019170 -0.087039 1.639224
v 0.046682 -0.072789 1.630818
v 0.064504 -0.036909 1.626379
v 0.067324 -0.023598 1.619966
v 0.070342 -0.012521 1.623522
v 0.072210 -0.001935 1.627005
v 0.069422 -0.031545 1.691462
v 0.049824 -0.072376 1.681127
v 0.047312 -0.074696 1.682383
v 0.043934 -0.076962 1.683434
v 0.040442 -0.079482 1.684849
v 0.032318 -0.082566 1.686022
v 0.027929 -0.082616 1.686022
v 0.020526 -0.080483 1.682798
v 0.017139 -0.079640 1.680422
v 0.013248 -0.083679 1.679217
v 0.010093 -0.088351 1.679663
v 0.007692 -0.090820 1.680002
v 0.000211 -0.093792 1.680499
v 0.051441 -0.070522 1.679899
v 0.062645 -0.051815 1.644190
v 0.066591 -0.041228 1.645480
v 0.070589 -0.032156 1.657514
v 0.073290 -0.020709 1.660352
v 0.025663 -0.071799 1.679572
v 0.025495 -0.075264 1.680492
v 0.025756 -0.078248 1.680164
v 0.025068 -0.081334 1.681054
v 0.023648 -0.081701 1.684611
v 0.024554 -0.082178 1.684583
v 0.024030 -0.086583 1.686508
v 0.023389 -0.091298 1.690899
v 0.023584 -0.092630 1.695516
v 0.057826 -0.063838 1.659220
v 0.037204 -0.088566 1.702380
v 0.049972 -0.079501 1.702045
v 0.055179 -0.073430 1.700725
v 0.059320 -0.066112 1.700248
v 0.062376 -0.057842 1.698327
v 0.064973 -0.049849 1.693856
v 0.018407 -0.092987 1.700482
v 0.024272 -0.092119 1.701025
v 0.030669 -0.090862 1.701777
v 0.065669 -0.048138 1.674024
v 0.069069 -0.037960 1.677553
v 0.073829 -0.015553 1.682932
v 0.076289 -0.003872 1.684739
v 0.015663 -0.079117 1.675456
v 0.015779 -0.080009 1.678912
v 0.016167 -0.080655 1.680149
v 0.016342 -0.079544 1.677810
v 0.019472 -0.080829 1.680994
v 0.023659 -0.082214 1.683020
v 0.028038 -0.082940 1.684843
v 0.032488 -0.082982 1.685693
v 0.040512 -0.080252 1.685138
v 0.044368 -0.077805 1.684233
v 0.047160 -0.075353 1.681352
v 0.048949 -0.072489 1.678903
v 0.051297 -0.069624 1.677293
v 0.053514 -0.067471 1.677171
v 0.057372 -0.063932 1.677253
v 0.061848 -0.058159 1.678730
v 0.017671 -0.079000 1.671253
v 0.017584 -0.078614 1.672517
v 0.016157 -0.078893 1.675304
v 0.015980 -0.079266 1.676908
v 0.016579 -0.079715 1.679817
v 0.064333 -0.052538 1.680857
v 0.067199 -0.043250 1.685775
v 0.076486 -0.007458 1.695475
v 0.058794 -0.061868 1.651962
v 0.067071 -0.043558 1.655235
v 0.049487 -0.073808 1.650538
v 0.039591 -0.080068 1.651674
v 0.034879 -0.081672 1.652702
v 0.030764 -0.082793 1.653952
v 0.027066 -0.083603 1.655395
v 0.021703 -0.085271 1.657669
v 0.018274 -0.086964 1.660479
v 0.011106 -0.093126 1.667109
v 0.008777 -0.095649 1.668443
v 0.000222 -0.100220 1.670178
v 0.063114 -0.053424 1.653893
v 0.044671 -0.071391 1.678932
v 0.047144 -0.072211 1.677801
v 0.048485 -0.070801 1.675749
v 0.050809 -0.069742 1.674158
v 0.055913 -0.065287 1.670502
v 0.062125 -0.055931 1.664262
v 0.066736 -0.045578 1.665487
v 0.070306 -0.034762 1.667661
v 0.072776 -0.023516 1.670421
v 0.071285 -0.026995 1.680602
v 0.076813 -0.010164 1.706956
v 0.073864 -0.024295 1.717335
v 0.068942 -0.036056 1.717921
v 0.024181 -0.078915 1.675377
v 0.019849 -0.078797 1.671353
v 0.017320 -0.078303 1.674851
v 0.017621 -0.078390 1.674319
v 0.020027 -0.091973 1.708867
v 0.021472 -0.089835 1.718593
v 0.022922 -0.084679 1.738214
v 0.025649 -0.090634 1.709264
v 0.027256 -0.087881 1.719196
v 0.028582 -0.082342 1.738729
v 0.051688 -0.069766 1.678521
v 0.049540 -0.072325 1.680454
v 0.047174 -0.074747 1.682570
v 0.044113 -0.077000 1.684525
v 0.040570 -0.079674 1.685924
v 0.032385 -0.082919 1.686795
v 0.027687 -0.082921 1.686670
v 0.023140 -0.081995 1.684885
v 0.019571 -0.080509 1.682591
v 0.016666 -0.079329 1.679406
v 0.016407 -0.079252 1.678702
v 0.008842 -0.093956 1.693326
v 0.009247 -0.094017 1.700647
v 0.010428 -0.093010 1.709469
v 0.010957 -0.091359 1.720000
v 0.011535 -0.086899 1.739320
v 0.003130 -0.094552 1.699972
v 0.003186 -0.094416 1.693285
v 0.004095 -0.093138 1.687808
v 0.004682 -0.092303 1.683382
v 0.005312 -0.092501 1.680320
v 0.006133 -0.095444 1.673753
v 0.006297 -0.098119 1.669435
v 0.006468 -0.101487 1.664574
v 0.006340 -0.104443 1.659176
v 0.006139 -0.106859 1.654022
v 0.000228 -0.093824 1.705421
v 0.002694 -0.093901 1.704940
v 0.023198 -0.069460 1.676472
v 0.023947 -0.073033 1.676792
v 0.024427 -0.076485 1.676532
v 0.015155 -0.093818 1.644365
v 0.012665 -0.099185 1.645983
v 0.013016 -0.097120 1.650152
v 0.013844 -0.094876 1.654815
v 0.014483 -0.092302 1.659384
v 0.015112 -0.089363 1.663437
v 0.015504 -0.086231 1.666445
v 0.015879 -0.081622 1.670148
v 0.016485 -0.079030 1.673181
v 0.016778 -0.078493 1.674251
v 0.017192 -0.078150 1.674993
v 0.017526 -0.078037 1.675072
v 0.021201 -0.076019 1.675544
v 0.022012 -0.074065 1.676120
v -0.043693 -0.073538 1.625317
v -0.036193 -0.080256 1.629930
v -0.027065 -0.085053 1.639172
v -0.022137 -0.086044 1.641031
v -0.019170 -0.086453 1.636460
v -0.025457 -0.084698 1.633839
v -0.010349 -0.099515 1.657502
v -0.008462 -0.102090 1.658499
v -0.008052 -0.104660 1.653357
v -0.009816 -0.102157 1.652405
v -0.005694 -0.106860 1.654023
v -0.005887 -0.104447 1.659184
v -0.005859 -0.098120 1.669436
v -0.006009 -0.101488 1.664598
v -0.008565 -0.099073 1.663752
v -0.008333 -0.095639 1.668466
v -0.059587 -0.061586 1.709596
v -0.055278 -0.069935 1.710300
v -0.054704 -0.073537 1.700657
v -0.058810 -0.066135 1.700202
v -0.004884 -0.092488 1.680321
v -0.005698 -0.095398 1.673791
v -0.008347 -0.092896 1.672848
v -0.007290 -0.090778 1.679978
v -0.055138 -0.073181 1.686858
v -0.057442 -0.070342 1.690821
v -0.053215 -0.076680 1.692431
v -0.050575 -0.077962 1.688435
v -0.033886 -0.089095 1.691723
v -0.032425 -0.085221 1.687411
v -0.042148 -0.081130 1.686088
v -0.045348 -0.082369 1.690637
v -0.050669 -0.074569 1.683274
v -0.046752 -0.077868 1.684656
v -0.053880 -0.070968 1.682198
v -0.058003 -0.067646 1.685404
v -0.050538 -0.071813 1.681197
v -0.047729 -0.074355 1.682329
v -0.044282 -0.076863 1.683523
v -0.031781 -0.082337 1.685619
v -0.040374 -0.079321 1.684508
v -0.046765 -0.075331 1.681321
v -0.048559 -0.072447 1.678877
v -0.049180 -0.072272 1.680453
v -0.046826 -0.074685 1.682520
v -0.043971 -0.077797 1.684176
v -0.043810 -0.076967 1.684476
v -0.032141 -0.082938 1.686795
v -0.032207 -0.082998 1.685640
v -0.040274 -0.080229 1.685073
v -0.040319 -0.079643 1.685886
v -0.027731 -0.082975 1.684811
v -0.027378 -0.082964 1.686653
v -0.028219 -0.086051 1.687105
v -0.027963 -0.082483 1.685516
v -0.019143 -0.080901 1.680993
v -0.023307 -0.082256 1.683006
v -0.022776 -0.082032 1.684888
v -0.019019 -0.080488 1.682700
v -0.024148 -0.082225 1.684505
v -0.023543 -0.086577 1.686485
v -0.018985 -0.086496 1.685919
v -0.020907 -0.081792 1.683164
v -0.019235 -0.087959 1.649667
v -0.016042 -0.091012 1.652090
v -0.015185 -0.092466 1.647867
v -0.017849 -0.088611 1.645558
v -0.016916 -0.089455 1.642186
v -0.014716 -0.093804 1.644324
v -0.010581 -0.096502 1.662477
v -0.010663 -0.093118 1.667128
v -0.049324 -0.076557 1.710891
v -0.049471 -0.079648 1.702113
v -0.048111 -0.081815 1.695595
v -0.055304 -0.066471 1.720223
v -0.056285 -0.059234 1.738037
v -0.051066 -0.065408 1.738620
v -0.049536 -0.072847 1.720337
v -0.060993 -0.051614 1.737758
v -0.060306 -0.057751 1.720286
v -0.064364 -0.047309 1.719532
v -0.043572 -0.076411 1.668923
v -0.048815 -0.071915 1.672112
v -0.047014 -0.072930 1.674360
v -0.042072 -0.077225 1.671383
v -0.035043 -0.080482 1.670263
v -0.036075 -0.079647 1.667378
v -0.056709 -0.066905 1.680688
v -0.060701 -0.062587 1.683575
v -0.048089 -0.070759 1.675745
v -0.050447 -0.069654 1.674149
v -0.052555 -0.067505 1.675953
v -0.049206 -0.070046 1.676694
v -0.014046 -0.092287 1.659388
v -0.014672 -0.089351 1.663449
v -0.040550 -0.077300 1.674699
v -0.033410 -0.080276 1.673931
v -0.045001 -0.073937 1.676954
v -0.039634 -0.079908 1.681993
v -0.032509 -0.082308 1.682982
v -0.032210 -0.077847 1.682181
v -0.037780 -0.075359 1.682120
v -0.046681 -0.071666 1.677172
v -0.044991 -0.075091 1.679016
v -0.042794 -0.073324 1.678741
v -0.046628 -0.071050 1.677291
v -0.042641 -0.078492 1.680881
v -0.040277 -0.075290 1.680653
v -0.024702 -0.081338 1.681029
v -0.020709 -0.080503 1.678241
v -0.021800 -0.077454 1.677041
v -0.025321 -0.078222 1.680166
v -0.028306 -0.082153 1.682552
v -0.028779 -0.078310 1.681596
v -0.046695 -0.072210 1.677808
v -0.038443 -0.081552 1.720198
v -0.037096 -0.085559 1.710398
v -0.036700 -0.088589 1.702557
v -0.035796 -0.089994 1.697057
v -0.030861 -0.080883 1.670375
v -0.030244 -0.079912 1.674158
v -0.031927 -0.080358 1.667404
v -0.015863 -0.079549 1.677822
v -0.016186 -0.079304 1.679425
v -0.016739 -0.078827 1.675460
v -0.017685 -0.077956 1.675138
v -0.017238 -0.078421 1.674215
v -0.019289 -0.078542 1.675130
v -0.019680 -0.076629 1.676878
v -0.017237 -0.078347 1.675013
v -0.014033 -0.085978 1.683837
v -0.016629 -0.081152 1.681106
v -0.052742 -0.069307 1.679693
v -0.011009 -0.089368 1.671626
v -0.013464 -0.082437 1.674101
v -0.012774 -0.083700 1.679245
v -0.009620 -0.088360 1.679662
v -0.024914 -0.079971 1.668491
v -0.028178 -0.080417 1.667995
v -0.027361 -0.080644 1.670975
v -0.024114 -0.080015 1.671321
v -0.028442 -0.090600 1.691211
v -0.022915 -0.091261 1.690944
v -0.017714 -0.091676 1.690659
v -0.029314 -0.092135 1.696046
v -0.006718 -0.091129 1.683239
v -0.006114 -0.092576 1.687681
v -0.003664 -0.093143 1.687801
v -0.004270 -0.092271 1.683416
v -0.023141 -0.092594 1.695487
v -0.017572 -0.093186 1.695305
v -0.009539 -0.091457 1.687251
v -0.009322 -0.089229 1.682955
v -0.013254 -0.084690 1.681782
v -0.005474 -0.094131 1.693330
v -0.002741 -0.094399 1.693290
v -0.005403 -0.094222 1.700674
v -0.002699 -0.094559 1.699970
v -0.037810 -0.078907 1.662463
v -0.046235 -0.074974 1.663211
v -0.053197 -0.068593 1.667171
v -0.017164 -0.089283 1.656505
v -0.020561 -0.086883 1.653773
v -0.021295 -0.085249 1.657665
v -0.017848 -0.086943 1.660477
v -0.055519 -0.065219 1.670478
v -0.056852 -0.062857 1.673952
v -0.015063 -0.086226 1.666450
v -0.015438 -0.081623 1.670145
v -0.025635 -0.084938 1.651057
v -0.029622 -0.083972 1.649469
v -0.030317 -0.082792 1.653957
v -0.026629 -0.083604 1.655383
v -0.026365 -0.080875 1.663718
v -0.029630 -0.080603 1.663073
v -0.034434 -0.080939 1.656556
v -0.038970 -0.079731 1.655879
v -0.033567 -0.080048 1.662544
v -0.026887 -0.082287 1.658819
v -0.030442 -0.081722 1.657696
v -0.017658 -0.081114 1.667612
v -0.018000 -0.084516 1.663490
v -0.021533 -0.083478 1.660863
v -0.020961 -0.081091 1.665295
v -0.019823 -0.079161 1.669648
v -0.039024 -0.080550 1.646598
v -0.039141 -0.080070 1.651677
v -0.034431 -0.081673 1.652706
v -0.034129 -0.082589 1.647967
v -0.032729 -0.085069 1.719589
v -0.004945 -0.091783 1.719910
v -0.005279 -0.087481 1.739548
v -0.066834 -0.038236 1.704349
v -0.062937 -0.051017 1.708403
v -0.061848 -0.057891 1.698264
v -0.064512 -0.049861 1.693858
v -0.060230 -0.063818 1.688521
v -0.062781 -0.057464 1.686825
v -0.030718 -0.088473 1.709906
v -0.037478 -0.080644 1.635342
v -0.032379 -0.083191 1.637271
v -0.072460 -0.018269 1.650846
v -0.069623 -0.029521 1.647851
v -0.067918 -0.025158 1.629369
v -0.070813 -0.014161 1.632665
v -0.072866 -0.004013 1.636488
v -0.074571 -0.007870 1.653834
v -0.075098 -0.009817 1.663162
v -0.076883 -0.000884 1.675122
v -0.074509 -0.012171 1.672815
v -0.038293 -0.074925 1.676333
v -0.033077 -0.077219 1.675480
v -0.042687 -0.072309 1.678143
v -0.031680 -0.075587 1.683836
v -0.036921 -0.073852 1.683545
v -0.039761 -0.072525 1.681917
v -0.041631 -0.071753 1.679091
v -0.022811 -0.074750 1.677687
v -0.025055 -0.075266 1.680490
v -0.028334 -0.075670 1.683047
v -0.044908 -0.071624 1.678217
v -0.044229 -0.071394 1.678928
v -0.020756 -0.076010 1.675538
v -0.021568 -0.074061 1.676120
v -0.030286 -0.077359 1.675559
v -0.037021 -0.069345 1.676075
v -0.031946 -0.072781 1.675433
v -0.039800 -0.068377 1.678610
v -0.032016 -0.070476 1.681735
v -0.036298 -0.069990 1.682284
v -0.040368 -0.068748 1.678631
v -0.042005 -0.069804 1.678800
v -0.038871 -0.068979 1.681504
v -0.022912 -0.072368 1.677656
v -0.025221 -0.071801 1.679571
v -0.028558 -0.071080 1.681506
v -0.028748 -0.072947 1.675787
v -0.037775 -0.063473 1.676496
v -0.031522 -0.065583 1.675522
v -0.040522 -0.062750 1.677806
v -0.031975 -0.064643 1.680116
v -0.037403 -0.062763 1.680824
v -0.040341 -0.063767 1.679239
v -0.040709 -0.063680 1.678756
v -0.039683 -0.063264 1.680486
v -0.028452 -0.066370 1.679899
v -0.027836 -0.066588 1.675965
v -0.025232 -0.067896 1.678580
v -0.024821 -0.067651 1.676594
v -0.031297 -0.082773 1.631843
v -0.027181 -0.077162 1.675957
v -0.026011 -0.072878 1.676324
v -0.027037 -0.079581 1.674674
v -0.018731 -0.087048 1.639225
v -0.046216 -0.072710 1.630825
v -0.048975 -0.073170 1.644227
v -0.053113 -0.059545 1.623197
v -0.063935 -0.036817 1.626393
v -0.058797 -0.048448 1.624293
v -0.066661 -0.023567 1.619984
v -0.069777 -0.012513 1.623533
v -0.071739 -0.001944 1.626998
v -0.056998 -0.063776 1.677217
v -0.061420 -0.058147 1.678771
v -0.073090 -0.019503 1.694046
v -0.072816 -0.022956 1.706209
v -0.068984 -0.031540 1.691478
v -0.046981 -0.074641 1.682332
v -0.049535 -0.072285 1.681126
v -0.043679 -0.076953 1.683559
v -0.040205 -0.079434 1.684816
v -0.031979 -0.082634 1.686021
v -0.027635 -0.082651 1.685963
v -0.020010 -0.080412 1.682751
v -0.023243 -0.081729 1.684567
v -0.016698 -0.079583 1.680423
v -0.051353 -0.069594 1.678542
v -0.051006 -0.069429 1.677256
v -0.053179 -0.067225 1.677045
v -0.051159 -0.070387 1.679863
v -0.057763 -0.060466 1.643266
v -0.062052 -0.051757 1.644160
v -0.066030 -0.041204 1.645459
v -0.072896 -0.020726 1.660348
v -0.070154 -0.032168 1.657520
v -0.061688 -0.055947 1.664255
v -0.061914 -0.055218 1.672745
v -0.017871 -0.093001 1.700511
v -0.023720 -0.092168 1.701091
v -0.030132 -0.090976 1.701869
v -0.075845 -0.003874 1.684739
v -0.073383 -0.015556 1.682926
v -0.015956 -0.078749 1.675171
v -0.015529 -0.079273 1.676908
v -0.015339 -0.080003 1.678891
v -0.015218 -0.079112 1.675462
v -0.016063 -0.079043 1.673181
v -0.016297 -0.078504 1.674255
v -0.017224 -0.079018 1.671240
v -0.015990 -0.079235 1.678715
v -0.015734 -0.080643 1.680112
v -0.016173 -0.079671 1.679826
v -0.048329 -0.074247 1.655665
v -0.057386 -0.063825 1.659248
v -0.063900 -0.052543 1.680900
v -0.065237 -0.048140 1.674020
v -0.068622 -0.037955 1.677555
v -0.066756 -0.043255 1.685804
v -0.076038 -0.007458 1.695475
v -0.066575 -0.043547 1.655225
v -0.049051 -0.073786 1.650546
v -0.058304 -0.061839 1.651948
v -0.062604 -0.053411 1.653889
v -0.066288 -0.045573 1.665477
v -0.069841 -0.034764 1.667654
v -0.072325 -0.023528 1.670421
v -0.070850 -0.026993 1.680598
v -0.076371 -0.010161 1.706964
v -0.076713 -0.012085 1.717756
v -0.073465 -0.024174 1.717348
v -0.068494 -0.036059 1.717957
v -0.023502 -0.073033 1.676792
v -0.023983 -0.076483 1.676533
v -0.023745 -0.078964 1.675336
v -0.019405 -0.078797 1.671351
v -0.017107 -0.078615 1.672527
v -0.016734 -0.078148 1.675044
v -0.017002 -0.078070 1.675093
v -0.026822 -0.087874 1.719192
v -0.021032 -0.089841 1.718599
v -0.019591 -0.091952 1.708891
v -0.025189 -0.090611 1.709296
v -0.022484 -0.084671 1.738221
v -0.028139 -0.082340 1.738728
v -0.022785 -0.069446 1.676432
v -0.022561 -0.069749 1.677326
v -0.008401 -0.093973 1.693329
v -0.008773 -0.094025 1.700652
v -0.009993 -0.093011 1.709470
v -0.004639 -0.093223 1.709396
v -0.010520 -0.091363 1.719998
v -0.011092 -0.086895 1.739322
v -0.002262 -0.093903 1.704940
v -0.021008 -0.073734 1.677259
v -0.012567 -0.097138 1.650090
v -0.013410 -0.094854 1.654827
v -0.073706 -0.005773 1.645161
v -0.071546 -0.015920 1.641686
v -0.068654 -0.027066 1.638596
v -0.064939 -0.038950 1.636048
v -0.060575 -0.049981 1.634375
v -0.056137 -0.059273 1.633942
v -0.048090 -0.072594 1.637331
v -0.038492 -0.080688 1.641081
v -0.033399 -0.083090 1.642779
v -0.028498 -0.084745 1.644554
v -0.024076 -0.085864 1.646503
v 0.024526 -0.085861 1.646501
v 0.028934 -0.084731 1.644558
v 0.033813 -0.083084 1.642792
v 0.038940 -0.080673 1.641092
v 0.048568 -0.072638 1.637325
v 0.056748 -0.059384 1.633941
v 0.061214 -0.050068 1.634366
v 0.065522 -0.039007 1.636042
v 0.069194 -0.027076 1.638635
v 0.072022 -0.015922 1.641716
v 0.074140 -0.005766 1.645196
v 0.003180 -0.108249 1.654397
v -0.002733 -0.108247 1.654397
v 0.003205 -0.105774 1.659633
v -0.002763 -0.105769 1.659640
v 0.019996 -0.087337 1.643861
v 0.018351 -0.088087 1.640850
v -0.017909 -0.088092 1.640853
v -0.019553 -0.087335 1.643861
v 0.021684 -0.086855 1.648158
v -0.021237 -0.086857 1.648159
v 0.023210 -0.085842 1.652376
v -0.022760 -0.085846 1.652389
v -0.001827 -0.093432 1.687153
v -0.002079 -0.092941 1.683405
v -0.002371 -0.093465 1.680471
v -0.002726 -0.096994 1.674110
v -0.002931 -0.099745 1.669986
v -0.002940 -0.102923 1.665151
v 0.002268 -0.093427 1.687157
v 0.002527 -0.092955 1.683384
v 0.002863 -0.093490 1.680480
v 0.003181 -0.097020 1.674081
v 0.003366 -0.099744 1.669995
v 0.003370 -0.102931 1.665148
v -0.001587 -0.094117 1.690478
v 0.000222 -0.094256 1.690664
v 0.002028 -0.094113 1.690469
v 0.022511 -0.085374 1.636238
v -0.022049 -0.085365 1.636235
v 0.024111 -0.084438 1.656428
v 0.024393 -0.082927 1.659713
v 0.023916 -0.080990 1.664482
v 0.022719 -0.079402 1.669048
v 0.021882 -0.079240 1.671301
v 0.021447 -0.078651 1.675278
v 0.021912 -0.076202 1.676953
v 0.022443 -0.073302 1.677050
v -0.021999 -0.073302 1.677049
v -0.021468 -0.076198 1.676954
v -0.021052 -0.078685 1.675256
v -0.021488 -0.079253 1.671352
v -0.022245 -0.079428 1.668961
v -0.023481 -0.080997 1.664468
v -0.023949 -0.082898 1.659775
v -0.023643 -0.084450 1.656424
v 0.046424 -0.070356 1.739238
v 0.044474 -0.077501 1.720580
v 0.043455 -0.081761 1.710855
v 0.043315 -0.084877 1.702074
v 0.042410 -0.086462 1.696836
v 0.039988 -0.086231 1.691554
v 0.037235 -0.083575 1.687046
v 0.036596 -0.081174 1.685319
v 0.036554 -0.081314 1.685564
v 0.036798 -0.081633 1.686339
v 0.036743 -0.081827 1.685605
v 0.036767 -0.081579 1.683187
v 0.035516 -0.077235 1.682463
v 0.035276 -0.074926 1.683950
v -0.034843 -0.074956 1.683945
v -0.035086 -0.077206 1.682469
v -0.036300 -0.081562 1.683165
v -0.036426 -0.081843 1.685503
v -0.036495 -0.081639 1.686306
v -0.036309 -0.081309 1.685504
v -0.036382 -0.081164 1.685266
v -0.036972 -0.083589 1.686969
v -0.039323 -0.086198 1.691387
v -0.041866 -0.086488 1.696568
v -0.042777 -0.084943 1.702221
v -0.042974 -0.081772 1.710885
v -0.044024 -0.077515 1.720581
v -0.045980 -0.070354 1.739235
v 0.016287 -0.091322 1.643384
v 0.016870 -0.090262 1.646791
v 0.017978 -0.089327 1.650934
v 0.019301 -0.087967 1.655196
v 0.020005 -0.085971 1.658999
v 0.020093 -0.084001 1.662081
v 0.019489 -0.081008 1.666422
v 0.018552 -0.079010 1.670482
v 0.018357 -0.078695 1.671704
v 0.018224 -0.078332 1.675035
v 0.019085 -0.077880 1.675556
v 0.019135 -0.078064 1.675687
v 0.019237 -0.078043 1.675789
v 0.018377 -0.079617 1.676885
v 0.017281 -0.079771 1.679542
v 0.017722 -0.079424 1.680894
v 0.018426 -0.079710 1.681511
v 0.018876 -0.081469 1.682210
v 0.016198 -0.086543 1.685124
v 0.013791 -0.091904 1.689564
v 0.013138 -0.093774 1.694657
v 0.013284 -0.093727 1.700285
v 0.015122 -0.092623 1.709164
v 0.016106 -0.090771 1.719405
v 0.017231 -0.086044 1.738673
v -0.015796 -0.091403 1.643345
v -0.016417 -0.090275 1.646837
v -0.017540 -0.089321 1.650983
v -0.018808 -0.088020 1.655161
v -0.019520 -0.085996 1.659020
v -0.019662 -0.083951 1.662132
v -0.019048 -0.081018 1.666415
v -0.018128 -0.079015 1.670475
v -0.017959 -0.078689 1.671705
v -0.017836 -0.078338 1.675060
v -0.018679 -0.077892 1.675545
v -0.018742 -0.078066 1.675693
v -0.018856 -0.078023 1.675753
v -0.018016 -0.079656 1.676834
v -0.016838 -0.079796 1.679547
v -0.017251 -0.079441 1.680956
v -0.018027 -0.079607 1.681501
v -0.018377 -0.081494 1.682155
v -0.015714 -0.086520 1.685119
v -0.013330 -0.091784 1.689564
v -0.012715 -0.093727 1.694637
v -0.012733 -0.093735 1.700295
v -0.014679 -0.092624 1.709181
v -0.015665 -0.090780 1.719410
v -0.016778 -0.086040 1.738684
v 0.015436 -0.079558 1.677096
v 0.013403 -0.082949 1.676672
v 0.010448 -0.088430 1.676247
v 0.008284 -0.091424 1.676882
v 0.005756 -0.093597 1.677555
v 0.003006 -0.094853 1.677739
v 0.000213 -0.095210 1.677703
v -0.002556 -0.094839 1.677739
v -0.005324 -0.093569 1.677563
v -0.007840 -0.091371 1.676935
v -0.009972 -0.088442 1.676327
v -0.012948 -0.082959 1.676703
v -0.014984 -0.079557 1.677097
v 0.024116 -0.070211 1.675921
v 0.025607 -0.069710 1.675507
v 0.028356 -0.069261 1.674791
v 0.031778 -0.068577 1.674157
v 0.038198 -0.065553 1.675531
v 0.040129 -0.064998 1.677482
v 0.041027 -0.065516 1.678789
v 0.040641 -0.065398 1.678956
v 0.039445 -0.065201 1.680874
v 0.037023 -0.064896 1.681797
v 0.032579 -0.066352 1.681321
v 0.029099 -0.067707 1.680991
v 0.025778 -0.068903 1.679201
v 0.023278 -0.070591 1.677627
v 0.021636 -0.074036 1.676456
v 0.020727 -0.076367 1.676460
v 0.019538 -0.078027 1.675538
v 0.017386 -0.077993 1.675134
v 0.017281 -0.078356 1.674468
v 0.017164 -0.078585 1.673317
v 0.017014 -0.079049 1.672162
v 0.017035 -0.081330 1.668767
v 0.016949 -0.085231 1.664856
v 0.016693 -0.087974 1.661883
v 0.016022 -0.090692 1.657921
v 0.015169 -0.092913 1.653414
v 0.014331 -0.094782 1.649024
v 0.013915 -0.096477 1.645205
v -0.023678 -0.070125 1.675913
v -0.025117 -0.069688 1.675523
v -0.027918 -0.069251 1.674780
v -0.031340 -0.068573 1.674145
v -0.037742 -0.065554 1.675511
v -0.039684 -0.064993 1.677472
v -0.040584 -0.065581 1.678777
v -0.040170 -0.065403 1.678999
v -0.038969 -0.065079 1.680883
v -0.036643 -0.064851 1.681781
v -0.032133 -0.066349 1.681325
v -0.028664 -0.067705 1.680996
v -0.025356 -0.068919 1.679222
v -0.022738 -0.070635 1.677526
v -0.021275 -0.073838 1.676419
v -0.020413 -0.076257 1.676425
v -0.019135 -0.078027 1.675530
v -0.016883 -0.077948 1.675295
v -0.016835 -0.078370 1.674423
v -0.016723 -0.078578 1.673308
v -0.016586 -0.079072 1.672159
v -0.016591 -0.081333 1.668763
v -0.016496 -0.085225 1.664878
v -0.016235 -0.087980 1.661904
v -0.015568 -0.090701 1.657928
v -0.014722 -0.092913 1.653438
v -0.013867 -0.094816 1.649015
v -0.013456 -0.096522 1.645136
v 0.022302 -0.074995 1.676640
v 0.021298 -0.076753 1.675753
v 0.018871 -0.078030 1.675657
v 0.017619 -0.077980 1.675017
v 0.017378 -0.077774 1.674718
v 0.016500 -0.078408 1.674758
v 0.016109 -0.078962 1.674271
v 0.014786 -0.081926 1.671802
v 0.013818 -0.087637 1.668541
v 0.013300 -0.091132 1.665192
v 0.012799 -0.094233 1.660933
v 0.012373 -0.097083 1.656221
v 0.011705 -0.099576 1.651264
v -0.021865 -0.074993 1.676648
v -0.020864 -0.076745 1.675755
v -0.018432 -0.078039 1.675641
v -0.017154 -0.077995 1.674981
v -0.016571 -0.078072 1.674850
v -0.016075 -0.078392 1.674853
v -0.015655 -0.078974 1.674291
v -0.014346 -0.081927 1.671807
v -0.013380 -0.087646 1.668528
v -0.012854 -0.091121 1.665214
v -0.012352 -0.094230 1.660944
v -0.011926 -0.097080 1.656244
v -0.011248 -0.099605 1.651252
v 0.040950 -0.076974 1.627818
v 0.042735 -0.077028 1.633223
v 0.044052 -0.077226 1.639267
v 0.044592 -0.077521 1.645374
v 0.044505 -0.077547 1.650912
v 0.044116 -0.077462 1.655497
v 0.042480 -0.077249 1.662649
v 0.040419 -0.078212 1.667947
v 0.039268 -0.079134 1.670583
v 0.037887 -0.078833 1.674253
v 0.036601 -0.076318 1.675718
v 0.035510 -0.071003 1.675280
v 0.035477 -0.066964 1.674491
v 0.035183 -0.064413 1.675787
v -0.040515 -0.076928 1.627824
v -0.042297 -0.076988 1.633218
v -0.043619 -0.077189 1.639266
v -0.044130 -0.077520 1.645362
v -0.044021 -0.077567 1.650920
v -0.043658 -0.077475 1.655506
v -0.042038 -0.077243 1.662640
v -0.040007 -0.078179 1.667898
v -0.038925 -0.079114 1.670558
v -0.037470 -0.078838 1.674240
v -0.036137 -0.076333 1.675713
v -0.035042 -0.070973 1.675271
v -0.035063 -0.066965 1.674473
v -0.034738 -0.064409 1.675764
v 0.046494 -0.069886 1.622264
v 0.050104 -0.067339 1.627837
v 0.052701 -0.066808 1.635489
v 0.053958 -0.067560 1.643423
v 0.054354 -0.068589 1.650831
v 0.053507 -0.069728 1.656737
v 0.050498 -0.072056 1.664726
v 0.046767 -0.074315 1.670509
v 0.045158 -0.075229 1.672860
v 0.043154 -0.075843 1.675683
v 0.040996 -0.073684 1.676995
v 0.038759 -0.068593 1.677219
v 0.039215 -0.065023 1.676231
v 0.039657 -0.063701 1.676900
v -0.046003 -0.069734 1.622357
v -0.049569 -0.067197 1.627892
v -0.052158 -0.066715 1.635478
v -0.053432 -0.067516 1.643410
v -0.053868 -0.068585 1.650803
v -0.053052 -0.069739 1.656742
v -0.050053 -0.072061 1.664683
v -0.046443 -0.074249 1.670518
v -0.044804 -0.075190 1.672812
v -0.042723 -0.075847 1.675664
v -0.040536 -0.073730 1.676974
v -0.038249 -0.068550 1.677157
v -0.038750 -0.065004 1.676219
v -0.039208 -0.063695 1.676881
v 0.052598 -0.071811 1.681636
v 0.055171 -0.068447 1.680006
v 0.055258 -0.065829 1.677247
v 0.054717 -0.065785 1.675020
v 0.053271 -0.068032 1.672436
v 0.051338 -0.070740 1.669896
v 0.048710 -0.073333 1.667885
v 0.045330 -0.075588 1.666373
v 0.041387 -0.077385 1.665479
v 0.037427 -0.078712 1.665118
v 0.033229 -0.079623 1.665158
v 0.029360 -0.079996 1.665661
v 0.026063 -0.080025 1.666357
v 0.023442 -0.079983 1.667020
v 0.020889 -0.079968 1.667814
v 0.018984 -0.079763 1.668863
v 0.017802 -0.079765 1.669776
v 0.017063 -0.079831 1.670708
v 0.016241 -0.079990 1.671859
v 0.015462 -0.080075 1.673265
v 0.014882 -0.080260 1.675074
v 0.014654 -0.080758 1.677105
v 0.014824 -0.081613 1.678898
v 0.015265 -0.082481 1.680759
v 0.016384 -0.083161 1.682315
v 0.018206 -0.083656 1.683305
v 0.020844 -0.084013 1.684091
v 0.024619 -0.084156 1.684980
v 0.028632 -0.084010 1.685879
v 0.032364 -0.083638 1.686114
v 0.037077 -0.082243 1.685839
v 0.041684 -0.080195 1.685043
v 0.045598 -0.077305 1.683794
v 0.049213 -0.074471 1.682439
v -0.052414 -0.071567 1.681667
v -0.055206 -0.068210 1.680311
v -0.054958 -0.065530 1.677185
v -0.054417 -0.065534 1.674978
v -0.052890 -0.067939 1.672422
v -0.050936 -0.070703 1.669881
v -0.048323 -0.073300 1.667864
v -0.044938 -0.075581 1.666293
v -0.040986 -0.077356 1.665434
v -0.036955 -0.078694 1.665083
v -0.032857 -0.079624 1.665145
v -0.029032 -0.080018 1.665678
v -0.025757 -0.080043 1.666387
v -0.023013 -0.080002 1.667025
v -0.020514 -0.079947 1.667853
v -0.018570 -0.079780 1.668857
v -0.017380 -0.079794 1.669769
v -0.016624 -0.079859 1.670705
v -0.015792 -0.080001 1.671857
v -0.015019 -0.080082 1.673274
v -0.014440 -0.080258 1.675088
v -0.014236 -0.080701 1.677086
v -0.014423 -0.081569 1.678977
v -0.014828 -0.082470 1.680795
v -0.015939 -0.083145 1.682342
v -0.017756 -0.083637 1.683301
v -0.020367 -0.084048 1.684095
v -0.024163 -0.084243 1.684975
v -0.028274 -0.084068 1.685802
v -0.032113 -0.083608 1.685980
v -0.036832 -0.082228 1.685781
v -0.041447 -0.080141 1.684987
v -0.045411 -0.077243 1.683868
v -0.049071 -0.074348 1.682511
v 0.037704 -0.084873 1.688447
v 0.033075 -0.086784 1.689016
v 0.028680 -0.087996 1.688654
v 0.023603 -0.088755 1.688191
v 0.018820 -0.089036 1.687631
v 0.015135 -0.089040 1.686649
v 0.012623 -0.088563 1.684905
v 0.011830 -0.087089 1.682279
v 0.011768 -0.086022 1.679427
v 0.011974 -0.085652 1.676318
v 0.012788 -0.085545 1.672799
v 0.014323 -0.084551 1.670216
v 0.015699 -0.083674 1.668347
v 0.017000 -0.083047 1.666848
v 0.018316 -0.082593 1.665597
v 0.019857 -0.082257 1.664371
v 0.021730 -0.082093 1.663224
v 0.024219 -0.081819 1.662177
v 0.027138 -0.081508 1.661340
v 0.030571 -0.081169 1.660609
v 0.034578 -0.080553 1.659809
v 0.038946 -0.079387 1.659478
v 0.043381 -0.077386 1.659394
v 0.047770 -0.074596 1.659826
v 0.052098 -0.070873 1.661260
v 0.055829 -0.066326 1.664003
v 0.058691 -0.061712 1.668261
v 0.059718 -0.059854 1.673404
v 0.059514 -0.061503 1.677700
v 0.058949 -0.065287 1.681582
v 0.056377 -0.069842 1.683211
v 0.053155 -0.074443 1.684386
v 0.048809 -0.078271 1.686026
v 0.043586 -0.081962 1.687593
v -0.037285 -0.084861 1.688438
v -0.032756 -0.086797 1.688982
v -0.028264 -0.088078 1.688624
v -0.023155 -0.088812 1.688155
v -0.018349 -0.089046 1.687573
v -0.014656 -0.089037 1.686625
v -0.012233 -0.088528 1.684958
v -0.011392 -0.087071 1.682301
v -0.011290 -0.086034 1.679425
v -0.011510 -0.085677 1.676391
v -0.012342 -0.085548 1.672833
v -0.013895 -0.084530 1.670221
v -0.015262 -0.083676 1.668337
v -0.016547 -0.083060 1.666848
v -0.017879 -0.082596 1.665584
v -0.019409 -0.082288 1.664334
v -0.021265 -0.082133 1.663170
v -0.023766 -0.081848 1.662121
v -0.026673 -0.081522 1.661310
v -0.030139 -0.081162 1.660609
v -0.034138 -0.080548 1.659806
v -0.038508 -0.079375 1.659491
v -0.042926 -0.077394 1.659398
v -0.047343 -0.074588 1.659839
v -0.051638 -0.070886 1.661262
v -0.055398 -0.066311 1.663992
v -0.058277 -0.061685 1.668216
v -0.059311 -0.059762 1.673346
v -0.059097 -0.061450 1.677680
v -0.058560 -0.065237 1.681684
v -0.055929 -0.069808 1.683348
v -0.052741 -0.074306 1.684556
v -0.048441 -0.078269 1.686092
v -0.043161 -0.081974 1.687688
v 0.065600 -0.045119 1.728969
v 0.061208 -0.054834 1.728654
v 0.056218 -0.063128 1.729098
v 0.050717 -0.069438 1.729741
v 0.045559 -0.074231 1.730338
v 0.040212 -0.078333 1.730791
v 0.034386 -0.082062 1.730577
v 0.028385 -0.085187 1.729639
v 0.022393 -0.087395 1.729098
v 0.016541 -0.088764 1.729167
v 0.011126 -0.089484 1.729778
v 0.005553 -0.090057 1.729832
v 0.000226 -0.090263 1.729905
v -0.005110 -0.090054 1.729834
v -0.010685 -0.089486 1.729780
v -0.016096 -0.088766 1.729172
v -0.021949 -0.087394 1.729105
v -0.027941 -0.085182 1.729654
v -0.033938 -0.082055 1.730595
v -0.039771 -0.078324 1.730809
v -0.045110 -0.074232 1.730365
v -0.050277 -0.069425 1.729732
v -0.055802 -0.063097 1.729086
v -0.060754 -0.054865 1.728716
v -0.065160 -0.045118 1.728869
v -0.069340 -0.035107 1.728077
v -0.000262 -0.109118 1.658588
v -0.000707 -0.115659 1.648308
v -0.000657 -0.119551 1.638803
v -0.006541 -0.107868 1.657488
v -0.013155 -0.101614 1.655248
v -0.022280 -0.094705 1.651877
v -0.039047 -0.086156 1.646832
v -0.050796 -0.074221 1.643784
v -0.007301 -0.113544 1.647621
v -0.017109 -0.104757 1.644531
v -0.026716 -0.096814 1.640145
v -0.039833 -0.086691 1.636794
v -0.050306 -0.074807 1.633601
v -0.007858 -0.117273 1.637885
v -0.020524 -0.106517 1.632917
v -0.031698 -0.096253 1.627494
v -0.041518 -0.085042 1.623214
v -0.049747 -0.073576 1.620181
v -0.072873 -0.013539 1.690349
v -0.068578 -0.030714 1.678315
v -0.063658 -0.043832 1.668810
v -0.056650 -0.059879 1.656765
v -0.052730 -0.067481 1.657735
v -0.045632 -0.074091 1.658935
v -0.030166 -0.082684 1.661491
v -0.017908 -0.088137 1.665675
v -0.007512 -0.095124 1.671728
v -0.004362 -0.096337 1.673148
v 0.000372 -0.096877 1.673934
v -0.076172 -0.013975 1.689674
v -0.071968 -0.031175 1.677441
v -0.067207 -0.044860 1.667884
v -0.059788 -0.061553 1.655872
v -0.054534 -0.069348 1.656261
v -0.047180 -0.076418 1.658003
v -0.031055 -0.084732 1.661242
v -0.018618 -0.089425 1.665533
v -0.008337 -0.096557 1.671436
v -0.004680 -0.097793 1.673031
v 0.000355 -0.098256 1.673792
v -0.071952 -0.023225 1.666499
v -0.076604 -0.006125 1.677635
v -0.063862 -0.048614 1.628691
v -0.065378 -0.049878 1.639016
v -0.065736 -0.050395 1.648338
v -0.069308 -0.035206 1.658247
v -0.068714 -0.022706 1.667337
v -0.072942 -0.005748 1.678675
v -0.061093 -0.047285 1.629174
v -0.062801 -0.048007 1.639332
v -0.062519 -0.047865 1.648043
v -0.065761 -0.034403 1.659097
v 0.006312 -0.108377 1.657741
v 0.015767 -0.101875 1.653980
v 0.024857 -0.095345 1.651552
v 0.033110 -0.090123 1.649598
v 0.043135 -0.082282 1.647739
v 0.051597 -0.073860 1.646272
v 0.006492 -0.114331 1.647865
v 0.019465 -0.104329 1.643586
v 0.032912 -0.092739 1.638902
v 0.041178 -0.084464 1.636883
v 0.049433 -0.074709 1.635175
v 0.007691 -0.117663 1.637691
v 0.021813 -0.106825 1.631332
v 0.034130 -0.094130 1.626115
v 0.040828 -0.085886 1.623325
v 0.048857 -0.075991 1.621077
v 0.073311 -0.013559 1.690704
v 0.069051 -0.030992 1.678959
v 0.064720 -0.045025 1.669073
v 0.058839 -0.058891 1.658993
v 0.053026 -0.067486 1.659737
v 0.044880 -0.074626 1.661069
v 0.032007 -0.082212 1.662384
v 0.023625 -0.085912 1.664290
v 0.016148 -0.089331 1.666886
v 0.008067 -0.095266 1.671750
v 0.004445 -0.096193 1.673143
v 0.076895 -0.013854 1.689790
v 0.072608 -0.031322 1.677927
v 0.068075 -0.045644 1.668100
v 0.062287 -0.060303 1.656865
v 0.055254 -0.069433 1.658774
v 0.046550 -0.076862 1.660597
v 0.032841 -0.083901 1.662026
v 0.024349 -0.087413 1.664297
v 0.017004 -0.090739 1.666924
v 0.004731 -0.097718 1.673195
v 0.072639 -0.023511 1.666991
v 0.077006 -0.006140 1.677966
v 0.065086 -0.049322 1.631032
v 0.066210 -0.049638 1.641388
v 0.067146 -0.049609 1.649013
v 0.069718 -0.036305 1.658276
v 0.069073 -0.023017 1.668066
v 0.073324 -0.005827 1.678954
v 0.062521 -0.047675 1.631461
v 0.063724 -0.048018 1.641619
v 0.063191 -0.048023 1.649218
v 0.065990 -0.035587 1.659273
v -0.058493 -0.062873 1.641710
v -0.057380 -0.063795 1.631047
v -0.006522 -0.118071 1.635092
v -0.008856 -0.115528 1.634588
v -0.020295 -0.105767 1.630363
v -0.032042 -0.094603 1.624548
v -0.040920 -0.083779 1.620744
v 0.008665 -0.096553 1.671508
v 0.006382 -0.118762 1.634915
v 0.059402 -0.063614 1.644589
v 0.057328 -0.064172 1.633009
v 0.042897 -0.068527 1.624961
v -0.040604 -0.067146 1.622310
v 0.018932 -0.105458 1.629657
v 0.008205 -0.115535 1.634403
v 0.032309 -0.093154 1.623705
v 0.039043 -0.084779 1.621022
v -0.000717 -0.119552 1.635616
v 0.033516 -0.043486 1.684390
v 0.033093 -0.043599 1.685221
v 0.032429 -0.043702 1.685878
v 0.031592 -0.043786 1.686300
v 0.030663 -0.043843 1.686442
v 0.029736 -0.043866 1.686295
v 0.028895 -0.043854 1.685869
v 0.028230 -0.043809 1.685207
v 0.027801 -0.043732 1.684377
v 0.027651 -0.043635 1.683454
v 0.027797 -0.043524 1.682532
v 0.028221 -0.043412 1.681703
v 0.028884 -0.043309 1.681045
v 0.029723 -0.043226 1.680624
v 0.030649 -0.043169 1.680480
v 0.031579 -0.043145 1.680629
v 0.032419 -0.043157 1.681055
v 0.033084 -0.043203 1.681715
v 0.033513 -0.043279 1.682547
v 0.033662 -0.043376 1.683469
v 0.036323 -0.044167 1.685211
v 0.035485 -0.044387 1.686847
v 0.034179 -0.044591 1.688143
v 0.032529 -0.044756 1.688972
v 0.030701 -0.044868 1.689256
v 0.028871 -0.044914 1.688963
v 0.027218 -0.044890 1.688126
v 0.025904 -0.044799 1.686823
v 0.025061 -0.044651 1.685183
v 0.024766 -0.044460 1.683369
v 0.025051 -0.044240 1.681555
v 0.025890 -0.044020 1.679919
v 0.027196 -0.043817 1.678623
v 0.028845 -0.043652 1.677793
v 0.030673 -0.043541 1.677510
v 0.032503 -0.043495 1.677802
v 0.034156 -0.043517 1.678640
v 0.035468 -0.043608 1.679943
v 0.036314 -0.043757 1.681582
v 0.036607 -0.043949 1.683398
v 0.039008 -0.045293 1.685939
v 0.037779 -0.045616 1.688338
v 0.035861 -0.045914 1.690240
v 0.033442 -0.046157 1.691459
v 0.030757 -0.046321 1.691874
v 0.028071 -0.046388 1.691445
v 0.025646 -0.046354 1.690216
v 0.023719 -0.046220 1.688304
v 0.022478 -0.046002 1.685898
v 0.022048 -0.045719 1.683233
v 0.022466 -0.045400 1.680571
v 0.023695 -0.045077 1.678170
v 0.025613 -0.044778 1.676269
v 0.028033 -0.044536 1.675050
v 0.030717 -0.044373 1.674635
v 0.033402 -0.044306 1.675063
v 0.035828 -0.044339 1.676293
v 0.037756 -0.044472 1.678205
v 0.038995 -0.044690 1.680611
v 0.039426 -0.044972 1.683277
v 0.041507 -0.046834 1.686553
v 0.039916 -0.047254 1.689659
v 0.037435 -0.047640 1.692119
v 0.034304 -0.047955 1.693695
v 0.030831 -0.048166 1.694232
v 0.027355 -0.048253 1.693678
v 0.024216 -0.048209 1.692086
v 0.021723 -0.048036 1.689614
v 0.020118 -0.047754 1.686500
v 0.019559 -0.047387 1.683052
v 0.020100 -0.046975 1.679605
v 0.021692 -0.046555 1.676500
v 0.024174 -0.046170 1.674039
v 0.027303 -0.045857 1.672463
v 0.030777 -0.045646 1.671925
v 0.034254 -0.045559 1.672480
v 0.037392 -0.045602 1.674071
v 0.039886 -0.045774 1.676546
v 0.041490 -0.046055 1.679659
v 0.042050 -0.046421 1.683107
v 0.043758 -0.048755 1.687039
v 0.041846 -0.049261 1.690773
v 0.038861 -0.049725 1.693732
v 0.035096 -0.050103 1.695627
v 0.030920 -0.050357 1.696273
v 0.026741 -0.050462 1.695607
v 0.022966 -0.050409 1.693693
v 0.019967 -0.050202 1.690720
v 0.018037 -0.049861 1.686975
v 0.017365 -0.049422 1.682828
v 0.018016 -0.048925 1.678684
v 0.019930 -0.048422 1.674950
v 0.022914 -0.047957 1.671990
v 0.026679 -0.047581 1.670095
v 0.030856 -0.047328 1.669449
v 0.035036 -0.047221 1.670115
v 0.038810 -0.047274 1.672030
v 0.041809 -0.047480 1.675004
v 0.043738 -0.047819 1.678748
v 0.044411 -0.048259 1.682895
v 0.045708 -0.051009 1.687385
v 0.043521 -0.051587 1.691656
v 0.040106 -0.052118 1.695041
v 0.035800 -0.052550 1.697209
v 0.031023 -0.052840 1.697947
v 0.026242 -0.052961 1.697186
v 0.021924 -0.052899 1.694996
v 0.018494 -0.052663 1.691594
v 0.016286 -0.052274 1.687313
v 0.015517 -0.051771 1.682569
v 0.016263 -0.051204 1.677829
v 0.018451 -0.050627 1.673557
v 0.021865 -0.050097 1.670172
v 0.026172 -0.049666 1.668004
v 0.030949 -0.049376 1.667266
v 0.035731 -0.049255 1.668027
v 0.040048 -0.049315 1.670216
v 0.043478 -0.049550 1.673620
v 0.045686 -0.049938 1.677902
v 0.046455 -0.050441 1.682645
v 0.047308 -0.053539 1.687583
v 0.044898 -0.054176 1.692286
v 0.041139 -0.054760 1.696014
v 0.036396 -0.055236 1.698400
v 0.031137 -0.055555 1.699214
v 0.025872 -0.055688 1.698374
v 0.021118 -0.055621 1.695965
v 0.017339 -0.055361 1.692218
v 0.014909 -0.054933 1.687503
v 0.014063 -0.054379 1.682280
v 0.014884 -0.053754 1.677060
v 0.017292 -0.053118 1.672357
v 0.021052 -0.052535 1.668629
v 0.025795 -0.052060 1.666241
v 0.031056 -0.051740 1.665428
v 0.036321 -0.051607 1.666268
v 0.041074 -0.051675 1.668679
v 0.044852 -0.051933 1.672424
v 0.047283 -0.052360 1.677141
v 0.048130 -0.052914 1.682364
v 0.048517 -0.056285 1.687627
v 0.045946 -0.056963 1.692647
v 0.041933 -0.057587 1.696625
v 0.036872 -0.058095 1.699172
v 0.031258 -0.058435 1.700041
v 0.025640 -0.058577 1.699145
v 0.020567 -0.058505 1.696572
v 0.016534 -0.058228 1.692575
v 0.013939 -0.057771 1.687543
v 0.013036 -0.057180 1.681968
v 0.013912 -0.056512 1.676397
v 0.016484 -0.055833 1.671378
v 0.020496 -0.055212 1.667399
v 0.025558 -0.054705 1.664852
v 0.031172 -0.054364 1.663983
v 0.036791 -0.054222 1.664880
v 0.041864 -0.054293 1.667452
v 0.045896 -0.054569 1.671450
v 0.048492 -0.055025 1.676482
v 0.049394 -0.055616 1.682058
v 0.049307 -0.059175 1.687518
v 0.046638 -0.059880 1.692730
v 0.042470 -0.060527 1.696861
v 0.037213 -0.061054 1.699506
v 0.031386 -0.061408 1.700407
v 0.025551 -0.061556 1.699478
v 0.020283 -0.061481 1.696807
v 0.016095 -0.061193 1.692655
v 0.013400 -0.060719 1.687430
v 0.012462 -0.060105 1.681641
v 0.013372 -0.059413 1.675856
v 0.016042 -0.058708 1.670642
v 0.020210 -0.058060 1.666513
v 0.025466 -0.057535 1.663867
v 0.031295 -0.057182 1.662965
v 0.037131 -0.057035 1.663896
v 0.042399 -0.057107 1.666566
v 0.046586 -0.057395 1.670718
v 0.049281 -0.057869 1.675944
v 0.050220 -0.058482 1.681734
v 0.049660 -0.062142 1.687257
v 0.046957 -0.062856 1.692535
v 0.042738 -0.063511 1.696717
v 0.037416 -0.064043 1.699394
v 0.031513 -0.064402 1.700308
v 0.025606 -0.064552 1.699365
v 0.020273 -0.064477 1.696662
v 0.016034 -0.064186 1.692459
v 0.013305 -0.063706 1.687167
v 0.012355 -0.063084 1.681306
v 0.013278 -0.062382 1.675449
v 0.015980 -0.061669 1.670173
v 0.020200 -0.061014 1.665989
v 0.025521 -0.060481 1.663312
v 0.031424 -0.060123 1.662399
v 0.037330 -0.059973 1.663341
v 0.042664 -0.060048 1.666045
v 0.046903 -0.060339 1.670248
v 0.049632 -0.060820 1.675539
v 0.050582 -0.061442 1.681400
v 0.049566 -0.065114 1.686850
v 0.046895 -0.065817 1.692064
v 0.042728 -0.066464 1.696194
v 0.037472 -0.066990 1.698840
v 0.031642 -0.067344 1.699741
v 0.025807 -0.067491 1.698811
v 0.020539 -0.067419 1.696140
v 0.016352 -0.067130 1.691989
v 0.013657 -0.066656 1.686762
v 0.012718 -0.066043 1.680973
v 0.013629 -0.065349 1.675188
v 0.016299 -0.064645 1.669976
v 0.020467 -0.063998 1.665845
v 0.025722 -0.063471 1.663200
v 0.031553 -0.063117 1.662299
v 0.037387 -0.062970 1.663229
v 0.042655 -0.063043 1.665900
v 0.046843 -0.063331 1.670051
v 0.049537 -0.063806 1.675277
v 0.050476 -0.064419 1.681066
v 0.049025 -0.068014 1.686309
v 0.046454 -0.068691 1.691329
v 0.042441 -0.069314 1.695308
v 0.037380 -0.069820 1.697855
v 0.031765 -0.070161 1.698723
v 0.026146 -0.070303 1.697827
v 0.021073 -0.070232 1.695255
v 0.017041 -0.069956 1.691257
v 0.014446 -0.069499 1.686224
v 0.013542 -0.068909 1.680650
v 0.014419 -0.068241 1.675080
v 0.016992 -0.067562 1.670059
v 0.021004 -0.066939 1.666082
v 0.026065 -0.066432 1.663534
v 0.031680 -0.066090 1.662666
v 0.037298 -0.065948 1.663562
v 0.042371 -0.066020 1.666134
v 0.046403 -0.066298 1.670131
v 0.048999 -0.066754 1.675165
v 0.049902 -0.067345 1.680739
v 0.048054 -0.070772 1.685646
v 0.045645 -0.071407 1.690350
v 0.041885 -0.071991 1.694077
v 0.037143 -0.072466 1.696464
v 0.031881 -0.072785 1.697278
v 0.026617 -0.072918 1.696439
v 0.021863 -0.072851 1.694028
v 0.018085 -0.072592 1.690282
v 0.015654 -0.072164 1.685567
v 0.014807 -0.071612 1.680342
v 0.015630 -0.070986 1.675124
v 0.018039 -0.070349 1.670420
v 0.021799 -0.069765 1.666693
v 0.026541 -0.069289 1.664307
v 0.031800 -0.068969 1.663493
v 0.037064 -0.068837 1.664332
v 0.041820 -0.068904 1.666743
v 0.045596 -0.069164 1.670488
v 0.048029 -0.069593 1.675203
v 0.048875 -0.070148 1.680426
v 0.046675 -0.073322 1.684877
v 0.044487 -0.073899 1.689149
v 0.041072 -0.074429 1.692534
v 0.036765 -0.074859 1.694702
v 0.031988 -0.075149 1.695441
v 0.027208 -0.075270 1.694679
v 0.022889 -0.075210 1.692490
v 0.019459 -0.074974 1.689088
v 0.017251 -0.074588 1.684804
v 0.016483 -0.074085 1.680061
v 0.017229 -0.073516 1.675321
v 0.019416 -0.072937 1.671050
v 0.022831 -0.072407 1.667665
v 0.027138 -0.071974 1.665497
v 0.031914 -0.071685 1.664759
v 0.036696 -0.071563 1.665522
v 0.041013 -0.071625 1.667710
v 0.044444 -0.071861 1.671112
v 0.046651 -0.072251 1.675394
v 0.047420 -0.072754 1.680137
v 0.044920 -0.075600 1.684022
v 0.043008 -0.076104 1.687756
v 0.040022 -0.076567 1.690716
v 0.036258 -0.076944 1.692611
v 0.032082 -0.077197 1.693257
v 0.027901 -0.077304 1.692591
v 0.024128 -0.077251 1.690677
v 0.021127 -0.077045 1.687702
v 0.019199 -0.076706 1.683958
v 0.018527 -0.076268 1.679811
v 0.019179 -0.075770 1.675668
v 0.021091 -0.075264 1.671934
v 0.024076 -0.074801 1.668974
v 0.027841 -0.074422 1.667079
v 0.032018 -0.074168 1.666433
v 0.036197 -0.074063 1.667099
v 0.039972 -0.074116 1.669013
v 0.042971 -0.074323 1.671987
v 0.044900 -0.074664 1.675731
v 0.045573 -0.075103 1.679878
v 0.042836 -0.077550 1.683100
v 0.041245 -0.077969 1.686207
v 0.038765 -0.078354 1.688667
v 0.035634 -0.078668 1.690244
v 0.032160 -0.078879 1.690781
v 0.028684 -0.078967 1.690227
v 0.025545 -0.078924 1.688634
v 0.023051 -0.078752 1.686160
v 0.021447 -0.078469 1.683048
v 0.020889 -0.078104 1.679600
v 0.021431 -0.077691 1.676153
v 0.023021 -0.077271 1.673048
v 0.025503 -0.076885 1.670587
v 0.028634 -0.076570 1.669012
v 0.032107 -0.076359 1.668474
v 0.035583 -0.076272 1.669029
v 0.038720 -0.076316 1.670620
v 0.041214 -0.076489 1.673093
v 0.042820 -0.076772 1.676207
v 0.043379 -0.077137 1.679654
v 0.040518 -0.079098 1.682154
v 0.039283 -0.079424 1.684568
v 0.037353 -0.079724 1.686481
v 0.034920 -0.079967 1.687707
v 0.032220 -0.080131 1.688125
v 0.029519 -0.080199 1.687693
v 0.027080 -0.080165 1.686455
v 0.025141 -0.080032 1.684533
v 0.023894 -0.079812 1.682113
v 0.023459 -0.079528 1.679433
v 0.023882 -0.079207 1.676755
v 0.025117 -0.078880 1.674342
v 0.027047 -0.078581 1.672428
v 0.029480 -0.078336 1.671203
v 0.032178 -0.078173 1.670786
v 0.034880 -0.078103 1.671217
v 0.037318 -0.078139 1.672454
v 0.039257 -0.078273 1.674376
v 0.040505 -0.078493 1.676796
v 0.040940 -0.078776 1.679476
v 0.038343 -0.080206 1.681310
v 0.037437 -0.080444 1.683078
v 0.036023 -0.080664 1.684480
v 0.034240 -0.080842 1.685377
v 0.032261 -0.080963 1.685684
v 0.030282 -0.081012 1.685368
v 0.028496 -0.080988 1.684461
v 0.027075 -0.080890 1.683052
v 0.026160 -0.080729 1.681280
v 0.025842 -0.080521 1.679315
v 0.026152 -0.080286 1.677353
v 0.027057 -0.080046 1.675585
v 0.028471 -0.079827 1.674184
v 0.030253 -0.079648 1.673287
v 0.032232 -0.079528 1.672981
v 0.034212 -0.079477 1.673296
v 0.035999 -0.079502 1.674202
v 0.037418 -0.079601 1.675611
v 0.038333 -0.079762 1.677384
v 0.038652 -0.079970 1.679348
v 0.034805 -0.080311 1.680151
v 0.034427 -0.080412 1.680891
v 0.033834 -0.080504 1.681479
v 0.033086 -0.080579 1.681855
v 0.032257 -0.080629 1.681984
v 0.031426 -0.080650 1.681851
v 0.030677 -0.080639 1.681471
v 0.030082 -0.080598 1.680882
v 0.029700 -0.080531 1.680140
v 0.029566 -0.080445 1.679316
v 0.029695 -0.080345 1.678493
v 0.030075 -0.080245 1.677753
v 0.030668 -0.080153 1.677166
v 0.031415 -0.080078 1.676790
v 0.032243 -0.080028 1.676661
v 0.033073 -0.080007 1.676794
v 0.033822 -0.080018 1.677173
v 0.034419 -0.080058 1.677763
v 0.034801 -0.080126 1.678506
v 0.034935 -0.080213 1.679329
v 0.030647 -0.043270 1.683488
v 0.032251 -0.080328 1.679322
v -0.033041 -0.043483 1.684390
v -0.032615 -0.043596 1.685220
v -0.031952 -0.043699 1.685878
v -0.031114 -0.043782 1.686299
v -0.030187 -0.043840 1.686443
v -0.029257 -0.043862 1.686294
v -0.028419 -0.043851 1.685869
v -0.027752 -0.043805 1.685209
v -0.027323 -0.043729 1.684375
v -0.027173 -0.043631 1.683453
v -0.027318 -0.043521 1.682532
v -0.027743 -0.043409 1.681702
v -0.028408 -0.043306 1.681046
v -0.029243 -0.043222 1.680624
v -0.030172 -0.043166 1.680480
v -0.031100 -0.043142 1.680628
v -0.031939 -0.043153 1.681054
v -0.032606 -0.043199 1.681715
v -0.033035 -0.043276 1.682548
v -0.033184 -0.043373 1.683468
v -0.035845 -0.044163 1.685211
v -0.035007 -0.044384 1.686846
v -0.033702 -0.044587 1.688142
v -0.032052 -0.044753 1.688972
v -0.030223 -0.044864 1.689256
v -0.028393 -0.044910 1.688963
v -0.026741 -0.044887 1.688125
v -0.025429 -0.044796 1.686823
v -0.024582 -0.044647 1.685185
v -0.024289 -0.044454 1.683368
v -0.024576 -0.044237 1.681553
v -0.025411 -0.044018 1.679919
v -0.026719 -0.043813 1.678624
v -0.028367 -0.043649 1.677793
v -0.030195 -0.043537 1.677510
v -0.032026 -0.043491 1.677803
v -0.033679 -0.043515 1.678640
v -0.034991 -0.043605 1.679942
v -0.035836 -0.043752 1.681581
v -0.036130 -0.043945 1.683398
v -0.038530 -0.045288 1.685939
v -0.037302 -0.045613 1.688338
v -0.035383 -0.045912 1.690240
v -0.032963 -0.046153 1.691459
v -0.030280 -0.046317 1.691874
v -0.027593 -0.046385 1.691445
v -0.025169 -0.046350 1.690215
v -0.023240 -0.046217 1.688303
v -0.022001 -0.045999 1.685898
v -0.021569 -0.045716 1.683233
v -0.021988 -0.045397 1.680571
v -0.023217 -0.045073 1.678170
v -0.025135 -0.044774 1.676269
v -0.027554 -0.044533 1.675050
v -0.030238 -0.044370 1.674635
v -0.032925 -0.044302 1.675064
v -0.035349 -0.044336 1.676293
v -0.037276 -0.044468 1.678205
v -0.038516 -0.044686 1.680611
v -0.038948 -0.044969 1.683276
v -0.041028 -0.046830 1.686553
v -0.039438 -0.047251 1.689658
v -0.036957 -0.047637 1.692119
v -0.033826 -0.047951 1.693695
v -0.030353 -0.048162 1.694232
v -0.026877 -0.048250 1.693678
v -0.023738 -0.048205 1.692086
v -0.021245 -0.048033 1.689614
v -0.019640 -0.047750 1.686500
v -0.019081 -0.047384 1.683052
v -0.019623 -0.046971 1.679606
v -0.021214 -0.046551 1.676501
v -0.023696 -0.046166 1.674039
v -0.026828 -0.045854 1.672462
v -0.030300 -0.045643 1.671926
v -0.033775 -0.045554 1.672480
v -0.036913 -0.045598 1.674072
v -0.039407 -0.045769 1.676545
v -0.041014 -0.046052 1.679658
v -0.041571 -0.046417 1.683107
v -0.043280 -0.048752 1.687039
v -0.041368 -0.049258 1.690773
v -0.038383 -0.049722 1.693732
v -0.034618 -0.050100 1.695627
v -0.030442 -0.050353 1.696273
v -0.026262 -0.050459 1.695607
v -0.022488 -0.050405 1.693693
v -0.019489 -0.050199 1.690719
v -0.017560 -0.049857 1.686975
v -0.016887 -0.049418 1.682829
v -0.017538 -0.048922 1.678684
v -0.019451 -0.048417 1.674950
v -0.022437 -0.047954 1.671990
v -0.026201 -0.047577 1.670095
v -0.030378 -0.047323 1.669449
v -0.034558 -0.047218 1.670115
v -0.038332 -0.047270 1.672029
v -0.041333 -0.047476 1.675004
v -0.043262 -0.047816 1.678748
v -0.043933 -0.048255 1.682896
v -0.045230 -0.051006 1.687385
v -0.043043 -0.051584 1.691657
v -0.039628 -0.052115 1.695042
v -0.035322 -0.052547 1.697209
v -0.030545 -0.052838 1.697947
v -0.025763 -0.052958 1.697186
v -0.021447 -0.052897 1.694996
v -0.018016 -0.052660 1.691594
v -0.015808 -0.052271 1.687313
v -0.015039 -0.051768 1.682569
v -0.015785 -0.051200 1.677829
v -0.017973 -0.050623 1.673557
v -0.021388 -0.050094 1.670172
v -0.025694 -0.049662 1.668004
v -0.030471 -0.049372 1.667265
v -0.035253 -0.049251 1.668027
v -0.039570 -0.049312 1.670216
v -0.043000 -0.049547 1.673619
v -0.045208 -0.049935 1.677902
v -0.045977 -0.050438 1.682645
v -0.046829 -0.053536 1.687582
v -0.044420 -0.054172 1.692286
v -0.040660 -0.054757 1.696013
v -0.035918 -0.055232 1.698400
v -0.030659 -0.055553 1.699213
v -0.025395 -0.055686 1.698374
v -0.020640 -0.055618 1.695963
v -0.016863 -0.055357 1.692217
v -0.014431 -0.054929 1.687503
v -0.013584 -0.054374 1.682280
v -0.014406 -0.053750 1.677060
v -0.016815 -0.053114 1.672357
v -0.020575 -0.052531 1.668629
v -0.025317 -0.052057 1.666241
v -0.030579 -0.051738 1.665428
v -0.035844 -0.051604 1.666268
v -0.040596 -0.051671 1.668679
v -0.044374 -0.051930 1.672424
v -0.046805 -0.052356 1.677141
v -0.047652 -0.052910 1.682364
v -0.048040 -0.056280 1.687628
v -0.045468 -0.056960 1.692647
v -0.041455 -0.057583 1.696625
v -0.036394 -0.058090 1.699172
v -0.030780 -0.058431 1.700040
v -0.025162 -0.058573 1.699144
v -0.020088 -0.058502 1.696572
v -0.016056 -0.058223 1.692574
v -0.013462 -0.057767 1.687542
v -0.012557 -0.057176 1.681968
v -0.013434 -0.056509 1.676397
v -0.016006 -0.055830 1.671378
v -0.020018 -0.055208 1.667399
v -0.025080 -0.054702 1.664852
v -0.030694 -0.054361 1.663983
v -0.036314 -0.054218 1.664880
v -0.041386 -0.054289 1.667452
v -0.045418 -0.054566 1.671449
v -0.048014 -0.055021 1.676482
v -0.048917 -0.055613 1.682057
v -0.048830 -0.059172 1.687518
v -0.046159 -0.059876 1.692730
v -0.041992 -0.060524 1.696861
v -0.036737 -0.061051 1.699506
v -0.030906 -0.061405 1.700407
v -0.025074 -0.061552 1.699477
v -0.019804 -0.061477 1.696806
v -0.015617 -0.061189 1.692655
v -0.012922 -0.060715 1.687430
v -0.011984 -0.060102 1.681640
v -0.012894 -0.059409 1.675856
v -0.015565 -0.058705 1.670642
v -0.019732 -0.058058 1.666512
v -0.024988 -0.057531 1.663867
v -0.030819 -0.057177 1.662965
v -0.036652 -0.057030 1.663895
v -0.041922 -0.057104 1.666566
v -0.046107 -0.057391 1.670718
v -0.048803 -0.057866 1.675944
v -0.049741 -0.058479 1.681733
v -0.049182 -0.062139 1.687257
v -0.046478 -0.062852 1.692535
v -0.042260 -0.063507 1.696717
v -0.036938 -0.064041 1.699394
v -0.031036 -0.064399 1.700307
v -0.025129 -0.064549 1.699365
v -0.019795 -0.064473 1.696662
v -0.015556 -0.064182 1.692459
v -0.012827 -0.063703 1.687167
v -0.011877 -0.063081 1.681306
v -0.012799 -0.062380 1.675449
v -0.015502 -0.061666 1.670172
v -0.019722 -0.061012 1.665989
v -0.025043 -0.060477 1.663312
v -0.030946 -0.060120 1.662399
v -0.036853 -0.059970 1.663341
v -0.042186 -0.060045 1.666045
v -0.046427 -0.060336 1.670249
v -0.049154 -0.060816 1.675539
v -0.050104 -0.061437 1.681400
v -0.049088 -0.065109 1.686850
v -0.046417 -0.065813 1.692064
v -0.042249 -0.066460 1.696195
v -0.036994 -0.066988 1.698839
v -0.031165 -0.067340 1.699741
v -0.025329 -0.067488 1.698811
v -0.020062 -0.067415 1.696140
v -0.015874 -0.067126 1.691988
v -0.013179 -0.066653 1.686762
v -0.012240 -0.066039 1.680973
v -0.013152 -0.065347 1.675188
v -0.015821 -0.064643 1.669976
v -0.019989 -0.063994 1.665845
v -0.025246 -0.063468 1.663200
v -0.031075 -0.063114 1.662299
v -0.036910 -0.062966 1.663229
v -0.042177 -0.063040 1.665900
v -0.046365 -0.063330 1.670051
v -0.049061 -0.063802 1.675276
v -0.049998 -0.064417 1.681066
v -0.048547 -0.068009 1.686309
v -0.045976 -0.068687 1.691329
v -0.041963 -0.069310 1.695308
v -0.036902 -0.069817 1.697854
v -0.031287 -0.070158 1.698723
v -0.025668 -0.070300 1.697827
v -0.020595 -0.070229 1.695255
v -0.016564 -0.069951 1.691257
v -0.013968 -0.069496 1.686224
v -0.013065 -0.068905 1.680649
v -0.013942 -0.068238 1.675078
v -0.016513 -0.067558 1.670059
v -0.020526 -0.066936 1.666082
v -0.025587 -0.066427 1.663534
v -0.031202 -0.066087 1.662666
v -0.036820 -0.065945 1.663562
v -0.041893 -0.066016 1.666134
v -0.045926 -0.066294 1.670131
v -0.048520 -0.066752 1.675164
v -0.049424 -0.067342 1.680739
v -0.047576 -0.070769 1.685646
v -0.045167 -0.071404 1.690350
v -0.041407 -0.071987 1.694077
v -0.036664 -0.072462 1.696465
v -0.031405 -0.072781 1.697278
v -0.026139 -0.072914 1.696439
v -0.021385 -0.072849 1.694028
v -0.017607 -0.072589 1.690282
v -0.015176 -0.072162 1.685567
v -0.014330 -0.071608 1.680342
v -0.015152 -0.070982 1.675124
v -0.017561 -0.070346 1.670420
v -0.021321 -0.069761 1.666693
v -0.026063 -0.069286 1.664306
v -0.031325 -0.068965 1.663493
v -0.036589 -0.068833 1.664332
v -0.041341 -0.068900 1.666742
v -0.045120 -0.069161 1.670489
v -0.047550 -0.069589 1.675203
v -0.048398 -0.070143 1.680426
v -0.046196 -0.073319 1.684877
v -0.044009 -0.073896 1.689149
v -0.040594 -0.074425 1.692534
v -0.036287 -0.074856 1.694702
v -0.031510 -0.075146 1.695441
v -0.026728 -0.075267 1.694679
v -0.022412 -0.075206 1.692490
v -0.018981 -0.074971 1.689087
v -0.016773 -0.074583 1.684804
v -0.016004 -0.074080 1.680061
v -0.016751 -0.073513 1.675321
v -0.018939 -0.072934 1.671050
v -0.022353 -0.072403 1.667666
v -0.026659 -0.071971 1.665497
v -0.031437 -0.071680 1.664759
v -0.036217 -0.071560 1.665521
v -0.040535 -0.071621 1.667710
v -0.043965 -0.071860 1.671112
v -0.046173 -0.072247 1.675394
v -0.046942 -0.072751 1.680137
v -0.044443 -0.075596 1.684022
v -0.042530 -0.076101 1.687756
v -0.039545 -0.076564 1.690716
v -0.035780 -0.076941 1.692611
v -0.031604 -0.077194 1.693257
v -0.027423 -0.077300 1.692591
v -0.023649 -0.077248 1.690677
v -0.020651 -0.077042 1.687702
v -0.018721 -0.076703 1.683958
v -0.018049 -0.076263 1.679811
v -0.018701 -0.075766 1.675668
v -0.020613 -0.075260 1.671934
v -0.023597 -0.074797 1.668974
v -0.027363 -0.074419 1.667079
v -0.031540 -0.074165 1.666433
v -0.035719 -0.074059 1.667099
v -0.039494 -0.074114 1.669013
v -0.042492 -0.074320 1.671987
v -0.044422 -0.074661 1.675731
v -0.045095 -0.075100 1.679878
v -0.042359 -0.077546 1.683100
v -0.040768 -0.077966 1.686205
v -0.038286 -0.078353 1.688667
v -0.035155 -0.078664 1.690244
v -0.031682 -0.078875 1.690781
v -0.028207 -0.078964 1.690226
v -0.025068 -0.078920 1.688634
v -0.022573 -0.078749 1.686161
v -0.020970 -0.078466 1.683048
v -0.020411 -0.078101 1.679600
v -0.020953 -0.077688 1.676153
v -0.022542 -0.077267 1.673048
v -0.025025 -0.076882 1.670587
v -0.028156 -0.076568 1.669011
v -0.031628 -0.076356 1.668474
v -0.035104 -0.076269 1.669029
v -0.038242 -0.076313 1.670620
v -0.040736 -0.076485 1.673093
v -0.042342 -0.076768 1.676206
v -0.042900 -0.077134 1.679654
v -0.040040 -0.079094 1.682154
v -0.038804 -0.079420 1.684568
v -0.036876 -0.079720 1.686480
v -0.034442 -0.079963 1.687707
v -0.031742 -0.080128 1.688124
v -0.029041 -0.080196 1.687694
v -0.026601 -0.080161 1.686456
v -0.024665 -0.080029 1.684534
v -0.023416 -0.079810 1.682113
v -0.022982 -0.079525 1.679433
v -0.023404 -0.079204 1.676755
v -0.024639 -0.078877 1.674341
v -0.026568 -0.078578 1.672428
v -0.029002 -0.078332 1.671203
v -0.031701 -0.078169 1.670786
v -0.034402 -0.078101 1.671216
v -0.036842 -0.078135 1.672453
v -0.038780 -0.078270 1.674377
v -0.040027 -0.078489 1.676796
v -0.040461 -0.078774 1.679476
v -0.037865 -0.080202 1.681309
v -0.036959 -0.080442 1.683078
v -0.035545 -0.080661 1.684480
v -0.033762 -0.080839 1.685377
v -0.031785 -0.080960 1.685684
v -0.029804 -0.081009 1.685367
v -0.028016 -0.080984 1.684461
v -0.026597 -0.080886 1.683052
v -0.025683 -0.080726 1.681279
v -0.025365 -0.080517 1.679315
v -0.025673 -0.080282 1.677354
v -0.026578 -0.080043 1.675586
v -0.027993 -0.079824 1.674184
v -0.029776 -0.079645 1.673286
v -0.031754 -0.079524 1.672981
v -0.033733 -0.079475 1.673296
v -0.035521 -0.079499 1.674202
v -0.036940 -0.079597 1.675612
v -0.037855 -0.079758 1.677384
v -0.038174 -0.079966 1.679348
v -0.034327 -0.080308 1.680150
v -0.033947 -0.080409 1.680892
v -0.033355 -0.080500 1.681479
v -0.032608 -0.080575 1.681855
v -0.031780 -0.080625 1.681983
v -0.030949 -0.080647 1.681851
v -0.030199 -0.080636 1.681471
v -0.029604 -0.080595 1.680882
v -0.029222 -0.080528 1.680139
v -0.029088 -0.080441 1.679315
v -0.029218 -0.080342 1.678494
v -0.029597 -0.080242 1.677754
v -0.030189 -0.080150 1.677167
v -0.030937 -0.080076 1.676790
v -0.031768 -0.080025 1.676662
v -0.032597 -0.080004 1.676794
v -0.033346 -0.080014 1.677173
v -0.033941 -0.080055 1.677764
v -0.034324 -0.080122 1.678507
v -0.034457 -0.080209 1.679328
v -0.030169 -0.043266 1.683489
v -0.031772 -0.080325 1.679322
v -0.044383 -0.074856 1.678465
v -0.046309 -0.071657 1.676795
v -0.038991 -0.079025 1.681456
v -0.032418 -0.081018 1.682342
v -0.028618 -0.080814 1.681847
v -0.021413 -0.079348 1.677728
v -0.047885 -0.069507 1.675468
v -0.044713 -0.073919 1.677405
v -0.046103 -0.072094 1.678494
v -0.026989 -0.079737 1.674439
v -0.019253 -0.078100 1.675607
v -0.035701 -0.080319 1.682256
v -0.040276 -0.077345 1.674889
v -0.030247 -0.079935 1.674042
v -0.050730 -0.080393 1.681059
v -0.053209 -0.075761 1.677811
v -0.043092 -0.086974 1.684727
v -0.031813 -0.089863 1.685839
v -0.037252 -0.089292 1.685786
v -0.024978 -0.089880 1.684269
v -0.015210 -0.086883 1.677680
v -0.053760 -0.072547 1.675521
v -0.048746 -0.075560 1.673928
v -0.043481 -0.080070 1.671068
v -0.050939 -0.072202 1.676243
v -0.051914 -0.070406 1.677484
v -0.026025 -0.083415 1.669682
v -0.017644 -0.081876 1.671868
v -0.030332 -0.083841 1.669044
v -0.050567 -0.070085 1.675553
v -0.049282 -0.073393 1.677001
v -0.047032 -0.077741 1.679200
v -0.040762 -0.083315 1.682302
v -0.036429 -0.085337 1.683265
v -0.031717 -0.085693 1.683409
v -0.026410 -0.085640 1.682126
v -0.018018 -0.083530 1.676528
v -0.025088 -0.080131 1.680472
v -0.022795 -0.084729 1.680031
v -0.020311 -0.088551 1.681432
v -0.039071 -0.081902 1.669764
v -0.037354 -0.078868 1.674220
v -0.021986 -0.082456 1.670254
v -0.023789 -0.079115 1.675285
v 0.044798 -0.074873 1.678472
v 0.046734 -0.071682 1.676801
v 0.039391 -0.079036 1.681461
v 0.032798 -0.081004 1.682346
v 0.028981 -0.080769 1.681857
v 0.021741 -0.079214 1.677734
v 0.048333 -0.069507 1.675468
v 0.045102 -0.073941 1.677416
v 0.046534 -0.072097 1.678500
v 0.027347 -0.079709 1.674453
v 0.019658 -0.078077 1.675613
v 0.036144 -0.080320 1.682256
v 0.040716 -0.077345 1.674890
v 0.030676 -0.079933 1.674044
v 0.051210 -0.080392 1.681057
v 0.053687 -0.075762 1.677811
v 0.043570 -0.086973 1.684726
v 0.032291 -0.089864 1.685839
v 0.037730 -0.089294 1.685786
v 0.025455 -0.089881 1.684269
v 0.015688 -0.086884 1.677680
v 0.054238 -0.072549 1.675521
v 0.049224 -0.075561 1.673929
v 0.043958 -0.080070 1.671070
v 0.051414 -0.072202 1.676245
v 0.052390 -0.070405 1.677486
v 0.026506 -0.083414 1.669684
v 0.018124 -0.081874 1.671873
v 0.030808 -0.083840 1.669046
v 0.051045 -0.070086 1.675554
v 0.049763 -0.073395 1.677001
v 0.047515 -0.077741 1.679199
v 0.041242 -0.083316 1.682303
v 0.036907 -0.085339 1.683266
v 0.032193 -0.085689 1.683407
v 0.026888 -0.085631 1.682122
v 0.018502 -0.083509 1.676521
v 0.025469 -0.080071 1.680483
v 0.023279 -0.084716 1.680027
v 0.020788 -0.088553 1.681432
v 0.039547 -0.081902 1.669766
v 0.037798 -0.078867 1.674222
v 0.022465 -0.082453 1.670258
v 0.024179 -0.079087 1.675297
v 0.042505 -0.077757 1.680133
v 0.044960 -0.080616 1.681201
v 0.048098 -0.083720 1.683347
v -0.047739 -0.083615 1.683295
v -0.044592 -0.080517 1.681147
v -0.042061 -0.077754 1.680131
v -0.019844 -0.082168 1.670981
v -0.021060 -0.078477 1.675591
v 0.020324 -0.082166 1.670985
v 0.021468 -0.078456 1.675598
v 0.035152 -0.083114 1.668932
v 0.033939 -0.080247 1.673842
v 0.047034 -0.077717 1.672438
v 0.042938 -0.075910 1.675943
v -0.034676 -0.083116 1.668930
v -0.033503 -0.080249 1.673839
v -0.046557 -0.077717 1.672438
v -0.042524 -0.075899 1.675938
v 0.076502 -0.023749 1.695123
v 0.067928 -0.049022 1.711944
v 0.057561 -0.066403 1.720716
v 0.028033 -0.086257 1.731754
v -0.001379 -0.091057 1.734457
v 0.073237 -0.033564 1.739847
v 0.082204 -0.006721 1.726124
v 0.071243 -0.022099 1.695137
v 0.061892 -0.046742 1.710067
v 0.053559 -0.064705 1.719769
v 0.026509 -0.083357 1.730020
v -0.001464 -0.090263 1.733963
v 0.059230 -0.009425 1.728963
v 0.070575 -0.045237 1.720045
v 0.059498 -0.062323 1.729477
v 0.033145 -0.066750 1.738453
v 0.059824 -0.039869 1.719470
v 0.069235 -0.015981 1.704854
v 0.081080 -0.018923 1.705085
v -0.075651 -0.020915 1.692941
v -0.065823 -0.047756 1.707451
v -0.057234 -0.065790 1.718630
v -0.029846 -0.086653 1.732037
v -0.081527 -0.004327 1.723368
v -0.070496 -0.019085 1.694173
v -0.061236 -0.044467 1.710062
v -0.053389 -0.064044 1.718356
v -0.028264 -0.084045 1.729843
v -0.060291 -0.014607 1.728505
v -0.070030 -0.043135 1.718116
v -0.059519 -0.061275 1.728577
v -0.030534 -0.084207 1.740441
v -0.037190 -0.063905 1.737851
v -0.061482 -0.038182 1.718496
v -0.070318 -0.013179 1.704071
v -0.080076 -0.016018 1.703306
v -0.016242 -0.089395 1.733508
v -0.015954 -0.087214 1.732717
v -0.045345 -0.078281 1.726393
v -0.042328 -0.075123 1.724457
v -0.047399 -0.074391 1.735389
v 0.012647 -0.090105 1.734612
v 0.012662 -0.088145 1.732919
v 0.042415 -0.078028 1.737216
v 0.042063 -0.080366 1.729068
v 0.038870 -0.077501 1.726233
vn 0.8465 -0.4913 0.2053
vn 0.7639 -0.5852 0.2719
vn 0.7743 -0.5703 0.2743
vn 0.8653 -0.4643 0.1890
vn 0.5665 -0.7419 0.3588
vn 0.5741 -0.7244 0.3816
vn 0.5946 -0.6623 0.4559
vn 0.5808 -0.6923 0.4283
vn 0.7560 -0.5502 0.3544
vn 0.7520 -0.5387 0.3800
vn 0.9138 -0.3943 0.0979
vn 0.8118 -0.5560 0.1784
vn 0.8144 -0.5653 0.1311
vn 0.9068 -0.4117 0.0908
vn 0.7268 -0.6262 0.2821
vn 0.5386 -0.7479 0.3880
vn 0.5831 -0.6937 0.4228
vn 0.7535 -0.5642 0.3376
vn 0.7534 -0.6043 -0.2594
vn 0.8655 -0.4997 -0.0337
vn 0.7593 -0.6498 -0.0361
vn 0.6113 -0.7387 -0.2838
vn 0.3450 -0.7529 -0.5605
vn 0.2696 -0.7240 -0.6349
vn 0.1881 -0.6739 -0.7145
vn 0.2327 -0.6830 -0.6923
vn 0.3646 -0.6282 -0.6874
vn 0.5721 -0.6594 -0.4878
vn 0.4338 -0.7447 -0.5072
vn 0.2802 -0.6718 -0.6857
vn 0.5190 -0.5988 -0.6099
vn 0.7013 -0.5714 -0.4263
vn 0.1936 -0.5553 -0.8088
vn 0.3589 -0.6278 -0.6906
vn 0.1490 -0.5654 -0.8113
vn 0.1024 -0.5375 -0.8370
vn 0.1266 -0.5659 -0.8147
vn 0.7275 -0.6830 -0.0661
vn 0.5966 -0.7113 -0.3718
vn 0.6691 -0.7149 -0.2030
vn 0.6510 0.5920 -0.4751
vn 0.6509 -0.6716 0.3541
vn 0.0508 0.5398 0.8402
vn 0.1250 -0.0155 0.9920
vn 0.3500 -0.9356 0.0477
vn 0.4951 -0.8401 0.2215
vn 0.1482 0.0600 0.9871
vn -0.0481 -0.9874 -0.1508
vn 0.1349 -0.9888 -0.0642
vn 0.0185 -0.2174 0.9759
vn -0.1680 -0.2809 0.9449
vn 0.1560 -0.3853 -0.9095
vn 0.0947 -0.4675 -0.8789
vn 0.1748 -0.6281 -0.7582
vn 0.1825 -0.5886 -0.7876
vn -0.3840 -0.9223 -0.0429
vn -0.1811 -0.9738 -0.1373
vn -0.4635 -0.3692 0.8055
vn -0.6046 -0.0831 0.7922
vn 0.2029 -0.4949 -0.8449
vn 0.2076 -0.3983 -0.8935
vn 0.1491 -0.5870 -0.7958
vn 0.1516 -0.5987 -0.7865
vn 0.7049 -0.7093 0.0012
vn 0.7948 -0.6057 0.0379
vn 0.8687 -0.4949 0.0205
vn 0.8010 -0.5983 -0.0178
vn 0.8193 -0.4919 0.2946
vn 0.7972 -0.4953 0.3452
vn 0.6787 -0.6935 0.2417
vn 0.6866 -0.7045 0.1797
vn 0.6388 -0.7680 -0.0450
vn 0.4961 -0.7969 -0.3449
vn 0.8040 -0.5681 0.1755
vn 0.8011 -0.5713 0.1788
vn 0.7092 -0.6723 0.2123
vn 0.6879 -0.6913 0.2212
vn 0.8825 -0.4560 0.1150
vn 0.9019 -0.4230 0.0870
vn 0.9184 -0.3922 0.0529
vn 0.9360 -0.3519 0.0036
vn 0.5165 -0.8563 0.0019
vn 0.5974 -0.7931 0.1192
vn 0.5771 -0.8013 0.1579
vn 0.5049 -0.8562 0.1096
vn 0.4069 -0.9052 -0.1229
vn 0.4009 -0.9147 0.0499
vn 0.1975 -0.9803 0.0021
vn 0.2461 -0.9466 -0.2084
vn 0.7587 -0.5350 -0.3718
vn 0.6357 -0.6021 -0.4830
vn 0.6252 -0.7366 0.2580
vn 0.6453 -0.7334 0.2136
vn 0.6287 -0.7742 -0.0726
vn 0.3573 -0.8492 -0.3888
vn 0.8068 -0.4920 0.3271
vn 0.8288 -0.4997 0.2517
vn 0.8176 -0.5315 0.2213
vn 0.8003 -0.5061 0.3215
vn 0.2504 -0.7579 0.6023
vn 0.1271 -0.7941 0.5943
vn 0.2995 -0.7568 0.5809
vn 0.2903 -0.7544 0.5887
vn 0.0900 -0.7060 -0.7024
vn 0.1430 -0.6817 -0.7175
vn -0.1196 0.2002 -0.9724
vn -0.3774 0.1766 -0.9090
vn -0.0483 -0.3283 -0.9433
vn 0.1623 -0.5954 -0.7868
vn -0.3048 -0.2713 -0.9129
vn 0.6773 0.6251 -0.3879
vn 0.1273 -0.7124 -0.6901
vn -0.5273 -0.1186 -0.8414
vn 0.2158 -0.7306 -0.6478
vn 0.1465 -0.8063 -0.5730
vn 0.5749 -0.3686 -0.7305
vn 0.5541 -0.1038 -0.8259
vn 0.1242 -0.6758 -0.7266
vn 0.1321 -0.6838 -0.7176
vn 0.3086 0.0874 -0.9472
vn 0.0844 0.2022 -0.9757
vn 0.5466 -0.3394 0.7655
vn 0.6358 -0.7398 0.2201
vn 0.6012 -0.7654 0.2298
vn 0.5675 -0.7774 0.2712
vn 0.5611 -0.8007 0.2099
vn 0.5359 -0.8426 -0.0532
vn 0.4149 -0.8083 -0.4178
vn 0.0111 -0.9998 0.0186
vn 0.0181 -0.7974 0.6032
vn 0.0667 -0.9761 -0.2067
vn -0.4610 -0.8871 0.0251
vn -0.5578 -0.8251 0.0894
vn 0.0371 -0.5608 -0.8271
vn 0.6801 -0.7089 -0.1867
vn 0.0330 -0.8650 -0.5007
vn 0.2121 -0.7991 -0.5626
vn 0.3175 0.6898 -0.6507
vn 0.3098 -0.5430 -0.7805
vn -0.0335 -0.9605 0.2762
vn -0.6053 -0.5440 0.5811
vn -0.7530 -0.4390 -0.4902
vn -0.7934 -0.5366 0.2874
vn 0.4357 -0.6181 -0.6543
vn 0.4148 -0.5845 -0.6974
vn 0.2626 -0.5555 -0.7890
vn 0.2622 -0.6031 -0.7534
vn 0.5057 -0.6454 -0.5724
vn 0.8744 -0.4752 0.0982
vn 0.8698 -0.4113 0.2726
vn 0.8781 -0.4446 0.1771
vn 0.8727 -0.4880 -0.0131
vn -0.1472 -0.9883 -0.0390
vn -0.0698 -0.9878 -0.1390
vn -0.1079 -0.9918 0.0686
vn -0.1951 -0.9783 0.0693
vn 0.8234 -0.4662 0.3235
vn 0.8305 -0.5248 0.1865
vn 0.2340 -0.6745 -0.7002
vn 0.1952 -0.6522 -0.7324
vn 0.1345 -0.6636 -0.7359
vn 0.1515 -0.6682 -0.7284
vn 0.3369 -0.8074 -0.4843
vn 0.4036 -0.9131 -0.0589
vn 0.2202 -0.9731 -0.0678
vn 0.2151 -0.8331 -0.5096
vn 0.4827 -0.8658 -0.1320
vn 0.2574 -0.9281 -0.2691
vn 0.2301 -0.9560 -0.1821
vn 0.3558 -0.9345 -0.0154
vn 0.1319 -0.8643 -0.4854
vn 0.1223 -0.8600 -0.4955
vn 0.1188 -0.9883 -0.0960
vn 0.1222 -0.9839 -0.1302
vn 0.4264 -0.6812 -0.5952
vn 0.6544 -0.6538 -0.3799
vn 0.6291 -0.6217 -0.4666
vn 0.5935 -0.7593 -0.2671
vn 0.2914 -0.8549 -0.4293
vn 0.1243 -0.9825 -0.1386
vn 0.1224 -0.9863 -0.1105
vn 0.0727 -0.9960 0.0527
vn 0.0699 -0.9956 0.0630
vn 0.4128 -0.9023 0.1242
vn 0.3950 -0.9183 -0.0246
vn 0.2812 -0.9589 -0.0387
vn 0.3035 -0.9354 0.1813
vn 0.5313 -0.8443 0.0702
vn 0.6568 -0.7518 0.0592
vn 0.6130 -0.7853 0.0862
vn 0.5057 -0.8625 0.0194
vn 0.7292 -0.6626 0.1713
vn 0.6542 -0.7410 0.1517
vn 0.6205 -0.7064 0.3406
vn 0.6920 -0.6301 0.3523
vn 0.7073 -0.7064 -0.0289
vn 0.7188 -0.6763 0.1608
vn 0.7773 -0.6208 0.1021
vn 0.7565 -0.6516 -0.0555
vn 0.8166 -0.4697 0.3356
vn 0.8341 -0.3932 0.3868
vn 0.7853 -0.4300 0.4454
vn 0.7405 -0.5199 0.4260
vn 0.3226 -0.9346 0.1497
vn 0.3075 -0.9422 0.1332
vn 0.2952 -0.9291 0.2227
vn 0.3168 -0.9108 0.2646
vn 0.1237 -0.9431 0.3086
vn 0.1394 -0.9565 0.2562
vn 0.0488 -0.9970 0.0604
vn 0.0122 -0.9850 0.1721
vn 0.5450 -0.8264 0.1418
vn 0.4188 -0.8964 0.1454
vn 0.3992 -0.8687 0.2932
vn 0.5118 -0.7985 0.3168
vn 0.2301 -0.9550 0.1872
vn 0.3353 -0.9278 0.1637
vn 0.2036 -0.9545 0.2181
vn 0.1854 -0.9364 0.2980
vn 0.1804 -0.9567 0.2285
vn 0.1502 -0.9885 -0.0156
vn 0.5687 -0.6537 0.4992
vn 0.6186 -0.5891 0.5199
vn 0.4814 -0.7026 0.5241
vn 0.3792 -0.7800 0.4979
vn 0.1562 -0.9151 0.3716
vn 0.2176 -0.8692 0.4440
vn 0.3387 -0.8141 0.4718
vn 0.2440 -0.8896 0.3862
vn 0.0564 -0.9458 0.3197
vn 0.1309 -0.8998 0.4163
vn 0.4503 -0.8926 0.0237
vn 0.4085 -0.9084 0.0890
vn 0.3236 -0.9326 0.1598
vn 0.3598 -0.9288 0.0884
vn 0.5585 -0.7980 0.2264
vn 0.4712 -0.8510 0.2317
vn 0.4358 -0.8749 0.2112
vn 0.5180 -0.8252 0.2252
vn 0.0656 -0.9744 0.2150
vn -0.0000 -0.9769 0.2135
vn 0.0002 -0.9885 0.1514
vn 0.0503 -0.9865 0.1557
vn 0.9520 -0.3061 -0.0041
vn 0.9509 -0.3069 0.0394
vn 0.9486 -0.3081 0.0721
vn 0.9627 -0.2656 0.0523
vn 0.8463 -0.4929 -0.2019
vn 0.9232 -0.3839 -0.0163
vn 0.8785 -0.4384 -0.1899
vn 0.9442 -0.3282 -0.0275
vn 0.3470 -0.9072 0.2378
vn 0.4538 -0.8479 0.2743
vn 0.2979 -0.9543 0.0223
vn 0.2839 -0.9586 0.0238
vn 0.4735 -0.8786 -0.0619
vn 0.3667 -0.9303 -0.0094
vn 0.9753 -0.1868 -0.1178
vn 0.9634 -0.2332 -0.1323
vn 0.9611 -0.2368 -0.1420
vn 0.9748 -0.1836 -0.1266
vn 0.9798 -0.1482 -0.1344
vn 0.9790 -0.1680 -0.1158
vn 0.9809 -0.1894 -0.0442
vn 0.9744 -0.2245 0.0151
vn 0.9780 -0.2069 0.0255
vn -0.0527 -0.2482 0.9673
vn 0.0403 -0.2340 0.9714
vn -0.2154 -0.4167 0.8831
vn -0.1640 -0.2933 0.9418
vn -0.1068 0.1020 -0.9890
vn -0.3402 0.0652 -0.9381
vn -0.6230 -0.0907 -0.7769
vn -0.5774 -0.2540 -0.7760
vn 0.7472 -0.0657 -0.6614
vn 0.6369 -0.0082 -0.7709
vn 0.3638 0.0649 -0.9292
vn 0.1071 0.1104 -0.9881
vn 0.2345 0.9480 -0.2153
vn 0.2534 0.1330 0.9582
vn 0.7631 -0.0912 -0.6398
vn 0.5106 -0.3624 -0.7797
vn 0.0082 0.2694 -0.9630
vn 0.1066 0.4349 -0.8942
vn 0.0865 -0.2456 0.9655
vn -0.2381 0.1077 0.9653
vn 0.0100 0.1408 0.9900
vn -0.5868 0.0365 0.8089
vn -0.4680 0.0786 0.8802
vn -0.0737 -0.2299 -0.9704
vn -0.4840 -0.1084 -0.8683
vn -0.0140 0.5698 0.8216
vn -0.6035 -0.1857 -0.7754
vn 0.6307 -0.0560 -0.7740
vn 0.5981 -0.1604 -0.7852
vn 0.3498 -0.2308 -0.9079
vn 0.1442 -0.2395 -0.9601
vn 0.1393 0.1437 0.9798
vn 0.0873 -0.0925 0.9919
vn -0.1637 -0.1243 0.9787
vn 0.1691 -0.7900 0.5894
vn 0.2859 -0.7728 0.5667
vn -0.4357 -0.0936 0.8952
vn -0.6062 -0.0387 0.7943
vn -0.4011 -0.5634 0.7223
vn 0.0288 -0.7397 0.6723
vn -0.9796 0.0720 -0.1874
vn -0.6550 0.0470 -0.7542
vn -0.8709 0.1456 -0.4695
vn -0.9865 -0.0030 -0.1636
vn -0.6047 -0.0525 -0.7947
vn -0.6671 -0.4801 -0.5697
vn 0.2146 -0.3315 -0.9187
vn 0.3771 -0.3403 -0.8614
vn 0.4384 -0.8068 -0.3960
vn 0.3462 -0.8897 -0.2976
vn -0.0135 -0.2595 -0.9657
vn 0.0165 -0.9047 -0.4257
vn 0.2244 -0.0547 0.9730
vn 0.3646 -0.7815 0.5063
vn 0.5847 -0.6646 -0.4653
vn 0.4804 -0.7360 0.4770
vn -0.7723 -0.5747 0.2708
vn 0.4519 -0.8668 -0.2107
vn 0.4760 -0.8694 -0.1326
vn 0.3534 -0.9305 -0.0968
vn 0.3297 -0.9275 -0.1761
vn 0.1261 -0.2549 0.9587
vn 0.1758 0.1341 0.9753
vn -0.0038 -0.7829 0.6221
vn 0.5680 -0.8230 -0.0057
vn 0.6666 -0.7437 -0.0505
vn 0.4883 -0.8685 -0.0854
vn 0.4221 -0.9066 0.0014
vn 0.7993 -0.5990 0.0476
vn 0.6827 -0.7297 -0.0371
vn 0.2948 -0.9505 -0.0981
vn 0.6015 -0.7898 -0.1198
vn 0.5793 -0.8138 -0.0462
vn 0.5583 -0.7981 -0.2266
vn 0.5994 -0.7818 -0.1720
vn 0.7431 -0.6305 -0.2242
vn 0.7876 -0.5751 -0.2211
vn 0.7094 -0.6744 -0.2049
vn 0.6623 -0.7123 -0.2324
vn 0.9505 -0.2376 -0.2001
vn 0.9702 -0.1564 -0.1851
vn 0.9754 -0.1787 -0.1292
vn 0.9582 -0.2459 -0.1460
vn 0.9834 -0.1165 -0.1393
vn 0.9804 -0.0606 -0.1875
vn 0.6906 -0.6329 -0.3501
vn 0.7880 -0.5441 -0.2881
vn 0.9621 -0.2684 -0.0483
vn 0.9500 -0.3048 -0.0669
vn 0.9639 -0.2657 0.0198
vn -0.3828 -0.0924 -0.9192
vn 0.4560 -0.7411 -0.4927
vn 0.2896 -0.6399 -0.7118
vn 0.1974 -0.5525 -0.8098
vn -0.5036 0.3666 -0.7823
vn 0.0292 -0.4367 -0.8991
vn -0.4499 0.3179 -0.8346
vn -0.4521 0.8675 0.2074
vn -0.3283 0.6319 -0.7021
vn -0.3066 0.8932 0.3288
vn -0.0167 0.9317 0.3630
vn -0.1473 0.8916 0.4282
vn -0.0181 0.7621 -0.6472
vn 0.1377 0.7846 -0.6045
vn 0.3314 0.8819 -0.3353
vn 0.1084 0.9377 0.3300
vn 0.3682 0.2974 -0.8809
vn 0.3127 -0.2694 -0.9108
vn 0.5133 -0.6093 -0.6044
vn 0.2477 0.9687 0.0154
vn 0.3956 -0.3589 -0.8454
vn 0.5034 -0.4450 -0.7406
vn 0.8126 -0.5724 -0.1101
vn 0.7890 -0.5674 -0.2359
vn 0.6482 -0.7518 0.1210
vn 0.7624 -0.6471 -0.0043
vn 0.4708 -0.8447 0.2546
vn 0.6239 -0.7214 -0.3005
vn 0.5522 -0.7000 -0.4528
vn 0.5985 -0.7202 -0.3508
vn 0.4436 -0.7029 -0.5560
vn 0.4943 -0.7382 -0.4590
vn 0.8665 -0.4732 -0.1589
vn 0.8587 -0.4666 -0.2120
vn 0.9035 -0.3781 -0.2018
vn 0.9116 -0.3807 -0.1553
vn 0.7192 -0.6740 -0.1686
vn 0.8014 -0.5635 -0.2002
vn 0.8016 -0.5797 -0.1464
vn 0.7065 -0.6995 -0.1073
vn 0.9378 -0.3014 -0.1723
vn 0.9430 -0.2991 -0.1461
vn 0.9784 -0.1998 -0.0524
vn 0.9663 -0.2478 -0.0692
vn 0.2610 -0.6695 -0.6955
vn 0.8309 -0.5539 0.0523
vn 0.8222 -0.5644 -0.0737
vn 0.1418 -0.9874 0.0698
vn 0.1698 -0.9776 0.1242
vn 0.2540 -0.9475 0.1940
vn 0.4142 -0.8825 0.2229
vn 0.9753 -0.2205 -0.0137
vn 0.9737 -0.2276 0.0032
vn 0.7284 -0.5914 -0.3459
vn 0.6990 -0.6936 -0.1739
vn 0.2550 -0.9403 -0.2254
vn -0.0323 -0.9816 -0.1884
vn 0.6261 -0.6878 -0.3673
vn 0.6028 -0.7777 -0.1783
vn 0.6925 -0.6933 0.1994
vn 0.5965 -0.7406 0.3093
vn 0.3423 -0.8775 0.3359
vn 0.2862 -0.8362 0.4677
vn 0.5132 -0.7230 0.4625
vn 0.3374 -0.8158 -0.4698
vn 0.6932 -0.6159 0.3744
vn 0.7652 -0.5823 0.2745
vn 0.8400 -0.5326 0.1032
vn 0.8482 -0.5125 -0.1338
vn 0.6542 -0.5061 -0.5620
vn 0.6138 -0.6057 -0.5063
vn 0.5820 -0.8090 0.0819
vn 0.7016 -0.7102 0.0580
vn 0.8846 -0.4282 -0.1848
vn 0.9441 -0.3250 -0.0552
vn 0.4645 -0.8761 0.1289
vn 0.6194 -0.5787 -0.5305
vn 0.8873 -0.4569 -0.0634
vn 0.9331 -0.3593 -0.0178
vn 0.9628 -0.2674 0.0395
vn 0.9660 -0.2559 0.0368
vn 0.9763 -0.2073 -0.0613
vn 0.9429 -0.3248 -0.0742
vn 0.5411 -0.8405 0.0265
vn 0.3659 -0.9237 0.1139
vn 0.5036 -0.8603 0.0791
vn 0.2695 -0.9492 0.1628
vn 0.2398 -0.9426 0.2324
vn 0.2610 -0.9135 0.3121
vn 0.3362 -0.8586 0.3870
vn 0.4411 -0.7788 0.4460
vn 0.5642 -0.6711 0.4810
vn 0.6630 -0.5726 0.4823
vn 0.8185 -0.4258 0.3858
vn 0.8011 -0.4349 0.4112
vn 0.6725 -0.7396 -0.0269
vn 0.7852 -0.6161 -0.0619
vn 0.7486 -0.6627 0.0197
vn 0.6289 -0.7761 0.0456
vn 0.9109 -0.4068 -0.0686
vn 0.8642 -0.4983 -0.0690
vn -0.1973 -0.4639 0.8636
vn -0.4501 -0.1093 0.8863
vn 0.3882 -0.7227 0.5719
vn 0.6653 -0.7117 0.2256
vn 0.6461 -0.7271 0.2322
vn 0.6858 -0.7110 0.1551
vn 0.7466 -0.6598 0.0857
vn 0.7938 -0.6053 0.0591
vn 0.8392 -0.5438 0.0105
vn 0.8897 -0.4565 0.0020
vn 0.9349 -0.3548 -0.0115
vn 0.9645 -0.2640 0.0048
vn 0.9770 -0.2120 0.0240
vn 0.9718 -0.2313 0.0450
vn 0.9768 -0.2047 -0.0638
vn 0.9480 -0.3152 -0.0446
vn 0.9327 -0.3585 -0.0396
vn 0.2276 0.0895 0.9696
vn 0.1178 -0.2742 0.9544
vn -0.0835 -0.7862 0.6122
vn -0.0812 -0.9886 0.1268
vn -0.1886 -0.9789 0.0792
vn -0.1069 -0.8344 0.5407
vn -0.1112 -0.8835 0.4551
vn 0.0218 -0.9593 0.2817
vn -0.1050 -0.9851 0.1363
vn 0.1927 -0.9163 0.3511
vn 0.0476 -0.9800 0.1932
vn 0.2178 -0.9526 0.2122
vn 0.4042 -0.8396 0.3629
vn 0.2737 0.7340 -0.6216
vn -0.6775 -0.5629 -0.4734
vn -0.5626 -0.1767 0.8076
vn -0.1044 0.9923 -0.0674
vn 0.0751 -0.7356 0.6732
vn -0.2764 0.0561 0.9594
vn 0.3399 -0.9189 0.2001
vn 0.2375 -0.9525 0.1907
vn 0.1855 -0.9720 0.1444
vn 0.2624 -0.9477 0.1817
vn 0.3728 -0.8983 0.2324
vn 0.2719 -0.9346 0.2294
vn 0.5676 -0.2292 -0.7908
vn 0.2548 -0.0180 0.9668
vn 0.2210 -0.0194 0.9751
vn 0.6486 -0.4397 0.6213
vn 0.8463 -0.4713 -0.2482
vn 0.5592 -0.2051 -0.8033
vn 0.7640 -0.5495 -0.3381
vn 0.1041 -0.9804 -0.1675
vn 0.1796 -0.8572 -0.4827
vn 0.1129 -0.9806 -0.1601
vn 0.1025 -0.9933 0.0524
vn 0.0618 -0.9968 0.0500
vn 0.1256 -0.9833 0.1320
vn 0.0751 -0.9888 0.1291
vn 0.0415 -0.9907 0.1295
vn -0.0005 -0.9910 0.1337
vn 0.0996 -0.9809 0.1668
vn 0.1587 -0.9710 0.1790
vn 0.1882 -0.9560 0.2250
vn 0.1245 -0.9676 0.2195
vn -0.0013 -0.9980 -0.0638
vn -0.0000 -0.9974 0.0720
vn -0.0007 -0.9882 -0.1532
vn 0.1209 -0.9787 -0.1661
vn 0.1659 -0.9741 -0.1538
vn 0.2061 -0.9780 0.0320
vn 0.2394 -0.9190 0.3131
vn 0.2627 -0.8457 0.4645
vn 0.2949 -0.8061 0.5131
vn 0.3118 -0.7876 0.5315
vn 0.2968 -0.8242 0.4823
vn -0.0003 -0.8998 0.4364
vn 0.2741 -0.8649 0.4205
vn -0.0004 -0.8679 0.4968
vn -0.0001 -0.8752 0.4838
vn 0.2739 -0.8434 0.4622
vn 0.0002 -0.9902 0.1395
vn 0.0338 -0.9904 0.1342
vn -0.7345 0.0643 0.6756
vn 0.3619 -0.0224 0.9320
vn -0.3762 0.6985 0.6088
vn 0.0638 -0.3087 0.9490
vn -0.5951 0.0802 0.7996
vn 0.9042 -0.3341 0.2661
vn 0.8970 -0.3755 0.2331
vn 0.8828 -0.4648 0.0685
vn 0.8884 -0.3492 0.2979
vn 0.8631 -0.4779 0.1630
vn 0.8924 -0.4299 0.1371
vn 0.8908 -0.4428 0.1017
vn 0.8550 -0.5025 0.1283
vn 0.8367 -0.5412 0.0840
vn 0.7858 -0.5863 0.1970
vn 0.7547 -0.5587 0.3438
vn 0.7411 -0.4943 0.4543
vn 0.6781 -0.5683 0.4661
vn 0.7143 -0.5032 0.4864
vn 0.6436 -0.6412 0.4179
vn 0.3257 -0.9180 0.2262
vn 0.5418 -0.7708 0.3352
vn -0.2232 -0.9269 0.3019
vn -0.6242 0.4905 0.6081
vn 0.5786 -0.7443 -0.3335
vn -0.7575 0.6428 -0.1139
vn -0.7974 0.5424 -0.2645
vn -0.2337 -0.9690 -0.0796
vn -0.1805 -0.9737 -0.1390
vn -0.2360 -0.9621 -0.1363
vn -0.2957 -0.9504 -0.0966
vn -0.7640 -0.5850 0.2721
vn -0.7746 -0.5702 0.2737
vn -0.5740 -0.7245 0.3817
vn -0.5657 -0.7424 0.3590
vn -0.5947 -0.6618 0.4566
vn -0.7517 -0.5386 0.3806
vn -0.7563 -0.5502 0.3541
vn -0.5793 -0.6931 0.4289
vn -0.9143 -0.3936 0.0953
vn -0.9084 -0.4093 0.0852
vn -0.8155 -0.5647 0.1268
vn -0.8130 -0.5541 0.1788
vn -0.5368 -0.7487 0.3891
vn -0.7283 -0.6244 0.2822
vn -0.7520 -0.5654 0.3387
vn -0.5838 -0.6925 0.4237
vn -0.7582 -0.6024 -0.2495
vn -0.6127 -0.7404 -0.2765
vn -0.7560 -0.6530 -0.0449
vn -0.8674 -0.4960 -0.0393
vn -0.4194 -0.8038 -0.4220
vn -0.4983 -0.7974 -0.3403
vn -0.3619 -0.7651 -0.5326
vn -0.2838 -0.7366 -0.6139
vn -0.5853 -0.6540 -0.4793
vn -0.4528 -0.7454 -0.4893
vn -0.7078 -0.5755 -0.4097
vn -0.8490 -0.4946 -0.1860
vn -0.3288 -0.6496 -0.6855
vn -0.1865 -0.5775 -0.7948
vn -0.2229 -0.5703 -0.7906
vn -0.3829 -0.6133 -0.6908
vn -0.0589 -0.4828 -0.8738
vn -0.1568 -0.5591 -0.8141
vn -0.1032 -0.5257 -0.8444
vn -0.1291 -0.5457 -0.8280
vn 0.4351 0.3311 -0.8373
vn 0.3313 0.6253 -0.7066
vn -0.7164 -0.6935 -0.0764
vn -0.3435 -0.0961 -0.9342
vn -0.6654 -0.7133 -0.2201
vn -0.6176 -0.6888 -0.3797
vn -0.6595 -0.6802 0.3201
vn -0.0799 0.5377 0.8393
vn -0.0552 -0.0044 0.9985
vn -0.1078 0.0414 0.9933
vn -0.4996 -0.8431 0.1989
vn -0.3537 -0.9349 0.0283
vn 0.0442 -0.9865 -0.1574
vn 0.1590 -0.2769 0.9477
vn 0.0100 -0.2137 0.9768
vn -0.1381 -0.9873 -0.0788
vn 0.0499 0.8069 -0.5886
vn -0.1078 0.7595 -0.6415
vn -0.1512 -0.3903 -0.9082
vn -0.0966 -0.4560 -0.8847
vn 0.3307 -0.9417 -0.0616
vn 0.5753 -0.1260 0.8082
vn 0.4401 -0.3658 0.8201
vn 0.1701 -0.9766 -0.1317
vn -0.3641 0.2840 -0.8870
vn -0.3152 -0.2502 -0.9154
vn -0.1937 -0.5126 -0.8365
vn -0.1960 -0.4229 -0.8847
vn -0.5696 -0.8219 -0.0074
vn -0.6669 -0.7437 -0.0459
vn -0.8028 -0.5958 -0.0214
vn -0.7040 -0.7102 -0.0002
vn -0.7968 -0.4959 0.3451
vn -0.8195 -0.4915 0.2947
vn -0.6853 -0.7071 0.1740
vn -0.6789 -0.6924 0.2445
vn -0.6350 -0.7699 -0.0627
vn -0.8039 -0.5688 0.1736
vn -0.6892 -0.6904 0.2198
vn -0.7096 -0.6720 0.2118
vn -0.8008 -0.5715 0.1792
vn -0.8825 -0.4561 0.1149
vn -0.9023 -0.4227 0.0843
vn -0.9187 -0.3914 0.0530
vn -0.9361 -0.3518 0.0017
vn -0.5996 -0.7914 0.1191
vn -0.5785 -0.7998 0.1600
vn -0.6668 -0.7090 0.2297
vn -0.6500 -0.7232 0.2334
vn -0.5056 -0.8558 0.1096
vn -0.5163 -0.8564 0.0010
vn -0.4066 -0.9046 -0.1279
vn -0.4047 -0.9132 0.0473
vn -0.8805 -0.4411 -0.1735
vn -0.7635 -0.5393 -0.3553
vn -0.6206 -0.7329 0.2788
vn -0.4071 -0.8136 -0.4151
vn -0.6407 -0.7654 -0.0600
vn -0.6556 -0.7211 0.2240
vn -0.8070 -0.4922 0.3264
vn -0.8288 -0.4999 0.2516
vn -0.2580 -0.7544 0.6035
vn -0.2827 -0.7594 0.5859
vn -0.3038 -0.7591 0.5757
vn -0.3806 -0.7196 0.5807
vn -0.0897 -0.6983 -0.7102
vn 0.3795 0.1764 -0.9082
vn 0.1316 0.2038 -0.9701
vn -0.1386 -0.6712 -0.7282
vn 0.0387 -0.3200 -0.9466
vn -0.3660 0.7597 -0.5375
vn 0.3039 -0.2712 -0.9133
vn -0.1602 -0.5937 -0.7886
vn 0.5283 -0.1188 -0.8407
vn -0.1297 -0.7043 -0.6979
vn -0.2229 -0.7186 -0.6587
vn -0.5510 -0.0849 -0.8302
vn -0.5836 -0.3517 -0.7319
vn -0.1588 -0.7888 -0.5938
vn -0.1321 -0.6686 -0.7318
vn -0.0899 0.2056 -0.9745
vn -0.3085 0.0935 -0.9466
vn -0.1337 -0.6732 -0.7273
vn -0.5291 -0.2653 0.8060
vn -0.6357 -0.7399 0.2202
vn -0.6008 -0.7659 0.2291
vn -0.5604 -0.8023 0.2057
vn -0.5649 -0.7779 0.2753
vn -0.5377 -0.8400 -0.0726
vn -0.0178 -0.9997 0.0188
vn -0.0218 -0.7956 0.6055
vn -0.1121 -0.7910 0.6015
vn -0.2036 -0.9791 0.0013
vn -0.0688 -0.9742 -0.2150
vn -0.2514 -0.9442 -0.2129
vn 0.5394 -0.8399 0.0605
vn 0.6385 0.6382 0.4302
vn -0.3013 -0.4986 -0.8128
vn -0.0262 -0.8422 -0.5386
vn 0.6920 -0.4750 0.5436
vn -0.0636 0.5405 -0.8390
vn 0.6062 0.0071 0.7952
vn 0.1069 -0.8866 0.4499
vn -0.2484 -0.5673 -0.7851
vn -0.3662 -0.3864 -0.8465
vn -0.5289 -0.6517 -0.5436
vn -0.4626 -0.6883 -0.5587
vn -0.8231 -0.4669 0.3234
vn -0.8294 -0.5275 0.1842
vn -0.8743 -0.4751 0.0999
vn -0.8696 -0.4115 0.2727
vn 0.1526 -0.9878 -0.0325
vn 0.1993 -0.9773 0.0718
vn 0.1042 -0.9921 0.0695
vn 0.0718 -0.9864 -0.1482
vn -0.2388 -0.6849 -0.6884
vn -0.1927 -0.6619 -0.7244
vn -0.2115 -0.8367 -0.5052
vn -0.3358 -0.8072 -0.4855
vn -0.1318 -0.6710 -0.7297
vn -0.1467 -0.6731 -0.7249
vn -0.1251 -0.8681 -0.4804
vn -0.1175 -0.8644 -0.4890
vn -0.2177 -0.9727 -0.0805
vn -0.4077 -0.9102 -0.0727
vn -0.4780 -0.8681 -0.1339
vn -0.3595 -0.9329 -0.0197
vn -0.2311 -0.9554 -0.1839
vn -0.2518 -0.9300 -0.2679
vn -0.1205 -0.9825 -0.1420
vn -0.1132 -0.9876 -0.1090
vn -0.4371 -0.6750 -0.5944
vn -0.6560 -0.6512 -0.3816
vn -0.5836 -0.7655 -0.2708
vn -0.2957 -0.8552 -0.4257
vn -0.1237 -0.9829 -0.1367
vn -0.1227 -0.9862 -0.1107
vn -0.0700 -0.9956 0.0623
vn -0.0715 -0.9960 0.0527
vn -0.5037 -0.8637 0.0183
vn -0.3927 -0.9194 -0.0241
vn -0.6889 -0.7080 0.1550
vn -0.6159 -0.7831 0.0857
vn -0.6513 -0.7436 0.1509
vn -0.6200 -0.7078 0.3384
vn -0.5123 -0.7973 0.3192
vn -0.5459 -0.8257 0.1420
vn -0.7103 -0.7037 -0.0184
vn -0.7217 -0.6717 0.1670
vn -0.8342 -0.3938 0.3861
vn -0.8191 -0.4258 0.3843
vn -0.3222 -0.9347 0.1503
vn -0.3165 -0.9106 0.2657
vn -0.2952 -0.9289 0.2235
vn -0.3072 -0.9421 0.1347
vn -0.0547 -0.9973 0.0498
vn -0.0242 -0.9859 0.1658
vn -0.3985 -0.8688 0.2939
vn -0.4202 -0.8957 0.1454
vn -0.2694 -0.9490 0.1637
vn -0.2309 -0.9545 0.1884
vn -0.3351 -0.9275 0.1658
vn -0.3655 -0.9237 0.1146
vn -0.2643 -0.9129 0.3110
vn -0.1859 -0.9369 0.2961
vn -0.1812 -0.9564 0.2288
vn -0.2404 -0.9423 0.2331
vn -0.2848 -0.9578 -0.0394
vn -0.1608 -0.9867 -0.0222
vn -0.4793 -0.7011 0.5280
vn -0.3325 -0.8145 0.4754
vn -0.4448 -0.7762 0.4468
vn -0.5682 -0.6688 0.4794
vn -0.2386 -0.8904 0.3876
vn -0.3406 -0.8573 0.3860
vn -0.0528 -0.9462 0.3191
vn -0.1360 -0.9000 0.4142
vn -0.0176 -0.9569 0.2900
vn 0.1149 -0.9828 0.1446
vn -0.4516 -0.8919 0.0242
vn -0.3603 -0.9285 0.0894
vn -0.3235 -0.9325 0.1605
vn -0.4082 -0.9086 0.0889
vn -0.4717 -0.8508 0.2315
vn -0.5581 -0.7983 0.2264
vn -0.5178 -0.8259 0.2233
vn -0.4368 -0.8748 0.2094
vn -0.0653 -0.9744 0.2149
vn -0.0501 -0.9865 0.1556
vn -0.9516 -0.3075 -0.0038
vn -0.9611 -0.2709 0.0542
vn -0.9475 -0.3118 0.0701
vn -0.9505 -0.3084 0.0382
vn -0.9220 -0.3870 -0.0111
vn -0.9419 -0.3354 -0.0176
vn -0.4531 -0.8468 0.2786
vn -0.3468 -0.9060 0.2426
vn -0.8466 -0.4911 0.2053
vn -0.2969 -0.9547 0.0223
vn -0.2829 -0.9589 0.0239
vn -0.4750 -0.8777 -0.0630
vn -0.3672 -0.9301 -0.0097
vn -0.9748 -0.1874 -0.1214
vn -0.9735 -0.1862 -0.1327
vn -0.9595 -0.2399 -0.1477
vn -0.9616 -0.2374 -0.1380
vn -0.9790 -0.1674 -0.1163
vn -0.9792 -0.1489 -0.1379
vn -0.9811 -0.1887 -0.0421
vn -0.9781 -0.2063 0.0263
vn -0.9743 -0.2247 0.0152
vn 0.0495 -0.2411 0.9692
vn 0.1666 -0.3056 0.9375
vn 0.2265 -0.3956 0.8900
vn 0.1987 -0.4701 0.8599
vn 0.3384 0.0627 -0.9389
vn 0.1076 0.1063 -0.9885
vn 0.5664 -0.2516 -0.7848
vn 0.6231 -0.0908 -0.7768
vn -0.6391 -0.0109 -0.7690
vn -0.7472 -0.0641 -0.6615
vn -0.1066 0.1147 -0.9877
vn -0.3636 0.0653 -0.9293
vn -0.2623 0.2293 0.9374
vn -0.2397 0.9442 -0.2260
vn -0.7690 -0.0930 -0.6325
vn -0.5249 -0.3446 -0.7783
vn -0.0853 -0.2438 0.9661
vn -0.0392 -0.2285 0.9727
vn 0.2346 0.1099 0.9659
vn 0.4732 0.0870 0.8766
vn 0.5911 -0.0067 0.8066
vn 0.4295 -0.0931 0.8983
vn 0.0730 -0.2298 -0.9705
vn 0.0044 0.3863 0.9224
vn 0.4794 -0.1036 -0.8715
vn 0.6044 -0.1859 -0.7747
vn -0.6003 -0.1598 -0.7836
vn -0.6473 -0.0637 -0.7596
vn -0.1430 -0.2370 -0.9609
vn -0.3499 -0.2301 -0.9081
vn -0.1151 0.3430 -0.9323
vn -0.1371 0.1456 0.9798
vn -0.0087 0.1395 0.9902
vn 0.1660 -0.1195 0.9789
vn 0.4371 -0.0803 0.8958
vn 0.6117 -0.0029 0.7911
vn 0.6889 0.1220 0.7145
vn 0.9849 0.0714 -0.1580
vn 0.6850 0.0160 -0.7284
vn 0.6129 -0.0594 -0.7880
vn -0.2092 -0.3282 -0.9212
vn -0.3823 -0.3359 -0.8608
vn 0.0346 -0.2558 -0.9661
vn -0.2278 -0.0504 0.9724
vn -0.0805 -0.0854 0.9931
vn -0.3754 -0.7816 0.4981
vn -0.5134 -0.7165 0.4723
vn -0.5855 -0.6629 -0.4666
vn -0.4385 -0.8055 -0.3986
vn -0.0237 -0.9023 -0.4304
vn 0.6608 -0.4233 -0.6198
vn 0.7490 -0.6037 0.2732
vn -0.3514 -0.8887 -0.2944
vn 0.0245 -0.7256 0.6876
vn -0.1713 -0.7865 0.5934
vn 0.8224 0.1411 -0.5511
vn 0.9352 -0.0608 -0.3488
vn -0.4529 -0.8663 -0.2109
vn -0.3287 -0.9280 -0.1754
vn -0.3521 -0.9307 -0.0994
vn -0.4770 -0.8685 -0.1349
vn -0.1257 -0.2545 0.9589
vn -0.1794 0.1354 0.9744
vn -0.0021 -0.7817 0.6237
vn -0.2898 -0.7698 0.5688
vn -0.6670 -0.7432 -0.0514
vn -0.6835 -0.7291 -0.0366
vn -0.4881 -0.8686 -0.0852
vn -0.7986 -0.5997 0.0515
vn -0.7237 -0.6681 -0.1727
vn -0.6053 -0.7866 -0.1220
vn -0.5814 -0.8121 -0.0485
vn -0.7096 -0.6958 -0.1111
vn -0.7156 -0.6665 -0.2091
vn -0.6707 -0.7029 -0.2366
vn -0.5633 -0.7943 -0.2277
vn -0.6036 -0.7780 -0.1741
vn -0.9488 -0.2411 -0.2041
vn -0.9567 -0.2480 -0.1524
vn -0.9738 -0.1834 -0.1347
vn -0.9685 -0.1634 -0.1881
vn -0.9826 -0.1190 -0.1425
vn -0.9798 -0.0650 -0.1891
vn -0.7882 -0.5456 -0.2846
vn -0.8849 -0.4295 -0.1802
vn -0.9623 -0.2678 -0.0485
vn -0.9639 -0.2656 0.0196
vn -0.9502 -0.3046 -0.0665
vn 0.3602 -0.1419 -0.9220
vn -0.4732 -0.7360 -0.4842
vn 0.4464 0.4023 -0.7993
vn 0.4887 0.8496 0.1985
vn 0.2492 0.9129 0.3233
vn 0.0007 0.9428 0.3334
vn 0.1048 0.8819 0.4596
vn -0.4873 0.8482 -0.2074
vn -0.1698 0.9188 0.3563
vn 0.1045 -0.9928 -0.0578
vn -0.7575 -0.6528 -0.0037
vn -0.8106 -0.5741 -0.1156
vn -0.6474 -0.7514 0.1280
vn -0.4725 -0.8454 0.2492
vn -0.6238 -0.7151 -0.3154
vn -0.6056 -0.7120 -0.3555
vn -0.5756 -0.6918 -0.4359
vn -0.5065 -0.7277 -0.4626
vn -0.8675 -0.4688 -0.1662
vn -0.9105 -0.3803 -0.1623
vn -0.9021 -0.3791 -0.2061
vn -0.8595 -0.4625 -0.2175
vn -0.8053 -0.5560 -0.2060
vn -0.8045 -0.5741 -0.1525
vn -0.9410 -0.3022 -0.1524
vn -0.9360 -0.3046 -0.1763
vn -0.9653 -0.2511 -0.0713
vn -0.9783 -0.2006 -0.0515
vn -0.2556 -0.6727 -0.6943
vn -0.1807 -0.8577 -0.4814
vn -0.8305 -0.5544 0.0540
vn -0.8214 -0.5657 -0.0723
vn -0.8872 -0.4571 -0.0626
vn -0.8900 -0.4559 -0.0004
vn -0.1401 -0.9878 0.0684
vn -0.1645 -0.9785 0.1246
vn -0.2520 -0.9475 0.1970
vn -0.4167 -0.8809 0.2246
vn -0.9738 -0.2274 0.0031
vn -0.9753 -0.2205 -0.0136
vn -0.2442 -0.9449 -0.2182
vn -0.2149 -0.8285 -0.5171
vn -0.6486 -0.7609 -0.0208
vn -0.6961 -0.6961 -0.1759
vn -0.6286 -0.6879 -0.3628
vn -0.6072 -0.7627 -0.2225
vn -0.6779 -0.7073 0.2003
vn -0.2876 -0.8364 0.4666
vn -0.2000 -0.9051 0.3753
vn -0.1777 -0.7952 -0.5797
vn 0.4899 -0.8713 0.0268
vn -0.7637 -0.5836 0.2761
vn -0.8404 -0.5316 0.1054
vn -0.8452 -0.5198 -0.1239
vn -0.7916 -0.4444 0.4194
vn 0.2836 -0.9433 -0.1725
vn -0.6559 -0.5054 -0.5606
vn -0.5068 -0.4443 -0.7387
vn -0.5305 -0.5958 -0.6029
vn -0.6405 -0.5846 -0.4980
vn -0.7496 -0.6617 0.0172
vn -0.7019 -0.7099 0.0583
vn -0.7935 -0.6056 0.0593
vn -0.8399 -0.5427 0.0082
vn -0.9437 -0.3266 -0.0529
vn -0.5031 -0.8606 0.0790
vn -0.4627 -0.8769 0.1299
vn -0.5826 -0.8085 0.0829
vn -0.6298 -0.7755 0.0443
vn -0.6133 -0.5823 -0.5337
vn -0.4041 -0.5929 -0.6965
vn -0.9332 -0.3588 -0.0182
vn -0.9658 -0.2567 0.0372
vn -0.9629 -0.2670 0.0387
vn -0.9764 -0.2073 -0.0614
vn -0.9419 -0.3263 -0.0796
vn -0.5412 -0.8405 0.0243
vn -0.6749 -0.7374 -0.0295
vn -0.7870 -0.6132 -0.0678
vn -0.8653 -0.4953 -0.0764
vn -0.9110 -0.4055 -0.0758
vn -0.9350 -0.3544 -0.0131
vn -0.9642 -0.2651 0.0046
vn -0.9768 -0.2126 0.0252
vn -0.9718 -0.2314 0.0444
vn -0.9768 -0.2045 -0.0638
vn -0.9481 -0.3150 -0.0446
vn -0.9786 -0.2035 -0.0290
vn -0.9324 -0.3593 -0.0396
vn -0.1184 -0.2751 0.9541
vn -0.2232 0.0953 0.9701
vn 0.0726 -0.7914 0.6070
vn 0.0845 -0.9881 0.1286
vn 0.1058 -0.8397 0.5326
vn 0.1911 -0.9782 0.0806
vn -0.0343 -0.9802 0.1951
vn -0.2646 0.5784 -0.7716
vn -0.2037 0.6427 -0.7386
vn 0.3173 -0.9482 0.0182
vn 0.4436 -0.0630 0.8940
vn -0.3415 -0.9186 0.1990
vn -0.2617 -0.9472 0.1851
vn -0.1858 -0.9718 0.1448
vn -0.2386 -0.9524 0.1898
vn -0.2722 -0.9345 0.2295
vn -0.3732 -0.8982 0.2323
vn -0.9289 -0.3695 0.0257
vn -0.5709 -0.2356 -0.7865
vn -0.2641 -0.0199 0.9643
vn -0.2120 -0.0346 0.9767
vn -0.6250 -0.4671 0.6255
vn -0.8957 -0.3693 -0.2477
vn -0.7221 -0.1441 -0.6766
vn -0.7231 -0.5946 -0.3516
vn -0.7697 -0.5450 -0.3325
vn -0.1091 -0.9795 -0.1694
vn -0.1187 -0.9785 -0.1689
vn -0.1039 -0.9933 0.0508
vn -0.0626 -0.9968 0.0496
vn -0.1263 -0.9832 0.1317
vn -0.0415 -0.9906 0.1300
vn -0.0743 -0.9888 0.1292
vn -0.0985 -0.9811 0.1667
vn -0.1589 -0.9710 0.1785
vn -0.1882 -0.9559 0.2256
vn -0.1240 -0.9676 0.2198
vn -0.1220 -0.9789 -0.1639
vn -0.2073 -0.9779 0.0266
vn -0.0035 -0.9992 0.0387
vn -0.0000 -0.9890 -0.1480
vn -0.1674 -0.9736 -0.1549
vn -0.2396 -0.9201 0.3099
vn -0.0044 -0.9456 0.3252
vn -0.0038 -0.8728 0.4881
vn -0.2644 -0.8445 0.4658
vn -0.2951 -0.8054 0.5141
vn -0.0019 -0.8383 0.5452
vn -0.3120 -0.7884 0.5302
vn -0.0006 -0.8299 0.5579
vn -0.2974 -0.8243 0.4817
vn -0.2740 -0.8652 0.4200
vn -0.2733 -0.8435 0.4624
vn -0.0340 -0.9903 0.1349
vn -0.3556 0.0763 0.9315
vn 0.2500 0.1207 0.9607
vn -0.0746 -0.3220 0.9438
vn -0.8987 -0.3749 0.2278
vn -0.8604 -0.4757 0.1829
vn -0.8654 -0.4645 0.1881
vn -0.8631 -0.4779 0.1633
vn -0.8922 -0.4306 0.1364
vn -0.8551 -0.5020 0.1293
vn -0.8365 -0.5416 0.0836
vn -0.8828 -0.4648 0.0677
vn -0.8911 -0.4421 0.1024
vn -0.8176 -0.5314 0.2215
vn -0.7854 -0.5867 0.1974
vn -0.8006 -0.5058 0.3213
vn -0.7553 -0.5583 0.3431
vn -0.8016 -0.4343 0.4109
vn -0.7421 -0.4935 0.4536
vn -0.7857 -0.4291 0.4455
vn -0.7152 -0.5022 0.4861
vn -0.5675 -0.7504 0.3388
vn -0.6397 -0.6438 0.4199
vn -0.6889 -0.6209 0.3740
vn -0.6012 -0.7346 0.3146
vn -0.3923 -0.8698 0.2992
vn -0.3321 -0.9147 0.2303
vn 0.0139 -0.9710 0.2387
vn 0.3886 -0.1794 0.9038
vn 0.0071 0.9982 -0.0597
vn 0.8272 0.2207 0.5167
vn 0.7879 0.5549 -0.2669
vn -0.4836 -0.6510 -0.5851
vn -0.0741 -0.7022 0.7081
vn 0.0413 0.2543 -0.9663
vn 0.7707 0.4985 -0.3970
vn -0.9298 -0.3195 -0.1826
vn -0.8955 -0.3919 -0.2107
vn -0.8464 -0.4835 -0.2233
vn -0.7929 -0.5654 -0.2270
vn 0.2344 -0.9691 -0.0772
vn 0.8448 -0.4876 -0.2201
vn 0.8967 -0.3912 -0.2073
vn 0.9314 -0.3178 -0.1774
vn 0.8642 -0.4741 0.1685
vn -0.4220 -0.9066 0.0012
vn 0.2335 -0.9627 -0.1363
vn 0.1790 -0.9740 -0.1389
vn 0.6655 -0.7447 -0.0510
vn -0.9042 -0.3332 0.2674
vn -0.8688 -0.4947 0.0216
vn -0.7950 -0.6053 0.0397
vn -0.7294 -0.6614 0.1747
vn -0.6927 -0.6294 0.3522
vn -0.6617 -0.5729 0.4837
vn -0.6182 -0.5879 0.5217
vn -0.5107 -0.7253 0.4616
vn -0.4232 -0.8254 0.3735
vn -0.2348 -0.9467 0.2204
vn 0.0947 -0.9694 0.2266
vn 0.1296 -0.8734 0.4694
vn 0.6454 -0.7634 -0.0245
vn 0.8864 -0.3572 0.2943
vn 0.4028 -0.5638 0.7211
vn -0.8837 -0.3582 0.3012
vn -0.7523 -0.6179 -0.2286
vn -0.6374 -0.5985 -0.4854
vn -0.5453 -0.6076 -0.5775
vn -0.6874 -0.6366 -0.3496
vn -0.7546 -0.6543 -0.0503
vn -0.7779 -0.6191 0.1076
vn -0.7472 -0.6591 0.0857
vn -0.6577 -0.7510 0.0581
vn -0.5306 -0.8447 0.0700
vn -0.4114 -0.9025 0.1274
vn -0.3045 -0.9347 0.1834
vn -0.2061 -0.9544 0.2161
vn -0.1401 -0.9581 0.2497
vn -0.1227 -0.9456 0.3013
vn -0.1547 -0.9167 0.3684
vn -0.2188 -0.8706 0.4407
vn -0.3742 -0.7819 0.4985
vn -0.5664 -0.6587 0.4953
vn -0.6739 -0.5750 0.4640
vn -0.7399 -0.5206 0.4260
vn -0.8175 -0.4696 0.3336
vn -0.8752 -0.4482 0.1819
vn -0.8707 -0.4917 -0.0144
vn -0.7897 -0.5652 -0.2387
vn -0.6328 -0.6163 -0.4688
vn -0.4350 -0.6161 -0.6567
vn -0.2568 -0.6008 -0.7570
vn -0.1481 -0.5940 -0.7907
vn -0.1404 -0.5844 -0.7993
vn -0.1747 -0.5950 -0.7845
vn -0.1755 -0.6370 -0.7507
vn -0.2012 -0.6832 -0.7019
vn -0.2469 -0.6867 -0.6837
vn -0.2969 -0.6715 -0.6789
vn -0.3920 -0.6319 -0.6686
vn 0.7934 -0.5562 0.2472
vn 0.7160 -0.6399 0.2792
vn 0.6471 -0.7000 0.3022
vn 0.3817 -0.8676 0.3188
vn 0.2888 -0.9055 0.3110
vn 0.2101 -0.9269 0.3111
vn 0.1436 -0.9398 0.3100
vn 0.0757 -0.9484 0.3079
vn -0.0001 -0.9518 0.3069
vn -0.0758 -0.9484 0.3080
vn -0.1434 -0.9398 0.3101
vn -0.2099 -0.9268 0.3114
vn -0.2891 -0.9054 0.3110
vn -0.3817 -0.8676 0.3187
vn -0.6472 -0.6999 0.3022
vn -0.7161 -0.6398 0.2790
vn -0.7934 -0.5562 0.2475
vn -0.8580 -0.4722 0.2020
vn 0.7215 -0.2353 0.6512
vn 0.7151 0.1929 0.6718
vn 0.5299 0.8258 -0.1930
vn 0.5958 0.5903 -0.5446
vn 0.6419 -0.3440 0.6852
vn 0.6629 -0.2945 0.6884
vn 0.7215 0.5149 -0.4630
vn 0.7292 0.4891 -0.4786
vn -0.4668 -0.7336 0.4939
vn -0.0416 -0.8327 0.5522
vn -0.0090 -0.4642 0.8857
vn -0.3951 -0.4119 0.8211
vn -0.5064 -0.7607 0.4061
vn -0.0532 -0.8917 0.4494
vn -0.7139 -0.5239 0.4646
vn -0.7284 -0.4955 0.4732
vn -0.6714 0.3141 -0.6712
vn -0.6579 0.2906 -0.6948
vn -0.7671 0.1909 -0.6125
vn -0.6404 -0.5759 0.5081
vn -0.6447 -0.4812 0.5940
vn 0.3122 0.3497 0.8833
vn -0.7337 -0.5294 0.4260
vn -0.5158 -0.5218 0.6795
vn 0.2037 0.5097 0.8359
vn -0.0036 0.5648 0.8252
vn -0.1087 0.5402 0.8345
vn -0.9286 0.1960 -0.3149
vn -0.7139 0.2527 0.6530
vn -0.6535 -0.3159 0.6879
vn -0.6706 0.5587 -0.4880
vn -0.5235 0.8426 -0.1264
vn -0.6365 -0.3147 0.7042
vn -0.6377 -0.3385 0.6919
vn -0.7487 0.4678 -0.4697
vn -0.7399 0.4953 -0.4553
vn 0.5795 -0.7144 0.3921
vn 0.5935 -0.7577 0.2714
vn 0.4124 -0.4704 0.7801
vn 0.4478 -0.3753 0.8116
vn 0.6643 -0.7392 0.1114
vn 0.4859 -0.5129 0.7077
vn 0.6969 -0.6976 0.1663
vn 0.7344 -0.6773 0.0440
vn 0.6295 -0.7174 -0.2983
vn 0.6808 -0.6635 -0.3102
vn 0.7463 -0.4786 0.4626
vn 0.7384 -0.5035 0.4487
vn 0.6425 0.2975 -0.7062
vn 0.6416 0.3215 -0.6964
vn 0.6264 -0.6926 -0.3578
vn 0.6746 -0.6561 -0.3384
vn 0.7115 -0.5434 0.4456
vn 0.7102 0.2681 -0.6509
vn 0.6578 -0.4956 0.5672
vn -0.2912 0.4073 0.8656
vn -0.2621 0.5311 0.8057
vn -0.1353 0.5737 0.8078
vn -0.0120 0.5486 0.8360
vn 0.8937 0.1848 -0.4089
vn -0.9712 0.2319 -0.0538
vn 0.0463 0.9979 0.0448
vn -0.8571 -0.5127 -0.0508
vn -0.7801 -0.6255 0.0149
vn -0.9421 0.3289 -0.0649
vn 0.1950 0.9683 0.1559
vn -0.8681 -0.4836 -0.1121
vn -0.8019 -0.5964 -0.0360
vn -0.6860 -0.6399 0.3463
vn -0.6578 -0.6298 0.4131
vn -0.6025 -0.3116 0.7348
vn -0.1061 0.5844 0.8045
vn -0.0580 0.5537 0.8307
vn -0.5352 -0.3818 0.7535
vn -0.5613 -0.7331 0.3841
vn -0.4652 -0.5857 0.6638
vn 0.1251 0.6716 0.7303
vn -0.6049 -0.7681 0.2102
vn -0.6308 -0.7301 0.2628
vn -0.7101 -0.7007 0.0685
vn -0.0494 -0.9694 0.2405
vn -0.5416 -0.8383 0.0617
vn -0.4182 -0.9029 -0.0996
vn -0.0437 -0.9981 -0.0427
vn -0.6184 -0.7796 -0.0993
vn -0.6586 -0.7525 -0.0029
vn -0.6371 -0.7642 -0.1004
vn -0.6864 -0.7261 -0.0406
vn -0.7167 -0.6533 -0.2438
vn -0.7435 -0.5575 -0.3693
vn -0.7291 -0.6280 -0.2722
vn -0.6973 -0.6966 -0.1690
vn 0.5423 -0.2771 0.7932
vn 0.6066 -0.6646 0.4363
vn 0.0202 0.5989 0.8006
vn 0.0647 0.6281 0.7754
vn 0.5562 -0.2862 0.7802
vn 0.1255 0.5193 0.8453
vn 0.3623 -0.4015 0.8412
vn 0.6517 -0.6962 0.3012
vn 0.5898 -0.7580 -0.2786
vn 0.5575 -0.7909 -0.2523
vn 0.3982 -0.7664 0.5040
vn 0.4299 -0.8074 0.4040
vn 0.5035 -0.8637 -0.0231
vn 0.4705 -0.8766 -0.1011
vn 0.7659 -0.5170 0.3823
vn 0.7526 -0.6582 -0.0202
vn 0.8389 -0.5371 -0.0882
vn -0.1338 0.9910 -0.0066
vn 0.9500 0.2924 -0.1093
vn 0.7814 -0.6229 -0.0376
vn -0.1666 0.9795 0.1136
vn 0.9468 0.3104 -0.0850
vn 0.8476 -0.5217 -0.0969
vn 0.7067 -0.5980 -0.3782
vn 0.7194 -0.6780 -0.1507
vn -0.6491 0.7000 0.2977
vn 0.6357 0.6827 0.3602
vn 0.1069 0.9814 0.1597
vn 0.0848 0.9755 0.2031
vn 0.2098 0.9341 0.2888
vn 0.2536 0.9458 0.2029
vn 0.0500 0.9700 0.2378
vn 0.1416 0.9234 0.3568
vn 0.0064 0.9656 0.2599
vn 0.0555 0.9146 0.4005
vn -0.0420 0.9627 0.2674
vn -0.0401 0.9088 0.4153
vn -0.0905 0.9615 0.2596
vn -0.1356 0.9065 0.3999
vn -0.1343 0.9621 0.2373
vn -0.2220 0.9077 0.3559
vn -0.1690 0.9646 0.2026
vn -0.2907 0.9126 0.2876
vn -0.1915 0.9686 0.1588
vn -0.3349 0.9205 0.2014
vn -0.1994 0.9737 0.1105
vn -0.3503 0.9306 0.1060
vn -0.1917 0.9795 0.0621
vn -0.3353 0.9421 0.0106
vn -0.1696 0.9853 0.0185
vn -0.2916 0.9536 -0.0753
vn -0.1350 0.9907 -0.0160
vn -0.2233 0.9641 -0.1435
vn -0.0913 0.9951 -0.0382
vn -0.1371 0.9727 -0.1872
vn -0.0428 0.9980 -0.0458
vn -0.0416 0.9785 -0.2020
vn 0.0057 0.9993 -0.0379
vn 0.0540 0.9809 -0.1867
vn 0.0495 0.9987 -0.0155
vn 0.1405 0.9797 -0.1426
vn 0.0843 0.9963 0.0191
vn 0.2090 0.9751 -0.0742
vn 0.1067 0.9923 0.0628
vn 0.2532 0.9673 0.0121
vn 0.1144 0.9872 0.1113
vn 0.2686 0.9573 0.1075
vn 0.3297 0.8698 0.3671
vn 0.3939 0.8870 0.2410
vn 0.2294 0.8540 0.4670
vn 0.1029 0.8411 0.5310
vn -0.0372 0.8326 0.5527
vn -0.1774 0.8291 0.5302
vn -0.3042 0.8310 0.4657
vn -0.4049 0.8382 0.3653
vn -0.4698 0.8498 0.2390
vn -0.4925 0.8647 0.0989
vn -0.4705 0.8814 -0.0411
vn -0.4063 0.8983 -0.1673
vn -0.3060 0.9137 -0.2673
vn -0.1796 0.9263 -0.3312
vn -0.0393 0.9348 -0.3531
vn 0.1010 0.9384 -0.3305
vn 0.2277 0.9367 -0.2661
vn 0.3284 0.9299 -0.1655
vn 0.3935 0.9185 -0.0390
vn 0.4158 0.9038 0.1012
vn 0.4412 0.7841 0.4365
vn 0.5245 0.8063 0.2734
vn 0.3114 0.7636 0.5656
vn 0.1480 0.7470 0.6482
vn -0.0333 0.7359 0.6763
vn -0.2147 0.7314 0.6473
vn -0.3787 0.7340 0.5639
vn -0.5091 0.7432 0.4341
vn -0.5931 0.7583 0.2706
vn -0.6224 0.7776 0.0893
vn -0.5942 0.7991 -0.0918
vn -0.5110 0.8209 -0.2551
vn -0.3811 0.8408 -0.3844
vn -0.2176 0.8570 -0.4672
vn -0.0361 0.8680 -0.4953
vn 0.1455 0.8726 -0.4662
vn 0.3094 0.8705 -0.3827
vn 0.4398 0.8618 -0.2528
vn 0.5238 0.8471 -0.0891
vn 0.5531 0.8280 0.0923
vn 0.5421 0.6791 0.4950
vn 0.6422 0.7059 0.2988
vn 0.3859 0.6546 0.6501
vn 0.1892 0.6346 0.7493
vn -0.0287 0.6213 0.7831
vn -0.2467 0.6159 0.7482
vn -0.4438 0.6189 0.6481
vn -0.6008 0.6299 0.4922
vn -0.7018 0.6482 0.2956
vn -0.7372 0.6712 0.0775
vn -0.7032 0.6971 -0.1403
vn -0.6029 0.7233 -0.3366
vn -0.4468 0.7472 -0.4920
vn -0.2501 0.7667 -0.5913
vn -0.0320 0.7798 -0.6253
vn 0.1862 0.7854 -0.5903
vn 0.3835 0.7829 -0.4899
vn 0.5403 0.7725 -0.3338
vn 0.6414 0.7549 -0.1370
vn 0.6765 0.7320 0.0811
vn 0.6294 0.5575 0.5413
vn 0.7441 0.5881 0.3170
vn 0.4508 0.5294 0.7187
vn 0.2259 0.5067 0.8320
vn -0.0233 0.4914 0.8706
vn -0.2727 0.4852 0.8308
vn -0.4981 0.4887 0.7163
vn -0.6775 0.5014 0.5381
vn -0.7933 0.5220 0.3133
vn -0.8338 0.5484 0.0640
vn -0.7947 0.5780 -0.1853
vn -0.6801 0.6079 -0.4097
vn -0.5015 0.6352 -0.5874
vn -0.2765 0.6574 -0.7010
vn -0.0271 0.6725 -0.7396
vn 0.2224 0.6790 -0.6997
vn 0.4480 0.6762 -0.5849
vn 0.6274 0.6641 -0.4065
vn 0.7431 0.6441 -0.1815
vn 0.7833 0.6179 0.0680
vn 0.7013 0.4223 0.5743
vn 0.8277 0.4557 0.3275
vn 0.5046 0.3915 0.7695
vn 0.2570 0.3664 0.8943
vn -0.0174 0.3497 0.9367
vn -0.2918 0.3429 0.8929
vn -0.5401 0.3466 0.7669
vn -0.7378 0.3605 0.5708
vn -0.8653 0.3830 0.3233
vn -0.9098 0.4122 0.0488
vn -0.8668 0.4447 -0.2257
vn -0.7405 0.4776 -0.4728
vn -0.5438 0.5077 -0.6683
vn -0.2961 0.5323 -0.7931
vn -0.0216 0.5489 -0.8356
vn 0.2530 0.5561 -0.7917
vn 0.5014 0.5528 -0.6656
vn 0.6991 0.5396 -0.4692
vn 0.8265 0.5175 -0.2215
vn 0.8709 0.4886 0.0532
vn 0.7560 0.2766 0.5933
vn 0.8909 0.3124 0.3298
vn 0.5460 0.2438 0.8015
vn 0.2817 0.2173 0.9346
vn -0.0110 0.1995 0.9798
vn -0.3038 0.1918 0.9332
vn -0.5688 0.1959 0.7988
vn -0.7798 0.2106 0.5895
vn -0.9160 0.2348 0.3254
vn -0.9635 0.2657 0.0323
vn -0.9175 0.3004 -0.2606
vn -0.7826 0.3357 -0.5242
vn -0.5726 0.3679 -0.7327
vn -0.3083 0.3941 -0.8658
vn -0.0155 0.4119 -0.9111
vn 0.2775 0.4193 -0.8644
vn 0.5425 0.4159 -0.7299
vn 0.7536 0.4016 -0.5204
vn 0.8896 0.3782 -0.2561
vn 0.9370 0.3472 0.0371
vn 0.7921 0.1241 0.5977
vn 0.9322 0.1610 0.3241
vn 0.5740 0.0902 0.8139
vn 0.2996 0.0625 0.9520
vn -0.0044 0.0443 0.9990
vn -0.3085 0.0364 0.9505
vn -0.5837 0.0400 0.8110
vn -0.8028 0.0557 0.5937
vn -0.9442 0.0804 0.3194
vn -0.9935 0.1126 0.0151
vn -0.9457 0.1490 -0.2890
vn -0.8056 0.1853 -0.5627
vn -0.5874 0.2191 -0.7791
vn -0.3130 0.2463 -0.9173
vn -0.0090 0.2647 -0.9643
vn 0.2953 0.2722 -0.9158
vn 0.5703 0.2688 -0.7762
vn 0.7896 0.2536 -0.5588
vn 0.9308 0.2297 -0.2843
vn 0.9802 0.1968 0.0200
vn 0.8088 -0.0308 0.5873
vn 0.9506 0.0065 0.3104
vn 0.5879 -0.0649 0.8063
vn 0.3101 -0.0927 0.9462
vn 0.0023 -0.1114 0.9938
vn -0.3057 -0.1193 0.9446
vn -0.5842 -0.1155 0.8034
vn -0.8060 -0.1003 0.5833
vn -0.9492 -0.0754 0.3056
vn -0.9991 -0.0432 -0.0024
vn -0.9506 -0.0062 -0.3103
vn -0.8088 0.0308 -0.5872
vn -0.5879 0.0652 -0.8063
vn -0.3101 0.0930 -0.9462
vn -0.0023 0.1114 -0.9938
vn 0.3056 0.1194 -0.9446
vn 0.5841 0.1155 -0.8034
vn 0.8060 0.1004 -0.5833
vn 0.9492 0.0752 -0.3057
vn 0.9991 0.0429 0.0024
vn 0.8057 -0.1849 0.5628
vn 0.9457 -0.1488 0.2890
vn 0.5874 -0.2191 0.7790
vn 0.3130 -0.2462 0.9173
vn 0.0090 -0.2648 0.9643
vn -0.2952 -0.2726 0.9157
vn -0.5704 -0.2685 0.7762
vn -0.7896 -0.2538 0.5587
vn -0.9310 -0.2285 0.2845
vn -0.9801 -0.1973 -0.0200
vn -0.9322 -0.1612 -0.3241
vn -0.7921 -0.1242 -0.5977
vn -0.5740 -0.0899 -0.8139
vn -0.2995 -0.0627 -0.9520
vn 0.0044 -0.0443 -0.9990
vn 0.3085 -0.0367 -0.9505
vn 0.5835 -0.0408 -0.8111
vn 0.8028 -0.0558 -0.5937
vn 0.9442 -0.0803 -0.3194
vn 0.9935 -0.1125 -0.0151
vn 0.7827 -0.3356 0.5242
vn 0.9175 -0.3003 0.2606
vn 0.5726 -0.3680 0.7326
vn 0.3082 -0.3941 0.8658
vn 0.0155 -0.4117 0.9112
vn -0.2776 -0.4191 0.8645
vn -0.5425 -0.4159 0.7299
vn -0.7535 -0.4017 0.5204
vn -0.8896 -0.3782 0.2561
vn -0.9370 -0.3472 -0.0371
vn -0.8909 -0.3124 -0.3298
vn -0.7559 -0.2767 -0.5933
vn -0.5459 -0.2440 -0.8015
vn -0.2816 -0.2175 -0.9345
vn 0.0110 -0.1995 -0.9798
vn 0.3039 -0.1921 -0.9331
vn 0.5687 -0.1961 -0.7988
vn 0.7798 -0.2108 -0.5895
vn 0.9160 -0.2346 -0.3253
vn 0.9635 -0.2656 -0.0323
vn 0.7405 -0.4777 0.4727
vn 0.8668 -0.4447 0.2257
vn 0.5437 -0.5078 0.6682
vn 0.2960 -0.5323 0.7931
vn 0.0216 -0.5489 0.8356
vn -0.2531 -0.5559 0.7918
vn -0.5013 -0.5528 0.6657
vn -0.6991 -0.5396 0.4692
vn -0.8265 -0.5176 0.2215
vn -0.8709 -0.4886 -0.0532
vn -0.8276 -0.4558 -0.3275
vn -0.7013 -0.4223 -0.5744
vn -0.5045 -0.3914 -0.7696
vn -0.2570 -0.3665 -0.8942
vn 0.0174 -0.3496 -0.9367
vn 0.2919 -0.3428 -0.8929
vn 0.5400 -0.3467 -0.7670
vn 0.7377 -0.3605 -0.5708
vn 0.8653 -0.3831 -0.3233
vn 0.9098 -0.4121 -0.0488
vn 0.6801 -0.6079 0.4097
vn 0.7947 -0.5780 0.1852
vn 0.5015 -0.6352 0.5874
vn 0.2764 -0.6575 0.7009
vn 0.0271 -0.6725 0.7396
vn -0.2224 -0.6789 0.6997
vn -0.4480 -0.6761 0.5849
vn -0.6274 -0.6641 0.4066
vn -0.7431 -0.6441 0.1814
vn -0.7833 -0.6179 -0.0679
vn -0.7440 -0.5881 -0.3171
vn -0.6294 -0.5576 -0.5413
vn -0.4508 -0.5294 -0.7187
vn -0.2259 -0.5066 -0.8321
vn 0.0233 -0.4914 -0.8706
vn 0.2727 -0.4852 -0.8308
vn 0.4981 -0.4886 -0.7163
vn 0.6775 -0.5014 -0.5381
vn 0.7934 -0.5220 -0.3132
vn 0.8338 -0.5484 -0.0640
vn 0.6029 -0.7233 0.3366
vn 0.7031 -0.6971 0.1403
vn 0.4468 -0.7472 0.4920
vn 0.2501 -0.7667 0.5913
vn 0.0320 -0.7798 0.6252
vn -0.1863 -0.7855 0.5902
vn -0.3835 -0.7829 0.4899
vn -0.5404 -0.7724 0.3337
vn -0.6413 -0.7549 0.1370
vn -0.6765 -0.7320 -0.0811
vn -0.6421 -0.7059 -0.2989
vn -0.5420 -0.6791 -0.4950
vn -0.3860 -0.6544 -0.6502
vn -0.1892 -0.6346 -0.7493
vn 0.0286 -0.6211 -0.7832
vn 0.2467 -0.6159 -0.7482
vn 0.4438 -0.6189 -0.6481
vn 0.6007 -0.6300 -0.4922
vn 0.7019 -0.6481 -0.2956
vn 0.7372 -0.6712 -0.0776
vn 0.5112 -0.8207 0.2553
vn 0.5945 -0.7988 0.0920
vn 0.3813 -0.8406 0.3848
vn 0.2177 -0.8567 0.4676
vn 0.0361 -0.8677 0.4958
vn -0.1456 -0.8724 0.4667
vn -0.3097 -0.8703 0.3831
vn -0.4402 -0.8615 0.2530
vn -0.5241 -0.8470 0.0893
vn -0.5534 -0.8278 -0.0922
vn -0.5250 -0.8059 -0.2735
vn -0.4416 -0.7838 -0.4367
vn -0.3118 -0.7632 -0.5659
vn -0.1481 -0.7467 -0.6485
vn 0.0333 -0.7355 -0.6767
vn 0.2148 -0.7311 -0.6476
vn 0.3789 -0.7336 -0.5642
vn 0.5095 -0.7429 -0.4343
vn 0.5936 -0.7579 -0.2707
vn 0.6229 -0.7772 -0.0893
vn 0.4235 -0.8875 0.1816
vn 0.4908 -0.8699 0.0492
vn 0.3182 -0.9038 0.2862
vn 0.1858 -0.9169 0.3533
vn 0.0389 -0.9258 0.3761
vn -0.1083 -0.9295 0.3526
vn -0.2410 -0.9278 0.2847
vn -0.3467 -0.9206 0.1795
vn -0.4146 -0.9088 0.0469
vn -0.4382 -0.8933 -0.0999
vn -0.4151 -0.8757 -0.2466
vn -0.3477 -0.8577 -0.3788
vn -0.2427 -0.8411 -0.4833
vn -0.1102 -0.8277 -0.5503
vn 0.0367 -0.8186 -0.5732
vn 0.1836 -0.8150 -0.5496
vn 0.3165 -0.8171 -0.4819
vn 0.4221 -0.8246 -0.3767
vn 0.4900 -0.8368 -0.2443
vn 0.5138 -0.8523 -0.0975
vn 0.2270 -0.9736 0.0236
vn 0.2582 -0.9653 -0.0387
vn 0.1771 -0.9814 0.0739
vn 0.1138 -0.9878 0.1064
vn 0.0437 -0.9921 0.1177
vn -0.0267 -0.9939 0.1068
vn -0.0903 -0.9931 0.0747
vn -0.1411 -0.9897 0.0247
vn -0.1740 -0.9840 -0.0385
vn -0.1858 -0.9766 -0.1086
vn -0.1751 -0.9682 -0.1788
vn -0.1432 -0.9596 -0.2421
vn -0.0934 -0.9517 -0.2926
vn -0.0301 -0.9453 -0.3249
vn 0.0400 -0.9409 -0.3362
vn 0.1103 -0.9391 -0.3253
vn 0.1740 -0.9400 -0.2933
vn 0.2247 -0.9436 -0.2433
vn 0.2576 -0.9493 -0.1801
vn 0.2692 -0.9568 -0.1100
vn 0.0530 -0.9930 -0.1051
vn 0.0547 -0.9926 -0.1083
vn 0.0504 -0.9935 -0.1025
vn 0.0468 -0.9938 -0.1005
vn 0.0429 -0.9941 -0.0998
vn 0.0389 -0.9942 -0.1006
vn 0.0354 -0.9941 -0.1024
vn 0.0330 -0.9939 -0.1050
vn 0.0314 -0.9936 -0.1081
vn 0.0306 -0.9932 -0.1120
vn 0.0313 -0.9927 -0.1165
vn 0.0330 -0.9923 -0.1197
vn 0.0359 -0.9918 -0.1224
vn 0.0391 -0.9915 -0.1241
vn 0.0429 -0.9913 -0.1246
vn 0.0465 -0.9912 -0.1241
vn 0.0504 -0.9912 -0.1220
vn 0.0530 -0.9914 -0.1196
vn 0.0545 -0.9917 -0.1163
vn 0.0553 -0.9922 -0.1121
vn -0.0430 0.9928 0.1123
vn 0.0430 -0.9927 -0.1123
vn -0.1069 0.9814 0.1596
vn -0.2536 0.9458 0.2029
vn -0.2098 0.9341 0.2888
vn -0.0846 0.9755 0.2032
vn -0.1415 0.9234 0.3568
vn -0.0500 0.9700 0.2378
vn -0.0555 0.9146 0.4005
vn -0.0063 0.9656 0.2599
vn 0.0401 0.9088 0.4153
vn 0.0420 0.9627 0.2674
vn 0.1357 0.9064 0.4001
vn 0.0906 0.9615 0.2596
vn 0.2220 0.9078 0.3560
vn 0.1343 0.9621 0.2373
vn 0.2907 0.9126 0.2876
vn 0.1691 0.9645 0.2026
vn 0.3348 0.9205 0.2014
vn 0.1915 0.9685 0.1589
vn 0.3503 0.9306 0.1060
vn 0.1993 0.9737 0.1105
vn 0.3354 0.9420 0.0107
vn 0.1918 0.9795 0.0621
vn 0.2916 0.9536 -0.0754
vn 0.1696 0.9853 0.0185
vn 0.2233 0.9641 -0.1436
vn 0.1349 0.9907 -0.0160
vn 0.1372 0.9727 -0.1872
vn 0.0913 0.9951 -0.0382
vn 0.0416 0.9785 -0.2021
vn 0.0428 0.9980 -0.0457
vn -0.0540 0.9809 -0.1867
vn -0.0057 0.9993 -0.0379
vn -0.1405 0.9797 -0.1428
vn -0.0496 0.9987 -0.0155
vn -0.2090 0.9751 -0.0741
vn -0.0843 0.9963 0.0191
vn -0.2533 0.9673 0.0121
vn -0.1066 0.9923 0.0628
vn -0.2686 0.9573 0.1075
vn -0.1144 0.9872 0.1113
vn -0.3941 0.8869 0.2411
vn -0.3296 0.8698 0.3672
vn -0.2293 0.8540 0.4670
vn -0.1030 0.8412 0.5309
vn 0.0372 0.8326 0.5527
vn 0.1775 0.8291 0.5303
vn 0.3042 0.8310 0.4657
vn 0.4049 0.8382 0.3653
vn 0.4698 0.8498 0.2390
vn 0.4924 0.8647 0.0989
vn 0.4705 0.8815 -0.0411
vn 0.4063 0.8983 -0.1673
vn 0.3060 0.9137 -0.2673
vn 0.1796 0.9263 -0.3313
vn 0.0393 0.9348 -0.3531
vn -0.1010 0.9383 -0.3306
vn -0.2278 0.9367 -0.2660
vn -0.3285 0.9299 -0.1655
vn -0.3934 0.9185 -0.0391
vn -0.4159 0.9038 0.1012
vn -0.5245 0.8063 0.2733
vn -0.4412 0.7841 0.4364
vn -0.3115 0.7636 0.5656
vn -0.1480 0.7470 0.6482
vn 0.0333 0.7359 0.6763
vn 0.2147 0.7314 0.6472
vn 0.3787 0.7339 0.5639
vn 0.5091 0.7432 0.4341
vn 0.5931 0.7583 0.2705
vn 0.6224 0.7776 0.0894
vn 0.5941 0.7991 -0.0918
vn 0.5109 0.8209 -0.2550
vn 0.3811 0.8408 -0.3845
vn 0.2176 0.8569 -0.4673
vn 0.0361 0.8679 -0.4954
vn -0.1454 0.8726 -0.4662
vn -0.3094 0.8705 -0.3827
vn -0.4398 0.8618 -0.2527
vn -0.5237 0.8472 -0.0891
vn -0.5530 0.8281 0.0923
vn -0.6421 0.7059 0.2989
vn -0.5420 0.6792 0.4950
vn -0.3860 0.6545 0.6502
vn -0.1893 0.6346 0.7493
vn 0.0287 0.6211 0.7832
vn 0.2467 0.6159 0.7482
vn 0.4439 0.6188 0.6481
vn 0.6007 0.6300 0.4922
vn 0.7019 0.6481 0.2956
vn 0.7372 0.6712 0.0776
vn 0.7031 0.6971 -0.1403
vn 0.6029 0.7233 -0.3366
vn 0.4468 0.7472 -0.4919
vn 0.2501 0.7666 -0.5914
vn 0.0320 0.7798 -0.6252
vn -0.1862 0.7854 -0.5903
vn -0.3835 0.7829 -0.4899
vn -0.5403 0.7724 -0.3338
vn -0.6413 0.7549 -0.1370
vn -0.6764 0.7320 0.0811
vn -0.7441 0.5880 0.3171
vn -0.6294 0.5575 0.5413
vn -0.4508 0.5295 0.7186
vn -0.2259 0.5066 0.8321
vn 0.0233 0.4914 0.8706
vn 0.2727 0.4852 0.8308
vn 0.4981 0.4887 0.7163
vn 0.6775 0.5014 0.5381
vn 0.7933 0.5220 0.3133
vn 0.8338 0.5484 0.0640
vn 0.7946 0.5781 -0.1852
vn 0.6801 0.6079 -0.4097
vn 0.5015 0.6352 -0.5874
vn 0.2765 0.6575 -0.7009
vn 0.0271 0.6724 -0.7397
vn -0.2224 0.6789 -0.6997
vn -0.4480 0.6761 -0.5849
vn -0.6275 0.6641 -0.4065
vn -0.7430 0.6442 -0.1814
vn -0.7833 0.6179 0.0680
vn -0.8276 0.4559 0.3275
vn -0.7013 0.4222 0.5743
vn -0.5046 0.3916 0.7695
vn -0.2570 0.3664 0.8943
vn 0.0174 0.3495 0.9368
vn 0.2918 0.3429 0.8929
vn 0.5401 0.3465 0.7670
vn 0.7378 0.3604 0.5707
vn 0.8653 0.3830 0.3233
vn 0.9099 0.4120 0.0488
vn 0.8667 0.4448 -0.2257
vn 0.7405 0.4777 -0.4728
vn 0.5437 0.5079 -0.6681
vn 0.2960 0.5322 -0.7932
vn 0.0215 0.5489 -0.8356
vn -0.2532 0.5558 -0.7918
vn -0.5014 0.5527 -0.6657
vn -0.6990 0.5396 -0.4692
vn -0.8265 0.5175 -0.2215
vn -0.8708 0.4887 0.0532
vn -0.8908 0.3124 0.3299
vn -0.7559 0.2766 0.5933
vn -0.5460 0.2438 0.8015
vn -0.2817 0.2173 0.9346
vn 0.0110 0.1995 0.9798
vn 0.3038 0.1922 0.9331
vn 0.5689 0.1960 0.7987
vn 0.7798 0.2107 0.5895
vn 0.9160 0.2346 0.3254
vn 0.9635 0.2656 0.0323
vn 0.9175 0.3005 -0.2605
vn 0.7827 0.3357 -0.5241
vn 0.5727 0.3680 -0.7326
vn 0.3083 0.3941 -0.8658
vn 0.0155 0.4116 -0.9112
vn -0.2775 0.4194 -0.8643
vn -0.5425 0.4159 -0.7299
vn -0.7535 0.4017 -0.5204
vn -0.8897 0.3780 -0.2561
vn -0.9371 0.3472 0.0371
vn -0.9322 0.1612 0.3241
vn -0.7920 0.1244 0.5977
vn -0.5740 0.0902 0.8139
vn -0.2995 0.0627 0.9520
vn 0.0044 0.0445 0.9990
vn 0.3085 0.0364 0.9505
vn 0.5836 0.0403 0.8110
vn 0.8027 0.0558 0.5937
vn 0.9442 0.0805 0.3194
vn 0.9935 0.1126 0.0151
vn 0.9457 0.1482 -0.2891
vn 0.8056 0.1853 -0.5627
vn 0.5875 0.2186 -0.7791
vn 0.3130 0.2464 -0.9172
vn 0.0090 0.2647 -0.9643
vn -0.2952 0.2725 -0.9157
vn -0.5704 0.2689 -0.7761
vn -0.7895 0.2538 -0.5588
vn -0.9308 0.2294 -0.2844
vn -0.9801 0.1973 0.0200
vn -0.9506 0.0064 0.3103
vn -0.8088 -0.0308 0.5873
vn -0.5880 -0.0650 0.8063
vn -0.3101 -0.0929 0.9462
vn -0.0023 -0.1114 0.9938
vn 0.3056 -0.1193 0.9446
vn 0.5841 -0.1155 0.8034
vn 0.8060 -0.1004 0.5833
vn 0.9492 -0.0754 0.3056
vn 0.9991 -0.0429 -0.0025
vn 0.9506 -0.0064 -0.3103
vn 0.8088 0.0310 -0.5873
vn 0.5880 0.0650 -0.8063
vn 0.3101 0.0929 -0.9462
vn 0.0024 0.1114 -0.9938
vn -0.3057 0.1193 -0.9446
vn -0.5841 0.1153 -0.8034
vn -0.8061 0.1005 -0.5832
vn -0.9492 0.0756 -0.3055
vn -0.9991 0.0431 0.0025
vn -0.9457 -0.1486 0.2890
vn -0.8056 -0.1853 0.5627
vn -0.5874 -0.2191 0.7790
vn -0.3130 -0.2464 0.9172
vn -0.0090 -0.2648 0.9643
vn 0.2952 -0.2724 0.9158
vn 0.5703 -0.2690 0.7761
vn 0.7896 -0.2535 0.5588
vn 0.9309 -0.2293 0.2844
vn 0.9802 -0.1971 -0.0199
vn 0.9322 -0.1609 -0.3241
vn 0.7922 -0.1240 -0.5976
vn 0.5740 -0.0900 -0.8139
vn 0.2996 -0.0626 -0.9520
vn -0.0044 -0.0443 -0.9990
vn -0.3085 -0.0366 -0.9505
vn -0.5835 -0.0405 -0.8111
vn -0.8027 -0.0559 -0.5938
vn -0.9442 -0.0803 -0.3194
vn -0.9935 -0.1127 -0.0151
vn -0.9175 -0.3005 0.2606
vn -0.7826 -0.3359 0.5242
vn -0.5725 -0.3680 0.7327
vn -0.3083 -0.3942 0.8658
vn -0.0155 -0.4116 0.9112
vn 0.2775 -0.4193 0.8644
vn 0.5426 -0.4158 0.7299
vn 0.7536 -0.4017 0.5204
vn 0.8896 -0.3782 0.2560
vn 0.9370 -0.3473 -0.0371
vn 0.8909 -0.3123 -0.3298
vn 0.7559 -0.2768 -0.5933
vn 0.5459 -0.2440 -0.8015
vn 0.2817 -0.2174 -0.9346
vn -0.0110 -0.1995 -0.9798
vn -0.3040 -0.1919 -0.9332
vn -0.5687 -0.1961 -0.7988
vn -0.7798 -0.2107 -0.5895
vn -0.9160 -0.2346 -0.3254
vn -0.9635 -0.2656 -0.0323
vn -0.8668 -0.4447 0.2257
vn -0.7405 -0.4777 0.4728
vn -0.5437 -0.5079 0.6682
vn -0.2960 -0.5323 0.7931
vn -0.0215 -0.5488 0.8357
vn 0.2531 -0.5558 0.7919
vn 0.5014 -0.5527 0.6657
vn 0.6990 -0.5397 0.4692
vn 0.8265 -0.5175 0.2215
vn 0.8708 -0.4887 -0.0532
vn 0.8276 -0.4559 -0.3275
vn 0.7012 -0.4223 -0.5743
vn 0.5046 -0.3913 -0.7696
vn 0.2570 -0.3664 -0.8942
vn -0.0174 -0.3497 -0.9367
vn -0.2919 -0.3429 -0.8929
vn -0.5400 -0.3465 -0.7670
vn -0.7377 -0.3604 -0.5708
vn -0.8653 -0.3830 -0.3233
vn -0.9099 -0.4120 -0.0488
vn -0.7947 -0.5781 0.1852
vn -0.6801 -0.6079 0.4097
vn -0.5014 -0.6353 0.5873
vn -0.2765 -0.6575 0.7009
vn -0.0271 -0.6725 0.7396
vn 0.2224 -0.6790 0.6996
vn 0.4480 -0.6761 0.5850
vn 0.6274 -0.6643 0.4064
vn 0.7431 -0.6441 0.1814
vn 0.7833 -0.6179 -0.0680
vn 0.7440 -0.5881 -0.3171
vn 0.6293 -0.5576 -0.5413
vn 0.4508 -0.5295 -0.7186
vn 0.2259 -0.5066 -0.8321
vn -0.0233 -0.4913 -0.8707
vn -0.2727 -0.4852 -0.8308
vn -0.4982 -0.4887 -0.7163
vn -0.6775 -0.5014 -0.5381
vn -0.7933 -0.5220 -0.3133
vn -0.8337 -0.5485 -0.0640
vn -0.7031 -0.6972 0.1403
vn -0.6029 -0.7233 0.3366
vn -0.4468 -0.7472 0.4919
vn -0.2501 -0.7666 0.5914
vn -0.0320 -0.7798 0.6252
vn 0.1863 -0.7854 0.5903
vn 0.3834 -0.7830 0.4899
vn 0.5402 -0.7725 0.3337
vn 0.6414 -0.7549 0.1370
vn 0.6765 -0.7319 -0.0811
vn 0.6422 -0.7059 -0.2989
vn 0.5420 -0.6791 -0.4950
vn 0.3859 -0.6545 -0.6502
vn 0.1893 -0.6346 -0.7493
vn -0.0286 -0.6211 -0.7832
vn -0.2467 -0.6159 -0.7482
vn -0.4438 -0.6189 -0.6481
vn -0.6007 -0.6301 -0.4921
vn -0.7019 -0.6481 -0.2956
vn -0.7372 -0.6712 -0.0776
vn -0.5944 -0.7989 0.0920
vn -0.5112 -0.8206 0.2553
vn -0.3813 -0.8406 0.3847
vn -0.2177 -0.8567 0.4676
vn -0.0361 -0.8677 0.4958
vn 0.1456 -0.8723 0.4667
vn 0.3097 -0.8703 0.3830
vn 0.4402 -0.8615 0.2530
vn 0.5242 -0.8469 0.0893
vn 0.5534 -0.8278 -0.0922
vn 0.5249 -0.8060 -0.2734
vn 0.4416 -0.7838 -0.4367
vn 0.3118 -0.7633 -0.5659
vn 0.1481 -0.7466 -0.6485
vn -0.0333 -0.7355 -0.6767
vn -0.2149 -0.7310 -0.6476
vn -0.3789 -0.7336 -0.5642
vn -0.5095 -0.7429 -0.4343
vn -0.5935 -0.7580 -0.2707
vn -0.6229 -0.7772 -0.0893
vn -0.4908 -0.8699 0.0492
vn -0.4235 -0.8875 0.1815
vn -0.3183 -0.9038 0.2862
vn -0.1858 -0.9169 0.3533
vn -0.0389 -0.9257 0.3762
vn 0.1083 -0.9295 0.3526
vn 0.2411 -0.9278 0.2848
vn 0.3466 -0.9207 0.1795
vn 0.4146 -0.9088 0.0469
vn 0.4382 -0.8933 -0.0999
vn 0.4152 -0.8757 -0.2466
vn 0.3478 -0.8577 -0.3787
vn 0.2427 -0.8411 -0.4833
vn 0.1103 -0.8276 -0.5504
vn -0.0367 -0.8187 -0.5731
vn -0.1836 -0.8150 -0.5496
vn -0.3164 -0.8171 -0.4819
vn -0.4221 -0.8245 -0.3768
vn -0.4901 -0.8367 -0.2443
vn -0.5138 -0.8524 -0.0975
vn -0.2583 -0.9653 -0.0386
vn -0.2270 -0.9736 0.0236
vn -0.1771 -0.9814 0.0739
vn -0.1138 -0.9878 0.1064
vn -0.0437 -0.9921 0.1177
vn 0.0268 -0.9939 0.1068
vn 0.0905 -0.9931 0.0748
vn 0.1412 -0.9897 0.0248
vn 0.1740 -0.9840 -0.0385
vn 0.1857 -0.9766 -0.1086
vn 0.1751 -0.9682 -0.1788
vn 0.1433 -0.9596 -0.2421
vn 0.0932 -0.9517 -0.2925
vn 0.0301 -0.9453 -0.3249
vn -0.0400 -0.9409 -0.3363
vn -0.1103 -0.9392 -0.3253
vn -0.1739 -0.9400 -0.2934
vn -0.2248 -0.9436 -0.2433
vn -0.2576 -0.9493 -0.1801
vn -0.2693 -0.9568 -0.1100
vn -0.0547 -0.9926 -0.1088
vn -0.0526 -0.9931 -0.1048
vn -0.0501 -0.9935 -0.1019
vn -0.0467 -0.9938 -0.1007
vn -0.0428 -0.9941 -0.1000
vn -0.0395 -0.9941 -0.1007
vn -0.0360 -0.9941 -0.1024
vn -0.0330 -0.9939 -0.1050
vn -0.0314 -0.9936 -0.1083
vn -0.0307 -0.9932 -0.1126
vn -0.0313 -0.9927 -0.1166
vn -0.0329 -0.9923 -0.1192
vn -0.0355 -0.9919 -0.1219
vn -0.0391 -0.9916 -0.1234
vn -0.0429 -0.9913 -0.1245
vn -0.0470 -0.9912 -0.1238
vn -0.0503 -0.9912 -0.1221
vn -0.0529 -0.9914 -0.1193
vn -0.0547 -0.9917 -0.1159
vn -0.0553 -0.9921 -0.1123
vn 0.0430 0.9927 0.1123
vn -0.0430 -0.9928 -0.1122
vn 0.1268 -0.4347 -0.8916
vn 0.1364 -0.3892 -0.9110
vn 0.1612 -0.4032 -0.9008
vn 0.0915 -0.4738 -0.8759
vn 0.0509 -0.4619 -0.8855
vn 0.0282 -0.4022 -0.9151
vn -0.0788 -0.5140 -0.8542
vn -0.0515 -0.5375 -0.8417
vn 0.0612 -0.2200 -0.9736
vn -0.0939 -0.1987 -0.9756
vn -0.1013 -0.3585 -0.9280
vn 0.0120 -0.3754 -0.9268
vn -0.2820 -0.3460 -0.8949
vn -0.2668 -0.5034 -0.8218
vn -0.1151 -0.5070 -0.8542
vn -0.4245 -0.3637 -0.8292
vn -0.4772 -0.3820 -0.7914
vn -0.3860 -0.5475 -0.7424
vn -0.3594 -0.5292 -0.7686
vn -0.0438 -0.5219 -0.8519
vn 0.1171 -0.4002 -0.9089
vn 0.1587 -0.4198 -0.8936
vn -0.2791 -0.6937 0.6640
vn -0.2791 -0.6933 0.6644
vn -0.2305 -0.7222 0.6522
vn -0.2318 -0.7217 0.6523
vn -0.3093 -0.6560 0.6884
vn -0.3092 -0.6485 0.6955
vn -0.3096 -0.6552 0.6891
vn 0.0422 -0.8036 0.5936
vn 0.0402 -0.8028 0.5949
vn -0.0042 -0.7757 0.6310
vn 0.0003 -0.7845 0.6201
vn -0.1749 -0.7827 0.5973
vn -0.1731 -0.7830 0.5974
vn -0.1186 -0.8154 0.5666
vn -0.1208 -0.8156 0.5659
vn 0.0200 -0.7972 0.6034
vn -0.0478 -0.8065 0.5894
vn -0.0430 -0.8055 0.5910
vn 0.0218 -0.7969 0.6037
vn 0.1129 -0.4793 -0.8704
vn 0.2354 -0.4499 -0.8615
vn 0.0192 -0.5385 -0.8424
vn 0.1564 -0.3744 -0.9140
vn 0.1239 -0.2866 -0.9500
vn -0.2966 -0.1954 -0.9348
vn -0.4761 -0.2005 -0.8563
vn -0.5525 -0.2145 -0.8054
vn -0.1953 -0.7381 0.6458
vn -0.1955 -0.7385 0.6453
vn -0.1260 -0.4349 -0.8916
vn -0.0898 -0.4738 -0.8761
vn -0.1593 -0.4040 -0.9008
vn -0.1342 -0.3901 -0.9109
vn -0.0500 -0.4621 -0.8854
vn 0.0530 -0.5360 -0.8426
vn 0.0794 -0.5136 -0.8544
vn -0.0273 -0.4021 -0.9152
vn -0.0615 -0.2200 -0.9736
vn -0.0116 -0.3755 -0.9267
vn 0.1009 -0.3566 -0.9288
vn 0.0926 -0.1943 -0.9765
vn 0.1151 -0.5069 -0.8543
vn 0.2668 -0.5032 -0.8220
vn 0.2830 -0.3416 -0.8962
vn 0.4271 -0.3556 -0.8313
vn 0.3596 -0.5288 -0.7688
vn 0.3863 -0.5469 -0.7427
vn 0.4799 -0.3713 -0.7949
vn 0.0438 -0.5220 -0.8518
vn -0.1145 -0.4004 -0.9092
vn -0.1574 -0.4199 -0.8938
vn 0.2308 -0.7219 0.6524
vn 0.1945 -0.7379 0.6463
vn 0.1947 -0.7382 0.6458
vn 0.2295 -0.7223 0.6524
vn 0.3081 -0.6558 0.6892
vn 0.3084 -0.6547 0.6901
vn 0.3079 -0.6481 0.6965
vn 0.0002 -0.7831 0.6219
vn 0.0277 -0.7657 0.6426
vn 0.0273 -0.7488 0.6622
vn 0.0047 -0.7743 0.6328
vn 0.2782 -0.6937 0.6644
vn 0.2783 -0.6932 0.6648
vn 0.1205 -0.8151 0.5666
vn 0.0468 -0.8059 0.5903
vn 0.0421 -0.8049 0.5919
vn 0.1183 -0.8149 0.5674
vn -0.0208 -0.7962 0.6047
vn -0.0225 -0.7960 0.6048
vn -0.2355 -0.4499 -0.8615
vn -0.1129 -0.4793 -0.8704
vn -0.0180 -0.5375 -0.8431
vn -0.1545 -0.3752 -0.9140
vn -0.1236 -0.2872 -0.9499
vn 0.2979 -0.1856 -0.9364
vn 0.4792 -0.1837 -0.8583
vn 0.5551 -0.1932 -0.8090
vn 0.1745 -0.7821 0.5982
vn 0.1727 -0.7824 0.5984
vn -0.0418 -0.8026 0.5950
vn -0.0397 -0.8018 0.5963
vn -0.0273 -0.7506 0.6602
vn -0.0277 -0.7676 0.6404
vn -0.6262 -0.2276 -0.7457
vn -0.5242 -0.2029 -0.8271
vn -0.8367 0.1633 -0.5227
vn -0.9263 0.1580 -0.3421
vn 0.9337 -0.3569 -0.0284
vn 0.8986 -0.4372 0.0382
vn 0.5384 -0.6062 -0.5853
vn 0.5357 -0.5805 -0.6132
vn 0.9555 -0.2519 0.1537
vn 0.9120 -0.3562 0.2033
vn 0.8185 -0.0690 -0.5704
vn 0.9492 0.1772 -0.2601
vn 0.8742 0.2112 -0.4372
vn 0.7481 -0.0284 -0.6630
vn -0.9252 -0.3761 -0.0495
vn -0.3048 -0.5649 -0.7668
vn -0.3134 -0.5778 -0.7536
vn -0.9064 -0.4223 -0.0126
vn -0.9494 -0.2782 0.1461
vn -0.4157 -0.6784 -0.6057
vn 0.5441 -0.0075 -0.8390
vn 0.2587 -0.0614 -0.9640
vn -0.2410 -0.9050 -0.3507
vn -0.4039 -0.7935 -0.4552
vn 0.4123 -0.0257 -0.9107
vn -0.8243 -0.5537 0.1180
vn -0.4054 -0.8580 0.3155
vn -0.0715 -0.9277 -0.3663
vn -0.6586 -0.7125 0.2419
vn 0.1594 0.0596 -0.9854
vn 0.0295 0.0791 -0.9964
vn -0.0111 -0.9286 -0.3709
vn -0.1507 -0.0133 -0.9885
vn 0.1128 -0.9320 -0.3444
vn 0.7850 -0.5989 0.1584
vn 0.5478 -0.7038 -0.4523
vn 0.5935 -0.7634 0.2548
vn 0.2163 -0.8937 -0.3930
vn 0.3959 -0.8366 -0.3787
vn -0.3559 -0.1640 -0.9200
vn -0.2479 -0.0020 -0.9688
vn -0.3108 -0.0544 -0.9489
vn -0.5501 0.3980 -0.7342
vn 0.5940 0.3897 -0.7037
vn -0.8077 0.0993 -0.5812
vn 0.8148 0.0879 -0.5730
s 1
f 29//1 30//2 32//3
f 29//1 32//3 31//4
f 30//2 339//5 340//6
f 30//2 340//6 32//3
f 337//7 338//8 150//9
f 337//7 150//9 289//10
f 136//11 137//12 244//13
f 136//11 244//13 245//14
f 854//15 855//16 336//17
f 854//15 336//17 40//18
f 50//19 38//20 37//21
f 50//19 37//21 49//22
f 1103//23 1070//24 779//25
f 1103//23 779//25 114//26
f 53//27 1101//28 1102//29
f 53//27 1102//29 54//30
f 55//31 1100//32 1101//28
f 55//31 1101//28 53//27
f 1035//33 1002//34 55//31
f 1035//33 55//31 53//27
f 1034//35 1035//33 53//27
f 1034//35 53//27 54//30
f 779//25 1032//36 1033//37
f 779//25 1033//37 114//26
f 265//38 266//39 316//40
f 265//38 316//40 317//41
f 264//42 265//38 317//41
f 264//42 317//41 318//43
f 782//44 783//45 263//46
f 782//44 263//46 319//47
f 261//48 262//49 320//50
f 261//48 320//50 321//51
f 1030//52 1031//53 52//54
f 1030//52 52//54 65//55
f 259//56 260//57 322//58
f 259//56 322//58 323//59
f 1028//60 1029//61 238//62
f 1028//60 238//62 68//63
f 803//64 79//65 80//66
f 803//64 80//66 802//67
f 150//9 151//68 288//69
f 150//9 288//69 289//10
f 137//12 138//70 243//71
f 137//12 243//71 244//13
f 49//22 37//21 112//72
f 49//22 112//72 113//73
f 54//30 1102//29 1103//23
f 54//30 1103//23 114//26
f 1033//37 1034//35 54//30
f 1033//37 54//30 114//26
f 319//47 263//46 264//42
f 319//47 264//42 318//43
f 146//74 1140//75 1141//76
f 146//74 1141//76 145//77
f 1139//78 1140//75 146//74
f 1139//78 146//74 147//79
f 1138//80 1139//78 147//79
f 1138//80 147//79 148//81
f 45//82 981//83 982//84
f 45//82 982//84 88//85
f 953//86 954//87 119//88
f 953//86 119//88 120//89
f 1099//90 1100//32 55//31
f 1099//90 55//31 78//91
f 294//92 295//93 76//94
f 294//92 76//94 86//95
f 929//96 930//97 350//98
f 929//96 350//98 351//99
f 119//88 954//87 955//100
f 119//88 955//100 118//101
f 88//85 982//84 983//102
f 88//85 983//102 100//103
f 116//104 784//105 785//106
f 116//104 785//106 117//107
f 61//108 60//109 103//110
f 61//108 103//110 104//111
f 60//109 62//112 105//113
f 60//109 105//113 103//110
f 235//114 67//115 106//116
f 235//114 106//116 234//117
f 63//118 64//119 107//120
f 63//118 107//120 102//121
f 62//112 116//104 117//107
f 62//112 117//107 105//113
f 294//92 86//95 104//111
f 294//92 104//111 293//122
f 1141//76 1142//123 774//124
f 1141//76 774//124 145//77
f 138//70 775//125 776//126
f 138//70 776//126 243//71
f 112//72 777//127 778//128
f 112//72 778//128 113//73
f 201//129 119//88 118//101
f 201//129 118//101 200//130
f 202//131 120//89 119//88
f 202//131 119//88 201//129
f 258//132 815//133 816//134
f 258//132 816//134 324//135
f 814//136 93//137 110//138
f 814//136 110//138 813//139
f 308//140 810//141 811//142
f 308//140 811//142 307//143
f 73//144 1026//145 1027//146
f 73//144 1027//146 819//147
f 78//91 55//31 1002//34
f 78//91 1002//34 1003//148
f 1079//149 1080//150 94//151
f 1079//149 94//151 852//152
f 77//153 75//154 89//155
f 77//153 89//155 90//156
f 41//157 853//158 854//15
f 41//157 854//15 40//18
f 52//54 1071//159 1072//160
f 52//54 1072//160 65//55
f 238//62 1073//161 1074//162
f 238//62 1074//162 68//63
f 47//163 39//164 44//165
f 47//163 44//165 48//166
f 85//167 125//168 333//169
f 85//167 333//169 334//170
f 70//171 239//172 240//173
f 70//171 240//173 126//174
f 73//144 1076//175 1077//176
f 73//144 1077//176 71//177
f 74//178 124//179 125//168
f 74//178 125//168 85//167
f 127//180 332//181 333//169
f 127//180 333//169 125//168
f 332//181 127//180 83//182
f 332//181 83//182 331//183
f 952//184 1010//185 1011//186
f 952//184 1011//186 121//187
f 35//188 980//189 1008//190
f 35//188 1008//190 1009//191
f 152//192 804//193 805//194
f 152//192 805//194 287//195
f 1005//196 1006//197 296//198
f 1005//196 296//198 34//199
f 927//200 1081//201 1082//202
f 927//200 1082//202 353//203
f 154//204 155//205 284//206
f 154//204 284//206 285//207
f 82//208 36//209 1013//210
f 82//208 1013//210 1014//211
f 153//212 738//213 757//214
f 153//212 757//214 286//215
f 1090//216 1091//217 121//187
f 1090//216 121//187 203//218
f 1088//219 1089//220 36//209
f 1088//219 36//209 82//208
f 203//218 121//187 1011//186
f 203//218 1011//186 1012//221
f 98//222 1084//223 1085//224
f 98//222 1085//224 807//225
f 759//226 97//227 1086//228
f 759//226 1086//228 1087//229
f 97//227 759//226 1015//230
f 97//227 1015//230 1016//231
f 156//232 282//233 283//234
f 156//232 283//234 205//235
f 1143//236 1144//237 143//238
f 1143//236 143//238 144//239
f 1149//240 1150//241 10//242
f 1149//240 10//242 142//243
f 134//244 135//245 246//246
f 134//244 246//246 247//247
f 135//245 136//11 245//14
f 135//245 245//14 246//246
f 38//20 50//19 51//248
f 38//20 51//248 43//249
f 43//249 51//248 96//250
f 43//249 96//250 42//251
f 144//239 143//238 140//252
f 144//239 140//252 139//253
f 145//77 774//124 775//125
f 145//77 775//125 138//70
f 137//12 146//74 145//77
f 137//12 145//77 138//70
f 147//79 146//74 137//12
f 147//79 137//12 136//11
f 148//81 147//79 136//11
f 148//81 136//11 135//245
f 150//9 338//8 339//5
f 150//9 339//5 30//2
f 151//68 150//9 30//2
f 151//68 30//2 29//1
f 804//193 152//192 79//65
f 804//193 79//65 803//64
f 717//254 718//255 155//205
f 717//254 155//205 154//204
f 720//256 156//232 205//235
f 720//256 205//235 719//257
f 160//258 159//259 725//260
f 160//258 725//260 726//261
f 726//261 727//262 161//263
f 726//261 161//263 160//258
f 130//264 13//265 14//266
f 118//101 955//100 956//267
f 118//101 956//267 163//268
f 100//103 983//102 984//269
f 100//103 984//269 162//270
f 117//107 785//106 786//271
f 117//107 786//271 166//272
f 103//110 105//113 169//273
f 103//110 169//273 167//274
f 234//117 106//116 170//275
f 234//117 170//275 233//276
f 102//121 107//120 171//277
f 102//121 171//277 165//278
f 105//113 117//107 166//272
f 105//113 166//272 169//273
f 293//122 104//111 168//279
f 293//122 168//279 292//280
f 920//281 921//282 358//283
f 920//281 358//283 359//284
f 200//130 118//101 163//268
f 200//130 163//268 199//285
f 163//268 956//267 957//286
f 163//268 957//286 175//287
f 162//270 984//269 985//288
f 162//270 985//288 174//289
f 166//272 786//271 178//290
f 168//279 167//274 179//291
f 168//279 179//291 180//292
f 167//274 169//273 181//293
f 167//274 181//293 179//291
f 233//276 170//275 182//294
f 233//276 182//294 232//295
f 165//278 171//277 183//296
f 165//278 183//296 177//297
f 169//273 166//272 178//290
f 169//273 178//290 181//293
f 292//280 168//279 180//292
f 170//275 920//281 359//284
f 170//275 359//284 182//294
f 199//285 163//268 175//287
f 199//285 175//287 198//298
f 867//299 958//300 959//301
f 867//299 959//301 187//302
f 868//303 986//304 987//305
f 868//303 987//305 186//306
f 870//307 871//308 191//309
f 870//307 191//309 192//310
f 871//308 872//311 193//312
f 871//308 193//312 191//309
f 874//313 875//314 195//315
f 874//313 195//315 189//316
f 872//311 873//317 190//318
f 872//311 190//318 193//312
f 866//319 867//299 187//302
f 866//319 187//302 196//320
f 196//320 195//315 194//321
f 196//320 194//321 197//322
f 190//318 186//306 987//305
f 190//318 987//305 188//323
f 189//316 187//302 959//301
f 193//312 188//323 192//310
f 193//312 192//310 191//309
f 123//324 122//325 206//326
f 123//324 206//326 207//327
f 172//328 199//285 198//298
f 172//328 198//298 184//329
f 108//330 200//130 199//285
f 108//330 199//285 172//328
f 89//155 201//129 200//130
f 89//155 200//130 108//330
f 75//154 202//131 201//129
f 75//154 201//129 89//155
f 36//209 203//218 1012//221
f 36//209 1012//221 1013//210
f 1089//220 1090//216 203//218
f 1089//220 203//218 36//209
f 205//235 283//234 284//206
f 205//235 284//206 155//205
f 719//257 205//235 155//205
f 719//257 155//205 718//255
f 196//320 187//302 189//316
f 196//320 189//316 195//315
f 28//331 26//332 732//333
f 28//331 732//333 736//334
f 732//333 733//335 208//336
f 732//333 208//336 27//337
f 948//338 949//339 156//232
f 948//338 156//232 720//256
f 946//340 947//341 122//325
f 946//340 122//325 123//324
f 974//342 975//343 209//344
f 974//342 209//344 21//345
f 211//346 212//347 19//348
f 211//346 19//348 18//349
f 16//350 19//348 212//347
f 16//350 212//347 213//351
f 78//91 269//352 1098//353
f 78//91 1098//353 1099//90
f 15//354 149//355 134//244
f 15//354 134//244 214//356
f 216//357 215//358 56//359
f 216//357 56//359 57//360
f 217//361 216//357 57//360
f 217//361 57//360 58//362
f 115//363 218//364 217//361
f 115//363 217//361 58//362
f 780//365 781//366 218//364
f 780//365 218//364 115//363
f 220//367 219//368 59//369
f 220//367 59//369 66//370
f 221//371 236//372 237//373
f 221//371 237//373 69//374
f 222//375 817//376 818//377
f 222//375 818//377 72//378
f 1077//176 1078//379 223//380
f 1077//176 223//380 71//177
f 225//381 224//382 74//178
f 225//381 74//178 85//167
f 334//170 335//383 225//381
f 334//170 225//381 85//167
f 315//384 267//385 268//386
f 95//387 56//359 215//358
f 95//387 215//358 227//388
f 316//40 266//39 267//385
f 316//40 267//385 315//384
f 61//108 104//111 86//95
f 158//389 722//390 723//391
f 158//389 723//391 228//392
f 721//393 976//394 977//395
f 721//393 977//395 157//396
f 228//392 723//391 724//397
f 228//392 724//397 229//398
f 725//260 159//259 229//398
f 725//260 229//398 724//397
f 160//258 231//399 230//400
f 160//258 230//400 159//259
f 231//399 160//258 161//263
f 231//399 161//263 130//264
f 171//277 233//276 232//295
f 171//277 232//295 183//296
f 107//120 234//117 233//276
f 107//120 233//276 171//277
f 64//119 235//114 234//117
f 64//119 234//117 107//120
f 322//58 260//57 261//48
f 322//58 261//48 321//51
f 237//373 236//372 220//367
f 237//373 220//367 66//370
f 1029//61 1030//52 65//55
f 1029//61 65//55 238//62
f 65//55 1072//160 1073//161
f 65//55 1073//161 238//62
f 240//173 239//172 48//166
f 240//173 48//166 44//165
f 819//147 1075//401 1076//175
f 819//147 1076//175 73//144
f 296//198 1096//402 1097//403
f 296//198 1097//403 34//199
f 243//71 776//126 777//127
f 243//71 777//127 112//72
f 244//13 243//71 112//72
f 244//13 112//72 37//21
f 245//14 244//13 37//21
f 245//14 37//21 38//20
f 246//246 245//14 38//20
f 246//246 38//20 43//249
f 247//247 246//246 43//249
f 247//247 43//249 42//251
f 248//404 126//174 240//173
f 248//404 240//173 249//405
f 44//165 250//406 249//405
f 44//165 249//405 240//173
f 39//164 242//407 250//406
f 39//164 250//406 44//165
f 13//265 254//408 253//409
f 13//265 253//409 14//266
f 256//410 851//411 274//412
f 256//410 274//412 325//413
f 93//137 814//136 815//133
f 93//137 815//133 258//132
f 67//115 235//114 260//57
f 67//115 260//57 259//56
f 261//48 260//57 235//114
f 261//48 235//114 64//119
f 64//119 63//118 262//49
f 64//119 262//49 261//48
f 263//46 783//45 784//105
f 263//46 784//105 116//104
f 264//42 263//46 116//104
f 264//42 116//104 62//112
f 62//112 60//109 265//38
f 62//112 265//38 264//42
f 60//109 61//108 266//39
f 60//109 266//39 265//38
f 267//385 266//39 61//108
f 267//385 61//108 86//95
f 268//386 267//385 86//95
f 268//386 86//95 76//94
f 34//199 269//352 1004//414
f 34//199 1004//414 1005//196
f 1097//403 1098//353 269//352
f 1097//403 269//352 34//199
f 925//415 926//416 354//417
f 925//415 354//417 355//418
f 98//222 807//225 1017//419
f 98//222 1017//419 1018//420
f 93//137 258//132 274//412
f 93//137 274//412 273//421
f 1020//422 1021//423 927//200
f 1020//422 927//200 353//203
f 1022//424 1023//425 852//152
f 1022//424 852//152 94//151
f 324//135 325//413 274//412
f 324//135 274//412 258//132
f 257//426 275//427 222//375
f 257//426 222//375 72//378
f 1093//428 1094//429 980//189
f 1093//428 980//189 35//188
f 96//250 270//430 276//431
f 96//250 276//431 42//251
f 1091//217 1092//432 952//184
f 1091//217 952//184 121//187
f 1025//433 1026//145 73//144
f 1025//433 73//144 71//177
f 270//430 131//434 251//435
f 270//430 251//435 276//431
f 276//431 251//435 252//436
f 276//431 252//436 277//437
f 278//438 15//354 253//409
f 278//438 253//409 254//408
f 277//437 247//247 42//251
f 277//437 42//251 276//431
f 159//259 230//400 280//439
f 159//259 280//439 229//398
f 282//233 156//232 949//339
f 282//233 949//339 950//440
f 128//441 282//233 950//440
f 128//441 950//440 951//442
f 283//234 282//233 128//441
f 283//234 128//441 204//443
f 284//206 283//234 204//443
f 284//206 204//443 132//444
f 285//207 284//206 132//444
f 285//207 132//444 133//445
f 286//215 757//214 758//446
f 286//215 758//446 81//447
f 287//195 805//194 806//448
f 287//195 806//448 99//449
f 928//450 929//96 351//99
f 928//450 351//99 352//451
f 289//10 288//69 41//157
f 289//10 41//157 40//18
f 336//17 337//7 289//10
f 336//17 289//10 40//18
f 281//452 978//453 979//454
f 281//452 979//454 129//455
f 281//452 157//396 977//395
f 281//452 977//395 978//453
f 229//398 280//439 291//456
f 229//398 291//456 228//392
f 291//456 279//457 158//389
f 291//456 158//389 228//392
f 164//458 292//280 180//292
f 164//458 180//292 176//459
f 101//460 293//122 292//280
f 101//460 292//280 164//458
f 87//461 294//92 293//122
f 87//461 293//122 101//460
f 87//461 46//462 295//93
f 87//461 295//93 294//92
f 296//198 1006//197 1007//463
f 296//198 1007//463 33//464
f 33//464 1095//465 1096//402
f 33//464 1096//402 296//198
f 241//466 279//457 291//456
f 241//466 291//456 297//467
f 131//434 297//467 298//468
f 131//434 298//468 251//435
f 298//468 297//467 291//456
f 298//468 291//456 280//439
f 252//436 251//435 298//468
f 252//436 298//468 299//469
f 280//439 230//400 299//469
f 280//439 299//469 298//468
f 300//470 299//469 230//400
f 300//470 230//400 231//399
f 299//469 300//470 301//471
f 299//469 301//471 252//436
f 214//356 134//244 247//247
f 214//356 247//247 277//437
f 301//471 214//356 277//437
f 301//471 277//437 252//436
f 14//266 300//470 231//399
f 14//266 231//399 130//264
f 14//266 253//409 301//471
f 14//266 301//471 300//470
f 253//409 15//354 214//356
f 253//409 214//356 301//471
f 149//355 15//354 278//438
f 149//355 278//438 302//472
f 149//355 303//473 304//474
f 149//355 304//474 134//244
f 134//244 304//474 148//81
f 134//244 148//81 135//245
f 184//329 344//475 345//476
f 184//329 345//476 172//328
f 108//330 305//477 90//156
f 108//330 90//156 89//155
f 306//478 761//479 762//480
f 306//478 762//480 92//481
f 91//482 760//483 761//479
f 91//482 761//479 306//478
f 808//484 809//485 272//486
f 808//484 272//486 271//487
f 923//488 924//489 356//490
f 923//488 356//490 357//491
f 355//418 356//490 924//489
f 355//418 924//489 925//415
f 809//485 810//141 308//140
f 809//485 308//140 272//486
f 357//491 812//492 922//493
f 357//491 922//493 923//488
f 313//494 310//495 309//496
f 313//494 309//496 312//497
f 1145//498 1146//499 310//495
f 1145//498 310//495 313//494
f 143//238 313//494 312//497
f 143//238 312//497 140//252
f 1144//237 1145//498 313//494
f 1144//237 313//494 143//238
f 249//405 312//497 309//496
f 249//405 309//496 248//404
f 250//406 140//252 312//497
f 250//406 312//497 249//405
f 140//252 250//406 242//407
f 140//252 242//407 139//253
f 875//314 876//500 194//321
f 875//314 194//321 195//315
f 197//322 865//501 866//319
f 197//322 866//319 196//320
f 864//502 865//501 197//322
f 864//502 197//322 343//503
f 343//503 197//322 194//321
f 343//503 194//321 185//504
f 876//500 877//505 185//504
f 876//500 185//504 194//321
f 227//388 315//384 268//386
f 227//388 268//386 95//387
f 215//358 316//40 315//384
f 215//358 315//384 227//388
f 317//41 316//40 215//358
f 317//41 215//358 216//357
f 318//43 317//41 216//357
f 318//43 216//357 217//361
f 218//364 319//47 318//43
f 218//364 318//43 217//361
f 781//366 782//44 319//47
f 781//366 319//47 218//364
f 321//51 320//50 219//368
f 321//51 219//368 220//367
f 236//372 322//58 321//51
f 236//372 321//51 220//367
f 323//59 322//58 236//372
f 323//59 236//372 221//371
f 324//135 816//134 817//376
f 324//135 817//376 222//375
f 222//375 275//427 325//413
f 222//375 325//413 324//135
f 275//427 257//426 256//410
f 275//427 256//410 325//413
f 78//91 1003//148 1004//414
f 78//91 1004//414 269//352
f 1024//506 1025//433 71//177
f 1024//506 71//177 223//380
f 326//507 127//180 125//168
f 326//507 125//168 124//179
f 124//179 820//508 821//509
f 124//179 821//509 326//507
f 821//509 822//510 327//511
f 821//509 327//511 326//507
f 326//507 327//511 83//182
f 326//507 83//182 127//180
f 822//510 823//512 328//513
f 822//510 328//513 327//511
f 327//511 328//513 141//514
f 327//511 141//514 83//182
f 10//242 9//515 141//514
f 10//242 141//514 142//243
f 328//513 329//516 142//243
f 328//513 142//243 141//514
f 823//512 824//517 329//516
f 823//512 329//516 328//513
f 824//517 1147//518 1148//519
f 824//517 1148//519 329//516
f 329//516 1148//519 1149//240
f 329//516 1149//240 142//243
f 8//520 332//181 331//183
f 8//520 331//183 5//521
f 332//181 8//520 753//522
f 332//181 753//522 754//523
f 334//170 333//169 746//524
f 334//170 746//524 747//525
f 747//525 748//526 335//383
f 747//525 335//383 334//170
f 855//16 856//527 749//528
f 855//16 749//528 336//17
f 749//528 750//529 337//7
f 749//528 337//7 336//17
f 750//529 751//530 338//8
f 750//529 338//8 337//7
f 3//531 730//532 751//530
f 3//531 751//530 11//533
f 730//532 3//531 2//534
f 730//532 2//534 728//535
f 9//515 341//536 342//537
f 9//515 342//537 141//514
f 341//536 5//521 331//183
f 341//536 331//183 342//537
f 342//537 331//183 83//182
f 342//537 83//182 141//514
f 869//538 870//307 192//310
f 869//538 192//310 188//323
f 764//539 343//503 185//504
f 764//539 185//504 173//540
f 763//541 764//539 173//540
f 763//541 173//540 109//542
f 172//328 345//476 305//477
f 172//328 305//477 108//330
f 763//541 109//542 92//481
f 763//541 92//481 762//480
f 168//279 103//110 167//274
f 346//543 801//544 802//67
f 346//543 802//67 80//66
f 890//545 891//546 346//543
f 890//545 346//543 80//66
f 931//547 932//548 348//549
f 931//547 348//549 349//550
f 889//551 890//545 80//66
f 889//551 80//66 79//65
f 350//98 930//97 931//547
f 350//98 931//547 349//550
f 152//192 888//552 889//551
f 152//192 889//551 79//65
f 887//553 888//552 152//192
f 887//553 152//192 287//195
f 886//554 887//553 287//195
f 886//554 287//195 99//449
f 885//555 1083//556 1084//223
f 885//555 1084//223 98//222
f 1018//420 1019//557 885//555
f 1018//420 885//555 98//222
f 883//558 884//559 271//487
f 883//558 271//487 272//486
f 272//486 308//140 882//560
f 272//486 882//560 883//558
f 881//561 882//560 308//140
f 881//561 308//140 307//143
f 307//143 811//142 880//562
f 307//143 880//562 881//561
f 878//563 879//564 109//542
f 878//563 109//542 173//540
f 877//505 878//563 173//540
f 877//505 173//540 185//504
f 362//565 365//566 756//567
f 362//565 756//567 363//568
f 367//569 368//570 370//571
f 367//569 370//571 371//572
f 372//573 375//574 374//575
f 372//573 374//575 373//576
f 376//577 379//578 378//579
f 376//577 378//579 377//580
f 859//581 860//582 382//583
f 859//581 382//583 381//584
f 384//585 387//586 386//587
f 384//585 386//587 385//588
f 795//589 391//590 1137//591
f 795//589 1137//591 1104//592
f 1135//593 1136//594 387//586
f 1135//593 387//586 384//585
f 1134//595 1135//593 384//585
f 1134//595 384//585 395//596
f 396//597 397//598 1069//599
f 396//597 1069//599 1036//600
f 397//598 398//601 1068//602
f 397//598 1068//602 1069//599
f 1066//603 1067//604 400//605
f 1066//603 400//605 793//606
f 401//607 404//608 403//609
f 401//607 403//609 402//610
f 405//611 406//612 404//608
f 405//611 404//608 401//607
f 791//613 410//614 409//615
f 791//613 409//615 790//616
f 411//617 412//618 407//619
f 411//617 407//619 408//620
f 399//621 414//622 1064//623
f 399//621 1064//623 1065//624
f 415//625 418//626 417//627
f 415//625 417//627 416//628
f 419//629 422//630 1062//631
f 419//629 1062//631 1063//632
f 423//633 426//634 827//635
f 423//633 827//635 828//636
f 374//575 375//574 430//637
f 374//575 430//637 429//638
f 377//580 378//579 432//639
f 377//580 432//639 431//640
f 387//586 391//590 433//641
f 387//586 433//641 386//587
f 1136//594 1137//591 391//590
f 1136//594 391//590 387//586
f 398//601 400//605 1067//604
f 398//601 1067//604 1068//602
f 410//614 406//612 405//611
f 410//614 405//611 409//615
f 434//642 437//643 1159//644
f 434//642 1159//644 1160//645
f 1160//645 1161//646 439//647
f 1160//645 439//647 434//642
f 1161//646 1162//648 440//649
f 1161//646 440//649 439//647
f 995//650 996//651 443//652
f 995//650 443//652 442//653
f 444//654 441//655 967//656
f 444//654 967//656 968//657
f 395//596 448//658 1133//659
f 395//596 1133//659 1134//595
f 449//660 452//661 451//662
f 449//660 451//662 450//663
f 429//638 430//637 942//664
f 429//638 942//664 943//665
f 968//657 969//666 455//667
f 968//657 455//667 444//654
f 996//651 997//668 457//669
f 996//651 457//669 443//652
f 458//670 461//671 788//672
f 458//670 788//672 789//673
f 462//674 465//675 464//676
f 462//674 464//676 463//677
f 463//677 464//676 467//678
f 463//677 467//678 466//679
f 468//680 471//681 470//682
f 468//680 470//682 469//683
f 459//684 460//685 473//686
f 459//684 473//686 472//687
f 466//679 467//678 461//671
f 466//679 461//671 458//670
f 449//660 474//688 465//675
f 449//660 465//675 452//661
f 1158//689 1159//644 437//643
f 1158//689 437//643 799//690
f 431//640 432//639 797//691
f 431//640 797//691 798//692
f 433//641 391//590 795//589
f 433//641 795//589 796//693
f 479//694 480//695 456//696
f 479//694 456//696 445//697
f 481//698 479//694 445//697
f 481//698 445//697 446//699
f 840//700 841//701 418//626
f 840//700 418//626 415//625
f 469//683 470//682 838//702
f 469//683 838//702 839//703
f 835//704 836//705 488//706
f 835//704 488//706 487//707
f 1061//708 1062//631 422//630
f 1061//708 422//630 843//709
f 1036//600 1037//710 492//711
f 1036//600 492//711 396//597
f 493//712 861//713 1113//714
f 493//712 1113//714 1114//715
f 497//716 500//717 499//718
f 497//716 499//718 498//719
f 493//712 382//583 860//582
f 493//712 860//582 861//713
f 1105//720 1106//721 501//722
f 1105//720 501//722 388//723
f 1107//724 1108//725 503//726
f 1107//724 503//726 502//727
f 388//723 501//722 504//728
f 388//723 504//728 478//729
f 505//730 508//731 507//732
f 505//730 507//732 506//733
f 503//726 510//734 509//735
f 503//726 509//735 502//727
f 1110//736 1111//737 512//738
f 1110//736 512//738 511//739
f 512//738 505//730 506//733
f 512//738 506//733 511//739
f 514//740 506//733 507//732
f 514//740 507//732 515//741
f 515//741 517//742 516//743
f 515//741 516//743 514//740
f 441//655 1043//744 1044//745
f 441//655 1044//745 967//656
f 1041//746 1042//747 995//650
f 1041//746 995//650 442//653
f 829//748 830//749 523//750
f 829//748 523//750 522//751
f 451//662 1039//752 1040//753
f 451//662 1040//753 450//663
f 1114//715 1115//754 941//755
f 1114//715 941//755 493//712
f 529//756 532//757 531//758
f 529//756 531//758 530//759
f 1047//760 1048//761 497//716
f 1047//760 497//716 498//719
f 522//751 523//750 772//762
f 522//751 772//762 739//763
f 535//764 1124//765 1125//766
f 535//764 1125//766 536//767
f 538//768 1122//769 1123//770
f 538//768 1123//770 539//771
f 1045//772 1046//773 481//698
f 1045//772 481//698 446//699
f 1119//774 1120//775 542//776
f 1119//774 542//776 831//777
f 1120//775 1121//778 771//779
f 1120//775 771//779 542//776
f 1049//780 1050//781 544//782
f 1049//780 544//782 769//783
f 545//784 548//785 547//786
f 545//784 547//786 546//787
f 1156//788 1157//789 475//790
f 1156//788 475//790 549//791
f 1150//241 1151//792 550//793
f 1150//241 550//793 10//242
f 552//794 555//795 554//796
f 552//794 554//796 553//797
f 553//797 554//796 379//578
f 553//797 379//578 376//577
f 385//588 556//798 395//596
f 385//588 395//596 384//585
f 556//798 557//799 448//658
f 556//798 448//658 395//596
f 475//790 476//800 558//801
f 475//790 558//801 549//791
f 437//643 431//640 798//692
f 437//643 798//692 799//690
f 377//580 431//640 437//643
f 377//580 437//643 434//642
f 439//647 376//577 377//580
f 439//647 377//580 434//642
f 440//649 553//797 376//577
f 440//649 376//577 439//647
f 373//576 374//575 367//569
f 373//576 367//569 371//572
f 374//575 429//638 366//802
f 374//575 366//802 367//569
f 829//748 522//751 423//633
f 829//748 423//633 828//636
f 716//803 529//756 530//759
f 716//803 530//759 715//804
f 713//805 714//806 548//785
f 713//805 548//785 545//784
f 561//807 707//808 708//809
f 561//807 708//809 562//810
f 707//808 561//807 566//811
f 707//808 566//811 706//812
f 567//813 569//814 568//815
f 969//666 970//816 570//817
f 969//666 570//817 455//667
f 997//668 998//818 572//819
f 997//668 572//819 457//669
f 461//671 574//820 787//821
f 461//671 787//821 788//672
f 464//676 576//822 575//823
f 464//676 575//823 467//678
f 471//681 578//824 577//825
f 471//681 577//825 470//682
f 460//685 573//826 579//827
f 460//685 579//827 473//686
f 467//678 575//823 574//820
f 467//678 574//820 461//671
f 474//688 581//828 580//829
f 474//688 580//829 465//675
f 470//682 577//825 933//830
f 470//682 933//830 934//831
f 480//695 584//832 571//833
f 480//695 571//833 456//696
f 970//816 971//834 585//835
f 970//816 585//835 570//817
f 998//818 999//836 587//837
f 998//818 587//837 572//819
f 574//820 589//838 787//821
f 580//829 591//839 590//840
f 580//829 590//840 576//822
f 576//822 590//840 592//841
f 576//822 592//841 575//823
f 578//824 594//842 593//843
f 578//824 593//843 577//825
f 573//826 588//844 595//845
f 573//826 595//845 579//827
f 575//823 592//841 589//838
f 575//823 589//838 574//820
f 581//828 591//839 580//829
f 577//825 593//843 583//846
f 577//825 583//846 933//830
f 584//832 596//847 586//848
f 584//832 586//848 571//833
f 971//834 972//849 896//850
f 971//834 896//850 585//835
f 999//836 1000//851 897//852
f 999//836 897//852 587//837
f 591//839 898//853 899//854
f 591//839 899//854 590//840
f 590//840 899//854 900//855
f 590//840 900//855 592//841
f 588//844 902//856 903//857
f 588//844 903//857 595//845
f 592//841 900//855 901//858
f 592//841 901//858 589//838
f 596//847 894//859 895//860
f 596//847 895//860 586//848
f 606//861 608//862 607//863
f 606//861 607//863 605//864
f 601//865 604//866 599//867
f 600//868 601//865 597//869
f 600//868 597//869 973//870
f 604//866 602//871 603//872
f 604//866 603//872 599//867
f 361//873 609//874 560//875
f 361//873 560//875 559//876
f 610//877 611//878 596//847
f 610//877 596//847 584//832
f 612//879 610//877 584//832
f 612//879 584//832 480//695
f 499//718 612//879 480//695
f 499//718 480//695 479//694
f 498//719 499//718 479//694
f 498//719 479//694 481//698
f 1046//773 1047//760 498//719
f 1046//773 498//719 481//698
f 539//771 1123//770 1124//765
f 539//771 1124//765 535//764
f 548//785 530//759 531//758
f 548//785 531//758 547//786
f 714//806 715//804 530//759
f 714//806 530//759 548//785
f 609//874 365//566 362//565
f 609//874 362//565 560//875
f 606//861 605//864 600//868
f 606//861 600//868 598//880
f 364//881 613//882 363//568
f 364//881 363//568 756//567
f 735//883 363//568 613//882
f 735//883 613//882 734//884
f 712//885 962//886 963//887
f 712//885 963//887 615//888
f 614//889 360//890 960//891
f 614//889 960//891 961//892
f 619//893 563//894 564//895
f 619//893 564//895 620//896
f 565//897 621//898 620//896
f 565//897 620//896 564//895
f 1132//899 1133//659 448//658
f 1132//899 448//658 623//900
f 624//901 626//902 552//794
f 624//901 552//794 625//903
f 627//904 397//598 396//597
f 627//904 396//597 628//905
f 629//906 398//601 397//598
f 629//906 397//598 627//904
f 400//605 398//601 629//906
f 400//605 629//906 630//907
f 793//606 400//605 630//907
f 793//606 630//907 792//908
f 632//909 414//622 399//621
f 632//909 399//621 631//910
f 633//911 422//630 419//629
f 633//911 419//629 634//912
f 842//913 843//709 422//630
f 842//913 422//630 633//911
f 496//914 512//738 1111//737
f 496//914 1111//737 1112//915
f 383//916 505//730 512//738
f 383//916 512//738 496//914
f 508//731 505//730 383//916
f 508//731 383//916 380//917
f 636//918 638//919 637//920
f 492//711 639//921 628//905
f 492//711 628//905 396//597
f 403//609 636//918 637//920
f 403//609 637//920 402//610
f 462//674 452//661 465//675
f 640//922 641//923 710//924
f 640//922 710//924 711//925
f 990//926 991//927 640//922
f 990//926 640//922 711//925
f 641//923 642//928 709//929
f 641//923 709//929 710//924
f 708//809 709//929 642//928
f 708//809 642//928 562//810
f 561//807 562//810 644//930
f 561//807 644//930 643//931
f 643//931 567//813 566//811
f 643//931 566//811 561//807
f 579//827 595//845 594//842
f 579//827 594//842 578//824
f 473//686 579//827 578//824
f 473//686 578//824 471//681
f 472//687 473//686 471//681
f 472//687 471//681 468//680
f 417//627 412//618 411//617
f 417//627 411//617 416//628
f 419//629 414//622 632//909
f 419//629 632//909 634//912
f 414//622 419//629 1063//632
f 414//622 1063//632 1064//623
f 1106//721 1107//724 502//727
f 1106//721 502//727 501//722
f 509//735 504//728 501//722
f 509//735 501//722 502//727
f 1108//725 1109//932 845//933
f 1108//725 845//933 503//726
f 1130//934 1131//935 646//936
f 1130//934 646//936 645//937
f 432//639 433//641 796//693
f 432//639 796//693 797//691
f 378//579 386//587 433//641
f 378//579 433//641 432//639
f 379//578 385//588 386//587
f 379//578 386//587 378//579
f 554//796 556//798 385//588
f 554//796 385//588 379//578
f 555//795 557//799 556//798
f 555//795 556//798 554//796
f 647//938 648//939 509//735
f 647//938 509//735 510//734
f 504//728 509//735 648//939
f 504//728 648//939 649//940
f 478//729 504//728 649//940
f 478//729 649//940 477//941
f 568//815 569//814 651//942
f 568//815 651//942 650//943
f 653//944 652//945 655//946
f 653//944 655//946 863//947
f 839//703 840//700 415//625
f 839//703 415//625 469//683
f 469//683 415//625 416//628
f 469//683 416//628 468//680
f 411//617 472//687 468//680
f 411//617 468//680 416//628
f 472//687 411//617 408//620
f 472//687 408//620 459//684
f 409//615 458//670 789//673
f 409//615 789//673 790//616
f 405//611 466//679 458//670
f 405//611 458//670 409//615
f 466//679 405//611 401//607
f 466//679 401//607 463//677
f 463//677 401//607 402//610
f 463//677 402//610 462//674
f 637//920 452//661 462//674
f 637//920 462//674 402//610
f 638//919 451//662 452//661
f 638//919 452//661 637//920
f 1038//948 1039//752 451//662
f 1038//948 451//662 638//919
f 623//900 646//936 1131//935
f 623//900 1131//935 1132//899
f 655//946 652//945 938//949
f 655//946 938//949 939//950
f 1050//781 1051//951 833//952
f 1050//781 833//952 544//782
f 484//953 652//945 653//944
f 484//953 653//944 482//954
f 939//950 1055//955 1056//956
f 939//950 1056//956 655//946
f 1056//956 1057//957 863//947
f 1056//956 863//947 655//946
f 483//958 482//954 653//944
f 483//958 653//944 659//959
f 660//960 491//961 635//962
f 660//960 635//962 661//963
f 993//964 1128//965 1129//966
f 993//964 1129//966 663//967
f 448//658 557//799 664//968
f 448//658 664//968 623//900
f 965//969 1126//970 1127//971
f 965//969 1127//971 662//972
f 491//961 660//960 1059//973
f 491//961 1059//973 1060//974
f 623//900 664//968 665//975
f 623//900 665//975 646//936
f 664//968 667//976 666//977
f 664//968 666//977 665//975
f 668//978 650//943 651//942
f 668//978 651//942 624//901
f 667//976 664//968 557//799
f 667//976 557//799 555//795
f 562//810 642//928 669//979
f 562//810 669//979 644//930
f 963//887 964//980 670//981
f 963//887 670//981 615//888
f 964//980 965//969 662//972
f 964//980 662//972 670//981
f 547//786 535//764 536//767
f 547//786 536//767 546//787
f 531//758 539//771 535//764
f 531//758 535//764 547//786
f 532//757 538//768 539//771
f 532//757 539//771 531//758
f 523//750 542//776 771//779
f 523//750 771//779 772//762
f 830//749 831//777 542//776
f 830//749 542//776 523//750
f 430//637 493//712 941//755
f 430//637 941//755 942//664
f 375//574 382//583 493//712
f 375//574 493//712 430//637
f 381//584 382//583 375//574
f 381//584 375//574 372//573
f 992//982 993//964 663//967
f 992//982 663//967 671//983
f 991//927 992//982 671//983
f 991//927 671//983 640//922
f 642//928 641//923 672//984
f 642//928 672//984 669//979
f 672//984 641//923 640//922
f 672//984 640//922 671//983
f 572//819 587//837 591//839
f 572//819 591//839 581//828
f 457//669 572//819 581//828
f 457//669 581//828 474//688
f 443//652 457//669 474//688
f 443//652 474//688 449//660
f 443//652 449//660 450//663
f 443//652 450//663 442//653
f 1040//753 1041//746 442//653
f 1040//753 442//653 450//663
f 1129//966 1130//934 645//937
f 1129//966 645//937 663//967
f 663//967 645//937 672//984
f 663//967 672//984 671//983
f 646//936 665//975 673//985
f 646//936 673//985 645//937
f 673//985 669//979 672//984
f 673//985 672//984 645//937
f 666//977 674//986 673//985
f 666//977 673//985 665//975
f 669//979 673//985 674//986
f 669//979 674//986 644//930
f 675//987 643//931 644//930
f 675//987 644//930 674//986
f 674//986 666//977 676//988
f 674//986 676//988 675//987
f 626//902 667//976 555//795
f 626//902 555//795 552//794
f 676//988 666//977 667//976
f 676//988 667//976 626//902
f 569//814 567//813 643//931
f 569//814 643//931 675//987
f 569//814 675//987 676//988
f 569//814 676//988 651//942
f 651//942 676//988 626//902
f 651//942 626//902 624//901
f 625//903 677//989 668//978
f 625//903 668//978 624//901
f 677//989 625//903 679//990
f 677//989 679//990 678//991
f 625//903 552//794 680//992
f 625//903 680//992 679//990
f 552//794 553//797 440//649
f 552//794 440//649 680//992
f 611//878 610//877 682//993
f 611//878 682//993 681//994
f 612//879 499//718 500//717
f 612//879 500//717 683//995
f 684//996 487//707 767//997
f 684//996 767//997 768//998
f 544//782 684//996 768//998
f 544//782 768//998 769//783
f 544//782 833//952 834//999
f 544//782 834//999 684//996
f 484//953 485//1000 936//1001
f 484//953 936//1001 937//1002
f 937//1002 938//949 652//945
f 937//1002 652//945 484//953
f 684//996 834//999 835//704
f 684//996 835//704 487//707
f 934//831 935//1003 838//702
f 934//831 838//702 470//682
f 688//1004 691//1005 690//1006
f 688//1004 690//1006 689//1007
f 1154//1008 1155//1009 688//1004
f 1154//1008 688//1004 689//1007
f 549//791 558//801 691//1005
f 549//791 691//1005 688//1004
f 1155//1009 1156//788 549//791
f 1155//1009 549//791 688//1004
f 648//939 647//938 690//1006
f 648//939 690//1006 691//1005
f 649//940 648//939 691//1005
f 649//940 691//1005 558//801
f 558//801 476//800 477//941
f 558//801 477//941 649//940
f 1162//648 1163//1010 680//992
f 1162//648 680//992 440//649
f 594//842 595//845 903//857
f 594//842 903//857 904//1011
f 893//1012 894//859 596//847
f 893//1012 596//847 611//878
f 611//878 681//994 892//1013
f 611//878 892//1013 893//1012
f 694//1014 695//1015 607//863
f 694//1014 607//863 608//862
f 593//843 594//842 904//1011
f 593//843 904//1011 905//1016
f 639//921 492//711 638//919
f 639//921 638//919 636//918
f 628//905 639//921 636//918
f 628//905 636//918 403//609
f 404//608 627//904 628//905
f 404//608 628//905 403//609
f 406//612 629//906 627//904
f 406//612 627//904 404//608
f 630//907 629//906 406//612
f 630//907 406//612 410//614
f 792//908 630//907 410//614
f 792//908 410//614 791//613
f 412//618 632//909 631//910
f 412//618 631//910 407//619
f 634//912 632//909 412//618
f 634//912 412//618 417//627
f 418//626 633//911 634//912
f 418//626 634//912 417//627
f 841//701 842//913 633//911
f 841//701 633//911 418//626
f 635//962 483//958 659//959
f 635//962 659//959 661//963
f 661//963 659//959 654//1017
f 661//963 654//1017 660//960
f 1037//710 1038//948 638//919
f 1037//710 638//919 492//711
f 660//960 654//1017 1058//1018
f 660//960 1058//1018 1059//973
f 696//1019 511//739 506//733
f 696//1019 506//733 514//740
f 845//933 846//1020 510//734
f 845//933 510//734 503//726
f 510//734 846//1020 847//1021
f 510//734 847//1021 647//938
f 696//1019 514//740 516//743
f 696//1019 516//743 697//1022
f 647//938 847//1021 848//1023
f 647//938 848//1023 690//1006
f 697//1022 516//743 699//1024
f 697//1022 699//1024 698//1025
f 10//242 550//793 699//1024
f 10//242 699//1024 9//515
f 698//1025 699//1024 550//793
f 698//1025 550//793 700//1026
f 690//1006 848//1023 849//1027
f 690//1006 849//1027 689//1007
f 689//1007 849//1027 1153//1028
f 689//1007 1153//1028 1154//1008
f 700//1026 550//793 1151//792
f 700//1026 1151//792 1152//1029
f 8//520 5//521 517//742
f 8//520 517//742 515//741
f 753//522 8//520 515//741
f 753//522 515//741 752//1030
f 741//1031 6//1032 7//1033
f 741//1031 7//1033 740//1034
f 6//1032 741//1031 742//1035
f 6//1032 742//1035 226//1036
f 857//1037 858//1038 743//1039
f 857//1037 743//1039 4//1040
f 4//1040 743//1039 744//1041
f 4//1040 744//1041 290//1042
f 290//1042 744//1041 745//1043
f 290//1042 745//1043 11//533
f 373//576 371//572 731//1044
f 373//576 731//1044 745//1043
f 729//1045 731//1044 371//572
f 729//1045 371//572 370//571
f 9//515 699//1024 702//1046
f 9//515 702//1046 341//536
f 341//536 702//1046 517//742
f 341//536 517//742 5//521
f 702//1046 699//1024 516//743
f 702//1046 516//743 517//742
f 587//837 897//852 898//853
f 587//837 898//853 591//839
f 765//1047 703//1048 695//1015
f 765//1047 695//1015 694//1014
f 766//1049 488//706 703//1048
f 766//1049 703//1048 765//1047
f 610//877 612//879 683//995
f 610//877 683//995 682//993
f 766//1049 767//997 487//707
f 766//1049 487//707 488//706
f 580//829 464//676 465//675
f 826//1050 827//635 426//634
f 826//1050 426//634 427//1051
f 369//1052 366//802 944//1053
f 369//1052 944//1053 945//1054
f 705//1055 917//1056 918//1057
f 705//1055 918//1057 704//1058
f 429//638 943//665 944//1053
f 429//638 944//1053 366//802
f 453//1059 916//1060 917//1056
f 453//1059 917//1056 705//1055
f 453//1059 454//1061 915//1062
f 453//1059 915//1062 916//1060
f 527//1063 914//1064 915//1062
f 527//1063 915//1062 454//1061
f 1116//1065 1117//1066 914//1064
f 1116//1065 914//1064 527//1063
f 912//1067 1053//1068 1054//1069
f 912//1067 1054//1069 656//1070
f 657//1071 911//1072 912//1067
f 657//1071 912//1067 656//1070
f 910//1073 911//1072 657//1071
f 910//1073 657//1071 686//1074
f 687//1075 909//1076 910//1073
f 687//1075 910//1073 686//1074
f 907//1077 908//1078 837//1079
f 907//1077 837//1079 582//1080
f 583//846 906//1081 907//1077
f 583//846 907//1077 582//1080
f 593//843 905//1016 906//1081
f 593//843 906//1081 583//846
f 168//279 104//111 103//110
f 580//829 576//822 464//676
f 564//895 707//808 706//812
f 564//895 706//812 565//897
f 708//809 707//808 564//895
f 708//809 564//895 563//894
f 563//894 617//1082 709//929
f 563//894 709//929 708//809
f 710//924 709//929 617//1082
f 710//924 617//1082 618//1083
f 711//925 710//924 618//1083
f 711//925 618//1083 616//1084
f 989//1085 990//926 711//925
f 989//1085 711//925 616//1084
f 614//889 961//892 962//886
f 614//889 962//886 712//885
f 559//876 560//875 714//806
f 559//876 714//806 713//805
f 560//875 362//565 715//804
f 560//875 715//804 714//806
f 363//568 716//803 715//804
f 363//568 715//804 362//565
f 27//337 22//1086 718//255
f 27//337 718//255 717//254
f 206//326 719//257 718//255
f 206//326 718//255 22//1086
f 122//325 720//256 719//257
f 122//325 719//257 206//326
f 947//341 948//338 720//256
f 947//341 720//256 122//325
f 209//344 975//343 976//394
f 209//344 976//394 721//393
f 723//391 722//390 20//1087
f 723//391 20//1087 17//1088
f 724//397 723//391 17//1088
f 724//397 17//1088 210//1089
f 18//349 725//260 724//397
f 18//349 724//397 210//1089
f 726//261 725//260 18//349
f 726//261 18//349 19//348
f 19//348 16//350 727//262
f 19//348 727//262 726//261
f 736//334 738//213 153//212
f 736//334 153//212 28//331
f 339//5 730//532 728//535
f 339//5 728//535 340//6
f 2//534 3//531 731//1044
f 2//534 731//1044 729//1045
f 26//332 24//1090 733//335
f 26//332 733//335 732//333
f 426//634 735//883 734//884
f 426//634 734//884 427//1051
f 737//1091 716//803 363//568
f 737//1091 363//568 735//883
f 739//763 529//756 716//803
f 739//763 716//803 737//1091
f 736//334 732//333 27//337
f 736//334 27//337 717//254
f 423//633 737//1091 735//883
f 423//633 735//883 426//634
f 522//751 739//763 737//1091
f 522//751 737//1091 423//633
f 717//254 154//204 738//213
f 717//254 738//213 736//334
f 507//732 740//1034 752//1030
f 507//732 752//1030 515//741
f 508//731 741//1031 740//1034
f 508//731 740//1034 507//732
f 742//1035 741//1031 508//731
f 742//1035 508//731 380//917
f 743//1039 858//1038 859//581
f 743//1039 859//581 381//584
f 744//1041 743//1039 381//584
f 744//1041 381//584 372//573
f 745//1043 744//1041 372//573
f 745//1043 372//573 373//576
f 747//525 746//524 7//1033
f 747//525 7//1033 6//1032
f 6//1032 226//1036 748//526
f 6//1032 748//526 747//525
f 856//527 857//1037 4//1040
f 856//527 4//1040 749//528
f 4//1040 290//1042 750//529
f 4//1040 750//529 749//528
f 290//1042 11//533 751//530
f 290//1042 751//530 750//529
f 333//169 332//181 754//523
f 333//169 754//523 746//524
f 751//530 730//532 339//5
f 751//530 339//5 338//8
f 745//1043 731//1044 3//531
f 745//1043 3//531 11//533
f 7//1033 753//522 752//1030
f 7//1033 752//1030 740//1034
f 754//523 753//522 7//1033
f 754//523 7//1033 746//524
f 22//1086 27//337 755//1092
f 22//1086 755//1092 23//1093
f 25//1094 755//1092 27//337
f 25//1094 27//337 208//336
f 738//213 154//204 285//207
f 738//213 285//207 757//214
f 758//446 757//214 285//207
f 758//446 285//207 133//445
f 82//208 759//226 1087//229
f 82//208 1087//229 1088//219
f 1014//211 1015//230 759//226
f 1014//211 759//226 82//208
f 761//479 760//483 77//153
f 761//479 77//153 90//156
f 762//480 761//479 90//156
f 762//480 90//156 305//477
f 345//476 763//541 762//480
f 345//476 762//480 305//477
f 345//476 344//475 764//539
f 345//476 764//539 763//541
f 344//475 864//502 343//503
f 344//475 343//503 764//539
f 681//994 765//1047 694//1014
f 681//994 694//1014 892//1013
f 682//993 766//1049 765//1047
f 682//993 765//1047 681//994
f 682//993 683//995 767//997
f 682//993 767//997 766//1049
f 768//998 767//997 683//995
f 768//998 683//995 500//717
f 769//783 768//998 500//717
f 769//783 500//717 497//716
f 1048//761 1049//780 769//783
f 1048//761 769//783 497//716
f 1121//778 1122//769 538//768
f 1121//778 538//768 771//779
f 772//762 771//779 538//768
f 772//762 538//768 532//757
f 739//763 772//762 532//757
f 739//763 532//757 529//756
f 774//124 1142//123 1143//236
f 774//124 1143//236 144//239
f 775//125 774//124 144//239
f 775//125 144//239 139//253
f 776//126 775//125 139//253
f 776//126 139//253 242//407
f 777//127 776//126 242//407
f 777//127 242//407 39//164
f 778//128 777//127 39//164
f 778//128 39//164 47//163
f 1070//24 1071//159 52//54
f 1070//24 52//54 779//25
f 52//54 1031//53 1032//36
f 52//54 1032//36 779//25
f 59//369 219//368 781//366
f 59//369 781//366 780//365
f 219//368 320//50 782//44
f 219//368 782//44 781//366
f 320//50 262//49 783//45
f 320//50 783//45 782//44
f 784//105 783//45 262//49
f 784//105 262//49 63//118
f 785//106 784//105 63//118
f 785//106 63//118 102//121
f 786//271 785//106 102//121
f 786//271 102//121 165//278
f 178//290 786//271 165//278
f 178//290 165//278 177//297
f 190//318 873//317 874//313
f 190//318 874//313 189//316
f 589//838 901//858 902//856
f 589//838 902//856 588//844
f 787//821 589//838 588//844
f 787//821 588//844 573//826
f 788//672 787//821 573//826
f 788//672 573//826 460//685
f 789//673 788//672 460//685
f 789//673 460//685 459//684
f 790//616 789//673 459//684
f 790//616 459//684 408//620
f 407//619 791//613 790//616
f 407//619 790//616 408//620
f 631//910 792//908 791//613
f 631//910 791//613 407//619
f 399//621 793//606 792//908
f 399//621 792//908 631//910
f 1065//624 1066//603 793//606
f 1065//624 793//606 399//621
f 388//723 795//589 1104//592
f 388//723 1104//592 1105//720
f 796//693 795//589 388//723
f 796//693 388//723 478//729
f 797//691 796//693 478//729
f 797//691 478//729 477//941
f 798//692 797//691 477//941
f 798//692 477//941 476//800
f 799//690 798//692 476//800
f 799//690 476//800 475//790
f 1157//789 1158//689 799//690
f 1157//789 799//690 475//790
f 802//67 801//544 24//1090
f 802//67 24//1090 26//332
f 28//331 803//64 802//67
f 28//331 802//67 26//332
f 153//212 804//193 803//64
f 153//212 803//64 28//331
f 805//194 804//193 153//212
f 805//194 153//212 286//215
f 806//448 805//194 286//215
f 806//448 286//215 81//447
f 807//225 1085//224 1086//228
f 807//225 1086//228 97//227
f 1016//231 1017//419 807//225
f 1016//231 807//225 97//227
f 91//482 306//478 809//485
f 91//482 809//485 808//484
f 306//478 92//481 810//141
f 306//478 810//141 809//485
f 811//142 810//141 92//481
f 811//142 92//481 109//542
f 879//564 880//562 811//142
f 879//564 811//142 109//542
f 921//282 922//493 812//492
f 921//282 812//492 358//283
f 67//115 814//136 813//139
f 67//115 813//139 106//116
f 815//133 814//136 67//115
f 815//133 67//115 259//56
f 816//134 815//133 259//56
f 816//134 259//56 323//59
f 817//376 816//134 323//59
f 817//376 323//59 221//371
f 818//377 817//376 221//371
f 818//377 221//371 69//374
f 819//147 1027//146 1028//60
f 819//147 1028//60 68//63
f 68//63 1074//162 1075//401
f 68//63 1075//401 819//147
f 821//509 820//508 70//171
f 821//509 70//171 126//174
f 126//174 248//404 822//510
f 126//174 822//510 821//509
f 248//404 309//496 823//512
f 248//404 823//512 822//510
f 309//496 310//495 824//517
f 309//496 824//517 823//512
f 310//495 1146//499 1147//518
f 310//495 1147//518 824//517
f 428//1095 425//1096 827//635
f 428//1095 827//635 826//1050
f 828//636 827//635 425//1096
f 828//636 425//1096 424//1097
f 521//1098 829//748 828//636
f 521//1098 828//636 424//1097
f 521//1098 524//1099 830//749
f 521//1098 830//749 829//748
f 524//1099 541//1100 831//777
f 524//1099 831//777 830//749
f 1118//1101 1119//774 831//777
f 1118//1101 831//777 541//1100
f 1051//951 1052//1102 658//1103
f 1051//951 658//1103 833//952
f 834//999 833//952 658//1103
f 834//999 658//1103 685//1104
f 835//704 834//999 685//1104
f 835//704 685//1104 486//1105
f 486//1105 489//1106 836//705
f 486//1105 836//705 835//704
f 908//1078 909//1076 687//1075
f 908//1078 687//1075 837//1079
f 935//1003 936//1001 485//1000
f 935//1003 485//1000 838//702
f 839//703 838//702 485//1000
f 839//703 485//1000 484//953
f 484//953 482//954 840//700
f 484//953 840//700 839//703
f 482//954 483//958 841//701
f 482//954 841//701 840//700
f 483//958 635//962 842//913
f 483//958 842//913 841//701
f 635//962 491//961 843//709
f 635//962 843//709 842//913
f 1060//974 1061//708 843//709
f 1060//974 843//709 491//961
f 845//933 1109//932 1110//736
f 845//933 1110//736 511//739
f 511//739 696//1019 846//1020
f 511//739 846//1020 845//933
f 847//1021 846//1020 696//1019
f 847//1021 696//1019 697//1022
f 848//1023 847//1021 697//1022
f 848//1023 697//1022 698//1025
f 849//1027 848//1023 698//1025
f 849//1027 698//1025 700//1026
f 1152//1029 1153//1028 849//1027
f 1152//1029 849//1027 700//1026
f 367//569 366//802 369//1052
f 367//569 369//1052 368//570
f 1023//425 1024//506 223//380
f 1023//425 223//380 852//152
f 1078//379 1079//149 852//152
f 1078//379 852//152 223//380
f 854//15 853//158 224//382
f 854//15 224//382 225//381
f 335//383 855//16 854//15
f 335//383 854//15 225//381
f 748//526 856//527 855//16
f 748//526 855//16 335//383
f 226//1036 857//1037 856//527
f 226//1036 856//527 748//526
f 226//1036 742//1035 858//1038
f 226//1036 858//1038 857//1037
f 859//581 858//1038 742//1035
f 859//581 742//1035 380//917
f 380//917 383//916 860//582
f 380//917 860//582 859//581
f 861//713 860//582 383//916
f 861//713 383//916 496//914
f 1112//915 1113//714 861//713
f 1112//915 861//713 496//914
f 654//1017 863//947 1057//957
f 654//1017 1057//957 1058//1018
f 274//412 851//411 255//1107
f 274//412 255//1107 273//421
f 653//944 863//947 654//1017
f 653//944 654//1017 659//959
f 184//329 865//501 864//502
f 184//329 864//502 344//475
f 866//319 865//501 184//329
f 866//319 184//329 198//298
f 198//298 175//287 867//299
f 198//298 867//299 866//319
f 175//287 957//286 958//300
f 175//287 958//300 867//299
f 174//289 985//288 986//304
f 174//289 986//304 868//303
f 176//459 180//292 870//307
f 176//459 870//307 869//538
f 180//292 179//291 871//308
f 180//292 871//308 870//307
f 179//291 181//293 872//311
f 179//291 872//311 871//308
f 181//293 178//290 873//317
f 181//293 873//317 872//311
f 874//313 873//317 178//290
f 874//313 178//290 177//297
f 177//297 183//296 875//314
f 177//297 875//314 874//313
f 232//295 876//500 875//314
f 232//295 875//314 183//296
f 182//294 877//505 876//500
f 182//294 876//500 232//295
f 182//294 359//284 878//563
f 182//294 878//563 877//505
f 359//284 358//283 879//564
f 359//284 879//564 878//563
f 812//492 880//562 879//564
f 812//492 879//564 358//283
f 881//561 880//562 812//492
f 881//561 812//492 357//491
f 357//491 356//490 882//560
f 357//491 882//560 881//561
f 883//558 882//560 356//490
f 883//558 356//490 355//418
f 355//418 354//417 884//559
f 355//418 884//559 883//558
f 885//555 1019//557 1020//422
f 885//555 1020//422 353//203
f 353//203 1082//202 1083//556
f 353//203 1083//556 885//555
f 352//451 351//99 887//553
f 352//451 887//553 886//554
f 350//98 888//552 887//553
f 350//98 887//553 351//99
f 889//551 888//552 350//98
f 889//551 350//98 349//550
f 349//550 348//549 890//545
f 349//550 890//545 889//551
f 348//549 347//1108 891//546
f 348//549 891//546 890//545
f 893//1012 892//1013 694//1014
f 893//1012 694//1014 608//862
f 608//862 606//861 894//859
f 608//862 894//859 893//1012
f 895//860 894//859 606//861
f 895//860 606//861 598//880
f 896//850 972//849 973//870
f 896//850 973//870 597//869
f 897//852 1000//851 1001//1109
f 897//852 1001//1109 599//867
f 898//853 897//852 599//867
f 898//853 599//867 603//872
f 899//854 898//853 603//872
f 899//854 603//872 602//871
f 900//855 899//854 602//871
f 900//855 602//871 604//866
f 901//858 900//855 604//866
f 901//858 604//866 601//865
f 902//856 901//858 601//865
f 902//856 601//865 600//868
f 903//857 902//856 600//868
f 903//857 600//868 605//864
f 904//1011 903//857 605//864
f 904//1011 605//864 607//863
f 905//1016 904//1011 607//863
f 905//1016 607//863 695//1015
f 906//1081 905//1016 695//1015
f 906//1081 695//1015 703//1048
f 907//1077 906//1081 703//1048
f 907//1077 703//1048 488//706
f 836//705 908//1078 907//1077
f 836//705 907//1077 488//706
f 489//1106 909//1076 908//1078
f 489//1106 908//1078 836//705
f 910//1073 909//1076 489//1106
f 910//1073 489//1106 486//1105
f 685//1104 911//1072 910//1073
f 685//1104 910//1073 486//1105
f 912//1067 911//1072 685//1104
f 912//1067 685//1104 658//1103
f 658//1103 1052//1102 1053//1068
f 658//1103 1053//1068 912//1067
f 914//1064 1117//1066 1118//1101
f 914//1064 1118//1101 541//1100
f 915//1062 914//1064 541//1100
f 915//1062 541//1100 524//1099
f 916//1060 915//1062 524//1099
f 916//1060 524//1099 521//1098
f 917//1056 916//1060 521//1098
f 917//1056 521//1098 424//1097
f 918//1057 917//1056 424//1097
f 918//1057 424//1097 425//1096
f 919//1110 918//1057 425//1096
f 919//1110 425//1096 428//1095
f 106//116 921//282 920//281
f 106//116 920//281 170//275
f 813//139 922//493 921//282
f 813//139 921//282 106//116
f 923//488 922//493 813//139
f 923//488 813//139 110//138
f 93//137 924//489 923//488
f 93//137 923//488 110//138
f 925//415 924//489 93//137
f 925//415 93//137 273//421
f 255//1107 926//416 925//415
f 255//1107 925//415 273//421
f 927//200 1021//423 1022//424
f 927//200 1022//424 94//151
f 94//151 1080//150 1081//201
f 94//151 1081//201 927//200
f 288//69 929//96 928//450
f 288//69 928//450 41//157
f 151//68 930//97 929//96
f 151//68 929//96 288//69
f 931//547 930//97 151//68
f 931//547 151//68 29//1
f 31//4 932//548 931//547
f 31//4 931//547 29//1
f 934//831 933//830 583//846
f 934//831 583//846 582//1080
f 837//1079 935//1003 934//831
f 837//1079 934//831 582//1080
f 687//1075 936//1001 935//1003
f 687//1075 935//1003 837//1079
f 937//1002 936//1001 687//1075
f 937//1002 687//1075 686//1074
f 657//1071 938//949 937//1002
f 657//1071 937//1002 686//1074
f 939//950 938//949 657//1071
f 939//950 657//1071 656//1070
f 656//1070 1054//1069 1055//955
f 656//1070 1055//955 939//950
f 941//755 1115//754 1116//1065
f 941//755 1116//1065 527//1063
f 942//664 941//755 527//1063
f 942//664 527//1063 454//1061
f 943//665 942//664 454//1061
f 943//665 454//1061 453//1059
f 944//1053 943//665 453//1059
f 944//1053 453//1059 705//1055
f 945//1054 944//1053 705//1055
f 945//1054 705//1055 704//1058
f 209//344 947//341 946//340
f 209//344 946//340 21//345
f 209//344 721//393 948//338
f 209//344 948//338 947//341
f 721//393 157//396 949//339
f 721//393 949//339 948//338
f 950//440 949//339 157//396
f 950//440 157//396 281//452
f 951//442 950//440 281//452
f 951//442 281//452 129//455
f 952//184 1092//432 1093//428
f 952//184 1093//428 35//188
f 1009//191 1010//185 952//184
f 1009//191 952//184 35//188
f 88//85 954//87 953//86
f 88//85 953//86 45//82
f 955//100 954//87 88//85
f 955//100 88//85 100//103
f 956//267 955//100 100//103
f 956//267 100//103 162//270
f 957//286 956//267 162//270
f 957//286 162//270 174//289
f 958//300 957//286 174//289
f 958//300 174//289 868//303
f 959//301 958//300 868//303
f 959//301 868//303 186//306
f 961//892 960//891 361//873
f 961//892 361//873 559//876
f 962//886 961//892 559//876
f 962//886 559//876 713//805
f 963//887 962//886 713//805
f 963//887 713//805 545//784
f 546//787 964//980 963//887
f 546//787 963//887 545//784
f 536//767 965//969 964//980
f 536//767 964//980 546//787
f 536//767 1125//766 1126//970
f 536//767 1126//970 965//969
f 967//656 1044//745 1045//772
f 967//656 1045//772 446//699
f 968//657 967//656 446//699
f 968//657 446//699 445//697
f 445//697 456//696 969//666
f 445//697 969//666 968//657
f 456//696 571//833 970//816
f 456//696 970//816 969//666
f 571//833 586//848 971//834
f 571//833 971//834 970//816
f 586//848 895//860 972//849
f 586//848 972//849 971//834
f 973//870 972//849 895//860
f 973//870 895//860 598//880
f 189//316 959//301 186//306
f 189//316 186//306 190//318
f 600//868 973//870 598//880
f 190//318 188//323 193//312
f 601//865 599//867 1001//1109
f 601//865 1001//1109 597//869
f 976//394 975//343 20//1087
f 976//394 20//1087 722//390
f 977//395 976//394 722//390
f 977//395 722//390 158//389
f 978//453 977//395 158//389
f 978//453 158//389 279//457
f 979//454 978//453 279//457
f 979//454 279//457 241//466
f 980//189 1094//429 1095//465
f 980//189 1095//465 33//464
f 1007//463 1008//190 980//189
f 1007//463 980//189 33//464
f 982//84 981//83 46//462
f 982//84 46//462 87//461
f 983//102 982//84 87//461
f 983//102 87//461 101//460
f 984//269 983//102 101//460
f 984//269 101//460 164//458
f 985//288 984//269 164//458
f 985//288 164//458 176//459
f 986//304 985//288 176//459
f 986//304 176//459 869//538
f 987//305 986//304 869//538
f 987//305 869//538 188//323
f 989//1085 988//1111 360//890
f 989//1085 360//890 614//889
f 614//889 712//885 990//926
f 614//889 990//926 989//1085
f 712//885 615//888 991//927
f 712//885 991//927 990//926
f 670//981 992//982 991//927
f 670//981 991//927 615//888
f 670//981 662//972 993//964
f 670//981 993//964 992//982
f 662//972 1127//971 1128//965
f 662//972 1128//965 993//964
f 1042//747 1043//744 441//655
f 1042//747 441//655 995//650
f 441//655 444//654 996//651
f 441//655 996//651 995//650
f 444//654 455//667 997//668
f 444//654 997//668 996//651
f 455//667 570//817 998//818
f 455//667 998//818 997//668
f 570//817 585//835 999//836
f 570//817 999//836 998//818
f 585//835 896//850 1000//851
f 585//835 1000//851 999//836
f 1001//1109 1000//851 896//850
f 1001//1109 896//850 597//869
f 1003//148 1002//34 56//359
f 1003//148 56//359 95//387
f 1004//414 1003//148 95//387
f 1004//414 95//387 268//386
f 1005//196 1004//414 268//386
f 1005//196 268//386 76//94
f 76//94 295//93 1006//197
f 76//94 1006//197 1005//196
f 1007//463 1006//197 295//93
f 1007//463 295//93 46//462
f 981//83 1008//190 1007//463
f 981//83 1007//463 46//462
f 1009//191 1008//190 981//83
f 1009//191 981//83 45//82
f 45//82 953//86 1010//185
f 45//82 1010//185 1009//191
f 1011//186 1010//185 953//86
f 1011//186 953//86 120//89
f 1012//221 1011//186 120//89
f 1012//221 120//89 202//131
f 1013//210 1012//221 202//131
f 1013//210 202//131 75//154
f 1014//211 1013//210 75//154
f 1014//211 75//154 77//153
f 760//483 1015//230 1014//211
f 760//483 1014//211 77//153
f 1016//231 1015//230 760//483
f 1016//231 760//483 91//482
f 808//484 1017//419 1016//231
f 808//484 1016//231 91//482
f 1018//420 1017//419 808//484
f 1018//420 808//484 271//487
f 271//487 884//559 1019//557
f 271//487 1019//557 1018//420
f 1020//422 1019//557 884//559
f 1020//422 884//559 354//417
f 354//417 926//416 1021//423
f 354//417 1021//423 1020//422
f 1022//424 1021//423 926//416
f 1022//424 926//416 255//1107
f 851//411 1023//425 1022//424
f 851//411 1022//424 255//1107
f 256//410 1024//506 1023//425
f 256//410 1023//425 851//411
f 257//426 1025//433 1024//506
f 257//426 1024//506 256//410
f 72//378 1026//145 1025//433
f 72//378 1025//433 257//426
f 1027//146 1026//145 72//378
f 1027//146 72//378 818//377
f 1028//60 1027//146 818//377
f 1028//60 818//377 69//374
f 237//373 1029//61 1028//60
f 237//373 1028//60 69//374
f 66//370 1030//52 1029//61
f 66//370 1029//61 237//373
f 59//369 1031//53 1030//52
f 59//369 1030//52 66//370
f 1032//36 1031//53 59//369
f 1032//36 59//369 780//365
f 1033//37 1032//36 780//365
f 1033//37 780//365 115//363
f 58//362 1034//35 1033//37
f 58//362 1033//37 115//363
f 57//360 1035//33 1034//35
f 57//360 1034//35 58//362
f 56//359 1002//34 1035//33
f 56//359 1035//33 57//360
f 447//1112 1037//710 1036//600
f 447//1112 1036//600 394//1113
f 447//1112 622//1114 1038//948
f 447//1112 1038//948 1037//710
f 526//1115 1039//752 1038//948
f 526//1115 1038//948 622//1114
f 1040//753 1039//752 526//1115
f 1040//753 526//1115 525//1116
f 525//1116 520//1117 1041//746
f 525//1116 1041//746 1040//753
f 994//1118 1042//747 1041//746
f 994//1118 1041//746 520//1117
f 519//1119 1043//744 1042//747
f 519//1119 1042//747 994//1118
f 1044//745 1043//744 519//1119
f 1044//745 519//1119 966//1120
f 1045//772 1044//745 966//1120
f 1045//772 966//1120 518//1121
f 537//1122 1046//773 1045//772
f 537//1122 1045//772 518//1121
f 534//1123 1047//760 1046//773
f 534//1123 1046//773 537//1122
f 533//1124 1048//761 1047//760
f 533//1124 1047//760 534//1123
f 770//1125 1049//780 1048//761
f 770//1125 1048//761 533//1124
f 543//1126 1050//781 1049//780
f 543//1126 1049//780 770//1125
f 832//1127 1051//951 1050//781
f 832//1127 1050//781 543//1126
f 540//1128 1052//1102 1051//951
f 540//1128 1051//951 832//1127
f 1053//1068 1052//1102 540//1128
f 1053//1068 540//1128 913//1129
f 1054//1069 1053//1068 913//1129
f 1054//1069 913//1129 528//1130
f 1055//955 1054//1069 528//1130
f 1055//955 528//1130 940//1131
f 1056//956 1055//955 940//1131
f 1056//956 940//1131 494//1132
f 862//1133 1057//957 1056//956
f 862//1133 1056//956 494//1132
f 1058//1018 1057//957 862//1133
f 1058//1018 862//1133 495//1134
f 1059//973 1058//1018 495//1134
f 1059//973 495//1134 513//1135
f 1060//974 1059//973 513//1135
f 1060//974 513//1135 490//1136
f 490//1136 844//1137 1061//708
f 490//1136 1061//708 1060//974
f 844//1137 421//1138 1062//631
f 844//1137 1062//631 1061//708
f 1063//632 1062//631 421//1138
f 1063//632 421//1138 420//1139
f 1064//623 1063//632 420//1139
f 1064//623 420//1139 413//1140
f 1065//624 1064//623 413//1140
f 1065//624 413//1140 389//1141
f 389//1141 794//1142 1066//603
f 389//1141 1066//603 1065//624
f 794//1142 390//1143 1067//604
f 794//1142 1067//604 1066//603
f 1068//602 1067//604 390//1143
f 1068//602 390//1143 393//1144
f 1069//599 1068//602 393//1144
f 1069//599 393//1144 392//1145
f 1036//600 1069//599 392//1145
f 1036//600 392//1145 394//1113
f 47//163 1071//159 1070//24
f 47//163 1070//24 778//128
f 1072//160 1071//159 47//163
f 1072//160 47//163 48//166
f 1073//161 1072//160 48//166
f 1073//161 48//166 239//172
f 1074//162 1073//161 239//172
f 1074//162 239//172 70//171
f 1075//401 1074//162 70//171
f 1075//401 70//171 820//508
f 1076//175 1075//401 820//508
f 1076//175 820//508 124//179
f 1077//176 1076//175 124//179
f 1077//176 124//179 74//178
f 224//382 1078//379 1077//176
f 224//382 1077//176 74//178
f 853//158 1079//149 1078//379
f 853//158 1078//379 224//382
f 41//157 1080//150 1079//149
f 41//157 1079//149 853//158
f 1081//201 1080//150 41//157
f 1081//201 41//157 928//450
f 1082//202 1081//201 928//450
f 1082//202 928//450 352//451
f 1083//556 1082//202 352//451
f 1083//556 352//451 886//554
f 1084//223 1083//556 886//554
f 1084//223 886//554 99//449
f 1085//224 1084//223 99//449
f 1085//224 99//449 806//448
f 1086//228 1085//224 806//448
f 1086//228 806//448 81//447
f 1087//229 1086//228 81//447
f 1087//229 81//447 758//446
f 1088//219 1087//229 758//446
f 1088//219 758//446 133//445
f 133//445 132//444 1089//220
f 133//445 1089//220 1088//219
f 132//444 204//443 1090//216
f 132//444 1090//216 1089//220
f 204//443 128//441 1091//217
f 204//443 1091//217 1090//216
f 128//441 951//442 1092//432
f 128//441 1092//432 1091//217
f 1093//428 1092//432 951//442
f 1093//428 951//442 129//455
f 129//455 979//454 1094//429
f 129//455 1094//429 1093//428
f 1095//465 1094//429 979//454
f 1095//465 979//454 241//466
f 1096//402 1095//465 241//466
f 1096//402 241//466 297//467
f 1097//403 1096//402 297//467
f 1097//403 297//467 131//434
f 270//430 1098//353 1097//403
f 270//430 1097//403 131//434
f 1099//90 1098//353 270//430
f 1099//90 270//430 96//250
f 51//248 1100//32 1099//90
f 51//248 1099//90 96//250
f 1101//28 1100//32 51//248
f 1101//28 51//248 50//19
f 1102//29 1101//28 50//19
f 1102//29 50//19 49//22
f 1103//23 1102//29 49//22
f 1103//23 49//22 113//73
f 778//128 1070//24 1103//23
f 778//128 1103//23 113//73
f 1105//720 1104//592 794//1142
f 1105//720 794//1142 389//1141
f 389//1141 413//1140 1106//721
f 389//1141 1106//721 1105//720
f 413//1140 420//1139 1107//724
f 413//1140 1107//724 1106//721
f 420//1139 421//1138 1108//725
f 420//1139 1108//725 1107//724
f 421//1138 844//1137 1109//932
f 421//1138 1109//932 1108//725
f 1110//736 1109//932 844//1137
f 1110//736 844//1137 490//1136
f 490//1136 513//1135 1111//737
f 490//1136 1111//737 1110//736
f 1112//915 1111//737 513//1135
f 1112//915 513//1135 495//1134
f 862//1133 1113//714 1112//915
f 862//1133 1112//915 495//1134
f 1114//715 1113//714 862//1133
f 1114//715 862//1133 494//1132
f 494//1132 940//1131 1115//754
f 494//1132 1115//754 1114//715
f 1116//1065 1115//754 940//1131
f 1116//1065 940//1131 528//1130
f 528//1130 913//1129 1117//1066
f 528//1130 1117//1066 1116//1065
f 1118//1101 1117//1066 913//1129
f 1118//1101 913//1129 540//1128
f 540//1128 832//1127 1119//774
f 540//1128 1119//774 1118//1101
f 832//1127 543//1126 1120//775
f 832//1127 1120//775 1119//774
f 770//1125 1121//778 1120//775
f 770//1125 1120//775 543//1126
f 533//1124 1122//769 1121//778
f 533//1124 1121//778 770//1125
f 1123//770 1122//769 533//1124
f 1123//770 533//1124 534//1123
f 1124//765 1123//770 534//1123
f 1124//765 534//1123 537//1122
f 1125//766 1124//765 537//1122
f 1125//766 537//1122 518//1121
f 1126//970 1125//766 518//1121
f 1126//970 518//1121 966//1120
f 1127//971 1126//970 966//1120
f 1127//971 966//1120 519//1119
f 1128//965 1127//971 519//1119
f 1128//965 519//1119 994//1118
f 1129//966 1128//965 994//1118
f 1129//966 994//1118 520//1117
f 520//1117 525//1116 1130//934
f 520//1117 1130//934 1129//966
f 525//1116 526//1115 1131//935
f 525//1116 1131//935 1130//934
f 1132//899 1131//935 526//1115
f 1132//899 526//1115 622//1114
f 447//1112 1133//659 1132//899
f 447//1112 1132//899 622//1114
f 1134//595 1133//659 447//1112
f 1134//595 447//1112 394//1113
f 394//1113 392//1145 1135//593
f 394//1113 1135//593 1134//595
f 392//1145 393//1144 1136//594
f 392//1145 1136//594 1135//593
f 393//1144 390//1143 1137//591
f 393//1144 1137//591 1136//594
f 1104//592 1137//591 390//1143
f 1104//592 390//1143 794//1142
f 1141//76 1140//75 84//1146
f 1141//76 84//1146 111//1147
f 111//1147 773//1148 1142//123
f 111//1147 1142//123 1141//76
f 1143//236 1142//123 773//1148
f 314//1149 1145//498 1144//237
f 311//1150 1146//499 1145//498
f 311//1150 1145//498 314//1149
f 1147//518 1146//499 311//1150
f 1147//518 311//1150 825//1151
f 1148//519 1147//518 825//1151
f 1148//519 825//1151 330//1152
f 1149//240 1148//519 330//1152
f 1149//240 330//1152 12//1153
f 1//1154 1150//241 1149//240
f 1//1154 1149//240 12//1153
f 1//1154 551//1155 1151//792
f 1//1154 1151//792 1150//241
f 1152//1029 1151//792 551//1155
f 1152//1029 551//1155 701//1156
f 850//1157 1153//1028 1152//1029
f 850//1157 1152//1029 701//1156
f 1154//1008 1153//1028 850//1157
f 1154//1008 850//1157 692//1158
f 692//1158 693//1159 1155//1009
f 692//1158 1155//1009 1154//1008
f 693//1159 1156//788 1155//1009
f 800//1160 1158//689 1157//789
f 436//1161 1159//644 1158//689
f 436//1161 1158//689 800//1160
f 1160//645 1159//644 436//1161
f 1160//645 436//1161 435//1162
f 438//1163 1161//646 1160//645
f 438//1163 1160//645 435//1162
f 1184//1164 1185//1165 1214//1166
f 1184//1164 1214//1166 1215//1167
f 1182//1168 1183//1169 1210//1170
f 1182//1168 1210//1170 1211//1171
f 1167//1172 1164//1173 1203//1174
f 1167//1172 1203//1174 1202//1175
f 1164//1173 1167//1172 1172//1176
f 1164//1173 1172//1176 1165//1177
f 1194//1178 1193//1179 1205//1180
f 1194//1178 1205//1180 1204//1181
f 1183//1169 1184//1164 1215//1167
f 1183//1169 1215//1167 1210//1170
f 1194//1178 1204//1181 1209//1182
f 1194//1178 1209//1182 1195//1183
f 1194//1178 1183//1169 1182//1168
f 1194//1178 1182//1168 1193//1179
f 1195//1183 1184//1164 1183//1169
f 1195//1183 1183//1169 1194//1178
f 1197//1184 1186//1185 1185//1165
f 1197//1184 1185//1165 1196//1186
f 1198//1187 1187//1188 1186//1185
f 1198//1187 1186//1185 1197//1184
f 1203//1174 1192//1189 1191//1190
f 1203//1174 1191//1190 1202//1175
f 1205//1180 1211//1171 1210//1170
f 1205//1180 1210//1170 1204//1181
f 1209//1182 1215//1167 1214//1166
f 1209//1182 1214//1166 1208//1191
f 1204//1181 1210//1170 1215//1167
f 1204//1181 1215//1167 1209//1182
f 1235//1192 1234//1193 1264//1194
f 1235//1192 1264//1194 1263//1195
f 1233//1196 1232//1197 1260//1198
f 1233//1196 1260//1198 1259//1199
f 1218//1200 1219//1201 1249//1202
f 1218//1200 1249//1202 1250//1203
f 1219//1201 1220//1204 1248//1205
f 1219//1201 1248//1205 1249//1202
f 1219//1201 1224//1206 1225//1207
f 1219//1201 1225//1207 1220//1204
f 1224//1206 1229//1208 1230//1209
f 1224//1206 1230//1209 1225//1207
f 1243//1210 1244//1211 1253//1212
f 1243//1210 1253//1212 1254//1213
f 1229//1208 1280//1214 1281//1215
f 1229//1208 1281//1215 1230//1209
f 1234//1193 1233//1196 1259//1199
f 1234//1193 1259//1199 1264//1194
f 1245//1216 1258//1217 1253//1212
f 1245//1216 1253//1212 1244//1211
f 1244//1211 1243//1210 1232//1197
f 1244//1211 1232//1197 1233//1196
f 1245//1216 1244//1211 1233//1196
f 1245//1216 1233//1196 1234//1193
f 1248//1205 1247//1218 1236//1219
f 1248//1205 1236//1219 1237//1220
f 1249//1202 1248//1205 1237//1220
f 1249//1202 1237//1220 1238//1221
f 1250//1203 1249//1202 1238//1221
f 1250//1203 1238//1221 1239//1222
f 1254//1213 1253//1212 1259//1199
f 1254//1213 1259//1199 1260//1198
f 1258//1217 1257//1223 1263//1195
f 1258//1217 1263//1195 1264//1194
f 1253//1212 1258//1217 1264//1194
f 1253//1212 1264//1194 1259//1199
f 1195//1183 1209//1182 1208//1191
f 1195//1183 1208//1191 1196//1186
f 1185//1165 1184//1164 1195//1183
f 1185//1165 1195//1183 1196//1186
f 1207//1224 1208//1191 1214//1166
f 1207//1224 1214//1166 1213//1225
f 1265//1226 1171//1227 1197//1184
f 1265//1226 1197//1184 1196//1186
f 1265//1226 1196//1186 1208//1191
f 1265//1226 1208//1191 1207//1224
f 1206//1228 1207//1224 1213//1225
f 1206//1228 1213//1225 1212//1229
f 1266//1230 1176//1231 1171//1227
f 1266//1230 1171//1227 1265//1226
f 1266//1230 1265//1226 1207//1224
f 1266//1230 1207//1224 1206//1228
f 1173//1232 1172//1176 1167//1172
f 1173//1232 1167//1172 1168//1233
f 1168//1233 1167//1172 1202//1175
f 1168//1233 1202//1175 1201//1234
f 1201//1234 1202//1175 1191//1190
f 1201//1234 1191//1190 1190//1235
f 1201//1234 1190//1235 1189//1236
f 1201//1234 1189//1236 1200//1237
f 1169//1238 1168//1233 1201//1234
f 1169//1238 1201//1234 1200//1237
f 1187//1188 1198//1187 1199//1239
f 1187//1188 1199//1239 1188//1240
f 1170//1241 1198//1187 1197//1184
f 1170//1241 1197//1184 1171//1227
f 1174//1242 1173//1232 1168//1233
f 1174//1242 1168//1233 1169//1238
f 1170//1241 1169//1238 1199//1239
f 1174//1242 1169//1238 1170//1241
f 1199//1239 1198//1187 1170//1241
f 1170//1241 1171//1227 1176//1231
f 1170//1241 1176//1231 1175//1243
f 1170//1241 1175//1243 1174//1242
f 1169//1238 1200//1237 1199//1239
f 1188//1240 1199//1239 1200//1237
f 1188//1240 1200//1237 1189//1236
f 1166//1244 1177//1245 1267//1246
f 1166//1244 1267//1246 1282//1247
f 1267//1246 1177//1245 1268//1248
f 1178//1249 1177//1245 1172//1176
f 1178//1249 1172//1176 1173//1232
f 1269//1250 1268//1248 1177//1245
f 1269//1250 1177//1245 1178//1249
f 1179//1251 1174//1242 1175//1243
f 1180//1252 1175//1243 1176//1231
f 1180//1252 1176//1231 1181//1253
f 1271//1254 1180//1252 1181//1253
f 1179//1251 1178//1249 1173//1232
f 1179//1251 1173//1232 1174//1242
f 1175//1243 1180//1252 1179//1251
f 1269//1250 1178//1249 1179//1251
f 1269//1250 1179//1251 1270//1255
f 1270//1255 1179//1251 1180//1252
f 1270//1255 1180//1252 1271//1254
f 1251//1256 1217//1257 1218//1200
f 1251//1256 1218//1200 1250//1203
f 1251//1256 1240//1258 1241//1259
f 1251//1256 1241//1259 1272//1260
f 1251//1256 1250//1203 1239//1222
f 1251//1256 1239//1222 1240//1258
f 1242//1261 1192//1189 1203//1174
f 1242//1261 1203//1174 1252//1262
f 1272//1260 1241//1259 1242//1261
f 1272//1260 1242//1261 1252//1262
f 1218//1200 1217//1257 1223//1263
f 1224//1206 1219//1201 1218//1200
f 1224//1206 1218//1200 1223//1263
f 1278//1264 1280//1214 1229//1208
f 1278//1264 1229//1208 1228//1265
f 1216//1266 1252//1262 1203//1174
f 1216//1266 1203//1174 1164//1173
f 1272//1260 1252//1262 1216//1266
f 1272//1260 1216//1266 1217//1257
f 1222//1267 1223//1263 1217//1257
f 1222//1267 1217//1257 1216//1266
f 1164//1173 1165//1177 1222//1267
f 1164//1173 1222//1267 1216//1266
f 1217//1257 1251//1256 1272//1260
f 1165//1177 1172//1176 1177//1245
f 1165//1177 1177//1245 1166//1244
f 1227//1268 1222//1267 1165//1177
f 1227//1268 1165//1177 1166//1244
f 1273//1269 1227//1268 1166//1244
f 1273//1269 1166//1244 1282//1247
f 1223//1263 1222//1267 1227//1268
f 1223//1263 1227//1268 1228//1265
f 1229//1208 1224//1206 1223//1263
f 1229//1208 1223//1263 1228//1265
f 1246//1270 1257//1223 1258//1217
f 1246//1270 1258//1217 1245//1216
f 1235//1192 1236//1219 1247//1218
f 1235//1192 1247//1218 1246//1270
f 1246//1270 1245//1216 1234//1193
f 1246//1270 1234//1193 1235//1192
f 1246//1270 1247//1218 1221//1271
f 1246//1270 1221//1271 1274//1272
f 1221//1271 1247//1218 1248//1205
f 1221//1271 1248//1205 1220//1204
f 1262//1273 1263//1195 1257//1223
f 1262//1273 1257//1223 1256//1274
f 1256//1274 1257//1223 1246//1270
f 1256//1274 1246//1270 1274//1272
f 1221//1271 1220//1204 1225//1207
f 1221//1271 1225//1207 1226//1275
f 1261//1276 1262//1273 1256//1274
f 1261//1276 1256//1274 1255//1277
f 1274//1272 1221//1271 1226//1275
f 1274//1272 1226//1275 1275//1278
f 1255//1277 1256//1274 1274//1272
f 1255//1277 1274//1272 1275//1278
f 1226//1275 1225//1207 1230//1209
f 1226//1275 1230//1209 1231//1279
f 1275//1278 1226//1275 1231//1279
f 1231//1279 1230//1209 1281//1215
f 1279//1280 1227//1268 1273//1269
f 1276//1281 1238//1221 1237//1220
f 1276//1281 1236//1219 1235//1192
f 1276//1281 1237//1220 1236//1219
f 1276//1281 1263//1195 1262//1273
f 1276//1281 1235//1192 1263//1195
f 1276//1281 1262//1273 1261//1276
f 1213//1225 1277//1282 1212//1229
f 1214//1166 1277//1282 1213//1225
f 1214//1166 1185//1165 1277//1282
f 1277//1282 1185//1165 1186//1185
f 1277//1282 1186//1185 1187//1188
f 1277//1282 1187//1188 1188//1240
f 1278//1264 1228//1265 1227//1268
f 1278//1264 1227//1268 1279//1280
f 1283//1283 1284//1284 1304//1285
f 1283//1283 1304//1285 1303//1286
f 1284//1284 1285//1287 1305//1288
f 1284//1284 1305//1288 1304//1285
f 1285//1287 1286//1289 1306//1290
f 1285//1287 1306//1290 1305//1288
f 1286//1289 1287//1291 1307//1292
f 1286//1289 1307//1292 1306//1290
f 1287//1291 1288//1293 1308//1294
f 1287//1291 1308//1294 1307//1292
f 1288//1293 1289//1295 1309//1296
f 1288//1293 1309//1296 1308//1294
f 1289//1295 1290//1297 1310//1298
f 1289//1295 1310//1298 1309//1296
f 1290//1297 1291//1299 1311//1300
f 1290//1297 1311//1300 1310//1298
f 1291//1299 1292//1301 1312//1302
f 1291//1299 1312//1302 1311//1300
f 1292//1301 1293//1303 1313//1304
f 1292//1301 1313//1304 1312//1302
f 1293//1303 1294//1305 1314//1306
f 1293//1303 1314//1306 1313//1304
f 1294//1305 1295//1307 1315//1308
f 1294//1305 1315//1308 1314//1306
f 1295//1307 1296//1309 1316//1310
f 1295//1307 1316//1310 1315//1308
f 1296//1309 1297//1311 1317//1312
f 1296//1309 1317//1312 1316//1310
f 1297//1311 1298//1313 1318//1314
f 1297//1311 1318//1314 1317//1312
f 1298//1313 1299//1315 1319//1316
f 1298//1313 1319//1316 1318//1314
f 1299//1315 1300//1317 1320//1318
f 1299//1315 1320//1318 1319//1316
f 1300//1317 1301//1319 1321//1320
f 1300//1317 1321//1320 1320//1318
f 1301//1319 1302//1321 1322//1322
f 1301//1319 1322//1322 1321//1320
f 1302//1321 1283//1283 1303//1286
f 1302//1321 1303//1286 1322//1322
f 1303//1286 1304//1285 1324//1323
f 1303//1286 1324//1323 1323//1324
f 1304//1285 1305//1288 1325//1325
f 1304//1285 1325//1325 1324//1323
f 1305//1288 1306//1290 1326//1326
f 1305//1288 1326//1326 1325//1325
f 1306//1290 1307//1292 1327//1327
f 1306//1290 1327//1327 1326//1326
f 1307//1292 1308//1294 1328//1328
f 1307//1292 1328//1328 1327//1327
f 1308//1294 1309//1296 1329//1329
f 1308//1294 1329//1329 1328//1328
f 1309//1296 1310//1298 1330//1330
f 1309//1296 1330//1330 1329//1329
f 1310//1298 1311//1300 1331//1331
f 1310//1298 1331//1331 1330//1330
f 1311//1300 1312//1302 1332//1332
f 1311//1300 1332//1332 1331//1331
f 1312//1302 1313//1304 1333//1333
f 1312//1302 1333//1333 1332//1332
f 1313//1304 1314//1306 1334//1334
f 1313//1304 1334//1334 1333//1333
f 1314//1306 1315//1308 1335//1335
f 1314//1306 1335//1335 1334//1334
f 1315//1308 1316//1310 1336//1336
f 1315//1308 1336//1336 1335//1335
f 1316//1310 1317//1312 1337//1337
f 1316//1310 1337//1337 1336//1336
f 1317//1312 1318//1314 1338//1338
f 1317//1312 1338//1338 1337//1337
f 1318//1314 1319//1316 1339//1339
f 1318//1314 1339//1339 1338//1338
f 1319//1316 1320//1318 1340//1340
f 1319//1316 1340//1340 1339//1339
f 1320//1318 1321//1320 1341//1341
f 1320//1318 1341//1341 1340//1340
f 1321//1320 1322//1322 1342//1342
f 1321//1320 1342//1342 1341//1341
f 1322//1322 1303//1286 1323//1324
f 1322//1322 1323//1324 1342//1342
f 1323//1324 1324//1323 1344//1343
f 1323//1324 1344//1343 1343//1344
f 1324//1323 1325//1325 1345//1345
f 1324//1323 1345//1345 1344//1343
f 1325//1325 1326//1326 1346//1346
f 1325//1325 1346//1346 1345//1345
f 1326//1326 1327//1327 1347//1347
f 1326//1326 1347//1347 1346//1346
f 1327//1327 1328//1328 1348//1348
f 1327//1327 1348//1348 1347//1347
f 1328//1328 1329//1329 1349//1349
f 1328//1328 1349//1349 1348//1348
f 1329//1329 1330//1330 1350//1350
f 1329//1329 1350//1350 1349//1349
f 1330//1330 1331//1331 1351//1351
f 1330//1330 1351//1351 1350//1350
f 1331//1331 1332//1332 1352//1352
f 1331//1331 1352//1352 1351//1351
f 1332//1332 1333//1333 1353//1353
f 1332//1332 1353//1353 1352//1352
f 1333//1333 1334//1334 1354//1354
f 1333//1333 1354//1354 1353//1353
f 1334//1334 1335//1335 1355//1355
f 1334//1334 1355//1355 1354//1354
f 1335//1335 1336//1336 1356//1356
f 1335//1335 1356//1356 1355//1355
f 1336//1336 1337//1337 1357//1357
f 1336//1336 1357//1357 1356//1356
f 1337//1337 1338//1338 1358//1358
f 1337//1337 1358//1358 1357//1357
f 1338//1338 1339//1339 1359//1359
f 1338//1338 1359//1359 1358//1358
f 1339//1339 1340//1340 1360//1360
f 1339//1339 1360//1360 1359//1359
f 1340//1340 1341//1341 1361//1361
f 1340//1340 1361//1361 1360//1360
f 1341//1341 1342//1342 1362//1362
f 1341//1341 1362//1362 1361//1361
f 1342//1342 1323//1324 1343//1344
f 1342//1342 1343//1344 1362//1362
f 1343//1344 1344//1343 1364//1363
f 1343//1344 1364//1363 1363//1364
f 1344//1343 1345//1345 1365//1365
f 1344//1343 1365//1365 1364//1363
f 1345//1345 1346//1346 1366//1366
f 1345//1345 1366//1366 1365//1365
f 1346//1346 1347//1347 1367//1367
f 1346//1346 1367//1367 1366//1366
f 1347//1347 1348//1348 1368//1368
f 1347//1347 1368//1368 1367//1367
f 1348//1348 1349//1349 1369//1369
f 1348//1348 1369//1369 1368//1368
f 1349//1349 1350//1350 1370//1370
f 1349//1349 1370//1370 1369//1369
f 1350//1350 1351//1351 1371//1371
f 1350//1350 1371//1371 1370//1370
f 1351//1351 1352//1352 1372//1372
f 1351//1351 1372//1372 1371//1371
f 1352//1352 1353//1353 1373//1373
f 1352//1352 1373//1373 1372//1372
f 1353//1353 1354//1354 1374//1374
f 1353//1353 1374//1374 1373//1373
f 1354//1354 1355//1355 1375//1375
f 1354//1354 1375//1375 1374//1374
f 1355//1355 1356//1356 1376//1376
f 1355//1355 1376//1376 1375//1375
f 1356//1356 1357//1357 1377//1377
f 1356//1356 1377//1377 1376//1376
f 1357//1357 1358//1358 1378//1378
f 1357//1357 1378//1378 1377//1377
f 1358//1358 1359//1359 1379//1379
f 1358//1358 1379//1379 1378//1378
f 1359//1359 1360//1360 1380//1380
f 1359//1359 1380//1380 1379//1379
f 1360//1360 1361//1361 1381//1381
f 1360//1360 1381//1381 1380//1380
f 1361//1361 1362//1362 1382//1382
f 1361//1361 1382//1382 1381//1381
f 1362//1362 1343//1344 1363//1364
f 1362//1362 1363//1364 1382//1382
f 1363//1364 1364//1363 1384//1383
f 1363//1364 1384//1383 1383//1384
f 1364//1363 1365//1365 1385//1385
f 1364//1363 1385//1385 1384//1383
f 1365//1365 1366//1366 1386//1386
f 1365//1365 1386//1386 1385//1385
f 1366//1366 1367//1367 1387//1387
f 1366//1366 1387//1387 1386//1386
f 1367//1367 1368//1368 1388//1388
f 1367//1367 1388//1388 1387//1387
f 1368//1368 1369//1369 1389//1389
f 1368//1368 1389//1389 1388//1388
f 1369//1369 1370//1370 1390//1390
f 1369//1369 1390//1390 1389//1389
f 1370//1370 1371//1371 1391//1391
f 1370//1370 1391//1391 1390//1390
f 1371//1371 1372//1372 1392//1392
f 1371//1371 1392//1392 1391//1391
f 1372//1372 1373//1373 1393//1393
f 1372//1372 1393//1393 1392//1392
f 1373//1373 1374//1374 1394//1394
f 1373//1373 1394//1394 1393//1393
f 1374//1374 1375//1375 1395//1395
f 1374//1374 1395//1395 1394//1394
f 1375//1375 1376//1376 1396//1396
f 1375//1375 1396//1396 1395//1395
f 1376//1376 1377//1377 1397//1397
f 1376//1376 1397//1397 1396//1396
f 1377//1377 1378//1378 1398//1398
f 1377//1377 1398//1398 1397//1397
f 1378//1378 1379//1379 1399//1399
f 1378//1378 1399//1399 1398//1398
f 1379//1379 1380//1380 1400//1400
f 1379//1379 1400//1400 1399//1399
f 1380//1380 1381//1381 1401//1401
f 1380//1380 1401//1401 1400//1400
f 1381//1381 1382//1382 1402//1402
f 1381//1381 1402//1402 1401//1401
f 1382//1382 1363//1364 1383//1384
f 1382//1382 1383//1384 1402//1402
f 1383//1384 1384//1383 1404//1403
f 1383//1384 1404//1403 1403//1404
f 1384//1383 1385//1385 1405//1405
f 1384//1383 1405//1405 1404//1403
f 1385//1385 1386//1386 1406//1406
f 1385//1385 1406//1406 1405//1405
f 1386//1386 1387//1387 1407//1407
f 1386//1386 1407//1407 1406//1406
f 1387//1387 1388//1388 1408//1408
f 1387//1387 1408//1408 1407//1407
f 1388//1388 1389//1389 1409//1409
f 1388//1388 1409//1409 1408//1408
f 1389//1389 1390//1390 1410//1410
f 1389//1389 1410//1410 1409//1409
f 1390//1390 1391//1391 1411//1411
f 1390//1390 1411//1411 1410//1410
f 1391//1391 1392//1392 1412//1412
f 1391//1391 1412//1412 1411//1411
f 1392//1392 1393//1393 1413//1413
f 1392//1392 1413//1413 1412//1412
f 1393//1393 1394//1394 1414//1414
f 1393//1393 1414//1414 1413//1413
f 1394//1394 1395//1395 1415//1415
f 1394//1394 1415//1415 1414//1414
f 1395//1395 1396//1396 1416//1416
f 1395//1395 1416//1416 1415//1415
f 1396//1396 1397//1397 1417//1417
f 1396//1396 1417//1417 1416//1416
f 1397//1397 1398//1398 1418//1418
f 1397//1397 1418//1418 1417//1417
f 1398//1398 1399//1399 1419//1419
f 1398//1398 1419//1419 1418//1418
f 1399//1399 1400//1400 1420//1420
f 1399//1399 1420//1420 1419//1419
f 1400//1400 1401//1401 1421//1421
f 1400//1400 1421//1421 1420//1420
f 1401//1401 1402//1402 1422//1422
f 1401//1401 1422//1422 1421//1421
f 1402//1402 1383//1384 1403//1404
f 1402//1402 1403//1404 1422//1422
f 1403//1404 1404//1403 1424//1423
f 1403//1404 1424//1423 1423//1424
f 1404//1403 1405//1405 1425//1425
f 1404//1403 1425//1425 1424//1423
f 1405//1405 1406//1406 1426//1426
f 1405//1405 1426//1426 1425//1425
f 1406//1406 1407//1407 1427//1427
f 1406//1406 1427//1427 1426//1426
f 1407//1407 1408//1408 1428//1428
f 1407//1407 1428//1428 1427//1427
f 1408//1408 1409//1409 1429//1429
f 1408//1408 1429//1429 1428//1428
f 1409//1409 1410//1410 1430//1430
f 1409//1409 1430//1430 1429//1429
f 1410//1410 1411//1411 1431//1431
f 1410//1410 1431//1431 1430//1430
f 1411//1411 1412//1412 1432//1432
f 1411//1411 1432//1432 1431//1431
f 1412//1412 1413//1413 1433//1433
f 1412//1412 1433//1433 1432//1432
f 1413//1413 1414//1414 1434//1434
f 1413//1413 1434//1434 1433//1433
f 1414//1414 1415//1415 1435//1435
f 1414//1414 1435//1435 1434//1434
f 1415//1415 1416//1416 1436//1436
f 1415//1415 1436//1436 1435//1435
f 1416//1416 1417//1417 1437//1437
f 1416//1416 1437//1437 1436//1436
f 1417//1417 1418//1418 1438//1438
f 1417//1417 1438//1438 1437//1437
f 1418//1418 1419//1419 1439//1439
f 1418//1418 1439//1439 1438//1438
f 1419//1419 1420//1420 1440//1440
f 1419//1419 1440//1440 1439//1439
f 1420//1420 1421//1421 1441//1441
f 1420//1420 1441//1441 1440//1440
f 1421//1421 1422//1422 1442//1442
f 1421//1421 1442//1442 1441//1441
f 1422//1422 1403//1404 1423//1424
f 1422//1422 1423//1424 1442//1442
f 1423//1424 1424//1423 1444//1443
f 1423//1424 1444//1443 1443//1444
f 1424//1423 1425//1425 1445//1445
f 1424//1423 1445//1445 1444//1443
f 1425//1425 1426//1426 1446//1446
f 1425//1425 1446//1446 1445//1445
f 1426//1426 1427//1427 1447//1447
f 1426//1426 1447//1447 1446//1446
f 1427//1427 1428//1428 1448//1448
f 1427//1427 1448//1448 1447//1447
f 1428//1428 1429//1429 1449//1449
f 1428//1428 1449//1449 1448//1448
f 1429//1429 1430//1430 1450//1450
f 1429//1429 1450//1450 1449//1449
f 1430//1430 1431//1431 1451//1451
f 1430//1430 1451//1451 1450//1450
f 1431//1431 1432//1432 1452//1452
f 1431//1431 1452//1452 1451//1451
f 1432//1432 1433//1433 1453//1453
f 1432//1432 1453//1453 1452//1452
f 1433//1433 1434//1434 1454//1454
f 1433//1433 1454//1454 1453//1453
f 1434//1434 1435//1435 1455//1455
f 1434//1434 1455//1455 1454//1454
f 1435//1435 1436//1436 1456//1456
f 1435//1435 1456//1456 1455//1455
f 1436//1436 1437//1437 1457//1457
f 1436//1436 1457//1457 1456//1456
f 1437//1437 1438//1438 1458//1458
f 1437//1437 1458//1458 1457//1457
f 1438//1438 1439//1439 1459//1459
f 1438//1438 1459//1459 1458//1458
f 1439//1439 1440//1440 1460//1460
f 1439//1439 1460//1460 1459//1459
f 1440//1440 1441//1441 1461//1461
f 1440//1440 1461//1461 1460//1460
f 1441//1441 1442//1442 1462//1462
f 1441//1441 1462//1462 1461//1461
f 1442//1442 1423//1424 1443//1444
f 1442//1442 1443//1444 1462//1462
f 1443//1444 1444//1443 1464//1463
f 1443//1444 1464//1463 1463//1464
f 1444//1443 1445//1445 1465//1465
f 1444//1443 1465//1465 1464//1463
f 1445//1445 1446//1446 1466//1466
f 1445//1445 1466//1466 1465//1465
f 1446//1446 1447//1447 1467//1467
f 1446//1446 1467//1467 1466//1466
f 1447//1447 1448//1448 1468//1468
f 1447//1447 1468//1468 1467//1467
f 1448//1448 1449//1449 1469//1469
f 1448//1448 1469//1469 1468//1468
f 1449//1449 1450//1450 1470//1470
f 1449//1449 1470//1470 1469//1469
f 1450//1450 1451//1451 1471//1471
f 1450//1450 1471//1471 1470//1470
f 1451//1451 1452//1452 1472//1472
f 1451//1451 1472//1472 1471//1471
f 1452//1452 1453//1453 1473//1473
f 1452//1452 1473//1473 1472//1472
f 1453//1453 1454//1454 1474//1474
f 1453//1453 1474//1474 1473//1473
f 1454//1454 1455//1455 1475//1475
f 1454//1454 1475//1475 1474//1474
f 1455//1455 1456//1456 1476//1476
f 1455//1455 1476//1476 1475//1475
f 1456//1456 1457//1457 1477//1477
f 1456//1456 1477//1477 1476//1476
f 1457//1457 1458//1458 1478//1478
f 1457//1457 1478//1478 1477//1477
f 1458//1458 1459//1459 1479//1479
f 1458//1458 1479//1479 1478//1478
f 1459//1459 1460//1460 1480//1480
f 1459//1459 1480//1480 1479//1479
f 1460//1460 1461//1461 1481//1481
f 1460//1460 1481//1481 1480//1480
f 1461//1461 1462//1462 1482//1482
f 1461//1461 1482//1482 1481//1481
f 1462//1462 1443//1444 1463//1464
f 1462//1462 1463//1464 1482//1482
f 1463//1464 1464//1463 1484//1483
f 1463//1464 1484//1483 1483//1484
f 1464//1463 1465//1465 1485//1485
f 1464//1463 1485//1485 1484//1483
f 1465//1465 1466//1466 1486//1486
f 1465//1465 1486//1486 1485//1485
f 1466//1466 1467//1467 1487//1487
f 1466//1466 1487//1487 1486//1486
f 1467//1467 1468//1468 1488//1488
f 1467//1467 1488//1488 1487//1487
f 1468//1468 1469//1469 1489//1489
f 1468//1468 1489//1489 1488//1488
f 1469//1469 1470//1470 1490//1490
f 1469//1469 1490//1490 1489//1489
f 1470//1470 1471//1471 1491//1491
f 1470//1470 1491//1491 1490//1490
f 1471//1471 1472//1472 1492//1492
f 1471//1471 1492//1492 1491//1491
f 1472//1472 1473//1473 1493//1493
f 1472//1472 1493//1493 1492//1492
f 1473//1473 1474//1474 1494//1494
f 1473//1473 1494//1494 1493//1493
f 1474//1474 1475//1475 1495//1495
f 1474//1474 1495//1495 1494//1494
f 1475//1475 1476//1476 1496//1496
f 1475//1475 1496//1496 1495//1495
f 1476//1476 1477//1477 1497//1497
f 1476//1476 1497//1497 1496//1496
f 1477//1477 1478//1478 1498//1498
f 1477//1477 1498//1498 1497//1497
f 1478//1478 1479//1479 1499//1499
f 1478//1478 1499//1499 1498//1498
f 1479//1479 1480//1480 1500//1500
f 1479//1479 1500//1500 1499//1499
f 1480//1480 1481//1481 1501//1501
f 1480//1480 1501//1501 1500//1500
f 1481//1481 1482//1482 1502//1502
f 1481//1481 1502//1502 1501//1501
f 1482//1482 1463//1464 1483//1484
f 1482//1482 1483//1484 1502//1502
f 1483//1484 1484//1483 1504//1503
f 1483//1484 1504//1503 1503//1504
f 1484//1483 1485//1485 1505//1505
f 1484//1483 1505//1505 1504//1503
f 1485//1485 1486//1486 1506//1506
f 1485//1485 1506//1506 1505//1505
f 1486//1486 1487//1487 1507//1507
f 1486//1486 1507//1507 1506//1506
f 1487//1487 1488//1488 1508//1508
f 1487//1487 1508//1508 1507//1507
f 1488//1488 1489//1489 1509//1509
f 1488//1488 1509//1509 1508//1508
f 1489//1489 1490//1490 1510//1510
f 1489//1489 1510//1510 1509//1509
f 1490//1490 1491//1491 1511//1511
f 1490//1490 1511//1511 1510//1510
f 1491//1491 1492//1492 1512//1512
f 1491//1491 1512//1512 1511//1511
f 1492//1492 1493//1493 1513//1513
f 1492//1492 1513//1513 1512//1512
f 1493//1493 1494//1494 1514//1514
f 1493//1493 1514//1514 1513//1513
f 1494//1494 1495//1495 1515//1515
f 1494//1494 1515//1515 1514//1514
f 1495//1495 1496//1496 1516//1516
f 1495//1495 1516//1516 1515//1515
f 1496//1496 1497//1497 1517//1517
f 1496//1496 1517//1517 1516//1516
f 1497//1497 1498//1498 1518//1518
f 1497//1497 1518//1518 1517//1517
f 1498//1498 1499//1499 1519//1519
f 1498//1498 1519//1519 1518//1518
f 1499//1499 1500//1500 1520//1520
f 1499//1499 1520//1520 1519//1519
f 1500//1500 1501//1501 1521//1521
f 1500//1500 1521//1521 1520//1520
f 1501//1501 1502//1502 1522//1522
f 1501//1501 1522//1522 1521//1521
f 1502//1502 1483//1484 1503//1504
f 1502//1502 1503//1504 1522//1522
f 1503//1504 1504//1503 1524//1523
f 1503//1504 1524//1523 1523//1524
f 1504//1503 1505//1505 1525//1525
f 1504//1503 1525//1525 1524//1523
f 1505//1505 1506//1506 1526//1526
f 1505//1505 1526//1526 1525//1525
f 1506//1506 1507//1507 1527//1527
f 1506//1506 1527//1527 1526//1526
f 1507//1507 1508//1508 1528//1528
f 1507//1507 1528//1528 1527//1527
f 1508//1508 1509//1509 1529//1529
f 1508//1508 1529//1529 1528//1528
f 1509//1509 1510//1510 1530//1530
f 1509//1509 1530//1530 1529//1529
f 1510//1510 1511//1511 1531//1531
f 1510//1510 1531//1531 1530//1530
f 1511//1511 1512//1512 1532//1532
f 1511//1511 1532//1532 1531//1531
f 1512//1512 1513//1513 1533//1533
f 1512//1512 1533//1533 1532//1532
f 1513//1513 1514//1514 1534//1534
f 1513//1513 1534//1534 1533//1533
f 1514//1514 1515//1515 1535//1535
f 1514//1514 1535//1535 1534//1534
f 1515//1515 1516//1516 1536//1536
f 1515//1515 1536//1536 1535//1535
f 1516//1516 1517//1517 1537//1537
f 1516//1516 1537//1537 1536//1536
f 1517//1517 1518//1518 1538//1538
f 1517//1517 1538//1538 1537//1537
f 1518//1518 1519//1519 1539//1539
f 1518//1518 1539//1539 1538//1538
f 1519//1519 1520//1520 1540//1540
f 1519//1519 1540//1540 1539//1539
f 1520//1520 1521//1521 1541//1541
f 1520//1520 1541//1541 1540//1540
f 1521//1521 1522//1522 1542//1542
f 1521//1521 1542//1542 1541//1541
f 1522//1522 1503//1504 1523//1524
f 1522//1522 1523//1524 1542//1542
f 1523//1524 1524//1523 1544//1543
f 1523//1524 1544//1543 1543//1544
f 1524//1523 1525//1525 1545//1545
f 1524//1523 1545//1545 1544//1543
f 1525//1525 1526//1526 1546//1546
f 1525//1525 1546//1546 1545//1545
f 1526//1526 1527//1527 1547//1547
f 1526//1526 1547//1547 1546//1546
f 1527//1527 1528//1528 1548//1548
f 1527//1527 1548//1548 1547//1547
f 1528//1528 1529//1529 1549//1549
f 1528//1528 1549//1549 1548//1548
f 1529//1529 1530//1530 1550//1550
f 1529//1529 1550//1550 1549//1549
f 1530//1530 1531//1531 1551//1551
f 1530//1530 1551//1551 1550//1550
f 1531//1531 1532//1532 1552//1552
f 1531//1531 1552//1552 1551//1551
f 1532//1532 1533//1533 1553//1553
f 1532//1532 1553//1553 1552//1552
f 1533//1533 1534//1534 1554//1554
f 1533//1533 1554//1554 1553//1553
f 1534//1534 1535//1535 1555//1555
f 1534//1534 1555//1555 1554//1554
f 1535//1535 1536//1536 1556//1556
f 1535//1535 1556//1556 1555//1555
f 1536//1536 1537//1537 1557//1557
f 1536//1536 1557//1557 1556//1556
f 1537//1537 1538//1538 1558//1558
f 1537//1537 1558//1558 1557//1557
f 1538//1538 1539//1539 1559//1559
f 1538//1538 1559//1559 1558//1558
f 1539//1539 1540//1540 1560//1560
f 1539//1539 1560//1560 1559//1559
f 1540//1540 1541//1541 1561//1561
f 1540//1540 1561//1561 1560//1560
f 1541//1541 1542//1542 1562//1562
f 1541//1541 1562//1562 1561//1561
f 1542//1542 1523//1524 1543//1544
f 1542//1542 1543//1544 1562//1562
f 1543//1544 1544//1543 1564//1563
f 1543//1544 1564//1563 1563//1564
f 1544//1543 1545//1545 1565//1565
f 1544//1543 1565//1565 1564//1563
f 1545//1545 1546//1546 1566//1566
f 1545//1545 1566//1566 1565//1565
f 1546//1546 1547//1547 1567//1567
f 1546//1546 1567//1567 1566//1566
f 1547//1547 1548//1548 1568//1568
f 1547//1547 1568//1568 1567//1567
f 1548//1548 1549//1549 1569//1569
f 1548//1548 1569//1569 1568//1568
f 1549//1549 1550//1550 1570//1570
f 1549//1549 1570//1570 1569//1569
f 1550//1550 1551//1551 1571//1571
f 1550//1550 1571//1571 1570//1570
f 1551//1551 1552//1552 1572//1572
f 1551//1551 1572//1572 1571//1571
f 1552//1552 1553//1553 1573//1573
f 1552//1552 1573//1573 1572//1572
f 1553//1553 1554//1554 1574//1574
f 1553//1553 1574//1574 1573//1573
f 1554//1554 1555//1555 1575//1575
f 1554//1554 1575//1575 1574//1574
f 1555//1555 1556//1556 1576//1576
f 1555//1555 1576//1576 1575//1575
f 1556//1556 1557//1557 1577//1577
f 1556//1556 1577//1577 1576//1576
f 1557//1557 1558//1558 1578//1578
f 1557//1557 1578//1578 1577//1577
f 1558//1558 1559//1559 1579//1579
f 1558//1558 1579//1579 1578//1578
f 1559//1559 1560//1560 1580//1580
f 1559//1559 1580//1580 1579//1579
f 1560//1560 1561//1561 1581//1581
f 1560//1560 1581//1581 1580//1580
f 1561//1561 1562//1562 1582//1582
f 1561//1561 1582//1582 1581//1581
f 1562//1562 1543//1544 1563//1564
f 1562//1562 1563//1564 1582//1582
f 1563//1564 1564//1563 1584//1583
f 1563//1564 1584//1583 1583//1584
f 1564//1563 1565//1565 1585//1585
f 1564//1563 1585//1585 1584//1583
f 1565//1565 1566//1566 1586//1586
f 1565//1565 1586//1586 1585//1585
f 1566//1566 1567//1567 1587//1587
f 1566//1566 1587//1587 1586//1586
f 1567//1567 1568//1568 1588//1588
f 1567//1567 1588//1588 1587//1587
f 1568//1568 1569//1569 1589//1589
f 1568//1568 1589//1589 1588//1588
f 1569//1569 1570//1570 1590//1590
f 1569//1569 1590//1590 1589//1589
f 1570//1570 1571//1571 1591//1591
f 1570//1570 1591//1591 1590//1590
f 1571//1571 1572//1572 1592//1592
f 1571//1571 1592//1592 1591//1591
f 1572//1572 1573//1573 1593//1593
f 1572//1572 1593//1593 1592//1592
f 1573//1573 1574//1574 1594//1594
f 1573//1573 1594//1594 1593//1593
f 1574//1574 1575//1575 1595//1595
f 1574//1574 1595//1595 1594//1594
f 1575//1575 1576//1576 1596//1596
f 1575//1575 1596//1596 1595//1595
f 1576//1576 1577//1577 1597//1597
f 1576//1576 1597//1597 1596//1596
f 1577//1577 1578//1578 1598//1598
f 1577//1577 1598//1598 1597//1597
f 1578//1578 1579//1579 1599//1599
f 1578//1578 1599//1599 1598//1598
f 1579//1579 1580//1580 1600//1600
f 1579//1579 1600//1600 1599//1599
f 1580//1580 1581//1581 1601//1601
f 1580//1580 1601//1601 1600//1600
f 1581//1581 1582//1582 1602//1602
f 1581//1581 1602//1602 1601//1601
f 1582//1582 1563//1564 1583//1584
f 1582//1582 1583//1584 1602//1602
f 1583//1584 1584//1583 1604//1603
f 1583//1584 1604//1603 1603//1604
f 1584//1583 1585//1585 1605//1605
f 1584//1583 1605//1605 1604//1603
f 1585//1585 1586//1586 1606//1606
f 1585//1585 1606//1606 1605//1605
f 1586//1586 1587//1587 1607//1607
f 1586//1586 1607//1607 1606//1606
f 1587//1587 1588//1588 1608//1608
f 1587//1587 1608//1608 1607//1607
f 1588//1588 1589//1589 1609//1609
f 1588//1588 1609//1609 1608//1608
f 1589//1589 1590//1590 1610//1610
f 1589//1589 1610//1610 1609//1609
f 1590//1590 1591//1591 1611//1611
f 1590//1590 1611//1611 1610//1610
f 1591//1591 1592//1592 1612//1612
f 1591//1591 1612//1612 1611//1611
f 1592//1592 1593//1593 1613//1613
f 1592//1592 1613//1613 1612//1612
f 1593//1593 1594//1594 1614//1614
f 1593//1593 1614//1614 1613//1613
f 1594//1594 1595//1595 1615//1615
f 1594//1594 1615//1615 1614//1614
f 1595//1595 1596//1596 1616//1616
f 1595//1595 1616//1616 1615//1615
f 1596//1596 1597//1597 1617//1617
f 1596//1596 1617//1617 1616//1616
f 1597//1597 1598//1598 1618//1618
f 1597//1597 1618//1618 1617//1617
f 1598//1598 1599//1599 1619//1619
f 1598//1598 1619//1619 1618//1618
f 1599//1599 1600//1600 1620//1620
f 1599//1599 1620//1620 1619//1619
f 1600//1600 1601//1601 1621//1621
f 1600//1600 1621//1621 1620//1620
f 1601//1601 1602//1602 1622//1622
f 1601//1601 1622//1622 1621//1621
f 1602//1602 1583//1584 1603//1604
f 1602//1602 1603//1604 1622//1622
f 1603//1604 1604//1603 1624//1623
f 1603//1604 1624//1623 1623//1624
f 1604//1603 1605//1605 1625//1625
f 1604//1603 1625//1625 1624//1623
f 1605//1605 1606//1606 1626//1626
f 1605//1605 1626//1626 1625//1625
f 1606//1606 1607//1607 1627//1627
f 1606//1606 1627//1627 1626//1626
f 1607//1607 1608//1608 1628//1628
f 1607//1607 1628//1628 1627//1627
f 1608//1608 1609//1609 1629//1629
f 1608//1608 1629//1629 1628//1628
f 1609//1609 1610//1610 1630//1630
f 1609//1609 1630//1630 1629//1629
f 1610//1610 1611//1611 1631//1631
f 1610//1610 1631//1631 1630//1630
f 1611//1611 1612//1612 1632//1632
f 1611//1611 1632//1632 1631//1631
f 1612//1612 1613//1613 1633//1633
f 1612//1612 1633//1633 1632//1632
f 1613//1613 1614//1614 1634//1634
f 1613//1613 1634//1634 1633//1633
f 1614//1614 1615//1615 1635//1635
f 1614//1614 1635//1635 1634//1634
f 1615//1615 1616//1616 1636//1636
f 1615//1615 1636//1636 1635//1635
f 1616//1616 1617//1617 1637//1637
f 1616//1616 1637//1637 1636//1636
f 1617//1617 1618//1618 1638//1638
f 1617//1617 1638//1638 1637//1637
f 1618//1618 1619//1619 1639//1639
f 1618//1618 1639//1639 1638//1638
f 1619//1619 1620//1620 1640//1640
f 1619//1619 1640//1640 1639//1639
f 1620//1620 1621//1621 1641//1641
f 1620//1620 1641//1641 1640//1640
f 1621//1621 1622//1622 1642//1642
f 1621//1621 1642//1642 1641//1641
f 1622//1622 1603//1604 1623//1624
f 1622//1622 1623//1624 1642//1642
f 1623//1624 1624//1623 1644//1643
f 1623//1624 1644//1643 1643//1644
f 1624//1623 1625//1625 1645//1645
f 1624//1623 1645//1645 1644//1643
f 1625//1625 1626//1626 1646//1646
f 1625//1625 1646//1646 1645//1645
f 1626//1626 1627//1627 1647//1647
f 1626//1626 1647//1647 1646//1646
f 1627//1627 1628//1628 1648//1648
f 1627//1627 1648//1648 1647//1647
f 1628//1628 1629//1629 1649//1649
f 1628//1628 1649//1649 1648//1648
f 1629//1629 1630//1630 1650//1650
f 1629//1629 1650//1650 1649//1649
f 1630//1630 1631//1631 1651//1651
f 1630//1630 1651//1651 1650//1650
f 1631//1631 1632//1632 1652//1652
f 1631//1631 1652//1652 1651//1651
f 1632//1632 1633//1633 1653//1653
f 1632//1632 1653//1653 1652//1652
f 1633//1633 1634//1634 1654//1654
f 1633//1633 1654//1654 1653//1653
f 1634//1634 1635//1635 1655//1655
f 1634//1634 1655//1655 1654//1654
f 1635//1635 1636//1636 1656//1656
f 1635//1635 1656//1656 1655//1655
f 1636//1636 1637//1637 1657//1657
f 1636//1636 1657//1657 1656//1656
f 1637//1637 1638//1638 1658//1658
f 1637//1637 1658//1658 1657//1657
f 1638//1638 1639//1639 1659//1659
f 1638//1638 1659//1659 1658//1658
f 1639//1639 1640//1640 1660//1660
f 1639//1639 1660//1660 1659//1659
f 1640//1640 1641//1641 1661//1661
f 1640//1640 1661//1661 1660//1660
f 1641//1641 1642//1642 1662//1662
f 1641//1641 1662//1662 1661//1661
f 1642//1642 1623//1624 1643//1644
f 1642//1642 1643//1644 1662//1662
f 1284//1284 1283//1283 1663//1663
f 1285//1287 1284//1284 1663//1663
f 1286//1289 1285//1287 1663//1663
f 1287//1291 1286//1289 1663//1663
f 1288//1293 1287//1291 1663//1663
f 1289//1295 1288//1293 1663//1663
f 1290//1297 1289//1295 1663//1663
f 1291//1299 1290//1297 1663//1663
f 1292//1301 1291//1299 1663//1663
f 1293//1303 1292//1301 1663//1663
f 1294//1305 1293//1303 1663//1663
f 1295//1307 1294//1305 1663//1663
f 1296//1309 1295//1307 1663//1663
f 1297//1311 1296//1309 1663//1663
f 1298//1313 1297//1311 1663//1663
f 1299//1315 1298//1313 1663//1663
f 1300//1317 1299//1315 1663//1663
f 1301//1319 1300//1317 1663//1663
f 1302//1321 1301//1319 1663//1663
f 1283//1283 1302//1321 1663//1663
f 1643//1644 1644//1643 1664//1664
f 1644//1643 1645//1645 1664//1664
f 1645//1645 1646//1646 1664//1664
f 1646//1646 1647//1647 1664//1664
f 1647//1647 1648//1648 1664//1664
f 1648//1648 1649//1649 1664//1664
f 1649//1649 1650//1650 1664//1664
f 1650//1650 1651//1651 1664//1664
f 1651//1651 1652//1652 1664//1664
f 1652//1652 1653//1653 1664//1664
f 1653//1653 1654//1654 1664//1664
f 1654//1654 1655//1655 1664//1664
f 1655//1655 1656//1656 1664//1664
f 1656//1656 1657//1657 1664//1664
f 1657//1657 1658//1658 1664//1664
f 1658//1658 1659//1659 1664//1664
f 1659//1659 1660//1660 1664//1664
f 1660//1660 1661//1661 1664//1664
f 1661//1661 1662//1662 1664//1664
f 1662//1662 1643//1644 1664//1664
f 1665//1665 1685//1666 1686//1667
f 1665//1665 1686//1667 1666//1668
f 1666//1668 1686//1667 1687//1669
f 1666//1668 1687//1669 1667//1670
f 1667//1670 1687//1669 1688//1671
f 1667//1670 1688//1671 1668//1672
f 1668//1672 1688//1671 1689//1673
f 1668//1672 1689//1673 1669//1674
f 1669//1674 1689//1673 1690//1675
f 1669//1674 1690//1675 1670//1676
f 1670//1676 1690//1675 1691//1677
f 1670//1676 1691//1677 1671//1678
f 1671//1678 1691//1677 1692//1679
f 1671//1678 1692//1679 1672//1680
f 1672//1680 1692//1679 1693//1681
f 1672//1680 1693//1681 1673//1682
f 1673//1682 1693//1681 1694//1683
f 1673//1682 1694//1683 1674//1684
f 1674//1684 1694//1683 1695//1685
f 1674//1684 1695//1685 1675//1686
f 1675//1686 1695//1685 1696//1687
f 1675//1686 1696//1687 1676//1688
f 1676//1688 1696//1687 1697//1689
f 1676//1688 1697//1689 1677//1690
f 1677//1690 1697//1689 1698//1691
f 1677//1690 1698//1691 1678//1692
f 1678//1692 1698//1691 1699//1693
f 1678//1692 1699//1693 1679//1694
f 1679//1694 1699//1693 1700//1695
f 1679//1694 1700//1695 1680//1696
f 1680//1696 1700//1695 1701//1697
f 1680//1696 1701//1697 1681//1698
f 1681//1698 1701//1697 1702//1699
f 1681//1698 1702//1699 1682//1700
f 1682//1700 1702//1699 1703//1701
f 1682//1700 1703//1701 1683//1702
f 1683//1702 1703//1701 1704//1703
f 1683//1702 1704//1703 1684//1704
f 1684//1704 1704//1703 1685//1666
f 1684//1704 1685//1666 1665//1665
f 1685//1666 1705//1705 1706//1706
f 1685//1666 1706//1706 1686//1667
f 1686//1667 1706//1706 1707//1707
f 1686//1667 1707//1707 1687//1669
f 1687//1669 1707//1707 1708//1708
f 1687//1669 1708//1708 1688//1671
f 1688//1671 1708//1708 1709//1709
f 1688//1671 1709//1709 1689//1673
f 1689//1673 1709//1709 1710//1710
f 1689//1673 1710//1710 1690//1675
f 1690//1675 1710//1710 1711//1711
f 1690//1675 1711//1711 1691//1677
f 1691//1677 1711//1711 1712//1712
f 1691//1677 1712//1712 1692//1679
f 1692//1679 1712//1712 1713//1713
f 1692//1679 1713//1713 1693//1681
f 1693//1681 1713//1713 1714//1714
f 1693//1681 1714//1714 1694//1683
f 1694//1683 1714//1714 1715//1715
f 1694//1683 1715//1715 1695//1685
f 1695//1685 1715//1715 1716//1716
f 1695//1685 1716//1716 1696//1687
f 1696//1687 1716//1716 1717//1717
f 1696//1687 1717//1717 1697//1689
f 1697//1689 1717//1717 1718//1718
f 1697//1689 1718//1718 1698//1691
f 1698//1691 1718//1718 1719//1719
f 1698//1691 1719//1719 1699//1693
f 1699//1693 1719//1719 1720//1720
f 1699//1693 1720//1720 1700//1695
f 1700//1695 1720//1720 1721//1721
f 1700//1695 1721//1721 1701//1697
f 1701//1697 1721//1721 1722//1722
f 1701//1697 1722//1722 1702//1699
f 1702//1699 1722//1722 1723//1723
f 1702//1699 1723//1723 1703//1701
f 1703//1701 1723//1723 1724//1724
f 1703//1701 1724//1724 1704//1703
f 1704//1703 1724//1724 1705//1705
f 1704//1703 1705//1705 1685//1666
f 1705//1705 1725//1725 1726//1726
f 1705//1705 1726//1726 1706//1706
f 1706//1706 1726//1726 1727//1727
f 1706//1706 1727//1727 1707//1707
f 1707//1707 1727//1727 1728//1728
f 1707//1707 1728//1728 1708//1708
f 1708//1708 1728//1728 1729//1729
f 1708//1708 1729//1729 1709//1709
f 1709//1709 1729//1729 1730//1730
f 1709//1709 1730//1730 1710//1710
f 1710//1710 1730//1730 1731//1731
f 1710//1710 1731//1731 1711//1711
f 1711//1711 1731//1731 1732//1732
f 1711//1711 1732//1732 1712//1712
f 1712//1712 1732//1732 1733//1733
f 1712//1712 1733//1733 1713//1713
f 1713//1713 1733//1733 1734//1734
f 1713//1713 1734//1734 1714//1714
f 1714//1714 1734//1734 1735//1735
f 1714//1714 1735//1735 1715//1715
f 1715//1715 1735//1735 1736//1736
f 1715//1715 1736//1736 1716//1716
f 1716//1716 1736//1736 1737//1737
f 1716//1716 1737//1737 1717//1717
f 1717//1717 1737//1737 1738//1738
f 1717//1717 1738//1738 1718//1718
f 1718//1718 1738//1738 1739//1739
f 1718//1718 1739//1739 1719//1719
f 1719//1719 1739//1739 1740//1740
f 1719//1719 1740//1740 1720//1720
f 1720//1720 1740//1740 1741//1741
f 1720//1720 1741//1741 1721//1721
f 1721//1721 1741//1741 1742//1742
f 1721//1721 1742//1742 1722//1722
f 1722//1722 1742//1742 1743//1743
f 1722//1722 1743//1743 1723//1723
f 1723//1723 1743//1743 1744//1744
f 1723//1723 1744//1744 1724//1724
f 1724//1724 1744//1744 1725//1725
f 1724//1724 1725//1725 1705//1705
f 1725//1725 1745//1745 1746//1746
f 1725//1725 1746//1746 1726//1726
f 1726//1726 1746//1746 1747//1747
f 1726//1726 1747//1747 1727//1727
f 1727//1727 1747//1747 1748//1748
f 1727//1727 1748//1748 1728//1728
f 1728//1728 1748//1748 1749//1749
f 1728//1728 1749//1749 1729//1729
f 1729//1729 1749//1749 1750//1750
f 1729//1729 1750//1750 1730//1730
f 1730//1730 1750//1750 1751//1751
f 1730//1730 1751//1751 1731//1731
f 1731//1731 1751//1751 1752//1752
f 1731//1731 1752//1752 1732//1732
f 1732//1732 1752//1752 1753//1753
f 1732//1732 1753//1753 1733//1733
f 1733//1733 1753//1753 1754//1754
f 1733//1733 1754//1754 1734//1734
f 1734//1734 1754//1754 1755//1755
f 1734//1734 1755//1755 1735//1735
f 1735//1735 1755//1755 1756//1756
f 1735//1735 1756//1756 1736//1736
f 1736//1736 1756//1756 1757//1757
f 1736//1736 1757//1757 1737//1737
f 1737//1737 1757//1757 1758//1758
f 1737//1737 1758//1758 1738//1738
f 1738//1738 1758//1758 1759//1759
f 1738//1738 1759//1759 1739//1739
f 1739//1739 1759//1759 1760//1760
f 1739//1739 1760//1760 1740//1740
f 1740//1740 1760//1760 1761//1761
f 1740//1740 1761//1761 1741//1741
f 1741//1741 1761//1761 1762//1762
f 1741//1741 1762//1762 1742//1742
f 1742//1742 1762//1762 1763//1763
f 1742//1742 1763//1763 1743//1743
f 1743//1743 1763//1763 1764//1764
f 1743//1743 1764//1764 1744//1744
f 1744//1744 1764//1764 1745//1745
f 1744//1744 1745//1745 1725//1725
f 1745//1745 1765//1765 1766//1766
f 1745//1745 1766//1766 1746//1746
f 1746//1746 1766//1766 1767//1767
f 1746//1746 1767//1767 1747//1747
f 1747//1747 1767//1767 1768//1768
f 1747//1747 1768//1768 1748//1748
f 1748//1748 1768//1768 1769//1769
f 1748//1748 1769//1769 1749//1749
f 1749//1749 1769//1769 1770//1770
f 1749//1749 1770//1770 1750//1750
f 1750//1750 1770//1770 1771//1771
f 1750//1750 1771//1771 1751//1751
f 1751//1751 1771//1771 1772//1772
f 1751//1751 1772//1772 1752//1752
f 1752//1752 1772//1772 1773//1773
f 1752//1752 1773//1773 1753//1753
f 1753//1753 1773//1773 1774//1774
f 1753//1753 1774//1774 1754//1754
f 1754//1754 1774//1774 1775//1775
f 1754//1754 1775//1775 1755//1755
f 1755//1755 1775//1775 1776//1776
f 1755//1755 1776//1776 1756//1756
f 1756//1756 1776//1776 1777//1777
f 1756//1756 1777//1777 1757//1757
f 1757//1757 1777//1777 1778//1778
f 1757//1757 1778//1778 1758//1758
f 1758//1758 1778//1778 1779//1779
f 1758//1758 1779//1779 1759//1759
f 1759//1759 1779//1779 1780//1780
f 1759//1759 1780//1780 1760//1760
f 1760//1760 1780//1780 1781//1781
f 1760//1760 1781//1781 1761//1761
f 1761//1761 1781//1781 1782//1782
f 1761//1761 1782//1782 1762//1762
f 1762//1762 1782//1782 1783//1783
f 1762//1762 1783//1783 1763//1763
f 1763//1763 1783//1783 1784//1784
f 1763//1763 1784//1784 1764//1764
f 1764//1764 1784//1784 1765//1765
f 1764//1764 1765//1765 1745//1745
f 1765//1765 1785//1785 1786//1786
f 1765//1765 1786//1786 1766//1766
f 1766//1766 1786//1786 1787//1787
f 1766//1766 1787//1787 1767//1767
f 1767//1767 1787//1787 1788//1788
f 1767//1767 1788//1788 1768//1768
f 1768//1768 1788//1788 1789//1789
f 1768//1768 1789//1789 1769//1769
f 1769//1769 1789//1789 1790//1790
f 1769//1769 1790//1790 1770//1770
f 1770//1770 1790//1790 1791//1791
f 1770//1770 1791//1791 1771//1771
f 1771//1771 1791//1791 1792//1792
f 1771//1771 1792//1792 1772//1772
f 1772//1772 1792//1792 1793//1793
f 1772//1772 1793//1793 1773//1773
f 1773//1773 1793//1793 1794//1794
f 1773//1773 1794//1794 1774//1774
f 1774//1774 1794//1794 1795//1795
f 1774//1774 1795//1795 1775//1775
f 1775//1775 1795//1795 1796//1796
f 1775//1775 1796//1796 1776//1776
f 1776//1776 1796//1796 1797//1797
f 1776//1776 1797//1797 1777//1777
f 1777//1777 1797//1797 1798//1798
f 1777//1777 1798//1798 1778//1778
f 1778//1778 1798//1798 1799//1799
f 1778//1778 1799//1799 1779//1779
f 1779//1779 1799//1799 1800//1800
f 1779//1779 1800//1800 1780//1780
f 1780//1780 1800//1800 1801//1801
f 1780//1780 1801//1801 1781//1781
f 1781//1781 1801//1801 1802//1802
f 1781//1781 1802//1802 1782//1782
f 1782//1782 1802//1802 1803//1803
f 1782//1782 1803//1803 1783//1783
f 1783//1783 1803//1803 1804//1804
f 1783//1783 1804//1804 1784//1784
f 1784//1784 1804//1804 1785//1785
f 1784//1784 1785//1785 1765//1765
f 1785//1785 1805//1805 1806//1806
f 1785//1785 1806//1806 1786//1786
f 1786//1786 1806//1806 1807//1807
f 1786//1786 1807//1807 1787//1787
f 1787//1787 1807//1807 1808//1808
f 1787//1787 1808//1808 1788//1788
f 1788//1788 1808//1808 1809//1809
f 1788//1788 1809//1809 1789//1789
f 1789//1789 1809//1809 1810//1810
f 1789//1789 1810//1810 1790//1790
f 1790//1790 1810//1810 1811//1811
f 1790//1790 1811//1811 1791//1791
f 1791//1791 1811//1811 1812//1812
f 1791//1791 1812//1812 1792//1792
f 1792//1792 1812//1812 1813//1813
f 1792//1792 1813//1813 1793//1793
f 1793//1793 1813//1813 1814//1814
f 1793//1793 1814//1814 1794//1794
f 1794//1794 1814//1814 1815//1815
f 1794//1794 1815//1815 1795//1795
f 1795//1795 1815//1815 1816//1816
f 1795//1795 1816//1816 1796//1796
f 1796//1796 1816//1816 1817//1817
f 1796//1796 1817//1817 1797//1797
f 1797//1797 1817//1817 1818//1818
f 1797//1797 1818//1818 1798//1798
f 1798//1798 1818//1818 1819//1819
f 1798//1798 1819//1819 1799//1799
f 1799//1799 1819//1819 1820//1820
f 1799//1799 1820//1820 1800//1800
f 1800//1800 1820//1820 1821//1821
f 1800//1800 1821//1821 1801//1801
f 1801//1801 1821//1821 1822//1822
f 1801//1801 1822//1822 1802//1802
f 1802//1802 1822//1822 1823//1823
f 1802//1802 1823//1823 1803//1803
f 1803//1803 1823//1823 1824//1824
f 1803//1803 1824//1824 1804//1804
f 1804//1804 1824//1824 1805//1805
f 1804//1804 1805//1805 1785//1785
f 1805//1805 1825//1825 1826//1826
f 1805//1805 1826//1826 1806//1806
f 1806//1806 1826//1826 1827//1827
f 1806//1806 1827//1827 1807//1807
f 1807//1807 1827//1827 1828//1828
f 1807//1807 1828//1828 1808//1808
f 1808//1808 1828//1828 1829//1829
f 1808//1808 1829//1829 1809//1809
f 1809//1809 1829//1829 1830//1830
f 1809//1809 1830//1830 1810//1810
f 1810//1810 1830//1830 1831//1831
f 1810//1810 1831//1831 1811//1811
f 1811//1811 1831//1831 1832//1832
f 1811//1811 1832//1832 1812//1812
f 1812//1812 1832//1832 1833//1833
f 1812//1812 1833//1833 1813//1813
f 1813//1813 1833//1833 1834//1834
f 1813//1813 1834//1834 1814//1814
f 1814//1814 1834//1834 1835//1835
f 1814//1814 1835//1835 1815//1815
f 1815//1815 1835//1835 1836//1836
f 1815//1815 1836//1836 1816//1816
f 1816//1816 1836//1836 1837//1837
f 1816//1816 1837//1837 1817//1817
f 1817//1817 1837//1837 1838//1838
f 1817//1817 1838//1838 1818//1818
f 1818//1818 1838//1838 1839//1839
f 1818//1818 1839//1839 1819//1819
f 1819//1819 1839//1839 1840//1840
f 1819//1819 1840//1840 1820//1820
f 1820//1820 1840//1840 1841//1841
f 1820//1820 1841//1841 1821//1821
f 1821//1821 1841//1841 1842//1842
f 1821//1821 1842//1842 1822//1822
f 1822//1822 1842//1842 1843//1843
f 1822//1822 1843//1843 1823//1823
f 1823//1823 1843//1843 1844//1844
f 1823//1823 1844//1844 1824//1824
f 1824//1824 1844//1844 1825//1825
f 1824//1824 1825//1825 1805//1805
f 1825//1825 1845//1845 1846//1846
f 1825//1825 1846//1846 1826//1826
f 1826//1826 1846//1846 1847//1847
f 1826//1826 1847//1847 1827//1827
f 1827//1827 1847//1847 1848//1848
f 1827//1827 1848//1848 1828//1828
f 1828//1828 1848//1848 1849//1849
f 1828//1828 1849//1849 1829//1829
f 1829//1829 1849//1849 1850//1850
f 1829//1829 1850//1850 1830//1830
f 1830//1830 1850//1850 1851//1851
f 1830//1830 1851//1851 1831//1831
f 1831//1831 1851//1851 1852//1852
f 1831//1831 1852//1852 1832//1832
f 1832//1832 1852//1852 1853//1853
f 1832//1832 1853//1853 1833//1833
f 1833//1833 1853//1853 1854//1854
f 1833//1833 1854//1854 1834//1834
f 1834//1834 1854//1854 1855//1855
f 1834//1834 1855//1855 1835//1835
f 1835//1835 1855//1855 1856//1856
f 1835//1835 1856//1856 1836//1836
f 1836//1836 1856//1856 1857//1857
f 1836//1836 1857//1857 1837//1837
f 1837//1837 1857//1857 1858//1858
f 1837//1837 1858//1858 1838//1838
f 1838//1838 1858//1858 1859//1859
f 1838//1838 1859//1859 1839//1839
f 1839//1839 1859//1859 1860//1860
f 1839//1839 1860//1860 1840//1840
f 1840//1840 1860//1860 1861//1861
f 1840//1840 1861//1861 1841//1841
f 1841//1841 1861//1861 1862//1862
f 1841//1841 1862//1862 1842//1842
f 1842//1842 1862//1862 1863//1863
f 1842//1842 1863//1863 1843//1843
f 1843//1843 1863//1863 1864//1864
f 1843//1843 1864//1864 1844//1844
f 1844//1844 1864//1864 1845//1845
f 1844//1844 1845//1845 1825//1825
f 1845//1845 1865//1865 1866//1866
f 1845//1845 1866//1866 1846//1846
f 1846//1846 1866//1866 1867//1867
f 1846//1846 1867//1867 1847//1847
f 1847//1847 1867//1867 1868//1868
f 1847//1847 1868//1868 1848//1848
f 1848//1848 1868//1868 1869//1869
f 1848//1848 1869//1869 1849//1849
f 1849//1849 1869//1869 1870//1870
f 1849//1849 1870//1870 1850//1850
f 1850//1850 1870//1870 1871//1871
f 1850//1850 1871//1871 1851//1851
f 1851//1851 1871//1871 1872//1872
f 1851//1851 1872//1872 1852//1852
f 1852//1852 1872//1872 1873//1873
f 1852//1852 1873//1873 1853//1853
f 1853//1853 1873//1873 1874//1874
f 1853//1853 1874//1874 1854//1854
f 1854//1854 1874//1874 1875//1875
f 1854//1854 1875//1875 1855//1855
f 1855//1855 1875//1875 1876//1876
f 1855//1855 1876//1876 1856//1856
f 1856//1856 1876//1876 1877//1877
f 1856//1856 1877//1877 1857//1857
f 1857//1857 1877//1877 1878//1878
f 1857//1857 1878//1878 1858//1858
f 1858//1858 1878//1878 1879//1879
f 1858//1858 1879//1879 1859//1859
f 1859//1859 1879//1879 1880//1880
f 1859//1859 1880//1880 1860//1860
f 1860//1860 1880//1880 1881//1881
f 1860//1860 1881//1881 1861//1861
f 1861//1861 1881//1881 1882//1882
f 1861//1861 1882//1882 1862//1862
f 1862//1862 1882//1882 1883//1883
f 1862//1862 1883//1883 1863//1863
f 1863//1863 1883//1883 1884//1884
f 1863//1863 1884//1884 1864//1864
f 1864//1864 1884//1884 1865//1865
f 1864//1864 1865//1865 1845//1845
f 1865//1865 1885//1885 1886//1886
f 1865//1865 1886//1886 1866//1866
f 1866//1866 1886//1886 1887//1887
f 1866//1866 1887//1887 1867//1867
f 1867//1867 1887//1887 1888//1888
f 1867//1867 1888//1888 1868//1868
f 1868//1868 1888//1888 1889//1889
f 1868//1868 1889//1889 1869//1869
f 1869//1869 1889//1889 1890//1890
f 1869//1869 1890//1890 1870//1870
f 1870//1870 1890//1890 1891//1891
f 1870//1870 1891//1891 1871//1871
f 1871//1871 1891//1891 1892//1892
f 1871//1871 1892//1892 1872//1872
f 1872//1872 1892//1892 1893//1893
f 1872//1872 1893//1893 1873//1873
f 1873//1873 1893//1893 1894//1894
f 1873//1873 1894//1894 1874//1874
f 1874//1874 1894//1894 1895//1895
f 1874//1874 1895//1895 1875//1875
f 1875//1875 1895//1895 1896//1896
f 1875//1875 1896//1896 1876//1876
f 1876//1876 1896//1896 1897//1897
f 1876//1876 1897//1897 1877//1877
f 1877//1877 1897//1897 1898//1898
f 1877//1877 1898//1898 1878//1878
f 1878//1878 1898//1898 1899//1899
f 1878//1878 1899//1899 1879//1879
f 1879//1879 1899//1899 1900//1900
f 1879//1879 1900//1900 1880//1880
f 1880//1880 1900//1900 1901//1901
f 1880//1880 1901//1901 1881//1881
f 1881//1881 1901//1901 1902//1902
f 1881//1881 1902//1902 1882//1882
f 1882//1882 1902//1902 1903//1903
f 1882//1882 1903//1903 1883//1883
f 1883//1883 1903//1903 1904//1904
f 1883//1883 1904//1904 1884//1884
f 1884//1884 1904//1904 1885//1885
f 1884//1884 1885//1885 1865//1865
f 1885//1885 1905//1905 1906//1906
f 1885//1885 1906//1906 1886//1886
f 1886//1886 1906//1906 1907//1907
f 1886//1886 1907//1907 1887//1887
f 1887//1887 1907//1907 1908//1908
f 1887//1887 1908//1908 1888//1888
f 1888//1888 1908//1908 1909//1909
f 1888//1888 1909//1909 1889//1889
f 1889//1889 1909//1909 1910//1910
f 1889//1889 1910//1910 1890//1890
f 1890//1890 1910//1910 1911//1911
f 1890//1890 1911//1911 1891//1891
f 1891//1891 1911//1911 1912//1912
f 1891//1891 1912//1912 1892//1892
f 1892//1892 1912//1912 1913//1913
f 1892//1892 1913//1913 1893//1893
f 1893//1893 1913//1913 1914//1914
f 1893//1893 1914//1914 1894//1894
f 1894//1894 1914//1914 1915//1915
f 1894//1894 1915//1915 1895//1895
f 1895//1895 1915//1915 1916//1916
f 1895//1895 1916//1916 1896//1896
f 1896//1896 1916//1916 1917//1917
f 1896//1896 1917//1917 1897//1897
f 1897//1897 1917//1917 1918//1918
f 1897//1897 1918//1918 1898//1898
f 1898//1898 1918//1918 1919//1919
f 1898//1898 1919//1919 1899//1899
f 1899//1899 1919//1919 1920//1920
f 1899//1899 1920//1920 1900//1900
f 1900//1900 1920//1920 1921//1921
f 1900//1900 1921//1921 1901//1901
f 1901//1901 1921//1921 1922//1922
f 1901//1901 1922//1922 1902//1902
f 1902//1902 1922//1922 1923//1923
f 1902//1902 1923//1923 1903//1903
f 1903//1903 1923//1923 1924//1924
f 1903//1903 1924//1924 1904//1904
f 1904//1904 1924//1924 1905//1905
f 1904//1904 1905//1905 1885//1885
f 1905//1905 1925//1925 1926//1926
f 1905//1905 1926//1926 1906//1906
f 1906//1906 1926//1926 1927//1927
f 1906//1906 1927//1927 1907//1907
f 1907//1907 1927//1927 1928//1928
f 1907//1907 1928//1928 1908//1908
f 1908//1908 1928//1928 1929//1929
f 1908//1908 1929//1929 1909//1909
f 1909//1909 1929//1929 1930//1930
f 1909//1909 1930//1930 1910//1910
f 1910//1910 1930//1930 1931//1931
f 1910//1910 1931//1931 1911//1911
f 1911//1911 1931//1931 1932//1932
f 1911//1911 1932//1932 1912//1912
f 1912//1912 1932//1932 1933//1933
f 1912//1912 1933//1933 1913//1913
f 1913//1913 1933//1933 1934//1934
f 1913//1913 1934//1934 1914//1914
f 1914//1914 1934//1934 1935//1935
f 1914//1914 1935//1935 1915//1915
f 1915//1915 1935//1935 1936//1936
f 1915//1915 1936//1936 1916//1916
f 1916//1916 1936//1936 1937//1937
f 1916//1916 1937//1937 1917//1917
f 1917//1917 1937//1937 1938//1938
f 1917//1917 1938//1938 1918//1918
f 1918//1918 1938//1938 1939//1939
f 1918//1918 1939//1939 1919//1919
f 1919//1919 1939//1939 1940//1940
f 1919//1919 1940//1940 1920//1920
f 1920//1920 1940//1940 1941//1941
f 1920//1920 1941//1941 1921//1921
f 1921//1921 1941//1941 1942//1942
f 1921//1921 1942//1942 1922//1922
f 1922//1922 1942//1942 1943//1943
f 1922//1922 1943//1943 1923//1923
f 1923//1923 1943//1943 1944//1944
f 1923//1923 1944//1944 1924//1924
f 1924//1924 1944//1944 1925//1925
f 1924//1924 1925//1925 1905//1905
f 1925//1925 1945//1945 1946//1946
f 1925//1925 1946//1946 1926//1926
f 1926//1926 1946//1946 1947//1947
f 1926//1926 1947//1947 1927//1927
f 1927//1927 1947//1947 1948//1948
f 1927//1927 1948//1948 1928//1928
f 1928//1928 1948//1948 1949//1949
f 1928//1928 1949//1949 1929//1929
f 1929//1929 1949//1949 1950//1950
f 1929//1929 1950//1950 1930//1930
f 1930//1930 1950//1950 1951//1951
f 1930//1930 1951//1951 1931//1931
f 1931//1931 1951//1951 1952//1952
f 1931//1931 1952//1952 1932//1932
f 1932//1932 1952//1952 1953//1953
f 1932//1932 1953//1953 1933//1933
f 1933//1933 1953//1953 1954//1954
f 1933//1933 1954//1954 1934//1934
f 1934//1934 1954//1954 1955//1955
f 1934//1934 1955//1955 1935//1935
f 1935//1935 1955//1955 1956//1956
f 1935//1935 1956//1956 1936//1936
f 1936//1936 1956//1956 1957//1957
f 1936//1936 1957//1957 1937//1937
f 1937//1937 1957//1957 1958//1958
f 1937//1937 1958//1958 1938//1938
f 1938//1938 1958//1958 1959//1959
f 1938//1938 1959//1959 1939//1939
f 1939//1939 1959//1959 1960//1960
f 1939//1939 1960//1960 1940//1940
f 1940//1940 1960//1960 1961//1961
f 1940//1940 1961//1961 1941//1941
f 1941//1941 1961//1961 1962//1962
f 1941//1941 1962//1962 1942//1942
f 1942//1942 1962//1962 1963//1963
f 1942//1942 1963//1963 1943//1943
f 1943//1943 1963//1963 1964//1964
f 1943//1943 1964//1964 1944//1944
f 1944//1944 1964//1964 1945//1945
f 1944//1944 1945//1945 1925//1925
f 1945//1945 1965//1965 1966//1966
f 1945//1945 1966//1966 1946//1946
f 1946//1946 1966//1966 1967//1967
f 1946//1946 1967//1967 1947//1947
f 1947//1947 1967//1967 1968//1968
f 1947//1947 1968//1968 1948//1948
f 1948//1948 1968//1968 1969//1969
f 1948//1948 1969//1969 1949//1949
f 1949//1949 1969//1969 1970//1970
f 1949//1949 1970//1970 1950//1950
f 1950//1950 1970//1970 1971//1971
f 1950//1950 1971//1971 1951//1951
f 1951//1951 1971//1971 1972//1972
f 1951//1951 1972//1972 1952//1952
f 1952//1952 1972//1972 1973//1973
f 1952//1952 1973//1973 1953//1953
f 1953//1953 1973//1973 1974//1974
f 1953//1953 1974//1974 1954//1954
f 1954//1954 1974//1974 1975//1975
f 1954//1954 1975//1975 1955//1955
f 1955//1955 1975//1975 1976//1976
f 1955//1955 1976//1976 1956//1956
f 1956//1956 1976//1976 1977//1977
f 1956//1956 1977//1977 1957//1957
f 1957//1957 1977//1977 1978//1978
f 1957//1957 1978//1978 1958//1958
f 1958//1958 1978//1978 1979//1979
f 1958//1958 1979//1979 1959//1959
f 1959//1959 1979//1979 1980//1980
f 1959//1959 1980//1980 1960//1960
f 1960//1960 1980//1980 1981//1981
f 1960//1960 1981//1981 1961//1961
f 1961//1961 1981//1981 1982//1982
f 1961//1961 1982//1982 1962//1962
f 1962//1962 1982//1982 1983//1983
f 1962//1962 1983//1983 1963//1963
f 1963//1963 1983//1983 1984//1984
f 1963//1963 1984//1984 1964//1964
f 1964//1964 1984//1984 1965//1965
f 1964//1964 1965//1965 1945//1945
f 1965//1965 1985//1985 1986//1986
f 1965//1965 1986//1986 1966//1966
f 1966//1966 1986//1986 1987//1987
f 1966//1966 1987//1987 1967//1967
f 1967//1967 1987//1987 1988//1988
f 1967//1967 1988//1988 1968//1968
f 1968//1968 1988//1988 1989//1989
f 1968//1968 1989//1989 1969//1969
f 1969//1969 1989//1989 1990//1990
f 1969//1969 1990//1990 1970//1970
f 1970//1970 1990//1990 1991//1991
f 1970//1970 1991//1991 1971//1971
f 1971//1971 1991//1991 1992//1992
f 1971//1971 1992//1992 1972//1972
f 1972//1972 1992//1992 1993//1993
f 1972//1972 1993//1993 1973//1973
f 1973//1973 1993//1993 1994//1994
f 1973//1973 1994//1994 1974//1974
f 1974//1974 1994//1994 1995//1995
f 1974//1974 1995//1995 1975//1975
f 1975//1975 1995//1995 1996//1996
f 1975//1975 1996//1996 1976//1976
f 1976//1976 1996//1996 1997//1997
f 1976//1976 1997//1997 1977//1977
f 1977//1977 1997//1997 1998//1998
f 1977//1977 1998//1998 1978//1978
f 1978//1978 1998//1998 1999//1999
f 1978//1978 1999//1999 1979//1979
f 1979//1979 1999//1999 2000//2000
f 1979//1979 2000//2000 1980//1980
f 1980//1980 2000//2000 2001//2001
f 1980//1980 2001//2001 1981//1981
f 1981//1981 2001//2001 2002//2002
f 1981//1981 2002//2002 1982//1982
f 1982//1982 2002//2002 2003//2003
f 1982//1982 2003//2003 1983//1983
f 1983//1983 2003//2003 2004//2004
f 1983//1983 2004//2004 1984//1984
f 1984//1984 2004//2004 1985//1985
f 1984//1984 1985//1985 1965//1965
f 1985//1985 2005//2005 2006//2006
f 1985//1985 2006//2006 1986//1986
f 1986//1986 2006//2006 2007//2007
f 1986//1986 2007//2007 1987//1987
f 1987//1987 2007//2007 2008//2008
f 1987//1987 2008//2008 1988//1988
f 1988//1988 2008//2008 2009//2009
f 1988//1988 2009//2009 1989//1989
f 1989//1989 2009//2009 2010//2010
f 1989//1989 2010//2010 1990//1990
f 1990//1990 2010//2010 2011//2011
f 1990//1990 2011//2011 1991//1991
f 1991//1991 2011//2011 2012//2012
f 1991//1991 2012//2012 1992//1992
f 1992//1992 2012//2012 2013//2013
f 1992//1992 2013//2013 1993//1993
f 1993//1993 2013//2013 2014//2014
f 1993//1993 2014//2014 1994//1994
f 1994//1994 2014//2014 2015//2015
f 1994//1994 2015//2015 1995//1995
f 1995//1995 2015//2015 2016//2016
f 1995//1995 2016//2016 1996//1996
f 1996//1996 2016//2016 2017//2017
f 1996//1996 2017//2017 1997//1997
f 1997//1997 2017//2017 2018//2018
f 1997//1997 2018//2018 1998//1998
f 1998//1998 2018//2018 2019//2019
f 1998//1998 2019//2019 1999//1999
f 1999//1999 2019//2019 2020//2020
f 1999//1999 2020//2020 2000//2000
f 2000//2000 2020//2020 2021//2021
f 2000//2000 2021//2021 2001//2001
f 2001//2001 2021//2021 2022//2022
f 2001//2001 2022//2022 2002//2002
f 2002//2002 2022//2022 2023//2023
f 2002//2002 2023//2023 2003//2003
f 2003//2003 2023//2023 2024//2024
f 2003//2003 2024//2024 2004//2004
f 2004//2004 2024//2024 2005//2005
f 2004//2004 2005//2005 1985//1985
f 2005//2005 2025//2025 2026//2026
f 2005//2005 2026//2026 2006//2006
f 2006//2006 2026//2026 2027//2027
f 2006//2006 2027//2027 2007//2007
f 2007//2007 2027//2027 2028//2028
f 2007//2007 2028//2028 2008//2008
f 2008//2008 2028//2028 2029//2029
f 2008//2008 2029//2029 2009//2009
f 2009//2009 2029//2029 2030//2030
f 2009//2009 2030//2030 2010//2010
f 2010//2010 2030//2030 2031//2031
f 2010//2010 2031//2031 2011//2011
f 2011//2011 2031//2031 2032//2032
f 2011//2011 2032//2032 2012//2012
f 2012//2012 2032//2032 2033//2033
f 2012//2012 2033//2033 2013//2013
f 2013//2013 2033//2033 2034//2034
f 2013//2013 2034//2034 2014//2014
f 2014//2014 2034//2034 2035//2035
f 2014//2014 2035//2035 2015//2015
f 2015//2015 2035//2035 2036//2036
f 2015//2015 2036//2036 2016//2016
f 2016//2016 2036//2036 2037//2037
f 2016//2016 2037//2037 2017//2017
f 2017//2017 2037//2037 2038//2038
f 2017//2017 2038//2038 2018//2018
f 2018//2018 2038//2038 2039//2039
f 2018//2018 2039//2039 2019//2019
f 2019//2019 2039//2039 2040//2040
f 2019//2019 2040//2040 2020//2020
f 2020//2020 2040//2040 2041//2041
f 2020//2020 2041//2041 2021//2021
f 2021//2021 2041//2041 2042//2042
f 2021//2021 2042//2042 2022//2022
f 2022//2022 2042//2042 2043//2043
f 2022//2022 2043//2043 2023//2023
f 2023//2023 2043//2043 2044//2044
f 2023//2023 2044//2044 2024//2024
f 2024//2024 2044//2044 2025//2025
f 2024//2024 2025//2025 2005//2005
f 1666//1668 2045//2045 1665//1665
f 1667//1670 2045//2045 1666//1668
f 1668//1672 2045//2045 1667//1670
f 1669//1674 2045//2045 1668//1672
f 1670//1676 2045//2045 1669//1674
f 1671//1678 2045//2045 1670//1676
f 1672//1680 2045//2045 1671//1678
f 1673//1682 2045//2045 1672//1680
f 1674//1684 2045//2045 1673//1682
f 1675//1686 2045//2045 1674//1684
f 1676//1688 2045//2045 1675//1686
f 1677//1690 2045//2045 1676//1688
f 1678//1692 2045//2045 1677//1690
f 1679//1694 2045//2045 1678//1692
f 1680//1696 2045//2045 1679//1694
f 1681//1698 2045//2045 1680//1696
f 1682//1700 2045//2045 1681//1698
f 1683//1702 2045//2045 1682//1700
f 1684//1704 2045//2045 1683//1702
f 1665//1665 2045//2045 1684//1704
f 2025//2025 2046//2046 2026//2026
f 2026//2026 2046//2046 2027//2027
f 2027//2027 2046//2046 2028//2028
f 2028//2028 2046//2046 2029//2029
f 2029//2029 2046//2046 2030//2030
f 2030//2030 2046//2046 2031//2031
f 2031//2031 2046//2046 2032//2032
f 2032//2032 2046//2046 2033//2033
f 2033//2033 2046//2046 2034//2034
f 2034//2034 2046//2046 2035//2035
f 2035//2035 2046//2046 2036//2036
f 2036//2036 2046//2046 2037//2037
f 2037//2037 2046//2046 2038//2038
f 2038//2038 2046//2046 2039//2039
f 2039//2039 2046//2046 2040//2040
f 2040//2040 2046//2046 2041//2041
f 2041//2041 2046//2046 2042//2042
f 2042//2042 2046//2046 2043//2043
f 2043//2043 2046//2046 2044//2044
f 2044//2044 2046//2046 2025//2025
f 2077//2047 2048//2048 2047//2049
f 2077//2047 2047//2049 2078//2050
f 2139//2051 2079//2052 2063//2053
f 2139//2051 2063//2053 2138//2054
f 2058//2055 2050//2056 2081//2057
f 2058//2055 2081//2057 2080//2058
f 2081//2057 2082//2059 2066//2060
f 2081//2057 2066//2060 2064//2061
f 2085//2062 2083//2063 2067//2064
f 2085//2062 2067//2064 2086//2065
f 2079//2052 2080//2058 2065//2066
f 2079//2052 2065//2066 2063//2053
f 2053//2067 2048//2048 2077//2047
f 2053//2067 2077//2047 2076//2068
f 2054//2069 2069//2070 2151//2071
f 2054//2069 2151//2071 2152//2072
f 2055//2073 2072//2074 2071//2075
f 2090//2076 2089//2077 2141//2078
f 2090//2076 2141//2078 2142//2079
f 2054//2069 2055//2073 2071//2075
f 2054//2069 2071//2075 2069//2070
f 2088//2080 2087//2081 2149//2082
f 2088//2080 2149//2082 2150//2083
f 2056//2084 2060//2085 2075//2086
f 2056//2084 2075//2086 2073//2087
f 2076//2068 2077//2047 2062//2088
f 2076//2068 2062//2088 2068//2089
f 2062//2088 2077//2047 2078//2050
f 2062//2088 2078//2050 2061//2090
f 2140//2091 2049//2092 2079//2052
f 2140//2091 2079//2052 2139//2051
f 2049//2092 2058//2055 2080//2058
f 2049//2092 2080//2058 2079//2052
f 2081//2057 2064//2061 2065//2066
f 2081//2057 2065//2066 2080//2058
f 2050//2056 2051//2093 2082//2059
f 2050//2056 2082//2059 2081//2057
f 2084//2094 2052//2095 2083//2063
f 2084//2094 2083//2063 2085//2062
f 2051//2093 2084//2094 2085//2062
f 2051//2093 2085//2062 2082//2059
f 2082//2059 2085//2062 2086//2065
f 2082//2059 2086//2065 2066//2060
f 2059//2096 2070//2097 2087//2081
f 2059//2096 2087//2081 2088//2080
f 2056//2084 2073//2087 2089//2077
f 2056//2084 2089//2077 2090//2076
f 2121//2098 2122//2099 2091//2100
f 2121//2098 2091//2100 2092//2101
f 2136//2102 2137//2103 2107//2104
f 2136//2102 2107//2104 2123//2105
f 2102//2106 2124//2107 2125//2108
f 2102//2106 2125//2108 2094//2109
f 2125//2108 2108//2110 2110//2111
f 2125//2108 2110//2111 2126//2112
f 2129//2113 2130//2114 2111//2115
f 2129//2113 2111//2115 2127//2116
f 2123//2105 2107//2104 2109//2117
f 2123//2105 2109//2117 2124//2107
f 2097//2118 2120//2119 2121//2098
f 2097//2118 2121//2098 2092//2101
f 2148//2120 2103//2121 2114//2122
f 2148//2120 2114//2122 2147//2123
f 2099//2124 2115//2125 2116//2126
f 2144//2127 2101//2128 2118//2129
f 2144//2127 2118//2129 2143//2130
f 2098//2131 2113//2132 2115//2125
f 2098//2131 2115//2125 2099//2124
f 2146//2133 2104//2134 2119//2135
f 2146//2133 2119//2135 2145//2136
f 2100//2137 2117//2138 2119//2135
f 2100//2137 2119//2135 2104//2134
f 2120//2119 2112//2139 2106//2140
f 2120//2119 2106//2140 2121//2098
f 2106//2140 2105//2141 2122//2099
f 2106//2140 2122//2099 2121//2098
f 2135//2142 2136//2102 2123//2105
f 2135//2142 2123//2105 2093//2143
f 2093//2143 2123//2105 2124//2107
f 2093//2143 2124//2107 2102//2106
f 2125//2108 2124//2107 2109//2117
f 2125//2108 2109//2117 2108//2110
f 2094//2109 2125//2108 2126//2112
f 2094//2109 2126//2112 2095//2144
f 2128//2145 2129//2113 2127//2116
f 2128//2145 2127//2116 2096//2146
f 2095//2144 2126//2112 2129//2113
f 2095//2144 2129//2113 2128//2145
f 2126//2112 2110//2111 2130//2114
f 2126//2112 2130//2114 2129//2113
f 2103//2121 2132//2147 2131//2148
f 2103//2121 2131//2148 2114//2122
f 2100//2137 2134//2149 2133//2150
f 2100//2137 2133//2150 2117//2138
f 2091//2100 2122//2099 2136//2102
f 2091//2100 2136//2102 2135//2142
f 2122//2099 2105//2141 2137//2103
f 2122//2099 2137//2103 2136//2102
f 2078//2050 2139//2051 2138//2054
f 2078//2050 2138//2054 2061//2090
f 2047//2049 2140//2091 2139//2051
f 2047//2049 2139//2051 2078//2050
f 2142//2079 2141//2078 2074//2151
f 2142//2079 2074//2151 2057//2152
f 2134//2149 2144//2127 2143//2130
f 2134//2149 2143//2130 2133//2150
f 2132//2147 2146//2133 2145//2136
f 2132//2147 2145//2136 2131//2148
f 2098//2131 2148//2120 2147//2123
f 2098//2131 2147//2123 2113//2132
f 2150//2083 2149//2082 2075//2086
f 2150//2083 2075//2086 2060//2085
f 2152//2072 2151//2071 2070//2097
f 2152//2072 2070//2097 2059//2096
f 2160//2153 2161//2154 2169//2155
f 2160//2153 2169//2155 2170//2156
f 2171//2157 2166//2158 2154//2159
f 2171//2157 2154//2159 2153//2160
f 2153//2160 2154//2159 2161//2154
f 2153//2160 2161//2154 2160//2153
f 2159//2161 2158//2162 2166//2158
f 2159//2161 2166//2158 2171//2157
f 2177//2163 2187//2164 2186//2165
f 2177//2163 2186//2165 2178//2166
f 2188//2167 2172//2168 2173//2169
f 2188//2167 2173//2169 2182//2170
f 2172//2168 2177//2163 2178//2166
f 2172//2168 2178//2166 2173//2169
f 2176//2171 2188//2167 2182//2170
f 2174//2172 2173//2169 2178//2166
f 2174//2172 2178//2166 2179//2173
f 2180//2174 2175//2175 2191//2176
f 2180//2174 2191//2176 2192//2177
f 2191//2176 2174//2172 2179//2173
f 2191//2176 2179//2173 2192//2177
f 2182//2170 2173//2169 2174//2172
f 2182//2170 2174//2172 2183//2178
f 2184//2179 2175//2175 2189//2180
f 2193//2181 2183//2178 2174//2172
f 2193//2181 2174//2172 2191//2176
f 2193//2181 2191//2176 2175//2175
f 2193//2181 2175//2175 2184//2179
f 2189//2180 2175//2175 2180//2174
f 2189//2180 2180//2174 2190//2182
f 2164//2183 2157//2184 2189//2180
f 2164//2183 2189//2180 2190//2182
f 2195//2185 2194//2186 2157//2184
f 2195//2185 2157//2184 2164//2183
f 2167//2187 2166//2158 2158//2162
f 2154//2159 2166//2158 2167//2187
f 2154//2159 2167//2187 2155//2188
f 2196//2189 2156//2190 2197//2191
f 2155//2188 2167//2187 2196//2189
f 2155//2188 2196//2189 2197//2191
f 2162//2192 2161//2154 2154//2159
f 2162//2192 2154//2159 2155//2188
f 2156//2190 2194//2186 2195//2185
f 2156//2190 2195//2185 2163//2193
f 2198//2194 2162//2192 2155//2188
f 2198//2194 2155//2188 2197//2191
f 2198//2194 2197//2191 2156//2190
f 2198//2194 2156//2190 2163//2193
f 2169//2155 2161//2154 2162//2192
f 2169//2155 2162//2192 2168//2195
f 2198//2194 2163//2193 2168//2195
f 2168//2195 2162//2192 2198//2194
f 2168//2195 2163//2193 2195//2185
f 2179//2173 2178//2166 2186//2165
f 2179//2173 2186//2165 2185//2196
f 2185//2196 2180//2174 2192//2177
f 2192//2177 2179//2173 2185//2196
f 2170//2156 2169//2155 2165//2197
f 2181//2198 2186//2165 2187//2164
f 2181//2198 2185//2196 2186//2165
