# Blender 5.2.1 LTS
# www.blender.org
o DocPart3_cap_mask
v 0.000241 0.134033 1.514209
v 0.000222 -0.006531 1.511534
v 0.000223 -0.013294 1.519328
v 0.000222 0.112294 1.671027
v 0.000225 -0.021738 1.549558
v 0.000223 0.100004 1.634021
v 0.000222 0.096575 1.576215
v 0.000222 0.109206 1.544651
v 0.000222 0.115899 1.533651
v 0.000278 0.143297 1.505203
v 0.000223 0.096852 1.622312
v 0.000222 0.116903 1.700173
v 0.000223 -0.019165 1.528496
v 0.075103 0.002201 1.656991
v 0.072882 0.005611 1.641152
v 0.072134 0.016412 1.635323
v 0.074160 0.012654 1.643898
v 0.056457 0.017791 1.531976
v 0.071564 0.025753 1.500190
v 0.078688 0.033541 1.505466
v 0.091849 0.047829 1.522682
v 0.092643 0.074741 1.531054
v 0.075097 0.106040 1.528444
v 0.060789 0.118085 1.524034
v 0.013659 0.132381 1.514443
v 0.073758 0.051000 1.536495
v 0.066175 0.035253 1.526563
v 0.061755 0.027365 1.523257
v 0.020752 -0.002377 1.513900
v 0.052925 0.011462 1.518841
v 0.019748 -0.006275 1.522748
v 0.051724 0.010622 1.529956
v 0.033477 -0.077000 1.740094
v 0.081881 0.018661 1.695662
v 0.056802 0.080110 1.663002
v 0.063669 0.066187 1.662467
v 0.036416 0.101895 1.665663
v 0.010997 0.111262 1.670047
v 0.057594 0.063230 1.627654
v 0.049053 0.076177 1.632349
v 0.037740 0.087522 1.631608
v 0.030252 0.092123 1.631427
v 0.007922 0.099320 1.633447
v 0.082050 0.053217 1.667471
v 0.018991 -0.016566 1.552805
v 0.047041 -0.044122 1.584195
v 0.051229 -0.031396 1.587554
v 0.056402 0.018871 1.583788
v 0.051863 0.010726 1.582324
v 0.046572 -0.064926 1.617758
v 0.031394 -0.027635 1.567723
v 0.061873 0.035038 1.536219
v 0.059418 0.026519 1.533983
v 0.059815 0.027286 1.586026
v 0.059463 0.049305 1.569302
v 0.056121 0.068843 1.573187
v 0.044846 0.086388 1.575885
v 0.036613 0.091988 1.576396
v 0.008562 0.097328 1.576284
v 0.066668 0.051664 1.543024
v 0.063690 0.070396 1.547074
v 0.052221 0.089751 1.548114
v 0.043211 0.097592 1.547249
v 0.010527 0.109784 1.545384
v 0.071482 0.071497 1.541446
v 0.057374 0.092946 1.539920
v 0.047128 0.101369 1.537620
v 0.011467 0.115944 1.534577
v 0.039571 -0.072981 1.740168
v 0.094363 0.059802 1.528138
v 0.073972 0.060615 1.539759
v 0.066314 0.060798 1.545353
v 0.058420 0.058976 1.571204
v 0.054460 0.068625 1.631617
v 0.060699 0.072642 1.662834
v 0.086154 0.090897 1.531387
v 0.065777 0.082704 1.541709
v 0.059454 0.080416 1.548268
v 0.051743 0.078493 1.574817
v 0.043819 0.082261 1.632238
v 0.051650 0.087863 1.663276
v 0.043928 -0.029785 1.578772
v 0.104836 0.059549 1.521902
v 0.101182 0.046340 1.515645
v 0.096910 0.094940 1.525600
v 0.084757 0.112313 1.522744
v 0.103022 0.076549 1.525338
v 0.068386 0.125696 1.517682
v 0.014708 0.141096 1.505314
v 0.057940 0.019032 1.521074
v 0.071439 0.022218 1.632365
v 0.051399 0.070964 1.621004
v 0.063465 0.048161 1.628059
v 0.043042 0.081167 1.623260
v 0.047441 0.076456 1.623231
v 0.030602 0.089777 1.620313
v 0.037861 0.085334 1.621269
v 0.007558 0.096552 1.621735
v 0.063808 0.041413 1.624715
v 0.064799 0.013371 1.611274
v 0.075717 0.001005 1.665717
v 0.081762 0.023387 1.698704
v 0.077626 0.009537 1.667501
v 0.077943 0.009545 1.676839
v 0.073998 0.017660 1.637891
v 0.078290 0.013398 1.668395
v 0.073360 0.021711 1.634062
v 0.078165 0.041736 1.639248
v 0.081779 0.049096 1.652146
v 0.083730 0.048480 1.651080
v 0.083649 0.022483 1.698797
v 0.085566 0.021711 1.697910
v 0.083865 0.018049 1.694588
v 0.078773 0.013737 1.674756
v 0.074768 0.015459 1.644472
v 0.076146 0.042372 1.639557
v 0.077006 0.007312 1.686014
v 0.079822 0.013546 1.687065
v 0.081327 0.014676 1.685303
v 0.067211 0.066704 1.680161
v 0.065108 0.072616 1.682765
v 0.012730 0.115828 1.699080
v 0.076746 0.009955 1.658421
v 0.077525 0.013756 1.659599
v 0.078119 0.028943 1.636651
v 0.073131 0.030427 1.632474
v 0.069775 0.031063 1.631901
v 0.063564 0.035348 1.622148
v 0.050767 -0.043608 1.593221
v 0.055821 -0.032186 1.596704
v 0.050018 0.009841 1.540913
v 0.018709 -0.009345 1.532982
v 0.039238 0.001329 1.515930
v 0.036274 0.001665 1.527268
v 0.033999 0.000489 1.538318
v 0.042784 -0.009289 1.578323
v 0.060441 0.039666 1.567530
v 0.064710 0.043302 1.539528
v 0.070790 0.042705 1.531475
v 0.086175 0.039592 1.514011
v 0.094559 0.037711 1.506338
v 0.011081 -0.005198 1.512562
v 0.010908 -0.010995 1.520731
v 0.011148 -0.015924 1.530133
v 0.010675 -0.020242 1.550372
v 0.083485 0.017510 1.683222
v 0.081611 0.017959 1.678326
v 0.080685 0.023166 1.660420
v 0.080089 0.044050 1.642538
v 0.078224 0.044871 1.643438
v 0.075424 0.044995 1.645831
v 0.086281 0.019317 1.691816
v 0.087361 0.022051 1.694544
v 0.081461 0.039242 1.641701
v 0.082869 0.041245 1.644794
v 0.085666 0.045537 1.651594
v 0.075959 0.029695 1.634016
v 0.080216 0.040625 1.639898
v 0.082160 0.042804 1.642953
v 0.085259 0.047120 1.650841
v 0.086821 0.021499 1.696358
v 0.085437 0.018425 1.693307
v 0.082622 0.016042 1.684041
v 0.079266 0.016795 1.673762
v 0.078557 0.017326 1.668046
v 0.088731 0.049307 1.660521
v 0.088450 0.051374 1.661271
v 0.087354 0.053065 1.662526
v 0.085453 0.053860 1.664332
v 0.084487 0.038923 1.664157
v 0.087153 0.039730 1.663270
v 0.077507 0.028010 1.671226
v 0.074008 0.028053 1.668320
v 0.083050 0.037998 1.659574
v 0.085471 0.038825 1.657095
v 0.084010 0.029015 1.679596
v 0.081291 0.019779 1.677501
v 0.080077 0.026158 1.660110
v 0.078248 0.017076 1.660072
v 0.079844 0.021469 1.656320
v 0.076808 0.020367 1.641651
v 0.075541 0.021524 1.636050
v 0.077251 0.022323 1.638338
v 0.075505 0.018626 1.639797
v 0.079384 0.024618 1.655223
v 0.076774 0.019743 1.646217
v 0.075570 0.017350 1.645338
v 0.077653 0.022542 1.646680
v 0.077194 0.025803 1.654166
v 0.081602 0.033754 1.652574
v 0.082013 0.034943 1.650620
v 0.078431 0.025099 1.647268
v 0.077675 0.022834 1.643449
v 0.078438 0.025874 1.644900
v 0.078023 0.024138 1.641124
v 0.081651 0.032058 1.650710
v 0.078681 0.028142 1.640123
v 0.079582 0.027467 1.647997
v 0.077814 0.027770 1.659998
v 0.079354 0.024877 1.672080
v 0.060563 0.063745 1.646267
v 0.056873 0.068939 1.643001
v 0.051448 0.077156 1.642397
v 0.045972 0.084235 1.642225
v 0.039388 0.090612 1.642039
v 0.031563 0.095786 1.642454
v 0.008727 0.102998 1.645044
v 0.000222 0.103605 1.645746
v 0.073387 0.042768 1.642198
v 0.056068 -0.045881 1.614151
v 0.050426 -0.056292 1.612189
v 0.046693 -0.061739 1.610027
v 0.061224 -0.034589 1.616852
v 0.071217 0.008308 1.631633
v 0.065005 0.003057 1.607713
v 0.060150 -0.019894 1.600810
v 0.063107 -0.008003 1.604527
v 0.060249 0.005418 1.598827
v 0.058140 -0.005530 1.595691
v 0.055197 -0.017923 1.591893
v 0.046927 0.001474 1.580886
v 0.055906 0.016242 1.542306
v 0.058939 0.024941 1.544090
v 0.060092 0.033683 1.546217
v 0.061302 0.042590 1.548374
v 0.062332 0.051384 1.550907
v 0.061638 0.060498 1.553023
v 0.060048 0.070066 1.554932
v 0.056338 0.079876 1.556434
v 0.049332 0.088633 1.556957
v 0.040604 0.095471 1.556897
v 0.009569 0.104819 1.555776
v 0.000222 0.104312 1.555349
v 0.052273 -0.002601 1.588142
v 0.048654 -0.014896 1.584591
v 0.055357 0.007974 1.590643
v 0.057584 0.017301 1.593290
v 0.060843 0.015394 1.602188
v 0.063107 0.022111 1.615098
v 0.038048 -0.019854 1.573775
v 0.031576 -0.004659 1.559838
v 0.046125 0.007281 1.562262
v 0.057832 0.021853 1.564485
v 0.052811 0.014072 1.563156
v 0.060363 0.030628 1.566090
v 0.038700 0.001531 1.561310
v 0.025595 -0.010917 1.556536
v 0.028211 -0.002166 1.525103
v 0.026268 -0.004062 1.535804
v 0.044575 0.005786 1.528284
v 0.042038 0.005404 1.539936
v 0.062575 0.029369 1.618437
v 0.062242 0.032379 1.608776
v 0.062989 0.039281 1.612356
v 0.061703 0.051404 1.617315
v 0.041462 0.083642 1.598042
v 0.033452 0.089416 1.598093
v 0.007657 0.094823 1.597999
v 0.000223 0.094408 1.598403
v 0.048520 0.075930 1.597204
v 0.061539 0.036632 1.588584
v 0.053754 0.066663 1.595748
v 0.057976 0.056640 1.594365
v 0.060945 0.046442 1.591840
v 0.062865 0.044630 1.614861
v 0.076870 0.003348 1.707422
v 0.077929 0.014066 1.711881
v 0.078784 0.049269 1.655152
v 0.076510 0.003637 1.696367
v 0.087496 0.038709 1.671836
v 0.084486 0.037032 1.672133
v 0.077696 0.009848 1.696541
v 0.078218 0.017528 1.699001
v 0.081992 0.039052 1.665773
v 0.080554 0.038797 1.661395
v 0.080520 0.033175 1.653537
v 0.082245 0.019806 1.683766
v 0.084508 0.021964 1.690558
v 0.085196 0.024590 1.692849
v 0.084744 0.043874 1.653050
v 0.082387 0.040176 1.646842
v 0.081756 0.036517 1.672721
v 0.085453 0.040522 1.656049
v 0.082414 0.037755 1.650900
v 0.085614 0.028745 1.685183
v 0.083351 0.025126 1.681880
v 0.088679 0.040979 1.662801
v 0.078273 0.022043 1.701086
v 0.066524 0.051744 1.648036
v 0.060965 0.056631 1.626889
v 0.070632 0.055108 1.660703
v 0.072884 0.056626 1.673636
v 0.059743 0.057205 1.617991
v 0.055756 0.064379 1.618666
v 0.060212 0.025985 1.595840
v 0.062037 0.035048 1.599135
v 0.062345 0.044673 1.604758
v 0.059591 0.055449 1.608191
v 0.054176 0.065450 1.608049
v 0.000222 0.100063 1.565739
v 0.008940 0.100692 1.565936
v 0.038424 0.093541 1.566568
v 0.046958 0.087567 1.566191
v 0.054007 0.079422 1.565232
v 0.058033 0.069655 1.563770
v 0.059653 0.059879 1.561624
v 0.060295 0.050527 1.559456
v 0.060256 0.041338 1.557662
v 0.060182 0.032107 1.556035
v 0.058595 0.023170 1.554351
v 0.054613 0.015319 1.553056
v 0.047857 0.009143 1.552040
v 0.040074 0.004158 1.551009
v 0.032325 -0.000721 1.549228
v 0.025532 -0.006235 1.546471
v 0.018370 -0.012104 1.543390
v 0.010786 -0.017636 1.540359
v 0.000223 -0.020201 1.539182
v 0.000223 0.095752 1.610158
v 0.007401 0.095647 1.609817
v 0.032018 0.089046 1.609609
v 0.040667 0.083154 1.611047
v 0.048266 0.074785 1.610537
v 0.005820 -0.081643 1.749140
v 0.000224 -0.081859 1.749418
v 0.073858 0.056637 1.679733
v 0.084552 0.042550 1.654627
v 0.079584 0.022401 1.672405
v 0.079504 0.019687 1.672940
v 0.078566 0.022780 1.676456
v 0.076534 0.026735 1.675082
v 0.079162 0.021881 1.667957
v 0.078864 0.024483 1.668396
v 0.077250 0.026742 1.668543
v 0.046359 0.077533 1.616937
v 0.043568 0.080554 1.617011
v 0.011793 -0.080973 1.748678
v 0.023113 -0.079084 1.746264
v 0.027622 -0.077850 1.744937
v 0.077676 0.010604 1.702701
v 0.078139 0.017925 1.705215
v -0.085731 0.039585 1.514012
v -0.091403 0.047828 1.522682
v -0.073315 0.050998 1.536496
v -0.070347 0.042705 1.531475
v -0.071037 0.071497 1.541446
v -0.092197 0.074741 1.531054
v -0.085710 0.090897 1.531388
v -0.065333 0.082704 1.541709
v -0.093918 0.059802 1.528138
v -0.073528 0.060614 1.539760
v -0.074653 0.106040 1.528444
v -0.060344 0.118085 1.524034
v -0.046683 0.101369 1.537620
v -0.056930 0.092946 1.539920
v -0.013216 0.132381 1.514443
v -0.011023 0.115944 1.534577
v -0.066226 0.051664 1.543024
v -0.064267 0.043300 1.539529
v -0.061707 0.079535 1.684687
v -0.044196 0.095593 1.664129
v -0.038944 0.090613 1.642039
v -0.031119 0.095786 1.642454
v -0.010553 0.111260 1.670046
v -0.008283 0.102999 1.645044
v -0.012286 0.115828 1.699079
v -0.056357 0.080110 1.663004
v -0.051004 0.077158 1.642397
v -0.045528 0.084236 1.642225
v -0.051207 0.087863 1.663277
v -0.046002 -0.064729 1.617832
v -0.046108 -0.061548 1.610117
v -0.049802 -0.056117 1.612288
v -0.045421 -0.053139 1.591200
v -0.061194 0.060498 1.553023
v -0.059197 0.059876 1.561631
v -0.059852 0.050526 1.559454
v -0.061887 0.051383 1.550909
v -0.055894 0.079876 1.556434
v -0.053564 0.079422 1.565232
v -0.057589 0.069655 1.563783
v -0.059603 0.070066 1.554932
v -0.040159 0.095471 1.556897
v -0.037979 0.093541 1.566568
v -0.046515 0.087567 1.566191
v -0.048887 0.088633 1.556957
v -0.008496 0.100692 1.565936
v -0.009125 0.104819 1.555776
v -0.065872 0.060798 1.545353
v -0.063246 0.070396 1.547074
v -0.059011 0.080416 1.548268
v -0.051776 0.089751 1.548114
v -0.042768 0.097592 1.547249
v -0.010082 0.109785 1.545384
v -0.060255 0.072642 1.662834
v -0.056428 0.068939 1.643001
v -0.064664 0.072616 1.682766
v -0.039127 -0.072981 1.740167
v -0.096466 0.094940 1.525600
v -0.084312 0.112313 1.522744
v -0.102576 0.076549 1.525338
v -0.104393 0.059549 1.521903
v -0.067941 0.125696 1.517682
v -0.014265 0.141096 1.505314
v -0.100736 0.046340 1.515645
v -0.078243 0.033537 1.505466
v -0.071120 0.025758 1.500190
v -0.094115 0.037711 1.506338
v -0.050158 -0.043535 1.593280
v -0.055410 -0.045740 1.614250
v -0.046536 -0.044168 1.584155
v -0.043467 -0.029823 1.578777
v -0.050798 -0.031344 1.587613
v -0.046998 0.076456 1.623231
v -0.042598 0.081167 1.623260
v -0.043375 0.082262 1.632238
v -0.048608 0.076177 1.632349
v -0.037416 0.085335 1.621269
v -0.030159 0.089777 1.620314
v -0.029806 0.092122 1.631428
v -0.037296 0.087522 1.631608
v -0.007113 0.096552 1.621735
v -0.007477 0.099322 1.633447
v -0.050954 0.070964 1.621004
v -0.054017 0.068625 1.631617
v -0.033032 -0.077000 1.740094
v -0.081336 0.049096 1.652146
v -0.083286 0.048480 1.651079
v -0.079644 0.044051 1.642536
v -0.077779 0.044871 1.643438
v -0.083204 0.022483 1.698797
v -0.085121 0.021711 1.697909
v -0.081317 0.023389 1.698688
v -0.080884 0.014675 1.685302
v -0.083420 0.018049 1.694591
v -0.081436 0.018661 1.695662
v -0.079378 0.013546 1.687065
v -0.077498 0.009544 1.676840
v -0.077184 0.009537 1.667501
v -0.077847 0.013397 1.668395
v -0.078331 0.013737 1.674756
v -0.075702 0.042372 1.639559
v -0.077720 0.041735 1.639253
v -0.072686 0.030427 1.632474
v -0.069330 0.031063 1.631902
v -0.087326 0.055792 1.675933
v -0.089531 0.054799 1.673932
v -0.086909 0.053065 1.662528
v -0.085008 0.053860 1.664332
v -0.057487 0.019020 1.521070
v -0.061306 0.027365 1.523261
v -0.052475 0.011450 1.518839
v -0.055213 -0.032117 1.596784
v -0.059823 0.041331 1.557660
v -0.060855 0.042586 1.548375
v -0.065732 0.035251 1.526567
v -0.061421 0.035031 1.536224
v -0.058992 0.026465 1.533987
v -0.055966 0.017746 1.531970
v -0.051263 0.010613 1.529948
v -0.075273 0.001003 1.665716
v -0.071689 0.016412 1.635323
v -0.073555 0.017660 1.637891
v -0.074327 0.015459 1.644472
v -0.073724 0.012653 1.643898
v -0.070995 0.022218 1.632365
v -0.072916 0.021711 1.634062
v -0.076320 0.009954 1.658421
v -0.077080 0.013756 1.659601
v -0.074702 0.002199 1.656991
v -0.072433 0.005611 1.641158
v -0.038784 0.001319 1.515932
v -0.033587 0.000417 1.538295
v -0.035861 0.001578 1.527251
v -0.044091 0.005824 1.528281
v -0.041557 0.005388 1.539942
v -0.066766 0.066704 1.680164
v -0.063225 0.066188 1.662466
v -0.060118 0.063745 1.646268
v -0.081605 0.053217 1.667468
v -0.010630 -0.005277 1.512573
v -0.010459 -0.011026 1.520734
v -0.010705 -0.015910 1.530132
v -0.020305 -0.002447 1.513909
v -0.018264 -0.009361 1.532980
v -0.019289 -0.006251 1.522753
v -0.027790 -0.002233 1.525101
v -0.025827 -0.004083 1.535801
v -0.010344 -0.017620 1.540355
v -0.017922 -0.012086 1.543392
v -0.035137 -0.037518 1.569521
v -0.030967 -0.027653 1.567695
v -0.083041 0.017510 1.683222
v -0.082177 0.016042 1.684040
v -0.078821 0.016795 1.673762
v -0.081166 0.017959 1.678326
v -0.084993 0.018425 1.693308
v -0.085837 0.019317 1.691813
v -0.086917 0.022051 1.694542
v -0.086377 0.021499 1.696358
v -0.077674 0.028943 1.636650
v -0.075514 0.029695 1.634015
v -0.079773 0.040625 1.639901
v -0.081018 0.039242 1.641703
v -0.081717 0.042804 1.642955
v -0.082424 0.041245 1.644797
v -0.084815 0.047120 1.650839
v -0.085222 0.045537 1.651593
v -0.088286 0.049307 1.660520
v -0.088006 0.051374 1.661271
v -0.090592 0.052882 1.672061
v -0.090290 0.051354 1.671873
v -0.078112 0.017326 1.668045
v -0.080110 0.038797 1.661390
v -0.082605 0.037998 1.659574
v -0.084044 0.038923 1.664156
v -0.081548 0.039052 1.665766
v -0.085027 0.038825 1.657096
v -0.086709 0.039730 1.663270
v -0.086952 0.047117 1.659800
v -0.084301 0.043874 1.653051
v -0.077805 0.017076 1.660073
v -0.075096 0.021524 1.636050
v -0.076807 0.022323 1.638337
v -0.075060 0.018626 1.639797
v -0.076364 0.020367 1.641651
v -0.088266 0.049745 1.670811
v -0.087051 0.038709 1.671836
v -0.084042 0.037032 1.672133
v -0.079633 0.026158 1.660111
v -0.080240 0.023166 1.660421
v -0.079401 0.021469 1.656321
v -0.078939 0.024618 1.655223
v -0.076329 0.019743 1.646215
v -0.075126 0.017350 1.645338
v -0.077210 0.022542 1.646677
v -0.081944 0.040176 1.646842
v -0.081158 0.033754 1.652577
v -0.081568 0.034943 1.650623
v -0.076749 0.025803 1.654163
v -0.077986 0.025099 1.647265
v -0.077230 0.022834 1.643444
v -0.077993 0.025874 1.644895
v -0.077579 0.024138 1.641120
v -0.081207 0.032058 1.650718
v -0.078237 0.028142 1.640120
v -0.080075 0.033175 1.653541
v -0.079137 0.027467 1.647994
v -0.073565 0.028053 1.668317
v -0.077369 0.027770 1.659998
v -0.057150 0.063230 1.627654
v -0.074979 0.044995 1.645832
v -0.072942 0.042768 1.642199
v -0.060550 -0.034498 1.616905
v -0.070770 0.008308 1.631636
v -0.064551 0.003059 1.607714
v -0.064354 0.013371 1.611274
v -0.059571 -0.019862 1.600850
v -0.062602 -0.007994 1.604537
v -0.057695 -0.005523 1.595699
v -0.059804 0.005418 1.598827
v -0.054746 -0.017894 1.591923
v -0.055371 0.016204 1.542295
v -0.058521 0.024845 1.544091
v -0.059644 0.033653 1.546218
v -0.049550 0.009799 1.540902
v -0.046485 0.001477 1.580889
v -0.051838 -0.002592 1.588153
v -0.048247 -0.014861 1.584634
v -0.042350 -0.009280 1.578333
v -0.051396 0.010734 1.582335
v -0.054894 0.007976 1.590655
v -0.057098 0.017304 1.593312
v -0.060396 0.015394 1.602189
v -0.062664 0.022111 1.615098
v -0.037597 -0.019862 1.573765
v -0.010235 -0.020235 1.550378
v -0.025075 -0.006208 1.546475
v -0.031809 -0.000725 1.549224
v -0.039535 0.004123 1.551043
v -0.058127 0.023128 1.554354
v -0.054095 0.015318 1.553050
v -0.059735 0.032082 1.556030
v -0.047392 0.009091 1.552032
v -0.059907 0.030624 1.566086
v -0.059349 0.027289 1.586039
v -0.055871 0.018897 1.583825
v -0.057354 0.021848 1.564485
v -0.052368 0.014065 1.563137
v -0.045684 0.007251 1.562240
v -0.018551 -0.016576 1.552807
v -0.038162 0.001526 1.561333
v -0.031074 -0.004693 1.559845
v -0.025142 -0.010946 1.556537
v -0.062131 0.029369 1.618437
v -0.061797 0.032379 1.608776
v -0.063120 0.035348 1.622147
v -0.062544 0.039281 1.612356
v -0.041018 0.083642 1.598041
v -0.033007 0.089416 1.598092
v -0.031573 0.089046 1.609609
v -0.040223 0.083153 1.611047
v -0.007212 0.094821 1.597999
v -0.006958 0.095647 1.609817
v -0.036170 0.091988 1.576396
v -0.044401 0.086388 1.575885
v -0.008117 0.097328 1.576284
v -0.059991 0.039666 1.567525
v -0.061087 0.036631 1.588585
v -0.051298 0.078493 1.574817
v -0.048075 0.075928 1.597203
v -0.053311 0.066663 1.595751
v -0.055678 0.068847 1.573201
v -0.057542 0.056638 1.594369
v -0.057960 0.058976 1.571209
v -0.060500 0.046435 1.591843
v -0.059013 0.049308 1.569299
v -0.076426 0.003348 1.707423
v -0.077484 0.014066 1.711881
v -0.062421 0.044630 1.614861
v -0.063364 0.041413 1.624714
v -0.063020 0.048161 1.628057
v -0.061258 0.051402 1.617314
v -0.078341 0.049270 1.655152
v -0.076557 0.007312 1.686013
v -0.076066 0.003637 1.696367
v -0.086817 0.031950 1.680636
v -0.083565 0.029015 1.679595
v -0.077252 0.009848 1.696541
v -0.077775 0.017527 1.699002
v -0.077064 0.028010 1.671221
v -0.081801 0.019806 1.683766
v -0.084065 0.021964 1.690557
v -0.082906 0.025126 1.681880
v -0.085169 0.028745 1.685184
v -0.080847 0.019779 1.677503
v -0.084751 0.024590 1.692846
v -0.089124 0.047194 1.670902
v -0.086449 0.045328 1.660866
v -0.084107 0.042550 1.654627
v -0.081312 0.036517 1.672718
v -0.088789 0.040099 1.671531
v -0.091256 0.044686 1.671005
v -0.090044 0.040497 1.684155
v -0.088315 0.034913 1.681472
v -0.088234 0.040979 1.662801
v -0.088028 0.043717 1.662223
v -0.085008 0.040522 1.656050
v -0.084828 0.031823 1.686725
v -0.081970 0.037755 1.650899
v -0.077829 0.022044 1.701084
v -0.077232 0.010604 1.702702
v -0.060520 0.056629 1.626888
v -0.066081 0.051744 1.648037
v -0.070188 0.055108 1.660704
v -0.072440 0.056626 1.673637
v -0.059299 0.057205 1.617991
v -0.055312 0.064379 1.618666
v -0.059751 0.025989 1.595851
v -0.061594 0.035049 1.599138
v -0.061899 0.044673 1.604767
v -0.059147 0.055446 1.608195
v -0.053731 0.065451 1.608049
v -0.077694 0.017925 1.705216
v -0.047823 0.074785 1.610536
v -0.031816 -0.072554 1.750591
v -0.005375 -0.081643 1.749138
v -0.073413 0.056636 1.679736
v -0.045915 0.077533 1.616937
v -0.043123 0.080554 1.617010
v -0.078419 0.024483 1.668394
v -0.079139 0.022401 1.672402
v -0.079061 0.019687 1.672937
v -0.078718 0.021881 1.667954
v -0.076807 0.026742 1.668541
v -0.078909 0.024877 1.672077
v -0.078122 0.022780 1.676457
v -0.076089 0.026735 1.675082
v -0.022668 -0.079085 1.746264
v -0.027177 -0.077849 1.744937
v -0.011349 -0.080972 1.748677
v -0.078685 0.025427 1.650824
v -0.078080 0.023541 1.651243
v -0.077746 0.020662 1.651764
v -0.076495 0.017080 1.652086
v -0.075662 0.014248 1.651470
v -0.075022 0.010991 1.650575
v -0.073627 0.004062 1.648446
v 0.074058 0.004063 1.648446
v 0.075448 0.010992 1.650575
v 0.076107 0.014248 1.651470
v 0.076939 0.017080 1.652087
v 0.078190 0.020662 1.651765
v 0.078525 0.023541 1.651245
v 0.079130 0.025427 1.650826
v 0.048791 -0.053197 1.600932
v 0.053906 -0.043929 1.603364
v 0.059021 -0.032974 1.606689
v 0.063372 -0.021447 1.610498
v 0.066428 -0.010333 1.614185
v 0.068197 0.000413 1.617499
v 0.068217 0.011130 1.621192
v 0.067188 0.019221 1.624613
v 0.066316 0.024818 1.626633
v 0.065614 0.030473 1.629079
v 0.065980 0.038236 1.632805
v 0.066628 0.042909 1.637884
v -0.048177 -0.053052 1.601040
v -0.053257 -0.043816 1.603468
v -0.058351 -0.032900 1.606765
v -0.062726 -0.021408 1.610558
v -0.065871 -0.010314 1.614212
v -0.067736 0.000417 1.617503
v -0.067773 0.011130 1.621192
v -0.066744 0.019221 1.624613
v -0.065871 0.024818 1.626633
v -0.065170 0.030473 1.629079
v -0.065536 0.038236 1.632805
v -0.066184 0.042909 1.637883
v 0.060648 0.024277 1.605505
v -0.060204 0.024277 1.605505
v 0.061778 0.056777 1.634189
v -0.061334 0.056777 1.634189
v 0.080740 0.029392 1.649341
v 0.079499 0.033436 1.641784
v 0.079316 0.034454 1.638739
v 0.077881 0.035619 1.636229
v 0.075403 0.036814 1.634909
v 0.072803 0.037108 1.634963
v -0.072360 0.037108 1.634962
v -0.074958 0.036814 1.634908
v -0.077437 0.035619 1.636229
v -0.078871 0.034454 1.638738
v -0.079055 0.033436 1.641782
v -0.080296 0.029392 1.649343
v 0.070139 0.037070 1.635510
v -0.069696 0.037070 1.635509
v 0.071364 0.039828 1.638510
v 0.074206 0.039518 1.636747
v 0.076773 0.039260 1.636858
v 0.078928 0.038180 1.637878
v 0.080259 0.037085 1.640150
v 0.080319 0.036254 1.643374
v -0.079875 0.036254 1.643377
v -0.079814 0.037085 1.640155
v -0.078485 0.038180 1.637880
v -0.076328 0.039260 1.636860
v -0.073762 0.039518 1.636747
v -0.070921 0.039828 1.638509
v 0.065195 0.050808 1.642128
v 0.059604 0.063230 1.640737
v -0.064751 0.050808 1.642128
v -0.059159 0.063230 1.640737
v 0.058568 0.063003 1.633731
v -0.058125 0.063003 1.633731
v -0.083770 0.059955 1.533956
v -0.082298 0.049227 1.529615
v -0.077873 0.041069 1.522588
v -0.071611 0.034601 1.515882
v -0.065508 0.027170 1.511601
v -0.060620 0.018937 1.508748
v -0.054978 0.011349 1.506775
v -0.040671 0.000556 1.504479
v -0.022222 -0.003241 1.503630
v -0.011487 -0.002143 1.503168
v 0.000216 -0.001284 1.502986
v 0.011948 -0.001953 1.503159
v 0.022670 -0.003057 1.503616
v 0.041116 0.000592 1.504479
v 0.055423 0.011365 1.506774
v 0.061065 0.018946 1.508748
v 0.065952 0.027174 1.511601
v 0.072056 0.034603 1.515882
v 0.078318 0.041069 1.522587
v 0.082743 0.049227 1.529615
v 0.084214 0.059955 1.533956
v 0.082302 0.072638 1.536293
v 0.075804 0.086526 1.536477
v 0.065758 0.099237 1.533851
v 0.053593 0.109442 1.530417
v 0.012597 0.123981 1.523836
v 0.000230 0.124901 1.523267
v -0.012152 0.123979 1.523836
v -0.053148 0.109442 1.530417
v -0.065313 0.099237 1.533851
v -0.075360 0.086526 1.536477
v -0.081857 0.072638 1.536294
v 0.017499 -0.080241 1.747492
v 0.032560 0.109330 1.695454
v 0.028297 0.106150 1.667190
v 0.023680 0.099473 1.643572
v 0.022461 0.095566 1.631964
v 0.022754 0.093108 1.620412
v 0.023797 0.092648 1.609216
v 0.024827 0.093270 1.598273
v 0.027307 0.095824 1.576705
v 0.028766 0.097904 1.566668
v 0.030601 0.100743 1.556719
v 0.032884 0.104034 1.546604
v 0.035764 0.108524 1.536313
v 0.040255 0.117122 1.527903
v 0.045301 0.126447 1.520583
v 0.050337 0.134790 1.512681
v -0.017055 -0.080242 1.747492
v -0.027854 0.106150 1.667189
v -0.023235 0.099471 1.643572
v -0.022017 0.095565 1.631965
v -0.022310 0.093109 1.620412
v -0.023354 0.092648 1.609216
v -0.024383 0.093268 1.598272
v -0.026862 0.095824 1.576705
v -0.028322 0.097904 1.566667
v -0.030158 0.100743 1.556719
v -0.032440 0.104035 1.546604
v -0.035320 0.108524 1.536313
v -0.039811 0.117123 1.527903
v -0.044858 0.126447 1.520583
v -0.049893 0.134790 1.512681
v 0.011910 -0.028799 1.557085
v 0.000225 -0.029766 1.556781
v -0.011473 -0.028795 1.557076
v -0.020468 -0.024718 1.559614
v -0.027449 -0.018855 1.563767
v -0.033253 -0.011938 1.568243
v -0.038702 -0.003189 1.571010
v -0.044891 0.004956 1.571813
v -0.050998 0.012764 1.572888
v -0.056427 0.020596 1.574225
v -0.059662 0.028939 1.576113
v -0.060595 0.038010 1.577916
v -0.059401 0.047769 1.580036
v -0.057254 0.057859 1.582092
v -0.054011 0.067859 1.583752
v -0.049262 0.077230 1.585158
v -0.042486 0.084917 1.586296
v -0.034467 0.090462 1.586911
v -0.025502 0.094165 1.587282
v -0.007686 0.095054 1.586659
v 0.000222 0.094426 1.587059
v 0.008131 0.095054 1.586659
v 0.025947 0.094165 1.587282
v 0.034912 0.090464 1.586911
v 0.042931 0.084917 1.586297
v 0.049706 0.077230 1.585159
v 0.054452 0.067857 1.583744
v 0.057698 0.057857 1.582091
v 0.059850 0.047771 1.580039
v 0.061050 0.038008 1.577917
v 0.060138 0.028932 1.576107
v 0.056919 0.020585 1.574216
v 0.051429 0.012768 1.572895
v 0.045327 0.004965 1.571825
v 0.039165 -0.003194 1.571005
v 0.033707 -0.011899 1.568242
v 0.027892 -0.018837 1.563781
v 0.020904 -0.024701 1.559624
v 0.078422 0.012052 1.690486
v 0.079413 0.018826 1.695881
v 0.079484 0.023507 1.698188
v 0.078885 0.054232 1.677419
v 0.077333 0.053667 1.670698
v 0.074865 0.050998 1.658525
v 0.071198 0.046659 1.647744
v 0.068714 0.044815 1.643654
v -0.077978 0.012052 1.690486
v -0.078970 0.018826 1.695881
v -0.079041 0.023510 1.698173
v -0.078443 0.054233 1.677414
v -0.076890 0.053668 1.670693
v -0.074421 0.050999 1.658523
v -0.070755 0.046659 1.647744
v -0.068270 0.044815 1.643653
v 0.070067 0.027069 1.631015
v 0.072800 0.026481 1.632404
v 0.075651 0.025725 1.634296
v 0.077573 0.025364 1.636749
v 0.078281 0.025883 1.639525
v -0.069624 0.027069 1.631016
v -0.072356 0.026481 1.632404
v -0.075206 0.025725 1.634295
v -0.077128 0.025364 1.636748
v -0.077837 0.025883 1.639521
v 0.080935 0.016008 1.679312
v 0.078340 0.025797 1.670802
v 0.075898 0.028490 1.669987
v -0.080491 0.016007 1.679312
v -0.077897 0.025797 1.670801
v -0.075453 0.028490 1.669983
v 0.079581 0.023817 1.674524
v 0.077374 0.027495 1.673024
v -0.079137 0.023817 1.674525
v -0.076931 0.027495 1.673021
v 0.081546 0.032805 1.648808
v 0.080749 0.030606 1.647250
v -0.081101 0.032805 1.648816
v -0.080306 0.030606 1.647249
v 0.081497 0.036115 1.648906
v 0.080645 0.034554 1.646564
v 0.079975 0.032062 1.644671
v 0.078594 0.026866 1.642730
v -0.081052 0.036115 1.648907
v -0.080201 0.034554 1.646568
v -0.079530 0.032062 1.644667
v -0.078150 0.026866 1.642726
v 0.081189 0.038160 1.644455
v -0.080744 0.038160 1.644456
v -0.087197 0.042828 1.660236
v -0.085735 0.044376 1.658607
v -0.086105 0.046108 1.657431
v -0.087231 0.047971 1.657364
v -0.087007 0.049747 1.657241
v -0.085658 0.051451 1.657919
v -0.083673 0.052233 1.659552
v -0.080702 0.051930 1.662500
v -0.076192 0.052490 1.664182
v -0.071253 0.056234 1.667001
v -0.064815 0.067065 1.671056
v -0.062324 0.073241 1.672588
v -0.058923 0.080480 1.673408
v -0.054081 0.088427 1.674360
v -0.030240 0.108345 1.680723
v -0.011522 0.114315 1.683897
v 0.000222 0.115424 1.685184
v 0.011966 0.114317 1.683898
v 0.030682 0.108344 1.680724
v 0.059367 0.080481 1.673406
v 0.062768 0.073240 1.672587
v 0.065259 0.067063 1.671056
v 0.071698 0.056234 1.667000
v 0.076634 0.052490 1.664186
v 0.081148 0.051930 1.662503
v 0.084117 0.052233 1.659548
v 0.086102 0.051452 1.657914
v 0.087450 0.049747 1.657237
v 0.087675 0.047971 1.657364
v 0.086550 0.046108 1.657432
v 0.086180 0.044376 1.658604
v 0.087642 0.042828 1.660230
v 0.065687 0.034536 1.630652
v 0.069393 0.034473 1.633517
v 0.071482 0.034397 1.633397
v 0.074124 0.034017 1.633441
v 0.076945 0.033083 1.634992
v 0.078733 0.031840 1.637529
v 0.079092 0.030807 1.640893
v 0.079278 0.029566 1.643601
v -0.065243 0.034536 1.630652
v -0.068948 0.034473 1.633516
v -0.071038 0.034397 1.633398
v -0.073679 0.034017 1.633441
v -0.076501 0.033083 1.634992
v -0.078289 0.031840 1.637528
v -0.078649 0.030807 1.640891
v -0.078835 0.029566 1.643594
v 0.083050 0.036489 1.652641
v -0.082605 0.036489 1.652643
v 0.079456 0.028459 1.645930
v -0.079011 0.028459 1.645926
v 0.079305 0.026676 1.650517
v -0.078860 0.026676 1.650521
v 0.080102 0.029084 1.651409
v -0.079659 0.029084 1.651411
v 0.081271 0.031593 1.651762
v -0.080827 0.031593 1.651772
v 0.078605 0.033368 1.654260
v -0.078160 0.033368 1.654256
v 0.071390 0.030503 1.665035
v -0.070946 0.030503 1.665030
v 0.077503 0.027018 1.652573
v 0.076181 0.027052 1.656434
v -0.077059 0.027018 1.652567
v -0.075738 0.027052 1.656424
v 0.078591 0.029257 1.652642
v 0.076805 0.028492 1.652765
v -0.078147 0.029257 1.652641
v -0.076360 0.028492 1.652765
v -0.082821 0.041746 1.650076
v -0.083833 0.043525 1.648328
v -0.083364 0.044869 1.647047
v -0.081749 0.046219 1.646738
v -0.079673 0.046954 1.647710
v -0.076765 0.047063 1.650321
v -0.072999 0.049043 1.652847
v -0.068418 0.053398 1.654586
v -0.061573 0.065068 1.654117
v -0.058121 0.071361 1.653266
v -0.053634 0.078864 1.652749
v -0.048172 0.086306 1.652655
v -0.041287 0.093262 1.652866
v -0.033210 0.099073 1.653767
v -0.025475 0.102961 1.655155
v -0.009446 0.107034 1.657167
v 0.000222 0.107878 1.657974
v 0.009891 0.107035 1.657168
v 0.025918 0.102959 1.655156
v 0.033654 0.099072 1.653768
v 0.041730 0.093261 1.652866
v 0.048615 0.086306 1.652655
v 0.054078 0.078863 1.652747
v 0.058566 0.071361 1.653266
v 0.062017 0.065068 1.654117
v 0.068862 0.053398 1.654585
v 0.073442 0.049043 1.652846
v 0.077208 0.047063 1.650321
v 0.080117 0.046954 1.647710
v 0.082194 0.046219 1.646740
v 0.083807 0.044869 1.647050
v 0.084277 0.043525 1.648329
v 0.083266 0.041746 1.650078
v 0.081941 0.038756 1.649640
v 0.081004 0.037002 1.647534
v -0.081497 0.038756 1.649639
v -0.080560 0.037002 1.647533
v 0.083803 0.042456 1.649623
v 0.085210 0.044436 1.652553
v 0.087162 0.046858 1.657528
v 0.088208 0.048076 1.660177
v 0.086581 0.023122 1.693339
v 0.085687 0.020442 1.690720
v 0.083179 0.018798 1.682953
v -0.083359 0.042456 1.649620
v -0.084765 0.044436 1.652553
v -0.086717 0.046858 1.657528
v -0.087763 0.048076 1.660176
v -0.089729 0.050636 1.671325
v -0.086137 0.023122 1.693337
v -0.085242 0.020442 1.690719
v -0.082736 0.018798 1.682953
v 0.082989 0.053929 1.672179
v 0.088952 0.040623 1.666073
v 0.087379 0.039629 1.666872
v 0.084885 0.038625 1.667742
v 0.082106 0.038458 1.668932
v -0.082544 0.053930 1.672175
v -0.086118 0.055118 1.669446
v -0.088181 0.054444 1.667550
v -0.089225 0.052662 1.665996
v -0.089244 0.050333 1.664440
v -0.088346 0.049000 1.663886
v -0.087576 0.048159 1.663708
v -0.087565 0.045925 1.663977
v -0.089416 0.044266 1.664808
v -0.088507 0.040623 1.666072
v -0.086936 0.039629 1.666871
v -0.084440 0.038625 1.667741
v -0.081661 0.038458 1.668927
v 0.083090 0.040472 1.651762
v 0.083931 0.039138 1.653437
v 0.084338 0.037863 1.654744
v 0.082437 0.037039 1.657491
v 0.080207 0.037846 1.658855
v -0.082646 0.040472 1.651757
v -0.083487 0.039138 1.653436
v -0.083893 0.037863 1.654744
v -0.081992 0.037039 1.657492
v -0.079762 0.037846 1.658856
v 0.081501 0.032792 1.676216
v 0.084083 0.033466 1.676456
v 0.075063 0.055759 1.686577
v 0.069757 0.064431 1.689937
v -0.069313 0.064430 1.689940
v -0.074618 0.055757 1.686582
v -0.087453 0.049920 1.678566
v -0.088080 0.047491 1.678071
v -0.091714 0.043905 1.677043
v -0.089288 0.038033 1.677102
v -0.086799 0.035937 1.676319
v -0.083638 0.033466 1.676456
v -0.081057 0.032792 1.676215
v 0.086634 0.041963 1.658250
v 0.085391 0.043840 1.656616
v 0.085741 0.045109 1.655399
v 0.086283 0.045795 1.655130
v 0.086720 0.046862 1.654549
v 0.086379 0.048615 1.654084
v 0.084975 0.050115 1.654591
v 0.083011 0.050796 1.655978
v 0.080143 0.050829 1.659118
v -0.086189 0.041963 1.658255
v -0.084946 0.043840 1.656619
v -0.085298 0.045109 1.655402
v -0.085838 0.045795 1.655130
v -0.086277 0.046861 1.654548
v -0.085936 0.048615 1.654085
v -0.084530 0.050114 1.654593
v -0.082566 0.050796 1.655978
v -0.079699 0.050829 1.659116
v 0.087244 0.040634 1.659405
v 0.086428 0.039440 1.660223
v -0.086801 0.040634 1.659406
v -0.085984 0.039440 1.660224
v -0.088803 0.042474 1.663077
v -0.089581 0.042317 1.665366
v -0.090559 0.042370 1.670852
v -0.091139 0.041019 1.676848
v -0.089588 0.037721 1.683163
v -0.086688 0.034617 1.687818
v -0.086765 0.027598 1.695375
v -0.088133 0.026347 1.696435
v -0.087898 0.026085 1.698838
v -0.086493 0.026956 1.700681
v -0.084352 0.028124 1.701325
v -0.081963 0.029160 1.700637
v -0.079750 0.029334 1.699611
v -0.077950 0.028821 1.702121
v -0.077646 0.023645 1.713826
v 0.078393 0.028820 1.702122
v 0.080193 0.029331 1.699628
v 0.082407 0.029159 1.700643
v 0.084795 0.028124 1.701325
v 0.086936 0.026957 1.700679
v 0.088343 0.026085 1.698838
v 0.088577 0.026346 1.696428
v 0.087210 0.027598 1.695368
v 0.082052 0.039673 1.647983
v 0.081042 0.037835 1.645787
v -0.081607 0.039673 1.647983
v -0.080598 0.037835 1.645786
v 0.080081 0.013992 1.680459
v -0.079638 0.013992 1.680457
v 0.080765 0.020586 1.678596
v -0.080320 0.020586 1.678598
v 0.081427 0.028490 1.679057
v 0.080976 0.024930 1.680585
v 0.081970 0.019694 1.681275
v -0.080982 0.028490 1.679056
v -0.080532 0.024930 1.680586
v -0.081525 0.019694 1.681280
v 0.077550 0.038394 1.664131
v 0.078525 0.038393 1.668359
v 0.078401 0.032230 1.675788
v -0.077107 0.038394 1.664132
v -0.078081 0.038393 1.668357
v -0.077957 0.032230 1.675788
v 0.073044 0.031933 1.668160
v 0.074728 0.031438 1.669815
v -0.072599 0.031933 1.668159
v -0.074283 0.031438 1.669816
v 0.082000 0.035671 1.655082
v 0.080169 0.035717 1.656160
v 0.078035 0.036374 1.657006
v -0.081556 0.035671 1.655086
v -0.079725 0.035717 1.656164
v -0.077590 0.036374 1.657010
v 0.083828 0.038639 1.661756
v 0.081365 0.039118 1.663583
v 0.077919 0.038546 1.666430
v -0.083385 0.038639 1.661756
v -0.080920 0.039118 1.663578
v -0.077475 0.038546 1.666431
v 0.078853 0.037627 1.670444
v -0.078408 0.037627 1.670443
v 0.075583 0.031901 1.671567
v 0.075638 0.031362 1.674031
v -0.075140 0.031901 1.671567
v -0.075193 0.031362 1.674030
v 0.078763 0.035611 1.673245
v -0.078320 0.035611 1.673244
v 0.076106 0.035927 1.671001
v 0.074976 0.036281 1.669231
v 0.074160 0.036288 1.667181
v 0.075856 0.033728 1.654577
v -0.075661 0.035927 1.671001
v -0.074532 0.036281 1.669232
v -0.073716 0.036288 1.667182
v -0.075412 0.033728 1.654579
v 0.073727 0.036413 1.663806
v -0.073282 0.036413 1.663808
v 0.077755 0.037936 1.660918
v -0.077312 0.037936 1.660920
v 0.078329 0.028381 1.677854
v 0.078959 0.023137 1.679027
v -0.077884 0.028381 1.677854
v -0.078516 0.023137 1.679028
v 0.076362 0.034501 1.672897
v -0.075917 0.034501 1.672898
v 0.081173 0.020781 1.681406
v -0.080730 0.020781 1.681406
v 0.083403 0.025712 1.688846
v 0.082812 0.022676 1.683538
v 0.081732 0.022907 1.681703
v -0.082594 0.027446 1.690998
v -0.082958 0.025712 1.688847
v -0.082367 0.022676 1.683539
v -0.081288 0.022907 1.681703
v 0.075674 0.036522 1.659102
v -0.075229 0.036522 1.659107
v 0.079098 0.031255 1.653415
v 0.077482 0.030976 1.653317
v -0.078653 0.031255 1.653415
v -0.077037 0.030976 1.653319
v 0.071831 0.033677 1.657000
v 0.072574 0.034930 1.661122
v -0.071386 0.033677 1.657004
v -0.072129 0.034930 1.661126
v 0.078154 0.013713 1.697340
v 0.078990 0.015161 1.693052
v 0.080890 0.015796 1.691512
v 0.082613 0.016094 1.690340
v 0.084168 0.016737 1.689270
v 0.085117 0.018164 1.688273
v 0.084522 0.019200 1.687814
v 0.083303 0.020494 1.687989
v 0.083479 0.023634 1.686516
v 0.085268 0.026529 1.683525
v 0.085969 0.030228 1.679716
v 0.085520 0.034662 1.676162
v 0.085818 0.037236 1.671839
v 0.086102 0.038995 1.667382
v 0.085938 0.039249 1.663628
v 0.085290 0.038899 1.660849
v 0.084504 0.038183 1.658309
v 0.083674 0.037120 1.656126
v 0.082897 0.035907 1.653926
v 0.081961 0.034236 1.651814
v -0.077709 0.013713 1.697341
v -0.078547 0.015161 1.693053
v -0.080445 0.015796 1.691512
v -0.082170 0.016094 1.690342
v -0.083724 0.016737 1.689270
v -0.084672 0.018164 1.688274
v -0.084077 0.019200 1.687814
v -0.082860 0.020494 1.687990
v -0.083035 0.023634 1.686517
v -0.084823 0.026529 1.683525
v -0.085525 0.030228 1.679717
v -0.085075 0.034662 1.676162
v -0.085374 0.037236 1.671840
v -0.085659 0.038995 1.667382
v -0.085494 0.039249 1.663628
v -0.084846 0.038899 1.660849
v -0.084059 0.038183 1.658309
v -0.083231 0.037120 1.656127
v -0.082453 0.035907 1.653927
v -0.081517 0.034236 1.651823
v 0.080273 0.023238 1.664421
v 0.079543 0.026080 1.664939
v 0.077660 0.027830 1.665025
v -0.079828 0.023238 1.664421
v -0.079099 0.026080 1.664939
v -0.077215 0.027830 1.665022
v 0.079616 0.020064 1.661778
v 0.079452 0.020273 1.664606
v -0.079171 0.020064 1.661779
v -0.079009 0.020273 1.664606
v 0.079031 0.011895 1.682366
v -0.078588 0.011895 1.682367
v 0.064160 0.049765 1.635465
v -0.063716 0.049765 1.635464
v 0.078262 0.026388 1.707364
v 0.071966 0.059674 1.687416
v 0.069905 0.060691 1.678086
v 0.068083 0.060922 1.669421
v 0.066715 0.060065 1.662009
v 0.065070 0.058983 1.654684
v 0.063602 0.057948 1.647409
v 0.062566 0.057275 1.641011
v -0.077817 0.026387 1.707365
v -0.071521 0.059672 1.687419
v -0.069461 0.060690 1.678088
v -0.067638 0.060922 1.669421
v -0.066271 0.060065 1.662009
v -0.064625 0.058983 1.654685
v -0.063159 0.057948 1.647410
v -0.062122 0.057275 1.641011
v 0.078016 0.013351 1.700842
v 0.078135 0.016102 1.701722
v -0.077571 0.013351 1.700843
v -0.077690 0.016102 1.701723
v 0.075820 0.028336 1.664601
v 0.073645 0.028359 1.662731
v 0.073089 0.030977 1.653987
v -0.075376 0.028336 1.664595
v -0.073200 0.028359 1.662727
v -0.072645 0.030977 1.653992
v 0.076648 0.027513 1.658435
v -0.076204 0.027513 1.658437
v 0.071764 0.027588 1.657380
v 0.069446 0.030889 1.660694
v -0.071321 0.027588 1.657381
v -0.069001 0.030889 1.660696
v 0.079366 0.027594 1.651026
v 0.077996 0.028155 1.652367
v -0.078921 0.027594 1.651028
v -0.077552 0.028155 1.652364
v 0.032835 -0.003533 1.504219
v 0.030438 -0.001876 1.515206
v -0.032392 -0.003623 1.504221
v -0.029991 -0.001935 1.515210
v 0.048410 0.005308 1.505262
v 0.046515 0.005655 1.517056
v -0.047966 0.005287 1.505262
v -0.046056 0.005662 1.517060
v -0.022239 0.113336 1.697555
v -0.020953 0.111956 1.682465
v -0.019103 0.109189 1.668559
v -0.017392 0.105495 1.656244
v -0.015877 0.101650 1.644386
v -0.014585 0.097821 1.632647
v -0.014616 0.095331 1.621197
v -0.014980 0.094791 1.609382
v -0.015834 0.094919 1.598153
v -0.016294 0.095721 1.587007
v -0.017084 0.097716 1.576430
v -0.018012 0.100389 1.566441
v -0.019313 0.104040 1.556441
v -0.021097 0.108419 1.546207
v -0.023095 0.113852 1.535662
v -0.025763 0.122062 1.525733
v -0.028909 0.130692 1.517012
v -0.031795 0.139254 1.508208
v 0.022682 0.113336 1.697557
v 0.021396 0.111958 1.682466
v 0.019546 0.109192 1.668561
v 0.017835 0.105495 1.656245
v 0.016321 0.101650 1.644387
v 0.015028 0.097820 1.632646
v 0.015059 0.095330 1.621197
v 0.015424 0.094791 1.609382
v 0.016279 0.094919 1.598154
v 0.016737 0.095721 1.587007
v 0.017528 0.097716 1.576430
v 0.018456 0.100389 1.566441
v 0.019757 0.104040 1.556441
v 0.021541 0.108417 1.546206
v 0.023539 0.113855 1.535662
v 0.026207 0.122062 1.525733
v 0.029353 0.130692 1.517012
v 0.032239 0.139254 1.508208
v 0.108483 0.098048 1.519138
v 0.114515 0.077270 1.519326
v 0.115776 0.058352 1.515178
v 0.110525 0.044366 1.508398
v -0.110080 0.044368 1.508398
v -0.115331 0.058352 1.515178
v -0.114070 0.077270 1.519326
v -0.108038 0.098048 1.519138
v -0.094549 0.118938 1.515700
v -0.076268 0.135261 1.508949
v 0.076713 0.135261 1.508949
v 0.094994 0.118938 1.515700
v -0.000732 0.102904 1.521249
v 0.015804 0.101198 1.521324
v 0.026842 0.113627 1.543952
v 0.001010 0.116171 1.542875
v 0.000454 0.131773 1.524228
v 0.035079 0.129953 1.526582
v 0.075090 0.081696 1.544200
v 0.092389 0.096651 1.533352
v 0.041855 0.085065 1.515467
v 0.045021 0.074920 1.508403
v 0.046381 0.065148 1.501657
v 0.083103 0.041309 1.526963
v 0.085794 0.061752 1.539620
v 0.107930 0.041237 1.518680
v 0.111330 0.072774 1.530423
v 0.000235 0.149600 1.501153
v 0.153922 0.119483 1.517551
v 0.040006 0.147804 1.506524
v 0.161886 0.077896 1.518949
v 0.203033 0.081965 1.500687
v 0.157222 0.036634 1.508993
v -0.021495 0.100474 1.521397
v -0.028926 0.114039 1.542628
v -0.031366 0.128950 1.527919
v -0.073822 0.088900 1.544408
v -0.091197 0.102766 1.535112
v -0.038273 0.082800 1.515621
v -0.042088 0.072004 1.509697
v -0.041835 0.063680 1.502975
v -0.083926 0.036600 1.522429
v -0.085692 0.064103 1.540261
v -0.111722 0.035651 1.514157
v -0.115935 0.069679 1.531348
v -0.124468 0.121034 1.521254
v -0.182963 0.128700 1.505235
v -0.034596 0.147012 1.505723
v -0.169109 0.074069 1.518417
v -0.198627 0.077784 1.503460
v -0.160762 0.039792 1.510384
v -0.052928 0.103519 1.543996
v -0.030897 0.092664 1.518128
v -0.062376 0.120830 1.531322
v -0.072426 0.140798 1.513167
v 0.054163 0.100286 1.544499
v 0.031385 0.094841 1.519039
v 0.068951 0.114552 1.532268
v 0.079071 0.141244 1.512412
v -0.080650 0.038858 1.520839
v -0.082090 0.064812 1.537960
v -0.070796 0.088350 1.542164
v -0.051108 0.102590 1.541900
v -0.028385 0.112894 1.540814
v 0.000865 0.115026 1.541008
v 0.026029 0.112559 1.542018
v 0.052372 0.099790 1.542358
v 0.072432 0.081958 1.541886
v 0.082514 0.062944 1.537255
v 0.080503 0.043634 1.524872
v -0.084651 0.069161 1.531412
v -0.072261 0.092122 1.535269
v -0.052535 0.106437 1.535482
v -0.029806 0.117089 1.535103
v 0.000676 0.119535 1.535410
v 0.026694 0.116886 1.536229
v 0.053693 0.104206 1.536143
v 0.075094 0.087064 1.536108
v 0.085391 0.067770 1.530517
v 0.083416 0.047712 1.517841
v -0.083174 0.043225 1.514290
v -0.002344 -0.092034 1.551498
v -0.002144 -0.073720 1.540049
v -0.002498 -0.100584 1.569995
v -0.001467 -0.109629 1.600942
v -0.011570 -0.091248 1.553887
v -0.022085 -0.086593 1.557406
v -0.029956 -0.081094 1.562802
v -0.037933 -0.069528 1.571956
v -0.044350 -0.059235 1.579646
v -0.050642 -0.049841 1.586597
v -0.053541 -0.034888 1.580967
v -0.047473 -0.042342 1.570656
v -0.038374 -0.050778 1.559718
v -0.031000 -0.059068 1.550838
v -0.021893 -0.066507 1.544843
v -0.011684 -0.071664 1.541202
v -0.042839 -0.072483 1.593379
v -0.034957 -0.083534 1.587161
v -0.028271 -0.092617 1.581178
v -0.021340 -0.099280 1.575454
v -0.008764 -0.109169 1.601445
v -0.015126 -0.107097 1.602036
v -0.025688 -0.097805 1.604451
v 0.000224 0.107216 1.753766
v -0.023550 0.102755 1.752465
v -0.035918 0.097096 1.750705
v -0.053380 0.084003 1.745671
v -0.062421 0.073435 1.741470
v -0.077714 0.038429 1.722711
v -0.079095 0.024148 1.714301
v -0.077406 0.005383 1.701995
v 0.000532 0.107949 1.753857
v -0.036378 0.097735 1.750798
v -0.063327 0.073870 1.741461
v -0.070384 0.062537 1.736299
v -0.079941 0.024136 1.714163
v -0.078178 0.005302 1.701726
v -0.078666 0.011587 1.692157
v -0.080423 0.030290 1.704250
v -0.079138 0.044141 1.712330
v -0.064081 0.078665 1.731111
v -0.054964 0.088964 1.735556
v -0.037055 0.102235 1.740712
v -0.024448 0.107856 1.742522
v 0.000526 0.112073 1.744367
v -0.018486 0.096093 1.602426
v -0.034351 0.089865 1.602305
v -0.043232 0.083568 1.602144
v -0.055568 0.068454 1.601055
v -0.061104 0.054162 1.600594
v -0.064673 0.037062 1.599116
v -0.065036 0.022239 1.598221
v -0.065628 0.004482 1.597849
v -0.063112 -0.024962 1.600622
v -0.062466 -0.032038 1.605219
v -0.060967 -0.046956 1.616477
v -0.077996 0.011819 1.692503
v -0.079517 0.030330 1.704318
v -0.070087 0.067330 1.725782
v -0.063138 0.078171 1.731018
v -0.036588 0.101554 1.740631
v 0.000222 0.111263 1.744259
v -0.018316 0.095573 1.602531
v -0.034042 0.089436 1.602418
v -0.042764 0.083231 1.602260
v -0.055071 0.068191 1.601187
v -0.060574 0.054074 1.600758
v -0.064133 0.037025 1.599428
v -0.064510 0.022233 1.598439
v -0.064730 0.004590 1.597965
v -0.062819 -0.024684 1.600834
v -0.062209 -0.031980 1.605321
v -0.061216 -0.041246 1.611814
v -0.060521 -0.046940 1.616884
v -0.063315 0.022313 1.585961
v -0.061316 0.001789 1.585186
v -0.054408 -0.001273 1.573580
v -0.045571 -0.005157 1.560725
v -0.036229 -0.011182 1.547943
v -0.028197 -0.015576 1.539639
v -0.021224 -0.018570 1.534544
v -0.011620 -0.021249 1.530880
v -0.002047 -0.022085 1.529865
v -0.018568 0.097756 1.590025
v -0.034551 0.091640 1.589916
v -0.043519 0.085359 1.589710
v -0.055723 0.069898 1.589262
v -0.060601 0.055085 1.588810
v -0.064059 0.036984 1.587263
v -0.062494 0.022369 1.586187
v -0.060301 0.002204 1.585618
v -0.053762 -0.001223 1.573999
v -0.044912 -0.005088 1.561315
v -0.035762 -0.011087 1.548446
v -0.027773 -0.015470 1.540155
v -0.020948 -0.018447 1.535064
v -0.011398 -0.021097 1.531258
v -0.002233 -0.021739 1.530434
v -0.018409 0.097162 1.590087
v -0.034220 0.091210 1.589992
v -0.043045 0.085046 1.589787
v -0.055233 0.069642 1.589349
v -0.060010 0.054950 1.588962
v -0.063382 0.037005 1.587452
v -0.062551 -0.036441 1.607906
v -0.062952 -0.036547 1.607852
v -0.050282 -0.061360 1.599173
v -0.011806 -0.100418 1.571200
v -0.029397 -0.038863 1.545567
v -0.021010 -0.042384 1.541207
v -0.011575 -0.045558 1.538531
v -0.001565 -0.046123 1.536621
v -0.064267 -0.009747 1.599153
v -0.064774 -0.009759 1.598834
v -0.054135 -0.019804 1.576133
v -0.045620 -0.026251 1.564023
v -0.037665 -0.032679 1.553837
v 0.008684 -0.090513 1.552943
v 0.019222 -0.085982 1.556805
v 0.029876 -0.078326 1.562794
v 0.037775 -0.067894 1.572549
v 0.043524 -0.057865 1.580151
v 0.051038 -0.048004 1.588315
v 0.053608 -0.035069 1.582889
v 0.045770 -0.042092 1.571002
v 0.039124 -0.048601 1.562684
v 0.031434 -0.058420 1.553038
v 0.021953 -0.065240 1.546034
v 0.008680 -0.071917 1.540827
v 0.047875 -0.065276 1.600094
v 0.040414 -0.076377 1.597214
v 0.034763 -0.085677 1.594719
v 0.027768 -0.095907 1.592206
v 0.018175 -0.100628 1.576662
v 0.007778 -0.109408 1.601628
v 0.016876 -0.106733 1.602318
v 0.026099 -0.097541 1.604508
v 0.032720 -0.088745 1.606753
v 0.039626 -0.080226 1.608389
v 0.047041 -0.071022 1.610047
v 0.025208 0.102259 1.752235
v 0.036597 0.097094 1.750626
v 0.048478 0.088850 1.747639
v 0.063238 0.073444 1.741334
v 0.072078 0.058050 1.734422
v 0.075743 0.048176 1.728579
v 0.079749 0.024164 1.714255
v 0.077803 0.005387 1.702007
v 0.025604 0.102928 1.752358
v 0.037120 0.097677 1.750678
v 0.049128 0.089339 1.747700
v 0.063855 0.073784 1.741422
v 0.072918 0.058282 1.734359
v 0.076620 0.048279 1.728538
v 0.080615 0.024162 1.714063
v 0.078701 0.005383 1.701703
v 0.079217 0.011668 1.692114
v 0.081043 0.030315 1.704180
v 0.076989 0.053621 1.718160
v 0.073380 0.063692 1.723891
v 0.064580 0.078598 1.731065
v 0.050129 0.093656 1.737495
v 0.037800 0.102195 1.740589
v 0.026119 0.107165 1.742618
v 0.018951 0.096127 1.602376
v 0.047720 0.081355 1.601215
v 0.058173 0.066084 1.600898
v 0.062170 0.054475 1.600761
v 0.065531 0.038625 1.599186
v 0.066211 0.022340 1.598203
v 0.066174 0.006145 1.597887
v 0.064510 -0.019043 1.600511
v 0.062807 -0.031540 1.605029
v 0.062002 -0.037922 1.608486
v 0.061272 -0.047804 1.615694
v 0.078397 0.011867 1.692517
v 0.080133 0.030331 1.704297
v 0.076062 0.053522 1.718257
v 0.072485 0.063422 1.723879
v 0.063932 0.078185 1.730947
v 0.049462 0.093100 1.737399
v 0.037279 0.101547 1.740516
v 0.025722 0.106436 1.742533
v 0.018795 0.095600 1.602494
v 0.047318 0.080919 1.601289
v 0.057607 0.065788 1.600993
v 0.061549 0.054306 1.600960
v 0.064924 0.038582 1.599424
v 0.065533 0.022340 1.598448
v 0.065496 0.006183 1.598168
v 0.064121 -0.018973 1.600733
v 0.062472 -0.031482 1.605191
v 0.061633 -0.037624 1.608631
v 0.060799 -0.047452 1.616119
v 0.063808 0.022062 1.586422
v 0.062535 0.003755 1.584592
v 0.055943 0.000817 1.573266
v 0.046302 -0.003665 1.561110
v 0.036113 -0.009285 1.549838
v 0.027484 -0.013841 1.543111
v 0.020173 -0.017356 1.538528
v 0.013213 -0.019968 1.534449
v 0.006460 -0.021387 1.531639
v 0.019011 0.097765 1.590018
v 0.047993 0.082982 1.588961
v 0.058391 0.067600 1.588592
v 0.061656 0.055911 1.588730
v 0.064092 0.039724 1.587702
v 0.063160 0.022075 1.586663
v 0.061465 0.003871 1.584865
v 0.055315 0.000869 1.573556
v 0.045750 -0.003575 1.561620
v 0.035635 -0.009206 1.550257
v 0.027139 -0.013711 1.543586
v 0.019916 -0.017198 1.538958
v 0.013032 -0.019777 1.534998
v 0.006380 -0.021236 1.532146
v 0.018854 0.097170 1.590086
v 0.047563 0.082567 1.589013
v 0.057842 0.067301 1.588673
v 0.061043 0.055767 1.588901
v 0.063466 0.039702 1.587964
v 0.007723 -0.100448 1.571383
v 0.030729 -0.035952 1.549330
v 0.019866 -0.041880 1.542219
v 0.008614 -0.045461 1.537725
v 0.065004 -0.007000 1.598852
v 0.065396 -0.007068 1.598668
v 0.055562 -0.018610 1.576588
v 0.047579 -0.024412 1.565810
v 0.038748 -0.031897 1.556059
v -0.033797 -0.087646 1.606008
v -0.041434 -0.078183 1.607792
v -0.048790 -0.066463 1.609394
v -0.061570 -0.041423 1.611699
v -0.054588 -0.059836 1.617908
v -0.055429 -0.054910 1.610784
v -0.056658 -0.050864 1.603381
v -0.057149 -0.039887 1.595539
v -0.058712 -0.028755 1.591238
v -0.059794 -0.013069 1.586922
v -0.047453 -0.071585 1.619139
v -0.054133 -0.058855 1.617025
v -0.060600 -0.046029 1.615835
v -0.060176 -0.045854 1.616080
v 0.054596 -0.059389 1.611312
v 0.054673 -0.053855 1.603464
v 0.057580 -0.039011 1.596107
v 0.061575 -0.012137 1.588133
v 0.023776 -0.101475 1.590229
v 0.021503 -0.101930 1.586249
v 0.023435 -0.098667 1.589123
v 0.026998 -0.093691 1.590775
v 0.034276 -0.083744 1.593459
v 0.040152 -0.074114 1.596208
v 0.048013 -0.062496 1.598900
v 0.054455 -0.051133 1.602644
v 0.039584 -0.050699 1.562651
v 0.046613 -0.044716 1.570208
v 0.054467 -0.037269 1.582827
v 0.059660 -0.030957 1.594233
v -0.000647 -0.085594 1.602926
v -0.001389 -0.059614 1.567323
v 0.048806 -0.030279 1.581096
v -0.047671 -0.032955 1.582523
v -0.063673 0.046335 1.599986
v -0.062664 0.046779 1.588027
v -0.061918 0.046718 1.588265
v -0.063148 0.046249 1.600232
v 0.046597 -0.073425 1.619283
v 0.054009 -0.060931 1.616259
v 0.055058 -0.061721 1.617230
v 0.060836 -0.044859 1.613864
v 0.060574 -0.044754 1.614207
v 0.012721 0.106474 1.753502
v 0.012968 0.110666 1.743968
v 0.012742 0.109910 1.743814
v 0.012492 0.105765 1.753382
v -0.011910 0.106865 1.753447
v -0.012303 0.111001 1.743844
v -0.012076 0.110238 1.743760
v -0.011717 0.106167 1.753369
v -0.078687 0.015485 1.708630
v -0.079155 0.021833 1.699054
v -0.079952 0.021683 1.698973
v -0.079513 0.015439 1.708429
v -0.078227 0.044020 1.712416
v -0.078551 0.038547 1.722699
v -0.023875 0.103451 1.752572
v -0.024093 0.107107 1.742454
v -0.045302 0.092152 1.748697
v -0.046130 0.096555 1.738555
v -0.045619 0.095889 1.738416
v -0.044809 0.091538 1.748561
v -0.054289 0.088373 1.735417
v -0.054028 0.084544 1.745790
v -0.069589 0.062113 1.736304
v -0.070935 0.067792 1.725844
v -0.074202 0.051067 1.730327
v -0.074677 0.056461 1.719814
v -0.075522 0.056772 1.719837
v -0.075002 0.051366 1.730313
v 0.056441 0.081191 1.744594
v 0.057264 0.085669 1.734286
v 0.058023 0.086158 1.734380
v 0.057143 0.081607 1.744613
v 0.067747 0.066238 1.738300
v 0.068306 0.071270 1.727764
v 0.069088 0.071619 1.727825
v 0.068473 0.066497 1.738254
v 0.078389 0.036566 1.721611
v 0.078787 0.042344 1.711429
v 0.079727 0.042399 1.711265
v 0.079247 0.036623 1.721493
v 0.052879 0.075475 1.601009
v 0.053143 0.077068 1.588771
v 0.052642 0.076698 1.588851
v 0.052368 0.075111 1.601097
v 0.030088 0.091910 1.602371
v 0.039570 0.086853 1.601885
v 0.039684 0.088559 1.589652
v 0.030201 0.093532 1.590075
v 0.039868 0.087376 1.601783
v 0.030420 0.092355 1.602270
v 0.030506 0.094008 1.590002
v 0.039992 0.089068 1.589579
v 0.007623 0.097482 1.602561
v -0.005312 0.097682 1.602663
v 0.007617 0.099119 1.590121
v -0.005321 0.099316 1.590208
v 0.007647 0.096894 1.602647
v -0.005322 0.097065 1.602700
v 0.007657 0.098467 1.590142
v -0.005362 0.098658 1.590190
v -0.026491 0.093009 1.602464
v -0.026608 0.094664 1.590090
v -0.026838 0.095159 1.589998
v -0.026718 0.093463 1.602377
v -0.050162 0.075921 1.601752
v -0.050427 0.077582 1.589600
v -0.050879 0.077912 1.589504
v -0.050629 0.076271 1.601614
v 0.006419 0.100717 1.626693
v 0.030385 0.095403 1.628025
v 0.053869 0.080770 1.634737
v 0.076139 0.062848 1.643511
v 0.089561 0.050112 1.652241
v 0.086939 0.007312 1.678360
v -0.009661 0.135946 1.708841
v -0.002307 0.137882 1.702251
v 0.016340 0.135021 1.711803
v 0.018137 0.137414 1.707066
v 0.046562 0.125592 1.732066
v 0.051147 0.125889 1.726616
v 0.061239 0.106904 1.753400
v 0.067431 0.106238 1.747085
v 0.066720 0.081629 1.768303
v 0.073431 0.081931 1.763554
v 0.068625 0.054937 1.781057
v 0.073503 0.052921 1.779319
v 0.070339 0.036047 1.788312
v 0.075141 0.034230 1.786677
v 0.065764 0.007015 1.800153
v 0.048969 -0.010620 1.810448
v 0.030278 -0.024834 1.816142
v 0.001776 -0.031695 1.818821
v 0.000668 -0.050070 1.799365
v 0.029716 -0.045499 1.796207
v 0.052741 -0.031137 1.790894
v 0.068350 -0.008842 1.779061
v 0.077832 0.019136 1.767461
v 0.083615 0.044110 1.753908
v 0.083479 0.074139 1.738602
v 0.075764 0.100589 1.722405
v 0.054695 0.123408 1.712597
v 0.017588 0.133457 1.697585
v -0.008182 0.132023 1.686112
v -0.000717 -0.063679 1.780452
v 0.028178 -0.060518 1.777106
v 0.056541 -0.042283 1.768581
v 0.069258 -0.020842 1.759266
v 0.078766 0.005695 1.746658
v 0.087637 0.033403 1.732308
v 0.088661 0.066168 1.715427
v 0.079841 0.089531 1.699619
v 0.061795 0.109135 1.682564
v 0.044292 0.120759 1.673113
v -0.000730 -0.077295 1.764881
v 0.028400 -0.072893 1.760402
v 0.057421 -0.052292 1.750242
v 0.090650 0.023708 1.709073
v 0.094893 0.056384 1.684676
v 0.080575 0.076404 1.671081
v 0.060987 0.097085 1.657309
v 0.042888 0.105356 1.646084
v 0.003271 0.125984 1.665670
v 0.006809 0.119784 1.652263
v 0.001041 0.104476 1.632037
v 0.010006 0.132297 1.687003
v 0.038549 0.119123 1.671603
v 0.034462 0.115906 1.653915
v -0.003383 0.133749 1.693900
v -0.002247 0.137083 1.697992
v 0.006216 0.098306 1.629697
v 0.029418 0.092291 1.630807
v 0.009732 0.098469 1.641643
v 0.053033 0.078792 1.636024
v 0.074028 0.061413 1.644253
v 0.088314 0.048390 1.653694
v 0.082946 0.006712 1.677989
v -0.005819 0.128471 1.685777
v -0.000353 0.091997 1.710893
v 0.000286 -0.025283 1.761635
v 0.041955 0.012614 1.751930
v 0.046642 0.046091 1.737013
v 0.019709 0.090186 1.698649
v 0.009087 0.108446 1.688022
v 0.000073 -0.063510 1.754208
v 0.030581 -0.049692 1.752247
v 0.078259 0.024961 1.705193
v 0.054990 0.073589 1.679166
v 0.026056 0.091368 1.668598
v 0.011457 0.102833 1.665892
v 0.003212 0.120121 1.667833
v 0.005701 0.113205 1.656730
v 0.001135 0.101916 1.635760
v 0.036938 0.073068 1.715453
v 0.022566 -0.013582 1.760174
v 0.028098 -0.083397 1.740013
v -0.001185 -0.087867 1.744052
v -0.001228 -0.080094 1.743358
v 0.081325 0.008228 1.688797
v 0.088301 0.042860 1.676113
v 0.070012 0.062426 1.657729
v 0.051394 0.081138 1.650242
v 0.024017 0.091777 1.644514
v 0.032892 0.101091 1.633801
v 0.057698 0.088764 1.643712
v 0.078445 0.069119 1.653994
v 0.092385 0.052982 1.661964
v 0.089945 0.012357 1.687158
v 0.009545 0.106157 1.631522
v 0.015550 0.119362 1.651263
v 0.019620 0.126578 1.669275
v 0.000598 0.133213 1.684661
v -0.005331 0.134648 1.690637
v -0.012963 0.101620 1.627245
v -0.031322 0.093591 1.630774
v -0.050479 0.080964 1.635365
v -0.069050 0.067456 1.642132
v -0.089745 0.027713 1.665149
v -0.084057 0.008423 1.676765
v -0.024622 0.130747 1.716818
v -0.028254 0.133141 1.712861
v -0.046993 0.117778 1.728712
v -0.049991 0.119555 1.724150
v -0.063823 0.101893 1.740899
v -0.067736 0.100180 1.737666
v -0.070831 0.083626 1.757155
v -0.075215 0.081975 1.752408
v -0.068106 0.057949 1.776479
v -0.073911 0.057570 1.772618
v -0.063657 0.036315 1.787942
v -0.069056 0.033980 1.787805
v -0.059077 0.011248 1.797186
v -0.064415 0.008695 1.797671
v -0.042587 -0.020192 1.813210
v -0.027546 -0.027388 1.816557
v -0.029708 -0.042743 1.799679
v -0.054688 -0.018812 1.792267
v -0.066405 -0.003713 1.786806
v -0.076499 0.022977 1.770586
v -0.081669 0.045868 1.753468
v -0.083762 0.072052 1.734086
v -0.079356 0.086138 1.710832
v -0.050426 0.113778 1.705904
v -0.028214 0.129808 1.703832
v -0.029492 -0.056691 1.778771
v -0.057549 -0.035240 1.769938
v -0.067719 -0.017377 1.762557
v -0.078621 0.010013 1.747501
v -0.084022 0.035421 1.731399
v -0.088559 0.061136 1.713695
v -0.081474 0.082508 1.700445
v -0.059329 0.107448 1.679793
v -0.041801 0.119724 1.672450
v -0.030040 -0.070637 1.761317
v -0.058776 -0.048013 1.749851
v -0.069630 -0.029877 1.741075
v -0.090167 0.020149 1.702777
v -0.094358 0.044193 1.699781
v -0.073263 0.078502 1.656675
v -0.057677 0.100683 1.663566
v -0.038478 0.110515 1.654294
v -0.010729 0.126106 1.674485
v -0.011076 0.117746 1.652983
v -0.008998 0.105899 1.631081
v -0.027685 0.120864 1.674015
v -0.024946 0.111502 1.649114
v -0.021042 0.109703 1.639281
v -0.010725 0.099902 1.627930
v -0.029335 0.092092 1.633134
v -0.050950 0.076813 1.638481
v -0.067258 0.064648 1.643269
v -0.087924 0.027248 1.665200
v -0.081378 0.008610 1.677875
v -0.022234 -0.014179 1.759999
v -0.035523 0.073017 1.716548
v -0.023677 0.090202 1.695959
v -0.016337 0.109317 1.688652
v -0.031772 -0.045001 1.752183
v -0.077751 0.024665 1.704607
v -0.053875 0.073178 1.681371
v -0.026799 0.090608 1.668472
v -0.017841 0.104364 1.664768
v -0.009736 0.124500 1.675188
v -0.010448 0.115045 1.654871
v -0.007082 0.102818 1.632094
v -0.046346 0.046419 1.736279
v -0.040999 0.012040 1.751482
v -0.080410 0.009409 1.687304
v -0.083194 0.046844 1.673473
v -0.063284 0.064992 1.660379
v -0.048236 0.075892 1.652582
v -0.028246 0.088759 1.644350
v -0.032109 0.100809 1.637743
v -0.052000 0.088521 1.644001
v -0.070858 0.074024 1.649638
v -0.093050 0.032342 1.674695
v -0.089090 0.013607 1.685701
v -0.014467 0.108984 1.634381
v -0.016647 0.120888 1.654651
v -0.016314 0.124705 1.673410
v -0.013236 0.098168 1.641795
v -0.034433 0.016389 1.806537
v -0.000918 0.019409 1.806774
v 0.032186 0.021194 1.804243
v 0.033588 0.066040 1.787763
v -0.002223 0.067001 1.791995
v -0.038337 0.063081 1.786351
v 0.031984 0.091115 1.772234
v -0.002460 0.093322 1.775768
v -0.039914 0.089898 1.769538
v 0.027278 0.118557 1.744379
v -0.000449 0.122307 1.740905
v -0.029320 0.122459 1.733208
v -0.000180 0.028241 1.762448
v -0.001266 0.055379 1.753226
v -0.058543 -0.001467 1.804071
v -0.048418 -0.010198 1.809255
v -0.046599 -0.025098 1.803699
v -0.042068 -0.036183 1.797998
v 0.090612 0.039932 1.659205
v 0.092783 0.040280 1.658861
v 0.094294 0.046004 1.667249
v 0.057797 -0.004419 1.807145
v 0.040946 -0.038888 1.792919
v -0.088555 0.029056 1.721481
v -0.093024 0.060276 1.681966
v -0.092022 0.052742 1.660345
v -0.086566 0.051474 1.650257
v -0.084228 0.050543 1.651144
v -0.094999 0.038480 1.687260
v -0.081551 0.078409 1.680197
v -0.083031 0.070620 1.679681
v -0.010509 0.137149 1.705381
v -0.010969 0.136377 1.698984
v -0.010748 0.135672 1.696935
v -0.028383 0.133475 1.707360
v -0.051374 0.119902 1.712348
v -0.077545 0.094022 1.718972
v -0.048416 0.000136 1.807978
v -0.039229 -0.016126 1.812453
v -0.025307 -0.021164 1.816230
v 0.001965 -0.025395 1.818019
v 0.028074 -0.018279 1.816207
v 0.045496 -0.005656 1.809188
v 0.050137 -0.000180 1.806944
v 0.060668 0.010023 1.802572
v 0.004639 0.132207 1.708087
v 0.001411 0.134389 1.703435
v 0.001254 0.099202 1.630971
v 0.001377 0.101302 1.628677
v 0.090264 0.060307 1.700187
v 0.095483 0.047589 1.702948
v -0.057235 -0.027941 1.780726
v 0.007559 0.136404 1.694645
v 0.021380 0.133098 1.688207
v -0.017035 0.119380 1.737577
v -0.001175 0.135410 1.706219
v 0.019773 0.116766 1.747039
v 0.044985 0.115190 1.663724
v 0.011151 0.124594 1.666522
v 0.026453 0.116813 1.648595
v -0.009443 0.133923 1.689875
v -0.010413 0.131772 1.689370
v -0.013127 0.132552 1.695555
v -0.013629 0.134514 1.697965
v -0.012565 0.134790 1.703443
v -0.013155 0.135177 1.705164
v -0.014432 0.136134 1.707144
v -0.030596 0.132533 1.694252
v -0.028681 0.128164 1.689601
v -0.027286 0.128372 1.682772
v -0.027605 0.121241 1.661828
v -0.041296 0.120921 1.682455
v -0.043413 0.124627 1.689402
v -0.040729 0.114261 1.662590
v -0.010202 0.103968 1.628363
v -0.008060 0.101967 1.628734
v -0.009785 0.108042 1.638050
v -0.015300 0.108986 1.641353
v -0.008339 0.105978 1.638725
v -0.090486 0.044179 1.654841
v -0.088244 0.043410 1.655593
v 0.039019 -0.020208 1.815171
v 0.038499 -0.011977 1.813294
v 0.016781 -0.023265 1.817387
v 0.017713 -0.029587 1.818477
v 0.032280 0.135219 1.718829
v 0.035516 0.134728 1.713566
v 0.038113 0.134039 1.707155
v 0.037240 0.125815 1.695581
v 0.057111 0.113487 1.700492
v -0.011528 -0.023844 1.817936
v -0.012533 -0.030233 1.818870
v -0.015174 -0.047453 1.799536
v -0.016448 -0.061010 1.779761
v -0.017220 -0.075001 1.763509
v -0.016761 -0.085916 1.742586
v -0.044867 -0.062158 1.756651
v -0.044820 -0.049724 1.775090
v -0.043181 -0.042022 1.785989
v 0.016915 -0.049033 1.798244
v 0.014699 -0.063395 1.779654
v 0.014549 -0.076714 1.763896
v 0.013556 -0.087115 1.743056
v 0.041431 -0.047228 1.784395
v 0.041059 -0.054662 1.774655
v 0.040988 -0.066085 1.756731
v 0.074430 0.061726 1.775858
v 0.068592 0.063334 1.778864
v 0.081505 0.063885 1.757708
v 0.094125 0.055605 1.671848
v 0.094791 0.036560 1.693665
v -0.038394 0.118768 1.730746
v -0.049756 0.102693 1.748747
v -0.016121 0.134387 1.712082
v -0.088463 0.060647 1.697712
v -0.089264 0.052727 1.706035
v 0.021261 0.136765 1.701463
v 0.032994 0.043675 1.797152
v -0.001564 0.043765 1.800902
v -0.036534 0.041371 1.796835
v -0.039855 0.098366 1.616536
v -0.039954 0.104640 1.622341
v 0.017456 0.109984 1.628958
v 0.013257 0.113154 1.634489
v -0.003227 0.104947 1.628900
v -0.002452 0.102591 1.624663
v -0.024672 0.105447 1.621234
v -0.023526 0.099430 1.615215
v -0.038989 0.096982 1.622711
v -0.041094 0.103400 1.628467
v -0.022938 0.100149 1.624904
v -0.023613 0.106413 1.629404
v -0.003761 0.100882 1.626817
v -0.005789 0.103487 1.629290
v 0.020637 0.104521 1.628036
v 0.015687 0.108043 1.634106
v 0.001928 0.103001 1.624990
v 0.001049 0.105033 1.629333
v 0.033444 0.113561 1.632303
v 0.035388 0.110150 1.633559
v 0.029643 0.116492 1.641306
v 0.028731 0.119150 1.639820
v 0.029213 0.120240 1.639040
v 0.034305 0.115485 1.631891
v 0.017383 0.110811 1.628471
v 0.013371 0.114052 1.634196
v -0.023597 0.100644 1.614095
v -0.040966 0.099038 1.615692
v -0.041085 0.105282 1.621330
v -0.024807 0.106101 1.620458
v -0.002025 0.103199 1.624303
v -0.003253 0.105681 1.628633
v -0.039723 0.096223 1.623802
v -0.040307 0.102777 1.630045
v -0.023581 0.099256 1.626284
v -0.023943 0.105528 1.630958
v -0.003894 0.100347 1.627236
v -0.005845 0.102968 1.629834
v 0.035825 0.109315 1.634390
v 0.030596 0.115653 1.642181
v 0.015842 0.107129 1.634212
v 0.020819 0.103461 1.628341
v 0.001125 0.104557 1.629513
v 0.002101 0.102139 1.625486
v -0.024210 0.103665 1.617248
v -0.040207 0.100668 1.625006
v -0.041368 0.102360 1.618218
v -0.040191 0.099462 1.627212
v -0.023823 0.102673 1.628833
v -0.002889 0.101499 1.628625
v -0.002628 0.102266 1.627923
v -0.039837 0.101414 1.619478
v -0.024033 0.102126 1.618854
v -0.002182 0.103888 1.627042
v 0.015023 0.111766 1.631914
v 0.030695 0.116241 1.636775
v 0.032173 0.113262 1.637185
v 0.018094 0.106698 1.631126
v 0.002125 0.104355 1.627088
v 0.002492 0.103266 1.627756
v 0.018379 0.105296 1.631600
v 0.033384 0.112279 1.638496
v 0.031866 0.118369 1.636023
v 0.015118 0.112973 1.631577
v -0.001913 0.104949 1.626640
v -0.022958 0.103647 1.626059
v 0.024286 0.116994 1.633907
v 0.022601 0.118730 1.637014
v -0.034791 0.102382 1.616441
v -0.034833 0.105534 1.619717
v 0.006084 0.107959 1.628534
v 0.004427 0.108745 1.630454
v -0.012461 0.104509 1.622302
v -0.013686 0.106581 1.624503
v -0.044677 0.100567 1.622594
v -0.044624 0.103671 1.625387
v -0.034586 0.101044 1.628498
v -0.034662 0.104032 1.631036
v -0.011410 0.101953 1.628005
v -0.012204 0.104481 1.629328
v 0.026931 0.108320 1.635217
v 0.024149 0.111270 1.638519
v 0.011471 0.103774 1.629115
v 0.010226 0.105437 1.631225
v 0.035136 0.114519 1.639208
v 0.032290 0.117278 1.642575
v 0.026448 0.113202 1.630457
v 0.026477 0.114315 1.630056
v 0.022391 0.117621 1.637655
v -0.034199 0.098392 1.614589
v -0.034561 0.099125 1.613846
v -0.034410 0.104745 1.620749
v 0.008719 0.105693 1.626495
v 0.008715 0.106543 1.626217
v 0.004104 0.107834 1.630644
v -0.011376 0.101201 1.620344
v -0.011349 0.102124 1.619698
v -0.013670 0.105767 1.625116
v -0.043244 0.097311 1.620004
v -0.044210 0.097411 1.619637
v -0.043484 0.103715 1.625811
v -0.033397 0.098497 1.623788
v -0.034245 0.097398 1.625122
v -0.033989 0.105183 1.629944
v -0.010900 0.100421 1.625352
v -0.011224 0.099495 1.626404
v -0.012032 0.105167 1.628383
v 0.023674 0.112132 1.638071
v 0.029051 0.106644 1.631346
v 0.029474 0.105800 1.631980
v 0.009921 0.106403 1.630940
v 0.013021 0.103203 1.625916
v 0.013174 0.102317 1.626125
v 0.036884 0.111797 1.634016
v 0.037664 0.111701 1.634875
v 0.031315 0.117890 1.641382
v -0.011254 0.103035 1.626031
v -0.043109 0.100678 1.622886
v -0.034158 0.101150 1.617913
v -0.012447 0.103235 1.623178
v 0.005753 0.106615 1.628731
v 0.024094 0.115500 1.634459
v 0.033766 0.114991 1.637721
v 0.026185 0.109692 1.634438
v 0.011137 0.105157 1.628711
v -0.032541 0.102590 1.626197
v 0.031990 0.119941 1.640249
v 0.034396 0.117694 1.637000
v 0.036717 0.114619 1.632858
v 0.035680 0.113119 1.633241
v 0.032529 0.115933 1.636997
v 0.030548 0.118978 1.640551
v 0.031833 0.118660 1.641563
v 0.032898 0.118882 1.641847
v 0.035512 0.116271 1.638408
v 0.037978 0.113358 1.634253
v 0.036755 0.112441 1.633614
v 0.033940 0.115554 1.637985
v 0.026582 0.119931 1.638042
v 0.028743 0.118126 1.634968
v 0.031055 0.115343 1.630977
v 0.030638 0.113540 1.631398
v 0.028106 0.116028 1.635617
v 0.026236 0.118516 1.638743
v -0.043772 0.102748 1.627724
v -0.043653 0.099552 1.625005
v -0.043079 0.096380 1.621994
v -0.042325 0.096731 1.621272
v -0.042369 0.100326 1.623988
v -0.042942 0.103250 1.627121
v -0.042238 0.104373 1.623945
v -0.043484 0.104700 1.623233
v -0.043653 0.101693 1.620273
v -0.043263 0.098450 1.617549
v -0.042091 0.098037 1.618167
v -0.042033 0.101238 1.621065
v -0.004118 0.099991 1.626084
v 0.001665 0.100456 1.626288
v -0.005686 0.105176 1.633172
v 0.000717 0.105632 1.633124
v -0.006371 0.109505 1.630668
v 0.000358 0.109786 1.630651
v -0.004328 0.103882 1.621837
v 0.001897 0.104331 1.622179
v -0.006319 0.109008 1.632437
v -0.004329 0.102124 1.622217
v 0.002157 0.102594 1.622337
v 0.000366 0.109328 1.632576
v -0.006078 0.107133 1.633416
v -0.004209 0.100568 1.624051
v 0.001911 0.100993 1.624236
v 0.000563 0.107497 1.633460
v 0.001072 0.108781 1.628653
v -0.006203 0.108429 1.628707
v -0.006657 0.107185 1.630087
v -0.006446 0.105510 1.631150
v -0.005553 0.103975 1.631690
v 0.001378 0.104473 1.631643
v 0.001818 0.106009 1.631107
v 0.001554 0.107594 1.630022
v 0.001666 0.107352 1.626207
v -0.005527 0.106879 1.626249
v -0.005687 0.105293 1.627424
v -0.005756 0.103763 1.628569
v -0.005111 0.102498 1.629683
v 0.001779 0.103044 1.629695
v 0.002080 0.104238 1.628601
v 0.001879 0.105740 1.627326
v 0.002012 0.105786 1.624103
v -0.004981 0.105246 1.623807
v -0.005177 0.103508 1.624677
v -0.005239 0.101987 1.626075
v -0.004664 0.101024 1.627758
v 0.001832 0.101558 1.627895
v 0.002364 0.102591 1.626304
v 0.002289 0.104106 1.624910
v -0.001411 0.109288 1.630615
v -0.000777 0.108540 1.628413
v -0.000247 0.107127 1.626138
v 0.000148 0.105748 1.623996
v 0.000422 0.104184 1.622176
v 0.000371 0.102256 1.622325
v 0.000278 0.100680 1.623893
v 0.000121 0.100134 1.626229
v 0.000009 0.101122 1.628227
v -0.000113 0.102465 1.629960
v -0.000475 0.103865 1.631750
v -0.000998 0.105430 1.633246
v -0.001445 0.107438 1.633560
v -0.001677 0.108812 1.632514
v -0.004371 0.109343 1.630593
v -0.003829 0.108322 1.628410
v -0.003576 0.107036 1.626012
v -0.003165 0.105760 1.623535
v -0.003067 0.104031 1.621402
v -0.002846 0.101858 1.621544
v -0.002510 0.100367 1.623620
v -0.002699 0.099884 1.626007
v -0.002718 0.100885 1.628093
v -0.002785 0.102265 1.629924
v -0.003192 0.103672 1.631749
v -0.003674 0.105243 1.633267
v -0.004130 0.107286 1.633586
v -0.004398 0.108884 1.632581
v 0.020088 0.103531 1.618525
v 0.021328 0.108379 1.624284
v -0.001742 0.106581 1.631280
v -0.002398 0.103417 1.626935
v 0.035578 0.100677 1.611561
v 0.037856 0.106985 1.619169
v 0.037707 0.108150 1.618213
v 0.035450 0.102469 1.610285
v 0.020004 0.104803 1.617539
v 0.021635 0.109591 1.623372
v -0.002817 0.104131 1.626228
v -0.002123 0.107409 1.631013
v -0.002686 0.105154 1.629319
v 0.020289 0.106756 1.620840
v 0.037096 0.105351 1.614607
v 0.020579 0.107833 1.620204
v -0.003265 0.105975 1.628615
v 0.010324 0.108802 1.623776
v 0.010780 0.109656 1.626703
v 0.010495 0.105012 1.622200
v 0.010289 0.105491 1.621407
v 0.010881 0.108801 1.627290
v 0.010720 0.107594 1.624510
v 0.040990 0.106898 1.616648
v 0.039505 0.101776 1.609848
v 0.039529 0.100941 1.610676
v 0.041093 0.105876 1.617430
v 0.003155 0.108420 1.626121
v 0.003889 0.109517 1.628663
v 0.004302 0.108565 1.629475
v 0.003618 0.107400 1.626847
v 0.003850 0.104725 1.624362
v 0.003412 0.105829 1.623890
v 0.041466 0.104130 1.612861
v 0.041302 0.103317 1.613653
v 0.036849 0.104128 1.615119
v -0.008381 0.103428 1.627447
v -0.007486 0.102703 1.626281
v -0.007328 0.103116 1.626141
v -0.004559 0.104165 1.630247
v -0.004253 0.103500 1.628313
v -0.040325 0.113766 1.646864
v -0.041967 0.113263 1.644136
v -0.039308 0.112771 1.643283
v -0.031932 0.113914 1.644053
v -0.022238 0.113916 1.639344
v -0.017168 0.110058 1.633533
v -0.012733 0.108303 1.631634
v -0.010376 0.105239 1.627669
v -0.008378 0.103915 1.626864
v -0.010511 0.104460 1.628455
v -0.014359 0.106993 1.628893
v -0.018929 0.108726 1.630451
v -0.023967 0.112528 1.636144
v -0.031905 0.115599 1.643166
v -0.038300 0.114103 1.646936
v -0.038403 0.115974 1.645850
v -0.040403 0.115430 1.645843
v -0.033609 0.114142 1.639509
v -0.018899 0.107864 1.631450
v -0.014478 0.106213 1.629723
v -0.009164 0.105129 1.630475
v -0.006455 0.103366 1.628319
v -0.004188 0.103214 1.628513
v -0.006950 0.107021 1.631702
v -0.007169 0.106207 1.632235
v -0.013012 0.107297 1.632376
v -0.025499 0.109934 1.634036
v -0.025662 0.110916 1.632909
v -0.035069 0.112435 1.636394
v -0.039535 0.114638 1.641718
v -0.042070 0.114402 1.643481
v -0.033370 0.112490 1.640925
v -0.022170 0.112499 1.640220
v -0.015377 0.111779 1.636153
v -0.010761 0.109768 1.633975
v -0.008964 0.105992 1.629952
v -0.006355 0.103941 1.628007
v -0.005820 0.103251 1.627225
v -0.005806 0.102893 1.627313
v -0.010946 0.108901 1.634664
v -0.017271 0.109055 1.634428
v -0.023814 0.111164 1.637319
v -0.034927 0.111277 1.637307
v -0.043224 0.112976 1.640021
v -0.041141 0.112985 1.638876
v -0.015556 0.110731 1.636786
v -0.040886 0.111950 1.639777
v -0.042995 0.112080 1.640622
v -0.004488 0.104624 1.629861
vn 0.4219 -0.7582 0.4972
vn 0.4561 -0.5517 0.6983
vn 0.5538 -0.4358 0.7095
vn 0.5792 -0.6223 0.5266
vn 0.5203 0.0905 0.8492
vn 0.4404 0.0432 0.8968
vn 0.3451 0.2834 0.8948
vn 0.4811 0.3420 0.8072
vn 0.4828 -0.2343 0.8438
vn 0.5436 -0.1558 0.8248
vn 0.2374 0.4511 0.8603
vn 0.1856 0.5354 0.8240
vn 0.3563 0.6569 0.6645
vn 0.4093 0.5494 0.7284
vn 0.1649 0.8001 0.5768
vn 0.0709 0.7155 0.6950
vn 0.0188 0.7540 0.6566
vn 0.0164 0.8265 0.5627
vn -0.0000 0.7518 0.6594
vn -0.0000 0.8229 0.5682
vn 0.7660 -0.2774 0.5799
vn 0.8042 -0.4185 0.4220
vn -0.0000 0.9500 -0.3123
vn -0.0000 0.9468 -0.3219
vn 0.1019 0.9422 -0.3193
vn 0.0981 0.9437 -0.3159
vn -0.0041 0.8294 0.5586
vn 0.8047 0.5224 -0.2820
vn 0.7874 0.5583 -0.2614
vn 0.7125 0.6386 -0.2907
vn 0.9314 0.0407 0.3617
vn 0.9785 0.0878 0.1867
vn 0.9908 0.0068 0.1352
vn 0.9394 -0.1118 0.3240
vn 0.8350 0.4593 0.3030
vn 0.8414 0.4827 0.2430
vn 0.9457 0.2388 0.2205
vn 0.9180 0.2118 0.3353
vn 0.5158 0.8018 0.3018
vn 0.4899 0.8341 0.2534
vn 0.6661 0.7044 0.2451
vn 0.6745 0.6804 0.2865
vn -0.0345 0.9422 0.3334
vn -0.0135 0.9187 0.3946
vn -0.0000 0.9171 0.3987
vn -0.0000 0.9390 0.3438
vn 0.7556 -0.0457 0.6534
vn 0.7599 0.1662 0.6284
vn 0.7243 0.4220 0.5452
vn 0.6142 0.6446 0.4552
vn 0.5019 0.7604 0.4123
vn -0.0000 0.8861 0.4636
vn 0.0035 0.8886 0.4586
vn 0.1921 0.8755 0.4434
vn 0.1150 0.9439 0.3094
vn 0.1571 0.9122 0.3784
vn 0.2000 0.9274 -0.3161
vn 0.1930 0.9264 -0.3232
vn 0.8498 0.4610 -0.2557
vn 0.8378 0.5001 -0.2192
vn 0.4758 0.7857 0.3952
vn -0.4039 0.7059 0.5819
vn 0.3928 0.2620 0.8815
vn 0.3552 0.2653 0.8964
vn 0.4601 0.0217 0.8876
vn 0.4749 0.0073 0.8800
vn 0.2237 0.4404 0.8695
vn 0.2599 0.4597 0.8492
vn 0.4883 -0.2792 0.8268
vn 0.4804 -0.3108 0.8201
vn 0.5106 0.8448 -0.1600
vn 0.1442 0.5398 0.8294
vn 0.0036 0.7024 0.7118
vn 0.1853 0.9145 -0.3597
vn 0.2073 0.8982 -0.3876
vn 0.0224 0.7213 0.6923
vn 0.0001 0.9640 -0.2658
vn 0.0001 0.7157 0.6984
vn 0.8199 -0.5417 -0.1853
vn 0.4121 -0.6197 0.6679
vn 0.3072 -0.8193 0.4841
vn 0.5151 -0.3636 -0.7762
vn 0.8885 -0.3765 -0.2621
vn 0.2316 -0.2733 0.9337
vn -0.0965 -0.7520 0.6520
vn -0.3088 -0.9027 -0.2996
vn 0.7693 0.6353 -0.0678
vn 0.6954 0.7151 -0.0711
vn 0.7044 0.6785 -0.2085
vn 0.7754 0.6058 -0.1782
vn 0.5951 0.7996 -0.0804
vn 0.4661 0.8801 -0.0901
vn 0.4471 0.8584 -0.2514
vn 0.5898 0.7729 -0.2339
vn 0.0892 0.9842 -0.1529
vn -0.0000 0.9863 -0.1650
vn 0.0001 0.9621 -0.2727
vn 0.1018 0.9573 -0.2707
vn 0.2032 0.9421 -0.2668
vn 0.2031 0.9709 -0.1271
vn 0.8121 0.5788 -0.0743
vn 0.8176 0.5580 -0.1423
vn -0.0886 0.9079 -0.4098
vn 0.3300 0.7770 -0.5360
vn 0.3250 0.7296 -0.6017
vn -0.0779 0.8828 -0.4632
vn 0.4777 -0.7849 0.3947
vn 0.4532 -0.8625 0.2253
vn 0.3371 -0.8041 0.4897
vn 0.0564 -0.6892 0.7224
vn 0.3530 -0.6112 0.7084
vn -0.0894 -0.5945 0.7991
vn -0.2225 -0.4542 0.8626
vn 0.9265 -0.3659 -0.0877
vn 0.9863 -0.1568 -0.0507
vn 0.9854 -0.1520 -0.0767
vn 0.9579 -0.2556 -0.1304
vn -0.0969 0.7090 -0.6985
vn 0.3171 0.5053 -0.8026
vn 0.3124 0.4019 -0.8607
vn -0.0551 0.5965 -0.8007
vn 0.8569 -0.4946 -0.1453
vn 0.8893 -0.4571 -0.0148
vn -0.4898 0.8319 -0.2609
vn -0.5042 0.7903 -0.3483
vn -0.5042 0.8156 -0.2840
vn 0.8298 0.4986 -0.2508
vn 0.3201 -0.8253 -0.4652
vn 0.8673 0.4391 -0.2347
vn 0.1444 0.9761 -0.1621
vn 0.2706 0.9486 -0.1640
vn 0.2316 0.9364 -0.2635
vn 0.1227 0.9556 -0.2678
vn -0.0001 0.9633 -0.2686
vn -0.0000 0.9872 -0.1596
vn 0.8407 -0.5190 0.1542
vn 0.6056 -0.3039 -0.7355
vn 0.6655 -0.4816 -0.5702
vn 0.8291 -0.5023 0.2457
vn 0.7205 -0.6851 0.1072
vn 0.5448 -0.3974 -0.7384
vn 0.2706 -0.7594 -0.5917
vn 0.8974 -0.2235 -0.3804
vn 0.8870 -0.2720 -0.3733
vn -0.3249 -0.1641 -0.9314
vn 0.9979 -0.0348 0.0547
vn 0.9599 -0.1912 0.2052
vn 0.7019 -0.6093 0.3689
vn 0.8864 -0.3886 0.2515
vn 0.9299 -0.3497 0.1142
vn 0.8765 -0.4791 0.0465
vn 0.6945 -0.7181 0.0447
vn 0.9123 -0.0959 -0.3982
vn 0.8067 -0.4211 -0.4147
vn 0.9224 -0.3083 -0.2327
vn 0.9593 -0.1604 -0.2326
vn 0.7277 -0.0482 -0.6842
vn 0.6335 -0.3221 -0.7035
vn 0.9769 -0.1646 -0.1360
vn 0.9783 -0.1632 -0.1278
vn 0.9712 -0.1429 -0.1906
vn 0.9618 -0.1919 -0.1950
vn 0.5269 0.0980 -0.8442
vn 0.4835 -0.0968 -0.8700
vn 0.5068 -0.4875 -0.7110
vn 0.5566 -0.8236 0.1086
vn 0.4317 -0.8932 0.1260
vn 0.4439 -0.5925 -0.6722
vn 0.5176 -0.8555 -0.0150
vn 0.4475 -0.8926 0.0552
vn 0.5166 -0.8535 0.0681
vn 0.5083 -0.8608 0.0268
vn 0.5307 -0.7523 0.3904
vn 0.0521 -0.7139 -0.6983
vn 0.8695 0.4314 -0.2406
vn 0.8694 0.4447 -0.2152
vn 0.8822 0.4297 -0.1925
vn 0.8732 0.4317 -0.2260
vn 0.1093 -0.1985 -0.9740
vn 0.1924 -0.8933 -0.4061
vn 0.0035 -0.8526 -0.5225
vn -0.3093 -0.4028 -0.8615
vn 0.3782 -0.8038 -0.4591
vn 0.0010 -0.8268 -0.5625
vn 0.4651 -0.8448 -0.2646
vn -0.0001 -0.9469 -0.3215
vn 0.2212 -0.8298 -0.5124
vn 0.2593 -0.9644 0.0523
vn 0.1980 -0.9676 -0.1564
vn -0.0209 -0.5961 -0.8026
vn 0.6062 -0.7763 -0.1729
vn 0.4609 -0.8502 -0.2544
vn 0.4172 -0.9070 -0.0574
vn 0.5583 -0.8247 -0.0908
vn 0.4310 -0.8815 -0.1928
vn -0.0005 -0.9867 -0.1624
vn 0.6376 -0.7357 -0.2284
vn 0.9106 -0.2098 -0.3560
vn 0.8439 -0.4537 -0.2863
vn 0.9490 -0.2292 -0.2167
vn 0.9626 -0.1152 -0.2452
vn 0.3124 0.6211 -0.7188
vn -0.0974 0.8070 -0.5824
vn 0.6820 -0.6976 0.2196
vn 0.6697 -0.7424 0.0161
vn 0.9457 -0.2107 -0.2475
vn 0.9535 -0.2269 -0.1985
vn 0.9590 -0.1728 -0.2248
vn 0.7635 -0.5385 0.3564
vn 0.9380 -0.1048 -0.3303
vn 0.7168 0.1235 -0.6863
vn 0.7163 0.1682 -0.6772
vn 0.9264 -0.1843 -0.3284
vn 0.7670 0.3087 -0.5625
vn 0.9342 -0.2521 -0.2525
vn 0.9196 -0.2379 -0.3125
vn 0.7184 0.2416 -0.6523
vn 0.7973 0.3359 -0.5015
vn 0.9411 -0.2463 -0.2316
vn 0.7427 -0.6483 -0.1679
vn 0.6770 -0.7360 -0.0014
vn 0.9822 -0.1860 -0.0244
vn 0.9494 -0.1873 -0.2520
vn 0.7976 0.4060 -0.4461
vn 0.8063 0.4259 -0.4104
vn 0.9558 -0.1454 -0.2556
vn 0.3458 0.8398 -0.4185
vn 0.3139 0.8300 -0.4611
vn -0.1292 0.9451 -0.3001
vn -0.1250 0.9313 -0.3421
vn 0.0820 -0.9695 0.2309
vn 0.1351 -0.9499 0.2817
vn 0.0908 -0.9861 0.1395
vn 0.0392 -0.9968 0.0696
vn 0.3588 -0.9306 0.0730
vn 0.4708 -0.8711 0.1397
vn 0.7885 -0.5915 -0.1684
vn 0.6354 -0.7646 -0.1084
vn 0.8548 -0.5099 -0.0968
vn 0.8400 -0.5388 -0.0646
vn 0.8126 -0.5703 -0.1202
vn 0.8446 -0.5217 0.1203
vn 0.9494 -0.2993 -0.0951
vn 0.6605 -0.1932 -0.7256
vn 0.7225 -0.4100 -0.5567
vn 0.8923 -0.2029 -0.4032
vn 0.8984 -0.3447 -0.2721
vn 0.8164 -0.5039 -0.2819
vn 0.9087 -0.4012 -0.1152
vn 0.5106 -0.8563 -0.0779
vn 0.4025 -0.9085 -0.1124
vn 0.3253 -0.9276 -0.1838
vn 0.3114 -0.9500 -0.0220
vn 0.8530 0.5116 -0.1030
vn 0.9967 -0.0790 -0.0180
vn 0.9654 -0.1834 -0.1855
vn 0.9128 0.3524 -0.2064
vn 0.9332 -0.3377 -0.1225
vn 0.9010 -0.3974 -0.1742
vn 0.9310 -0.3119 -0.1896
vn 0.9428 -0.2606 -0.2078
vn 0.9892 -0.0206 -0.1449
vn 0.8665 -0.4988 -0.0206
vn 0.8499 -0.5267 -0.0182
vn 0.8734 -0.4814 -0.0736
vn 0.8927 -0.4456 -0.0665
vn 0.9132 -0.3185 -0.2540
vn 0.7740 -0.6241 0.1071
vn 0.9279 -0.3633 0.0837
vn 0.9615 -0.1504 -0.2299
vn 0.7514 0.6598 -0.0023
vn 0.9952 0.0272 0.0942
vn 0.9616 -0.2725 -0.0310
vn 0.9598 -0.2635 -0.0967
vn 0.9587 -0.2715 -0.0846
vn 0.9460 -0.3056 -0.1082
vn 0.9702 -0.2337 -0.0644
vn 0.9759 -0.2074 -0.0685
vn 0.8933 -0.4475 -0.0420
vn 0.9322 -0.3556 -0.0678
vn 0.9554 -0.2742 -0.1095
vn 0.9737 -0.1669 -0.1548
vn 0.9743 -0.1792 -0.1365
vn 0.9607 -0.0618 -0.2705
vn 0.9555 -0.1399 -0.2596
vn 0.5181 -0.5353 0.6671
vn 0.7841 -0.4745 0.4001
vn 0.4961 -0.7496 0.4381
vn 0.2489 -0.7671 0.5913
vn 0.3671 0.9175 -0.1530
vn 0.8672 0.4664 -0.1744
vn 0.5738 0.7004 0.4246
vn -0.0611 0.8959 -0.4400
vn -0.0196 0.8533 -0.5210
vn 0.0889 0.7666 -0.6360
vn 0.2005 0.6117 -0.7652
vn 0.5481 -0.8363 0.0127
vn 0.9351 -0.2701 -0.2294
vn 0.9812 -0.0310 -0.1907
vn 0.9489 0.1426 -0.2815
vn 0.9756 -0.1220 -0.1823
vn 0.9236 0.0380 -0.3814
vn 0.9070 -0.0675 -0.4156
vn 0.8331 -0.0337 -0.5522
vn 0.8788 0.0144 -0.4770
vn 0.8193 -0.0477 -0.5714
vn 0.9005 -0.1353 -0.4133
vn 0.8526 -0.5220 0.0235
vn 0.9614 -0.2744 0.0210
vn 0.9789 -0.1869 0.0824
vn 0.6355 -0.7713 0.0368
vn 0.8177 -0.2945 -0.4946
vn 0.7857 -0.0872 -0.6124
vn 0.7441 -0.0148 -0.6679
vn 0.7644 -0.1427 -0.6287
vn 0.8692 -0.3878 -0.3068
vn 0.8707 -0.1371 -0.4724
vn 0.9486 -0.1636 -0.2708
vn 0.9402 0.0682 -0.3337
vn 0.9317 0.1791 -0.3159
vn 0.0948 -0.9931 -0.0685
vn 0.1930 -0.9593 -0.2063
vn 0.4536 -0.8570 -0.2446
vn 0.1811 -0.9475 -0.2635
vn -0.2935 -0.8415 -0.4535
vn 0.9502 0.1782 -0.2556
vn 0.9842 -0.0073 -0.1767
vn 0.9170 0.1819 -0.3551
vn 0.3183 -0.7124 -0.6254
vn -0.0003 -0.8566 -0.5159
vn 0.3494 -0.7709 -0.5326
vn 0.5040 -0.8234 0.2609
vn 0.0021 -0.8754 0.4833
vn 0.6638 -0.7216 -0.1967
vn 0.6163 -0.7775 -0.1253
vn 0.5610 -0.8253 -0.0643
vn 0.9466 -0.3222 0.0128
vn 0.8054 -0.5917 0.0341
vn 0.9933 -0.1156 0.0008
vn 0.6254 -0.7803 -0.0003
vn 0.9884 -0.1512 -0.0112
vn 0.9756 -0.2188 -0.0179
vn 0.8959 -0.4436 -0.0229
vn 0.9131 -0.4074 0.0182
vn 0.8215 -0.5631 -0.0893
vn 0.7891 -0.6142 0.0104
vn 0.7929 -0.5562 -0.2490
vn 0.6906 -0.7180 -0.0874
vn 0.6148 -0.5970 -0.5153
vn 0.6766 -0.7124 0.1865
vn 0.6741 -0.6989 -0.2389
vn 0.7769 -0.4330 -0.4571
vn 0.7519 -0.2775 -0.5981
vn 0.7258 -0.5835 -0.3643
vn 0.7297 -0.5154 -0.4493
vn 0.4718 -0.8525 -0.2252
vn 0.8737 0.1641 -0.4580
vn 0.9933 -0.0734 -0.0895
vn 0.9760 0.0663 -0.2073
vn 0.9978 -0.0136 -0.0651
vn 0.9825 0.0387 -0.1820
vn 0.6616 0.7408 0.1158
vn 0.4873 0.8660 0.1119
vn 0.4803 0.8763 0.0383
vn 0.6509 0.7590 0.0156
vn 0.1640 0.9863 -0.0155
vn 0.0989 0.9943 0.0391
vn -0.0234 0.9996 -0.0166
vn 0.0428 0.9969 -0.0656
vn -0.0000 0.9991 -0.0413
vn -0.0000 0.9961 -0.0878
vn 0.4764 0.8526 0.2149
vn 0.4810 0.8597 0.1720
vn 0.6627 0.7250 0.1878
vn 0.6605 0.7159 0.2264
vn -0.0599 0.9668 0.2483
vn -0.0643 0.9915 0.1133
vn 0.0594 0.9898 0.1291
vn 0.0735 0.9704 0.2299
vn -0.0000 0.9663 0.2573
vn -0.0000 0.9943 0.1065
vn 0.9996 0.0262 -0.0090
vn 0.9993 0.0098 -0.0355
vn 0.8331 0.5048 0.2262
vn 0.8254 0.5365 0.1757
vn 0.9239 0.3615 0.1256
vn 0.9388 0.2900 0.1858
vn 0.9675 0.2485 0.0468
vn 0.9814 0.1550 0.1136
vn 0.9874 0.1572 -0.0202
vn 0.9948 0.0943 0.0392
vn 0.9909 0.1144 -0.0716
vn 0.9839 0.0917 -0.1537
vn 0.9637 0.2299 -0.1356
vn 0.9640 0.2531 -0.0815
vn -0.0629 0.9194 -0.3883
vn -0.1279 0.9465 -0.2962
vn -0.1596 0.9564 -0.2447
vn 0.7921 -0.5730 -0.2105
vn 0.8248 -0.5176 -0.2276
vn 0.8580 -0.4588 -0.2310
vn 0.9468 -0.3197 0.0371
vn 0.9266 -0.3609 0.1056
vn 0.9852 -0.1703 0.0198
vn 0.3079 -0.9510 -0.0274
vn 0.9881 -0.1304 0.0818
vn 0.8315 -0.4569 0.3161
vn 0.6483 -0.4705 0.5987
vn 0.9855 -0.1006 0.1363
vn 0.7162 0.3923 -0.5772
vn 0.8497 -0.0843 -0.5204
vn 0.8926 0.0730 -0.4449
vn 0.8371 0.4336 -0.3335
vn 0.7889 0.3246 -0.5217
vn 0.8039 0.4483 -0.3908
vn 0.8891 0.3059 -0.3405
vn 0.5050 0.8442 -0.1799
vn 0.9251 0.3571 -0.1291
vn 0.8225 0.5182 -0.2345
vn 0.9294 -0.2125 -0.3017
vn 0.6988 -0.3055 0.6468
vn 0.8058 -0.3808 0.4535
vn 0.6429 -0.4571 0.6146
vn 0.2708 0.6269 -0.7305
vn 0.9299 -0.1126 -0.3501
vn 0.9136 0.3043 0.2697
vn 0.0686 -0.9675 -0.2433
vn 0.0141 -0.9450 -0.3267
vn 0.0083 -0.9949 -0.1007
vn 0.0800 -0.9966 -0.0220
vn 0.8932 -0.1047 -0.4374
vn 0.8840 0.0788 -0.4609
vn 0.8802 -0.3117 -0.3578
vn 0.4647 -0.6216 -0.6306
vn 0.9615 -0.2590 -0.0920
vn 0.9214 -0.3839 -0.0606
vn -0.3443 -0.9335 0.1001
vn 0.9654 -0.2196 0.1407
vn 0.9956 0.0908 0.0216
vn 0.9061 -0.0962 -0.4120
vn 0.9350 -0.0313 -0.3533
vn 0.4595 -0.3336 0.8231
vn 0.9763 -0.0877 0.1977
vn 0.6162 -0.1756 0.7678
vn 0.9941 -0.1071 0.0151
vn 0.7765 0.2078 -0.5949
vn 0.4256 0.7583 -0.4939
vn 0.5813 0.6530 -0.4855
vn 0.8800 0.3828 -0.2812
vn 0.7802 0.5092 -0.3632
vn 0.6864 0.6244 -0.3729
vn 0.3611 0.8231 -0.4384
vn 0.8757 0.4181 -0.2415
vn 0.9037 0.3890 -0.1790
vn 0.9190 -0.3689 -0.1389
vn 0.9138 0.3964 -0.0889
vn 0.9191 0.3784 -0.1097
vn 0.8496 0.5199 -0.0887
vn 0.8502 0.5152 -0.1084
vn 0.8346 0.4756 -0.2780
vn 0.9682 -0.2430 -0.0601
vn 0.9772 -0.1767 -0.1173
vn 0.9944 -0.0796 -0.0688
vn 0.9904 0.1193 -0.0695
vn 0.9977 -0.0374 -0.0568
vn 0.9831 0.1730 -0.0593
vn 0.9441 0.3289 -0.0214
vn 0.9321 0.3553 -0.0705
vn 0.8682 0.4951 -0.0343
vn 0.8987 0.4363 0.0445
vn 0.1457 0.1580 -0.9766
vn 0.9990 -0.0389 0.0220
vn 0.7975 0.6032 -0.0079
vn 0.8131 0.5741 0.0961
vn -0.3599 0.6023 -0.7125
vn -0.5309 0.2063 -0.8220
vn 0.2357 0.9587 -0.1589
vn 0.6086 0.7803 -0.1440
vn 0.7573 0.6522 -0.0337
vn 0.7048 0.7090 -0.0249
vn 0.7526 0.6570 -0.0425
vn 0.9383 0.3200 0.1310
vn 0.9548 0.1309 -0.2669
vn 0.9975 -0.0356 0.0608
vn 0.8048 0.4168 -0.4226
vn 0.8987 0.3102 -0.3099
vn 0.8060 0.5346 0.2540
vn 0.8261 0.5575 0.0818
vn 0.7505 0.6603 -0.0263
vn 0.9726 0.0664 -0.2227
vn 0.8430 0.4943 0.2122
vn 0.9611 0.2636 -0.0831
vn 0.6541 -0.2054 -0.7280
vn 0.8265 0.2179 -0.5190
vn 0.4283 -0.4720 -0.7706
vn 0.9125 -0.1546 -0.3788
vn 0.9852 -0.0274 0.1695
vn 0.8643 0.4574 0.2093
vn 0.4971 0.8509 0.1699
vn 0.6766 0.7340 0.0591
vn 0.9586 -0.2707 0.0884
vn 0.9426 -0.3337 0.0129
vn 0.5961 0.7782 -0.1975
vn 0.2704 0.9619 0.0401
vn 0.9493 -0.2807 0.1416
vn 0.7271 -0.3955 0.5611
vn 0.9966 -0.0762 0.0318
vn -0.4219 -0.7582 0.4972
vn -0.5792 -0.6223 0.5266
vn -0.5539 -0.4358 0.7095
vn -0.4561 -0.5517 0.6983
vn -0.5203 0.0905 0.8492
vn -0.4811 0.3421 0.8072
vn -0.3451 0.2832 0.8948
vn -0.4404 0.0431 0.8968
vn -0.5436 -0.1557 0.8248
vn -0.4828 -0.2343 0.8438
vn -0.2374 0.4510 0.8604
vn -0.4093 0.5493 0.7285
vn -0.3563 0.6569 0.6645
vn -0.1857 0.5354 0.8240
vn -0.3001 0.7280 0.6164
vn -0.1522 0.6182 0.7712
vn -0.0188 0.7540 0.6566
vn -0.0164 0.8266 0.5626
vn -0.8042 -0.4187 0.4219
vn -0.7659 -0.2774 0.5801
vn -0.4160 0.7832 0.4620
vn -0.4067 0.6050 0.6845
vn -0.4408 0.8365 -0.3256
vn -0.5909 0.7442 -0.3115
vn -0.0982 0.9437 -0.3158
vn -0.1019 0.9421 -0.3194
vn -0.8046 0.5225 -0.2821
vn -0.7267 0.6178 -0.3003
vn -0.7126 0.6385 -0.2907
vn -0.7872 0.5585 -0.2615
vn -0.9313 0.0406 0.3620
vn -0.9394 -0.1116 0.3241
vn -0.9907 0.0073 0.1357
vn -0.9784 0.0876 0.1871
vn -0.8350 0.4594 0.3030
vn -0.9180 0.2116 0.3355
vn -0.9458 0.2384 0.2205
vn -0.8414 0.4828 0.2428
vn -0.5158 0.8018 0.3018
vn -0.6745 0.6804 0.2865
vn -0.6660 0.7045 0.2452
vn -0.4899 0.8341 0.2534
vn 0.0344 0.9422 0.3333
vn 0.0135 0.9187 0.3946
vn -0.7556 -0.0457 0.6535
vn -0.7599 0.1662 0.6284
vn -0.7243 0.4220 0.5453
vn -0.6142 0.6446 0.4552
vn -0.5019 0.7603 0.4123
vn -0.0035 0.8886 0.4586
vn -0.3788 0.8259 0.4176
vn -0.3545 0.8708 0.3406
vn -0.3146 0.9076 0.2779
vn -0.5644 0.5200 0.6411
vn -0.3032 0.8944 -0.3288
vn -0.8497 0.4610 -0.2559
vn -0.8378 0.5001 -0.2192
vn -0.3928 0.2621 0.8815
vn -0.4749 0.0074 0.8800
vn -0.4601 0.0216 0.8876
vn -0.3552 0.2654 0.8963
vn -0.2237 0.4404 0.8695
vn -0.2599 0.4597 0.8492
vn -0.4884 -0.2790 0.8268
vn -0.4805 -0.3108 0.8201
vn -0.5343 0.8381 -0.1098
vn -0.1441 0.5398 0.8294
vn -0.0789 0.6281 0.7741
vn -0.3871 0.8880 -0.2481
vn -0.1317 0.9301 -0.3428
vn -0.0222 0.7212 0.6924
vn -0.7956 -0.5721 -0.1993
vn -0.4122 -0.6197 0.6679
vn -0.3073 -0.8194 0.4839
vn -0.6967 -0.2664 -0.6660
vn -0.3955 0.7383 0.5463
vn -0.3953 0.7356 0.5502
vn -0.4118 0.7590 0.5043
vn -0.8878 -0.3354 -0.3152
vn 0.4598 -0.7428 -0.4867
vn -0.8902 -0.3724 -0.2624
vn -0.7693 0.6353 -0.0678
vn -0.7754 0.6058 -0.1782
vn -0.7044 0.6785 -0.2085
vn -0.6954 0.7151 -0.0711
vn -0.5951 0.7996 -0.0804
vn -0.5897 0.7730 -0.2340
vn -0.4469 0.8585 -0.2514
vn -0.4660 0.8802 -0.0900
vn -0.0891 0.9842 -0.1530
vn -0.1018 0.9573 -0.2707
vn -0.3133 0.9130 -0.2614
vn -0.3276 0.9391 -0.1035
vn -0.8120 0.5788 -0.0743
vn -0.8175 0.5580 -0.1424
vn -0.3298 0.7771 -0.5361
vn 0.0888 0.9079 -0.4097
vn 0.0780 0.8828 -0.4632
vn -0.3250 0.7293 -0.6020
vn -0.6770 -0.7360 -0.0014
vn -0.7655 -0.6298 0.1319
vn -0.4775 -0.7849 0.3948
vn -0.4531 -0.8625 0.2253
vn -0.3531 -0.6111 0.7084
vn -0.3370 -0.8040 0.4899
vn -0.0550 -0.6885 0.7231
vn 0.0948 -0.5078 0.8563
vn 0.2574 -0.3916 0.8834
vn -0.9410 -0.3322 -0.0648
vn -0.9580 -0.2555 -0.1303
vn -0.9855 -0.1514 -0.0765
vn -0.9818 -0.1880 -0.0253
vn 0.0964 0.7091 -0.6985
vn 0.0550 0.5964 -0.8008
vn -0.3125 0.4021 -0.8606
vn -0.3174 0.5056 -0.8023
vn -0.8570 -0.4945 -0.1452
vn -0.8892 -0.4573 -0.0147
vn 0.6862 0.2955 0.6646
vn -0.0060 0.9663 0.2572
vn -0.4665 0.8485 -0.2500
vn -0.1171 0.2400 0.9637
vn -0.8284 0.5003 -0.2519
vn -0.8672 0.4391 -0.2347
vn -0.8840 0.4240 -0.1969
vn -0.8543 0.4779 -0.2044
vn -0.7541 0.5972 -0.2731
vn -0.5242 -0.5016 0.6882
vn 0.5242 0.5016 -0.6882
vn 0.2507 -0.0492 -0.9668
vn -0.1225 0.9556 -0.2678
vn -0.1452 0.9760 -0.1621
vn -0.8404 -0.5196 0.1542
vn -0.8291 -0.5024 0.2452
vn -0.6990 -0.6251 0.3473
vn -0.7119 -0.3884 -0.5850
vn -0.7195 -0.6860 0.1083
vn -0.6174 -0.3174 -0.7198
vn 0.4279 -0.4415 -0.7887
vn 0.4180 -0.5386 -0.7316
vn 0.4133 -0.4346 -0.8002
vn -0.2537 -0.8125 -0.5248
vn -0.9002 -0.2288 -0.3706
vn -0.9599 -0.1912 0.2048
vn -0.9979 -0.0349 0.0549
vn -0.7024 -0.6091 0.3684
vn -0.9294 -0.3513 0.1132
vn -0.8873 -0.3870 0.2510
vn -0.8753 -0.4814 0.0467
vn -0.6935 -0.7191 0.0448
vn -0.9122 -0.0958 -0.3983
vn -0.9593 -0.1595 -0.2332
vn -0.9229 -0.3068 -0.2327
vn -0.8068 -0.4206 -0.4149
vn -0.7277 -0.0484 -0.6842
vn -0.6335 -0.3222 -0.7035
vn -0.9774 -0.1622 -0.1353
vn -0.9786 -0.1613 -0.1275
vn -0.9714 -0.1405 -0.1914
vn -0.9624 -0.1896 -0.1946
vn -0.3087 0.2871 -0.9068
vn -0.5270 0.0980 -0.8442
vn -0.4834 -0.0968 -0.8700
vn -0.3757 0.1089 -0.9203
vn -0.5325 -0.4838 -0.6946
vn -0.5575 -0.8229 0.1099
vn -0.5186 -0.8549 -0.0111
vn -0.5093 -0.8601 0.0271
vn -0.5194 -0.8519 0.0678
vn -0.4515 -0.8906 0.0547
vn -0.5306 -0.7522 0.3906
vn -0.2515 -0.6443 -0.7222
vn -0.8694 0.4447 -0.2154
vn -0.8695 0.4316 -0.2403
vn -0.8732 0.4317 -0.2260
vn -0.8822 0.4297 -0.1924
vn -0.2665 -0.5365 -0.8007
vn -0.1897 -0.8963 -0.4009
vn -0.3783 -0.8049 -0.4573
vn -0.4652 -0.8449 -0.2639
vn -0.3503 -0.6410 -0.6829
vn -0.2105 -0.8460 -0.4899
vn -0.2609 -0.9638 0.0547
vn -0.4357 -0.8912 0.1264
vn -0.6051 -0.7773 -0.1721
vn -0.5550 -0.8272 -0.0882
vn -0.4141 -0.9084 -0.0576
vn -0.4594 -0.8516 -0.2525
vn -0.4312 -0.8814 -0.1928
vn -0.1985 -0.9687 -0.1493
vn -0.1073 -0.7517 -0.6507
vn -0.6375 -0.7359 -0.2282
vn -0.9107 -0.2096 -0.3559
vn -0.9626 -0.1152 -0.2451
vn -0.9490 -0.2289 -0.2167
vn -0.8440 -0.4536 -0.2863
vn 0.0971 0.8069 -0.5826
vn -0.3124 0.6212 -0.7187
vn -0.6698 -0.7424 0.0161
vn -0.9457 -0.2106 -0.2475
vn -0.9294 -0.2124 -0.3017
vn -0.7426 -0.6483 -0.1679
vn -0.9590 -0.1725 -0.2248
vn -0.9535 -0.2268 -0.1987
vn -0.6821 -0.6975 0.2195
vn -0.7637 -0.5383 0.3563
vn -0.9381 -0.1046 -0.3302
vn -0.9265 -0.1841 -0.3283
vn -0.7164 0.1685 -0.6770
vn -0.7168 0.1237 -0.6862
vn -0.7670 0.3082 -0.5627
vn -0.7184 0.2415 -0.6524
vn -0.9196 -0.2379 -0.3125
vn -0.9341 -0.2522 -0.2526
vn -0.9411 -0.2465 -0.2314
vn -0.7974 0.3356 -0.5016
vn -0.8762 0.4008 -0.2676
vn -0.9649 -0.2161 -0.1494
vn -0.6257 -0.5099 0.5904
vn -0.8482 0.1082 0.5185
vn -0.9823 -0.1859 -0.0244
vn -0.9438 -0.2173 -0.2490
vn -0.9495 -0.1873 -0.2519
vn -0.7975 0.4064 -0.4459
vn -0.7914 0.3755 -0.4824
vn -0.3140 0.8301 -0.4608
vn -0.3082 0.8060 -0.5053
vn 0.1246 0.9314 -0.3421
vn 0.1138 0.9165 -0.3835
vn -0.0906 -0.9861 0.1395
vn -0.0390 -0.9968 0.0697
vn -0.0083 -0.9949 -0.1007
vn -0.0800 -0.9966 -0.0220
vn -0.3114 -0.9500 -0.0219
vn -0.3587 -0.9306 0.0730
vn -0.8394 -0.5416 -0.0453
vn -0.8400 -0.5387 -0.0646
vn -0.9494 -0.2994 -0.0951
vn -0.6603 -0.1933 -0.7257
vn -0.6519 -0.0267 -0.7578
vn -0.8923 -0.2029 -0.4033
vn -0.9024 -0.1055 -0.4178
vn -0.7224 -0.4101 -0.5567
vn -0.8165 -0.5038 -0.2820
vn -0.9087 -0.4012 -0.1153
vn -0.8984 -0.3447 -0.2722
vn -0.7717 -0.6359 0.0144
vn -0.2939 -0.7558 0.5851
vn -0.3954 -0.8340 -0.3849
vn -0.3252 -0.9276 -0.1838
vn -0.0689 -0.9675 -0.2432
vn -0.1308 -0.8580 -0.4967
vn -0.8531 0.5115 -0.1030
vn -0.9128 0.3524 -0.2064
vn -0.9654 -0.1834 -0.1854
vn -0.9967 -0.0790 -0.0180
vn -0.9011 -0.3972 -0.1741
vn -0.9332 -0.3377 -0.1225
vn -0.9311 -0.3118 -0.1895
vn -0.9428 -0.2607 -0.2078
vn -0.9892 -0.0205 -0.1448
vn -0.8664 -0.4989 -0.0207
vn -0.8500 -0.5264 -0.0182
vn -0.4708 -0.8711 0.1398
vn -0.6105 -0.7763 0.1568
vn -0.2518 -0.8816 0.3992
vn -0.1350 -0.9499 0.2819
vn -0.7512 0.6601 -0.0021
vn -0.9952 0.0271 0.0945
vn -0.9598 -0.2635 -0.0966
vn -0.9616 -0.2726 -0.0310
vn -0.9587 -0.2715 -0.0844
vn -0.9460 -0.3055 -0.1081
vn -0.9701 -0.2338 -0.0644
vn -0.9759 -0.2074 -0.0685
vn -0.9277 -0.3637 0.0841
vn -0.9492 -0.2807 0.1420
vn -0.7840 -0.4743 0.4005
vn -0.9738 -0.1668 -0.1548
vn -0.9554 -0.2742 -0.1095
vn -0.9743 -0.1792 -0.1366
vn -0.9798 -0.1535 -0.1284
vn -0.9693 -0.0980 -0.2256
vn -0.9380 -0.2296 -0.2598
vn -0.9145 -0.4043 -0.0174
vn -0.1341 -0.8982 0.4187
vn -0.0821 -0.9695 0.2311
vn -0.9342 -0.1301 0.3323
vn -0.9359 -0.3474 -0.0585
vn -0.3670 0.9176 -0.1530
vn -0.8502 0.5152 -0.1085
vn -0.8598 0.4924 -0.1350
vn 0.0611 0.8959 -0.4401
vn 0.0195 0.8533 -0.5210
vn -0.2006 0.6116 -0.7653
vn -0.2549 0.4612 -0.8499
vn -0.0148 0.4421 -0.8968
vn -0.9148 -0.2942 -0.2768
vn -0.9241 0.0349 -0.3805
vn -0.5190 -0.3053 0.7984
vn -0.8875 -0.4184 -0.1930
vn -0.9318 0.1787 -0.3159
vn -0.5747 -0.0394 0.8174
vn -0.9027 -0.1425 -0.4061
vn -0.4423 -0.4477 0.7771
vn -0.9081 -0.0742 -0.4121
vn -0.8787 0.0144 -0.4772
vn -0.8343 -0.0362 -0.5501
vn -0.8223 -0.0520 -0.5667
vn -0.8511 -0.5245 0.0244
vn -0.9602 -0.2783 0.0218
vn -0.9791 -0.1857 0.0826
vn -0.6358 -0.7710 0.0363
vn -0.8181 -0.2943 -0.4941
vn -0.7643 -0.1429 -0.6288
vn -0.7446 -0.0157 -0.6673
vn -0.7861 -0.0867 -0.6120
vn -0.8705 -0.1343 -0.4735
vn -0.8711 -0.3846 -0.3053
vn -0.9480 -0.1627 -0.2737
vn -0.9397 0.0685 -0.3351
vn -0.2320 -0.9531 -0.1945
vn -0.0312 -0.9971 0.0700
vn -0.3900 -0.8899 -0.2367
vn -0.7557 -0.5736 -0.3160
vn -0.3099 -0.9096 -0.2768
vn 0.1387 -0.8950 -0.4239
vn -0.9170 0.1818 -0.3551
vn -0.9502 0.1781 -0.2556
vn -0.7107 -0.0312 -0.7028
vn -0.5997 0.6336 0.4888
vn 0.7420 0.1288 -0.6579
vn -0.7420 -0.1288 0.6579
vn -0.5691 0.5257 0.6323
vn -0.5029 -0.8254 0.2565
vn -0.3493 -0.7704 -0.5334
vn -0.6639 -0.7218 -0.1954
vn -0.6173 -0.7771 -0.1225
vn -0.5596 -0.8263 -0.0630
vn -0.8053 -0.5919 0.0338
vn -0.9454 -0.3256 0.0137
vn -0.9932 -0.1165 0.0020
vn -0.6254 -0.7803 -0.0007
vn -0.9882 -0.1532 -0.0095
vn -0.9129 -0.4078 0.0188
vn -0.8963 -0.4430 -0.0207
vn -0.9750 -0.2216 -0.0174
vn -0.7905 -0.6124 0.0099
vn -0.8235 -0.5607 -0.0866
vn -0.6891 -0.7192 -0.0888
vn -0.7917 -0.5576 -0.2497
vn -0.6144 -0.5962 -0.5168
vn -0.3308 -0.9122 0.2420
vn -0.6726 -0.6998 -0.2406
vn -0.7277 -0.5803 -0.3656
vn -0.7525 -0.2746 -0.5986
vn -0.7759 -0.4328 -0.4590
vn -0.7304 -0.5131 -0.4507
vn -0.5220 -0.8461 -0.1082
vn -0.8737 0.1641 -0.4580
vn -0.9760 0.0663 -0.2073
vn -0.6613 0.7411 0.1160
vn -0.6508 0.7591 0.0156
vn -0.4803 0.8763 0.0383
vn -0.4873 0.8660 0.1119
vn -0.3209 0.9467 0.0262
vn -0.2996 0.9500 0.0879
vn 0.0234 0.9996 -0.0166
vn -0.0428 0.9969 -0.0657
vn -0.4763 0.8526 0.2149
vn -0.6604 0.7159 0.2265
vn -0.6627 0.7250 0.1877
vn -0.4809 0.8597 0.1722
vn -0.2871 0.9336 0.2144
vn -0.2823 0.9478 0.1486
vn 0.0601 0.9668 0.2483
vn 0.0643 0.9915 0.1133
vn -0.9996 0.0255 -0.0081
vn -0.9993 0.0088 -0.0354
vn -0.8329 0.5051 0.2262
vn -0.9390 0.2896 0.1856
vn -0.9240 0.3614 0.1252
vn -0.8253 0.5367 0.1757
vn -0.9676 0.2482 0.0462
vn -0.9815 0.1545 0.1133
vn -0.9874 0.1569 -0.0206
vn -0.9947 0.0946 0.0396
vn -0.9978 -0.0127 -0.0656
vn -0.9825 0.0387 -0.1820
vn -0.9839 0.0917 -0.1537
vn -0.9908 0.1145 -0.0717
vn -0.9637 0.2299 -0.1356
vn -0.9640 0.2530 -0.0815
vn 0.0631 0.9194 -0.3882
vn 0.1275 0.9465 -0.2964
vn 0.0879 0.9358 -0.3415
vn -0.7975 -0.5645 -0.2128
vn -0.8592 -0.4569 -0.2304
vn -0.8283 -0.5126 -0.2261
vn -0.6887 -0.5197 -0.5056
vn -0.4909 -0.6525 -0.5773
vn -0.2558 -0.6659 -0.7008
vn -0.4045 -0.5393 -0.7386
vn -0.8609 -0.5065 -0.0487
vn -0.9265 -0.3611 0.1056
vn -0.8315 -0.4569 0.3161
vn -0.3137 -0.9423 -0.1169
vn -0.2630 -0.9283 -0.2630
vn -0.3225 -0.9123 0.2525
vn -0.3558 -0.9332 0.0508
vn -0.7264 -0.3957 0.5620
vn -0.5171 -0.5354 0.6678
vn -0.8039 0.4483 -0.3909
vn -0.8224 0.5184 -0.2345
vn -0.6350 -0.5071 -0.5827
vn -0.8745 -0.4657 -0.1353
vn -0.9251 0.3571 -0.1290
vn -0.7024 0.4067 -0.5841
vn -0.7888 0.3247 -0.5219
vn -0.9069 -0.4162 -0.0651
vn -0.9108 0.2946 -0.2892
vn -0.8857 0.4581 -0.0759
vn -0.4998 0.3102 0.8087
vn -0.8617 -0.5006 -0.0828
vn -0.9246 -0.1643 -0.3437
vn -0.9300 -0.1127 -0.3499
vn -0.8548 -0.5098 -0.0968
vn -0.9191 -0.2090 -0.3340
vn -0.8898 -0.1038 -0.4444
vn -0.8933 -0.1044 -0.4372
vn -0.0817 -0.8020 -0.5917
vn -0.0141 -0.9451 -0.3266
vn -0.8534 0.3953 0.3397
vn -0.9228 -0.3773 -0.0780
vn -0.9345 -0.3244 0.1462
vn -0.7302 0.6261 0.2736
vn -0.8899 0.2862 -0.3553
vn -0.9215 -0.2961 -0.2512
vn -0.8984 -0.3994 -0.1827
vn -0.9511 0.2654 -0.1581
vn -0.8754 0.1368 -0.4637
vn -0.8422 -0.4502 -0.2966
vn -0.9115 -0.1462 -0.3844
vn -0.8577 0.2321 -0.4588
vn -0.8933 -0.4475 -0.0421
vn -0.8884 0.3770 -0.2618
vn -0.8891 0.3060 -0.3405
vn -0.9615 -0.2590 -0.0920
vn -0.8504 -0.3340 -0.4065
vn -0.8821 -0.4395 -0.1698
vn -0.9318 -0.2825 0.2279
vn -0.9104 -0.3173 0.2657
vn -0.8824 -0.4701 0.0190
vn -0.7796 -0.5727 -0.2535
vn -0.6768 -0.6088 -0.4140
vn -0.7037 -0.6963 -0.1413
vn -0.5116 -0.8494 -0.1299
vn -0.5786 -0.7670 -0.2775
vn -0.6934 -0.6876 -0.2152
vn -0.8804 -0.3110 -0.3580
vn -0.6354 -0.7645 -0.1084
vn -0.5105 -0.8563 -0.0779
vn -0.8693 -0.4413 -0.2226
vn -0.7886 -0.5914 -0.1684
vn -0.2283 0.5203 0.8229
vn -0.9987 -0.0460 0.0202
vn -0.8253 0.3254 -0.4615
vn -0.2015 -0.3066 -0.9303
vn -0.6484 -0.4698 0.5991
vn -0.4597 -0.3328 0.8234
vn -0.2824 -0.5309 0.7990
vn -0.9941 -0.1071 0.0151
vn -0.9852 -0.1702 0.0198
vn -0.7022 -0.7111 -0.0364
vn -0.7765 0.2077 -0.5949
vn -0.8169 0.2328 -0.5278
vn -0.8134 0.3103 -0.4921
vn -0.7971 0.4493 -0.4034
vn -0.3611 0.8231 -0.4384
vn -0.4257 0.7582 -0.4938
vn -0.2247 0.9358 -0.2716
vn -0.3263 0.8742 -0.3596
vn -0.9191 0.3784 -0.1097
vn -0.9169 0.3748 -0.1375
vn -0.9193 -0.3683 -0.1386
vn -0.9138 0.3963 -0.0889
vn -0.8497 0.5198 -0.0888
vn -0.8345 0.4757 -0.2780
vn -0.8757 0.4181 -0.2416
vn -0.7802 0.5092 -0.3632
vn -0.6863 0.6244 -0.3729
vn -0.8065 0.5599 -0.1900
vn -0.8079 0.5344 -0.2485
vn -0.6415 0.7033 -0.3064
vn -0.6257 0.7502 -0.2137
vn -0.9840 -0.0076 -0.1778
vn -0.9767 -0.1784 -0.1196
vn -0.9673 -0.2460 -0.0613
vn -0.9944 -0.0802 -0.0694
vn -0.9976 -0.0384 -0.0574
vn -0.9832 0.1725 -0.0596
vn -0.9904 0.1192 -0.0695
vn -0.9442 0.3287 -0.0214
vn -0.9321 0.3552 -0.0704
vn -0.8681 0.4952 -0.0342
vn -0.8986 0.4365 0.0445
vn -0.0588 -0.0400 0.9975
vn -0.9988 -0.0442 0.0206
vn -0.7975 0.6032 -0.0079
vn -0.8130 0.5742 0.0961
vn -0.9765 -0.0874 0.1971
vn -0.9857 -0.0999 0.1360
vn -0.9986 -0.0447 0.0296
vn -0.7048 0.7090 -0.0250
vn -0.7573 0.6522 -0.0337
vn -0.8840 0.0794 -0.4607
vn -0.9383 0.3201 0.1311
vn -0.9975 -0.0357 0.0608
vn -0.9548 0.1308 -0.2670
vn -0.6766 0.7340 0.0590
vn -0.8046 0.4166 -0.4231
vn -0.8985 0.3100 -0.3107
vn -0.8059 0.5348 0.2538
vn -0.2780 -0.7040 -0.6536
vn -0.4280 -0.4722 -0.7706
vn -0.1972 -0.6119 -0.7660
vn -0.8369 0.4337 -0.3339
vn -0.8430 0.4944 0.2120
vn -0.3579 -0.4448 -0.8210
vn -0.5589 -0.3081 -0.7699
vn -0.9852 -0.0274 0.1695
vn -0.8642 0.4574 0.2094
vn -0.4971 0.8509 0.1698
vn -0.9426 -0.3337 0.0129
vn -0.9586 -0.2707 0.0884
vn -0.9280 -0.3100 -0.2066
vn -0.5961 0.7783 -0.1974
vn -0.7160 0.3924 -0.5774
vn -0.2704 0.9619 0.0400
vn -0.6084 0.7805 -0.1439
vn 0.0891 0.3110 -0.9462
vn -0.8007 0.5847 -0.1306
vn -0.4739 -0.8160 0.3310
vn -0.3795 -0.8373 0.3935
vn -0.4567 -0.7621 0.4589
vn -0.9881 -0.1304 0.0818
vn -0.9966 -0.0762 0.0319
vn 0.7445 -0.4541 0.4893
vn 0.7349 -0.4091 0.5409
vn 0.8134 0.3102 -0.4920
vn 0.8168 0.2329 -0.5278
vn 0.7971 0.4493 -0.4034
vn 0.1715 -0.8563 0.4871
vn -0.2573 -0.2614 0.9303
vn -0.3002 -0.3375 0.8922
vn -0.9344 0.3032 -0.1872
vn -0.9932 -0.0736 -0.0897
vn 0.9344 0.3032 -0.1871
vn 0.9791 -0.1441 -0.1433
vn 0.9626 -0.2040 -0.1784
vn 0.9798 -0.1535 -0.1283
vn 0.9257 -0.0721 -0.3713
vn 0.9024 -0.1055 -0.4177
vn 0.6521 -0.0267 -0.7577
vn 0.6828 0.0725 -0.7270
vn 0.3758 0.1088 -0.9203
vn 0.3178 0.2683 -0.9094
vn 0.0146 0.4422 -0.8968
vn 0.3087 0.2871 -0.9068
vn -0.3178 0.2684 -0.9094
vn -0.6827 0.0726 -0.7271
vn -0.9257 -0.0722 -0.3712
vn -0.9791 -0.1440 -0.1434
vn 0.2547 0.4614 -0.8498
vn -0.0891 0.7666 -0.6359
vn -0.8800 0.3828 -0.2812
vn -0.9037 0.3890 -0.1790
vn 0.8598 0.4924 -0.1350
vn 0.9168 0.3748 -0.1376
vn -0.5814 0.6529 -0.4854
vn -0.8673 0.4664 -0.1742
vn 0.1914 0.2819 0.9402
vn 0.0798 0.5300 0.8442
vn 0.3156 0.8951 -0.3151
vn 0.9232 -0.3025 0.2369
vn 0.3032 0.8944 -0.3287
vn 0.3131 0.9130 -0.2614
vn 0.3274 0.9392 -0.1036
vn 0.3209 0.9467 0.0262
vn 0.2996 0.9500 0.0879
vn 0.2871 0.9336 0.2143
vn 0.2822 0.9478 0.1485
vn 0.3147 0.9076 0.2779
vn 0.3544 0.8708 0.3407
vn 0.3788 0.8259 0.4176
vn 0.3002 0.7280 0.6164
vn 0.1522 0.6182 0.7711
vn 0.0789 0.6282 0.7740
vn 0.3950 0.8860 -0.2429
vn 0.7886 0.1350 -0.5999
vn -0.9042 0.0303 0.4260
vn -0.2313 0.9366 -0.2631
vn -0.9497 -0.1453 0.2773
vn -0.2000 0.9274 -0.3162
vn -0.1931 0.9264 -0.3232
vn -0.2032 0.9421 -0.2667
vn -0.2033 0.9708 -0.1271
vn -0.1639 0.9864 -0.0155
vn -0.0989 0.9943 0.0391
vn -0.0594 0.9899 0.1291
vn -0.0736 0.9704 0.2299
vn -0.1150 0.9440 0.3094
vn -0.1571 0.9122 0.3784
vn -0.1921 0.8756 0.4432
vn -0.1649 0.8001 0.5768
vn -0.0709 0.7154 0.6951
vn -0.0037 0.7023 0.7119
vn -0.2493 0.9065 -0.3407
vn 0.7110 -0.0712 0.6996
vn -0.7110 0.0712 -0.6996
vn -0.3414 0.8577 -0.3843
vn 0.9922 0.1076 -0.0638
vn 0.9999 -0.0066 -0.0125
vn 0.9849 0.1714 0.0261
vn -0.9725 0.2305 0.0341
vn 0.2248 0.9358 -0.2715
vn -0.7488 0.6512 -0.1236
vn -0.7506 0.6603 -0.0263
vn -0.8261 0.5576 0.0817
vn -0.9610 0.2636 -0.0832
vn 0.9692 -0.0980 -0.2260
vn 0.9144 -0.4043 -0.0174
vn 0.9377 -0.2303 -0.2600
vn -0.9615 -0.1508 -0.2298
vn -0.9350 -0.0319 -0.3532
vn -0.9608 -0.0620 -0.2703
vn -0.9557 -0.1396 -0.2593
vn -0.9626 -0.2038 -0.1783
vn 0.9279 -0.3101 -0.2068
vn -0.9582 -0.1390 -0.2501
vn -0.9320 -0.2163 -0.2907
vn -0.9061 -0.0967 -0.4119
vn -0.9367 -0.0358 -0.3484
vn -0.9368 0.0904 -0.3381
vn -0.8573 -0.5050 -0.0996
vn -0.8773 -0.4729 -0.0816
vn -0.9667 -0.1231 -0.2243
vn -0.9558 -0.1453 -0.2557
vn -0.8458 -0.5281 -0.0762
vn -0.8354 -0.5480 -0.0424
vn -0.8061 0.4263 -0.4105
vn -0.8120 0.4566 -0.3637
vn -0.3757 0.8530 -0.3623
vn -0.3457 0.8399 -0.4184
vn 0.1269 0.9625 -0.2396
vn 0.1288 0.9451 -0.3002
vn 0.1594 0.9564 -0.2447
vn 0.1757 0.9713 -0.1606
vn -0.2356 0.9588 -0.1589
vn -0.4979 -0.7241 0.4772
vn -0.1131 0.2145 0.9701
vn -0.4251 -0.5823 0.6929
vn 0.4251 0.5823 -0.6929
vn 0.2388 0.0811 -0.9677
vn -0.5414 0.0846 0.8365
vn -0.1089 0.2790 0.9541
vn 0.3603 0.1923 0.9128
vn 0.5933 -0.0038 0.8050
vn -0.0370 0.5271 0.8490
vn 0.2574 -0.5926 -0.7632
vn 0.8007 0.5847 -0.1307
vn 0.8064 0.5600 -0.1901
vn 0.6259 0.7501 -0.2136
vn 0.4637 0.7817 0.4171
vn 0.7646 0.6327 0.1226
vn 0.9761 0.1961 0.0935
vn 0.9337 -0.3203 0.1603
vn 0.8897 -0.1035 -0.4447
vn 0.8694 -0.4412 -0.2227
vn -0.9131 -0.3188 -0.2540
vn 0.9359 -0.3474 -0.0586
vn 0.9344 -0.1301 0.3316
vn 0.8192 -0.3716 0.4368
vn -0.3067 -0.3826 0.8715
vn -0.2236 -0.5710 0.7899
vn 0.7496 -0.4747 0.4613
vn -0.7491 -0.4751 0.4617
vn -0.8187 -0.3720 0.4375
vn 0.8497 0.2268 0.4760
vn -0.2649 -0.6030 0.7525
vn -0.0959 -0.3301 0.9391
vn -0.4028 0.0163 0.9151
vn -0.5665 -0.0504 0.8225
vn 0.3263 0.9327 -0.1534
vn 0.6105 -0.2047 0.7651
vn 0.4022 0.0178 0.9154
vn 0.6178 0.7374 0.2730
vn -0.8493 0.2264 0.4768
vn -0.6182 0.7370 0.2733
vn -0.3258 0.9329 -0.1534
vn 0.3072 -0.3827 0.8713
vn 0.3639 -0.3846 0.8483
vn 0.0949 -0.3302 0.9391
vn -0.6096 -0.2057 0.7655
vn -0.3635 -0.3854 0.8481
vn -0.6458 -0.3515 0.6778
vn 0.6458 0.3515 -0.6778
vn 0.2452 -0.1965 -0.9494
vn -0.7556 0.1280 -0.6424
vn 0.9800 -0.0897 0.1776
vn -0.5617 0.4251 -0.7098
vn 0.5617 -0.4251 0.7098
vn 0.5532 -0.8325 -0.0294
vn 0.8076 0.5348 -0.2486
vn 0.3264 0.8742 -0.3594
vn 0.6416 0.7032 -0.3064
vn -0.0879 0.9358 -0.3414
vn -0.1137 0.9165 -0.3836
vn 0.3082 0.8059 -0.5055
vn 0.7913 0.3754 -0.4826
vn 0.9438 -0.2173 -0.2491
vn 0.8394 -0.5417 -0.0452
vn 0.8616 -0.5007 -0.0828
vn 0.9321 -0.2162 -0.2907
vn 0.9191 -0.2089 -0.3342
vn 0.9582 -0.1387 -0.2501
vn -0.8735 -0.4813 -0.0736
vn -0.8927 -0.4458 -0.0664
vn -0.9322 -0.3556 -0.0678
vn 0.4063 -0.8949 0.1846
vn 0.3536 -0.7685 -0.5332
vn -0.4488 -0.8569 -0.2535
vn 0.0817 -0.8019 -0.5919
vn 0.1305 -0.8580 -0.4968
vn 0.5244 0.3961 -0.7537
vn 0.6509 0.3301 0.6837
vn 0.9245 -0.1644 -0.3440
vn 0.6104 -0.7764 0.1568
vn 0.1339 -0.8983 0.4184
vn 0.2515 -0.8818 0.3989
vn -0.7740 -0.6241 0.1072
vn -0.4962 -0.7495 0.4382
vn -0.2485 -0.7673 0.5912
vn 0.2555 -0.6659 -0.7009
vn 0.1971 -0.6119 -0.7660
vn 0.4682 -0.8547 0.2242
vn 0.4837 -0.8588 0.1686
vn 0.4573 -0.8812 0.1196
vn -0.0441 -0.0110 -0.9990
vn -0.8250 0.5605 -0.0729
vn -0.2232 -0.3582 -0.9066
vn 0.6119 0.7735 0.1654
vn -0.4864 -0.4037 -0.7749
vn 0.1528 0.9806 -0.1230
vn -0.7081 0.0197 0.7058
vn -0.9393 0.2859 -0.1896
vn -0.0309 0.6649 -0.7463
vn -0.9544 0.1127 0.2764
vn -0.7007 0.1815 0.6900
vn -0.0798 0.6610 0.7462
vn -0.3557 0.8054 0.4741
vn -0.5629 0.8118 0.1551
vn -0.3456 0.8607 0.3739
vn -0.2743 0.4674 0.8404
vn 0.2039 -0.8691 0.4507
vn 0.3994 -0.8632 -0.3088
vn -0.8219 -0.5651 0.0723
vn 0.5711 0.0998 0.8148
vn 0.1665 0.1433 0.9756
vn 0.9089 -0.0428 0.4148
vn 0.9456 0.2671 -0.1858
vn 0.0577 0.6074 -0.7923
vn 0.7487 0.6513 -0.1235
vn -0.7302 -0.2336 -0.6421
vn -0.8750 0.2493 -0.4150
vn 0.4042 -0.5393 -0.7387
vn 0.3579 -0.4447 -0.8210
vn 0.6350 -0.5071 -0.5828
vn 0.5590 -0.3080 -0.7698
vn 0.8884 0.3771 -0.2618
vn 0.8750 0.2496 -0.4148
vn -0.6540 -0.2056 -0.7280
vn -0.8265 0.2178 -0.5191
vn 0.2332 -0.8133 0.5330
vn 0.2242 -0.5711 0.7897
vn 0.3138 -0.9423 -0.1168
vn 0.3557 -0.9332 0.0508
vn 0.2424 -0.8679 -0.4337
vn 0.2631 -0.9282 -0.2630
vn -0.8499 -0.0838 -0.5203
vn -0.8926 0.0735 -0.4449
vn -0.7617 -0.6008 -0.2425
vn -0.6902 -0.7229 -0.0312
vn -0.9124 -0.1547 -0.3789
vn -0.6684 -0.5246 -0.5273
vn -0.6620 -0.6140 -0.4298
vn -0.9726 0.0663 -0.2227
vn 0.4020 -0.8380 0.3689
vn 0.2642 -0.6032 0.7526
vn 0.7396 -0.5541 -0.3820
vn 0.6622 -0.6139 -0.4297
vn -0.9141 0.2214 -0.3398
vn 0.3223 -0.9124 0.2523
vn -0.2330 -0.8135 0.5328
vn 0.2783 -0.7038 -0.6536
vn -0.2422 -0.8680 -0.4336
vn 0.6684 -0.5246 -0.5273
vn 0.7617 -0.6009 -0.2425
vn 0.7235 -0.5706 0.3886
vn 0.7086 -0.7044 0.0412
vn 0.9141 0.2212 -0.3398
vn 0.9961 0.0870 0.0115
vn -0.7394 -0.5542 -0.3822
vn -0.7087 -0.7043 0.0411
vn -0.4021 -0.8381 0.3687
vn 0.6901 -0.7230 -0.0313
vn 0.7302 -0.2336 -0.6420
vn 0.8504 -0.3340 -0.4065
vn -0.7236 -0.5705 0.3885
vn 0.2966 0.9443 -0.1426
vn 0.6065 0.7708 0.1951
vn 0.5662 -0.0501 0.8227
vn -0.6067 0.7706 0.1952
vn -0.9961 0.0870 0.0113
vn 0.7656 -0.6296 0.1319
vn 0.9312 -0.3613 0.0492
vn 0.4669 -0.7669 -0.4404
vn 0.9986 -0.0446 0.0297
vn 0.0251 0.8145 0.5796
vn -0.5101 0.5340 -0.6743
vn 0.0053 0.2593 -0.9658
vn -0.1188 0.2767 -0.9536
vn 0.0012 0.2272 -0.9739
vn -0.4258 -0.6297 0.6497
vn 0.4258 0.6297 -0.6497
vn 0.2460 0.2196 -0.9441
vn -0.2966 0.9443 -0.1425
vn -0.4529 -0.2024 -0.8683
vn 0.4529 0.2024 0.8683
vn 0.9595 0.2402 0.1469
vn -0.7173 0.1958 -0.6687
vn 0.9636 -0.1953 0.1828
vn 0.9916 0.0891 -0.0936
vn 0.8750 0.4698 -0.1171
vn 0.8673 -0.3523 -0.3517
vn -0.2464 0.7152 0.6541
vn -0.8691 0.3072 -0.3876
vn -0.8620 0.4294 -0.2695
vn -0.8816 0.2715 -0.3861
vn -0.8856 -0.2510 -0.3909
vn -0.9876 0.0886 -0.1293
vn -0.8609 0.4842 -0.1565
vn -0.5711 0.7243 -0.3863
vn -0.9667 -0.2455 -0.0720
vn -0.7191 -0.6421 0.2656
vn 0.9667 0.2455 0.0720
vn 0.5710 0.7244 -0.3863
vn 0.9667 -0.2455 -0.0720
vn -0.9667 0.2455 0.0720
vn -0.5408 -0.6212 0.5672
vn 0.5674 -0.7982 -0.2025
vn 0.3043 -0.1340 0.9431
vn -0.1666 -0.3509 0.9215
vn -0.2814 -0.9101 0.3043
vn 0.4753 -0.8402 -0.2612
vn 0.9945 -0.0795 -0.0675
vn -0.9528 -0.2610 0.1552
vn -0.9006 -0.3679 -0.2315
vn -0.1995 -0.9314 -0.3045
vn 0.2809 -0.8984 0.3375
vn 0.1446 -0.3562 0.9232
vn -0.2803 -0.1600 0.9465
vn -0.9720 0.2266 -0.0617
vn -0.5871 -0.7712 -0.2459
vn 0.9202 -0.3021 0.2491
vn 0.7412 -0.6522 0.1587
vn 0.1289 -0.1419 0.9815
vn 0.7833 -0.6180 -0.0675
vn -0.0118 -0.9985 -0.0539
vn -0.0221 -0.0869 0.9960
vn 0.0950 -0.0844 0.9919
vn 0.2504 -0.9679 -0.0199
vn 0.1478 -0.0898 0.9849
vn 0.5049 -0.8612 0.0589
vn -0.0479 0.7168 0.6956
vn -0.0049 0.7603 0.6495
vn -0.2339 0.3027 0.9239
vn -0.1317 0.5865 0.7992
vn -0.1958 0.8659 -0.4603
vn -0.0503 0.7828 -0.6202
vn -0.7958 0.5952 -0.1115
vn -0.2410 0.9192 -0.3114
vn -0.1599 -0.2009 0.9665
vn -0.7818 -0.6235 0.0026
vn -0.1048 -0.1026 0.9892
vn -0.2720 -0.9612 -0.0466
vn -0.5480 -0.8357 -0.0367
vn -0.1491 -0.1459 0.9780
vn 0.0668 0.6992 0.7118
vn 0.2567 0.2489 0.9339
vn 0.1749 0.5238 0.8337
vn 0.1880 -0.9816 0.0330
vn -0.1880 0.9816 -0.0330
vn -0.7666 0.5857 0.2632
vn 0.9402 0.3280 -0.0919
vn 0.0683 0.8592 -0.5071
vn 0.1227 0.9638 -0.2369
vn 0.3891 -0.3328 -0.8590
vn 0.8844 -0.3601 0.2969
vn 0.7107 -0.6659 0.2267
vn 0.4899 -0.8534 0.1783
vn 0.2467 -0.9602 0.1311
vn -0.0055 -0.9945 0.1043
vn -0.2497 -0.9630 0.1011
vn -0.5061 -0.8580 0.0876
vn -0.7375 -0.6691 0.0917
vn -0.9132 -0.3416 0.2223
vn -0.4096 -0.4762 -0.7782
vn 0.6829 -0.5213 -0.5118
vn 0.7796 -0.5644 -0.2715
vn 0.6369 -0.7020 -0.3186
vn 0.4332 -0.8981 -0.0755
vn -0.0228 -0.9835 -0.1795
vn -0.1401 -0.9717 -0.1903
vn -0.5988 -0.7346 -0.3190
vn -0.5543 -0.6245 -0.5502
vn 0.5893 0.3119 0.7453
vn 0.8000 -0.5669 0.1966
vn -0.8000 0.5669 -0.1966
vn 0.8414 -0.3961 0.3677
vn -0.7549 0.2070 0.6224
vn -0.8654 -0.2545 -0.4316
vn -0.8756 -0.2541 -0.4108
vn -0.9101 -0.0190 -0.4139
vn 0.2394 -0.9438 0.2277
vn -0.1663 0.1674 0.9718
vn -0.6883 -0.7241 -0.0437
vn 0.5507 -0.6393 0.5367
vn 0.5845 -0.5855 0.5618
vn 0.6752 0.0246 -0.7372
vn 0.6050 -0.0906 -0.7911
vn 0.4296 -0.7610 0.4862
vn 0.5059 -0.6997 0.5045
vn 0.5309 -0.1891 -0.8261
vn 0.4534 -0.2839 -0.8449
vn 0.1309 -0.8552 0.5015
vn 0.2521 -0.8325 0.4934
vn 0.2657 -0.4424 -0.8566
vn 0.1482 -0.4825 -0.8633
vn 0.8723 0.4786 -0.0999
vn 0.8526 0.0722 -0.5175
vn 0.4988 -0.0045 0.8667
vn 0.5592 0.1237 0.8197
vn 0.8259 0.0026 -0.5638
vn 0.8110 -0.1139 -0.5738
vn 0.4914 -0.1694 0.8543
vn 0.4737 -0.0895 0.8761
vn 0.5788 -0.4359 -0.6892
vn 0.4703 -0.5369 -0.7004
vn 0.4153 -0.5315 0.7383
vn 0.4908 -0.4426 0.7505
vn 0.2591 -0.6621 -0.7032
vn 0.1491 -0.6739 -0.7236
vn 0.1321 -0.6837 0.7177
vn 0.2397 -0.6418 0.7284
vn -0.8050 -0.4308 -0.4078
vn -0.8700 -0.3698 -0.3262
vn -0.8377 -0.2207 -0.4996
vn -0.7423 -0.2338 -0.6279
vn -0.8747 -0.3625 -0.3218
vn -0.8659 -0.2326 -0.4429
vn -0.7928 -0.1238 -0.5968
vn -0.8354 -0.1158 -0.5373
vn -0.5039 0.6223 -0.5990
vn -0.4438 0.5919 -0.6728
vn -0.6738 -0.1488 -0.7238
vn -0.3551 0.5517 -0.7547
vn -0.0157 -0.1925 -0.9812
vn -0.2656 -0.1939 -0.9444
vn -0.1328 0.4265 -0.8947
vn 0.0158 0.4134 -0.9104
vn -0.6890 -0.0045 0.7247
vn -0.6127 0.1171 0.7816
vn -0.5621 0.6543 -0.5059
vn -0.6042 0.5904 -0.5352
vn -0.5275 0.2038 0.8247
vn -0.4469 0.2817 0.8491
vn -0.4239 0.7638 -0.4867
vn -0.5040 0.7125 -0.4882
vn -0.2482 0.4313 0.8674
vn -0.1322 0.4785 0.8681
vn -0.1104 0.8579 -0.5018
vn -0.2311 0.8319 -0.5045
vn -0.8438 0.1304 0.5205
vn -0.5517 0.1852 -0.8132
vn -0.5646 0.1016 -0.8191
vn -0.8731 0.0147 0.4873
vn -0.4898 0.5491 0.6772
vn -0.4382 0.5416 -0.7174
vn -0.5250 0.4370 -0.7303
vn -0.6072 0.4359 0.6643
vn -0.1595 0.6942 0.7019
vn -0.1454 0.7070 -0.6921
vn -0.2503 0.6554 -0.7126
vn -0.2674 0.6736 0.6890
vn 0.6731 -0.4047 0.6189
vn 0.6574 -0.3765 0.6528
vn 0.7103 0.4209 -0.5642
vn 0.7127 0.3469 -0.6097
vn -0.7363 -0.3463 0.5813
vn -0.7009 0.3773 -0.6053
vn -0.6991 0.3402 -0.6289
vn -0.7496 -0.4101 0.5196
vn 0.6251 -0.5383 0.5653
vn 0.7179 0.1378 -0.6824
vn -0.6328 0.5376 -0.5572
vn -0.7220 -0.1334 0.6789
vn -0.8635 -0.0321 0.5033
vn -0.5255 0.0489 -0.8494
vn -0.7799 0.2278 0.5829
vn -0.7071 0.3108 0.6352
vn -0.5805 0.3060 -0.7546
vn -0.5677 0.2386 -0.7879
vn 0.7661 -0.2017 -0.6102
vn 0.6856 -0.3060 -0.6605
vn 0.5531 -0.3023 0.7763
vn 0.5424 -0.2056 0.8145
vn -0.3723 0.6271 0.6842
vn -0.3419 0.6101 -0.7147
vn 0.3637 -0.6112 -0.7030
vn 0.3323 -0.5930 0.7334
vn -0.0397 0.6976 0.7154
vn -0.0359 0.7437 -0.6676
vn 0.0363 -0.6656 -0.7454
vn 0.0315 -0.7112 0.7023
vn -0.8717 -0.0342 0.4888
vn -0.7310 0.2170 -0.6470
vn 0.5587 0.8215 0.1136
vn -0.5991 0.5949 -0.5359
vn 0.6098 0.7819 0.1296
vn 0.6031 0.7905 0.1070
vn 0.4904 0.8640 0.1141
vn 0.2081 0.9664 0.1511
vn -0.0071 0.9860 0.1668
vn -0.0349 -0.3339 -0.9420
vn -0.3165 -0.3125 -0.8956
vn -0.6459 -0.4097 0.6442
vn -0.6545 -0.4693 0.5927
vn -0.7413 0.2464 -0.6243
vn -0.7488 0.3446 -0.5661
vn -0.6077 -0.5651 0.5580
vn -0.5896 -0.5890 0.5527
vn -0.6453 -0.0107 -0.7639
vn -0.6901 0.0743 -0.7199
vn -0.4453 -0.7365 0.5092
vn -0.3509 -0.7928 0.4983
vn -0.3790 -0.3612 -0.8520
vn -0.4795 -0.2618 -0.8376
vn -0.1397 -0.8644 0.4830
vn -0.0142 -0.8672 0.4977
vn -0.0024 -0.4862 -0.8738
vn -0.1456 -0.4585 -0.8767
vn -0.5389 0.1206 0.8337
vn -0.4789 -0.0178 0.8777
vn -0.8672 0.0687 -0.4931
vn -0.8662 0.4899 -0.0987
vn -0.5155 -0.1077 0.8501
vn -0.5678 -0.1784 0.8036
vn -0.7807 -0.1718 -0.6009
vn -0.8497 -0.0388 -0.5258
vn -0.5556 -0.4047 0.7263
vn -0.4528 -0.5253 0.7205
vn -0.5042 -0.4925 -0.7094
vn -0.5935 -0.3987 -0.6992
vn -0.2873 -0.6428 -0.7101
vn -0.2476 -0.6377 0.7294
vn -0.1345 -0.6680 0.7319
vn -0.1524 -0.6780 -0.7191
vn -0.0188 -0.7449 -0.6669
vn 0.3036 -0.3172 -0.8984
vn 0.3120 -0.7217 -0.6179
vn 0.8163 -0.1642 -0.5538
vn 0.7583 -0.1432 -0.6359
vn 0.3830 0.5678 -0.7287
vn 0.4747 0.5977 -0.6461
vn 0.6593 -0.1225 -0.7418
vn 0.3025 0.5287 -0.7931
vn 0.2748 -0.1680 -0.9467
vn 0.1780 0.4733 -0.8627
vn 0.7386 -0.2496 0.6262
vn 0.7600 -0.3423 0.5525
vn 0.6602 0.3976 -0.6372
vn 0.6552 0.4678 -0.5932
vn 0.6551 0.0423 0.7544
vn 0.7002 -0.0593 0.7115
vn 0.6223 0.5685 -0.5381
vn 0.6044 0.6067 -0.5164
vn 0.3695 0.3632 0.8553
vn 0.4819 0.2734 0.8325
vn 0.4506 0.7450 -0.4918
vn 0.3407 0.7995 -0.4947
vn 0.0173 0.8721 -0.4890
vn 0.0048 0.4887 0.8724
vn 0.1400 0.4591 0.8773
vn 0.1334 0.8680 -0.4782
vn 0.8484 0.0453 0.5274
vn 0.5142 0.1161 -0.8498
vn 0.5763 0.1709 -0.7992
vn 0.7869 0.1663 0.5942
vn 0.5969 0.4057 0.6922
vn 0.5588 0.4122 -0.7196
vn 0.4601 0.5357 -0.7081
vn 0.5109 0.5031 0.6971
vn 0.2992 0.6613 0.6879
vn 0.2626 0.6570 -0.7067
vn 0.1508 0.7003 -0.6977
vn 0.1652 0.7070 0.6877
vn -0.5826 -0.7423 0.3310
vn -0.7947 -0.0223 -0.6066
vn 0.5546 -0.8319 -0.0186
vn 0.4472 -0.0860 -0.8903
vn -0.6407 -0.5251 0.5601
vn -0.7284 0.1731 -0.6629
vn 0.7228 -0.1799 0.6672
vn 0.6381 0.5238 -0.5644
vn -0.5620 -0.6397 0.5244
vn -0.5088 -0.6935 0.5101
vn -0.5436 -0.1720 -0.8216
vn -0.5955 -0.0884 -0.7985
vn 0.5996 0.1101 0.7927
vn 0.5703 0.6534 -0.4977
vn 0.5176 0.7032 -0.4875
vn 0.5481 0.1883 0.8149
vn -0.2441 -0.8404 0.4838
vn -0.2664 -0.4246 -0.8653
vn 0.2267 0.8439 -0.4863
vn 0.2515 0.4207 0.8716
vn 0.8753 -0.0198 0.4831
vn 0.4987 0.0726 -0.8637
vn 0.6926 0.2907 0.6602
vn 0.6065 0.2668 -0.7490
vn -0.5998 -0.2646 0.7551
vn -0.6861 -0.2884 -0.6679
vn 0.3508 0.6165 -0.7049
vn 0.4167 0.5870 0.6941
vn -0.3411 -0.6023 0.7217
vn -0.4087 -0.5724 -0.7109
vn 0.0444 0.7376 -0.6738
vn 0.0559 0.7075 0.7045
vn -0.0358 -0.7003 0.7130
vn -0.0493 -0.6722 -0.7387
vn 0.8936 -0.0352 0.4474
vn 0.5751 0.6020 -0.5539
vn -0.5814 0.8005 0.1457
vn -0.5682 0.8134 0.1247
vn -0.5677 0.8125 0.1322
vn -0.4818 0.8692 0.1111
vn 0.2760 0.5178 -0.8098
vn -0.4089 0.9077 0.0937
vn 0.2568 0.5172 -0.8164
vn -0.3395 0.9306 0.1368
vn -0.1931 0.9645 0.1803
vn 0.7407 0.2449 -0.6256
vn -0.8435 -0.5119 -0.1626
vn -0.7838 -0.5959 -0.1746
vn -0.8564 -0.4762 -0.1998
vn -0.8868 -0.3313 -0.3223
vn -0.8731 -0.4339 -0.2224
vn -0.9497 0.1290 0.2853
vn -0.8082 0.2516 0.5325
vn 0.2321 0.7697 0.5947
vn 0.1671 0.5889 0.7908
vn -0.9013 -0.2799 -0.3306
vn -0.9011 -0.3677 -0.2297
vn -0.8990 -0.2250 -0.3757
vn -0.9628 0.0007 0.2704
vn 0.1434 0.3328 0.9320
vn -0.9161 -0.2132 -0.3395
vn 0.2209 0.1019 0.9700
vn -0.9264 -0.0557 0.3725
vn -0.8779 -0.1232 -0.4628
vn -0.9167 -0.1316 -0.3774
vn -0.5359 -0.2787 -0.7970
vn -0.6155 -0.5531 -0.5615
vn -0.4697 -0.1787 -0.8646
vn -0.2352 0.4957 -0.8360
vn 0.3688 0.9205 0.1291
vn -0.5190 -0.5629 0.6432
vn -0.5495 -0.5325 0.6437
vn -0.5988 -0.5069 0.6201
vn -0.5339 -0.1168 0.8375
vn -0.8863 -0.4458 -0.1255
vn -0.4223 0.8212 -0.3838
vn 0.5037 0.3390 -0.7946
vn -0.7711 -0.4490 -0.4514
vn -0.9221 0.0461 0.3842
vn -0.9462 -0.2785 0.1645
vn -0.9835 0.1242 0.1312
vn -0.0372 0.9524 0.3025
vn 0.0578 0.9888 0.1374
vn -0.2220 0.8974 0.3813
vn -0.3384 -0.7157 -0.6110
vn -0.4776 -0.8218 -0.3108
vn -0.1818 -0.9162 -0.3572
vn -0.4239 -0.6750 0.6039
vn -0.1610 -0.8574 0.4888
vn -0.0050 -0.9318 -0.3630
vn -0.0629 -0.8429 0.5344
vn 0.1431 -0.9212 -0.3619
vn 0.9157 -0.0432 0.3995
vn -0.2336 0.1110 0.9660
vn 0.8686 -0.1743 -0.4639
vn 0.9242 -0.1534 -0.3498
vn 0.5873 -0.7054 -0.3969
vn 0.5969 -0.5543 -0.5800
vn 0.9772 -0.0730 0.1996
vn -0.2117 0.4273 0.8790
vn -0.0386 0.8603 0.5082
vn 0.9981 -0.0277 0.0542
vn 0.5120 -0.1318 -0.8488
vn 0.5607 -0.2690 -0.7831
vn 0.0301 -0.8349 0.5496
vn 0.6172 -0.7141 -0.3304
vn 0.7635 -0.5324 -0.3655
vn 0.3511 -0.7695 0.5335
vn 0.7885 -0.4852 -0.3779
vn 0.4355 -0.5952 0.6753
vn 0.8395 -0.2829 -0.4638
vn 0.7708 -0.4039 -0.4927
vn 0.5049 -0.5139 0.6936
vn 0.8041 -0.4476 -0.3912
vn 0.8006 -0.3723 -0.4694
vn 0.5124 -0.2663 0.8164
vn 0.7936 -0.4330 -0.4274
vn 0.7991 -0.3577 -0.4832
vn 0.8203 -0.5499 -0.1574
vn 0.7932 -0.3980 -0.4608
vn 0.7977 -0.3438 -0.4954
vn 0.8859 -0.4389 -0.1500
vn 0.8328 -0.3043 -0.4624
vn 0.0220 -0.2752 0.9611
vn 0.8474 -0.0963 0.5222
vn 0.9783 0.1825 -0.0980
vn 0.9967 -0.0779 0.0238
vn 0.8305 -0.2811 -0.4809
vn 0.7864 -0.4802 -0.3886
vn 0.7411 -0.1570 -0.6528
vn 0.7398 0.0252 -0.6723
vn 0.8677 -0.3991 -0.2962
vn 0.8019 -0.0560 -0.5948
vn 0.8648 -0.4129 -0.2858
vn 0.7773 0.0487 -0.6272
vn 0.8289 -0.0373 -0.5581
vn 0.8680 -0.4049 -0.2874
vn 0.8813 -0.0299 -0.4716
vn 0.8937 -0.3502 -0.2805
vn 0.8478 0.0521 -0.5278
vn -0.2336 0.2607 0.9367
vn 0.9295 -0.0190 0.3683
vn 0.9214 -0.1665 -0.3511
vn 0.7066 0.4993 0.5015
vn -0.7088 0.4801 0.5169
vn -0.0705 0.7458 0.6624
vn -0.3208 -0.0846 0.9434
vn 0.3845 0.8684 -0.3132
vn 0.7715 -0.4782 -0.4196
vn -0.8180 -0.2101 -0.5355
vn 0.6517 -0.7269 0.2167
vn 0.7883 0.0575 -0.6126
vn -0.4326 -0.0928 -0.8968
vn -0.5231 -0.8486 0.0784
vn 0.6641 -0.4695 0.5819
vn 0.7274 0.2418 -0.6422
vn -0.6667 0.4661 -0.5817
vn -0.7260 -0.2452 0.6425
vn -0.3344 0.8011 -0.4964
vn -0.3552 0.3636 0.8612
vn 0.3412 -0.8043 0.4866
vn 0.3625 -0.3751 -0.8532
vn -0.3665 -0.7804 -0.5066
vn -0.3838 -0.7411 -0.5509
vn -0.6594 -0.7295 -0.1817
vn -0.5552 -0.8286 -0.0719
vn 0.1454 -0.0542 -0.9879
vn 0.3214 -0.0259 -0.9466
vn -0.2777 -0.8585 -0.4312
vn 0.4620 -0.0283 -0.8864
vn 0.6912 -0.6763 -0.2548
vn 0.9614 -0.1430 0.2350
vn 0.9050 -0.3081 0.2934
vn 0.6492 -0.5530 -0.5223
vn -0.4420 0.4403 0.7815
vn -0.7709 0.2889 0.5677
vn -0.6746 0.2028 0.7098
vn -0.3047 0.3501 0.8858
vn -0.9681 0.0278 0.2492
vn -0.9562 -0.0966 0.2764
vn -0.4790 0.6204 -0.6210
vn -0.2078 -0.0301 -0.9777
vn -0.2711 -0.0118 -0.9625
vn -0.5814 0.5748 -0.5759
vn 0.3361 -0.7980 -0.5003
vn 0.3791 -0.7618 -0.5253
vn -0.9135 -0.3297 -0.2383
vn -0.4944 -0.6625 -0.5627
vn -0.6449 -0.4187 -0.6393
vn -0.6256 -0.7435 -0.2365
vn -0.8231 -0.5637 -0.0694
vn 0.5654 -0.1923 -0.8021
vn 0.6263 -0.3917 -0.6740
vn 0.5053 -0.7872 -0.3536
vn -0.7596 -0.6454 -0.0802
vn -0.9686 0.0155 0.2482
vn -0.9609 -0.0375 0.2745
vn -0.3940 0.0127 -0.9190
vn -0.6604 0.5097 -0.5514
vn 0.5539 -0.8297 -0.0697
vn 0.6164 -0.7726 -0.1519
vn 0.3557 -0.7371 -0.5746
vn -0.8856 -0.4389 0.1519
vn -0.9725 0.1279 0.1946
vn -0.9985 -0.0531 -0.0108
vn -0.9713 -0.1925 -0.1397
vn -0.8452 -0.5316 0.0556
vn -0.9695 0.1499 0.1938
vn -0.9808 0.1901 0.0432
vn -0.9212 0.3779 0.0924
vn -0.8940 0.4063 -0.1889
vn -0.8676 0.4953 -0.0445
vn -0.9009 0.4339 0.0121
vn -0.8650 0.4961 -0.0755
vn -0.2984 0.7905 -0.5349
vn -0.0742 -0.4194 -0.9048
vn 0.9501 -0.0354 -0.3099
vn 0.4819 0.7952 -0.3680
vn -0.9570 0.2519 0.1438
vn -0.7969 0.4423 0.4114
vn -0.6866 0.6599 0.3051
vn -0.8448 0.5326 -0.0515
vn -0.8809 0.4654 -0.0858
vn -0.4815 0.8222 0.3036
vn -0.6256 0.7371 -0.2554
vn 0.7809 0.1288 0.6113
vn 0.7625 -0.0387 0.6459
vn 0.3050 0.2659 0.9145
vn 0.5110 -0.1325 0.8493
vn 0.3605 0.3368 0.8698
vn -0.2971 0.2616 0.9183
vn -0.6669 -0.0912 0.7395
vn -0.5879 -0.1001 0.8027
vn -0.2079 0.2812 0.9369
vn -0.1748 0.2001 0.9641
vn -0.5009 -0.3072 0.8091
vn -0.7928 -0.4034 0.4569
vn -0.4302 -0.9026 -0.0155
vn -0.1549 -0.0302 -0.9875
vn -0.2486 -0.9029 -0.3507
vn -0.7388 0.5567 -0.3798
vn -0.9302 -0.2983 0.2139
vn -0.9768 -0.2068 0.0559
vn -0.6668 0.6600 -0.3460
vn -0.6361 -0.7690 -0.0627
vn -0.6179 0.2464 -0.7466
vn -0.0011 0.7476 -0.6641
vn 0.9787 0.1018 0.1780
vn 0.9755 -0.0008 0.2201
vn 0.9607 -0.2431 0.1339
vn 0.9792 0.1950 0.0563
vn 0.9178 0.3721 0.1383
vn -0.8680 -0.3066 0.3906
vn -0.7111 -0.0084 0.7031
vn -0.9031 -0.2833 -0.3227
vn -0.7936 -0.4314 0.4290
vn -0.7562 0.5377 -0.3729
vn 0.0577 0.9241 -0.3777
vn 0.0548 0.9634 -0.2625
vn -0.0087 0.9638 -0.2663
vn 0.1277 0.9884 -0.0824
vn 0.2268 0.9498 -0.2156
vn -0.0633 0.6929 0.7183
vn 0.1579 0.6135 0.7738
vn -0.0390 0.8311 0.5548
vn 0.0998 0.8551 0.5087
vn -0.0341 0.8713 0.4895
vn 0.0827 0.9927 0.0876
vn 0.2032 0.9526 0.2263
vn 0.2356 0.9100 0.3410
vn 0.0005 0.9169 0.3990
vn 0.4039 0.8164 -0.4127
vn 0.1772 0.9112 -0.3718
vn 0.3305 0.8759 -0.3515
vn -0.5103 0.7161 -0.4762
vn -0.9029 -0.3440 -0.2577
vn 0.2221 0.8396 -0.4958
vn 0.0655 0.9254 -0.3732
vn 0.1790 0.9266 -0.3308
vn 0.3841 0.8484 -0.3642
vn 0.3879 0.6388 -0.6645
vn 0.6348 0.5288 -0.5634
vn 0.5052 0.6953 -0.5111
vn 0.6931 0.5923 -0.4109
vn 0.0498 0.8949 -0.4435
vn 0.0381 0.9561 -0.2905
vn -0.7388 -0.6074 -0.2920
vn -0.7710 -0.6298 0.0940
vn -0.5044 -0.8458 0.1738
vn -0.5662 -0.8217 -0.0650
vn -0.5348 -0.7653 -0.3582
vn -0.3742 0.8600 -0.3469
vn -0.2496 0.9354 0.2506
vn -0.3399 0.9373 -0.0774
vn -0.4483 0.8707 -0.2021
vn -0.3609 0.8224 -0.4397
vn -0.3580 0.8797 -0.3130
vn -0.3718 0.8900 -0.2639
vn -0.4241 0.8804 -0.2123
vn -0.1471 0.9053 -0.3984
vn -0.1018 0.9304 -0.3520
vn -0.3918 0.8648 -0.3140
vn -0.4437 0.8323 -0.3322
vn -0.2101 0.8995 -0.3831
vn -0.2622 0.9404 -0.2166
vn -0.3665 0.8225 -0.4349
vn -0.5444 0.8144 -0.2011
vn -0.6860 0.7110 -0.1544
vn -0.6661 0.6301 -0.3990
vn -0.6673 0.7112 -0.2212
vn -0.4761 0.7461 -0.4654
vn -0.4157 0.7858 -0.4580
vn -0.2417 0.8779 -0.4133
vn 0.4335 -0.6909 -0.5786
vn -0.0898 0.2131 -0.9729
vn 0.7511 -0.1184 -0.6495
vn 0.2455 0.5630 -0.7892
vn -0.1039 0.8468 -0.5216
vn 0.5437 0.7609 -0.3541
vn -0.1594 0.8644 -0.4768
vn -0.1688 0.9511 -0.2588
vn 0.6127 0.7114 -0.3443
vn -0.2430 0.8593 -0.4501
vn -0.2836 0.9003 -0.3303
vn 0.0288 0.9220 -0.3860
vn 0.5997 0.7563 -0.2615
vn 0.9983 -0.0449 0.0373
vn 0.9911 0.0293 0.1302
vn 0.9960 -0.0628 -0.0635
vn 0.8039 -0.4854 -0.3437
vn 0.6197 -0.6841 -0.3846
vn 0.6958 -0.7182 -0.0107
vn 0.8614 -0.4910 0.1300
vn 0.5554 -0.8303 -0.0453
vn 0.7342 -0.6640 0.1415
vn -0.3957 0.8283 -0.3965
vn -0.4567 0.7840 -0.4203
vn -0.2481 0.9048 -0.3461
vn 0.0132 0.9766 -0.2149
vn -0.9158 0.2334 -0.3269
vn -0.4264 -0.8341 -0.3500
vn -0.5420 -0.4828 -0.6878
vn -0.4777 -0.1276 -0.8692
vn -0.5568 -0.3381 -0.7587
vn 0.6399 -0.3413 -0.6885
vn 0.4959 -0.7119 -0.4973
vn 0.4423 -0.6881 -0.5752
vn 0.5718 -0.5335 -0.6232
vn 0.8956 -0.3720 -0.2439
vn 0.5509 -0.8323 -0.0620
vn 0.1926 0.2869 0.9384
vn 0.4848 -0.1317 0.8647
vn 0.1422 0.2712 0.9520
vn 0.1496 0.2822 0.9476
vn 0.1755 0.2535 0.9513
vn 0.0900 0.1998 0.9757
vn 0.0042 0.2623 0.9650
vn 0.0400 0.1925 0.9805
vn -0.1362 0.8110 0.5690
vn -0.2232 0.8787 0.4220
vn 0.3457 0.6757 0.6511
vn 0.2406 0.8453 0.4771
vn 0.0431 0.9227 0.3831
vn -0.0684 0.9915 0.1106
vn 0.5212 0.8328 0.1865
vn 0.6914 0.6320 0.3500
vn 0.2627 0.9590 0.1063
vn 0.2052 0.9676 -0.1468
vn 0.0396 0.9283 -0.3698
vn 0.4016 0.8661 -0.2975
vn 0.6812 0.7021 -0.2077
vn 0.4624 0.8563 -0.2300
vn 0.6635 0.7258 -0.1814
vn 0.6773 0.7060 -0.2069
vn 0.8332 0.5519 -0.0343
vn 0.8356 0.5183 -0.1819
vn 0.8418 0.5306 -0.0992
vn -0.1255 0.1927 0.9732
vn 0.0132 0.1932 0.9811
vn -0.0299 0.1899 0.9813
vn -0.2670 -0.2894 0.9192
vn 0.0178 -0.3287 0.9443
vn -0.1155 -0.4266 0.8970
vn -0.3700 -0.7077 0.6019
vn -0.1920 -0.7635 0.6166
vn -0.6240 0.0653 -0.7787
vn -0.6425 -0.6348 -0.4291
vn -0.8200 -0.4637 0.3354
vn -0.4956 -0.7831 -0.3757
vn -0.6406 -0.6023 0.4764
vn -0.7801 -0.4646 0.4190
vn -0.2247 -0.7696 0.5977
vn -0.4309 -0.7339 0.5251
vn -0.2349 -0.9314 -0.2782
vn -0.5157 -0.8342 0.1955
vn -0.6437 -0.6152 0.4552
vn -0.6346 -0.6184 0.4635
vn 0.1459 -0.4174 0.8969
vn 0.2693 -0.2970 0.9161
vn -0.0095 -0.7572 0.6531
vn 0.1977 -0.7479 0.6337
vn 0.4256 -0.6829 0.5938
vn -0.0433 -0.7826 0.6210
vn 0.1836 -0.7743 0.6056
vn -0.0465 -0.8291 0.5572
vn 0.1936 -0.8226 0.5347
vn -0.0324 -0.9508 -0.3082
vn -0.6740 -0.4348 -0.5972
vn 0.6654 -0.5252 -0.5305
vn 0.5300 -0.5994 0.5998
vn 0.6860 -0.5219 0.5070
vn 0.3959 -0.7243 0.5646
vn 0.7837 -0.5449 -0.2982
vn 0.5636 -0.6810 0.4675
vn 0.4793 -0.6647 0.5732
vn 0.4911 -0.8391 -0.2340
vn 0.5319 0.7994 0.2792
vn 0.4539 0.7912 0.4099
vn 0.7317 0.6703 0.1237
vn 0.6400 -0.6138 -0.4623
vn -0.5519 -0.5287 -0.6449
vn 0.5519 0.5287 0.6449
vn 0.0132 0.4579 0.8889
vn 0.4589 -0.3075 0.8336
vn 0.3898 0.5190 0.7607
vn 0.7583 0.1855 0.6249
vn 0.3610 0.3084 0.8801
vn 0.1812 0.3386 0.9233
vn -0.0123 0.3314 0.9434
vn 0.2038 0.4078 0.8900
vn 0.3712 0.3776 0.8483
vn -0.0299 0.4545 0.8902
vn 0.9544 0.2434 0.1731
vn 0.7383 0.2746 0.6161
vn 0.7819 0.4138 0.4662
vn 0.9732 0.0117 0.2298
vn 0.9399 0.1788 0.2910
vn 0.3957 0.3775 -0.8372
vn 0.3111 0.2085 -0.9272
vn 0.0059 0.1024 -0.9947
vn -0.1129 0.1134 -0.9871
vn -0.0547 0.1944 -0.9794
vn -0.2724 0.5478 -0.7910
vn 0.2956 0.0504 -0.9540
vn -0.8455 -0.4760 -0.2421
vn 0.9138 -0.0440 -0.4038
vn -0.6146 -0.7510 -0.2412
vn -0.6299 -0.5276 -0.5700
vn -0.4973 -0.7495 -0.4369
vn 0.0099 -0.5537 -0.8327
vn 0.0060 -0.7444 -0.6677
vn 0.5895 -0.4479 -0.6722
vn 0.5133 -0.7406 -0.4336
vn 0.6404 -0.7474 -0.1769
vn 0.0087 -0.1404 -0.9901
vn 0.3375 -0.4087 -0.8479
vn -0.1836 -0.1614 -0.9697
vn 0.8980 0.3196 -0.3025
vn 0.9856 -0.0315 -0.1660
vn 0.7047 -0.6915 0.1590
vn 0.9909 -0.1328 0.0236
vn 0.9175 0.3976 -0.0072
vn 0.9607 0.2180 -0.1717
vn 0.7678 0.5160 -0.3798
vn -0.3149 0.3555 0.8800
vn -0.2684 0.3299 0.9050
vn -0.2708 0.4495 0.8512
vn -0.2525 0.6818 0.6866
vn -0.2988 0.8060 0.5109
vn -0.4598 0.7274 0.5094
vn -0.4959 0.6042 0.6237
vn -0.3465 0.7349 0.5830
vn -0.3183 0.8154 0.4835
vn -0.1864 0.8455 0.5003
vn 0.0062 0.9177 0.3973
vn -0.1893 0.9784 0.0826
vn -0.2153 0.8687 0.4462
vn -0.0641 0.9065 0.4173
vn 0.0085 0.8454 -0.5341
vn -0.1419 0.8031 -0.5787
vn -0.4001 0.9005 0.1703
vn -0.2603 0.9493 0.1761
vn -0.2152 0.7777 -0.5906
vn -0.5214 0.8361 0.1703
vn 0.0832 0.7459 -0.6609
vn -0.1222 0.6868 -0.7165
vn -0.0605 0.9965 -0.0572
vn -0.0665 0.9971 0.0360
vn -0.4326 0.5980 -0.6747
vn -0.1834 0.9776 -0.1030
vn -0.2020 0.7946 -0.5725
vn -0.4877 0.8395 0.2394
vn 0.0159 0.8344 -0.5510
vn -0.2318 0.9278 0.2923
vn 0.2043 0.7940 -0.5726
vn -0.0589 0.9820 0.1795
vn -0.4692 0.8825 -0.0312
vn -0.7996 0.3854 -0.4606
vn -0.9988 -0.0394 -0.0302
vn -0.7207 0.6438 0.2570
vn -0.7131 -0.5077 0.4835
vn -0.2098 -0.6728 0.7094
vn -0.3970 0.1490 0.9056
vn -0.6907 0.3236 0.6467
vn 0.0369 -0.6532 0.7563
vn -0.1070 0.1210 0.9869
vn 0.0477 -0.5932 0.8037
vn 0.0657 0.1697 0.9833
vn -0.0342 -0.5920 0.8052
vn 0.0606 0.1526 0.9864
vn 0.5784 -0.2999 0.7587
vn -0.2032 -0.0535 0.9777
vn 0.0028 -0.8252 0.5648
vn 0.0665 -0.7628 0.6432
vn -0.2794 -0.3589 0.8906
vn -0.2900 -0.4163 0.8617
vn 0.2744 -0.6488 0.7097
vn -0.1935 -0.2086 0.9587
vn -0.4872 -0.7922 0.3675
vn -0.0207 -0.8540 0.5198
vn -0.2312 -0.3918 0.8905
vn -0.6908 -0.5280 0.4940
vn 0.6787 -0.2760 0.6806
vn 0.0628 0.1156 0.9913
vn 0.5773 0.7973 -0.1763
vn 0.2283 0.8734 -0.4302
vn -0.0860 0.9722 0.2177
vn 0.1489 0.9236 0.3532
vn 0.1412 -0.9245 -0.3541
vn 0.2654 -0.9216 -0.2832
vn 0.0954 0.2735 -0.9571
vn 0.1801 0.3289 -0.9270
vn 0.4158 -0.8878 -0.1971
vn 0.1089 0.2347 -0.9659
vn -0.2098 -0.2710 0.9394
vn -0.2288 -0.2326 0.9453
vn -0.3097 -0.1859 0.9325
vn 0.1394 -0.9861 -0.0901
vn 0.0539 -0.9985 -0.0024
vn -0.1173 -0.0805 -0.9898
vn 0.2275 0.0545 -0.9723
vn 0.1285 -0.9868 0.0981
vn -0.4314 -0.2502 -0.8668
vn 0.3709 0.2338 0.8988
vn 0.0810 0.1432 0.9864
vn -0.2042 0.0615 0.9770
vn 0.3908 -0.8961 -0.2106
vn 0.1161 0.2290 -0.9665
vn 0.2548 -0.9498 -0.1818
vn 0.2642 0.1779 -0.9479
vn -0.2201 -0.2537 0.9419
vn -0.1620 -0.3003 0.9400
vn 0.1910 -0.9751 -0.1125
vn 0.4192 0.1188 -0.9001
vn -0.3299 -0.0917 0.9396
vn -0.6281 -0.4313 -0.6477
vn 0.3968 -0.9164 0.0534
vn 0.6385 -0.6902 -0.3405
vn -0.6297 -0.7047 -0.3268
vn 0.5223 -0.3403 -0.7819
vn 0.2983 -0.2427 -0.9231
vn 0.0377 -0.9869 0.1569
vn -0.3412 -0.9399 0.0160
vn -0.1384 0.9876 -0.0745
vn 0.1918 0.9813 -0.0175
vn 0.5553 0.7545 0.3498
vn 0.5679 0.3919 0.7238
vn 0.1729 -0.2572 -0.9508
vn 0.1775 -0.9697 0.1680
vn 0.0747 -0.2985 -0.9515
vn 0.0986 -0.9811 0.1665
vn -0.0069 0.9991 -0.0421
vn -0.1794 0.9832 -0.0327
vn 0.1296 -0.2674 -0.9548
vn 0.0577 -0.9910 0.1211
vn 0.5311 -0.4369 -0.7260
vn 0.4650 -0.8777 -0.1163
vn 0.2511 0.9429 0.2187
vn 0.1640 0.9864 0.0097
vn -0.6496 0.7557 0.0830
vn -0.5772 0.7902 0.2058
vn -0.4845 0.8154 0.3168
vn 0.2295 0.3379 -0.9128
vn 0.2642 0.2381 -0.9346
vn 0.4284 -0.8897 -0.1578
vn 0.3079 -0.8993 -0.3107
vn 0.2294 0.1465 -0.9622
vn 0.6496 -0.7593 -0.0394
vn -0.3093 0.8673 0.3901
vn -0.8332 0.5123 0.2082
vn -0.5971 0.1688 -0.7842
vn 0.1286 0.3424 -0.9307
vn 0.1433 -0.9160 -0.3747
vn -0.5675 -0.7838 -0.2520
vn 0.0467 -0.0815 -0.9956
vn 0.9025 -0.4263 -0.0617
vn -0.0329 -0.9029 -0.4286
vn 0.0549 -0.9266 -0.3720
vn 0.3461 0.3325 -0.8773
vn 0.6239 0.2818 -0.7289
vn -0.3612 -0.1366 0.9224
vn -0.4886 -0.0917 0.8677
vn -0.7019 0.7112 0.0389
vn -0.0257 0.8305 -0.5564
vn -0.0037 0.8669 -0.4985
vn -0.6946 0.6019 -0.3940
vn 0.1279 0.5926 -0.7953
vn -0.0183 0.5843 -0.8113
vn 0.8213 0.5158 -0.2437
vn 0.9994 0.0293 0.0206
vn 0.7008 -0.4713 0.5355
vn 0.5944 0.5708 -0.5664
vn 0.1188 0.6779 -0.7255
vn 0.1056 -0.6894 0.7166
vn -0.0848 -0.7173 0.6916
vn 0.3634 -0.6323 0.6842
vn -0.1803 -0.7704 0.6115
vn -0.0086 -0.8274 0.5616
vn 0.1848 -0.7940 0.5791
vn 0.1905 -0.7793 0.5970
vn 0.0742 -0.8227 0.5637
vn -0.0800 -0.8428 0.5323
vn -0.1989 -0.8404 0.5041
vn -0.3816 -0.8317 0.4034
vn -0.5443 0.4138 -0.7297
vn -0.2601 0.6422 -0.7210
vn -0.0917 0.7593 -0.6442
vn -0.0509 0.6419 -0.7651
vn 0.8698 0.3827 0.3114
vn 0.2530 0.6368 0.7283
vn 0.9288 0.0107 -0.3705
vn -0.1032 -0.6270 -0.7722
vn -0.8654 -0.4359 -0.2471
vn -0.7953 0.3653 0.4838
vn -0.5781 -0.6656 0.4720
vn -0.0224 -0.7573 0.6527
vn -0.0138 -0.4551 0.8903
vn -0.4093 -0.4784 0.7769
vn -0.0289 0.2011 0.9791
vn -0.6569 -0.0001 0.7540
vn -0.4110 0.9043 -0.1156
vn 0.0219 0.9955 -0.0923
vn -0.0280 0.8862 -0.4625
vn -0.6655 0.6106 -0.4292
vn -0.6397 -0.7053 -0.3054
vn -0.0328 -0.9026 -0.4292
vn -0.0178 -0.9921 0.1238
vn -0.4265 -0.9018 0.0700
vn 0.6731 -0.4561 0.5821
vn 0.9652 0.0681 0.2526
vn 0.5621 0.1834 0.8065
vn 0.4419 -0.3393 0.8304
vn -0.9654 -0.2436 0.0931
vn -0.9957 -0.0274 -0.0885
vn -0.7053 0.5558 0.4400
vn -0.6516 0.2168 -0.7270
vn -0.1015 0.3821 -0.9185
vn -0.0715 -0.4836 -0.8724
vn -0.7395 -0.3505 -0.5747
vn 0.4931 0.7266 0.4785
vn 0.9523 0.2889 0.0980
vn 0.5353 0.7991 -0.2736
vn 0.2044 0.9777 -0.0481
vn 0.0056 0.8090 0.5878
vn -0.0726 0.8560 -0.5119
vn -0.7096 0.5151 -0.4808
vn -0.9767 -0.0763 -0.2006
vn -0.9606 -0.2751 -0.0391
vn -0.6007 -0.7004 0.3855
vn -0.0451 -0.7984 0.6005
vn 0.7275 -0.4985 0.4714
vn 0.9927 0.0066 0.1204
vn 0.9836 0.1781 0.0280
vn 0.6228 0.7000 -0.3495
vn -0.0976 0.8122 -0.5751
vn -0.7437 0.4530 -0.4916
vn -0.9714 -0.1004 -0.2154
vn -0.9469 -0.3103 -0.0846
vn -0.5905 -0.7427 0.3158
vn -0.0385 -0.8487 0.5275
vn 0.7087 -0.5881 0.3897
vn 0.9921 -0.1077 0.0645
vn 0.9966 0.0796 -0.0225
vn 0.6424 0.6326 -0.4326
vn 0.5470 -0.8265 0.1331
vn 0.7216 -0.6420 -0.2590
vn 0.7398 -0.2711 -0.6158
vn 0.4511 0.3745 -0.8101
vn -0.1077 0.9898 -0.0936
vn -0.0671 0.8858 -0.4592
vn -0.0226 0.8509 -0.5248
vn 0.0199 0.8117 -0.5837
vn 0.0915 0.3972 -0.9131
vn 0.1769 -0.4374 -0.8817
vn 0.1909 -0.8771 -0.4407
vn 0.1633 -0.9773 0.1349
vn 0.1576 -0.8267 0.5402
vn 0.1739 -0.7677 0.6168
vn 0.1504 -0.7258 0.6713
vn 0.0889 -0.4386 0.8943
vn 0.0079 0.2065 0.9784
vn -0.0789 0.8120 0.5783
vn -0.1312 0.8026 -0.5819
vn 0.1285 0.9684 0.2139
vn 0.2595 0.9621 0.0833
vn -0.0259 0.8053 -0.5923
vn -0.1824 0.7990 -0.5730
vn 0.0797 0.9599 0.2688
vn -0.3316 0.7840 -0.5248
vn -0.0769 0.9468 0.3125
vn 0.5609 0.8072 -0.1840
vn -0.1410 -0.9888 0.0492
vn -0.3771 0.0474 -0.9250
vn -0.2288 0.1488 -0.9620
vn -0.0837 -0.9955 -0.0439
vn 0.2567 -0.2452 0.9349
vn 0.3362 -0.2009 0.9201
vn -0.0379 -0.9981 0.0490
vn -0.3488 -0.0519 -0.9358
vn 0.1085 -0.9924 -0.0587
vn -0.3607 -0.0192 -0.9325
vn 0.3466 -0.2301 0.9094
vn 0.2760 -0.2555 0.9266
vn 0.3632 -0.9287 0.0754
vn 0.3228 0.2601 -0.9100
vn 0.5984 -0.3981 0.6953
vn 0.3218 -0.7857 0.5284
vn 0.1803 -0.7959 0.5779
vn 0.1330 -0.7832 0.6074
vn 0.6992 0.4807 -0.5292
vn 0.6738 -0.6631 0.3259
vn -0.9593 0.2787 -0.0449
vn -0.5377 0.6400 0.5488
vn 0.0693 -0.3450 0.9360
vn -0.3795 -0.7015 0.6032
vn -0.1708 -0.9845 0.0392
vn -0.7259 -0.1979 -0.6587
vn 0.0901 -0.7912 0.6048
vn -0.6108 -0.7840 -0.1107
vn -0.5466 -0.8313 -0.1008
vn -0.3211 0.3167 -0.8925
vn -0.3869 0.3998 -0.8309
vn -0.4727 0.8363 0.2778
vn -0.0229 0.9310 0.3643
vn -0.1850 0.9307 -0.3154
vn -0.3885 -0.4874 0.7820
vn 0.0317 -0.9574 0.2869
vn 0.1969 -0.3611 0.9115
vn 0.2367 0.9242 0.2998
vn 0.3330 -0.3467 0.8769
vn 0.3251 -0.3191 0.8902
vn 0.3325 0.9160 0.2245
vn 0.4155 0.8977 0.1466
vn 0.1066 0.8534 -0.5103
vn 0.0485 0.8881 -0.4571
vn 0.2392 0.7955 -0.5567
vn -0.2118 0.2076 -0.9550
vn -0.2272 0.1931 -0.9545
vn 0.1641 0.8198 -0.5486
vn -0.4602 -0.8819 -0.1027
vn 0.2612 0.8017 -0.5377
vn 0.2650 0.8097 -0.5236
vn -0.1330 -0.9041 0.4061
vn -0.1579 -0.8768 0.4541
vn -0.1835 -0.8301 0.5265
vn -0.4042 -0.9084 -0.1065
vn -0.2794 0.1735 -0.9444
vn -0.2930 0.1699 -0.9409
vn -0.0407 0.9137 -0.4043
vn 0.0388 -0.9407 0.3371
vn -0.7376 0.6720 0.0659
vn -0.6746 -0.5835 0.4521
vn -0.3488 -0.9324 -0.0945
vn -0.2671 -0.9534 -0.1404
vn 0.2196 -0.6436 0.7332
vn -0.0969 -0.8975 0.4303
vn 0.3840 -0.3299 0.8624
vn -0.1418 -0.8308 0.5382
vn -0.0819 -0.8673 0.4911
vn -0.3294 0.1922 -0.9244
vn -0.6465 -0.7606 -0.0596
vn -0.8909 0.1726 -0.4202
vn -0.2057 -0.9462 -0.2499
vn -0.1983 -0.9547 -0.2220
vn -0.0283 -0.9091 0.4156
vn 0.3331 -0.2807 0.9001
vn 0.5239 0.8483 0.0774
vn 0.2470 0.8032 -0.5421
vn 0.5266 0.8185 -0.2296
vn 0.6388 0.7690 0.0246
vn 0.3417 -0.2757 0.8985
vn -0.4264 0.2158 -0.8784
vn -0.8298 -0.2551 0.4964
vn 0.7124 0.0241 0.7014
vn 0.8542 -0.2670 0.4461
vn 0.8272 -0.5587 0.0598
vn 0.9925 0.1120 0.0497
vn 0.1740 -0.1389 -0.9749
s 1
f 774//1 775//2 26//3
f 774//1 26//3 139//4
f 65//5 777//6 778//7
f 65//5 778//7 77//8
f 26//3 775//2 776//9
f 26//3 776//9 71//10
f 779//11 780//12 67//13
f 779//11 67//13 66//14
f 1326//15 1327//16 781//17
f 1326//15 781//17 68//18
f 781//17 782//19 9//20
f 781//17 9//20 68//18
f 139//4 26//3 60//21
f 139//4 60//21 138//22
f 208//23 993//24 994//25
f 208//23 994//25 207//26
f 998//27 999//28 203//29
f 998//27 203//29 204//30
f 227//31 306//32 307//33
f 227//31 307//33 226//34
f 229//35 304//36 305//37
f 229//35 305//37 228//38
f 231//39 302//40 303//41
f 231//39 303//41 230//42
f 301//43 232//44 233//45
f 301//43 233//45 300//46
f 71//10 72//47 60//21
f 71//10 60//21 26//3
f 61//48 65//5 77//8
f 61//48 77//8 78//49
f 62//50 66//14 67//13
f 62//50 67//13 63//51
f 68//18 9//20 8//52
f 68//18 8//52 64//53
f 1325//54 1326//15 68//18
f 1325//54 68//18 64//53
f 232//44 301//43 1323//55
f 232//44 1323//55 1324//56
f 994//25 1315//57 1316//58
f 994//25 1316//58 207//26
f 776//9 777//6 65//5
f 776//9 65//5 71//10
f 61//48 72//47 71//10
f 61//48 71//10 65//5
f 228//38 305//37 306//32
f 228//38 306//32 227//31
f 999//28 1000//59 202//60
f 999//28 202//60 203//29
f 778//7 779//11 66//14
f 778//7 66//14 77//8
f 77//8 66//14 62//50
f 77//8 62//50 78//49
f 230//42 303//41 304//36
f 230//42 304//36 229//35
f 204//30 205//61 997//62
f 204//30 997//62 998//27
f 85//63 76//64 22//65
f 85//63 22//65 87//66
f 23//67 76//64 85//63
f 23//67 85//63 86//68
f 70//69 83//70 87//66
f 70//69 87//66 22//65
f 88//71 24//72 23//67
f 88//71 23//67 86//68
f 1328//73 1329//74 89//75
f 1328//73 89//75 25//76
f 89//75 10//77 1//78
f 89//75 1//78 25//76
f 84//79 83//70 70//69
f 84//79 70//69 21//80
f 140//81 141//82 84//79
f 140//81 84//79 21//80
f 697//83 210//84 211//85
f 697//83 211//85 696//86
f 95//87 94//88 80//89
f 95//87 80//89 40//90
f 97//91 96//92 42//93
f 97//91 42//93 41//94
f 98//95 11//96 6//97
f 98//95 6//97 43//98
f 1317//99 1318//100 98//95
f 1317//99 98//95 43//98
f 92//101 95//87 40//90
f 92//101 40//90 74//102
f 94//88 97//91 41//94
f 94//88 41//94 80//89
f 1005//103 1006//104 149//105
f 1005//103 149//105 150//106
f 1198//107 1199//108 113//109
f 1198//107 113//109 34//110
f 112//111 111//112 34//110
f 112//111 34//110 113//109
f 102//113 34//110 111//112
f 104//114 103//115 106//116
f 104//114 106//116 114//117
f 739//118 740//119 728//120
f 739//118 728//120 729//121
f 114//117 1119//122 1246//123
f 114//117 1246//123 104//114
f 35//124 926//125 927//126
f 35//127 927//128 75//129
f 924//130 1313//131 1314//132
f 924//130 1314//132 38//133
f 38//133 4//134 923//135
f 38//133 923//135 924//130
f 90//136 771//137 772//138
f 90//136 772//138 28//139
f 30//140 770//141 771//137
f 30//140 771//137 90//136
f 47//142 130//143 129//144
f 47//142 129//144 46//145
f 226//34 307//33 308//146
f 226//34 308//146 225//147
f 27//148 52//149 53//150
f 27//148 53//150 28//139
f 18//151 90//136 28//139
f 18//151 28//139 53//150
f 90//136 18//151 32//152
f 90//136 32//152 30//140
f 16//153 105//154 115//155
f 16//153 115//155 17//156
f 91//157 107//158 105//154
f 91//157 105//154 16//153
f 123//159 124//160 106//116
f 123//159 106//116 103//115
f 690//161 691//162 124//160
f 690//161 124//160 123//159
f 873//163 874//164 107//158
f 873//163 107//158 91//157
f 1290//165 1291//166 133//167
f 1290//165 133//167 769//168
f 135//169 134//170 250//171
f 135//169 250//171 251//172
f 27//148 139//4 138//22
f 27//148 138//22 52//149
f 773//173 774//1 139//4
f 773//173 139//4 27//148
f 20//174 141//82 140//81
f 202//60 1000//59 1001//175
f 202//60 1001//175 201//176
f 927//128 928//177 36//178
f 927//128 36//178 75//129
f 767//179 142//180 2//181
f 767//179 2//181 766//182
f 142//180 143//183 3//184
f 142//180 3//184 2//181
f 143//183 144//185 13//186
f 143//183 13//186 3//184
f 1286//187 1287//188 29//189
f 1286//187 29//189 768//190
f 132//191 31//192 248//193
f 132//191 248//193 249//194
f 144//185 317//195 318//196
f 144//185 318//196 13//186
f 142//180 767//179 768//190
f 142//180 768//190 29//189
f 143//183 142//180 29//189
f 143//183 29//189 31//192
f 144//185 143//183 31//192
f 144//185 31//192 132//191
f 317//195 144//185 132//191
f 317//195 132//191 316//197
f 147//198 883//199 164//200
f 147//198 164//200 329//201
f 150//106 149//105 108//202
f 150//106 108//202 116//203
f 162//204 1200//205 1201//206
f 162//204 1201//206 152//207
f 153//208 161//209 162//204
f 153//208 162//204 152//207
f 726//210 727//211 741//212
f 726//210 741//212 742//213
f 159//214 155//215 154//216
f 159//214 154//216 158//217
f 155//215 159//214 1007//218
f 155//215 1007//218 1008//219
f 727//211 728//120 740//119
f 727//211 740//119 741//212
f 149//105 159//214 158//217
f 149//105 158//217 108//202
f 1006//104 1007//218 159//214
f 1006//104 159//214 149//105
f 162//204 161//209 112//111
f 162//204 112//111 113//109
f 113//109 1199//108 1200//205
f 113//109 1200//205 162//204
f 883//199 163//220 119//221
f 883//199 119//221 1119//122
f 114//117 106//116 165//222
f 114//117 165//222 164//200
f 1074//223 1075//224 934//225
f 1074//223 934//225 935//226
f 933//227 934//225 1075//224
f 933//227 1075//224 1076//228
f 932//229 933//227 1076//228
f 932//229 1076//228 1077//230
f 275//231 174//232 1145//233
f 275//231 1145//233 1146//234
f 1211//235 1212//236 175//237
f 1211//235 175//237 1089//238
f 1072//239 1073//240 1016//241
f 1072//239 1016//241 936//242
f 124//160 179//243 165//222
f 124//160 165//222 106//116
f 874//164 875//244 182//245
f 874//164 182//245 107//158
f 182//245 875//244 876//246
f 182//245 876//246 183//247
f 182//245 184//248 105//154
f 182//245 105//154 107//158
f 184//248 182//245 183//247
f 184//248 183//247 181//249
f 171//250 1031//251 1209//252
f 171//250 1209//252 1210//253
f 178//254 148//255 180//256
f 178//254 180//256 185//257
f 184//248 181//249 186//258
f 184//248 186//258 187//259
f 187//259 115//155 105//154
f 187//259 105//154 184//248
f 179//243 124//160 691//162
f 179//243 691//162 692//260
f 692//260 693//261 180//256
f 692//260 180//256 179//243
f 185//257 180//256 693//261
f 185//257 693//261 694//262
f 281//263 1014//264 1009//265
f 281//263 1009//265 1115//266
f 955//267 1214//268 1215//269
f 955//267 1215//269 191//270
f 189//271 185//257 694//262
f 189//271 694//262 695//272
f 181//249 193//273 188//274
f 181//249 188//274 186//258
f 194//275 192//276 188//274
f 194//275 188//274 193//273
f 193//273 181//249 183//247
f 193//273 183//247 195//277
f 194//275 193//273 195//277
f 194//275 195//277 900//278
f 905//279 1116//280 743//281
f 742//213 743//281 725//282
f 742//213 725//282 726//210
f 876//246 877//283 195//277
f 876//246 195//277 183//247
f 898//284 899//285 725//282
f 898//284 725//282 743//281
f 276//286 190//287 1139//288
f 276//286 1139//288 1140//289
f 199//290 178//254 185//257
f 199//290 185//257 189//271
f 751//291 202//60 201//176
f 203//29 202//60 74//102
f 203//29 74//102 40//90
f 204//30 203//29 40//90
f 204//30 40//90 80//89
f 80//89 41//94 205//61
f 80//89 205//61 204//30
f 206//292 205//61 41//94
f 206//292 41//94 42//93
f 207//26 1316//58 1317//99
f 207//26 1317//99 43//98
f 6//97 208//23 207//26
f 6//97 207//26 43//98
f 151//293 150//106 116//203
f 151//293 116//203 209//294
f 738//295 739//118 729//121
f 738//295 729//121 736//296
f 213//297 210//84 697//83
f 213//297 697//83 698//298
f 701//299 702//300 214//301
f 215//302 217//303 219//304
f 215//302 219//304 218//305
f 47//142 220//306 216//307
f 47//142 216//307 130//143
f 217//303 216//307 220//306
f 217//303 220//306 219//304
f 222//308 18//151 53//150
f 222//308 53//150 223//309
f 224//310 223//309 53//150
f 224//310 53//150 52//149
f 138//22 225//147 224//310
f 138//22 224//310 52//149
f 60//21 226//34 225//147
f 60//21 225//147 138//22
f 72//47 227//31 226//34
f 72//47 226//34 60//21
f 61//48 228//38 227//31
f 61//48 227//31 72//47
f 78//49 229//35 228//38
f 78//49 228//38 61//48
f 62//50 230//42 229//35
f 62//50 229//35 78//49
f 63//51 231//39 230//42
f 63//51 230//42 62//50
f 64//53 232//44 1324//56
f 64//53 1324//56 1325//54
f 233//45 232//44 64//53
f 233//45 64//53 8//52
f 222//308 131//311 32//152
f 222//308 32//152 18//151
f 221//312 234//313 235//314
f 221//312 235//314 136//315
f 234//313 221//312 49//316
f 234//313 49//316 236//317
f 237//318 238//319 218//305
f 237//318 218//305 236//317
f 238//319 100//320 215//302
f 238//319 215//302 218//305
f 123//159 103//115 101//321
f 123//159 101//321 14//322
f 690//161 123//159 14//322
f 690//161 14//322 689//323
f 17//156 15//324 214//301
f 17//156 214//301 16//153
f 219//304 234//313 236//317
f 219//304 236//317 218//305
f 234//313 219//304 220//306
f 234//313 220//306 235//314
f 82//325 235//314 220//306
f 82//325 220//306 47//142
f 239//326 100//320 238//319
f 239//326 238//319 720//327
f 702//300 703//328 16//153
f 702//300 16//153 214//301
f 235//314 82//325 240//329
f 235//314 240//329 136//315
f 5//330 145//331 819//332
f 5//330 819//332 820//333
f 249//194 315//334 316//197
f 249//194 316//197 132//191
f 314//335 135//169 251//172
f 314//335 251//172 313//336
f 223//309 310//337 311//338
f 223//309 311//338 222//308
f 310//337 223//309 224//310
f 310//337 224//310 309//339
f 222//308 311//338 312//340
f 222//308 312//340 131//311
f 245//341 849//342 850//343
f 245//341 850//343 243//344
f 243//344 850//343 851//345
f 243//344 851//345 244//346
f 244//346 851//345 852//347
f 244//346 852//347 242//348
f 45//349 856//350 819//332
f 45//349 819//332 145//331
f 246//351 853//352 854//353
f 246//351 854//353 241//354
f 247//355 241//354 854//353
f 247//355 854//353 855//356
f 855//356 856//350 45//349
f 855//356 45//349 247//355
f 246//351 242//348 852//347
f 246//351 852//347 853//352
f 249//194 248//193 134//170
f 249//194 134//170 135//169
f 135//169 314//335 315//334
f 135//169 315//334 249//194
f 251//172 250//171 32//152
f 251//172 32//152 131//311
f 313//336 251//172 131//311
f 313//336 131//311 312//340
f 29//189 1287//188 248//193
f 29//189 248//193 31//192
f 1291//166 250//171 134//170
f 1291//166 134//170 133//167
f 703//328 704//357 91//157
f 703//328 91//157 16//153
f 720//327 253//358 252//359
f 720//327 252//359 239//326
f 224//310 225//147 308//146
f 224//310 308//146 309//339
f 254//360 128//361 252//359
f 254//360 252//359 253//358
f 256//362 257//363 321//364
f 256//362 321//364 322//365
f 1319//366 1320//367 258//368
f 1319//366 258//368 320//369
f 258//368 259//370 319//371
f 258//368 319//371 320//369
f 58//372 842//373 843//374
f 58//372 843//374 57//375
f 59//376 840//377 1321//378
f 59//376 1321//378 1322//379
f 59//376 7//380 839//381
f 59//376 839//381 840//377
f 137//382 848//383 849//342
f 137//382 849//342 245//341
f 79//384 844//385 845//386
f 79//384 845//386 56//387
f 845//386 846//388 73//389
f 845//386 73//389 56//387
f 847//390 848//383 137//382
f 847//390 137//382 55//391
f 846//388 847//390 55//391
f 846//388 55//391 73//389
f 254//360 265//392 99//393
f 254//360 99//393 128//361
f 93//394 99//393 265//392
f 93//394 265//392 255//395
f 150//106 151//293 1004//396
f 150//106 1004//396 1005//103
f 1077//230 1078//397 931//398
f 1077//230 931//398 932//229
f 27//148 28//139 772//138
f 27//148 772//138 773//173
f 50//399 212//400 211//401
f 117//402 857//403 272//404
f 117//402 272//404 269//405
f 1196//406 1197//407 858//408
f 1196//406 858//408 273//409
f 885//410 1135//411 1136//412
f 885//410 1136//412 172//413
f 1019//414 1202//415 1203//416
f 1019//414 1203//416 278//417
f 177//418 1020//419 146//420
f 177//418 146//420 147//198
f 278//421 279//422 1018//423
f 278//417 1018//424 1019//414
f 1071//425 1072//239 936//242
f 1071//425 936//242 937//426
f 1032//427 1033//428 274//429
f 1032//427 274//429 170//430
f 283//431 1070//432 1088//433
f 1179//434 1204//435 1205//436
f 1179//434 1205//436 285//437
f 171//250 287//438 1030//439
f 171//250 1030//439 1031//251
f 283//431 1088//433 1089//238
f 283//431 1089//238 175//237
f 284//440 955//267 191//270
f 284//440 191//270 897//441
f 858//408 859//442 288//443
f 858//408 288//443 273//409
f 266//444 269//405 272//404
f 266//444 272//404 340//445
f 1115//266 1116//280 905//279
f 1115//266 905//279 281//263
f 705//446 873//163 91//157
f 705//446 91//157 704//357
f 863//447 864//448 750//449
f 863//447 750//449 289//450
f 1002//451 1003//452 863//447
f 1002//451 863//447 289//450
f 751//291 201//176 1256//453
f 751//291 1256//453 1257//454
f 236//317 49//316 48//455
f 236//317 48//455 237//318
f 93//394 255//395 293//456
f 93//394 293//456 290//457
f 290//457 293//456 294//458
f 290//457 294//458 39//459
f 39//459 294//458 92//101
f 39//459 92//101 74//102
f 201//176 1001//175 1255//460
f 201//176 1255//460 1256//453
f 237//318 48//455 54//461
f 237//318 54//461 295//462
f 296//463 253//358 720//327
f 296//463 720//327 295//462
f 254//360 253//358 296//463
f 254//360 296//463 297//464
f 295//462 54//461 261//465
f 295//462 261//465 296//463
f 264//466 297//464 296//463
f 264//466 296//463 261//465
f 263//467 298//468 297//464
f 263//467 297//464 264//466
f 293//456 298//468 299//469
f 293//456 299//469 294//458
f 298//468 263//467 262//470
f 298//468 262//470 299//469
f 843//374 844//385 79//384
f 843//374 79//384 57//375
f 267//471 266//444 340//445
f 267//471 340//445 341//472
f 59//376 301//43 300//46
f 59//376 300//46 7//380
f 1322//379 1323//55 301//43
f 1322//379 301//43 59//376
f 303//41 302//40 58//372
f 303//41 58//372 57//375
f 304//36 303//41 57//375
f 304//36 57//375 79//384
f 305//37 304//36 79//384
f 305//37 79//384 56//387
f 306//32 305//37 56//387
f 306//32 56//387 73//389
f 307//33 306//32 73//389
f 307//33 73//389 55//391
f 308//146 307//33 55//391
f 308//146 55//391 137//382
f 309//339 308//146 137//382
f 309//339 137//382 245//341
f 243//344 310//337 309//339
f 243//344 309//339 245//341
f 311//338 310//337 243//344
f 311//338 243//344 244//346
f 312//340 311//338 244//346
f 312//340 244//346 242//348
f 246//351 313//336 312//340
f 246//351 312//340 242//348
f 241//354 314//335 313//336
f 241//354 313//336 246//351
f 315//334 314//335 241//354
f 315//334 241//354 247//355
f 316//197 315//334 247//355
f 316//197 247//355 45//349
f 145//331 317//195 316//197
f 145//331 316//197 45//349
f 318//196 317//195 145//331
f 318//196 145//331 5//330
f 320//369 319//371 11//96
f 320//369 11//96 98//95
f 1318//100 1319//366 320//369
f 1318//100 320//369 98//95
f 322//365 321//364 96//92
f 322//365 96//92 97//91
f 323//473 260//474 256//362
f 323//473 256//362 322//365
f 299//469 262//470 260//474
f 299//469 260//474 323//473
f 326//475 860//476 861//477
f 326//475 861//477 292//478
f 95//87 335//479 336//480
f 95//87 336//480 94//88
f 294//458 299//469 323//473
f 294//458 323//473 92//101
f 1070//432 1071//425 937//426
f 1070//432 937//426 938//481
f 333//482 328//483 329//201
f 333//482 329//201 332//484
f 328//483 884//485 200//486
f 177//418 889//487 330//488
f 177//418 330//488 1121//489
f 172//413 1136//412 1153//490
f 172//413 1153//490 890//491
f 889//487 890//491 331//492
f 889//487 331//492 330//488
f 1171//493 1172//494 330//488
f 1171//493 330//488 331//492
f 1131//495 1171//493 331//492
f 1131//495 331//492 1154//496
f 1236//497 1237//498 333//482
f 1236//497 333//482 332//484
f 1237//498 1238//499 334//500
f 1237//498 334//500 333//482
f 165//222 1243//501 1236//497
f 165//222 1236//497 332//484
f 332//484 329//201 164//200
f 332//484 164//200 165//222
f 179//243 180//256 148//255
f 179//243 148//255 1242//502
f 884//485 885//410 172//413
f 884//485 172//413 200//486
f 173//503 334//500 1238//499
f 173//503 1238//499 1270//504
f 196//505 190//287 276//286
f 196//505 276//286 963//506
f 92//101 323//473 335//479
f 92//101 335//479 95//87
f 94//88 336//480 322//365
f 94//88 322//365 97//91
f 335//479 323//473 322//365
f 335//479 322//365 336//480
f 1196//406 1266//507 340//445
f 1196//406 340//445 272//404
f 758//508 345//509 344//510
f 758//508 344//510 757//511
f 346//512 349//513 786//514
f 346//512 786//514 787//515
f 344//510 351//516 756//517
f 344//510 756//517 757//511
f 785//518 355//519 354//520
f 785//518 354//520 784//521
f 784//521 354//520 815//522
f 784//521 815//522 816//523
f 783//524 357//525 9//20
f 783//524 9//20 782//19
f 345//509 359//526 358//527
f 345//509 358//527 344//510
f 989//528 990//529 363//530
f 989//528 363//530 362//531
f 208//23 365//532 992//533
f 208//23 992//533 993//24
f 987//534 988//535 369//536
f 987//534 369//536 368//537
f 375//538 378//539 377//540
f 375//538 377//540 376//541
f 379//542 382//543 381//544
f 379//542 381//544 380//545
f 383//546 386//547 385//548
f 383//546 385//548 384//549
f 387//550 300//46 233//45
f 387//550 233//45 388//551
f 351//516 344//510 358//527
f 351//516 358//527 389//552
f 390//553 391//554 349//513
f 390//553 349//513 346//512
f 392//555 393//556 354//520
f 392//555 354//520 355//519
f 357//525 394//557 8//52
f 357//525 8//52 9//20
f 393//556 814//558 815//522
f 393//556 815//522 354//520
f 813//559 383//546 384//549
f 813//559 384//549 812//560
f 990//529 991//561 806//562
f 990//529 806//562 363//530
f 787//515 756//517 351//516
f 787//515 351//516 346//512
f 390//553 346//512 351//516
f 390//553 351//516 389//552
f 382//543 375//538 376//541
f 382//543 376//541 381//544
f 986//563 987//534 368//537
f 986//563 368//537 396//564
f 786//514 349//513 355//519
f 786//514 355//519 785//518
f 349//513 391//554 392//555
f 349//513 392//555 355//519
f 386//547 379//542 380//545
f 386//547 380//545 385//548
f 369//536 988//535 989//528
f 369//536 989//528 362//531
f 399//565 401//566 347//567
f 399//565 347//567 348//568
f 352//569 400//570 399//565
f 352//569 399//565 348//568
f 350//571 347//567 401//566
f 350//571 401//566 402//572
f 403//573 400//570 352//569
f 403//573 352//569 353//574
f 403//573 353//574 817//575
f 403//573 817//575 818//576
f 404//577 356//578 1//78
f 404//577 1//78 10//77
f 405//579 343//580 350//571
f 405//579 350//571 402//572
f 342//581 343//580 405//579
f 342//581 405//579 408//582
f 409//583 374//584 708//585
f 409//586 708//587 709//588
f 414//589 417//590 416//591
f 414//589 416//591 415//592
f 418//593 421//594 420//595
f 418//593 420//595 419//596
f 422//597 423//598 6//97
f 422//597 6//97 11//96
f 419//596 420//595 807//599
f 419//596 807//599 808//600
f 424//601 425//602 417//590
f 424//601 417//590 414//589
f 415//592 416//591 421//594
f 415//592 421//594 418//593
f 980//603 981//604 430//605
f 980//603 430//605 429//606
f 434//607 437//608 1218//609
f 434//607 1218//609 1219//610
f 432//611 435//612 436//613
f 432//611 436//613 431//614
f 433//615 431//614 436//613
f 438//616 441//617 440//618
f 438//616 440//618 439//619
f 748//620 730//621 731//622
f 748//620 731//622 747//623
f 1120//624 1247//625 437//608
f 1120//624 437//608 434//607
f 446//626 1035//627 1036//628
f 446//626 1036//628 447//629
f 367//630 395//631 918//632
f 367//630 918//632 919//633
f 370//634 367//630 919//633
f 370//635 919//636 920//637
f 364//638 922//639 923//135
f 364//638 923//135 4//134
f 450//640 451//641 760//642
f 450//640 760//642 761//643
f 452//644 450//640 761//643
f 452//644 761//643 762//645
f 413//646 411//647 409//648
f 413//649 409//586 453//650
f 378//539 455//651 454//652
f 378//539 454//652 377//540
f 456//653 451//641 458//654
f 456//653 458//654 457//655
f 459//656 458//654 451//641
f 459//656 451//641 450//640
f 450//640 452//644 460//657
f 450//640 460//657 459//656
f 462//658 465//659 464//660
f 462//658 464//660 463//661
f 466//662 462//658 463//661
f 466//662 463//661 467//663
f 468//664 439//619 440//618
f 468//664 440//618 469//665
f 687//666 468//664 469//665
f 687//666 469//665 686//667
f 445//668 878//669 879//670
f 445//668 879//670 444//671
f 762//645 1292//672 1293//673
f 762//645 1293//673 452//644
f 473//674 476//675 475//676
f 473//674 475//676 474//677
f 456//653 457//655 359//526
f 456//653 359//526 345//509
f 759//678 456//653 345//509
f 759//678 345//509 758//508
f 406//679 342//581 408//582
f 396//564 479//680 985//681
f 396//564 985//681 986//563
f 918//632 395//631 478//682
f 918//632 478//682 917//683
f 765//684 766//182 2//181
f 765//684 2//181 481//685
f 481//685 2//181 3//184
f 481//685 3//184 482//686
f 482//686 3//184 13//186
f 482//686 13//186 483//687
f 763//688 1288//689 1289//690
f 763//688 1289//690 472//691
f 485//692 488//693 487//694
f 485//692 487//694 486//695
f 483//687 13//186 318//196
f 483//687 318//196 489//696
f 481//685 484//697 764//698
f 481//685 764//698 765//684
f 482//686 486//695 484//697
f 482//686 484//697 481//685
f 483//687 485//692 486//695
f 483//687 486//695 482//686
f 489//696 490//699 485//692
f 489//696 485//692 483//687
f 496//700 673//701 495//702
f 496//700 495//702 886//703
f 430//605 442//704 443//705
f 430//605 443//705 429//606
f 1220//706 1221//707 493//708
f 1220//706 493//708 494//709
f 499//710 498//711 497//712
f 499//710 497//712 500//713
f 733//714 745//715 746//716
f 733//714 746//716 732//717
f 505//718 503//719 504//720
f 505//718 504//720 506//721
f 506//721 978//722 979//723
f 506//721 979//723 505//718
f 1037//724 1038//725 512//726
f 1037//724 512//726 511//727
f 732//717 746//716 747//623
f 732//717 747//623 731//622
f 429//606 443//705 503//719
f 429//606 503//719 505//718
f 979//723 980//603 429//606
f 979//723 429//606 505//718
f 511//727 447//629 1036//628
f 511//727 1036//628 1037//724
f 497//712 435//612 432//611
f 497//712 432//611 500//713
f 1219//610 1220//706 494//709
f 1219//610 494//709 434//607
f 886//703 1120//624 434//607
f 886//703 434//607 494//709
f 441//617 495//702 513//728
f 441//617 513//728 440//618
f 508//729 1083//730 1084//731
f 508//729 1084//731 507//732
f 1084//731 1085//733 428//734
f 1084//731 428//734 507//732
f 1085//733 1086//735 427//736
f 1085//733 427//736 428//734
f 1148//737 1149//738 517//739
f 1148//737 517//739 516//740
f 1230//741 1231//742 1148//737
f 1230//741 1148//737 516//740
f 1022//743 1082//744 1083//730
f 1022//743 1083//730 508//729
f 469//665 440//618 513//728
f 469//665 513//728 522//745
f 444//671 879//670 880//746
f 444//671 880//746 502//747
f 880//746 881//748 501//749
f 880//746 501//749 502//747
f 523//750 467//663 463//661
f 523//750 463//661 525//751
f 525//751 526//752 524//753
f 525//751 524//753 523//750
f 1038//725 1039//754 1025//755
f 1038//725 1025//755 512//726
f 1228//756 1229//757 1045//758
f 1228//756 1045//758 529//759
f 530//760 533//761 532//762
f 530//760 532//762 531//763
f 525//751 535//764 534//765
f 525//751 534//765 526//752
f 535//764 525//751 463//661
f 535//764 463//661 464//660
f 522//745 685//766 686//667
f 522//745 686//667 469//665
f 685//766 522//745 532//762
f 685//766 532//762 684//767
f 533//761 683//768 684//767
f 533//761 684//767 532//762
f 537//769 1021//770 978//722
f 537//769 978//722 506//721
f 1232//771 1233//772 1055//773
f 1232//771 1055//773 515//774
f 540//775 682//776 683//768
f 540//775 683//768 533//761
f 526//752 534//765 536//777
f 526//752 536//777 542//778
f 543//779 542//778 536//777
f 543//779 536//777 541//780
f 542//778 544//781 524//753
f 542//778 524//753 526//752
f 544//781 542//778 543//779
f 544//781 543//779 904//782
f 1235//783 545//784 538//785
f 745//715 733//714 734//786
f 745//715 734//786 744//787
f 501//749 881//748 882//788
f 501//749 882//788 546//789
f 895//790 896//791 735//792
f 895//790 735//792 545//784
f 1055//773 1056//793 514//794
f 1055//773 514//794 515//774
f 682//776 960//795 548//796
f 682//776 548//796 541//780
f 550//797 540//775 533//761
f 550//797 533//761 530//760
f 425//602 551//798 755//799
f 368//537 417//590 425//602
f 368//537 425//602 396//564
f 369//536 416//591 417//590
f 369//536 417//590 368//537
f 416//591 369//536 362//531
f 416//591 362//531 421//594
f 363//530 420//595 421//594
f 363//530 421//594 362//531
f 806//562 807//599 420//595
f 806//562 420//595 363//530
f 6//97 423//598 365//532
f 6//97 365//532 208//23
f 552//800 553//801 442//704
f 552//800 442//704 430//605
f 737//802 948//803 949//804
f 737//802 949//804 730//621
f 710//805 453//650 409//586
f 710//805 409//586 709//588
f 556//806 713//807 714//808
f 556//806 714//808 557//809
f 453//650 710//805 711//810
f 453//650 711//810 558//811
f 558//811 711//810 712//812
f 558//811 712//812 559//813
f 559//813 712//812 713//807
f 559//813 713//807 556//806
f 556//806 561//814 560//815
f 556//806 560//815 559//813
f 413//649 453//650 558//811
f 413//649 558//811 562//816
f 559//813 560//815 562//816
f 559//813 562//816 558//811
f 563//817 564//818 458//654
f 563//817 458//654 459//656
f 565//819 457//655 458//654
f 565//819 458//654 564//818
f 359//526 457//655 565//819
f 359//526 565//819 455//651
f 358//527 359//526 455//651
f 358//527 455//651 378//539
f 389//552 358//527 378//539
f 389//552 378//539 375//538
f 390//553 389//552 375//538
f 390//553 375//538 382//543
f 391//554 390//553 382//543
f 391//554 382//543 379//542
f 392//555 391//554 379//542
f 392//555 379//542 386//547
f 393//556 392//555 386//547
f 393//556 386//547 383//546
f 814//558 393//556 383//546
f 814//558 383//546 813//559
f 233//45 8//52 394//557
f 233//45 394//557 388//551
f 563//817 459//656 460//657
f 563//817 460//657 566//820
f 567//821 570//822 569//823
f 567//821 569//823 568//824
f 568//824 572//825 571//826
f 568//824 571//826 567//821
f 573//827 572//825 561//814
f 573//827 561//814 574//828
f 574//828 561//814 556//806
f 574//828 556//806 557//809
f 468//664 470//829 461//830
f 468//664 461//830 439//619
f 687//666 688//831 470//829
f 687//666 470//829 468//664
f 465//659 462//658 555//832
f 465//659 555//832 471//833
f 560//815 561//814 572//825
f 560//815 572//825 568//824
f 568//824 569//823 562//816
f 568//824 562//816 560//815
f 412//834 413//649 562//816
f 412//834 562//816 569//823
f 557//809 714//808 715//835
f 557//809 715//835 575//836
f 569//823 570//822 576//837
f 569//823 576//837 412//834
f 412//834 576//837 492//838
f 412//839 492//840 491//841
f 5//330 820//333 821//842
f 5//330 821//842 577//843
f 488//693 485//692 490//699
f 488//693 490//699 578//844
f 579//845 580//846 476//675
f 579//845 476//675 473//674
f 564//818 563//817 582//847
f 564//818 582//847 581//848
f 581//848 583//849 565//819
f 581//848 565//819 564//818
f 563//817 566//820 584//850
f 563//817 584//850 582//847
f 585//851 588//852 828//853
f 585//851 828//853 829//854
f 588//852 589//855 827//856
f 588//852 827//856 828//853
f 589//855 590//857 826//858
f 589//855 826//858 827//856
f 591//859 577//843 821//842
f 591//859 821//842 822//860
f 592//861 593//862 824//863
f 592//861 824//863 825//864
f 594//865 823//866 824//863
f 594//865 824//863 593//862
f 822//860 823//866 594//865
f 822//860 594//865 591//859
f 592//861 825//864 826//858
f 592//861 826//858 590//857
f 488//693 473//674 474//677
f 488//693 474//677 487//694
f 473//674 488//693 578//844
f 473//674 578//844 579//845
f 476//675 566//820 460//657
f 476//675 460//657 475//676
f 580//846 584//850 566//820
f 580//846 566//820 476//675
f 487//694 474//677 472//691
f 487//694 472//691 1289//690
f 475//676 460//657 452//644
f 475//676 452//644 1293//673
f 575//836 715//835 716//867
f 575//836 716//867 595//868
f 565//819 583//849 454//652
f 565//819 454//652 455//651
f 599//869 602//870 601//871
f 599//869 601//871 600//872
f 600//872 601//871 809//873
f 600//872 809//873 810//874
f 603//875 604//876 319//371
f 603//875 319//371 259//370
f 605//877 606//878 835//879
f 605//877 835//879 836//880
f 811//881 605//877 836//880
f 811//881 836//880 837//882
f 607//883 838//884 839//381
f 607//883 839//381 7//380
f 608//885 585//851 829//854
f 608//885 829//854 830//886
f 610//887 613//888 833//889
f 610//887 833//889 834//890
f 832//891 833//889 613//888
f 832//891 613//888 615//892
f 830//886 831//893 617//894
f 830//886 617//894 608//885
f 831//893 832//891 615//892
f 831//893 615//892 617//894
f 598//895 597//896 621//897
f 598//895 621//897 620//898
f 622//899 623//900 620//898
f 622//899 620//898 621//897
f 430//605 981//604 982//901
f 430//605 982//901 552//800
f 427//736 1086//735 1087//902
f 427//736 1087//902 624//903
f 456//653 759//678 760//642
f 456//653 760//642 451//641
f 371//904 373//905 372//906
f 1226//907 1227//908 1068//909
f 1226//907 1068//909 628//910
f 625//911 865//912 437//608
f 625//911 437//608 1247//625
f 865//912 1217//913 1218//609
f 865//912 1218//609 437//608
f 1149//738 1150//914 1133//915
f 1149//738 1133//915 517//739
f 1056//793 1170//916 1132//917
f 1056//793 1132//917 514//794
f 545//784 964//918 547//919
f 545//784 547//919 538//785
f 493//708 1221//707 1222//920
f 493//708 1222//920 1028//921
f 634//922 1225//923 1226//907
f 634//922 1226//907 628//910
f 636//924 496//700 493//708
f 636//924 493//708 1028//921
f 1026//925 1027//926 498//711
f 1026//925 498//711 499//710
f 1040//927 1041//928 638//929
f 1040//927 638//929 527//930
f 521//931 640//932 1080//933
f 521//931 1080//933 1081//934
f 640//932 1052//935 1053//936
f 640//932 1053//936 648//937
f 641//938 529//759 1045//758
f 641//938 1045//758 1046//939
f 1065//940 1095//941 1096//942
f 1065//940 1096//942 644//943
f 1042//944 1093//945 1094//946
f 1042//944 1094//946 643//947
f 907//948 646//949 1092//950
f 907//948 1092//950 647//951
f 506//721 504//720 906//952
f 506//721 906//952 537//769
f 632//953 1223//954 1224//955
f 632//953 1224//955 1184//956
f 627//957 635//958 649//959
f 627//957 649//959 645//960
f 1066//961 1067//962 627//957
f 1066//961 627//957 645//960
f 1043//963 1044//964 528//965
f 1043//963 528//965 642//966
f 1090//967 1091//968 519//969
f 1090//967 519//969 646//949
f 1053//936 1054//970 518//971
f 1053//936 518//971 648//937
f 1182//972 1183//973 633//974
f 1182//972 633//974 637//975
f 436//613 866//976 867//977
f 436//613 867//977 433//615
f 618//978 652//979 629//980
f 618//978 629//980 626//981
f 717//982 947//983 597//896
f 718//984 719//985 622//899
f 718//984 622//899 621//897
f 552//800 982//901 983//986
f 552//800 983//986 871//987
f 1087//902 915//988 870//989
f 1087//902 870//989 624//903
f 551//798 653//990 723//991
f 551//798 723//991 755//799
f 572//825 573//827 587//992
f 572//825 587//992 571//826
f 622//899 653//990 657//993
f 622//899 657//993 623//900
f 653//990 551//798 658//994
f 653//990 658//994 657//993
f 551//798 425//602 424//601
f 551//798 424//601 658//994
f 1263//995 1264//996 654//997
f 1263//995 654//997 984//998
f 1261//999 1262//1000 655//1001
f 1261//999 655//1001 916//1002
f 721//1003 659//1004 573//827
f 721//1003 573//827 574//828
f 573//827 659//1004 586//1005
f 573//827 586//1005 587//992
f 659//1004 660//1006 609//1007
f 659//1004 609//1007 586//1005
f 616//1008 609//1007 660//1006
f 616//1008 660//1006 661//1009
f 614//1010 616//1008 661//1009
f 614//1010 661//1009 662//1011
f 657//993 658//994 663//1012
f 657//993 663//1012 662//1011
f 662//1011 663//1012 612//1013
f 662//1011 612//1013 614//1010
f 834//890 835//879 606//878
f 834//890 606//878 610//887
f 619//1014 664//1015 652//979
f 619//1014 652//979 618//978
f 607//883 7//380 300//46
f 607//883 300//46 387//550
f 384//549 605//877 811//881
f 384//549 811//881 812//560
f 385//548 606//878 605//877
f 385//548 605//877 384//549
f 380//545 610//887 606//878
f 380//545 606//878 385//548
f 381//544 613//888 610//887
f 381//544 610//887 380//545
f 376//541 615//892 613//888
f 376//541 613//888 381//544
f 377//540 617//894 615//892
f 377//540 615//892 376//541
f 454//652 608//885 617//894
f 454//652 617//894 377//540
f 583//849 585//851 608//885
f 583//849 608//885 454//652
f 588//852 585//851 583//849
f 588//852 583//849 581//848
f 582//847 589//855 588//852
f 582//847 588//852 581//848
f 584//850 590//857 589//855
f 584//850 589//855 582//847
f 592//861 590//857 584//850
f 592//861 584//850 580//846
f 593//862 592//861 580//846
f 593//862 580//846 579//845
f 578//844 594//865 593//862
f 578//844 593//862 579//845
f 490//699 591//859 594//865
f 490//699 594//865 578//844
f 577//843 591//859 490//699
f 577//843 490//699 489//696
f 318//196 5//330 577//843
f 318//196 577//843 489//696
f 604//876 422//597 11//96
f 604//876 11//96 319//371
f 601//871 419//596 808//600
f 601//871 808//600 809//873
f 602//870 418//593 419//596
f 602//870 419//596 601//871
f 665//1016 602//870 599//869
f 665//1016 599//869 611//1017
f 663//1012 665//1016 611//1017
f 663//1012 611//1017 612//1013
f 664//1015 651//1018 630//1019
f 664//1015 630//1019 1269//1020
f 414//589 415//592 670//1021
f 414//589 670//1021 669//1022
f 658//994 424//601 665//1016
f 658//994 665//1016 663//1012
f 1041//928 1042//944 643//947
f 1041//928 643//947 638//929
f 640//932 648//937 1079//1023
f 640//932 1079//1023 1080//933
f 671//1024 674//1025 673//701
f 671//1024 673//701 672//1026
f 672//1026 673//701 496//700
f 672//1026 496//700 636//924
f 675//1027 671//1024 672//1026
f 675//1027 672//1026 887//1028
f 676//1029 672//1026 636//924
f 676//1029 636//924 891//1030
f 641//938 1158//1031 1134//1032
f 641//938 1134//1032 1069//1033
f 631//1034 676//1029 891//1030
f 631//1034 891//1030 892//1035
f 634//922 628//910 1126//1036
f 634//922 1126//1036 1127//1037
f 628//910 1068//909 1069//1033
f 628//910 1069//1033 1126//1036
f 530//760 531//763 1239//1038
f 530//760 1239//1038 1240//1039
f 550//797 530//760 1240//1039
f 550//797 1240//1039 1241//1040
f 1244//1041 1245//1042 1239//1038
f 1244//1041 1239//1038 531//763
f 674//1025 513//728 495//702
f 674//1025 495//702 673//701
f 522//745 1244//1041 531//763
f 522//745 531//763 532//762
f 543//779 541//780 548//796
f 543//779 548//796 958//1043
f 549//1044 675//1027 887//1028
f 549//1044 887//1028 888//1045
f 1241//1040 1273//1046 550//797
f 656//1047 668//1048 1260//1049
f 424//601 414//589 669//1022
f 424//601 669//1022 665//1016
f 415//592 418//593 602//870
f 415//592 602//870 670//1021
f 669//1022 670//1021 602//870
f 669//1022 602//870 665//1016
f 426//1050 680//1051 666//1052
f 1216//1053 1268//1054 1269//1020
f 1216//1053 1269//1020 630//1019
f 682//776 541//780 536//777
f 682//776 536//777 683//768
f 684//767 683//768 536//777
f 684//767 536//777 534//765
f 535//764 685//766 684//767
f 535//764 684//767 534//765
f 686//667 685//766 535//764
f 686//667 535//764 464//660
f 465//659 687//666 686//667
f 465//659 686//667 464//660
f 465//659 471//833 688//831
f 465//659 688//831 687//666
f 17//156 690//161 689//323
f 17//156 689//323 15//324
f 17//156 115//155 691//162
f 17//156 691//162 690//161
f 692//260 691//162 115//155
f 692//260 115//155 187//259
f 187//259 186//258 693//261
f 187//259 693//261 692//260
f 694//262 693//261 186//258
f 694//262 186//258 188//274
f 695//272 694//262 188//274
f 695//272 188//274 192//276
f 698//298 697//83 129//144
f 698//298 129//144 130//143
f 130//143 216//307 699//1055
f 130//143 699//1055 698//298
f 216//307 217//303 700//1056
f 216//307 700//1056 699//1055
f 217//303 215//302 701//299
f 217//303 701//299 700//1056
f 215//302 100//320 702//300
f 215//302 702//300 701//299
f 100//320 239//326 703//328
f 100//320 703//328 702//300
f 239//326 252//359 704//357
f 239//326 704//357 703//328
f 128//361 705//446 704//357
f 128//361 704//357 252//359
f 706//1057 939//1058 128//361
f 706//1057 128//361 99//393
f 707//1059 706//1057 99//393
f 707//1059 99//393 93//394
f 709//588 708//587 373//1060
f 709//588 373//1060 410//1061
f 554//1062 710//805 709//588
f 554//1062 709//588 410//1061
f 711//810 710//805 554//1062
f 715//835 714//808 555//832
f 715//835 555//832 462//658
f 716//867 715//835 462//658
f 716//867 462//658 466//662
f 717//982 878//669 445//668
f 947//983 948//803 737//802
f 947//983 737//802 718//984
f 622//899 1249//1063 723//991
f 622//899 723//991 653//990
f 720//327 238//319 237//318
f 720//327 237//318 295//462
f 575//836 721//1003 574//828
f 575//836 574//828 557//809
f 596//1064 721//1003 575//836
f 596//1064 575//836 595//868
f 661//1009 598//895 620//898
f 660//1006 659//1004 721//1003
f 660//1006 721//1003 596//1064
f 255//395 298//468 293//456
f 598//895 661//1009 660//1006
f 598//895 660//1006 596//1064
f 297//464 265//392 254//360
f 661//1009 620//898 623//900
f 661//1009 623//900 662//1011
f 662//1011 623//900 657//993
f 297//464 298//468 255//395
f 297//464 255//395 265//392
f 93//394 1248//1065 707//1059
f 945//1066 946//1067 900//278
f 945//1066 900//278 197//1068
f 944//1069 945//1066 197//1068
f 944//1069 197//1068 125//1070
f 125//1070 157//1071 943//1072
f 125//1070 943//1072 944//1069
f 157//1071 126//1073 942//1074
f 157//1071 942//1074 943//1072
f 941//1075 942//1074 126//1073
f 941//1075 126//1073 127//1076
f 730//621 949//804 950//1077
f 730//621 950//1077 731//622
f 950//1077 951//1078 732//717
f 950//1077 732//717 731//622
f 951//1078 952//1079 733//714
f 951//1078 733//714 732//717
f 734//786 733//714 952//1079
f 734//786 952//1079 953//1080
f 735//792 896//791 958//1043
f 735//792 958//1043 548//796
f 940//1081 941//1075 127//1076
f 127//1076 705//446 939//1058
f 127//1076 939//1058 940//1081
f 749//1082 737//802 730//621
f 749//1082 730//621 748//620
f 718//984 737//802 749//1082
f 718//984 749//1082 719//985
f 209//294 116//203 739//118
f 209//294 739//118 738//295
f 116//203 108//202 740//119
f 116//203 740//119 739//118
f 741//212 740//119 108//202
f 741//212 108//202 158//217
f 742//213 741//212 158//217
f 742//213 158//217 154//216
f 743//281 742//213 154//216
f 743//281 154//216 905//279
f 746//716 745//715 504//720
f 746//716 504//720 503//719
f 747//623 746//716 503//719
f 747//623 503//719 443//705
f 442//704 748//620 747//623
f 442//704 747//623 443//705
f 553//801 749//1082 748//620
f 553//801 748//620 442//704
f 707//1059 738//295 736//296
f 707//1059 736//296 706//1057
f 723//991 1249//1063 752//1083
f 723//991 752//1083 1265//1084
f 1248//1065 750//449 864//448
f 1248//1065 864//448 707//1059
f 754//1085 751//291 1257//454
f 754//1085 1257//454 722//1086
f 871//987 872//1087 553//801
f 871//987 553//801 552//800
f 1264//996 1265//1084 752//1083
f 1264//996 752//1083 654//997
f 39//459 754//1085 722//1086
f 39//459 722//1086 290//457
f 74//102 202//60 751//291
f 74//102 751//291 754//1085
f 396//564 753//1088 479//680
f 74//102 754//1085 39//459
f 425//602 755//799 753//1088
f 425//602 753//1088 396//564
f 757//511 756//517 350//571
f 757//511 350//571 343//580
f 342//581 758//508 757//511
f 342//581 757//511 343//580
f 406//679 759//678 758//508
f 406//679 758//508 342//581
f 760//642 759//678 406//679
f 760//642 406//679 407//1089
f 761//643 760//642 407//1089
f 773//173 772//138 19//1090
f 773//173 19//1090 20//174
f 20//174 140//81 774//1
f 20//174 774//1 773//173
f 140//81 21//80 775//2
f 140//81 775//2 774//1
f 776//9 775//2 21//80
f 776//9 21//80 70//69
f 70//69 22//65 777//6
f 70//69 777//6 776//9
f 778//7 777//6 22//65
f 778//7 22//65 76//64
f 76//64 23//67 779//11
f 76//64 779//11 778//7
f 23//67 24//72 780//12
f 23//67 780//12 779//11
f 1327//16 1328//73 25//76
f 1327//16 25//76 781//17
f 25//76 1//78 782//19
f 25//76 782//19 781//17
f 356//578 783//524 782//19
f 356//578 782//19 1//78
f 353//574 784//521 816//523
f 353//574 816//523 817//575
f 352//569 785//518 784//521
f 352//569 784//521 353//574
f 348//568 786//514 785//518
f 348//568 785//518 352//569
f 787//515 786//514 348//568
f 787//515 348//568 347//567
f 350//571 756//517 787//515
f 350//571 787//515 347//567
f 995//1091 996//1092 206//292
f 995//1091 206//292 791//1093
f 792//1094 791//1093 206//292
f 792//1094 206//292 42//93
f 96//92 793//1095 792//1094
f 96//92 792//1094 42//93
f 321//364 794//1096 793//1095
f 321//364 793//1095 96//92
f 257//363 795//1097 794//1096
f 257//363 794//1096 321//364
f 796//1098 841//1099 842//373
f 796//1098 842//373 58//372
f 302//40 797//1100 796//1098
f 302//40 796//1098 58//372
f 798//1101 797//1100 302//40
f 798//1101 302//40 231//39
f 799//1102 798//1101 231//39
f 799//1102 231//39 63//51
f 63//51 67//13 800//1103
f 63//51 800//1103 799//1102
f 780//12 801//1104 800//1103
f 780//12 800//1103 67//13
f 24//72 802//1105 801//1104
f 24//72 801//1104 780//12
f 88//71 803//1106 802//1105
f 88//71 802//1105 24//72
f 921//1107 1295//1108 1296//1109
f 921//1107 1296//1109 805//1110
f 806//562 991//561 1297//1111
f 806//562 1297//1111 1298//1112
f 1298//1112 1299//1113 807//599
f 1298//1112 807//599 806//562
f 808//600 807//599 1299//1113
f 808//600 1299//1113 1300//1114
f 809//873 808//600 1300//1114
f 809//873 1300//1114 1301//1115
f 810//874 809//873 1301//1115
f 810//874 1301//1115 1302//1116
f 1303//1117 1304//1118 811//881
f 1303//1117 811//881 837//882
f 812//560 811//881 1304//1118
f 812//560 1304//1118 1305//1119
f 1305//1119 1306//1120 813//559
f 1305//1119 813//559 812//560
f 1306//1120 1307//1121 814//558
f 1306//1120 814//558 813//559
f 815//522 814//558 1307//1121
f 815//522 1307//1121 1308//1122
f 816//523 815//522 1308//1122
f 816//523 1308//1122 1309//1123
f 817//575 816//523 1309//1123
f 817//575 1309//1123 1310//1124
f 818//576 817//575 1310//1124
f 818//576 1310//1124 1311//1125
f 824//863 823//866 492//838
f 824//863 492//838 576//837
f 825//864 824//863 576//837
f 825//864 576//837 570//822
f 826//858 825//864 570//822
f 826//858 570//822 567//821
f 827//856 826//858 567//821
f 827//856 567//821 571//826
f 828//853 827//856 571//826
f 828//853 571//826 587//992
f 829//854 828//853 587//992
f 829//854 587//992 586//1005
f 830//886 829//854 586//1005
f 830//886 586//1005 609//1007
f 616//1008 831//893 830//886
f 616//1008 830//886 609//1007
f 614//1010 832//891 831//893
f 614//1010 831//893 616//1008
f 612//1013 833//889 832//891
f 612//1013 832//891 614//1010
f 834//890 833//889 612//1013
f 834//890 612//1013 611//1017
f 599//869 835//879 834//890
f 599//869 834//890 611//1017
f 836//880 835//879 599//869
f 836//880 599//869 600//872
f 837//882 836//880 600//872
f 837//882 600//872 810//874
f 1302//1116 1303//1117 837//882
f 1302//1116 837//882 810//874
f 839//381 838//884 603//875
f 839//381 603//875 259//370
f 840//377 839//381 259//370
f 840//377 259//370 258//368
f 1320//367 1321//378 840//377
f 1320//367 840//377 258//368
f 842//373 841//1099 795//1097
f 842//373 795//1097 257//363
f 843//374 842//373 257//363
f 843//374 257//363 256//362
f 256//362 260//474 844//385
f 256//362 844//385 843//374
f 845//386 844//385 260//474
f 845//386 260//474 262//470
f 262//470 263//467 846//388
f 262//470 846//388 845//386
f 263//467 264//466 847//390
f 263//467 847//390 846//388
f 264//466 261//465 848//383
f 264//466 848//383 847//390
f 849//342 848//383 261//465
f 849//342 261//465 54//461
f 850//343 849//342 54//461
f 850//343 54//461 48//455
f 851//345 850//343 48//455
f 851//345 48//455 49//316
f 852//347 851//345 49//316
f 852//347 49//316 221//312
f 853//352 852//347 221//312
f 853//352 221//312 136//315
f 854//353 853//352 136//315
f 854//353 136//315 240//329
f 855//356 854//353 240//329
f 855//1126 240//1127 51//1128
f 1246//123 117//402 104//114
f 858//408 1197//407 1198//107
f 858//408 1198//107 34//110
f 34//110 102//113 859//442
f 34//110 859//442 858//408
f 860//1129 1029//1130 44//1131
f 860//476 44//1132 861//477
f 1078//397 930//1133 931//398
f 151//293 863//447 1003//452
f 151//293 1003//452 1004//396
f 209//294 864//448 863//447
f 209//294 863//447 151//293
f 209//294 738//295 707//1059
f 209//294 707//1059 864//448
f 865//912 625//911 626//981
f 865//912 626//981 629//980
f 629//980 1216//1053 1217//913
f 629//980 1217//913 865//912
f 867//977 866//976 630//1019
f 867//977 630//1019 651//1018
f 655//1001 870//989 915//988
f 655//1001 915//988 916//1002
f 871//987 983//986 984//998
f 871//987 984//998 654//997
f 752//1083 872//1087 871//987
f 752//1083 871//987 654//997
f 705//446 127//1076 873//163
f 127//1076 126//1073 874//164
f 127//1076 874//164 873//163
f 126//1073 157//1071 875//244
f 126//1073 875//244 874//164
f 876//246 875//244 157//1071
f 876//246 157//1071 125//1070
f 125//1070 197//1068 877//283
f 125//1070 877//283 876//246
f 597//896 598//895 596//1064
f 597//896 596//1064 595//868
f 717//982 597//896 595//868
f 717//982 595//868 716//867
f 878//669 717//982 716//867
f 878//669 716//867 466//662
f 879//670 878//669 466//662
f 879//670 466//662 467//663
f 880//746 879//670 467//663
f 880//746 467//663 523//750
f 523//750 524//753 881//748
f 523//750 881//748 880//746
f 882//788 881//748 524//753
f 882//788 524//753 544//781
f 164//200 883//199 1119//122
f 164//200 1119//122 114//117
f 334//500 884//485 328//483
f 334//500 328//483 333//482
f 173//503 885//410 884//485
f 173//503 884//485 334//500
f 493//708 496//700 886//703
f 493//708 886//703 494//709
f 887//1028 672//1026 676//1029
f 888//1045 887//1028 676//1029
f 888//1045 676//1029 631//1034
f 328//483 177//418 147//198
f 328//483 147//198 329//201
f 200//486 889//487 177//418
f 200//486 177//418 328//483
f 172//413 890//491 889//487
f 172//413 889//487 200//486
f 1128//1134 1028//921 632//953
f 891//1030 636//924 1122//1135
f 891//1030 1122//1135 677//1136
f 892//1035 891//1030 677//1136
f 892//1035 677//1136 678//1137
f 191//270 1215//269 196//505
f 191//270 196//505 893//1138
f 724//1139 894//1140 893//1138
f 724//1139 893//1138 196//505
f 895//790 539//1141 901//1142
f 895//790 901//1142 902//1143
f 896//791 895//790 902//1143
f 896//791 902//1143 903//1144
f 954//1145 958//1043 896//791
f 954//1145 896//791 903//1144
f 546//789 882//788 544//781
f 546//789 544//781 904//782
f 191//270 893//1138 898//284
f 191//270 898//284 897//441
f 893//1138 894//1140 899//285
f 893//1138 899//285 898//284
f 946//1067 957//1146 194//275
f 946//1067 194//275 900//278
f 744//787 906//952 504//720
f 744//787 504//720 745//715
f 903//1144 902//1143 744//787
f 903//1144 744//787 734//786
f 953//1080 954//1145 903//1144
f 953//1080 903//1144 734//786
f 155//215 281//263 905//279
f 155//215 905//279 154//216
f 902//1143 901//1142 1013//1147
f 1012//1148 1013//1147 901//1142
f 1012//1148 901//1142 650//1149
f 908//1150 907//948 647//951
f 908//1150 647//951 639//1151
f 909//1152 908//1150 639//1151
f 909//1152 639//1151 520//1153
f 509//1154 910//1155 1023//1156
f 509//1154 1023//1156 1024//1157
f 911//1158 910//1155 509//1154
f 911//1158 509//1154 510//1159
f 448//1160 912//1161 911//1158
f 448//1160 911//1158 510//1159
f 449//1162 913//1163 912//1161
f 449//1162 912//1161 448//1160
f 914//1164 913//1163 449//1162
f 914//1164 449//1162 480//1165
f 869//1166 915//988 914//1164
f 869//1166 914//1164 480//1165
f 916//1002 915//988 869//1166
f 916//1002 869//1166 656//1047
f 1260//1049 1261//999 916//1002
f 1260//1049 916//1002 656//1047
f 918//632 917//683 477//1167
f 918//632 477//1167 397//1168
f 919//633 918//632 397//1168
f 919//1169 397//1170 360//1171
f 923//135 922//639 366//1172
f 923//135 366//1172 12//1173
f 924//130 923//135 12//1173
f 924//130 12//1173 122//1174
f 122//1174 1312//1175 1313//131
f 122//1174 1313//131 924//130
f 928//177 927//128 121//1176
f 928//177 121//1176 120//1177
f 1252//1178 1253//1179 928//177
f 1252//1178 928//177 120//1177
f 930//1133 929//1180 292//478
f 930//1133 292//478 861//477
f 931//398 930//1133 861//477
f 931//398 861//477 44//1132
f 932//229 931//398 44//1132
f 932//229 44//1132 169//1181
f 169//1181 168//1182 933//227
f 169//1181 933//227 932//229
f 168//1182 167//1183 934//225
f 168//1182 934//225 933//227
f 935//226 934//225 167//1183
f 935//226 167//1183 166//1184
f 940//1081 939//1058 706//1057
f 940//1081 706//1057 736//296
f 736//296 729//121 941//1075
f 736//296 941//1075 940//1081
f 729//121 728//120 942//1074
f 729//121 942//1074 941//1075
f 943//1072 942//1074 728//120
f 943//1072 728//120 727//211
f 944//1069 943//1072 727//211
f 944//1069 727//211 726//210
f 726//210 725//282 945//1066
f 726//210 945//1066 944//1069
f 899//285 946//1067 945//1066
f 899//285 945//1066 725//282
f 445//668 948//803 947//983
f 445//668 947//983 717//982
f 949//804 948//803 445//668
f 950//1077 949//804 445//668
f 950//1077 445//668 444//671
f 502//747 951//1078 950//1077
f 502//747 950//1077 444//671
f 501//749 952//1079 951//1078
f 501//749 951//1078 502//747
f 953//1080 952//1079 501//749
f 953//1080 501//749 546//789
f 904//782 954//1145 953//1080
f 904//782 953//1080 546//789
f 197//1068 900//278 195//277
f 197//1068 195//277 877//283
f 284//440 1048//1185 1049//1186
f 284//440 1049//1186 955//267
f 539//1141 956//1187 650//1149
f 539//1141 650//1149 901//1142
f 198//1188 192//276 194//275
f 198//1188 194//275 957//1146
f 894//1140 957//1146 946//1067
f 894//1140 946//1067 899//285
f 724//1139 198//1188 957//1146
f 724//1139 957//1146 894//1140
f 543//779 958//1043 954//1145
f 543//779 954//1145 904//782
f 198//1188 959//1189 695//272
f 198//1188 695//272 192//276
f 198//1188 1282//1190 959//1189
f 964//918 1190//1191 966//1192
f 964//918 966//1192 547//919
f 196//505 963//506 961//1193
f 196//505 961//1193 724//1139
f 962//1194 735//792 548//796
f 962//1194 548//796 1284//1195
f 964//918 545//784 735//792
f 964//918 735//792 962//1194
f 959//1189 969//1196 189//271
f 959//1189 189//271 695//272
f 1166//1197 1191//1198 976//1199
f 1166//1197 976//1199 1275//1200
f 189//271 1276//1201 199//290
f 1282//1190 1283//1202 969//1196
f 1282//1190 969//1196 959//1189
f 1283//1202 974//1203 970//1204
f 1283//1202 970//1204 969//1196
f 960//795 682//776 540//775
f 960//795 540//775 971//1205
f 972//1206 971//1205 540//775
f 972//1206 540//775 1277//1207
f 963//506 1188//1208 973//1209
f 963//506 973//1209 961//1193
f 1188//1208 1189//1210 974//1203
f 1188//1208 974//1203 973//1209
f 1284//1195 1285//1211 975//1212
f 1284//1195 975//1212 962//1194
f 976//1199 975//1212 1285//1211
f 508//729 978//722 1021//770
f 508//729 1021//770 1022//743
f 979//723 978//722 508//729
f 979//723 508//729 507//732
f 507//732 428//734 980//603
f 507//732 980//603 979//723
f 427//736 981//604 980//603
f 427//736 980//603 428//734
f 982//901 981//604 427//736
f 982//901 427//736 624//903
f 983//986 982//901 624//903
f 983//986 624//903 870//989
f 984//998 983//986 870//989
f 984//998 870//989 655//1001
f 1262//1000 1263//995 984//998
f 1262//1000 984//998 655//1001
f 986//563 985//681 478//682
f 986//563 478//682 395//631
f 367//630 987//534 986//563
f 367//630 986//563 395//631
f 367//630 370//634 988//535
f 367//630 988//535 987//534
f 989//528 988//535 370//634
f 989//1213 370//1214 361//1215
f 1296//1109 1297//1111 991//561
f 1296//1109 991//561 805//1110
f 993//24 992//533 364//638
f 993//24 364//638 4//134
f 994//25 993//24 4//134
f 994//25 4//134 38//133
f 1314//132 1315//57 994//25
f 1314//132 994//25 38//133
f 37//1216 996//1092 995//1091
f 37//1216 995//1091 790//1217
f 35//127 999//28 998//27
f 35//1218 998//1219 81//1220
f 35//127 75//129 1000//59
f 35//127 1000//59 999//28
f 1001//175 1000//59 75//129
f 1001//175 75//129 36//178
f 1254//1221 1255//460 1001//175
f 1254//1221 1001//175 36//178
f 862//1222 1003//452 1002//451
f 862//1222 1002//451 291//1223
f 1004//396 1003//452 862//1222
f 1004//396 862//1222 268//1224
f 1005//103 1004//396 268//1224
f 1005//103 268//1224 109//1225
f 109//1225 110//1226 1006//104
f 109//1225 1006//104 1005//103
f 160//1227 1007//218 1006//104
f 160//1227 1006//104 110//1226
f 1008//219 1007//218 160//1227
f 1008//219 160//1227 156//1228
f 1014//264 1015//1229 280//1230
f 1014//264 280//1230 1009//265
f 1010//1231 1047//1232 1048//1185
f 1010//1231 1048//1185 284//440
f 284//440 897//441 1011//1233
f 284//440 1011//1233 1010//1231
f 898//284 1011//1233 897//441
f 640//932 521//931 977//1234
f 640//932 977//1234 1052//935
f 1117//1235 1118//1236 1013//1147
f 1117//1235 1013//1147 1012//1148
f 902//1143 1013//1147 1118//1236
f 902//1143 1118//1236 744//787
f 1008//219 1014//264 281//263
f 1008//219 281//263 155//215
f 156//1228 1015//1229 1014//264
f 156//1228 1014//264 1008//219
f 935//226 1016//241 1073//240
f 935//226 1073//240 1074//223
f 166//1184 1017//1237 1016//241
f 166//1184 1016//241 935//226
f 1019//414 1018//424 153//208
f 1019//414 153//208 152//207
f 1201//206 1202//415 1019//414
f 1201//206 1019//414 152//207
f 977//1234 1021//770 537//769
f 977//1234 537//769 1117//1235
f 1022//743 1021//770 977//1234
f 1022//743 977//1234 521//931
f 1081//934 1082//744 1022//743
f 1081//934 1022//743 521//931
f 1024//1157 1023//1156 909//1152
f 1024//1157 909//1152 520//1153
f 1039//754 1040//927 527//930
f 1039//754 527//930 1025//755
f 633//974 1027//926 1026//925
f 633//974 1026//925 637//975
f 1028//921 1222//920 1223//954
f 1028//921 1223//954 632//953
f 1208//1238 1209//252 1031//251
f 1208//1238 1031//251 270//1239
f 282//1240 1033//428 1032//427
f 282//1240 1032//427 271//1241
f 869//1166 868//1242 668//1048
f 869//1166 668//1048 656//1047
f 1034//1243 868//1242 869//1166
f 1034//1243 869//1166 480//1165
f 1035//627 1034//1243 480//1165
f 1035//627 480//1165 449//1162
f 1036//628 1035//627 449//1162
f 1036//628 449//1162 448//1160
f 1037//724 1036//628 448//1160
f 1037//724 448//1160 510//1159
f 509//1154 1038//725 1037//724
f 509//1154 1037//724 510//1159
f 1024//1157 1039//754 1038//725
f 1024//1157 1038//725 509//1154
f 520//1153 1040//927 1039//754
f 520//1153 1039//754 1024//1157
f 639//1151 1041//928 1040//927
f 639//1151 1040//927 520//1153
f 647//951 1042//944 1041//928
f 647//951 1041//928 639//1151
f 1092//950 1093//945 1042//944
f 1092//950 1042//944 647//951
f 519//969 1044//964 1043//963
f 519//969 1043//963 646//949
f 1229//757 1230//741 516//740
f 1229//757 516//740 1045//758
f 1046//939 1045//758 516//740
f 1046//939 516//740 517//739
f 1047//1232 1009//265 280//1230
f 1047//1232 280//1230 327//1244
f 1048//1185 1047//1232 327//1244
f 1048//1185 327//1244 283//431
f 1049//1186 1048//1185 283//431
f 1049//1186 283//431 175//237
f 175//237 1212//236 1213//1245
f 175//237 1213//1245 1049//1186
f 1051//1246 1050//1247 174//232
f 1051//1246 174//232 275//231
f 1052//935 977//1234 1117//1235
f 1052//935 1117//1235 1012//1148
f 1053//936 1052//935 1012//1148
f 1053//936 1012//1148 650//1149
f 650//1149 956//1187 1054//970
f 650//1149 1054//970 1053//936
f 1055//773 1233//772 1234//1248
f 1055//773 1234//1248 1142//1249
f 1142//1249 1143//1250 1056//793
f 1142//1249 1056//793 1055//773
f 1058//1251 1057//1252 282//1240
f 1058//1251 282//1240 271//1241
f 120//1253 1060//1254 1251//1255
f 120//1177 1251//1256 1252//1178
f 1259//1257 1260//1049 668//1048
f 1259//1258 668//1258 1062//1259
f 638//929 1064//1260 1063//1261
f 638//929 1063//1261 527//930
f 643//947 1065//940 1064//1260
f 643//947 1064//1260 638//929
f 1094//946 1095//941 1065//940
f 1094//946 1065//940 643//947
f 528//965 1067//962 1066//961
f 528//965 1066//961 642//966
f 529//759 1068//909 1227//908
f 529//759 1227//908 1228//756
f 1069//1033 1068//909 529//759
f 1069//1033 529//759 641//938
f 1079//1023 1090//967 646//949
f 1079//1023 646//949 907//948
f 327//1244 1071//425 1070//432
f 327//1244 1070//432 283//431
f 280//1230 1072//239 1071//425
f 280//1230 1071//425 327//1244
f 1015//1229 1073//240 1072//239
f 1015//1229 1072//239 280//1230
f 1074//223 1073//240 1015//1229
f 1074//223 1015//1229 156//1228
f 156//1228 160//1227 1075//224
f 156//1228 1075//224 1074//223
f 1076//228 1075//224 160//1227
f 1076//228 160//1227 110//1226
f 1077//230 1076//228 110//1226
f 1077//230 110//1226 109//1225
f 109//1225 268//1224 1078//397
f 109//1225 1078//397 1077//230
f 862//1222 930//1133 1078//397
f 862//1222 1078//397 268//1224
f 291//1223 929//1180 930//1133
f 291//1223 930//1133 862//1222
f 36//178 928//177 1253//1179
f 36//178 1253//1179 1254//1221
f 1080//933 1079//1023 907//948
f 1080//933 907//948 908//1150
f 1081//934 1080//933 908//1150
f 1081//934 908//1150 909//1152
f 909//1152 1023//1156 1082//744
f 909//1152 1082//744 1081//934
f 1083//730 1082//744 1023//1156
f 1083//730 1023//1156 910//1155
f 1084//731 1083//730 910//1155
f 1084//731 910//1155 911//1158
f 911//1158 912//1161 1085//733
f 911//1158 1085//733 1084//731
f 912//1161 913//1163 1086//735
f 912//1161 1086//735 1085//733
f 1087//902 1086//735 913//1163
f 1087//902 913//1163 914//1164
f 914//1164 915//988 1087//902
f 1088//433 1070//432 938//481
f 1088//433 938//481 287//438
f 1089//238 1088//433 287//438
f 1089//238 287//438 171//250
f 648//937 1090//967 1079//1023
f 648//937 518//971 1091//968
f 648//937 1091//968 1090//967
f 646//949 1043//963 1093//945
f 646//949 1093//945 1092//950
f 1094//946 1093//945 1043//963
f 1094//946 1043//963 642//966
f 642//966 1066//961 1095//941
f 642//966 1095//941 1094//946
f 1096//942 1095//941 1066//961
f 1096//942 1066//961 645//960
f 645//960 649//959 1097//1262
f 645//960 1097//1262 1096//942
f 499//710 1099//1263 1098//1264
f 499//710 1098//1264 1026//925
f 500//713 1100//1265 1099//1263
f 500//713 1099//1263 499//710
f 432//611 1101//1266 1100//1265
f 432//611 1100//1265 500//713
f 431//614 1102//1267 1101//1266
f 431//614 1101//1266 432//611
f 1103//1268 1102//1267 431//614
f 1103//1268 431//614 433//615
f 867//977 1104//1269 1103//1268
f 867//977 1103//1268 433//615
f 1105//1270 1104//1269 867//977
f 1105//1270 867//977 651//1018
f 664//1015 1258//1271 1105//1270
f 664//1015 1105//1270 651//1018
f 1108//1272 1107//1273 288//443
f 1108//1272 288//443 859//442
f 1109//1274 1108//1272 859//442
f 1109//1274 859//442 102//113
f 111//112 112//111 1111//1275
f 111//112 1111//1275 1110//1276
f 112//111 161//209 1112//1277
f 112//111 1112//1277 1111//1275
f 161//209 153//208 1113//1278
f 161//209 1113//1278 1112//1277
f 153//208 1018//424 1114//1279
f 153//208 1114//1279 1113//1278
f 1115//266 1009//265 1047//1232
f 1115//266 1047//1232 1010//1231
f 1010//1231 1011//1233 1116//280
f 1010//1231 1116//280 1115//266
f 743//281 1116//280 1011//1233
f 743//281 1011//1233 898//284
f 906//952 1118//1236 1117//1235
f 906//952 1117//1235 537//769
f 744//787 1118//1236 906//952
f 146//420 163//220 883//199
f 146//420 883//199 147//198
f 495//702 441//617 1120//624
f 495//702 1120//624 886//703
f 1172//494 1121//489 330//488
f 1125//1280 1020//419 177//418
f 1125//1280 177//418 1121//489
f 1184//956 1185//1281 1178//1282
f 1184//956 1178//1282 632//953
f 176//1283 1123//1284 1057//1252
f 176//1283 1057//1252 1058//1251
f 286//1285 1124//1286 1123//1284
f 286//1285 1123//1284 176//1283
f 277//1287 1125//1280 1177//1288
f 1126//1036 1069//1033 1134//1032
f 1126//1036 1134//1032 1173//1289
f 1127//1037 1126//1036 1173//1289
f 1127//1037 1173//1289 1174//1290
f 1174//1290 1178//1282 1185//1281
f 1174//1290 1185//1281 1127//1037
f 1140//289 1141//1291 965//1292
f 1140//289 965//1292 276//286
f 1146//234 1147//1293 1129//1294
f 1146//234 1129//1294 275//231
f 1033//428 1151//1295 1130//1296
f 1033//428 1130//1296 274//429
f 1137//1297 1138//1298 1165//1299
f 1137//1297 1165//1299 1168//1300
f 1156//1301 1176//1302 1163//1303
f 1156//1301 1163//1303 1155//1304
f 1141//1291 1186//1305 1162//1306
f 1141//1291 1162//1306 965//1292
f 1160//1307 1147//1293 1130//1296
f 1160//1307 1130//1296 1159//1308
f 549//1044 888//1045 1137//1297
f 549//1044 1137//1297 968//1309
f 1049//1186 1213//1245 1214//268
f 1049//1186 1214//268 955//267
f 1140//289 1139//288 1050//1247
f 1140//289 1050//1247 1051//1246
f 1051//1246 1169//1310 1141//1291
f 1051//1246 1141//1291 1140//289
f 1142//1249 1234//1248 1235//783
f 1142//1249 1235//783 538//785
f 547//919 1143//1250 1142//1249
f 547//919 1142//1249 538//785
f 547//919 966//1192 1144//1311
f 547//919 1144//1311 1143//1250
f 1210//253 1211//235 1089//238
f 1210//253 1089//238 171//250
f 1146//234 1145//233 170//430
f 1146//234 170//430 274//429
f 1130//1296 1147//1293 1146//234
f 1130//1296 1146//234 274//429
f 515//774 1148//737 1231//742
f 515//774 1231//742 1232//771
f 514//794 1149//738 1148//737
f 514//794 1148//737 515//774
f 1132//917 1150//914 1149//738
f 1132//917 1149//738 514//794
f 282//1240 1157//1312 1151//1295
f 282//1240 1151//1295 1033//428
f 890//491 1153//490 1154//496
f 890//491 1154//496 331//492
f 1133//915 1152//1313 1046//939
f 1133//915 1046//939 517//739
f 1159//1308 1130//1296 1151//1295
f 1157//1312 1175//1314 1159//1308
f 1157//1312 1159//1308 1151//1295
f 631//1034 892//1035 1155//1304
f 631//1034 1155//1304 1138//1298
f 1156//1301 1155//1304 892//1035
f 1156//1301 892//1035 678//1137
f 1131//495 1157//1312 282//1240
f 1131//495 282//1240 1057//1252
f 1046//939 1152//1313 1158//1031
f 1046//939 1158//1031 641//938
f 1154//496 1153//490 1159//1308
f 1154//496 1159//1308 1175//1314
f 1153//490 1160//1307 1159//1308
f 1136//412 1161//1315 1160//1307
f 1136//412 1160//1307 1153//490
f 1192//1316 1193//1317 967//1318
f 1192//1316 967//1318 1279//1319
f 1158//1031 1176//1302 1156//1301
f 1158//1031 1156//1301 1134//1032
f 1165//1299 1164//1320 1150//914
f 1165//1299 1150//914 1132//917
f 1132//917 1170//916 1168//1300
f 1132//917 1168//1300 1165//1299
f 1195//1321 1168//1300 1187//1322
f 1129//1294 1169//1310 1051//1246
f 1129//1294 1051//1246 275//231
f 1161//1315 1167//1323 1169//1310
f 1161//1315 1169//1310 1129//1294
f 1143//1250 1144//1311 1170//916
f 1143//1250 1170//916 1056//793
f 1168//1300 1170//916 1144//1311
f 1168//1300 1144//1311 1187//1322
f 1057//1252 1123//1284 1171//493
f 1057//1252 1171//493 1131//495
f 1123//1284 1124//1286 1172//494
f 1123//1284 1172//494 1171//493
f 1172//494 1177//1288 1125//1280
f 1172//494 1125//1280 1121//489
f 1173//1289 1134//1032 1156//1301
f 1173//1289 1156//1301 678//1137
f 1174//1290 1173//1289 678//1137
f 1174//1290 678//1137 677//1136
f 1122//1135 1174//1290 677//1136
f 1154//496 1175//1314 1157//1312
f 1154//496 1157//1312 1131//495
f 1152//1313 1163//1303 1176//1302
f 1152//1313 1176//1302 1158//1031
f 1124//1286 1181//1324 1177//1288
f 1124//1286 1177//1288 1172//494
f 1180//1325 1181//1324 1124//1286
f 1180//1325 1124//1286 286//1285
f 1122//1135 1128//1134 1178//1282
f 1122//1135 1178//1282 1174//1290
f 632//953 1178//1282 1128//1134
f 1203//416 1204//435 1179//434
f 1203//416 1179//434 278//417
f 277//1287 1177//1288 1181//1324
f 277//1287 1181//1324 1180//1325
f 649//959 635//958 1183//973
f 649//959 1183//973 1182//972
f 1184//956 1224//955 1225//923
f 1184//956 1225//923 634//922
f 1127//1037 1185//1281 1184//956
f 1127//1037 1184//956 634//922
f 1161//1315 1136//412 1135//411
f 1161//1315 1135//411 1167//1323
f 1164//1320 1165//1299 1138//1298
f 1164//1320 1138//1298 1155//1304
f 1160//1307 1161//1315 1129//1294
f 1160//1307 1129//1294 1147//1293
f 1164//1320 1155//1304 1163//1303
f 1133//915 1150//914 1164//1320
f 1133//915 1164//1320 1163//1303
f 1133//915 1163//1303 1152//1313
f 1135//411 885//410 173//503
f 1135//411 173//503 967//1318
f 1137//1297 888//1045 631//1034
f 1137//1297 631//1034 1138//1298
f 1167//1323 1186//1305 1141//1291
f 1167//1323 1141//1291 1169//1310
f 1167//1323 1135//411 967//1318
f 1167//1323 967//1318 1193//1317
f 1187//1322 1144//1311 966//1192
f 1187//1322 966//1192 1166//1197
f 1194//1326 1195//1321 1187//1322
f 1194//1326 1187//1322 1166//1197
f 967//1318 1271//1327 1278//1328
f 967//1318 1278//1328 1279//1319
f 173//503 1270//504 1271//1327
f 173//503 1271//1327 967//1318
f 966//1192 1190//1191 1191//1198
f 966//1192 1191//1198 1166//1197
f 965//1292 1188//1208 963//506
f 965//1292 963//506 276//286
f 1162//1306 1189//1210 1188//1208
f 1162//1306 1188//1208 965//1292
f 962//1194 975//1212 1190//1191
f 962//1194 1190//1191 964//918
f 1191//1198 1190//1191 975//1212
f 1191//1198 975//1212 976//1199
f 1192//1316 1272//1329 1162//1306
f 1186//1305 1193//1317 1192//1316
f 1186//1305 1192//1316 1162//1306
f 1167//1323 1193//1317 1186//1305
f 972//1206 1280//1330 1275//1200
f 972//1206 1275//1200 976//1199
f 968//1309 1195//1321 1194//1326
f 968//1309 1194//1326 1281//1331
f 1137//1297 1168//1300 1195//1321
f 1137//1297 1195//1321 968//1309
f 272//404 857//403 1197//407
f 272//404 1197//407 1196//406
f 1198//107 1197//407 857//403
f 1198//107 857//403 118//1332
f 119//221 1199//108 1198//107
f 119//221 1198//107 118//1332
f 1200//205 1199//108 119//221
f 1200//205 119//221 163//220
f 1201//206 1200//205 163//220
f 1201//206 163//220 146//420
f 146//420 1020//419 1202//415
f 146//420 1202//415 1201//206
f 1203//416 1202//415 1020//419
f 1203//416 1020//419 277//1287
f 277//1287 1180//1325 1204//435
f 277//1287 1204//435 1203//416
f 1205//436 1204//435 1180//1325
f 1205//436 1180//1325 286//1285
f 286//1285 176//1283 1206//1333
f 286//1285 1206//1333 1205//436
f 1058//1251 1207//1334 1206//1333
f 1058//1251 1206//1333 176//1283
f 271//1241 1208//1238 1207//1334
f 271//1241 1207//1334 1058//1251
f 1032//427 1209//252 1208//1238
f 1032//427 1208//1238 271//1241
f 1210//253 1209//252 1032//427
f 1210//253 1032//427 170//430
f 1145//233 1211//235 1210//253
f 1145//233 1210//253 170//430
f 174//232 1212//236 1211//235
f 174//232 1211//235 1145//233
f 1213//1245 1212//236 174//232
f 1213//1245 174//232 1050//1247
f 1214//268 1213//1245 1050//1247
f 1214//268 1050//1247 1139//288
f 1215//269 1214//268 1139//288
f 1215//269 1139//288 190//287
f 1217//913 1216//1053 630//1019
f 1217//913 630//1019 866//976
f 1218//609 1217//913 866//976
f 1218//609 866//976 436//613
f 1219//610 1218//609 436//613
f 1219//610 436//613 435//612
f 435//612 497//712 1220//706
f 435//612 1220//706 1219//610
f 497//712 498//711 1221//707
f 497//712 1221//707 1220//706
f 1222//920 1221//707 498//711
f 1222//920 498//711 1027//926
f 1223//954 1222//920 1027//926
f 1223//954 1027//926 633//974
f 1224//955 1223//954 633//974
f 1224//955 633//974 1183//973
f 1225//923 1224//955 1183//973
f 1225//923 1183//973 635//958
f 1226//907 1225//923 635//958
f 1226//907 635//958 627//957
f 1067//962 1227//908 1226//907
f 1067//962 1226//907 627//957
f 1228//756 1227//908 1067//962
f 1228//756 1067//962 528//965
f 1044//964 1229//757 1228//756
f 1044//964 1228//756 528//965
f 519//969 1230//741 1229//757
f 519//969 1229//757 1044//964
f 1091//968 1231//742 1230//741
f 1091//968 1230//741 519//969
f 1232//771 1231//742 1091//968
f 1232//771 1091//968 518//971
f 518//971 1054//970 1233//772
f 518//971 1233//772 1232//771
f 1234//1248 1233//772 1054//970
f 1234//1248 1054//970 956//1187
f 1235//783 1234//1248 956//1187
f 1235//783 956//1187 539//1141
f 165//222 179//243 1242//502
f 165//222 1242//502 1243//501
f 178//254 1237//498 1236//497
f 178//254 1236//497 148//255
f 199//290 1238//499 1237//498
f 199//290 1237//498 178//254
f 513//728 674//1025 1239//1038
f 513//728 1239//1038 1245//1042
f 1240//1039 1239//1038 674//1025
f 1240//1039 674//1025 671//1024
f 1241//1040 1240//1039 671//1024
f 1241//1040 671//1024 675//1027
f 1243//501 1242//502 148//255
f 1243//501 148//255 1236//497
f 513//728 1245//1042 1244//1041
f 513//728 1244//1041 522//745
f 1246//123 1119//122 119//221
f 1246//123 119//221 118//1332
f 118//1332 857//403 117//402
f 118//1332 117//402 1246//123
f 441//617 438//616 1247//625
f 441//617 1247//625 1120//624
f 625//911 1247//625 438//616
f 872//1087 719//985 749//1082
f 872//1087 749//1082 553//801
f 128//361 939//1058 705//446
f 597//896 947//983 718//984
f 597//896 718//984 621//897
f 722//1086 1248//1065 93//394
f 722//1086 93//394 290//457
f 750//449 1248//1065 722//1086
f 750//449 722//1086 1257//454
f 719//985 1249//1063 622//899
f 752//1083 1249//1063 719//985
f 752//1083 719//985 872//1087
f 341//472 1267//1335 273//409
f 341//472 273//409 288//443
f 1250//1336 341//472 288//443
f 1250//1336 288//443 1107//1273
f 1252//1178 1251//1256 1059//1337
f 1252//1178 1059//1337 326//475
f 292//478 1252//1178 326//475
f 929//1180 1253//1179 1252//1178
f 929//1180 1252//1178 292//478
f 1254//1221 1253//1179 929//1180
f 1254//1221 929//1180 291//1223
f 1002//451 1255//460 1254//1221
f 1002//451 1254//1221 291//1223
f 1256//453 1255//460 1002//451
f 1256//453 1002//451 289//450
f 1257//454 1256//453 289//450
f 1257//454 289//450 750//449
f 619//1338 1106//1339 1258//1340
f 619//1014 1258//1271 664//1015
f 477//1167 1260//1049 1259//1257
f 477//1341 1259//1342 1061//1343
f 917//683 1261//999 1260//1049
f 917//683 1260//1049 477//1167
f 478//682 1262//1000 1261//999
f 478//682 1261//999 917//683
f 985//681 1263//995 1262//1000
f 985//681 1262//1000 478//682
f 479//680 1264//996 1263//995
f 479//680 1263//995 985//681
f 753//1088 1265//1084 1264//996
f 753//1088 1264//996 479//680
f 755//799 723//991 1265//1084
f 755//799 1265//1084 753//1088
f 1266//507 1267//1335 341//472
f 1266//507 341//472 340//445
f 1216//1053 629//980 652//979
f 1216//1053 652//979 1268//1054
f 1196//406 273//409 1267//1335
f 1196//406 1267//1335 1266//507
f 1269//1020 1268//1054 652//979
f 1269//1020 652//979 664//1015
f 1270//504 1238//499 199//290
f 1271//1327 1270//504 199//290
f 1271//1327 199//290 1276//1201
f 1162//1306 1272//1329 974//1203
f 1162//1306 974//1203 1189//1210
f 549//1044 1273//1046 1241//1040
f 549//1044 1241//1040 675//1027
f 968//1309 1274//1344 1273//1046
f 968//1309 1273//1046 549//1044
f 1194//1326 1275//1200 1280//1330
f 1194//1326 1280//1330 1281//1331
f 1166//1197 1275//1200 1194//1326
f 969//1196 970//1204 1276//1201
f 969//1196 1276//1201 189//271
f 1271//1327 1276//1201 970//1204
f 1271//1327 970//1204 1278//1328
f 1277//1207 540//775 550//797
f 1273//1046 1274//1344 1277//1207
f 1273//1046 1277//1207 550//797
f 1278//1328 970//1204 974//1203
f 1278//1328 974//1203 1272//1329
f 1279//1319 1278//1328 1272//1329
f 1279//1319 1272//1329 1192//1316
f 1274//1344 1280//1330 972//1206
f 1274//1344 972//1206 1277//1207
f 1281//1331 1280//1330 1274//1344
f 1281//1331 1274//1344 968//1309
f 196//505 1215//269 190//287
f 539//1141 895//790 545//784
f 539//1141 545//784 1235//783
f 724//1139 961//1193 1282//1190
f 724//1139 1282//1190 198//1188
f 961//1193 973//1209 1283//1202
f 961//1193 1283//1202 1282//1190
f 973//1209 974//1203 1283//1202
f 1284//1195 548//796 960//795
f 960//795 971//1205 1285//1211
f 960//795 1285//1211 1284//1195
f 976//1199 1285//1211 971//1205
f 976//1199 971//1205 972//1206
f 769//168 133//167 1287//188
f 769//168 1287//188 1286//187
f 1289//690 1288//689 764//698
f 1289//690 764//698 484//697
f 770//141 30//140 1291//166
f 770//141 1291//166 1290//165
f 1293//673 1292//672 763//688
f 1293//673 763//688 472//691
f 248//193 1287//188 133//167
f 248//193 133//167 134//170
f 487//694 1289//690 484//697
f 487//694 484//697 486//695
f 30//140 32//152 250//171
f 30//140 250//171 1291//166
f 475//676 1293//673 472//691
f 475//676 472//691 474//677
f 366//1172 922//639 1295//1108
f 366//1345 1295//1346 1294//1347
f 1296//1109 1295//1108 922//639
f 1296//1109 922//639 364//638
f 992//533 1297//1111 1296//1109
f 992//533 1296//1109 364//638
f 1298//1112 1297//1111 992//533
f 1298//1112 992//533 365//532
f 365//532 423//598 1299//1113
f 365//532 1299//1113 1298//1112
f 1300//1114 1299//1113 423//598
f 1300//1114 423//598 422//597
f 1301//1115 1300//1114 422//597
f 1301//1115 422//597 604//876
f 1302//1116 1301//1115 604//876
f 1302//1116 604//876 603//875
f 838//884 1303//1117 1302//1116
f 838//884 1302//1116 603//875
f 607//883 1304//1118 1303//1117
f 607//883 1303//1117 838//884
f 1305//1119 1304//1118 607//883
f 1305//1119 607//883 387//550
f 388//551 1306//1120 1305//1119
f 388//551 1305//1119 387//550
f 394//557 1307//1121 1306//1120
f 394//557 1306//1120 388//551
f 1308//1122 1307//1121 394//557
f 1308//1122 394//557 357//525
f 1309//1123 1308//1122 357//525
f 1309//1123 357//525 783//524
f 1310//1124 1309//1123 783//524
f 1310//1124 783//524 356//578
f 1311//1125 1310//1124 356//578
f 1311//1125 356//578 404//577
f 1313//131 1312//1175 789//1348
f 1313//131 789//1348 925//1349
f 1314//132 1313//131 925//1349
f 1314//132 925//1349 790//1217
f 790//1217 995//1091 1315//57
f 790//1217 1315//57 1314//132
f 1316//58 1315//57 995//1091
f 1316//58 995//1091 791//1093
f 1317//99 1316//58 791//1093
f 1317//99 791//1093 792//1094
f 793//1095 1318//100 1317//99
f 793//1095 1317//99 792//1094
f 794//1096 1319//366 1318//100
f 794//1096 1318//100 793//1095
f 795//1097 1320//367 1319//366
f 795//1097 1319//366 794//1096
f 841//1099 1321//378 1320//367
f 841//1099 1320//367 795//1097
f 1322//379 1321//378 841//1099
f 1322//379 841//1099 796//1098
f 797//1100 1323//55 1322//379
f 797//1100 1322//379 796//1098
f 1324//56 1323//55 797//1100
f 1324//56 797//1100 798//1101
f 1325//54 1324//56 798//1101
f 1325//54 798//1101 799//1102
f 799//1102 800//1103 1326//15
f 799//1102 1326//15 1325//54
f 801//1104 1327//16 1326//15
f 801//1104 1326//15 800//1103
f 802//1105 1328//73 1327//16
f 802//1105 1327//16 801//1104
f 803//1106 1329//74 1328//73
f 803//1106 1328//73 802//1105
f 277//1287 1020//419 1125//1280
f 636//924 1028//921 1128//1134
f 636//924 1128//1134 1122//1135
f 1331//1350 1330//1351 85//63
f 1331//1350 85//63 87//66
f 83//70 1332//1352 1331//1350
f 83//70 1331//1350 87//66
f 1333//1353 1332//1352 83//70
f 1333//1353 83//70 84//79
f 1335//1354 1334//1355 405//1356
f 1335//1357 405//579 402//572
f 402//572 401//566 1336//1358
f 402//572 1336//1358 1335//1357
f 1337//1359 1336//1358 401//566
f 1337//1359 401//566 399//565
f 399//565 400//570 1338//1360
f 399//565 1338//1360 1337//1359
f 403//1361 1339//1362 1338//1363
f 403//573 1338//1360 400//570
f 88//71 86//68 1341//1364
f 88//1365 1341//1366 1340//1367
f 85//63 1330//1351 1341//1364
f 85//63 1341//1364 86//68
f 1355//1368 1356//1369 1354//1370
f 1355//1368 1354//1370 1353//1371
f 1356//1369 1355//1368 1362//1372
f 1356//1369 1362//1372 1360//1373
f 1353//1371 1354//1370 1398//1374
f 1353//1371 1398//1374 1399//1375
f 1373//1376 1371//1377 1372//1378
f 1373//1376 1372//1378 1374//1379
f 1374//1379 1378//1380 1380//1381
f 1374//1379 1380//1381 1373//1376
f 1372//1378 1390//1382 1391//1383
f 1372//1378 1391//1383 1366//1384
f 1371//1377 1389//1385 1390//1382
f 1371//1377 1390//1382 1372//1378
f 1394//1386 1345//1387 1364//1388
f 1394//1386 1364//1388 1393//1389
f 1393//1389 1364//1388 1381//1390
f 1393//1389 1381//1390 1392//1391
f 1381//1390 1366//1384 1391//1383
f 1381//1390 1391//1383 1392//1391
f 1365//1392 1364//1388 1345//1387
f 1365//1392 1345//1387 1346//1393
f 1374//1379 1372//1378 1366//1384
f 1374//1379 1366//1384 1367//1394
f 1381//1390 1364//1388 1365//1392
f 1381//1390 1365//1392 1383//1395
f 1367//1394 1366//1384 1381//1390
f 1367//1394 1381//1390 1383//1395
f 1377//1396 1365//1392 1346//1393
f 1377//1396 1346//1393 1357//1397
f 1378//1380 1374//1379 1367//1394
f 1378//1380 1367//1394 1375//1398
f 1383//1395 1365//1392 1377//1396
f 1383//1395 1377//1396 1384//1399
f 1375//1398 1367//1394 1383//1395
f 1375//1398 1383//1395 1384//1399
f 1398//1374 1354//1370 1348//1400
f 1398//1374 1348//1400 1397//1401
f 1344//1402 1345//1387 1394//1386
f 1344//1402 1394//1386 1395//1403
f 1396//1404 1385//1405 1344//1402
f 1396//1404 1344//1402 1395//1403
f 1396//1404 1397//1401 1348//1400
f 1396//1404 1348//1400 1385//1405
f 1346//1393 1345//1387 1344//1402
f 1346//1393 1344//1402 1347//1406
f 1349//1407 1348//1400 1354//1370
f 1349//1407 1354//1370 1356//1369
f 1387//1408 1347//1406 1344//1402
f 1387//1408 1344//1402 1385//1405
f 1387//1408 1385//1405 1348//1400
f 1387//1408 1348//1400 1349//1407
f 1358//1409 1360//1410 1361//1411
f 1349//1407 1356//1369 1360//1373
f 1349//1407 1360//1373 1358//1412
f 1357//1397 1346//1393 1347//1406
f 1357//1397 1347//1406 1359//1413
f 1387//1408 1349//1407 1358//1412
f 1387//1408 1358//1412 1388//1414
f 1359//1413 1347//1406 1387//1408
f 1359//1413 1387//1408 1388//1414
f 1389//1385 1410//1415 1400//1416
f 1389//1385 1400//1416 1390//1382
f 1391//1383 1390//1382 1400//1416
f 1391//1383 1400//1416 1401//1417
f 1392//1391 1391//1383 1401//1417
f 1392//1391 1401//1417 1402//1418
f 1403//1419 1393//1389 1392//1391
f 1403//1419 1392//1391 1402//1418
f 1404//1420 1394//1386 1393//1389
f 1404//1420 1393//1389 1403//1419
f 1395//1403 1394//1386 1404//1420
f 1395//1403 1404//1420 1405//1421
f 1406//1422 1396//1404 1395//1403
f 1406//1422 1395//1403 1405//1421
f 1406//1422 1407//1423 1397//1401
f 1406//1422 1397//1401 1396//1404
f 1408//1424 1398//1374 1397//1401
f 1408//1424 1397//1401 1407//1423
f 1399//1375 1398//1374 1408//1424
f 1399//1375 1408//1424 1409//1425
f 1401//1417 1400//1416 1369//1426
f 1401//1417 1369//1426 1368//1427
f 1402//1418 1401//1417 1368//1427
f 1402//1418 1368//1427 1382//1428
f 1363//1429 1403//1419 1402//1418
f 1363//1429 1402//1418 1382//1428
f 1342//1430 1404//1420 1403//1419
f 1342//1430 1403//1419 1363//1429
f 1405//1421 1404//1420 1342//1430
f 1405//1421 1342//1430 1343//1431
f 1386//1432 1406//1422 1405//1421
f 1386//1432 1405//1421 1343//1431
f 1386//1432 1350//1433 1407//1423
f 1386//1432 1407//1423 1406//1422
f 1351//1434 1408//1424 1407//1423
f 1351//1434 1407//1423 1350//1433
f 1409//1425 1408//1424 1351//1434
f 1409//1435 1351//1436 1352//1437
f 1400//1416 1410//1415 1370//1438
f 1400//1416 1370//1438 1369//1426
f 1376//1439 1379//1440 1378//1441
f 1376//1442 1378//1443 1375//1444
f 1438//1445 1707//1446 1469//1447
f 1438//1445 1469//1447 1470//1448
f 1704//1449 1437//1450 1705//1451
f 1704//1449 1705//1451 1703//1452
f 1692//1453 1435//1454 1700//1455
f 1692//1453 1700//1455 1691//1456
f 1501//1457 1500//1458 1479//1459
f 1501//1457 1479//1459 1480//1460
f 1514//1461 1678//1462 1679//1463
f 1514//1461 1679//1463 1478//1464
f 1750//1465 1511//1466 1475//1467
f 1750//1465 1475//1467 1749//1468
f 1746//1469 1509//1470 1473//1471
f 1746//1469 1473//1471 1745//1472
f 1417//1473 1418//1474 1423//1475
f 1417//1473 1423//1475 1424//1476
f 1418//1474 1419//1477 1422//1478
f 1418//1474 1422//1478 1423//1475
f 1527//1479 1526//1480 1488//1481
f 1527//1479 1488//1481 1489//1482
f 1519//1483 1527//1479 1489//1482
f 1519//1483 1489//1482 1490//1484
f 1522//1485 1521//1486 1492//1487
f 1522//1485 1492//1487 1493//1488
f 1445//1489 1444//1490 1451//1491
f 1445//1489 1451//1491 1708//1492
f 1706//1493 1701//1494 1702//1495
f 1706//1493 1702//1495 1452//1496
f 1699//1497 1689//1498 1690//1499
f 1699//1497 1690//1499 1454//1500
f 1676//1501 1677//1502 1499//1503
f 1676//1501 1499//1503 1461//1504
f 1458//1505 1496//1506 1751//1507
f 1458//1505 1751//1507 1752//1508
f 1456//1509 1494//1510 1747//1511
f 1456//1509 1747//1511 1748//1512
f 1440//1513 1693//1514 1694//1515
f 1440//1513 1694//1515 1468//1516
f 1446//1517 1449//1518 1695//1519
f 1446//1517 1695//1519 1696//1520
f 1707//1446 1709//1521 1710//1522
f 1707//1446 1710//1522 1469//1447
f 1445//1489 1708//1492 1711//1523
f 1445//1489 1711//1523 1712//1524
f 1462//1525 1461//1504 1499//1503
f 1462//1525 1499//1503 1485//1526
f 1500//1458 1514//1461 1478//1464
f 1500//1458 1478//1464 1479//1459
f 1460//1527 1459//1528 1497//1529
f 1460//1527 1497//1529 1498//1530
f 1513//1531 1512//1532 1476//1533
f 1513//1531 1476//1533 1477//1534
f 1458//1505 1457//1535 1495//1536
f 1458//1505 1495//1536 1496//1506
f 1511//1466 1510//1537 1474//1538
f 1511//1466 1474//1538 1475//1467
f 1456//1509 1738//1539 1740//1540
f 1456//1509 1740//1540 1494//1510
f 1509//1470 1744//1541 1742//1542
f 1509//1470 1742//1542 1473//1471
f 1699//1497 1435//1454 1692//1453
f 1699//1497 1692//1453 1689//1498
f 1706//1493 1437//1450 1704//1449
f 1706//1493 1704//1449 1701//1494
f 1445//1489 1707//1446 1438//1445
f 1445//1489 1438//1445 1444//1490
f 1712//1524 1709//1521 1707//1446
f 1712//1524 1707//1446 1445//1489
f 1696//1520 1693//1514 1440//1513
f 1696//1520 1440//1513 1446//1517
f 1449//1518 1468//1516 1694//1515
f 1449//1518 1694//1515 1695//1519
f 1708//1492 1469//1447 1710//1522
f 1708//1492 1710//1522 1711//1523
f 1451//1491 1470//1448 1469//1447
f 1451//1491 1469//1447 1708//1492
f 1702//1495 1703//1452 1705//1451
f 1702//1495 1705//1451 1452//1496
f 1690//1499 1691//1456 1700//1455
f 1690//1499 1700//1455 1454//1500
f 1456//1509 1473//1471 1742//1542
f 1456//1509 1742//1542 1738//1539
f 1748//1512 1745//1472 1473//1471
f 1748//1512 1473//1471 1456//1509
f 1458//1505 1475//1467 1474//1538
f 1458//1505 1474//1538 1457//1535
f 1752//1508 1749//1468 1475//1467
f 1752//1508 1475//1467 1458//1505
f 1460//1527 1477//1534 1476//1533
f 1460//1527 1476//1533 1459//1528
f 1461//1504 1478//1464 1679//1463
f 1461//1504 1679//1463 1676//1501
f 1462//1525 1479//1459 1478//1464
f 1462//1525 1478//1464 1461//1504
f 1463//1543 1480//1460 1479//1459
f 1463//1543 1479//1459 1462//1525
f 1486//1544 1501//1457 1502//1545
f 1486//1544 1502//1545 1487//1546
f 1487//1546 1502//1545 1503//1547
f 1487//1546 1503//1547 1488//1481
f 1488//1481 1503//1547 1504//1548
f 1488//1481 1504//1548 1489//1482
f 1489//1482 1504//1548 1505//1549
f 1489//1482 1505//1549 1490//1484
f 1492//1487 1507//1550 1508//1551
f 1492//1487 1508//1551 1493//1488
f 1740//1540 1744//1541 1509//1470
f 1740//1540 1509//1470 1494//1510
f 1494//1510 1509//1470 1746//1469
f 1494//1510 1746//1469 1747//1511
f 1495//1536 1510//1537 1511//1466
f 1495//1536 1511//1466 1496//1506
f 1496//1506 1511//1466 1750//1465
f 1496//1506 1750//1465 1751//1507
f 1497//1529 1512//1532 1513//1531
f 1497//1529 1513//1531 1498//1530
f 1677//1502 1678//1462 1514//1461
f 1677//1502 1514//1461 1499//1503
f 1499//1503 1514//1461 1500//1458
f 1499//1503 1500//1458 1485//1526
f 1412//1552 1426//1553 1521//1486
f 1412//1552 1521//1486 1522//1485
f 1423//1475 1422//1478 1526//1480
f 1423//1475 1526//1480 1527//1479
f 1424//1476 1423//1475 1527//1479
f 1424//1476 1527//1479 1519//1483
f 1557//1554 1721//1555 1722//1556
f 1557//1554 1722//1556 1587//1557
f 1555//1558 1717//1559 1718//1560
f 1555//1558 1718//1560 1589//1561
f 1553//1562 1552//1563 1592//1564
f 1553//1562 1592//1564 1591//1565
f 1688//1566 1434//1567 1472//1568
f 1688//1566 1472//1568 1687//1569
f 1600//1570 1599//1571 1619//1572
f 1600//1570 1619//1572 1620//1573
f 1598//1574 1597//1575 1631//1576
f 1598//1574 1631//1576 1632//1577
f 1728//1578 1595//1579 1629//1580
f 1728//1578 1629//1580 1727//1581
f 1732//1582 1729//1583 1594//1584
f 1732//1582 1594//1584 1628//1585
f 1411//1586 1412//1552 1539//1587
f 1411//1586 1539//1587 1528//1588
f 1640//1589 1641//1590 1609//1591
f 1640//1589 1609//1591 1608//1592
f 1641//1590 1634//1593 1610//1594
f 1641//1590 1610//1594 1609//1591
f 1636//1595 1522//1485 1493//1488
f 1636//1595 1493//1488 1613//1596
f 1724//1597 1565//1598 1568//1599
f 1724//1597 1568//1599 1723//1600
f 1720//1601 1563//1602 1570//1603
f 1720//1601 1570//1603 1719//1604
f 1560//1605 1561//1606 1572//1607
f 1560//1605 1572//1607 1573//1608
f 1455//1609 1442//1610 1685//1611
f 1455//1609 1685//1611 1686//1612
f 1579//1613 1618//1614 1617//1615
f 1579//1613 1617//1615 1578//1616
f 1725//1617 1726//1618 1615//1619
f 1725//1617 1615//1619 1576//1620
f 1734//1621 1735//1622 1614//1623
f 1734//1621 1614//1623 1575//1624
f 1558//1625 1557//1554 1587//1557
f 1558//1625 1587//1557 1586//1626
f 1566//1627 1567//1628 1568//1599
f 1566//1627 1568//1599 1565//1598
f 1556//1629 1555//1558 1589//1561
f 1556//1629 1589//1561 1588//1630
f 1564//1631 1569//1632 1570//1603
f 1564//1631 1570//1603 1563//1602
f 1554//1633 1713//1634 1714//1635
f 1554//1633 1714//1635 1590//1636
f 1562//1637 1571//1638 1715//1639
f 1562//1637 1715//1639 1716//1640
f 1552//1563 1551//1641 1593//1642
f 1552//1563 1593//1642 1592//1564
f 1560//1605 1573//1608 1574//1643
f 1560//1605 1574//1643 1559//1644
f 1579//1613 1580//1645 1605//1646
f 1579//1613 1605//1646 1618//1614
f 1619//1572 1599//1571 1598//1574
f 1619//1572 1598//1574 1632//1577
f 1577//1647 1578//1616 1617//1615
f 1577//1647 1617//1615 1616//1648
f 1631//1576 1597//1575 1596//1649
f 1631//1576 1596//1649 1630//1650
f 1736//1651 1733//1652 1576//1620
f 1736//1651 1576//1620 1615//1619
f 1629//1580 1595//1579 1730//1653
f 1629//1580 1730//1653 1731//1654
f 1739//1655 1737//1656 1575//1624
f 1739//1655 1575//1624 1614//1623
f 1628//1585 1594//1584 1741//1657
f 1628//1585 1741//1657 1743//1658
f 1688//1566 1685//1611 1442//1610
f 1688//1566 1442//1610 1434//1567
f 1560//1605 1559//1644 1551//1641
f 1560//1605 1551//1641 1552//1563
f 1561//1606 1560//1605 1552//1563
f 1561//1606 1552//1563 1553//1562
f 1562//1637 1716//1640 1713//1634
f 1562//1637 1713//1634 1554//1633
f 1563//1602 1720//1601 1717//1559
f 1563//1602 1717//1559 1555//1558
f 1564//1631 1563//1602 1555//1558
f 1564//1631 1555//1558 1556//1629
f 1565//1598 1724//1597 1721//1555
f 1565//1598 1721//1555 1557//1554
f 1566//1627 1565//1598 1557//1554
f 1566//1627 1557//1554 1558//1625
f 1568//1599 1567//1628 1586//1626
f 1568//1599 1586//1626 1587//1557
f 1723//1600 1568//1599 1587//1557
f 1723//1600 1587//1557 1722//1556
f 1570//1603 1569//1632 1588//1630
f 1570//1603 1588//1630 1589//1561
f 1719//1604 1570//1603 1589//1561
f 1719//1604 1589//1561 1718//1560
f 1715//1639 1571//1638 1590//1636
f 1715//1639 1590//1636 1714//1635
f 1573//1608 1572//1607 1591//1565
f 1573//1608 1591//1565 1592//1564
f 1574//1643 1573//1608 1592//1564
f 1574//1643 1592//1564 1593//1642
f 1455//1609 1686//1612 1687//1569
f 1455//1609 1687//1569 1472//1568
f 1575//1624 1737//1656 1741//1657
f 1575//1624 1741//1657 1594//1584
f 1729//1583 1734//1621 1575//1624
f 1729//1583 1575//1624 1594//1584
f 1576//1620 1733//1652 1730//1653
f 1576//1620 1730//1653 1595//1579
f 1728//1578 1725//1617 1576//1620
f 1728//1578 1576//1620 1595//1579
f 1578//1616 1577//1647 1596//1649
f 1578//1616 1596//1649 1597//1575
f 1579//1613 1578//1616 1597//1575
f 1579//1613 1597//1575 1598//1574
f 1580//1645 1579//1613 1598//1574
f 1580//1645 1598//1574 1599//1571
f 1581//1659 1580//1645 1599//1571
f 1581//1659 1599//1571 1600//1570
f 1607//1660 1608//1592 1622//1661
f 1607//1660 1622//1661 1621//1662
f 1608//1592 1609//1591 1623//1663
f 1608//1592 1623//1663 1622//1661
f 1609//1591 1610//1594 1624//1664
f 1609//1591 1624//1664 1623//1663
f 1610//1594 1611//1665 1625//1666
f 1610//1594 1625//1666 1624//1664
f 1611//1665 1612//1667 1626//1668
f 1611//1665 1626//1668 1625//1666
f 1612//1667 1613//1596 1627//1669
f 1612//1667 1627//1669 1626//1668
f 1613//1596 1493//1488 1508//1551
f 1613//1596 1508//1551 1627//1669
f 1743//1658 1739//1655 1614//1623
f 1743//1658 1614//1623 1628//1585
f 1614//1623 1735//1622 1732//1582
f 1614//1623 1732//1582 1628//1585
f 1731//1654 1736//1651 1615//1619
f 1731//1654 1615//1619 1629//1580
f 1615//1619 1726//1618 1727//1581
f 1615//1619 1727//1581 1629//1580
f 1616//1648 1617//1615 1631//1576
f 1616//1648 1631//1576 1630//1650
f 1617//1615 1618//1614 1632//1577
f 1617//1615 1632//1577 1631//1576
f 1618//1614 1605//1646 1619//1572
f 1618//1614 1619//1572 1632//1577
f 1412//1552 1522//1485 1636//1595
f 1412//1552 1636//1595 1539//1587
f 1606//1670 1607//1660 1621//1662
f 1606//1670 1621//1662 1620//1573
f 1620//1573 1619//1572 1605//1646
f 1620//1573 1605//1646 1606//1670
f 1428//1671 1418//1474 1417//1473
f 1428//1671 1417//1473 1429//1672
f 1427//1673 1419//1477 1418//1474
f 1427//1673 1418//1474 1428//1671
f 1420//1674 1419//1477 1427//1673
f 1420//1674 1427//1673 1517//1675
f 1465//1676 1516//1677 1515//1678
f 1465//1676 1515//1678 1482//1679
f 1649//1680 1420//1674 1517//1675
f 1649//1680 1517//1675 1648//1681
f 1649//1680 1648//1681 1516//1677
f 1649//1680 1516//1677 1465//1676
f 1422//1478 1419//1477 1420//1674
f 1422//1478 1420//1674 1421//1682
f 1464//1683 1465//1676 1482//1679
f 1464//1683 1482//1679 1481//1684
f 1650//1685 1421//1682 1420//1674
f 1650//1685 1420//1674 1649//1680
f 1650//1685 1649//1680 1465//1676
f 1650//1685 1465//1676 1464//1683
f 1464//1683 1481//1684 1523//1686
f 1464//1683 1523//1686 1524//1687
f 1525//1688 1487//1546 1488//1481
f 1525//1688 1488//1481 1526//1480
f 1525//1688 1526//1480 1422//1478
f 1525//1688 1422//1478 1421//1682
f 1523//1686 1480//1460 1463//1543
f 1523//1686 1463//1543 1524//1687
f 1651//1689 1525//1688 1421//1682
f 1651//1689 1421//1682 1650//1685
f 1651//1689 1524//1687 1463//1543
f 1651//1689 1463//1543 1486//1544
f 1486//1544 1463//1543 1462//1525
f 1486//1544 1462//1525 1485//1526
f 1486//1544 1487//1546 1525//1688
f 1486//1544 1525//1688 1651//1689
f 1486//1544 1485//1526 1500//1458
f 1486//1544 1500//1458 1501//1457
f 1651//1689 1650//1685 1464//1683
f 1651//1689 1464//1683 1524//1687
f 1425//1690 1416//1691 1417//1473
f 1425//1690 1417//1473 1424//1476
f 1425//1690 1424//1476 1519//1483
f 1425//1690 1519//1483 1520//1692
f 1492//1487 1521//1486 1520//1692
f 1492//1487 1520//1692 1491//1693
f 1520//1692 1521//1486 1426//1553
f 1520//1692 1426//1553 1425//1690
f 1520//1692 1519//1483 1490//1484
f 1520//1692 1490//1484 1491//1693
f 1491//1693 1490//1484 1505//1549
f 1491//1693 1505//1549 1506//1694
f 1506//1694 1507//1550 1492//1487
f 1506//1694 1492//1487 1491//1693
f 1428//1671 1429//1672 1433//1695
f 1428//1671 1433//1695 1642//1696
f 1427//1673 1428//1671 1642//1696
f 1427//1673 1642//1696 1643//1697
f 1517//1675 1427//1673 1643//1697
f 1517//1675 1643//1697 1644//1698
f 1648//1681 1517//1675 1644//1698
f 1648//1681 1644//1698 1647//1699
f 1652//1700 1646//1701 1653//1702
f 1647//1699 1644//1698 1652//1700
f 1647//1699 1652//1700 1653//1702
f 1645//1703 1516//1677 1648//1681
f 1645//1703 1648//1681 1647//1699
f 1653//1702 1646//1701 1466//1704
f 1653//1702 1466//1704 1654//1705
f 1645//1703 1647//1699 1653//1702
f 1645//1703 1653//1702 1654//1705
f 1483//1706 1516//1677 1645//1703
f 1515//1678 1516//1677 1483//1706
f 1483//1706 1645//1703 1654//1705
f 1483//1706 1654//1705 1655//1707
f 1654//1705 1466//1704 1484//1708
f 1654//1705 1484//1708 1655//1707
f 1415//1709 1416//1691 1425//1690
f 1415//1709 1425//1690 1426//1553
f 1430//1710 1416//1691 1415//1709
f 1415//1709 1426//1553 1412//1552
f 1415//1709 1412//1552 1411//1586
f 1415//1709 1518//1711 1430//1710
f 1432//1712 1433//1695 1429//1672
f 1432//1712 1429//1672 1430//1710
f 1430//1710 1429//1672 1417//1473
f 1430//1710 1417//1473 1416//1691
f 1430//1710 1518//1711 1431//1713
f 1431//1713 1432//1712 1430//1710
f 1413//1714 1414//1715 1431//1713
f 1413//1714 1431//1713 1518//1711
f 1413//1714 1518//1711 1415//1709
f 1413//1714 1415//1709 1411//1586
f 1413//1714 1411//1586 1528//1588
f 1413//1714 1528//1588 1633//1716
f 1638//1717 1581//1659 1600//1570
f 1638//1717 1600//1570 1637//1718
f 1640//1589 1608//1592 1607//1660
f 1640//1589 1607//1660 1639//1719
f 1659//1720 1639//1719 1607//1660
f 1659//1720 1607//1660 1606//1670
f 1606//1670 1581//1659 1638//1717
f 1606//1670 1638//1717 1659//1720
f 1605//1646 1580//1645 1581//1659
f 1605//1646 1581//1659 1606//1670
f 1544//1721 1528//1588 1529//1722
f 1583//1723 1602//1724 1603//1725
f 1583//1723 1603//1725 1584//1726
f 1611//1665 1610//1594 1634//1593
f 1611//1665 1634//1593 1635//1727
f 1529//1722 1528//1588 1539//1587
f 1529//1722 1539//1587 1538//1728
f 1538//1728 1539//1587 1636//1595
f 1538//1728 1636//1595 1635//1727
f 1612//1667 1611//1665 1635//1727
f 1636//1595 1613//1596 1612//1667
f 1636//1595 1612//1667 1635//1727
f 1414//1715 1413//1714 1633//1716
f 1414//1715 1633//1716 1545//1729
f 1661//1730 1660//1731 1546//1732
f 1543//1733 1547//1734 1546//1732
f 1543//1733 1546//1732 1660//1731
f 1543//1733 1660//1731 1662//1735
f 1543//1733 1662//1735 1663//1736
f 1548//1737 1547//1734 1543//1733
f 1548//1737 1543//1733 1542//1738
f 1664//1739 1542//1738 1543//1733
f 1664//1739 1543//1733 1663//1736
f 1549//1740 1548//1737 1542//1738
f 1549//1740 1542//1738 1541//1741
f 1665//1742 1541//1741 1542//1738
f 1665//1742 1542//1738 1664//1739
f 1550//1743 1549//1740 1541//1741
f 1550//1743 1541//1741 1540//1744
f 1540//1744 1541//1741 1665//1742
f 1540//1744 1665//1742 1666//1745
f 1656//1746 1550//1743 1540//1744
f 1656//1746 1540//1744 1657//1747
f 1684//1748 1604//1749 1585//1750
f 1684//1748 1585//1750 1683//1751
f 1584//1726 1657//1747 1667//1752
f 1667//1752 1657//1747 1540//1744
f 1667//1752 1540//1744 1666//1745
f 1544//1721 1529//1722 1530//1753
f 1530//1753 1663//1736 1662//1735
f 1530//1753 1662//1735 1544//1721
f 1661//1730 1545//1729 1633//1716
f 1661//1730 1633//1716 1544//1721
f 1662//1735 1661//1730 1544//1721
f 1530//1753 1529//1722 1538//1728
f 1530//1753 1538//1728 1537//1754
f 1537//1754 1538//1728 1635//1727
f 1537//1754 1635//1727 1634//1593
f 1536//1755 1537//1754 1634//1593
f 1536//1755 1634//1593 1641//1590
f 1664//1739 1663//1736 1530//1753
f 1664//1739 1530//1753 1531//1756
f 1537//1754 1536//1755 1668//1757
f 1531//1756 1530//1753 1537//1754
f 1531//1756 1537//1754 1668//1757
f 1665//1742 1664//1739 1531//1756
f 1665//1742 1531//1756 1532//1758
f 1535//1759 1536//1755 1641//1590
f 1535//1759 1641//1590 1640//1589
f 1668//1757 1536//1755 1535//1759
f 1668//1757 1535//1759 1669//1760
f 1532//1758 1531//1756 1668//1757
f 1532//1758 1668//1757 1669//1760
f 1666//1745 1665//1742 1532//1758
f 1666//1745 1532//1758 1533//1761
f 1533//1761 1532//1758 1669//1760
f 1533//1761 1669//1760 1670//1762
f 1667//1752 1666//1745 1533//1761
f 1667//1752 1533//1761 1658//1763
f 1583//1723 1584//1726 1667//1752
f 1583//1723 1667//1752 1658//1763
f 1670//1762 1669//1760 1535//1759
f 1670//1762 1535//1759 1534//1764
f 1534//1764 1535//1759 1640//1589
f 1534//1764 1640//1589 1639//1719
f 1601//1765 1602//1724 1583//1723
f 1601//1765 1583//1723 1582//1766
f 1638//1717 1637//1718 1601//1765
f 1638//1717 1601//1765 1582//1766
f 1671//1767 1670//1762 1534//1764
f 1671//1767 1658//1763 1533//1761
f 1671//1767 1533//1761 1670//1762
f 1583//1723 1658//1763 1671//1767
f 1534//1764 1639//1719 1659//1720
f 1534//1764 1659//1720 1671//1767
f 1671//1767 1659//1720 1638//1717
f 1671//1767 1638//1717 1582//1766
f 1582//1766 1583//1723 1671//1767
f 1633//1716 1528//1588 1544//1721
f 1503//1547 1675//1768 1504//1548
f 1624//1664 1674//1769 1623//1663
f 1482//1679 1675//1768 1481//1684
f 1674//1769 1673//1770 1672//1771
f 1637//1718 1674//1769 1601//1765
f 1675//1768 1672//1771 1673//1770
f 1507//1550 1673//1770 1508//1551
f 1602//1724 1674//1769 1603//1725
f 1601//1765 1674//1769 1602//1724
f 1620//1573 1674//1769 1600//1570
f 1600//1570 1674//1769 1637//1718
f 1622//1661 1674//1769 1621//1662
f 1621//1662 1674//1769 1620//1573
f 1623//1663 1674//1769 1622//1661
f 1626//1668 1673//1770 1625//1666
f 1508//1551 1673//1770 1627//1669
f 1627//1669 1673//1770 1626//1668
f 1625//1666 1673//1770 1674//1769
f 1625//1666 1674//1769 1624//1664
f 1506//1694 1673//1770 1507//1550
f 1505//1549 1675//1768 1673//1770
f 1505//1549 1673//1770 1506//1694
f 1504//1548 1675//1768 1505//1549
f 1501//1457 1675//1768 1502//1545
f 1502//1545 1675//1768 1503//1547
f 1523//1686 1675//1768 1480//1460
f 1481//1684 1675//1768 1523//1686
f 1480//1460 1675//1768 1501//1457
f 1515//1678 1675//1768 1482//1679
f 1460//1527 1498//1530 1677//1502
f 1460//1527 1677//1502 1676//1501
f 1498//1530 1513//1531 1678//1462
f 1498//1530 1678//1462 1677//1502
f 1679//1463 1678//1462 1513//1531
f 1679//1463 1513//1531 1477//1534
f 1676//1501 1679//1463 1477//1534
f 1676//1501 1477//1534 1460//1527
f 1662//1735 1660//1731 1661//1730
f 1661//1730 1546//1732 1545//1729
f 1680//1772 1549//1740 1550//1743
f 1681//1773 1680//1772 1550//1743
f 1681//1773 1550//1743 1656//1746
f 1682//1774 1680//1772 1681//1773
f 1681//1773 1683//1751 1585//1750
f 1681//1773 1585//1750 1682//1774
f 1584//1726 1683//1751 1656//1746
f 1584//1726 1656//1746 1657//1747
f 1603//1725 1684//1748 1683//1751
f 1603//1725 1683//1751 1584//1726
f 1683//1751 1681//1773 1656//1746
f 1686//1612 1685//1611 1559//1644
f 1686//1612 1559//1644 1574//1643
f 1687//1569 1686//1612 1574//1643
f 1687//1569 1574//1643 1593//1642
f 1551//1641 1688//1566 1687//1569
f 1551//1641 1687//1569 1593//1642
f 1559//1644 1685//1611 1688//1566
f 1559//1644 1688//1566 1551//1641
f 1689//1498 1442//1610 1455//1609
f 1689//1498 1455//1609 1690//1499
f 1455//1609 1472//1568 1691//1456
f 1455//1609 1691//1456 1690//1499
f 1434//1567 1692//1453 1691//1456
f 1434//1567 1691//1456 1472//1568
f 1689//1498 1692//1453 1434//1567
f 1689//1498 1434//1567 1442//1610
f 1693//1514 1441//1775 1467//1776
f 1693//1514 1467//1776 1694//1515
f 1695//1519 1694//1515 1467//1776
f 1695//1519 1467//1776 1448//1777
f 1696//1520 1695//1519 1448//1777
f 1696//1520 1448//1777 1447//1778
f 1447//1778 1441//1775 1693//1514
f 1447//1778 1693//1514 1696//1520
f 1439//1779 1440//1513 1468//1516
f 1439//1779 1468//1516 1697//1780
f 1450//1781 1697//1780 1468//1516
f 1450//1781 1468//1516 1449//1518
f 1446//1517 1698//1782 1450//1781
f 1446//1517 1450//1781 1449//1518
f 1446//1517 1440//1513 1439//1779
f 1446//1517 1439//1779 1698//1782
f 1699//1497 1454//1500 1453//1783
f 1699//1497 1453//1783 1443//1784
f 1443//1784 1436//1785 1435//1454
f 1443//1784 1435//1454 1699//1497
f 1700//1455 1435//1454 1436//1785
f 1700//1455 1436//1785 1471//1786
f 1454//1500 1700//1455 1471//1786
f 1454//1500 1471//1786 1453//1783
f 1701//1494 1443//1784 1453//1783
f 1701//1494 1453//1783 1702//1495
f 1453//1783 1471//1786 1703//1452
f 1453//1783 1703//1452 1702//1495
f 1436//1785 1704//1449 1703//1452
f 1436//1785 1703//1452 1471//1786
f 1701//1494 1704//1449 1436//1785
f 1701//1494 1436//1785 1443//1784
f 1437//1450 1438//1445 1470//1448
f 1437//1450 1470//1448 1705//1451
f 1452//1496 1705//1451 1470//1448
f 1452//1496 1470//1448 1451//1491
f 1706//1493 1452//1496 1451//1491
f 1706//1493 1451//1491 1444//1490
f 1444//1490 1438//1445 1437//1450
f 1444//1490 1437//1450 1706//1493
f 1709//1521 1439//1779 1697//1780
f 1709//1521 1697//1780 1710//1522
f 1711//1523 1710//1522 1697//1780
f 1711//1523 1697//1780 1450//1781
f 1712//1524 1711//1523 1450//1781
f 1712//1524 1450//1781 1698//1782
f 1698//1782 1439//1779 1709//1521
f 1698//1782 1709//1521 1712//1524
f 1713//1634 1553//1562 1591//1565
f 1713//1634 1591//1565 1714//1635
f 1572//1607 1715//1639 1714//1635
f 1572//1607 1714//1635 1591//1565
f 1716//1640 1715//1639 1572//1607
f 1716//1640 1572//1607 1561//1606
f 1713//1634 1716//1640 1561//1606
f 1713//1634 1561//1606 1553//1562
f 1717//1559 1554//1633 1590//1636
f 1717//1559 1590//1636 1718//1560
f 1571//1638 1719//1604 1718//1560
f 1571//1638 1718//1560 1590//1636
f 1562//1637 1720//1601 1719//1604
f 1562//1637 1719//1604 1571//1638
f 1717//1559 1720//1601 1562//1637
f 1717//1559 1562//1637 1554//1633
f 1721//1555 1556//1629 1588//1630
f 1721//1555 1588//1630 1722//1556
f 1569//1632 1723//1600 1722//1556
f 1569//1632 1722//1556 1588//1630
f 1564//1631 1724//1597 1723//1600
f 1564//1631 1723//1600 1569//1632
f 1721//1555 1724//1597 1564//1631
f 1721//1555 1564//1631 1556//1629
f 1577//1647 1616//1648 1726//1618
f 1577//1647 1726//1618 1725//1617
f 1727//1581 1726//1618 1616//1648
f 1727//1581 1616//1648 1630//1650
f 1596//1649 1728//1578 1727//1581
f 1596//1649 1727//1581 1630//1650
f 1577//1647 1725//1617 1728//1578
f 1577//1647 1728//1578 1596//1649
f 1729//1583 1730//1653 1733//1652
f 1729//1583 1733//1652 1734//1621
f 1730//1653 1729//1583 1732//1582
f 1730//1653 1732//1582 1731//1654
f 1731//1654 1732//1582 1735//1622
f 1731//1654 1735//1622 1736//1651
f 1734//1621 1733//1652 1736//1651
f 1734//1621 1736//1651 1735//1622
f 1738//1539 1737//1656 1739//1655
f 1738//1539 1739//1655 1740//1540
f 1737//1656 1738//1539 1742//1542
f 1737//1656 1742//1542 1741//1657
f 1740//1540 1739//1655 1743//1658
f 1740//1540 1743//1658 1744//1541
f 1741//1657 1742//1542 1744//1541
f 1741//1657 1744//1541 1743//1658
f 1510//1537 1746//1469 1745//1472
f 1510//1537 1745//1472 1474//1538
f 1747//1511 1746//1469 1510//1537
f 1747//1511 1510//1537 1495//1536
f 1748//1512 1747//1511 1495//1536
f 1748//1512 1495//1536 1457//1535
f 1457//1535 1474//1538 1745//1472
f 1457//1535 1745//1472 1748//1512
f 1512//1532 1750//1465 1749//1468
f 1512//1532 1749//1468 1476//1533
f 1751//1507 1750//1465 1512//1532
f 1751//1507 1512//1532 1497//1529
f 1752//1508 1751//1507 1497//1529
f 1752//1508 1497//1529 1459//1528
f 1459//1528 1476//1533 1749//1468
f 1459//1528 1749//1468 1752//1508
f 1817//1787 1818//1788 1844//1789
f 1817//1787 1844//1789 1845//1790
f 1754//1791 1755//1792 1817//1787
f 1754//1791 1817//1787 1815//1793
f 1755//1792 1756//1794 1818//1788
f 1755//1792 1818//1788 1817//1787
f 1792//1795 1781//1796 1780//1797
f 1792//1795 1780//1797 1791//1798
f 1871//1799 1872//1800 1874//1801
f 1871//1799 1874//1801 1873//1802
f 1883//1803 1882//1804 1874//1801
f 1883//1803 1874//1801 1872//1800
f 1936//1805 1858//1806 1859//1807
f 1936//1805 1859//1807 1937//1808
f 1858//1806 1912//1809 1913//1810
f 1858//1806 1913//1810 1859//1807
f 1843//1811 1844//1789 1818//1788
f 1843//1811 1818//1788 1819//1812
f 1843//1811 1819//1812 1963//1813
f 1820//1814 1842//1815 1843//1811
f 1820//1814 1843//1811 1963//1813
f 1819//1812 1818//1788 1756//1794
f 1819//1812 1756//1794 1757//1816
f 1964//1817 1758//1818 1820//1814
f 1964//1817 1820//1814 1963//1813
f 1964//1817 1963//1813 1819//1812
f 1964//1817 1819//1812 1757//1816
f 1891//1819 1892//1820 1968//1821
f 1860//1822 1938//1823 1937//1808
f 1860//1822 1937//1808 1859//1807
f 1913//1810 1934//1824 1933//1825
f 1913//1810 1933//1825 1914//1826
f 1860//1822 1859//1807 1913//1810
f 1860//1822 1913//1810 1914//1826
f 1882//1804 1883//1803 1892//1820
f 1882//1804 1892//1820 1891//1819
f 1900//1827 1891//1819 1968//1821
f 1900//1827 1968//1821 1901//1828
f 1900//1827 1901//1828 1973//1829
f 1973//1829 1939//1830 1940//1831
f 1973//1829 1940//1831 1900//1827
f 2060//1832 1892//1820 1893//1833
f 2059//1834 2060//1832 1893//1833
f 1974//1835 1893//1833 1894//1836
f 1973//1829 1901//1828 1969//1837
f 1893//1833 1974//1835 1975//1838
f 1893//1833 1975//1838 2059//1834
f 1787//1839 1821//1840 1926//1841
f 1787//1839 1926//1841 1905//1842
f 1884//1843 1883//1803 1872//1800
f 1884//1843 1872//1800 1870//1844
f 1893//1833 1892//1820 1883//1803
f 1893//1833 1883//1803 1884//1843
f 1884//1843 1870//1844 1868//1845
f 1884//1843 1868//1845 1981//1846
f 1981//1846 1885//1847 1884//1843
f 1884//1843 1885//1847 1893//1833
f 1868//1845 1866//1848 1980//1849
f 1868//1845 1980//1849 1981//1846
f 1780//1797 1781//1796 1772//1850
f 1780//1797 1772//1850 1773//1851
f 1989//1852 1966//1853 1773//1851
f 1773//1851 1772//1850 1771//1854
f 1773//1851 1771//1854 1989//1852
f 1982//1855 1959//1856 1960//1857
f 1945//1858 1982//1855 1983//1859
f 1960//1857 1877//1860 1983//1859
f 1961//1861 1877//1860 1960//1857
f 1983//1859 1982//1855 1960//1857
f 1846//1862 1815//1793 1817//1787
f 1846//1862 1817//1787 1845//1790
f 1753//1863 1754//1791 1815//1793
f 1753//1863 1815//1793 1814//1864
f 1808//1865 1836//1866 1835//1867
f 1808//1865 1835//1867 1807//1868
f 1992//1869 1836//1866 1808//1865
f 1992//1869 1808//1865 1993//1870
f 1753//1863 1814//1864 1992//1869
f 1753//1863 1992//1869 1993//1870
f 1993//1870 1808//1865 1852//1871
f 1995//1872 1793//1873 1801//1874
f 1794//1875 1793//1873 1994//1876
f 1994//1876 1793//1873 1995//1872
f 1881//1877 1876//1878 1874//1801
f 1881//1877 1874//1801 1882//1804
f 1881//1877 1882//1804 1891//1819
f 1881//1877 1891//1819 1890//1879
f 1959//1856 1876//1878 1880//1880
f 1902//1881 1969//1837 1975//1838
f 1975//1838 1974//1835 1902//1881
f 1809//1882 1812//1883 1813//1884
f 1809//1882 1813//1884 1997//1885
f 1809//1882 1997//1885 1998//1886
f 1952//1887 1951//1888 1954//1889
f 1952//1887 1954//1889 2001//1890
f 2001//1890 1955//1891 1952//1887
f 1991//1892 1997//1885 1813//1884
f 1991//1892 1813//1884 1760//1893
f 2000//1894 1990//1895 1991//1892
f 2000//1894 1991//1892 1760//1893
f 2000//1894 1955//1891 2001//1890
f 2002//1896 1810//1897 1797//1898
f 1806//1899 1834//1900 1821//1840
f 1806//1899 1821//1840 1787//1839
f 2004//1901 2003//1902 1854//1903
f 1753//1863 1993//1870 1852//1871
f 1811//1904 1810//1897 2002//1896
f 1847//1905 1848//1906 1755//1792
f 1847//1905 1755//1792 1754//1791
f 1847//1905 1754//1791 1753//1863
f 1847//1905 1753//1863 1852//1871
f 1854//1903 1810//1897 1811//1904
f 2004//1901 1854//1903 1811//1904
f 1811//1904 2002//1896 1805//1907
f 1805//1907 1804//1908 1848//1906
f 1805//1907 1848//1906 1847//1905
f 2004//1901 1811//1904 1805//1907
f 1805//1907 1847//1905 2004//1901
f 1847//1905 1852//1871 2004//1901
f 2003//1902 2004//1901 1853//1909
f 1853//1909 2004//1901 1852//1871
f 1853//1909 1852//1871 1808//1865
f 1853//1909 1808//1865 1807//1868
f 1855//1910 1854//1903 2003//1902
f 1827//1911 1834//1900 1835//1867
f 1827//1911 1835//1867 1833//1912
f 1833//1912 1835//1867 1836//1866
f 1833//1912 1836//1866 1816//1913
f 1833//1912 1832//1914 1826//1915
f 1833//1912 1826//1915 1827//1911
f 1816//1913 1814//1864 1815//1793
f 1816//1913 1815//1793 1846//1862
f 1992//1869 1814//1864 1816//1913
f 1816//1913 1836//1866 1992//1869
f 1816//1913 1846//1862 1832//1914
f 1816//1913 1832//1914 1833//1912
f 1979//1916 1980//1849 1866//1848
f 1979//1916 1866//1848 1864//1917
f 1976//1918 2009//1919 2010//1920
f 1976//1918 1760//1893 1813//1884
f 1976//1918 1813//1884 1977//1921
f 2009//1919 1976//1918 1977//1921
f 2009//1919 1977//1921 2008//1922
f 1887//1923 1979//1916 2010//1920
f 1887//1923 2010//1920 2009//1919
f 2014//1924 1908//1925 1896//1926
f 2016//1927 2013//1928 2014//1924
f 2016//1927 2014//1924 1896//1926
f 2012//1929 2008//1922 2007//1930
f 2012//1929 2007//1930 2013//1928
f 1887//1923 2009//1919 2008//1922
f 1887//1923 2008//1922 2012//1929
f 2017//1931 2012//1929 2013//1928
f 2017//1931 2013//1928 2016//1927
f 1886//1932 1885//1847 1981//1846
f 1886//1932 1981//1846 1980//1849
f 1886//1932 1980//1849 1979//1916
f 1886//1932 1979//1916 1887//1923
f 1886//1932 1887//1923 2012//1929
f 1886//1932 2012//1929 2017//1931
f 1903//1933 1902//1881 1974//1835
f 1937//1808 1902//1881 1903//1933
f 1895//1934 1886//1932 2017//1931
f 2017//1931 2016//1927 1895//1934
f 1895//1934 1894//1836 1885//1847
f 1895//1934 1885//1847 1886//1932
f 1903//1933 1974//1835 1894//1836
f 1903//1933 1894//1836 1895//1934
f 2016//1927 1896//1926 1895//1934
f 1895//1934 1896//1926 2018//1935
f 1936//1805 1937//1808 1903//1933
f 1936//1805 1903//1933 1904//1936
f 1904//1936 1903//1933 1895//1934
f 1904//1936 1895//1934 2018//1935
f 1910//1937 1936//1805 1904//1936
f 1911//1938 1912//1809 1858//1806
f 1911//1938 1858//1806 1857//1939
f 2020//1940 1911//1938 1857//1939
f 2020//1940 1857//1939 2019//1941
f 2019//1941 1857//1939 1941//1942
f 1941//1942 1907//1943 2019//1941
f 1942//1944 1943//1945 1905//1842
f 1942//1944 1905//1842 1906//1946
f 1936//1805 1910//1937 1941//1942
f 1857//1939 1858//1806 1936//1805
f 1857//1939 1936//1805 1941//1942
f 1909//1947 1904//1936 2018//1935
f 1910//1937 1904//1936 1909//1947
f 2018//1935 1896//1926 2015//1948
f 2018//1935 2015//1948 1909//1947
f 1909//1947 2015//1948 1942//1944
f 2022//1949 1941//1942 1910//1937
f 2022//1949 1910//1937 1909//1947
f 1909//1947 1942//1944 2022//1949
f 2021//1950 1907//1943 1941//1942
f 2021//1950 1941//1942 2022//1949
f 2022//1949 1942//1944 1906//1946
f 2022//1949 1906//1946 2021//1950
f 1906//1946 1905//1842 1926//1841
f 1906//1946 1926//1841 1927//1951
f 2023//1952 2021//1950 1906//1946
f 2023//1952 1906//1946 1927//1951
f 2020//1940 2019//1941 1907//1943
f 2020//1940 1907//1943 1928//1953
f 1920//1954 1919//1955 1924//1956
f 1920//1954 1924//1956 1925//1957
f 1927//1951 1926//1841 1920//1954
f 1927//1951 1920//1954 1925//1957
f 1934//1824 1913//1810 1912//1809
f 1934//1824 1912//1809 1935//1958
f 1907//1943 2021//1950 2023//1952
f 1907//1943 2023//1952 1928//1953
f 1944//1959 1925//1957 1924//1956
f 1944//1959 1924//1956 1935//1958
f 1935//1958 1912//1809 1911//1938
f 1935//1958 1911//1938 1944//1959
f 1944//1959 1911//1938 2020//1940
f 1944//1959 2020//1940 1928//1953
f 2023//1952 1927//1951 1925//1957
f 2023//1952 1925//1957 1944//1959
f 1928//1953 2023//1952 1944//1959
f 2015//1948 1896//1926 1908//1925
f 1908//1925 1943//1945 1942//1944
f 1908//1925 1942//1944 2015//1948
f 1787//1839 1905//1842 1943//1945
f 1787//1839 1943//1945 2006//1960
f 1908//1925 2014//1924 2006//1960
f 2005//1961 1787//1839 2006//1960
f 2006//1960 1943//1945 1908//1925
f 2014//1924 2013//1928 2007//1930
f 2014//1924 2007//1930 2006//1960
f 1978//1962 1812//1883 1856//1963
f 1856//1963 1787//1839 2005//1961
f 1856//1963 2005//1961 1978//1962
f 1978//1962 1977//1921 1813//1884
f 1978//1962 1813//1884 1812//1883
f 2007//1930 2008//1922 1977//1921
f 2007//1930 1977//1921 1978//1962
f 1978//1962 2005//1961 2006//1960
f 1978//1962 2006//1960 2007//1930
f 1806//1899 1807//1868 1835//1867
f 1806//1899 1835//1867 1834//1900
f 2003//1902 1853//1909 1807//1868
f 2003//1902 1807//1868 1806//1899
f 1806//1899 1787//1839 1855//1910
f 1855//1910 2003//1902 1806//1899
f 1856//1963 1812//1883 1809//1882
f 1856//1963 1809//1882 1855//1910
f 1855//1910 1809//1882 1810//1897
f 1855//1910 1810//1897 1854//1903
f 1787//1839 1856//1963 1855//1910
f 1902//1881 1938//1823 1970//1964
f 1970//1964 1969//1837 1902//1881
f 1939//1830 1973//1829 1970//1964
f 1862//1965 1940//1831 1939//1830
f 1862//1965 1939//1830 1861//1966
f 1970//1964 1938//1823 1860//1822
f 1970//1964 1860//1822 1971//1967
f 2024//1968 1861//1966 1939//1830
f 2024//1968 1939//1830 1970//1964
f 2024//1968 1970//1964 1971//1967
f 1915//1969 1916//1970 1862//1965
f 1915//1969 1862//1965 1861//1966
f 1971//1967 1860//1822 1914//1826
f 1971//1967 1914//1826 1972//1971
f 2025//1972 2024//1968 1971//1967
f 2025//1972 1971//1967 1972//1971
f 1972//1971 1914//1826 1933//1825
f 1972//1971 1933//1825 1932//1973
f 1931//1974 1916//1970 1915//1969
f 1931//1974 1915//1969 1932//1973
f 1932//1973 1915//1969 2025//1972
f 2025//1972 1972//1971 1932//1973
f 2025//1972 1915//1969 1861//1966
f 2025//1972 1861//1966 2024//1968
f 1987//1975 1774//1976 1966//1853
f 1987//1975 1966//1853 1988//1977
f 1947//1978 1987//1975 1988//1977
f 2027//1979 1987//1975 1947//1978
f 1988//1977 1989//1852 1947//1978
f 2027//1979 1947//1978 1986//1980
f 1986//1980 1947//1978 1946//1981
f 1986//1980 1946//1981 2028//1982
f 1952//1887 1955//1891 1999//1983
f 1954//1889 1761//1984 1990//1895
f 1954//1889 1990//1895 2000//1894
f 1954//1889 2000//1894 2001//1890
f 1954//1889 1951//1888 1765//1985
f 1954//1889 1765//1985 1763//1986
f 2030//1987 1761//1984 1954//1889
f 2030//1987 1954//1889 1763//1986
f 1991//1892 1990//1895 1761//1984
f 1991//1892 1761//1984 1762//1988
f 1764//1989 1763//1986 1765//1985
f 1764//1989 1765//1985 1766//1990
f 2030//1987 1763//1986 1764//1989
f 2030//1987 1764//1989 2031//1991
f 1762//1988 1761//1984 2030//1987
f 1762//1988 2030//1987 2031//1991
f 1997//1885 1991//1892 1786//1992
f 1786//1992 1998//1886 1997//1885
f 1991//1892 1762//1988 2061//1993
f 2061//1993 1762//1988 2031//1991
f 2061//1993 2031//1991 2032//1994
f 1797//1898 1796//1995 2002//1896
f 1797//1898 1810//1897 1809//1882
f 1797//1898 1809//1882 1998//1886
f 2033//1996 1998//1886 1786//1992
f 2032//1994 2031//1991 1764//1989
f 2032//1994 1764//1989 1785//1997
f 2034//1998 2033//1996 2032//1994
f 2034//1998 2032//1994 1785//1997
f 1785//1997 1764//1989 1766//1990
f 1785//1997 1766//1990 1784//1999
f 1794//1875 1994//1876 1803//2000
f 1794//1875 1803//2000 1795//2001
f 1784//1999 2034//1998 1785//1997
f 1795//2001 1803//2000 1804//1908
f 1795//2001 1804//1908 1796//1995
f 1796//1995 1804//1908 1805//1907
f 1796//1995 1805//1907 2002//1896
f 2034//1998 1784//1999 1795//2001
f 1796//1995 1797//1898 2033//1996
f 1796//1995 2033//1996 2034//1998
f 1945//1858 1983//1859 1984//2002
f 2028//1982 1946//1981 1985//2003
f 1946//1981 1945//1858 1984//2002
f 1946//1981 1984//2002 2035//2004
f 1985//2003 1946//1981 2035//2004
f 1984//2002 1983//1859 1877//1860
f 1984//2002 1877//1860 1878//2005
f 1776//2006 1985//2003 2035//2004
f 1776//2006 2035//2004 2036//2007
f 2035//2004 1984//2002 1878//2005
f 2035//2004 1878//2005 2036//2007
f 1879//2008 1878//2005 1877//1860
f 2036//2007 1878//2005 1879//2008
f 2036//2007 1879//2008 2037//2009
f 1890//1879 1899//2010 1898//2011
f 1890//1879 1898//2011 1889//2012
f 1889//2012 1898//2011 2041//2013
f 1889//2012 2041//2013 2042//2014
f 1881//1877 1890//1879 1889//2012
f 1881//1877 1889//2012 1996//2015
f 1996//2015 1889//2012 2042//2014
f 1880//1880 1961//1861 1960//1857
f 1876//1878 1881//1877 1880//1880
f 1880//1880 1881//1877 1996//2015
f 1960//1857 1959//1856 1880//1880
f 2038//2016 2037//2009 1879//2008
f 2038//2016 1879//2008 1888//2017
f 1888//2017 1897//2018 2039//2019
f 1888//2017 2039//2019 2038//2016
f 2042//2014 2041//2013 1897//2018
f 2042//2014 1897//2018 1888//2017
f 2043//2020 2042//2014 1888//2017
f 1961//1861 1880//1880 1962//2021
f 1962//2021 1880//1880 2043//2020
f 1877//1860 1961//1861 1962//2021
f 1888//2017 1879//2008 1962//2021
f 1962//2021 1879//2008 1877//1860
f 2043//2020 1888//2017 1962//2021
f 2043//2020 1880//1880 1996//2015
f 2043//2020 1996//2015 2042//2014
f 2028//1982 1985//2003 1776//2006
f 2028//1982 1776//2006 2029//2022
f 1775//2023 1986//1980 2028//1982
f 1775//2023 2028//1982 2029//2022
f 1777//2024 1776//2006 2036//2007
f 1777//2024 2036//2007 2037//2009
f 2029//2022 1776//2006 1777//2024
f 2044//2025 1778//2026 1775//2023
f 2044//2025 1775//2023 2029//2022
f 2044//2025 2029//2022 1777//2024
f 1788//2027 1777//2024 2037//2009
f 1788//2027 2037//2009 2038//2016
f 2045//2028 2044//2025 1777//2024
f 2045//2028 1777//2024 1788//2027
f 1798//2029 1788//2027 2038//2016
f 1798//2029 2038//2016 2039//2019
f 2046//2030 2045//2028 1788//2027
f 2046//2030 1788//2027 1798//2029
f 1840//2031 1798//2029 2039//2019
f 1840//2031 2039//2019 2040//2032
f 2047//2033 2046//2030 1798//2029
f 2047//2033 1798//2029 1840//2031
f 1774//1976 1967//2034 1966//1853
f 1779//2035 1780//1797 1773//1851
f 1779//2035 1773//1851 1966//1853
f 1967//2034 1778//2026 1789//2036
f 1790//2037 1791//1798 1780//1797
f 1790//2037 1780//1797 1779//2035
f 1778//2026 2044//2025 2045//2028
f 1778//2026 2045//2028 1789//2036
f 2049//2038 1790//2037 1779//2035
f 2049//2038 1779//2035 2048//2039
f 2049//2038 2048//2039 1789//2036
f 1799//2040 1789//2036 2045//2028
f 1799//2040 2045//2028 2046//2030
f 2050//2041 1800//2042 1790//2043
f 2050//2044 1790//2037 2049//2038
f 2050//2044 2049//2038 1789//2036
f 2050//2044 1789//2036 1799//2040
f 1799//2040 2046//2030 2047//2033
f 1799//2045 2047//2046 1839//2047
f 2048//2039 1779//2035 1967//2034
f 1967//2034 1774//1976 2026//2048
f 2026//2048 1778//2026 1967//2034
f 1967//2034 1789//2036 2048//2039
f 2026//2048 1775//2023 1778//2026
f 2027//1979 1986//1980 1775//2023
f 2027//1979 1775//2023 2026//2048
f 2026//2048 1774//1976 1987//1975
f 2026//2048 1987//1975 2027//1979
f 1767//2049 1765//1985 1951//1888
f 1771//1854 1772//1850 1770//2050
f 1771//1854 1770//2050 1769//2051
f 2062//2052 1947//1978 1989//1852
f 2062//2052 1989//1852 1771//1854
f 2063//2053 1946//1981 1947//1978
f 2063//2053 1947//1978 2062//2052
f 1948//2054 1769//2051 2052//2055
f 1951//1888 1952//1887 1949//2056
f 1951//1888 1949//2056 1948//2054
f 2052//2055 1767//2049 1951//1888
f 2052//2055 1951//1888 1948//2054
f 1794//1875 1795//2001 1784//1999
f 1794//1875 1784//1999 1783//2057
f 2052//2055 1769//2051 1770//2050
f 2052//2055 1770//2050 2051//2058
f 1784//1999 1766//1990 1768//2059
f 1784//1999 1768//2059 1783//2057
f 1782//2060 1770//2050 1772//1850
f 1782//2060 1772//1850 1781//1796
f 1782//2060 1781//1796 1792//1795
f 1782//2060 1792//1795 1793//1873
f 1793//1873 1794//1875 1783//2057
f 1793//1873 1783//2057 1782//2060
f 1766//1990 1765//1985 1767//2049
f 1766//1990 1767//2049 1768//2059
f 1768//2059 1767//2049 2052//2055
f 1768//2059 2052//2055 2051//2058
f 2053//2061 1783//2057 1768//2059
f 1768//2059 2051//2058 2053//2061
f 2053//2061 2051//2058 1770//2050
f 2053//2061 1770//2050 1782//2060
f 1782//2060 1783//2057 2053//2061
f 1829//2062 1828//2063 1823//2064
f 1829//2062 1823//2064 1838//2065
f 1921//2066 1828//2063 1841//2067
f 1917//2068 1823//2064 1828//2063
f 1917//2068 1828//2063 1921//2066
f 1843//1811 1842//1815 1830//2069
f 1922//2070 1931//1974 1932//1973
f 1831//2071 1832//1914 1846//1862
f 1831//2071 1846//1862 1845//1790
f 1844//1789 1843//1811 1830//2069
f 1844//1789 1830//2069 1831//2071
f 1845//1790 1844//1789 1831//2071
f 1831//2071 1830//2069 1825//2072
f 1831//2071 1825//2072 1837//2073
f 1826//1915 1832//1914 1831//2071
f 1826//1915 1831//2071 1837//2073
f 1825//2072 1958//2074 1822//2075
f 1825//2072 1822//2075 1837//2073
f 1822//2075 1958//2074 1929//2076
f 1822//2075 1929//2076 1918//2077
f 1918//2077 1923//2078 1924//1956
f 1918//2077 1924//1956 1919//1955
f 1918//2077 1929//2076 1922//2070
f 1918//2077 1922//2070 1923//2078
f 1923//2078 1922//2070 1932//1973
f 1923//2078 1932//1973 1933//1825
f 1934//1824 1935//1958 1924//1956
f 1934//1824 1924//1956 1923//2078
f 1923//2078 1933//1825 1934//1824
f 1957//2079 1823//2064 1917//2068
f 1930//2080 1929//2076 1958//2074
f 1930//2080 1958//2074 1957//2079
f 1838//2065 1823//2064 1957//2079
f 1824//2081 1838//2065 1957//2079
f 1957//2079 1958//2074 1825//2072
f 1957//2079 1825//2072 1824//2081
f 1957//2079 1917//2068 1930//2080
f 1930//2080 1917//2068 1921//2066
f 1922//2070 1929//2076 1930//2080
f 1822//2075 1827//1911 1826//1915
f 1822//2075 1821//1840 1834//1900
f 1822//2075 1834//1900 1827//1911
f 1920//1954 1926//1841 1821//1840
f 1920//1954 1821//1840 1822//2075
f 1822//2075 1826//1915 1837//2073
f 1918//2077 1919//1955 1822//2075
f 1822//2075 1919//1955 1920//1954
f 1964//1817 1757//1816 1850//2082
f 1964//1817 1850//2082 1965//2083
f 1851//2084 1758//1818 1964//1817
f 1851//2084 1964//1817 1965//2083
f 1801//1874 1793//1873 1792//1795
f 1801//1874 1851//2084 2055//2085
f 2055//2085 1995//1872 1801//1874
f 1803//2000 1994//1876 1802//2086
f 2055//2085 1851//2084 1965//2083
f 2055//2085 1965//2083 2054//2087
f 1849//2088 1850//2082 1757//1816
f 1849//2088 1757//1816 1756//1794
f 2054//2087 1850//2082 1849//2088
f 1849//2088 1756//1794 1755//1792
f 1849//2088 1755//1792 1848//1906
f 1849//2088 1848//1906 1804//1908
f 1849//2088 1804//1908 1803//2000
f 1849//2088 1803//2000 1802//2086
f 1849//2088 1802//2086 2054//2087
f 2054//2087 1965//2083 1850//2082
f 2054//2087 1802//2086 1995//1872
f 2054//2087 1995//1872 2055//2085
f 1875//2089 1873//1802 1874//1801
f 1875//2089 1874//1801 1876//1878
f 1875//2089 1945//1858 2064//2090
f 2064//2090 1945//1858 1946//1981
f 2064//2090 1946//1981 2063//2053
f 1950//2091 1871//1799 1873//1802
f 1950//2091 1873//1802 2064//2090
f 2064//2090 1873//1802 1875//2089
f 1875//2089 1876//1878 1959//1856
f 1875//2089 1959//1856 1982//1855
f 1982//1855 1945//1858 1875//2089
f 1953//2092 1950//2091 1949//2056
f 1953//2092 1949//2056 1952//1887
f 1953//2092 1952//1887 1999//1983
f 1865//2093 1866//1848 1868//1845
f 1865//2093 1868//1845 1867//2094
f 1867//2094 1868//1845 1870//1844
f 1867//2094 1870//1844 1869//2095
f 1869//2095 1870//1844 1872//1800
f 1869//2095 1872//1800 1871//1799
f 2057//2096 1867//2094 1869//2095
f 1869//2095 1953//2092 2057//2096
f 2057//2096 2056//2097 1865//2093
f 2057//2096 1865//2093 1867//2094
f 2056//2097 2057//2096 1953//2092
f 2056//2097 1953//2092 1956//2098
f 1956//2098 1953//2092 1999//1983
f 1999//1983 1955//1891 1759//2099
f 1759//2099 1760//1893 1976//1918
f 2010//1920 1979//1916 1864//1917
f 2010//1920 1864//1917 2011//2100
f 1976//1918 2010//1920 2011//2100
f 1863//2101 1865//2093 2056//2097
f 1955//1891 2000//1894 1759//2099
f 1759//2099 2000//1894 1760//1893
f 1759//2099 1976//1918 2011//2100
f 2058//2102 1759//2099 2011//2100
f 1863//2101 1864//1917 1866//1848
f 1863//2101 1866//1848 1865//2093
f 2058//2102 2011//2100 1864//1917
f 2058//2102 1864//1917 1863//2101
f 2056//2097 1956//2098 1863//2101
f 1863//2101 1956//2098 2058//2102
f 2058//2102 1956//2098 1999//1983
f 2058//2102 1999//1983 1759//2099
f 1969//1837 2059//1834 1975//1838
f 1969//1837 1901//1828 2060//1832
f 1969//1837 2060//1832 2059//1834
f 1901//1828 1968//1821 1892//1820
f 1901//1828 1892//1820 2060//1832
f 1893//1833 1885//1847 1894//1836
f 1786//1992 2061//1993 2032//1994
f 1786//1992 2032//1994 2033//1996
f 1991//1892 2061//1993 1786//1992
f 1797//1898 1998//1886 2033//1996
f 1966//1853 1967//2034 1779//2035
f 1937//1808 1938//1823 1902//1881
f 1948//2054 2062//2052 1771//1854
f 1948//2054 1771//1854 1769//2051
f 1949//2056 2063//2053 2062//2052
f 1949//2056 2062//2052 1948//2054
f 1950//2091 2064//2090 2063//2053
f 1950//2091 2063//2053 1949//2056
f 2034//1998 1795//2001 1796//1995
f 1989//1852 1988//1977 1966//1853
f 1871//1799 1950//2091 1953//2092
f 1871//1799 1953//2092 1869//2095
f 1994//1876 1995//1872 1802//2086
f 1970//1964 1973//1829 1969//1837
f 2204//2103 2131//2104 2132//2105
f 2204//2103 2132//2105 2203//2106
f 2131//2104 2128//2107 2090//2108
f 2131//2104 2090//2108 2132//2105
f 2109//2109 2133//2110 2134//2111
f 2109//2109 2134//2111 2094//2112
f 2133//2110 2111//2113 2093//2114
f 2133//2110 2093//2114 2134//2111
f 2090//2108 2128//2107 2135//2115
f 2090//2108 2135//2115 2136//2116
f 2135//2115 2129//2117 2096//2118
f 2135//2115 2096//2118 2136//2116
f 2096//2118 2129//2117 2137//2119
f 2096//2118 2137//2119 2138//2120
f 2137//2119 2109//2109 2094//2112
f 2137//2119 2094//2112 2138//2120
f 2216//2121 2217//2122 2139//2123
f 2216//2121 2139//2123 2140//2124
f 2210//2125 2112//2126 2098//2127
f 2210//2125 2098//2127 2209//2128
f 2098//2127 2112//2126 2141//2129
f 2098//2127 2141//2129 2142//2130
f 2141//2129 2113//2131 2100//2132
f 2141//2129 2100//2132 2142//2130
f 2100//2132 2113//2131 2143//2133
f 2100//2132 2143//2133 2144//2134
f 2143//2133 2114//2135 2102//2136
f 2143//2133 2102//2136 2144//2134
f 2125//2137 2145//2138 2146//2139
f 2125//2137 2146//2139 2105//2140
f 2145//2138 2126//2141 2104//2142
f 2145//2138 2104//2142 2146//2139
f 2124//2143 2147//2144 2148//2145
f 2124//2143 2148//2145 2107//2146
f 2147//2144 2125//2137 2105//2140
f 2147//2144 2105//2140 2148//2145
f 2104//2142 2126//2141 2149//2147
f 2104//2142 2149//2147 2150//2148
f 2192//2149 2127//2150 2087//2151
f 2192//2149 2087//2151 2191//2152
f 2206//2153 2151//2154 2152//2155
f 2206//2153 2152//2155 2205//2156
f 2151//2154 2067//2157 2089//2158
f 2151//2154 2089//2158 2152//2155
f 2068//2159 2153//2160 2132//2105
f 2068//2159 2132//2105 2090//2108
f 2153//2160 2208//2161 2203//2106
f 2153//2160 2203//2106 2132//2105
f 2072//2162 2154//2163 2155//2164
f 2072//2162 2155//2164 2091//2165
f 2154//2163 2065//2166 2092//2167
f 2154//2163 2092//2167 2155//2164
f 2066//2168 2156//2169 2134//2111
f 2066//2168 2134//2111 2093//2114
f 2156//2169 2071//2170 2094//2112
f 2156//2169 2094//2112 2134//2111
f 2089//2158 2067//2157 2157//2171
f 2089//2158 2157//2171 2158//2172
f 2157//2171 2070//2173 2095//2174
f 2157//2171 2095//2174 2158//2172
f 2069//2175 2159//2176 2136//2116
f 2069//2175 2136//2116 2096//2118
f 2159//2176 2068//2159 2090//2108
f 2159//2176 2090//2108 2136//2116
f 2095//2174 2070//2173 2160//2177
f 2095//2174 2160//2177 2161//2178
f 2160//2177 2072//2162 2091//2165
f 2160//2177 2091//2165 2161//2178
f 2094//2112 2071//2170 2162//2179
f 2094//2112 2162//2179 2138//2120
f 2162//2179 2069//2175 2096//2118
f 2162//2179 2096//2118 2138//2120
f 2218//2180 2219//2181 2163//2182
f 2218//2180 2163//2182 2164//2183
f 2212//2184 2073//2185 2097//2186
f 2212//2184 2097//2186 2211//2187
f 2074//2188 2214//2189 2209//2128
f 2074//2188 2209//2128 2098//2127
f 2165//2190 2215//2191 2216//2121
f 2165//2190 2216//2121 2140//2124
f 2097//2186 2073//2185 2166//2192
f 2097//2186 2166//2192 2167//2193
f 2166//2192 2075//2194 2099//2195
f 2166//2192 2099//2195 2167//2193
f 2076//2196 2168//2197 2142//2130
f 2076//2196 2142//2130 2100//2132
f 2168//2197 2074//2188 2098//2127
f 2168//2197 2098//2127 2142//2130
f 2099//2195 2075//2194 2169//2198
f 2099//2195 2169//2198 2170//2199
f 2169//2198 2077//2200 2101//2201
f 2169//2198 2101//2201 2170//2199
f 2102//2136 2078//2202 2171//2203
f 2102//2136 2171//2203 2144//2134
f 2171//2203 2076//2196 2100//2132
f 2171//2203 2100//2132 2144//2134
f 2085//2204 2172//2205 2146//2139
f 2085//2204 2146//2139 2104//2142
f 2172//2205 2080//2206 2105//2140
f 2172//2205 2105//2140 2146//2139
f 2079//2207 2173//2208 2174//2209
f 2079//2207 2174//2209 2106//2210
f 2173//2208 2084//2211 2103//2212
f 2173//2208 2103//2212 2174//2209
f 2105//2140 2080//2206 2175//2213
f 2105//2140 2175//2213 2148//2145
f 2175//2213 2082//2214 2107//2146
f 2175//2213 2107//2146 2148//2145
f 2081//2215 2176//2216 2177//2217
f 2081//2215 2177//2217 2108//2218
f 2176//2216 2079//2207 2106//2210
f 2176//2216 2106//2210 2177//2217
f 2103//2212 2084//2211 2178//2219
f 2103//2212 2178//2219 2179//2220
f 2194//2221 2083//2222 2088//2223
f 2194//2221 2088//2223 2193//2224
f 2087//2151 2086//2225 2196//2226
f 2087//2151 2196//2226 2191//2152
f 2180//2227 2085//2204 2104//2142
f 2180//2227 2104//2142 2150//2148
f 2175//2213 2080//2206 2122//2228
f 2175//2213 2122//2228 2189//2229
f 2175//2213 2189//2229 2123//2230
f 2175//2213 2123//2230 2082//2214
f 2181//2231 2130//2232 2076//2196
f 2181//2231 2076//2196 2171//2203
f 2181//2231 2171//2203 2078//2202
f 2181//2231 2078//2202 2115//2233
f 2182//2234 2220//2235 2215//2191
f 2182//2234 2215//2191 2165//2190
f 2213//2236 2214//2189 2074//2188
f 2213//2236 2074//2188 2110//2237
f 2183//2238 2117//2239 2071//2170
f 2183//2238 2071//2170 2156//2169
f 2183//2238 2156//2169 2066//2168
f 2183//2238 2066//2168 2116//2240
f 2184//2241 2118//2242 2069//2175
f 2184//2241 2069//2175 2162//2179
f 2184//2241 2162//2179 2071//2170
f 2184//2241 2071//2170 2117//2239
f 2069//2175 2118//2242 2185//2243
f 2069//2175 2185//2243 2159//2176
f 2185//2243 2119//2244 2068//2159
f 2185//2243 2068//2159 2159//2176
f 2153//2160 2068//2159 2119//2244
f 2153//2160 2119//2244 2186//2245
f 2153//2160 2186//2245 2207//2246
f 2153//2160 2207//2246 2208//2161
f 2196//2226 2086//2225 2120//2247
f 2196//2226 2120//2247 2195//2248
f 2180//2227 2187//2249 2121//2250
f 2180//2227 2121//2250 2085//2204
f 2172//2205 2085//2204 2121//2250
f 2172//2205 2121//2250 2188//2251
f 2172//2205 2188//2251 2122//2228
f 2172//2205 2122//2228 2080//2206
f 2190//2252 2110//2237 2074//2188
f 2190//2252 2074//2188 2168//2197
f 2190//2252 2168//2197 2076//2196
f 2190//2252 2076//2196 2130//2232
f 2091//2165 2155//2164 2133//2110
f 2091//2165 2133//2110 2109//2109
f 2155//2164 2092//2167 2111//2113
f 2155//2164 2111//2113 2133//2110
f 2217//2122 2218//2180 2164//2183
f 2217//2122 2164//2183 2139//2123
f 2211//2187 2097//2186 2112//2126
f 2211//2187 2112//2126 2210//2125
f 2112//2126 2097//2186 2167//2193
f 2112//2126 2167//2193 2141//2129
f 2167//2193 2099//2195 2113//2131
f 2167//2193 2113//2131 2141//2129
f 2113//2131 2099//2195 2170//2199
f 2113//2131 2170//2199 2143//2133
f 2170//2199 2101//2201 2114//2135
f 2170//2199 2114//2135 2143//2133
f 2166//2192 2073//2185 2110//2237
f 2166//2192 2110//2237 2190//2252
f 2166//2192 2190//2252 2130//2232
f 2166//2192 2130//2232 2075//2194
f 2163//2182 2219//2181 2220//2235
f 2163//2182 2220//2235 2182//2234
f 2212//2184 2213//2236 2110//2237
f 2212//2184 2110//2237 2073//2185
f 2154//2163 2072//2162 2117//2239
f 2154//2163 2117//2239 2183//2238
f 2154//2163 2183//2238 2116//2240
f 2154//2163 2116//2240 2065//2166
f 2160//2177 2070//2173 2118//2242
f 2160//2177 2118//2242 2184//2241
f 2160//2177 2184//2241 2117//2239
f 2160//2177 2117//2239 2072//2162
f 2118//2242 2070//2173 2157//2171
f 2118//2242 2157//2171 2185//2243
f 2157//2171 2067//2157 2119//2244
f 2157//2171 2119//2244 2185//2243
f 2207//2246 2186//2245 2151//2154
f 2207//2246 2151//2154 2206//2153
f 2186//2245 2119//2244 2067//2157
f 2186//2245 2067//2157 2151//2154
f 2121//2250 2187//2249 2178//2219
f 2121//2250 2178//2219 2084//2211
f 2195//2248 2120//2247 2083//2222
f 2195//2248 2083//2222 2194//2221
f 2122//2228 2188//2251 2173//2208
f 2122//2228 2173//2208 2079//2207
f 2188//2251 2121//2250 2084//2211
f 2188//2251 2084//2211 2173//2208
f 2123//2230 2189//2229 2176//2216
f 2123//2230 2176//2216 2081//2215
f 2189//2229 2122//2228 2079//2207
f 2189//2229 2079//2207 2176//2216
f 2124//2143 2108//2218 2177//2217
f 2124//2143 2177//2217 2147//2144
f 2177//2217 2106//2210 2125//2137
f 2177//2217 2125//2137 2147//2144
f 2125//2137 2106//2210 2174//2209
f 2125//2137 2174//2209 2145//2138
f 2174//2209 2103//2212 2126//2141
f 2174//2209 2126//2141 2145//2138
f 2126//2141 2103//2212 2179//2220
f 2126//2141 2179//2220 2149//2147
f 2193//2224 2088//2223 2127//2150
f 2193//2224 2127//2150 2192//2149
f 2204//2103 2205//2156 2152//2155
f 2204//2103 2152//2155 2131//2104
f 2152//2155 2089//2158 2128//2107
f 2152//2155 2128//2107 2131//2104
f 2128//2107 2089//2158 2158//2172
f 2128//2107 2158//2172 2135//2115
f 2158//2172 2095//2174 2129//2117
f 2158//2172 2129//2117 2135//2115
f 2129//2117 2095//2174 2161//2178
f 2129//2117 2161//2178 2137//2119
f 2161//2178 2091//2165 2109//2109
f 2161//2178 2109//2109 2137//2119
f 2169//2198 2075//2194 2130//2232
f 2169//2198 2130//2232 2181//2231
f 2169//2198 2181//2231 2115//2233
f 2169//2198 2115//2233 2077//2200
f 2199//2253 2192//2149 2191//2152
f 2199//2253 2191//2152 2198//2254
f 2200//2255 2193//2224 2192//2149
f 2200//2255 2192//2149 2199//2253
f 2201//2256 2194//2221 2193//2224
f 2201//2256 2193//2224 2200//2255
f 2202//2257 2195//2248 2194//2221
f 2202//2257 2194//2221 2201//2256
f 2202//2257 2197//2258 2196//2226
f 2202//2257 2196//2226 2195//2248
f 2191//2152 2196//2226 2197//2258
f 2191//2152 2197//2258 2198//2254
f 2198//2254 2197//2258 2180//2227
f 2198//2254 2180//2227 2150//2148
f 2149//2147 2199//2253 2198//2254
f 2149//2147 2198//2254 2150//2148
f 2179//2220 2200//2255 2199//2253
f 2179//2220 2199//2253 2149//2147
f 2178//2219 2201//2256 2200//2255
f 2178//2219 2200//2255 2179//2220
f 2187//2249 2202//2257 2201//2256
f 2187//2249 2201//2256 2178//2219
f 2180//2227 2197//2258 2202//2257
f 2180//2227 2202//2257 2187//2249
f 2127//2150 2204//2103 2203//2106
f 2127//2150 2203//2106 2087//2151
f 2127//2150 2088//2223 2205//2156
f 2127//2150 2205//2156 2204//2103
f 2083//2222 2206//2153 2205//2156
f 2083//2222 2205//2156 2088//2223
f 2120//2247 2207//2246 2206//2153
f 2120//2247 2206//2153 2083//2222
f 2208//2161 2207//2246 2120//2247
f 2208//2161 2120//2247 2086//2225
f 2203//2106 2208//2161 2086//2225
f 2203//2106 2086//2225 2087//2151
f 2139//2123 2210//2125 2209//2128
f 2139//2123 2209//2128 2140//2124
f 2164//2183 2211//2187 2210//2125
f 2164//2183 2210//2125 2139//2123
f 2163//2182 2212//2184 2211//2187
f 2163//2182 2211//2187 2164//2183
f 2163//2182 2182//2234 2213//2236
f 2163//2182 2213//2236 2212//2184
f 2182//2234 2165//2190 2214//2189
f 2182//2234 2214//2189 2213//2236
f 2209//2128 2214//2189 2165//2190
f 2209//2128 2165//2190 2140//2124
f 2215//2191 2066//2168 2093//2114
f 2215//2191 2093//2114 2216//2121
f 2093//2114 2111//2113 2217//2122
f 2093//2114 2217//2122 2216//2121
f 2111//2113 2092//2167 2218//2180
f 2111//2113 2218//2180 2217//2122
f 2092//2167 2065//2166 2219//2181
f 2092//2167 2219//2181 2218//2180
f 2220//2235 2219//2181 2065//2166
f 2220//2235 2065//2166 2116//2240
f 2215//2191 2220//2235 2116//2240
f 2215//2191 2116//2240 2066//2168
f 2241//2259 2285//2260 2286//2261
f 2241//2259 2286//2261 2223//2262
f 2223//2262 2286//2261 2287//2263
f 2223//2262 2287//2263 2233//2264
f 2225//2265 2275//2266 2276//2267
f 2225//2265 2276//2267 2238//2268
f 2234//2269 2281//2270 2282//2271
f 2234//2269 2282//2271 2221//2272
f 2242//2273 2243//2274 2236//2275
f 2242//2273 2236//2275 2224//2276
f 2240//2277 2241//2259 2223//2262
f 2240//2277 2223//2262 2233//2264
f 2238//2268 2239//2278 2229//2279
f 2238//2268 2229//2279 2225//2265
f 2227//2280 2279//2281 2280//2282
f 2227//2280 2280//2282 2230//2283
f 2232//2284 2244//2285 2237//2286
f 2232//2284 2237//2286 2226//2287
f 2229//2279 2288//2288 2275//2266
f 2229//2279 2275//2266 2225//2265
f 2239//2278 2240//2277 2233//2264
f 2239//2278 2233//2264 2229//2279
f 2230//2283 2280//2282 2281//2270
f 2230//2283 2281//2270 2234//2269
f 2236//2275 2243//2274 2244//2285
f 2236//2275 2244//2285 2232//2284
f 2233//2264 2287//2263 2288//2288
f 2233//2264 2288//2288 2229//2279
f 2238//2268 2276//2267 2277//2289
f 2238//2268 2277//2289 2246//2290
f 2246//2290 2247//2291 2239//2278
f 2246//2290 2239//2278 2238//2268
f 2247//2291 2248//2292 2240//2277
f 2247//2291 2240//2277 2239//2278
f 2248//2292 2249//2293 2241//2259
f 2248//2292 2241//2259 2240//2277
f 2249//2293 2284//2294 2285//2260
f 2249//2293 2285//2260 2241//2259
f 2250//2295 2251//2296 2243//2274
f 2250//2295 2243//2274 2242//2273
f 2244//2285 2243//2274 2251//2296
f 2244//2285 2251//2296 2252//2297
f 2237//2286 2244//2285 2252//2297
f 2237//2286 2252//2297 2245//2298
f 2246//2290 2277//2289 2278//2299
f 2246//2290 2278//2299 2254//2300
f 2254//2300 2255//2301 2247//2291
f 2254//2300 2247//2291 2246//2290
f 2255//2301 2256//2302 2248//2292
f 2255//2301 2248//2292 2247//2291
f 2256//2302 2257//2303 2249//2293
f 2256//2302 2249//2293 2248//2292
f 2257//2303 2283//2304 2284//2294
f 2257//2303 2284//2294 2249//2293
f 2258//2305 2259//2306 2251//2296
f 2258//2305 2251//2296 2250//2295
f 2252//2297 2251//2296 2259//2306
f 2252//2297 2259//2306 2260//2307
f 2245//2298 2252//2297 2260//2307
f 2245//2298 2260//2307 2253//2308
f 2254//2300 2278//2299 2279//2281
f 2254//2300 2279//2281 2227//2280
f 2227//2280 2230//2283 2255//2301
f 2227//2280 2255//2301 2254//2300
f 2230//2283 2234//2269 2256//2302
f 2230//2283 2256//2302 2255//2301
f 2234//2269 2221//2272 2257//2303
f 2234//2269 2257//2303 2256//2302
f 2221//2272 2282//2271 2283//2304
f 2221//2272 2283//2304 2257//2303
f 2222//2309 2235//2310 2259//2306
f 2222//2309 2259//2306 2258//2305
f 2260//2307 2259//2306 2235//2310
f 2260//2307 2235//2310 2231//2311
f 2253//2308 2260//2307 2231//2311
f 2253//2308 2231//2311 2228//2312
f 2261//2313 2226//2287 2237//2286
f 2261//2313 2237//2286 2262//2314
f 2263//2315 2262//2314 2237//2286
f 2263//2315 2237//2286 2245//2298
f 2264//2316 2263//2315 2245//2298
f 2264//2316 2245//2298 2253//2308
f 2265//2317 2264//2316 2253//2308
f 2265//2317 2253//2308 2228//2312
f 2266//2318 2265//2317 2228//2312
f 2266//2318 2228//2312 2231//2311
f 2267//2319 2266//2318 2231//2311
f 2267//2319 2231//2311 2235//2310
f 2268//2320 2267//2319 2235//2310
f 2268//2320 2235//2310 2222//2309
f 2269//2321 2268//2320 2222//2309
f 2269//2321 2222//2309 2258//2305
f 2270//2322 2269//2321 2258//2305
f 2270//2322 2258//2305 2250//2295
f 2271//2323 2270//2322 2250//2295
f 2271//2323 2250//2295 2242//2273
f 2272//2324 2271//2323 2242//2273
f 2272//2324 2242//2273 2224//2276
f 2273//2325 2272//2324 2224//2276
f 2273//2325 2224//2276 2236//2275
f 2274//2326 2273//2325 2236//2275
f 2274//2326 2236//2275 2232//2284
f 2261//2313 2274//2326 2232//2284
f 2261//2313 2232//2284 2226//2287
f 2275//2266 2261//2313 2262//2314
f 2275//2266 2262//2314 2276//2267
f 2277//2289 2276//2267 2262//2314
f 2277//2289 2262//2314 2263//2315
f 2278//2299 2277//2289 2263//2315
f 2278//2299 2263//2315 2264//2316
f 2279//2281 2278//2299 2264//2316
f 2279//2281 2264//2316 2265//2317
f 2280//2282 2279//2281 2265//2317
f 2280//2282 2265//2317 2266//2318
f 2281//2270 2280//2282 2266//2318
f 2281//2270 2266//2318 2267//2319
f 2282//2271 2281//2270 2267//2319
f 2282//2271 2267//2319 2268//2320
f 2283//2304 2282//2271 2268//2320
f 2283//2304 2268//2320 2269//2321
f 2284//2294 2283//2304 2269//2321
f 2284//2294 2269//2321 2270//2322
f 2285//2260 2284//2294 2270//2322
f 2285//2260 2270//2322 2271//2323
f 2286//2261 2285//2260 2271//2323
f 2286//2261 2271//2323 2272//2324
f 2287//2263 2286//2261 2272//2324
f 2287//2263 2272//2324 2273//2325
f 2288//2288 2287//2263 2273//2325
f 2288//2288 2273//2325 2274//2326
f 2275//2266 2288//2288 2274//2326
f 2275//2266 2274//2326 2261//2313
f 2304//2327 2298//2328 2295//2329
f 2304//2327 2295//2329 2303//2330
f 2298//2328 2304//2327 2306//2331
f 2298//2328 2306//2331 2307//2332
f 2306//2331 2316//2333 2317//2334
f 2306//2331 2317//2334 2307//2332
f 2303//2330 2295//2329 2312//2335
f 2289//2336 2297//2337 2296//2338
f 2289//2336 2296//2338 2293//2339
f 2295//2329 2298//2328 2290//2340
f 2295//2329 2290//2340 2294//2341
f 2297//2337 2289//2336 2308//2342
f 2297//2337 2308//2342 2309//2343
f 2308//2342 2320//2344 2321//2345
f 2308//2342 2321//2345 2309//2343
f 2318//2346 2310//2347 2307//2332
f 2318//2346 2307//2332 2317//2334
f 2310//2347 2290//2340 2298//2328
f 2310//2347 2298//2328 2307//2332
f 2314//2348 2293//2339 2296//2338
f 2314//2348 2296//2338 2313//2349
f 2295//2329 2294//2341 2315//2350
f 2295//2329 2315//2350 2312//2335
f 2318//2346 2319//2351 2311//2352
f 2318//2346 2311//2352 2310//2347
f 2311//2352 2302//2353 2290//2340
f 2311//2352 2290//2340 2310//2347
f 2319//2351 2320//2344 2308//2342
f 2319//2351 2308//2342 2311//2352
f 2308//2342 2289//2336 2302//2353
f 2308//2342 2302//2353 2311//2352
f 2313//2349 2296//2338 2303//2330
f 2297//2337 2304//2327 2303//2330
f 2297//2337 2303//2330 2296//2338
f 2304//2327 2297//2337 2309//2343
f 2304//2327 2309//2343 2306//2331
f 2309//2343 2321//2345 2316//2333
f 2309//2343 2316//2333 2306//2331
f 2322//2354 2312//2335 2315//2350
f 2322//2354 2315//2350 2323//2355
f 2322//2354 2323//2355 2314//2348
f 2322//2354 2314//2348 2313//2349
f 2316//2333 2305//2356 2300//2357
f 2316//2333 2300//2357 2317//2334
f 2291//2358 2318//2346 2317//2334
f 2291//2358 2317//2334 2300//2357
f 2291//2358 2301//2359 2319//2351
f 2291//2358 2319//2351 2318//2346
f 2301//2359 2292//2360 2320//2344
f 2301//2359 2320//2344 2319//2351
f 2321//2345 2320//2344 2292//2360
f 2321//2345 2292//2360 2299//2361
f 2316//2333 2321//2345 2299//2361
f 2316//2333 2299//2361 2305//2356
f 2303//2330 2312//2335 2322//2354
f 2313//2349 2303//2330 2322//2354
f 2315//2350 2324//2362 2323//2355
f 2302//2353 2324//2362 2294//2341
f 2302//2353 2294//2341 2290//2340
f 2289//2336 2293//2339 2324//2362
f 2289//2336 2324//2362 2302//2353
f 2323//2355 2324//2362 2314//2348
f 2294//2341 2324//2362 2315//2350
f 2314//2348 2324//2362 2293//2339
f 2326//2363 2325//2364 2338//2365
f 2326//2363 2338//2365 2327//2366
f 2346//2367 2345//2368 2359//2369
f 2330//2370 2332//2371 2344//2372
f 2343//2373 2333//2374 2362//2375
f 2343//2373 2362//2375 2334//2376
f 2334//2376 2363//2377 2335//2378
f 2334//2376 2335//2378 2342//2379
f 2365//2380 2337//2381 2340//2382
f 2365//2380 2340//2382 2336//2383
f 2337//2381 2338//2365 2325//2364
f 2337//2381 2325//2364 2339//2384
f 2327//2366 2338//2365 2366//2385
f 2327//2366 2366//2385 2367//2386
f 2325//2364 2326//2363 2368//2387
f 2325//2364 2368//2387 2351//2388
f 2350//2389 2339//2384 2325//2364
f 2350//2389 2325//2364 2351//2388
f 2340//2382 2337//2381 2339//2384
f 2340//2382 2339//2384 2349//2390
f 2340//2382 2341//2391 2335//2378
f 2340//2382 2335//2378 2336//2383
f 2357//2392 2342//2379 2335//2378
f 2357//2392 2335//2378 2341//2391
f 2347//2393 2343//2373 2334//2376
f 2347//2393 2334//2376 2342//2379
f 2344//2372 2333//2374 2343//2373
f 2344//2372 2343//2373 2345//2368
f 2333//2374 2344//2372 2332//2371
f 2333//2374 2332//2371 2361//2394
f 2330//2370 2344//2372 2345//2368
f 2330//2370 2345//2368 2346//2367
f 2330//2370 2346//2367 2360//2395
f 2330//2370 2360//2395 2331//2396
f 2357//2392 2341//2391 2348//2397
f 2357//2392 2348//2397 2356//2398
f 2348//2397 2341//2391 2340//2382
f 2348//2397 2340//2382 2349//2390
f 2328//2399 2351//2388 2368//2387
f 2328//2399 2368//2387 2352//2400
f 2328//2399 2354//2401 2350//2389
f 2328//2399 2350//2389 2351//2388
f 2355//2402 2349//2390 2339//2384
f 2355//2402 2339//2384 2350//2389
f 2370//2403 2348//2397 2349//2390
f 2370//2403 2349//2390 2355//2402
f 2357//2392 2358//2404 2347//2393
f 2357//2392 2347//2393 2342//2379
f 2359//2369 2345//2368 2343//2373
f 2359//2369 2343//2373 2347//2393
f 2377//2405 2331//2396 2360//2395
f 2377//2405 2360//2395 2373//2406
f 2377//2405 2376//2407 2332//2371
f 2377//2405 2332//2371 2331//2396
f 2361//2394 2332//2371 2376//2407
f 2361//2394 2376//2407 2372//2408
f 2362//2375 2333//2374 2361//2394
f 2362//2375 2361//2394 2371//2409
f 2363//2377 2334//2376 2362//2375
f 2363//2377 2362//2375 2375//2410
f 2336//2383 2335//2378 2363//2377
f 2336//2383 2363//2377 2364//2411
f 2338//2365 2337//2381 2365//2380
f 2338//2365 2365//2380 2366//2385
f 2329//2412 2367//2386 2366//2385
f 2366//2385 2378//2413 2329//2412
f 2353//2414 2365//2380 2336//2383
f 2353//2414 2336//2383 2364//2411
f 2354//2401 2353//2414 2364//2411
f 2354//2401 2364//2411 2369//2415
f 2354//2401 2369//2415 2355//2402
f 2354//2401 2355//2402 2350//2389
f 2375//2410 2370//2403 2355//2402
f 2375//2410 2355//2402 2369//2415
f 2371//2409 2370//2403 2375//2410
f 2371//2409 2375//2410 2362//2375
f 2371//2409 2356//2398 2348//2397
f 2371//2409 2348//2397 2370//2403
f 2372//2408 2356//2398 2371//2409
f 2372//2408 2371//2409 2361//2394
f 2357//2392 2356//2398 2372//2408
f 2357//2392 2372//2408 2358//2404
f 2374//2416 2359//2369 2347//2393
f 2374//2416 2347//2393 2358//2404
f 2373//2406 2360//2395 2359//2369
f 2373//2406 2359//2369 2374//2416
f 2374//2416 2358//2404 2372//2408
f 2374//2416 2372//2408 2376//2407
f 2363//2377 2375//2410 2369//2415
f 2363//2377 2369//2415 2364//2411
f 2374//2416 2376//2407 2377//2405
f 2374//2416 2377//2405 2373//2406
f 2330//2370 2331//2396 2332//2371
f 2346//2367 2359//2369 2360//2395
f 2366//2385 2365//2380 2353//2414
f 2366//2385 2353//2414 2378//2413
f 2328//2399 2378//2413 2353//2414
f 2328//2399 2353//2414 2354//2401
f 765//684 1292//672 761//643
f 1018//424 278//417 267//471
f 1343//1431 1342//1430 1357//1397
f 1483//1706 1655//1707 1675//1768
f 1467//1776 1447//1778 1448//1777
f 1792//1795 1758//1818 1801//1874
f 2107//2146 2082//2214 2123//2230
f 2305//2356 2292//2360 2301//2359
f 2078//2202 2102//2136 2114//2135
f 1586//1626 1566//1627 1558//1625
f 89//75 1329//74 772//138
f 1329//74 803//1106 772//138
f 88//1365 1340//1367 1341//1366
f 803//1106 88//71 772//138
f 404//577 10//77 89//75
f 818//576 1311//1125 761//643
f 1311//1125 404//577 761//643
f 1338//1363 1339//1362 403//1361
f 403//573 818//576 406//679
f 404//577 89//75 766//182
f 88//71 1341//1364 1330//1351
f 1330//1351 1331//1350 84//79
f 1331//1350 1332//1352 84//79
f 1332//1352 1333//1353 84//79
f 84//79 141//82 20//174
f 20//174 19//1090 772//138
f 772//138 771//137 767//179
f 771//137 770//141 1290//165
f 767//179 771//137 768//190
f 1290//165 769//168 768//190
f 769//168 1286//187 768//190
f 1290//165 768//190 771//137
f 84//79 20//174 1330//1351
f 20//174 772//138 88//71
f 1330//1351 20//174 88//71
f 89//75 772//138 766//182
f 1337//1359 1338//1360 403//573
f 818//576 761//643 406//679
f 772//138 767//179 766//182
f 761//643 766//182 765//684
f 1336//1358 1337//1359 405//579
f 1337//1359 403//573 406//679
f 1334//1355 1335//1354 405//1356
f 1335//1357 1336//1358 405//579
f 406//679 408//582 405//579
f 1337//1359 406//679 405//579
f 766//182 761//643 404//577
f 765//684 764//698 1292//672
f 764//698 1288//689 763//688
f 1292//672 764//698 763//688
f 1292//672 762//645 761//643
f 761//643 407//1089 406//679
f 936//242 1016//241 1017//1237
f 1017//1237 166//1184 167//1183
f 167//1183 168//1182 1017//1237
f 168//1182 169//1181 1017//1237
f 44//1131 1029//1130 860//1129
f 936//242 1017//1237 169//1181
f 937//426 936//242 44//1132
f 44//1132 860//476 326//475
f 326//475 1059//1337 1251//1256
f 1251//1255 1060//1254 120//1253
f 120//1177 121//1176 927//128
f 927//126 926//125 35//124
f 35//1218 81//1220 998//1219
f 998//27 997//62 205//61
f 35//2417 998//27 326//475
f 998//27 205//61 326//475
f 120//1177 927//128 326//475
f 927//128 35//2417 326//475
f 326//475 1251//1256 120//1177
f 44//1132 326//475 205//61
f 270//1239 1031//251 1030//439
f 1207//1334 1208//1238 270//1239
f 1205//436 1206//1333 1207//1334
f 285//437 1205//436 1207//1334
f 285//437 1207//1334 270//1239
f 996//1092 37//1216 790//1217
f 790//1217 925//1349 1312//1175
f 925//1349 789//1348 1312//1175
f 790//1217 1312//1175 122//1174
f 122//1174 12//1173 790//1217
f 12//1173 366//1172 1295//1108
f 366//1345 1294//1347 1295//1346
f 1295//1108 921//1107 805//1110
f 991//561 990//529 206//292
f 990//529 989//528 206//292
f 1295//1108 805//1110 991//561
f 12//1173 1295//1108 790//1217
f 206//292 996//1092 790//1217
f 206//292 790//1217 991//561
f 991//561 790//1217 1295//1108
f 989//1213 361//1215 370//1214
f 205//61 206//292 989//528
f 370//635 920//637 919//636
f 989//528 370//2418 477//1167
f 370//2418 919//2419 477//1167
f 919//1169 360//1171 397//1170
f 477//1341 1061//1343 1259//1342
f 919//2419 397//1168 477//1167
f 205//61 989//528 1034//1243
f 989//528 477//1167 668//1048
f 477//1167 1259//2420 668//1048
f 1259//1258 1062//1259 668//1258
f 668//1048 868//1242 1034//1243
f 1113//1278 1114//1279 1112//1277
f 1114//1279 1018//424 267//471
f 1111//1275 1114//1279 1110//1276
f 989//528 668//1048 1034//1243
f 205//61 1034//1243 527//930
f 1034//1243 1035//627 527//930
f 1035//627 446//626 447//629
f 447//629 511//727 1035//627
f 511//727 512//726 1035//627
f 512//726 1025//755 1035//627
f 1025//755 527//930 1035//627
f 527//930 1063//1261 1064//1260
f 527//930 1064//1260 1065//940
f 527//930 1065//940 937//426
f 205//61 527//930 937//426
f 102//113 111//112 1110//1276
f 1107//1273 1108//1272 267//471
f 1108//1272 1109//1274 267//471
f 1109//1274 102//113 1110//1276
f 1250//1336 1107//1273 267//471
f 267//471 341//472 1250//1336
f 266//444 267//471 278//417
f 1109//1274 1110//1276 1114//1279
f 1109//1274 1114//1279 267//471
f 103//115 104//114 117//402
f 689//323 14//322 101//321
f 101//321 103//115 117//402
f 101//321 117//402 269//405
f 15//324 689//323 101//321
f 214//301 15//324 101//321
f 214//301 101//321 269//405
f 699//1055 700//1056 701//299
f 701//299 214//301 266//444
f 214//301 269//405 266//444
f 698//298 699//1055 701//299
f 211//85 210//84 47//142
f 210//84 213//297 47//142
f 698//298 701//299 266//444
f 698//298 266//444 213//297
f 129//144 697//83 696//86
f 240//329 82//325 47//142
f 855//1126 51//1128 240//1127
f 819//332 856//350 820//333
f 856//350 855//356 820//333
f 821//842 820//333 822//860
f 823//866 820//333 855//356
f 823//866 822//860 820//333
f 412//839 491//841 492//840
f 412//834 492//838 823//866
f 409//648 411//647 413//646
f 413//649 412//834 823//866
f 823//866 855//356 714//808
f 855//356 240//329 714//808
f 413//649 823//866 554//1062
f 711//810 823//866 712//812
f 708//585 374//584 409//583
f 554//1062 410//1061 413//649
f 410//1061 373//1060 413//649
f 373//1060 708//587 409//2421
f 373//1060 409//2421 413//649
f 711//810 554//1062 823//866
f 713//807 712//812 823//866
f 471//833 555//832 714//808
f 714//808 713//807 823//866
f 688//831 471//833 714//808
f 714//808 240//329 626//981
f 240//329 47//142 1258//1271
f 626//981 240//329 618//978
f 470//829 688//831 461//830
f 688//831 714//808 461//830
f 438//616 439//619 625//911
f 439//619 461//830 625//911
f 461//830 714//808 625//911
f 619//1014 618//978 1258//1271
f 1258//1271 618//978 240//329
f 626//981 625//911 714//808
f 1258//1340 1106//1339 619//1338
f 1104//1269 1105//1270 47//142
f 1105//1270 1258//1271 47//142
f 1103//1268 1104//1269 1102//1267
f 1104//1269 47//142 1102//1267
f 46//145 129//144 696//86
f 46//145 696//86 211//85
f 47//142 46//145 211//85
f 1102//1267 47//142 213//297
f 1026//925 1098//1264 1102//1267
f 1098//1264 1099//1263 1100//1265
f 1102//1267 1098//1264 1101//1266
f 1182//972 637//975 1026//925
f 1097//1262 649//959 1182//972
f 644//943 1096//942 1097//1262
f 1018//423 279//422 278//421
f 936//242 169//1181 44//1132
f 44//1132 205//61 937//426
f 938//481 937//426 1065//940
f 270//1239 1030//439 938//481
f 1030//439 287//438 938//481
f 938//481 1065//940 644//943
f 938//481 644//943 1097//1262
f 938//481 1097//1262 1182//972
f 938//481 1182//972 1026//925
f 1100//1265 1101//1266 1098//1264
f 938//481 1026//925 278//417
f 938//481 278//417 285//437
f 270//1239 938//481 285//437
f 285//437 278//417 1179//434
f 1114//1279 1111//1275 1112//1277
f 278//417 1026//925 1102//1267
f 278//417 1102//1267 266//444
f 1102//1267 213//297 266//444
f 1355//1368 1353//1371 1409//1425
f 1353//1371 1399//1375 1409//1425
f 1409//1435 1352//1437 1351//1436
f 1360//1373 1362//1372 1355//1368
f 1358//1409 1361//1411 1360//1410
f 1359//1413 1388//1414 1386//1432
f 1388//1414 1358//1412 1409//1425
f 1377//1396 1357//1397 1363//1429
f 1357//1397 1359//1413 1343//1431
f 1363//1429 1357//1397 1342//1430
f 1375//1398 1384//1399 1368//1427
f 1384//1399 1377//1396 1382//1428
f 1382//1428 1377//1396 1363//1429
f 1379//1440 1376//1439 1378//1441
f 1376//1442 1375//1444 1378//2422
f 1373//1376 1380//1381 1378//1380
f 1388//1414 1409//1425 1350//1433
f 1358//1412 1360//1373 1355//1368
f 1409//1425 1358//1412 1355//1368
f 1409//1425 1351//1434 1350//1433
f 1350//1433 1386//1432 1388//1414
f 1378//1380 1375//1398 1373//1376
f 1371//1377 1373//1376 1410//1415
f 1410//1415 1373//1376 1375//1398
f 1410//1415 1389//1385 1371//1377
f 1369//1426 1370//1438 1410//1415
f 1368//1427 1369//1426 1375//1398
f 1369//1426 1410//1415 1375//1398
f 1359//1413 1386//1432 1343//1431
f 1382//1428 1368//1427 1384//1399
f 1642//1696 1433//1695 1672//1771
f 1433//1695 1432//1712 1672//1771
f 1432//1712 1431//1713 1672//1771
f 1431//1713 1414//1715 1672//1771
f 1414//1715 1545//1729 1672//1771
f 1545//1729 1546//1732 1672//1771
f 1546//1732 1547//1734 1672//1771
f 1547//1734 1548//1737 1672//1771
f 1549//1740 1680//1772 1682//1774
f 1548//1737 1549//1740 1672//1771
f 1643//1697 1642//1696 1672//1771
f 1646//1701 1652//1700 1644//1698
f 1644//1698 1643//1697 1672//1771
f 1549//1740 1682//1774 1674//1769
f 1682//1774 1585//1750 1604//1749
f 1682//1774 1604//1749 1684//1748
f 1466//1704 1646//1701 1484//1708
f 1646//1701 1644//1698 1655//1707
f 1484//1708 1646//1701 1655//1707
f 1682//1774 1684//1748 1674//1769
f 1684//1748 1603//1725 1674//1769
f 1672//1771 1549//1740 1674//1769
f 1655//1707 1644//1698 1675//1768
f 1672//1771 1675//1768 1644//1698
f 1675//1768 1515//1678 1483//1706
f 1467//1776 1441//1775 1447//1778
f 2039//2019 1897//2018 1921//2066
f 1897//2018 2041//2013 1921//2066
f 2041//2013 1898//2011 1921//2066
f 1898//2011 1899//2010 1921//2066
f 1890//1879 1891//1819 1930//2080
f 1891//1819 1900//1827 1931//1974
f 1931//1974 1900//1827 1940//1831
f 1899//2010 1890//1879 1921//2066
f 1840//2031 2040//2032 1841//2067
f 2040//2032 2039//2019 1841//2067
f 1931//1974 1940//1831 1862//1965
f 1862//1965 1916//1970 1931//1974
f 1841//2067 2039//2019 1921//2066
f 1839//2047 2047//2046 1799//2045
f 2047//2033 1840//2031 1841//2067
f 1799//2040 2047//2033 1828//2063
f 1800//2042 2050//2041 1790//2043
f 2050//2044 1799//2040 1829//2062
f 1790//2037 2050//2044 1829//2062
f 1891//1819 1931//1974 1930//2080
f 1931//1974 1922//2070 1930//2080
f 1930//2080 1921//2066 1890//1879
f 2047//2033 1841//2067 1828//2063
f 1792//1795 1791//1798 1824//2081
f 1791//1798 1790//2037 1838//2065
f 1838//2065 1790//2037 1829//2062
f 1829//2062 1799//2040 1828//2063
f 1842//1815 1820//1814 1758//1818
f 1825//2072 1830//2069 1824//2081
f 1830//2069 1842//1815 1792//1795
f 1824//2081 1830//2069 1792//1795
f 1838//2065 1824//2081 1791//1798
f 1842//1815 1758//1818 1792//1795
f 1758//1818 1851//2084 1801//1874
f 2081//2215 2108//2218 2123//2230
f 2108//2218 2124//2143 2123//2230
f 2124//2143 2107//2146 2123//2230
f 2291//2358 2300//2357 2301//2359
f 2300//2357 2305//2356 2301//2359
f 2305//2356 2299//2361 2292//2360
f 2114//2135 2101//2201 2077//2200
f 2077//2200 2115//2233 2114//2135
f 2115//2233 2078//2202 2114//2135
f 1586//1626 1567//1628 1566//1627
l 667 681
l 324 325
l 324 337
l 325 667
l 337 788
l 338 788
l 338 339
l 398 426
l 679 804
l 679 680
l 681 804
l 33 69
