# Blender 5.2.1 LTS
# www.blender.org
o DocPart_hand
v -0.014163 0.037293 -0.025273
v -0.016264 0.040579 -0.050847
v -0.026901 0.033229 -0.049610
v -0.022229 0.027760 -0.025184
v -0.030076 0.022400 -0.049045
v -0.022935 0.016778 -0.026339
v -0.015250 -0.013277 -0.026965
v -0.028208 -0.019196 -0.050987
v -0.018648 -0.040986 -0.053233
v -0.000834 -0.030832 -0.029251
v -0.007859 -0.022035 -0.028121
v -0.026260 -0.032559 -0.050914
v 0.009523 -0.035220 -0.030087
v -0.002957 -0.045939 -0.057528
v 0.026117 -0.020257 -0.063665
v 0.028441 -0.013131 -0.030844
v 0.021301 -0.027735 -0.030445
v 0.016417 -0.035424 -0.061539
v 0.028203 0.002218 -0.062607
v 0.029014 0.003301 -0.029710
v 0.011287 0.037893 -0.026060
v 0.011268 0.041013 -0.053142
v 0.000690 0.042153 -0.025745
v -0.000631 0.044556 -0.050915
v -0.019708 0.045753 -0.062769
v -0.029274 0.038948 -0.060503
v 0.000259 0.047238 -0.067363
v -0.021783 0.054187 -0.101481
v -0.003136 0.053741 -0.103153
v -0.029337 0.047840 -0.102044
v -0.006737 0.060209 -0.144429
v -0.018886 0.057420 -0.146359
v -0.020767 0.057068 -0.138570
v -0.006910 0.059510 -0.138193
v -0.022144 0.050733 -0.148507
v -0.024437 0.049917 -0.141370
v 0.028083 -0.003248 -0.076923
v 0.024399 -0.025565 -0.078625
v 0.011745 0.041327 -0.069053
v 0.008101 0.047443 -0.105863
v 0.011950 0.033278 -0.166278
v 0.003494 0.038956 -0.160518
v 0.007580 0.040075 -0.149394
v 0.015712 0.032186 -0.153944
v 0.019616 0.009633 -0.170229
v 0.010379 0.017126 -0.168080
v 0.017293 0.022008 -0.155441
v 0.023865 0.010017 -0.156935
v 0.022676 -0.019949 -0.165669
v 0.016460 -0.011551 -0.164935
v 0.024028 -0.005228 -0.155913
v 0.026221 -0.018558 -0.151969
v 0.005652 -0.034660 -0.163138
v 0.017998 -0.029927 -0.164562
v 0.017485 -0.031900 -0.150471
v 0.003349 -0.035187 -0.152313
v -0.031934 -0.050641 -0.115229
v -0.022781 -0.048206 -0.121614
v -0.030653 -0.057082 -0.126372
v -0.037520 -0.058664 -0.122497
v -0.035708 -0.068912 -0.096257
v -0.039305 -0.063730 -0.099979
v -0.041286 -0.071551 -0.111949
v -0.035767 -0.077325 -0.110644
v -0.023029 -0.073947 -0.095566
v -0.028805 -0.080037 -0.113493
v -0.026181 -0.045439 -0.060787
v -0.007878 -0.050080 -0.064264
v -0.018357 -0.020931 -0.120628
v -0.018314 -0.009080 -0.119789
v -0.026176 -0.035647 -0.109679
v -0.018811 -0.031846 -0.122003
v -0.034005 0.028091 -0.059634
v -0.033851 -0.022325 -0.062193
v -0.032675 -0.036181 -0.061711
v -0.053585 -0.097179 -0.164893
v -0.053669 -0.100010 -0.162433
v -0.056905 -0.097998 -0.160944
v -0.056840 -0.096009 -0.162931
v -0.011643 0.046760 -0.233971
v -0.014214 0.046530 -0.233083
v -0.015779 0.049674 -0.233131
v -0.013236 0.051121 -0.234529
v 0.008574 -0.023206 -0.255898
v 0.009062 -0.027197 -0.254388
v 0.006700 -0.026792 -0.253908
v 0.005624 -0.023429 -0.254810
v 0.002373 0.001076 -0.263694
v -0.000262 0.001245 -0.262729
v -0.001365 0.004958 -0.263468
v 0.001897 0.005443 -0.265288
v 0.004627 0.022737 -0.254904
v -0.001064 0.021481 -0.254922
v -0.002306 0.026003 -0.256054
v 0.003903 0.027574 -0.256374
v 0.016947 -0.029166 -0.211668
v 0.019480 -0.021381 -0.210824
v 0.019820 -0.021301 -0.202573
v 0.017561 -0.029467 -0.201715
v -0.000029 -0.029504 -0.213337
v 0.004787 -0.033175 -0.212968
v 0.005145 -0.034015 -0.199611
v 0.000043 -0.031169 -0.198137
v -0.001885 -0.023961 -0.213569
v -0.002932 -0.025317 -0.197848
v 0.001952 -0.013940 -0.212307
v -0.001112 -0.018278 -0.213517
v -0.002620 -0.018919 -0.199188
v 0.001502 -0.014234 -0.199693
v -0.015732 0.042062 -0.198338
v -0.010906 0.041625 -0.198770
v -0.010482 0.041440 -0.183831
v -0.016133 0.042430 -0.182968
v -0.019898 0.046856 -0.198154
v -0.020087 0.047410 -0.182124
v -0.017082 0.057704 -0.196920
v -0.019962 0.052971 -0.197751
v -0.021567 0.053577 -0.183395
v -0.018303 0.058504 -0.182648
v -0.003000 0.047973 -0.198627
v -0.003464 0.054120 -0.195610
v -0.003040 0.053934 -0.183803
v -0.002368 0.048264 -0.183745
v -0.030297 -0.087147 -0.149110
v -0.034304 -0.091080 -0.142510
v -0.039206 -0.096452 -0.152588
v -0.036185 -0.093121 -0.158552
v -0.042559 -0.092191 -0.138480
v -0.049809 -0.087875 -0.135885
v -0.054626 -0.091200 -0.146413
v -0.047456 -0.095715 -0.146679
v -0.053411 -0.083139 -0.137065
v -0.057971 -0.087824 -0.148923
v -0.047555 -0.070969 -0.144839
v -0.040248 -0.070325 -0.148389
v -0.046441 -0.077044 -0.157683
v -0.052989 -0.078033 -0.154493
v -0.035039 -0.063930 -0.087866
v -0.020322 -0.069325 -0.087622
v -0.039097 -0.057460 -0.092169
v -0.017448 -0.041616 -0.123318
v -0.028575 -0.044887 -0.112556
v 0.002231 -0.043991 -0.119160
v -0.010145 -0.044085 -0.126140
v 0.010671 -0.041733 -0.113306
v 0.000938 -0.016751 -0.244026
v 0.004778 -0.013703 -0.244161
v 0.005683 -0.015134 -0.251096
v 0.002474 -0.017793 -0.251255
v 0.002021 -0.029235 -0.244087
v -0.000954 -0.022804 -0.244173
v 0.001661 -0.023455 -0.251380
v 0.004585 -0.028689 -0.250777
v 0.006516 -0.031760 -0.243285
v 0.007244 -0.030337 -0.249718
v -0.005501 0.010717 -0.243875
v -0.000467 0.015598 -0.248876
v 0.000456 0.014752 -0.257870
v -0.004257 0.011069 -0.256883
v -0.003966 -0.001642 -0.244390
v -0.006499 0.003957 -0.243452
v -0.005114 0.004051 -0.257107
v -0.002397 -0.001124 -0.256706
v 0.000397 -0.004044 -0.248104
v 0.001730 -0.002446 -0.258472
v -0.005664 0.034352 -0.245399
v 0.004229 0.034109 -0.242179
v 0.002875 0.033746 -0.249295
v -0.004757 0.033127 -0.251082
v -0.005950 0.018680 -0.243782
v -0.009301 0.024176 -0.243973
v -0.007092 0.024396 -0.251143
v -0.004316 0.019731 -0.251300
v 0.006320 0.021718 -0.242594
v -0.001575 0.016979 -0.243992
v -0.000669 0.018343 -0.251332
v 0.005337 0.021205 -0.248720
v -0.019960 0.052893 -0.220995
v -0.017378 0.057022 -0.220421
v -0.016537 0.056200 -0.226953
v -0.018827 0.052735 -0.227450
v -0.015390 0.042333 -0.222698
v -0.019529 0.046811 -0.221877
v -0.018457 0.047607 -0.228562
v -0.014977 0.043533 -0.229278
v -0.010076 0.041873 -0.223066
v -0.010880 0.042692 -0.229728
v 0.011742 -0.001470 -0.205737
v 0.013584 0.007969 -0.206324
v 0.014863 0.007995 -0.198732
v 0.011618 -0.002634 -0.199134
v -0.003354 0.013327 -0.203046
v -0.007787 0.008273 -0.201924
v -0.008218 0.007559 -0.195630
v -0.004554 0.012633 -0.196104
v -0.008072 0.001738 -0.201899
v -0.004325 -0.002938 -0.201908
v -0.003760 -0.002625 -0.195925
v -0.008011 0.001413 -0.195711
v 0.000485 -0.005123 -0.202864
v 0.001301 -0.004669 -0.196699
v 0.006552 0.023247 -0.217894
v 0.006728 0.029453 -0.215821
v 0.007431 0.030097 -0.201791
v 0.006360 0.022210 -0.200710
v 0.002347 0.035329 -0.216028
v -0.007040 0.035168 -0.215259
v -0.009087 0.035407 -0.197616
v 0.001871 0.036156 -0.200344
v -0.009699 0.024679 -0.217949
v -0.007555 0.019533 -0.218331
v -0.008993 0.019120 -0.197414
v -0.012276 0.024625 -0.196875
v -0.004499 0.017109 -0.217524
v -0.003996 0.016696 -0.198247
v 0.017135 -0.020771 -0.240309
v 0.016181 -0.028368 -0.242645
v 0.014112 -0.029429 -0.247999
v 0.012321 0.006749 -0.249291
v 0.009490 0.000032 -0.252007
v 0.007645 -0.000597 -0.258371
v -0.004430 0.053521 -0.220254
v -0.004599 0.047463 -0.222543
v -0.006121 0.046547 -0.229264
v 0.007157 0.027525 -0.241126
v 0.014154 -0.013764 -0.210796
v 0.013958 -0.014294 -0.201292
v 0.013709 -0.014471 -0.242764
v 0.012574 -0.014474 -0.249142
v 0.014325 -0.021550 -0.255035
v 0.014359 -0.026965 -0.253487
v 0.007563 0.014517 -0.204614
v 0.005845 0.015634 -0.197742
v 0.010065 0.012470 -0.251307
v 0.007302 0.013954 -0.258606
v 0.008290 0.001863 -0.263812
v 0.008142 0.006080 -0.265481
v -0.003251 0.021788 -0.254313
v -0.004628 0.025328 -0.254738
v -0.008810 0.029670 -0.243733
v -0.007150 0.029241 -0.250924
v -0.012244 0.031100 -0.196943
v -0.009442 0.030985 -0.216768
v -0.006685 0.058274 -0.197031
v -0.006599 0.058688 -0.182123
v -0.007996 0.058445 -0.221680
v -0.010328 0.058016 -0.227675
v -0.007945 0.048572 -0.234456
v -0.009723 0.052874 -0.234995
v 0.015355 -0.013456 -0.189279
v 0.002942 -0.013010 -0.189284
v 0.002834 -0.013151 -0.172831
v 0.017656 -0.014063 -0.173867
v 0.020025 -0.030546 -0.189066
v 0.022542 -0.020789 -0.187758
v 0.021755 -0.021303 -0.176475
v 0.018193 -0.028907 -0.171385
v 0.005517 -0.034765 -0.170193
v 0.006083 -0.034281 -0.187736
v 0.000827 -0.030713 -0.187904
v -0.000713 -0.031298 -0.170509
v -0.001785 -0.024853 -0.188132
v -0.004206 -0.024601 -0.170054
v -0.002021 -0.018216 -0.188703
v -0.003663 -0.016421 -0.170264
v 0.000361 -0.028710 -0.227170
v 0.004706 -0.032293 -0.227095
v 0.004582 -0.032193 -0.223254
v 0.000675 -0.028161 -0.223428
v 0.015491 -0.030717 -0.224887
v 0.015634 -0.029472 -0.231040
v 0.017562 -0.021023 -0.231994
v 0.019340 -0.020834 -0.223454
v 0.012504 -0.013190 -0.230858
v 0.002666 -0.014118 -0.232998
v 0.002412 -0.014579 -0.226286
v 0.010754 -0.012029 -0.224684
v -0.000213 -0.017806 -0.231662
v -0.000138 -0.018304 -0.225164
v -0.001160 -0.022796 -0.227170
v -0.000572 -0.023350 -0.223956
v 0.007376 0.015646 -0.191652
v -0.004502 0.012088 -0.189652
v -0.003633 0.013058 -0.182418
v 0.009675 0.014997 -0.184268
v 0.014332 -0.002021 -0.193324
v 0.016291 0.008820 -0.191668
v 0.017020 0.009045 -0.184678
v 0.016407 0.000039 -0.184509
v 0.003253 -0.005618 -0.183457
v 0.001409 -0.004793 -0.190360
v -0.003747 -0.002207 -0.189931
v -0.003702 -0.003178 -0.182913
v -0.007276 0.001686 -0.190504
v -0.007794 0.001747 -0.182114
v -0.007589 0.006906 -0.190140
v -0.007932 0.007622 -0.181905
v -0.003646 -0.001176 -0.231338
v 0.000118 -0.004346 -0.233089
v 0.000716 -0.004365 -0.227174
v -0.002457 -0.000922 -0.225918
v 0.011351 -0.003021 -0.228717
v 0.011471 -0.001663 -0.235359
v 0.014090 0.006566 -0.235991
v 0.015543 0.007384 -0.226861
v 0.010407 0.014264 -0.234614
v -0.001447 0.014111 -0.230020
v -0.000118 0.013359 -0.224321
v 0.008454 0.015997 -0.228075
v -0.004657 0.009281 -0.229551
v -0.002723 0.009196 -0.224996
v -0.005369 0.003800 -0.229986
v -0.004481 0.003774 -0.227155
v 0.004010 0.037177 -0.188184
v -0.008899 0.034754 -0.187086
v -0.008935 0.035199 -0.179909
v 0.004653 0.037197 -0.180586
v 0.008410 0.021700 -0.189198
v 0.010247 0.030504 -0.187360
v 0.010268 0.030887 -0.181346
v 0.009049 0.022997 -0.181314
v -0.004088 0.017240 -0.187319
v -0.003026 0.017286 -0.181211
v -0.008609 0.019859 -0.187177
v -0.008571 0.019719 -0.180388
v -0.011509 0.024531 -0.187114
v -0.011714 0.024583 -0.179720
v -0.011405 0.030088 -0.186557
v -0.012002 0.030303 -0.179694
v -0.007247 0.018778 -0.229311
v -0.004285 0.016960 -0.229212
v -0.004313 0.016840 -0.223920
v -0.008074 0.019515 -0.223746
v 0.006166 0.022168 -0.229112
v 0.006122 0.021377 -0.224400
v 0.007260 0.029184 -0.228960
v 0.007511 0.029690 -0.222708
v 0.003899 0.035137 -0.228462
v -0.006567 0.035618 -0.227522
v -0.007124 0.035427 -0.222181
v 0.002070 0.036329 -0.223406
v -0.009914 0.030996 -0.222252
v -0.009929 0.031285 -0.227709
v -0.010017 0.023986 -0.228774
v -0.010411 0.025225 -0.222760
v -0.005665 0.059363 -0.171280
v -0.018210 0.058271 -0.172439
v -0.000967 0.047068 -0.173047
v -0.001477 0.054104 -0.170860
v -0.011477 0.041677 -0.173824
v -0.016578 0.043228 -0.173793
v -0.020393 0.047382 -0.173630
v -0.021637 0.053149 -0.173440
v -0.015410 0.042847 -0.210204
v -0.011349 0.041630 -0.210717
v -0.011091 0.042075 -0.205697
v -0.014914 0.043651 -0.205626
v -0.003355 0.045950 -0.205591
v -0.003743 0.046659 -0.210233
v -0.003819 0.053814 -0.210255
v -0.003265 0.054055 -0.204685
v -0.007498 0.059273 -0.208790
v -0.017236 0.056288 -0.208895
v -0.016756 0.056753 -0.203427
v -0.007742 0.059733 -0.203873
v -0.018940 0.052088 -0.209995
v -0.018300 0.052253 -0.203868
v -0.018398 0.046717 -0.210302
v -0.017560 0.047347 -0.204144
v 0.007371 -0.019106 -0.255432
v 0.005136 -0.019902 -0.254630
v 0.012819 -0.017378 -0.254281
v -0.001884 0.009400 -0.262844
v 0.001149 0.010798 -0.264049
v 0.008128 0.010936 -0.264519
v -0.003314 0.030707 -0.254877
v -0.005204 0.029045 -0.254238
v 0.002316 0.032384 -0.254564
v -0.017046 0.052818 -0.231555
v -0.015368 0.054838 -0.232125
v -0.011067 0.056768 -0.232335
v -0.012291 0.030619 -0.190972
v -0.009662 0.034888 -0.191222
v 0.001375 0.037445 -0.193230
v 0.009135 0.030305 -0.194517
v 0.006522 0.020337 -0.195421
v -0.004789 0.017010 -0.192450
v -0.009201 0.019409 -0.191715
v -0.012312 0.024558 -0.191306
v -0.002473 -0.000098 -0.220510
v 0.000685 -0.004023 -0.221444
v 0.012792 -0.001261 -0.220109
v 0.014935 0.006956 -0.217269
v 0.009789 0.014710 -0.219080
v -0.000957 0.013035 -0.218924
v -0.003162 0.008953 -0.219985
v -0.003762 0.004048 -0.220451
v 0.000535 -0.028184 -0.217712
v 0.004105 -0.032051 -0.218402
v 0.017440 -0.029162 -0.217146
v 0.019588 -0.020489 -0.215470
v 0.014697 -0.013113 -0.216759
v 0.002726 -0.015014 -0.219682
v 0.000297 -0.018645 -0.220368
v -0.000397 -0.023368 -0.218483
v 0.005760 -0.034274 -0.194530
v 0.000243 -0.031016 -0.194022
v 0.018187 -0.030544 -0.195471
v 0.020820 -0.020614 -0.196321
v 0.012905 -0.013598 -0.195615
v 0.002204 -0.013658 -0.194919
v -0.002020 -0.018163 -0.194895
v -0.002614 -0.024903 -0.194554
v -0.021002 0.053519 -0.178046
v -0.018258 0.058213 -0.177270
v -0.007619 0.060595 -0.176268
v -0.002234 0.055151 -0.178115
v -0.001749 0.045830 -0.178852
v -0.011405 0.041423 -0.178346
v -0.015912 0.042898 -0.178008
v -0.019990 0.047589 -0.177990
v -0.010409 0.041344 -0.161283
v -0.001477 0.045321 -0.160212
v -0.015691 0.041925 -0.159546
v -0.020970 0.045435 -0.157249
v -0.022379 0.051651 -0.154900
v -0.019299 0.057825 -0.153639
v -0.005414 0.059143 -0.155975
v -0.000981 0.053216 -0.158701
v 0.009156 0.023696 -0.173961
v -0.004236 0.016889 -0.172576
v -0.010453 0.018393 -0.169433
v -0.014527 0.023237 -0.167330
v -0.014481 0.030103 -0.166899
v -0.009803 0.035780 -0.167872
v 0.003608 0.039025 -0.170641
v 0.010489 0.032918 -0.173187
v 0.002744 -0.006439 -0.173096
v 0.016731 -0.000610 -0.175967
v -0.005386 -0.005095 -0.171089
v -0.009931 0.000493 -0.170389
v -0.009948 0.007787 -0.170844
v -0.005071 0.013183 -0.172454
v 0.009923 0.015841 -0.174835
v 0.017733 0.009633 -0.177364
v -0.016078 -0.050150 -0.122829
v -0.023664 -0.058814 -0.127927
v -0.040045 -0.080545 -0.160260
v -0.033253 -0.072752 -0.149814
v -0.050014 -0.097532 -0.166034
v -0.049932 -0.100152 -0.164047
v -0.010151 -0.065205 -0.104268
v -0.021785 -0.075048 -0.117013
v -0.005467 -0.061227 -0.096620
v 0.012522 -0.040351 -0.071648
v -0.050902 -0.087996 -0.164705
v -0.056015 -0.088139 -0.162315
v -0.055339 -0.084605 -0.160074
v -0.049383 -0.083602 -0.162289
v -0.059134 -0.093678 -0.158336
v -0.057992 -0.096724 -0.157345
v -0.057676 -0.093737 -0.152851
v -0.059168 -0.090227 -0.154070
v -0.046418 -0.100962 -0.162850
v -0.040926 -0.098306 -0.158051
v -0.044648 -0.097140 -0.165525
v -0.039540 -0.094725 -0.162445
v -0.047328 -0.090564 -0.166817
v -0.043850 -0.086455 -0.164521
v -0.027764 -0.065797 -0.136494
v -0.034398 -0.063111 -0.134023
v -0.040817 -0.064540 -0.129936
v -0.044973 -0.076300 -0.120300
v -0.039706 -0.082651 -0.119100
v -0.031948 -0.084830 -0.121653
v -0.025664 -0.082096 -0.126559
v -0.018929 -0.068132 -0.121849
v -0.023419 -0.076979 -0.131586
v -0.052681 -0.093016 -0.165847
v -0.055082 -0.092147 -0.164543
v -0.050275 -0.093997 -0.166868
v -0.030446 -0.069523 -0.141943
v -0.025795 -0.080920 -0.139267
v -0.027668 -0.085823 -0.132136
v -0.034420 -0.087668 -0.125291
v -0.043123 -0.085564 -0.124364
v -0.048441 -0.079662 -0.126773
v -0.043520 -0.068202 -0.136474
v -0.037024 -0.067260 -0.140209
v -0.007718 -0.055255 -0.111312
v 0.001016 -0.050982 -0.103666
v 0.015783 -0.038782 -0.088897
v 0.022834 -0.029166 -0.100145
v -0.001081 -0.030860 -0.163596
v 0.017402 -0.003862 -0.166086
v -0.004360 -0.023785 -0.164418
v -0.003171 -0.015015 -0.164762
v -0.003221 -0.031414 -0.153263
v -0.007741 -0.024194 -0.154417
v -0.010705 0.000054 -0.163122
v -0.005330 -0.006474 -0.164685
v -0.009923 0.009186 -0.164307
v -0.004134 0.013877 -0.170522
v -0.004141 0.016551 -0.170054
v -0.010123 0.015960 -0.162703
v 0.008307 0.021593 -0.167310
v -0.008449 0.036179 -0.163931
v -0.015028 0.030505 -0.159349
v -0.008240 0.036034 -0.161558
v -0.015397 0.040284 -0.153859
v -0.002897 0.041482 -0.154891
v -0.015742 0.021871 -0.160300
v -0.020453 0.043781 -0.151404
v -0.000200 0.051781 -0.152794
v 0.003470 -0.012908 -0.170167
v 0.003401 -0.007004 -0.170555
v 0.002172 0.052190 -0.142523
v -0.009428 -0.012452 -0.156430
v -0.014936 -0.002393 -0.155473
v -0.015780 0.009384 -0.155256
v -0.019724 0.019493 -0.151548
v -0.019281 0.030484 -0.148916
v -0.023235 0.041034 -0.144409
v -0.004230 0.056065 -0.114669
v -0.021781 0.055381 -0.112338
v -0.028331 0.048581 -0.113809
v -0.032898 0.036618 -0.103689
v -0.019970 0.003258 -0.118687
v -0.023493 0.014977 -0.117706
v -0.028059 0.026362 -0.117583
v -0.031108 0.038094 -0.116261
v -0.021524 0.046072 -0.161814
v -0.022568 0.052537 -0.160246
v -0.018785 0.058305 -0.159605
v -0.005754 0.058968 -0.160728
v -0.001156 0.053594 -0.162324
v -0.000969 0.046647 -0.164340
v -0.010689 0.041489 -0.163919
v -0.016427 0.042388 -0.163237
v 0.020998 -0.024017 -0.017321
v 0.010343 -0.030323 -0.017063
v 0.000231 -0.027466 -0.016999
v -0.007482 -0.019524 -0.016644
v -0.015407 -0.012016 -0.016088
v -0.024263 0.016412 -0.014636
v -0.023790 0.027219 -0.013837
v -0.016879 0.036587 -0.013192
v -0.003798 0.040683 -0.012995
v 0.008662 0.037144 -0.013411
v 0.028003 0.003422 -0.016495
v 0.027956 -0.011248 -0.017394
v -0.021292 -0.012681 -0.106863
v -0.022236 -0.025390 -0.107695
v -0.030109 0.024445 -0.104445
v -0.026409 0.012270 -0.104606
v -0.023206 0.000258 -0.105693
v -0.034019 0.019680 -0.074254
v -0.024534 -0.016101 -0.092043
v -0.031254 0.007978 -0.077003
v -0.024764 -0.003241 -0.090789
v 0.006648 0.050148 -0.117527
v 0.013982 0.040622 -0.122166
v 0.020444 0.031034 -0.123659
v 0.023932 0.022363 -0.127084
v 0.027157 0.012103 -0.128208
v 0.027884 -0.006736 -0.126677
v 0.027647 -0.011589 -0.118062
v 0.016145 -0.035193 -0.123103
v 0.021486 0.029307 -0.110763
v 0.027728 0.008698 -0.114587
v 0.015703 0.038434 -0.108758
v 0.027420 -0.002035 -0.115924
v 0.025901 -0.019373 -0.109639
v 0.028249 -0.000880 -0.090276
v 0.019978 0.031907 -0.071337
v 0.027302 -0.016384 -0.093929
v 0.022696 0.026552 -0.098000
v 0.028118 0.004163 -0.102489
v 0.027844 -0.008205 -0.105267
v 0.028256 0.002104 -0.126852
v -0.014846 0.038109 -0.043365
v 0.001870 0.043450 -0.045264
v 0.012442 0.039318 -0.046676
v 0.028816 0.002797 -0.050673
v 0.027686 -0.015890 -0.051725
v 0.018913 -0.033937 -0.051215
v 0.005021 -0.040611 -0.047157
v -0.009225 -0.038441 -0.045682
v -0.017665 -0.029322 -0.043483
v -0.021855 -0.017533 -0.042638
v -0.025616 0.018385 -0.041853
v -0.023480 0.029661 -0.041841
v -0.050425 -0.080746 -0.130885
v -0.047604 -0.085982 -0.130085
v -0.037978 -0.089867 -0.130056
v -0.028841 -0.087043 -0.137984
v -0.027187 -0.083030 -0.142739
v -0.031198 -0.070625 -0.144964
v -0.038292 -0.068446 -0.143762
v -0.045382 -0.069322 -0.140236
v -0.027415 -0.052762 -0.123256
v -0.020592 -0.054269 -0.124533
v -0.014800 -0.063012 -0.116476
v -0.016832 -0.069982 -0.111024
v -0.025966 -0.076421 -0.104198
v -0.035933 -0.072620 -0.103976
v -0.040384 -0.067840 -0.106991
v -0.035080 -0.054374 -0.118849
v 0.016998 -0.020408 -0.248009
v 0.017145 -0.020847 -0.241113
v 0.016939 -0.026979 -0.243063
v 0.015208 -0.028691 -0.248050
v 0.014426 -0.015171 -0.243628
v 0.014174 -0.015400 -0.248201
v 0.015630 -0.021282 -0.254284
v 0.015378 -0.026793 -0.252869
v 0.014085 -0.017241 -0.253600
v 0.011968 0.006498 -0.258595
v 0.012473 0.006969 -0.250754
v 0.010623 0.001378 -0.254092
v 0.009302 0.000618 -0.258572
v 0.010799 0.011588 -0.252530
v 0.009108 0.012742 -0.258418
v 0.010280 0.006131 -0.264649
v 0.009598 0.002514 -0.263717
v 0.009797 0.009958 -0.263932
v 0.007717 0.027321 -0.248970
v 0.007386 0.027285 -0.242962
v 0.006983 0.022859 -0.243688
v 0.006461 0.022222 -0.248861
v 0.005065 0.032899 -0.244225
v 0.004416 0.033005 -0.248656
v 0.005883 0.027684 -0.256114
v 0.006053 0.023453 -0.255067
v 0.004286 0.031722 -0.254925
v -0.005929 0.053840 -0.228488
v -0.005304 0.053852 -0.222690
v -0.004806 0.048724 -0.223816
v -0.005517 0.047960 -0.229185
v -0.007592 0.057747 -0.223323
v -0.009074 0.057495 -0.227753
v -0.006848 0.053743 -0.233947
v -0.006094 0.049769 -0.233262
v -0.009079 0.056858 -0.232151
v -0.057537 -0.097463 -0.157132
v -0.053261 -0.101983 -0.161017
v -0.050161 -0.099178 -0.152903
v -0.056663 -0.093838 -0.151748
v -0.047326 -0.101533 -0.161890
v -0.042861 -0.099116 -0.156684
v -0.056714 -0.099438 -0.159912
v -0.053663 -0.101534 -0.161555
v -0.050152 -0.101548 -0.163165
v -0.041996 -0.097730 -0.153414
v -0.048587 -0.096518 -0.148750
v -0.053920 -0.092379 -0.147429
v 0.025932 0.018418 -0.057586
v 0.025484 0.019396 -0.048876
v 0.025415 0.018009 -0.028295
v 0.023985 0.016945 -0.015460
v 0.020557 0.031084 -0.055689
v 0.019420 0.031322 -0.047513
v 0.019413 0.029544 -0.027015
v 0.017878 0.028480 -0.014466
v 0.024812 0.021496 -0.073253
v -0.033081 0.013809 -0.058894
v -0.027850 0.009749 -0.050030
v -0.025306 0.006755 -0.042126
v -0.024041 0.005580 -0.026638
v -0.024559 0.005689 -0.015241
v -0.034617 0.032661 -0.073604
v -0.029140 0.043995 -0.074233
v -0.020993 0.049692 -0.076343
v -0.000031 0.049480 -0.079118
v 0.010952 0.043259 -0.081102
v 0.019026 0.034100 -0.083395
v -0.030663 -0.027845 -0.092618
v -0.035380 -0.040621 -0.092623
v -0.011452 -0.036710 -0.133949
v -0.014485 -0.028100 -0.132898
v -0.015181 -0.017612 -0.132692
v -0.016897 -0.006342 -0.132265
v -0.018837 0.005301 -0.130907
v -0.021464 0.016791 -0.129367
v -0.024930 0.028214 -0.128092
v -0.028116 0.038861 -0.126202
v -0.027297 0.048809 -0.123838
v -0.005231 -0.038916 -0.134328
v 0.009188 -0.038423 -0.128395
v -0.021843 0.055980 -0.122187
v -0.006075 0.058154 -0.123207
v 0.005404 0.052344 -0.128118
v 0.012285 0.041702 -0.131791
v 0.019328 0.031818 -0.134580
v 0.022985 0.021226 -0.137123
v 0.027072 0.010302 -0.137633
v 0.027388 -0.006070 -0.137242
v 0.027220 -0.016853 -0.134013
v 0.022354 -0.027006 -0.130716
v -0.029676 -0.004044 -0.059173
v -0.026323 -0.004139 -0.050910
v -0.023597 -0.005092 -0.042505
v -0.021415 -0.004327 -0.026850
v -0.021122 -0.003640 -0.015764
v -0.028234 -0.004408 -0.077115
v -0.034697 -0.027417 -0.076998
v -0.036846 -0.040127 -0.076457
v -0.030896 -0.050944 -0.070653
v -0.012050 -0.056728 -0.072061
v 0.006357 -0.048092 -0.081138
v 0.024024 0.023958 -0.085710
v 0.017150 0.035990 -0.095916
v 0.009601 0.045156 -0.093662
v -0.001482 0.051419 -0.091631
v -0.021967 0.052178 -0.089672
v -0.029296 0.046000 -0.088961
v -0.033581 0.034590 -0.089066
v -0.032373 0.021969 -0.089661
v -0.029399 0.009459 -0.090469
v -0.031571 -0.015630 -0.078121
v -0.036701 -0.050197 -0.100441
v -0.033254 -0.014216 -0.069339
v -0.030813 -0.004096 -0.067534
v -0.031965 0.006536 -0.067769
v 0.015446 -0.033655 -0.138885
v 0.022653 -0.026676 -0.140909
v 0.027099 -0.017337 -0.143323
v 0.025947 -0.002565 -0.149486
v 0.025916 0.009973 -0.147733
v 0.020742 0.020793 -0.147759
v 0.017714 0.031974 -0.145022
v 0.009438 0.041827 -0.141779
v 0.004093 0.052645 -0.136361
v -0.006543 0.059112 -0.131275
v -0.021873 0.056996 -0.131079
v -0.026700 0.049569 -0.133211
v -0.026438 0.040053 -0.135738
v -0.023571 0.029289 -0.138784
v -0.022389 0.017739 -0.140978
v -0.019381 0.006749 -0.142867
v -0.016992 -0.004460 -0.143565
v -0.013709 -0.015372 -0.144109
v -0.010629 -0.025752 -0.143437
v -0.008265 -0.033951 -0.143614
v -0.001816 -0.037715 -0.143424
v -0.012994 0.038104 -0.035373
v 0.003069 0.042830 -0.037018
v 0.013306 0.038504 -0.037846
v 0.019801 0.030393 -0.038235
v 0.025804 0.018910 -0.039500
v 0.029116 0.003103 -0.040747
v 0.028286 -0.014206 -0.041822
v 0.021226 -0.031147 -0.042011
v 0.007686 -0.038230 -0.040214
v -0.004205 -0.034408 -0.038628
v -0.011436 -0.025202 -0.037078
v -0.016893 -0.014970 -0.035745
v -0.021650 -0.004612 -0.035096
v -0.024282 0.006030 -0.034615
v -0.023182 0.017301 -0.034813
v -0.021658 0.028449 -0.034216
v -0.009769 0.048609 -0.065351
v -0.011381 0.051839 -0.077684
v -0.012377 0.054384 -0.090395
v -0.012969 0.056297 -0.101720
v -0.013515 0.058039 -0.112355
v -0.013940 0.059255 -0.122030
v -0.014084 0.060143 -0.130640
v -0.014184 0.060284 -0.137744
v -0.013161 0.060568 -0.144168
v -0.012548 0.060778 -0.154354
v -0.012453 0.060815 -0.160199
v -0.012678 0.060614 -0.170916
v -0.013087 0.060357 -0.175957
v -0.012638 0.060195 -0.181260
v -0.011908 0.059912 -0.196613
v -0.012885 0.059827 -0.203467
v -0.014001 0.059219 -0.208321
v -0.013909 0.059100 -0.220070
v -0.014022 0.057839 -0.226886
v -0.013410 0.056255 -0.232480
v -0.011355 0.052212 -0.234845
v -0.009688 0.047553 -0.234299
v -0.007634 0.044960 -0.229621
v -0.006773 0.043733 -0.222808
v -0.007169 0.042668 -0.210806
v -0.006881 0.042910 -0.205670
v -0.006392 0.043195 -0.198250
v -0.005733 0.043592 -0.184069
v -0.006199 0.042534 -0.178493
v -0.006371 0.042388 -0.173192
v -0.005147 0.042589 -0.164311
v -0.006568 0.041943 -0.161684
v -0.006295 0.041909 -0.160250
v -0.004061 0.038013 -0.163728
v -0.004049 0.038383 -0.168500
v -0.002833 0.037766 -0.180677
v -0.003228 0.037465 -0.188398
v -0.004482 0.037355 -0.192157
v -0.004035 0.037292 -0.198386
v -0.002443 0.036867 -0.215564
v -0.001929 0.037331 -0.222508
v -0.001911 0.037336 -0.227540
v -0.000966 0.036132 -0.245562
v -0.001429 0.034516 -0.251429
v -0.000704 0.031280 -0.255363
v 0.000595 0.026515 -0.256583
v 0.001676 0.021958 -0.255292
v 0.002892 0.019268 -0.251627
v 0.003489 0.018570 -0.243708
v 0.001164 0.016981 -0.229031
v 0.001664 0.017277 -0.224359
v 0.002350 0.017797 -0.217903
v 0.001874 0.017551 -0.199903
v 0.001965 0.017178 -0.194423
v 0.002362 0.017442 -0.188225
v 0.003786 0.018018 -0.181783
v 0.002602 0.018187 -0.173740
v 0.002580 0.018036 -0.171363
v 0.002942 0.016434 -0.171827
v 0.002430 0.016221 -0.173775
v 0.002595 0.015629 -0.183396
v 0.000368 0.015102 -0.190443
v 0.000431 0.015297 -0.197027
v 0.001777 0.015338 -0.204096
v 0.003642 0.015614 -0.219738
v 0.003716 0.016061 -0.225446
v 0.004611 0.016369 -0.231777
v 0.005113 0.016161 -0.251428
v 0.004413 0.015287 -0.258061
v 0.004608 0.011081 -0.264680
v 0.004972 0.005764 -0.265885
v 0.005278 0.001441 -0.264188
v 0.005270 -0.001722 -0.260107
v 0.005375 -0.003375 -0.252151
v 0.005306 -0.005006 -0.234327
v 0.006526 -0.005261 -0.228301
v 0.007080 -0.005350 -0.221109
v 0.006171 -0.005354 -0.204865
v 0.006475 -0.004843 -0.198114
v 0.007295 -0.005116 -0.191516
v 0.010104 -0.004533 -0.183855
v 0.008993 -0.005384 -0.174250
v 0.009495 -0.005842 -0.171155
v 0.009759 -0.012645 -0.171412
v 0.009272 -0.012969 -0.173165
v 0.009051 -0.013002 -0.189331
v 0.007710 -0.012898 -0.195376
v 0.007679 -0.012725 -0.201548
v 0.007308 -0.011926 -0.211013
v 0.006257 -0.012488 -0.218745
v 0.005899 -0.012593 -0.225255
v 0.006382 -0.012364 -0.231297
v 0.008632 -0.012942 -0.244060
v 0.008636 -0.013968 -0.250000
v 0.009484 -0.018560 -0.255693
v 0.010674 -0.022998 -0.256198
v 0.011821 -0.027535 -0.254292
v 0.012708 -0.030348 -0.248577
v 0.011814 -0.031582 -0.242157
v 0.011003 -0.032661 -0.229961
v 0.010465 -0.033204 -0.223986
v 0.009975 -0.033436 -0.218477
v 0.011155 -0.033292 -0.212769
v 0.011919 -0.033777 -0.201596
v 0.012346 -0.034303 -0.194618
v 0.013558 -0.034081 -0.187615
v 0.012403 -0.034208 -0.170132
v 0.012259 -0.034411 -0.164396
v 0.010672 -0.035291 -0.151654
v 0.005724 -0.037397 -0.141965
v 0.001288 -0.039439 -0.132701
v -0.004194 -0.044177 -0.123691
v -0.011493 -0.052488 -0.118424
v -0.016512 -0.057659 -0.120722
v -0.019851 -0.062630 -0.125476
v -0.024321 -0.071670 -0.136206
v -0.026321 -0.075067 -0.142072
v -0.027234 -0.076528 -0.144894
v -0.029701 -0.079487 -0.150639
v -0.036728 -0.086679 -0.161054
v -0.041440 -0.090883 -0.165074
v -0.045178 -0.093797 -0.166979
v -0.050342 -0.095632 -0.166668
v -0.053391 -0.095129 -0.165525
v -0.056134 -0.093883 -0.163968
v -0.058501 -0.090297 -0.160930
v -0.058992 -0.086937 -0.157019
v -0.057566 -0.082439 -0.151783
v -0.052398 -0.076014 -0.139780
v -0.049974 -0.073929 -0.135253
v -0.048038 -0.072481 -0.131436
v -0.044632 -0.069418 -0.124867
v -0.041069 -0.064583 -0.116893
v -0.039555 -0.060932 -0.112500
v -0.037936 -0.055860 -0.107144
v 0.009284 0.023777 -0.177504
v 0.010221 0.031979 -0.177279
v 0.003994 0.038138 -0.176222
v -0.003531 0.038387 -0.174340
v -0.009593 0.035780 -0.174093
v -0.013437 0.030548 -0.173662
v -0.013291 0.024149 -0.174050
v -0.009421 0.019383 -0.175580
v -0.003350 0.017286 -0.177142
v 0.003802 0.018645 -0.178029
v 0.003330 -0.005832 -0.179079
v -0.004340 -0.003912 -0.178101
v -0.008910 0.000988 -0.177243
v -0.009228 0.007739 -0.177147
v -0.004133 0.013264 -0.178196
v 0.003308 0.015984 -0.179031
v 0.009706 0.015208 -0.180463
v 0.017332 0.009376 -0.181096
v 0.016586 0.000072 -0.180528
v 0.010282 -0.004546 -0.179633
v 0.003021 -0.013030 -0.177569
v -0.003925 -0.016887 -0.175412
v -0.003935 -0.025098 -0.175030
v -0.000351 -0.031443 -0.175706
v 0.006203 -0.034840 -0.176150
v 0.013072 -0.033820 -0.176190
v 0.018734 -0.028679 -0.177562
v 0.021823 -0.021017 -0.177847
v 0.017656 -0.014041 -0.178504
v 0.010772 -0.013182 -0.177707
v -0.018380 0.058377 -0.168054
v -0.022333 0.053281 -0.169048
v -0.021401 0.046871 -0.169719
v -0.017019 0.042955 -0.170085
v -0.011393 0.041727 -0.170208
v -0.005736 0.042501 -0.169814
v -0.000947 0.047084 -0.169248
v -0.001369 0.053814 -0.168238
v -0.005721 0.058981 -0.167715
v -0.012280 0.060770 -0.167131
v 0.014565 0.006902 -0.232793
v 0.014906 0.000858 -0.227915
v 0.015527 0.006628 -0.220786
v 0.012843 0.013937 -0.226983
v 0.014091 0.001762 -0.232490
v 0.015058 0.001331 -0.222467
v 0.012528 0.013486 -0.222188
v 0.012701 0.012425 -0.232205
v 0.022992 -0.026470 -0.150436
v 0.024623 -0.010930 -0.153445
v 0.023941 -0.001066 -0.156939
v 0.026616 -0.008927 -0.146110
v 0.024290 -0.019587 -0.159521
v 0.022389 -0.026245 -0.158667
v 0.021625 -0.013301 -0.159702
v 0.018131 -0.021056 -0.228971
v 0.018185 -0.027338 -0.224522
v 0.019594 -0.019827 -0.219453
v 0.016071 -0.014474 -0.224251
v 0.017663 -0.026532 -0.228982
v 0.019344 -0.026541 -0.220916
v 0.017516 -0.015006 -0.220035
v 0.016311 -0.015917 -0.227159
v 0.020142 -0.020959 -0.199848
v 0.020603 -0.026538 -0.196250
v 0.021964 -0.020529 -0.192022
v 0.017477 -0.015524 -0.196288
v 0.017148 -0.016208 -0.199511
v 0.019861 -0.026296 -0.199782
v 0.021944 -0.025932 -0.192624
v 0.019019 -0.015839 -0.192543
v 0.013885 0.008210 -0.203359
v 0.014564 0.000779 -0.199064
v 0.016178 0.008102 -0.193800
v 0.009891 0.014085 -0.197717
v 0.009988 0.013085 -0.202394
v 0.014226 0.002415 -0.203289
v 0.016393 0.001534 -0.195073
v 0.011249 0.014071 -0.194279
v 0.021806 0.009941 -0.164652
v 0.024543 0.004169 -0.157071
v 0.026644 0.003906 -0.148291
v 0.021038 0.014752 -0.156236
v 0.023436 0.015212 -0.147375
v 0.018142 0.014296 -0.163960
v 0.022245 0.004122 -0.164024
v 0.018537 0.018711 -0.155973
v 0.007426 0.029091 -0.227088
v 0.007823 0.024609 -0.223637
v 0.007163 0.029431 -0.218473
v 0.005084 0.034011 -0.222231
v 0.004848 0.033973 -0.226418
v 0.007354 0.025714 -0.226542
v 0.007504 0.025069 -0.219623
v 0.004960 0.033533 -0.218473
v 0.008094 0.029383 -0.199594
v 0.009456 0.023756 -0.193794
v 0.010231 0.030034 -0.189372
v 0.004856 0.035876 -0.195158
v 0.004690 0.034832 -0.198472
v 0.008307 0.024816 -0.198925
v 0.010249 0.024651 -0.190509
v 0.006016 0.036287 -0.190058
v -0.003531 0.053562 -0.208749
v -0.002266 0.049512 -0.204986
v -0.002940 0.053135 -0.198719
v -0.005589 0.058305 -0.204409
v -0.005483 0.057778 -0.207788
v -0.002820 0.049842 -0.208455
v -0.002393 0.050444 -0.200053
v -0.005207 0.057461 -0.199288
v -0.002872 0.054525 -0.181976
v -0.000465 0.048926 -0.178151
v -0.001631 0.054400 -0.172926
v -0.004826 0.059394 -0.176737
v -0.004982 0.058265 -0.180419
v -0.001543 0.050265 -0.181778
v -0.000548 0.050719 -0.173418
v -0.003344 0.057590 -0.173135
v 0.019293 0.026676 -0.146038
v 0.016387 0.026624 -0.154714
v 0.013710 0.032899 -0.160705
v 0.012278 0.037115 -0.152014
v 0.013952 0.037037 -0.143285
v 0.010469 0.037376 -0.158336
v 0.013554 0.026593 -0.161155
v 0.006063 0.047402 -0.138207
v 0.002853 0.046992 -0.144439
v 0.000615 0.051887 -0.147840
v -0.000706 0.057112 -0.140245
v -0.000459 0.056771 -0.133437
v 0.000555 0.046420 -0.149172
v -0.001347 0.057184 -0.146171
v 0.004629 0.042523 -0.146829
v 0.027642 0.003631 -0.137322
v 0.025378 0.015051 -0.137315
v 0.021534 0.026265 -0.136153
v 0.015541 0.037035 -0.133031
v 0.009060 0.046672 -0.130009
v -0.000703 0.056243 -0.125317
v -0.031215 -0.075614 -0.102504
v -0.020706 -0.074535 -0.106937
v -0.027783 -0.078071 -0.109142
v -0.031759 -0.077690 -0.107340
v -0.023455 -0.076453 -0.111140
v -0.038868 -0.048943 -0.084644
v -0.034156 -0.056975 -0.079783
v -0.016585 -0.063230 -0.080052
v 0.000432 -0.055693 -0.089195
v 0.008489 -0.046177 -0.097054
v 0.017000 -0.037343 -0.106882
v 0.022265 -0.028322 -0.115582
v 0.025669 -0.020259 -0.122144
v 0.027380 -0.014808 -0.127400
v 0.025464 0.019583 -0.112970
v 0.026452 0.015988 -0.100259
v 0.027222 0.012629 -0.087826
v -0.008672 0.045645 -0.057314
v -0.000381 0.045852 -0.057973
v 0.011742 0.041300 -0.060183
v 0.020631 0.031588 -0.062642
v 0.025217 0.019818 -0.064452
v 0.027371 0.010822 -0.075669
v 0.027180 0.011098 -0.067202
v -0.043078 -0.088656 -0.129457
v -0.040805 -0.091108 -0.134665
v -0.033496 -0.089851 -0.133401
v -0.035804 -0.088670 -0.126899
v -0.040683 -0.087880 -0.125936
v -0.031355 -0.088491 -0.130128
v -0.036041 -0.090888 -0.136474
v -0.045187 -0.089718 -0.133856
v -0.030200 -0.072916 -0.094556
v -0.028354 -0.068014 -0.086502
v -0.025540 -0.062132 -0.078734
v -0.021692 -0.056178 -0.070182
v -0.017437 -0.049811 -0.061965
v -0.011504 -0.045391 -0.055057
v 0.001603 -0.042768 -0.052004
v 0.006601 -0.043201 -0.060246
v 0.002357 -0.047111 -0.067748
v -0.002119 -0.054131 -0.075948
v -0.007360 -0.061061 -0.083799
v -0.011922 -0.067512 -0.091093
v -0.015658 -0.072279 -0.099136
v -0.006117 -0.042588 -0.050597
v 0.008595 -0.040746 -0.054209
v -0.026072 -0.062461 -0.132091
v -0.022299 -0.067798 -0.131220
v -0.021653 -0.073782 -0.127885
v -0.024356 -0.079660 -0.123258
v -0.030710 -0.082931 -0.118684
v -0.037610 -0.080421 -0.115782
v -0.042862 -0.074162 -0.116344
v -0.042766 -0.067362 -0.121019
v -0.039692 -0.062029 -0.126321
v -0.033060 -0.060539 -0.130223
v 0.021459 -0.021905 -0.004660
v 0.010787 -0.027536 -0.004798
v 0.000831 -0.025587 -0.004709
v -0.007541 -0.018900 -0.004554
v -0.016068 -0.012196 -0.004195
v -0.022350 -0.004022 -0.003778
v -0.026165 0.005198 -0.003158
v -0.026637 0.015807 -0.002317
v -0.025807 0.026836 -0.001721
v 0.027205 0.003981 -0.003585
v 0.027594 -0.009622 -0.004424
v 0.016168 0.013892 -0.169371
v 0.018351 0.009606 -0.174242
v 0.020154 0.003816 -0.169918
v 0.015386 0.013405 -0.173124
v 0.019391 0.004357 -0.174053
v 0.014356 0.018079 -0.162895
v 0.012374 0.021805 -0.161312
v 0.020823 -0.001793 -0.162717
v 0.020698 -0.008897 -0.160501
v 0.019946 -0.014785 -0.166022
v 0.021924 -0.020429 -0.171460
v 0.021385 -0.025619 -0.164789
v 0.020842 -0.025231 -0.170018
v 0.020164 -0.015907 -0.171211
v 0.017926 -0.030898 -0.158226
v 0.011882 -0.034396 -0.159802
v 0.011852 0.026959 -0.166983
v 0.010814 0.033516 -0.170031
v 0.008712 0.037444 -0.164116
v 0.011361 0.027857 -0.171064
v 0.008010 0.037269 -0.168061
v 0.005560 0.039025 -0.155215
v 0.001556 0.041669 -0.151145
v -0.000288 0.046703 -0.153721
v -0.000665 0.052504 -0.156074
v -0.002112 0.057029 -0.150973
v -0.002414 0.056597 -0.154717
v -0.000309 0.048138 -0.157122
v -0.006550 0.060306 -0.149827
v -0.012882 0.060672 -0.148704
v -0.004194 0.042858 -0.161248
v -0.004010 0.042721 -0.158479
v -0.000599 0.038674 -0.161505
v -0.001079 0.039190 -0.168988
v 0.005744 0.019913 -0.174092
v 0.005655 0.019605 -0.170162
v 0.006339 0.016958 -0.170455
v 0.005752 0.016549 -0.174222
v 0.012544 -0.003856 -0.174723
v 0.013829 -0.004589 -0.169364
v 0.013448 -0.011863 -0.167910
v 0.013391 -0.012870 -0.173790
v -0.018507 0.058396 -0.163982
v -0.022587 0.053000 -0.164696
v -0.021824 0.046409 -0.165887
v -0.017018 0.042626 -0.166623
v -0.011209 0.041568 -0.166939
v -0.005389 0.042603 -0.167722
v -0.000907 0.047106 -0.167869
v -0.001300 0.053667 -0.165657
v -0.005825 0.058860 -0.164548
v -0.012248 0.060781 -0.164164
v 0.004663 0.036966 -0.184486
v 0.010354 0.030487 -0.184788
v 0.008749 0.022511 -0.185119
v 0.003357 0.017898 -0.184966
v -0.003198 0.017367 -0.184262
v -0.008203 0.019887 -0.183755
v -0.010968 0.024491 -0.183319
v -0.011127 0.029862 -0.183092
v -0.008292 0.034530 -0.183788
v -0.002914 0.037544 -0.184322
v 0.008572 0.015327 -0.186885
v 0.016507 0.009040 -0.188247
v 0.015623 -0.000971 -0.188510
v 0.008965 -0.004951 -0.187240
v 0.002252 -0.005407 -0.185798
v -0.003689 -0.002558 -0.185142
v -0.006991 0.002173 -0.184730
v -0.007266 0.007439 -0.184895
v -0.004056 0.012555 -0.184912
v 0.001420 0.015326 -0.185852
v 0.017179 -0.013563 -0.184496
v 0.022233 -0.020962 -0.183578
v 0.019903 -0.029520 -0.183782
v 0.013529 -0.033977 -0.182641
v 0.006206 -0.034676 -0.182603
v -0.000094 -0.031273 -0.181249
v -0.003336 -0.025100 -0.180354
v -0.003399 -0.017518 -0.182211
v 0.003201 -0.012990 -0.184094
v 0.009934 -0.012959 -0.184184
v -0.015871 0.041947 -0.192656
v -0.020630 0.046735 -0.191158
v -0.021112 0.053295 -0.191450
v -0.017275 0.058142 -0.190927
v -0.011833 0.059635 -0.190803
v -0.007071 0.057907 -0.190923
v -0.003612 0.053869 -0.190223
v -0.003478 0.048565 -0.192105
v -0.005647 0.043999 -0.192890
v -0.009932 0.041763 -0.193465
v 0.005960 0.023959 -0.209781
v 0.002645 0.018653 -0.209652
v -0.003864 0.016774 -0.209720
v -0.008096 0.019699 -0.211548
v -0.010125 0.025220 -0.211140
v -0.010406 0.029937 -0.209730
v -0.008177 0.035048 -0.208275
v -0.003467 0.036900 -0.208712
v 0.002024 0.035461 -0.209898
v 0.006392 0.030628 -0.209454
v -0.002934 -0.001692 -0.214910
v 0.001580 -0.005064 -0.214799
v 0.007492 -0.005133 -0.212697
v 0.012321 -0.001331 -0.212899
v 0.014700 0.006931 -0.211153
v 0.009395 0.014124 -0.212604
v 0.003624 0.015464 -0.210978
v -0.000989 0.013689 -0.213282
v -0.004772 0.009366 -0.214138
v -0.006039 0.003355 -0.213737
v 0.017464 -0.028846 -0.206872
v 0.011900 -0.033326 -0.206925
v 0.005239 -0.033638 -0.206917
v -0.000176 -0.030348 -0.207213
v -0.002810 -0.024602 -0.207192
v -0.002127 -0.018309 -0.207071
v 0.002137 -0.013719 -0.206953
v 0.008009 -0.012277 -0.206356
v 0.014256 -0.014387 -0.206350
v 0.019500 -0.021263 -0.206669
v -0.003812 -0.001602 -0.238101
v 0.000087 -0.004376 -0.241005
v 0.005157 -0.004377 -0.243060
v 0.010274 -0.001252 -0.244109
v 0.013399 0.006307 -0.243323
v 0.010236 0.013782 -0.243395
v 0.004775 0.016162 -0.242290
v -0.001060 0.015154 -0.240598
v -0.005569 0.010032 -0.236770
v -0.006308 0.003782 -0.237033
v -0.006989 0.018794 -0.237651
v -0.002428 0.016667 -0.237298
v 0.002845 0.017827 -0.236870
v 0.006917 0.022354 -0.238227
v 0.007254 0.028406 -0.237492
v 0.004338 0.034596 -0.237379
v -0.000885 0.036902 -0.237261
v -0.005955 0.035370 -0.237300
v -0.009336 0.030637 -0.237384
v -0.009957 0.023602 -0.237266
v -0.036442 -0.094275 -0.148618
v -0.045152 -0.094424 -0.142432
v -0.052780 -0.090398 -0.142978
v -0.056739 -0.085851 -0.144788
v -0.055989 -0.079559 -0.146589
v -0.050478 -0.074323 -0.149628
v -0.043155 -0.072984 -0.153008
v -0.037225 -0.076226 -0.156131
v -0.032675 -0.082402 -0.156050
v -0.032743 -0.089881 -0.153539
v -0.035935 -0.065458 -0.137064
v -0.029523 -0.068001 -0.139773
v -0.025565 -0.073660 -0.139864
v -0.024654 -0.079177 -0.135570
v -0.026599 -0.084044 -0.129209
v -0.033013 -0.086264 -0.123540
v -0.041234 -0.084495 -0.121603
v -0.047040 -0.078063 -0.124049
v -0.046363 -0.071391 -0.128393
v -0.041969 -0.066971 -0.133039
vn -0.7995 0.4528 0.3947
vn -0.4591 0.8444 0.2761
vn -0.3240 0.8546 0.4059
vn -0.6975 0.5138 0.4995
vn -0.8896 0.0796 0.4498
vn -0.9372 0.0586 0.3438
vn -0.9241 -0.1218 0.3622
vn -0.9572 -0.1015 0.2709
vn -0.3740 -0.6343 0.6766
vn -0.2511 -0.7350 0.6298
vn -0.5520 -0.4180 0.7215
vn -0.6640 -0.3414 0.6653
vn -0.0580 -0.8383 0.5422
vn -0.0844 -0.8162 0.5716
vn 0.9429 -0.3323 -0.0211
vn 0.9666 -0.2546 -0.0293
vn 0.6865 -0.7224 0.0830
vn 0.7301 -0.6832 0.0140
vn 0.9985 0.0488 -0.0260
vn 0.9969 0.0718 -0.0321
vn 0.9575 0.2883 0.0043
vn 0.9473 0.3202 0.0061
vn 0.0378 0.9897 0.1381
vn 0.5653 0.8230 0.0556
vn 0.5450 0.8340 0.0862
vn 0.0503 0.9688 0.2426
vn -0.3325 0.8696 0.3650
vn -0.6983 0.6238 0.3511
vn -0.1059 0.9385 0.3286
vn 0.1603 0.9682 0.1922
vn 0.3155 0.9338 0.1688
vn -0.0029 0.9574 0.2888
vn 0.0224 0.9776 0.2092
vn 0.0277 0.9852 0.1690
vn -0.4187 0.8937 0.1613
vn -0.3695 0.8994 0.2336
vn -0.8010 0.5930 0.0823
vn -0.7442 0.6467 0.1672
vn -0.1676 0.9858 0.0139
vn -0.2020 0.9793 0.0116
vn -0.6531 0.7567 -0.0288
vn -0.6608 0.7421 -0.1121
vn 0.9996 -0.0276 0.0099
vn 0.9115 -0.4088 0.0456
vn 0.6165 0.7848 0.0633
vn 0.5671 0.8211 0.0649
vn 0.8449 0.5345 0.0199
vn 0.8448 0.5351 0.0083
vn 0.6453 0.7621 0.0526
vn 0.3841 0.9157 0.1183
vn 0.3660 0.9198 0.1417
vn 0.6375 0.7676 0.0667
vn 0.8942 0.3614 -0.2642
vn 0.5432 0.8237 -0.1629
vn 0.6289 0.7567 -0.1788
vn 0.8845 0.4002 -0.2396
vn 0.8805 0.3522 -0.3173
vn 0.6693 0.6639 -0.3336
vn 0.7904 0.5391 -0.2911
vn 0.9083 0.3299 -0.2573
vn 0.9639 0.0015 -0.2661
vn 0.8579 0.2620 -0.4420
vn 0.9398 0.0633 -0.3358
vn 0.9754 -0.1179 -0.1862
vn -0.1712 -0.9843 -0.0427
vn 0.3418 -0.9394 -0.0255
vn 0.2891 -0.9566 -0.0367
vn -0.6859 0.6571 -0.3127
vn -0.2731 0.6560 -0.7036
vn -0.2279 0.7363 -0.6371
vn -0.6869 0.6749 -0.2696
vn -0.6864 -0.6145 0.3888
vn -0.9552 -0.1652 0.2457
vn -0.9135 -0.1824 0.3637
vn -0.4654 -0.7486 0.4722
vn -0.2201 -0.9045 0.3652
vn -0.3130 -0.8699 0.3812
vn -0.5221 -0.5852 0.6204
vn -0.1108 -0.7793 0.6168
vn -0.4634 -0.4209 -0.7798
vn -0.4790 -0.5204 -0.7069
vn -0.7989 -0.4357 -0.4147
vn -0.7731 -0.3075 -0.5548
vn -0.0687 -0.4897 -0.8692
vn -0.4394 -0.4938 -0.7504
vn -0.6638 -0.1289 -0.7367
vn -0.3509 0.0435 -0.9354
vn -0.2090 -0.1688 -0.9632
vn -0.1389 -0.6216 -0.7709
vn -0.3897 -0.5237 -0.7575
vn -0.5067 -0.1839 -0.8423
vn -0.2505 -0.6012 -0.7588
vn -0.5459 -0.5300 -0.6489
vn -0.6794 -0.1493 -0.7184
vn -0.3061 -0.0987 -0.9469
vn -0.0285 -0.0068 -0.9996
vn 0.2093 -0.5445 -0.8122
vn -0.1690 -0.5488 -0.8187
vn -0.2930 -0.0746 -0.9532
vn 0.8100 -0.5859 -0.0225
vn 0.9857 0.1630 0.0432
vn 0.9820 0.1878 -0.0202
vn 0.8300 -0.5535 -0.0684
vn -0.8020 -0.5740 -0.1655
vn -0.3519 -0.9313 -0.0939
vn -0.2651 -0.9621 -0.0638
vn -0.7565 -0.6498 -0.0741
vn -0.9757 -0.1065 -0.1916
vn -0.9842 -0.1560 -0.0834
vn -0.5966 0.7988 -0.0770
vn -0.9126 0.3758 -0.1613
vn -0.9168 0.3940 -0.0655
vn -0.5348 0.8450 0.0063
vn -0.4864 -0.8641 -0.1291
vn 0.0964 -0.9946 -0.0385
vn 0.1738 -0.9848 0.0018
vn -0.4408 -0.8976 -0.0008
vn -0.9119 -0.3533 -0.2088
vn -0.9136 -0.4051 -0.0346
vn -0.6599 0.7447 -0.0993
vn -0.9481 0.2455 -0.2021
vn -0.9602 0.2638 -0.0923
vn -0.5790 0.8112 -0.0824
vn 0.9507 -0.2959 0.0926
vn 0.9376 0.3247 0.1246
vn 0.9297 0.3677 -0.0222
vn 0.9712 -0.2371 -0.0224
vn 0.8590 -0.4444 -0.2542
vn 0.5083 -0.8456 0.1632
vn 0.4664 -0.8721 0.1482
vn 0.8118 -0.4527 -0.3688
vn -0.0975 -0.8979 0.4292
vn -0.6003 -0.6277 0.4956
vn -0.6184 -0.6055 0.5009
vn -0.1437 -0.8837 0.4454
vn -0.9085 -0.1350 0.3955
vn -0.9350 -0.1189 0.3342
vn -0.5543 0.7919 -0.2563
vn -0.1067 0.8338 -0.5416
vn -0.1797 0.7142 -0.6765
vn -0.5695 0.7107 -0.4130
vn -0.6481 -0.5126 0.5632
vn -0.1632 -0.7643 0.6238
vn 0.1867 -0.9418 -0.2795
vn 0.2804 -0.8184 -0.5015
vn -0.0732 -0.6728 -0.7362
vn -0.1721 -0.8986 -0.4037
vn -0.8480 0.5043 -0.1630
vn -0.4791 0.8662 -0.1420
vn -0.3771 0.7955 -0.4744
vn -0.7323 0.4331 -0.5255
vn -0.7362 -0.6542 -0.1732
vn -0.9796 -0.0855 -0.1819
vn -0.8305 -0.1548 -0.5350
vn -0.5692 -0.6588 -0.4919
vn -0.2533 -0.9566 -0.1443
vn -0.1529 -0.9033 -0.4009
vn -0.8943 0.4458 -0.0374
vn -0.4429 0.8956 -0.0414
vn -0.4138 0.8535 -0.3166
vn -0.8526 0.4316 -0.2945
vn -0.7394 -0.6699 -0.0675
vn -0.9873 -0.1529 -0.0441
vn -0.9393 -0.1685 -0.2988
vn -0.6744 -0.6612 -0.3288
vn -0.2493 -0.9622 -0.1095
vn -0.2251 -0.9026 -0.3670
vn -0.6192 0.7639 -0.1817
vn 0.0254 0.9851 -0.1698
vn -0.0484 0.9160 -0.3983
vn -0.5943 0.6840 -0.4231
vn -0.6370 -0.7499 -0.1786
vn -0.9536 -0.2296 -0.1946
vn -0.8768 -0.2253 -0.4249
vn -0.5933 -0.6761 -0.4369
vn 0.4552 -0.8241 -0.3370
vn 0.5259 -0.8479 -0.0677
vn -0.0532 -0.9914 -0.1192
vn -0.0693 -0.9032 -0.4237
vn -0.9730 0.2266 -0.0437
vn -0.7300 0.6809 -0.0584
vn -0.6769 0.6950 -0.2426
vn -0.9153 0.2739 -0.2952
vn -0.4896 -0.8688 -0.0740
vn -0.9245 -0.3772 -0.0557
vn -0.8817 -0.3028 -0.3619
vn -0.4921 -0.7637 -0.4179
vn 0.1507 -0.9840 -0.0948
vn 0.1542 -0.8839 -0.4416
vn 0.9695 -0.2370 0.0620
vn 0.9668 -0.2439 0.0760
vn 0.7195 -0.6769 0.1552
vn 0.7331 -0.6568 0.1768
vn 0.9943 0.0852 0.0641
vn 0.9936 0.1029 0.0458
vn 0.9348 0.3450 0.0839
vn 0.7061 0.4023 0.5827
vn 0.5512 0.8217 0.1451
vn 0.0492 0.9939 0.0991
vn -0.0311 0.7309 0.6818
vn 0.3722 0.6785 0.6333
vn -0.5477 0.8364 -0.0202
vn -0.3691 0.8560 0.3620
vn -0.9214 0.3840 -0.0599
vn -0.9237 0.3624 -0.1246
vn -0.9954 0.0879 -0.0393
vn -0.9899 0.0541 -0.1313
vn -0.9950 -0.1003 -0.0031
vn -0.9855 -0.1450 -0.0881
vn 0.8191 -0.5687 -0.0748
vn 0.9436 -0.2272 -0.2409
vn 0.9242 -0.2974 -0.2395
vn 0.6295 -0.7637 -0.1429
vn -0.6071 0.7912 -0.0734
vn -0.9292 0.3539 -0.1065
vn -0.9540 0.2967 0.0438
vn -0.6525 0.7574 0.0237
vn -0.9523 -0.2918 -0.0898
vn -0.6399 -0.7680 -0.0264
vn -0.5721 -0.8175 0.0664
vn -0.9231 -0.3798 0.0600
vn -0.2503 -0.9680 0.0161
vn -0.2156 -0.9754 0.0466
vn 0.9181 -0.3783 0.1182
vn 0.9450 0.2926 0.1461
vn 0.9535 0.3007 -0.0187
vn 0.9284 -0.3716 -0.0016
vn -0.6498 0.7548 -0.0893
vn -0.0568 0.9978 -0.0350
vn -0.0453 0.9987 0.0248
vn -0.6559 0.7548 -0.0109
vn -0.9849 -0.1725 0.0171
vn -0.7887 -0.6147 0.0096
vn -0.7691 -0.6371 -0.0509
vn -0.9762 -0.1925 -0.1000
vn -0.2493 -0.9680 0.0296
vn 0.4951 -0.8670 0.0562
vn 0.5287 -0.8486 -0.0193
vn -0.1960 -0.9805 -0.0159
vn 0.9782 0.1618 -0.1301
vn 0.9804 0.1740 0.0920
vn 0.9371 -0.3460 0.0462
vn 0.8566 -0.4807 -0.1875
vn 0.9886 0.0024 -0.1504
vn 0.9996 0.0068 0.0284
vn 0.8517 -0.5237 -0.0166
vn 0.7866 -0.5939 -0.1691
vn 0.9160 0.3741 -0.1447
vn 0.9251 0.3359 -0.1769
vn 0.9849 -0.0021 -0.1731
vn 0.9680 -0.1318 -0.2137
vn 0.9826 0.1588 -0.0966
vn 0.9866 0.1385 0.0859
vn 0.9371 -0.3422 0.0686
vn 0.8700 -0.4774 -0.1234
vn 0.0067 0.9982 0.0590
vn -0.0778 0.9969 0.0073
vn -0.0222 0.9942 -0.1056
vn -0.0088 0.9158 -0.4016
vn 0.1162 -0.0934 -0.9888
vn 0.2195 -0.6333 -0.7422
vn 0.2932 -0.9063 -0.3045
vn 0.3121 -0.9452 -0.0957
vn 0.3381 -0.9389 -0.0639
vn 0.2693 -0.9621 -0.0431
vn -0.2449 0.9695 -0.0073
vn -0.1605 0.9863 -0.0393
vn 0.2010 0.9773 -0.0665
vn 0.1089 0.9385 -0.3277
vn -0.0238 -0.0807 -0.9965
vn 0.1019 -0.6255 -0.7736
vn 0.2618 -0.8975 -0.3548
vn 0.3194 -0.9379 -0.1356
vn 0.2560 -0.9666 0.0101
vn 0.2078 -0.9779 -0.0217
vn -0.4795 -0.4960 -0.7239
vn -0.6305 -0.1591 -0.7597
vn -0.9339 0.3089 -0.1803
vn -0.8762 0.2597 -0.4059
vn -0.9588 0.2581 -0.1191
vn -0.9640 0.2658 -0.0072
vn 0.0016 0.9997 -0.0263
vn -0.0909 0.9957 0.0196
vn -0.2785 0.9570 -0.0816
vn -0.3069 0.9252 -0.2231
vn -0.1659 0.1410 -0.9760
vn 0.2250 -0.4475 -0.8655
vn 0.5931 -0.7046 -0.3895
vn 0.6538 -0.7483 -0.1123
vn 0.6683 -0.7439 -0.0084
vn 0.5962 -0.8024 0.0254
vn -0.0313 0.9952 -0.0927
vn 0.0508 0.9985 -0.0189
vn -0.2673 0.9632 -0.0274
vn -0.2552 0.9636 -0.0796
vn 0.8184 -0.5663 0.0974
vn 0.9931 0.0948 0.0689
vn 0.9967 0.0520 -0.0623
vn 0.8114 -0.5834 -0.0367
vn -0.2094 -0.9778 -0.0064
vn -0.1857 -0.9824 -0.0200
vn 0.4054 -0.9134 0.0361
vn 0.3903 -0.9206 -0.0135
vn -0.7085 -0.7046 -0.0408
vn -0.7185 -0.6955 -0.0058
vn -0.9702 -0.2372 -0.0485
vn -0.9795 -0.2016 -0.0037
vn -0.8644 0.5003 -0.0493
vn -0.8297 0.5563 -0.0454
vn -0.8267 -0.5621 0.0248
vn -0.3682 -0.9295 -0.0230
vn -0.4557 -0.8901 -0.0094
vn -0.8703 -0.4907 0.0433
vn 0.2374 -0.9689 -0.0693
vn 0.1664 -0.9853 -0.0394
vn 0.8150 -0.5623 -0.1403
vn 0.9276 -0.2915 -0.2337
vn 0.9220 -0.3591 -0.1450
vn 0.6531 -0.7539 -0.0714
vn -0.2637 0.9644 0.0198
vn -0.1340 0.9902 -0.0397
vn -0.5890 0.8079 -0.0187
vn -0.6777 0.7338 0.0483
vn -0.8990 0.4379 0.0034
vn -0.9228 0.3787 0.0703
vn -0.9985 -0.0423 0.0347
vn -0.9968 -0.0365 0.0713
vn -0.6673 0.7445 -0.0206
vn -0.2338 0.9723 0.0023
vn -0.2831 0.9588 0.0246
vn -0.6874 0.7247 0.0470
vn 0.7900 -0.6120 -0.0363
vn 0.9271 0.3649 0.0858
vn 0.9089 0.3884 -0.1519
vn 0.8321 -0.5468 -0.0929
vn 0.2797 -0.9599 -0.0186
vn -0.1913 -0.9806 -0.0425
vn -0.2342 -0.9718 -0.0272
vn 0.1953 -0.9794 -0.0513
vn -0.6045 -0.7961 0.0289
vn -0.6237 -0.7767 -0.0881
vn -0.9223 -0.3781 0.0796
vn -0.9356 -0.3379 -0.1026
vn -0.9652 0.2494 0.0788
vn -0.9615 0.2626 -0.0815
vn -0.7963 -0.5922 0.1229
vn -0.3850 -0.9224 0.0303
vn -0.4535 -0.8895 0.0555
vn -0.8347 -0.5343 0.1333
vn 0.1832 -0.9804 -0.0722
vn 0.1665 -0.9857 -0.0264
vn 0.7607 -0.6236 -0.1801
vn 0.9731 0.0668 -0.2203
vn 0.9607 0.1160 -0.2520
vn 0.9234 -0.3099 -0.2265
vn -0.1793 0.9830 0.0384
vn -0.0408 0.9992 0.0055
vn -0.5934 0.7935 0.1347
vn -0.6823 0.7259 0.0866
vn -0.9051 0.3597 0.2268
vn -0.9217 0.3557 0.1548
vn -0.9686 -0.1318 0.2108
vn -0.9787 -0.0925 0.1833
vn -0.6852 0.7269 -0.0462
vn -0.2009 0.9792 -0.0271
vn -0.2032 0.9777 0.0522
vn -0.6688 0.7308 0.1365
vn 0.8297 -0.5555 0.0550
vn 0.9592 0.2573 0.1174
vn 0.9630 0.2663 -0.0410
vn 0.8637 -0.5040 -0.0096
vn -0.2183 -0.9716 0.0911
vn 0.3376 -0.9407 0.0338
vn 0.3802 -0.9248 0.0153
vn -0.1919 -0.9808 0.0353
vn -0.6799 -0.7213 0.1323
vn -0.6737 -0.7390 0.0072
vn -0.9498 -0.2754 0.1481
vn -0.9563 -0.2903 -0.0345
vn -0.9684 0.2438 -0.0528
vn -0.9513 0.2569 0.1706
vn -0.7302 -0.6831 -0.0133
vn -0.2274 -0.9738 -0.0070
vn -0.2841 -0.9583 0.0303
vn -0.7726 -0.6346 0.0208
vn 0.4230 -0.9061 0.0032
vn 0.4135 -0.9103 0.0210
vn 0.9074 -0.4167 -0.0546
vn 0.9681 -0.1648 -0.1886
vn 0.9833 -0.1811 -0.0155
vn 0.8299 -0.5577 -0.0159
vn -0.0404 0.9990 0.0205
vn 0.0123 0.9993 -0.0352
vn -0.5955 0.8023 -0.0405
vn -0.6350 0.7723 0.0153
vn -0.9517 0.3051 0.0344
vn -0.9426 0.3310 -0.0444
vn -0.9773 -0.2100 -0.0292
vn -0.9815 -0.1878 0.0364
vn -0.0560 0.9984 -0.0042
vn -0.0466 0.9989 -0.0037
vn -0.6094 0.7929 -0.0072
vn -0.6367 0.7710 0.0153
vn 0.9305 -0.3646 -0.0353
vn 0.9272 0.3744 -0.0079
vn 0.9382 0.3459 -0.0101
vn 0.9220 -0.3837 -0.0524
vn 0.0101 -0.9982 -0.0587
vn -0.0072 -0.9994 -0.0348
vn 0.4506 -0.8914 -0.0480
vn 0.4387 -0.8943 -0.0876
vn -0.4189 -0.9068 -0.0468
vn -0.3844 -0.9230 -0.0192
vn -0.8695 -0.4916 -0.0470
vn -0.8492 -0.5278 0.0130
vn -0.9700 0.2423 -0.0211
vn -0.9792 0.2009 0.0279
vn -0.5366 -0.8380 0.0991
vn 0.0205 -0.9987 0.0462
vn -0.0177 -0.9998 0.0077
vn -0.5642 -0.8252 -0.0265
vn 0.5501 -0.8345 -0.0302
vn 0.5086 -0.8610 0.0026
vn 0.9375 -0.3104 -0.1573
vn 0.9753 0.0081 -0.2205
vn 0.9981 -0.0222 -0.0575
vn 0.8761 -0.4812 -0.0292
vn -0.2632 0.9646 -0.0154
vn -0.3233 0.9459 -0.0272
vn -0.7951 0.6045 0.0491
vn -0.7750 0.6309 -0.0377
vn -0.9851 0.1440 0.0944
vn -0.9840 0.1581 -0.0817
vn -0.9152 -0.3860 0.1156
vn -0.9287 -0.3629 -0.0763
vn -0.2873 0.3702 -0.8834
vn -0.5251 0.2174 -0.8228
vn 0.0213 0.5064 -0.8620
vn 0.7270 0.6626 -0.1802
vn 0.7956 0.6058 0.0097
vn 0.5317 0.8384 -0.1199
vn 0.7686 0.6017 -0.2172
vn 0.9479 0.1619 -0.2744
vn 0.9669 0.1786 -0.1820
vn 0.5666 0.8231 0.0374
vn 0.5524 0.8312 0.0629
vn 0.5488 0.8359 0.0081
vn 0.5900 0.7962 -0.1337
vn -0.6973 0.3063 -0.6480
vn -0.3793 0.4981 -0.7798
vn -0.0285 0.5787 -0.8150
vn 0.7918 0.5853 -0.1747
vn 0.8425 0.5387 0.0037
vn 0.7527 0.6572 -0.0385
vn 0.8089 0.5485 -0.2119
vn 0.6185 0.7737 -0.1374
vn 0.3238 0.9461 -0.0066
vn 0.4419 0.8956 -0.0521
vn 0.6492 0.7459 -0.1490
vn 0.9146 0.3264 -0.2388
vn 0.9585 0.2755 -0.0735
vn 0.3214 0.9456 -0.0502
vn 0.3228 0.9464 0.0099
vn -0.4582 0.3949 -0.7963
vn -0.7072 0.1926 -0.6803
vn -0.0979 0.5770 -0.8108
vn 0.7151 0.6855 -0.1370
vn 0.8237 0.5665 -0.0239
vn 0.6579 0.7522 -0.0368
vn 0.8657 0.4968 -0.0613
vn 0.9663 0.2311 -0.1133
vn 0.9781 0.1850 -0.0954
vn 0.5283 0.8487 -0.0255
vn 0.5705 0.8161 0.0921
vn 0.4375 0.8981 -0.0452
vn 0.4086 0.9127 -0.0033
vn -0.7819 0.2589 -0.5671
vn -0.6018 0.5024 -0.6208
vn -0.3307 0.7014 -0.6314
vn 0.5580 0.8075 -0.1912
vn 0.7093 0.6811 -0.1818
vn 0.4863 0.8629 -0.1376
vn 0.7668 0.6193 -0.1687
vn 0.9163 0.3230 -0.2369
vn 0.9245 0.3071 -0.2257
vn 0.5590 0.8291 -0.0059
vn 0.5561 0.8265 0.0870
vn 0.5390 0.8423 0.0027
vn 0.5373 0.8430 -0.0241
vn 0.8106 0.1016 -0.5768
vn 0.7426 -0.4635 -0.4834
vn 0.6338 0.5719 -0.5208
vn 0.7669 -0.0424 -0.6404
vn 0.6554 -0.5575 -0.5096
vn 0.7028 0.4844 -0.5210
vn 0.6521 0.1325 -0.7464
vn 0.6570 -0.4991 -0.5650
vn 0.5090 0.6760 -0.5329
vn 0.6901 0.4041 -0.6004
vn 0.8232 -0.1508 -0.5474
vn 0.3717 0.8214 -0.4326
vn 0.9956 -0.0199 0.0921
vn 0.9430 0.3196 0.0929
vn 0.7736 0.6289 0.0774
vn 0.7515 0.6596 -0.0121
vn 0.3429 0.9394 -0.0049
vn 0.9557 -0.2588 -0.1405
vn 0.9408 0.3111 -0.1346
vn 0.4706 0.8726 -0.1311
vn 0.9752 -0.1601 0.1531
vn 0.9467 0.2581 0.1925
vn 0.7738 0.6125 0.1616
vn 0.7689 0.6390 0.0210
vn 0.4457 0.8944 0.0367
vn -0.6691 -0.7399 -0.0698
vn -0.1266 -0.9908 -0.0471
vn 0.4825 -0.8759 -0.0053
vn 0.9101 -0.4140 0.0179
vn 0.9821 0.1834 -0.0440
vn 0.6902 0.7215 -0.0547
vn 0.0387 0.9965 -0.0739
vn -0.5960 0.7973 -0.0954
vn -0.9391 0.3325 -0.0873
vn -0.9723 -0.2244 -0.0654
vn -0.9558 0.2759 0.1017
vn -0.6497 0.7557 0.0826
vn -0.6440 0.7634 -0.0495
vn -0.9589 0.2739 -0.0737
vn -0.1873 0.9823 0.0073
vn -0.1278 0.9904 -0.0520
vn 0.4492 0.8821 -0.1418
vn 0.6553 0.7122 -0.2517
vn 0.8965 0.2874 -0.3373
vn 0.9178 0.2984 -0.2619
vn 0.8622 -0.4471 -0.2382
vn 0.9145 -0.2245 -0.3367
vn 0.9388 -0.2804 -0.2001
vn 0.7159 -0.6858 -0.1308
vn -0.1749 -0.9844 -0.0210
vn 0.4533 -0.8880 -0.0771
vn 0.3439 -0.9384 -0.0325
vn -0.2111 -0.9765 0.0437
vn -0.7055 -0.7074 -0.0431
vn -0.6827 -0.7271 0.0720
vn -0.9670 -0.2446 -0.0710
vn -0.9590 -0.2697 0.0874
vn 0.9630 -0.2684 0.0259
vn 0.9582 0.2845 0.0292
vn 0.6655 0.7449 -0.0474
vn 0.6064 0.7714 -0.1931
vn 0.2039 0.9732 -0.1062
vn 0.9592 -0.2644 -0.1006
vn 0.9368 0.3497 -0.0084
vn 0.6074 0.7921 -0.0609
vn 0.5867 0.7965 -0.1461
vn 0.1893 0.9799 -0.0634
vn -0.7392 -0.6496 -0.1778
vn -0.3422 -0.9365 -0.0768
vn 0.2993 -0.9542 -0.0035
vn 0.8311 -0.5522 0.0662
vn 0.9744 0.1832 0.1305
vn 0.5296 0.8465 0.0538
vn -0.0888 0.9960 0.0053
vn -0.5884 0.8021 -0.1019
vn -0.8922 0.4064 -0.1968
vn -0.9557 -0.1701 -0.2403
vn -0.4566 -0.8894 -0.0217
vn -0.8405 -0.5386 -0.0593
vn 0.2231 -0.9748 0.0045
vn 0.6366 -0.7681 -0.0696
vn 0.9234 -0.3737 -0.0871
vn 0.9244 -0.3633 0.1158
vn 0.7870 -0.6101 0.0922
vn 0.5068 0.8525 0.1283
vn 0.9677 0.1485 0.2038
vn 0.9728 0.1442 0.1813
vn 0.7576 0.6346 0.1526
vn -0.1730 0.9842 0.0375
vn -0.6688 0.7403 -0.0681
vn -0.9137 0.3854 -0.1286
vn -0.9874 -0.0981 -0.1243
vn -0.7711 -0.6361 0.0298
vn -0.3146 -0.9488 -0.0282
vn 0.2587 -0.9620 -0.0873
vn 0.7684 -0.6263 -0.1315
vn 0.9922 0.0259 -0.1221
vn 0.7207 0.6895 -0.0721
vn 0.1255 0.9920 -0.0118
vn -0.4927 0.8692 0.0421
vn -0.9076 0.4143 0.0674
vn -0.9869 -0.1469 0.0668
vn -0.8572 -0.4998 -0.1239
vn -0.4501 -0.8894 -0.0801
vn 0.1835 -0.9828 -0.0214
vn 0.7957 -0.6051 0.0269
vn 0.9743 0.1681 0.1498
vn 0.4914 0.8673 0.0793
vn -0.2167 0.9762 0.0070
vn -0.6691 0.7424 -0.0335
vn -0.9310 0.3584 -0.0689
vn -0.9917 -0.0674 -0.1092
vn -0.7334 -0.6797 0.0109
vn -0.2516 -0.9670 -0.0406
vn -0.2637 -0.9646 0.0100
vn -0.7409 -0.6669 0.0796
vn 0.3152 -0.9442 -0.0955
vn 0.2776 -0.9576 -0.0772
vn 0.8185 -0.5465 -0.1773
vn 0.9320 -0.2627 -0.2497
vn 0.9290 -0.2842 -0.2368
vn 0.6932 -0.7008 -0.1684
vn 0.5142 0.8525 -0.0939
vn 0.6877 0.6896 -0.2269
vn 0.9233 0.2392 -0.3006
vn 0.9519 0.2153 -0.2180
vn 0.0067 0.9996 -0.0288
vn 0.0144 0.9998 0.0160
vn -0.5025 0.8645 0.0101
vn -0.4594 0.8882 -0.0100
vn -0.9191 0.3935 0.0192
vn -0.9183 0.3926 0.0517
vn -0.9818 -0.1866 0.0358
vn -0.9773 -0.1879 0.0983
vn 0.9500 -0.3109 -0.0293
vn 0.9845 0.1751 0.0057
vn 0.7698 0.6380 -0.0171
vn 0.7273 0.6681 -0.1568
vn 0.2569 0.9649 -0.0546
vn 0.8184 -0.5736 0.0343
vn 0.9750 0.1723 0.1401
vn 0.5886 0.8082 -0.0198
vn -0.5989 0.8003 -0.0289
vn -0.9786 0.2055 0.0127
vn -0.9833 0.1817 -0.0070
vn -0.6364 0.7713 0.0048
vn -0.1396 0.9898 -0.0275
vn -0.0598 0.9949 -0.0817
vn 0.4724 0.8583 -0.2003
vn 0.6495 0.7021 -0.2918
vn 0.8625 0.4138 -0.2914
vn 0.8861 0.3930 -0.2456
vn 0.9410 -0.2478 -0.2305
vn 0.9543 0.0757 -0.2891
vn 0.9892 0.0205 -0.1450
vn 0.8499 -0.5120 -0.1246
vn -0.0130 -0.9999 0.0069
vn 0.1069 -0.9942 -0.0118
vn 0.5999 -0.7937 -0.1003
vn 0.4688 -0.8812 -0.0612
vn -0.4891 -0.8713 0.0412
vn -0.5342 -0.8452 0.0139
vn -0.9012 -0.4299 0.0551
vn -0.8992 -0.4372 -0.0165
vn -0.0616 -0.9981 0.0053
vn -0.5174 -0.8524 -0.0757
vn 0.4200 -0.9075 0.0041
vn 0.9342 -0.3532 0.0493
vn 0.9975 0.0409 0.0574
vn 0.9244 0.3720 0.0847
vn 0.9252 0.3554 0.1327
vn 0.5106 0.8541 0.0987
vn 0.7482 0.6579 0.0861
vn 0.6766 0.7277 -0.1128
vn 0.2845 0.9564 -0.0655
vn -0.1180 0.9929 0.0172
vn -0.6267 0.7781 -0.0420
vn -0.9694 0.2119 -0.1236
vn -0.8816 -0.4435 -0.1613
vn -0.0984 -0.9933 -0.0605
vn 0.4599 -0.8865 0.0511
vn 0.3347 -0.9414 -0.0423
vn -0.0694 -0.9862 -0.1500
vn -0.6116 -0.7681 -0.1897
vn -0.5777 -0.7807 -0.2383
vn -0.9296 -0.2870 -0.2311
vn -0.9365 -0.2910 -0.1956
vn -0.9360 0.3084 -0.1699
vn -0.9248 0.3699 -0.0887
vn -0.5907 0.8069 -0.0060
vn -0.6197 0.7781 -0.1028
vn -0.3273 0.9446 0.0226
vn -0.2040 0.9739 -0.0993
vn 0.8897 0.3785 -0.2554
vn 0.9446 0.3206 -0.0707
vn 0.3765 0.9156 -0.1409
vn 0.3253 0.9352 -0.1401
vn 0.8966 -0.4428 0.0061
vn 0.8936 -0.4287 -0.1328
vn 0.3894 -0.9183 -0.0717
vn -0.0458 -0.9936 -0.1031
vn -0.1049 -0.9925 -0.0622
vn 0.3656 -0.9306 -0.0160
vn -0.5753 -0.7972 -0.1829
vn -0.5309 -0.8269 -0.1853
vn -0.9103 -0.3243 -0.2571
vn -0.9144 -0.3432 -0.2146
vn -0.9302 0.2986 -0.2134
vn -0.9285 0.3275 -0.1748
vn -0.6088 0.7881 -0.0911
vn -0.5774 0.8099 -0.1030
vn -0.1287 0.9880 -0.0850
vn -0.1658 0.9853 -0.0415
vn 0.3655 0.9242 -0.1111
vn 0.9119 0.4018 -0.0834
vn 0.9085 0.4014 -0.1162
vn 0.3519 0.9329 -0.0767
vn 0.8666 -0.4946 -0.0659
vn 0.8695 -0.4866 -0.0847
vn -0.9205 0.3855 -0.0639
vn -0.3882 0.9208 -0.0376
vn -0.9749 -0.2175 -0.0470
vn -0.7474 -0.6637 -0.0304
vn -0.2555 -0.9666 -0.0184
vn 0.2878 -0.9577 -0.0030
vn 0.8186 -0.5741 -0.0178
vn 0.9555 -0.2451 -0.1641
vn 0.9584 0.2666 -0.1023
vn 0.9708 0.2369 0.0383
vn 0.4530 0.8905 -0.0416
vn 0.6862 0.7210 -0.0968
vn 0.6463 0.7401 -0.1859
vn 0.2899 0.9538 -0.0785
vn 0.0271 0.9994 -0.0218
vn 0.3037 0.2955 -0.9058
vn 0.4044 0.4948 -0.7692
vn 0.2583 0.5224 -0.8127
vn 0.3635 0.6168 -0.6981
vn -0.1162 -0.4817 -0.8686
vn -0.1022 -0.6191 -0.7786
vn 0.7486 -0.6631 0.0031
vn 0.5362 -0.8435 0.0321
vn 0.2031 -0.9498 0.2380
vn 0.2576 -0.9147 0.3114
vn 0.4925 -0.8248 0.2778
vn 0.5310 -0.7746 0.3436
vn 0.7060 -0.6937 0.1428
vn 0.7090 -0.6953 0.1178
vn 0.4730 -0.8643 0.1712
vn 0.2021 -0.9110 0.3595
vn 0.2048 -0.8991 0.3868
vn 0.4691 -0.8622 0.1910
vn -0.2907 0.4357 -0.8518
vn -0.5450 0.4105 -0.7311
vn -0.5662 0.5837 -0.5820
vn -0.2195 0.5882 -0.7784
vn -0.9736 -0.1770 -0.1443
vn -0.9144 -0.3941 0.0924
vn -0.7691 -0.4736 0.4292
vn -0.9750 -0.1122 0.1920
vn -0.6951 -0.6513 0.3043
vn -0.2240 -0.9451 0.2381
vn -0.1518 -0.8699 0.4693
vn -0.5376 -0.6695 0.5126
vn 0.2027 -0.9664 -0.1580
vn 0.3020 -0.9231 0.2381
vn 0.3691 -0.7811 -0.5036
vn 0.3812 -0.4987 -0.7784
vn 0.7132 -0.4605 -0.5285
vn 0.5756 -0.8129 -0.0886
vn -0.0330 0.2768 -0.9604
vn 0.1552 0.4396 -0.8847
vn -0.2128 0.8059 -0.5524
vn 0.4084 0.6129 -0.6765
vn 0.4176 0.6442 -0.6408
vn -0.1758 0.8309 -0.5280
vn -0.6791 0.6998 -0.2217
vn -0.6479 0.7196 -0.2499
vn -0.3767 -0.7022 0.6042
vn -0.8622 -0.1510 0.4835
vn -0.8486 -0.0849 0.5222
vn -0.3723 -0.6612 0.6513
vn 0.2881 -0.8549 0.4315
vn 0.2832 -0.8335 0.4745
vn 0.7781 -0.6154 0.1258
vn 0.7705 -0.6215 0.1415
vn 0.9451 -0.2691 -0.1854
vn 0.9505 -0.2591 -0.1715
vn -0.9321 0.3522 0.0841
vn -0.9315 0.3636 -0.0023
vn -0.8855 0.4400 0.1495
vn -0.9083 0.3859 0.1613
vn -0.9043 0.4250 -0.0410
vn -0.8787 0.4667 0.1005
vn -0.8612 0.1712 -0.4785
vn -0.9150 0.3390 -0.2189
vn -0.3933 0.1568 -0.9059
vn -0.4457 -0.1351 -0.8849
vn -0.6655 -0.0149 -0.7462
vn -0.5140 0.2013 -0.8338
vn -0.2394 0.0782 -0.9678
vn -0.1690 -0.1859 -0.9679
vn 0.5371 0.0531 -0.8418
vn 0.2502 -0.0952 -0.9635
vn 0.7772 0.1380 -0.6139
vn 0.6723 0.1093 -0.7322
vn 0.8590 0.1378 -0.4930
vn 0.8751 0.1718 -0.4524
vn -0.7768 -0.6072 -0.1668
vn -0.4438 -0.8010 -0.4019
vn -0.0764 -0.7851 -0.6146
vn 0.4609 0.7253 -0.5114
vn 0.8742 0.2321 -0.4265
vn 0.8785 0.2062 -0.4310
vn 0.4991 0.7275 -0.4708
vn 0.9460 -0.2638 -0.1884
vn 0.7195 -0.6816 0.1331
vn 0.6893 -0.7243 -0.0131
vn 0.9115 -0.3478 -0.2196
vn 0.3545 -0.9244 0.1406
vn 0.4518 -0.8552 0.2542
vn 0.1505 -0.8685 0.4722
vn 0.0026 -0.9572 0.2895
vn -0.2262 -0.8199 0.5259
vn -0.3305 -0.8537 0.4024
vn -0.4426 -0.6564 0.6109
vn -0.8663 -0.0566 0.4964
vn -0.8838 -0.0661 0.4632
vn -0.6400 -0.5901 0.4921
vn -0.4662 0.8804 -0.0867
vn -0.8206 0.5303 0.2128
vn -0.8133 0.5407 0.2150
vn -0.4824 0.8720 -0.0832
vn -0.0755 0.9244 -0.3738
vn -0.0185 0.9417 -0.3360
vn 0.9128 -0.2852 -0.2924
vn 0.8109 -0.3684 -0.4547
vn 0.7628 -0.6063 -0.2246
vn -0.7689 -0.1951 0.6088
vn -0.8432 -0.0225 0.5372
vn -0.7627 -0.6464 0.0233
vn -0.7906 -0.5882 0.1700
vn -0.7248 -0.6265 0.2865
vn -0.6966 -0.7098 0.1041
vn 0.7461 -0.6209 -0.2407
vn 0.6564 -0.6003 -0.4570
vn 0.6647 -0.7082 -0.2381
vn 0.7314 -0.6729 -0.1108
vn 0.5549 -0.7957 0.2428
vn 0.5464 -0.8348 0.0675
vn -0.3424 -0.8328 0.4350
vn -0.2934 -0.7576 0.5831
vn -0.7299 -0.5069 0.4586
vn -0.7385 -0.5630 0.3709
vn -0.9890 -0.0822 0.1226
vn -0.9802 -0.1112 0.1637
vn -0.9172 0.3346 -0.2164
vn -0.9207 0.3770 -0.1009
vn -0.7837 0.4129 -0.4640
vn -0.6640 -0.0532 -0.7458
vn -0.3984 0.4735 -0.7855
vn -0.7177 0.5940 -0.3635
vn 0.7221 -0.1484 -0.6757
vn 0.8251 0.0638 -0.5614
vn 0.1252 -0.1694 -0.9776
vn 0.5195 -0.5165 -0.6807
vn 0.4390 -0.8271 -0.3510
vn 0.6093 -0.7690 -0.1935
vn -0.1590 0.8591 -0.4865
vn 0.4064 0.6735 -0.6174
vn 0.8672 0.2120 -0.4505
vn 0.9530 -0.2521 -0.1678
vn 0.7577 -0.6392 0.1316
vn 0.2537 -0.8497 0.4622
vn 0.2419 -0.8127 0.5301
vn -0.4022 -0.6561 0.6385
vn -0.8559 -0.0604 0.5136
vn -0.8489 0.5004 0.1702
vn -0.5820 0.7942 -0.1748
vn 0.2604 -0.8999 0.3498
vn -0.1380 -0.8495 0.5092
vn -0.4678 -0.6987 0.5412
vn 0.1242 -0.9607 0.2483
vn 0.1271 -0.9435 0.3061
vn 0.7891 -0.6137 0.0257
vn -0.5084 -0.7840 0.3561
vn -0.4938 -0.8442 0.2086
vn -0.7047 -0.7031 -0.0952
vn 0.8329 -0.5511 -0.0509
vn 0.8518 -0.5055 -0.1377
vn 0.7748 -0.4339 -0.4598
vn 0.8491 -0.2364 -0.4723
vn 0.8306 0.0172 -0.5566
vn 0.7303 0.4231 -0.5363
vn -0.9505 -0.2533 -0.1802
vn -0.8756 0.1328 -0.4644
vn -0.7087 -0.5257 -0.4705
vn -0.9105 -0.2483 -0.3307
vn -0.7081 -0.5896 -0.3886
vn -0.9234 -0.1371 -0.3585
vn -0.2037 -0.9517 -0.2298
vn -0.6232 -0.6959 -0.3568
vn -0.8962 -0.2616 -0.3584
vn -0.9366 -0.3238 -0.1336
vn -0.5253 -0.8323 -0.1769
vn -0.6948 -0.5177 -0.4993
vn -0.8940 0.2012 -0.4003
vn -0.9289 0.3598 -0.0881
vn -0.6244 0.5946 -0.5066
vn -0.5641 0.8208 -0.0903
vn -0.4123 -0.5950 -0.6899
vn -0.7793 -0.3572 -0.5149
vn -0.1402 0.7545 -0.6411
vn -0.2408 0.9679 -0.0714
vn 0.2519 -0.5316 -0.8087
vn -0.2852 0.9114 -0.2966
vn -0.6137 0.7168 -0.3310
vn -0.8856 0.3370 -0.3197
vn -0.5019 0.0667 -0.8623
vn -0.8184 -0.2168 -0.5322
vn 0.1974 0.1014 -0.9751
vn -0.1391 -0.8318 -0.5374
vn -0.5062 -0.8382 -0.2029
vn 0.3686 -0.8599 -0.3531
vn -0.9216 -0.1742 -0.3468
vn -0.8921 -0.3320 -0.3064
vn -0.8394 -0.5420 -0.0413
vn -0.9776 0.1725 -0.1207
vn -0.9903 0.1314 0.0455
vn 0.9705 -0.0868 -0.2249
vn 0.9832 -0.1102 -0.1454
vn 0.9492 0.2722 -0.1581
vn 0.9695 0.2150 -0.1175
vn 0.7946 0.5965 -0.1130
vn 0.7755 0.6249 -0.0899
vn 0.8679 0.3924 -0.3047
vn 0.5672 0.8069 -0.1650
vn 0.5300 0.8388 -0.1244
vn 0.8994 0.3735 -0.2269
vn -0.1866 0.9824 -0.0057
vn -0.6836 0.7282 0.0488
vn 0.9425 -0.2059 -0.2634
vn 0.9577 -0.1531 -0.2438
vn 0.3811 0.9018 -0.2038
vn 0.5933 0.7648 -0.2510
vn 0.8429 0.3882 -0.3725
vn 0.8659 0.3958 -0.3058
vn 0.8404 -0.4676 -0.2741
vn 0.9389 -0.1151 -0.3243
vn 0.9378 -0.1633 -0.3064
vn 0.9014 -0.4151 -0.1235
vn 0.8818 -0.4499 -0.1413
vn 0.6950 -0.7130 -0.0927
vn -0.4074 0.5774 -0.7076
vn 0.2186 0.6244 -0.7499
vn -0.0299 -0.9872 -0.1565
vn -0.2567 -0.6608 -0.7053
vn 0.2661 -0.9540 -0.1381
vn 0.2961 -0.6315 -0.7166
vn 0.9163 0.1554 -0.3692
vn 0.9145 -0.0647 -0.3994
vn 0.4238 0.8694 -0.2541
vn 0.2992 0.9329 -0.2005
vn 0.6121 0.6520 -0.4475
vn 0.5631 0.7188 -0.4077
vn 0.9355 0.2723 -0.2253
vn 0.7213 0.6871 -0.0872
vn 0.6234 0.7795 -0.0612
vn 0.8613 0.4288 -0.2724
vn 0.8065 0.4010 -0.4345
vn 0.8950 0.1798 -0.4082
vn -0.8747 -0.3125 -0.3704
vn -0.8582 -0.2490 -0.4489
vn -0.8723 -0.2303 -0.4314
vn -0.8912 -0.1000 -0.4424
vn -0.9116 -0.0795 -0.4034
vn -0.9066 -0.0002 -0.4219
vn -0.9716 -0.1039 -0.2128
vn -0.9373 -0.2452 -0.2476
vn -0.0949 0.9885 0.1180
vn -0.1343 0.9892 0.0583
vn -0.6375 0.7703 -0.0115
vn -0.5965 0.8005 0.0573
vn 0.0110 0.9873 0.1586
vn -0.0376 0.9894 0.1402
vn -0.5289 0.8461 0.0660
vn -0.4667 0.8768 0.1157
vn -0.9280 0.2619 -0.2649
vn -0.9034 -0.0949 -0.4181
vn -0.9400 0.3085 -0.1457
vn -0.9178 0.3903 -0.0724
vn -0.8697 0.4896 -0.0626
vn -0.8370 0.5468 0.0221
vn -0.9820 -0.1548 -0.1082
vn -0.9605 -0.2220 -0.1678
vn -0.9783 -0.1985 -0.0594
vn -0.9639 -0.2464 -0.1012
vn -0.9739 -0.1623 -0.1586
vn -0.9701 -0.2031 -0.1330
vn -0.9792 -0.0447 -0.1977
vn -0.9660 -0.0803 -0.2459
vn -0.9524 -0.2359 -0.1929
vn -0.9643 -0.1366 -0.2269
vn -0.8540 -0.2358 0.4637
vn -0.9850 -0.0046 0.1724
vn -0.8972 0.0615 -0.4374
vn -0.8644 0.2844 -0.4147
vn -0.9732 0.2003 -0.1126
vn -0.9689 0.0911 0.2300
vn -0.9531 0.1555 0.2597
vn -0.9763 -0.1420 0.1633
vn -0.9803 0.1950 0.0304
vn -0.9904 0.1322 -0.0407
vn -0.9810 0.0173 -0.1934
vn -0.9938 0.0644 -0.0908
vn -0.1142 0.9934 -0.0069
vn 0.9381 0.3224 -0.1264
vn 0.5405 0.8369 -0.0864
vn 0.9038 -0.3971 -0.1593
vn 0.5373 -0.5385 0.6492
vn 0.0641 -0.6695 0.7401
vn -0.3523 -0.5958 0.7217
vn -0.4600 -0.5308 0.7117
vn -0.5386 -0.4472 0.7141
vn -0.6950 -0.1445 0.7043
vn -0.6576 0.0538 0.7514
vn -0.3842 0.5014 0.7752
vn 0.6082 0.1343 0.7823
vn 0.7457 -0.1548 0.6480
vn -0.9775 -0.0601 -0.2024
vn -0.9581 0.0709 -0.2776
vn -0.9235 0.2350 -0.3032
vn -0.9663 0.0351 -0.2551
vn -0.9535 -0.2367 -0.1868
vn -0.9321 -0.2672 -0.2447
vn -0.9319 -0.2774 -0.2338
vn -0.9352 -0.2702 -0.2289
vn -0.9621 -0.1778 -0.2066
vn -0.9614 -0.1680 -0.2180
vn -0.9905 -0.1220 -0.0627
vn -0.9369 0.1685 -0.3064
vn -0.9652 -0.1071 -0.2384
vn -0.9667 -0.2115 -0.1442
vn -0.9751 -0.1679 -0.1449
vn -0.9438 -0.2627 -0.2006
vn 0.5272 0.8498 -0.0031
vn 0.4683 0.8784 0.0954
vn 0.7193 0.6946 -0.0116
vn 0.7847 0.5933 -0.1794
vn 0.7949 0.5198 -0.3128
vn 0.8175 0.5619 -0.1261
vn 0.7882 0.6003 -0.1356
vn 0.6471 0.7128 -0.2706
vn 0.7240 0.6715 -0.1579
vn 0.7878 0.6073 -0.1027
vn 0.8664 0.4888 -0.1024
vn 0.8684 0.4640 -0.1748
vn 0.9246 0.2948 -0.2414
vn 0.9303 0.3388 -0.1403
vn 0.9314 0.3292 -0.1552
vn 0.8925 0.3614 -0.2700
vn 0.8794 0.4261 -0.2124
vn 0.9240 0.3606 -0.1270
vn 0.9681 0.2336 -0.0901
vn 0.9434 0.2816 -0.1754
vn 0.9845 0.0214 -0.1738
vn 0.9967 0.0250 -0.0773
vn 0.9975 -0.0127 -0.0700
vn 0.9793 -0.0307 -0.1999
vn 0.9756 -0.2191 -0.0118
vn 0.9791 -0.1938 -0.0611
vn 0.9874 0.0268 -0.1558
vn 0.3859 0.9127 0.1344
vn 0.6496 0.7570 0.0702
vn 0.6727 0.7357 0.0787
vn 0.3805 0.9132 0.1457
vn 0.8206 -0.5716 0.0014
vn 0.8169 -0.5767 0.0070
vn 0.8762 0.4804 -0.0395
vn 0.8110 0.5844 -0.0285
vn 0.8112 0.5846 0.0144
vn 0.8916 0.4528 -0.0006
vn 0.4209 -0.8824 -0.2103
vn 0.6697 -0.7312 -0.1302
vn 0.7158 -0.6946 -0.0722
vn 0.7609 -0.6435 -0.0834
vn 0.8872 -0.4607 -0.0252
vn 0.8669 -0.4916 -0.0826
vn 0.9614 -0.2736 -0.0281
vn 0.8223 0.5690 0.0075
vn 0.8324 0.5540 0.0129
vn 0.9999 -0.0050 0.0104
vn 0.9769 -0.2139 0.0010
vn 0.9983 0.0569 -0.0146
vn 0.9948 -0.0949 -0.0358
vn 0.9997 -0.0172 0.0178
vn 0.9944 0.1058 -0.0040
vn 0.9572 0.2893 -0.0051
vn 0.9723 0.2339 -0.0010
vn 0.9755 0.2167 -0.0382
vn 0.9401 0.3346 -0.0650
vn 0.9998 0.0168 -0.0087
vn 0.9907 -0.1271 0.0493
vn 0.9976 -0.0680 -0.0156
vn -0.5099 0.8564 0.0806
vn 0.0815 0.9936 0.0787
vn 0.6081 0.7892 0.0860
vn 0.9415 0.3365 0.0163
vn 0.9966 0.0825 -0.0090
vn 0.9732 -0.2301 -0.0014
vn 0.7402 -0.6660 0.0923
vn 0.1634 -0.9391 0.3023
vn -0.4009 -0.7543 0.5199
vn -0.6366 -0.5102 0.5782
vn -0.7934 -0.4284 0.4324
vn -0.9900 -0.0798 0.1161
vn -0.9863 0.0920 0.1370
vn -0.8942 0.4272 0.1335
vn -0.8935 -0.0962 0.4387
vn -0.5702 -0.6854 0.4529
vn -0.3585 -0.8635 0.3547
vn -0.0687 -0.9679 0.2418
vn 0.2630 -0.9547 0.1392
vn 0.5093 -0.8543 0.1037
vn 0.8805 -0.4214 -0.2170
vn 0.8484 0.1621 -0.5039
vn 0.4604 0.6814 -0.5690
vn -0.0313 0.9054 -0.4234
vn -0.4961 0.8529 -0.1628
vn -0.8363 0.5184 0.1784
vn 0.5402 -0.8415 -0.0047
vn 0.5645 -0.7929 -0.2295
vn 0.3504 0.8905 -0.2903
vn 0.4824 -0.5752 -0.6606
vn 0.4125 0.0077 -0.9109
vn 0.3312 0.5899 -0.7364
vn 0.9998 0.0046 0.0175
vn 0.7535 -0.6527 -0.0783
vn 0.5411 -0.8051 -0.2432
vn 0.4854 0.8394 -0.2447
vn 0.7288 0.6842 -0.0259
vn 0.3715 -0.6195 -0.6915
vn 0.2426 -0.0698 -0.9676
vn 0.3327 0.5712 -0.7504
vn 0.9867 0.1580 0.0375
vn 0.8797 -0.4753 0.0169
vn 0.6644 -0.7214 -0.1952
vn 0.3753 0.8927 -0.2495
vn 0.6802 0.7283 -0.0832
vn 0.3903 -0.5694 -0.7235
vn 0.0836 0.0351 -0.9959
vn 0.1619 0.6786 -0.7165
vn 0.8046 -0.4995 -0.3211
vn 0.1135 0.9709 -0.2110
vn 0.4830 -0.3651 -0.7959
vn 0.0956 0.2482 -0.9640
vn -0.0140 0.8098 -0.5865
vn 0.8409 0.5386 0.0536
vn 0.8345 0.5491 0.0463
vn 0.8334 0.5495 0.0584
vn 0.8131 0.5717 0.1093
vn 0.6157 0.4378 0.6551
vn 0.9564 0.2920 -0.0025
vn 0.9490 0.3153 0.0020
vn 0.9876 0.1572 0.0037
vn 0.9854 0.1699 -0.0092
vn -0.9628 0.0001 0.2702
vn -0.9151 -0.0509 0.4000
vn -0.9240 -0.1690 0.3431
vn -0.9293 -0.3118 0.1981
vn -0.9102 -0.4097 0.0605
vn -0.8921 -0.4505 -0.0355
vn -0.5781 -0.3771 0.7236
vn 0.9307 0.3659 -0.0005
vn -0.9008 0.3050 -0.3091
vn -0.9198 0.3091 -0.2416
vn -0.2025 -0.9307 -0.3047
vn 0.1925 -0.9700 -0.1482
vn 0.9803 -0.1972 0.0060
vn 0.9390 -0.3439 0.0096
vn -0.9435 0.2272 -0.2413
vn -0.9783 0.2021 -0.0449
vn -0.9978 0.0370 -0.0550
vn -0.9649 0.0041 -0.2626
vn -0.9880 -0.0039 0.1541
vn -0.6972 -0.4741 0.5378
vn -0.2331 -0.7390 0.6321
vn 0.5333 -0.7843 0.3169
vn 0.7042 -0.7093 0.0331
vn 0.9092 0.4163 -0.0041
vn 0.9832 0.1823 0.0043
vn -0.9842 -0.1647 -0.0653
vn 0.5852 -0.8101 -0.0350
vn 0.5603 -0.8266 -0.0540
vn 0.9335 -0.1216 -0.3374
vn 0.9229 -0.0596 -0.3804
vn 0.2584 -0.9620 -0.0882
vn 0.2798 0.9524 0.1208
vn 0.2592 0.9635 0.0662
vn 0.2585 0.9647 0.0505
vn 0.2859 0.9578 0.0304
vn 0.3483 0.9366 -0.0374
vn 0.5193 -0.8442 -0.1326
vn 0.7947 -0.0369 -0.6059
vn 0.1062 0.9713 -0.2129
vn -0.1317 0.9912 -0.0148
vn 0.6009 -0.7980 -0.0459
vn 0.6817 -0.3492 -0.6429
vn 0.2496 0.7602 -0.5999
vn -0.0008 0.9932 -0.1161
vn 0.4601 -0.8710 -0.1722
vn 0.5963 -0.5648 -0.5705
vn 0.4870 0.5825 -0.6508
vn 0.0660 0.9896 -0.1278
vn 0.6299 -0.7727 -0.0781
vn 0.8769 -0.4799 0.0256
vn 0.9578 0.2848 -0.0385
vn 0.4237 0.9003 -0.0998
vn -0.1940 0.9733 -0.1231
vn -0.6502 0.7363 -0.1873
vn -0.9360 0.2591 -0.2382
vn -0.9339 -0.2848 -0.2163
vn -0.6440 -0.7546 -0.1259
vn -0.1441 -0.9895 -0.0093
vn 0.4069 -0.9119 0.0535
vn -0.8952 0.4256 -0.1322
vn -0.3128 0.9489 -0.0423
vn -0.9595 -0.2463 -0.1369
vn -0.7214 -0.6851 -0.1011
vn -0.2118 -0.9762 -0.0459
vn 0.3548 -0.9334 0.0545
vn 0.8087 -0.5750 0.1241
vn 0.9858 0.1647 0.0312
vn 0.4996 0.8662 -0.0140
vn 0.0473 0.9988 0.0104
vn -0.9616 0.2509 -0.1111
vn -0.6063 0.7944 -0.0363
vn -0.8750 -0.4557 -0.1635
vn -0.4646 -0.8784 -0.1122
vn -0.0411 -0.9986 -0.0319
vn 0.4358 -0.8995 -0.0304
vn 0.9307 -0.3639 -0.0361
vn 0.9275 0.3736 0.0132
vn 0.5319 0.8461 0.0349
vn -0.0655 0.9978 0.0028
vn 0.9863 0.1496 -0.0691
vn 0.8180 0.5531 -0.1579
vn 0.9856 0.0733 -0.1525
vn 0.9253 -0.1187 -0.3603
vn 0.9584 -0.0228 -0.2846
vn 0.8104 0.5163 -0.2771
vn 0.9686 0.1610 -0.1896
vn 0.9315 0.2598 -0.2546
vn 0.9113 0.3446 -0.2252
vn 0.6454 0.6080 -0.4624
vn 0.7860 0.4839 -0.3848
vn 0.8489 0.2947 -0.4388
vn 0.8194 0.1769 -0.5453
vn 0.9597 0.2806 0.0164
vn 0.9245 0.3087 -0.2235
vn 0.9392 0.3400 -0.0484
vn 0.9022 0.4094 -0.1359
vn 0.1682 -0.9551 0.2438
vn -0.0760 -0.9392 0.3347
vn 0.1383 -0.9306 0.3390
vn 0.1638 -0.8452 0.5088
vn 0.1952 -0.8160 0.5441
vn 0.2342 -0.8129 0.5333
vn 0.2320 -0.8525 0.4684
vn 0.2123 -0.9038 0.3715
vn 0.8750 0.3846 -0.2942
vn 0.6003 0.7478 -0.2836
vn 0.4893 0.7475 -0.4492
vn 0.8684 -0.1740 -0.4643
vn 0.9784 0.0885 -0.1866
vn 0.2547 0.9614 -0.1042
vn 0.8955 0.1961 -0.3995
s 1
f 592//1 581//2 2//3
f 592//1 2//3 3//4
f 5//5 591//6 592//1
f 5//5 592//1 3//4
f 667//7 668//8 591//6
f 667//7 591//6 5//5
f 9//9 588//10 589//11
f 9//9 589//11 12//12
f 1082//13 588//10 9//9
f 1082//13 9//9 1074//14
f 15//15 585//16 586//17
f 15//15 586//17 18//18
f 19//19 584//20 585//16
f 19//19 585//16 15//15
f 657//21 658//22 584//20
f 657//21 584//20 19//19
f 582//23 583//24 22//25
f 582//23 22//25 24//26
f 2//3 581//2 582//23
f 2//3 582//23 24//26
f 2//3 25//27 26//28
f 2//3 26//28 3//4
f 1054//29 1055//30 27//31
f 1054//29 27//31 762//32
f 763//33 764//34 715//35
f 763//33 715//35 673//36
f 715//35 716//37 672//38
f 715//35 672//38 673//36
f 769//39 770//40 32//41
f 769//39 32//41 33//42
f 37//43 19//19 15//15
f 37//43 15//15 38//44
f 39//45 1056//46 1057//47
f 39//45 1057//47 575//48
f 39//45 27//31 1055//30
f 39//45 1055//30 1056//46
f 713//49 714//50 674//51
f 713//49 674//51 675//52
f 1018//53 1021//54 1019//55
f 1018//53 1019//55 44//56
f 976//57 981//58 979//59
f 976//57 979//59 48//60
f 949//61 951//62 946//63
f 949//61 946//63 52//64
f 53//65 869//66 1120//67
f 608//68 601//69 59//70
f 608//68 59//70 60//71
f 606//72 607//73 63//74
f 606//72 63//74 64//75
f 64//75 1040//76 1037//77
f 64//75 1037//77 606//72
f 67//78 1073//79 1074//14
f 67//78 1074//14 9//9
f 76//80 77//81 78//82
f 76//80 78//82 79//83
f 80//84 81//85 82//86
f 80//84 82//86 83//87
f 84//88 85//89 86//90
f 84//88 86//90 87//91
f 88//92 89//93 90//94
f 88//92 90//94 91//95
f 807//96 808//97 93//98
f 807//96 93//98 94//99
f 96//100 97//101 1226//102
f 96//100 1226//102 1217//103
f 100//104 101//105 1219//106
f 100//104 1219//106 1220//107
f 104//108 100//104 1220//107
f 104//108 1220//107 1221//109
f 106//110 107//111 1222//112
f 106//110 1222//112 1223//113
f 110//114 111//115 1196//116
f 110//114 1196//116 1187//117
f 114//118 110//114 1187//117
f 114//118 1187//117 1188//119
f 116//120 117//121 1189//122
f 116//120 1189//122 1190//123
f 120//124 121//125 1193//126
f 120//124 1193//126 1194//127
f 1256//128 1247//129 126//130
f 1256//128 126//130 127//131
f 1248//132 1249//133 130//134
f 1248//132 130//134 131//135
f 1249//133 1250//136 133//137
f 1249//133 133//137 130//134
f 1252//138 1253//139 136//140
f 1252//138 136//140 137//141
f 67//78 708//142 1072//143
f 67//78 1072//143 1073//79
f 872//144 873//145 144//146
f 872//144 144//146 688//147
f 146//148 147//149 148//150
f 146//148 148//150 149//151
f 150//152 151//153 152//154
f 150//152 152//154 153//155
f 154//156 150//152 153//155
f 154//156 153//155 155//157
f 156//158 157//159 158//160
f 156//158 158//160 159//161
f 160//162 161//163 162//164
f 160//162 162//164 163//165
f 164//166 160//162 163//165
f 164//166 163//165 165//167
f 166//168 804//169 805//170
f 166//168 805//170 169//171
f 170//172 171//173 172//174
f 170//172 172//174 173//175
f 809//176 810//177 175//178
f 809//176 175//178 176//179
f 178//180 179//181 180//182
f 178//180 180//182 181//183
f 182//184 183//185 184//186
f 182//184 184//186 185//187
f 186//188 182//184 185//187
f 186//188 185//187 187//189
f 16//190 551//191 540//192
f 16//190 540//192 17//193
f 550//194 551//191 16//190
f 550//194 16//190 20//195
f 20//195 659//196 660//197
f 20//195 660//197 550//194
f 21//198 23//199 548//200
f 21//198 548//200 549//201
f 23//199 1//202 547//203
f 23//199 547//203 548//200
f 1//202 4//204 546//205
f 1//202 546//205 547//203
f 4//204 6//206 545//207
f 4//204 545//207 546//205
f 669//208 670//209 545//207
f 669//208 545//207 6//206
f 188//210 973//211 969//212
f 188//210 969//212 191//213
f 192//214 193//215 194//216
f 192//214 194//216 195//217
f 196//218 197//219 198//220
f 196//218 198//220 199//221
f 197//219 200//222 201//223
f 197//219 201//223 198//220
f 202//224 203//225 1206//226
f 202//224 1206//226 1197//227
f 1203//228 1204//229 801//230
f 1203//228 801//230 207//231
f 210//232 211//233 1200//234
f 210//232 1200//234 1201//235
f 214//236 813//237 1198//238
f 214//236 1198//238 1199//239
f 609//240 610//241 611//242
f 609//240 611//242 612//243
f 618//244 619//245 620//246
f 618//244 620//246 621//247
f 636//248 637//249 638//250
f 636//248 638//250 639//251
f 627//252 628//253 629//254
f 627//252 629//254 630//255
f 1223//113 1224//256 850//257
f 1223//113 850//257 106//110
f 148//150 147//149 854//258
f 148//150 854//258 855//259
f 857//260 858//261 85//89
f 857//260 85//89 84//88
f 859//262 860//263 154//156
f 859//262 154//156 155//157
f 1218//264 1219//106 101//105
f 1218//264 101//105 864//265
f 824//266 825//267 192//214
f 824//266 192//214 195//217
f 158//160 157//159 829//268
f 158//160 829//268 830//269
f 832//270 833//271 88//92
f 832//270 88//92 91//95
f 834//272 835//273 164//166
f 834//272 164//166 165//167
f 201//223 200//222 839//274
f 201//223 839//274 840//275
f 211//233 214//236 1199//239
f 211//233 1199//239 1200//234
f 176//179 175//178 170//172
f 176//179 170//172 173//175
f 94//99 93//98 238//276
f 94//99 238//276 239//277
f 240//278 166//168 169//171
f 240//278 169//171 241//279
f 1202//280 1203//228 207//231
f 1202//280 207//231 243//281
f 1190//123 1191//282 776//283
f 1190//123 776//283 116//120
f 180//182 179//181 779//284
f 180//182 779//284 780//285
f 782//286 783//287 80//84
f 782//286 80//84 83//87
f 784//288 785//289 186//188
f 784//288 186//188 187//189
f 1195//290 1196//116 111//115
f 1195//290 111//115 788//291
f 846//292 926//293 917//294
f 846//292 917//294 252//295
f 923//296 924//297 256//298
f 923//296 256//298 257//299
f 258//300 921//301 922//302
f 258//300 922//302 868//303
f 920//304 921//301 258//300
f 920//304 258//300 261//305
f 919//306 920//304 261//305
f 919//306 261//305 263//307
f 917//294 918//308 265//309
f 917//294 265//309 252//295
f 266//310 267//311 268//312
f 266//310 268//312 269//313
f 861//314 862//315 268//312
f 861//314 268//312 267//311
f 271//316 956//317 953//318
f 271//316 953//318 270//319
f 852//320 853//321 275//322
f 852//320 275//322 276//323
f 275//322 278//324 279//325
f 275//322 279//325 276//323
f 280//326 266//310 269//313
f 280//326 269//313 281//327
f 1175//328 1176//329 823//330
f 1175//328 823//330 283//331
f 286//332 287//333 1168//334
f 286//332 1168//334 1169//335
f 1170//336 1171//337 291//338
f 1170//336 291//338 841//339
f 292//340 291//338 1171//337
f 292//340 1171//337 1172//341
f 294//342 292//340 1172//341
f 294//342 1172//341 1173//343
f 283//331 296//344 1174//345
f 283//331 1174//345 1175//328
f 298//346 299//347 300//348
f 298//346 300//348 301//349
f 836//350 837//351 300//348
f 836//350 300//348 299//347
f 303//352 304//353 937//354
f 303//352 937//354 941//355
f 827//356 828//357 307//358
f 827//356 307//358 308//359
f 307//358 310//360 311//361
f 307//358 311//361 308//359
f 312//362 298//346 301//349
f 312//362 301//349 313//363
f 1165//364 1166//365 798//366
f 1165//364 798//366 315//367
f 318//368 319//369 1158//370
f 318//368 1158//370 1159//371
f 322//372 816//373 1160//374
f 322//372 1160//374 1161//375
f 324//376 322//372 1161//375
f 324//376 1161//375 1162//377
f 326//378 324//376 1162//377
f 326//378 1162//377 1163//379
f 1164//380 1165//364 315//367
f 1164//380 315//367 328//381
f 330//382 331//383 332//384
f 330//382 332//384 333//385
f 331//383 811//386 812//387
f 331//383 812//387 332//384
f 334//388 989//389 985//390
f 334//388 985//390 335//391
f 802//392 803//393 339//394
f 802//392 339//394 340//395
f 342//396 340//395 339//394
f 342//396 339//394 343//397
f 344//398 330//382 333//385
f 344//398 333//385 345//399
f 772//400 1156//401 1147//402
f 772//400 1147//402 534//403
f 1153//404 1154//405 536//406
f 1153//404 536//406 537//407
f 538//408 1151//409 1152//410
f 538//408 1152//410 792//411
f 1150//412 1151//409 538//408
f 1150//412 538//408 539//413
f 1149//414 1150//412 539//413
f 1149//414 539//413 532//415
f 1147//402 1148//416 533//417
f 1147//402 533//417 534//403
f 354//418 355//419 356//420
f 354//418 356//420 357//421
f 786//422 787//423 356//420
f 786//422 356//420 355//419
f 359//424 1005//425 1001//426
f 359//424 1001//426 358//427
f 777//428 778//429 363//430
f 777//428 363//430 364//431
f 363//430 366//432 367//433
f 363//430 367//433 364//431
f 368//434 354//418 357//421
f 368//434 357//421 369//435
f 918//308 919//306 263//307
f 918//308 263//307 265//309
f 107//111 104//108 1221//109
f 107//111 1221//109 1222//112
f 278//324 280//326 281//327
f 278//324 281//327 279//325
f 149//151 152//154 151//153
f 149//151 151//153 146//148
f 370//436 84//88 87//91
f 370//436 87//91 371//437
f 856//438 857//260 84//88
f 856//438 84//88 370//436
f 614//439 613//440 610//241
f 614//439 610//241 609//240
f 274//441 959//442 952//443
f 274//441 952//443 272//444
f 1225//445 1226//102 97//101
f 1225//445 97//101 226//446
f 256//298 924//297 925//447
f 256//298 925//447 253//448
f 296//344 294//342 1173//343
f 296//344 1173//343 1174//345
f 193//215 196//218 199//221
f 193//215 199//221 194//216
f 310//360 312//362 313//363
f 310//360 313//363 311//361
f 159//161 162//164 161//163
f 159//161 161//163 156//158
f 91//95 90//94 373//449
f 91//95 373//449 374//450
f 831//451 832//270 91//95
f 831//451 91//95 374//450
f 623//452 622//453 619//245
f 623//452 619//245 618//244
f 940//454 944//455 306//456
f 940//454 306//456 309//457
f 232//458 972//459 968//460
f 232//458 968//460 189//461
f 1167//462 1168//334 287//333
f 1167//462 287//333 282//463
f 328//381 326//378 1163//379
f 328//381 1163//379 1164//380
f 243//281 210//232 1201//235
f 243//281 1201//235 1202//280
f 343//397 344//398 345//399
f 343//397 345//399 342//396
f 241//279 172//174 171//173
f 241//279 171//173 240//278
f 376//464 94//99 239//277
f 376//464 239//277 377//465
f 806//466 807//96 94//99
f 806//466 94//99 376//464
f 632//467 631//468 628//253
f 632//467 628//253 627//252
f 338//469 988//470 984//471
f 338//469 984//471 336//472
f 1205//473 1206//226 203//225
f 1205//473 203//225 206//474
f 1157//475 1158//370 319//369
f 1157//475 319//369 314//476
f 1148//416 1149//414 532//415
f 1148//416 532//415 533//417
f 117//121 114//118 1188//119
f 117//121 1188//119 1189//122
f 366//432 368//434 369//435
f 366//432 369//435 367//433
f 181//183 184//186 183//185
f 181//183 183//185 178//180
f 83//87 82//86 379//477
f 83//87 379//477 380//478
f 781//479 782//286 83//87
f 781//479 83//87 380//478
f 641//480 640//481 637//249
f 641//480 637//249 636//248
f 362//482 1004//483 1000//484
f 362//482 1000//484 360//485
f 1192//486 1193//126 121//125
f 1192//486 121//125 244//487
f 536//406 1154//405 1155//488
f 536//406 1155//488 535//489
f 153//155 152//154 87//91
f 153//155 87//91 86//90
f 155//157 153//155 86//90
f 155//157 86//90 85//89
f 858//261 859//262 155//157
f 858//261 155//157 85//89
f 615//490 609//240 612//243
f 615//490 612//243 616//491
f 617//492 614//439 609//240
f 617//492 609//240 615//490
f 370//436 148//150 855//259
f 370//436 855//259 856//438
f 149//151 148//150 370//436
f 149//151 370//436 371//437
f 87//91 152//154 149//151
f 87//91 149//151 371//437
f 163//165 162//164 90//94
f 163//165 90//94 89//93
f 165//167 163//165 89//93
f 165//167 89//93 88//92
f 833//271 834//272 165//167
f 833//271 165//167 88//92
f 624//493 618//244 621//247
f 624//493 621//247 625//494
f 626//495 623//452 618//244
f 626//495 618//244 624//493
f 374//450 158//160 830//269
f 374//450 830//269 831//451
f 159//161 158//160 374//450
f 159//161 374//450 373//449
f 90//94 162//164 159//161
f 90//94 159//161 373//449
f 173//175 172//174 239//277
f 173//175 239//277 238//276
f 93//98 176//179 173//175
f 93//98 173//175 238//276
f 808//97 809//176 176//179
f 808//97 176//179 93//98
f 633//496 627//252 630//255
f 633//496 630//255 634//497
f 635//498 632//467 627//252
f 635//498 627//252 633//496
f 169//171 805//170 806//466
f 169//171 806//466 376//464
f 241//279 169//171 376//464
f 241//279 376//464 377//465
f 239//277 172//174 241//279
f 239//277 241//279 377//465
f 185//187 184//186 82//86
f 185//187 82//86 81//85
f 187//189 185//187 81//85
f 187//189 81//85 80//84
f 783//287 784//288 187//189
f 783//287 187//189 80//84
f 642//499 636//248 639//251
f 642//499 639//251 643//500
f 644//501 641//480 636//248
f 644//501 636//248 642//499
f 380//478 180//182 780//285
f 380//478 780//285 781//479
f 181//183 180//182 380//478
f 181//183 380//478 379//477
f 82//86 184//186 181//183
f 82//86 181//183 379//477
f 357//421 356//420 111//115
f 357//421 111//115 110//114
f 787//423 788//291 111//115
f 787//423 111//115 356//420
f 120//124 1006//502 1002//503
f 120//124 1002//503 121//125
f 244//487 1007//504 1003//505
f 244//487 1003//505 365//506
f 776//283 777//428 364//431
f 776//283 364//431 116//120
f 364//431 367//433 117//121
f 364//431 117//121 116//120
f 367//433 369//435 114//118
f 367//433 114//118 117//121
f 369//435 357//421 110//114
f 369//435 110//114 114//118
f 182//184 186//188 355//419
f 182//184 355//419 354//418
f 785//289 786//422 355//419
f 785//289 355//419 186//188
f 223//507 222//508 360//485
f 223//507 360//485 359//424
f 362//482 360//485 222//508
f 362//482 222//508 246//509
f 778//429 779//284 179//181
f 778//429 179//181 363//430
f 179//181 178//180 366//432
f 179//181 366//432 363//430
f 178//180 183//185 368//434
f 178//180 368//434 366//432
f 183//185 182//184 354//418
f 183//185 354//418 368//434
f 333//385 332//384 214//236
f 333//385 214//236 211//233
f 332//384 812//387 813//237
f 332//384 813//237 214//236
f 202//224 990//510 986//511
f 202//224 986//511 203//225
f 206//474 991//512 987//513
f 206//474 987//513 341//514
f 801//230 802//392 340//395
f 801//230 340//395 207//231
f 243//281 207//231 340//395
f 243//281 340//395 342//396
f 342//396 345//399 210//232
f 342//396 210//232 243//281
f 345//399 333//385 211//233
f 345//399 211//233 210//232
f 1237//515 1238//516 331//383
f 1237//515 331//383 330//382
f 1238//516 1239//517 811//386
f 1238//516 811//386 331//383
f 1240//518 1241//519 336//472
f 1240//518 336//472 334//388
f 338//469 336//472 1241//519
f 338//469 1241//519 1242//520
f 803//393 1243//521 1244//522
f 803//393 1244//522 339//394
f 343//397 339//394 1244//522
f 343//397 1244//522 1245//523
f 1245//523 1246//524 344//398
f 1245//523 344//398 343//397
f 1246//524 1237//515 330//382
f 1246//524 330//382 344//398
f 382//525 383//526 208//527
f 382//525 208//527 242//528
f 799//529 800//530 208//527
f 799//529 208//527 383//526
f 209//531 996//532 992//533
f 209//531 992//533 204//534
f 205//535 997//536 993//537
f 205//535 993//537 386//538
f 215//539 814//540 815//541
f 215//539 815//541 387//542
f 212//543 215//539 387//542
f 212//543 387//542 388//544
f 213//545 212//543 388//544
f 213//545 388//544 389//546
f 242//528 213//545 389//546
f 242//528 389//546 382//525
f 388//544 387//542 322//372
f 388//544 322//372 324//376
f 387//542 815//541 816//373
f 387//542 816//373 322//372
f 318//368 998//547 994//548
f 318//368 994//548 319//369
f 314//476 999//549 995//550
f 314//476 995//550 384//551
f 798//366 799//529 383//526
f 798//366 383//526 315//367
f 328//381 315//367 383//526
f 328//381 383//526 382//525
f 382//525 389//546 326//378
f 382//525 326//378 328//381
f 389//546 388//544 324//376
f 389//546 324//376 326//378
f 198//220 201//223 291//338
f 198//220 291//338 292//340
f 840//275 841//339 291//338
f 840//275 291//338 201//223
f 286//332 974//552 970//553
f 286//332 970//553 287//333
f 282//463 975//554 971//555
f 282//463 971//555 233//556
f 823//330 824//266 195//217
f 823//330 195//217 283//331
f 195//217 194//216 296//344
f 195//217 296//344 283//331
f 194//216 199//221 294//342
f 194//216 294//342 296//344
f 199//221 198//220 292//340
f 199//221 292//340 294//342
f 1207//557 1208//558 200//222
f 1207//557 200//222 197//219
f 1208//558 1209//559 839//274
f 1208//558 839//274 200//222
f 1210//560 1211//561 189//461
f 1210//560 189//461 188//210
f 232//458 189//461 1211//561
f 232//458 1211//561 1212//562
f 825//267 1213//563 1214//564
f 825//267 1214//564 192//214
f 1214//564 1215//565 193//215
f 1214//564 193//215 192//214
f 1215//565 1216//566 196//218
f 1215//565 196//218 193//215
f 1216//566 1207//557 197//219
f 1216//566 197//219 196//218
f 301//349 300//348 391//567
f 301//349 391//567 390//568
f 837//351 838//569 391//567
f 837//351 391//567 300//348
f 302//570 938//571 942//572
f 302//570 942//572 392//573
f 394//574 393//575 939//576
f 394//574 939//576 943//577
f 826//578 827//356 308//359
f 826//578 308//359 395//579
f 308//359 311//361 396//580
f 308//359 396//580 395//579
f 311//361 313//363 397//581
f 311//361 397//581 396//580
f 313//363 301//349 390//568
f 313//363 390//568 397//581
f 1227//582 1228//583 299//347
f 1227//582 299//347 298//346
f 1228//583 1229//584 836//350
f 1228//583 836//350 299//347
f 1230//585 1231//586 304//353
f 1230//585 304//353 303//352
f 306//456 304//353 1231//586
f 306//456 1231//586 1232//587
f 828//357 1233//588 1234//589
f 828//357 1234//589 307//358
f 1234//589 1235//590 310//360
f 1234//589 310//360 307//358
f 1235//590 1236//591 312//362
f 1235//590 312//362 310//360
f 1236//591 1227//582 298//346
f 1236//591 298//346 312//362
f 398//592 399//593 101//105
f 398//592 101//105 100//104
f 863//594 864//265 101//105
f 863//594 101//105 399//593
f 400//595 401//596 97//101
f 400//595 97//101 96//100
f 226//446 97//101 401//596
f 226//446 401//596 402//597
f 850//257 851//598 403//599
f 850//257 403//599 106//110
f 403//599 404//600 107//111
f 403//599 107//111 106//110
f 404//600 405//601 104//108
f 404//600 104//108 107//111
f 405//601 398//592 100//104
f 405//601 100//104 104//108
f 103//602 102//603 406//604
f 103//602 406//604 407//605
f 865//606 866//607 406//604
f 865//606 406//604 102//603
f 99//608 965//609 961//610
f 99//608 961//610 408//611
f 227//612 964//613 960//614
f 227//612 960//614 98//615
f 848//616 849//617 109//618
f 848//616 109//618 411//619
f 109//618 108//620 412//621
f 109//618 412//621 411//619
f 108//620 105//622 413//623
f 108//620 413//623 412//621
f 105//622 103//602 407//605
f 105//622 407//605 413//623
f 269//313 268//312 399//593
f 269//313 399//593 398//592
f 862//315 863//594 399//593
f 862//315 399//593 268//312
f 400//595 957//624 954//625
f 400//595 954//625 401//596
f 402//597 958//626 955//627
f 402//597 955//627 277//628
f 851//598 852//320 276//323
f 851//598 276//323 403//599
f 276//323 279//325 404//600
f 276//323 404//600 403//599
f 279//325 281//327 405//601
f 279//325 405//601 404//600
f 281//327 269//313 398//592
f 281//327 398//592 405//601
f 150//152 154//156 267//311
f 150//152 267//311 266//310
f 860//263 861//314 267//311
f 860//263 267//311 154//156
f 217//629 216//630 272//444
f 217//629 272//444 271//316
f 274//441 272//444 216//630
f 274//441 216//630 228//631
f 853//321 854//258 147//149
f 853//321 147//149 275//322
f 147//149 146//148 278//324
f 147//149 278//324 275//322
f 146//148 151//153 280//326
f 146//148 280//326 278//324
f 151//153 150//152 266//310
f 151//153 266//310 280//326
f 119//632 118//633 414//634
f 119//632 414//634 415//635
f 774//636 775//637 119//632
f 774//636 119//632 415//635
f 245//638 1012//639 1008//640
f 245//638 1008//640 122//641
f 123//642 1013//643 1009//644
f 123//642 1009//644 418//645
f 419//646 112//647 789//648
f 419//646 789//648 790//649
f 113//650 112//647 419//646
f 113//650 419//646 420//651
f 115//652 113//650 420//651
f 115//652 420//651 421//653
f 118//633 115//652 421//653
f 118//633 421//653 414//634
f 420//651 419//646 350//654
f 420//651 350//654 351//655
f 790//649 791//656 350//654
f 790//649 350//654 419//646
f 348//657 1014//658 1010//659
f 348//657 1010//659 349//660
f 346//661 1015//662 1011//663
f 346//661 1011//663 416//664
f 773//665 774//636 415//635
f 773//665 415//635 347//666
f 415//635 414//634 353//667
f 415//635 353//667 347//666
f 414//634 421//653 352//668
f 414//634 352//668 353//667
f 421//653 420//651 351//655
f 421//653 351//655 352//668
f 905//669 906//670 818//671
f 905//669 818//671 431//672
f 904//673 905//669 431//672
f 904//673 431//672 432//674
f 903//675 904//673 432//674
f 903//675 432//674 433//676
f 902//677 903//675 433//676
f 902//677 433//676 434//678
f 435//679 901//680 902//677
f 435//679 902//677 434//678
f 796//681 900//682 901//680
f 796//681 901//680 435//679
f 437//683 898//684 899//685
f 437//683 899//685 436//686
f 897//687 898//684 437//683
f 897//687 437//683 430//688
f 916//689 907//690 290//691
f 916//689 290//691 842//692
f 293//693 290//691 907//690
f 293//693 907//690 908//694
f 295//695 293//693 908//694
f 295//695 908//694 909//696
f 297//697 295//695 909//696
f 297//697 909//696 910//698
f 284//699 297//697 910//698
f 284//699 910//698 911//700
f 911//700 912//701 822//702
f 911//700 822//702 284//699
f 913//703 914//704 288//705
f 913//703 288//705 285//706
f 289//707 288//705 914//704
f 289//707 914//704 915//708
f 411//619 412//621 264//709
f 411//619 264//709 251//710
f 412//621 413//623 262//711
f 412//621 262//711 264//709
f 413//623 407//605 260//712
f 413//623 260//712 262//711
f 407//605 406//604 259//713
f 407//605 259//713 260//712
f 866//607 867//714 259//713
f 866//607 259//713 406//604
f 254//715 966//716 962//717
f 254//715 962//717 255//718
f 250//719 967//720 963//721
f 250//719 963//721 410//722
f 847//723 848//616 411//619
f 847//723 411//619 251//710
f 601//69 602//724 447//725
f 601//69 447//725 59//70
f 448//726 136//140 1253//139
f 448//726 1253//139 1254//727
f 450//728 451//729 77//81
f 450//728 77//81 76//80
f 1247//129 1248//132 131//135
f 1247//129 131//135 126//130
f 453//730 1041//731 1039//732
f 453//730 1039//732 66//733
f 1077//734 1078//735 710//736
f 1077//734 710//736 455//737
f 1076//738 1077//734 455//737
f 1076//738 455//737 18//18
f 586//17 587//739 1075//740
f 586//17 1075//740 1083//741
f 456//742 457//743 458//744
f 456//742 458//744 459//745
f 460//746 461//747 462//748
f 460//746 462//748 463//749
f 645//750 646//751 647//752
f 645//750 647//752 648//753
f 646//751 649//754 650//755
f 646//751 650//755 647//752
f 464//756 466//757 467//758
f 464//756 467//758 465//759
f 468//760 456//742 459//745
f 468//760 459//745 469//761
f 1093//762 1084//763 470//764
f 1093//762 470//764 471//765
f 1092//766 1093//762 471//765
f 1092//766 471//765 472//767
f 1089//768 1090//769 473//770
f 1089//768 473//770 474//771
f 1088//772 1089//768 474//771
f 1088//772 474//771 475//773
f 1087//774 1088//772 475//773
f 1087//774 475//773 476//775
f 1086//776 1087//774 476//775
f 1086//776 476//775 478//777
f 894//778 895//779 608//68
f 894//778 608//68 60//71
f 893//780 1091//781 1092//766
f 893//780 1092//766 472//767
f 889//782 1251//783 1252//138
f 889//782 1252//138 137//141
f 457//743 887//784 888//785
f 457//743 888//785 458//744
f 479//786 885//787 886//788
f 479//786 886//788 480//789
f 481//790 884//791 885//787
f 481//790 885//787 479//786
f 882//792 883//793 468//760
f 882//792 468//760 469//761
f 1254//727 1255//794 881//795
f 1254//727 881//795 448//726
f 1084//763 1085//796 877//797
f 1084//763 877//797 470//764
f 457//743 456//742 479//786
f 457//743 479//786 480//789
f 886//788 887//784 457//743
f 886//788 457//743 480//789
f 461//747 460//746 79//83
f 461//747 79//83 78//82
f 646//751 645//750 651//798
f 646//751 651//798 652//799
f 649//754 646//751 652//799
f 649//754 652//799 653//800
f 466//757 464//756 451//729
f 466//757 451//729 450//728
f 468//760 883//793 884//791
f 468//760 884//791 481//790
f 479//786 456//742 468//760
f 479//786 468//760 481//790
f 482//801 878//802 879//803
f 482//801 879//803 598//804
f 483//805 484//806 596//807
f 483//805 596//807 597//808
f 1063//809 1066//810 1064//811
f 1063//809 1064//811 595//812
f 1064//811 1065//813 1061//814
f 1064//811 1061//814 595//812
f 486//815 487//816 593//817
f 486//815 593//817 594//818
f 600//819 891//820 892//821
f 600//819 892//821 488//822
f 488//822 489//823 599//824
f 488//822 599//824 600//819
f 598//804 599//824 489//823
f 598//804 489//823 482//801
f 455//737 38//44 15//15
f 455//737 15//15 18//18
f 453//730 477//825 603//826
f 453//730 603//826 604//827
f 12//12 589//11 590//828
f 12//12 590//828 8//829
f 544//830 7//831 11//832
f 544//830 11//832 543//833
f 452//834 490//835 491//836
f 452//834 491//836 454//837
f 454//837 1080//838 1081//839
f 454//837 1081//839 452//834
f 1069//840 1070//841 138//842
f 1069//840 138//842 61//843
f 138//842 140//844 62//845
f 138//842 62//845 61//843
f 721//846 896//847 62//845
f 721//846 62//845 140//844
f 142//848 141//849 58//850
f 142//848 58//850 57//851
f 875//852 876//853 447//725
f 875//852 447//725 602//724
f 144//146 446//854 58//850
f 144//146 58//850 141//849
f 446//854 144//146 873//145
f 446//854 873//145 874//855
f 491//836 490//835 143//856
f 491//836 143//856 145//857
f 482//801 489//823 1257//858
f 482//801 1257//858 1258//859
f 1258//859 1259//860 878//802
f 1258//859 878//802 482//801
f 1260//861 1261//862 484//806
f 1260//861 484//806 483//805
f 1261//862 1262//863 485//864
f 1261//862 485//864 484//806
f 1262//863 1263//865 486//815
f 1262//863 486//815 485//864
f 1263//865 1264//866 487//816
f 1263//865 487//816 486//815
f 488//822 892//821 1265//867
f 488//822 1265//867 1266//868
f 1266//868 1257//858 489//823
f 1266//868 489//823 488//822
f 469//761 459//745 136//140
f 469//761 136//140 448//726
f 881//795 882//792 469//761
f 881//795 469//761 448//726
f 465//759 467//758 127//131
f 465//759 127//131 126//130
f 647//752 650//755 654//869
f 647//752 654//869 655//870
f 648//753 647//752 655//870
f 648//753 655//870 656//871
f 463//749 462//748 130//134
f 463//749 130//134 133//137
f 458//744 888//785 889//782
f 458//744 889//782 137//141
f 459//745 458//744 137//141
f 459//745 137//141 136//140
f 17//193 540//192 541//872
f 17//193 541//872 13//873
f 492//874 38//44 455//737
f 492//874 455//737 710//736
f 10//875 13//873 541//872
f 10//875 541//872 542//876
f 10//875 542//876 543//833
f 10//875 543//833 11//832
f 258//300 53//65 494//877
f 258//300 494//877 261//305
f 53//65 258//300 868//303
f 53//65 868//303 869//66
f 945//878 950//879 949//61
f 945//878 949//61 52//64
f 495//880 1112//881 1113//882
f 495//880 1113//882 50//883
f 496//884 263//307 261//305
f 496//884 261//305 494//877
f 497//885 265//309 263//307
f 497//885 263//307 496//884
f 679//886 688//147 144//146
f 679//886 144//146 141//849
f 743//887 744//888 679//886
f 743//887 679//886 680//889
f 56//890 498//891 494//877
f 56//890 494//877 53//65
f 500//892 441//893 440//894
f 500//892 440//894 501//895
f 502//896 442//897 441//893
f 502//896 441//893 500//892
f 442//897 502//896 503//898
f 442//897 503//898 443//899
f 504//900 503//898 502//896
f 504//900 502//896 505//901
f 431//672 504//900 505//901
f 431//672 505//901 432//674
f 820//902 821//903 443//899
f 820//902 443//899 503//898
f 503//898 504//900 819//904
f 503//898 819//904 820//902
f 504//900 431//672 818//671
f 504//900 818//671 819//904
f 795//905 796//681 435//679
f 795//905 435//679 507//906
f 507//906 435//679 434//678
f 507//906 434//678 508//907
f 509//908 507//906 508//907
f 509//908 508//907 510//909
f 794//910 795//905 507//906
f 794//910 507//906 509//908
f 422//911 509//908 510//909
f 422//911 510//909 424//912
f 793//913 794//910 509//908
f 793//913 509//908 422//911
f 432//674 505//901 512//914
f 432//674 512//914 433//676
f 433//676 512//914 508//907
f 433//676 508//907 434//678
f 424//912 510//909 513//915
f 424//912 513//915 425//916
f 425//916 513//915 35//917
f 425//916 35//917 426//918
f 1128//919 1132//920 1129//921
f 1128//919 1129//921 514//922
f 1129//921 1131//923 1130//924
f 1129//921 1130//924 514//922
f 1122//925 1125//926 1123//927
f 1122//925 1123//927 41//928
f 770//40 1134//929 32//41
f 426//918 35//917 32//41
f 426//918 32//41 427//930
f 1121//931 1124//932 1122//925
f 1121//931 1122//925 41//928
f 444//933 1108//934 1106//935
f 444//933 1106//935 445//936
f 495//880 439//937 1109//938
f 495//880 1109//938 1107//939
f 257//299 1117//940 1116//941
f 257//299 1116//941 54//942
f 497//885 515//943 252//295
f 497//885 252//295 265//309
f 845//944 846//292 252//295
f 845//944 252//295 515//943
f 440//894 438//945 516//946
f 440//894 516//946 501//895
f 843//947 844//948 516//946
f 843//947 516//946 438//945
f 501//895 516//946 515//943
f 501//895 515//943 497//885
f 844//948 845//944 515//943
f 844//948 515//943 516//946
f 1017//949 1022//950 1018//53
f 1017//949 1018//53 44//56
f 43//951 1126//952 1127//953
f 43//951 1127//953 1030//954
f 1025//955 1029//956 1026//957
f 1025//955 1026//957 517//958
f 1024//959 1028//960 1025//955
f 1024//959 1025//955 517//958
f 498//891 499//961 496//884
f 498//891 496//884 494//877
f 499//961 518//962 497//885
f 499//961 497//885 496//884
f 518//962 519//963 500//892
f 518//962 500//892 501//895
f 501//895 497//885 518//962
f 502//896 500//892 519//963
f 502//896 519//963 520//964
f 505//901 502//896 520//964
f 520//964 521//965 512//914
f 520//964 512//914 505//901
f 521//965 522//966 508//907
f 521//965 508//907 512//914
f 522//966 510//909 508//907
f 680//889 681//967 742//968
f 680//889 742//968 743//887
f 767//969 768//970 735//971
f 767//969 735//971 690//972
f 765//973 766//974 525//975
f 765//973 525//975 28//976
f 36//977 33//42 32//41
f 36//977 32//41 35//917
f 522//966 523//978 513//915
f 522//966 513//915 510//909
f 523//978 36//977 35//917
f 523//978 35//917 513//915
f 735//971 736//979 687//980
f 735//971 687//980 690//972
f 526//981 30//982 28//976
f 526//981 28//976 525//975
f 681//967 682//983 741//984
f 681//967 741//984 742//968
f 683//985 684//986 739//987
f 683//985 739//987 740//988
f 740//988 741//984 682//983
f 740//988 682//983 683//985
f 686//989 687//980 736//979
f 686//989 736//979 737//990
f 684//986 685//991 738//992
f 684//986 738//992 739//987
f 737//990 738//992 685//991
f 737//990 685//991 686//989
f 67//78 9//9 12//12
f 67//78 12//12 75//993
f 75//993 707//994 708//142
f 75//993 708//142 67//78
f 72//995 141//849 142//848
f 72//995 142//848 71//996
f 706//997 707//994 75//993
f 706//997 75//993 74//998
f 74//998 75//993 12//12
f 74//998 12//12 8//829
f 73//999 5//5 3//4
f 73//999 3//4 26//28
f 666//1000 667//7 5//5
f 666//1000 5//5 73//999
f 671//1001 672//38 716//37
f 671//1001 716//37 717//1002
f 526//981 531//1003 527//1004
f 526//981 527//1004 30//982
f 426//918 533//417 532//415
f 426//918 532//415 425//916
f 427//930 534//403 533//417
f 427//930 533//417 426//918
f 771//1005 772//400 534//403
f 771//1005 534//403 427//930
f 429//1006 536//406 535//489
f 429//1006 535//489 428//1007
f 537//407 536//406 429//1006
f 537//407 429//1006 423//1008
f 538//408 792//411 793//913
f 538//408 793//913 422//911
f 539//413 538//408 422//911
f 539//413 422//911 424//912
f 532//415 539//413 424//912
f 532//415 424//912 425//916
f 540//192 1094//1009 1095//1010
f 540//192 1095//1010 541//872
f 542//876 541//872 1095//1010
f 542//876 1095//1010 1096//1011
f 543//833 542//876 1096//1011
f 543//833 1096//1011 1097//1012
f 1097//1012 1098//1013 544//830
f 1097//1012 544//830 543//833
f 545//207 670//209 1100//1014
f 545//207 1100//1014 1101//1015
f 546//205 545//207 1101//1015
f 546//205 1101//1015 1102//1016
f 547//203 546//205 1102//1016
f 1103//1017 1104//1018 551//191
f 1103//1017 551//191 550//194
f 540//192 551//191 1104//1018
f 540//192 1104//1018 1094//1009
f 70//1019 69//1020 553//1021
f 70//1019 553//1021 552//1022
f 553//1021 69//1020 72//995
f 553//1021 72//995 71//996
f 554//1023 530//1024 529//1025
f 554//1023 529//1025 555//1026
f 554//1023 527//1004 531//1003
f 554//1023 531//1003 530//1024
f 528//1027 70//1019 552//1022
f 528//1027 552//1022 556//1028
f 529//1025 528//1027 556//1028
f 529//1025 556//1028 555//1026
f 557//1029 666//1000 73//999
f 557//1029 73//999 671//1001
f 556//1028 552//1022 558//1030
f 556//1028 558//1030 560//1031
f 559//1032 557//1029 718//1033
f 559//1032 718//1033 719//1034
f 1027//1035 1036//1036 692//1037
f 1027//1035 692//1037 733//1038
f 1023//1039 1035//1040 693//1041
f 1023//1039 693//1041 732//1042
f 1020//1043 1034//1044 694//1045
f 1020//1043 694//1045 731//1046
f 1016//1047 1033//1048 695//1049
f 1016//1047 695//1049 730//1050
f 980//1051 1032//1052 696//1053
f 980//1051 696//1053 729//1054
f 978//1055 1031//1056 697//1057
f 978//1055 697//1057 728//1058
f 697//1057 698//1059 727//1060
f 697//1057 727//1060 948//1061
f 29//1062 40//1063 561//1064
f 29//1062 561//1064 524//1065
f 698//1059 699//1066 726//1067
f 698//1059 726//1067 727//1060
f 563//1068 562//1069 571//1070
f 563//1068 571//1070 569//1071
f 562//1069 561//1064 40//1063
f 562//1069 40//1063 571//1070
f 145//857 143//856 689//1072
f 145//857 689//1072 568//1073
f 1046//1074 1047//1075 493//1076
f 1046//1074 493//1076 492//874
f 493//1076 1047//1075 1048//1077
f 493//1076 1048//1077 573//1078
f 712//1079 713//49 675//52
f 712//1079 675//52 676//1080
f 574//1081 37//43 38//44
f 574//1081 38//44 576//1082
f 578//1083 579//1084 572//1085
f 578//1083 572//1085 570//1086
f 570//1086 1051//1087 1052//1088
f 570//1086 1052//1088 578//1083
f 574//1081 576//1082 579//1084
f 574//1081 579//1084 578//1083
f 565//1089 564//1090 1051//1087
f 565//1089 1051//1087 570//1086
f 570//1086 572//1085 580//1091
f 570//1086 580//1091 565//1089
f 580//1091 572//1085 567//1092
f 580//1091 567//1092 566//1093
f 581//2 746//1094 747//1095
f 581//2 747//1095 582//23
f 747//1095 748//1096 583//24
f 747//1095 583//24 582//23
f 658//22 750//1097 751//1098
f 658//22 751//1098 584//20
f 585//16 584//20 751//1098
f 585//16 751//1098 752//1099
f 586//17 585//16 752//1099
f 586//17 752//1099 753//1100
f 753//1100 754//1101 587//739
f 753//1100 587//739 586//17
f 754//1101 755//1102 588//10
f 754//1101 588//10 587//739
f 589//11 588//10 755//1102
f 589//11 755//1102 756//1103
f 590//828 589//11 756//1103
f 590//828 756//1103 757//1104
f 668//8 759//1105 760//1106
f 668//8 760//1106 591//6
f 592//1 591//6 760//1106
f 592//1 760//1106 761//1107
f 761//1107 746//1094 581//2
f 761//1107 581//2 592//1
f 594//818 593//817 132//1108
f 594//818 132//1108 129//1109
f 595//812 1061//814 1068//1110
f 595//812 1068//1110 1062//1111
f 1062//1111 1067//1112 1063//809
f 1062//1111 1063//809 595//812
f 597//808 596//807 125//1113
f 597//808 125//1113 124//1114
f 598//804 879//803 880//1115
f 598//804 880//1115 449//1116
f 449//1116 135//1117 599//824
f 449//1116 599//824 598//804
f 600//819 599//824 135//1117
f 600//819 135//1117 134//1118
f 134//1118 890//1119 891//820
f 134//1118 891//820 600//819
f 58//850 446//854 602//724
f 58//850 602//724 601//69
f 874//855 875//852 602//724
f 874//855 602//724 446//854
f 604//827 603//826 490//835
f 604//827 490//835 452//834
f 1038//1120 604//827 452//834
f 1038//1120 452//834 1081//839
f 1037//77 1069//840 61//843
f 1037//77 61//843 606//72
f 61//843 62//845 607//73
f 61//843 607//73 606//72
f 608//68 895//779 896//847
f 608//68 896//847 57//851
f 57//851 58//850 601//69
f 57//851 601//69 608//68
f 216//630 217//629 611//242
f 216//630 611//242 610//241
f 217//629 218//1121 612//243
f 217//629 612//243 611//242
f 229//1122 228//631 613//440
f 229//1122 613//440 614//439
f 228//631 216//630 610//241
f 228//631 610//241 613//440
f 218//1121 231//1123 616//491
f 218//1121 616//491 612//243
f 231//1123 230//1124 615//490
f 231//1123 615//490 616//491
f 372//1125 229//1122 614//439
f 372//1125 614//439 617//492
f 230//1124 372//1125 617//492
f 230//1124 617//492 615//490
f 219//1126 220//1127 620//246
f 219//1126 620//246 619//245
f 220//1127 221//1128 621//247
f 220//1127 621//247 620//246
f 235//1129 234//1130 622//453
f 235//1129 622//453 623//452
f 234//1130 219//1126 619//245
f 234//1130 619//245 622//453
f 221//1128 236//1131 625//494
f 221//1128 625//494 621//247
f 236//1131 237//1132 624//493
f 236//1131 624//493 625//494
f 375//1133 235//1129 623//452
f 375//1133 623//452 626//495
f 237//1132 375//1133 626//495
f 237//1132 626//495 624//493
f 225//1134 174//1135 629//254
f 225//1134 629//254 628//253
f 174//1135 177//1136 630//255
f 174//1135 630//255 629//254
f 168//1137 167//1138 631//468
f 168//1137 631//468 632//467
f 167//1138 225//1134 628//253
f 167//1138 628//253 631//468
f 177//1136 92//1139 634//497
f 177//1136 634//497 630//255
f 92//1139 95//1140 633//496
f 92//1139 633//496 634//497
f 378//1141 168//1137 632//467
f 378//1141 632//467 635//498
f 95//1140 378//1141 635//498
f 95//1140 635//498 633//496
f 222//508 223//507 638//250
f 222//508 638//250 637//249
f 223//507 224//1142 639//251
f 223//507 639//251 638//250
f 247//1143 246//509 640//481
f 247//1143 640//481 641//480
f 246//509 222//508 637//249
f 246//509 637//249 640//481
f 224//1142 248//1144 643//500
f 224//1142 643//500 639//251
f 248//1144 249//1145 642//499
f 248//1144 642//499 643//500
f 381//1146 247//1143 641//480
f 381//1146 641//480 644//501
f 249//1145 381//1146 644//501
f 249//1145 644//501 642//499
f 462//748 461//747 645//750
f 462//748 645//750 648//753
f 464//756 465//759 650//755
f 464//756 650//755 649//754
f 461//747 78//82 651//798
f 461//747 651//798 645//750
f 78//82 77//81 652//799
f 78//82 652//799 651//798
f 77//81 451//729 653//800
f 77//81 653//800 652//799
f 451//729 464//756 649//754
f 451//729 649//754 653//800
f 465//759 126//130 654//869
f 465//759 654//869 650//755
f 126//130 131//135 655//870
f 126//130 655//870 654//869
f 131//135 130//134 656//871
f 131//135 656//871 655//870
f 130//134 462//748 648//753
f 130//134 648//753 656//871
f 661//1147 662//1148 658//22
f 661//1147 658//22 657//21
f 662//1148 749//1149 750//1097
f 662//1148 750//1097 658//22
f 660//197 659//196 663//1150
f 660//197 663//1150 664//1151
f 583//24 662//1148 661//1147
f 583//24 661//1147 22//25
f 748//1096 749//1149 662//1148
f 748//1096 662//1148 583//24
f 664//1151 663//1150 21//198
f 664//1151 21//198 549//201
f 575//48 1057//47 1058//1152
f 575//48 1058//1152 665//1153
f 37//43 1059//1154 1060//1155
f 37//43 1060//1155 19//19
f 700//1156 701//1157 667//7
f 700//1156 667//7 666//1000
f 701//1157 702//1158 668//8
f 701//1157 668//8 667//7
f 702//1158 758//1159 759//1105
f 702//1158 759//1105 668//8
f 703//1160 704//1161 670//209
f 703//1160 670//209 669//208
f 1099//1162 1100//1014 670//209
f 1099//1162 670//209 704//1161
f 575//48 665//1153 711//1163
f 575//48 711//1163 676//1080
f 26//28 672//38 671//1001
f 26//28 671//1001 73//999
f 673//36 672//38 26//28
f 673//36 26//28 25//27
f 762//32 763//33 673//36
f 762//32 673//36 25//27
f 675//52 674//51 27//31
f 675//52 27//31 39//45
f 676//1080 675//52 39//45
f 676//1080 39//45 575//48
f 557//1029 671//1001 717//1002
f 557//1029 717//1002 718//1033
f 677//1164 558//1030 552//1022
f 677//1164 552//1022 553//1021
f 71//996 678//1165 677//1164
f 71//996 677//1164 553//1021
f 680//889 679//886 141//849
f 680//889 141//849 72//995
f 72//995 69//1020 681//967
f 72//995 681//967 680//889
f 69//1020 70//1019 682//983
f 69//1020 682//983 681//967
f 683//985 682//983 70//1019
f 683//985 70//1019 528//1027
f 529//1025 684//986 683//985
f 529//1025 683//985 528//1027
f 529//1025 530//1024 685//991
f 529//1025 685//991 684//986
f 686//989 685//991 530//1024
f 686//989 530//1024 531//1003
f 531//1003 526//981 687//980
f 531//1003 687//980 686//989
f 744//888 745//1166 688//147
f 744//888 688//147 679//886
f 871//1167 872//144 688//147
f 871//1167 688//147 745//1166
f 690//972 687//980 526//981
f 690//972 526//981 525//975
f 766//974 767//969 690//972
f 766//974 690//972 525//975
f 524//1065 561//1064 692//1037
f 524//1065 692//1037 1036//1036
f 1035//1040 562//1069 693//1041
f 562//1069 563//1068 694//1045
f 562//1069 694//1045 1034//1044
f 1033//1048 564//1090 695//1049
f 1032//1052 565//1089 696//1053
f 566//1093 697//1057 1031//1056
f 566//1093 1031//1056 580//1091
f 1050//1168 566//1093 567//1092
f 1050//1168 567//1092 1049//1169
f 573//1078 567//1092 572//1085
f 573//1078 572//1085 579//1084
f 74//998 8//829 701//1157
f 74//998 701//1157 700//1156
f 590//828 702//1158 701//1157
f 590//828 701//1157 8//829
f 757//1104 758//1159 702//1158
f 757//1104 702//1158 590//828
f 7//831 544//830 704//1161
f 7//831 704//1161 703//1160
f 1098//1013 1099//1162 704//1161
f 1098//1013 704//1161 544//830
f 720//1170 722//1171 723//1172
f 720//1170 723//1172 705//1173
f 560//1031 705//1173 559//1032
f 560//1031 559//1032 719//1034
f 558//1030 720//1170 705//1173
f 558//1030 705//1173 560//1031
f 678//1165 707//994 706//997
f 678//1165 706//997 677//1164
f 708//142 707//994 1042//1174
f 708//142 1042//1174 1043//1175
f 1071//1176 1072//143 708//142
f 1071//1176 708//142 1043//1175
f 710//736 1078//735 1079//1177
f 710//736 1079//1177 1045//1178
f 492//874 710//736 1045//1178
f 492//874 1045//1178 1046//1074
f 38//44 492//874 493//1076
f 38//44 493//1076 576//1082
f 676//1080 711//1163 577//1179
f 676//1080 577//1179 712//1079
f 1053//1180 1059//1154 37//43
f 1053//1180 37//43 574//1081
f 1052//1088 1053//1180 574//1081
f 1052//1088 574//1081 578//1083
f 712//1079 577//1179 569//1071
f 712//1079 569//1071 571//1070
f 571//1070 40//1063 713//49
f 571//1070 713//49 712//1079
f 40//1063 29//1062 714//50
f 40//1063 714//50 713//49
f 28//976 715//35 764//34
f 28//976 764//34 765//973
f 30//982 716//37 715//35
f 30//982 715//35 28//976
f 717//1002 716//37 30//982
f 717//1002 30//982 527//1004
f 718//1033 717//1002 527//1004
f 718//1033 527//1004 554//1023
f 719//1034 718//1033 554//1023
f 719//1034 554//1023 555//1026
f 555//1026 556//1028 560//1031
f 555//1026 560//1031 719//1034
f 706//997 720//1170 558//1030
f 706//997 558//1030 677//1164
f 678//1165 1042//1174 707//994
f 721//846 678//1165 71//996
f 721//846 71//996 142//848
f 74//998 722//1171 720//1170
f 74//998 720//1170 706//997
f 723//1172 700//1156 666//1000
f 723//1172 666//1000 724//1181
f 559//1032 724//1181 666//1000
f 559//1032 666//1000 557//1029
f 74//998 700//1156 723//1172
f 74//998 723//1172 722//1171
f 705//1173 723//1172 724//1181
f 705//1173 724//1181 559//1032
f 55//1182 945//878 726//1067
f 55//1182 726//1067 725//1183
f 727//1060 52//64 946//63
f 727//1060 946//63 948//1061
f 947//1184 728//1058 51//1185
f 979//59 980//1051 729//1054
f 979//59 729//1054 48//60
f 731//1046 1016//1047 1017//949
f 731//1046 1017//949 44//56
f 1019//55 1020//1043 731//1046
f 1019//55 731//1046 44//56
f 733//1038 1023//1039 1024//959
f 733//1038 1024//959 517//958
f 1026//957 1027//1035 733//1038
f 1026//957 733//1038 517//958
f 33//42 735//971 768//970
f 33//42 768//970 769//39
f 33//42 36//977 736//979
f 33//42 736//979 735//971
f 737//990 736//979 36//977
f 737//990 36//977 523//978
f 523//978 522//966 738//992
f 523//978 738//992 737//990
f 739//987 738//992 522//966
f 739//987 522//966 521//965
f 740//988 739//987 521//965
f 740//988 521//965 520//964
f 519//963 741//984 740//988
f 519//963 740//988 520//964
f 742//968 741//984 519//963
f 742//968 519//963 518//962
f 743//887 742//968 518//962
f 743//887 518//962 499//961
f 499//961 498//891 744//888
f 499//961 744//888 743//887
f 498//891 56//890 745//1166
f 498//891 745//1166 744//888
f 870//1186 871//1167 745//1166
f 870//1186 745//1166 56//890
f 747//1095 746//1094 1//202
f 747//1095 1//202 23//199
f 23//199 21//198 748//1096
f 23//199 748//1096 747//1095
f 21//198 663//1150 749//1149
f 21//198 749//1149 748//1096
f 750//1097 749//1149 663//1150
f 750//1097 663//1150 659//196
f 751//1098 750//1097 659//196
f 751//1098 659//196 20//195
f 752//1099 751//1098 20//195
f 752//1099 20//195 16//190
f 753//1100 752//1099 16//190
f 753//1100 16//190 17//193
f 17//193 13//873 754//1101
f 17//193 754//1101 753//1100
f 13//873 10//875 755//1102
f 13//873 755//1102 754//1101
f 756//1103 755//1102 10//875
f 756//1103 10//875 11//832
f 757//1104 756//1103 11//832
f 757//1104 11//832 7//831
f 7//831 703//1160 758//1159
f 7//831 758//1159 757//1104
f 759//1105 758//1159 703//1160
f 759//1105 703//1160 669//208
f 760//1106 759//1105 669//208
f 760//1106 669//208 6//206
f 761//1107 760//1106 6//206
f 761//1107 6//206 4//204
f 1//202 746//1094 761//1107
f 1//202 761//1107 4//204
f 674//51 763//33 762//32
f 674//51 762//32 27//31
f 714//50 764//34 763//33
f 714//50 763//33 674//51
f 765//973 764//34 714//50
f 765//973 714//50 29//1062
f 524//1065 766//974 765//973
f 524//1065 765//973 29//1062
f 691//1187 767//969 766//974
f 691//1187 766//974 524//1065
f 734//1188 768//970 767//969
f 734//1188 767//969 691//1187
f 769//39 768//970 734//1188
f 769//39 734//1188 34//1189
f 31//1190 770//40 769//39
f 31//1190 769//39 34//1189
f 31//1190 1133//1191 1134//929
f 31//1190 1134//929 770//40
f 535//489 772//400 771//1005
f 535//489 771//1005 428//1007
f 1155//488 1156//401 772//400
f 1155//488 772//400 535//489
f 416//664 774//636 773//665
f 416//664 773//665 346//661
f 245//638 775//637 774//636
f 245//638 774//636 416//664
f 244//487 776//283 1191//282
f 244//487 1191//282 1192//486
f 365//506 777//428 776//283
f 365//506 776//283 244//487
f 362//482 778//429 777//428
f 362//482 777//428 365//506
f 246//509 779//284 778//429
f 246//509 778//429 362//482
f 780//285 779//284 246//509
f 780//285 246//509 247//1143
f 781//479 780//285 247//1143
f 781//479 247//1143 381//1146
f 249//1145 782//286 781//479
f 249//1145 781//479 381//1146
f 248//1144 783//287 782//286
f 248//1144 782//286 249//1145
f 224//1142 784//288 783//287
f 224//1142 783//287 248//1144
f 223//507 785//289 784//288
f 223//507 784//288 224//1142
f 359//424 786//422 785//289
f 359//424 785//289 223//507
f 358//427 787//423 786//422
f 358//427 786//422 359//424
f 120//124 788//291 787//423
f 120//124 787//423 358//427
f 1194//127 1195//290 788//291
f 1194//127 788//291 120//124
f 790//649 789//648 123//642
f 790//649 123//642 418//645
f 348//657 791//656 790//649
f 348//657 790//649 418//645
f 792//411 1152//410 1153//404
f 792//411 1153//404 537//407
f 793//913 792//411 1135//1192
f 1135//1192 1136//1193 794//910
f 1135//1192 794//910 793//913
f 1136//1193 1137//1194 795//905
f 1136//1193 795//905 794//910
f 1137//1194 1138//1195 796//681
f 1137//1194 796//681 795//905
f 1138//1195 900//682 796//681
f 314//476 798//366 1166//365
f 314//476 1166//365 1157//475
f 384//551 799//529 798//366
f 384//551 798//366 314//476
f 209//531 800//530 799//529
f 209//531 799//529 384//551
f 206//474 801//230 1204//229
f 206//474 1204//229 1205//473
f 341//514 802//392 801//230
f 341//514 801//230 206//474
f 338//469 803//393 802//392
f 338//469 802//392 341//514
f 1242//520 1243//521 803//393
f 1242//520 803//393 338//469
f 805//170 804//169 167//1138
f 805//170 167//1138 168//1137
f 806//466 805//170 168//1137
f 806//466 168//1137 378//1141
f 95//1140 807//96 806//466
f 95//1140 806//466 378//1141
f 92//1139 808//97 807//96
f 92//1139 807//96 95//1140
f 177//1136 809//176 808//97
f 177//1136 808//97 92//1139
f 174//1135 810//177 809//176
f 174//1135 809//176 177//1136
f 811//386 1239//517 1240//518
f 811//386 1240//518 334//388
f 812//387 811//386 334//388
f 812//387 334//388 335//391
f 813//237 812//387 335//391
f 813//237 335//391 202//224
f 1197//227 1198//238 813//237
f 1197//227 813//237 202//224
f 815//541 814//540 205//535
f 815//541 205//535 386//538
f 816//373 815//541 386//538
f 816//373 386//538 318//368
f 1159//371 1160//374 816//373
f 1159//371 816//373 318//368
f 818//671 906//670 1139//1196
f 819//904 818//671 1139//1196
f 819//904 1139//1196 1140//1197
f 820//902 819//904 1140//1197
f 820//902 1140//1197 1141//1198
f 1141//1198 1142//1199 821//903
f 1141//1198 821//903 820//902
f 285//706 822//702 912//701
f 285//706 912//701 913//703
f 282//463 823//330 1176//329
f 282//463 1176//329 1167//462
f 233//556 824//266 823//330
f 233//556 823//330 282//463
f 232//458 825//267 824//266
f 232//458 824//266 233//556
f 1212//562 1213//563 825//267
f 1212//562 825//267 232//458
f 309//457 827//356 826//578
f 309//457 826//578 394//574
f 306//456 828//357 827//356
f 306//456 827//356 309//457
f 1232//587 1233//588 828//357
f 1232//587 828//357 306//456
f 830//269 829//268 234//1130
f 830//269 234//1130 235//1129
f 831//451 830//269 235//1129
f 831//451 235//1129 375//1133
f 237//1132 832//270 831//451
f 237//1132 831//451 375//1133
f 236//1131 833//271 832//270
f 236//1131 832//270 237//1132
f 221//1128 834//272 833//271
f 221//1128 833//271 236//1131
f 220//1127 835//273 834//272
f 220//1127 834//272 221//1128
f 303//352 836//350 1229//584
f 303//352 1229//584 1230//585
f 302//570 837//351 836//350
f 302//570 836//350 303//352
f 392//573 838//569 837//351
f 392//573 837//351 302//570
f 188//210 839//274 1209//559
f 188//210 1209//559 1210//560
f 840//275 839//274 188//210
f 840//275 188//210 191//213
f 286//332 841//339 840//275
f 286//332 840//275 191//213
f 1169//335 1170//336 841//339
f 1169//335 841//339 286//332
f 915//708 916//689 842//692
f 915//708 842//692 289//707
f 1143//1200 1144//1201 844//948
f 1143//1200 844//948 843//947
f 1144//1201 1145//1202 845//944
f 1144//1201 845//944 844//948
f 1145//1202 1146//1203 846//292
f 1145//1202 846//292 845//944
f 1146//1203 926//293 846//292
f 410//722 848//616 847//723
f 410//722 847//723 250//719
f 227//612 849//617 848//616
f 227//612 848//616 410//722
f 226//446 850//257 1224//256
f 226//446 1224//256 1225//445
f 402//597 851//598 850//257
f 402//597 850//257 226//446
f 277//628 852//320 851//598
f 277//628 851//598 402//597
f 274//441 853//321 852//320
f 274//441 852//320 277//628
f 228//631 854//258 853//321
f 228//631 853//321 274//441
f 855//259 854//258 228//631
f 855//259 228//631 229//1122
f 856//438 855//259 229//1122
f 856//438 229//1122 372//1125
f 372//1125 230//1124 857//260
f 372//1125 857//260 856//438
f 230//1124 231//1123 858//261
f 230//1124 858//261 857//260
f 218//1121 859//262 858//261
f 218//1121 858//261 231//1123
f 217//629 860//263 859//262
f 217//629 859//262 218//1121
f 271//316 861//314 860//263
f 271//316 860//263 217//629
f 270//319 862//315 861//314
f 270//319 861//314 271//316
f 400//595 863//594 862//315
f 400//595 862//315 270//319
f 96//100 864//265 863//594
f 96//100 863//594 400//595
f 1217//103 1218//264 864//265
f 1217//103 864//265 96//100
f 408//611 866//607 865//606
f 408//611 865//606 99//608
f 254//715 867//714 866//607
f 254//715 866//607 408//611
f 868//303 922//302 923//296
f 868//303 923//296 257//299
f 869//66 868//303 257//299
f 869//66 257//299 54//942
f 1119//1204 1120//67 869//66
f 1119//1204 869//66 54//942
f 725//1183 871//1167 870//1186
f 725//1183 870//1186 55//1182
f 689//1072 872//144 871//1167
f 689//1072 871//1167 725//1183
f 143//856 873//145 872//144
f 143//856 872//144 689//1072
f 874//855 873//145 143//856
f 874//855 143//856 490//835
f 603//826 875//852 874//855
f 603//826 874//855 490//835
f 477//825 876//853 875//852
f 477//825 875//852 603//826
f 877//797 1085//796 1086//776
f 877//797 1086//776 478//777
f 878//802 1259//860 1260//861
f 878//802 1260//861 483//805
f 879//803 878//802 483//805
f 879//803 483//805 597//808
f 880//1115 879//803 597//808
f 880//1115 597//808 124//1114
f 881//795 1255//794 1256//128
f 881//795 1256//128 127//131
f 127//131 467//758 882//792
f 127//131 882//792 881//795
f 467//758 466//757 883//793
f 467//758 883//793 882//792
f 884//791 883//793 466//757
f 884//791 466//757 450//728
f 885//787 884//791 450//728
f 885//787 450//728 76//80
f 886//788 885//787 76//80
f 886//788 76//80 79//83
f 79//83 460//746 887//784
f 79//83 887//784 886//788
f 888//785 887//784 460//746
f 888//785 460//746 463//749
f 889//782 888//785 463//749
f 889//782 463//749 133//137
f 133//137 1250//136 1251//783
f 133//137 1251//783 889//782
f 891//820 890//1119 132//1108
f 891//820 132//1108 593//817
f 892//821 891//820 593//817
f 892//821 593//817 487//816
f 1264//866 1265//867 892//821
f 1264//866 892//821 487//816
f 473//770 1090//769 1091//781
f 473//770 1091//781 893//780
f 63//74 607//73 895//779
f 63//74 895//779 894//778
f 896//847 895//779 607//73
f 896//847 607//73 62//845
f 321//1205 320//1206 898//684
f 321//1205 898//684 897//687
f 899//685 898//684 320//1206
f 899//685 320//1206 317//1207
f 317//1207 797//1208 900//682
f 317//1207 900//682 899//685
f 901//680 900//682 797//1208
f 901//680 797//1208 316//1209
f 902//677 901//680 316//1209
f 902//677 316//1209 329//1210
f 329//1210 327//1211 903//675
f 329//1210 903//675 902//677
f 327//1211 325//1212 904//673
f 327//1211 904//673 903//675
f 325//1212 323//1213 905//669
f 325//1212 905//669 904//673
f 323//1213 817//1214 906//670
f 323//1213 906//670 905//669
f 897//687 906//670 817//1214
f 897//687 817//1214 321//1205
f 908//694 907//690 438//945
f 908//694 438//945 440//894
f 909//696 908//694 440//894
f 909//696 440//894 441//893
f 910//698 909//696 441//893
f 910//698 441//893 442//897
f 911//700 910//698 442//897
f 911//700 442//897 443//899
f 821//903 912//701 911//700
f 821//903 911//700 443//899
f 1142//1199 912//701 821//903
f 445//936 914//704 913//703
f 445//936 913//703 444//933
f 915//708 914//704 445//936
f 915//708 445//936 439//937
f 843//947 916//689 1143//1200
f 438//945 907//690 916//689
f 438//945 916//689 843//947
f 251//710 264//709 1184//1215
f 251//710 1184//1215 1185//1216
f 264//709 262//711 1183//1217
f 264//709 1183//1217 1184//1215
f 262//711 260//712 1182//1218
f 262//711 1182//1218 1183//1217
f 260//712 259//713 1181//1219
f 260//712 1181//1219 1182//1218
f 1180//1220 1181//1219 259//713
f 1180//1220 259//713 867//714
f 1179//1221 1180//1220 867//714
f 1179//1221 867//714 254//715
f 254//715 255//718 1178//1222
f 254//715 1178//1222 1179//1221
f 1177//1223 1178//1222 255//718
f 1177//1223 255//718 250//719
f 250//719 847//723 1186//1224
f 250//719 1186//1224 1177//1223
f 1185//1216 1186//1224 847//723
f 1185//1216 847//723 251//710
f 347//666 353//667 928//1225
f 347//666 928//1225 927//1226
f 353//667 352//668 929//1227
f 353//667 929//1227 928//1225
f 352//668 351//655 930//1228
f 352//668 930//1228 929//1227
f 351//655 350//654 931//1229
f 351//655 931//1229 930//1228
f 932//1230 931//1229 350//654
f 932//1230 350//654 791//656
f 933//1231 932//1230 791//656
f 933//1231 791//656 348//657
f 348//657 349//660 934//1232
f 348//657 934//1232 933//1231
f 935//1233 934//1232 349//660
f 935//1233 349//660 346//661
f 346//661 773//665 936//1234
f 346//661 936//1234 935//1233
f 927//1226 936//1234 773//665
f 927//1226 773//665 347//666
f 57//851 896//847 721//846
f 57//851 721//846 142//848
f 576//1082 493//1076 573//1078
f 576//1082 573//1078 579//1084
f 1048//1077 1049//1169 567//1092
f 1048//1077 567//1092 573//1078
f 568//1073 689//1072 725//1183
f 568//1073 725//1183 699//1066
f 699//1066 725//1183 726//1067
f 938//571 941//355 937//354
f 938//571 937//354 305//1235
f 939//576 942//572 938//571
f 939//576 938//571 305//1235
f 940//454 943//577 939//576
f 940//454 939//576 305//1235
f 305//1235 937//354 944//455
f 305//1235 944//455 940//454
f 303//352 941//355 938//571
f 303//352 938//571 302//570
f 392//573 942//572 939//576
f 392//573 939//576 393//575
f 394//574 943//577 940//454
f 394//574 940//454 309//457
f 306//456 944//455 937//354
f 306//456 937//354 304//353
f 253//448 1118//1236 1115//1237
f 253//448 1115//1237 256//298
f 982//1238 1112//881 495//880
f 982//1238 495//880 1107//939
f 977//1239 978//1055 728//1058
f 977//1239 728//1058 947//1184
f 727//1060 726//1067 945//878
f 727//1060 945//878 52//64
f 728//1058 948//1061 946//63
f 728//1058 946//63 51//1185
f 697//1057 948//1061 728//1058
f 54//942 1116//941 950//879
f 54//942 950//879 1119//1204
f 50//883 1113//882 951//62
f 50//883 951//62 1114//1240
f 953//318 956//317 952//443
f 953//318 952//443 273//1241
f 954//625 957//624 953//318
f 954//625 953//318 273//1241
f 955//627 958//626 954//625
f 955//627 954//625 273//1241
f 273//1241 952//443 959//442
f 273//1241 959//442 955//627
f 271//316 272//444 952//443
f 271//316 952//443 956//317
f 270//319 953//318 957//624
f 270//319 957//624 400//595
f 402//597 401//596 954//625
f 402//597 954//625 958//626
f 955//627 959//442 274//441
f 955//627 274//441 277//628
f 961//610 965//609 960//614
f 961//610 960//614 409//1242
f 962//717 966//716 961//610
f 962//717 961//610 409//1242
f 963//721 967//720 962//717
f 963//721 962//717 409//1242
f 960//614 964//613 963//721
f 960//614 963//721 409//1242
f 410//722 963//721 964//613
f 410//722 964//613 227//612
f 99//608 98//615 960//614
f 99//608 960//614 965//609
f 408//611 961//610 966//716
f 408//611 966//716 254//715
f 250//719 255//718 962//717
f 250//719 962//717 967//720
f 969//212 973//211 968//460
f 969//212 968//460 190//1243
f 970//553 974//552 969//212
f 970//553 969//212 190//1243
f 971//555 975//554 970//553
f 971//555 970//553 190//1243
f 190//1243 968//460 972//459
f 190//1243 972//459 971//555
f 971//555 972//459 232//458
f 971//555 232//458 233//556
f 188//210 189//461 968//460
f 188//210 968//460 973//211
f 191//213 969//212 974//552
f 191//213 974//552 286//332
f 282//463 287//333 970//553
f 282//463 970//553 975//554
f 977//1239 982//1238 976//57
f 977//1239 976//57 48//60
f 729//1054 978//1055 977//1239
f 729//1054 977//1239 48//60
f 981//58 1110//1244 983//1245
f 981//58 983//1245 979//59
f 730//1050 980//1051 979//59
f 730//1050 979//59 983//1245
f 47//1246 983//1245 1110//1244
f 47//1246 1110//1244 1111//1247
f 730//1050 983//1245 47//1246
f 985//390 989//389 984//471
f 985//390 984//471 337//1248
f 986//511 990//510 985//390
f 986//511 985//390 337//1248
f 987//513 991//512 986//511
f 987//513 986//511 337//1248
f 337//1248 984//471 988//470
f 337//1248 988//470 987//513
f 987//513 988//470 338//469
f 987//513 338//469 341//514
f 334//388 336//472 984//471
f 334//388 984//471 989//389
f 335//391 985//390 990//510
f 335//391 990//510 202//224
f 206//474 203//225 986//511
f 206//474 986//511 991//512
f 993//537 997//536 992//533
f 993//537 992//533 385//1249
f 994//548 998//547 993//537
f 994//548 993//537 385//1249
f 995//550 999//549 994//548
f 995//550 994//548 385//1249
f 385//1249 992//533 996//532
f 385//1249 996//532 995//550
f 995//550 996//532 209//531
f 995//550 209//531 384//551
f 205//535 204//534 992//533
f 205//535 992//533 997//536
f 386//538 993//537 998//547
f 386//538 998//547 318//368
f 314//476 319//369 994//548
f 314//476 994//548 999//549
f 1001//426 1005//425 1000//484
f 1001//426 1000//484 361//1250
f 1002//503 1006//502 1001//426
f 1002//503 1001//426 361//1250
f 1003//505 1007//504 1002//503
f 1003//505 1002//503 361//1250
f 361//1250 1000//484 1004//483
f 361//1250 1004//483 1003//505
f 1003//505 1004//483 362//482
f 1003//505 362//482 365//506
f 359//424 360//485 1000//484
f 359//424 1000//484 1005//425
f 358//427 1001//426 1006//502
f 358//427 1006//502 120//124
f 244//487 121//125 1002//503
f 244//487 1002//503 1007//504
f 1009//644 1013//643 1008//640
f 1009//644 1008//640 417//1251
f 1010//659 1014//658 1009//644
f 1010//659 1009//644 417//1251
f 1011//663 1015//662 1010//659
f 1011//663 1010//659 417//1251
f 417//1251 1008//640 1012//639
f 417//1251 1012//639 1011//663
f 1011//663 1012//639 245//638
f 1011//663 245//638 416//664
f 123//642 122//641 1008//640
f 123//642 1008//640 1013//643
f 418//645 1009//644 1014//658
f 418//645 1014//658 348//657
f 346//661 349//660 1010//659
f 346//661 1010//659 1015//662
f 1017//949 1016//1047 730//1050
f 1017//949 730//1050 47//1246
f 1111//1247 1022//950 1017//949
f 1111//1247 1017//949 47//1246
f 41//928 1123//927 1021//54
f 41//928 1021//54 1018//53
f 732//1042 1020//1043 1019//55
f 732//1042 1019//55 43//951
f 1021//54 1126//952 43//951
f 1021//54 43//951 1019//55
f 1022//950 1121//931 41//928
f 1022//950 41//928 1018//53
f 1030//954 732//1042 43//951
f 514//922 1130//924 1029//956
f 514//922 1029//956 1025//955
f 734//1188 1027//1035 1026//957
f 734//1188 1026//957 34//1189
f 1028//960 1128//919 514//922
f 1028//960 514//922 1025//955
f 1029//956 31//1190 34//1189
f 1029//956 34//1189 1026//957
f 1127//953 1028//960 1024//959
f 1127//953 1024//959 1030//954
f 1024//959 1023//1039 732//1042
f 1024//959 732//1042 1030//954
f 696//1053 1031//1056 978//1055
f 696//1053 978//1055 729//1054
f 695//1049 1032//1052 980//1051
f 695//1049 980//1051 730//1050
f 694//1045 1033//1048 1016//1047
f 694//1045 1016//1047 731//1046
f 563//1068 564//1090 1033//1048
f 563//1068 1033//1048 694//1045
f 693//1041 1034//1044 1020//1043
f 693//1041 1020//1043 732//1042
f 562//1069 1034//1044 693//1041
f 692//1037 1035//1040 1023//1039
f 692//1037 1023//1039 733//1038
f 561//1064 562//1069 1035//1040
f 561//1064 1035//1040 692//1037
f 691//1187 1036//1036 1027//1035
f 691//1187 1027//1035 734//1188
f 524//1065 1036//1036 691//1187
f 1039//732 1041//731 1038//1120
f 1039//732 1038//1120 605//1252
f 605//1252 1037//77 1040//76
f 605//1252 1040//76 1039//732
f 1039//732 1040//76 64//75
f 1039//732 64//75 66//733
f 604//827 1038//1120 1041//731
f 604//827 1041//731 453//730
f 1042//1174 678//1165 721//846
f 1042//1174 721//846 140//844
f 1043//1175 1042//1174 140//844
f 1043//1175 140//844 138//842
f 1070//841 1071//1176 1043//1175
f 1070//841 1043//1175 138//842
f 1045//1178 1079//1177 1080//838
f 1045//1178 1080//838 454//837
f 1046//1074 1045//1178 454//837
f 1046//1074 454//837 491//836
f 491//836 145//857 1047//1075
f 491//836 1047//1075 1046//1074
f 1048//1077 1047//1075 145//857
f 1048//1077 145//857 568//1073
f 568//1073 699//1066 1049//1169
f 568//1073 1049//1169 1048//1077
f 1050//1168 1049//1169 699//1066
f 1050//1168 699//1066 698//1059
f 566//1093 1050//1168 698//1059
f 566//1093 698//1059 697//1057
f 565//1089 580//1091 1031//1056
f 565//1089 1031//1056 696//1053
f 564//1090 565//1089 1032//1052
f 564//1090 1032//1052 695//1049
f 569//1071 1051//1087 564//1090
f 569//1071 564//1090 563//1068
f 1052//1088 1051//1087 569//1071
f 1052//1088 569//1071 577//1179
f 577//1179 711//1163 1053//1180
f 577//1179 1053//1180 1052//1088
f 2//3 1054//29 762//32
f 2//3 762//32 25//27
f 24//26 1055//30 1054//29
f 24//26 1054//29 2//3
f 1056//46 1055//30 24//26
f 1056//46 24//26 22//25
f 1057//47 1056//46 22//25
f 1057//47 22//25 661//1147
f 1058//1152 1057//47 661//1147
f 1058//1152 661//1147 657//21
f 665//1153 1059//1154 1053//1180
f 665//1153 1053//1180 711//1163
f 1058//1152 1060//1155 1059//1154
f 1058//1152 1059//1154 665//1153
f 19//19 1060//1155 1058//1152
f 19//19 1058//1152 657//21
f 129//1109 1068//1110 1061//814
f 129//1109 1061//814 594//818
f 125//1113 1067//1112 1062//1111
f 125//1113 1062//1111 128//1253
f 484//806 1066//810 1063//809
f 484//806 1063//809 596//807
f 485//864 486//815 1065//813
f 485//864 1065//813 1064//811
f 1065//813 486//815 594//818
f 1065//813 594//818 1061//814
f 484//806 485//864 1064//811
f 484//806 1064//811 1066//810
f 596//807 1063//809 1067//1112
f 596//807 1067//1112 125//1113
f 1062//1111 1068//1110 129//1109
f 1062//1111 129//1109 128//1253
f 605//1252 65//1254 1069//840
f 605//1252 1069//840 1037//77
f 139//1255 1070//841 1069//840
f 139//1255 1069//840 65//1254
f 1044//1256 1071//1176 1070//841
f 1044//1256 1070//841 139//1255
f 709//1257 1072//143 1071//1176
f 709//1257 1071//1176 1044//1256
f 1073//79 1072//143 709//1257
f 1073//79 709//1257 68//1258
f 1074//14 1073//79 68//1258
f 1074//14 68//1258 14//1259
f 1075//740 1082//13 1074//14
f 1075//740 1074//14 14//1259
f 1076//738 1083//741 1075//740
f 1076//738 1075//740 14//1259
f 14//1259 68//1258 1077//734
f 14//1259 1077//734 1076//738
f 68//1258 709//1257 1078//735
f 68//1258 1078//735 1077//734
f 1079//1177 1078//735 709//1257
f 1079//1177 709//1257 1044//1256
f 1080//838 1079//1177 1044//1256
f 1080//838 1044//1256 139//1255
f 1081//839 1080//838 139//1255
f 1081//839 139//1255 65//1254
f 1038//1120 1081//839 65//1254
f 1038//1120 65//1254 605//1252
f 587//739 588//10 1082//13
f 587//739 1082//13 1075//740
f 586//17 1083//741 1076//738
f 586//17 1076//738 18//18
f 447//725 876//853 1085//796
f 447//725 1085//796 1084//763
f 1086//776 1085//796 876//853
f 1086//776 876//853 477//825
f 477//825 453//730 1087//774
f 477//825 1087//774 1086//776
f 453//730 66//733 1088//772
f 453//730 1088//772 1087//774
f 66//733 64//75 1089//768
f 66//733 1089//768 1088//772
f 64//75 63//74 1090//769
f 64//75 1090//769 1089//768
f 1091//781 1090//769 63//74
f 1091//781 63//74 894//778
f 1092//766 1091//781 894//778
f 1092//766 894//778 60//71
f 60//71 59//70 1093//762
f 60//71 1093//762 1092//766
f 59//70 447//725 1084//763
f 59//70 1084//763 1093//762
f 45//1260 1105//1261 981//58
f 45//1260 981//58 976//57
f 45//1260 1106//935 1108//934
f 45//1260 1108//934 1105//1261
f 1107//939 1109//938 1106//935
f 1107//939 1106//935 45//1260
f 982//1238 1107//939 45//1260
f 982//1238 45//1260 976//57
f 1105//1261 1108//934 444//933
f 1105//1261 444//933 46//1262
f 1109//938 439//937 445//936
f 1109//938 445//936 1106//935
f 981//58 1105//1261 46//1262
f 981//58 46//1262 1110//1244
f 1111//1247 1110//1244 46//1262
f 1111//1247 46//1262 506//1263
f 1022//950 1111//1247 506//1263
f 1022//950 506//1263 1121//931
f 1112//881 982//1238 977//1239
f 1112//881 977//1239 947//1184
f 1113//882 1112//881 947//1184
f 1113//882 947//1184 51//1185
f 946//63 951//62 1113//882
f 946//63 1113//882 51//1185
f 1114//1240 951//62 949//61
f 1114//1240 949//61 49//1264
f 1115//1237 1118//1236 1114//1240
f 1115//1237 1114//1240 49//1264
f 1116//941 1117//940 1115//1237
f 1116//941 1115//1237 49//1264
f 950//879 1116//941 49//1264
f 950//879 49//1264 949//61
f 257//299 256//298 1115//1237
f 257//299 1115//1237 1117//940
f 253//448 50//883 1114//1240
f 253//448 1114//1240 1118//1236
f 945//878 55//1182 1119//1204
f 945//878 1119//1204 950//879
f 870//1186 1120//67 1119//1204
f 870//1186 1119//1204 55//1182
f 53//65 1120//67 870//1186
f 53//65 870//1186 56//890
f 430//688 1124//932 1121//931
f 430//688 1121//931 506//1263
f 436//686 1125//926 1122//925
f 436//686 1122//925 437//683
f 1021//54 1123//927 42//1265
f 1021//54 42//1265 1126//952
f 437//683 1122//925 1124//932
f 437//683 1124//932 430//688
f 436//686 42//1265 1123//927
f 436//686 1123//927 1125//926
f 1127//953 1126//952 42//1265
f 1127//953 42//1265 511//1266
f 1028//960 1127//953 511//1266
f 1028//960 511//1266 1128//919
f 423//1008 1132//920 1128//919
f 423//1008 1128//919 511//1266
f 428//1007 1131//923 1129//921
f 428//1007 1129//921 429//1006
f 1130//924 1133//1191 31//1190
f 1130//924 31//1190 1029//956
f 429//1006 1129//921 1132//920
f 429//1006 1132//920 423//1008
f 428//1007 1133//1191 1130//924
f 428//1007 1130//924 1131//923
f 1134//929 1133//1191 428//1007
f 1134//929 428//1007 771//1005
f 32//41 1134//929 771//1005
f 32//41 771//1005 427//930
f 1135//1192 792//411 537//407
f 1135//1192 537//407 423//1008
f 423//1008 511//1266 1136//1193
f 423//1008 1136//1193 1135//1192
f 511//1266 42//1265 1137//1194
f 511//1266 1137//1194 1136//1193
f 42//1265 436//686 1138//1195
f 42//1265 1138//1195 1137//1194
f 899//685 900//682 1138//1195
f 899//685 1138//1195 436//686
f 1139//1196 906//670 897//687
f 1139//1196 897//687 430//688
f 1140//1197 1139//1196 430//688
f 1140//1197 430//688 506//1263
f 1141//1198 1140//1197 506//1263
f 1141//1198 506//1263 46//1262
f 46//1262 444//933 1142//1199
f 46//1262 1142//1199 1141//1198
f 913//703 912//701 1142//1199
f 913//703 1142//1199 444//933
f 1143//1200 916//689 915//708
f 1143//1200 915//708 439//937
f 495//880 1144//1201 1143//1200
f 495//880 1143//1200 439//937
f 50//883 1145//1202 1144//1201
f 50//883 1144//1201 495//880
f 253//448 1146//1203 1145//1202
f 253//448 1145//1202 50//883
f 925//447 926//293 1146//1203
f 925//447 1146//1203 253//448
f 927//1226 928//1225 1148//416
f 927//1226 1148//416 1147//402
f 928//1225 929//1227 1149//414
f 928//1225 1149//414 1148//416
f 929//1227 930//1228 1150//412
f 929//1227 1150//412 1149//414
f 930//1228 931//1229 1151//409
f 930//1228 1151//409 1150//412
f 1152//410 1151//409 931//1229
f 1152//410 931//1229 932//1230
f 1153//404 1152//410 932//1230
f 1153//404 932//1230 933//1231
f 933//1231 934//1232 1154//405
f 933//1231 1154//405 1153//404
f 1155//488 1154//405 934//1232
f 1155//488 934//1232 935//1233
f 935//1233 936//1234 1156//401
f 935//1233 1156//401 1155//488
f 1147//402 1156//401 936//1234
f 1147//402 936//1234 927//1226
f 320//1206 1158//370 1157//475
f 320//1206 1157//475 317//1207
f 1159//371 1158//370 320//1206
f 1159//371 320//1206 321//1205
f 817//1214 1160//374 1159//371
f 817//1214 1159//371 321//1205
f 1161//375 1160//374 817//1214
f 1161//375 817//1214 323//1213
f 1162//377 1161//375 323//1213
f 1162//377 323//1213 325//1212
f 1163//379 1162//377 325//1212
f 1163//379 325//1212 327//1211
f 1164//380 1163//379 327//1211
f 1164//380 327//1211 329//1210
f 316//1209 1165//364 1164//380
f 316//1209 1164//380 329//1210
f 797//1208 1166//365 1165//364
f 797//1208 1165//364 316//1209
f 1157//475 1166//365 797//1208
f 1157//475 797//1208 317//1207
f 288//705 1168//334 1167//462
f 288//705 1167//462 285//706
f 1169//335 1168//334 288//705
f 1169//335 288//705 289//707
f 842//692 1170//336 1169//335
f 842//692 1169//335 289//707
f 290//691 1171//337 1170//336
f 290//691 1170//336 842//692
f 1172//341 1171//337 290//691
f 1172//341 290//691 293//693
f 1173//343 1172//341 293//693
f 1173//343 293//693 295//695
f 1174//345 1173//343 295//695
f 1174//345 295//695 297//697
f 1175//328 1174//345 297//697
f 1175//328 297//697 284//699
f 822//702 1176//329 1175//328
f 822//702 1175//328 284//699
f 1167//462 1176//329 822//702
f 1167//462 822//702 285//706
f 925//447 924//297 1178//1222
f 925//447 1178//1222 1177//1223
f 1179//1221 1178//1222 924//297
f 1179//1221 924//297 923//296
f 923//296 922//302 1180//1220
f 923//296 1180//1220 1179//1221
f 922//302 921//301 1181//1219
f 922//302 1181//1219 1180//1220
f 1182//1218 1181//1219 921//301
f 1182//1218 921//301 920//304
f 1183//1217 1182//1218 920//304
f 1183//1217 920//304 919//306
f 1184//1215 1183//1217 919//306
f 1184//1215 919//306 918//308
f 1185//1216 1184//1215 918//308
f 1185//1216 918//308 917//294
f 917//294 926//293 1186//1224
f 917//294 1186//1224 1185//1216
f 1177//1223 1186//1224 926//293
f 1177//1223 926//293 925//447
f 1188//119 1187//117 113//650
f 1188//119 113//650 115//652
f 1189//122 1188//119 115//652
f 1189//122 115//652 118//633
f 1190//123 1189//122 118//633
f 1190//123 118//633 119//632
f 775//637 1191//282 1190//123
f 775//637 1190//123 119//632
f 1192//486 1191//282 775//637
f 1192//486 775//637 245//638
f 122//641 1193//126 1192//486
f 122//641 1192//486 245//638
f 1194//127 1193//126 122//641
f 1194//127 122//641 123//642
f 789//648 1195//290 1194//127
f 789//648 1194//127 123//642
f 112//647 1196//116 1195//290
f 112//647 1195//290 789//648
f 1187//117 1196//116 112//647
f 1187//117 112//647 113//650
f 814//540 1198//238 1197//227
f 814//540 1197//227 205//535
f 1199//239 1198//238 814//540
f 1199//239 814//540 215//539
f 1200//234 1199//239 215//539
f 1200//234 215//539 212//543
f 1201//235 1200//234 212//543
f 1201//235 212//543 213//545
f 1202//280 1201//235 213//545
f 1202//280 213//545 242//528
f 242//528 208//527 1203//228
f 242//528 1203//228 1202//280
f 800//530 1204//229 1203//228
f 800//530 1203//228 208//527
f 1205//473 1204//229 800//530
f 1205//473 800//530 209//531
f 204//534 1206//226 1205//473
f 204//534 1205//473 209//531
f 1197//227 1206//226 204//534
f 1197//227 204//534 205//535
f 390//568 391//567 1208//558
f 390//568 1208//558 1207//557
f 838//569 1209//559 1208//558
f 838//569 1208//558 391//567
f 1210//560 1209//559 838//569
f 1210//560 838//569 392//573
f 392//573 393//575 1211//561
f 392//573 1211//561 1210//560
f 1212//562 1211//561 393//575
f 1212//562 393//575 394//574
f 394//574 826//578 1213//563
f 394//574 1213//563 1212//562
f 1214//564 1213//563 826//578
f 1214//564 826//578 395//579
f 395//579 396//580 1215//565
f 395//579 1215//565 1214//564
f 396//580 397//581 1216//566
f 396//580 1216//566 1215//565
f 397//581 390//568 1207//557
f 397//581 1207//557 1216//566
f 865//606 1218//264 1217//103
f 865//606 1217//103 99//608
f 102//603 1219//106 1218//264
f 102//603 1218//264 865//606
f 1220//107 1219//106 102//603
f 1220//107 102//603 103//602
f 1221//109 1220//107 103//602
f 1221//109 103//602 105//622
f 1222//112 1221//109 105//622
f 1222//112 105//622 108//620
f 1223//113 1222//112 108//620
f 1223//113 108//620 109//618
f 849//617 1224//256 1223//113
f 849//617 1223//113 109//618
f 1225//445 1224//256 849//617
f 1225//445 849//617 227//612
f 98//615 1226//102 1225//445
f 98//615 1225//445 227//612
f 1217//103 1226//102 98//615
f 1217//103 98//615 99//608
f 160//162 164//166 1228//583
f 160//162 1228//583 1227//582
f 835//273 1229//584 1228//583
f 835//273 1228//583 164//166
f 1230//585 1229//584 835//273
f 1230//585 835//273 220//1127
f 220//1127 219//1126 1231//586
f 220//1127 1231//586 1230//585
f 1232//587 1231//586 219//1126
f 1232//587 219//1126 234//1130
f 234//1130 829//268 1233//588
f 234//1130 1233//588 1232//587
f 1234//589 1233//588 829//268
f 1234//589 829//268 157//159
f 157//159 156//158 1235//590
f 157//159 1235//590 1234//589
f 156//158 161//163 1236//591
f 156//158 1236//591 1235//590
f 161//163 160//162 1227//582
f 161//163 1227//582 1236//591
f 170//172 175//178 1238//516
f 170//172 1238//516 1237//515
f 175//178 810//177 1239//517
f 175//178 1239//517 1238//516
f 1240//518 1239//517 810//177
f 1240//518 810//177 174//1135
f 174//1135 225//1134 1241//519
f 174//1135 1241//519 1240//518
f 1242//520 1241//519 225//1134
f 1242//520 225//1134 167//1138
f 167//1138 804//169 1243//521
f 167//1138 1243//521 1242//520
f 1244//522 1243//521 804//169
f 1244//522 804//169 166//168
f 1245//523 1244//522 166//168
f 1245//523 166//168 240//278
f 240//278 171//173 1246//524
f 240//278 1246//524 1245//523
f 171//173 170//172 1237//515
f 171//173 1237//515 1246//524
f 125//1113 128//1253 1248//132
f 125//1113 1248//132 1247//129
f 128//1253 129//1109 1249//133
f 128//1253 1249//133 1248//132
f 129//1109 132//1108 1250//136
f 129//1109 1250//136 1249//133
f 1251//783 1250//136 132//1108
f 1251//783 132//1108 890//1119
f 1252//138 1251//783 890//1119
f 1252//138 890//1119 134//1118
f 134//1118 135//1117 1253//139
f 134//1118 1253//139 1252//138
f 1254//727 1253//139 135//1117
f 1254//727 135//1117 449//1116
f 449//1116 880//1115 1255//794
f 449//1116 1255//794 1254//727
f 1256//128 1255//794 880//1115
f 1256//128 880//1115 124//1114
f 124//1114 125//1113 1247//129
f 124//1114 1247//129 1256//128
f 1258//859 1257//858 471//765
f 1258//859 471//765 470//764
f 470//764 877//797 1259//860
f 470//764 1259//860 1258//859
f 1260//861 1259//860 877//797
f 1260//861 877//797 478//777
f 478//777 476//775 1261//862
f 478//777 1261//862 1260//861
f 476//775 475//773 1262//863
f 476//775 1262//863 1261//862
f 475//773 474//771 1263//865
f 475//773 1263//865 1262//863
f 474//771 473//770 1264//866
f 474//771 1264//866 1263//865
f 893//780 1265//867 1264//866
f 893//780 1264//866 473//770
f 1266//868 1265//867 893//780
f 1266//868 893//780 472//767
f 472//767 471//765 1257//858
f 472//767 1257//858 1266//868
f 1103//1017 660//197 1098//1013
f 1097//1012 1096//1011 1104//1018
f 1096//1011 1095//1010 1094//1009
f 1104//1018 1096//1011 1094//1009
f 1103//1017 550//194 660//197
f 1104//1018 1103//1017 1097//1012
f 1098//1013 1097//1012 1103//1017
f 1100//1014 1099//1162 660//197
f 1099//1162 1098//1013 660//197
f 1100//1014 660//197 664//1151
f 1102//1016 1101//1015 547//203
f 1101//1015 1100//1014 664//1151
f 548//200 547//203 549//201
f 664//1151 549//201 1101//1015
f 1101//1015 549//201 547//203
