# Blender 4.0.2
# www.blender.org
o DocPart3_face_skin
v 0.000224 -0.085678 1.739193
v 0.000222 -0.106725 1.653664
v 0.000222 -0.104246 1.658946
v 0.000224 -0.095770 1.673044
v 0.000222 -0.092661 1.700007
v 0.000225 -0.091235 1.683230
v 0.000224 -0.091672 1.687420
v 0.000223 -0.092757 1.694793
v 0.000230 -0.091081 1.711085
v 0.000226 -0.089885 1.720031
v 0.000223 -0.101565 1.664452
v 0.005587 -0.085552 1.739037
v 0.075374 -0.000462 1.675065
v 0.073000 -0.011756 1.672768
v 0.071617 -0.018947 1.694162
v 0.071363 -0.003726 1.636791
v 0.057651 -0.047789 1.624663
v 0.066592 -0.024726 1.629691
v 0.069393 -0.013809 1.632937
v 0.052035 -0.058772 1.623562
v 0.042724 -0.072261 1.625716
v 0.027050 -0.083107 1.639317
v 0.025477 -0.082757 1.634098
v 0.015757 -0.088267 1.642357
v 0.018928 -0.084588 1.636741
v 0.016930 -0.087155 1.645692
v 0.022042 -0.084131 1.641218
v 0.018529 -0.086323 1.649668
v 0.009098 -0.098542 1.657074
v 0.007376 -0.100925 1.657953
v 0.008550 -0.101172 1.652087
v 0.006965 -0.103463 1.652882
v 0.052130 -0.067301 1.667041
v 0.055707 -0.061710 1.674101
v 0.045600 -0.073279 1.663115
v 0.029772 -0.078677 1.662633
v 0.052262 -0.075330 1.692488
v 0.056263 -0.069350 1.690752
v 0.035456 -0.088132 1.697162
v 0.007280 -0.091807 1.672155
v 0.009813 -0.088430 1.670944
v 0.061362 -0.056819 1.686693
v 0.059073 -0.062968 1.688415
v 0.029344 -0.090099 1.696218
v 0.042913 -0.074721 1.668932
v 0.047868 -0.070515 1.671722
v 0.033718 -0.087490 1.692747
v 0.028532 -0.089010 1.692244
v 0.049970 -0.076475 1.689027
v 0.054153 -0.071995 1.687262
v 0.056970 -0.066491 1.685721
v 0.032325 -0.083893 1.688938
v 0.050289 -0.073370 1.684535
v 0.046503 -0.076556 1.686006
v 0.053102 -0.069886 1.683216
v 0.050138 -0.070695 1.682571
v 0.047740 -0.073265 1.683992
v 0.044185 -0.075852 1.685057
v 0.031937 -0.081628 1.687512
v 0.045082 -0.073927 1.680607
v 0.047033 -0.070707 1.678922
v 0.042710 -0.076998 1.682151
v 0.032610 -0.080838 1.684319
v 0.028486 -0.080673 1.683917
v 0.028241 -0.084874 1.688741
v 0.028081 -0.081828 1.687491
v 0.020785 -0.078840 1.679419
v 0.019173 -0.085300 1.687492
v 0.020734 -0.081068 1.685037
v 0.017965 -0.090057 1.691619
v 0.012448 -0.083464 1.682704
v 0.016181 -0.080175 1.682630
v 0.013601 -0.084758 1.685118
v 0.008595 -0.087701 1.683439
v 0.028657 -0.078411 1.668346
v 0.051556 -0.066211 1.676048
v 0.025596 -0.077968 1.668629
v 0.055676 -0.065844 1.681474
v 0.014877 -0.089826 1.652004
v 0.013892 -0.091478 1.647827
v 0.021078 -0.081955 1.659931
v 0.026533 -0.078977 1.663152
v 0.005706 -0.092230 1.700547
v 0.055114 -0.058121 1.737628
v 0.006166 -0.089418 1.683390
v 0.048510 -0.068591 1.677367
v 0.045979 -0.071592 1.673992
v 0.041428 -0.075539 1.671264
v 0.027918 -0.078621 1.670881
v 0.024903 -0.078035 1.671208
v 0.020230 -0.077239 1.669076
v 0.019928 -0.076767 1.674214
v 0.016782 -0.077155 1.676505
v 0.012126 -0.081592 1.673718
v 0.052182 -0.068144 1.680898
v 0.059434 -0.061694 1.683795
v 0.021008 -0.079333 1.664424
v 0.017002 -0.079774 1.666622
v 0.017119 -0.083392 1.662501
v 0.040348 -0.075766 1.673587
v 0.044681 -0.072474 1.675833
v 0.032479 -0.078351 1.684110
v 0.044166 -0.072723 1.680408
v 0.047125 -0.069540 1.678599
v 0.041778 -0.075299 1.682350
v 0.021057 -0.076911 1.678562
v 0.028637 -0.078567 1.683493
v 0.027430 -0.077983 1.673444
v 0.020065 -0.075656 1.675132
v 0.017292 -0.076605 1.676424
v 0.050060 -0.064107 1.738170
v 0.047425 -0.080299 1.695693
v 0.045041 -0.080816 1.691301
v 0.041914 -0.079719 1.687447
v 0.040460 -0.078374 1.686262
v 0.039732 -0.078545 1.683426
v 0.039033 -0.075858 1.683876
v 0.033637 -0.078620 1.672817
v 0.034905 -0.078544 1.670371
v 0.035941 -0.077787 1.667877
v 0.037635 -0.077052 1.662120
v 0.036962 -0.078908 1.635619
v 0.035684 -0.078537 1.630274
v 0.009449 -0.089757 1.688131
v 0.006077 -0.090726 1.688275
v 0.017766 -0.091216 1.695585
v 0.005744 -0.092158 1.693581
v 0.038679 -0.077882 1.655652
v 0.047519 -0.072687 1.655567
v 0.073577 -0.009432 1.663225
v 0.060566 -0.054333 1.672886
v 0.030409 -0.079837 1.657233
v 0.026831 -0.080461 1.658179
v 0.065360 -0.037617 1.704345
v 0.061518 -0.050464 1.708365
v 0.058239 -0.060818 1.709462
v 0.054132 -0.068824 1.710062
v 0.048457 -0.075121 1.710481
v 0.036684 -0.083908 1.709780
v 0.030478 -0.086710 1.709346
v 0.005003 -0.091247 1.709148
v 0.005291 -0.089816 1.719599
v 0.032259 -0.083347 1.719196
v 0.037836 -0.079922 1.719768
v 0.048619 -0.071456 1.719936
v 0.054158 -0.065313 1.719888
v 0.058939 -0.056891 1.720064
v 0.062943 -0.046618 1.719551
v 0.071369 -0.022331 1.706362
v 0.007490 -0.097991 1.663039
v 0.009372 -0.095535 1.661904
v 0.016150 -0.087957 1.656164
v 0.019929 -0.085216 1.653512
v 0.025444 -0.083063 1.650760
v 0.029441 -0.082086 1.649199
v 0.038572 -0.078758 1.646533
v 0.048013 -0.071804 1.644451
v 0.056599 -0.059589 1.643612
v 0.068180 -0.029048 1.648136
v 0.070915 -0.017887 1.651101
v 0.073030 -0.007530 1.654068
v 0.038991 -0.074372 1.674427
v 0.033497 -0.076841 1.673517
v 0.043495 -0.071372 1.676415
v 0.031884 -0.075900 1.685797
v 0.038034 -0.073922 1.685429
v 0.043414 -0.071106 1.680429
v 0.045797 -0.069679 1.678084
v 0.041417 -0.072395 1.683504
v 0.021756 -0.074659 1.679007
v 0.027949 -0.075973 1.684841
v 0.027367 -0.076720 1.674024
v 0.020651 -0.073052 1.675558
v 0.038551 -0.069531 1.674409
v 0.032339 -0.073019 1.673448
v 0.041462 -0.068153 1.677043
v 0.032192 -0.070012 1.683664
v 0.036885 -0.069583 1.684237
v 0.042353 -0.068304 1.679828
v 0.043770 -0.068503 1.678050
v 0.040436 -0.068631 1.683124
v 0.021876 -0.072240 1.678995
v 0.028327 -0.070613 1.683332
v 0.026083 -0.073095 1.674370
v 0.021297 -0.068817 1.677793
v 0.038392 -0.061736 1.675551
v 0.031475 -0.064093 1.674306
v 0.041922 -0.061202 1.676990
v 0.031700 -0.062897 1.680762
v 0.037738 -0.060958 1.681672
v 0.042560 -0.063651 1.680149
v 0.043105 -0.063279 1.678601
v 0.041266 -0.062208 1.681747
v 0.024515 -0.066475 1.679375
v 0.027957 -0.064824 1.680740
v 0.027534 -0.065056 1.674940
v 0.024267 -0.066031 1.675980
v 0.028892 -0.073197 1.673825
v 0.030568 -0.076916 1.673615
v 0.030651 -0.078326 1.672937
v 0.031164 -0.078859 1.670416
v 0.032120 -0.078397 1.667896
v 0.033587 -0.078136 1.662170
v 0.034347 -0.079042 1.656221
v 0.033838 -0.080735 1.647780
v 0.032104 -0.081334 1.637466
v 0.031099 -0.080925 1.632104
v 0.018339 -0.085243 1.639510
v 0.045257 -0.071448 1.631231
v 0.062643 -0.036260 1.626716
v 0.065391 -0.023182 1.620269
v 0.068395 -0.012162 1.623805
v 0.070247 -0.001683 1.627290
v 0.067493 -0.031018 1.691405
v 0.048893 -0.070889 1.682088
v 0.046513 -0.073176 1.683409
v 0.043327 -0.075508 1.684666
v 0.039749 -0.077919 1.685887
v 0.032105 -0.080959 1.687193
v 0.027952 -0.080812 1.686884
v 0.020299 -0.078987 1.684106
v 0.016187 -0.078315 1.681579
v 0.011676 -0.082543 1.679706
v 0.008554 -0.087075 1.679688
v 0.006433 -0.089291 1.679726
v 0.000225 -0.091902 1.679845
v 0.050402 -0.069046 1.680761
v 0.060819 -0.051058 1.644495
v 0.064703 -0.040634 1.645769
v 0.068656 -0.031665 1.657661
v 0.071333 -0.020307 1.660452
v 0.024475 -0.071432 1.681139
v 0.024169 -0.075302 1.681988
v 0.024699 -0.078086 1.681854
v 0.024627 -0.079907 1.682384
v 0.023854 -0.079889 1.685432
v 0.024084 -0.081502 1.686406
v 0.023726 -0.085385 1.688081
v 0.023154 -0.089573 1.691883
v 0.023366 -0.090653 1.695729
v 0.056138 -0.062765 1.659220
v 0.036367 -0.086808 1.701924
v 0.048587 -0.078103 1.701690
v 0.053533 -0.072318 1.700496
v 0.057506 -0.065290 1.700064
v 0.060478 -0.057229 1.698180
v 0.063047 -0.049324 1.693726
v 0.018141 -0.091010 1.700345
v 0.023973 -0.090155 1.700791
v 0.030166 -0.088967 1.701382
v 0.063804 -0.047417 1.674064
v 0.067140 -0.037437 1.677467
v 0.071882 -0.015094 1.682940
v 0.074331 -0.003465 1.684770
v 0.014304 -0.077652 1.675521
v 0.014311 -0.078845 1.679612
v 0.014856 -0.079690 1.681311
v 0.016547 -0.077564 1.678003
v 0.020247 -0.078985 1.681004
v 0.023984 -0.080260 1.683297
v 0.028165 -0.080959 1.685083
v 0.032263 -0.080995 1.685700
v 0.039515 -0.078599 1.684616
v 0.043051 -0.076549 1.683403
v 0.045697 -0.073998 1.681504
v 0.047759 -0.071129 1.679760
v 0.050158 -0.068276 1.678234
v 0.052269 -0.066034 1.677791
v 0.055994 -0.062655 1.677938
v 0.060079 -0.057306 1.679106
v 0.016806 -0.077355 1.670513
v 0.017127 -0.076715 1.672088
v 0.015615 -0.077050 1.675860
v 0.015454 -0.077370 1.677265
v 0.015343 -0.078432 1.680726
v 0.062444 -0.051892 1.680977
v 0.065267 -0.042741 1.685676
v 0.074544 -0.007002 1.695612
v 0.057061 -0.060879 1.652097
v 0.065185 -0.042914 1.655399
v 0.048155 -0.072318 1.650614
v 0.038772 -0.078249 1.651524
v 0.034231 -0.079803 1.652406
v 0.030163 -0.080934 1.653525
v 0.026439 -0.081782 1.654855
v 0.020723 -0.083654 1.657018
v 0.016916 -0.085683 1.659761
v 0.009542 -0.092122 1.666370
v 0.007275 -0.094582 1.667666
v 0.000223 -0.098564 1.669057
v 0.061291 -0.052613 1.654027
v 0.044951 -0.070228 1.677329
v 0.046155 -0.070707 1.676930
v 0.047087 -0.069419 1.675382
v 0.049566 -0.068253 1.673670
v 0.054351 -0.064051 1.670329
v 0.060339 -0.055031 1.664259
v 0.064867 -0.044867 1.665506
v 0.068374 -0.034244 1.667656
v 0.070821 -0.023097 1.670362
v 0.069339 -0.026552 1.680472
v 0.074891 -0.009641 1.707134
v 0.072031 -0.023519 1.717526
v 0.067082 -0.035334 1.718053
v 0.024283 -0.077404 1.674071
v 0.020086 -0.076825 1.671115
v 0.017890 -0.076444 1.674381
v 0.017852 -0.076450 1.673891
v 0.019668 -0.090027 1.708576
v 0.020967 -0.087935 1.718226
v 0.022341 -0.082838 1.737690
v 0.025132 -0.088745 1.708859
v 0.026556 -0.086048 1.718808
v 0.027844 -0.080564 1.738188
v 0.050383 -0.068350 1.679061
v 0.048220 -0.070892 1.680904
v 0.045810 -0.073285 1.682536
v 0.042823 -0.075528 1.684115
v 0.039470 -0.078074 1.685443
v 0.032114 -0.080937 1.686781
v 0.027971 -0.080961 1.686388
v 0.023829 -0.080147 1.684554
v 0.020206 -0.078617 1.682718
v 0.016329 -0.077387 1.679747
v 0.015262 -0.077648 1.679042
v 0.008644 -0.091998 1.693682
v 0.009120 -0.092024 1.700537
v 0.010294 -0.091030 1.709217
v 0.010752 -0.089398 1.719663
v 0.011259 -0.084984 1.738815
v 0.002975 -0.092562 1.699850
v 0.002979 -0.092438 1.693494
v 0.003665 -0.091225 1.688204
v 0.003945 -0.090444 1.683405
v 0.004327 -0.090841 1.679796
v 0.004948 -0.094057 1.672934
v 0.005075 -0.096828 1.668519
v 0.005302 -0.100100 1.663728
v 0.005219 -0.102952 1.658455
v 0.005014 -0.105343 1.653361
v 0.000227 -0.091842 1.705155
v 0.002641 -0.091918 1.704684
v 0.021653 -0.068667 1.675480
v 0.023490 -0.073129 1.674847
v 0.024200 -0.076047 1.674594
v 0.013356 -0.092948 1.644281
v 0.010837 -0.098407 1.645753
v 0.011238 -0.096221 1.649970
v 0.012121 -0.093887 1.654587
v 0.012855 -0.091229 1.658937
v 0.013521 -0.088344 1.662782
v 0.013897 -0.085364 1.665629
v 0.014415 -0.080564 1.669290
v 0.015262 -0.077564 1.672584
v 0.015920 -0.076753 1.673765
v 0.016587 -0.076266 1.674703
v 0.017218 -0.076062 1.675005
v 0.019557 -0.075265 1.676397
v 0.020333 -0.073765 1.677165
v -0.042271 -0.072196 1.625739
v -0.035235 -0.078535 1.630277
v -0.026599 -0.083114 1.639319
v -0.021587 -0.084130 1.641218
v -0.018486 -0.084595 1.636741
v -0.025050 -0.082756 1.634093
v -0.008656 -0.098538 1.657078
v -0.006932 -0.100922 1.657957
v -0.006520 -0.103465 1.652883
v -0.008104 -0.101174 1.652087
v -0.004570 -0.105343 1.653361
v -0.004775 -0.102952 1.658457
v -0.004635 -0.096819 1.668536
v -0.004860 -0.100095 1.663738
v -0.007044 -0.097983 1.663048
v -0.006831 -0.094571 1.667688
v -0.057744 -0.060827 1.709438
v -0.053644 -0.068835 1.709954
v -0.053054 -0.072428 1.700441
v -0.056992 -0.065319 1.700029
v -0.003895 -0.090824 1.679817
v -0.004500 -0.094031 1.672957
v -0.006826 -0.091778 1.672188
v -0.005993 -0.089272 1.679755
v -0.053619 -0.071978 1.687355
v -0.055685 -0.069388 1.690846
v -0.051710 -0.075366 1.692523
v -0.049393 -0.076457 1.689016
v -0.033229 -0.087472 1.692689
v -0.032050 -0.083907 1.688871
v -0.041614 -0.079726 1.687408
v -0.044352 -0.080751 1.691262
v -0.049932 -0.073293 1.684626
v -0.046216 -0.076543 1.686055
v -0.052793 -0.069773 1.683377
v -0.056298 -0.066661 1.685751
v -0.049921 -0.070521 1.682593
v -0.047333 -0.073151 1.683876
v -0.044031 -0.075785 1.685189
v -0.031714 -0.081648 1.687495
v -0.040236 -0.078351 1.686251
v -0.045311 -0.073968 1.681491
v -0.047369 -0.071095 1.679746
v -0.047854 -0.070848 1.680916
v -0.045468 -0.073217 1.682528
v -0.042644 -0.076523 1.683391
v -0.042512 -0.075492 1.684101
v -0.031842 -0.080961 1.686755
v -0.031960 -0.081014 1.685679
v -0.039263 -0.078573 1.684587
v -0.039209 -0.078048 1.685415
v -0.027847 -0.080995 1.685066
v -0.027657 -0.081004 1.686370
v -0.027897 -0.084887 1.688700
v -0.027708 -0.081884 1.687407
v -0.019901 -0.079050 1.680989
v -0.023622 -0.080301 1.683288
v -0.023463 -0.080185 1.684544
v -0.019820 -0.078656 1.682709
v -0.023690 -0.081536 1.686326
v -0.023268 -0.085407 1.688083
v -0.018682 -0.085296 1.687490
v -0.020305 -0.081072 1.684930
v -0.018085 -0.086323 1.649669
v -0.014433 -0.089827 1.652005
v -0.013446 -0.091479 1.647826
v -0.016486 -0.087154 1.645693
v -0.015312 -0.088272 1.642354
v -0.012908 -0.092949 1.644282
v -0.008929 -0.095526 1.661914
v -0.009099 -0.092114 1.666390
v -0.047981 -0.075166 1.710379
v -0.048089 -0.078243 1.701772
v -0.046834 -0.080278 1.695681
v -0.053709 -0.065321 1.719858
v -0.054670 -0.058122 1.737644
v -0.049617 -0.064109 1.738160
v -0.048164 -0.071458 1.719905
v -0.059303 -0.050598 1.737423
v -0.058506 -0.056903 1.720082
v -0.062489 -0.046612 1.719522
v -0.042557 -0.074688 1.668911
v -0.047514 -0.070454 1.671698
v -0.045628 -0.071542 1.673970
v -0.041043 -0.075515 1.671251
v -0.034581 -0.078538 1.670351
v -0.035552 -0.077772 1.667838
v -0.055366 -0.065739 1.681604
v -0.058921 -0.061728 1.683879
v -0.046679 -0.069392 1.675365
v -0.049190 -0.068182 1.673647
v -0.051239 -0.065999 1.675991
v -0.048161 -0.068466 1.677335
v -0.012415 -0.091214 1.658953
v -0.013077 -0.088343 1.662786
v -0.039939 -0.075759 1.673580
v -0.033221 -0.078629 1.672812
v -0.044265 -0.072458 1.675826
v -0.039347 -0.078537 1.683421
v -0.032227 -0.080842 1.684313
v -0.032039 -0.078352 1.684109
v -0.038600 -0.075856 1.683875
v -0.046622 -0.070683 1.678913
v -0.044656 -0.073918 1.680601
v -0.043721 -0.072723 1.680408
v -0.046681 -0.069538 1.678599
v -0.042255 -0.076996 1.682151
v -0.041336 -0.075299 1.682350
v -0.024242 -0.079933 1.682376
v -0.020427 -0.078901 1.679404
v -0.020619 -0.076912 1.678561
v -0.024256 -0.078084 1.681854
v -0.028120 -0.080693 1.683907
v -0.028198 -0.078567 1.683492
v -0.045712 -0.070707 1.676927
v -0.037391 -0.079904 1.719775
v -0.036213 -0.083868 1.709799
v -0.035852 -0.086836 1.702101
v -0.034971 -0.088175 1.697157
v -0.030873 -0.078883 1.670392
v -0.030254 -0.078333 1.672930
v -0.031796 -0.078414 1.667857
v -0.016103 -0.077572 1.678003
v -0.015841 -0.077362 1.679753
v -0.016347 -0.077166 1.676503
v -0.016888 -0.076641 1.676418
v -0.017399 -0.076453 1.673894
v -0.019501 -0.076778 1.674212
v -0.019620 -0.075656 1.675132
v -0.017451 -0.076462 1.674381
v -0.013147 -0.084746 1.685139
v -0.015717 -0.080160 1.682584
v -0.051888 -0.067895 1.680823
v -0.009366 -0.088426 1.670984
v -0.011685 -0.081595 1.673745
v -0.011227 -0.082537 1.679749
v -0.008106 -0.087055 1.679730
v -0.025241 -0.078002 1.668612
v -0.028348 -0.078450 1.668315
v -0.027599 -0.078661 1.670861
v -0.024539 -0.078065 1.671194
v -0.028064 -0.088936 1.692254
v -0.022682 -0.089526 1.691911
v -0.017468 -0.089923 1.691590
v -0.028895 -0.090188 1.696227
v -0.005743 -0.089392 1.683425
v -0.005637 -0.090725 1.688269
v -0.003232 -0.091231 1.688200
v -0.003515 -0.090419 1.683424
v -0.022936 -0.090619 1.695728
v -0.017334 -0.091220 1.695586
v -0.008989 -0.089744 1.688124
v -0.008162 -0.087684 1.683472
v -0.011999 -0.083456 1.682733
v -0.005307 -0.092154 1.693579
v -0.002534 -0.092421 1.693497
v -0.005249 -0.092232 1.700549
v -0.002542 -0.092569 1.699850
v -0.037181 -0.077045 1.662094
v -0.045180 -0.073279 1.663098
v -0.051692 -0.067285 1.667022
v -0.015709 -0.087951 1.656173
v -0.019479 -0.085219 1.653524
v -0.020273 -0.083654 1.657024
v -0.016470 -0.085682 1.659763
v -0.053956 -0.063984 1.670296
v -0.055335 -0.061555 1.674028
v -0.013453 -0.085365 1.665635
v -0.013972 -0.080565 1.669289
v -0.024995 -0.083066 1.650766
v -0.028996 -0.082092 1.649200
v -0.029716 -0.080933 1.653529
v -0.025990 -0.081782 1.654860
v -0.026105 -0.078979 1.663138
v -0.029343 -0.078679 1.662608
v -0.033901 -0.079041 1.656218
v -0.038234 -0.077885 1.655650
v -0.033155 -0.078132 1.662144
v -0.026385 -0.080461 1.658176
v -0.029963 -0.079837 1.657230
v -0.016555 -0.079771 1.666623
v -0.016676 -0.083390 1.662501
v -0.020633 -0.081955 1.659930
v -0.020569 -0.079335 1.664422
v -0.019803 -0.077245 1.669073
v -0.038127 -0.078764 1.646531
v -0.038321 -0.078252 1.651527
v -0.033784 -0.079804 1.652409
v -0.033398 -0.080737 1.647780
v -0.031820 -0.083329 1.719205
v -0.004849 -0.089809 1.719602
v -0.005144 -0.085552 1.739037
v -0.064930 -0.037624 1.704363
v -0.061025 -0.050432 1.708350
v -0.059951 -0.057271 1.698126
v -0.062589 -0.049326 1.693725
v -0.058390 -0.063034 1.688498
v -0.060888 -0.056821 1.686782
v -0.030019 -0.086678 1.709368
v -0.036527 -0.078906 1.635614
v -0.031665 -0.081333 1.637462
v -0.070510 -0.017894 1.651089
v -0.067700 -0.029048 1.648131
v -0.065995 -0.024692 1.629658
v -0.068866 -0.013791 1.632932
v -0.070905 -0.003721 1.636754
v -0.072612 -0.007535 1.654060
v -0.073136 -0.009432 1.663219
v -0.074929 -0.000462 1.675065
v -0.072553 -0.011756 1.672763
v -0.038547 -0.074372 1.674428
v -0.033060 -0.076841 1.673516
v -0.043053 -0.071371 1.676415
v -0.031442 -0.075901 1.685797
v -0.037590 -0.073922 1.685429
v -0.040972 -0.072395 1.683504
v -0.042970 -0.071107 1.680429
v -0.021311 -0.074661 1.679007
v -0.023729 -0.075304 1.681987
v -0.027505 -0.075974 1.684841
v -0.045353 -0.069679 1.678084
v -0.044508 -0.070228 1.677328
v -0.019111 -0.075265 1.676398
v -0.019889 -0.073767 1.677166
v -0.030123 -0.076916 1.673615
v -0.038109 -0.069531 1.674408
v -0.031897 -0.073019 1.673448
v -0.041021 -0.068153 1.677042
v -0.031753 -0.070013 1.683663
v -0.036445 -0.069585 1.684237
v -0.041908 -0.068304 1.679828
v -0.043326 -0.068503 1.678049
v -0.039993 -0.068631 1.683123
v -0.021432 -0.072242 1.678995
v -0.024033 -0.071435 1.681138
v -0.027886 -0.070613 1.683331
v -0.028450 -0.073198 1.673825
v -0.037948 -0.061732 1.675526
v -0.031031 -0.064091 1.674284
v -0.041480 -0.061200 1.676981
v -0.031255 -0.062898 1.680775
v -0.037293 -0.060959 1.681680
v -0.042118 -0.063651 1.680149
v -0.042662 -0.063279 1.678601
v -0.040822 -0.062208 1.681746
v -0.027510 -0.064822 1.680745
v -0.027090 -0.065053 1.674922
v -0.024070 -0.066475 1.679374
v -0.023823 -0.066031 1.675977
v -0.030601 -0.080920 1.632133
v -0.026923 -0.076720 1.674024
v -0.025641 -0.073095 1.674370
v -0.027066 -0.078013 1.673432
v -0.017895 -0.085253 1.639509
v -0.044778 -0.071389 1.631257
v -0.047544 -0.071791 1.644452
v -0.051407 -0.058607 1.623653
v -0.062071 -0.036183 1.626746
v -0.057011 -0.047665 1.624736
v -0.064733 -0.023141 1.620300
v -0.067834 -0.012140 1.623825
v -0.069779 -0.001676 1.627289
v -0.055636 -0.062485 1.677908
v -0.059651 -0.057289 1.679136
v -0.071172 -0.018947 1.694162
v -0.070923 -0.022330 1.706363
v -0.067055 -0.031013 1.691422
v -0.046180 -0.073122 1.683357
v -0.048577 -0.070807 1.682074
v -0.043045 -0.075493 1.684770
v -0.039501 -0.077890 1.685874
v -0.031770 -0.080981 1.687127
v -0.027647 -0.080859 1.686851
v -0.019821 -0.078960 1.684113
v -0.023474 -0.079919 1.685387
v -0.015715 -0.078282 1.681581
v -0.050049 -0.068187 1.679107
v -0.049841 -0.068096 1.678186
v -0.051955 -0.065805 1.677742
v -0.050119 -0.068921 1.680740
v -0.056026 -0.059533 1.643602
v -0.060229 -0.051000 1.644479
v -0.064146 -0.040603 1.645760
v -0.070940 -0.020322 1.660444
v -0.068223 -0.031669 1.657669
v -0.059906 -0.055040 1.664256
v -0.060132 -0.054318 1.672868
v -0.017607 -0.091023 1.700375
v -0.023438 -0.090201 1.700861
v -0.029631 -0.089082 1.701466
v -0.073887 -0.003466 1.684770
v -0.071436 -0.015098 1.682934
v -0.015162 -0.077048 1.675861
v -0.015013 -0.077374 1.677264
v -0.013875 -0.078833 1.679591
v -0.013858 -0.077647 1.675523
v -0.014840 -0.077579 1.672580
v -0.015467 -0.076751 1.673767
v -0.016371 -0.077362 1.670512
v -0.014818 -0.077648 1.679041
v -0.014420 -0.079675 1.681268
v -0.014904 -0.078409 1.680720
v -0.047075 -0.072692 1.655569
v -0.055690 -0.062765 1.659221
v -0.062011 -0.051895 1.681014
v -0.063372 -0.047420 1.674062
v -0.066693 -0.037433 1.677471
v -0.064825 -0.042745 1.685703
v -0.074096 -0.007002 1.695612
v -0.064691 -0.042900 1.655399
v -0.047692 -0.072320 1.650614
v -0.056563 -0.060868 1.652103
v -0.060781 -0.052602 1.654038
v -0.064418 -0.044864 1.665502
v -0.067910 -0.034244 1.667649
v -0.070371 -0.023106 1.670359
v -0.068904 -0.026550 1.680469
v -0.074447 -0.009641 1.707134
v -0.074786 -0.011573 1.717908
v -0.071584 -0.023518 1.717526
v -0.066634 -0.035332 1.718058
v -0.023046 -0.073129 1.674847
v -0.023756 -0.076047 1.674594
v -0.023891 -0.077429 1.674062
v -0.019645 -0.076826 1.671115
v -0.016671 -0.076713 1.672090
v -0.016135 -0.076270 1.674705
v -0.016785 -0.076084 1.675005
v -0.026115 -0.086041 1.718818
v -0.020528 -0.087939 1.718238
v -0.019229 -0.090007 1.708597
v -0.024673 -0.088724 1.708882
v -0.021896 -0.082835 1.737689
v -0.027401 -0.080562 1.738187
v -0.021208 -0.068667 1.675480
v -0.020854 -0.068818 1.677793
v -0.008194 -0.092016 1.693684
v -0.008640 -0.092032 1.700544
v -0.009854 -0.091032 1.709213
v -0.004570 -0.091241 1.709139
v -0.010313 -0.089401 1.719668
v -0.010814 -0.084981 1.738814
v -0.002207 -0.091920 1.704682
v -0.020206 -0.073053 1.675558
v -0.010792 -0.096225 1.649968
v -0.011679 -0.093880 1.654592
v -0.071749 -0.005452 1.645419
v -0.069599 -0.015542 1.641946
v -0.066733 -0.026590 1.638884
v -0.063063 -0.038346 1.636390
v -0.058770 -0.049224 1.634787
v -0.054414 -0.058359 1.634384
v -0.046639 -0.071261 1.637677
v -0.037553 -0.078926 1.641200
v -0.032657 -0.081233 1.642793
v -0.027925 -0.082829 1.644508
v -0.023498 -0.083949 1.646480
v 0.023946 -0.083947 1.646478
v 0.028359 -0.082816 1.644513
v 0.033072 -0.081226 1.642806
v 0.037983 -0.078921 1.641208
v 0.047125 -0.071295 1.637663
v 0.055021 -0.058469 1.634366
v 0.059406 -0.049321 1.634782
v 0.063647 -0.038402 1.636388
v 0.067269 -0.026608 1.638909
v 0.070073 -0.015548 1.641963
v 0.072181 -0.005452 1.645447
v 0.002661 -0.106497 1.653584
v -0.002214 -0.106495 1.653584
v 0.002692 -0.104036 1.658786
v -0.002245 -0.104036 1.658787
v 0.019050 -0.085583 1.644029
v 0.017056 -0.086580 1.641079
v -0.016613 -0.086586 1.641078
v -0.018606 -0.085581 1.644028
v 0.020859 -0.085033 1.648158
v -0.020412 -0.085035 1.648160
v 0.022374 -0.084044 1.652116
v -0.021923 -0.084048 1.652128
v -0.001492 -0.091485 1.687463
v -0.001660 -0.090987 1.683316
v -0.001883 -0.091625 1.679856
v -0.002148 -0.095384 1.673074
v -0.002278 -0.098174 1.668934
v -0.002339 -0.101272 1.664196
v 0.001930 -0.091479 1.687462
v 0.002097 -0.091003 1.683307
v 0.002361 -0.091662 1.679843
v 0.002590 -0.095403 1.673063
v 0.002718 -0.098183 1.668925
v 0.002783 -0.101275 1.664192
v -0.001328 -0.092161 1.690808
v 0.000223 -0.092277 1.690956
v 0.001770 -0.092159 1.690807
v 0.022085 -0.083437 1.636494
v -0.021621 -0.083428 1.636493
v 0.023292 -0.082711 1.655839
v 0.023704 -0.081204 1.658966
v 0.023609 -0.079162 1.663731
v 0.022866 -0.077429 1.668757
v 0.022305 -0.077287 1.671214
v 0.021654 -0.076978 1.674202
v 0.021719 -0.075574 1.675064
v 0.021812 -0.073017 1.675174
v -0.021368 -0.073017 1.675173
v -0.021275 -0.075574 1.675064
v -0.021237 -0.076998 1.674197
v -0.021899 -0.077301 1.671208
v -0.022472 -0.077453 1.668747
v -0.023175 -0.079165 1.663725
v -0.023262 -0.081204 1.658963
v -0.022841 -0.082712 1.655845
v 0.045078 -0.068957 1.738759
v 0.043261 -0.075977 1.720126
v 0.042324 -0.080202 1.710316
v 0.042178 -0.083286 1.701654
v 0.041321 -0.084788 1.696937
v 0.039145 -0.084613 1.692373
v 0.036855 -0.082223 1.688470
v 0.036540 -0.080315 1.687124
v 0.036214 -0.079851 1.686884
v 0.036126 -0.079752 1.686433
v 0.036082 -0.079965 1.685293
v 0.036361 -0.080025 1.684379
v 0.035817 -0.077701 1.684385
v 0.035502 -0.075203 1.685918
v -0.035061 -0.075203 1.685918
v -0.035383 -0.077702 1.684384
v -0.035917 -0.080019 1.684379
v -0.035786 -0.079963 1.685270
v -0.035824 -0.079758 1.686412
v -0.035945 -0.079833 1.686804
v -0.036304 -0.080306 1.687071
v -0.036586 -0.082227 1.688382
v -0.038483 -0.084584 1.692218
v -0.040783 -0.084813 1.696719
v -0.041651 -0.083342 1.701811
v -0.041859 -0.080209 1.710323
v -0.042822 -0.075978 1.720143
v -0.044634 -0.068955 1.738754
v 0.014513 -0.090399 1.643414
v 0.015251 -0.089092 1.646896
v 0.016573 -0.087903 1.650924
v 0.017976 -0.086504 1.654876
v 0.018735 -0.084577 1.658333
v 0.018966 -0.082648 1.661132
v 0.018765 -0.079419 1.665447
v 0.018112 -0.077211 1.669727
v 0.018265 -0.076729 1.671347
v 0.018662 -0.076614 1.674109
v 0.018865 -0.076206 1.674483
v 0.018535 -0.076162 1.675830
v 0.018535 -0.076796 1.677186
v 0.018404 -0.077884 1.677883
v 0.018032 -0.077919 1.679468
v 0.017927 -0.077473 1.681284
v 0.017774 -0.078445 1.682916
v 0.018154 -0.080648 1.683885
v 0.015646 -0.085326 1.686612
v 0.013463 -0.090176 1.690516
v 0.012927 -0.091809 1.694963
v 0.013075 -0.091741 1.700173
v 0.014887 -0.090654 1.708907
v 0.015783 -0.088830 1.719046
v 0.016818 -0.084153 1.738168
v -0.014067 -0.090400 1.643414
v -0.014806 -0.089091 1.646897
v -0.016129 -0.087904 1.650925
v -0.017529 -0.086507 1.654887
v -0.018287 -0.084577 1.658338
v -0.018521 -0.082648 1.661132
v -0.018329 -0.079424 1.665445
v -0.017675 -0.077217 1.669725
v -0.017814 -0.076726 1.671349
v -0.018232 -0.076625 1.674107
v -0.018434 -0.076216 1.674482
v -0.018110 -0.076173 1.675828
v -0.018126 -0.076827 1.677180
v -0.018046 -0.077946 1.677871
v -0.017635 -0.077964 1.679460
v -0.017491 -0.077483 1.681283
v -0.017278 -0.078411 1.682918
v -0.017693 -0.080633 1.683825
v -0.015166 -0.085308 1.686613
v -0.012977 -0.090053 1.690502
v -0.012486 -0.091768 1.694966
v -0.012531 -0.091748 1.700191
v -0.014447 -0.090655 1.708918
v -0.015347 -0.088837 1.719057
v -0.016373 -0.084151 1.738168
v 0.014167 -0.078073 1.677525
v 0.011651 -0.081985 1.676684
v 0.008780 -0.087388 1.675886
v 0.006820 -0.090183 1.676319
v 0.004673 -0.092123 1.676746
v 0.002499 -0.093166 1.676792
v 0.000224 -0.093466 1.676724
v -0.002048 -0.093152 1.676792
v -0.004229 -0.092095 1.676771
v -0.006365 -0.090152 1.676352
v -0.008329 -0.087373 1.675928
v -0.011202 -0.081984 1.676728
v -0.013720 -0.078069 1.677530
v 0.023112 -0.070242 1.674191
v 0.024997 -0.069384 1.673631
v 0.027872 -0.069079 1.672859
v 0.031663 -0.068442 1.672165
v 0.038919 -0.065231 1.673693
v 0.041752 -0.065110 1.676318
v 0.043020 -0.065496 1.678618
v 0.042316 -0.065492 1.680045
v 0.040607 -0.064931 1.682480
v 0.037151 -0.064207 1.683670
v 0.032120 -0.065604 1.683118
v 0.028379 -0.066999 1.682717
v 0.024620 -0.068312 1.680721
v 0.021761 -0.070398 1.678916
v 0.019841 -0.073230 1.676096
v 0.019524 -0.075126 1.675454
v 0.018730 -0.076234 1.675175
v 0.017559 -0.076099 1.674516
v 0.017108 -0.076439 1.673924
v 0.016456 -0.076776 1.672842
v 0.015893 -0.077533 1.671495
v 0.015707 -0.080164 1.667830
v 0.015468 -0.084232 1.663956
v 0.015181 -0.086862 1.661192
v 0.014477 -0.089496 1.657496
v 0.013497 -0.091827 1.653261
v 0.012563 -0.093857 1.648889
v 0.012098 -0.095664 1.645012
v -0.022668 -0.070243 1.674191
v -0.024553 -0.069384 1.673629
v -0.027428 -0.069078 1.672849
v -0.031221 -0.068440 1.672153
v -0.038476 -0.065228 1.673679
v -0.041309 -0.065110 1.676313
v -0.042576 -0.065496 1.678618
v -0.041872 -0.065493 1.680045
v -0.040164 -0.064931 1.682480
v -0.036708 -0.064208 1.683674
v -0.031678 -0.065606 1.683125
v -0.027936 -0.067000 1.682720
v -0.024178 -0.068313 1.680720
v -0.021318 -0.070400 1.678915
v -0.019397 -0.073232 1.676096
v -0.019079 -0.075126 1.675455
v -0.018297 -0.076246 1.675174
v -0.017120 -0.076121 1.674517
v -0.016653 -0.076441 1.673928
v -0.016001 -0.076772 1.672843
v -0.015472 -0.077551 1.671491
v -0.015264 -0.080164 1.667830
v -0.015023 -0.084232 1.663959
v -0.014737 -0.086860 1.661195
v -0.014036 -0.089486 1.657508
v -0.013054 -0.091823 1.653264
v -0.012117 -0.093856 1.648888
v -0.011653 -0.095666 1.645011
v 0.020769 -0.074768 1.677905
v 0.020032 -0.075961 1.677084
v 0.018405 -0.076237 1.676411
v 0.017162 -0.076161 1.675712
v 0.016221 -0.076364 1.675538
v 0.015601 -0.076621 1.674747
v 0.014737 -0.077568 1.673851
v 0.013125 -0.081025 1.671146
v 0.012185 -0.086790 1.667755
v 0.011702 -0.090137 1.664517
v 0.011140 -0.093231 1.660439
v 0.010647 -0.096127 1.655896
v 0.009922 -0.098692 1.651063
v -0.020325 -0.074770 1.677905
v -0.019591 -0.075962 1.677084
v -0.017968 -0.076252 1.676410
v -0.016732 -0.076182 1.675712
v -0.015778 -0.076370 1.675538
v -0.015154 -0.076620 1.674747
v -0.014300 -0.077571 1.673850
v -0.012684 -0.081027 1.671153
v -0.011739 -0.086790 1.667770
v -0.011257 -0.090131 1.664529
v -0.010698 -0.093219 1.660452
v -0.010204 -0.096122 1.655901
v -0.009477 -0.098694 1.651063
v 0.039753 -0.075420 1.628209
v 0.041527 -0.075474 1.633575
v 0.042841 -0.075652 1.639505
v 0.043425 -0.075899 1.645458
v 0.043427 -0.075863 1.650862
v 0.043107 -0.075741 1.655353
v 0.041649 -0.075447 1.662400
v 0.039585 -0.076412 1.668199
v 0.038446 -0.077311 1.670567
v 0.037363 -0.077301 1.673079
v 0.036700 -0.075899 1.673765
v 0.035940 -0.071180 1.673335
v 0.035793 -0.066668 1.672538
v 0.034869 -0.062830 1.674606
v -0.039309 -0.075382 1.628218
v -0.041076 -0.075447 1.633584
v -0.042383 -0.075636 1.639510
v -0.042967 -0.075896 1.645459
v -0.042970 -0.075866 1.650864
v -0.042660 -0.075748 1.655352
v -0.041211 -0.075441 1.662379
v -0.039167 -0.076384 1.668165
v -0.038092 -0.077296 1.670551
v -0.036966 -0.077296 1.673070
v -0.036259 -0.075899 1.673764
v -0.035498 -0.071181 1.673335
v -0.035362 -0.066660 1.672519
v -0.034424 -0.062826 1.674583
v 0.044999 -0.068638 1.622721
v 0.048532 -0.066189 1.628293
v 0.051085 -0.065700 1.635892
v 0.052351 -0.066407 1.643716
v 0.052773 -0.067372 1.650967
v 0.051996 -0.068418 1.656708
v 0.049166 -0.070568 1.664611
v 0.045573 -0.072727 1.670282
v 0.043957 -0.073653 1.672587
v 0.042553 -0.074320 1.674535
v 0.041322 -0.072974 1.675154
v 0.040028 -0.068636 1.675673
v 0.040562 -0.064967 1.674754
v 0.040439 -0.062541 1.675471
v -0.044487 -0.068496 1.622768
v -0.047983 -0.066070 1.628356
v -0.050539 -0.065623 1.635909
v -0.051823 -0.066367 1.643710
v -0.052293 -0.067364 1.650966
v -0.051551 -0.068418 1.656709
v -0.048727 -0.070566 1.664596
v -0.045239 -0.072674 1.670256
v -0.043603 -0.073609 1.672567
v -0.042142 -0.074307 1.674528
v -0.040878 -0.072974 1.675154
v -0.039586 -0.068636 1.675672
v -0.040107 -0.064967 1.674750
v -0.039996 -0.062538 1.675453
v 0.051857 -0.070527 1.682978
v 0.054087 -0.067134 1.681056
v 0.053997 -0.064457 1.677974
v 0.053257 -0.064419 1.675069
v 0.051835 -0.066672 1.672138
v 0.049963 -0.069320 1.669592
v 0.047504 -0.071748 1.667701
v 0.044338 -0.073853 1.666302
v 0.040635 -0.075532 1.665508
v 0.036842 -0.076801 1.665189
v 0.032917 -0.077648 1.665180
v 0.029240 -0.078002 1.665563
v 0.026063 -0.078057 1.666000
v 0.023263 -0.078112 1.666336
v 0.020641 -0.078167 1.666981
v 0.018403 -0.078110 1.667898
v 0.016801 -0.078313 1.668832
v 0.015784 -0.078543 1.669867
v 0.014851 -0.078764 1.671107
v 0.013922 -0.078921 1.672720
v 0.013209 -0.079179 1.674891
v 0.012996 -0.079678 1.677397
v 0.013334 -0.080511 1.679652
v 0.014078 -0.081302 1.681855
v 0.015636 -0.081975 1.683741
v 0.017743 -0.082532 1.684893
v 0.020426 -0.083006 1.685768
v 0.024200 -0.083392 1.686780
v 0.028322 -0.083271 1.687711
v 0.032160 -0.082656 1.687844
v 0.036871 -0.081156 1.687505
v 0.041420 -0.079033 1.686649
v 0.045285 -0.076186 1.685422
v 0.048903 -0.073344 1.684062
v -0.051634 -0.070319 1.683021
v -0.054024 -0.066912 1.681270
v -0.053684 -0.064181 1.677931
v -0.052953 -0.064172 1.675002
v -0.051449 -0.066588 1.672109
v -0.049555 -0.069289 1.669576
v -0.047101 -0.071727 1.667685
v -0.043969 -0.073831 1.666279
v -0.040218 -0.075510 1.665476
v -0.036376 -0.076781 1.665147
v -0.032529 -0.077651 1.665138
v -0.028897 -0.078028 1.665529
v -0.025697 -0.078085 1.665982
v -0.022862 -0.078134 1.666328
v -0.020215 -0.078173 1.666978
v -0.017985 -0.078128 1.667893
v -0.016388 -0.078336 1.668826
v -0.015360 -0.078559 1.669862
v -0.014411 -0.078764 1.671107
v -0.013483 -0.078923 1.672728
v -0.012767 -0.079178 1.674901
v -0.012551 -0.079677 1.677419
v -0.012880 -0.080507 1.679678
v -0.013617 -0.081298 1.681873
v -0.015163 -0.081967 1.683760
v -0.017287 -0.082530 1.684899
v -0.019975 -0.083009 1.685758
v -0.023784 -0.083423 1.686759
v -0.028009 -0.083317 1.687637
v -0.031905 -0.082677 1.687738
v -0.036613 -0.081152 1.687453
v -0.041157 -0.079020 1.686618
v -0.045135 -0.076135 1.685510
v -0.048669 -0.073201 1.684099
v 0.037198 -0.083446 1.689754
v 0.032640 -0.085449 1.690441
v 0.028289 -0.086737 1.690158
v 0.023325 -0.087423 1.689657
v 0.018514 -0.087701 1.689089
v 0.014607 -0.087690 1.688027
v 0.011826 -0.087164 1.686091
v 0.010519 -0.085780 1.683032
v 0.010102 -0.084941 1.679660
v 0.010202 -0.084745 1.676121
v 0.011039 -0.084737 1.672261
v 0.012651 -0.083776 1.669439
v 0.014123 -0.082833 1.667448
v 0.015570 -0.082053 1.665865
v 0.017073 -0.081440 1.664535
v 0.018885 -0.080897 1.663273
v 0.021074 -0.080479 1.662242
v 0.023734 -0.080042 1.661398
v 0.026766 -0.079638 1.660737
v 0.030214 -0.079258 1.660139
v 0.034111 -0.078643 1.659443
v 0.038283 -0.077530 1.659144
v 0.042439 -0.075644 1.659116
v 0.046622 -0.072967 1.659651
v 0.050691 -0.069458 1.661125
v 0.054251 -0.065104 1.663869
v 0.057019 -0.060618 1.668179
v 0.058059 -0.058747 1.673552
v 0.057931 -0.060414 1.678254
v 0.057395 -0.064225 1.682259
v 0.054942 -0.068689 1.683993
v 0.052037 -0.073084 1.685336
v 0.047946 -0.076767 1.687022
v 0.042889 -0.080450 1.688701
v -0.036746 -0.083401 1.689694
v -0.032306 -0.085442 1.690383
v -0.027893 -0.086779 1.690099
v -0.022875 -0.087452 1.689594
v -0.018046 -0.087697 1.689018
v -0.014153 -0.087676 1.688001
v -0.011363 -0.087143 1.686109
v -0.010080 -0.085768 1.683064
v -0.009649 -0.084925 1.679702
v -0.009757 -0.084740 1.676167
v -0.010595 -0.084737 1.672292
v -0.012208 -0.083778 1.669454
v -0.013680 -0.082833 1.667450
v -0.015126 -0.082053 1.665865
v -0.016628 -0.081440 1.664536
v -0.018442 -0.080897 1.663272
v -0.020633 -0.080479 1.662239
v -0.023299 -0.080044 1.661394
v -0.026329 -0.079639 1.660729
v -0.029773 -0.079256 1.660125
v -0.033671 -0.078640 1.659429
v -0.037832 -0.077527 1.659131
v -0.041999 -0.075646 1.659106
v -0.046186 -0.072969 1.659643
v -0.050243 -0.069460 1.661120
v -0.053804 -0.065110 1.663861
v -0.056603 -0.060593 1.668159
v -0.057652 -0.058655 1.673493
v -0.057515 -0.060356 1.678226
v -0.056986 -0.064185 1.682329
v -0.054486 -0.068671 1.684139
v -0.051609 -0.072976 1.685530
v -0.047559 -0.076774 1.687086
v -0.042422 -0.080434 1.688729
v 0.063756 -0.044350 1.728883
v 0.059432 -0.053940 1.728436
v 0.054641 -0.061959 1.728716
v 0.049302 -0.068092 1.729310
v 0.044272 -0.072763 1.729903
v 0.039069 -0.076742 1.730389
v 0.033453 -0.080340 1.730173
v 0.027637 -0.083387 1.729191
v 0.021848 -0.085525 1.728645
v 0.016165 -0.086853 1.728713
v 0.010871 -0.087551 1.729331
v 0.005418 -0.088109 1.729401
v 0.000225 -0.088310 1.729476
v -0.004974 -0.088106 1.729402
v -0.010430 -0.087553 1.729333
v -0.015723 -0.086854 1.728720
v -0.021405 -0.085524 1.728650
v -0.027194 -0.083384 1.729196
v -0.033010 -0.080334 1.730176
v -0.038625 -0.076736 1.730401
v -0.043833 -0.072761 1.729912
v -0.048856 -0.068086 1.729297
v -0.054197 -0.061960 1.728725
v -0.058991 -0.053946 1.728497
v -0.063313 -0.044350 1.728873
v -0.067498 -0.034332 1.728158
v -0.000164 -0.107448 1.657493
v -0.000581 -0.113880 1.647402
v -0.000556 -0.117603 1.638362
v -0.005572 -0.106420 1.656506
v -0.011815 -0.100374 1.654432
v -0.021131 -0.093242 1.651143
v -0.037811 -0.084631 1.646449
v -0.049257 -0.072944 1.643779
v -0.006290 -0.112021 1.646810
v -0.015727 -0.103508 1.643802
v -0.025452 -0.095366 1.639592
v -0.038405 -0.085300 1.636630
v -0.048729 -0.073577 1.633616
v -0.006770 -0.115616 1.637621
v -0.019194 -0.105023 1.632919
v -0.030395 -0.094750 1.627703
v -0.040102 -0.083727 1.623729
v -0.048168 -0.072377 1.620445
v -0.074164 -0.012894 1.688965
v -0.069808 -0.030040 1.676889
v -0.065021 -0.043311 1.667443
v -0.057805 -0.060181 1.655160
v -0.052924 -0.067921 1.655794
v -0.045835 -0.074856 1.657098
v -0.030111 -0.083389 1.659620
v -0.017426 -0.088795 1.663849
v -0.006906 -0.095724 1.669919
v -0.003918 -0.096801 1.671254
v 0.000359 -0.097082 1.671945
v -0.074718 -0.012961 1.688747
v -0.070461 -0.030162 1.676602
v -0.065847 -0.043721 1.666960
v -0.058398 -0.060442 1.654959
v -0.053039 -0.068245 1.655519
v -0.046010 -0.075233 1.656896
v -0.030201 -0.083854 1.659661
v -0.017609 -0.088976 1.663866
v -0.007286 -0.095921 1.669857
v -0.003999 -0.097060 1.671299
v 0.000357 -0.097412 1.671979
v -0.070716 -0.023883 1.667927
v -0.075434 -0.006804 1.679108
v -0.062034 -0.049403 1.628883
v -0.063431 -0.050317 1.639145
v -0.063777 -0.050300 1.648729
v -0.067939 -0.035804 1.659576
v -0.070227 -0.023680 1.668211
v -0.074507 -0.006686 1.679494
v -0.061591 -0.049210 1.628962
v -0.062942 -0.050002 1.639312
v -0.063096 -0.049711 1.648552
v -0.067179 -0.035492 1.659994
v 0.005507 -0.106839 1.656747
v 0.014524 -0.100552 1.653141
v 0.023678 -0.093905 1.650819
v 0.031933 -0.088575 1.649130
v 0.041805 -0.080795 1.647600
v 0.050101 -0.072534 1.646325
v 0.005661 -0.112703 1.647054
v 0.018141 -0.102973 1.642947
v 0.031527 -0.091335 1.638570
v 0.039737 -0.083080 1.636786
v 0.047873 -0.073460 1.635247
v 0.006617 -0.115991 1.637470
v 0.020731 -0.105310 1.632063
v 0.032835 -0.092710 1.626668
v 0.039501 -0.084557 1.624012
v 0.047290 -0.074750 1.621139
v 0.074516 -0.012879 1.689259
v 0.070216 -0.030305 1.677485
v 0.065928 -0.044406 1.667604
v 0.059685 -0.058935 1.657181
v 0.053559 -0.068162 1.657931
v 0.045317 -0.075566 1.659359
v 0.031990 -0.082738 1.660454
v 0.023416 -0.086638 1.662438
v 0.015811 -0.090185 1.665109
v 0.007414 -0.095718 1.669914
v 0.004056 -0.096872 1.671302
v 0.075360 -0.012893 1.688941
v 0.071054 -0.030344 1.677134
v 0.066620 -0.044545 1.667278
v 0.060696 -0.059239 1.656285
v 0.053895 -0.068388 1.657744
v 0.045503 -0.075770 1.659289
v 0.032074 -0.082958 1.660438
v 0.023586 -0.086899 1.662521
v 0.016037 -0.090455 1.665196
v 0.004128 -0.097125 1.671383
v 0.071434 -0.024156 1.668451
v 0.075827 -0.006780 1.679450
v 0.063149 -0.049776 1.631239
v 0.064291 -0.050159 1.641604
v 0.065237 -0.049965 1.649491
v 0.068378 -0.036922 1.659627
v 0.070627 -0.023967 1.668892
v 0.074878 -0.006751 1.679810
v 0.062892 -0.049637 1.631351
v 0.064006 -0.049998 1.641654
v 0.064279 -0.049606 1.649776
v 0.067452 -0.036644 1.660137
v -0.056805 -0.061804 1.641793
v -0.055675 -0.062757 1.631168
v -0.005578 -0.116308 1.635107
v -0.007640 -0.114030 1.635113
v -0.019196 -0.104226 1.631009
v -0.030811 -0.093193 1.625254
v -0.039683 -0.082550 1.621724
v 0.007617 -0.095978 1.669905
v 0.005429 -0.117008 1.634784
v 0.057748 -0.062502 1.644758
v 0.055689 -0.063040 1.633189
v 0.044296 -0.069927 1.624671
v -0.041961 -0.068567 1.621935
v 0.018721 -0.104417 1.631352
v 0.007018 -0.114193 1.635292
v 0.031482 -0.091886 1.625012
v 0.038158 -0.083639 1.622407
v -0.000566 -0.117558 1.635649
v 0.033289 -0.045447 1.684067
v 0.032912 -0.045547 1.684806
v 0.032321 -0.045639 1.685391
v 0.031575 -0.045714 1.685767
v 0.030747 -0.045764 1.685894
v 0.029921 -0.045785 1.685762
v 0.029172 -0.045774 1.685384
v 0.028580 -0.045734 1.684795
v 0.028197 -0.045666 1.684054
v 0.028064 -0.045579 1.683233
v 0.028193 -0.045481 1.682413
v 0.028572 -0.045381 1.681674
v 0.029162 -0.045289 1.681089
v 0.029909 -0.045215 1.680714
v 0.030736 -0.045164 1.680586
v 0.031563 -0.045143 1.680718
v 0.032311 -0.045154 1.681097
v 0.032904 -0.045195 1.681685
v 0.033286 -0.045262 1.682426
v 0.033419 -0.045349 1.683247
v 0.035803 -0.046054 1.684802
v 0.035055 -0.046251 1.686262
v 0.033888 -0.046433 1.687419
v 0.032414 -0.046580 1.688160
v 0.030781 -0.046680 1.688413
v 0.029146 -0.046721 1.688152
v 0.027669 -0.046700 1.687404
v 0.026496 -0.046619 1.686241
v 0.025743 -0.046487 1.684778
v 0.025480 -0.046316 1.683157
v 0.025734 -0.046120 1.681538
v 0.026483 -0.045923 1.680078
v 0.027650 -0.045742 1.678921
v 0.029123 -0.045594 1.678180
v 0.030756 -0.045495 1.677927
v 0.032391 -0.045454 1.678188
v 0.033868 -0.045474 1.678936
v 0.035039 -0.045555 1.680099
v 0.035795 -0.045688 1.681562
v 0.036057 -0.045860 1.683183
v 0.038209 -0.047061 1.685454
v 0.037110 -0.047350 1.687598
v 0.035395 -0.047616 1.689298
v 0.033232 -0.047833 1.690387
v 0.030831 -0.047979 1.690758
v 0.028429 -0.048039 1.690375
v 0.026261 -0.048009 1.689276
v 0.024538 -0.047890 1.687567
v 0.023428 -0.047695 1.685417
v 0.023043 -0.047443 1.683036
v 0.023417 -0.047157 1.680657
v 0.024516 -0.046868 1.678512
v 0.026231 -0.046601 1.676813
v 0.028395 -0.046384 1.675724
v 0.030795 -0.046238 1.675353
v 0.033196 -0.046178 1.675736
v 0.035366 -0.046208 1.676835
v 0.037089 -0.046327 1.678543
v 0.038197 -0.046522 1.680693
v 0.038583 -0.046774 1.683075
v 0.040449 -0.048440 1.686004
v 0.039026 -0.048815 1.688781
v 0.036806 -0.049160 1.690981
v 0.034005 -0.049441 1.692391
v 0.030897 -0.049630 1.692871
v 0.027787 -0.049708 1.692376
v 0.024979 -0.049669 1.690952
v 0.022748 -0.049515 1.688741
v 0.021313 -0.049263 1.685957
v 0.020813 -0.048935 1.682874
v 0.021297 -0.048566 1.679793
v 0.022721 -0.048190 1.677017
v 0.024941 -0.047846 1.674816
v 0.027741 -0.047565 1.673407
v 0.030849 -0.047376 1.672926
v 0.033960 -0.047299 1.673422
v 0.036768 -0.047337 1.674845
v 0.038998 -0.047492 1.677057
v 0.040433 -0.047743 1.679841
v 0.040934 -0.048071 1.682923
v 0.042467 -0.050160 1.686440
v 0.040756 -0.050612 1.689780
v 0.038085 -0.051027 1.692427
v 0.034715 -0.051365 1.694123
v 0.030977 -0.051592 1.694701
v 0.027236 -0.051686 1.694105
v 0.023858 -0.051639 1.692392
v 0.021174 -0.051454 1.689732
v 0.019447 -0.051150 1.686383
v 0.018846 -0.050757 1.682674
v 0.019429 -0.050312 1.678968
v 0.021141 -0.049862 1.675628
v 0.023812 -0.049445 1.672980
v 0.027181 -0.049108 1.671285
v 0.030920 -0.048881 1.670707
v 0.034661 -0.048786 1.671303
v 0.038039 -0.048834 1.673016
v 0.040723 -0.049019 1.675676
v 0.042449 -0.049323 1.679025
v 0.043051 -0.049716 1.682734
v 0.044215 -0.052179 1.686750
v 0.042258 -0.052695 1.690572
v 0.039202 -0.053170 1.693601
v 0.035346 -0.053556 1.695541
v 0.031069 -0.053816 1.696202
v 0.026788 -0.053924 1.695520
v 0.022923 -0.053870 1.693561
v 0.019853 -0.053659 1.690516
v 0.017877 -0.053311 1.686686
v 0.017189 -0.052861 1.682442
v 0.017857 -0.052353 1.678202
v 0.019815 -0.051837 1.674380
v 0.022871 -0.051361 1.671351
v 0.026726 -0.050975 1.669411
v 0.031003 -0.050715 1.668750
v 0.035284 -0.050607 1.669432
v 0.039149 -0.050661 1.671391
v 0.042219 -0.050872 1.674436
v 0.044195 -0.051220 1.678267
v 0.044883 -0.051671 1.682510
v 0.045650 -0.054445 1.686928
v 0.043493 -0.055015 1.691136
v 0.040128 -0.055537 1.694473
v 0.035881 -0.055963 1.696609
v 0.031171 -0.056249 1.697338
v 0.026456 -0.056368 1.696586
v 0.022200 -0.056308 1.694429
v 0.018817 -0.056076 1.691076
v 0.016642 -0.055693 1.686856
v 0.015885 -0.055197 1.682183
v 0.016620 -0.054638 1.677513
v 0.018775 -0.054068 1.673305
v 0.022141 -0.053545 1.669968
v 0.026388 -0.053119 1.667831
v 0.031099 -0.052833 1.667103
v 0.035813 -0.052714 1.667855
v 0.040069 -0.052775 1.670013
v 0.043451 -0.053007 1.673365
v 0.045627 -0.053390 1.677585
v 0.046385 -0.053886 1.682258
v 0.046734 -0.056905 1.686968
v 0.044433 -0.057512 1.691460
v 0.040840 -0.058070 1.695021
v 0.036308 -0.058525 1.697302
v 0.031280 -0.058830 1.698080
v 0.026248 -0.058957 1.697278
v 0.021705 -0.058893 1.694974
v 0.018095 -0.058645 1.691396
v 0.015772 -0.058236 1.686892
v 0.014964 -0.057707 1.681904
v 0.015748 -0.057109 1.676919
v 0.018050 -0.056501 1.672427
v 0.021642 -0.055944 1.668866
v 0.026175 -0.055489 1.666585
v 0.031203 -0.055184 1.665807
v 0.036235 -0.055057 1.666610
v 0.040778 -0.055121 1.668913
v 0.044388 -0.055369 1.672492
v 0.046711 -0.055778 1.676995
v 0.047519 -0.056307 1.681984
v 0.047442 -0.059496 1.686870
v 0.045053 -0.060127 1.691535
v 0.041322 -0.060706 1.695233
v 0.036614 -0.061178 1.697602
v 0.031394 -0.061495 1.698409
v 0.026168 -0.061627 1.697577
v 0.021450 -0.061561 1.695185
v 0.017701 -0.061303 1.691468
v 0.015289 -0.060878 1.686791
v 0.014449 -0.060329 1.681611
v 0.015264 -0.059708 1.676434
v 0.017653 -0.059077 1.671768
v 0.021385 -0.058497 1.668071
v 0.026092 -0.058026 1.665702
v 0.031313 -0.057709 1.664894
v 0.036540 -0.057578 1.665728
v 0.041258 -0.057643 1.668119
v 0.045007 -0.057901 1.671836
v 0.047419 -0.058326 1.676513
v 0.048259 -0.058875 1.681694
v 0.047759 -0.062155 1.686636
v 0.045339 -0.062794 1.691360
v 0.041562 -0.063381 1.695104
v 0.036796 -0.063858 1.697502
v 0.031508 -0.064179 1.698320
v 0.026217 -0.064313 1.697476
v 0.021441 -0.064246 1.695055
v 0.017646 -0.063985 1.691292
v 0.015203 -0.063555 1.686556
v 0.014353 -0.062998 1.681311
v 0.015179 -0.062370 1.676070
v 0.017598 -0.061731 1.671347
v 0.021376 -0.061144 1.667602
v 0.026141 -0.060667 1.665204
v 0.031429 -0.060346 1.664387
v 0.036719 -0.060212 1.665230
v 0.041496 -0.060279 1.667652
v 0.045291 -0.060540 1.671415
v 0.047734 -0.060970 1.676150
v 0.048584 -0.061528 1.681395
v 0.047674 -0.064818 1.686272
v 0.045284 -0.065448 1.690938
v 0.041553 -0.066028 1.694636
v 0.036846 -0.066499 1.697005
v 0.031624 -0.066816 1.697812
v 0.026398 -0.066948 1.696979
v 0.021680 -0.066883 1.694587
v 0.017931 -0.066624 1.690871
v 0.015519 -0.066199 1.686193
v 0.014679 -0.065650 1.681013
v 0.015494 -0.065029 1.675836
v 0.017884 -0.064398 1.671171
v 0.021615 -0.063819 1.667473
v 0.026321 -0.063347 1.665104
v 0.031544 -0.063030 1.664297
v 0.036770 -0.062898 1.665130
v 0.041488 -0.062964 1.667522
v 0.045237 -0.063222 1.671238
v 0.047648 -0.063647 1.675916
v 0.048489 -0.064196 1.681096
v 0.047189 -0.067417 1.685787
v 0.044888 -0.068023 1.690280
v 0.041295 -0.068582 1.693841
v 0.036763 -0.069036 1.696122
v 0.031734 -0.069341 1.696899
v 0.026702 -0.069468 1.696097
v 0.022159 -0.069404 1.693794
v 0.018549 -0.069156 1.690215
v 0.016227 -0.068747 1.685711
v 0.015418 -0.068218 1.680723
v 0.016202 -0.067620 1.675739
v 0.018505 -0.067013 1.671246
v 0.022097 -0.066455 1.667685
v 0.026629 -0.066001 1.665404
v 0.031658 -0.065695 1.664627
v 0.036690 -0.065568 1.665429
v 0.041233 -0.065632 1.667732
v 0.044843 -0.065880 1.671310
v 0.047166 -0.066289 1.675815
v 0.047974 -0.066818 1.680803
v 0.046318 -0.069888 1.685193
v 0.044162 -0.070457 1.689402
v 0.040796 -0.070981 1.692738
v 0.036550 -0.071406 1.694875
v 0.031838 -0.071692 1.695603
v 0.027124 -0.071811 1.694852
v 0.022868 -0.071751 1.692694
v 0.019486 -0.071518 1.689341
v 0.017310 -0.071135 1.685122
v 0.016552 -0.070640 1.680448
v 0.017288 -0.070080 1.675779
v 0.019444 -0.069510 1.671570
v 0.022810 -0.068988 1.668234
v 0.027056 -0.068562 1.666097
v 0.031766 -0.068276 1.665369
v 0.036480 -0.068157 1.666120
v 0.040738 -0.068217 1.668278
v 0.044118 -0.068449 1.671631
v 0.046296 -0.068832 1.675850
v 0.047053 -0.069329 1.680523
v 0.045081 -0.072172 1.684504
v 0.043123 -0.072689 1.688326
v 0.040067 -0.073164 1.691355
v 0.036211 -0.073550 1.693295
v 0.031934 -0.073810 1.693956
v 0.027654 -0.073918 1.693274
v 0.023788 -0.073864 1.691315
v 0.020718 -0.073652 1.688271
v 0.018742 -0.073306 1.684439
v 0.018055 -0.072855 1.680196
v 0.018722 -0.072346 1.675956
v 0.020679 -0.071829 1.672135
v 0.023736 -0.071355 1.669106
v 0.027592 -0.070968 1.667165
v 0.031868 -0.070709 1.666504
v 0.036149 -0.070600 1.667187
v 0.040014 -0.070655 1.669146
v 0.043085 -0.070866 1.672190
v 0.045060 -0.071214 1.676021
v 0.045748 -0.071664 1.680264
v 0.043508 -0.074213 1.683738
v 0.041797 -0.074664 1.687078
v 0.039125 -0.075079 1.689726
v 0.035756 -0.075417 1.691421
v 0.032018 -0.075644 1.691999
v 0.028276 -0.075739 1.691403
v 0.024899 -0.075691 1.689691
v 0.022214 -0.075506 1.687030
v 0.020488 -0.075202 1.683681
v 0.019887 -0.074810 1.679972
v 0.020470 -0.074365 1.676267
v 0.022181 -0.073913 1.672927
v 0.024852 -0.073499 1.670279
v 0.028222 -0.073160 1.668583
v 0.031961 -0.072933 1.668005
v 0.035702 -0.072839 1.668601
v 0.039080 -0.072886 1.670314
v 0.041764 -0.073071 1.672975
v 0.043490 -0.073375 1.676323
v 0.044092 -0.073768 1.680032
v 0.041639 -0.075959 1.682913
v 0.040216 -0.076334 1.685690
v 0.037997 -0.076679 1.687890
v 0.035196 -0.076960 1.689300
v 0.032088 -0.077149 1.689780
v 0.028978 -0.077227 1.689285
v 0.026170 -0.077189 1.687861
v 0.023939 -0.077034 1.685649
v 0.022504 -0.076781 1.682866
v 0.022004 -0.076454 1.679783
v 0.022489 -0.076085 1.676702
v 0.023911 -0.075710 1.673926
v 0.026132 -0.075365 1.671725
v 0.028933 -0.075084 1.670316
v 0.032041 -0.074895 1.669835
v 0.035151 -0.074817 1.670331
v 0.037958 -0.074856 1.671754
v 0.040189 -0.075010 1.673966
v 0.041625 -0.075263 1.676750
v 0.042125 -0.075589 1.679832
v 0.039520 -0.077368 1.682049
v 0.038422 -0.077658 1.684194
v 0.036706 -0.077925 1.685893
v 0.034543 -0.078141 1.686983
v 0.032143 -0.078287 1.687354
v 0.029741 -0.078347 1.686971
v 0.027572 -0.078317 1.685871
v 0.025849 -0.078198 1.684163
v 0.024740 -0.078003 1.682013
v 0.024354 -0.077750 1.679632
v 0.024729 -0.077465 1.677252
v 0.025827 -0.077175 1.675108
v 0.027543 -0.076909 1.673408
v 0.029706 -0.076692 1.672319
v 0.032105 -0.076547 1.671948
v 0.034508 -0.076485 1.672331
v 0.036676 -0.076516 1.673431
v 0.038400 -0.076635 1.675139
v 0.039509 -0.076830 1.677289
v 0.039895 -0.077082 1.679670
v 0.037785 -0.078286 1.681372
v 0.036950 -0.078506 1.683002
v 0.035646 -0.078709 1.684294
v 0.034002 -0.078873 1.685121
v 0.032177 -0.078984 1.685404
v 0.030352 -0.079030 1.685113
v 0.028704 -0.079007 1.684277
v 0.027394 -0.078917 1.682978
v 0.026551 -0.078769 1.681344
v 0.026258 -0.078577 1.679534
v 0.026543 -0.078360 1.677726
v 0.027378 -0.078139 1.676096
v 0.028681 -0.077937 1.674804
v 0.030325 -0.077772 1.673977
v 0.032150 -0.077661 1.673695
v 0.033976 -0.077615 1.673986
v 0.035624 -0.077638 1.674821
v 0.036933 -0.077729 1.676120
v 0.037776 -0.077877 1.677754
v 0.038070 -0.078069 1.679564
v 0.034713 -0.078326 1.680373
v 0.034335 -0.078426 1.681112
v 0.033744 -0.078518 1.681698
v 0.032998 -0.078593 1.682073
v 0.032171 -0.078643 1.682201
v 0.031343 -0.078664 1.682069
v 0.030596 -0.078653 1.681690
v 0.030002 -0.078612 1.681102
v 0.029620 -0.078545 1.680361
v 0.029487 -0.078459 1.679540
v 0.029616 -0.078360 1.678721
v 0.029995 -0.078260 1.677982
v 0.030586 -0.078168 1.677396
v 0.031331 -0.078093 1.677021
v 0.032157 -0.078043 1.676893
v 0.032986 -0.078022 1.677025
v 0.033732 -0.078033 1.677403
v 0.034327 -0.078073 1.677992
v 0.034709 -0.078141 1.678733
v 0.034842 -0.078228 1.679553
v 0.030733 -0.045255 1.683264
v 0.032165 -0.078343 1.679547
v -0.032813 -0.045444 1.684067
v -0.032434 -0.045544 1.684805
v -0.031843 -0.045636 1.685391
v -0.031097 -0.045710 1.685766
v -0.030271 -0.045761 1.685894
v -0.029442 -0.045781 1.685762
v -0.028696 -0.045771 1.685383
v -0.028101 -0.045730 1.684795
v -0.027719 -0.045663 1.684054
v -0.027586 -0.045576 1.683233
v -0.027715 -0.045478 1.682413
v -0.028094 -0.045378 1.681674
v -0.028686 -0.045286 1.681089
v -0.029430 -0.045211 1.680714
v -0.030257 -0.045161 1.680586
v -0.031085 -0.045140 1.680718
v -0.031832 -0.045150 1.681097
v -0.032426 -0.045191 1.681685
v -0.032808 -0.045259 1.682426
v -0.032941 -0.045346 1.683246
v -0.035326 -0.046051 1.684802
v -0.034577 -0.046248 1.686262
v -0.033411 -0.046429 1.687419
v -0.031937 -0.046577 1.688160
v -0.030303 -0.046676 1.688413
v -0.028668 -0.046717 1.688152
v -0.027193 -0.046697 1.687404
v -0.026020 -0.046616 1.686241
v -0.025264 -0.046483 1.684778
v -0.025002 -0.046311 1.683157
v -0.025258 -0.046117 1.681537
v -0.026004 -0.045921 1.680078
v -0.027173 -0.045738 1.678921
v -0.028645 -0.045591 1.678180
v -0.030278 -0.045491 1.677927
v -0.031913 -0.045450 1.678188
v -0.033390 -0.045472 1.678936
v -0.034563 -0.045552 1.680099
v -0.035317 -0.045684 1.681562
v -0.035580 -0.045856 1.683183
v -0.037731 -0.047056 1.685454
v -0.036633 -0.047346 1.687598
v -0.034917 -0.047613 1.689298
v -0.032753 -0.047829 1.690387
v -0.030354 -0.047975 1.690758
v -0.027951 -0.048036 1.690375
v -0.025783 -0.048005 1.689276
v -0.024059 -0.047887 1.687567
v -0.022951 -0.047692 1.685417
v -0.022565 -0.047439 1.683036
v -0.022939 -0.047154 1.680657
v -0.024038 -0.046864 1.678512
v -0.025753 -0.046597 1.676813
v -0.027916 -0.046381 1.675724
v -0.030317 -0.046235 1.675353
v -0.032719 -0.046174 1.675736
v -0.034887 -0.046205 1.676835
v -0.036610 -0.046323 1.678543
v -0.037719 -0.046518 1.680693
v -0.038105 -0.046771 1.683074
v -0.039970 -0.048436 1.686004
v -0.038548 -0.048812 1.688780
v -0.036328 -0.049157 1.690981
v -0.033527 -0.049437 1.692391
v -0.030419 -0.049626 1.692871
v -0.027309 -0.049705 1.692376
v -0.024501 -0.049665 1.690952
v -0.022270 -0.049512 1.688741
v -0.020835 -0.049259 1.685957
v -0.020335 -0.048932 1.682874
v -0.020820 -0.048563 1.679793
v -0.022243 -0.048187 1.677017
v -0.024463 -0.047842 1.674816
v -0.027265 -0.047562 1.673406
v -0.030372 -0.047373 1.672926
v -0.033481 -0.047294 1.673422
v -0.036289 -0.047334 1.674845
v -0.038520 -0.047487 1.677057
v -0.039957 -0.047740 1.679840
v -0.040456 -0.048067 1.682923
v -0.041989 -0.050157 1.686440
v -0.040278 -0.050609 1.689780
v -0.037607 -0.051024 1.692427
v -0.034237 -0.051361 1.694123
v -0.030499 -0.051588 1.694701
v -0.026757 -0.051683 1.694105
v -0.023380 -0.051635 1.692392
v -0.020696 -0.051451 1.689731
v -0.018970 -0.051146 1.686383
v -0.018368 -0.050753 1.682674
v -0.018951 -0.050309 1.678968
v -0.020662 -0.049857 1.675628
v -0.023334 -0.049442 1.672980
v -0.026703 -0.049104 1.671285
v -0.030442 -0.048877 1.670707
v -0.034183 -0.048783 1.671303
v -0.037561 -0.048830 1.673015
v -0.040246 -0.049015 1.675676
v -0.041972 -0.049319 1.679025
v -0.042573 -0.049712 1.682734
v -0.043737 -0.052175 1.686750
v -0.041780 -0.052692 1.690572
v -0.038723 -0.053167 1.693601
v -0.034868 -0.053553 1.695541
v -0.030591 -0.053813 1.696202
v -0.026310 -0.053921 1.695520
v -0.022446 -0.053867 1.693560
v -0.019375 -0.053655 1.690516
v -0.017399 -0.053308 1.686686
v -0.016711 -0.052858 1.682442
v -0.017379 -0.052349 1.678202
v -0.019337 -0.051832 1.674380
v -0.022393 -0.051358 1.671351
v -0.026248 -0.050971 1.669411
v -0.030525 -0.050711 1.668750
v -0.034806 -0.050603 1.669432
v -0.038671 -0.050658 1.671391
v -0.041741 -0.050869 1.674436
v -0.043717 -0.051217 1.678267
v -0.044405 -0.051667 1.682510
v -0.045171 -0.054442 1.686927
v -0.043015 -0.055011 1.691136
v -0.039649 -0.055534 1.694472
v -0.035403 -0.055959 1.696609
v -0.030693 -0.056246 1.697337
v -0.025979 -0.056366 1.696586
v -0.021722 -0.056305 1.694428
v -0.018341 -0.056072 1.691075
v -0.016164 -0.055689 1.686856
v -0.015406 -0.055193 1.682183
v -0.016142 -0.054634 1.677513
v -0.018298 -0.054064 1.673305
v -0.021664 -0.053541 1.669968
v -0.025910 -0.053116 1.667831
v -0.030622 -0.052830 1.667103
v -0.035336 -0.052711 1.667855
v -0.039591 -0.052771 1.670013
v -0.042973 -0.053004 1.673365
v -0.045149 -0.053386 1.677585
v -0.045907 -0.053882 1.682258
v -0.046257 -0.056901 1.686968
v -0.043955 -0.057509 1.691460
v -0.040362 -0.058067 1.695021
v -0.035830 -0.058521 1.697302
v -0.030802 -0.058826 1.698079
v -0.025770 -0.058953 1.697277
v -0.021226 -0.058890 1.694974
v -0.017617 -0.058641 1.691395
v -0.015295 -0.058232 1.686891
v -0.014485 -0.057703 1.681904
v -0.015270 -0.057106 1.676919
v -0.017572 -0.056498 1.672427
v -0.021164 -0.055940 1.668866
v -0.025697 -0.055486 1.666585
v -0.030725 -0.055181 1.665807
v -0.035758 -0.055053 1.666610
v -0.040300 -0.055117 1.668913
v -0.043910 -0.055366 1.672491
v -0.046233 -0.055774 1.676995
v -0.047041 -0.056304 1.681984
v -0.046965 -0.059492 1.686870
v -0.044575 -0.060123 1.691535
v -0.040844 -0.060703 1.695233
v -0.036138 -0.061175 1.697602
v -0.030915 -0.061492 1.698409
v -0.025691 -0.061624 1.697576
v -0.020971 -0.061557 1.695184
v -0.017223 -0.061299 1.691468
v -0.014811 -0.060875 1.686791
v -0.013971 -0.060325 1.681610
v -0.014786 -0.059705 1.676434
v -0.017176 -0.059074 1.671768
v -0.020907 -0.058494 1.668070
v -0.025614 -0.058022 1.665702
v -0.030837 -0.057705 1.664894
v -0.036061 -0.057573 1.665727
v -0.040781 -0.057640 1.668119
v -0.044528 -0.057898 1.671836
v -0.046941 -0.058323 1.676513
v -0.047780 -0.058872 1.681693
v -0.047281 -0.062152 1.686636
v -0.044861 -0.062790 1.691360
v -0.041084 -0.063377 1.695104
v -0.036318 -0.063855 1.697502
v -0.031031 -0.064176 1.698319
v -0.025740 -0.064311 1.697476
v -0.020963 -0.064242 1.695055
v -0.017168 -0.063981 1.691292
v -0.014725 -0.063552 1.686556
v -0.013875 -0.062995 1.681311
v -0.014700 -0.062367 1.676070
v -0.017120 -0.061728 1.671347
v -0.020898 -0.061142 1.667602
v -0.025663 -0.060663 1.665204
v -0.030951 -0.060343 1.664387
v -0.036242 -0.060209 1.665230
v -0.041018 -0.060276 1.667652
v -0.044815 -0.060537 1.671415
v -0.047256 -0.060967 1.676150
v -0.048106 -0.061523 1.681395
v -0.047196 -0.064813 1.686272
v -0.044806 -0.065444 1.690938
v -0.041074 -0.066024 1.694636
v -0.036368 -0.066497 1.697004
v -0.031147 -0.066813 1.697812
v -0.025920 -0.066945 1.696979
v -0.021203 -0.066879 1.694587
v -0.017453 -0.066620 1.690870
v -0.015041 -0.066196 1.686193
v -0.014201 -0.065646 1.681013
v -0.015017 -0.065026 1.675836
v -0.017406 -0.064396 1.671171
v -0.021137 -0.063815 1.667473
v -0.025845 -0.063344 1.665104
v -0.031066 -0.063027 1.664297
v -0.036293 -0.062894 1.665130
v -0.041010 -0.062961 1.667522
v -0.044759 -0.063220 1.671238
v -0.047172 -0.063643 1.675915
v -0.048011 -0.064194 1.681096
v -0.046711 -0.067412 1.685787
v -0.044410 -0.068020 1.690280
v -0.040817 -0.068578 1.693841
v -0.036285 -0.069033 1.696121
v -0.031256 -0.069338 1.696899
v -0.026224 -0.069465 1.696097
v -0.021681 -0.069401 1.693794
v -0.018072 -0.069152 1.690215
v -0.015749 -0.068744 1.685711
v -0.014940 -0.068214 1.680723
v -0.015725 -0.067617 1.675738
v -0.018026 -0.067009 1.671246
v -0.021619 -0.066452 1.667685
v -0.026151 -0.065997 1.665404
v -0.031180 -0.065692 1.664627
v -0.036212 -0.065565 1.665429
v -0.040755 -0.065628 1.667732
v -0.044365 -0.065877 1.671310
v -0.046687 -0.066286 1.675815
v -0.047496 -0.066815 1.680803
v -0.045840 -0.069885 1.685193
v -0.043684 -0.070454 1.689402
v -0.040318 -0.070977 1.692738
v -0.036071 -0.071403 1.694875
v -0.031362 -0.071688 1.695603
v -0.026646 -0.071807 1.694852
v -0.022390 -0.071748 1.692694
v -0.019008 -0.071515 1.689341
v -0.016832 -0.071132 1.685122
v -0.016075 -0.070636 1.680448
v -0.016810 -0.070076 1.675779
v -0.018966 -0.069507 1.671570
v -0.022332 -0.068984 1.668234
v -0.026578 -0.068559 1.666097
v -0.031290 -0.068272 1.665369
v -0.036004 -0.068153 1.666120
v -0.040259 -0.068213 1.668278
v -0.043642 -0.068446 1.671631
v -0.045817 -0.068829 1.675850
v -0.046576 -0.069325 1.680523
v -0.044602 -0.072169 1.684504
v -0.042645 -0.072686 1.688326
v -0.039589 -0.073161 1.691355
v -0.035733 -0.073547 1.693295
v -0.031456 -0.073807 1.693956
v -0.027175 -0.073915 1.693274
v -0.023311 -0.073860 1.691315
v -0.020240 -0.073649 1.688271
v -0.018264 -0.073301 1.684439
v -0.017576 -0.072851 1.680196
v -0.018244 -0.072343 1.675956
v -0.020202 -0.071826 1.672135
v -0.023258 -0.071351 1.669106
v -0.027113 -0.070965 1.667165
v -0.031391 -0.070705 1.666504
v -0.035671 -0.070597 1.667186
v -0.039536 -0.070651 1.669146
v -0.042606 -0.070864 1.672190
v -0.044582 -0.071210 1.676021
v -0.045270 -0.071661 1.680264
v -0.043030 -0.074209 1.683738
v -0.041319 -0.074661 1.687078
v -0.038648 -0.075076 1.689726
v -0.035278 -0.075414 1.691421
v -0.031540 -0.075641 1.691999
v -0.027798 -0.075735 1.691403
v -0.024420 -0.075688 1.689691
v -0.021738 -0.075503 1.687030
v -0.020010 -0.075199 1.683681
v -0.019409 -0.074806 1.679972
v -0.019992 -0.074361 1.676267
v -0.021703 -0.073909 1.672927
v -0.024374 -0.073495 1.670279
v -0.027744 -0.073158 1.668583
v -0.031483 -0.072930 1.668005
v -0.035224 -0.072835 1.668601
v -0.038602 -0.072884 1.670314
v -0.041285 -0.073068 1.672975
v -0.043012 -0.073372 1.676323
v -0.043614 -0.073765 1.680032
v -0.041162 -0.075955 1.682913
v -0.039739 -0.076331 1.685689
v -0.037519 -0.076677 1.687890
v -0.034718 -0.076956 1.689300
v -0.031610 -0.077145 1.689780
v -0.028501 -0.077224 1.689284
v -0.025692 -0.077184 1.687861
v -0.023461 -0.077031 1.685649
v -0.022027 -0.076778 1.682866
v -0.021526 -0.076451 1.679783
v -0.022011 -0.076082 1.676702
v -0.023433 -0.075706 1.673926
v -0.025654 -0.075362 1.671725
v -0.028455 -0.075081 1.670315
v -0.031562 -0.074892 1.669835
v -0.034672 -0.074814 1.670331
v -0.037480 -0.074853 1.671754
v -0.039711 -0.075006 1.673966
v -0.041147 -0.075259 1.676749
v -0.041646 -0.075586 1.679832
v -0.039042 -0.077364 1.682049
v -0.037943 -0.077654 1.684194
v -0.036229 -0.077921 1.685893
v -0.034065 -0.078137 1.686983
v -0.031665 -0.078284 1.687353
v -0.029263 -0.078344 1.686971
v -0.027094 -0.078313 1.685871
v -0.025372 -0.078195 1.684163
v -0.024262 -0.078001 1.682013
v -0.023876 -0.077747 1.679632
v -0.024251 -0.077462 1.677252
v -0.025349 -0.077172 1.675108
v -0.027064 -0.076906 1.673408
v -0.029228 -0.076688 1.672319
v -0.031628 -0.076543 1.671948
v -0.034030 -0.076482 1.672331
v -0.036200 -0.076512 1.673430
v -0.037922 -0.076632 1.675139
v -0.039031 -0.076826 1.677289
v -0.039417 -0.077079 1.679670
v -0.037307 -0.078282 1.681372
v -0.036472 -0.078504 1.683002
v -0.035168 -0.078706 1.684294
v -0.033524 -0.078870 1.685121
v -0.031700 -0.078981 1.685404
v -0.029874 -0.079027 1.685112
v -0.028225 -0.079004 1.684277
v -0.026916 -0.078913 1.682978
v -0.026073 -0.078765 1.681344
v -0.025780 -0.078573 1.679534
v -0.026064 -0.078356 1.677726
v -0.026899 -0.078136 1.676096
v -0.028203 -0.077934 1.674804
v -0.029847 -0.077769 1.673977
v -0.031672 -0.077658 1.673695
v -0.033497 -0.077612 1.673986
v -0.035146 -0.077635 1.674821
v -0.036455 -0.077725 1.676120
v -0.037298 -0.077873 1.677754
v -0.037592 -0.078065 1.679564
v -0.034235 -0.078323 1.680373
v -0.033856 -0.078423 1.681112
v -0.033266 -0.078514 1.681698
v -0.032520 -0.078589 1.682073
v -0.031693 -0.078639 1.682201
v -0.030865 -0.078661 1.682069
v -0.030118 -0.078650 1.681690
v -0.029524 -0.078609 1.681102
v -0.029142 -0.078542 1.680361
v -0.029009 -0.078455 1.679540
v -0.029139 -0.078356 1.678720
v -0.029517 -0.078257 1.677982
v -0.030108 -0.078165 1.677396
v -0.030853 -0.078091 1.677021
v -0.031681 -0.078040 1.676893
v -0.032508 -0.078019 1.677025
v -0.033256 -0.078029 1.677403
v -0.033849 -0.078070 1.677992
v -0.034231 -0.078137 1.678733
v -0.034364 -0.078224 1.679553
v -0.030255 -0.045251 1.683264
v -0.031686 -0.078339 1.679547
v -0.044713 -0.074063 1.680271
v -0.046653 -0.070860 1.678597
v -0.039427 -0.078520 1.683341
v -0.032239 -0.080611 1.684292
v -0.028161 -0.080580 1.683780
v -0.020307 -0.078946 1.679345
v -0.048110 -0.068708 1.677288
v -0.044160 -0.072535 1.676072
v -0.045484 -0.070797 1.677103
v -0.027015 -0.078133 1.673245
v -0.019528 -0.076789 1.674122
v -0.035871 -0.079909 1.684206
v -0.039916 -0.075855 1.673604
v -0.030262 -0.078360 1.672809
v -0.050721 -0.079241 1.682694
v -0.053446 -0.074811 1.679555
v -0.042932 -0.085940 1.686431
v -0.031574 -0.088861 1.687553
v -0.037163 -0.088238 1.687483
v -0.024446 -0.088865 1.685908
v -0.014448 -0.085767 1.679154
v -0.054481 -0.071576 1.677114
v -0.048172 -0.074172 1.672608
v -0.043129 -0.078595 1.669764
v -0.050319 -0.070892 1.674865
v -0.051296 -0.069109 1.676093
v -0.026103 -0.081841 1.668450
v -0.017473 -0.080320 1.670623
v -0.030220 -0.082222 1.667875
v -0.050820 -0.069258 1.677357
v -0.049479 -0.072601 1.678827
v -0.047229 -0.076781 1.680943
v -0.040789 -0.082501 1.684129
v -0.036440 -0.084543 1.685101
v -0.031469 -0.084930 1.685241
v -0.025804 -0.084871 1.683870
v -0.017107 -0.082647 1.678075
v -0.024219 -0.079896 1.682258
v -0.021937 -0.083993 1.681681
v -0.019595 -0.087502 1.682977
v -0.038792 -0.080342 1.668544
v -0.036917 -0.077305 1.673052
v -0.021987 -0.080811 1.669116
v -0.023865 -0.077497 1.674112
v 0.045124 -0.074078 1.680278
v 0.047070 -0.070883 1.678604
v 0.039819 -0.078527 1.683347
v 0.032620 -0.080606 1.684298
v 0.028519 -0.080553 1.683791
v 0.020631 -0.078874 1.679363
v 0.048554 -0.068708 1.677288
v 0.044552 -0.072556 1.676082
v 0.045918 -0.070802 1.677106
v 0.027376 -0.078106 1.673257
v 0.019936 -0.076767 1.674127
v 0.036315 -0.079909 1.684206
v 0.040359 -0.075855 1.673604
v 0.030695 -0.078358 1.672811
v 0.051199 -0.079242 1.682694
v 0.053924 -0.074812 1.679555
v 0.043409 -0.085940 1.686431
v 0.032052 -0.088862 1.687553
v 0.037641 -0.088240 1.687483
v 0.024923 -0.088866 1.685908
v 0.014926 -0.085768 1.679154
v 0.054959 -0.071578 1.677114
v 0.048651 -0.074173 1.672608
v 0.043607 -0.078596 1.669764
v 0.050797 -0.070893 1.674865
v 0.051774 -0.069109 1.676093
v 0.026582 -0.081842 1.668450
v 0.017951 -0.080322 1.670623
v 0.030697 -0.082223 1.667875
v 0.051298 -0.069259 1.677357
v 0.049957 -0.072602 1.678827
v 0.047707 -0.076782 1.680943
v 0.041266 -0.082501 1.684129
v 0.036918 -0.084544 1.685101
v 0.031947 -0.084930 1.685241
v 0.026281 -0.084872 1.683870
v 0.017585 -0.082647 1.678075
v 0.024591 -0.079864 1.682268
v 0.022416 -0.083994 1.681681
v 0.020072 -0.087503 1.682977
v 0.039269 -0.080343 1.668544
v 0.037362 -0.077305 1.673052
v 0.022466 -0.080811 1.669116
v 0.024254 -0.077472 1.674120
v 0.042756 -0.076993 1.681964
v 0.044986 -0.079669 1.682962
v 0.047991 -0.082650 1.685034
v -0.047634 -0.082543 1.684980
v -0.044623 -0.079568 1.682907
v -0.042312 -0.076993 1.681964
v -0.019692 -0.080543 1.669825
v -0.021234 -0.077007 1.674246
v 0.020170 -0.080544 1.669825
v 0.021642 -0.076988 1.674251
v 0.034835 -0.081471 1.667837
v 0.033685 -0.078616 1.672712
v 0.046530 -0.076286 1.671135
v 0.042518 -0.074453 1.674639
v -0.034358 -0.081471 1.667837
v -0.033247 -0.078617 1.672711
v -0.046052 -0.076286 1.671135
v -0.042100 -0.074443 1.674634
v 0.075525 -0.022598 1.696434
v 0.066703 -0.047803 1.712951
v 0.056497 -0.065016 1.721688
v 0.027843 -0.084878 1.733190
v -0.001396 -0.089986 1.736146
v 0.071372 -0.032862 1.739683
v 0.080306 -0.006119 1.725934
v 0.072576 -0.021736 1.696583
v 0.063046 -0.046304 1.711641
v 0.054368 -0.064436 1.721578
v 0.026901 -0.083244 1.731978
v -0.001475 -0.089221 1.735670
v 0.061045 -0.009643 1.729775
v 0.068774 -0.044373 1.719950
v 0.057866 -0.061203 1.729193
v 0.034253 -0.067634 1.739864
v 0.061624 -0.040247 1.720257
v 0.071093 -0.016305 1.705520
v 0.079217 -0.018195 1.705100
v -0.074791 -0.019780 1.694345
v -0.065358 -0.046629 1.709036
v -0.056289 -0.064454 1.719779
v -0.029289 -0.084847 1.732691
v -0.079627 -0.003738 1.723160
v -0.072089 -0.018925 1.695372
v -0.062981 -0.044646 1.711023
v -0.054450 -0.063936 1.720048
v -0.028542 -0.083302 1.731679
v -0.062023 -0.014924 1.729454
v -0.068209 -0.042310 1.718182
v -0.057859 -0.060186 1.728339
v -0.029646 -0.082491 1.739926
v -0.038553 -0.064677 1.739094
v -0.063252 -0.038660 1.719295
v -0.072221 -0.013593 1.704524
v -0.078201 -0.015324 1.703331
v -0.016252 -0.088399 1.735243
v -0.016108 -0.086546 1.734596
v -0.044487 -0.076656 1.727183
v -0.043098 -0.075029 1.726300
v -0.046076 -0.072950 1.734973
v 0.012561 -0.088781 1.736108
v 0.012691 -0.087083 1.734613
v 0.041205 -0.076504 1.736756
v 0.041155 -0.078679 1.729641
v 0.039421 -0.077229 1.728136
vn 0.8473 -0.4903 0.2043
vn 0.7663 -0.5827 0.2705
vn 0.7759 -0.5685 0.2735
vn 0.8659 -0.4634 0.1885
vn 0.5675 -0.7413 0.3584
vn 0.5742 -0.7243 0.3818
vn 0.5987 -0.6596 0.4544
vn 0.5823 -0.6912 0.4279
vn 0.7583 -0.5478 0.3534
vn 0.7542 -0.5363 0.3789
vn 0.9140 -0.3938 0.0975
vn 0.8119 -0.5559 0.1785
vn 0.8141 -0.5653 0.1328
vn 0.9071 -0.4110 0.0911
vn 0.7292 -0.6245 0.2798
vn 0.5378 -0.7500 0.3850
vn 0.5850 -0.6929 0.4216
vn 0.7547 -0.5629 0.3370
vn 0.7555 -0.6048 -0.2518
vn 0.8667 -0.4978 -0.0335
vn 0.7590 -0.6501 -0.0366
vn 0.6108 -0.7396 -0.2828
vn 0.3429 -0.7522 -0.5627
vn 0.2663 -0.7232 -0.6372
vn 0.1897 -0.6771 -0.7110
vn 0.2350 -0.6840 -0.6906
vn 0.3612 -0.6288 -0.6886
vn 0.5662 -0.6555 -0.4997
vn 0.4328 -0.7429 -0.5106
vn 0.2762 -0.6702 -0.6889
vn 0.5245 -0.6038 -0.6003
vn 0.6988 -0.5696 -0.4327
vn 0.1966 -0.5625 -0.8031
vn 0.3461 -0.6103 -0.7126
vn 0.1457 -0.5626 -0.8138
vn 0.1020 -0.5362 -0.8379
vn 0.1261 -0.5652 -0.8152
vn 0.7361 -0.6753 -0.0463
vn 0.6259 -0.7014 -0.3410
vn 0.6676 -0.7187 -0.1944
vn 0.6832 -0.7300 -0.0178
vn 0.6676 -0.6860 0.2892
vn 0.6412 -0.7499 0.1627
vn 0.3644 -0.9303 0.0418
vn 0.3475 -0.9267 0.1432
vn 0.5058 -0.8093 0.2987
vn 0.5318 -0.8327 0.1543
vn -0.0600 -0.9918 -0.1125
vn 0.1300 -0.9915 0.0014
vn 0.1293 -0.9911 0.0333
vn -0.1311 -0.9848 0.1136
vn 0.1587 -0.3849 -0.9092
vn 0.0983 -0.4601 -0.8824
vn 0.1759 -0.6352 -0.7521
vn 0.1811 -0.5942 -0.7837
vn -0.3534 -0.9351 -0.0267
vn -0.1963 -0.9744 -0.1093
vn -0.3049 -0.9476 0.0954
vn -0.3489 -0.9364 -0.0382
vn 0.2078 -0.4942 -0.8441
vn 0.2091 -0.4051 -0.8900
vn 0.1475 -0.5913 -0.7928
vn 0.1517 -0.6007 -0.7850
vn 0.7042 -0.7100 0.0006
vn 0.7942 -0.6064 0.0373
vn 0.8674 -0.4971 0.0224
vn 0.8029 -0.5958 -0.0217
vn 0.8202 -0.4905 0.2943
vn 0.7972 -0.4953 0.3452
vn 0.6781 -0.6940 0.2419
vn 0.6863 -0.7042 0.1819
vn 0.6400 -0.7671 -0.0455
vn 0.4949 -0.7957 -0.3491
vn 0.8040 -0.5682 0.1756
vn 0.8014 -0.5707 0.1790
vn 0.7092 -0.6723 0.2123
vn 0.6875 -0.6916 0.2215
vn 0.8829 -0.4554 0.1145
vn 0.9021 -0.4226 0.0868
vn 0.9184 -0.3920 0.0530
vn 0.9362 -0.3515 0.0033
vn 0.5171 -0.8559 0.0019
vn 0.5979 -0.7926 0.1194
vn 0.5936 -0.7948 0.1262
vn 0.5126 -0.8548 0.0813
vn 0.4077 -0.9050 -0.1217
vn 0.4070 -0.9131 0.0245
vn 0.2019 -0.9790 -0.0300
vn 0.2482 -0.9479 -0.1995
vn 0.7578 -0.5368 -0.3708
vn 0.6321 -0.5969 -0.4941
vn 0.6826 -0.7184 0.1341
vn 0.6493 -0.7325 0.2048
vn 0.6347 -0.7684 -0.0826
vn 0.4086 -0.8041 -0.4319
vn 0.8067 -0.4926 0.3265
vn 0.8288 -0.4998 0.2517
vn 0.8175 -0.5319 0.2207
vn 0.8002 -0.5061 0.3218
vn 0.2542 -0.7546 0.6049
vn 0.1171 -0.7889 0.6032
vn 0.3026 -0.7558 0.5806
vn 0.2909 -0.7540 0.5889
vn 0.1033 -0.7210 -0.6852
vn 0.1728 -0.7020 -0.6909
vn -0.1623 0.2582 -0.9524
vn -0.4088 0.1904 -0.8925
vn 0.0137 -0.5306 -0.8475
vn 0.1652 -0.5866 -0.7929
vn -0.3688 -0.3313 -0.8685
vn 0.0031 -0.8312 -0.5560
vn 0.1450 -0.6926 -0.7066
vn -0.5420 0.0030 -0.8404
vn 0.2074 -0.7257 -0.6560
vn 0.1426 -0.7994 -0.5836
vn 0.5833 -0.3222 -0.7457
vn 0.5553 -0.0491 -0.8302
vn 0.1368 -0.6993 -0.7016
vn 0.1235 -0.6909 -0.7123
vn 0.3002 0.1328 -0.9446
vn 0.0724 0.2394 -0.9682
vn 0.3894 -0.7928 0.4689
vn 0.6358 -0.7399 0.2200
vn 0.6008 -0.7656 0.2299
vn 0.5674 -0.7774 0.2714
vn 0.5610 -0.7998 0.2136
vn 0.5359 -0.8428 -0.0508
vn 0.4126 -0.8064 -0.4236
vn 0.0036 -1.0000 -0.0082
vn 0.0179 -0.7940 0.6076
vn 0.0679 -0.9778 -0.1980
vn -0.0984 -0.9923 -0.0758
vn -0.3303 -0.9439 -0.0016
vn -0.1554 -0.9771 -0.1453
vn 0.1552 -0.9699 -0.1877
vn 0.0815 -0.8350 -0.5442
vn 0.2425 -0.8246 -0.5111
vn 0.3492 -0.6600 -0.6652
vn 0.3470 -0.6216 -0.7023
vn -0.0569 -0.9598 0.2749
vn -0.0844 -0.9308 0.3556
vn 0.0241 -0.8333 0.5523
vn -0.1158 -0.9150 0.3865
vn 0.4381 -0.6156 -0.6551
vn 0.4131 -0.5839 -0.6989
vn 0.2633 -0.5585 -0.7866
vn 0.2636 -0.6038 -0.7523
vn 0.5006 -0.6461 -0.5761
vn 0.8750 -0.4746 0.0955
vn 0.8708 -0.4105 0.2705
vn 0.8762 -0.4478 0.1782
vn 0.8721 -0.4890 -0.0165
vn -0.1401 -0.9899 -0.0203
vn -0.0683 -0.9890 -0.1313
vn -0.1111 -0.9930 0.0400
vn -0.1964 -0.9797 0.0397
vn 0.8244 -0.4650 0.3227
vn 0.8318 -0.5235 0.1845
vn 0.2316 -0.6674 -0.7077
vn 0.1942 -0.6442 -0.7398
vn 0.1345 -0.6580 -0.7409
vn 0.1528 -0.6631 -0.7327
vn 0.3349 -0.8034 -0.4924
vn 0.4040 -0.9130 -0.0561
vn 0.2193 -0.9737 -0.0625
vn 0.2136 -0.8297 -0.5156
vn 0.4769 -0.8695 -0.1282
vn 0.2568 -0.9297 -0.2639
vn 0.2306 -0.9559 -0.1821
vn 0.3559 -0.9344 -0.0166
vn 0.1332 -0.8628 -0.4877
vn 0.1216 -0.8577 -0.4996
vn 0.1186 -0.9888 -0.0907
vn 0.1221 -0.9845 -0.1261
vn 0.4405 -0.6729 -0.5943
vn 0.6543 -0.6527 -0.3818
vn 0.6324 -0.6162 -0.4694
vn 0.5850 -0.7665 -0.2649
vn 0.3004 -0.8571 -0.4186
vn 0.1236 -0.9826 -0.1385
vn 0.1227 -0.9861 -0.1122
vn 0.0719 -0.9960 0.0537
vn 0.0698 -0.9955 0.0638
vn 0.4135 -0.9022 0.1230
vn 0.3940 -0.9188 -0.0232
vn 0.2779 -0.9599 -0.0379
vn 0.3030 -0.9369 0.1746
vn 0.5316 -0.8440 0.0712
vn 0.6569 -0.7517 0.0592
vn 0.6131 -0.7852 0.0867
vn 0.5043 -0.8633 0.0198
vn 0.7296 -0.6619 0.1721
vn 0.6526 -0.7425 0.1509
vn 0.6192 -0.7078 0.3401
vn 0.6922 -0.6294 0.3533
vn 0.7069 -0.7065 -0.0341
vn 0.7173 -0.6786 0.1583
vn 0.7774 -0.6210 0.1001
vn 0.7552 -0.6531 -0.0559
vn 0.8186 -0.4679 0.3332
vn 0.8341 -0.3935 0.3865
vn 0.7850 -0.4302 0.4458
vn 0.7425 -0.5185 0.4241
vn 0.3234 -0.9343 0.1500
vn 0.3073 -0.9422 0.1336
vn 0.2957 -0.9289 0.2231
vn 0.3169 -0.9107 0.2651
vn 0.1223 -0.9454 0.3021
vn 0.1386 -0.9588 0.2479
vn 0.0491 -0.9971 0.0579
vn 0.0114 -0.9841 0.1773
vn 0.5449 -0.8262 0.1429
vn 0.4204 -0.8956 0.1458
vn 0.3998 -0.8683 0.2936
vn 0.5129 -0.7969 0.3193
vn 0.2298 -0.9550 0.1875
vn 0.3351 -0.9279 0.1635
vn 0.2032 -0.9564 0.2098
vn 0.1858 -0.9364 0.2976
vn 0.1802 -0.9567 0.2288
vn 0.1485 -0.9888 -0.0152
vn 0.5628 -0.6592 0.4987
vn 0.6188 -0.5882 0.5207
vn 0.4797 -0.7019 0.5265
vn 0.3755 -0.7812 0.4987
vn 0.1547 -0.9158 0.3707
vn 0.2234 -0.8678 0.4439
vn 0.3380 -0.8124 0.4751
vn 0.2440 -0.8896 0.3860
vn 0.0510 -0.9486 0.3123
vn 0.1318 -0.9014 0.4125
vn 0.4496 -0.8929 0.0239
vn 0.4075 -0.9088 0.0892
vn 0.3239 -0.9324 0.1602
vn 0.3592 -0.9291 0.0883
vn 0.5585 -0.7980 0.2266
vn 0.4712 -0.8509 0.2321
vn 0.4354 -0.8750 0.2118
vn 0.5185 -0.8250 0.2249
vn 0.0656 -0.9744 0.2150
vn -0.0001 -0.9769 0.2135
vn 0.0001 -0.9885 0.1512
vn 0.0503 -0.9865 0.1556
vn 0.9520 -0.3061 -0.0042
vn 0.9510 -0.3066 0.0391
vn 0.9488 -0.3077 0.0719
vn 0.9627 -0.2655 0.0521
vn 0.8479 -0.4908 -0.2005
vn 0.9231 -0.3843 -0.0160
vn 0.8786 -0.4378 -0.1908
vn 0.9444 -0.3275 -0.0273
vn 0.3484 -0.9068 0.2374
vn 0.4544 -0.8476 0.2741
vn 0.2989 -0.9540 0.0226
vn 0.2837 -0.9586 0.0240
vn 0.4728 -0.8790 -0.0621
vn 0.3663 -0.9305 -0.0095
vn 0.9753 -0.1867 -0.1179
vn 0.9634 -0.2331 -0.1323
vn 0.9612 -0.2367 -0.1420
vn 0.9748 -0.1836 -0.1266
vn 0.9798 -0.1482 -0.1345
vn 0.9789 -0.1680 -0.1160
vn 0.9809 -0.1894 -0.0443
vn 0.9743 -0.2246 0.0151
vn 0.9780 -0.2068 0.0255
vn -0.0667 -0.2029 0.9769
vn 0.0285 -0.1853 0.9823
vn -0.2438 -0.3709 0.8961
vn -0.1812 -0.2744 0.9444
vn -0.1013 0.1062 -0.9892
vn -0.3456 0.0544 -0.9368
vn -0.6276 -0.0805 -0.7744
vn -0.6790 -0.2880 -0.6753
vn 0.7478 -0.0614 -0.6611
vn 0.6412 -0.0000 -0.7674
vn 0.3778 0.0857 -0.9219
vn 0.1103 0.1206 -0.9866
vn -0.4060 -0.8883 -0.2147
vn -0.2080 -0.5866 0.7827
vn 0.7784 -0.0808 -0.6226
vn 0.6507 -0.4027 -0.6437
vn 0.8163 -0.4328 -0.3826
vn 0.8416 -0.0982 -0.5312
vn 0.0877 -0.2092 0.9739
vn -0.2384 0.1079 0.9652
vn 0.0037 0.1358 0.9907
vn -0.5763 0.0064 0.8172
vn -0.4588 0.0672 0.8860
vn -0.0826 -0.2231 -0.9713
vn -0.7716 -0.2331 -0.5919
vn -0.8131 -0.4745 0.3371
vn -0.5921 -0.1885 -0.7835
vn 0.7359 -0.0887 -0.6712
vn 0.5960 -0.1550 -0.7879
vn 0.3473 -0.2162 -0.9125
vn 0.1435 -0.2255 -0.9636
vn 0.1390 0.1334 0.9813
vn 0.0853 -0.1048 0.9908
vn -0.1497 -0.1500 0.9773
vn 0.1737 -0.7935 0.5833
vn 0.2895 -0.7698 0.5689
vn -0.3915 -0.1369 0.9099
vn -0.6321 -0.0223 0.7745
vn -0.3806 -0.5938 0.7089
vn -0.0193 -0.7949 0.6065
vn -0.9951 -0.0027 0.0984
vn -0.8519 0.0244 -0.5232
vn -0.8825 -0.1423 -0.4483
vn -0.9809 -0.1883 -0.0482
vn -0.5845 -0.1125 -0.8036
vn -0.6222 -0.5134 -0.5910
vn 0.2206 -0.3709 -0.9021
vn 0.3847 -0.3620 -0.8491
vn 0.4305 -0.8176 -0.3824
vn 0.3500 -0.9017 -0.2538
vn -0.0377 -0.3059 -0.9513
vn 0.0054 -0.9281 -0.3722
vn 0.2404 -0.0919 0.9663
vn 0.3718 -0.7824 0.4996
vn 0.5985 -0.6942 -0.3998
vn 0.4986 -0.7441 0.4447
vn -0.6902 -0.6792 0.2498
vn 0.4512 -0.8671 -0.2110
vn 0.4757 -0.8695 -0.1327
vn 0.3524 -0.9308 -0.0968
vn 0.3279 -0.9281 -0.1762
vn 0.1333 -0.2166 0.9671
vn 0.1802 0.1144 0.9770
vn -0.0044 -0.7755 0.6313
vn 0.5708 -0.8211 -0.0087
vn 0.6669 -0.7431 -0.0554
vn 0.4901 -0.8674 -0.0860
vn 0.4242 -0.9056 0.0019
vn 0.7664 -0.6362 0.0883
vn 0.6757 -0.7372 0.0005
vn 0.2965 -0.9500 -0.0975
vn 0.6013 -0.7900 -0.1201
vn 0.5790 -0.8140 -0.0464
vn 0.5581 -0.7984 -0.2261
vn 0.5994 -0.7817 -0.1721
vn 0.7433 -0.6302 -0.2244
vn 0.7878 -0.5747 -0.2214
vn 0.7095 -0.6741 -0.2053
vn 0.6627 -0.7119 -0.2325
vn 0.9505 -0.2378 -0.2001
vn 0.9702 -0.1563 -0.1851
vn 0.9754 -0.1787 -0.1292
vn 0.9582 -0.2459 -0.1461
vn 0.9834 -0.1164 -0.1393
vn 0.9804 -0.0603 -0.1875
vn 0.6902 -0.6349 -0.3472
vn 0.7873 -0.5455 -0.2874
vn 0.9622 -0.2680 -0.0480
vn 0.9502 -0.3045 -0.0666
vn 0.9639 -0.2654 0.0197
vn 0.3972 -0.7514 -0.5270
vn 0.4698 -0.7381 -0.4843
vn 0.2941 -0.6506 -0.7002
vn 0.1911 -0.5934 -0.7819
vn 0.3401 -0.7549 -0.5608
vn 0.1197 -0.5510 -0.8259
vn 0.0668 -0.5045 -0.8608
vn 0.3016 -0.7698 -0.5625
vn 0.0404 -0.4346 -0.8997
vn 0.2230 -0.7877 -0.5742
vn -0.0301 -0.9079 -0.4180
vn 0.0940 -0.8430 -0.5296
vn 0.0409 -0.3715 -0.9275
vn 0.1293 -0.3369 -0.9326
vn 0.0593 -0.7613 -0.6457
vn -0.0485 -0.8785 -0.4752
vn 0.2439 -0.3321 -0.9112
vn 0.2854 -0.3633 -0.8869
vn 0.4986 -0.6330 -0.5923
vn 0.2997 -0.6622 -0.6868
vn 0.3632 -0.4143 -0.8345
vn 0.4954 -0.4668 -0.7326
vn 0.8110 -0.5721 -0.1224
vn 0.7890 -0.5657 -0.2397
vn 0.6514 -0.7480 0.1274
vn 0.7633 -0.6461 -0.0059
vn 0.4711 -0.8471 0.2461
vn 0.6272 -0.7207 -0.2955
vn 0.5938 -0.7221 -0.3549
vn 0.5953 -0.7229 -0.3507
vn 0.4400 -0.6997 -0.5629
vn 0.5046 -0.7363 -0.4507
vn 0.8666 -0.4729 -0.1590
vn 0.8587 -0.4665 -0.2121
vn 0.9035 -0.3780 -0.2019
vn 0.9116 -0.3807 -0.1554
vn 0.7195 -0.6736 -0.1688
vn 0.8015 -0.5634 -0.2003
vn 0.8016 -0.5795 -0.1468
vn 0.7066 -0.6993 -0.1077
vn 0.9378 -0.3013 -0.1723
vn 0.9430 -0.2990 -0.1462
vn 0.9784 -0.1997 -0.0525
vn 0.9664 -0.2477 -0.0692
vn 0.2644 -0.6646 -0.6989
vn 0.8307 -0.5543 0.0513
vn 0.8214 -0.5654 -0.0752
vn 0.1415 -0.9873 0.0718
vn 0.1686 -0.9775 0.1269
vn 0.2525 -0.9469 0.1993
vn 0.4139 -0.8816 0.2267
vn 0.9753 -0.2204 -0.0139
vn 0.9737 -0.2276 0.0033
vn 0.7186 -0.6049 -0.3432
vn 0.6821 -0.7092 -0.1782
vn 0.2864 -0.9444 -0.1617
vn 0.4726 -0.8388 -0.2703
vn 0.6235 -0.6912 -0.3655
vn 0.5281 -0.8476 -0.0514
vn 0.6662 -0.7251 0.1742
vn 0.6016 -0.7383 0.3050
vn 0.4067 -0.8832 0.2336
vn 0.2895 -0.8354 0.4672
vn 0.5044 -0.7298 0.4615
vn 0.4088 -0.8750 -0.2593
vn 0.6937 -0.6172 0.3713
vn 0.7664 -0.5818 0.2722
vn 0.8354 -0.5414 0.0947
vn 0.8383 -0.5305 -0.1260
vn 0.6480 -0.5194 -0.5570
vn 0.5967 -0.6278 -0.4998
vn 0.5818 -0.8091 0.0823
vn 0.7012 -0.7106 0.0577
vn 0.8842 -0.4289 -0.1848
vn 0.9443 -0.3245 -0.0549
vn 0.4635 -0.8767 0.1282
vn 0.6199 -0.5729 -0.5362
vn 0.8870 -0.4573 -0.0634
vn 0.9330 -0.3593 -0.0180
vn 0.9628 -0.2675 0.0397
vn 0.9659 -0.2561 0.0368
vn 0.9764 -0.2072 -0.0613
vn 0.9429 -0.3248 -0.0741
vn 0.5409 -0.8406 0.0266
vn 0.3650 -0.9240 0.1141
vn 0.5038 -0.8601 0.0797
vn 0.2681 -0.9495 0.1628
vn 0.2398 -0.9426 0.2324
vn 0.2629 -0.9129 0.3123
vn 0.3384 -0.8580 0.3865
vn 0.4438 -0.7771 0.4462
vn 0.5641 -0.6716 0.4803
vn 0.6618 -0.5730 0.4834
vn 0.8186 -0.4262 0.3850
vn 0.8007 -0.4351 0.4118
vn 0.6729 -0.7393 -0.0262
vn 0.7854 -0.6159 -0.0617
vn 0.7485 -0.6629 0.0199
vn 0.6291 -0.7759 0.0463
vn 0.9110 -0.4067 -0.0686
vn 0.8644 -0.4981 -0.0691
vn -0.2247 -0.4650 0.8563
vn -0.5772 -0.1454 0.8036
vn 0.3838 -0.7189 0.5795
vn 0.6840 -0.7029 0.1951
vn 0.6462 -0.7267 0.2332
vn 0.6859 -0.7110 0.1553
vn 0.7470 -0.6592 0.0860
vn 0.7939 -0.6051 0.0589
vn 0.8393 -0.5435 0.0111
vn 0.8898 -0.4564 0.0018
vn 0.9348 -0.3549 -0.0115
vn 0.9645 -0.2640 0.0049
vn 0.9770 -0.2120 0.0241
vn 0.9718 -0.2313 0.0449
vn 0.9769 -0.2042 -0.0637
vn 0.9481 -0.3148 -0.0445
vn 0.9327 -0.3586 -0.0393
vn 0.2591 0.0603 0.9640
vn 0.1230 -0.2324 0.9648
vn -0.0693 -0.7919 0.6067
vn -0.0889 -0.9907 0.1031
vn -0.1875 -0.9809 0.0511
vn -0.1021 -0.8440 0.5266
vn -0.1068 -0.8819 0.4591
vn 0.0187 -0.9587 0.2839
vn -0.1014 -0.9854 0.1366
vn 0.1933 -0.9120 0.3617
vn 0.0283 -0.9855 0.1675
vn 0.1837 -0.9605 0.2089
vn 0.4072 -0.8381 0.3630
vn 0.2409 -0.8975 -0.3695
vn 0.3981 -0.8696 -0.2922
vn 0.2629 -0.9512 0.1616
vn 0.0962 -0.9945 0.0407
vn 0.3270 -0.9305 -0.1651
vn 0.3001 -0.8161 -0.4940
vn 0.3397 -0.9189 0.2006
vn 0.2368 -0.9526 0.1909
vn 0.1851 -0.9720 0.1444
vn 0.2636 -0.9475 0.1809
vn 0.3727 -0.8984 0.2324
vn 0.2717 -0.9346 0.2294
vn 0.5840 -0.2808 -0.7616
vn 0.2892 -0.1053 0.9515
vn 0.3597 -0.0449 0.9320
vn 0.6925 -0.3809 0.6126
vn 0.8867 -0.4510 -0.1015
vn 0.8031 -0.2102 -0.5576
vn 0.7693 -0.5438 -0.3353
vn 0.1035 -0.9808 -0.1654
vn 0.1824 -0.8547 -0.4861
vn 0.1121 -0.9810 -0.1586
vn 0.1026 -0.9932 0.0546
vn 0.0618 -0.9967 0.0520
vn 0.1255 -0.9833 0.1321
vn 0.0750 -0.9888 0.1292
vn 0.0414 -0.9907 0.1296
vn -0.0005 -0.9910 0.1339
vn 0.0995 -0.9809 0.1668
vn 0.1585 -0.9710 0.1790
vn 0.1880 -0.9561 0.2249
vn 0.1245 -0.9676 0.2194
vn -0.0013 -0.9979 -0.0644
vn 0.0001 -0.9974 0.0716
vn -0.0005 -0.9882 -0.1532
vn 0.1198 -0.9788 -0.1659
vn 0.1674 -0.9744 -0.1500
vn 0.2062 -0.9779 0.0340
vn 0.2364 -0.9212 0.3092
vn 0.2598 -0.8476 0.4626
vn 0.2931 -0.8063 0.5138
vn 0.3126 -0.7875 0.5311
vn 0.2968 -0.8243 0.4821
vn -0.0001 -0.9000 0.4358
vn 0.2717 -0.8656 0.4206
vn -0.0001 -0.8677 0.4971
vn -0.0001 -0.8752 0.4838
vn 0.2692 -0.8446 0.4627
vn 0.0002 -0.9901 0.1401
vn 0.0339 -0.9903 0.1349
vn -0.7594 0.0122 0.6505
vn 0.4553 -0.0747 0.8872
vn 0.7175 -0.2594 0.6464
vn 0.0949 -0.3075 0.9468
vn 0.1745 -0.4996 0.8485
vn 0.8993 -0.3448 0.2691
vn 0.8914 -0.3899 0.2309
vn 0.8826 -0.4652 0.0683
vn 0.8859 -0.3547 0.2990
vn 0.8632 -0.4779 0.1627
vn 0.8924 -0.4303 0.1360
vn 0.8909 -0.4428 0.1015
vn 0.8546 -0.5035 0.1271
vn 0.8363 -0.5417 0.0848
vn 0.7852 -0.5869 0.1972
vn 0.7546 -0.5591 0.3434
vn 0.7409 -0.4942 0.4547
vn 0.6750 -0.5725 0.4655
vn 0.7144 -0.5022 0.4873
vn 0.6351 -0.6492 0.4186
vn 0.3186 -0.9167 0.2411
vn 0.5405 -0.7721 0.3343
vn 0.0806 -0.9575 0.2770
vn -0.0525 -0.9615 0.2698
vn 0.2446 -0.9294 0.2764
vn 0.9687 -0.2455 -0.0360
vn 0.7431 -0.5681 0.3537
vn -0.2344 -0.9688 -0.0800
vn -0.1805 -0.9736 -0.1397
vn -0.2328 -0.9628 -0.1369
vn -0.2969 -0.9499 -0.0977
vn -0.7663 -0.5827 0.2706
vn -0.7762 -0.5684 0.2728
vn -0.5740 -0.7243 0.3819
vn -0.5674 -0.7413 0.3584
vn -0.5986 -0.6591 0.4552
vn -0.7538 -0.5363 0.3796
vn -0.7585 -0.5476 0.3532
vn -0.5823 -0.6913 0.4278
vn -0.9146 -0.3930 0.0950
vn -0.9087 -0.4085 0.0855
vn -0.8152 -0.5647 0.1285
vn -0.8130 -0.5541 0.1788
vn -0.5368 -0.7508 0.3848
vn -0.7289 -0.6254 0.2784
vn -0.7538 -0.5634 0.3383
vn -0.5851 -0.6921 0.4226
vn -0.7587 -0.6014 -0.2503
vn -0.6116 -0.7410 -0.2772
vn -0.7555 -0.6535 -0.0467
vn -0.8684 -0.4942 -0.0397
vn -0.4173 -0.8008 -0.4297
vn -0.4971 -0.7959 -0.3456
vn -0.3618 -0.7651 -0.5327
vn -0.2821 -0.7348 -0.6168
vn -0.5830 -0.6535 -0.4828
vn -0.4531 -0.7449 -0.4897
vn -0.7078 -0.5749 -0.4104
vn -0.8497 -0.4938 -0.1847
vn -0.3286 -0.6529 -0.6825
vn -0.2152 -0.6121 -0.7609
vn -0.2242 -0.5755 -0.7865
vn -0.3813 -0.6158 -0.6895
vn -0.1310 -0.5562 -0.8206
vn -0.1526 -0.5556 -0.8173
vn -0.1013 -0.5221 -0.8469
vn -0.1257 -0.5444 -0.8294
vn -0.0758 -0.4888 -0.8691
vn -0.0445 -0.4319 -0.9008
vn -0.7307 -0.6800 -0.0599
vn -0.6801 -0.7323 -0.0346
vn -0.6674 -0.7152 -0.2076
vn -0.6289 -0.6965 -0.3455
vn -0.6706 -0.6920 0.2672
vn -0.6442 -0.7513 0.1433
vn -0.3680 -0.9288 0.0442
vn -0.5364 -0.8313 0.1458
vn -0.5101 -0.8148 0.2755
vn -0.3481 -0.9297 0.1206
vn 0.0554 -0.9913 -0.1194
vn 0.1284 -0.9849 0.1162
vn -0.1346 -0.9902 0.0368
vn -0.1346 -0.9908 -0.0131
vn -0.0434 -0.3640 -0.9304
vn -0.1289 -0.3283 -0.9357
vn -0.1522 -0.3924 -0.9071
vn -0.0978 -0.4507 -0.8873
vn 0.3510 -0.9360 -0.0256
vn 0.3548 -0.9346 -0.0257
vn 0.3063 -0.9464 0.1026
vn 0.1918 -0.9750 -0.1120
vn -0.2381 -0.3323 -0.9126
vn -0.2778 -0.3610 -0.8902
vn -0.1962 -0.5114 -0.8367
vn -0.1980 -0.4243 -0.8836
vn -0.5709 -0.8210 -0.0088
vn -0.6671 -0.7430 -0.0549
vn -0.8027 -0.5960 -0.0216
vn -0.7043 -0.7099 0.0006
vn -0.7968 -0.4959 0.3452
vn -0.8202 -0.4907 0.2943
vn -0.6850 -0.7069 0.1760
vn -0.6785 -0.6926 0.2449
vn -0.6359 -0.7691 -0.0641
vn -0.8038 -0.5689 0.1737
vn -0.6886 -0.6909 0.2202
vn -0.7094 -0.6722 0.2119
vn -0.8007 -0.5716 0.1793
vn -0.8829 -0.4554 0.1148
vn -0.9023 -0.4228 0.0841
vn -0.9187 -0.3915 0.0526
vn -0.9361 -0.3517 0.0015
vn -0.5999 -0.7910 0.1201
vn -0.5939 -0.7942 0.1286
vn -0.6850 -0.7005 0.2002
vn -0.6500 -0.7229 0.2342
vn -0.5137 -0.8541 0.0811
vn -0.5169 -0.8561 0.0003
vn -0.4084 -0.9039 -0.1268
vn -0.4102 -0.9117 0.0225
vn -0.8802 -0.4421 -0.1727
vn -0.7629 -0.5392 -0.3567
vn -0.6880 -0.7118 0.1415
vn -0.4237 -0.7968 -0.4307
vn -0.6449 -0.7606 -0.0744
vn -0.6561 -0.7244 0.2116
vn -0.8068 -0.4927 0.3260
vn -0.8287 -0.4998 0.2517
vn -0.2563 -0.7536 0.6054
vn -0.2932 -0.7540 0.5878
vn -0.3046 -0.7561 0.5793
vn -0.3842 -0.7180 0.5804
vn -0.0992 -0.7093 -0.6978
vn 0.4093 0.1888 -0.8927
vn 0.1617 0.2583 -0.9524
vn -0.1678 -0.6891 -0.7050
vn -0.0255 -0.5298 -0.8477
vn -0.0173 -0.8302 -0.5573
vn 0.3677 -0.3318 -0.8687
vn -0.1622 -0.5858 -0.7941
vn 0.5425 0.0017 -0.8400
vn -0.1426 -0.6881 -0.7114
vn -0.2178 -0.7150 -0.6643
vn -0.5583 -0.0363 -0.8289
vn -0.5909 -0.3048 -0.7470
vn -0.1557 -0.7901 -0.5929
vn -0.1394 -0.6899 -0.7104
vn -0.0728 0.2417 -0.9676
vn -0.3006 0.1392 -0.9435
vn -0.1281 -0.6820 -0.7200
vn -0.3917 -0.7904 0.4711
vn -0.6359 -0.7398 0.2199
vn -0.6005 -0.7661 0.2293
vn -0.5602 -0.8015 0.2094
vn -0.5650 -0.7778 0.2752
vn -0.5378 -0.8401 -0.0703
vn -0.0101 -0.9999 -0.0067
vn -0.0213 -0.7928 0.6091
vn -0.1193 -0.7881 0.6039
vn -0.2075 -0.9778 -0.0305
vn -0.0754 -0.9770 -0.1997
vn -0.2545 -0.9454 -0.2036
vn 0.3397 -0.9405 0.0014
vn 0.1713 -0.9763 -0.1324
vn -0.3569 -0.6029 -0.7135
vn -0.0781 -0.8294 -0.5532
vn 0.0847 -0.9322 0.3520
vn -0.0294 -0.8342 0.5507
vn -0.1762 -0.4976 0.8493
vn 0.1079 -0.8819 0.4589
vn -0.2513 -0.5698 -0.7824
vn -0.3577 -0.4099 -0.8391
vn -0.5159 -0.6440 -0.5649
vn -0.4587 -0.6938 -0.5552
vn -0.8236 -0.4662 0.3230
vn -0.8305 -0.5253 0.1851
vn -0.8742 -0.4757 0.0970
vn -0.8707 -0.4110 0.2702
vn 0.1408 -0.9898 -0.0210
vn 0.1970 -0.9796 0.0398
vn 0.1082 -0.9933 0.0412
vn 0.0656 -0.9890 -0.1326
vn -0.2362 -0.6785 -0.6956
vn -0.1922 -0.6557 -0.7302
vn -0.2099 -0.8344 -0.5097
vn -0.3344 -0.8029 -0.4936
vn -0.1314 -0.6659 -0.7344
vn -0.1481 -0.6690 -0.7284
vn -0.1278 -0.8665 -0.4826
vn -0.1169 -0.8631 -0.4914
vn -0.2165 -0.9733 -0.0766
vn -0.4076 -0.9105 -0.0698
vn -0.4779 -0.8686 -0.1310
vn -0.3554 -0.9345 -0.0204
vn -0.2317 -0.9553 -0.1835
vn -0.2571 -0.9290 -0.2660
vn -0.1203 -0.9830 -0.1389
vn -0.1128 -0.9881 -0.1045
vn -0.4409 -0.6738 -0.5929
vn -0.6543 -0.6522 -0.3829
vn -0.5858 -0.7651 -0.2672
vn -0.3052 -0.8556 -0.4182
vn -0.1219 -0.9828 -0.1389
vn -0.1236 -0.9861 -0.1114
vn -0.0698 -0.9956 0.0631
vn -0.0707 -0.9960 0.0537
vn -0.5039 -0.8636 0.0191
vn -0.3917 -0.9198 -0.0238
vn -0.6890 -0.7080 0.1552
vn -0.6160 -0.7830 0.0860
vn -0.6528 -0.7423 0.1512
vn -0.6193 -0.7076 0.3403
vn -0.5131 -0.7966 0.3196
vn -0.5451 -0.8260 0.1434
vn -0.7101 -0.7036 -0.0254
vn -0.7207 -0.6735 0.1643
vn -0.8350 -0.3932 0.3850
vn -0.8192 -0.4261 0.3838
vn -0.3231 -0.9343 0.1507
vn -0.3172 -0.9104 0.2657
vn -0.2957 -0.9287 0.2239
vn -0.3071 -0.9421 0.1350
vn -0.0514 -0.9973 0.0522
vn -0.0106 -0.9851 0.1716
vn -0.4001 -0.8680 0.2940
vn -0.4205 -0.8955 0.1460
vn -0.2680 -0.9494 0.1636
vn -0.2304 -0.9547 0.1885
vn -0.3347 -0.9277 0.1651
vn -0.3648 -0.9240 0.1146
vn -0.2635 -0.9127 0.3122
vn -0.1866 -0.9364 0.2973
vn -0.1809 -0.9565 0.2289
vn -0.2405 -0.9423 0.2330
vn -0.2816 -0.9588 -0.0384
vn -0.1548 -0.9878 -0.0181
vn -0.4792 -0.7026 0.5261
vn -0.3377 -0.8129 0.4746
vn -0.4436 -0.7773 0.4461
vn -0.5641 -0.6717 0.4802
vn -0.2441 -0.8898 0.3855
vn -0.3385 -0.8581 0.3862
vn -0.0477 -0.9501 0.3083
vn -0.1307 -0.9022 0.4111
vn -0.0170 -0.9582 0.2856
vn 0.1046 -0.9851 0.1367
vn -0.4511 -0.8922 0.0242
vn -0.3597 -0.9288 0.0896
vn -0.3238 -0.9323 0.1609
vn -0.4078 -0.9087 0.0891
vn -0.4718 -0.8507 0.2317
vn -0.5581 -0.7983 0.2265
vn -0.5177 -0.8258 0.2237
vn -0.4365 -0.8748 0.2103
vn -0.0654 -0.9744 0.2149
vn -0.0501 -0.9866 0.1555
vn -0.9515 -0.3075 -0.0039
vn -0.9611 -0.2709 0.0540
vn -0.9477 -0.3115 0.0699
vn -0.9506 -0.3081 0.0379
vn -0.9217 -0.3878 -0.0106
vn -0.9418 -0.3357 -0.0175
vn -0.4531 -0.8469 0.2782
vn -0.3482 -0.9056 0.2423
vn -0.8473 -0.4903 0.2044
vn -0.2979 -0.9543 0.0225
vn -0.2828 -0.9589 0.0241
vn -0.4750 -0.8777 -0.0629
vn -0.3667 -0.9303 -0.0098
vn -0.9748 -0.1873 -0.1214
vn -0.9735 -0.1861 -0.1327
vn -0.9595 -0.2399 -0.1477
vn -0.9616 -0.2373 -0.1380
vn -0.9790 -0.1674 -0.1164
vn -0.9792 -0.1488 -0.1380
vn -0.9811 -0.1887 -0.0422
vn -0.9781 -0.2063 0.0263
vn -0.9743 -0.2248 0.0152
vn 0.0661 -0.2039 0.9768
vn 0.1799 -0.2762 0.9441
vn 0.2413 -0.3735 0.8957
vn 0.2225 -0.4678 0.8554
vn 0.3457 0.0539 -0.9368
vn 0.1012 0.1059 -0.9892
vn 0.6790 -0.2880 -0.6753
vn 0.6276 -0.0807 -0.7743
vn -0.6412 0.0003 -0.7674
vn -0.7477 -0.0606 -0.6613
vn -0.1102 0.1206 -0.9866
vn -0.3779 0.0858 -0.9219
vn 0.2071 -0.5882 0.7818
vn 0.4056 -0.8883 -0.2152
vn -0.7781 -0.0797 -0.6231
vn -0.6549 -0.3955 -0.6440
vn -0.0881 -0.2087 0.9740
vn -0.0289 -0.1859 0.9821
vn 0.2394 0.1095 0.9647
vn 0.4603 0.0682 0.8851
vn 0.5764 0.0066 0.8171
vn 0.5769 -0.1453 0.8038
vn 0.0828 -0.2228 -0.9713
vn 0.8134 -0.4745 0.3366
vn 0.7716 -0.2332 -0.5919
vn 0.5923 -0.1883 -0.7834
vn -0.5959 -0.1548 -0.7880
vn -0.7358 -0.0885 -0.6714
vn -0.1434 -0.2250 -0.9637
vn -0.3474 -0.2157 -0.9126
vn -0.8414 -0.0980 -0.5315
vn -0.1393 0.1343 0.9811
vn -0.0036 0.1371 0.9906
vn 0.1508 -0.1479 0.9774
vn 0.3946 -0.1347 0.9089
vn 0.6333 -0.0205 0.7736
vn 0.7595 0.0130 0.6504
vn 0.9952 -0.0024 0.0978
vn 0.8519 0.0244 -0.5231
vn 0.5849 -0.1123 -0.8033
vn -0.2204 -0.3697 -0.9026
vn -0.3850 -0.3607 -0.8495
vn 0.0385 -0.3051 -0.9515
vn -0.2416 -0.0900 0.9662
vn -0.0856 -0.1027 0.9910
vn -0.3730 -0.7818 0.4997
vn -0.4997 -0.7434 0.4446
vn -0.5989 -0.6937 -0.4001
vn -0.4308 -0.8171 -0.3831
vn -0.0048 -0.9277 -0.3732
vn 0.6225 -0.5131 -0.5909
vn 0.6910 -0.6786 0.2491
vn -0.3500 -0.9014 -0.2550
vn 0.0212 -0.7948 0.6065
vn -0.1738 -0.7935 0.5832
vn 0.8825 -0.1423 -0.4483
vn 0.9810 -0.1880 -0.0488
vn -0.4525 -0.8665 -0.2109
vn -0.3281 -0.9282 -0.1756
vn -0.3518 -0.9308 -0.0994
vn -0.4769 -0.8685 -0.1350
vn -0.1340 -0.2144 0.9675
vn -0.1805 0.1148 0.9768
vn 0.0019 -0.7736 0.6336
vn -0.2900 -0.7696 0.5689
vn -0.6644 -0.7458 -0.0486
vn -0.6765 -0.7364 0.0005
vn -0.4909 -0.8670 -0.0855
vn -0.7668 -0.6356 0.0891
vn -0.7240 -0.6678 -0.1729
vn -0.6046 -0.7871 -0.1221
vn -0.5812 -0.8124 -0.0481
vn -0.7097 -0.6956 -0.1114
vn -0.7156 -0.6664 -0.2093
vn -0.6711 -0.7029 -0.2358
vn -0.5630 -0.7948 -0.2267
vn -0.6036 -0.7780 -0.1741
vn -0.9487 -0.2413 -0.2041
vn -0.9567 -0.2480 -0.1525
vn -0.9738 -0.1833 -0.1348
vn -0.9685 -0.1633 -0.1881
vn -0.9826 -0.1189 -0.1425
vn -0.9798 -0.0647 -0.1891
vn -0.7874 -0.5469 -0.2846
vn -0.8847 -0.4299 -0.1803
vn -0.9623 -0.2676 -0.0479
vn -0.9639 -0.2655 0.0195
vn -0.9503 -0.3043 -0.0664
vn -0.4006 -0.7523 -0.5231
vn -0.4786 -0.7322 -0.4846
vn -0.3464 -0.7538 -0.5584
vn -0.3132 -0.7639 -0.5642
vn -0.2315 -0.7949 -0.5609
vn 0.0262 -0.9071 -0.4201
vn -0.1024 -0.8511 -0.5150
vn -0.0515 -0.7549 -0.6538
vn 0.0522 -0.8743 -0.4826
vn -0.2948 -0.6583 -0.6926
vn -0.7629 -0.6465 -0.0078
vn -0.8104 -0.5727 -0.1234
vn -0.6518 -0.7480 0.1252
vn -0.4683 -0.8489 0.2450
vn -0.6333 -0.7131 -0.3007
vn -0.6047 -0.7164 -0.3481
vn -0.6051 -0.7151 -0.3500
vn -0.5122 -0.7281 -0.4556
vn -0.8675 -0.4687 -0.1663
vn -0.9105 -0.3803 -0.1624
vn -0.9021 -0.3791 -0.2062
vn -0.8596 -0.4624 -0.2176
vn -0.8054 -0.5558 -0.2059
vn -0.8046 -0.5738 -0.1527
vn -0.9410 -0.3021 -0.1525
vn -0.9360 -0.3046 -0.1763
vn -0.9653 -0.2511 -0.0713
vn -0.9783 -0.2005 -0.0515
vn -0.2610 -0.6684 -0.6965
vn -0.1849 -0.8556 -0.4835
vn -0.8302 -0.5548 0.0539
vn -0.8205 -0.5669 -0.0730
vn -0.8869 -0.4577 -0.0631
vn -0.8900 -0.4559 -0.0005
vn -0.1399 -0.9876 0.0708
vn -0.1628 -0.9784 0.1277
vn -0.2504 -0.9467 0.2027
vn -0.4166 -0.8800 0.2283
vn -0.9738 -0.2274 0.0032
vn -0.9753 -0.2204 -0.0138
vn -0.2836 -0.9455 -0.1603
vn -0.4034 -0.8773 -0.2599
vn -0.6754 -0.7372 -0.0209
vn -0.6798 -0.7111 -0.1795
vn -0.6261 -0.6895 -0.3641
vn -0.5267 -0.8486 -0.0498
vn -0.6661 -0.7241 0.1788
vn -0.2912 -0.8349 0.4670
vn -0.1966 -0.9094 0.3665
vn -0.2259 -0.8255 -0.5172
vn 0.1096 -0.9914 -0.0714
vn -0.7652 -0.5831 0.2729
vn -0.8355 -0.5410 0.0963
vn -0.8374 -0.5320 -0.1252
vn -0.1530 -0.9720 -0.1784
vn -0.4822 -0.8351 -0.2647
vn -0.6497 -0.5204 -0.5541
vn -0.4983 -0.4650 -0.7317
vn -0.5109 -0.6238 -0.5915
vn -0.6159 -0.6134 -0.4944
vn -0.7495 -0.6618 0.0175
vn -0.7018 -0.7100 0.0578
vn -0.7936 -0.6056 0.0589
vn -0.8399 -0.5427 0.0077
vn -0.9439 -0.3261 -0.0528
vn -0.5036 -0.8603 0.0792
vn -0.4624 -0.8772 0.1291
vn -0.5821 -0.8090 0.0822
vn -0.6298 -0.7755 0.0448
vn -0.6141 -0.5809 -0.5342
vn -0.4063 -0.5929 -0.6953
vn -0.9332 -0.3588 -0.0184
vn -0.9658 -0.2567 0.0372
vn -0.9629 -0.2670 0.0389
vn -0.9764 -0.2072 -0.0613
vn -0.9419 -0.3263 -0.0795
vn -0.5417 -0.8402 0.0254
vn -0.6746 -0.7376 -0.0295
vn -0.7875 -0.6127 -0.0674
vn -0.8654 -0.4952 -0.0766
vn -0.9110 -0.4054 -0.0759
vn -0.9350 -0.3545 -0.0131
vn -0.9642 -0.2651 0.0047
vn -0.9768 -0.2125 0.0253
vn -0.9718 -0.2314 0.0443
vn -0.9768 -0.2042 -0.0638
vn -0.9481 -0.3147 -0.0444
vn -0.9788 -0.2030 -0.0289
vn -0.9324 -0.3593 -0.0394
vn -0.1234 -0.2303 0.9653
vn -0.2592 0.0604 0.9639
vn 0.0693 -0.7909 0.6080
vn 0.0909 -0.9906 0.1026
vn 0.1032 -0.8436 0.5269
vn 0.1898 -0.9805 0.0508
vn -0.0280 -0.9854 0.1680
vn -0.3418 -0.6513 -0.6775
vn -0.2347 -0.8945 -0.3804
vn -0.3806 -0.8748 -0.2998
vn -0.3132 -0.8065 -0.5015
vn -0.3410 -0.9187 0.1994
vn -0.2621 -0.9473 0.1842
vn -0.1855 -0.9719 0.1449
vn -0.2381 -0.9524 0.1902
vn -0.2721 -0.9345 0.2295
vn -0.3732 -0.8982 0.2322
vn -0.9289 -0.3695 0.0258
vn -0.5840 -0.2802 -0.7619
vn -0.2904 -0.1042 0.9512
vn -0.3600 -0.0447 0.9319
vn -0.6927 -0.3807 0.6126
vn -0.8868 -0.4508 -0.1018
vn -0.8030 -0.2100 -0.5577
vn -0.7152 -0.6082 -0.3442
vn -0.7649 -0.5493 -0.3366
vn -0.1098 -0.9797 -0.1680
vn -0.1183 -0.9788 -0.1672
vn -0.1038 -0.9932 0.0533
vn -0.0626 -0.9967 0.0517
vn -0.1263 -0.9832 0.1317
vn -0.0414 -0.9906 0.1301
vn -0.0742 -0.9888 0.1293
vn -0.0984 -0.9811 0.1667
vn -0.1588 -0.9710 0.1785
vn -0.1881 -0.9559 0.2255
vn -0.1240 -0.9676 0.2198
vn -0.1208 -0.9790 -0.1640
vn -0.2088 -0.9775 0.0302
vn -0.0038 -0.9991 0.0431
vn -0.0002 -0.9895 -0.1447
vn -0.1685 -0.9741 -0.1510
vn -0.2380 -0.9210 0.3083
vn -0.0056 -0.9462 0.3235
vn -0.0036 -0.8737 0.4864
vn -0.2610 -0.8468 0.4635
vn -0.2944 -0.8054 0.5144
vn -0.0017 -0.8380 0.5457
vn -0.3126 -0.7871 0.5317
vn -0.0005 -0.8301 0.5576
vn -0.2965 -0.8244 0.4822
vn -0.2715 -0.8657 0.4205
vn -0.2688 -0.8447 0.4629
vn -0.0341 -0.9902 0.1356
vn -0.4552 -0.0746 0.8872
vn -0.7176 -0.2594 0.6464
vn -0.0950 -0.3058 0.9474
vn -0.8911 -0.3902 0.2316
vn -0.8451 -0.5018 0.1846
vn -0.8658 -0.4638 0.1880
vn -0.8631 -0.4779 0.1633
vn -0.8922 -0.4307 0.1361
vn -0.8546 -0.5035 0.1273
vn -0.8361 -0.5419 0.0850
vn -0.8826 -0.4651 0.0682
vn -0.8909 -0.4426 0.1016
vn -0.8174 -0.5321 0.2208
vn -0.7851 -0.5871 0.1974
vn -0.8003 -0.5061 0.3216
vn -0.7546 -0.5592 0.3433
vn -0.8011 -0.4348 0.4113
vn -0.7413 -0.4939 0.4545
vn -0.7857 -0.4297 0.4450
vn -0.7148 -0.5018 0.4871
vn -0.5457 -0.7665 0.3388
vn -0.6303 -0.6540 0.4183
vn -0.6885 -0.6229 0.3716
vn -0.6018 -0.7363 0.3094
vn -0.4112 -0.8804 0.2362
vn -0.3255 -0.9135 0.2441
vn -0.0739 -0.9608 0.2671
vn -0.2509 -0.9558 0.1535
vn -0.0886 -0.9954 0.0355
vn 0.0534 -0.9636 0.2619
vn -0.7472 -0.5630 0.3532
vn -0.2537 -0.9266 0.2775
vn -0.3362 -0.9274 -0.1638
vn -0.8194 -0.4274 -0.3819
vn -0.9686 -0.2459 -0.0359
vn -0.9298 -0.3195 -0.1826
vn -0.8955 -0.3919 -0.2107
vn -0.8466 -0.4831 -0.2232
vn -0.7931 -0.5651 -0.2273
vn 0.2355 -0.9687 -0.0785
vn 0.8451 -0.4874 -0.2198
vn 0.8967 -0.3911 -0.2073
vn 0.9314 -0.3177 -0.1774
vn 0.8451 -0.5020 0.1837
vn -0.4242 -0.9056 0.0015
vn 0.2313 -0.9631 -0.1373
vn 0.1807 -0.9735 -0.1401
vn 0.6632 -0.7469 -0.0484
vn -0.8992 -0.3449 0.2693
vn -0.8674 -0.4972 0.0223
vn -0.7941 -0.6066 0.0374
vn -0.7295 -0.6619 0.1725
vn -0.6922 -0.6293 0.3534
vn -0.6621 -0.5728 0.4833
vn -0.6186 -0.5884 0.5207
vn -0.5041 -0.7306 0.4607
vn -0.4146 -0.8320 0.3686
vn -0.1872 -0.9594 0.2110
vn 0.0577 -0.9621 0.2667
vn 0.1114 -0.9195 0.3769
vn 0.6753 -0.7372 -0.0229
vn 0.8878 -0.3548 0.2931
vn 0.3834 -0.5919 0.7090
vn -0.8861 -0.3542 0.2990
vn -0.7523 -0.6175 -0.2297
vn -0.6387 -0.5990 -0.4830
vn -0.5471 -0.6101 -0.5732
vn -0.6874 -0.6383 -0.3466
vn -0.7535 -0.6555 -0.0499
vn -0.7775 -0.6200 0.1053
vn -0.7476 -0.6585 0.0863
vn -0.6586 -0.7502 0.0589
vn -0.5317 -0.8440 0.0709
vn -0.4110 -0.9031 0.1244
vn -0.3036 -0.9362 0.1769
vn -0.2061 -0.9559 0.2091
vn -0.1400 -0.9597 0.2438
vn -0.1224 -0.9468 0.2976
vn -0.1534 -0.9173 0.3676
vn -0.2228 -0.8691 0.4417
vn -0.3744 -0.7836 0.4958
vn -0.5602 -0.6636 0.4957
vn -0.6725 -0.5764 0.4642
vn -0.7419 -0.5198 0.4234
vn -0.8195 -0.4672 0.3320
vn -0.8762 -0.4477 0.1785
vn -0.8716 -0.4900 -0.0148
vn -0.7882 -0.5668 -0.2398
vn -0.6322 -0.6164 -0.4694
vn -0.4370 -0.6150 -0.6564
vn -0.2599 -0.5999 -0.7567
vn -0.1476 -0.5950 -0.7901
vn -0.1402 -0.5888 -0.7960
vn -0.1748 -0.6004 -0.7803
vn -0.1799 -0.6457 -0.7421
vn -0.2020 -0.6873 -0.6977
vn -0.2493 -0.6892 -0.6803
vn -0.2944 -0.6674 -0.6840
vn -0.3880 -0.6307 -0.6721
vn 0.7937 -0.5559 0.2470
vn 0.7159 -0.6399 0.2794
vn 0.6467 -0.7002 0.3024
vn 0.3819 -0.8675 0.3189
vn 0.2890 -0.9053 0.3112
vn 0.2101 -0.9268 0.3113
vn 0.1437 -0.9398 0.3101
vn 0.0757 -0.9483 0.3081
vn -0.0001 -0.9517 0.3070
vn -0.0758 -0.9483 0.3081
vn -0.1435 -0.9398 0.3102
vn -0.2100 -0.9268 0.3114
vn -0.2892 -0.9053 0.3112
vn -0.3819 -0.8675 0.3188
vn -0.6469 -0.7001 0.3024
vn -0.7157 -0.6401 0.2793
vn -0.7933 -0.5563 0.2474
vn -0.8582 -0.4719 0.2023
vn 0.6885 -0.2578 0.6779
vn 0.6731 0.2074 0.7098
vn 0.4511 0.8736 -0.1823
vn 0.6248 0.5882 -0.5134
vn 0.6269 -0.3542 0.6940
vn 0.6358 -0.3192 0.7027
vn 0.7434 0.5040 -0.4397
vn 0.7617 0.4706 -0.4454
vn -0.4685 -0.7362 0.4883
vn -0.0414 -0.8367 0.5461
vn -0.0150 -0.3820 0.9241
vn -0.3927 -0.3091 0.8662
vn -0.5092 -0.7578 0.4079
vn -0.0548 -0.8905 0.4517
vn -0.7377 -0.5155 0.4359
vn -0.7538 -0.4831 0.4454
vn -0.6262 0.3406 -0.7013
vn -0.6297 0.3075 -0.7134
vn -0.7463 0.2149 -0.6300
vn -0.6752 -0.5664 0.4726
vn -0.7018 -0.5194 0.4876
vn 0.2427 0.3010 0.9222
vn -0.7490 -0.5381 0.3866
vn -0.5515 -0.5599 0.6183
vn 0.1577 0.4561 0.8758
vn 0.0040 0.7157 0.6984
vn -0.0449 0.7275 0.6846
vn -0.9370 0.1741 -0.3028
vn -0.6584 0.1992 0.7258
vn -0.6229 -0.3292 0.7096
vn -0.7050 0.5465 -0.4520
vn -0.5643 0.8083 -0.1678
vn -0.6048 -0.3384 0.7209
vn -0.6050 -0.3573 0.7115
vn -0.7753 0.4556 -0.4373
vn -0.7681 0.4796 -0.4243
vn 0.5810 -0.7197 0.3801
vn 0.5959 -0.7587 0.2633
vn 0.4036 -0.4403 0.8020
vn 0.4225 -0.2656 0.8666
vn 0.6648 -0.7404 0.0992
vn 0.5051 -0.5372 0.6755
vn 0.6970 -0.6957 0.1738
vn 0.7351 -0.6760 0.0504
vn 0.6196 -0.7166 -0.3203
vn 0.6696 -0.6678 -0.3251
vn 0.7745 -0.4637 0.4303
vn 0.7640 -0.4914 0.4182
vn 0.6062 0.3191 -0.7285
vn 0.6067 0.3426 -0.7173
vn 0.6027 -0.6802 -0.4172
vn 0.6536 -0.6443 -0.3971
vn 0.7385 -0.5316 0.4147
vn 0.6714 0.2907 -0.6817
vn 0.6824 -0.5194 0.5143
vn -0.2612 0.3674 0.8926
vn -0.2421 0.5028 0.8298
vn -0.1908 0.6210 0.7602
vn -0.1476 0.7271 0.6705
vn 0.8726 0.3129 -0.3750
vn -0.9697 0.2374 -0.0578
vn 0.0918 0.9951 0.0361
vn -0.8496 -0.5247 -0.0531
vn -0.7803 -0.6253 0.0096
vn -0.9428 0.3310 -0.0407
vn 0.2016 0.9675 0.1524
vn -0.8595 -0.4997 -0.1076
vn -0.8026 -0.5954 -0.0359
vn -0.6864 -0.6373 0.3503
vn -0.6611 -0.6314 0.4054
vn -0.5732 -0.2070 0.7928
vn 0.0410 0.7474 0.6631
vn 0.0876 0.7263 0.6817
vn -0.5074 -0.2873 0.8124
vn -0.5601 -0.7397 0.3729
vn -0.4528 -0.5473 0.7039
vn 0.2051 0.7268 0.6555
vn -0.6067 -0.7686 0.2029
vn -0.6313 -0.7275 0.2688
vn -0.7095 -0.7012 0.0697
vn -0.0536 -0.9703 0.2359
vn -0.5460 -0.8362 0.0516
vn -0.4185 -0.9014 -0.1109
vn -0.0493 -0.9969 -0.0610
vn -0.6045 -0.7819 -0.1525
vn -0.6548 -0.7555 -0.0217
vn -0.6249 -0.7672 -0.1446
vn -0.6799 -0.7315 -0.0513
vn -0.7123 -0.6549 -0.2525
vn -0.7416 -0.5637 -0.3638
vn -0.7217 -0.6252 -0.2970
vn -0.6924 -0.6968 -0.1872
vn 0.5055 -0.1752 0.8448
vn 0.6079 -0.6689 0.4278
vn -0.1263 0.7545 0.6440
vn -0.0475 0.7480 0.6620
vn 0.5426 -0.1966 0.8167
vn 0.0462 0.7371 0.6743
vn 0.3581 -0.3020 0.8835
vn 0.6504 -0.6913 0.3149
vn 0.5154 -0.7440 -0.4253
vn 0.5539 -0.7803 -0.2905
vn 0.3996 -0.7696 0.4980
vn 0.4337 -0.8040 0.4068
vn 0.5056 -0.8620 -0.0352
vn 0.4644 -0.8807 -0.0937
vn 0.7864 -0.5310 0.3156
vn 0.7528 -0.6575 -0.0319
vn 0.8296 -0.5511 -0.0895
vn -0.1882 0.9821 0.0033
vn 0.9472 0.3022 -0.1075
vn 0.7826 -0.6215 -0.0365
vn -0.1487 0.9835 0.1035
vn 0.9637 0.2556 -0.0774
vn 0.8410 -0.5326 -0.0955
vn 0.7023 -0.6122 -0.3633
vn 0.6774 -0.6933 -0.2458
vn -0.6491 0.7064 0.2823
vn 0.6390 0.6890 0.3420
vn 0.1063 0.9815 0.1595
vn 0.0843 0.9756 0.2028
vn 0.2092 0.9344 0.2884
vn 0.2529 0.9460 0.2027
vn 0.0497 0.9702 0.2373
vn 0.1411 0.9237 0.3563
vn 0.0062 0.9658 0.2593
vn 0.0552 0.9149 0.3998
vn -0.0420 0.9628 0.2668
vn -0.0401 0.9091 0.4146
vn -0.0903 0.9616 0.2590
vn -0.1354 0.9068 0.3993
vn -0.1340 0.9623 0.2368
vn -0.2217 0.9081 0.3554
vn -0.1685 0.9647 0.2022
vn -0.2901 0.9129 0.2872
vn -0.1909 0.9687 0.1587
vn -0.3342 0.9208 0.2012
vn -0.1988 0.9738 0.1105
vn -0.3496 0.9309 0.1060
vn -0.1912 0.9796 0.0623
vn -0.3346 0.9423 0.0109
vn -0.1691 0.9854 0.0189
vn -0.2910 0.9538 -0.0749
vn -0.1346 0.9908 -0.0155
vn -0.2229 0.9643 -0.1429
vn -0.0911 0.9951 -0.0376
vn -0.1369 0.9729 -0.1865
vn -0.0428 0.9981 -0.0451
vn -0.0416 0.9786 -0.2013
vn 0.0055 0.9993 -0.0373
vn 0.0538 0.9811 -0.1860
vn 0.0491 0.9987 -0.0150
vn 0.1401 0.9799 -0.1420
vn 0.0838 0.9963 0.0195
vn 0.2084 0.9753 -0.0737
vn 0.1061 0.9924 0.0630
vn 0.2525 0.9675 0.0123
vn 0.1138 0.9872 0.1113
vn 0.2678 0.9575 0.1075
vn 0.3291 0.8701 0.3668
vn 0.3933 0.8873 0.2409
vn 0.2290 0.8544 0.4665
vn 0.1027 0.8415 0.5304
vn -0.0372 0.8330 0.5521
vn -0.1772 0.8295 0.5297
vn -0.3038 0.8314 0.4652
vn -0.4044 0.8386 0.3650
vn -0.4692 0.8502 0.2388
vn -0.4918 0.8651 0.0989
vn -0.4699 0.8818 -0.0409
vn -0.4058 0.8986 -0.1669
vn -0.3056 0.9140 -0.2667
vn -0.1794 0.9266 -0.3306
vn -0.0393 0.9350 -0.3524
vn 0.1008 0.9386 -0.3299
vn 0.2273 0.9369 -0.2655
vn 0.3279 0.9302 -0.1651
vn 0.3928 0.9188 -0.0388
vn 0.4152 0.9041 0.1012
vn 0.4408 0.7845 0.4362
vn 0.5240 0.8067 0.2733
vn 0.3111 0.7640 0.5652
vn 0.1478 0.7474 0.6477
vn -0.0333 0.7363 0.6758
vn -0.2146 0.7318 0.6468
vn -0.3784 0.7344 0.5635
vn -0.5087 0.7437 0.4338
vn -0.5926 0.7587 0.2705
vn -0.6219 0.7780 0.0894
vn -0.5937 0.7995 -0.0916
vn -0.5105 0.8212 -0.2547
vn -0.3808 0.8412 -0.3839
vn -0.2174 0.8573 -0.4666
vn -0.0361 0.8683 -0.4947
vn 0.1453 0.8729 -0.4657
vn 0.3091 0.8708 -0.3822
vn 0.4394 0.8621 -0.2524
vn 0.5233 0.8475 -0.0889
vn 0.5525 0.8284 0.0923
vn 0.5417 0.6795 0.4948
vn 0.6418 0.7063 0.2988
vn 0.3856 0.6550 0.6498
vn 0.1891 0.6350 0.7490
vn -0.0287 0.6217 0.7827
vn -0.2466 0.6163 0.7479
vn -0.4436 0.6193 0.6478
vn -0.6005 0.6304 0.4920
vn -0.7015 0.6486 0.2955
vn -0.7368 0.6716 0.0776
vn -0.7028 0.6975 -0.1401
vn -0.6026 0.7237 -0.3363
vn -0.4466 0.7475 -0.4916
vn -0.2500 0.7670 -0.5909
vn -0.0320 0.7801 -0.6248
vn 0.1861 0.7858 -0.5899
vn 0.3832 0.7833 -0.4895
vn 0.5399 0.7728 -0.3335
vn 0.6410 0.7553 -0.1368
vn 0.6760 0.7324 0.0811
vn 0.6291 0.5579 0.5412
vn 0.7438 0.5884 0.3170
vn 0.4506 0.5298 0.7185
vn 0.2258 0.5071 0.8318
vn -0.0233 0.4918 0.8704
vn -0.2726 0.4856 0.8306
vn -0.4979 0.4891 0.7161
vn -0.6773 0.5018 0.5380
vn -0.7931 0.5224 0.3133
vn -0.8335 0.5488 0.0640
vn -0.7944 0.5784 -0.1852
vn -0.6799 0.6083 -0.4095
vn -0.5013 0.6356 -0.5871
vn -0.2764 0.6578 -0.7007
vn -0.0271 0.6728 -0.7393
vn 0.2223 0.6793 -0.6994
vn 0.4478 0.6765 -0.5847
vn 0.6272 0.6645 -0.4063
vn 0.7428 0.6445 -0.1814
vn 0.7830 0.6183 0.0680
vn 0.7011 0.4227 0.5743
vn 0.8275 0.4560 0.3275
vn 0.5044 0.3918 0.7694
vn 0.2569 0.3667 0.8942
vn -0.0174 0.3501 0.9366
vn -0.2918 0.3432 0.8928
vn -0.5400 0.3469 0.7668
vn -0.7376 0.3608 0.5707
vn -0.8652 0.3834 0.3233
vn -0.9097 0.4125 0.0488
vn -0.8666 0.4450 -0.2256
vn -0.7404 0.4779 -0.4727
vn -0.5437 0.5080 -0.6681
vn -0.2960 0.5326 -0.7929
vn -0.0216 0.5492 -0.8354
vn 0.2530 0.5563 -0.7915
vn 0.5013 0.5531 -0.6654
vn 0.6989 0.5399 -0.4691
vn 0.8264 0.5178 -0.2214
vn 0.8707 0.4889 0.0532
vn 0.7559 0.2768 0.5933
vn 0.8908 0.3126 0.3298
vn 0.5459 0.2441 0.8015
vn 0.2816 0.2176 0.9345
vn -0.0110 0.1998 0.9798
vn -0.3038 0.1921 0.9332
vn -0.5688 0.1962 0.7988
vn -0.7798 0.2109 0.5895
vn -0.9159 0.2350 0.3254
vn -0.9635 0.2659 0.0323
vn -0.9174 0.3007 -0.2605
vn -0.7825 0.3360 -0.5241
vn -0.5725 0.3681 -0.7326
vn -0.3083 0.3943 -0.8657
vn -0.0155 0.4121 -0.9110
vn 0.2775 0.4196 -0.8643
vn 0.5424 0.4161 -0.7298
vn 0.7535 0.4019 -0.5203
vn 0.8895 0.3785 -0.2560
vn 0.9369 0.3475 0.0371
vn 0.7920 0.1243 0.5977
vn 0.9322 0.1611 0.3241
vn 0.5739 0.0905 0.8139
vn 0.2995 0.0628 0.9520
vn -0.0044 0.0445 0.9990
vn -0.3085 0.0366 0.9505
vn -0.5836 0.0403 0.8110
vn -0.8027 0.0559 0.5937
vn -0.9442 0.0806 0.3194
vn -0.9935 0.1127 0.0151
vn -0.9457 0.1491 -0.2890
vn -0.8056 0.1854 -0.5627
vn -0.5874 0.2193 -0.7790
vn -0.3130 0.2463 -0.9173
vn -0.0090 0.2648 -0.9643
vn 0.2953 0.2724 -0.9158
vn 0.5703 0.2689 -0.7762
vn 0.7895 0.2538 -0.5588
vn 0.9308 0.2299 -0.2843
vn 0.9802 0.1971 0.0200
vn 0.8088 -0.0308 0.5873
vn 0.9506 0.0064 0.3103
vn 0.5879 -0.0650 0.8063
vn 0.3101 -0.0927 0.9462
vn 0.0023 -0.1114 0.9938
vn -0.3056 -0.1194 0.9446
vn -0.5841 -0.1155 0.8034
vn -0.8060 -0.1003 0.5833
vn -0.9492 -0.0754 0.3056
vn -0.9991 -0.0433 -0.0024
vn -0.9506 -0.0062 -0.3103
vn -0.8088 0.0309 -0.5872
vn -0.5879 0.0652 -0.8063
vn -0.3101 0.0930 -0.9462
vn -0.0023 0.1114 -0.9938
vn 0.3056 0.1194 -0.9446
vn 0.5841 0.1154 -0.8034
vn 0.8060 0.1004 -0.5833
vn 0.9492 0.0753 -0.3056
vn 0.9991 0.0429 0.0024
vn 0.8056 -0.1853 0.5628
vn 0.9456 -0.1490 0.2890
vn 0.5874 -0.2193 0.7790
vn 0.3130 -0.2464 0.9172
vn 0.0090 -0.2649 0.9642
vn -0.2952 -0.2727 0.9157
vn -0.5703 -0.2688 0.7762
vn -0.7895 -0.2541 0.5587
vn -0.9309 -0.2293 0.2844
vn -0.9801 -0.1975 -0.0200
vn -0.9322 -0.1613 -0.3241
vn -0.7921 -0.1243 -0.5977
vn -0.5740 -0.0901 -0.8139
vn -0.2995 -0.0630 -0.9520
vn 0.0044 -0.0444 -0.9990
vn 0.3085 -0.0369 -0.9505
vn 0.5835 -0.0409 -0.8111
vn 0.8027 -0.0560 -0.5937
vn 0.9442 -0.0805 -0.3194
vn 0.9935 -0.1128 -0.0151
vn 0.7826 -0.3359 0.5241
vn 0.9175 -0.3006 0.2606
vn 0.5726 -0.3682 0.7325
vn 0.3082 -0.3943 0.8658
vn 0.0155 -0.4120 0.9111
vn -0.2775 -0.4194 0.8643
vn -0.5424 -0.4162 0.7298
vn -0.7534 -0.4020 0.5203
vn -0.8895 -0.3784 0.2560
vn -0.9369 -0.3475 -0.0371
vn -0.8908 -0.3127 -0.3298
vn -0.7558 -0.2769 -0.5933
vn -0.5458 -0.2442 -0.8015
vn -0.2816 -0.2177 -0.9345
vn 0.0110 -0.1997 -0.9798
vn 0.3039 -0.1924 -0.9331
vn 0.5687 -0.1963 -0.7988
vn 0.7797 -0.2110 -0.5895
vn 0.9160 -0.2349 -0.3253
vn 0.9635 -0.2659 -0.0323
vn 0.7404 -0.4780 0.4726
vn 0.8666 -0.4450 0.2256
vn 0.5436 -0.5081 0.6680
vn 0.2959 -0.5326 0.7929
vn 0.0216 -0.5492 0.8354
vn -0.2530 -0.5562 0.7916
vn -0.5012 -0.5531 0.6655
vn -0.6989 -0.5399 0.4691
vn -0.8263 -0.5179 0.2214
vn -0.8707 -0.4890 -0.0532
vn -0.8274 -0.4562 -0.3275
vn -0.7011 -0.4226 -0.5743
vn -0.5044 -0.3918 -0.7695
vn -0.2569 -0.3668 -0.8941
vn 0.0174 -0.3500 -0.9366
vn 0.2918 -0.3432 -0.8928
vn 0.5399 -0.3470 -0.7669
vn 0.7376 -0.3609 -0.5707
vn 0.8651 -0.3834 -0.3233
vn 0.9097 -0.4125 -0.0488
vn 0.6799 -0.6083 0.4095
vn 0.7944 -0.5784 0.1851
vn 0.5013 -0.6356 0.5871
vn 0.2763 -0.6579 0.7006
vn 0.0271 -0.6728 0.7393
vn -0.2223 -0.6793 0.6994
vn -0.4478 -0.6765 0.5847
vn -0.6272 -0.6645 0.4064
vn -0.7428 -0.6445 0.1813
vn -0.7830 -0.6183 -0.0680
vn -0.7437 -0.5885 -0.3171
vn -0.6291 -0.5580 -0.5412
vn -0.4506 -0.5298 -0.7185
vn -0.2258 -0.5070 -0.8318
vn 0.0233 -0.4918 -0.8704
vn 0.2726 -0.4856 -0.8306
vn 0.4980 -0.4890 -0.7162
vn 0.6773 -0.5018 -0.5380
vn 0.7931 -0.5224 -0.3132
vn 0.8335 -0.5488 -0.0640
vn 0.6026 -0.7237 0.3363
vn 0.7027 -0.6975 0.1401
vn 0.4466 -0.7476 0.4916
vn 0.2500 -0.7670 0.5909
vn 0.0320 -0.7801 0.6248
vn -0.1861 -0.7858 0.5898
vn -0.3832 -0.7833 0.4895
vn -0.5400 -0.7728 0.3334
vn -0.6409 -0.7553 0.1368
vn -0.6760 -0.7324 -0.0811
vn -0.6417 -0.7063 -0.2988
vn -0.5417 -0.6796 -0.4948
vn -0.3857 -0.6549 -0.6499
vn -0.1891 -0.6350 -0.7490
vn 0.0286 -0.6216 -0.7828
vn 0.2466 -0.6163 -0.7479
vn 0.4436 -0.6193 -0.6478
vn 0.6004 -0.6305 -0.4920
vn 0.7015 -0.6485 -0.2955
vn 0.7368 -0.6716 -0.0776
vn 0.5105 -0.8213 0.2547
vn 0.5936 -0.7995 0.0916
vn 0.3808 -0.8412 0.3840
vn 0.2174 -0.8573 0.4666
vn 0.0361 -0.8683 0.4948
vn -0.1453 -0.8729 0.4657
vn -0.3091 -0.8708 0.3822
vn -0.4394 -0.8621 0.2524
vn -0.5232 -0.8476 0.0889
vn -0.5524 -0.8284 -0.0923
vn -0.5241 -0.8066 -0.2733
vn -0.4408 -0.7845 -0.4362
vn -0.3112 -0.7640 -0.5652
vn -0.1478 -0.7474 -0.6477
vn 0.0333 -0.7363 -0.6758
vn 0.2146 -0.7319 -0.6468
vn 0.3784 -0.7344 -0.5635
vn 0.5087 -0.7437 -0.4338
vn 0.5927 -0.7586 -0.2705
vn 0.6220 -0.7779 -0.0894
vn 0.4275 -0.8849 0.1848
vn 0.4955 -0.8671 0.0511
vn 0.3212 -0.9013 0.2906
vn 0.1873 -0.9146 0.3584
vn 0.0388 -0.9235 0.3815
vn -0.1099 -0.9273 0.3578
vn -0.2441 -0.9256 0.2892
vn -0.3509 -0.9184 0.1828
vn -0.4195 -0.9064 0.0488
vn -0.4434 -0.8908 -0.0996
vn -0.4201 -0.8730 -0.2478
vn -0.3520 -0.8548 -0.3814
vn -0.2458 -0.8380 -0.4871
vn -0.1120 -0.8244 -0.5548
vn 0.0365 -0.8153 -0.5779
vn 0.1850 -0.8116 -0.5541
vn 0.3193 -0.8137 -0.4857
vn 0.4260 -0.8213 -0.3794
vn 0.4947 -0.8336 -0.2456
vn 0.5188 -0.8494 -0.0972
vn 0.2267 -0.9736 0.0250
vn 0.2589 -0.9651 -0.0384
vn 0.1764 -0.9814 0.0752
vn 0.1128 -0.9878 0.1074
vn 0.0424 -0.9921 0.1184
vn -0.0281 -0.9939 0.1070
vn -0.0918 -0.9930 0.0745
vn -0.1424 -0.9895 0.0241
vn -0.1750 -0.9838 -0.0395
vn -0.1864 -0.9763 -0.1099
vn -0.1753 -0.9679 -0.1802
vn -0.1430 -0.9593 -0.2435
vn -0.0927 -0.9514 -0.2938
vn -0.0291 -0.9450 -0.3259
vn 0.0413 -0.9407 -0.3368
vn 0.1117 -0.9389 -0.3255
vn 0.1754 -0.9399 -0.2931
vn 0.2260 -0.9434 -0.2426
vn 0.2586 -0.9492 -0.1791
vn 0.2699 -0.9567 -0.1087
vn 0.0458 -0.9928 -0.1103
vn 0.0462 -0.9927 -0.1111
vn 0.0452 -0.9929 -0.1097
vn 0.0440 -0.9931 -0.1090
vn 0.0429 -0.9931 -0.1087
vn 0.0416 -0.9932 -0.1090
vn 0.0406 -0.9931 -0.1096
vn 0.0402 -0.9931 -0.1101
vn 0.0398 -0.9930 -0.1110
vn 0.0396 -0.9929 -0.1121
vn 0.0397 -0.9927 -0.1137
vn 0.0402 -0.9926 -0.1144
vn 0.0411 -0.9925 -0.1152
vn 0.0419 -0.9924 -0.1156
vn 0.0429 -0.9924 -0.1157
vn 0.0438 -0.9923 -0.1157
vn 0.0452 -0.9923 -0.1149
vn 0.0458 -0.9924 -0.1144
vn 0.0460 -0.9925 -0.1136
vn 0.0464 -0.9926 -0.1121
vn -0.0430 0.9927 0.1123
vn 0.0429 -0.9927 -0.1123
vn -0.1063 0.9815 0.1594
vn -0.2529 0.9460 0.2027
vn -0.2092 0.9344 0.2884
vn -0.0841 0.9756 0.2028
vn -0.1411 0.9237 0.3563
vn -0.0496 0.9702 0.2373
vn -0.0552 0.9149 0.3998
vn -0.0062 0.9658 0.2593
vn 0.0401 0.9091 0.4146
vn 0.0420 0.9628 0.2668
vn 0.1355 0.9067 0.3994
vn 0.0904 0.9616 0.2590
vn 0.2216 0.9081 0.3554
vn 0.1340 0.9623 0.2368
vn 0.2901 0.9129 0.2872
vn 0.1686 0.9647 0.2023
vn 0.3342 0.9208 0.2012
vn 0.1909 0.9687 0.1587
vn 0.3496 0.9309 0.1060
vn 0.1987 0.9738 0.1105
vn 0.3347 0.9423 0.0109
vn 0.1912 0.9796 0.0623
vn 0.2910 0.9538 -0.0749
vn 0.1691 0.9854 0.0189
vn 0.2229 0.9643 -0.1430
vn 0.1346 0.9908 -0.0155
vn 0.1369 0.9729 -0.1865
vn 0.0911 0.9951 -0.0376
vn 0.0416 0.9786 -0.2013
vn 0.0428 0.9981 -0.0451
vn -0.0538 0.9811 -0.1860
vn -0.0055 0.9993 -0.0373
vn -0.1400 0.9799 -0.1422
vn -0.0492 0.9987 -0.0150
vn -0.2084 0.9753 -0.0737
vn -0.0838 0.9963 0.0195
vn -0.2526 0.9675 0.0123
vn -0.1060 0.9924 0.0630
vn -0.2678 0.9575 0.1075
vn -0.1138 0.9873 0.1113
vn -0.3934 0.8872 0.2409
vn -0.3291 0.8701 0.3668
vn -0.2289 0.8544 0.4665
vn -0.1028 0.8415 0.5303
vn 0.0372 0.8330 0.5521
vn 0.1773 0.8295 0.5297
vn 0.3038 0.8314 0.4652
vn 0.4044 0.8386 0.3650
vn 0.4692 0.8502 0.2388
vn 0.4918 0.8651 0.0989
vn 0.4699 0.8818 -0.0409
vn 0.4058 0.8986 -0.1669
vn 0.3056 0.9140 -0.2667
vn 0.1794 0.9265 -0.3306
vn 0.0393 0.9350 -0.3524
vn -0.1008 0.9386 -0.3300
vn -0.2274 0.9369 -0.2654
vn -0.3280 0.9301 -0.1651
vn -0.3927 0.9188 -0.0388
vn -0.4152 0.9041 0.1012
vn -0.5240 0.8067 0.2732
vn -0.4408 0.7845 0.4362
vn -0.3112 0.7640 0.5652
vn -0.1478 0.7474 0.6477
vn 0.0333 0.7363 0.6758
vn 0.2146 0.7319 0.6468
vn 0.3784 0.7344 0.5635
vn 0.5087 0.7436 0.4338
vn 0.5926 0.7587 0.2704
vn 0.6219 0.7780 0.0894
vn 0.5936 0.7995 -0.0916
vn 0.5105 0.8213 -0.2547
vn 0.3808 0.8411 -0.3840
vn 0.2174 0.8573 -0.4667
vn 0.0361 0.8683 -0.4948
vn -0.1452 0.8730 -0.4657
vn -0.3091 0.8709 -0.3822
vn -0.4394 0.8621 -0.2524
vn -0.5232 0.8476 -0.0889
vn -0.5524 0.8284 0.0923
vn -0.6417 0.7063 0.2988
vn -0.5416 0.6796 0.4948
vn -0.3857 0.6549 0.6499
vn -0.1891 0.6350 0.7490
vn 0.0287 0.6216 0.7828
vn 0.2466 0.6163 0.7479
vn 0.4436 0.6193 0.6478
vn 0.6004 0.6304 0.4920
vn 0.7015 0.6485 0.2955
vn 0.7368 0.6716 0.0776
vn 0.7027 0.6976 -0.1401
vn 0.6026 0.7237 -0.3363
vn 0.4466 0.7476 -0.4916
vn 0.2500 0.7670 -0.5910
vn 0.0320 0.7802 -0.6248
vn -0.1861 0.7858 -0.5899
vn -0.3832 0.7833 -0.4895
vn -0.5400 0.7728 -0.3335
vn -0.6409 0.7553 -0.1368
vn -0.6760 0.7324 0.0811
vn -0.7438 0.5884 0.3171
vn -0.6291 0.5579 0.5412
vn -0.4506 0.5299 0.7185
vn -0.2258 0.5070 0.8318
vn 0.0233 0.4918 0.8704
vn 0.2726 0.4856 0.8306
vn 0.4979 0.4891 0.7161
vn 0.6773 0.5018 0.5380
vn 0.7931 0.5224 0.3133
vn 0.8335 0.5488 0.0640
vn 0.7944 0.5785 -0.1851
vn 0.6799 0.6083 -0.4095
vn 0.5013 0.6356 -0.5871
vn 0.2764 0.6578 -0.7006
vn 0.0271 0.6728 -0.7394
vn -0.2223 0.6793 -0.6994
vn -0.4478 0.6765 -0.5847
vn -0.6272 0.6645 -0.4063
vn -0.7427 0.6446 -0.1813
vn -0.7830 0.6183 0.0680
vn -0.8274 0.4562 0.3275
vn -0.7012 0.4226 0.5743
vn -0.5044 0.3919 0.7694
vn -0.2569 0.3667 0.8942
vn 0.0174 0.3499 0.9366
vn 0.2918 0.3432 0.8928
vn 0.5400 0.3468 0.7669
vn 0.7377 0.3607 0.5707
vn 0.8652 0.3833 0.3233
vn 0.9097 0.4124 0.0488
vn 0.8666 0.4452 -0.2256
vn 0.7404 0.4780 -0.4727
vn 0.5436 0.5082 -0.6680
vn 0.2960 0.5325 -0.7930
vn 0.0215 0.5492 -0.8354
vn -0.2531 0.5561 -0.7916
vn -0.5013 0.5530 -0.6655
vn -0.6989 0.5400 -0.4691
vn -0.8264 0.5178 -0.2214
vn -0.8706 0.4890 0.0532
vn -0.8907 0.3127 0.3299
vn -0.7558 0.2769 0.5933
vn -0.5459 0.2441 0.8015
vn -0.2816 0.2176 0.9345
vn 0.0110 0.1998 0.9798
vn 0.3038 0.1925 0.9331
vn 0.5688 0.1962 0.7987
vn 0.7798 0.2109 0.5895
vn 0.9159 0.2349 0.3254
vn 0.9635 0.2659 0.0323
vn 0.9174 0.3007 -0.2605
vn 0.7826 0.3360 -0.5241
vn 0.5726 0.3682 -0.7325
vn 0.3083 0.3944 -0.8657
vn 0.0155 0.4119 -0.9111
vn -0.2775 0.4196 -0.8642
vn -0.5424 0.4161 -0.7298
vn -0.7535 0.4019 -0.5204
vn -0.8896 0.3782 -0.2560
vn -0.9369 0.3475 0.0371
vn -0.9321 0.1614 0.3241
vn -0.7920 0.1245 0.5977
vn -0.5739 0.0905 0.8139
vn -0.2995 0.0629 0.9520
vn 0.0044 0.0446 0.9990
vn 0.3085 0.0366 0.9505
vn 0.5836 0.0406 0.8110
vn 0.8027 0.0559 0.5937
vn 0.9442 0.0807 0.3194
vn 0.9935 0.1127 0.0151
vn 0.9457 0.1486 -0.2891
vn 0.8056 0.1854 -0.5627
vn 0.5875 0.2189 -0.7791
vn 0.3130 0.2465 -0.9172
vn 0.0090 0.2648 -0.9643
vn -0.2952 0.2727 -0.9157
vn -0.5703 0.2691 -0.7761
vn -0.7894 0.2542 -0.5587
vn -0.9308 0.2296 -0.2844
vn -0.9801 0.1974 0.0200
vn -0.9506 0.0064 0.3103
vn -0.8087 -0.0308 0.5874
vn -0.5879 -0.0651 0.8063
vn -0.3101 -0.0928 0.9462
vn -0.0023 -0.1114 0.9938
vn 0.3056 -0.1192 0.9447
vn 0.5841 -0.1155 0.8034
vn 0.8060 -0.1004 0.5833
vn 0.9492 -0.0755 0.3056
vn 0.9991 -0.0430 -0.0025
vn 0.9506 -0.0063 -0.3103
vn 0.8088 0.0309 -0.5873
vn 0.5880 0.0651 -0.8063
vn 0.3101 0.0929 -0.9462
vn 0.0024 0.1114 -0.9938
vn -0.3056 0.1192 -0.9447
vn -0.5841 0.1154 -0.8034
vn -0.8060 0.1005 -0.5833
vn -0.9492 0.0755 -0.3056
vn -0.9991 0.0431 0.0025
vn -0.9457 -0.1488 0.2890
vn -0.8056 -0.1854 0.5627
vn -0.5874 -0.2192 0.7790
vn -0.3130 -0.2465 0.9172
vn -0.0090 -0.2649 0.9642
vn 0.2952 -0.2726 0.9157
vn 0.5703 -0.2691 0.7761
vn 0.7895 -0.2539 0.5588
vn 0.9308 -0.2296 0.2844
vn 0.9802 -0.1971 -0.0199
vn 0.9322 -0.1612 -0.3241
vn 0.7921 -0.1242 -0.5976
vn 0.5740 -0.0902 -0.8139
vn 0.2996 -0.0628 -0.9520
vn -0.0044 -0.0445 -0.9990
vn -0.3085 -0.0368 -0.9505
vn -0.5835 -0.0407 -0.8111
vn -0.8026 -0.0561 -0.5938
vn -0.9442 -0.0805 -0.3194
vn -0.9935 -0.1129 -0.0151
vn -0.9174 -0.3008 0.2605
vn -0.7825 -0.3361 0.5241
vn -0.5725 -0.3682 0.7326
vn -0.3083 -0.3944 0.8657
vn -0.0155 -0.4119 0.9111
vn 0.2775 -0.4195 0.8643
vn 0.5425 -0.4160 0.7298
vn 0.7535 -0.4019 0.5203
vn 0.8895 -0.3785 0.2560
vn 0.9369 -0.3476 -0.0371
vn 0.8908 -0.3126 -0.3298
vn 0.7558 -0.2770 -0.5933
vn 0.5458 -0.2442 -0.8015
vn 0.2816 -0.2176 -0.9345
vn -0.0110 -0.1998 -0.9798
vn -0.3039 -0.1922 -0.9331
vn -0.5687 -0.1964 -0.7988
vn -0.7797 -0.2109 -0.5895
vn -0.9159 -0.2349 -0.3254
vn -0.9635 -0.2658 -0.0323
vn -0.8666 -0.4450 0.2256
vn -0.7403 -0.4780 0.4726
vn -0.5436 -0.5082 0.6680
vn -0.2960 -0.5326 0.7929
vn -0.0215 -0.5491 0.8355
vn 0.2530 -0.5561 0.7917
vn 0.5013 -0.5530 0.6655
vn 0.6989 -0.5400 0.4691
vn 0.8264 -0.5178 0.2214
vn 0.8706 -0.4890 -0.0532
vn 0.8274 -0.4562 -0.3275
vn 0.7011 -0.4227 -0.5743
vn 0.5044 -0.3917 -0.7695
vn 0.2569 -0.3668 -0.8941
vn -0.0174 -0.3501 -0.9366
vn -0.2918 -0.3432 -0.8928
vn -0.5399 -0.3468 -0.7669
vn -0.7376 -0.3608 -0.5708
vn -0.8652 -0.3833 -0.3233
vn -0.9097 -0.4123 -0.0488
vn -0.7944 -0.5785 0.1851
vn -0.6799 -0.6083 0.4095
vn -0.5013 -0.6357 0.5871
vn -0.2764 -0.6578 0.7006
vn -0.0271 -0.6728 0.7393
vn 0.2223 -0.6793 0.6993
vn 0.4478 -0.6764 0.5848
vn 0.6271 -0.6646 0.4062
vn 0.7428 -0.6445 0.1813
vn 0.7830 -0.6183 -0.0680
vn 0.7437 -0.5885 -0.3171
vn 0.6291 -0.5580 -0.5412
vn 0.4506 -0.5299 -0.7185
vn 0.2258 -0.5070 -0.8319
vn -0.0233 -0.4917 -0.8704
vn -0.2726 -0.4855 -0.8306
vn -0.4980 -0.4891 -0.7161
vn -0.6773 -0.5018 -0.5380
vn -0.7931 -0.5224 -0.3133
vn -0.8334 -0.5489 -0.0640
vn -0.7027 -0.6976 0.1401
vn -0.6026 -0.7237 0.3363
vn -0.4466 -0.7476 0.4916
vn -0.2500 -0.7670 0.5909
vn -0.0320 -0.7802 0.6248
vn 0.1861 -0.7857 0.5899
vn 0.3831 -0.7833 0.4895
vn 0.5399 -0.7729 0.3334
vn 0.6410 -0.7553 0.1368
vn 0.6761 -0.7323 -0.0811
vn 0.6418 -0.7063 -0.2988
vn 0.5417 -0.6796 -0.4948
vn 0.3857 -0.6549 -0.6499
vn 0.1891 -0.6350 -0.7490
vn -0.0286 -0.6216 -0.7828
vn -0.2466 -0.6163 -0.7479
vn -0.4436 -0.6193 -0.6478
vn -0.6004 -0.6305 -0.4919
vn -0.7015 -0.6485 -0.2955
vn -0.7368 -0.6716 -0.0776
vn -0.5936 -0.7995 0.0916
vn -0.5105 -0.8213 0.2547
vn -0.3808 -0.8412 0.3839
vn -0.2174 -0.8573 0.4666
vn -0.0361 -0.8683 0.4948
vn 0.1453 -0.8729 0.4657
vn 0.3091 -0.8708 0.3822
vn 0.4394 -0.8621 0.2524
vn 0.5232 -0.8475 0.0889
vn 0.5524 -0.8285 -0.0923
vn 0.5240 -0.8067 -0.2732
vn 0.4408 -0.7845 -0.4362
vn 0.3112 -0.7640 -0.5652
vn 0.1478 -0.7474 -0.6477
vn -0.0333 -0.7363 -0.6758
vn -0.2146 -0.7318 -0.6468
vn -0.3784 -0.7344 -0.5635
vn -0.5087 -0.7436 -0.4338
vn -0.5926 -0.7587 -0.2705
vn -0.6220 -0.7779 -0.0894
vn -0.4955 -0.8671 0.0511
vn -0.4275 -0.8849 0.1848
vn -0.3212 -0.9013 0.2906
vn -0.1873 -0.9146 0.3584
vn -0.0388 -0.9235 0.3816
vn 0.1099 -0.9273 0.3578
vn 0.2442 -0.9256 0.2892
vn 0.3508 -0.9184 0.1828
vn 0.4195 -0.9064 0.0488
vn 0.4434 -0.8908 -0.0996
vn 0.4201 -0.8730 -0.2478
vn 0.3520 -0.8548 -0.3813
vn 0.2459 -0.8380 -0.4871
vn 0.1120 -0.8244 -0.5549
vn -0.0365 -0.8153 -0.5778
vn -0.1850 -0.8116 -0.5541
vn -0.3192 -0.8137 -0.4857
vn -0.4261 -0.8213 -0.3795
vn -0.4948 -0.8336 -0.2456
vn -0.5187 -0.8494 -0.0972
vn -0.2589 -0.9651 -0.0384
vn -0.2267 -0.9736 0.0250
vn -0.1764 -0.9814 0.0752
vn -0.1128 -0.9878 0.1074
vn -0.0424 -0.9921 0.1184
vn 0.0282 -0.9939 0.1070
vn 0.0919 -0.9930 0.0746
vn 0.1424 -0.9895 0.0241
vn 0.1750 -0.9838 -0.0395
vn 0.1863 -0.9763 -0.1099
vn 0.1753 -0.9679 -0.1802
vn 0.1430 -0.9593 -0.2435
vn 0.0926 -0.9514 -0.2938
vn 0.0291 -0.9450 -0.3259
vn -0.0413 -0.9406 -0.3369
vn -0.1117 -0.9389 -0.3255
vn -0.1753 -0.9399 -0.2931
vn -0.2260 -0.9434 -0.2426
vn -0.2586 -0.9492 -0.1791
vn -0.2699 -0.9567 -0.1087
vn -0.0462 -0.9927 -0.1116
vn -0.0454 -0.9929 -0.1099
vn -0.0448 -0.9930 -0.1093
vn -0.0440 -0.9931 -0.1091
vn -0.0429 -0.9931 -0.1089
vn -0.0419 -0.9931 -0.1094
vn -0.0412 -0.9931 -0.1096
vn -0.0402 -0.9931 -0.1102
vn -0.0398 -0.9930 -0.1110
vn -0.0396 -0.9928 -0.1127
vn -0.0397 -0.9927 -0.1137
vn -0.0399 -0.9927 -0.1139
vn -0.0409 -0.9925 -0.1148
vn -0.0420 -0.9925 -0.1152
vn -0.0429 -0.9924 -0.1156
vn -0.0442 -0.9923 -0.1154
vn -0.0451 -0.9924 -0.1149
vn -0.0458 -0.9924 -0.1141
vn -0.0463 -0.9925 -0.1132
vn -0.0464 -0.9926 -0.1122
vn 0.0430 0.9927 0.1123
vn -0.0430 -0.9928 -0.1122
vn 0.1297 -0.4335 -0.8918
vn 0.1388 -0.3887 -0.9108
vn 0.1637 -0.4004 -0.9016
vn 0.0898 -0.4734 -0.8762
vn 0.0518 -0.4619 -0.8854
vn 0.0283 -0.4010 -0.9156
vn -0.0812 -0.5171 -0.8521
vn -0.0530 -0.5392 -0.8405
vn 0.0653 -0.2104 -0.9754
vn -0.0927 -0.1936 -0.9767
vn -0.1057 -0.3571 -0.9281
vn 0.0098 -0.3745 -0.9272
vn -0.2831 -0.3470 -0.8941
vn -0.2654 -0.5067 -0.8202
vn -0.1155 -0.5101 -0.8523
vn -0.4242 -0.3653 -0.8286
vn -0.4765 -0.3823 -0.7917
vn -0.3810 -0.5528 -0.7411
vn -0.3567 -0.5343 -0.7663
vn -0.0457 -0.5264 -0.8490
vn 0.1168 -0.4002 -0.9089
vn 0.1625 -0.4224 -0.8917
vn -0.2791 -0.6934 0.6643
vn -0.2311 -0.7220 0.6521
vn -0.2311 -0.7220 0.6522
vn -0.3097 -0.6550 0.6892
vn -0.3091 -0.6483 0.6958
vn -0.3097 -0.6548 0.6894
vn 0.0406 -0.8040 0.5932
vn -0.0032 -0.7794 0.6266
vn -0.1740 -0.7831 0.5971
vn -0.1195 -0.8156 0.5662
vn 0.0201 -0.7972 0.6034
vn -0.0434 -0.8054 0.5911
vn 0.1202 -0.4775 -0.8704
vn 0.2078 -0.4433 -0.8720
vn 0.0148 -0.5411 -0.8408
vn 0.1556 -0.3760 -0.9135
vn 0.1373 -0.2731 -0.9521
vn -0.2921 -0.1761 -0.9400
vn -0.4762 -0.1822 -0.8603
vn -0.5524 -0.1964 -0.8101
vn -0.1959 -0.7382 0.6455
vn -0.1284 -0.4340 -0.8917
vn -0.0884 -0.4733 -0.8765
vn -0.1618 -0.4012 -0.9016
vn -0.1364 -0.3897 -0.9108
vn -0.0504 -0.4614 -0.8858
vn 0.0544 -0.5377 -0.8414
vn 0.0818 -0.5166 -0.8523
vn -0.0276 -0.4014 -0.9155
vn -0.0656 -0.2105 -0.9754
vn -0.0100 -0.3746 -0.9271
vn 0.1052 -0.3551 -0.9289
vn 0.0918 -0.1894 -0.9776
vn 0.1155 -0.5102 -0.8523
vn 0.2653 -0.5066 -0.8203
vn 0.2841 -0.3424 -0.8956
vn 0.4267 -0.3572 -0.8309
vn 0.3567 -0.5343 -0.7663
vn 0.3810 -0.5528 -0.7411
vn 0.4792 -0.3720 -0.7950
vn 0.0458 -0.5264 -0.8490
vn -0.1143 -0.4004 -0.9092
vn -0.1613 -0.4225 -0.8919
vn 0.2301 -0.7222 0.6523
vn 0.1951 -0.7379 0.6460
vn 0.3085 -0.6548 0.6900
vn 0.3086 -0.6546 0.6902
vn 0.3079 -0.6481 0.6965
vn 0.0037 -0.7779 0.6284
vn 0.0284 -0.7503 0.6605
vn 0.0284 -0.7504 0.6604
vn 0.2782 -0.6934 0.6647
vn 0.2782 -0.6933 0.6647
vn 0.1192 -0.8151 0.5670
vn 0.0425 -0.8048 0.5920
vn -0.0209 -0.7962 0.6046
vn -0.0209 -0.7963 0.6046
vn -0.2078 -0.4433 -0.8720
vn -0.1202 -0.4775 -0.8704
vn -0.0138 -0.5401 -0.8415
vn -0.1540 -0.3766 -0.9135
vn -0.1362 -0.2743 -0.9520
vn 0.2935 -0.1663 -0.9414
vn 0.4795 -0.1650 -0.8619
vn 0.5557 -0.1744 -0.8129
vn 0.1736 -0.7825 0.5980
vn 0.1736 -0.7824 0.5981
vn -0.0401 -0.8030 0.5946
vn -0.0285 -0.7522 0.6583
vn -0.6410 -0.2161 -0.7365
vn -0.5302 -0.1951 -0.8251
vn -0.8477 0.1836 -0.4977
vn -0.9301 0.1698 -0.3256
vn 0.9362 -0.3511 -0.0138
vn 0.9013 -0.4300 0.0526
vn 0.5554 -0.6081 -0.5672
vn 0.5480 -0.5809 -0.6019
vn 0.9555 -0.2513 0.1543
vn 0.9119 -0.3564 0.2036
vn 0.8409 -0.0357 -0.5399
vn 0.9512 0.1886 -0.2441
vn 0.8755 0.2176 -0.4315
vn 0.7900 0.0290 -0.6124
vn -0.9316 -0.3623 -0.0293
vn -0.3162 -0.5728 -0.7563
vn -0.2931 -0.5752 -0.7637
vn -0.9154 -0.4001 0.0444
vn -0.9496 -0.2772 0.1464
vn -0.3940 -0.6789 -0.6196
vn 0.6116 0.0198 -0.7909
vn 0.2802 0.0138 -0.9598
vn -0.2451 -0.8851 -0.3957
vn -0.3928 -0.8013 -0.4512
vn 0.4233 0.0010 -0.9060
vn -0.8311 -0.5301 0.1684
vn -0.4350 -0.8303 0.3485
vn -0.1198 -0.9023 -0.4141
vn -0.6602 -0.6952 0.2844
vn 0.1579 0.0758 -0.9845
vn 0.0208 0.0780 -0.9967
vn -0.0029 -0.9284 -0.3715
vn -0.1147 -0.0303 -0.9929
vn 0.1227 -0.9347 -0.3337
vn 0.7896 -0.5823 0.1935
vn 0.5361 -0.7038 -0.4661
vn 0.6069 -0.7417 0.2855
vn 0.2514 -0.9050 -0.3432
vn 0.4109 -0.8325 -0.3715
vn -0.3951 -0.1232 -0.9103
vn -0.2111 -0.0538 -0.9760
vn -0.3177 -0.0549 -0.9466
vn -0.5446 0.4236 -0.7239
vn 0.5874 0.4116 -0.6968
vn -0.8079 0.0990 -0.5810
vn 0.8149 0.0879 -0.5728
s 1
f 29//1 30//2 32//3
f 29//1 32//3 31//4
f 30//2 339//5 340//6
f 30//2 340//6 32//3
f 337//7 338//8 150//9
f 337//7 150//9 289//10
f 136//11 137//12 244//13
f 136//11 244//13 245//14
f 854//15 855//16 336//17
f 854//15 336//17 40//18
f 50//19 38//20 37//21
f 50//19 37//21 49//22
f 1103//23 1070//24 779//25
f 1103//23 779//25 114//26
f 53//27 1101//28 1102//29
f 53//27 1102//29 54//30
f 55//31 1100//32 1101//28
f 55//31 1101//28 53//27
f 1035//33 1002//34 55//31
f 1035//33 55//31 53//27
f 1034//35 1035//33 53//27
f 1034//35 53//27 54//30
f 779//25 1032//36 1033//37
f 779//25 1033//37 114//26
f 265//38 266//39 316//40
f 265//38 316//40 317//41
f 264//42 265//38 317//41
f 264//42 317//41 318//43
f 782//44 783//45 263//46
f 782//44 263//46 319//47
f 261//48 262//49 320//50
f 261//48 320//50 321//51
f 1030//52 1031//53 52//54
f 1030//52 52//54 65//55
f 259//56 260//57 322//58
f 259//56 322//58 323//59
f 1028//60 1029//61 238//62
f 1028//60 238//62 68//63
f 803//64 79//65 80//66
f 803//64 80//66 802//67
f 150//9 151//68 288//69
f 150//9 288//69 289//10
f 137//12 138//70 243//71
f 137//12 243//71 244//13
f 49//22 37//21 112//72
f 49//22 112//72 113//73
f 54//30 1102//29 1103//23
f 54//30 1103//23 114//26
f 1033//37 1034//35 54//30
f 1033//37 54//30 114//26
f 319//47 263//46 264//42
f 319//47 264//42 318//43
f 146//74 1140//75 1141//76
f 146//74 1141//76 145//77
f 1139//78 1140//75 146//74
f 1139//78 146//74 147//79
f 1138//80 1139//78 147//79
f 1138//80 147//79 148//81
f 45//82 981//83 982//84
f 45//82 982//84 88//85
f 953//86 954//87 119//88
f 953//86 119//88 120//89
f 1099//90 1100//32 55//31
f 1099//90 55//31 78//91
f 294//92 295//93 76//94
f 294//92 76//94 86//95
f 929//96 930//97 350//98
f 929//96 350//98 351//99
f 119//88 954//87 955//100
f 119//88 955//100 118//101
f 88//85 982//84 983//102
f 88//85 983//102 100//103
f 116//104 784//105 785//106
f 116//104 785//106 117//107
f 61//108 60//109 103//110
f 61//108 103//110 104//111
f 60//109 62//112 105//113
f 60//109 105//113 103//110
f 235//114 67//115 106//116
f 235//114 106//116 234//117
f 63//118 64//119 107//120
f 63//118 107//120 102//121
f 62//112 116//104 117//107
f 62//112 117//107 105//113
f 294//92 86//95 104//111
f 294//92 104//111 293//122
f 1141//76 1142//123 774//124
f 1141//76 774//124 145//77
f 138//70 775//125 776//126
f 138//70 776//126 243//71
f 112//72 777//127 778//128
f 112//72 778//128 113//73
f 201//129 119//88 118//101
f 201//129 118//101 200//130
f 202//131 120//89 119//88
f 202//131 119//88 201//129
f 258//132 815//133 816//134
f 258//132 816//134 324//135
f 814//136 93//137 110//138
f 814//136 110//138 813//139
f 308//140 810//141 811//142
f 308//140 811//142 307//143
f 73//144 1026//145 1027//146
f 73//144 1027//146 819//147
f 78//91 55//31 1002//34
f 78//91 1002//34 1003//148
f 1079//149 1080//150 94//151
f 1079//149 94//151 852//152
f 77//153 75//154 89//155
f 77//153 89//155 90//156
f 41//157 853//158 854//15
f 41//157 854//15 40//18
f 52//54 1071//159 1072//160
f 52//54 1072//160 65//55
f 238//62 1073//161 1074//162
f 238//62 1074//162 68//63
f 47//163 39//164 44//165
f 47//163 44//165 48//166
f 85//167 125//168 333//169
f 85//167 333//169 334//170
f 70//171 239//172 240//173
f 70//171 240//173 126//174
f 73//144 1076//175 1077//176
f 73//144 1077//176 71//177
f 74//178 124//179 125//168
f 74//178 125//168 85//167
f 127//180 332//181 333//169
f 127//180 333//169 125//168
f 332//181 127//180 83//182
f 332//181 83//182 331//183
f 952//184 1010//185 1011//186
f 952//184 1011//186 121//187
f 35//188 980//189 1008//190
f 35//188 1008//190 1009//191
f 152//192 804//193 805//194
f 152//192 805//194 287//195
f 1005//196 1006//197 296//198
f 1005//196 296//198 34//199
f 927//200 1081//201 1082//202
f 927//200 1082//202 353//203
f 154//204 155//205 284//206
f 154//204 284//206 285//207
f 82//208 36//209 1013//210
f 82//208 1013//210 1014//211
f 153//212 738//213 757//214
f 153//212 757//214 286//215
f 1090//216 1091//217 121//187
f 1090//216 121//187 203//218
f 1088//219 1089//220 36//209
f 1088//219 36//209 82//208
f 203//218 121//187 1011//186
f 203//218 1011//186 1012//221
f 98//222 1084//223 1085//224
f 98//222 1085//224 807//225
f 759//226 97//227 1086//228
f 759//226 1086//228 1087//229
f 97//227 759//226 1015//230
f 97//227 1015//230 1016//231
f 156//232 282//233 283//234
f 156//232 283//234 205//235
f 1143//236 1144//237 143//238
f 1143//236 143//238 144//239
f 1149//240 1150//241 10//242
f 1149//240 10//242 142//243
f 134//244 135//245 246//246
f 134//244 246//246 247//247
f 135//245 136//11 245//14
f 135//245 245//14 246//246
f 38//20 50//19 51//248
f 38//20 51//248 43//249
f 43//249 51//248 96//250
f 43//249 96//250 42//251
f 144//239 143//238 140//252
f 144//239 140//252 139//253
f 145//77 774//124 775//125
f 145//77 775//125 138//70
f 137//12 146//74 145//77
f 137//12 145//77 138//70
f 147//79 146//74 137//12
f 147//79 137//12 136//11
f 148//81 147//79 136//11
f 148//81 136//11 135//245
f 150//9 338//8 339//5
f 150//9 339//5 30//2
f 151//68 150//9 30//2
f 151//68 30//2 29//1
f 804//193 152//192 79//65
f 804//193 79//65 803//64
f 717//254 718//255 155//205
f 717//254 155//205 154//204
f 720//256 156//232 205//235
f 720//256 205//235 719//257
f 160//258 159//259 725//260
f 160//258 725//260 726//261
f 726//261 727//262 161//263
f 726//261 161//263 160//258
f 130//264 13//265 14//266
f 118//101 955//100 956//267
f 118//101 956//267 163//268
f 100//103 983//102 984//269
f 100//103 984//269 162//270
f 117//107 785//106 786//271
f 117//107 786//271 166//272
f 103//110 105//113 169//273
f 103//110 169//273 167//274
f 234//117 106//116 170//275
f 234//117 170//275 233//276
f 102//121 107//120 171//277
f 102//121 171//277 165//278
f 105//113 117//107 166//272
f 105//113 166//272 169//273
f 293//122 104//111 168//279
f 293//122 168//279 292//280
f 920//281 921//282 358//283
f 920//281 358//283 359//284
f 200//130 118//101 163//268
f 200//130 163//268 199//285
f 163//268 956//267 957//286
f 163//268 957//286 175//287
f 162//270 984//269 985//288
f 162//270 985//288 174//289
f 166//272 786//271 178//290
f 168//279 167//274 179//291
f 168//279 179//291 180//292
f 167//274 169//273 181//293
f 167//274 181//293 179//291
f 233//276 170//275 182//294
f 233//276 182//294 232//295
f 165//278 171//277 183//296
f 165//278 183//296 177//297
f 169//273 166//272 178//290
f 169//273 178//290 181//293
f 292//280 168//279 180//292
f 170//275 920//281 359//284
f 170//275 359//284 182//294
f 199//285 163//268 175//287
f 199//285 175//287 198//298
f 867//299 958//300 959//301
f 867//299 959//301 187//302
f 868//303 986//304 987//305
f 868//303 987//305 186//306
f 870//307 871//308 191//309
f 870//307 191//309 192//310
f 871//308 872//311 193//312
f 871//308 193//312 191//309
f 874//313 875//314 195//315
f 874//313 195//315 189//316
f 872//311 873//317 190//318
f 872//311 190//318 193//312
f 866//319 867//299 187//302
f 866//319 187//302 196//320
f 196//320 195//315 194//321
f 196//320 194//321 197//322
f 190//318 186//306 987//305
f 190//318 987//305 188//323
f 189//316 187//302 959//301
f 193//312 188//323 192//310
f 193//312 192//310 191//309
f 123//324 122//325 206//326
f 123//324 206//326 207//327
f 172//328 199//285 198//298
f 172//328 198//298 184//329
f 108//330 200//130 199//285
f 108//330 199//285 172//328
f 89//155 201//129 200//130
f 89//155 200//130 108//330
f 75//154 202//131 201//129
f 75//154 201//129 89//155
f 36//209 203//218 1012//221
f 36//209 1012//221 1013//210
f 1089//220 1090//216 203//218
f 1089//220 203//218 36//209
f 205//235 283//234 284//206
f 205//235 284//206 155//205
f 719//257 205//235 155//205
f 719//257 155//205 718//255
f 196//320 187//302 189//316
f 196//320 189//316 195//315
f 28//331 26//332 732//333
f 28//331 732//333 736//334
f 732//333 733//335 208//336
f 732//333 208//336 27//337
f 948//338 949//339 156//232
f 948//338 156//232 720//256
f 946//340 947//341 122//325
f 946//340 122//325 123//324
f 974//342 975//343 209//344
f 974//342 209//344 21//345
f 211//346 212//347 19//348
f 211//346 19//348 18//349
f 16//350 19//348 212//347
f 16//350 212//347 213//351
f 78//91 269//352 1098//353
f 78//91 1098//353 1099//90
f 15//354 149//355 134//244
f 15//354 134//244 214//356
f 216//357 215//358 56//359
f 216//357 56//359 57//360
f 217//361 216//357 57//360
f 217//361 57//360 58//362
f 115//363 218//364 217//361
f 115//363 217//361 58//362
f 780//365 781//366 218//364
f 780//365 218//364 115//363
f 220//367 219//368 59//369
f 220//367 59//369 66//370
f 221//371 236//372 237//373
f 221//371 237//373 69//374
f 222//375 817//376 818//377
f 222//375 818//377 72//378
f 1077//176 1078//379 223//380
f 1077//176 223//380 71//177
f 225//381 224//382 74//178
f 225//381 74//178 85//167
f 334//170 335//383 225//381
f 334//170 225//381 85//167
f 315//384 267//385 268//386
f 95//387 56//359 215//358
f 95//387 215//358 227//388
f 316//40 266//39 267//385
f 316//40 267//385 315//384
f 61//108 104//111 86//95
f 158//389 722//390 723//391
f 158//389 723//391 228//392
f 721//393 976//394 977//395
f 721//393 977//395 157//396
f 228//392 723//391 724//397
f 228//392 724//397 229//398
f 725//260 159//259 229//398
f 725//260 229//398 724//397
f 160//258 231//399 230//400
f 160//258 230//400 159//259
f 231//399 160//258 161//263
f 231//399 161//263 130//264
f 171//277 233//276 232//295
f 171//277 232//295 183//296
f 107//120 234//117 233//276
f 107//120 233//276 171//277
f 64//119 235//114 234//117
f 64//119 234//117 107//120
f 322//58 260//57 261//48
f 322//58 261//48 321//51
f 237//373 236//372 220//367
f 237//373 220//367 66//370
f 1029//61 1030//52 65//55
f 1029//61 65//55 238//62
f 65//55 1072//160 1073//161
f 65//55 1073//161 238//62
f 240//173 239//172 48//166
f 240//173 48//166 44//165
f 819//147 1075//401 1076//175
f 819//147 1076//175 73//144
f 296//198 1096//402 1097//403
f 296//198 1097//403 34//199
f 243//71 776//126 777//127
f 243//71 777//127 112//72
f 244//13 243//71 112//72
f 244//13 112//72 37//21
f 245//14 244//13 37//21
f 245//14 37//21 38//20
f 246//246 245//14 38//20
f 246//246 38//20 43//249
f 247//247 246//246 43//249
f 247//247 43//249 42//251
f 248//404 126//174 240//173
f 248//404 240//173 249//405
f 44//165 250//406 249//405
f 44//165 249//405 240//173
f 39//164 242//407 250//406
f 39//164 250//406 44//165
f 13//265 254//408 253//409
f 13//265 253//409 14//266
f 256//410 851//411 274//412
f 256//410 274//412 325//413
f 93//137 814//136 815//133
f 93//137 815//133 258//132
f 67//115 235//114 260//57
f 67//115 260//57 259//56
f 261//48 260//57 235//114
f 261//48 235//114 64//119
f 64//119 63//118 262//49
f 64//119 262//49 261//48
f 263//46 783//45 784//105
f 263//46 784//105 116//104
f 264//42 263//46 116//104
f 264//42 116//104 62//112
f 62//112 60//109 265//38
f 62//112 265//38 264//42
f 60//109 61//108 266//39
f 60//109 266//39 265//38
f 267//385 266//39 61//108
f 267//385 61//108 86//95
f 268//386 267//385 86//95
f 268//386 86//95 76//94
f 34//199 269//352 1004//414
f 34//199 1004//414 1005//196
f 1097//403 1098//353 269//352
f 1097//403 269//352 34//199
f 925//415 926//416 354//417
f 925//415 354//417 355//418
f 98//222 807//225 1017//419
f 98//222 1017//419 1018//420
f 93//137 258//132 274//412
f 93//137 274//412 273//421
f 1020//422 1021//423 927//200
f 1020//422 927//200 353//203
f 1022//424 1023//425 852//152
f 1022//424 852//152 94//151
f 324//135 325//413 274//412
f 324//135 274//412 258//132
f 257//426 275//427 222//375
f 257//426 222//375 72//378
f 1093//428 1094//429 980//189
f 1093//428 980//189 35//188
f 96//250 270//430 276//431
f 96//250 276//431 42//251
f 1091//217 1092//432 952//184
f 1091//217 952//184 121//187
f 1025//433 1026//145 73//144
f 1025//433 73//144 71//177
f 270//430 131//434 251//435
f 270//430 251//435 276//431
f 276//431 251//435 252//436
f 276//431 252//436 277//437
f 278//438 15//354 253//409
f 278//438 253//409 254//408
f 277//437 247//247 42//251
f 277//437 42//251 276//431
f 159//259 230//400 280//439
f 159//259 280//439 229//398
f 282//233 156//232 949//339
f 282//233 949//339 950//440
f 128//441 282//233 950//440
f 128//441 950//440 951//442
f 283//234 282//233 128//441
f 283//234 128//441 204//443
f 284//206 283//234 204//443
f 284//206 204//443 132//444
f 285//207 284//206 132//444
f 285//207 132//444 133//445
f 286//215 757//214 758//446
f 286//215 758//446 81//447
f 287//195 805//194 806//448
f 287//195 806//448 99//449
f 928//450 929//96 351//99
f 928//450 351//99 352//451
f 289//10 288//69 41//157
f 289//10 41//157 40//18
f 336//17 337//7 289//10
f 336//17 289//10 40//18
f 281//452 978//453 979//454
f 281//452 979//454 129//455
f 281//452 157//396 977//395
f 281//452 977//395 978//453
f 229//398 280//439 291//456
f 229//398 291//456 228//392
f 291//456 279//457 158//389
f 291//456 158//389 228//392
f 164//458 292//280 180//292
f 164//458 180//292 176//459
f 101//460 293//122 292//280
f 101//460 292//280 164//458
f 87//461 294//92 293//122
f 87//461 293//122 101//460
f 87//461 46//462 295//93
f 87//461 295//93 294//92
f 296//198 1006//197 1007//463
f 296//198 1007//463 33//464
f 33//464 1095//465 1096//402
f 33//464 1096//402 296//198
f 241//466 279//457 291//456
f 241//466 291//456 297//467
f 131//434 297//467 298//468
f 131//434 298//468 251//435
f 298//468 297//467 291//456
f 298//468 291//456 280//439
f 252//436 251//435 298//468
f 252//436 298//468 299//469
f 280//439 230//400 299//469
f 280//439 299//469 298//468
f 300//470 299//469 230//400
f 300//470 230//400 231//399
f 299//469 300//470 301//471
f 299//469 301//471 252//436
f 214//356 134//244 247//247
f 214//356 247//247 277//437
f 301//471 214//356 277//437
f 301//471 277//437 252//436
f 14//266 300//470 231//399
f 14//266 231//399 130//264
f 14//266 253//409 301//471
f 14//266 301//471 300//470
f 253//409 15//354 214//356
f 253//409 214//356 301//471
f 149//355 15//354 278//438
f 149//355 278//438 302//472
f 149//355 303//473 304//474
f 149//355 304//474 134//244
f 134//244 304//474 148//81
f 134//244 148//81 135//245
f 184//329 344//475 345//476
f 184//329 345//476 172//328
f 108//330 305//477 90//156
f 108//330 90//156 89//155
f 306//478 761//479 762//480
f 306//478 762//480 92//481
f 91//482 760//483 761//479
f 91//482 761//479 306//478
f 808//484 809//485 272//486
f 808//484 272//486 271//487
f 923//488 924//489 356//490
f 923//488 356//490 357//491
f 355//418 356//490 924//489
f 355//418 924//489 925//415
f 809//485 810//141 308//140
f 809//485 308//140 272//486
f 357//491 812//492 922//493
f 357//491 922//493 923//488
f 313//494 310//495 309//496
f 313//494 309//496 312//497
f 1145//498 1146//499 310//495
f 1145//498 310//495 313//494
f 143//238 313//494 312//497
f 143//238 312//497 140//252
f 1144//237 1145//498 313//494
f 1144//237 313//494 143//238
f 249//405 312//497 309//496
f 249//405 309//496 248//404
f 250//406 140//252 312//497
f 250//406 312//497 249//405
f 140//252 250//406 242//407
f 140//252 242//407 139//253
f 875//314 876//500 194//321
f 875//314 194//321 195//315
f 197//322 865//501 866//319
f 197//322 866//319 196//320
f 864//502 865//501 197//322
f 864//502 197//322 343//503
f 343//503 197//322 194//321
f 343//503 194//321 185//504
f 876//500 877//505 185//504
f 876//500 185//504 194//321
f 227//388 315//384 268//386
f 227//388 268//386 95//387
f 215//358 316//40 315//384
f 215//358 315//384 227//388
f 317//41 316//40 215//358
f 317//41 215//358 216//357
f 318//43 317//41 216//357
f 318//43 216//357 217//361
f 218//364 319//47 318//43
f 218//364 318//43 217//361
f 781//366 782//44 319//47
f 781//366 319//47 218//364
f 321//51 320//50 219//368
f 321//51 219//368 220//367
f 236//372 322//58 321//51
f 236//372 321//51 220//367
f 323//59 322//58 236//372
f 323//59 236//372 221//371
f 324//135 816//134 817//376
f 324//135 817//376 222//375
f 222//375 275//427 325//413
f 222//375 325//413 324//135
f 275//427 257//426 256//410
f 275//427 256//410 325//413
f 78//91 1003//148 1004//414
f 78//91 1004//414 269//352
f 1024//506 1025//433 71//177
f 1024//506 71//177 223//380
f 326//507 127//180 125//168
f 326//507 125//168 124//179
f 124//179 820//508 821//509
f 124//179 821//509 326//507
f 821//509 822//510 327//511
f 821//509 327//511 326//507
f 326//507 327//511 83//182
f 326//507 83//182 127//180
f 822//510 823//512 328//513
f 822//510 328//513 327//511
f 327//511 328//513 141//514
f 327//511 141//514 83//182
f 10//242 9//515 141//514
f 10//242 141//514 142//243
f 328//513 329//516 142//243
f 328//513 142//243 141//514
f 823//512 824//517 329//516
f 823//512 329//516 328//513
f 824//517 1147//518 1148//519
f 824//517 1148//519 329//516
f 329//516 1148//519 1149//240
f 329//516 1149//240 142//243
f 8//520 332//181 331//183
f 8//520 331//183 5//521
f 332//181 8//520 753//522
f 332//181 753//522 754//523
f 334//170 333//169 746//524
f 334//170 746//524 747//525
f 747//525 748//526 335//383
f 747//525 335//383 334//170
f 855//16 856//527 749//528
f 855//16 749//528 336//17
f 749//528 750//529 337//7
f 749//528 337//7 336//17
f 750//529 751//530 338//8
f 750//529 338//8 337//7
f 3//531 730//532 751//530
f 3//531 751//530 11//533
f 730//532 3//531 2//534
f 730//532 2//534 728//535
f 9//515 341//536 342//537
f 9//515 342//537 141//514
f 341//536 5//521 331//183
f 341//536 331//183 342//537
f 342//537 331//183 83//182
f 342//537 83//182 141//514
f 869//538 870//307 192//310
f 869//538 192//310 188//323
f 764//539 343//503 185//504
f 764//539 185//504 173//540
f 763//541 764//539 173//540
f 763//541 173//540 109//542
f 172//328 345//476 305//477
f 172//328 305//477 108//330
f 763//541 109//542 92//481
f 763//541 92//481 762//480
f 168//279 103//110 167//274
f 346//543 801//544 802//67
f 346//543 802//67 80//66
f 890//545 891//546 346//543
f 890//545 346//543 80//66
f 931//547 932//548 348//549
f 931//547 348//549 349//550
f 889//551 890//545 80//66
f 889//551 80//66 79//65
f 350//98 930//97 931//547
f 350//98 931//547 349//550
f 152//192 888//552 889//551
f 152//192 889//551 79//65
f 887//553 888//552 152//192
f 887//553 152//192 287//195
f 886//554 887//553 287//195
f 886//554 287//195 99//449
f 885//555 1083//556 1084//223
f 885//555 1084//223 98//222
f 1018//420 1019//557 885//555
f 1018//420 885//555 98//222
f 883//558 884//559 271//487
f 883//558 271//487 272//486
f 272//486 308//140 882//560
f 272//486 882//560 883//558
f 881//561 882//560 308//140
f 881//561 308//140 307//143
f 307//143 811//142 880//562
f 307//143 880//562 881//561
f 878//563 879//564 109//542
f 878//563 109//542 173//540
f 877//505 878//563 173//540
f 877//505 173//540 185//504
f 362//565 365//566 756//567
f 362//565 756//567 363//568
f 367//569 368//570 370//571
f 367//569 370//571 371//572
f 372//573 375//574 374//575
f 372//573 374//575 373//576
f 376//577 379//578 378//579
f 376//577 378//579 377//580
f 859//581 860//582 382//583
f 859//581 382//583 381//584
f 384//585 387//586 386//587
f 384//585 386//587 385//588
f 795//589 391//590 1137//591
f 795//589 1137//591 1104//592
f 1135//593 1136//594 387//586
f 1135//593 387//586 384//585
f 1134//595 1135//593 384//585
f 1134//595 384//585 395//596
f 396//597 397//598 1069//599
f 396//597 1069//599 1036//600
f 397//598 398//601 1068//602
f 397//598 1068//602 1069//599
f 1066//603 1067//604 400//605
f 1066//603 400//605 793//606
f 401//607 404//608 403//609
f 401//607 403//609 402//610
f 405//611 406//612 404//608
f 405//611 404//608 401//607
f 791//613 410//614 409//615
f 791//613 409//615 790//616
f 411//617 412//618 407//619
f 411//617 407//619 408//620
f 399//621 414//622 1064//623
f 399//621 1064//623 1065//624
f 415//625 418//626 417//627
f 415//625 417//627 416//628
f 419//629 422//630 1062//631
f 419//629 1062//631 1063//632
f 423//633 426//634 827//635
f 423//633 827//635 828//636
f 374//575 375//574 430//637
f 374//575 430//637 429//638
f 377//580 378//579 432//639
f 377//580 432//639 431//640
f 387//586 391//590 433//641
f 387//586 433//641 386//587
f 1136//594 1137//591 391//590
f 1136//594 391//590 387//586
f 398//601 400//605 1067//604
f 398//601 1067//604 1068//602
f 410//614 406//612 405//611
f 410//614 405//611 409//615
f 434//642 437//643 1159//644
f 434//642 1159//644 1160//645
f 1160//645 1161//646 439//647
f 1160//645 439//647 434//642
f 1161//646 1162//648 440//649
f 1161//646 440//649 439//647
f 995//650 996//651 443//652
f 995//650 443//652 442//653
f 444//654 441//655 967//656
f 444//654 967//656 968//657
f 395//596 448//658 1133//659
f 395//596 1133//659 1134//595
f 449//660 452//661 451//662
f 449//660 451//662 450//663
f 429//638 430//637 942//664
f 429//638 942//664 943//665
f 968//657 969//666 455//667
f 968//657 455//667 444//654
f 996//651 997//668 457//669
f 996//651 457//669 443//652
f 458//670 461//671 788//672
f 458//670 788//672 789//673
f 462//674 465//675 464//676
f 462//674 464//676 463//677
f 463//677 464//676 467//678
f 463//677 467//678 466//679
f 468//680 471//681 470//682
f 468//680 470//682 469//683
f 459//684 460//685 473//686
f 459//684 473//686 472//687
f 466//679 467//678 461//671
f 466//679 461//671 458//670
f 449//660 474//688 465//675
f 449//660 465//675 452//661
f 1158//689 1159//644 437//643
f 1158//689 437//643 799//690
f 431//640 432//639 797//691
f 431//640 797//691 798//692
f 433//641 391//590 795//589
f 433//641 795//589 796//693
f 479//694 480//695 456//696
f 479//694 456//696 445//697
f 481//698 479//694 445//697
f 481//698 445//697 446//699
f 840//700 841//701 418//626
f 840//700 418//626 415//625
f 469//683 470//682 838//702
f 469//683 838//702 839//703
f 835//704 836//705 488//706
f 835//704 488//706 487//707
f 1061//708 1062//631 422//630
f 1061//708 422//630 843//709
f 1036//600 1037//710 492//711
f 1036//600 492//711 396//597
f 493//712 861//713 1113//714
f 493//712 1113//714 1114//715
f 497//716 500//717 499//718
f 497//716 499//718 498//719
f 493//712 382//583 860//582
f 493//712 860//582 861//713
f 1105//720 1106//721 501//722
f 1105//720 501//722 388//723
f 1107//724 1108//725 503//726
f 1107//724 503//726 502//727
f 388//723 501//722 504//728
f 388//723 504//728 478//729
f 505//730 508//731 507//732
f 505//730 507//732 506//733
f 503//726 510//734 509//735
f 503//726 509//735 502//727
f 1110//736 1111//737 512//738
f 1110//736 512//738 511//739
f 512//738 505//730 506//733
f 512//738 506//733 511//739
f 514//740 506//733 507//732
f 514//740 507//732 515//741
f 515//741 517//742 516//743
f 515//741 516//743 514//740
f 441//655 1043//744 1044//745
f 441//655 1044//745 967//656
f 1041//746 1042//747 995//650
f 1041//746 995//650 442//653
f 829//748 830//749 523//750
f 829//748 523//750 522//751
f 451//662 1039//752 1040//753
f 451//662 1040//753 450//663
f 1114//715 1115//754 941//755
f 1114//715 941//755 493//712
f 529//756 532//757 531//758
f 529//756 531//758 530//759
f 1047//760 1048//761 497//716
f 1047//760 497//716 498//719
f 522//751 523//750 772//762
f 522//751 772//762 739//763
f 535//764 1124//765 1125//766
f 535//764 1125//766 536//767
f 538//768 1122//769 1123//770
f 538//768 1123//770 539//771
f 1045//772 1046//773 481//698
f 1045//772 481//698 446//699
f 1119//774 1120//775 542//776
f 1119//774 542//776 831//777
f 1120//775 1121//778 771//779
f 1120//775 771//779 542//776
f 1049//780 1050//781 544//782
f 1049//780 544//782 769//783
f 545//784 548//785 547//786
f 545//784 547//786 546//787
f 1156//788 1157//789 475//790
f 1156//788 475//790 549//791
f 1150//241 1151//792 550//793
f 1150//241 550//793 10//242
f 552//794 555//795 554//796
f 552//794 554//796 553//797
f 553//797 554//796 379//578
f 553//797 379//578 376//577
f 385//588 556//798 395//596
f 385//588 395//596 384//585
f 556//798 557//799 448//658
f 556//798 448//658 395//596
f 475//790 476//800 558//801
f 475//790 558//801 549//791
f 437//643 431//640 798//692
f 437//643 798//692 799//690
f 377//580 431//640 437//643
f 377//580 437//643 434//642
f 439//647 376//577 377//580
f 439//647 377//580 434//642
f 440//649 553//797 376//577
f 440//649 376//577 439//647
f 373//576 374//575 367//569
f 373//576 367//569 371//572
f 374//575 429//638 366//802
f 374//575 366//802 367//569
f 829//748 522//751 423//633
f 829//748 423//633 828//636
f 716//803 529//756 530//759
f 716//803 530//759 715//804
f 713//805 714//806 548//785
f 713//805 548//785 545//784
f 561//807 707//808 708//809
f 561//807 708//809 562//810
f 707//808 561//807 566//811
f 707//808 566//811 706//812
f 567//813 569//814 568//815
f 969//666 970//816 570//817
f 969//666 570//817 455//667
f 997//668 998//818 572//819
f 997//668 572//819 457//669
f 461//671 574//820 787//821
f 461//671 787//821 788//672
f 464//676 576//822 575//823
f 464//676 575//823 467//678
f 471//681 578//824 577//825
f 471//681 577//825 470//682
f 460//685 573//826 579//827
f 460//685 579//827 473//686
f 467//678 575//823 574//820
f 467//678 574//820 461//671
f 474//688 581//828 580//829
f 474//688 580//829 465//675
f 470//682 577//825 933//830
f 470//682 933//830 934//831
f 480//695 584//832 571//833
f 480//695 571//833 456//696
f 970//816 971//834 585//835
f 970//816 585//835 570//817
f 998//818 999//836 587//837
f 998//818 587//837 572//819
f 574//820 589//838 787//821
f 580//829 591//839 590//840
f 580//829 590//840 576//822
f 576//822 590//840 592//841
f 576//822 592//841 575//823
f 578//824 594//842 593//843
f 578//824 593//843 577//825
f 573//826 588//844 595//845
f 573//826 595//845 579//827
f 575//823 592//841 589//838
f 575//823 589//838 574//820
f 581//828 591//839 580//829
f 577//825 593//843 583//846
f 577//825 583//846 933//830
f 584//832 596//847 586//848
f 584//832 586//848 571//833
f 971//834 972//849 896//850
f 971//834 896//850 585//835
f 999//836 1000//851 897//852
f 999//836 897//852 587//837
f 591//839 898//853 899//854
f 591//839 899//854 590//840
f 590//840 899//854 900//855
f 590//840 900//855 592//841
f 588//844 902//856 903//857
f 588//844 903//857 595//845
f 592//841 900//855 901//858
f 592//841 901//858 589//838
f 596//847 894//859 895//860
f 596//847 895//860 586//848
f 606//861 608//862 607//863
f 606//861 607//863 605//864
f 601//865 604//866 599//867
f 600//868 601//865 597//869
f 600//868 597//869 973//870
f 604//866 602//871 603//872
f 604//866 603//872 599//867
f 361//873 609//874 560//875
f 361//873 560//875 559//876
f 610//877 611//878 596//847
f 610//877 596//847 584//832
f 612//879 610//877 584//832
f 612//879 584//832 480//695
f 499//718 612//879 480//695
f 499//718 480//695 479//694
f 498//719 499//718 479//694
f 498//719 479//694 481//698
f 1046//773 1047//760 498//719
f 1046//773 498//719 481//698
f 539//771 1123//770 1124//765
f 539//771 1124//765 535//764
f 548//785 530//759 531//758
f 548//785 531//758 547//786
f 714//806 715//804 530//759
f 714//806 530//759 548//785
f 609//874 365//566 362//565
f 609//874 362//565 560//875
f 606//861 605//864 600//868
f 606//861 600//868 598//880
f 364//881 613//882 363//568
f 364//881 363//568 756//567
f 735//883 363//568 613//882
f 735//883 613//882 734//884
f 712//885 962//886 963//887
f 712//885 963//887 615//888
f 614//889 360//890 960//891
f 614//889 960//891 961//892
f 619//893 563//894 564//895
f 619//893 564//895 620//896
f 565//897 621//898 620//896
f 565//897 620//896 564//895
f 1132//899 1133//659 448//658
f 1132//899 448//658 623//900
f 624//901 626//902 552//794
f 624//901 552//794 625//903
f 627//904 397//598 396//597
f 627//904 396//597 628//905
f 629//906 398//601 397//598
f 629//906 397//598 627//904
f 400//605 398//601 629//906
f 400//605 629//906 630//907
f 793//606 400//605 630//907
f 793//606 630//907 792//908
f 632//909 414//622 399//621
f 632//909 399//621 631//910
f 633//911 422//630 419//629
f 633//911 419//629 634//912
f 842//913 843//709 422//630
f 842//913 422//630 633//911
f 496//914 512//738 1111//737
f 496//914 1111//737 1112//915
f 383//916 505//730 512//738
f 383//916 512//738 496//914
f 508//731 505//730 383//916
f 508//731 383//916 380//917
f 636//918 638//919 637//920
f 492//711 639//921 628//905
f 492//711 628//905 396//597
f 403//609 636//918 637//920
f 403//609 637//920 402//610
f 462//674 452//661 465//675
f 640//922 641//923 710//924
f 640//922 710//924 711//925
f 990//926 991//927 640//922
f 990//926 640//922 711//925
f 641//923 642//928 709//929
f 641//923 709//929 710//924
f 708//809 709//929 642//928
f 708//809 642//928 562//810
f 561//807 562//810 644//930
f 561//807 644//930 643//931
f 643//931 567//813 566//811
f 643//931 566//811 561//807
f 579//827 595//845 594//842
f 579//827 594//842 578//824
f 473//686 579//827 578//824
f 473//686 578//824 471//681
f 472//687 473//686 471//681
f 472//687 471//681 468//680
f 417//627 412//618 411//617
f 417//627 411//617 416//628
f 419//629 414//622 632//909
f 419//629 632//909 634//912
f 414//622 419//629 1063//632
f 414//622 1063//632 1064//623
f 1106//721 1107//724 502//727
f 1106//721 502//727 501//722
f 509//735 504//728 501//722
f 509//735 501//722 502//727
f 1108//725 1109//932 845//933
f 1108//725 845//933 503//726
f 1130//934 1131//935 646//936
f 1130//934 646//936 645//937
f 432//639 433//641 796//693
f 432//639 796//693 797//691
f 378//579 386//587 433//641
f 378//579 433//641 432//639
f 379//578 385//588 386//587
f 379//578 386//587 378//579
f 554//796 556//798 385//588
f 554//796 385//588 379//578
f 555//795 557//799 556//798
f 555//795 556//798 554//796
f 647//938 648//939 509//735
f 647//938 509//735 510//734
f 504//728 509//735 648//939
f 504//728 648//939 649//940
f 478//729 504//728 649//940
f 478//729 649//940 477//941
f 568//815 569//814 651//942
f 568//815 651//942 650//943
f 653//944 652//945 655//946
f 653//944 655//946 863//947
f 839//703 840//700 415//625
f 839//703 415//625 469//683
f 469//683 415//625 416//628
f 469//683 416//628 468//680
f 411//617 472//687 468//680
f 411//617 468//680 416//628
f 472//687 411//617 408//620
f 472//687 408//620 459//684
f 409//615 458//670 789//673
f 409//615 789//673 790//616
f 405//611 466//679 458//670
f 405//611 458//670 409//615
f 466//679 405//611 401//607
f 466//679 401//607 463//677
f 463//677 401//607 402//610
f 463//677 402//610 462//674
f 637//920 452//661 462//674
f 637//920 462//674 402//610
f 638//919 451//662 452//661
f 638//919 452//661 637//920
f 1038//948 1039//752 451//662
f 1038//948 451//662 638//919
f 623//900 646//936 1131//935
f 623//900 1131//935 1132//899
f 655//946 652//945 938//949
f 655//946 938//949 939//950
f 1050//781 1051//951 833//952
f 1050//781 833//952 544//782
f 484//953 652//945 653//944
f 484//953 653//944 482//954
f 939//950 1055//955 1056//956
f 939//950 1056//956 655//946
f 1056//956 1057//957 863//947
f 1056//956 863//947 655//946
f 483//958 482//954 653//944
f 483//958 653//944 659//959
f 660//960 491//961 635//962
f 660//960 635//962 661//963
f 993//964 1128//965 1129//966
f 993//964 1129//966 663//967
f 448//658 557//799 664//968
f 448//658 664//968 623//900
f 965//969 1126//970 1127//971
f 965//969 1127//971 662//972
f 491//961 660//960 1059//973
f 491//961 1059//973 1060//974
f 623//900 664//968 665//975
f 623//900 665//975 646//936
f 664//968 667//976 666//977
f 664//968 666//977 665//975
f 668//978 650//943 651//942
f 668//978 651//942 624//901
f 667//976 664//968 557//799
f 667//976 557//799 555//795
f 562//810 642//928 669//979
f 562//810 669//979 644//930
f 963//887 964//980 670//981
f 963//887 670//981 615//888
f 964//980 965//969 662//972
f 964//980 662//972 670//981
f 547//786 535//764 536//767
f 547//786 536//767 546//787
f 531//758 539//771 535//764
f 531//758 535//764 547//786
f 532//757 538//768 539//771
f 532//757 539//771 531//758
f 523//750 542//776 771//779
f 523//750 771//779 772//762
f 830//749 831//777 542//776
f 830//749 542//776 523//750
f 430//637 493//712 941//755
f 430//637 941//755 942//664
f 375//574 382//583 493//712
f 375//574 493//712 430//637
f 381//584 382//583 375//574
f 381//584 375//574 372//573
f 992//982 993//964 663//967
f 992//982 663//967 671//983
f 991//927 992//982 671//983
f 991//927 671//983 640//922
f 642//928 641//923 672//984
f 642//928 672//984 669//979
f 672//984 641//923 640//922
f 672//984 640//922 671//983
f 572//819 587//837 591//839
f 572//819 591//839 581//828
f 457//669 572//819 581//828
f 457//669 581//828 474//688
f 443//652 457//669 474//688
f 443//652 474//688 449//660
f 443//652 449//660 450//663
f 443//652 450//663 442//653
f 1040//753 1041//746 442//653
f 1040//753 442//653 450//663
f 1129//966 1130//934 645//937
f 1129//966 645//937 663//967
f 663//967 645//937 672//984
f 663//967 672//984 671//983
f 646//936 665//975 673//985
f 646//936 673//985 645//937
f 673//985 669//979 672//984
f 673//985 672//984 645//937
f 666//977 674//986 673//985
f 666//977 673//985 665//975
f 669//979 673//985 674//986
f 669//979 674//986 644//930
f 675//987 643//931 644//930
f 675//987 644//930 674//986
f 674//986 666//977 676//988
f 674//986 676//988 675//987
f 626//902 667//976 555//795
f 626//902 555//795 552//794
f 676//988 666//977 667//976
f 676//988 667//976 626//902
f 569//814 567//813 643//931
f 569//814 643//931 675//987
f 569//814 675//987 676//988
f 569//814 676//988 651//942
f 651//942 676//988 626//902
f 651//942 626//902 624//901
f 625//903 677//989 668//978
f 625//903 668//978 624//901
f 677//989 625//903 679//990
f 677//989 679//990 678//991
f 625//903 552//794 680//992
f 625//903 680//992 679//990
f 552//794 553//797 440//649
f 552//794 440//649 680//992
f 611//878 610//877 682//993
f 611//878 682//993 681//994
f 612//879 499//718 500//717
f 612//879 500//717 683//995
f 684//996 487//707 767//997
f 684//996 767//997 768//998
f 544//782 684//996 768//998
f 544//782 768//998 769//783
f 544//782 833//952 834//999
f 544//782 834//999 684//996
f 484//953 485//1000 936//1001
f 484//953 936//1001 937//1002
f 937//1002 938//949 652//945
f 937//1002 652//945 484//953
f 684//996 834//999 835//704
f 684//996 835//704 487//707
f 934//831 935//1003 838//702
f 934//831 838//702 470//682
f 688//1004 691//1005 690//1006
f 688//1004 690//1006 689//1007
f 1154//1008 1155//1009 688//1004
f 1154//1008 688//1004 689//1007
f 549//791 558//801 691//1005
f 549//791 691//1005 688//1004
f 1155//1009 1156//788 549//791
f 1155//1009 549//791 688//1004
f 648//939 647//938 690//1006
f 648//939 690//1006 691//1005
f 649//940 648//939 691//1005
f 649//940 691//1005 558//801
f 558//801 476//800 477//941
f 558//801 477//941 649//940
f 1162//648 1163//1010 680//992
f 1162//648 680//992 440//649
f 594//842 595//845 903//857
f 594//842 903//857 904//1011
f 893//1012 894//859 596//847
f 893//1012 596//847 611//878
f 611//878 681//994 892//1013
f 611//878 892//1013 893//1012
f 694//1014 695//1015 607//863
f 694//1014 607//863 608//862
f 593//843 594//842 904//1011
f 593//843 904//1011 905//1016
f 639//921 492//711 638//919
f 639//921 638//919 636//918
f 628//905 639//921 636//918
f 628//905 636//918 403//609
f 404//608 627//904 628//905
f 404//608 628//905 403//609
f 406//612 629//906 627//904
f 406//612 627//904 404//608
f 630//907 629//906 406//612
f 630//907 406//612 410//614
f 792//908 630//907 410//614
f 792//908 410//614 791//613
f 412//618 632//909 631//910
f 412//618 631//910 407//619
f 634//912 632//909 412//618
f 634//912 412//618 417//627
f 418//626 633//911 634//912
f 418//626 634//912 417//627
f 841//701 842//913 633//911
f 841//701 633//911 418//626
f 635//962 483//958 659//959
f 635//962 659//959 661//963
f 661//963 659//959 654//1017
f 661//963 654//1017 660//960
f 1037//710 1038//948 638//919
f 1037//710 638//919 492//711
f 660//960 654//1017 1058//1018
f 660//960 1058//1018 1059//973
f 696//1019 511//739 506//733
f 696//1019 506//733 514//740
f 845//933 846//1020 510//734
f 845//933 510//734 503//726
f 510//734 846//1020 847//1021
f 510//734 847//1021 647//938
f 696//1019 514//740 516//743
f 696//1019 516//743 697//1022
f 647//938 847//1021 848//1023
f 647//938 848//1023 690//1006
f 697//1022 516//743 699//1024
f 697//1022 699//1024 698//1025
f 10//242 550//793 699//1024
f 10//242 699//1024 9//515
f 698//1025 699//1024 550//793
f 698//1025 550//793 700//1026
f 690//1006 848//1023 849//1027
f 690//1006 849//1027 689//1007
f 689//1007 849//1027 1153//1028
f 689//1007 1153//1028 1154//1008
f 700//1026 550//793 1151//792
f 700//1026 1151//792 1152//1029
f 8//520 5//521 517//742
f 8//520 517//742 515//741
f 753//522 8//520 515//741
f 753//522 515//741 752//1030
f 741//1031 6//1032 7//1033
f 741//1031 7//1033 740//1034
f 6//1032 741//1031 742//1035
f 6//1032 742//1035 226//1036
f 857//1037 858//1038 743//1039
f 857//1037 743//1039 4//1040
f 4//1040 743//1039 744//1041
f 4//1040 744//1041 290//1042
f 290//1042 744//1041 745//1043
f 290//1042 745//1043 11//533
f 373//576 371//572 731//1044
f 373//576 731//1044 745//1043
f 729//1045 731//1044 371//572
f 729//1045 371//572 370//571
f 9//515 699//1024 702//1046
f 9//515 702//1046 341//536
f 341//536 702//1046 517//742
f 341//536 517//742 5//521
f 702//1046 699//1024 516//743
f 702//1046 516//743 517//742
f 587//837 897//852 898//853
f 587//837 898//853 591//839
f 765//1047 703//1048 695//1015
f 765//1047 695//1015 694//1014
f 766//1049 488//706 703//1048
f 766//1049 703//1048 765//1047
f 610//877 612//879 683//995
f 610//877 683//995 682//993
f 766//1049 767//997 487//707
f 766//1049 487//707 488//706
f 580//829 464//676 465//675
f 826//1050 827//635 426//634
f 826//1050 426//634 427//1051
f 369//1052 366//802 944//1053
f 369//1052 944//1053 945//1054
f 705//1055 917//1056 918//1057
f 705//1055 918//1057 704//1058
f 429//638 943//665 944//1053
f 429//638 944//1053 366//802
f 453//1059 916//1060 917//1056
f 453//1059 917//1056 705//1055
f 453//1059 454//1061 915//1062
f 453//1059 915//1062 916//1060
f 527//1063 914//1064 915//1062
f 527//1063 915//1062 454//1061
f 1116//1065 1117//1066 914//1064
f 1116//1065 914//1064 527//1063
f 912//1067 1053//1068 1054//1069
f 912//1067 1054//1069 656//1070
f 657//1071 911//1072 912//1067
f 657//1071 912//1067 656//1070
f 910//1073 911//1072 657//1071
f 910//1073 657//1071 686//1074
f 687//1075 909//1076 910//1073
f 687//1075 910//1073 686//1074
f 907//1077 908//1078 837//1079
f 907//1077 837//1079 582//1080
f 583//846 906//1081 907//1077
f 583//846 907//1077 582//1080
f 593//843 905//1016 906//1081
f 593//843 906//1081 583//846
f 168//279 104//111 103//110
f 580//829 576//822 464//676
f 564//895 707//808 706//812
f 564//895 706//812 565//897
f 708//809 707//808 564//895
f 708//809 564//895 563//894
f 563//894 617//1082 709//929
f 563//894 709//929 708//809
f 710//924 709//929 617//1082
f 710//924 617//1082 618//1083
f 711//925 710//924 618//1083
f 711//925 618//1083 616//1084
f 989//1085 990//926 711//925
f 989//1085 711//925 616//1084
f 614//889 961//892 962//886
f 614//889 962//886 712//885
f 559//876 560//875 714//806
f 559//876 714//806 713//805
f 560//875 362//565 715//804
f 560//875 715//804 714//806
f 363//568 716//803 715//804
f 363//568 715//804 362//565
f 27//337 22//1086 718//255
f 27//337 718//255 717//254
f 206//326 719//257 718//255
f 206//326 718//255 22//1086
f 122//325 720//256 719//257
f 122//325 719//257 206//326
f 947//341 948//338 720//256
f 947//341 720//256 122//325
f 209//344 975//343 976//394
f 209//344 976//394 721//393
f 723//391 722//390 20//1087
f 723//391 20//1087 17//1088
f 724//397 723//391 17//1088
f 724//397 17//1088 210//1089
f 18//349 725//260 724//397
f 18//349 724//397 210//1089
f 726//261 725//260 18//349
f 726//261 18//349 19//348
f 19//348 16//350 727//262
f 19//348 727//262 726//261
f 736//334 738//213 153//212
f 736//334 153//212 28//331
f 339//5 730//532 728//535
f 339//5 728//535 340//6
f 2//534 3//531 731//1044
f 2//534 731//1044 729//1045
f 26//332 24//1090 733//335
f 26//332 733//335 732//333
f 426//634 735//883 734//884
f 426//634 734//884 427//1051
f 737//1091 716//803 363//568
f 737//1091 363//568 735//883
f 739//763 529//756 716//803
f 739//763 716//803 737//1091
f 736//334 732//333 27//337
f 736//334 27//337 717//254
f 423//633 737//1091 735//883
f 423//633 735//883 426//634
f 522//751 739//763 737//1091
f 522//751 737//1091 423//633
f 717//254 154//204 738//213
f 717//254 738//213 736//334
f 507//732 740//1034 752//1030
f 507//732 752//1030 515//741
f 508//731 741//1031 740//1034
f 508//731 740//1034 507//732
f 742//1035 741//1031 508//731
f 742//1035 508//731 380//917
f 743//1039 858//1038 859//581
f 743//1039 859//581 381//584
f 744//1041 743//1039 381//584
f 744//1041 381//584 372//573
f 745//1043 744//1041 372//573
f 745//1043 372//573 373//576
f 747//525 746//524 7//1033
f 747//525 7//1033 6//1032
f 6//1032 226//1036 748//526
f 6//1032 748//526 747//525
f 856//527 857//1037 4//1040
f 856//527 4//1040 749//528
f 4//1040 290//1042 750//529
f 4//1040 750//529 749//528
f 290//1042 11//533 751//530
f 290//1042 751//530 750//529
f 333//169 332//181 754//523
f 333//169 754//523 746//524
f 751//530 730//532 339//5
f 751//530 339//5 338//8
f 745//1043 731//1044 3//531
f 745//1043 3//531 11//533
f 7//1033 753//522 752//1030
f 7//1033 752//1030 740//1034
f 754//523 753//522 7//1033
f 754//523 7//1033 746//524
f 22//1086 27//337 755//1092
f 22//1086 755//1092 23//1093
f 25//1094 755//1092 27//337
f 25//1094 27//337 208//336
f 738//213 154//204 285//207
f 738//213 285//207 757//214
f 758//446 757//214 285//207
f 758//446 285//207 133//445
f 82//208 759//226 1087//229
f 82//208 1087//229 1088//219
f 1014//211 1015//230 759//226
f 1014//211 759//226 82//208
f 761//479 760//483 77//153
f 761//479 77//153 90//156
f 762//480 761//479 90//156
f 762//480 90//156 305//477
f 345//476 763//541 762//480
f 345//476 762//480 305//477
f 345//476 344//475 764//539
f 345//476 764//539 763//541
f 344//475 864//502 343//503
f 344//475 343//503 764//539
f 681//994 765//1047 694//1014
f 681//994 694//1014 892//1013
f 682//993 766//1049 765//1047
f 682//993 765//1047 681//994
f 682//993 683//995 767//997
f 682//993 767//997 766//1049
f 768//998 767//997 683//995
f 768//998 683//995 500//717
f 769//783 768//998 500//717
f 769//783 500//717 497//716
f 1048//761 1049//780 769//783
f 1048//761 769//783 497//716
f 1121//778 1122//769 538//768
f 1121//778 538//768 771//779
f 772//762 771//779 538//768
f 772//762 538//768 532//757
f 739//763 772//762 532//757
f 739//763 532//757 529//756
f 774//124 1142//123 1143//236
f 774//124 1143//236 144//239
f 775//125 774//124 144//239
f 775//125 144//239 139//253
f 776//126 775//125 139//253
f 776//126 139//253 242//407
f 777//127 776//126 242//407
f 777//127 242//407 39//164
f 778//128 777//127 39//164
f 778//128 39//164 47//163
f 1070//24 1071//159 52//54
f 1070//24 52//54 779//25
f 52//54 1031//53 1032//36
f 52//54 1032//36 779//25
f 59//369 219//368 781//366
f 59//369 781//366 780//365
f 219//368 320//50 782//44
f 219//368 782//44 781//366
f 320//50 262//49 783//45
f 320//50 783//45 782//44
f 784//105 783//45 262//49
f 784//105 262//49 63//118
f 785//106 784//105 63//118
f 785//106 63//118 102//121
f 786//271 785//106 102//121
f 786//271 102//121 165//278
f 178//290 786//271 165//278
f 178//290 165//278 177//297
f 190//318 873//317 874//313
f 190//318 874//313 189//316
f 589//838 901//858 902//856
f 589//838 902//856 588//844
f 787//821 589//838 588//844
f 787//821 588//844 573//826
f 788//672 787//821 573//826
f 788//672 573//826 460//685
f 789//673 788//672 460//685
f 789//673 460//685 459//684
f 790//616 789//673 459//684
f 790//616 459//684 408//620
f 407//619 791//613 790//616
f 407//619 790//616 408//620
f 631//910 792//908 791//613
f 631//910 791//613 407//619
f 399//621 793//606 792//908
f 399//621 792//908 631//910
f 1065//624 1066//603 793//606
f 1065//624 793//606 399//621
f 388//723 795//589 1104//592
f 388//723 1104//592 1105//720
f 796//693 795//589 388//723
f 796//693 388//723 478//729
f 797//691 796//693 478//729
f 797//691 478//729 477//941
f 798//692 797//691 477//941
f 798//692 477//941 476//800
f 799//690 798//692 476//800
f 799//690 476//800 475//790
f 1157//789 1158//689 799//690
f 1157//789 799//690 475//790
f 802//67 801//544 24//1090
f 802//67 24//1090 26//332
f 28//331 803//64 802//67
f 28//331 802//67 26//332
f 153//212 804//193 803//64
f 153//212 803//64 28//331
f 805//194 804//193 153//212
f 805//194 153//212 286//215
f 806//448 805//194 286//215
f 806//448 286//215 81//447
f 807//225 1085//224 1086//228
f 807//225 1086//228 97//227
f 1016//231 1017//419 807//225
f 1016//231 807//225 97//227
f 91//482 306//478 809//485
f 91//482 809//485 808//484
f 306//478 92//481 810//141
f 306//478 810//141 809//485
f 811//142 810//141 92//481
f 811//142 92//481 109//542
f 879//564 880//562 811//142
f 879//564 811//142 109//542
f 921//282 922//493 812//492
f 921//282 812//492 358//283
f 67//115 814//136 813//139
f 67//115 813//139 106//116
f 815//133 814//136 67//115
f 815//133 67//115 259//56
f 816//134 815//133 259//56
f 816//134 259//56 323//59
f 817//376 816//134 323//59
f 817//376 323//59 221//371
f 818//377 817//376 221//371
f 818//377 221//371 69//374
f 819//147 1027//146 1028//60
f 819//147 1028//60 68//63
f 68//63 1074//162 1075//401
f 68//63 1075//401 819//147
f 821//509 820//508 70//171
f 821//509 70//171 126//174
f 126//174 248//404 822//510
f 126//174 822//510 821//509
f 248//404 309//496 823//512
f 248//404 823//512 822//510
f 309//496 310//495 824//517
f 309//496 824//517 823//512
f 310//495 1146//499 1147//518
f 310//495 1147//518 824//517
f 428//1095 425//1096 827//635
f 428//1095 827//635 826//1050
f 828//636 827//635 425//1096
f 828//636 425//1096 424//1097
f 521//1098 829//748 828//636
f 521//1098 828//636 424//1097
f 521//1098 524//1099 830//749
f 521//1098 830//749 829//748
f 524//1099 541//1100 831//777
f 524//1099 831//777 830//749
f 1118//1101 1119//774 831//777
f 1118//1101 831//777 541//1100
f 1051//951 1052//1102 658//1103
f 1051//951 658//1103 833//952
f 834//999 833//952 658//1103
f 834//999 658//1103 685//1104
f 835//704 834//999 685//1104
f 835//704 685//1104 486//1105
f 486//1105 489//1106 836//705
f 486//1105 836//705 835//704
f 908//1078 909//1076 687//1075
f 908//1078 687//1075 837//1079
f 935//1003 936//1001 485//1000
f 935//1003 485//1000 838//702
f 839//703 838//702 485//1000
f 839//703 485//1000 484//953
f 484//953 482//954 840//700
f 484//953 840//700 839//703
f 482//954 483//958 841//701
f 482//954 841//701 840//700
f 483//958 635//962 842//913
f 483//958 842//913 841//701
f 635//962 491//961 843//709
f 635//962 843//709 842//913
f 1060//974 1061//708 843//709
f 1060//974 843//709 491//961
f 845//933 1109//932 1110//736
f 845//933 1110//736 511//739
f 511//739 696//1019 846//1020
f 511//739 846//1020 845//933
f 847//1021 846//1020 696//1019
f 847//1021 696//1019 697//1022
f 848//1023 847//1021 697//1022
f 848//1023 697//1022 698//1025
f 849//1027 848//1023 698//1025
f 849//1027 698//1025 700//1026
f 1152//1029 1153//1028 849//1027
f 1152//1029 849//1027 700//1026
f 367//569 366//802 369//1052
f 367//569 369//1052 368//570
f 1023//425 1024//506 223//380
f 1023//425 223//380 852//152
f 1078//379 1079//149 852//152
f 1078//379 852//152 223//380
f 854//15 853//158 224//382
f 854//15 224//382 225//381
f 335//383 855//16 854//15
f 335//383 854//15 225//381
f 748//526 856//527 855//16
f 748//526 855//16 335//383
f 226//1036 857//1037 856//527
f 226//1036 856//527 748//526
f 226//1036 742//1035 858//1038
f 226//1036 858//1038 857//1037
f 859//581 858//1038 742//1035
f 859//581 742//1035 380//917
f 380//917 383//916 860//582
f 380//917 860//582 859//581
f 861//713 860//582 383//916
f 861//713 383//916 496//914
f 1112//915 1113//714 861//713
f 1112//915 861//713 496//914
f 654//1017 863//947 1057//957
f 654//1017 1057//957 1058//1018
f 274//412 851//411 255//1107
f 274//412 255//1107 273//421
f 653//944 863//947 654//1017
f 653//944 654//1017 659//959
f 184//329 865//501 864//502
f 184//329 864//502 344//475
f 866//319 865//501 184//329
f 866//319 184//329 198//298
f 198//298 175//287 867//299
f 198//298 867//299 866//319
f 175//287 957//286 958//300
f 175//287 958//300 867//299
f 174//289 985//288 986//304
f 174//289 986//304 868//303
f 176//459 180//292 870//307
f 176//459 870//307 869//538
f 180//292 179//291 871//308
f 180//292 871//308 870//307
f 179//291 181//293 872//311
f 179//291 872//311 871//308
f 181//293 178//290 873//317
f 181//293 873//317 872//311
f 874//313 873//317 178//290
f 874//313 178//290 177//297
f 177//297 183//296 875//314
f 177//297 875//314 874//313
f 232//295 876//500 875//314
f 232//295 875//314 183//296
f 182//294 877//505 876//500
f 182//294 876//500 232//295
f 182//294 359//284 878//563
f 182//294 878//563 877//505
f 359//284 358//283 879//564
f 359//284 879//564 878//563
f 812//492 880//562 879//564
f 812//492 879//564 358//283
f 881//561 880//562 812//492
f 881//561 812//492 357//491
f 357//491 356//490 882//560
f 357//491 882//560 881//561
f 883//558 882//560 356//490
f 883//558 356//490 355//418
f 355//418 354//417 884//559
f 355//418 884//559 883//558
f 885//555 1019//557 1020//422
f 885//555 1020//422 353//203
f 353//203 1082//202 1083//556
f 353//203 1083//556 885//555
f 352//451 351//99 887//553
f 352//451 887//553 886//554
f 350//98 888//552 887//553
f 350//98 887//553 351//99
f 889//551 888//552 350//98
f 889//551 350//98 349//550
f 349//550 348//549 890//545
f 349//550 890//545 889//551
f 348//549 347//1108 891//546
f 348//549 891//546 890//545
f 893//1012 892//1013 694//1014
f 893//1012 694//1014 608//862
f 608//862 606//861 894//859
f 608//862 894//859 893//1012
f 895//860 894//859 606//861
f 895//860 606//861 598//880
f 896//850 972//849 973//870
f 896//850 973//870 597//869
f 897//852 1000//851 1001//1109
f 897//852 1001//1109 599//867
f 898//853 897//852 599//867
f 898//853 599//867 603//872
f 899//854 898//853 603//872
f 899//854 603//872 602//871
f 900//855 899//854 602//871
f 900//855 602//871 604//866
f 901//858 900//855 604//866
f 901//858 604//866 601//865
f 902//856 901//858 601//865
f 902//856 601//865 600//868
f 903//857 902//856 600//868
f 903//857 600//868 605//864
f 904//1011 903//857 605//864
f 904//1011 605//864 607//863
f 905//1016 904//1011 607//863
f 905//1016 607//863 695//1015
f 906//1081 905//1016 695//1015
f 906//1081 695//1015 703//1048
f 907//1077 906//1081 703//1048
f 907//1077 703//1048 488//706
f 836//705 908//1078 907//1077
f 836//705 907//1077 488//706
f 489//1106 909//1076 908//1078
f 489//1106 908//1078 836//705
f 910//1073 909//1076 489//1106
f 910//1073 489//1106 486//1105
f 685//1104 911//1072 910//1073
f 685//1104 910//1073 486//1105
f 912//1067 911//1072 685//1104
f 912//1067 685//1104 658//1103
f 658//1103 1052//1102 1053//1068
f 658//1103 1053//1068 912//1067
f 914//1064 1117//1066 1118//1101
f 914//1064 1118//1101 541//1100
f 915//1062 914//1064 541//1100
f 915//1062 541//1100 524//1099
f 916//1060 915//1062 524//1099
f 916//1060 524//1099 521//1098
f 917//1056 916//1060 521//1098
f 917//1056 521//1098 424//1097
f 918//1057 917//1056 424//1097
f 918//1057 424//1097 425//1096
f 919//1110 918//1057 425//1096
f 919//1110 425//1096 428//1095
f 106//116 921//282 920//281
f 106//116 920//281 170//275
f 813//139 922//493 921//282
f 813//139 921//282 106//116
f 923//488 922//493 813//139
f 923//488 813//139 110//138
f 93//137 924//489 923//488
f 93//137 923//488 110//138
f 925//415 924//489 93//137
f 925//415 93//137 273//421
f 255//1107 926//416 925//415
f 255//1107 925//415 273//421
f 927//200 1021//423 1022//424
f 927//200 1022//424 94//151
f 94//151 1080//150 1081//201
f 94//151 1081//201 927//200
f 288//69 929//96 928//450
f 288//69 928//450 41//157
f 151//68 930//97 929//96
f 151//68 929//96 288//69
f 931//547 930//97 151//68
f 931//547 151//68 29//1
f 31//4 932//548 931//547
f 31//4 931//547 29//1
f 934//831 933//830 583//846
f 934//831 583//846 582//1080
f 837//1079 935//1003 934//831
f 837//1079 934//831 582//1080
f 687//1075 936//1001 935//1003
f 687//1075 935//1003 837//1079
f 937//1002 936//1001 687//1075
f 937//1002 687//1075 686//1074
f 657//1071 938//949 937//1002
f 657//1071 937//1002 686//1074
f 939//950 938//949 657//1071
f 939//950 657//1071 656//1070
f 656//1070 1054//1069 1055//955
f 656//1070 1055//955 939//950
f 941//755 1115//754 1116//1065
f 941//755 1116//1065 527//1063
f 942//664 941//755 527//1063
f 942//664 527//1063 454//1061
f 943//665 942//664 454//1061
f 943//665 454//1061 453//1059
f 944//1053 943//665 453//1059
f 944//1053 453//1059 705//1055
f 945//1054 944//1053 705//1055
f 945//1054 705//1055 704//1058
f 209//344 947//341 946//340
f 209//344 946//340 21//345
f 209//344 721//393 948//338
f 209//344 948//338 947//341
f 721//393 157//396 949//339
f 721//393 949//339 948//338
f 950//440 949//339 157//396
f 950//440 157//396 281//452
f 951//442 950//440 281//452
f 951//442 281//452 129//455
f 952//184 1092//432 1093//428
f 952//184 1093//428 35//188
f 1009//191 1010//185 952//184
f 1009//191 952//184 35//188
f 88//85 954//87 953//86
f 88//85 953//86 45//82
f 955//100 954//87 88//85
f 955//100 88//85 100//103
f 956//267 955//100 100//103
f 956//267 100//103 162//270
f 957//286 956//267 162//270
f 957//286 162//270 174//289
f 958//300 957//286 174//289
f 958//300 174//289 868//303
f 959//301 958//300 868//303
f 959//301 868//303 186//306
f 961//892 960//891 361//873
f 961//892 361//873 559//876
f 962//886 961//892 559//876
f 962//886 559//876 713//805
f 963//887 962//886 713//805
f 963//887 713//805 545//784
f 546//787 964//980 963//887
f 546//787 963//887 545//784
f 536//767 965//969 964//980
f 536//767 964//980 546//787
f 536//767 1125//766 1126//970
f 536//767 1126//970 965//969
f 967//656 1044//745 1045//772
f 967//656 1045//772 446//699
f 968//657 967//656 446//699
f 968//657 446//699 445//697
f 445//697 456//696 969//666
f 445//697 969//666 968//657
f 456//696 571//833 970//816
f 456//696 970//816 969//666
f 571//833 586//848 971//834
f 571//833 971//834 970//816
f 586//848 895//860 972//849
f 586//848 972//849 971//834
f 973//870 972//849 895//860
f 973//870 895//860 598//880
f 189//316 959//301 186//306
f 189//316 186//306 190//318
f 600//868 973//870 598//880
f 190//318 188//323 193//312
f 601//865 599//867 1001//1109
f 601//865 1001//1109 597//869
f 976//394 975//343 20//1087
f 976//394 20//1087 722//390
f 977//395 976//394 722//390
f 977//395 722//390 158//389
f 978//453 977//395 158//389
f 978//453 158//389 279//457
f 979//454 978//453 279//457
f 979//454 279//457 241//466
f 980//189 1094//429 1095//465
f 980//189 1095//465 33//464
f 1007//463 1008//190 980//189
f 1007//463 980//189 33//464
f 982//84 981//83 46//462
f 982//84 46//462 87//461
f 983//102 982//84 87//461
f 983//102 87//461 101//460
f 984//269 983//102 101//460
f 984//269 101//460 164//458
f 985//288 984//269 164//458
f 985//288 164//458 176//459
f 986//304 985//288 176//459
f 986//304 176//459 869//538
f 987//305 986//304 869//538
f 987//305 869//538 188//323
f 989//1085 988//1111 360//890
f 989//1085 360//890 614//889
f 614//889 712//885 990//926
f 614//889 990//926 989//1085
f 712//885 615//888 991//927
f 712//885 991//927 990//926
f 670//981 992//982 991//927
f 670//981 991//927 615//888
f 670//981 662//972 993//964
f 670//981 993//964 992//982
f 662//972 1127//971 1128//965
f 662//972 1128//965 993//964
f 1042//747 1043//744 441//655
f 1042//747 441//655 995//650
f 441//655 444//654 996//651
f 441//655 996//651 995//650
f 444//654 455//667 997//668
f 444//654 997//668 996//651
f 455//667 570//817 998//818
f 455//667 998//818 997//668
f 570//817 585//835 999//836
f 570//817 999//836 998//818
f 585//835 896//850 1000//851
f 585//835 1000//851 999//836
f 1001//1109 1000//851 896//850
f 1001//1109 896//850 597//869
f 1003//148 1002//34 56//359
f 1003//148 56//359 95//387
f 1004//414 1003//148 95//387
f 1004//414 95//387 268//386
f 1005//196 1004//414 268//386
f 1005//196 268//386 76//94
f 76//94 295//93 1006//197
f 76//94 1006//197 1005//196
f 1007//463 1006//197 295//93
f 1007//463 295//93 46//462
f 981//83 1008//190 1007//463
f 981//83 1007//463 46//462
f 1009//191 1008//190 981//83
f 1009//191 981//83 45//82
f 45//82 953//86 1010//185
f 45//82 1010//185 1009//191
f 1011//186 1010//185 953//86
f 1011//186 953//86 120//89
f 1012//221 1011//186 120//89
f 1012//221 120//89 202//131
f 1013//210 1012//221 202//131
f 1013//210 202//131 75//154
f 1014//211 1013//210 75//154
f 1014//211 75//154 77//153
f 760//483 1015//230 1014//211
f 760//483 1014//211 77//153
f 1016//231 1015//230 760//483
f 1016//231 760//483 91//482
f 808//484 1017//419 1016//231
f 808//484 1016//231 91//482
f 1018//420 1017//419 808//484
f 1018//420 808//484 271//487
f 271//487 884//559 1019//557
f 271//487 1019//557 1018//420
f 1020//422 1019//557 884//559
f 1020//422 884//559 354//417
f 354//417 926//416 1021//423
f 354//417 1021//423 1020//422
f 1022//424 1021//423 926//416
f 1022//424 926//416 255//1107
f 851//411 1023//425 1022//424
f 851//411 1022//424 255//1107
f 256//410 1024//506 1023//425
f 256//410 1023//425 851//411
f 257//426 1025//433 1024//506
f 257//426 1024//506 256//410
f 72//378 1026//145 1025//433
f 72//378 1025//433 257//426
f 1027//146 1026//145 72//378
f 1027//146 72//378 818//377
f 1028//60 1027//146 818//377
f 1028//60 818//377 69//374
f 237//373 1029//61 1028//60
f 237//373 1028//60 69//374
f 66//370 1030//52 1029//61
f 66//370 1029//61 237//373
f 59//369 1031//53 1030//52
f 59//369 1030//52 66//370
f 1032//36 1031//53 59//369
f 1032//36 59//369 780//365
f 1033//37 1032//36 780//365
f 1033//37 780//365 115//363
f 58//362 1034//35 1033//37
f 58//362 1033//37 115//363
f 57//360 1035//33 1034//35
f 57//360 1034//35 58//362
f 56//359 1002//34 1035//33
f 56//359 1035//33 57//360
f 447//1112 1037//710 1036//600
f 447//1112 1036//600 394//1113
f 447//1112 622//1114 1038//948
f 447//1112 1038//948 1037//710
f 526//1115 1039//752 1038//948
f 526//1115 1038//948 622//1114
f 1040//753 1039//752 526//1115
f 1040//753 526//1115 525//1116
f 525//1116 520//1117 1041//746
f 525//1116 1041//746 1040//753
f 994//1118 1042//747 1041//746
f 994//1118 1041//746 520//1117
f 519//1119 1043//744 1042//747
f 519//1119 1042//747 994//1118
f 1044//745 1043//744 519//1119
f 1044//745 519//1119 966//1120
f 1045//772 1044//745 966//1120
f 1045//772 966//1120 518//1121
f 537//1122 1046//773 1045//772
f 537//1122 1045//772 518//1121
f 534//1123 1047//760 1046//773
f 534//1123 1046//773 537//1122
f 533//1124 1048//761 1047//760
f 533//1124 1047//760 534//1123
f 770//1125 1049//780 1048//761
f 770//1125 1048//761 533//1124
f 543//1126 1050//781 1049//780
f 543//1126 1049//780 770//1125
f 832//1127 1051//951 1050//781
f 832//1127 1050//781 543//1126
f 540//1128 1052//1102 1051//951
f 540//1128 1051//951 832//1127
f 1053//1068 1052//1102 540//1128
f 1053//1068 540//1128 913//1129
f 1054//1069 1053//1068 913//1129
f 1054//1069 913//1129 528//1130
f 1055//955 1054//1069 528//1130
f 1055//955 528//1130 940//1131
f 1056//956 1055//955 940//1131
f 1056//956 940//1131 494//1132
f 862//1133 1057//957 1056//956
f 862//1133 1056//956 494//1132
f 1058//1018 1057//957 862//1133
f 1058//1018 862//1133 495//1134
f 1059//973 1058//1018 495//1134
f 1059//973 495//1134 513//1135
f 1060//974 1059//973 513//1135
f 1060//974 513//1135 490//1136
f 490//1136 844//1137 1061//708
f 490//1136 1061//708 1060//974
f 844//1137 421//1138 1062//631
f 844//1137 1062//631 1061//708
f 1063//632 1062//631 421//1138
f 1063//632 421//1138 420//1139
f 1064//623 1063//632 420//1139
f 1064//623 420//1139 413//1140
f 1065//624 1064//623 413//1140
f 1065//624 413//1140 389//1141
f 389//1141 794//1142 1066//603
f 389//1141 1066//603 1065//624
f 794//1142 390//1143 1067//604
f 794//1142 1067//604 1066//603
f 1068//602 1067//604 390//1143
f 1068//602 390//1143 393//1144
f 1069//599 1068//602 393//1144
f 1069//599 393//1144 392//1145
f 1036//600 1069//599 392//1145
f 1036//600 392//1145 394//1113
f 47//163 1071//159 1070//24
f 47//163 1070//24 778//128
f 1072//160 1071//159 47//163
f 1072//160 47//163 48//166
f 1073//161 1072//160 48//166
f 1073//161 48//166 239//172
f 1074//162 1073//161 239//172
f 1074//162 239//172 70//171
f 1075//401 1074//162 70//171
f 1075//401 70//171 820//508
f 1076//175 1075//401 820//508
f 1076//175 820//508 124//179
f 1077//176 1076//175 124//179
f 1077//176 124//179 74//178
f 224//382 1078//379 1077//176
f 224//382 1077//176 74//178
f 853//158 1079//149 1078//379
f 853//158 1078//379 224//382
f 41//157 1080//150 1079//149
f 41//157 1079//149 853//158
f 1081//201 1080//150 41//157
f 1081//201 41//157 928//450
f 1082//202 1081//201 928//450
f 1082//202 928//450 352//451
f 1083//556 1082//202 352//451
f 1083//556 352//451 886//554
f 1084//223 1083//556 886//554
f 1084//223 886//554 99//449
f 1085//224 1084//223 99//449
f 1085//224 99//449 806//448
f 1086//228 1085//224 806//448
f 1086//228 806//448 81//447
f 1087//229 1086//228 81//447
f 1087//229 81//447 758//446
f 1088//219 1087//229 758//446
f 1088//219 758//446 133//445
f 133//445 132//444 1089//220
f 133//445 1089//220 1088//219
f 132//444 204//443 1090//216
f 132//444 1090//216 1089//220
f 204//443 128//441 1091//217
f 204//443 1091//217 1090//216
f 128//441 951//442 1092//432
f 128//441 1092//432 1091//217
f 1093//428 1092//432 951//442
f 1093//428 951//442 129//455
f 129//455 979//454 1094//429
f 129//455 1094//429 1093//428
f 1095//465 1094//429 979//454
f 1095//465 979//454 241//466
f 1096//402 1095//465 241//466
f 1096//402 241//466 297//467
f 1097//403 1096//402 297//467
f 1097//403 297//467 131//434
f 270//430 1098//353 1097//403
f 270//430 1097//403 131//434
f 1099//90 1098//353 270//430
f 1099//90 270//430 96//250
f 51//248 1100//32 1099//90
f 51//248 1099//90 96//250
f 1101//28 1100//32 51//248
f 1101//28 51//248 50//19
f 1102//29 1101//28 50//19
f 1102//29 50//19 49//22
f 1103//23 1102//29 49//22
f 1103//23 49//22 113//73
f 778//128 1070//24 1103//23
f 778//128 1103//23 113//73
f 1105//720 1104//592 794//1142
f 1105//720 794//1142 389//1141
f 389//1141 413//1140 1106//721
f 389//1141 1106//721 1105//720
f 413//1140 420//1139 1107//724
f 413//1140 1107//724 1106//721
f 420//1139 421//1138 1108//725
f 420//1139 1108//725 1107//724
f 421//1138 844//1137 1109//932
f 421//1138 1109//932 1108//725
f 1110//736 1109//932 844//1137
f 1110//736 844//1137 490//1136
f 490//1136 513//1135 1111//737
f 490//1136 1111//737 1110//736
f 1112//915 1111//737 513//1135
f 1112//915 513//1135 495//1134
f 862//1133 1113//714 1112//915
f 862//1133 1112//915 495//1134
f 1114//715 1113//714 862//1133
f 1114//715 862//1133 494//1132
f 494//1132 940//1131 1115//754
f 494//1132 1115//754 1114//715
f 1116//1065 1115//754 940//1131
f 1116//1065 940//1131 528//1130
f 528//1130 913//1129 1117//1066
f 528//1130 1117//1066 1116//1065
f 1118//1101 1117//1066 913//1129
f 1118//1101 913//1129 540//1128
f 540//1128 832//1127 1119//774
f 540//1128 1119//774 1118//1101
f 832//1127 543//1126 1120//775
f 832//1127 1120//775 1119//774
f 770//1125 1121//778 1120//775
f 770//1125 1120//775 543//1126
f 533//1124 1122//769 1121//778
f 533//1124 1121//778 770//1125
f 1123//770 1122//769 533//1124
f 1123//770 533//1124 534//1123
f 1124//765 1123//770 534//1123
f 1124//765 534//1123 537//1122
f 1125//766 1124//765 537//1122
f 1125//766 537//1122 518//1121
f 1126//970 1125//766 518//1121
f 1126//970 518//1121 966//1120
f 1127//971 1126//970 966//1120
f 1127//971 966//1120 519//1119
f 1128//965 1127//971 519//1119
f 1128//965 519//1119 994//1118
f 1129//966 1128//965 994//1118
f 1129//966 994//1118 520//1117
f 520//1117 525//1116 1130//934
f 520//1117 1130//934 1129//966
f 525//1116 526//1115 1131//935
f 525//1116 1131//935 1130//934
f 1132//899 1131//935 526//1115
f 1132//899 526//1115 622//1114
f 447//1112 1133//659 1132//899
f 447//1112 1132//899 622//1114
f 1134//595 1133//659 447//1112
f 1134//595 447//1112 394//1113
f 394//1113 392//1145 1135//593
f 394//1113 1135//593 1134//595
f 392//1145 393//1144 1136//594
f 392//1145 1136//594 1135//593
f 393//1144 390//1143 1137//591
f 393//1144 1137//591 1136//594
f 1104//592 1137//591 390//1143
f 1104//592 390//1143 794//1142
f 1141//76 1140//75 84//1146
f 1141//76 84//1146 111//1147
f 111//1147 773//1148 1142//123
f 111//1147 1142//123 1141//76
f 1143//236 1142//123 773//1148
f 314//1149 1145//498 1144//237
f 311//1150 1146//499 1145//498
f 311//1150 1145//498 314//1149
f 1147//518 1146//499 311//1150
f 1147//518 311//1150 825//1151
f 1148//519 1147//518 825//1151
f 1148//519 825//1151 330//1152
f 1149//240 1148//519 330//1152
f 1149//240 330//1152 12//1153
f 1//1154 1150//241 1149//240
f 1//1154 1149//240 12//1153
f 1//1154 551//1155 1151//792
f 1//1154 1151//792 1150//241
f 1152//1029 1151//792 551//1155
f 1152//1029 551//1155 701//1156
f 850//1157 1153//1028 1152//1029
f 850//1157 1152//1029 701//1156
f 1154//1008 1153//1028 850//1157
f 1154//1008 850//1157 692//1158
f 692//1158 693//1159 1155//1009
f 692//1158 1155//1009 1154//1008
f 693//1159 1156//788 1155//1009
f 800//1160 1158//689 1157//789
f 436//1161 1159//644 1158//689
f 436//1161 1158//689 800//1160
f 1160//645 1159//644 436//1161
f 1160//645 436//1161 435//1162
f 438//1163 1161//646 1160//645
f 438//1163 1160//645 435//1162
f 1184//1164 1185//1165 1214//1166
f 1184//1164 1214//1166 1215//1167
f 1182//1168 1183//1169 1210//1170
f 1182//1168 1210//1170 1211//1171
f 1167//1172 1164//1173 1203//1174
f 1167//1172 1203//1174 1202//1175
f 1164//1173 1167//1172 1172//1176
f 1164//1173 1172//1176 1165//1177
f 1194//1178 1193//1179 1205//1180
f 1194//1178 1205//1180 1204//1181
f 1183//1169 1184//1164 1215//1167
f 1183//1169 1215//1167 1210//1170
f 1194//1178 1204//1181 1209//1182
f 1194//1178 1209//1182 1195//1183
f 1194//1178 1183//1169 1182//1168
f 1194//1178 1182//1168 1193//1179
f 1195//1183 1184//1164 1183//1169
f 1195//1183 1183//1169 1194//1178
f 1197//1184 1186//1185 1185//1165
f 1197//1184 1185//1165 1196//1186
f 1198//1187 1187//1188 1186//1185
f 1198//1187 1186//1185 1197//1184
f 1203//1174 1192//1189 1191//1190
f 1203//1174 1191//1190 1202//1175
f 1205//1180 1211//1171 1210//1170
f 1205//1180 1210//1170 1204//1181
f 1209//1182 1215//1167 1214//1166
f 1209//1182 1214//1166 1208//1191
f 1204//1181 1210//1170 1215//1167
f 1204//1181 1215//1167 1209//1182
f 1235//1192 1234//1193 1264//1194
f 1235//1192 1264//1194 1263//1195
f 1233//1196 1232//1197 1260//1198
f 1233//1196 1260//1198 1259//1199
f 1218//1200 1219//1201 1249//1202
f 1218//1200 1249//1202 1250//1203
f 1219//1201 1220//1204 1248//1205
f 1219//1201 1248//1205 1249//1202
f 1219//1201 1224//1206 1225//1207
f 1219//1201 1225//1207 1220//1204
f 1224//1206 1229//1208 1230//1209
f 1224//1206 1230//1209 1225//1207
f 1243//1210 1244//1211 1253//1212
f 1243//1210 1253//1212 1254//1213
f 1229//1208 1280//1214 1281//1215
f 1229//1208 1281//1215 1230//1209
f 1234//1193 1233//1196 1259//1199
f 1234//1193 1259//1199 1264//1194
f 1245//1216 1258//1217 1253//1212
f 1245//1216 1253//1212 1244//1211
f 1244//1211 1243//1210 1232//1197
f 1244//1211 1232//1197 1233//1196
f 1245//1216 1244//1211 1233//1196
f 1245//1216 1233//1196 1234//1193
f 1248//1205 1247//1218 1236//1219
f 1248//1205 1236//1219 1237//1220
f 1249//1202 1248//1205 1237//1220
f 1249//1202 1237//1220 1238//1221
f 1250//1203 1249//1202 1238//1221
f 1250//1203 1238//1221 1239//1222
f 1254//1213 1253//1212 1259//1199
f 1254//1213 1259//1199 1260//1198
f 1258//1217 1257//1223 1263//1195
f 1258//1217 1263//1195 1264//1194
f 1253//1212 1258//1217 1264//1194
f 1253//1212 1264//1194 1259//1199
f 1195//1183 1209//1182 1208//1191
f 1195//1183 1208//1191 1196//1186
f 1185//1165 1184//1164 1195//1183
f 1185//1165 1195//1183 1196//1186
f 1207//1224 1208//1191 1214//1166
f 1207//1224 1214//1166 1213//1225
f 1265//1226 1171//1227 1197//1184
f 1265//1226 1197//1184 1196//1186
f 1265//1226 1196//1186 1208//1191
f 1265//1226 1208//1191 1207//1224
f 1206//1228 1207//1224 1213//1225
f 1206//1228 1213//1225 1212//1229
f 1266//1230 1176//1231 1171//1227
f 1266//1230 1171//1227 1265//1226
f 1266//1230 1265//1226 1207//1224
f 1266//1230 1207//1224 1206//1228
f 1173//1232 1172//1176 1167//1172
f 1173//1232 1167//1172 1168//1233
f 1168//1233 1167//1172 1202//1175
f 1168//1233 1202//1175 1201//1234
f 1201//1234 1202//1175 1191//1190
f 1201//1234 1191//1190 1190//1235
f 1201//1234 1190//1235 1189//1236
f 1201//1234 1189//1236 1200//1237
f 1169//1238 1168//1233 1201//1234
f 1169//1238 1201//1234 1200//1237
f 1187//1188 1198//1187 1199//1239
f 1187//1188 1199//1239 1188//1240
f 1170//1241 1198//1187 1197//1184
f 1170//1241 1197//1184 1171//1227
f 1174//1242 1173//1232 1168//1233
f 1174//1242 1168//1233 1169//1238
f 1170//1241 1169//1238 1199//1239
f 1174//1242 1169//1238 1170//1241
f 1199//1239 1198//1187 1170//1241
f 1170//1241 1171//1227 1176//1231
f 1170//1241 1176//1231 1175//1243
f 1170//1241 1175//1243 1174//1242
f 1169//1238 1200//1237 1199//1239
f 1188//1240 1199//1239 1200//1237
f 1188//1240 1200//1237 1189//1236
f 1166//1244 1177//1245 1267//1246
f 1166//1244 1267//1246 1282//1247
f 1267//1246 1177//1245 1268//1248
f 1178//1249 1177//1245 1172//1176
f 1178//1249 1172//1176 1173//1232
f 1269//1250 1268//1248 1177//1245
f 1269//1250 1177//1245 1178//1249
f 1179//1251 1174//1242 1175//1243
f 1180//1252 1175//1243 1176//1231
f 1180//1252 1176//1231 1181//1253
f 1271//1254 1180//1252 1181//1253
f 1179//1251 1178//1249 1173//1232
f 1179//1251 1173//1232 1174//1242
f 1175//1243 1180//1252 1179//1251
f 1269//1250 1178//1249 1179//1251
f 1269//1250 1179//1251 1270//1255
f 1270//1255 1179//1251 1180//1252
f 1270//1255 1180//1252 1271//1254
f 1251//1256 1217//1257 1218//1200
f 1251//1256 1218//1200 1250//1203
f 1251//1256 1240//1258 1241//1259
f 1251//1256 1241//1259 1272//1260
f 1251//1256 1250//1203 1239//1222
f 1251//1256 1239//1222 1240//1258
f 1242//1261 1192//1189 1203//1174
f 1242//1261 1203//1174 1252//1262
f 1272//1260 1241//1259 1242//1261
f 1272//1260 1242//1261 1252//1262
f 1218//1200 1217//1257 1223//1263
f 1224//1206 1219//1201 1218//1200
f 1224//1206 1218//1200 1223//1263
f 1278//1264 1280//1214 1229//1208
f 1278//1264 1229//1208 1228//1265
f 1216//1266 1252//1262 1203//1174
f 1216//1266 1203//1174 1164//1173
f 1272//1260 1252//1262 1216//1266
f 1272//1260 1216//1266 1217//1257
f 1222//1267 1223//1263 1217//1257
f 1222//1267 1217//1257 1216//1266
f 1164//1173 1165//1177 1222//1267
f 1164//1173 1222//1267 1216//1266
f 1217//1257 1251//1256 1272//1260
f 1165//1177 1172//1176 1177//1245
f 1165//1177 1177//1245 1166//1244
f 1227//1268 1222//1267 1165//1177
f 1227//1268 1165//1177 1166//1244
f 1273//1269 1227//1268 1166//1244
f 1273//1269 1166//1244 1282//1247
f 1223//1263 1222//1267 1227//1268
f 1223//1263 1227//1268 1228//1265
f 1229//1208 1224//1206 1223//1263
f 1229//1208 1223//1263 1228//1265
f 1246//1270 1257//1223 1258//1217
f 1246//1270 1258//1217 1245//1216
f 1235//1192 1236//1219 1247//1218
f 1235//1192 1247//1218 1246//1270
f 1246//1270 1245//1216 1234//1193
f 1246//1270 1234//1193 1235//1192
f 1246//1270 1247//1218 1221//1271
f 1246//1270 1221//1271 1274//1272
f 1221//1271 1247//1218 1248//1205
f 1221//1271 1248//1205 1220//1204
f 1262//1273 1263//1195 1257//1223
f 1262//1273 1257//1223 1256//1274
f 1256//1274 1257//1223 1246//1270
f 1256//1274 1246//1270 1274//1272
f 1221//1271 1220//1204 1225//1207
f 1221//1271 1225//1207 1226//1275
f 1261//1276 1262//1273 1256//1274
f 1261//1276 1256//1274 1255//1277
f 1274//1272 1221//1271 1226//1275
f 1274//1272 1226//1275 1275//1278
f 1255//1277 1256//1274 1274//1272
f 1255//1277 1274//1272 1275//1278
f 1226//1275 1225//1207 1230//1209
f 1226//1275 1230//1209 1231//1279
f 1275//1278 1226//1275 1231//1279
f 1231//1279 1230//1209 1281//1215
f 1279//1280 1227//1268 1273//1269
f 1276//1281 1238//1221 1237//1220
f 1276//1281 1236//1219 1235//1192
f 1276//1281 1237//1220 1236//1219
f 1276//1281 1263//1195 1262//1273
f 1276//1281 1235//1192 1263//1195
f 1276//1281 1262//1273 1261//1276
f 1213//1225 1277//1282 1212//1229
f 1214//1166 1277//1282 1213//1225
f 1214//1166 1185//1165 1277//1282
f 1277//1282 1185//1165 1186//1185
f 1277//1282 1186//1185 1187//1188
f 1277//1282 1187//1188 1188//1240
f 1278//1264 1228//1265 1227//1268
f 1278//1264 1227//1268 1279//1280
f 1283//1283 1284//1284 1304//1285
f 1283//1283 1304//1285 1303//1286
f 1284//1284 1285//1287 1305//1288
f 1284//1284 1305//1288 1304//1285
f 1285//1287 1286//1289 1306//1290
f 1285//1287 1306//1290 1305//1288
f 1286//1289 1287//1291 1307//1292
f 1286//1289 1307//1292 1306//1290
f 1287//1291 1288//1293 1308//1294
f 1287//1291 1308//1294 1307//1292
f 1288//1293 1289//1295 1309//1296
f 1288//1293 1309//1296 1308//1294
f 1289//1295 1290//1297 1310//1298
f 1289//1295 1310//1298 1309//1296
f 1290//1297 1291//1299 1311//1300
f 1290//1297 1311//1300 1310//1298
f 1291//1299 1292//1301 1312//1302
f 1291//1299 1312//1302 1311//1300
f 1292//1301 1293//1303 1313//1304
f 1292//1301 1313//1304 1312//1302
f 1293//1303 1294//1305 1314//1306
f 1293//1303 1314//1306 1313//1304
f 1294//1305 1295//1307 1315//1308
f 1294//1305 1315//1308 1314//1306
f 1295//1307 1296//1309 1316//1310
f 1295//1307 1316//1310 1315//1308
f 1296//1309 1297//1311 1317//1312
f 1296//1309 1317//1312 1316//1310
f 1297//1311 1298//1313 1318//1314
f 1297//1311 1318//1314 1317//1312
f 1298//1313 1299//1315 1319//1316
f 1298//1313 1319//1316 1318//1314
f 1299//1315 1300//1317 1320//1318
f 1299//1315 1320//1318 1319//1316
f 1300//1317 1301//1319 1321//1320
f 1300//1317 1321//1320 1320//1318
f 1301//1319 1302//1321 1322//1322
f 1301//1319 1322//1322 1321//1320
f 1302//1321 1283//1283 1303//1286
f 1302//1321 1303//1286 1322//1322
f 1303//1286 1304//1285 1324//1323
f 1303//1286 1324//1323 1323//1324
f 1304//1285 1305//1288 1325//1325
f 1304//1285 1325//1325 1324//1323
f 1305//1288 1306//1290 1326//1326
f 1305//1288 1326//1326 1325//1325
f 1306//1290 1307//1292 1327//1327
f 1306//1290 1327//1327 1326//1326
f 1307//1292 1308//1294 1328//1328
f 1307//1292 1328//1328 1327//1327
f 1308//1294 1309//1296 1329//1329
f 1308//1294 1329//1329 1328//1328
f 1309//1296 1310//1298 1330//1330
f 1309//1296 1330//1330 1329//1329
f 1310//1298 1311//1300 1331//1331
f 1310//1298 1331//1331 1330//1330
f 1311//1300 1312//1302 1332//1332
f 1311//1300 1332//1332 1331//1331
f 1312//1302 1313//1304 1333//1333
f 1312//1302 1333//1333 1332//1332
f 1313//1304 1314//1306 1334//1334
f 1313//1304 1334//1334 1333//1333
f 1314//1306 1315//1308 1335//1335
f 1314//1306 1335//1335 1334//1334
f 1315//1308 1316//1310 1336//1336
f 1315//1308 1336//1336 1335//1335
f 1316//1310 1317//1312 1337//1337
f 1316//1310 1337//1337 1336//1336
f 1317//1312 1318//1314 1338//1338
f 1317//1312 1338//1338 1337//1337
f 1318//1314 1319//1316 1339//1339
f 1318//1314 1339//1339 1338//1338
f 1319//1316 1320//1318 1340//1340
f 1319//1316 1340//1340 1339//1339
f 1320//1318 1321//1320 1341//1341
f 1320//1318 1341//1341 1340//1340
f 1321//1320 1322//1322 1342//1342
f 1321//1320 1342//1342 1341//1341
f 1322//1322 1303//1286 1323//1324
f 1322//1322 1323//1324 1342//1342
f 1323//1324 1324//1323 1344//1343
f 1323//1324 1344//1343 1343//1344
f 1324//1323 1325//1325 1345//1345
f 1324//1323 1345//1345 1344//1343
f 1325//1325 1326//1326 1346//1346
f 1325//1325 1346//1346 1345//1345
f 1326//1326 1327//1327 1347//1347
f 1326//1326 1347//1347 1346//1346
f 1327//1327 1328//1328 1348//1348
f 1327//1327 1348//1348 1347//1347
f 1328//1328 1329//1329 1349//1349
f 1328//1328 1349//1349 1348//1348
f 1329//1329 1330//1330 1350//1350
f 1329//1329 1350//1350 1349//1349
f 1330//1330 1331//1331 1351//1351
f 1330//1330 1351//1351 1350//1350
f 1331//1331 1332//1332 1352//1352
f 1331//1331 1352//1352 1351//1351
f 1332//1332 1333//1333 1353//1353
f 1332//1332 1353//1353 1352//1352
f 1333//1333 1334//1334 1354//1354
f 1333//1333 1354//1354 1353//1353
f 1334//1334 1335//1335 1355//1355
f 1334//1334 1355//1355 1354//1354
f 1335//1335 1336//1336 1356//1356
f 1335//1335 1356//1356 1355//1355
f 1336//1336 1337//1337 1357//1357
f 1336//1336 1357//1357 1356//1356
f 1337//1337 1338//1338 1358//1358
f 1337//1337 1358//1358 1357//1357
f 1338//1338 1339//1339 1359//1359
f 1338//1338 1359//1359 1358//1358
f 1339//1339 1340//1340 1360//1360
f 1339//1339 1360//1360 1359//1359
f 1340//1340 1341//1341 1361//1361
f 1340//1340 1361//1361 1360//1360
f 1341//1341 1342//1342 1362//1362
f 1341//1341 1362//1362 1361//1361
f 1342//1342 1323//1324 1343//1344
f 1342//1342 1343//1344 1362//1362
f 1343//1344 1344//1343 1364//1363
f 1343//1344 1364//1363 1363//1364
f 1344//1343 1345//1345 1365//1365
f 1344//1343 1365//1365 1364//1363
f 1345//1345 1346//1346 1366//1366
f 1345//1345 1366//1366 1365//1365
f 1346//1346 1347//1347 1367//1367
f 1346//1346 1367//1367 1366//1366
f 1347//1347 1348//1348 1368//1368
f 1347//1347 1368//1368 1367//1367
f 1348//1348 1349//1349 1369//1369
f 1348//1348 1369//1369 1368//1368
f 1349//1349 1350//1350 1370//1370
f 1349//1349 1370//1370 1369//1369
f 1350//1350 1351//1351 1371//1371
f 1350//1350 1371//1371 1370//1370
f 1351//1351 1352//1352 1372//1372
f 1351//1351 1372//1372 1371//1371
f 1352//1352 1353//1353 1373//1373
f 1352//1352 1373//1373 1372//1372
f 1353//1353 1354//1354 1374//1374
f 1353//1353 1374//1374 1373//1373
f 1354//1354 1355//1355 1375//1375
f 1354//1354 1375//1375 1374//1374
f 1355//1355 1356//1356 1376//1376
f 1355//1355 1376//1376 1375//1375
f 1356//1356 1357//1357 1377//1377
f 1356//1356 1377//1377 1376//1376
f 1357//1357 1358//1358 1378//1378
f 1357//1357 1378//1378 1377//1377
f 1358//1358 1359//1359 1379//1379
f 1358//1358 1379//1379 1378//1378
f 1359//1359 1360//1360 1380//1380
f 1359//1359 1380//1380 1379//1379
f 1360//1360 1361//1361 1381//1381
f 1360//1360 1381//1381 1380//1380
f 1361//1361 1362//1362 1382//1382
f 1361//1361 1382//1382 1381//1381
f 1362//1362 1343//1344 1363//1364
f 1362//1362 1363//1364 1382//1382
f 1363//1364 1364//1363 1384//1383
f 1363//1364 1384//1383 1383//1384
f 1364//1363 1365//1365 1385//1385
f 1364//1363 1385//1385 1384//1383
f 1365//1365 1366//1366 1386//1386
f 1365//1365 1386//1386 1385//1385
f 1366//1366 1367//1367 1387//1387
f 1366//1366 1387//1387 1386//1386
f 1367//1367 1368//1368 1388//1388
f 1367//1367 1388//1388 1387//1387
f 1368//1368 1369//1369 1389//1389
f 1368//1368 1389//1389 1388//1388
f 1369//1369 1370//1370 1390//1390
f 1369//1369 1390//1390 1389//1389
f 1370//1370 1371//1371 1391//1391
f 1370//1370 1391//1391 1390//1390
f 1371//1371 1372//1372 1392//1392
f 1371//1371 1392//1392 1391//1391
f 1372//1372 1373//1373 1393//1393
f 1372//1372 1393//1393 1392//1392
f 1373//1373 1374//1374 1394//1394
f 1373//1373 1394//1394 1393//1393
f 1374//1374 1375//1375 1395//1395
f 1374//1374 1395//1395 1394//1394
f 1375//1375 1376//1376 1396//1396
f 1375//1375 1396//1396 1395//1395
f 1376//1376 1377//1377 1397//1397
f 1376//1376 1397//1397 1396//1396
f 1377//1377 1378//1378 1398//1398
f 1377//1377 1398//1398 1397//1397
f 1378//1378 1379//1379 1399//1399
f 1378//1378 1399//1399 1398//1398
f 1379//1379 1380//1380 1400//1400
f 1379//1379 1400//1400 1399//1399
f 1380//1380 1381//1381 1401//1401
f 1380//1380 1401//1401 1400//1400
f 1381//1381 1382//1382 1402//1402
f 1381//1381 1402//1402 1401//1401
f 1382//1382 1363//1364 1383//1384
f 1382//1382 1383//1384 1402//1402
f 1383//1384 1384//1383 1404//1403
f 1383//1384 1404//1403 1403//1404
f 1384//1383 1385//1385 1405//1405
f 1384//1383 1405//1405 1404//1403
f 1385//1385 1386//1386 1406//1406
f 1385//1385 1406//1406 1405//1405
f 1386//1386 1387//1387 1407//1407
f 1386//1386 1407//1407 1406//1406
f 1387//1387 1388//1388 1408//1408
f 1387//1387 1408//1408 1407//1407
f 1388//1388 1389//1389 1409//1409
f 1388//1388 1409//1409 1408//1408
f 1389//1389 1390//1390 1410//1410
f 1389//1389 1410//1410 1409//1409
f 1390//1390 1391//1391 1411//1411
f 1390//1390 1411//1411 1410//1410
f 1391//1391 1392//1392 1412//1412
f 1391//1391 1412//1412 1411//1411
f 1392//1392 1393//1393 1413//1413
f 1392//1392 1413//1413 1412//1412
f 1393//1393 1394//1394 1414//1414
f 1393//1393 1414//1414 1413//1413
f 1394//1394 1395//1395 1415//1415
f 1394//1394 1415//1415 1414//1414
f 1395//1395 1396//1396 1416//1416
f 1395//1395 1416//1416 1415//1415
f 1396//1396 1397//1397 1417//1417
f 1396//1396 1417//1417 1416//1416
f 1397//1397 1398//1398 1418//1418
f 1397//1397 1418//1418 1417//1417
f 1398//1398 1399//1399 1419//1419
f 1398//1398 1419//1419 1418//1418
f 1399//1399 1400//1400 1420//1420
f 1399//1399 1420//1420 1419//1419
f 1400//1400 1401//1401 1421//1421
f 1400//1400 1421//1421 1420//1420
f 1401//1401 1402//1402 1422//1422
f 1401//1401 1422//1422 1421//1421
f 1402//1402 1383//1384 1403//1404
f 1402//1402 1403//1404 1422//1422
f 1403//1404 1404//1403 1424//1423
f 1403//1404 1424//1423 1423//1424
f 1404//1403 1405//1405 1425//1425
f 1404//1403 1425//1425 1424//1423
f 1405//1405 1406//1406 1426//1426
f 1405//1405 1426//1426 1425//1425
f 1406//1406 1407//1407 1427//1427
f 1406//1406 1427//1427 1426//1426
f 1407//1407 1408//1408 1428//1428
f 1407//1407 1428//1428 1427//1427
f 1408//1408 1409//1409 1429//1429
f 1408//1408 1429//1429 1428//1428
f 1409//1409 1410//1410 1430//1430
f 1409//1409 1430//1430 1429//1429
f 1410//1410 1411//1411 1431//1431
f 1410//1410 1431//1431 1430//1430
f 1411//1411 1412//1412 1432//1432
f 1411//1411 1432//1432 1431//1431
f 1412//1412 1413//1413 1433//1433
f 1412//1412 1433//1433 1432//1432
f 1413//1413 1414//1414 1434//1434
f 1413//1413 1434//1434 1433//1433
f 1414//1414 1415//1415 1435//1435
f 1414//1414 1435//1435 1434//1434
f 1415//1415 1416//1416 1436//1436
f 1415//1415 1436//1436 1435//1435
f 1416//1416 1417//1417 1437//1437
f 1416//1416 1437//1437 1436//1436
f 1417//1417 1418//1418 1438//1438
f 1417//1417 1438//1438 1437//1437
f 1418//1418 1419//1419 1439//1439
f 1418//1418 1439//1439 1438//1438
f 1419//1419 1420//1420 1440//1440
f 1419//1419 1440//1440 1439//1439
f 1420//1420 1421//1421 1441//1441
f 1420//1420 1441//1441 1440//1440
f 1421//1421 1422//1422 1442//1442
f 1421//1421 1442//1442 1441//1441
f 1422//1422 1403//1404 1423//1424
f 1422//1422 1423//1424 1442//1442
f 1423//1424 1424//1423 1444//1443
f 1423//1424 1444//1443 1443//1444
f 1424//1423 1425//1425 1445//1445
f 1424//1423 1445//1445 1444//1443
f 1425//1425 1426//1426 1446//1446
f 1425//1425 1446//1446 1445//1445
f 1426//1426 1427//1427 1447//1447
f 1426//1426 1447//1447 1446//1446
f 1427//1427 1428//1428 1448//1448
f 1427//1427 1448//1448 1447//1447
f 1428//1428 1429//1429 1449//1449
f 1428//1428 1449//1449 1448//1448
f 1429//1429 1430//1430 1450//1450
f 1429//1429 1450//1450 1449//1449
f 1430//1430 1431//1431 1451//1451
f 1430//1430 1451//1451 1450//1450
f 1431//1431 1432//1432 1452//1452
f 1431//1431 1452//1452 1451//1451
f 1432//1432 1433//1433 1453//1453
f 1432//1432 1453//1453 1452//1452
f 1433//1433 1434//1434 1454//1454
f 1433//1433 1454//1454 1453//1453
f 1434//1434 1435//1435 1455//1455
f 1434//1434 1455//1455 1454//1454
f 1435//1435 1436//1436 1456//1456
f 1435//1435 1456//1456 1455//1455
f 1436//1436 1437//1437 1457//1457
f 1436//1436 1457//1457 1456//1456
f 1437//1437 1438//1438 1458//1458
f 1437//1437 1458//1458 1457//1457
f 1438//1438 1439//1439 1459//1459
f 1438//1438 1459//1459 1458//1458
f 1439//1439 1440//1440 1460//1460
f 1439//1439 1460//1460 1459//1459
f 1440//1440 1441//1441 1461//1461
f 1440//1440 1461//1461 1460//1460
f 1441//1441 1442//1442 1462//1462
f 1441//1441 1462//1462 1461//1461
f 1442//1442 1423//1424 1443//1444
f 1442//1442 1443//1444 1462//1462
f 1443//1444 1444//1443 1464//1463
f 1443//1444 1464//1463 1463//1464
f 1444//1443 1445//1445 1465//1465
f 1444//1443 1465//1465 1464//1463
f 1445//1445 1446//1446 1466//1466
f 1445//1445 1466//1466 1465//1465
f 1446//1446 1447//1447 1467//1467
f 1446//1446 1467//1467 1466//1466
f 1447//1447 1448//1448 1468//1468
f 1447//1447 1468//1468 1467//1467
f 1448//1448 1449//1449 1469//1469
f 1448//1448 1469//1469 1468//1468
f 1449//1449 1450//1450 1470//1470
f 1449//1449 1470//1470 1469//1469
f 1450//1450 1451//1451 1471//1471
f 1450//1450 1471//1471 1470//1470
f 1451//1451 1452//1452 1472//1472
f 1451//1451 1472//1472 1471//1471
f 1452//1452 1453//1453 1473//1473
f 1452//1452 1473//1473 1472//1472
f 1453//1453 1454//1454 1474//1474
f 1453//1453 1474//1474 1473//1473
f 1454//1454 1455//1455 1475//1475
f 1454//1454 1475//1475 1474//1474
f 1455//1455 1456//1456 1476//1476
f 1455//1455 1476//1476 1475//1475
f 1456//1456 1457//1457 1477//1477
f 1456//1456 1477//1477 1476//1476
f 1457//1457 1458//1458 1478//1478
f 1457//1457 1478//1478 1477//1477
f 1458//1458 1459//1459 1479//1479
f 1458//1458 1479//1479 1478//1478
f 1459//1459 1460//1460 1480//1480
f 1459//1459 1480//1480 1479//1479
f 1460//1460 1461//1461 1481//1481
f 1460//1460 1481//1481 1480//1480
f 1461//1461 1462//1462 1482//1482
f 1461//1461 1482//1482 1481//1481
f 1462//1462 1443//1444 1463//1464
f 1462//1462 1463//1464 1482//1482
f 1463//1464 1464//1463 1484//1483
f 1463//1464 1484//1483 1483//1484
f 1464//1463 1465//1465 1485//1485
f 1464//1463 1485//1485 1484//1483
f 1465//1465 1466//1466 1486//1486
f 1465//1465 1486//1486 1485//1485
f 1466//1466 1467//1467 1487//1487
f 1466//1466 1487//1487 1486//1486
f 1467//1467 1468//1468 1488//1488
f 1467//1467 1488//1488 1487//1487
f 1468//1468 1469//1469 1489//1489
f 1468//1468 1489//1489 1488//1488
f 1469//1469 1470//1470 1490//1490
f 1469//1469 1490//1490 1489//1489
f 1470//1470 1471//1471 1491//1491
f 1470//1470 1491//1491 1490//1490
f 1471//1471 1472//1472 1492//1492
f 1471//1471 1492//1492 1491//1491
f 1472//1472 1473//1473 1493//1493
f 1472//1472 1493//1493 1492//1492
f 1473//1473 1474//1474 1494//1494
f 1473//1473 1494//1494 1493//1493
f 1474//1474 1475//1475 1495//1495
f 1474//1474 1495//1495 1494//1494
f 1475//1475 1476//1476 1496//1496
f 1475//1475 1496//1496 1495//1495
f 1476//1476 1477//1477 1497//1497
f 1476//1476 1497//1497 1496//1496
f 1477//1477 1478//1478 1498//1498
f 1477//1477 1498//1498 1497//1497
f 1478//1478 1479//1479 1499//1499
f 1478//1478 1499//1499 1498//1498
f 1479//1479 1480//1480 1500//1500
f 1479//1479 1500//1500 1499//1499
f 1480//1480 1481//1481 1501//1501
f 1480//1480 1501//1501 1500//1500
f 1481//1481 1482//1482 1502//1502
f 1481//1481 1502//1502 1501//1501
f 1482//1482 1463//1464 1483//1484
f 1482//1482 1483//1484 1502//1502
f 1483//1484 1484//1483 1504//1503
f 1483//1484 1504//1503 1503//1504
f 1484//1483 1485//1485 1505//1505
f 1484//1483 1505//1505 1504//1503
f 1485//1485 1486//1486 1506//1506
f 1485//1485 1506//1506 1505//1505
f 1486//1486 1487//1487 1507//1507
f 1486//1486 1507//1507 1506//1506
f 1487//1487 1488//1488 1508//1508
f 1487//1487 1508//1508 1507//1507
f 1488//1488 1489//1489 1509//1509
f 1488//1488 1509//1509 1508//1508
f 1489//1489 1490//1490 1510//1510
f 1489//1489 1510//1510 1509//1509
f 1490//1490 1491//1491 1511//1511
f 1490//1490 1511//1511 1510//1510
f 1491//1491 1492//1492 1512//1512
f 1491//1491 1512//1512 1511//1511
f 1492//1492 1493//1493 1513//1513
f 1492//1492 1513//1513 1512//1512
f 1493//1493 1494//1494 1514//1514
f 1493//1493 1514//1514 1513//1513
f 1494//1494 1495//1495 1515//1515
f 1494//1494 1515//1515 1514//1514
f 1495//1495 1496//1496 1516//1516
f 1495//1495 1516//1516 1515//1515
f 1496//1496 1497//1497 1517//1517
f 1496//1496 1517//1517 1516//1516
f 1497//1497 1498//1498 1518//1518
f 1497//1497 1518//1518 1517//1517
f 1498//1498 1499//1499 1519//1519
f 1498//1498 1519//1519 1518//1518
f 1499//1499 1500//1500 1520//1520
f 1499//1499 1520//1520 1519//1519
f 1500//1500 1501//1501 1521//1521
f 1500//1500 1521//1521 1520//1520
f 1501//1501 1502//1502 1522//1522
f 1501//1501 1522//1522 1521//1521
f 1502//1502 1483//1484 1503//1504
f 1502//1502 1503//1504 1522//1522
f 1503//1504 1504//1503 1524//1523
f 1503//1504 1524//1523 1523//1524
f 1504//1503 1505//1505 1525//1525
f 1504//1503 1525//1525 1524//1523
f 1505//1505 1506//1506 1526//1526
f 1505//1505 1526//1526 1525//1525
f 1506//1506 1507//1507 1527//1527
f 1506//1506 1527//1527 1526//1526
f 1507//1507 1508//1508 1528//1528
f 1507//1507 1528//1528 1527//1527
f 1508//1508 1509//1509 1529//1529
f 1508//1508 1529//1529 1528//1528
f 1509//1509 1510//1510 1530//1530
f 1509//1509 1530//1530 1529//1529
f 1510//1510 1511//1511 1531//1531
f 1510//1510 1531//1531 1530//1530
f 1511//1511 1512//1512 1532//1532
f 1511//1511 1532//1532 1531//1531
f 1512//1512 1513//1513 1533//1533
f 1512//1512 1533//1533 1532//1532
f 1513//1513 1514//1514 1534//1534
f 1513//1513 1534//1534 1533//1533
f 1514//1514 1515//1515 1535//1535
f 1514//1514 1535//1535 1534//1534
f 1515//1515 1516//1516 1536//1536
f 1515//1515 1536//1536 1535//1535
f 1516//1516 1517//1517 1537//1537
f 1516//1516 1537//1537 1536//1536
f 1517//1517 1518//1518 1538//1538
f 1517//1517 1538//1538 1537//1537
f 1518//1518 1519//1519 1539//1539
f 1518//1518 1539//1539 1538//1538
f 1519//1519 1520//1520 1540//1540
f 1519//1519 1540//1540 1539//1539
f 1520//1520 1521//1521 1541//1541
f 1520//1520 1541//1541 1540//1540
f 1521//1521 1522//1522 1542//1542
f 1521//1521 1542//1542 1541//1541
f 1522//1522 1503//1504 1523//1524
f 1522//1522 1523//1524 1542//1542
f 1523//1524 1524//1523 1544//1543
f 1523//1524 1544//1543 1543//1544
f 1524//1523 1525//1525 1545//1545
f 1524//1523 1545//1545 1544//1543
f 1525//1525 1526//1526 1546//1546
f 1525//1525 1546//1546 1545//1545
f 1526//1526 1527//1527 1547//1547
f 1526//1526 1547//1547 1546//1546
f 1527//1527 1528//1528 1548//1548
f 1527//1527 1548//1548 1547//1547
f 1528//1528 1529//1529 1549//1549
f 1528//1528 1549//1549 1548//1548
f 1529//1529 1530//1530 1550//1550
f 1529//1529 1550//1550 1549//1549
f 1530//1530 1531//1531 1551//1551
f 1530//1530 1551//1551 1550//1550
f 1531//1531 1532//1532 1552//1552
f 1531//1531 1552//1552 1551//1551
f 1532//1532 1533//1533 1553//1553
f 1532//1532 1553//1553 1552//1552
f 1533//1533 1534//1534 1554//1554
f 1533//1533 1554//1554 1553//1553
f 1534//1534 1535//1535 1555//1555
f 1534//1534 1555//1555 1554//1554
f 1535//1535 1536//1536 1556//1556
f 1535//1535 1556//1556 1555//1555
f 1536//1536 1537//1537 1557//1557
f 1536//1536 1557//1557 1556//1556
f 1537//1537 1538//1538 1558//1558
f 1537//1537 1558//1558 1557//1557
f 1538//1538 1539//1539 1559//1559
f 1538//1538 1559//1559 1558//1558
f 1539//1539 1540//1540 1560//1560
f 1539//1539 1560//1560 1559//1559
f 1540//1540 1541//1541 1561//1561
f 1540//1540 1561//1561 1560//1560
f 1541//1541 1542//1542 1562//1562
f 1541//1541 1562//1562 1561//1561
f 1542//1542 1523//1524 1543//1544
f 1542//1542 1543//1544 1562//1562
f 1543//1544 1544//1543 1564//1563
f 1543//1544 1564//1563 1563//1564
f 1544//1543 1545//1545 1565//1565
f 1544//1543 1565//1565 1564//1563
f 1545//1545 1546//1546 1566//1566
f 1545//1545 1566//1566 1565//1565
f 1546//1546 1547//1547 1567//1567
f 1546//1546 1567//1567 1566//1566
f 1547//1547 1548//1548 1568//1568
f 1547//1547 1568//1568 1567//1567
f 1548//1548 1549//1549 1569//1569
f 1548//1548 1569//1569 1568//1568
f 1549//1549 1550//1550 1570//1570
f 1549//1549 1570//1570 1569//1569
f 1550//1550 1551//1551 1571//1571
f 1550//1550 1571//1571 1570//1570
f 1551//1551 1552//1552 1572//1572
f 1551//1551 1572//1572 1571//1571
f 1552//1552 1553//1553 1573//1573
f 1552//1552 1573//1573 1572//1572
f 1553//1553 1554//1554 1574//1574
f 1553//1553 1574//1574 1573//1573
f 1554//1554 1555//1555 1575//1575
f 1554//1554 1575//1575 1574//1574
f 1555//1555 1556//1556 1576//1576
f 1555//1555 1576//1576 1575//1575
f 1556//1556 1557//1557 1577//1577
f 1556//1556 1577//1577 1576//1576
f 1557//1557 1558//1558 1578//1578
f 1557//1557 1578//1578 1577//1577
f 1558//1558 1559//1559 1579//1579
f 1558//1558 1579//1579 1578//1578
f 1559//1559 1560//1560 1580//1580
f 1559//1559 1580//1580 1579//1579
f 1560//1560 1561//1561 1581//1581
f 1560//1560 1581//1581 1580//1580
f 1561//1561 1562//1562 1582//1582
f 1561//1561 1582//1582 1581//1581
f 1562//1562 1543//1544 1563//1564
f 1562//1562 1563//1564 1582//1582
f 1563//1564 1564//1563 1584//1583
f 1563//1564 1584//1583 1583//1584
f 1564//1563 1565//1565 1585//1585
f 1564//1563 1585//1585 1584//1583
f 1565//1565 1566//1566 1586//1586
f 1565//1565 1586//1586 1585//1585
f 1566//1566 1567//1567 1587//1587
f 1566//1566 1587//1587 1586//1586
f 1567//1567 1568//1568 1588//1588
f 1567//1567 1588//1588 1587//1587
f 1568//1568 1569//1569 1589//1589
f 1568//1568 1589//1589 1588//1588
f 1569//1569 1570//1570 1590//1590
f 1569//1569 1590//1590 1589//1589
f 1570//1570 1571//1571 1591//1591
f 1570//1570 1591//1591 1590//1590
f 1571//1571 1572//1572 1592//1592
f 1571//1571 1592//1592 1591//1591
f 1572//1572 1573//1573 1593//1593
f 1572//1572 1593//1593 1592//1592
f 1573//1573 1574//1574 1594//1594
f 1573//1573 1594//1594 1593//1593
f 1574//1574 1575//1575 1595//1595
f 1574//1574 1595//1595 1594//1594
f 1575//1575 1576//1576 1596//1596
f 1575//1575 1596//1596 1595//1595
f 1576//1576 1577//1577 1597//1597
f 1576//1576 1597//1597 1596//1596
f 1577//1577 1578//1578 1598//1598
f 1577//1577 1598//1598 1597//1597
f 1578//1578 1579//1579 1599//1599
f 1578//1578 1599//1599 1598//1598
f 1579//1579 1580//1580 1600//1600
f 1579//1579 1600//1600 1599//1599
f 1580//1580 1581//1581 1601//1601
f 1580//1580 1601//1601 1600//1600
f 1581//1581 1582//1582 1602//1602
f 1581//1581 1602//1602 1601//1601
f 1582//1582 1563//1564 1583//1584
f 1582//1582 1583//1584 1602//1602
f 1583//1584 1584//1583 1604//1603
f 1583//1584 1604//1603 1603//1604
f 1584//1583 1585//1585 1605//1605
f 1584//1583 1605//1605 1604//1603
f 1585//1585 1586//1586 1606//1606
f 1585//1585 1606//1606 1605//1605
f 1586//1586 1587//1587 1607//1607
f 1586//1586 1607//1607 1606//1606
f 1587//1587 1588//1588 1608//1608
f 1587//1587 1608//1608 1607//1607
f 1588//1588 1589//1589 1609//1609
f 1588//1588 1609//1609 1608//1608
f 1589//1589 1590//1590 1610//1610
f 1589//1589 1610//1610 1609//1609
f 1590//1590 1591//1591 1611//1611
f 1590//1590 1611//1611 1610//1610
f 1591//1591 1592//1592 1612//1612
f 1591//1591 1612//1612 1611//1611
f 1592//1592 1593//1593 1613//1613
f 1592//1592 1613//1613 1612//1612
f 1593//1593 1594//1594 1614//1614
f 1593//1593 1614//1614 1613//1613
f 1594//1594 1595//1595 1615//1615
f 1594//1594 1615//1615 1614//1614
f 1595//1595 1596//1596 1616//1616
f 1595//1595 1616//1616 1615//1615
f 1596//1596 1597//1597 1617//1617
f 1596//1596 1617//1617 1616//1616
f 1597//1597 1598//1598 1618//1618
f 1597//1597 1618//1618 1617//1617
f 1598//1598 1599//1599 1619//1619
f 1598//1598 1619//1619 1618//1618
f 1599//1599 1600//1600 1620//1620
f 1599//1599 1620//1620 1619//1619
f 1600//1600 1601//1601 1621//1621
f 1600//1600 1621//1621 1620//1620
f 1601//1601 1602//1602 1622//1622
f 1601//1601 1622//1622 1621//1621
f 1602//1602 1583//1584 1603//1604
f 1602//1602 1603//1604 1622//1622
f 1603//1604 1604//1603 1624//1623
f 1603//1604 1624//1623 1623//1624
f 1604//1603 1605//1605 1625//1625
f 1604//1603 1625//1625 1624//1623
f 1605//1605 1606//1606 1626//1626
f 1605//1605 1626//1626 1625//1625
f 1606//1606 1607//1607 1627//1627
f 1606//1606 1627//1627 1626//1626
f 1607//1607 1608//1608 1628//1628
f 1607//1607 1628//1628 1627//1627
f 1608//1608 1609//1609 1629//1629
f 1608//1608 1629//1629 1628//1628
f 1609//1609 1610//1610 1630//1630
f 1609//1609 1630//1630 1629//1629
f 1610//1610 1611//1611 1631//1631
f 1610//1610 1631//1631 1630//1630
f 1611//1611 1612//1612 1632//1632
f 1611//1611 1632//1632 1631//1631
f 1612//1612 1613//1613 1633//1633
f 1612//1612 1633//1633 1632//1632
f 1613//1613 1614//1614 1634//1634
f 1613//1613 1634//1634 1633//1633
f 1614//1614 1615//1615 1635//1635
f 1614//1614 1635//1635 1634//1634
f 1615//1615 1616//1616 1636//1636
f 1615//1615 1636//1636 1635//1635
f 1616//1616 1617//1617 1637//1637
f 1616//1616 1637//1637 1636//1636
f 1617//1617 1618//1618 1638//1638
f 1617//1617 1638//1638 1637//1637
f 1618//1618 1619//1619 1639//1639
f 1618//1618 1639//1639 1638//1638
f 1619//1619 1620//1620 1640//1640
f 1619//1619 1640//1640 1639//1639
f 1620//1620 1621//1621 1641//1641
f 1620//1620 1641//1641 1640//1640
f 1621//1621 1622//1622 1642//1642
f 1621//1621 1642//1642 1641//1641
f 1622//1622 1603//1604 1623//1624
f 1622//1622 1623//1624 1642//1642
f 1623//1624 1624//1623 1644//1643
f 1623//1624 1644//1643 1643//1644
f 1624//1623 1625//1625 1645//1645
f 1624//1623 1645//1645 1644//1643
f 1625//1625 1626//1626 1646//1646
f 1625//1625 1646//1646 1645//1645
f 1626//1626 1627//1627 1647//1647
f 1626//1626 1647//1647 1646//1646
f 1627//1627 1628//1628 1648//1648
f 1627//1627 1648//1648 1647//1647
f 1628//1628 1629//1629 1649//1649
f 1628//1628 1649//1649 1648//1648
f 1629//1629 1630//1630 1650//1650
f 1629//1629 1650//1650 1649//1649
f 1630//1630 1631//1631 1651//1651
f 1630//1630 1651//1651 1650//1650
f 1631//1631 1632//1632 1652//1652
f 1631//1631 1652//1652 1651//1651
f 1632//1632 1633//1633 1653//1653
f 1632//1632 1653//1653 1652//1652
f 1633//1633 1634//1634 1654//1654
f 1633//1633 1654//1654 1653//1653
f 1634//1634 1635//1635 1655//1655
f 1634//1634 1655//1655 1654//1654
f 1635//1635 1636//1636 1656//1656
f 1635//1635 1656//1656 1655//1655
f 1636//1636 1637//1637 1657//1657
f 1636//1636 1657//1657 1656//1656
f 1637//1637 1638//1638 1658//1658
f 1637//1637 1658//1658 1657//1657
f 1638//1638 1639//1639 1659//1659
f 1638//1638 1659//1659 1658//1658
f 1639//1639 1640//1640 1660//1660
f 1639//1639 1660//1660 1659//1659
f 1640//1640 1641//1641 1661//1661
f 1640//1640 1661//1661 1660//1660
f 1641//1641 1642//1642 1662//1662
f 1641//1641 1662//1662 1661//1661
f 1642//1642 1623//1624 1643//1644
f 1642//1642 1643//1644 1662//1662
f 1284//1284 1283//1283 1663//1663
f 1285//1287 1284//1284 1663//1663
f 1286//1289 1285//1287 1663//1663
f 1287//1291 1286//1289 1663//1663
f 1288//1293 1287//1291 1663//1663
f 1289//1295 1288//1293 1663//1663
f 1290//1297 1289//1295 1663//1663
f 1291//1299 1290//1297 1663//1663
f 1292//1301 1291//1299 1663//1663
f 1293//1303 1292//1301 1663//1663
f 1294//1305 1293//1303 1663//1663
f 1295//1307 1294//1305 1663//1663
f 1296//1309 1295//1307 1663//1663
f 1297//1311 1296//1309 1663//1663
f 1298//1313 1297//1311 1663//1663
f 1299//1315 1298//1313 1663//1663
f 1300//1317 1299//1315 1663//1663
f 1301//1319 1300//1317 1663//1663
f 1302//1321 1301//1319 1663//1663
f 1283//1283 1302//1321 1663//1663
f 1643//1644 1644//1643 1664//1664
f 1644//1643 1645//1645 1664//1664
f 1645//1645 1646//1646 1664//1664
f 1646//1646 1647//1647 1664//1664
f 1647//1647 1648//1648 1664//1664
f 1648//1648 1649//1649 1664//1664
f 1649//1649 1650//1650 1664//1664
f 1650//1650 1651//1651 1664//1664
f 1651//1651 1652//1652 1664//1664
f 1652//1652 1653//1653 1664//1664
f 1653//1653 1654//1654 1664//1664
f 1654//1654 1655//1655 1664//1664
f 1655//1655 1656//1656 1664//1664
f 1656//1656 1657//1657 1664//1664
f 1657//1657 1658//1658 1664//1664
f 1658//1658 1659//1659 1664//1664
f 1659//1659 1660//1660 1664//1664
f 1660//1660 1661//1661 1664//1664
f 1661//1661 1662//1662 1664//1664
f 1662//1662 1643//1644 1664//1664
f 1665//1665 1685//1666 1686//1667
f 1665//1665 1686//1667 1666//1668
f 1666//1668 1686//1667 1687//1669
f 1666//1668 1687//1669 1667//1670
f 1667//1670 1687//1669 1688//1671
f 1667//1670 1688//1671 1668//1672
f 1668//1672 1688//1671 1689//1673
f 1668//1672 1689//1673 1669//1674
f 1669//1674 1689//1673 1690//1675
f 1669//1674 1690//1675 1670//1676
f 1670//1676 1690//1675 1691//1677
f 1670//1676 1691//1677 1671//1678
f 1671//1678 1691//1677 1692//1679
f 1671//1678 1692//1679 1672//1680
f 1672//1680 1692//1679 1693//1681
f 1672//1680 1693//1681 1673//1682
f 1673//1682 1693//1681 1694//1683
f 1673//1682 1694//1683 1674//1684
f 1674//1684 1694//1683 1695//1685
f 1674//1684 1695//1685 1675//1686
f 1675//1686 1695//1685 1696//1687
f 1675//1686 1696//1687 1676//1688
f 1676//1688 1696//1687 1697//1689
f 1676//1688 1697//1689 1677//1690
f 1677//1690 1697//1689 1698//1691
f 1677//1690 1698//1691 1678//1692
f 1678//1692 1698//1691 1699//1693
f 1678//1692 1699//1693 1679//1694
f 1679//1694 1699//1693 1700//1695
f 1679//1694 1700//1695 1680//1696
f 1680//1696 1700//1695 1701//1697
f 1680//1696 1701//1697 1681//1698
f 1681//1698 1701//1697 1702//1699
f 1681//1698 1702//1699 1682//1700
f 1682//1700 1702//1699 1703//1701
f 1682//1700 1703//1701 1683//1702
f 1683//1702 1703//1701 1704//1703
f 1683//1702 1704//1703 1684//1704
f 1684//1704 1704//1703 1685//1666
f 1684//1704 1685//1666 1665//1665
f 1685//1666 1705//1705 1706//1706
f 1685//1666 1706//1706 1686//1667
f 1686//1667 1706//1706 1707//1707
f 1686//1667 1707//1707 1687//1669
f 1687//1669 1707//1707 1708//1708
f 1687//1669 1708//1708 1688//1671
f 1688//1671 1708//1708 1709//1709
f 1688//1671 1709//1709 1689//1673
f 1689//1673 1709//1709 1710//1710
f 1689//1673 1710//1710 1690//1675
f 1690//1675 1710//1710 1711//1711
f 1690//1675 1711//1711 1691//1677
f 1691//1677 1711//1711 1712//1712
f 1691//1677 1712//1712 1692//1679
f 1692//1679 1712//1712 1713//1713
f 1692//1679 1713//1713 1693//1681
f 1693//1681 1713//1713 1714//1714
f 1693//1681 1714//1714 1694//1683
f 1694//1683 1714//1714 1715//1715
f 1694//1683 1715//1715 1695//1685
f 1695//1685 1715//1715 1716//1716
f 1695//1685 1716//1716 1696//1687
f 1696//1687 1716//1716 1717//1717
f 1696//1687 1717//1717 1697//1689
f 1697//1689 1717//1717 1718//1718
f 1697//1689 1718//1718 1698//1691
f 1698//1691 1718//1718 1719//1719
f 1698//1691 1719//1719 1699//1693
f 1699//1693 1719//1719 1720//1720
f 1699//1693 1720//1720 1700//1695
f 1700//1695 1720//1720 1721//1721
f 1700//1695 1721//1721 1701//1697
f 1701//1697 1721//1721 1722//1722
f 1701//1697 1722//1722 1702//1699
f 1702//1699 1722//1722 1723//1723
f 1702//1699 1723//1723 1703//1701
f 1703//1701 1723//1723 1724//1724
f 1703//1701 1724//1724 1704//1703
f 1704//1703 1724//1724 1705//1705
f 1704//1703 1705//1705 1685//1666
f 1705//1705 1725//1725 1726//1726
f 1705//1705 1726//1726 1706//1706
f 1706//1706 1726//1726 1727//1727
f 1706//1706 1727//1727 1707//1707
f 1707//1707 1727//1727 1728//1728
f 1707//1707 1728//1728 1708//1708
f 1708//1708 1728//1728 1729//1729
f 1708//1708 1729//1729 1709//1709
f 1709//1709 1729//1729 1730//1730
f 1709//1709 1730//1730 1710//1710
f 1710//1710 1730//1730 1731//1731
f 1710//1710 1731//1731 1711//1711
f 1711//1711 1731//1731 1732//1732
f 1711//1711 1732//1732 1712//1712
f 1712//1712 1732//1732 1733//1733
f 1712//1712 1733//1733 1713//1713
f 1713//1713 1733//1733 1734//1734
f 1713//1713 1734//1734 1714//1714
f 1714//1714 1734//1734 1735//1735
f 1714//1714 1735//1735 1715//1715
f 1715//1715 1735//1735 1736//1736
f 1715//1715 1736//1736 1716//1716
f 1716//1716 1736//1736 1737//1737
f 1716//1716 1737//1737 1717//1717
f 1717//1717 1737//1737 1738//1738
f 1717//1717 1738//1738 1718//1718
f 1718//1718 1738//1738 1739//1739
f 1718//1718 1739//1739 1719//1719
f 1719//1719 1739//1739 1740//1740
f 1719//1719 1740//1740 1720//1720
f 1720//1720 1740//1740 1741//1741
f 1720//1720 1741//1741 1721//1721
f 1721//1721 1741//1741 1742//1742
f 1721//1721 1742//1742 1722//1722
f 1722//1722 1742//1742 1743//1743
f 1722//1722 1743//1743 1723//1723
f 1723//1723 1743//1743 1744//1744
f 1723//1723 1744//1744 1724//1724
f 1724//1724 1744//1744 1725//1725
f 1724//1724 1725//1725 1705//1705
f 1725//1725 1745//1745 1746//1746
f 1725//1725 1746//1746 1726//1726
f 1726//1726 1746//1746 1747//1747
f 1726//1726 1747//1747 1727//1727
f 1727//1727 1747//1747 1748//1748
f 1727//1727 1748//1748 1728//1728
f 1728//1728 1748//1748 1749//1749
f 1728//1728 1749//1749 1729//1729
f 1729//1729 1749//1749 1750//1750
f 1729//1729 1750//1750 1730//1730
f 1730//1730 1750//1750 1751//1751
f 1730//1730 1751//1751 1731//1731
f 1731//1731 1751//1751 1752//1752
f 1731//1731 1752//1752 1732//1732
f 1732//1732 1752//1752 1753//1753
f 1732//1732 1753//1753 1733//1733
f 1733//1733 1753//1753 1754//1754
f 1733//1733 1754//1754 1734//1734
f 1734//1734 1754//1754 1755//1755
f 1734//1734 1755//1755 1735//1735
f 1735//1735 1755//1755 1756//1756
f 1735//1735 1756//1756 1736//1736
f 1736//1736 1756//1756 1757//1757
f 1736//1736 1757//1757 1737//1737
f 1737//1737 1757//1757 1758//1758
f 1737//1737 1758//1758 1738//1738
f 1738//1738 1758//1758 1759//1759
f 1738//1738 1759//1759 1739//1739
f 1739//1739 1759//1759 1760//1760
f 1739//1739 1760//1760 1740//1740
f 1740//1740 1760//1760 1761//1761
f 1740//1740 1761//1761 1741//1741
f 1741//1741 1761//1761 1762//1762
f 1741//1741 1762//1762 1742//1742
f 1742//1742 1762//1762 1763//1763
f 1742//1742 1763//1763 1743//1743
f 1743//1743 1763//1763 1764//1764
f 1743//1743 1764//1764 1744//1744
f 1744//1744 1764//1764 1745//1745
f 1744//1744 1745//1745 1725//1725
f 1745//1745 1765//1765 1766//1766
f 1745//1745 1766//1766 1746//1746
f 1746//1746 1766//1766 1767//1767
f 1746//1746 1767//1767 1747//1747
f 1747//1747 1767//1767 1768//1768
f 1747//1747 1768//1768 1748//1748
f 1748//1748 1768//1768 1769//1769
f 1748//1748 1769//1769 1749//1749
f 1749//1749 1769//1769 1770//1770
f 1749//1749 1770//1770 1750//1750
f 1750//1750 1770//1770 1771//1771
f 1750//1750 1771//1771 1751//1751
f 1751//1751 1771//1771 1772//1772
f 1751//1751 1772//1772 1752//1752
f 1752//1752 1772//1772 1773//1773
f 1752//1752 1773//1773 1753//1753
f 1753//1753 1773//1773 1774//1774
f 1753//1753 1774//1774 1754//1754
f 1754//1754 1774//1774 1775//1775
f 1754//1754 1775//1775 1755//1755
f 1755//1755 1775//1775 1776//1776
f 1755//1755 1776//1776 1756//1756
f 1756//1756 1776//1776 1777//1777
f 1756//1756 1777//1777 1757//1757
f 1757//1757 1777//1777 1778//1778
f 1757//1757 1778//1778 1758//1758
f 1758//1758 1778//1778 1779//1779
f 1758//1758 1779//1779 1759//1759
f 1759//1759 1779//1779 1780//1780
f 1759//1759 1780//1780 1760//1760
f 1760//1760 1780//1780 1781//1781
f 1760//1760 1781//1781 1761//1761
f 1761//1761 1781//1781 1782//1782
f 1761//1761 1782//1782 1762//1762
f 1762//1762 1782//1782 1783//1783
f 1762//1762 1783//1783 1763//1763
f 1763//1763 1783//1783 1784//1784
f 1763//1763 1784//1784 1764//1764
f 1764//1764 1784//1784 1765//1765
f 1764//1764 1765//1765 1745//1745
f 1765//1765 1785//1785 1786//1786
f 1765//1765 1786//1786 1766//1766
f 1766//1766 1786//1786 1787//1787
f 1766//1766 1787//1787 1767//1767
f 1767//1767 1787//1787 1788//1788
f 1767//1767 1788//1788 1768//1768
f 1768//1768 1788//1788 1789//1789
f 1768//1768 1789//1789 1769//1769
f 1769//1769 1789//1789 1790//1790
f 1769//1769 1790//1790 1770//1770
f 1770//1770 1790//1790 1791//1791
f 1770//1770 1791//1791 1771//1771
f 1771//1771 1791//1791 1792//1792
f 1771//1771 1792//1792 1772//1772
f 1772//1772 1792//1792 1793//1793
f 1772//1772 1793//1793 1773//1773
f 1773//1773 1793//1793 1794//1794
f 1773//1773 1794//1794 1774//1774
f 1774//1774 1794//1794 1795//1795
f 1774//1774 1795//1795 1775//1775
f 1775//1775 1795//1795 1796//1796
f 1775//1775 1796//1796 1776//1776
f 1776//1776 1796//1796 1797//1797
f 1776//1776 1797//1797 1777//1777
f 1777//1777 1797//1797 1798//1798
f 1777//1777 1798//1798 1778//1778
f 1778//1778 1798//1798 1799//1799
f 1778//1778 1799//1799 1779//1779
f 1779//1779 1799//1799 1800//1800
f 1779//1779 1800//1800 1780//1780
f 1780//1780 1800//1800 1801//1801
f 1780//1780 1801//1801 1781//1781
f 1781//1781 1801//1801 1802//1802
f 1781//1781 1802//1802 1782//1782
f 1782//1782 1802//1802 1803//1803
f 1782//1782 1803//1803 1783//1783
f 1783//1783 1803//1803 1804//1804
f 1783//1783 1804//1804 1784//1784
f 1784//1784 1804//1804 1785//1785
f 1784//1784 1785//1785 1765//1765
f 1785//1785 1805//1805 1806//1806
f 1785//1785 1806//1806 1786//1786
f 1786//1786 1806//1806 1807//1807
f 1786//1786 1807//1807 1787//1787
f 1787//1787 1807//1807 1808//1808
f 1787//1787 1808//1808 1788//1788
f 1788//1788 1808//1808 1809//1809
f 1788//1788 1809//1809 1789//1789
f 1789//1789 1809//1809 1810//1810
f 1789//1789 1810//1810 1790//1790
f 1790//1790 1810//1810 1811//1811
f 1790//1790 1811//1811 1791//1791
f 1791//1791 1811//1811 1812//1812
f 1791//1791 1812//1812 1792//1792
f 1792//1792 1812//1812 1813//1813
f 1792//1792 1813//1813 1793//1793
f 1793//1793 1813//1813 1814//1814
f 1793//1793 1814//1814 1794//1794
f 1794//1794 1814//1814 1815//1815
f 1794//1794 1815//1815 1795//1795
f 1795//1795 1815//1815 1816//1816
f 1795//1795 1816//1816 1796//1796
f 1796//1796 1816//1816 1817//1817
f 1796//1796 1817//1817 1797//1797
f 1797//1797 1817//1817 1818//1818
f 1797//1797 1818//1818 1798//1798
f 1798//1798 1818//1818 1819//1819
f 1798//1798 1819//1819 1799//1799
f 1799//1799 1819//1819 1820//1820
f 1799//1799 1820//1820 1800//1800
f 1800//1800 1820//1820 1821//1821
f 1800//1800 1821//1821 1801//1801
f 1801//1801 1821//1821 1822//1822
f 1801//1801 1822//1822 1802//1802
f 1802//1802 1822//1822 1823//1823
f 1802//1802 1823//1823 1803//1803
f 1803//1803 1823//1823 1824//1824
f 1803//1803 1824//1824 1804//1804
f 1804//1804 1824//1824 1805//1805
f 1804//1804 1805//1805 1785//1785
f 1805//1805 1825//1825 1826//1826
f 1805//1805 1826//1826 1806//1806
f 1806//1806 1826//1826 1827//1827
f 1806//1806 1827//1827 1807//1807
f 1807//1807 1827//1827 1828//1828
f 1807//1807 1828//1828 1808//1808
f 1808//1808 1828//1828 1829//1829
f 1808//1808 1829//1829 1809//1809
f 1809//1809 1829//1829 1830//1830
f 1809//1809 1830//1830 1810//1810
f 1810//1810 1830//1830 1831//1831
f 1810//1810 1831//1831 1811//1811
f 1811//1811 1831//1831 1832//1832
f 1811//1811 1832//1832 1812//1812
f 1812//1812 1832//1832 1833//1833
f 1812//1812 1833//1833 1813//1813
f 1813//1813 1833//1833 1834//1834
f 1813//1813 1834//1834 1814//1814
f 1814//1814 1834//1834 1835//1835
f 1814//1814 1835//1835 1815//1815
f 1815//1815 1835//1835 1836//1836
f 1815//1815 1836//1836 1816//1816
f 1816//1816 1836//1836 1837//1837
f 1816//1816 1837//1837 1817//1817
f 1817//1817 1837//1837 1838//1838
f 1817//1817 1838//1838 1818//1818
f 1818//1818 1838//1838 1839//1839
f 1818//1818 1839//1839 1819//1819
f 1819//1819 1839//1839 1840//1840
f 1819//1819 1840//1840 1820//1820
f 1820//1820 1840//1840 1841//1841
f 1820//1820 1841//1841 1821//1821
f 1821//1821 1841//1841 1842//1842
f 1821//1821 1842//1842 1822//1822
f 1822//1822 1842//1842 1843//1843
f 1822//1822 1843//1843 1823//1823
f 1823//1823 1843//1843 1844//1844
f 1823//1823 1844//1844 1824//1824
f 1824//1824 1844//1844 1825//1825
f 1824//1824 1825//1825 1805//1805
f 1825//1825 1845//1845 1846//1846
f 1825//1825 1846//1846 1826//1826
f 1826//1826 1846//1846 1847//1847
f 1826//1826 1847//1847 1827//1827
f 1827//1827 1847//1847 1848//1848
f 1827//1827 1848//1848 1828//1828
f 1828//1828 1848//1848 1849//1849
f 1828//1828 1849//1849 1829//1829
f 1829//1829 1849//1849 1850//1850
f 1829//1829 1850//1850 1830//1830
f 1830//1830 1850//1850 1851//1851
f 1830//1830 1851//1851 1831//1831
f 1831//1831 1851//1851 1852//1852
f 1831//1831 1852//1852 1832//1832
f 1832//1832 1852//1852 1853//1853
f 1832//1832 1853//1853 1833//1833
f 1833//1833 1853//1853 1854//1854
f 1833//1833 1854//1854 1834//1834
f 1834//1834 1854//1854 1855//1855
f 1834//1834 1855//1855 1835//1835
f 1835//1835 1855//1855 1856//1856
f 1835//1835 1856//1856 1836//1836
f 1836//1836 1856//1856 1857//1857
f 1836//1836 1857//1857 1837//1837
f 1837//1837 1857//1857 1858//1858
f 1837//1837 1858//1858 1838//1838
f 1838//1838 1858//1858 1859//1859
f 1838//1838 1859//1859 1839//1839
f 1839//1839 1859//1859 1860//1860
f 1839//1839 1860//1860 1840//1840
f 1840//1840 1860//1860 1861//1861
f 1840//1840 1861//1861 1841//1841
f 1841//1841 1861//1861 1862//1862
f 1841//1841 1862//1862 1842//1842
f 1842//1842 1862//1862 1863//1863
f 1842//1842 1863//1863 1843//1843
f 1843//1843 1863//1863 1864//1864
f 1843//1843 1864//1864 1844//1844
f 1844//1844 1864//1864 1845//1845
f 1844//1844 1845//1845 1825//1825
f 1845//1845 1865//1865 1866//1866
f 1845//1845 1866//1866 1846//1846
f 1846//1846 1866//1866 1867//1867
f 1846//1846 1867//1867 1847//1847
f 1847//1847 1867//1867 1868//1868
f 1847//1847 1868//1868 1848//1848
f 1848//1848 1868//1868 1869//1869
f 1848//1848 1869//1869 1849//1849
f 1849//1849 1869//1869 1870//1870
f 1849//1849 1870//1870 1850//1850
f 1850//1850 1870//1870 1871//1871
f 1850//1850 1871//1871 1851//1851
f 1851//1851 1871//1871 1872//1872
f 1851//1851 1872//1872 1852//1852
f 1852//1852 1872//1872 1873//1873
f 1852//1852 1873//1873 1853//1853
f 1853//1853 1873//1873 1874//1874
f 1853//1853 1874//1874 1854//1854
f 1854//1854 1874//1874 1875//1875
f 1854//1854 1875//1875 1855//1855
f 1855//1855 1875//1875 1876//1876
f 1855//1855 1876//1876 1856//1856
f 1856//1856 1876//1876 1877//1877
f 1856//1856 1877//1877 1857//1857
f 1857//1857 1877//1877 1878//1878
f 1857//1857 1878//1878 1858//1858
f 1858//1858 1878//1878 1879//1879
f 1858//1858 1879//1879 1859//1859
f 1859//1859 1879//1879 1880//1880
f 1859//1859 1880//1880 1860//1860
f 1860//1860 1880//1880 1881//1881
f 1860//1860 1881//1881 1861//1861
f 1861//1861 1881//1881 1882//1882
f 1861//1861 1882//1882 1862//1862
f 1862//1862 1882//1882 1883//1883
f 1862//1862 1883//1883 1863//1863
f 1863//1863 1883//1883 1884//1884
f 1863//1863 1884//1884 1864//1864
f 1864//1864 1884//1884 1865//1865
f 1864//1864 1865//1865 1845//1845
f 1865//1865 1885//1885 1886//1886
f 1865//1865 1886//1886 1866//1866
f 1866//1866 1886//1886 1887//1887
f 1866//1866 1887//1887 1867//1867
f 1867//1867 1887//1887 1888//1888
f 1867//1867 1888//1888 1868//1868
f 1868//1868 1888//1888 1889//1889
f 1868//1868 1889//1889 1869//1869
f 1869//1869 1889//1889 1890//1890
f 1869//1869 1890//1890 1870//1870
f 1870//1870 1890//1890 1891//1891
f 1870//1870 1891//1891 1871//1871
f 1871//1871 1891//1891 1892//1892
f 1871//1871 1892//1892 1872//1872
f 1872//1872 1892//1892 1893//1893
f 1872//1872 1893//1893 1873//1873
f 1873//1873 1893//1893 1894//1894
f 1873//1873 1894//1894 1874//1874
f 1874//1874 1894//1894 1895//1895
f 1874//1874 1895//1895 1875//1875
f 1875//1875 1895//1895 1896//1896
f 1875//1875 1896//1896 1876//1876
f 1876//1876 1896//1896 1897//1897
f 1876//1876 1897//1897 1877//1877
f 1877//1877 1897//1897 1898//1898
f 1877//1877 1898//1898 1878//1878
f 1878//1878 1898//1898 1899//1899
f 1878//1878 1899//1899 1879//1879
f 1879//1879 1899//1899 1900//1900
f 1879//1879 1900//1900 1880//1880
f 1880//1880 1900//1900 1901//1901
f 1880//1880 1901//1901 1881//1881
f 1881//1881 1901//1901 1902//1902
f 1881//1881 1902//1902 1882//1882
f 1882//1882 1902//1902 1903//1903
f 1882//1882 1903//1903 1883//1883
f 1883//1883 1903//1903 1904//1904
f 1883//1883 1904//1904 1884//1884
f 1884//1884 1904//1904 1885//1885
f 1884//1884 1885//1885 1865//1865
f 1885//1885 1905//1905 1906//1906
f 1885//1885 1906//1906 1886//1886
f 1886//1886 1906//1906 1907//1907
f 1886//1886 1907//1907 1887//1887
f 1887//1887 1907//1907 1908//1908
f 1887//1887 1908//1908 1888//1888
f 1888//1888 1908//1908 1909//1909
f 1888//1888 1909//1909 1889//1889
f 1889//1889 1909//1909 1910//1910
f 1889//1889 1910//1910 1890//1890
f 1890//1890 1910//1910 1911//1911
f 1890//1890 1911//1911 1891//1891
f 1891//1891 1911//1911 1912//1912
f 1891//1891 1912//1912 1892//1892
f 1892//1892 1912//1912 1913//1913
f 1892//1892 1913//1913 1893//1893
f 1893//1893 1913//1913 1914//1914
f 1893//1893 1914//1914 1894//1894
f 1894//1894 1914//1914 1915//1915
f 1894//1894 1915//1915 1895//1895
f 1895//1895 1915//1915 1916//1916
f 1895//1895 1916//1916 1896//1896
f 1896//1896 1916//1916 1917//1917
f 1896//1896 1917//1917 1897//1897
f 1897//1897 1917//1917 1918//1918
f 1897//1897 1918//1918 1898//1898
f 1898//1898 1918//1918 1919//1919
f 1898//1898 1919//1919 1899//1899
f 1899//1899 1919//1919 1920//1920
f 1899//1899 1920//1920 1900//1900
f 1900//1900 1920//1920 1921//1921
f 1900//1900 1921//1921 1901//1901
f 1901//1901 1921//1921 1922//1922
f 1901//1901 1922//1922 1902//1902
f 1902//1902 1922//1922 1923//1923
f 1902//1902 1923//1923 1903//1903
f 1903//1903 1923//1923 1924//1924
f 1903//1903 1924//1924 1904//1904
f 1904//1904 1924//1924 1905//1905
f 1904//1904 1905//1905 1885//1885
f 1905//1905 1925//1925 1926//1926
f 1905//1905 1926//1926 1906//1906
f 1906//1906 1926//1926 1927//1927
f 1906//1906 1927//1927 1907//1907
f 1907//1907 1927//1927 1928//1928
f 1907//1907 1928//1928 1908//1908
f 1908//1908 1928//1928 1929//1929
f 1908//1908 1929//1929 1909//1909
f 1909//1909 1929//1929 1930//1930
f 1909//1909 1930//1930 1910//1910
f 1910//1910 1930//1930 1931//1931
f 1910//1910 1931//1931 1911//1911
f 1911//1911 1931//1931 1932//1932
f 1911//1911 1932//1932 1912//1912
f 1912//1912 1932//1932 1933//1933
f 1912//1912 1933//1933 1913//1913
f 1913//1913 1933//1933 1934//1934
f 1913//1913 1934//1934 1914//1914
f 1914//1914 1934//1934 1935//1935
f 1914//1914 1935//1935 1915//1915
f 1915//1915 1935//1935 1936//1936
f 1915//1915 1936//1936 1916//1916
f 1916//1916 1936//1936 1937//1937
f 1916//1916 1937//1937 1917//1917
f 1917//1917 1937//1937 1938//1938
f 1917//1917 1938//1938 1918//1918
f 1918//1918 1938//1938 1939//1939
f 1918//1918 1939//1939 1919//1919
f 1919//1919 1939//1939 1940//1940
f 1919//1919 1940//1940 1920//1920
f 1920//1920 1940//1940 1941//1941
f 1920//1920 1941//1941 1921//1921
f 1921//1921 1941//1941 1942//1942
f 1921//1921 1942//1942 1922//1922
f 1922//1922 1942//1942 1943//1943
f 1922//1922 1943//1943 1923//1923
f 1923//1923 1943//1943 1944//1944
f 1923//1923 1944//1944 1924//1924
f 1924//1924 1944//1944 1925//1925
f 1924//1924 1925//1925 1905//1905
f 1925//1925 1945//1945 1946//1946
f 1925//1925 1946//1946 1926//1926
f 1926//1926 1946//1946 1947//1947
f 1926//1926 1947//1947 1927//1927
f 1927//1927 1947//1947 1948//1948
f 1927//1927 1948//1948 1928//1928
f 1928//1928 1948//1948 1949//1949
f 1928//1928 1949//1949 1929//1929
f 1929//1929 1949//1949 1950//1950
f 1929//1929 1950//1950 1930//1930
f 1930//1930 1950//1950 1951//1951
f 1930//1930 1951//1951 1931//1931
f 1931//1931 1951//1951 1952//1952
f 1931//1931 1952//1952 1932//1932
f 1932//1932 1952//1952 1953//1953
f 1932//1932 1953//1953 1933//1933
f 1933//1933 1953//1953 1954//1954
f 1933//1933 1954//1954 1934//1934
f 1934//1934 1954//1954 1955//1955
f 1934//1934 1955//1955 1935//1935
f 1935//1935 1955//1955 1956//1956
f 1935//1935 1956//1956 1936//1936
f 1936//1936 1956//1956 1957//1957
f 1936//1936 1957//1957 1937//1937
f 1937//1937 1957//1957 1958//1958
f 1937//1937 1958//1958 1938//1938
f 1938//1938 1958//1958 1959//1959
f 1938//1938 1959//1959 1939//1939
f 1939//1939 1959//1959 1960//1960
f 1939//1939 1960//1960 1940//1940
f 1940//1940 1960//1960 1961//1961
f 1940//1940 1961//1961 1941//1941
f 1941//1941 1961//1961 1962//1962
f 1941//1941 1962//1962 1942//1942
f 1942//1942 1962//1962 1963//1963
f 1942//1942 1963//1963 1943//1943
f 1943//1943 1963//1963 1964//1964
f 1943//1943 1964//1964 1944//1944
f 1944//1944 1964//1964 1945//1945
f 1944//1944 1945//1945 1925//1925
f 1945//1945 1965//1965 1966//1966
f 1945//1945 1966//1966 1946//1946
f 1946//1946 1966//1966 1967//1967
f 1946//1946 1967//1967 1947//1947
f 1947//1947 1967//1967 1968//1968
f 1947//1947 1968//1968 1948//1948
f 1948//1948 1968//1968 1969//1969
f 1948//1948 1969//1969 1949//1949
f 1949//1949 1969//1969 1970//1970
f 1949//1949 1970//1970 1950//1950
f 1950//1950 1970//1970 1971//1971
f 1950//1950 1971//1971 1951//1951
f 1951//1951 1971//1971 1972//1972
f 1951//1951 1972//1972 1952//1952
f 1952//1952 1972//1972 1973//1973
f 1952//1952 1973//1973 1953//1953
f 1953//1953 1973//1973 1974//1974
f 1953//1953 1974//1974 1954//1954
f 1954//1954 1974//1974 1975//1975
f 1954//1954 1975//1975 1955//1955
f 1955//1955 1975//1975 1976//1976
f 1955//1955 1976//1976 1956//1956
f 1956//1956 1976//1976 1977//1977
f 1956//1956 1977//1977 1957//1957
f 1957//1957 1977//1977 1978//1978
f 1957//1957 1978//1978 1958//1958
f 1958//1958 1978//1978 1979//1979
f 1958//1958 1979//1979 1959//1959
f 1959//1959 1979//1979 1980//1980
f 1959//1959 1980//1980 1960//1960
f 1960//1960 1980//1980 1981//1981
f 1960//1960 1981//1981 1961//1961
f 1961//1961 1981//1981 1982//1982
f 1961//1961 1982//1982 1962//1962
f 1962//1962 1982//1982 1983//1983
f 1962//1962 1983//1983 1963//1963
f 1963//1963 1983//1983 1984//1984
f 1963//1963 1984//1984 1964//1964
f 1964//1964 1984//1984 1965//1965
f 1964//1964 1965//1965 1945//1945
f 1965//1965 1985//1985 1986//1986
f 1965//1965 1986//1986 1966//1966
f 1966//1966 1986//1986 1987//1987
f 1966//1966 1987//1987 1967//1967
f 1967//1967 1987//1987 1988//1988
f 1967//1967 1988//1988 1968//1968
f 1968//1968 1988//1988 1989//1989
f 1968//1968 1989//1989 1969//1969
f 1969//1969 1989//1989 1990//1990
f 1969//1969 1990//1990 1970//1970
f 1970//1970 1990//1990 1991//1991
f 1970//1970 1991//1991 1971//1971
f 1971//1971 1991//1991 1992//1992
f 1971//1971 1992//1992 1972//1972
f 1972//1972 1992//1992 1993//1993
f 1972//1972 1993//1993 1973//1973
f 1973//1973 1993//1993 1994//1994
f 1973//1973 1994//1994 1974//1974
f 1974//1974 1994//1994 1995//1995
f 1974//1974 1995//1995 1975//1975
f 1975//1975 1995//1995 1996//1996
f 1975//1975 1996//1996 1976//1976
f 1976//1976 1996//1996 1997//1997
f 1976//1976 1997//1997 1977//1977
f 1977//1977 1997//1997 1998//1998
f 1977//1977 1998//1998 1978//1978
f 1978//1978 1998//1998 1999//1999
f 1978//1978 1999//1999 1979//1979
f 1979//1979 1999//1999 2000//2000
f 1979//1979 2000//2000 1980//1980
f 1980//1980 2000//2000 2001//2001
f 1980//1980 2001//2001 1981//1981
f 1981//1981 2001//2001 2002//2002
f 1981//1981 2002//2002 1982//1982
f 1982//1982 2002//2002 2003//2003
f 1982//1982 2003//2003 1983//1983
f 1983//1983 2003//2003 2004//2004
f 1983//1983 2004//2004 1984//1984
f 1984//1984 2004//2004 1985//1985
f 1984//1984 1985//1985 1965//1965
f 1985//1985 2005//2005 2006//2006
f 1985//1985 2006//2006 1986//1986
f 1986//1986 2006//2006 2007//2007
f 1986//1986 2007//2007 1987//1987
f 1987//1987 2007//2007 2008//2008
f 1987//1987 2008//2008 1988//1988
f 1988//1988 2008//2008 2009//2009
f 1988//1988 2009//2009 1989//1989
f 1989//1989 2009//2009 2010//2010
f 1989//1989 2010//2010 1990//1990
f 1990//1990 2010//2010 2011//2011
f 1990//1990 2011//2011 1991//1991
f 1991//1991 2011//2011 2012//2012
f 1991//1991 2012//2012 1992//1992
f 1992//1992 2012//2012 2013//2013
f 1992//1992 2013//2013 1993//1993
f 1993//1993 2013//2013 2014//2014
f 1993//1993 2014//2014 1994//1994
f 1994//1994 2014//2014 2015//2015
f 1994//1994 2015//2015 1995//1995
f 1995//1995 2015//2015 2016//2016
f 1995//1995 2016//2016 1996//1996
f 1996//1996 2016//2016 2017//2017
f 1996//1996 2017//2017 1997//1997
f 1997//1997 2017//2017 2018//2018
f 1997//1997 2018//2018 1998//1998
f 1998//1998 2018//2018 2019//2019
f 1998//1998 2019//2019 1999//1999
f 1999//1999 2019//2019 2020//2020
f 1999//1999 2020//2020 2000//2000
f 2000//2000 2020//2020 2021//2021
f 2000//2000 2021//2021 2001//2001
f 2001//2001 2021//2021 2022//2022
f 2001//2001 2022//2022 2002//2002
f 2002//2002 2022//2022 2023//2023
f 2002//2002 2023//2023 2003//2003
f 2003//2003 2023//2023 2024//2024
f 2003//2003 2024//2024 2004//2004
f 2004//2004 2024//2024 2005//2005
f 2004//2004 2005//2005 1985//1985
f 2005//2005 2025//2025 2026//2026
f 2005//2005 2026//2026 2006//2006
f 2006//2006 2026//2026 2027//2027
f 2006//2006 2027//2027 2007//2007
f 2007//2007 2027//2027 2028//2028
f 2007//2007 2028//2028 2008//2008
f 2008//2008 2028//2028 2029//2029
f 2008//2008 2029//2029 2009//2009
f 2009//2009 2029//2029 2030//2030
f 2009//2009 2030//2030 2010//2010
f 2010//2010 2030//2030 2031//2031
f 2010//2010 2031//2031 2011//2011
f 2011//2011 2031//2031 2032//2032
f 2011//2011 2032//2032 2012//2012
f 2012//2012 2032//2032 2033//2033
f 2012//2012 2033//2033 2013//2013
f 2013//2013 2033//2033 2034//2034
f 2013//2013 2034//2034 2014//2014
f 2014//2014 2034//2034 2035//2035
f 2014//2014 2035//2035 2015//2015
f 2015//2015 2035//2035 2036//2036
f 2015//2015 2036//2036 2016//2016
f 2016//2016 2036//2036 2037//2037
f 2016//2016 2037//2037 2017//2017
f 2017//2017 2037//2037 2038//2038
f 2017//2017 2038//2038 2018//2018
f 2018//2018 2038//2038 2039//2039
f 2018//2018 2039//2039 2019//2019
f 2019//2019 2039//2039 2040//2040
f 2019//2019 2040//2040 2020//2020
f 2020//2020 2040//2040 2041//2041
f 2020//2020 2041//2041 2021//2021
f 2021//2021 2041//2041 2042//2042
f 2021//2021 2042//2042 2022//2022
f 2022//2022 2042//2042 2043//2043
f 2022//2022 2043//2043 2023//2023
f 2023//2023 2043//2043 2044//2044
f 2023//2023 2044//2044 2024//2024
f 2024//2024 2044//2044 2025//2025
f 2024//2024 2025//2025 2005//2005
f 1666//1668 2045//2045 1665//1665
f 1667//1670 2045//2045 1666//1668
f 1668//1672 2045//2045 1667//1670
f 1669//1674 2045//2045 1668//1672
f 1670//1676 2045//2045 1669//1674
f 1671//1678 2045//2045 1670//1676
f 1672//1680 2045//2045 1671//1678
f 1673//1682 2045//2045 1672//1680
f 1674//1684 2045//2045 1673//1682
f 1675//1686 2045//2045 1674//1684
f 1676//1688 2045//2045 1675//1686
f 1677//1690 2045//2045 1676//1688
f 1678//1692 2045//2045 1677//1690
f 1679//1694 2045//2045 1678//1692
f 1680//1696 2045//2045 1679//1694
f 1681//1698 2045//2045 1680//1696
f 1682//1700 2045//2045 1681//1698
f 1683//1702 2045//2045 1682//1700
f 1684//1704 2045//2045 1683//1702
f 1665//1665 2045//2045 1684//1704
f 2025//2025 2046//2046 2026//2026
f 2026//2026 2046//2046 2027//2027
f 2027//2027 2046//2046 2028//2028
f 2028//2028 2046//2046 2029//2029
f 2029//2029 2046//2046 2030//2030
f 2030//2030 2046//2046 2031//2031
f 2031//2031 2046//2046 2032//2032
f 2032//2032 2046//2046 2033//2033
f 2033//2033 2046//2046 2034//2034
f 2034//2034 2046//2046 2035//2035
f 2035//2035 2046//2046 2036//2036
f 2036//2036 2046//2046 2037//2037
f 2037//2037 2046//2046 2038//2038
f 2038//2038 2046//2046 2039//2039
f 2039//2039 2046//2046 2040//2040
f 2040//2040 2046//2046 2041//2041
f 2041//2041 2046//2046 2042//2042
f 2042//2042 2046//2046 2043//2043
f 2043//2043 2046//2046 2044//2044
f 2044//2044 2046//2046 2025//2025
f 2077//2047 2048//2048 2047//2049
f 2077//2047 2047//2049 2078//2050
f 2139//2051 2079//2052 2063//2053
f 2139//2051 2063//2053 2138//2054
f 2058//2055 2050//2056 2081//2057
f 2058//2055 2081//2057 2080//2058
f 2081//2057 2082//2059 2066//2060
f 2081//2057 2066//2060 2064//2061
f 2085//2062 2083//2063 2067//2064
f 2085//2062 2067//2064 2086//2065
f 2079//2052 2080//2058 2065//2066
f 2079//2052 2065//2066 2063//2053
f 2053//2067 2048//2048 2077//2047
f 2053//2067 2077//2047 2076//2068
f 2054//2069 2069//2069 2151//2070
f 2054//2069 2151//2070 2152//2071
f 2055//2072 2072//2073 2071//2074
f 2090//2075 2089//2075 2141//2076
f 2090//2075 2141//2076 2142//2076
f 2054//2069 2055//2072 2071//2074
f 2054//2069 2071//2074 2069//2069
f 2088//2077 2087//2077 2149//2078
f 2088//2077 2149//2078 2150//2078
f 2056//2079 2060//2080 2075//2080
f 2056//2079 2075//2080 2073//2079
f 2076//2068 2077//2047 2062//2081
f 2076//2068 2062//2081 2068//2082
f 2062//2081 2077//2047 2078//2050
f 2062//2081 2078//2050 2061//2083
f 2140//2084 2049//2085 2079//2052
f 2140//2084 2079//2052 2139//2051
f 2049//2085 2058//2055 2080//2058
f 2049//2085 2080//2058 2079//2052
f 2081//2057 2064//2061 2065//2066
f 2081//2057 2065//2066 2080//2058
f 2050//2056 2051//2086 2082//2059
f 2050//2056 2082//2059 2081//2057
f 2084//2087 2052//2088 2083//2063
f 2084//2087 2083//2063 2085//2062
f 2051//2086 2084//2087 2085//2062
f 2051//2086 2085//2062 2082//2059
f 2082//2059 2085//2062 2086//2065
f 2082//2059 2086//2065 2066//2060
f 2059//2089 2070//2089 2087//2077
f 2059//2089 2087//2077 2088//2077
f 2056//2079 2073//2079 2089//2075
f 2056//2079 2089//2075 2090//2075
f 2121//2090 2122//2091 2091//2092
f 2121//2090 2091//2092 2092//2093
f 2136//2094 2137//2095 2107//2096
f 2136//2094 2107//2096 2123//2097
f 2102//2098 2124//2099 2125//2100
f 2102//2098 2125//2100 2094//2101
f 2125//2100 2108//2102 2110//2103
f 2125//2100 2110//2103 2126//2104
f 2129//2105 2130//2106 2111//2107
f 2129//2105 2111//2107 2127//2108
f 2123//2097 2107//2096 2109//2109
f 2123//2097 2109//2109 2124//2099
f 2097//2110 2120//2111 2121//2090
f 2097//2110 2121//2090 2092//2093
f 2148//2112 2103//2113 2114//2113
f 2148//2112 2114//2113 2147//2112
f 2099//2114 2115//2115 2116//2116
f 2144//2117 2101//2118 2118//2119
f 2144//2117 2118//2119 2143//2117
f 2098//2120 2113//2121 2115//2115
f 2098//2120 2115//2115 2099//2114
f 2146//2122 2104//2123 2119//2123
f 2146//2122 2119//2123 2145//2122
f 2100//2124 2117//2125 2119//2123
f 2100//2124 2119//2123 2104//2123
f 2120//2111 2112//2126 2106//2127
f 2120//2111 2106//2127 2121//2090
f 2106//2127 2105//2128 2122//2091
f 2106//2127 2122//2091 2121//2090
f 2135//2129 2136//2094 2123//2097
f 2135//2129 2123//2097 2093//2130
f 2093//2130 2123//2097 2124//2099
f 2093//2130 2124//2099 2102//2098
f 2125//2100 2124//2099 2109//2109
f 2125//2100 2109//2109 2108//2102
f 2094//2101 2125//2100 2126//2104
f 2094//2101 2126//2104 2095//2131
f 2128//2132 2129//2105 2127//2108
f 2128//2132 2127//2108 2096//2133
f 2095//2131 2126//2104 2129//2105
f 2095//2131 2129//2105 2128//2132
f 2126//2104 2110//2103 2130//2106
f 2126//2104 2130//2106 2129//2105
f 2103//2113 2132//2134 2131//2135
f 2103//2113 2131//2135 2114//2113
f 2100//2124 2134//2136 2133//2136
f 2100//2124 2133//2136 2117//2125
f 2091//2092 2122//2091 2136//2094
f 2091//2092 2136//2094 2135//2129
f 2122//2091 2105//2128 2137//2095
f 2122//2091 2137//2095 2136//2094
f 2078//2050 2139//2051 2138//2054
f 2078//2050 2138//2054 2061//2083
f 2047//2049 2140//2084 2139//2051
f 2047//2049 2139//2051 2078//2050
f 2142//2076 2141//2076 2074//2137
f 2142//2076 2074//2137 2057//2137
f 2134//2136 2144//2117 2143//2117
f 2134//2136 2143//2117 2133//2136
f 2132//2134 2146//2122 2145//2122
f 2132//2134 2145//2122 2131//2135
f 2098//2120 2148//2112 2147//2112
f 2098//2120 2147//2112 2113//2121
f 2150//2078 2149//2078 2075//2080
f 2150//2078 2075//2080 2060//2080
f 2152//2071 2151//2070 2070//2089
f 2152//2071 2070//2089 2059//2089
f 2160//2138 2161//2139 2169//2140
f 2160//2138 2169//2140 2170//2141
f 2171//2142 2166//2143 2154//2144
f 2171//2142 2154//2144 2153//2145
f 2153//2145 2154//2144 2161//2139
f 2153//2145 2161//2139 2160//2138
f 2159//2146 2158//2147 2166//2143
f 2159//2146 2166//2143 2171//2142
f 2177//2148 2187//2149 2186//2150
f 2177//2148 2186//2150 2178//2151
f 2188//2152 2172//2153 2173//2154
f 2188//2152 2173//2154 2182//2155
f 2172//2153 2177//2148 2178//2151
f 2172//2153 2178//2151 2173//2154
f 2176//2156 2188//2152 2182//2155
f 2174//2157 2173//2154 2178//2151
f 2174//2157 2178//2151 2179//2158
f 2180//2159 2175//2160 2191//2161
f 2180//2159 2191//2161 2192//2162
f 2191//2161 2174//2157 2179//2158
f 2191//2161 2179//2158 2192//2162
f 2182//2155 2173//2154 2174//2157
f 2182//2155 2174//2157 2183//2163
f 2184//2164 2175//2160 2189//2165
f 2193//2166 2183//2163 2174//2157
f 2193//2166 2174//2157 2191//2161
f 2193//2166 2191//2161 2175//2160
f 2193//2166 2175//2160 2184//2164
f 2189//2165 2175//2160 2180//2159
f 2189//2165 2180//2159 2190//2167
f 2164//2168 2157//2169 2189//2165
f 2164//2168 2189//2165 2190//2167
f 2195//2170 2194//2171 2157//2169
f 2195//2170 2157//2169 2164//2168
f 2167//2172 2166//2143 2158//2147
f 2154//2144 2166//2143 2167//2172
f 2154//2144 2167//2172 2155//2173
f 2196//2174 2156//2175 2197//2176
f 2155//2173 2167//2172 2196//2174
f 2155//2173 2196//2174 2197//2176
f 2162//2177 2161//2139 2154//2144
f 2162//2177 2154//2144 2155//2173
f 2156//2175 2194//2171 2195//2170
f 2156//2175 2195//2170 2163//2178
f 2198//2179 2162//2177 2155//2173
f 2198//2179 2155//2173 2197//2176
f 2198//2179 2197//2176 2156//2175
f 2198//2179 2156//2175 2163//2178
f 2169//2140 2161//2139 2162//2177
f 2169//2140 2162//2177 2168//2180
f 2198//2179 2163//2178 2168//2180
f 2168//2180 2162//2177 2198//2179
f 2168//2180 2163//2178 2195//2170
f 2179//2158 2178//2151 2186//2150
f 2179//2158 2186//2150 2185//2181
f 2185//2181 2180//2159 2192//2162
f 2192//2162 2179//2158 2185//2181
f 2170//2141 2169//2140 2165//2182
f 2181//2183 2186//2150 2187//2149
f 2181//2183 2185//2181 2186//2150
