# Blender 4.0.2
# www.blender.org
o DocPart3_cap_mask
v 0.000241 0.134033 1.514209
v 0.000222 -0.006531 1.511534
v 0.000223 -0.013294 1.519328
v 0.000222 0.112294 1.671027
v 0.000225 -0.021738 1.549558
v 0.000223 0.100004 1.634021
v 0.000222 0.096575 1.576215
v 0.000222 0.109206 1.544651
v 0.000222 0.115899 1.533651
v 0.000278 0.143297 1.505203
v 0.000223 0.096852 1.622312
v 0.000222 0.116903 1.700173
v 0.000223 -0.019165 1.528496
v 0.075103 0.002201 1.656991
v 0.072882 0.005611 1.641152
v 0.072134 0.016412 1.635323
v 0.074160 0.012654 1.643898
v 0.056457 0.017791 1.531976
v 0.071564 0.025753 1.500190
v 0.078688 0.033541 1.505466
v 0.091849 0.047829 1.522682
v 0.092643 0.074741 1.531054
v 0.075097 0.106040 1.528444
v 0.060789 0.118085 1.524034
v 0.013659 0.132381 1.514443
v 0.073758 0.051000 1.536495
v 0.066175 0.035253 1.526563
v 0.061755 0.027365 1.523257
v 0.020752 -0.002377 1.513900
v 0.052925 0.011462 1.518841
v 0.019748 -0.006275 1.522748
v 0.051724 0.010622 1.529956
v 0.033477 -0.077000 1.740094
v 0.081881 0.018661 1.695662
v 0.056802 0.080110 1.663002
v 0.063669 0.066187 1.662467
v 0.036416 0.101895 1.665663
v 0.010997 0.111262 1.670047
v 0.057594 0.063230 1.627654
v 0.049053 0.076177 1.632349
v 0.037740 0.087522 1.631608
v 0.030252 0.092123 1.631427
v 0.007922 0.099320 1.633447
v 0.082050 0.053217 1.667471
v 0.018991 -0.016566 1.552805
v 0.047041 -0.044122 1.584195
v 0.051229 -0.031396 1.587554
v 0.056402 0.018871 1.583788
v 0.051863 0.010726 1.582324
v 0.046572 -0.064926 1.617758
v 0.031394 -0.027635 1.567723
v 0.061873 0.035038 1.536219
v 0.059418 0.026519 1.533983
v 0.059815 0.027286 1.586026
v 0.059463 0.049305 1.569302
v 0.056121 0.068843 1.573187
v 0.044846 0.086388 1.575885
v 0.036613 0.091988 1.576396
v 0.008562 0.097328 1.576284
v 0.066668 0.051664 1.543024
v 0.063690 0.070396 1.547074
v 0.052221 0.089751 1.548114
v 0.043211 0.097592 1.547249
v 0.010527 0.109784 1.545384
v 0.071482 0.071497 1.541446
v 0.057374 0.092946 1.539920
v 0.047128 0.101369 1.537620
v 0.011467 0.115944 1.534577
v 0.039571 -0.072981 1.740168
v 0.094363 0.059802 1.528138
v 0.073972 0.060615 1.539759
v 0.066314 0.060798 1.545353
v 0.058420 0.058976 1.571204
v 0.054460 0.068625 1.631617
v 0.060699 0.072642 1.662834
v 0.086154 0.090897 1.531387
v 0.065777 0.082704 1.541709
v 0.059454 0.080416 1.548268
v 0.051743 0.078493 1.574817
v 0.043819 0.082261 1.632238
v 0.051650 0.087863 1.663276
v 0.043928 -0.029785 1.578772
v 0.104836 0.059549 1.521902
v 0.101182 0.046340 1.515645
v 0.096910 0.094940 1.525600
v 0.084757 0.112313 1.522744
v 0.103022 0.076549 1.525338
v 0.068386 0.125696 1.517682
v 0.014708 0.141096 1.505314
v 0.057940 0.019032 1.521074
v 0.071439 0.022218 1.632365
v 0.051399 0.070964 1.621004
v 0.063465 0.048161 1.628059
v 0.043042 0.081167 1.623260
v 0.047441 0.076456 1.623231
v 0.030602 0.089777 1.620313
v 0.037861 0.085334 1.621269
v 0.007558 0.096552 1.621735
v 0.063808 0.041413 1.624715
v 0.064799 0.013371 1.611274
v 0.075717 0.001005 1.665717
v 0.081762 0.023387 1.698704
v 0.077626 0.009537 1.667501
v 0.077943 0.009545 1.676839
v 0.073998 0.017660 1.637891
v 0.078290 0.013398 1.668395
v 0.073360 0.021711 1.634062
v 0.078165 0.041736 1.639248
v 0.081779 0.049096 1.652146
v 0.083730 0.048480 1.651080
v 0.083649 0.022483 1.698797
v 0.085566 0.021711 1.697910
v 0.083865 0.018049 1.694588
v 0.078773 0.013737 1.674756
v 0.074768 0.015459 1.644472
v 0.076146 0.042372 1.639557
v 0.077006 0.007312 1.686014
v 0.079822 0.013546 1.687065
v 0.081327 0.014676 1.685303
v 0.067211 0.066704 1.680161
v 0.065108 0.072616 1.682765
v 0.012730 0.115828 1.699080
v 0.076746 0.009955 1.658421
v 0.077525 0.013756 1.659599
v 0.078119 0.028943 1.636651
v 0.073131 0.030427 1.632474
v 0.069775 0.031063 1.631901
v 0.063564 0.035348 1.622148
v 0.050767 -0.043608 1.593221
v 0.055821 -0.032186 1.596704
v 0.050018 0.009841 1.540913
v 0.018709 -0.009345 1.532982
v 0.039238 0.001329 1.515930
v 0.036274 0.001665 1.527268
v 0.033999 0.000489 1.538318
v 0.042784 -0.009289 1.578323
v 0.060441 0.039666 1.567530
v 0.064710 0.043302 1.539528
v 0.070790 0.042705 1.531475
v 0.086175 0.039592 1.514011
v 0.094559 0.037711 1.506338
v 0.011081 -0.005198 1.512562
v 0.010908 -0.010995 1.520731
v 0.011148 -0.015924 1.530133
v 0.010675 -0.020242 1.550372
v 0.083485 0.017510 1.683222
v 0.081611 0.017959 1.678326
v 0.080685 0.023166 1.660420
v 0.080089 0.044050 1.642538
v 0.078224 0.044871 1.643438
v 0.075424 0.044995 1.645831
v 0.086281 0.019317 1.691816
v 0.087361 0.022051 1.694544
v 0.081461 0.039242 1.641701
v 0.082869 0.041245 1.644794
v 0.085666 0.045537 1.651594
v 0.075959 0.029695 1.634016
v 0.080216 0.040625 1.639898
v 0.082160 0.042804 1.642953
v 0.085259 0.047120 1.650841
v 0.086821 0.021499 1.696358
v 0.085437 0.018425 1.693307
v 0.082622 0.016042 1.684041
v 0.079266 0.016795 1.673762
v 0.078557 0.017326 1.668046
v 0.088731 0.049307 1.660521
v 0.088450 0.051374 1.661271
v 0.087354 0.053065 1.662526
v 0.085453 0.053860 1.664332
v 0.084487 0.038923 1.664157
v 0.087153 0.039730 1.663270
v 0.077507 0.028010 1.671226
v 0.074008 0.028053 1.668320
v 0.083050 0.037998 1.659574
v 0.085471 0.038825 1.657095
v 0.084010 0.029015 1.679596
v 0.081291 0.019779 1.677501
v 0.080077 0.026158 1.660110
v 0.078248 0.017076 1.660072
v 0.079844 0.021469 1.656320
v 0.076808 0.020367 1.641651
v 0.075541 0.021524 1.636050
v 0.077251 0.022323 1.638338
v 0.075505 0.018626 1.639797
v 0.079384 0.024618 1.655223
v 0.076774 0.019743 1.646217
v 0.075570 0.017350 1.645338
v 0.077653 0.022542 1.646680
v 0.077194 0.025803 1.654166
v 0.081602 0.033754 1.652574
v 0.082013 0.034943 1.650620
v 0.078431 0.025099 1.647268
v 0.077675 0.022834 1.643449
v 0.078438 0.025874 1.644900
v 0.078023 0.024138 1.641124
v 0.081651 0.032058 1.650710
v 0.078681 0.028142 1.640123
v 0.079582 0.027467 1.647997
v 0.077814 0.027770 1.659998
v 0.079354 0.024877 1.672080
v 0.060563 0.063745 1.646267
v 0.056873 0.068939 1.643001
v 0.051448 0.077156 1.642397
v 0.045972 0.084235 1.642225
v 0.039388 0.090612 1.642039
v 0.031563 0.095786 1.642454
v 0.008727 0.102998 1.645044
v 0.000222 0.103605 1.645746
v 0.073387 0.042768 1.642198
v 0.056068 -0.045881 1.614151
v 0.050426 -0.056292 1.612189
v 0.046693 -0.061739 1.610027
v 0.061224 -0.034589 1.616852
v 0.071217 0.008308 1.631633
v 0.065005 0.003057 1.607713
v 0.060150 -0.019894 1.600810
v 0.063107 -0.008003 1.604527
v 0.060249 0.005418 1.598827
v 0.058140 -0.005530 1.595691
v 0.055197 -0.017923 1.591893
v 0.046927 0.001474 1.580886
v 0.055906 0.016242 1.542306
v 0.058939 0.024941 1.544090
v 0.060092 0.033683 1.546217
v 0.061302 0.042590 1.548374
v 0.062332 0.051384 1.550907
v 0.061638 0.060498 1.553023
v 0.060048 0.070066 1.554932
v 0.056338 0.079876 1.556434
v 0.049332 0.088633 1.556957
v 0.040604 0.095471 1.556897
v 0.009569 0.104819 1.555776
v 0.000222 0.104312 1.555349
v 0.052273 -0.002601 1.588142
v 0.048654 -0.014896 1.584591
v 0.055357 0.007974 1.590643
v 0.057584 0.017301 1.593290
v 0.060843 0.015394 1.602188
v 0.063107 0.022111 1.615098
v 0.038048 -0.019854 1.573775
v 0.031576 -0.004659 1.559838
v 0.046125 0.007281 1.562262
v 0.057832 0.021853 1.564485
v 0.052811 0.014072 1.563156
v 0.060363 0.030628 1.566090
v 0.038700 0.001531 1.561310
v 0.025595 -0.010917 1.556536
v 0.028211 -0.002166 1.525103
v 0.026268 -0.004062 1.535804
v 0.044575 0.005786 1.528284
v 0.042038 0.005404 1.539936
v 0.062575 0.029369 1.618437
v 0.062242 0.032379 1.608776
v 0.062989 0.039281 1.612356
v 0.061703 0.051404 1.617315
v 0.041462 0.083642 1.598042
v 0.033452 0.089416 1.598093
v 0.007657 0.094823 1.597999
v 0.000223 0.094408 1.598403
v 0.048520 0.075930 1.597204
v 0.061539 0.036632 1.588584
v 0.053754 0.066663 1.595748
v 0.057976 0.056640 1.594365
v 0.060945 0.046442 1.591840
v 0.062865 0.044630 1.614861
v 0.076870 0.003348 1.707422
v 0.077929 0.014066 1.711881
v 0.078784 0.049269 1.655152
v 0.076510 0.003637 1.696367
v 0.087496 0.038709 1.671836
v 0.084486 0.037032 1.672133
v 0.077696 0.009848 1.696541
v 0.078218 0.017528 1.699001
v 0.081992 0.039052 1.665773
v 0.080554 0.038797 1.661395
v 0.080520 0.033175 1.653537
v 0.082245 0.019806 1.683766
v 0.084508 0.021964 1.690558
v 0.085196 0.024590 1.692849
v 0.084744 0.043874 1.653050
v 0.082387 0.040176 1.646842
v 0.081756 0.036517 1.672721
v 0.085453 0.040522 1.656049
v 0.082414 0.037755 1.650900
v 0.085614 0.028745 1.685183
v 0.083351 0.025126 1.681880
v 0.088679 0.040979 1.662801
v 0.078273 0.022043 1.701086
v 0.066524 0.051744 1.648036
v 0.060965 0.056631 1.626889
v 0.070632 0.055108 1.660703
v 0.072884 0.056626 1.673636
v 0.059743 0.057205 1.617991
v 0.055756 0.064379 1.618666
v 0.060212 0.025985 1.595840
v 0.062037 0.035048 1.599135
v 0.062345 0.044673 1.604758
v 0.059591 0.055449 1.608191
v 0.054176 0.065450 1.608049
v 0.000222 0.100063 1.565739
v 0.008940 0.100692 1.565936
v 0.038424 0.093541 1.566568
v 0.046958 0.087567 1.566191
v 0.054007 0.079422 1.565232
v 0.058033 0.069655 1.563770
v 0.059653 0.059879 1.561624
v 0.060295 0.050527 1.559456
v 0.060256 0.041338 1.557662
v 0.060182 0.032107 1.556035
v 0.058595 0.023170 1.554351
v 0.054613 0.015319 1.553056
v 0.047857 0.009143 1.552040
v 0.040074 0.004158 1.551009
v 0.032325 -0.000721 1.549228
v 0.025532 -0.006235 1.546471
v 0.018370 -0.012104 1.543390
v 0.010786 -0.017636 1.540359
v 0.000223 -0.020201 1.539182
v 0.000223 0.095752 1.610158
v 0.007401 0.095647 1.609817
v 0.032018 0.089046 1.609609
v 0.040667 0.083154 1.611047
v 0.048266 0.074785 1.610537
v 0.005820 -0.081643 1.749140
v 0.000224 -0.081859 1.749418
v 0.073858 0.056637 1.679733
v 0.084552 0.042550 1.654627
v 0.079584 0.022401 1.672405
v 0.079504 0.019687 1.672940
v 0.078566 0.022780 1.676456
v 0.076534 0.026735 1.675082
v 0.079162 0.021881 1.667957
v 0.078864 0.024483 1.668396
v 0.077250 0.026742 1.668543
v 0.046359 0.077533 1.616937
v 0.043568 0.080554 1.617011
v 0.011793 -0.080973 1.748678
v 0.023113 -0.079084 1.746264
v 0.027622 -0.077850 1.744937
v 0.077676 0.010604 1.702701
v 0.078139 0.017925 1.705215
v -0.085731 0.039585 1.514012
v -0.091403 0.047828 1.522682
v -0.073315 0.050998 1.536496
v -0.070347 0.042705 1.531475
v -0.071037 0.071497 1.541446
v -0.092197 0.074741 1.531054
v -0.085710 0.090897 1.531388
v -0.065333 0.082704 1.541709
v -0.093918 0.059802 1.528138
v -0.073528 0.060614 1.539760
v -0.074653 0.106040 1.528444
v -0.060344 0.118085 1.524034
v -0.046683 0.101369 1.537620
v -0.056930 0.092946 1.539920
v -0.013216 0.132381 1.514443
v -0.011023 0.115944 1.534577
v -0.066226 0.051664 1.543024
v -0.064267 0.043300 1.539529
v -0.061707 0.079535 1.684687
v -0.044196 0.095593 1.664129
v -0.038944 0.090613 1.642039
v -0.031119 0.095786 1.642454
v -0.010553 0.111260 1.670046
v -0.008283 0.102999 1.645044
v -0.012286 0.115828 1.699079
v -0.056357 0.080110 1.663004
v -0.051004 0.077158 1.642397
v -0.045528 0.084236 1.642225
v -0.051207 0.087863 1.663277
v -0.046002 -0.064729 1.617832
v -0.046108 -0.061548 1.610117
v -0.049802 -0.056117 1.612288
v -0.045421 -0.053139 1.591200
v -0.061194 0.060498 1.553023
v -0.059197 0.059876 1.561631
v -0.059852 0.050526 1.559454
v -0.061887 0.051383 1.550909
v -0.055894 0.079876 1.556434
v -0.053564 0.079422 1.565232
v -0.057589 0.069655 1.563783
v -0.059603 0.070066 1.554932
v -0.040159 0.095471 1.556897
v -0.037979 0.093541 1.566568
v -0.046515 0.087567 1.566191
v -0.048887 0.088633 1.556957
v -0.008496 0.100692 1.565936
v -0.009125 0.104819 1.555776
v -0.065872 0.060798 1.545353
v -0.063246 0.070396 1.547074
v -0.059011 0.080416 1.548268
v -0.051776 0.089751 1.548114
v -0.042768 0.097592 1.547249
v -0.010082 0.109785 1.545384
v -0.060255 0.072642 1.662834
v -0.056428 0.068939 1.643001
v -0.064664 0.072616 1.682766
v -0.039127 -0.072981 1.740167
v -0.096466 0.094940 1.525600
v -0.084312 0.112313 1.522744
v -0.102576 0.076549 1.525338
v -0.104393 0.059549 1.521903
v -0.067941 0.125696 1.517682
v -0.014265 0.141096 1.505314
v -0.100736 0.046340 1.515645
v -0.078243 0.033537 1.505466
v -0.071120 0.025758 1.500190
v -0.094115 0.037711 1.506338
v -0.050158 -0.043535 1.593280
v -0.055410 -0.045740 1.614250
v -0.046536 -0.044168 1.584155
v -0.043467 -0.029823 1.578777
v -0.050798 -0.031344 1.587613
v -0.046998 0.076456 1.623231
v -0.042598 0.081167 1.623260
v -0.043375 0.082262 1.632238
v -0.048608 0.076177 1.632349
v -0.037416 0.085335 1.621269
v -0.030159 0.089777 1.620314
v -0.029806 0.092122 1.631428
v -0.037296 0.087522 1.631608
v -0.007113 0.096552 1.621735
v -0.007477 0.099322 1.633447
v -0.050954 0.070964 1.621004
v -0.054017 0.068625 1.631617
v -0.033032 -0.077000 1.740094
v -0.081336 0.049096 1.652146
v -0.083286 0.048480 1.651079
v -0.079644 0.044051 1.642536
v -0.077779 0.044871 1.643438
v -0.083204 0.022483 1.698797
v -0.085121 0.021711 1.697909
v -0.081317 0.023389 1.698688
v -0.080884 0.014675 1.685302
v -0.083420 0.018049 1.694591
v -0.081436 0.018661 1.695662
v -0.079378 0.013546 1.687065
v -0.077498 0.009544 1.676840
v -0.077184 0.009537 1.667501
v -0.077847 0.013397 1.668395
v -0.078331 0.013737 1.674756
v -0.075702 0.042372 1.639559
v -0.077720 0.041735 1.639253
v -0.072686 0.030427 1.632474
v -0.069330 0.031063 1.631902
v -0.087326 0.055792 1.675933
v -0.089531 0.054799 1.673932
v -0.086909 0.053065 1.662528
v -0.085008 0.053860 1.664332
v -0.057487 0.019020 1.521070
v -0.061306 0.027365 1.523261
v -0.052475 0.011450 1.518839
v -0.055213 -0.032117 1.596784
v -0.059823 0.041331 1.557660
v -0.060855 0.042586 1.548375
v -0.065732 0.035251 1.526567
v -0.061421 0.035031 1.536224
v -0.058992 0.026465 1.533987
v -0.055966 0.017746 1.531970
v -0.051263 0.010613 1.529948
v -0.075273 0.001003 1.665716
v -0.071689 0.016412 1.635323
v -0.073555 0.017660 1.637891
v -0.074327 0.015459 1.644472
v -0.073724 0.012653 1.643898
v -0.070995 0.022218 1.632365
v -0.072916 0.021711 1.634062
v -0.076320 0.009954 1.658421
v -0.077080 0.013756 1.659601
v -0.074702 0.002199 1.656991
v -0.072433 0.005611 1.641158
v -0.038784 0.001319 1.515932
v -0.033587 0.000417 1.538295
v -0.035861 0.001578 1.527251
v -0.044091 0.005824 1.528281
v -0.041557 0.005388 1.539942
v -0.066766 0.066704 1.680164
v -0.063225 0.066188 1.662466
v -0.060118 0.063745 1.646268
v -0.081605 0.053217 1.667468
v -0.010630 -0.005277 1.512573
v -0.010459 -0.011026 1.520734
v -0.010705 -0.015910 1.530132
v -0.020305 -0.002447 1.513909
v -0.018264 -0.009361 1.532980
v -0.019289 -0.006251 1.522753
v -0.027790 -0.002233 1.525101
v -0.025827 -0.004083 1.535801
v -0.010344 -0.017620 1.540355
v -0.017922 -0.012086 1.543392
v -0.035137 -0.037518 1.569521
v -0.030967 -0.027653 1.567695
v -0.083041 0.017510 1.683222
v -0.082177 0.016042 1.684040
v -0.078821 0.016795 1.673762
v -0.081166 0.017959 1.678326
v -0.084993 0.018425 1.693308
v -0.085837 0.019317 1.691813
v -0.086917 0.022051 1.694542
v -0.086377 0.021499 1.696358
v -0.077674 0.028943 1.636650
v -0.075514 0.029695 1.634015
v -0.079773 0.040625 1.639901
v -0.081018 0.039242 1.641703
v -0.081717 0.042804 1.642955
v -0.082424 0.041245 1.644797
v -0.084815 0.047120 1.650839
v -0.085222 0.045537 1.651593
v -0.088286 0.049307 1.660520
v -0.088006 0.051374 1.661271
v -0.090592 0.052882 1.672061
v -0.090290 0.051354 1.671873
v -0.078112 0.017326 1.668045
v -0.080110 0.038797 1.661390
v -0.082605 0.037998 1.659574
v -0.084044 0.038923 1.664156
v -0.081548 0.039052 1.665766
v -0.085027 0.038825 1.657096
v -0.086709 0.039730 1.663270
v -0.086952 0.047117 1.659800
v -0.084301 0.043874 1.653051
v -0.077805 0.017076 1.660073
v -0.075096 0.021524 1.636050
v -0.076807 0.022323 1.638337
v -0.075060 0.018626 1.639797
v -0.076364 0.020367 1.641651
v -0.088266 0.049745 1.670811
v -0.087051 0.038709 1.671836
v -0.084042 0.037032 1.672133
v -0.079633 0.026158 1.660111
v -0.080240 0.023166 1.660421
v -0.079401 0.021469 1.656321
v -0.078939 0.024618 1.655223
v -0.076329 0.019743 1.646215
v -0.075126 0.017350 1.645338
v -0.077210 0.022542 1.646677
v -0.081944 0.040176 1.646842
v -0.081158 0.033754 1.652577
v -0.081568 0.034943 1.650623
v -0.076749 0.025803 1.654163
v -0.077986 0.025099 1.647265
v -0.077230 0.022834 1.643444
v -0.077993 0.025874 1.644895
v -0.077579 0.024138 1.641120
v -0.081207 0.032058 1.650718
v -0.078237 0.028142 1.640120
v -0.080075 0.033175 1.653541
v -0.079137 0.027467 1.647994
v -0.073565 0.028053 1.668317
v -0.077369 0.027770 1.659998
v -0.057150 0.063230 1.627654
v -0.074979 0.044995 1.645832
v -0.072942 0.042768 1.642199
v -0.060550 -0.034498 1.616905
v -0.070770 0.008308 1.631636
v -0.064551 0.003059 1.607714
v -0.064354 0.013371 1.611274
v -0.059571 -0.019862 1.600850
v -0.062602 -0.007994 1.604537
v -0.057695 -0.005523 1.595699
v -0.059804 0.005418 1.598827
v -0.054746 -0.017894 1.591923
v -0.055371 0.016204 1.542295
v -0.058521 0.024845 1.544091
v -0.059644 0.033653 1.546218
v -0.049550 0.009799 1.540902
v -0.046485 0.001477 1.580889
v -0.051838 -0.002592 1.588153
v -0.048247 -0.014861 1.584634
v -0.042350 -0.009280 1.578333
v -0.051396 0.010734 1.582335
v -0.054894 0.007976 1.590655
v -0.057098 0.017304 1.593312
v -0.060396 0.015394 1.602189
v -0.062664 0.022111 1.615098
v -0.037597 -0.019862 1.573765
v -0.010235 -0.020235 1.550378
v -0.025075 -0.006208 1.546475
v -0.031809 -0.000725 1.549224
v -0.039535 0.004123 1.551043
v -0.058127 0.023128 1.554354
v -0.054095 0.015318 1.553050
v -0.059735 0.032082 1.556030
v -0.047392 0.009091 1.552032
v -0.059907 0.030624 1.566086
v -0.059349 0.027289 1.586039
v -0.055871 0.018897 1.583825
v -0.057354 0.021848 1.564485
v -0.052368 0.014065 1.563137
v -0.045684 0.007251 1.562240
v -0.018551 -0.016576 1.552807
v -0.038162 0.001526 1.561333
v -0.031074 -0.004693 1.559845
v -0.025142 -0.010946 1.556537
v -0.062131 0.029369 1.618437
v -0.061797 0.032379 1.608776
v -0.063120 0.035348 1.622147
v -0.062544 0.039281 1.612356
v -0.041018 0.083642 1.598041
v -0.033007 0.089416 1.598092
v -0.031573 0.089046 1.609609
v -0.040223 0.083153 1.611047
v -0.007212 0.094821 1.597999
v -0.006958 0.095647 1.609817
v -0.036170 0.091988 1.576396
v -0.044401 0.086388 1.575885
v -0.008117 0.097328 1.576284
v -0.059991 0.039666 1.567525
v -0.061087 0.036631 1.588585
v -0.051298 0.078493 1.574817
v -0.048075 0.075928 1.597203
v -0.053311 0.066663 1.595751
v -0.055678 0.068847 1.573201
v -0.057542 0.056638 1.594369
v -0.057960 0.058976 1.571209
v -0.060500 0.046435 1.591843
v -0.059013 0.049308 1.569299
v -0.076426 0.003348 1.707423
v -0.077484 0.014066 1.711881
v -0.062421 0.044630 1.614861
v -0.063364 0.041413 1.624714
v -0.063020 0.048161 1.628057
v -0.061258 0.051402 1.617314
v -0.078341 0.049270 1.655152
v -0.076557 0.007312 1.686013
v -0.076066 0.003637 1.696367
v -0.086817 0.031950 1.680636
v -0.083565 0.029015 1.679595
v -0.077252 0.009848 1.696541
v -0.077775 0.017527 1.699002
v -0.077064 0.028010 1.671221
v -0.081801 0.019806 1.683766
v -0.084065 0.021964 1.690557
v -0.082906 0.025126 1.681880
v -0.085169 0.028745 1.685184
v -0.080847 0.019779 1.677503
v -0.084751 0.024590 1.692846
v -0.089124 0.047194 1.670902
v -0.086449 0.045328 1.660866
v -0.084107 0.042550 1.654627
v -0.081312 0.036517 1.672718
v -0.088789 0.040099 1.671531
v -0.091256 0.044686 1.671005
v -0.090044 0.040497 1.684155
v -0.088315 0.034913 1.681472
v -0.088234 0.040979 1.662801
v -0.088028 0.043717 1.662223
v -0.085008 0.040522 1.656050
v -0.084828 0.031823 1.686725
v -0.081970 0.037755 1.650899
v -0.077829 0.022044 1.701084
v -0.077232 0.010604 1.702702
v -0.060520 0.056629 1.626888
v -0.066081 0.051744 1.648037
v -0.070188 0.055108 1.660704
v -0.072440 0.056626 1.673637
v -0.059299 0.057205 1.617991
v -0.055312 0.064379 1.618666
v -0.059751 0.025989 1.595851
v -0.061594 0.035049 1.599138
v -0.061899 0.044673 1.604767
v -0.059147 0.055446 1.608195
v -0.053731 0.065451 1.608049
v -0.077694 0.017925 1.705216
v -0.047823 0.074785 1.610536
v -0.031816 -0.072554 1.750591
v -0.005375 -0.081643 1.749138
v -0.073413 0.056636 1.679736
v -0.045915 0.077533 1.616937
v -0.043123 0.080554 1.617010
v -0.078419 0.024483 1.668394
v -0.079139 0.022401 1.672402
v -0.079061 0.019687 1.672937
v -0.078718 0.021881 1.667954
v -0.076807 0.026742 1.668541
v -0.078909 0.024877 1.672077
v -0.078122 0.022780 1.676457
v -0.076089 0.026735 1.675082
v -0.022668 -0.079085 1.746264
v -0.027177 -0.077849 1.744937
v -0.011349 -0.080972 1.748677
v -0.078685 0.025427 1.650824
v -0.078080 0.023541 1.651243
v -0.077746 0.020662 1.651764
v -0.076495 0.017080 1.652086
v -0.075662 0.014248 1.651470
v -0.075022 0.010991 1.650575
v -0.073627 0.004062 1.648446
v 0.074058 0.004063 1.648446
v 0.075448 0.010992 1.650575
v 0.076107 0.014248 1.651470
v 0.076939 0.017080 1.652087
v 0.078190 0.020662 1.651765
v 0.078525 0.023541 1.651245
v 0.079130 0.025427 1.650826
v 0.048791 -0.053197 1.600932
v 0.053906 -0.043929 1.603364
v 0.059021 -0.032974 1.606689
v 0.063372 -0.021447 1.610498
v 0.066428 -0.010333 1.614185
v 0.068197 0.000413 1.617499
v 0.068217 0.011130 1.621192
v 0.067188 0.019221 1.624613
v 0.066316 0.024818 1.626633
v 0.065614 0.030473 1.629079
v 0.065980 0.038236 1.632805
v 0.066628 0.042909 1.637884
v -0.048177 -0.053052 1.601040
v -0.053257 -0.043816 1.603468
v -0.058351 -0.032900 1.606765
v -0.062726 -0.021408 1.610558
v -0.065871 -0.010314 1.614212
v -0.067736 0.000417 1.617503
v -0.067773 0.011130 1.621192
v -0.066744 0.019221 1.624613
v -0.065871 0.024818 1.626633
v -0.065170 0.030473 1.629079
v -0.065536 0.038236 1.632805
v -0.066184 0.042909 1.637883
v 0.060648 0.024277 1.605505
v -0.060204 0.024277 1.605505
v 0.061778 0.056777 1.634189
v -0.061334 0.056777 1.634189
v 0.080740 0.029392 1.649341
v 0.079499 0.033436 1.641784
v 0.079316 0.034454 1.638739
v 0.077881 0.035619 1.636229
v 0.075403 0.036814 1.634909
v 0.072803 0.037108 1.634963
v -0.072360 0.037108 1.634962
v -0.074958 0.036814 1.634908
v -0.077437 0.035619 1.636229
v -0.078871 0.034454 1.638738
v -0.079055 0.033436 1.641782
v -0.080296 0.029392 1.649343
v 0.070139 0.037070 1.635510
v -0.069696 0.037070 1.635509
v 0.071364 0.039828 1.638510
v 0.074206 0.039518 1.636747
v 0.076773 0.039260 1.636858
v 0.078928 0.038180 1.637878
v 0.080259 0.037085 1.640150
v 0.080319 0.036254 1.643374
v -0.079875 0.036254 1.643377
v -0.079814 0.037085 1.640155
v -0.078485 0.038180 1.637880
v -0.076328 0.039260 1.636860
v -0.073762 0.039518 1.636747
v -0.070921 0.039828 1.638509
v 0.065195 0.050808 1.642128
v 0.059604 0.063230 1.640737
v -0.064751 0.050808 1.642128
v -0.059159 0.063230 1.640737
v 0.058568 0.063003 1.633731
v -0.058125 0.063003 1.633731
v -0.083770 0.059955 1.533956
v -0.082298 0.049227 1.529615
v -0.077873 0.041069 1.522588
v -0.071611 0.034601 1.515882
v -0.065508 0.027170 1.511601
v -0.060620 0.018937 1.508748
v -0.054978 0.011349 1.506775
v -0.040671 0.000556 1.504479
v -0.022222 -0.003241 1.503630
v -0.011487 -0.002143 1.503168
v 0.000216 -0.001284 1.502986
v 0.011948 -0.001953 1.503159
v 0.022670 -0.003057 1.503616
v 0.041116 0.000592 1.504479
v 0.055423 0.011365 1.506774
v 0.061065 0.018946 1.508748
v 0.065952 0.027174 1.511601
v 0.072056 0.034603 1.515882
v 0.078318 0.041069 1.522587
v 0.082743 0.049227 1.529615
v 0.084214 0.059955 1.533956
v 0.082302 0.072638 1.536293
v 0.075804 0.086526 1.536477
v 0.065758 0.099237 1.533851
v 0.053593 0.109442 1.530417
v 0.012597 0.123981 1.523836
v 0.000230 0.124901 1.523267
v -0.012152 0.123979 1.523836
v -0.053148 0.109442 1.530417
v -0.065313 0.099237 1.533851
v -0.075360 0.086526 1.536477
v -0.081857 0.072638 1.536294
v 0.017499 -0.080241 1.747492
v 0.032560 0.109330 1.695454
v 0.028297 0.106150 1.667190
v 0.023680 0.099473 1.643572
v 0.022461 0.095566 1.631964
v 0.022754 0.093108 1.620412
v 0.023797 0.092648 1.609216
v 0.024827 0.093270 1.598273
v 0.027307 0.095824 1.576705
v 0.028766 0.097904 1.566668
v 0.030601 0.100743 1.556719
v 0.032884 0.104034 1.546604
v 0.035764 0.108524 1.536313
v 0.040255 0.117122 1.527903
v 0.045301 0.126447 1.520583
v 0.050337 0.134790 1.512681
v -0.017055 -0.080242 1.747492
v -0.027854 0.106150 1.667189
v -0.023235 0.099471 1.643572
v -0.022017 0.095565 1.631965
v -0.022310 0.093109 1.620412
v -0.023354 0.092648 1.609216
v -0.024383 0.093268 1.598272
v -0.026862 0.095824 1.576705
v -0.028322 0.097904 1.566667
v -0.030158 0.100743 1.556719
v -0.032440 0.104035 1.546604
v -0.035320 0.108524 1.536313
v -0.039811 0.117123 1.527903
v -0.044858 0.126447 1.520583
v -0.049893 0.134790 1.512681
v 0.011910 -0.028799 1.557085
v 0.000225 -0.029766 1.556781
v -0.011473 -0.028795 1.557076
v -0.020468 -0.024718 1.559614
v -0.027449 -0.018855 1.563767
v -0.033253 -0.011938 1.568243
v -0.038702 -0.003189 1.571010
v -0.044891 0.004956 1.571813
v -0.050998 0.012764 1.572888
v -0.056427 0.020596 1.574225
v -0.059662 0.028939 1.576113
v -0.060595 0.038010 1.577916
v -0.059401 0.047769 1.580036
v -0.057254 0.057859 1.582092
v -0.054011 0.067859 1.583752
v -0.049262 0.077230 1.585158
v -0.042486 0.084917 1.586296
v -0.034467 0.090462 1.586911
v -0.025502 0.094165 1.587282
v -0.007686 0.095054 1.586659
v 0.000222 0.094426 1.587059
v 0.008131 0.095054 1.586659
v 0.025947 0.094165 1.587282
v 0.034912 0.090464 1.586911
v 0.042931 0.084917 1.586297
v 0.049706 0.077230 1.585159
v 0.054452 0.067857 1.583744
v 0.057698 0.057857 1.582091
v 0.059850 0.047771 1.580039
v 0.061050 0.038008 1.577917
v 0.060138 0.028932 1.576107
v 0.056919 0.020585 1.574216
v 0.051429 0.012768 1.572895
v 0.045327 0.004965 1.571825
v 0.039165 -0.003194 1.571005
v 0.033707 -0.011899 1.568242
v 0.027892 -0.018837 1.563781
v 0.020904 -0.024701 1.559624
v 0.078422 0.012052 1.690486
v 0.079413 0.018826 1.695881
v 0.079484 0.023507 1.698188
v 0.078885 0.054232 1.677419
v 0.077333 0.053667 1.670698
v 0.074865 0.050998 1.658525
v 0.071198 0.046659 1.647744
v 0.068714 0.044815 1.643654
v -0.077978 0.012052 1.690486
v -0.078970 0.018826 1.695881
v -0.079041 0.023510 1.698173
v -0.078443 0.054233 1.677414
v -0.076890 0.053668 1.670693
v -0.074421 0.050999 1.658523
v -0.070755 0.046659 1.647744
v -0.068270 0.044815 1.643653
v 0.070067 0.027069 1.631015
v 0.072800 0.026481 1.632404
v 0.075651 0.025725 1.634296
v 0.077573 0.025364 1.636749
v 0.078281 0.025883 1.639525
v -0.069624 0.027069 1.631016
v -0.072356 0.026481 1.632404
v -0.075206 0.025725 1.634295
v -0.077128 0.025364 1.636748
v -0.077837 0.025883 1.639521
v 0.080935 0.016008 1.679312
v 0.078340 0.025797 1.670802
v 0.075898 0.028490 1.669987
v -0.080491 0.016007 1.679312
v -0.077897 0.025797 1.670801
v -0.075453 0.028490 1.669983
v 0.079581 0.023817 1.674524
v 0.077374 0.027495 1.673024
v -0.079137 0.023817 1.674525
v -0.076931 0.027495 1.673021
v 0.081546 0.032805 1.648808
v 0.080749 0.030606 1.647250
v -0.081101 0.032805 1.648816
v -0.080306 0.030606 1.647249
v 0.081497 0.036115 1.648906
v 0.080645 0.034554 1.646564
v 0.079975 0.032062 1.644671
v 0.078594 0.026866 1.642730
v -0.081052 0.036115 1.648907
v -0.080201 0.034554 1.646568
v -0.079530 0.032062 1.644667
v -0.078150 0.026866 1.642726
v 0.081189 0.038160 1.644455
v -0.080744 0.038160 1.644456
v -0.087197 0.042828 1.660236
v -0.085735 0.044376 1.658607
v -0.086105 0.046108 1.657431
v -0.087231 0.047971 1.657364
v -0.087007 0.049747 1.657241
v -0.085658 0.051451 1.657919
v -0.083673 0.052233 1.659552
v -0.080702 0.051930 1.662500
v -0.076192 0.052490 1.664182
v -0.071253 0.056234 1.667001
v -0.064815 0.067065 1.671056
v -0.062324 0.073241 1.672588
v -0.058923 0.080480 1.673408
v -0.054081 0.088427 1.674360
v -0.030240 0.108345 1.680723
v -0.011522 0.114315 1.683897
v 0.000222 0.115424 1.685184
v 0.011966 0.114317 1.683898
v 0.030682 0.108344 1.680724
v 0.059367 0.080481 1.673406
v 0.062768 0.073240 1.672587
v 0.065259 0.067063 1.671056
v 0.071698 0.056234 1.667000
v 0.076634 0.052490 1.664186
v 0.081148 0.051930 1.662503
v 0.084117 0.052233 1.659548
v 0.086102 0.051452 1.657914
v 0.087450 0.049747 1.657237
v 0.087675 0.047971 1.657364
v 0.086550 0.046108 1.657432
v 0.086180 0.044376 1.658604
v 0.087642 0.042828 1.660230
v 0.065687 0.034536 1.630652
v 0.069393 0.034473 1.633517
v 0.071482 0.034397 1.633397
v 0.074124 0.034017 1.633441
v 0.076945 0.033083 1.634992
v 0.078733 0.031840 1.637529
v 0.079092 0.030807 1.640893
v 0.079278 0.029566 1.643601
v -0.065243 0.034536 1.630652
v -0.068948 0.034473 1.633516
v -0.071038 0.034397 1.633398
v -0.073679 0.034017 1.633441
v -0.076501 0.033083 1.634992
v -0.078289 0.031840 1.637528
v -0.078649 0.030807 1.640891
v -0.078835 0.029566 1.643594
v 0.083050 0.036489 1.652641
v -0.082605 0.036489 1.652643
v 0.079456 0.028459 1.645930
v -0.079011 0.028459 1.645926
v 0.079305 0.026676 1.650517
v -0.078860 0.026676 1.650521
v 0.080102 0.029084 1.651409
v -0.079659 0.029084 1.651411
v 0.081271 0.031593 1.651762
v -0.080827 0.031593 1.651772
v 0.078605 0.033368 1.654260
v -0.078160 0.033368 1.654256
v 0.071390 0.030503 1.665035
v -0.070946 0.030503 1.665030
v 0.077503 0.027018 1.652573
v 0.076181 0.027052 1.656434
v -0.077059 0.027018 1.652567
v -0.075738 0.027052 1.656424
v 0.078591 0.029257 1.652642
v 0.076805 0.028492 1.652765
v -0.078147 0.029257 1.652641
v -0.076360 0.028492 1.652765
v -0.082821 0.041746 1.650076
v -0.083833 0.043525 1.648328
v -0.083364 0.044869 1.647047
v -0.081749 0.046219 1.646738
v -0.079673 0.046954 1.647710
v -0.076765 0.047063 1.650321
v -0.072999 0.049043 1.652847
v -0.068418 0.053398 1.654586
v -0.061573 0.065068 1.654117
v -0.058121 0.071361 1.653266
v -0.053634 0.078864 1.652749
v -0.048172 0.086306 1.652655
v -0.041287 0.093262 1.652866
v -0.033210 0.099073 1.653767
v -0.025475 0.102961 1.655155
v -0.009446 0.107034 1.657167
v 0.000222 0.107878 1.657974
v 0.009891 0.107035 1.657168
v 0.025918 0.102959 1.655156
v 0.033654 0.099072 1.653768
v 0.041730 0.093261 1.652866
v 0.048615 0.086306 1.652655
v 0.054078 0.078863 1.652747
v 0.058566 0.071361 1.653266
v 0.062017 0.065068 1.654117
v 0.068862 0.053398 1.654585
v 0.073442 0.049043 1.652846
v 0.077208 0.047063 1.650321
v 0.080117 0.046954 1.647710
v 0.082194 0.046219 1.646740
v 0.083807 0.044869 1.647050
v 0.084277 0.043525 1.648329
v 0.083266 0.041746 1.650078
v 0.081941 0.038756 1.649640
v 0.081004 0.037002 1.647534
v -0.081497 0.038756 1.649639
v -0.080560 0.037002 1.647533
v 0.083803 0.042456 1.649623
v 0.085210 0.044436 1.652553
v 0.087162 0.046858 1.657528
v 0.088208 0.048076 1.660177
v 0.086581 0.023122 1.693339
v 0.085687 0.020442 1.690720
v 0.083179 0.018798 1.682953
v -0.083359 0.042456 1.649620
v -0.084765 0.044436 1.652553
v -0.086717 0.046858 1.657528
v -0.087763 0.048076 1.660176
v -0.089729 0.050636 1.671325
v -0.086137 0.023122 1.693337
v -0.085242 0.020442 1.690719
v -0.082736 0.018798 1.682953
v 0.082989 0.053929 1.672179
v 0.088952 0.040623 1.666073
v 0.087379 0.039629 1.666872
v 0.084885 0.038625 1.667742
v 0.082106 0.038458 1.668932
v -0.082544 0.053930 1.672175
v -0.086118 0.055118 1.669446
v -0.088181 0.054444 1.667550
v -0.089225 0.052662 1.665996
v -0.089244 0.050333 1.664440
v -0.088346 0.049000 1.663886
v -0.087576 0.048159 1.663708
v -0.087565 0.045925 1.663977
v -0.089416 0.044266 1.664808
v -0.088507 0.040623 1.666072
v -0.086936 0.039629 1.666871
v -0.084440 0.038625 1.667741
v -0.081661 0.038458 1.668927
v 0.083090 0.040472 1.651762
v 0.083931 0.039138 1.653437
v 0.084338 0.037863 1.654744
v 0.082437 0.037039 1.657491
v 0.080207 0.037846 1.658855
v -0.082646 0.040472 1.651757
v -0.083487 0.039138 1.653436
v -0.083893 0.037863 1.654744
v -0.081992 0.037039 1.657492
v -0.079762 0.037846 1.658856
v 0.081501 0.032792 1.676216
v 0.084083 0.033466 1.676456
v 0.075063 0.055759 1.686577
v 0.069757 0.064431 1.689937
v -0.069313 0.064430 1.689940
v -0.074618 0.055757 1.686582
v -0.087453 0.049920 1.678566
v -0.088080 0.047491 1.678071
v -0.091714 0.043905 1.677043
v -0.089288 0.038033 1.677102
v -0.086799 0.035937 1.676319
v -0.083638 0.033466 1.676456
v -0.081057 0.032792 1.676215
v 0.086634 0.041963 1.658250
v 0.085391 0.043840 1.656616
v 0.085741 0.045109 1.655399
v 0.086283 0.045795 1.655130
v 0.086720 0.046862 1.654549
v 0.086379 0.048615 1.654084
v 0.084975 0.050115 1.654591
v 0.083011 0.050796 1.655978
v 0.080143 0.050829 1.659118
v -0.086189 0.041963 1.658255
v -0.084946 0.043840 1.656619
v -0.085298 0.045109 1.655402
v -0.085838 0.045795 1.655130
v -0.086277 0.046861 1.654548
v -0.085936 0.048615 1.654085
v -0.084530 0.050114 1.654593
v -0.082566 0.050796 1.655978
v -0.079699 0.050829 1.659116
v 0.087244 0.040634 1.659405
v 0.086428 0.039440 1.660223
v -0.086801 0.040634 1.659406
v -0.085984 0.039440 1.660224
v -0.088803 0.042474 1.663077
v -0.089581 0.042317 1.665366
v -0.090559 0.042370 1.670852
v -0.091139 0.041019 1.676848
v -0.089588 0.037721 1.683163
v -0.086688 0.034617 1.687818
v -0.086765 0.027598 1.695375
v -0.088133 0.026347 1.696435
v -0.087898 0.026085 1.698838
v -0.086493 0.026956 1.700681
v -0.084352 0.028124 1.701325
v -0.081963 0.029160 1.700637
v -0.079750 0.029334 1.699611
v -0.077950 0.028821 1.702121
v -0.077646 0.023645 1.713826
v 0.078393 0.028820 1.702122
v 0.080193 0.029331 1.699628
v 0.082407 0.029159 1.700643
v 0.084795 0.028124 1.701325
v 0.086936 0.026957 1.700679
v 0.088343 0.026085 1.698838
v 0.088577 0.026346 1.696428
v 0.087210 0.027598 1.695368
v 0.082052 0.039673 1.647983
v 0.081042 0.037835 1.645787
v -0.081607 0.039673 1.647983
v -0.080598 0.037835 1.645786
v 0.080081 0.013992 1.680459
v -0.079638 0.013992 1.680457
v 0.080765 0.020586 1.678596
v -0.080320 0.020586 1.678598
v 0.081427 0.028490 1.679057
v 0.080976 0.024930 1.680585
v 0.081970 0.019694 1.681275
v -0.080982 0.028490 1.679056
v -0.080532 0.024930 1.680586
v -0.081525 0.019694 1.681280
v 0.077550 0.038394 1.664131
v 0.078525 0.038393 1.668359
v 0.078401 0.032230 1.675788
v -0.077107 0.038394 1.664132
v -0.078081 0.038393 1.668357
v -0.077957 0.032230 1.675788
v 0.073044 0.031933 1.668160
v 0.074728 0.031438 1.669815
v -0.072599 0.031933 1.668159
v -0.074283 0.031438 1.669816
v 0.082000 0.035671 1.655082
v 0.080169 0.035717 1.656160
v 0.078035 0.036374 1.657006
v -0.081556 0.035671 1.655086
v -0.079725 0.035717 1.656164
v -0.077590 0.036374 1.657010
v 0.083828 0.038639 1.661756
v 0.081365 0.039118 1.663583
v 0.077919 0.038546 1.666430
v -0.083385 0.038639 1.661756
v -0.080920 0.039118 1.663578
v -0.077475 0.038546 1.666431
v 0.078853 0.037627 1.670444
v -0.078408 0.037627 1.670443
v 0.075583 0.031901 1.671567
v 0.075638 0.031362 1.674031
v -0.075140 0.031901 1.671567
v -0.075193 0.031362 1.674030
v 0.078763 0.035611 1.673245
v -0.078320 0.035611 1.673244
v 0.076106 0.035927 1.671001
v 0.074976 0.036281 1.669231
v 0.074160 0.036288 1.667181
v 0.075856 0.033728 1.654577
v -0.075661 0.035927 1.671001
v -0.074532 0.036281 1.669232
v -0.073716 0.036288 1.667182
v -0.075412 0.033728 1.654579
v 0.073727 0.036413 1.663806
v -0.073282 0.036413 1.663808
v 0.077755 0.037936 1.660918
v -0.077312 0.037936 1.660920
v 0.078329 0.028381 1.677854
v 0.078959 0.023137 1.679027
v -0.077884 0.028381 1.677854
v -0.078516 0.023137 1.679028
v 0.076362 0.034501 1.672897
v -0.075917 0.034501 1.672898
v 0.081173 0.020781 1.681406
v -0.080730 0.020781 1.681406
v 0.083403 0.025712 1.688846
v 0.082812 0.022676 1.683538
v 0.081732 0.022907 1.681703
v -0.082594 0.027446 1.690998
v -0.082958 0.025712 1.688847
v -0.082367 0.022676 1.683539
v -0.081288 0.022907 1.681703
v 0.075674 0.036522 1.659102
v -0.075229 0.036522 1.659107
v 0.079098 0.031255 1.653415
v 0.077482 0.030976 1.653317
v -0.078653 0.031255 1.653415
v -0.077037 0.030976 1.653319
v 0.071831 0.033677 1.657000
v 0.072574 0.034930 1.661122
v -0.071386 0.033677 1.657004
v -0.072129 0.034930 1.661126
v 0.078154 0.013713 1.697340
v 0.078990 0.015161 1.693052
v 0.080890 0.015796 1.691512
v 0.082613 0.016094 1.690340
v 0.084168 0.016737 1.689270
v 0.085117 0.018164 1.688273
v 0.084522 0.019200 1.687814
v 0.083303 0.020494 1.687989
v 0.083479 0.023634 1.686516
v 0.085268 0.026529 1.683525
v 0.085969 0.030228 1.679716
v 0.085520 0.034662 1.676162
v 0.085818 0.037236 1.671839
v 0.086102 0.038995 1.667382
v 0.085938 0.039249 1.663628
v 0.085290 0.038899 1.660849
v 0.084504 0.038183 1.658309
v 0.083674 0.037120 1.656126
v 0.082897 0.035907 1.653926
v 0.081961 0.034236 1.651814
v -0.077709 0.013713 1.697341
v -0.078547 0.015161 1.693053
v -0.080445 0.015796 1.691512
v -0.082170 0.016094 1.690342
v -0.083724 0.016737 1.689270
v -0.084672 0.018164 1.688274
v -0.084077 0.019200 1.687814
v -0.082860 0.020494 1.687990
v -0.083035 0.023634 1.686517
v -0.084823 0.026529 1.683525
v -0.085525 0.030228 1.679717
v -0.085075 0.034662 1.676162
v -0.085374 0.037236 1.671840
v -0.085659 0.038995 1.667382
v -0.085494 0.039249 1.663628
v -0.084846 0.038899 1.660849
v -0.084059 0.038183 1.658309
v -0.083231 0.037120 1.656127
v -0.082453 0.035907 1.653927
v -0.081517 0.034236 1.651823
v 0.080273 0.023238 1.664421
v 0.079543 0.026080 1.664939
v 0.077660 0.027830 1.665025
v -0.079828 0.023238 1.664421
v -0.079099 0.026080 1.664939
v -0.077215 0.027830 1.665022
v 0.079616 0.020064 1.661778
v 0.079452 0.020273 1.664606
v -0.079171 0.020064 1.661779
v -0.079009 0.020273 1.664606
v 0.079031 0.011895 1.682366
v -0.078588 0.011895 1.682367
v 0.064160 0.049765 1.635465
v -0.063716 0.049765 1.635464
v 0.078262 0.026388 1.707364
v 0.071966 0.059674 1.687416
v 0.069905 0.060691 1.678086
v 0.068083 0.060922 1.669421
v 0.066715 0.060065 1.662009
v 0.065070 0.058983 1.654684
v 0.063602 0.057948 1.647409
v 0.062566 0.057275 1.641011
v -0.077817 0.026387 1.707365
v -0.071521 0.059672 1.687419
v -0.069461 0.060690 1.678088
v -0.067638 0.060922 1.669421
v -0.066271 0.060065 1.662009
v -0.064625 0.058983 1.654685
v -0.063159 0.057948 1.647410
v -0.062122 0.057275 1.641011
v 0.078016 0.013351 1.700842
v 0.078135 0.016102 1.701722
v -0.077571 0.013351 1.700843
v -0.077690 0.016102 1.701723
v 0.075820 0.028336 1.664601
v 0.073645 0.028359 1.662731
v 0.073089 0.030977 1.653987
v -0.075376 0.028336 1.664595
v -0.073200 0.028359 1.662727
v -0.072645 0.030977 1.653992
v 0.076648 0.027513 1.658435
v -0.076204 0.027513 1.658437
v 0.071764 0.027588 1.657380
v 0.069446 0.030889 1.660694
v -0.071321 0.027588 1.657381
v -0.069001 0.030889 1.660696
v 0.079366 0.027594 1.651026
v 0.077996 0.028155 1.652367
v -0.078921 0.027594 1.651028
v -0.077552 0.028155 1.652364
v 0.032835 -0.003533 1.504219
v 0.030438 -0.001876 1.515206
v -0.032392 -0.003623 1.504221
v -0.029991 -0.001935 1.515210
v 0.048410 0.005308 1.505262
v 0.046515 0.005655 1.517056
v -0.047966 0.005287 1.505262
v -0.046056 0.005662 1.517060
v -0.022239 0.113336 1.697555
v -0.020953 0.111956 1.682465
v -0.019103 0.109189 1.668559
v -0.017392 0.105495 1.656244
v -0.015877 0.101650 1.644386
v -0.014585 0.097821 1.632647
v -0.014616 0.095331 1.621197
v -0.014980 0.094791 1.609382
v -0.015834 0.094919 1.598153
v -0.016294 0.095721 1.587007
v -0.017084 0.097716 1.576430
v -0.018012 0.100389 1.566441
v -0.019313 0.104040 1.556441
v -0.021097 0.108419 1.546207
v -0.023095 0.113852 1.535662
v -0.025763 0.122062 1.525733
v -0.028909 0.130692 1.517012
v -0.031795 0.139254 1.508208
v 0.022682 0.113336 1.697557
v 0.021396 0.111958 1.682466
v 0.019546 0.109192 1.668561
v 0.017835 0.105495 1.656245
v 0.016321 0.101650 1.644387
v 0.015028 0.097820 1.632646
v 0.015059 0.095330 1.621197
v 0.015424 0.094791 1.609382
v 0.016279 0.094919 1.598154
v 0.016737 0.095721 1.587007
v 0.017528 0.097716 1.576430
v 0.018456 0.100389 1.566441
v 0.019757 0.104040 1.556441
v 0.021541 0.108417 1.546206
v 0.023539 0.113855 1.535662
v 0.026207 0.122062 1.525733
v 0.029353 0.130692 1.517012
v 0.032239 0.139254 1.508208
v 0.108483 0.098048 1.519138
v 0.114515 0.077270 1.519326
v 0.115776 0.058352 1.515178
v 0.110525 0.044366 1.508398
v -0.110080 0.044368 1.508398
v -0.115331 0.058352 1.515178
v -0.114070 0.077270 1.519326
v -0.108038 0.098048 1.519138
v -0.094549 0.118938 1.515700
v -0.076268 0.135261 1.508949
v 0.076713 0.135261 1.508949
v 0.094994 0.118938 1.515700
v -0.000732 0.102904 1.521249
v 0.015804 0.101198 1.521324
v 0.026842 0.113627 1.543952
v 0.001010 0.116171 1.542875
v 0.000454 0.131773 1.524228
v 0.035079 0.129953 1.526582
v 0.075090 0.081696 1.544200
v 0.092389 0.096651 1.533352
v 0.041855 0.085065 1.515467
v 0.045021 0.074920 1.508403
v 0.046381 0.065148 1.501657
v 0.083103 0.041309 1.526963
v 0.085794 0.061752 1.539620
v 0.107930 0.041237 1.518680
v 0.111330 0.072774 1.530423
v 0.000235 0.149600 1.501153
v 0.153922 0.119483 1.517551
v 0.040006 0.147804 1.506524
v 0.161886 0.077896 1.518949
v 0.203033 0.081965 1.500687
v 0.157222 0.036634 1.508993
v -0.021495 0.100474 1.521397
v -0.028926 0.114039 1.542628
v -0.031366 0.128950 1.527919
v -0.073822 0.088900 1.544408
v -0.091197 0.102766 1.535112
v -0.038273 0.082800 1.515621
v -0.042088 0.072004 1.509697
v -0.041835 0.063680 1.502975
v -0.083926 0.036600 1.522429
v -0.085692 0.064103 1.540261
v -0.111722 0.035651 1.514157
v -0.115935 0.069679 1.531348
v -0.124468 0.121034 1.521254
v -0.182963 0.128700 1.505235
v -0.034596 0.147012 1.505723
v -0.169109 0.074069 1.518417
v -0.198627 0.077784 1.503460
v -0.160762 0.039792 1.510384
v -0.052928 0.103519 1.543996
v -0.030897 0.092664 1.518128
v -0.062376 0.120830 1.531322
v -0.072426 0.140798 1.513167
v 0.054163 0.100286 1.544499
v 0.031385 0.094841 1.519039
v 0.068951 0.114552 1.532268
v 0.079071 0.141244 1.512412
v -0.080650 0.038858 1.520839
v -0.082090 0.064812 1.537960
v -0.070796 0.088350 1.542164
v -0.051108 0.102590 1.541900
v -0.028385 0.112894 1.540814
v 0.000865 0.115026 1.541008
v 0.026029 0.112559 1.542018
v 0.052372 0.099790 1.542358
v 0.072432 0.081958 1.541886
v 0.082514 0.062944 1.537255
v 0.080503 0.043634 1.524872
v -0.084651 0.069161 1.531412
v -0.072261 0.092122 1.535269
v -0.052535 0.106437 1.535482
v -0.029806 0.117089 1.535103
v 0.000676 0.119535 1.535410
v 0.026694 0.116886 1.536229
v 0.053693 0.104206 1.536143
v 0.075094 0.087064 1.536108
v 0.085391 0.067770 1.530517
v 0.083416 0.047712 1.517841
v -0.083174 0.043225 1.514290
v -0.002344 -0.092034 1.551498
v -0.002144 -0.073720 1.540049
v -0.002498 -0.100584 1.569995
v -0.001467 -0.109629 1.600942
v -0.011570 -0.091248 1.553887
v -0.022085 -0.086593 1.557406
v -0.029956 -0.081094 1.562802
v -0.037933 -0.069528 1.571956
v -0.044350 -0.059235 1.579646
v -0.050642 -0.049841 1.586597
v -0.053541 -0.034888 1.580967
v -0.047473 -0.042342 1.570656
v -0.038374 -0.050778 1.559718
v -0.031000 -0.059068 1.550838
v -0.021893 -0.066507 1.544843
v -0.011684 -0.071664 1.541202
v -0.042839 -0.072483 1.593379
v -0.034957 -0.083534 1.587161
v -0.028271 -0.092617 1.581178
v -0.021340 -0.099280 1.575454
v -0.008764 -0.109169 1.601445
v -0.015126 -0.107097 1.602036
v -0.025688 -0.097805 1.604451
v 0.000224 0.107216 1.753766
v -0.023550 0.102755 1.752465
v -0.035918 0.097096 1.750705
v -0.053380 0.084003 1.745671
v -0.062421 0.073435 1.741470
v -0.077714 0.038429 1.722711
v -0.079095 0.024148 1.714301
v -0.077406 0.005383 1.701995
v 0.000532 0.107949 1.753857
v -0.036378 0.097735 1.750798
v -0.063327 0.073870 1.741461
v -0.070384 0.062537 1.736299
v -0.079941 0.024136 1.714163
v -0.078178 0.005302 1.701726
v -0.078666 0.011587 1.692157
v -0.080423 0.030290 1.704250
v -0.079138 0.044141 1.712330
v -0.064081 0.078665 1.731111
v -0.054964 0.088964 1.735556
v -0.037055 0.102235 1.740712
v -0.024448 0.107856 1.742522
v 0.000526 0.112073 1.744367
v -0.018486 0.096093 1.602426
v -0.034351 0.089865 1.602305
v -0.043232 0.083568 1.602144
v -0.055568 0.068454 1.601055
v -0.061104 0.054162 1.600594
v -0.064673 0.037062 1.599116
v -0.065036 0.022239 1.598221
v -0.065628 0.004482 1.597849
v -0.063112 -0.024962 1.600622
v -0.062466 -0.032038 1.605219
v -0.060967 -0.046956 1.616477
v -0.077996 0.011819 1.692503
v -0.079517 0.030330 1.704318
v -0.070087 0.067330 1.725782
v -0.063138 0.078171 1.731018
v -0.036588 0.101554 1.740631
v 0.000222 0.111263 1.744259
v -0.018316 0.095573 1.602531
v -0.034042 0.089436 1.602418
v -0.042764 0.083231 1.602260
v -0.055071 0.068191 1.601187
v -0.060574 0.054074 1.600758
v -0.064133 0.037025 1.599428
v -0.064510 0.022233 1.598439
v -0.064730 0.004590 1.597965
v -0.062819 -0.024684 1.600834
v -0.062209 -0.031980 1.605321
v -0.061216 -0.041246 1.611814
v -0.060521 -0.046940 1.616884
v -0.063315 0.022313 1.585961
v -0.061316 0.001789 1.585186
v -0.054408 -0.001273 1.573580
v -0.045571 -0.005157 1.560725
v -0.036229 -0.011182 1.547943
v -0.028197 -0.015576 1.539639
v -0.021224 -0.018570 1.534544
v -0.011620 -0.021249 1.530880
v -0.002047 -0.022085 1.529865
v -0.018568 0.097756 1.590025
v -0.034551 0.091640 1.589916
v -0.043519 0.085359 1.589710
v -0.055723 0.069898 1.589262
v -0.060601 0.055085 1.588810
v -0.064059 0.036984 1.587263
v -0.062494 0.022369 1.586187
v -0.060301 0.002204 1.585618
v -0.053762 -0.001223 1.573999
v -0.044912 -0.005088 1.561315
v -0.035762 -0.011087 1.548446
v -0.027773 -0.015470 1.540155
v -0.020948 -0.018447 1.535064
v -0.011398 -0.021097 1.531258
v -0.002233 -0.021739 1.530434
v -0.018409 0.097162 1.590087
v -0.034220 0.091210 1.589992
v -0.043045 0.085046 1.589787
v -0.055233 0.069642 1.589349
v -0.060010 0.054950 1.588962
v -0.063382 0.037005 1.587452
v -0.062551 -0.036441 1.607906
v -0.062952 -0.036547 1.607852
v -0.050282 -0.061360 1.599173
v -0.011806 -0.100418 1.571200
v -0.029397 -0.038863 1.545567
v -0.021010 -0.042384 1.541207
v -0.011575 -0.045558 1.538531
v -0.001565 -0.046123 1.536621
v -0.064267 -0.009747 1.599153
v -0.064774 -0.009759 1.598834
v -0.054135 -0.019804 1.576133
v -0.045620 -0.026251 1.564023
v -0.037665 -0.032679 1.553837
v 0.008684 -0.090513 1.552943
v 0.019222 -0.085982 1.556805
v 0.029876 -0.078326 1.562794
v 0.037775 -0.067894 1.572549
v 0.043524 -0.057865 1.580151
v 0.051038 -0.048004 1.588315
v 0.053608 -0.035069 1.582889
v 0.045770 -0.042092 1.571002
v 0.039124 -0.048601 1.562684
v 0.031434 -0.058420 1.553038
v 0.021953 -0.065240 1.546034
v 0.008680 -0.071917 1.540827
v 0.047875 -0.065276 1.600094
v 0.040414 -0.076377 1.597214
v 0.034763 -0.085677 1.594719
v 0.027768 -0.095907 1.592206
v 0.018175 -0.100628 1.576662
v 0.007778 -0.109408 1.601628
v 0.016876 -0.106733 1.602318
v 0.026099 -0.097541 1.604508
v 0.032720 -0.088745 1.606753
v 0.039626 -0.080226 1.608389
v 0.047041 -0.071022 1.610047
v 0.025208 0.102259 1.752235
v 0.036597 0.097094 1.750626
v 0.048478 0.088850 1.747639
v 0.063238 0.073444 1.741334
v 0.072078 0.058050 1.734422
v 0.075743 0.048176 1.728579
v 0.079749 0.024164 1.714255
v 0.077803 0.005387 1.702007
v 0.025604 0.102928 1.752358
v 0.037120 0.097677 1.750678
v 0.049128 0.089339 1.747700
v 0.063855 0.073784 1.741422
v 0.072918 0.058282 1.734359
v 0.076620 0.048279 1.728538
v 0.080615 0.024162 1.714063
v 0.078701 0.005383 1.701703
v 0.079217 0.011668 1.692114
v 0.081043 0.030315 1.704180
v 0.076989 0.053621 1.718160
v 0.073380 0.063692 1.723891
v 0.064580 0.078598 1.731065
v 0.050129 0.093656 1.737495
v 0.037800 0.102195 1.740589
v 0.026119 0.107165 1.742618
v 0.018951 0.096127 1.602376
v 0.047720 0.081355 1.601215
v 0.058173 0.066084 1.600898
v 0.062170 0.054475 1.600761
v 0.065531 0.038625 1.599186
v 0.066211 0.022340 1.598203
v 0.066174 0.006145 1.597887
v 0.064510 -0.019043 1.600511
v 0.062807 -0.031540 1.605029
v 0.062002 -0.037922 1.608486
v 0.061272 -0.047804 1.615694
v 0.078397 0.011867 1.692517
v 0.080133 0.030331 1.704297
v 0.076062 0.053522 1.718257
v 0.072485 0.063422 1.723879
v 0.063932 0.078185 1.730947
v 0.049462 0.093100 1.737399
v 0.037279 0.101547 1.740516
v 0.025722 0.106436 1.742533
v 0.018795 0.095600 1.602494
v 0.047318 0.080919 1.601289
v 0.057607 0.065788 1.600993
v 0.061549 0.054306 1.600960
v 0.064924 0.038582 1.599424
v 0.065533 0.022340 1.598448
v 0.065496 0.006183 1.598168
v 0.064121 -0.018973 1.600733
v 0.062472 -0.031482 1.605191
v 0.061633 -0.037624 1.608631
v 0.060799 -0.047452 1.616119
v 0.063808 0.022062 1.586422
v 0.062535 0.003755 1.584592
v 0.055943 0.000817 1.573266
v 0.046302 -0.003665 1.561110
v 0.036113 -0.009285 1.549838
v 0.027484 -0.013841 1.543111
v 0.020173 -0.017356 1.538528
v 0.013213 -0.019968 1.534449
v 0.006460 -0.021387 1.531639
v 0.019011 0.097765 1.590018
v 0.047993 0.082982 1.588961
v 0.058391 0.067600 1.588592
v 0.061656 0.055911 1.588730
v 0.064092 0.039724 1.587702
v 0.063160 0.022075 1.586663
v 0.061465 0.003871 1.584865
v 0.055315 0.000869 1.573556
v 0.045750 -0.003575 1.561620
v 0.035635 -0.009206 1.550257
v 0.027139 -0.013711 1.543586
v 0.019916 -0.017198 1.538958
v 0.013032 -0.019777 1.534998
v 0.006380 -0.021236 1.532146
v 0.018854 0.097170 1.590086
v 0.047563 0.082567 1.589013
v 0.057842 0.067301 1.588673
v 0.061043 0.055767 1.588901
v 0.063466 0.039702 1.587964
v 0.007723 -0.100448 1.571383
v 0.030729 -0.035952 1.549330
v 0.019866 -0.041880 1.542219
v 0.008614 -0.045461 1.537725
v 0.065004 -0.007000 1.598852
v 0.065396 -0.007068 1.598668
v 0.055562 -0.018610 1.576588
v 0.047579 -0.024412 1.565810
v 0.038748 -0.031897 1.556059
v -0.033797 -0.087646 1.606008
v -0.041434 -0.078183 1.607792
v -0.048790 -0.066463 1.609394
v -0.061570 -0.041423 1.611699
v -0.054588 -0.059836 1.617908
v -0.055429 -0.054910 1.610784
v -0.056658 -0.050864 1.603381
v -0.057149 -0.039887 1.595539
v -0.058712 -0.028755 1.591238
v -0.059794 -0.013069 1.586922
v -0.047453 -0.071585 1.619139
v -0.054133 -0.058855 1.617025
v -0.060600 -0.046029 1.615835
v -0.060176 -0.045854 1.616080
v 0.054596 -0.059389 1.611312
v 0.054673 -0.053855 1.603464
v 0.057580 -0.039011 1.596107
v 0.061575 -0.012137 1.588133
v 0.023776 -0.101475 1.590229
v 0.021503 -0.101930 1.586249
v 0.023435 -0.098667 1.589123
v 0.026998 -0.093691 1.590775
v 0.034276 -0.083744 1.593459
v 0.040152 -0.074114 1.596208
v 0.048013 -0.062496 1.598900
v 0.054455 -0.051133 1.602644
v 0.039584 -0.050699 1.562651
v 0.046613 -0.044716 1.570208
v 0.054467 -0.037269 1.582827
v 0.059660 -0.030957 1.594233
v -0.000647 -0.085594 1.602926
v -0.001389 -0.059614 1.567323
v 0.048806 -0.030279 1.581096
v -0.047671 -0.032955 1.582523
v -0.063673 0.046335 1.599986
v -0.062664 0.046779 1.588027
v -0.061918 0.046718 1.588265
v -0.063148 0.046249 1.600232
v 0.046597 -0.073425 1.619283
v 0.054009 -0.060931 1.616259
v 0.055058 -0.061721 1.617230
v 0.060836 -0.044859 1.613864
v 0.060574 -0.044754 1.614207
v 0.012721 0.106474 1.753502
v 0.012968 0.110666 1.743968
v 0.012742 0.109910 1.743814
v 0.012492 0.105765 1.753382
v -0.011910 0.106865 1.753447
v -0.012303 0.111001 1.743844
v -0.012076 0.110238 1.743760
v -0.011717 0.106167 1.753369
v -0.078687 0.015485 1.708630
v -0.079155 0.021833 1.699054
v -0.079952 0.021683 1.698973
v -0.079513 0.015439 1.708429
v -0.078227 0.044020 1.712416
v -0.078551 0.038547 1.722699
v -0.023875 0.103451 1.752572
v -0.024093 0.107107 1.742454
v -0.045302 0.092152 1.748697
v -0.046130 0.096555 1.738555
v -0.045619 0.095889 1.738416
v -0.044809 0.091538 1.748561
v -0.054289 0.088373 1.735417
v -0.054028 0.084544 1.745790
v -0.069589 0.062113 1.736304
v -0.070935 0.067792 1.725844
v -0.074202 0.051067 1.730327
v -0.074677 0.056461 1.719814
v -0.075522 0.056772 1.719837
v -0.075002 0.051366 1.730313
v 0.056441 0.081191 1.744594
v 0.057264 0.085669 1.734286
v 0.058023 0.086158 1.734380
v 0.057143 0.081607 1.744613
v 0.067747 0.066238 1.738300
v 0.068306 0.071270 1.727764
v 0.069088 0.071619 1.727825
v 0.068473 0.066497 1.738254
v 0.078389 0.036566 1.721611
v 0.078787 0.042344 1.711429
v 0.079727 0.042399 1.711265
v 0.079247 0.036623 1.721493
v 0.052879 0.075475 1.601009
v 0.053143 0.077068 1.588771
v 0.052642 0.076698 1.588851
v 0.052368 0.075111 1.601097
v 0.030088 0.091910 1.602371
v 0.039570 0.086853 1.601885
v 0.039684 0.088559 1.589652
v 0.030201 0.093532 1.590075
v 0.039868 0.087376 1.601783
v 0.030420 0.092355 1.602270
v 0.030506 0.094008 1.590002
v 0.039992 0.089068 1.589579
v 0.007623 0.097482 1.602561
v -0.005312 0.097682 1.602663
v 0.007617 0.099119 1.590121
v -0.005321 0.099316 1.590208
v 0.007647 0.096894 1.602647
v -0.005322 0.097065 1.602700
v 0.007657 0.098467 1.590142
v -0.005362 0.098658 1.590190
v -0.026491 0.093009 1.602464
v -0.026608 0.094664 1.590090
v -0.026838 0.095159 1.589998
v -0.026718 0.093463 1.602377
v -0.050162 0.075921 1.601752
v -0.050427 0.077582 1.589600
v -0.050879 0.077912 1.589504
v -0.050629 0.076271 1.601614
v 0.006419 0.100717 1.626693
v 0.030385 0.095403 1.628025
v 0.053869 0.080770 1.634737
v 0.076139 0.062848 1.643511
v 0.089561 0.050112 1.652241
v 0.086939 0.007312 1.678360
v -0.009661 0.135946 1.708841
v -0.002307 0.137882 1.702251
v 0.016340 0.135021 1.711803
v 0.018137 0.137414 1.707066
v 0.046562 0.125592 1.732066
v 0.051147 0.125889 1.726616
v 0.061239 0.106904 1.753400
v 0.067431 0.106238 1.747085
v 0.066720 0.081629 1.768303
v 0.073431 0.081931 1.763554
v 0.068625 0.054937 1.781057
v 0.073503 0.052921 1.779319
v 0.070339 0.036047 1.788312
v 0.075141 0.034230 1.786677
v 0.065764 0.007015 1.800153
v 0.048969 -0.010620 1.810448
v 0.030278 -0.024834 1.816142
v 0.001776 -0.031695 1.818821
v 0.000668 -0.050070 1.799365
v 0.029716 -0.045499 1.796207
v 0.052741 -0.031137 1.790894
v 0.068350 -0.008842 1.779061
v 0.077832 0.019136 1.767461
v 0.083615 0.044110 1.753908
v 0.083479 0.074139 1.738602
v 0.075764 0.100589 1.722405
v 0.054695 0.123408 1.712597
v 0.017588 0.133457 1.697585
v -0.008182 0.132023 1.686112
v -0.000717 -0.063679 1.780452
v 0.028178 -0.060518 1.777106
v 0.056541 -0.042283 1.768581
v 0.069258 -0.020842 1.759266
v 0.078766 0.005695 1.746658
v 0.087637 0.033403 1.732308
v 0.088661 0.066168 1.715427
v 0.079841 0.089531 1.699619
v 0.061795 0.109135 1.682564
v 0.044292 0.120759 1.673113
v -0.000730 -0.077295 1.764881
v 0.028400 -0.072893 1.760402
v 0.057421 -0.052292 1.750242
v 0.090650 0.023708 1.709073
v 0.094893 0.056384 1.684676
v 0.080575 0.076404 1.671081
v 0.060987 0.097085 1.657309
v 0.042888 0.105356 1.646084
v 0.003271 0.125984 1.665670
v 0.006809 0.119784 1.652263
v 0.001041 0.104476 1.632037
v 0.010006 0.132297 1.687003
v 0.038549 0.119123 1.671603
v 0.034462 0.115906 1.653915
v -0.003383 0.133749 1.693900
v -0.002247 0.137083 1.697992
v 0.006216 0.098306 1.629697
v 0.029418 0.092291 1.630807
v 0.009732 0.098469 1.641643
v 0.053033 0.078792 1.636024
v 0.074028 0.061413 1.644253
v 0.088314 0.048390 1.653694
v 0.082946 0.006712 1.677989
v -0.005819 0.128471 1.685777
v -0.000353 0.091997 1.710893
v 0.000286 -0.025283 1.761635
v 0.041955 0.012614 1.751930
v 0.046642 0.046091 1.737013
v 0.019709 0.090186 1.698649
v 0.009087 0.108446 1.688022
v 0.000073 -0.063510 1.754208
v 0.030581 -0.049692 1.752247
v 0.078259 0.024961 1.705193
v 0.054990 0.073589 1.679166
v 0.026056 0.091368 1.668598
v 0.011457 0.102833 1.665892
v 0.003212 0.120121 1.667833
v 0.005701 0.113205 1.656730
v 0.001135 0.101916 1.635760
v 0.036938 0.073068 1.715453
v 0.022566 -0.013582 1.760174
v 0.028098 -0.083397 1.740013
v -0.001185 -0.087867 1.744052
v -0.001228 -0.080094 1.743358
v 0.081325 0.008228 1.688797
v 0.088301 0.042860 1.676113
v 0.070012 0.062426 1.657729
v 0.051394 0.081138 1.650242
v 0.024017 0.091777 1.644514
v 0.032892 0.101091 1.633801
v 0.057698 0.088764 1.643712
v 0.078445 0.069119 1.653994
v 0.092385 0.052982 1.661964
v 0.089945 0.012357 1.687158
v 0.009545 0.106157 1.631522
v 0.015550 0.119362 1.651263
v 0.019620 0.126578 1.669275
v 0.000598 0.133213 1.684661
v -0.005331 0.134648 1.690637
v -0.012963 0.101620 1.627245
v -0.031322 0.093591 1.630774
v -0.050479 0.080964 1.635365
v -0.069050 0.067456 1.642132
v -0.089745 0.027713 1.665149
v -0.084057 0.008423 1.676765
v -0.024622 0.130747 1.716818
v -0.028254 0.133141 1.712861
v -0.046993 0.117778 1.728712
v -0.049991 0.119555 1.724150
v -0.063823 0.101893 1.740899
v -0.067736 0.100180 1.737666
v -0.070831 0.083626 1.757155
v -0.075215 0.081975 1.752408
v -0.068106 0.057949 1.776479
v -0.073911 0.057570 1.772618
v -0.063657 0.036315 1.787942
v -0.069056 0.033980 1.787805
v -0.059077 0.011248 1.797186
v -0.064415 0.008695 1.797671
v -0.042587 -0.020192 1.813210
v -0.027546 -0.027388 1.816557
v -0.029708 -0.042743 1.799679
v -0.054688 -0.018812 1.792267
v -0.066405 -0.003713 1.786806
v -0.076499 0.022977 1.770586
v -0.081669 0.045868 1.753468
v -0.083762 0.072052 1.734086
v -0.079356 0.086138 1.710832
v -0.050426 0.113778 1.705904
v -0.028214 0.129808 1.703832
v -0.029492 -0.056691 1.778771
v -0.057549 -0.035240 1.769938
v -0.067719 -0.017377 1.762557
v -0.078621 0.010013 1.747501
v -0.084022 0.035421 1.731399
v -0.088559 0.061136 1.713695
v -0.081474 0.082508 1.700445
v -0.059329 0.107448 1.679793
v -0.041801 0.119724 1.672450
v -0.030040 -0.070637 1.761317
v -0.058776 -0.048013 1.749851
v -0.069630 -0.029877 1.741075
v -0.090167 0.020149 1.702777
v -0.094358 0.044193 1.699781
v -0.073263 0.078502 1.656675
v -0.057677 0.100683 1.663566
v -0.038478 0.110515 1.654294
v -0.010729 0.126106 1.674485
v -0.011076 0.117746 1.652983
v -0.008998 0.105899 1.631081
v -0.027685 0.120864 1.674015
v -0.024946 0.111502 1.649114
v -0.021042 0.109703 1.639281
v -0.010725 0.099902 1.627930
v -0.029335 0.092092 1.633134
v -0.050950 0.076813 1.638481
v -0.067258 0.064648 1.643269
v -0.087924 0.027248 1.665200
v -0.081378 0.008610 1.677875
v -0.022234 -0.014179 1.759999
v -0.035523 0.073017 1.716548
v -0.023677 0.090202 1.695959
v -0.016337 0.109317 1.688652
v -0.031772 -0.045001 1.752183
v -0.077751 0.024665 1.704607
v -0.053875 0.073178 1.681371
v -0.026799 0.090608 1.668472
v -0.017841 0.104364 1.664768
v -0.009736 0.124500 1.675188
v -0.010448 0.115045 1.654871
v -0.007082 0.102818 1.632094
v -0.046346 0.046419 1.736279
v -0.040999 0.012040 1.751482
v -0.080410 0.009409 1.687304
v -0.083194 0.046844 1.673473
v -0.063284 0.064992 1.660379
v -0.048236 0.075892 1.652582
v -0.028246 0.088759 1.644350
v -0.032109 0.100809 1.637743
v -0.052000 0.088521 1.644001
v -0.070858 0.074024 1.649638
v -0.093050 0.032342 1.674695
v -0.089090 0.013607 1.685701
v -0.014467 0.108984 1.634381
v -0.016647 0.120888 1.654651
v -0.016314 0.124705 1.673410
v -0.013236 0.098168 1.641795
v -0.034433 0.016389 1.806537
v -0.000918 0.019409 1.806774
v 0.032186 0.021194 1.804243
v 0.033588 0.066040 1.787763
v -0.002223 0.067001 1.791995
v -0.038337 0.063081 1.786351
v 0.031984 0.091115 1.772234
v -0.002460 0.093322 1.775768
v -0.039914 0.089898 1.769538
v 0.027278 0.118557 1.744379
v -0.000449 0.122307 1.740905
v -0.029320 0.122459 1.733208
v -0.000180 0.028241 1.762448
v -0.001266 0.055379 1.753226
v -0.058543 -0.001467 1.804071
v -0.048418 -0.010198 1.809255
v -0.046599 -0.025098 1.803699
v -0.042068 -0.036183 1.797998
v 0.090612 0.039932 1.659205
v 0.092783 0.040280 1.658861
v 0.094294 0.046004 1.667249
v 0.057797 -0.004419 1.807145
v 0.040946 -0.038888 1.792919
v -0.088555 0.029056 1.721481
v -0.093024 0.060276 1.681966
v -0.092022 0.052742 1.660345
v -0.086566 0.051474 1.650257
v -0.084228 0.050543 1.651144
v -0.094999 0.038480 1.687260
v -0.081551 0.078409 1.680197
v -0.083031 0.070620 1.679681
v -0.010509 0.137149 1.705381
v -0.010969 0.136377 1.698984
v -0.010748 0.135672 1.696935
v -0.028383 0.133475 1.707360
v -0.051374 0.119902 1.712348
v -0.077545 0.094022 1.718972
v -0.048416 0.000136 1.807978
v -0.039229 -0.016126 1.812453
v -0.025307 -0.021164 1.816230
v 0.001965 -0.025395 1.818019
v 0.028074 -0.018279 1.816207
v 0.045496 -0.005656 1.809188
v 0.050137 -0.000180 1.806944
v 0.060668 0.010023 1.802572
v 0.004639 0.132207 1.708087
v 0.001411 0.134389 1.703435
v 0.001254 0.099202 1.630971
v 0.001377 0.101302 1.628677
v 0.090264 0.060307 1.700187
v 0.095483 0.047589 1.702948
v -0.057235 -0.027941 1.780726
v 0.007559 0.136404 1.694645
v 0.021380 0.133098 1.688207
v -0.017035 0.119380 1.737577
v -0.001175 0.135410 1.706219
v 0.019773 0.116766 1.747039
v 0.044985 0.115190 1.663724
v 0.011151 0.124594 1.666522
v 0.026453 0.116813 1.648595
v -0.009443 0.133923 1.689875
v -0.010413 0.131772 1.689370
v -0.013127 0.132552 1.695555
v -0.013629 0.134514 1.697965
v -0.012565 0.134790 1.703443
v -0.013155 0.135177 1.705164
v -0.014432 0.136134 1.707144
v -0.030596 0.132533 1.694252
v -0.028681 0.128164 1.689601
v -0.027286 0.128372 1.682772
v -0.027605 0.121241 1.661828
v -0.041296 0.120921 1.682455
v -0.043413 0.124627 1.689402
v -0.040729 0.114261 1.662590
v -0.010202 0.103968 1.628363
v -0.008060 0.101967 1.628734
v -0.009785 0.108042 1.638050
v -0.015300 0.108986 1.641353
v -0.008339 0.105978 1.638725
v -0.090486 0.044179 1.654841
v -0.088244 0.043410 1.655593
v 0.039019 -0.020208 1.815171
v 0.038499 -0.011977 1.813294
v 0.016781 -0.023265 1.817387
v 0.017713 -0.029587 1.818477
v 0.032280 0.135219 1.718829
v 0.035516 0.134728 1.713566
v 0.038113 0.134039 1.707155
v 0.037240 0.125815 1.695581
v 0.057111 0.113487 1.700492
v -0.011528 -0.023844 1.817936
v -0.012533 -0.030233 1.818870
v -0.015174 -0.047453 1.799536
v -0.016448 -0.061010 1.779761
v -0.017220 -0.075001 1.763509
v -0.016761 -0.085916 1.742586
v -0.044867 -0.062158 1.756651
v -0.044820 -0.049724 1.775090
v -0.043181 -0.042022 1.785989
v 0.016915 -0.049033 1.798244
v 0.014699 -0.063395 1.779654
v 0.014549 -0.076714 1.763896
v 0.013556 -0.087115 1.743056
v 0.041431 -0.047228 1.784395
v 0.041059 -0.054662 1.774655
v 0.040988 -0.066085 1.756731
v 0.074430 0.061726 1.775858
v 0.068592 0.063334 1.778864
v 0.081505 0.063885 1.757708
v 0.094125 0.055605 1.671848
v 0.094791 0.036560 1.693665
v -0.038394 0.118768 1.730746
v -0.049756 0.102693 1.748747
v -0.016121 0.134387 1.712082
v -0.088463 0.060647 1.697712
v -0.089264 0.052727 1.706035
v 0.021261 0.136765 1.701463
v 0.032994 0.043675 1.797152
v -0.001564 0.043765 1.800902
v -0.036534 0.041371 1.796835
v -0.039855 0.098366 1.616536
v -0.039954 0.104640 1.622341
v 0.017456 0.109984 1.628958
v 0.013257 0.113154 1.634489
v -0.003227 0.104947 1.628900
v -0.002452 0.102591 1.624663
v -0.024672 0.105447 1.621234
v -0.023526 0.099430 1.615215
v -0.038989 0.096982 1.622711
v -0.041094 0.103400 1.628467
v -0.022938 0.100149 1.624904
v -0.023613 0.106413 1.629404
v -0.003761 0.100882 1.626817
v -0.005789 0.103487 1.629290
v 0.020637 0.104521 1.628036
v 0.015687 0.108043 1.634106
v 0.001928 0.103001 1.624990
v 0.001049 0.105033 1.629333
v 0.033444 0.113561 1.632303
v 0.035388 0.110150 1.633559
v 0.029643 0.116492 1.641306
v 0.028731 0.119150 1.639820
v 0.029213 0.120240 1.639040
v 0.034305 0.115485 1.631891
v 0.017383 0.110811 1.628471
v 0.013371 0.114052 1.634196
v -0.023597 0.100644 1.614095
v -0.040966 0.099038 1.615692
v -0.041085 0.105282 1.621330
v -0.024807 0.106101 1.620458
v -0.002025 0.103199 1.624303
v -0.003253 0.105681 1.628633
v -0.039723 0.096223 1.623802
v -0.040307 0.102777 1.630045
v -0.023581 0.099256 1.626284
v -0.023943 0.105528 1.630958
v -0.003894 0.100347 1.627236
v -0.005845 0.102968 1.629834
v 0.035825 0.109315 1.634390
v 0.030596 0.115653 1.642181
v 0.015842 0.107129 1.634212
v 0.020819 0.103461 1.628341
v 0.001125 0.104557 1.629513
v 0.002101 0.102139 1.625486
v -0.024210 0.103665 1.617248
v -0.040207 0.100668 1.625006
v -0.041368 0.102360 1.618218
v -0.040191 0.099462 1.627212
v -0.023823 0.102673 1.628833
v -0.002889 0.101499 1.628625
v -0.002628 0.102266 1.627923
v -0.039837 0.101414 1.619478
v -0.024033 0.102126 1.618854
v -0.002182 0.103888 1.627042
v 0.015023 0.111766 1.631914
v 0.030695 0.116241 1.636775
v 0.032173 0.113262 1.637185
v 0.018094 0.106698 1.631126
v 0.002125 0.104355 1.627088
v 0.002492 0.103266 1.627756
v 0.018379 0.105296 1.631600
v 0.033384 0.112279 1.638496
v 0.031866 0.118369 1.636023
v 0.015118 0.112973 1.631577
v -0.001913 0.104949 1.626640
v -0.022958 0.103647 1.626059
v 0.024286 0.116994 1.633907
v 0.022601 0.118730 1.637014
v -0.034791 0.102382 1.616441
v -0.034833 0.105534 1.619717
v 0.006084 0.107959 1.628534
v 0.004427 0.108745 1.630454
v -0.012461 0.104509 1.622302
v -0.013686 0.106581 1.624503
v -0.044677 0.100567 1.622594
v -0.044624 0.103671 1.625387
v -0.034586 0.101044 1.628498
v -0.034662 0.104032 1.631036
v -0.011410 0.101953 1.628005
v -0.012204 0.104481 1.629328
v 0.026931 0.108320 1.635217
v 0.024149 0.111270 1.638519
v 0.011471 0.103774 1.629115
v 0.010226 0.105437 1.631225
v 0.035136 0.114519 1.639208
v 0.032290 0.117278 1.642575
v 0.026448 0.113202 1.630457
v 0.026477 0.114315 1.630056
v 0.022391 0.117621 1.637655
v -0.034199 0.098392 1.614589
v -0.034561 0.099125 1.613846
v -0.034410 0.104745 1.620749
v 0.008719 0.105693 1.626495
v 0.008715 0.106543 1.626217
v 0.004104 0.107834 1.630644
v -0.011376 0.101201 1.620344
v -0.011349 0.102124 1.619698
v -0.013670 0.105767 1.625116
v -0.043244 0.097311 1.620004
v -0.044210 0.097411 1.619637
v -0.043484 0.103715 1.625811
v -0.033397 0.098497 1.623788
v -0.034245 0.097398 1.625122
v -0.033989 0.105183 1.629944
v -0.010900 0.100421 1.625352
v -0.011224 0.099495 1.626404
v -0.012032 0.105167 1.628383
v 0.023674 0.112132 1.638071
v 0.029051 0.106644 1.631346
v 0.029474 0.105800 1.631980
v 0.009921 0.106403 1.630940
v 0.013021 0.103203 1.625916
v 0.013174 0.102317 1.626125
v 0.036884 0.111797 1.634016
v 0.037664 0.111701 1.634875
v 0.031315 0.117890 1.641382
v -0.011254 0.103035 1.626031
v -0.043109 0.100678 1.622886
v -0.034158 0.101150 1.617913
v -0.012447 0.103235 1.623178
v 0.005753 0.106615 1.628731
v 0.024094 0.115500 1.634459
v 0.033766 0.114991 1.637721
v 0.026185 0.109692 1.634438
v 0.011137 0.105157 1.628711
v -0.032541 0.102590 1.626197
v 0.031990 0.119941 1.640249
v 0.034396 0.117694 1.637000
v 0.036717 0.114619 1.632858
v 0.035680 0.113119 1.633241
v 0.032529 0.115933 1.636997
v 0.030548 0.118978 1.640551
v 0.031833 0.118660 1.641563
v 0.032898 0.118882 1.641847
v 0.035512 0.116271 1.638408
v 0.037978 0.113358 1.634253
v 0.036755 0.112441 1.633614
v 0.033940 0.115554 1.637985
v 0.026582 0.119931 1.638042
v 0.028743 0.118126 1.634968
v 0.031055 0.115343 1.630977
v 0.030638 0.113540 1.631398
v 0.028106 0.116028 1.635617
v 0.026236 0.118516 1.638743
v -0.043772 0.102748 1.627724
v -0.043653 0.099552 1.625005
v -0.043079 0.096380 1.621994
v -0.042325 0.096731 1.621272
v -0.042369 0.100326 1.623988
v -0.042942 0.103250 1.627121
v -0.042238 0.104373 1.623945
v -0.043484 0.104700 1.623233
v -0.043653 0.101693 1.620273
v -0.043263 0.098450 1.617549
v -0.042091 0.098037 1.618167
v -0.042033 0.101238 1.621065
v -0.004118 0.099991 1.626084
v 0.001665 0.100456 1.626288
v -0.005686 0.105176 1.633172
v 0.000717 0.105632 1.633124
v -0.006371 0.109505 1.630668
v 0.000358 0.109786 1.630651
v -0.004328 0.103882 1.621837
v 0.001897 0.104331 1.622179
v -0.006319 0.109008 1.632437
v -0.004329 0.102124 1.622217
v 0.002157 0.102594 1.622337
v 0.000366 0.109328 1.632576
v -0.006078 0.107133 1.633416
v -0.004209 0.100568 1.624051
v 0.001911 0.100993 1.624236
v 0.000563 0.107497 1.633460
v 0.001072 0.108781 1.628653
v -0.006203 0.108429 1.628707
v -0.006657 0.107185 1.630087
v -0.006446 0.105510 1.631150
v -0.005553 0.103975 1.631690
v 0.001378 0.104473 1.631643
v 0.001818 0.106009 1.631107
v 0.001554 0.107594 1.630022
v 0.001666 0.107352 1.626207
v -0.005527 0.106879 1.626249
v -0.005687 0.105293 1.627424
v -0.005756 0.103763 1.628569
v -0.005111 0.102498 1.629683
v 0.001779 0.103044 1.629695
v 0.002080 0.104238 1.628601
v 0.001879 0.105740 1.627326
v 0.002012 0.105786 1.624103
v -0.004981 0.105246 1.623807
v -0.005177 0.103508 1.624677
v -0.005239 0.101987 1.626075
v -0.004664 0.101024 1.627758
v 0.001832 0.101558 1.627895
v 0.002364 0.102591 1.626304
v 0.002289 0.104106 1.624910
v -0.001411 0.109288 1.630615
v -0.000777 0.108540 1.628413
v -0.000247 0.107127 1.626138
v 0.000148 0.105748 1.623996
v 0.000422 0.104184 1.622176
v 0.000371 0.102256 1.622325
v 0.000278 0.100680 1.623893
v 0.000121 0.100134 1.626229
v 0.000009 0.101122 1.628227
v -0.000113 0.102465 1.629960
v -0.000475 0.103865 1.631750
v -0.000998 0.105430 1.633246
v -0.001445 0.107438 1.633560
v -0.001677 0.108812 1.632514
v -0.004371 0.109343 1.630593
v -0.003829 0.108322 1.628410
v -0.003576 0.107036 1.626012
v -0.003165 0.105760 1.623535
v -0.003067 0.104031 1.621402
v -0.002846 0.101858 1.621544
v -0.002510 0.100367 1.623620
v -0.002699 0.099884 1.626007
v -0.002718 0.100885 1.628093
v -0.002785 0.102265 1.629924
v -0.003192 0.103672 1.631749
v -0.003674 0.105243 1.633267
v -0.004130 0.107286 1.633586
v -0.004398 0.108884 1.632581
v 0.020088 0.103531 1.618525
v 0.021328 0.108379 1.624284
v -0.001742 0.106581 1.631280
v -0.002398 0.103417 1.626935
v 0.035578 0.100677 1.611561
v 0.037856 0.106985 1.619169
v 0.037707 0.108150 1.618213
v 0.035450 0.102469 1.610285
v 0.020004 0.104803 1.617539
v 0.021635 0.109591 1.623372
v -0.002817 0.104131 1.626228
v -0.002123 0.107409 1.631013
v -0.002686 0.105154 1.629319
v 0.020289 0.106756 1.620840
v 0.037096 0.105351 1.614607
v 0.020579 0.107833 1.620204
v -0.003265 0.105975 1.628615
v 0.010324 0.108802 1.623776
v 0.010780 0.109656 1.626703
v 0.010495 0.105012 1.622200
v 0.010289 0.105491 1.621407
v 0.010881 0.108801 1.627290
v 0.010720 0.107594 1.624510
v 0.040990 0.106898 1.616648
v 0.039505 0.101776 1.609848
v 0.039529 0.100941 1.610676
v 0.041093 0.105876 1.617430
v 0.003155 0.108420 1.626121
v 0.003889 0.109517 1.628663
v 0.004302 0.108565 1.629475
v 0.003618 0.107400 1.626847
v 0.003850 0.104725 1.624362
v 0.003412 0.105829 1.623890
v 0.041466 0.104130 1.612861
v 0.041302 0.103317 1.613653
v 0.036849 0.104128 1.615119
v -0.008381 0.103428 1.627447
v -0.007486 0.102703 1.626281
v -0.007328 0.103116 1.626141
v -0.004559 0.104165 1.630247
v -0.004253 0.103500 1.628313
v -0.040325 0.113766 1.646864
v -0.041967 0.113263 1.644136
v -0.039308 0.112771 1.643283
v -0.031932 0.113914 1.644053
v -0.022238 0.113916 1.639344
v -0.017168 0.110058 1.633533
v -0.012733 0.108303 1.631634
v -0.010376 0.105239 1.627669
v -0.008378 0.103915 1.626864
v -0.010511 0.104460 1.628455
v -0.014359 0.106993 1.628893
v -0.018929 0.108726 1.630451
v -0.023967 0.112528 1.636144
v -0.031905 0.115599 1.643166
v -0.038300 0.114103 1.646936
v -0.038403 0.115974 1.645850
v -0.040403 0.115430 1.645843
v -0.033609 0.114142 1.639509
v -0.018899 0.107864 1.631450
v -0.014478 0.106213 1.629723
v -0.009164 0.105129 1.630475
v -0.006455 0.103366 1.628319
v -0.004188 0.103214 1.628513
v -0.006950 0.107021 1.631702
v -0.007169 0.106207 1.632235
v -0.013012 0.107297 1.632376
v -0.025499 0.109934 1.634036
v -0.025662 0.110916 1.632909
v -0.035069 0.112435 1.636394
v -0.039535 0.114638 1.641718
v -0.042070 0.114402 1.643481
v -0.033370 0.112490 1.640925
v -0.022170 0.112499 1.640220
v -0.015377 0.111779 1.636153
v -0.010761 0.109768 1.633975
v -0.008964 0.105992 1.629952
v -0.006355 0.103941 1.628007
v -0.005820 0.103251 1.627225
v -0.005806 0.102893 1.627313
v -0.010946 0.108901 1.634664
v -0.017271 0.109055 1.634428
v -0.023814 0.111164 1.637319
v -0.034927 0.111277 1.637307
v -0.043224 0.112976 1.640021
v -0.041141 0.112985 1.638876
v -0.015556 0.110731 1.636786
v -0.040886 0.111950 1.639777
v -0.042995 0.112080 1.640622
v -0.004488 0.104624 1.629861
vn 0.4219 -0.7582 0.4972
vn 0.4561 -0.5517 0.6983
vn 0.5538 -0.4358 0.7095
vn 0.5792 -0.6223 0.5266
vn 0.5203 0.0905 0.8492
vn 0.4404 0.0432 0.8968
vn 0.3451 0.2833 0.8948
vn 0.4811 0.3420 0.8072
vn 0.4828 -0.2343 0.8438
vn 0.5436 -0.1558 0.8248
vn 0.2374 0.4511 0.8603
vn 0.1856 0.5354 0.8240
vn 0.3563 0.6569 0.6645
vn 0.4093 0.5494 0.7284
vn 0.1649 0.8001 0.5768
vn 0.0709 0.7155 0.6950
vn 0.0188 0.7540 0.6566
vn 0.0164 0.8265 0.5627
vn -0.0000 0.7518 0.6594
vn -0.0000 0.8229 0.5682
vn 0.7660 -0.2773 0.5799
vn 0.8042 -0.4185 0.4220
vn -0.0000 0.9500 -0.3123
vn -0.0000 0.9468 -0.3219
vn 0.1019 0.9420 -0.3196
vn 0.0981 0.9437 -0.3159
vn 0.7266 0.6179 -0.3004
vn 0.8047 0.5224 -0.2820
vn 0.7873 0.5583 -0.2614
vn 0.7125 0.6386 -0.2907
vn 0.9314 0.0407 0.3617
vn 0.9785 0.0878 0.1867
vn 0.9908 0.0068 0.1352
vn 0.9394 -0.1118 0.3240
vn 0.8350 0.4593 0.3030
vn 0.8414 0.4827 0.2430
vn 0.9457 0.2388 0.2205
vn 0.9180 0.2118 0.3353
vn 0.5158 0.8018 0.3019
vn 0.4899 0.8341 0.2534
vn 0.6661 0.7044 0.2451
vn 0.6745 0.6804 0.2865
vn -0.0345 0.9422 0.3334
vn -0.0135 0.9187 0.3946
vn -0.0000 0.9171 0.3987
vn -0.0000 0.9391 0.3437
vn 0.7556 -0.0457 0.6534
vn 0.7599 0.1662 0.6284
vn 0.7243 0.4220 0.5452
vn 0.6142 0.6446 0.4552
vn 0.5019 0.7604 0.4123
vn -0.0000 0.8861 0.4636
vn 0.0035 0.8886 0.4586
vn 0.1921 0.8755 0.4434
vn 0.1150 0.9439 0.3094
vn 0.1571 0.9122 0.3784
vn 0.2000 0.9274 -0.3161
vn 0.1930 0.9264 -0.3232
vn 0.8498 0.4610 -0.2557
vn 0.8378 0.5001 -0.2192
vn 0.5909 0.7442 -0.3114
vn 0.6050 0.7335 -0.3098
vn 0.3928 0.2620 0.8815
vn 0.3552 0.2653 0.8964
vn 0.4601 0.0217 0.8876
vn 0.4749 0.0073 0.8800
vn 0.2237 0.4404 0.8695
vn 0.2599 0.4597 0.8492
vn 0.4883 -0.2792 0.8268
vn 0.4804 -0.3108 0.8201
vn 0.1463 0.5870 0.7963
vn 0.1442 0.5398 0.8293
vn 0.0036 0.7024 0.7118
vn -0.0178 0.7360 0.6767
vn 0.0264 0.7548 0.6554
vn 0.0224 0.7213 0.6923
vn 0.0006 0.7589 0.6512
vn 0.0001 0.7157 0.6984
vn 0.3673 -0.6430 0.6720
vn 0.4121 -0.6197 0.6679
vn 0.3072 -0.8193 0.4841
vn 0.2100 -0.8076 0.5511
vn 0.8895 -0.3717 -0.2659
vn 0.8916 -0.3919 -0.2269
vn 0.8580 -0.4588 -0.2310
vn 0.8643 -0.4363 -0.2502
vn 0.7693 0.6353 -0.0678
vn 0.6954 0.7151 -0.0711
vn 0.7044 0.6785 -0.2085
vn 0.7754 0.6058 -0.1782
vn 0.5951 0.7996 -0.0804
vn 0.4661 0.8801 -0.0901
vn 0.4471 0.8584 -0.2514
vn 0.5898 0.7729 -0.2339
vn 0.0892 0.9842 -0.1529
vn -0.0000 0.9863 -0.1650
vn 0.0001 0.9621 -0.2728
vn 0.1018 0.9573 -0.2707
vn 0.2032 0.9421 -0.2668
vn 0.2031 0.9709 -0.1271
vn 0.8121 0.5788 -0.0743
vn 0.8176 0.5580 -0.1423
vn -0.0886 0.9079 -0.4098
vn 0.3300 0.7770 -0.5360
vn 0.3250 0.7296 -0.6017
vn -0.0779 0.8828 -0.4632
vn 0.4777 -0.7849 0.3947
vn 0.4532 -0.8625 0.2253
vn 0.3371 -0.8041 0.4897
vn 0.0564 -0.6892 0.7224
vn 0.3530 -0.6112 0.7084
vn -0.0919 -0.5084 0.8562
vn -0.2544 -0.3930 0.8837
vn 0.9574 -0.2873 -0.0307
vn 0.9790 -0.1932 -0.0649
vn 0.9854 -0.1520 -0.0767
vn 0.9579 -0.2556 -0.1304
vn -0.0969 0.7090 -0.6985
vn 0.3171 0.5053 -0.8026
vn 0.3124 0.4019 -0.8607
vn -0.0551 0.5965 -0.8007
vn 0.8569 -0.4946 -0.1453
vn 0.8893 -0.4571 -0.0148
vn 0.8284 0.5003 -0.2520
vn 0.8518 0.4843 -0.1999
vn 0.8840 0.4236 -0.1975
vn 0.8673 0.4391 -0.2347
vn 0.1444 0.9761 -0.1622
vn 0.2706 0.9486 -0.1640
vn 0.2316 0.9364 -0.2635
vn 0.1226 0.9556 -0.2678
vn -0.0001 0.9633 -0.2686
vn -0.0000 0.9872 -0.1596
vn 0.8407 -0.5190 0.1542
vn 0.7499 -0.5977 0.2835
vn 0.6994 -0.6249 0.3470
vn 0.8291 -0.5023 0.2457
vn 0.7205 -0.6851 0.1072
vn 0.6735 -0.7118 0.1994
vn 0.8397 -0.0975 -0.5342
vn 0.8974 -0.2235 -0.3804
vn 0.8929 -0.3175 -0.3194
vn 0.8821 -0.2023 -0.4255
vn 0.9979 -0.0348 0.0547
vn 0.9599 -0.1912 0.2052
vn 0.7019 -0.6093 0.3689
vn 0.8864 -0.3886 0.2515
vn 0.9299 -0.3497 0.1142
vn 0.8765 -0.4791 0.0465
vn 0.6945 -0.7181 0.0447
vn 0.9123 -0.0959 -0.3982
vn 0.8067 -0.4211 -0.4147
vn 0.9224 -0.3083 -0.2327
vn 0.9593 -0.1604 -0.2326
vn 0.7277 -0.0482 -0.6842
vn 0.6335 -0.3221 -0.7035
vn 0.9769 -0.1646 -0.1360
vn 0.9783 -0.1632 -0.1278
vn 0.9712 -0.1429 -0.1906
vn 0.9618 -0.1919 -0.1950
vn 0.5270 0.0980 -0.8442
vn 0.4835 -0.0968 -0.8700
vn 0.5588 -0.8188 0.1315
vn 0.5566 -0.8236 0.1086
vn 0.4317 -0.8932 0.1260
vn 0.4639 -0.8785 0.1138
vn 0.5176 -0.8555 -0.0150
vn 0.4475 -0.8926 0.0552
vn 0.5166 -0.8535 0.0682
vn 0.5082 -0.8608 0.0268
vn 0.5307 -0.7523 0.3904
vn 0.3703 -0.8021 0.4685
vn 0.8695 0.4314 -0.2406
vn 0.8694 0.4447 -0.2152
vn 0.8822 0.4297 -0.1925
vn 0.8732 0.4317 -0.2260
vn -0.0555 -0.9878 -0.1458
vn 0.1924 -0.8933 -0.4061
vn 0.0035 -0.8526 -0.5225
vn 0.0069 -0.9608 -0.2772
vn 0.3782 -0.8038 -0.4591
vn 0.0010 -0.8268 -0.5625
vn 0.4651 -0.8448 -0.2646
vn -0.0001 -0.9469 -0.3216
vn 0.2287 -0.9652 0.1268
vn 0.2593 -0.9644 0.0523
vn 0.1980 -0.9676 -0.1564
vn -0.0201 -0.9980 0.0599
vn 0.6062 -0.7763 -0.1729
vn 0.4609 -0.8502 -0.2544
vn 0.4172 -0.9070 -0.0574
vn 0.5583 -0.8247 -0.0908
vn 0.4310 -0.8815 -0.1928
vn -0.0005 -0.9867 -0.1623
vn 0.6376 -0.7357 -0.2284
vn 0.9106 -0.2098 -0.3560
vn 0.8439 -0.4537 -0.2863
vn 0.9490 -0.2292 -0.2167
vn 0.9626 -0.1152 -0.2452
vn 0.3123 0.6211 -0.7188
vn -0.0974 0.8070 -0.5824
vn 0.6820 -0.6976 0.2196
vn 0.6697 -0.7424 0.0161
vn 0.9457 -0.2107 -0.2475
vn 0.9535 -0.2269 -0.1985
vn 0.9590 -0.1728 -0.2248
vn 0.7635 -0.5385 0.3564
vn 0.9380 -0.1048 -0.3303
vn 0.7168 0.1235 -0.6863
vn 0.7163 0.1682 -0.6772
vn 0.9264 -0.1843 -0.3284
vn 0.7670 0.3087 -0.5625
vn 0.9342 -0.2521 -0.2525
vn 0.9196 -0.2379 -0.3125
vn 0.7184 0.2416 -0.6523
vn 0.7973 0.3359 -0.5015
vn 0.9411 -0.2463 -0.2316
vn 0.7427 -0.6483 -0.1679
vn 0.6770 -0.7360 -0.0014
vn 0.9822 -0.1860 -0.0244
vn 0.9494 -0.1873 -0.2520
vn 0.7976 0.4060 -0.4461
vn 0.8063 0.4259 -0.4104
vn 0.9558 -0.1454 -0.2556
vn 0.3458 0.8398 -0.4185
vn 0.3139 0.8300 -0.4611
vn -0.1292 0.9451 -0.3001
vn -0.1250 0.9313 -0.3421
vn 0.0820 -0.9695 0.2309
vn 0.1351 -0.9499 0.2817
vn 0.0908 -0.9861 0.1395
vn 0.0392 -0.9968 0.0696
vn 0.3588 -0.9306 0.0730
vn 0.4708 -0.8711 0.1397
vn 0.7885 -0.5915 -0.1684
vn 0.6354 -0.7646 -0.1084
vn 0.8548 -0.5099 -0.0968
vn 0.8400 -0.5388 -0.0646
vn 0.8459 -0.5279 -0.0762
vn 0.8575 -0.5047 -0.0997
vn 0.9494 -0.2993 -0.0951
vn 0.6605 -0.1932 -0.7256
vn 0.7225 -0.4100 -0.5567
vn 0.8923 -0.2029 -0.4032
vn 0.8984 -0.3447 -0.2721
vn 0.8164 -0.5039 -0.2819
vn 0.9087 -0.4012 -0.1152
vn 0.5106 -0.8563 -0.0779
vn 0.5115 -0.8494 -0.1299
vn 0.3253 -0.9276 -0.1838
vn 0.3114 -0.9500 -0.0220
vn 0.8530 0.5116 -0.1030
vn 0.9967 -0.0790 -0.0180
vn 0.9654 -0.1834 -0.1855
vn 0.9128 0.3524 -0.2064
vn 0.9333 -0.3377 -0.1225
vn 0.9009 -0.3974 -0.1742
vn 0.9310 -0.3119 -0.1896
vn 0.9428 -0.2606 -0.2078
vn 0.9892 -0.0206 -0.1449
vn 0.8665 -0.4988 -0.0206
vn 0.8499 -0.5267 -0.0182
vn 0.8734 -0.4814 -0.0736
vn 0.8927 -0.4456 -0.0665
vn 0.9132 -0.3185 -0.2540
vn 0.7740 -0.6241 0.1071
vn 0.9279 -0.3633 0.0837
vn 0.9615 -0.1504 -0.2299
vn 0.7514 0.6599 -0.0023
vn 0.9952 0.0272 0.0942
vn 0.9616 -0.2725 -0.0310
vn 0.9598 -0.2635 -0.0967
vn 0.9587 -0.2715 -0.0846
vn 0.9460 -0.3056 -0.1082
vn 0.9702 -0.2337 -0.0644
vn 0.9759 -0.2074 -0.0685
vn 0.8933 -0.4475 -0.0420
vn 0.9322 -0.3556 -0.0678
vn 0.9554 -0.2742 -0.1095
vn 0.9737 -0.1669 -0.1548
vn 0.9743 -0.1792 -0.1365
vn 0.9607 -0.0618 -0.2705
vn 0.9555 -0.1399 -0.2596
vn 0.5181 -0.5353 0.6671
vn 0.7841 -0.4745 0.4001
vn 0.4961 -0.7496 0.4381
vn 0.2489 -0.7671 0.5913
vn 0.3671 0.9175 -0.1530
vn 0.8672 0.4664 -0.1744
vn 0.4410 0.8364 -0.3255
vn -0.0611 0.8959 -0.4400
vn -0.0196 0.8533 -0.5210
vn 0.0889 0.7666 -0.6360
vn 0.2005 0.6117 -0.7652
vn 0.9233 -0.3173 -0.2166
vn 0.9148 -0.2913 -0.2799
vn 0.9629 -0.0006 -0.2698
vn 0.9489 0.1426 -0.2815
vn 0.9727 0.0208 -0.2313
vn 0.9236 0.0380 -0.3814
vn 0.9070 -0.0675 -0.4156
vn 0.8331 -0.0337 -0.5522
vn 0.8788 0.0144 -0.4770
vn 0.8193 -0.0477 -0.5714
vn 0.9005 -0.1353 -0.4133
vn 0.8526 -0.5220 0.0235
vn 0.9614 -0.2744 0.0210
vn 0.9789 -0.1869 0.0824
vn 0.6355 -0.7713 0.0368
vn 0.8177 -0.2945 -0.4946
vn 0.7858 -0.0872 -0.6123
vn 0.7441 -0.0148 -0.6679
vn 0.7644 -0.1427 -0.6287
vn 0.8692 -0.3878 -0.3068
vn 0.8707 -0.1371 -0.4724
vn 0.9486 -0.1636 -0.2708
vn 0.9402 0.0682 -0.3337
vn 0.9317 0.1791 -0.3159
vn 0.9780 -0.2024 -0.0511
vn 0.9769 -0.1725 -0.1265
vn 0.9767 -0.1382 -0.1643
vn 0.9799 -0.0853 -0.1802
vn 0.7408 0.0306 -0.6710
vn 0.9502 0.1782 -0.2556
vn 0.9842 -0.0073 -0.1767
vn 0.9170 0.1819 -0.3551
vn 0.7100 -0.0319 -0.7035
vn -0.0003 -0.8566 -0.5159
vn 0.3494 -0.7709 -0.5326
vn 0.2488 -0.3145 -0.9161
vn -0.0005 -0.3436 -0.9391
vn 0.6638 -0.7216 -0.1967
vn 0.6163 -0.7775 -0.1253
vn 0.5610 -0.8253 -0.0643
vn 0.9466 -0.3222 0.0128
vn 0.8054 -0.5917 0.0341
vn 0.9933 -0.1156 0.0008
vn 0.6254 -0.7803 -0.0003
vn 0.9884 -0.1512 -0.0112
vn 0.9756 -0.2188 -0.0179
vn 0.8959 -0.4436 -0.0229
vn 0.9131 -0.4074 0.0182
vn 0.8215 -0.5631 -0.0893
vn 0.7891 -0.6142 0.0104
vn 0.7929 -0.5562 -0.2490
vn 0.6906 -0.7180 -0.0874
vn 0.6148 -0.5970 -0.5153
vn 0.5397 -0.2489 -0.8042
vn 0.6741 -0.6989 -0.2389
vn 0.7769 -0.4330 -0.4571
vn 0.7519 -0.2775 -0.5981
vn 0.7258 -0.5835 -0.3643
vn 0.7297 -0.5154 -0.4493
vn 0.6952 -0.2169 -0.6853
vn 0.8737 0.1641 -0.4580
vn 0.9933 -0.0734 -0.0895
vn 0.9760 0.0663 -0.2073
vn 0.9978 -0.0136 -0.0652
vn 0.9825 0.0387 -0.1820
vn 0.6616 0.7409 0.1158
vn 0.4873 0.8660 0.1119
vn 0.4803 0.8763 0.0383
vn 0.6509 0.7590 0.0156
vn 0.1640 0.9863 -0.0155
vn 0.0989 0.9943 0.0391
vn -0.0234 0.9996 -0.0166
vn 0.0428 0.9969 -0.0656
vn -0.0000 0.9991 -0.0413
vn -0.0000 0.9961 -0.0878
vn 0.4764 0.8526 0.2149
vn 0.4810 0.8597 0.1720
vn 0.6627 0.7250 0.1877
vn 0.6605 0.7159 0.2264
vn -0.0599 0.9668 0.2483
vn -0.0643 0.9915 0.1133
vn 0.0594 0.9898 0.1291
vn 0.0735 0.9704 0.2299
vn -0.0000 0.9663 0.2573
vn -0.0000 0.9943 0.1065
vn 0.9996 0.0262 -0.0090
vn 0.9993 0.0098 -0.0355
vn 0.8331 0.5048 0.2262
vn 0.8254 0.5365 0.1757
vn 0.9239 0.3615 0.1256
vn 0.9388 0.2900 0.1858
vn 0.9675 0.2485 0.0468
vn 0.9814 0.1550 0.1136
vn 0.9874 0.1572 -0.0202
vn 0.9948 0.0943 0.0392
vn 0.9909 0.1144 -0.0716
vn 0.9839 0.0917 -0.1537
vn 0.9637 0.2299 -0.1356
vn 0.9640 0.2531 -0.0815
vn -0.0629 0.9194 -0.3883
vn -0.1279 0.9465 -0.2962
vn -0.1596 0.9564 -0.2447
vn 0.7921 -0.5730 -0.2105
vn 0.8248 -0.5176 -0.2276
vn 0.9526 -0.3042 0.0073
vn 0.9266 -0.3609 0.1056
vn 0.9852 -0.1703 0.0198
vn 0.9818 -0.1870 -0.0334
vn 0.9881 -0.1304 0.0818
vn 0.8315 -0.4569 0.3161
vn 0.6482 -0.4705 0.5986
vn 0.9855 -0.1006 0.1363
vn 0.7162 0.3923 -0.5772
vn 0.8497 -0.0843 -0.5204
vn 0.8926 0.0730 -0.4449
vn 0.8371 0.4336 -0.3335
vn 0.7889 0.3246 -0.5217
vn 0.8039 0.4483 -0.3908
vn 0.8891 0.3059 -0.3405
vn 0.8253 0.3255 -0.4614
vn 0.9251 0.3571 -0.1291
vn 0.8225 0.5182 -0.2345
vn 0.9294 -0.2125 -0.3017
vn 0.7533 0.2444 -0.6106
vn 0.7389 0.2277 -0.6342
vn 0.9299 -0.1126 -0.3501
vn 0.9364 -0.0362 -0.3490
vn 0.0686 -0.9675 -0.2433
vn 0.0141 -0.9450 -0.3267
vn 0.0083 -0.9949 -0.1007
vn 0.0800 -0.9966 -0.0220
vn 0.8932 -0.1047 -0.4374
vn 0.8840 0.0788 -0.4609
vn 0.8802 -0.3117 -0.3578
vn 0.9987 -0.0460 0.0203
vn 0.9615 -0.2590 -0.0920
vn 0.8745 -0.4658 -0.1353
vn 0.9318 -0.2826 0.2279
vn 0.8420 -0.4506 -0.2965
vn 0.7036 -0.6964 -0.1413
vn 0.9061 -0.0962 -0.4120
vn 0.9350 -0.0313 -0.3533
vn 0.4595 -0.3336 0.8231
vn 0.9763 -0.0877 0.1977
vn 0.9917 -0.1255 -0.0286
vn 0.9941 -0.1071 0.0151
vn 0.7765 0.2078 -0.5949
vn 0.4256 0.7583 -0.4939
vn 0.5813 0.6530 -0.4855
vn 0.8800 0.3828 -0.2812
vn 0.7802 0.5092 -0.3632
vn 0.6864 0.6244 -0.3729
vn 0.3611 0.8231 -0.4384
vn 0.8757 0.4181 -0.2415
vn 0.9037 0.3890 -0.1790
vn 0.9190 -0.3689 -0.1389
vn 0.9138 0.3964 -0.0889
vn 0.9191 0.3784 -0.1097
vn 0.8496 0.5199 -0.0887
vn 0.8502 0.5152 -0.1084
vn 0.8346 0.4756 -0.2780
vn 0.9682 -0.2430 -0.0601
vn 0.9772 -0.1767 -0.1173
vn 0.9944 -0.0796 -0.0688
vn 0.9904 0.1193 -0.0695
vn 0.9977 -0.0374 -0.0568
vn 0.9831 0.1730 -0.0593
vn 0.9441 0.3289 -0.0214
vn 0.9321 0.3553 -0.0705
vn 0.8682 0.4951 -0.0343
vn 0.8987 0.4363 0.0445
vn 0.9987 -0.0500 0.0045
vn 0.9988 -0.0443 0.0206
vn 0.7975 0.6032 -0.0079
vn 0.8131 0.5741 0.0961
vn 0.6173 0.7841 -0.0644
vn 0.1899 0.9817 -0.0142
vn 0.2357 0.9588 -0.1589
vn 0.6086 0.7803 -0.1440
vn 0.7573 0.6522 -0.0337
vn 0.7048 0.7090 -0.0249
vn 0.8755 0.1363 -0.4637
vn 0.9383 0.3200 0.1310
vn 0.9548 0.1309 -0.2669
vn 0.9975 -0.0356 0.0608
vn 0.8048 0.4168 -0.4226
vn 0.8987 0.3102 -0.3099
vn 0.8060 0.5346 0.2539
vn 0.8261 0.5575 0.0818
vn 0.7505 0.6603 -0.0263
vn 0.9726 0.0664 -0.2227
vn 0.8430 0.4943 0.2122
vn 0.9611 0.2636 -0.0831
vn 0.6541 -0.2054 -0.7280
vn 0.8265 0.2179 -0.5190
vn 0.4283 -0.4720 -0.7706
vn 0.9125 -0.1546 -0.3788
vn 0.9852 -0.0274 0.1695
vn 0.8642 0.4574 0.2093
vn 0.4971 0.8509 0.1699
vn 0.6766 0.7340 0.0591
vn 0.9586 -0.2707 0.0884
vn 0.9426 -0.3337 0.0129
vn 0.5961 0.7783 -0.1975
vn 0.2704 0.9619 0.0401
vn 0.9493 -0.2807 0.1416
vn 0.7271 -0.3955 0.5611
vn 0.9966 -0.0762 0.0318
vn -0.4219 -0.7582 0.4972
vn -0.5792 -0.6223 0.5266
vn -0.5539 -0.4358 0.7095
vn -0.4561 -0.5517 0.6983
vn -0.5203 0.0905 0.8492
vn -0.4811 0.3421 0.8072
vn -0.3451 0.2832 0.8948
vn -0.4404 0.0431 0.8967
vn -0.5436 -0.1557 0.8248
vn -0.4828 -0.2343 0.8438
vn -0.2374 0.4510 0.8604
vn -0.4093 0.5493 0.7285
vn -0.3563 0.6569 0.6645
vn -0.1857 0.5354 0.8240
vn -0.3001 0.7280 0.6164
vn -0.1522 0.6182 0.7712
vn -0.0188 0.7540 0.6566
vn -0.0164 0.8266 0.5626
vn -0.8042 -0.4187 0.4219
vn -0.7659 -0.2774 0.5801
vn -0.6051 0.7334 -0.3098
vn -0.4565 0.8323 -0.3144
vn -0.4408 0.8365 -0.3256
vn -0.5909 0.7442 -0.3115
vn -0.0982 0.9437 -0.3158
vn -0.1019 0.9421 -0.3195
vn -0.8047 0.5225 -0.2821
vn -0.7267 0.6179 -0.3003
vn -0.7126 0.6385 -0.2907
vn -0.7872 0.5585 -0.2615
vn -0.9313 0.0406 0.3620
vn -0.9394 -0.1116 0.3241
vn -0.9907 0.0073 0.1357
vn -0.9784 0.0876 0.1871
vn -0.8350 0.4594 0.3030
vn -0.9180 0.2116 0.3355
vn -0.9458 0.2384 0.2205
vn -0.8414 0.4828 0.2428
vn -0.5158 0.8018 0.3018
vn -0.6745 0.6804 0.2865
vn -0.6660 0.7045 0.2452
vn -0.4899 0.8341 0.2534
vn 0.0344 0.9422 0.3333
vn 0.0135 0.9187 0.3946
vn -0.7556 -0.0457 0.6535
vn -0.7599 0.1662 0.6284
vn -0.7243 0.4220 0.5453
vn -0.6142 0.6446 0.4552
vn -0.5019 0.7603 0.4123
vn -0.0035 0.8886 0.4586
vn -0.3788 0.8259 0.4176
vn -0.3545 0.8708 0.3406
vn -0.3146 0.9076 0.2779
vn -0.3155 0.8951 -0.3151
vn -0.3032 0.8944 -0.3288
vn -0.8497 0.4610 -0.2559
vn -0.8378 0.5001 -0.2192
vn -0.3928 0.2620 0.8815
vn -0.4749 0.0074 0.8800
vn -0.4601 0.0216 0.8876
vn -0.3552 0.2654 0.8963
vn -0.2237 0.4404 0.8695
vn -0.2599 0.4597 0.8492
vn -0.4884 -0.2790 0.8268
vn -0.4805 -0.3108 0.8201
vn -0.1463 0.5870 0.7963
vn -0.1441 0.5398 0.8293
vn -0.0789 0.6281 0.7741
vn -0.0546 0.6800 0.7312
vn -0.0259 0.7551 0.6551
vn -0.0222 0.7212 0.6924
vn -0.3675 -0.6430 0.6720
vn -0.4122 -0.6197 0.6679
vn -0.3073 -0.8194 0.4839
vn -0.2101 -0.8079 0.5506
vn -0.8953 -0.3207 -0.3092
vn -0.8809 -0.4053 -0.2445
vn -0.8664 -0.4346 -0.2458
vn -0.8902 -0.3723 -0.2624
vn -0.7693 0.6353 -0.0678
vn -0.7754 0.6058 -0.1782
vn -0.7044 0.6785 -0.2085
vn -0.6954 0.7151 -0.0711
vn -0.5951 0.7996 -0.0804
vn -0.5897 0.7730 -0.2340
vn -0.4469 0.8586 -0.2514
vn -0.4660 0.8802 -0.0900
vn -0.0891 0.9842 -0.1530
vn -0.1018 0.9573 -0.2707
vn -0.3133 0.9130 -0.2614
vn -0.3276 0.9391 -0.1035
vn -0.8120 0.5788 -0.0743
vn -0.8175 0.5580 -0.1424
vn -0.3298 0.7771 -0.5361
vn 0.0888 0.9079 -0.4097
vn 0.0780 0.8828 -0.4632
vn -0.3250 0.7293 -0.6020
vn -0.6770 -0.7360 -0.0014
vn -0.7655 -0.6298 0.1319
vn -0.4775 -0.7849 0.3948
vn -0.4531 -0.8625 0.2253
vn -0.3531 -0.6111 0.7084
vn -0.3370 -0.8040 0.4899
vn -0.0550 -0.6885 0.7232
vn 0.0948 -0.5078 0.8563
vn 0.2574 -0.3916 0.8834
vn -0.9573 -0.2875 -0.0305
vn -0.9580 -0.2555 -0.1303
vn -0.9855 -0.1514 -0.0765
vn -0.9792 -0.1927 -0.0638
vn 0.0964 0.7091 -0.6985
vn 0.0550 0.5964 -0.8008
vn -0.3125 0.4021 -0.8606
vn -0.3174 0.5056 -0.8023
vn -0.8570 -0.4945 -0.1452
vn -0.8892 -0.4573 -0.0147
vn -0.0065 0.9998 0.0161
vn 0.0884 0.9865 -0.1378
vn -0.4665 0.8485 -0.2500
vn -0.6309 0.7725 -0.0717
vn -0.8284 0.5003 -0.2519
vn -0.8672 0.4391 -0.2347
vn -0.8840 0.4239 -0.1970
vn -0.8517 0.4843 -0.1999
vn -0.7508 0.6058 -0.2633
vn -0.7805 0.5942 -0.1944
vn -0.1225 0.9556 -0.2678
vn -0.1452 0.9760 -0.1621
vn -0.8404 -0.5196 0.1543
vn -0.8291 -0.5024 0.2452
vn -0.6990 -0.6251 0.3473
vn -0.7500 -0.5975 0.2837
vn -0.7195 -0.6860 0.1083
vn -0.6735 -0.7117 0.1999
vn -0.8436 -0.1015 -0.5272
vn -0.8850 -0.2068 -0.4172
vn -0.9002 -0.2288 -0.3706
vn -0.9599 -0.1912 0.2048
vn -0.9979 -0.0349 0.0548
vn -0.7024 -0.6091 0.3684
vn -0.9294 -0.3513 0.1132
vn -0.8873 -0.3870 0.2510
vn -0.8753 -0.4814 0.0467
vn -0.6935 -0.7191 0.0448
vn -0.9122 -0.0958 -0.3983
vn -0.9593 -0.1595 -0.2332
vn -0.9229 -0.3068 -0.2327
vn -0.8068 -0.4206 -0.4149
vn -0.7277 -0.0483 -0.6842
vn -0.6335 -0.3222 -0.7035
vn -0.9774 -0.1622 -0.1353
vn -0.9786 -0.1613 -0.1275
vn -0.9714 -0.1405 -0.1914
vn -0.9624 -0.1896 -0.1946
vn -0.3087 0.2871 -0.9068
vn -0.5270 0.0980 -0.8442
vn -0.4834 -0.0968 -0.8700
vn -0.3757 0.1089 -0.9203
vn -0.5593 -0.8183 0.1327
vn -0.5575 -0.8229 0.1099
vn -0.5186 -0.8549 -0.0111
vn -0.5094 -0.8601 0.0271
vn -0.5194 -0.8519 0.0678
vn -0.4515 -0.8906 0.0547
vn -0.5306 -0.7522 0.3906
vn -0.3708 -0.8022 0.4679
vn -0.8694 0.4447 -0.2153
vn -0.8695 0.4316 -0.2403
vn -0.8732 0.4317 -0.2260
vn -0.8822 0.4297 -0.1924
vn 0.0616 -0.9880 -0.1414
vn -0.1897 -0.8963 -0.4009
vn -0.3783 -0.8049 -0.4573
vn -0.4652 -0.8449 -0.2639
vn -0.4664 -0.8770 0.1154
vn -0.2340 -0.9636 0.1293
vn -0.2609 -0.9638 0.0547
vn -0.4357 -0.8912 0.1264
vn -0.6051 -0.7773 -0.1721
vn -0.5550 -0.8272 -0.0882
vn -0.4141 -0.9084 -0.0576
vn -0.4594 -0.8516 -0.2525
vn -0.4312 -0.8814 -0.1928
vn -0.1985 -0.9687 -0.1493
vn 0.0161 -0.9978 0.0645
vn -0.6375 -0.7358 -0.2282
vn -0.9107 -0.2096 -0.3559
vn -0.9626 -0.1152 -0.2451
vn -0.9490 -0.2289 -0.2167
vn -0.8440 -0.4536 -0.2863
vn 0.0971 0.8069 -0.5826
vn -0.3124 0.6212 -0.7187
vn -0.6698 -0.7424 0.0161
vn -0.9457 -0.2106 -0.2475
vn -0.9294 -0.2124 -0.3017
vn -0.7427 -0.6483 -0.1679
vn -0.9590 -0.1725 -0.2248
vn -0.9535 -0.2268 -0.1987
vn -0.6821 -0.6975 0.2195
vn -0.7637 -0.5383 0.3563
vn -0.9381 -0.1046 -0.3302
vn -0.9265 -0.1841 -0.3283
vn -0.7164 0.1685 -0.6770
vn -0.7168 0.1237 -0.6862
vn -0.7670 0.3082 -0.5627
vn -0.7184 0.2415 -0.6524
vn -0.9196 -0.2379 -0.3125
vn -0.9341 -0.2522 -0.2526
vn -0.9411 -0.2465 -0.2314
vn -0.7974 0.3356 -0.5016
vn -0.8762 0.4008 -0.2676
vn -0.9649 -0.2161 -0.1494
vn -0.9052 -0.4212 -0.0560
vn -0.9721 0.2082 -0.1083
vn -0.9823 -0.1859 -0.0244
vn -0.9438 -0.2173 -0.2490
vn -0.9495 -0.1873 -0.2519
vn -0.7975 0.4064 -0.4459
vn -0.7914 0.3755 -0.4824
vn -0.3140 0.8301 -0.4608
vn -0.3082 0.8060 -0.5053
vn 0.1246 0.9314 -0.3421
vn 0.1138 0.9165 -0.3835
vn -0.0906 -0.9861 0.1395
vn -0.0390 -0.9968 0.0697
vn -0.0083 -0.9949 -0.1007
vn -0.0800 -0.9966 -0.0220
vn -0.3114 -0.9500 -0.0219
vn -0.3587 -0.9306 0.0730
vn -0.8394 -0.5416 -0.0452
vn -0.8400 -0.5387 -0.0646
vn -0.9494 -0.2994 -0.0951
vn -0.6603 -0.1933 -0.7257
vn -0.6519 -0.0267 -0.7578
vn -0.8923 -0.2029 -0.4033
vn -0.9024 -0.1055 -0.4178
vn -0.7224 -0.4101 -0.5567
vn -0.8165 -0.5038 -0.2820
vn -0.9087 -0.4012 -0.1153
vn -0.8984 -0.3447 -0.2722
vn -0.7717 -0.6359 0.0144
vn -0.6418 -0.7663 0.0312
vn -0.3954 -0.8340 -0.3849
vn -0.3252 -0.9276 -0.1838
vn -0.0689 -0.9675 -0.2432
vn -0.1308 -0.8580 -0.4967
vn -0.8531 0.5115 -0.1030
vn -0.9128 0.3524 -0.2064
vn -0.9654 -0.1834 -0.1854
vn -0.9967 -0.0790 -0.0180
vn -0.9011 -0.3972 -0.1741
vn -0.9332 -0.3377 -0.1225
vn -0.9311 -0.3118 -0.1895
vn -0.9428 -0.2607 -0.2078
vn -0.9892 -0.0205 -0.1448
vn -0.8664 -0.4989 -0.0207
vn -0.8500 -0.5264 -0.0182
vn -0.4708 -0.8711 0.1398
vn -0.6105 -0.7763 0.1568
vn -0.2518 -0.8816 0.3992
vn -0.1350 -0.9499 0.2819
vn -0.7512 0.6601 -0.0021
vn -0.9952 0.0272 0.0945
vn -0.9598 -0.2635 -0.0966
vn -0.9616 -0.2726 -0.0310
vn -0.9587 -0.2715 -0.0844
vn -0.9460 -0.3055 -0.1081
vn -0.9702 -0.2338 -0.0644
vn -0.9759 -0.2074 -0.0685
vn -0.9277 -0.3637 0.0841
vn -0.9492 -0.2807 0.1420
vn -0.7840 -0.4743 0.4005
vn -0.9738 -0.1668 -0.1548
vn -0.9554 -0.2742 -0.1095
vn -0.9743 -0.1792 -0.1366
vn -0.9798 -0.1535 -0.1284
vn -0.9693 -0.0980 -0.2256
vn -0.9380 -0.2296 -0.2598
vn -0.9145 -0.4043 -0.0174
vn -0.1341 -0.8982 0.4187
vn -0.0821 -0.9695 0.2311
vn -0.9341 -0.1301 0.3323
vn -0.9359 -0.3474 -0.0585
vn -0.3670 0.9176 -0.1530
vn -0.8502 0.5152 -0.1085
vn -0.8599 0.4924 -0.1350
vn 0.0611 0.8959 -0.4401
vn 0.0195 0.8533 -0.5210
vn -0.2006 0.6116 -0.7653
vn -0.2549 0.4612 -0.8499
vn -0.0148 0.4421 -0.8969
vn -0.9148 -0.2942 -0.2768
vn -0.9241 0.0350 -0.3805
vn -0.9629 -0.0053 -0.2698
vn -0.9490 0.1417 -0.2815
vn -0.9318 0.1787 -0.3159
vn -0.9355 -0.2108 -0.2835
vn -0.9027 -0.1425 -0.4061
vn -0.9514 -0.1273 -0.2804
vn -0.9081 -0.0742 -0.4121
vn -0.8787 0.0144 -0.4772
vn -0.8343 -0.0362 -0.5501
vn -0.8223 -0.0520 -0.5667
vn -0.8510 -0.5245 0.0244
vn -0.9602 -0.2783 0.0218
vn -0.9791 -0.1857 0.0826
vn -0.6358 -0.7710 0.0363
vn -0.8181 -0.2943 -0.4941
vn -0.7643 -0.1429 -0.6288
vn -0.7446 -0.0157 -0.6673
vn -0.7861 -0.0867 -0.6120
vn -0.8705 -0.1343 -0.4735
vn -0.8711 -0.3846 -0.3053
vn -0.9480 -0.1627 -0.2737
vn -0.9397 0.0685 -0.3351
vn -0.9770 -0.1722 -0.1257
vn -0.9780 -0.2027 -0.0493
vn -0.9764 -0.1377 -0.1664
vn -0.9726 0.0199 -0.2316
vn -0.9796 -0.0857 -0.1817
vn -0.7419 0.0297 -0.6698
vn -0.9170 0.1818 -0.3551
vn -0.9502 0.1781 -0.2556
vn -0.7107 -0.0312 -0.7028
vn -0.6388 0.0253 -0.7689
vn -0.6543 0.1096 -0.7483
vn -0.2484 -0.3154 -0.9159
vn -0.3493 -0.7704 -0.5334
vn -0.6639 -0.7218 -0.1954
vn -0.6173 -0.7771 -0.1225
vn -0.5596 -0.8263 -0.0630
vn -0.8053 -0.5919 0.0338
vn -0.9454 -0.3256 0.0137
vn -0.9932 -0.1165 0.0020
vn -0.6254 -0.7803 -0.0007
vn -0.9882 -0.1532 -0.0095
vn -0.9129 -0.4078 0.0188
vn -0.8963 -0.4430 -0.0207
vn -0.9750 -0.2215 -0.0173
vn -0.7905 -0.6124 0.0099
vn -0.8235 -0.5607 -0.0866
vn -0.6891 -0.7193 -0.0888
vn -0.7917 -0.5576 -0.2497
vn -0.6144 -0.5962 -0.5168
vn -0.5387 -0.2488 -0.8049
vn -0.6726 -0.6998 -0.2406
vn -0.7277 -0.5803 -0.3656
vn -0.7525 -0.2746 -0.5986
vn -0.7759 -0.4328 -0.4590
vn -0.7304 -0.5131 -0.4507
vn -0.6953 -0.2150 -0.6858
vn -0.8737 0.1641 -0.4580
vn -0.9760 0.0663 -0.2073
vn -0.6613 0.7411 0.1160
vn -0.6508 0.7591 0.0156
vn -0.4803 0.8763 0.0383
vn -0.4873 0.8660 0.1119
vn -0.3209 0.9467 0.0262
vn -0.2996 0.9500 0.0879
vn 0.0234 0.9996 -0.0166
vn -0.0428 0.9969 -0.0657
vn -0.4763 0.8526 0.2149
vn -0.6604 0.7159 0.2265
vn -0.6627 0.7250 0.1877
vn -0.4809 0.8597 0.1722
vn -0.2871 0.9336 0.2144
vn -0.2823 0.9478 0.1486
vn 0.0601 0.9668 0.2483
vn 0.0643 0.9915 0.1133
vn -0.9996 0.0255 -0.0081
vn -0.9993 0.0088 -0.0354
vn -0.8329 0.5051 0.2262
vn -0.9390 0.2896 0.1856
vn -0.9240 0.3614 0.1252
vn -0.8253 0.5367 0.1757
vn -0.9676 0.2482 0.0462
vn -0.9815 0.1545 0.1133
vn -0.9874 0.1569 -0.0206
vn -0.9947 0.0946 0.0396
vn -0.9978 -0.0127 -0.0656
vn -0.9825 0.0387 -0.1820
vn -0.9839 0.0917 -0.1537
vn -0.9908 0.1145 -0.0717
vn -0.9637 0.2299 -0.1356
vn -0.9640 0.2530 -0.0815
vn 0.0631 0.9194 -0.3882
vn 0.1276 0.9465 -0.2964
vn 0.0879 0.9358 -0.3415
vn -0.7975 -0.5645 -0.2128
vn -0.8592 -0.4569 -0.2304
vn -0.8283 -0.5126 -0.2261
vn -0.6887 -0.5197 -0.5056
vn -0.4909 -0.6525 -0.5773
vn -0.2558 -0.6659 -0.7008
vn -0.4045 -0.5393 -0.7386
vn -0.9525 -0.3045 0.0073
vn -0.9265 -0.3611 0.1056
vn -0.8315 -0.4569 0.3161
vn -0.3137 -0.9423 -0.1169
vn -0.2630 -0.9283 -0.2630
vn -0.3225 -0.9123 0.2525
vn -0.3558 -0.9332 0.0508
vn -0.7264 -0.3957 0.5620
vn -0.5171 -0.5354 0.6678
vn -0.8039 0.4483 -0.3909
vn -0.8224 0.5184 -0.2345
vn -0.6350 -0.5071 -0.5827
vn -0.8745 -0.4657 -0.1353
vn -0.9251 0.3571 -0.1290
vn -0.7391 0.2280 -0.6339
vn -0.7888 0.3247 -0.5219
vn -0.9069 -0.4162 -0.0651
vn -0.9108 0.2946 -0.2892
vn -0.8857 0.4581 -0.0759
vn -0.9170 -0.3986 0.0178
vn -0.8617 -0.5006 -0.0828
vn -0.9246 -0.1643 -0.3437
vn -0.9300 -0.1127 -0.3499
vn -0.8548 -0.5098 -0.0968
vn -0.9191 -0.2090 -0.3340
vn -0.8898 -0.1038 -0.4444
vn -0.8933 -0.1044 -0.4372
vn -0.0817 -0.8020 -0.5917
vn -0.0141 -0.9451 -0.3266
vn -0.9676 0.2212 0.1220
vn -0.9228 -0.3773 -0.0780
vn -0.9057 -0.4103 0.1066
vn -0.9561 0.0573 0.2873
vn -0.8899 0.2862 -0.3553
vn -0.9215 -0.2961 -0.2512
vn -0.8984 -0.3994 -0.1827
vn -0.9511 0.2654 -0.1581
vn -0.8754 0.1368 -0.4637
vn -0.8422 -0.4502 -0.2966
vn -0.9115 -0.1462 -0.3844
vn -0.8577 0.2321 -0.4588
vn -0.8933 -0.4475 -0.0421
vn -0.8884 0.3770 -0.2618
vn -0.8891 0.3060 -0.3405
vn -0.9615 -0.2590 -0.0920
vn -0.8504 -0.3340 -0.4065
vn -0.8821 -0.4395 -0.1698
vn -0.9318 -0.2825 0.2279
vn -0.8995 -0.3828 0.2106
vn -0.8824 -0.4701 0.0190
vn -0.7796 -0.5727 -0.2535
vn -0.6768 -0.6088 -0.4140
vn -0.7037 -0.6963 -0.1413
vn -0.5116 -0.8494 -0.1299
vn -0.5786 -0.7670 -0.2775
vn -0.6934 -0.6876 -0.2152
vn -0.8804 -0.3110 -0.3580
vn -0.6354 -0.7645 -0.1084
vn -0.5105 -0.8563 -0.0779
vn -0.8693 -0.4413 -0.2226
vn -0.7886 -0.5914 -0.1684
vn -0.9800 -0.1077 -0.1672
vn -0.9987 -0.0460 0.0202
vn -0.8253 0.3254 -0.4615
vn -0.7536 0.2445 -0.6101
vn -0.6484 -0.4698 0.5991
vn -0.4597 -0.3328 0.8234
vn -0.9917 -0.1255 -0.0287
vn -0.9941 -0.1071 0.0151
vn -0.9852 -0.1702 0.0198
vn -0.9818 -0.1871 -0.0335
vn -0.7765 0.2077 -0.5949
vn -0.8169 0.2328 -0.5278
vn -0.8134 0.3103 -0.4921
vn -0.7971 0.4493 -0.4034
vn -0.3611 0.8231 -0.4384
vn -0.4257 0.7582 -0.4938
vn -0.2247 0.9358 -0.2716
vn -0.3263 0.8742 -0.3596
vn -0.9191 0.3784 -0.1097
vn -0.9169 0.3748 -0.1375
vn -0.9193 -0.3683 -0.1386
vn -0.9138 0.3963 -0.0889
vn -0.8497 0.5198 -0.0888
vn -0.8345 0.4757 -0.2780
vn -0.8757 0.4181 -0.2416
vn -0.7802 0.5092 -0.3632
vn -0.6863 0.6244 -0.3729
vn -0.8065 0.5599 -0.1900
vn -0.8079 0.5344 -0.2485
vn -0.6415 0.7033 -0.3064
vn -0.6257 0.7502 -0.2137
vn -0.9840 -0.0076 -0.1778
vn -0.9767 -0.1784 -0.1196
vn -0.9673 -0.2460 -0.0613
vn -0.9944 -0.0802 -0.0694
vn -0.9976 -0.0384 -0.0574
vn -0.9832 0.1725 -0.0596
vn -0.9904 0.1192 -0.0695
vn -0.9442 0.3287 -0.0214
vn -0.9321 0.3552 -0.0704
vn -0.8681 0.4952 -0.0342
vn -0.8986 0.4365 0.0445
vn -0.9987 -0.0500 0.0045
vn -0.9988 -0.0442 0.0206
vn -0.7975 0.6032 -0.0079
vn -0.8130 0.5742 0.0961
vn -0.9765 -0.0874 0.1971
vn -0.9857 -0.0999 0.1360
vn -0.9986 -0.0447 0.0296
vn -0.7048 0.7090 -0.0250
vn -0.7573 0.6522 -0.0337
vn -0.8840 0.0794 -0.4607
vn -0.9383 0.3201 0.1311
vn -0.9975 -0.0357 0.0608
vn -0.9548 0.1309 -0.2670
vn -0.6766 0.7340 0.0590
vn -0.8046 0.4166 -0.4231
vn -0.8985 0.3100 -0.3107
vn -0.8059 0.5348 0.2538
vn -0.2780 -0.7040 -0.6536
vn -0.4280 -0.4722 -0.7706
vn -0.1972 -0.6119 -0.7660
vn -0.8369 0.4337 -0.3339
vn -0.8430 0.4944 0.2120
vn -0.3579 -0.4448 -0.8210
vn -0.5589 -0.3081 -0.7699
vn -0.9852 -0.0274 0.1695
vn -0.8643 0.4574 0.2094
vn -0.4971 0.8509 0.1698
vn -0.9426 -0.3337 0.0129
vn -0.9586 -0.2707 0.0884
vn -0.9280 -0.3100 -0.2066
vn -0.5961 0.7783 -0.1974
vn -0.7160 0.3924 -0.5774
vn -0.2704 0.9619 0.0400
vn -0.6084 0.7805 -0.1439
vn -0.6172 0.7842 -0.0642
vn -0.8007 0.5847 -0.1306
vn -0.4739 -0.8160 0.3310
vn -0.3795 -0.8373 0.3935
vn -0.4567 -0.7621 0.4589
vn -0.9881 -0.1304 0.0818
vn -0.9966 -0.0762 0.0319
vn 0.9362 -0.2043 -0.2860
vn 0.9522 -0.1187 -0.2816
vn 0.8134 0.3102 -0.4920
vn 0.8168 0.2329 -0.5278
vn 0.7971 0.4493 -0.4034
vn -0.8910 -0.3924 -0.2282
vn -0.9221 -0.3185 -0.2197
vn -0.9344 0.3032 -0.1872
vn -0.9932 -0.0736 -0.0897
vn 0.9344 0.3032 -0.1871
vn 0.9791 -0.1441 -0.1433
vn 0.9626 -0.2040 -0.1784
vn 0.9798 -0.1535 -0.1283
vn 0.9257 -0.0721 -0.3713
vn 0.9025 -0.1055 -0.4177
vn 0.6521 -0.0267 -0.7577
vn 0.6828 0.0725 -0.7270
vn 0.3758 0.1088 -0.9203
vn 0.3178 0.2683 -0.9094
vn 0.0146 0.4422 -0.8968
vn 0.3087 0.2871 -0.9068
vn -0.3178 0.2684 -0.9094
vn -0.6827 0.0726 -0.7271
vn -0.9257 -0.0722 -0.3712
vn -0.9791 -0.1440 -0.1434
vn 0.2547 0.4614 -0.8498
vn -0.0891 0.7666 -0.6359
vn -0.8800 0.3828 -0.2812
vn -0.9037 0.3890 -0.1790
vn 0.8598 0.4924 -0.1350
vn 0.9168 0.3748 -0.1376
vn -0.5814 0.6529 -0.4854
vn -0.8672 0.4664 -0.1742
vn -0.5253 -0.6803 0.5112
vn 0.5247 -0.6802 0.5119
vn 0.3156 0.8951 -0.3151
vn 0.4565 0.8323 -0.3144
vn 0.3032 0.8944 -0.3287
vn 0.3131 0.9130 -0.2614
vn 0.3274 0.9392 -0.1036
vn 0.3209 0.9467 0.0262
vn 0.2996 0.9500 0.0879
vn 0.2871 0.9336 0.2143
vn 0.2822 0.9478 0.1485
vn 0.3147 0.9076 0.2779
vn 0.3544 0.8708 0.3407
vn 0.3788 0.8259 0.4176
vn 0.3002 0.7280 0.6164
vn 0.1522 0.6182 0.7711
vn 0.0789 0.6282 0.7740
vn 0.0545 0.6800 0.7312
vn -0.3904 0.9060 -0.1636
vn -0.2704 0.9487 -0.1641
vn -0.2313 0.9366 -0.2631
vn -0.3479 0.9011 -0.2588
vn -0.2000 0.9274 -0.3162
vn -0.1931 0.9264 -0.3232
vn -0.2032 0.9421 -0.2667
vn -0.2033 0.9708 -0.1271
vn -0.1639 0.9864 -0.0155
vn -0.0989 0.9943 0.0391
vn -0.0594 0.9898 0.1291
vn -0.0736 0.9704 0.2299
vn -0.1150 0.9440 0.3094
vn -0.1571 0.9122 0.3784
vn -0.1921 0.8756 0.4432
vn -0.1649 0.8001 0.5768
vn -0.0709 0.7154 0.6951
vn -0.0037 0.7023 0.7119
vn 0.0174 0.7361 0.6766
vn 0.6384 0.0254 -0.7693
vn -0.1815 0.9806 -0.0741
vn -0.1759 0.9712 -0.1605
vn 0.2248 0.9358 -0.2715
vn -0.7488 0.6512 -0.1236
vn -0.7506 0.6603 -0.0263
vn -0.8261 0.5576 0.0817
vn -0.9610 0.2636 -0.0832
vn 0.9692 -0.0980 -0.2260
vn 0.9144 -0.4043 -0.0174
vn 0.9377 -0.2303 -0.2600
vn -0.9615 -0.1508 -0.2298
vn -0.9350 -0.0319 -0.3532
vn -0.9608 -0.0620 -0.2703
vn -0.9557 -0.1396 -0.2593
vn -0.9626 -0.2038 -0.1783
vn 0.9279 -0.3101 -0.2068
vn -0.9582 -0.1390 -0.2501
vn -0.9320 -0.2163 -0.2907
vn -0.9061 -0.0967 -0.4119
vn -0.9367 -0.0358 -0.3484
vn -0.9368 0.0904 -0.3381
vn -0.8573 -0.5050 -0.0996
vn -0.8774 -0.4729 -0.0816
vn -0.9667 -0.1231 -0.2243
vn -0.9558 -0.1453 -0.2557
vn -0.8458 -0.5281 -0.0762
vn -0.8354 -0.5480 -0.0424
vn -0.8061 0.4263 -0.4105
vn -0.8120 0.4566 -0.3637
vn -0.3757 0.8530 -0.3623
vn -0.3457 0.8399 -0.4184
vn 0.1269 0.9625 -0.2396
vn 0.1288 0.9451 -0.3002
vn 0.1594 0.9564 -0.2447
vn 0.1757 0.9713 -0.1606
vn -0.2356 0.9588 -0.1589
vn -0.8913 0.4254 -0.1568
vn -0.8977 0.4111 -0.1585
vn -0.8702 0.4705 -0.1463
vn -0.1610 0.9857 -0.0503
vn -0.0000 0.9989 -0.0479
vn 0.1610 0.9857 -0.0502
vn 0.3030 0.9515 -0.0535
vn 0.8977 0.4111 -0.1586
vn 0.8913 0.4255 -0.1569
vn 0.8007 0.5847 -0.1307
vn 0.8064 0.5600 -0.1901
vn 0.6259 0.7501 -0.2136
vn -0.1272 0.9626 -0.2394
vn 0.3759 0.8530 -0.3621
vn 0.8123 0.4562 -0.3634
vn 0.9667 -0.1231 -0.2241
vn 0.8897 -0.1035 -0.4447
vn 0.8694 -0.4412 -0.2227
vn -0.9131 -0.3188 -0.2540
vn 0.9359 -0.3474 -0.0586
vn 0.9344 -0.1301 0.3316
vn 0.8192 -0.3716 0.4368
vn -0.3067 -0.3826 0.8716
vn -0.2236 -0.5710 0.7899
vn 0.7496 -0.4747 0.4613
vn -0.7491 -0.4751 0.4617
vn -0.8187 -0.3720 0.4375
vn 0.8497 0.2269 0.4760
vn -0.2649 -0.6030 0.7525
vn -0.0959 -0.3301 0.9391
vn -0.4028 0.0163 0.9151
vn -0.5665 -0.0504 0.8225
vn 0.3263 0.9327 -0.1534
vn 0.6105 -0.2047 0.7651
vn 0.4022 0.0177 0.9154
vn 0.6178 0.7375 0.2730
vn -0.8493 0.2264 0.4768
vn -0.6182 0.7370 0.2733
vn -0.3259 0.9329 -0.1534
vn 0.3072 -0.3827 0.8713
vn 0.3639 -0.3846 0.8483
vn 0.0949 -0.3302 0.9391
vn -0.6097 -0.2057 0.7655
vn -0.3635 -0.3854 0.8481
vn -0.6300 0.7300 -0.2649
vn 0.4854 0.8346 -0.2605
vn 0.3480 0.9011 -0.2588
vn 0.7508 0.6058 -0.2633
vn 0.8076 0.5347 -0.2486
vn 0.3264 0.8742 -0.3594
vn 0.6416 0.7032 -0.3064
vn -0.0879 0.9358 -0.3414
vn -0.1137 0.9165 -0.3836
vn 0.3082 0.8059 -0.5055
vn 0.7913 0.3754 -0.4826
vn 0.9438 -0.2173 -0.2491
vn 0.8394 -0.5417 -0.0452
vn 0.8616 -0.5007 -0.0828
vn 0.9321 -0.2162 -0.2907
vn 0.9191 -0.2089 -0.3342
vn 0.9582 -0.1387 -0.2501
vn -0.8735 -0.4813 -0.0736
vn -0.8927 -0.4458 -0.0664
vn -0.9322 -0.3556 -0.0678
vn 0.8355 -0.5479 -0.0424
vn 0.3954 -0.8340 -0.3849
vn 0.5785 -0.7670 -0.2775
vn 0.0817 -0.8019 -0.5919
vn 0.1305 -0.8580 -0.4968
vn -0.1898 0.9817 -0.0141
vn 0.1813 0.9806 -0.0741
vn 0.9245 -0.1644 -0.3440
vn 0.6104 -0.7764 0.1568
vn 0.1339 -0.8983 0.4184
vn 0.2515 -0.8818 0.3989
vn -0.7740 -0.6241 0.1072
vn -0.4962 -0.7495 0.4382
vn -0.2485 -0.7673 0.5912
vn 0.2555 -0.6659 -0.7009
vn 0.1971 -0.6119 -0.7660
vn 0.9010 0.4213 -0.1034
vn 0.8383 0.5422 -0.0571
vn -0.8383 0.5422 -0.0571
vn -0.6801 0.7304 0.0640
vn -0.8692 0.4534 0.1973
vn -0.9166 -0.3968 0.0498
vn -0.8651 -0.4938 0.0881
vn -0.9268 -0.1199 -0.3559
vn -0.6455 0.1512 -0.7486
vn -0.8283 -0.4111 0.3807
vn -0.3539 -0.4298 0.8307
vn 0.1458 -0.3081 0.9401
vn 0.3866 -0.1892 0.9027
vn -0.2607 -0.1723 0.9499
vn -0.9477 -0.0672 0.3121
vn -0.9994 -0.0052 0.0353
vn 0.2606 -0.1714 0.9501
vn 0.9473 -0.0671 0.3132
vn -0.3840 -0.1891 0.9037
vn 0.3543 -0.4295 0.8306
vn -0.1437 -0.3081 0.9404
vn 0.8283 -0.4109 0.3809
vn 0.9268 -0.1202 -0.3559
vn 0.6448 0.1510 -0.7493
vn 0.7487 0.6513 -0.1235
vn -0.7301 -0.2336 -0.6421
vn -0.8750 0.2493 -0.4150
vn 0.4042 -0.5393 -0.7387
vn 0.3579 -0.4447 -0.8210
vn 0.6350 -0.5071 -0.5828
vn 0.5590 -0.3080 -0.7699
vn 0.8884 0.3771 -0.2618
vn 0.8750 0.2496 -0.4148
vn -0.6540 -0.2056 -0.7280
vn -0.8265 0.2178 -0.5191
vn 0.2332 -0.8133 0.5330
vn 0.2242 -0.5711 0.7897
vn 0.3138 -0.9423 -0.1168
vn 0.3557 -0.9332 0.0508
vn 0.2424 -0.8679 -0.4337
vn 0.2631 -0.9282 -0.2630
vn -0.8499 -0.0838 -0.5203
vn -0.8926 0.0735 -0.4449
vn -0.7617 -0.6008 -0.2425
vn -0.6902 -0.7229 -0.0312
vn -0.9124 -0.1547 -0.3789
vn -0.6684 -0.5246 -0.5273
vn -0.6620 -0.6140 -0.4298
vn -0.9726 0.0663 -0.2227
vn 0.4020 -0.8380 0.3689
vn 0.2642 -0.6032 0.7526
vn 0.7396 -0.5541 -0.3820
vn 0.6622 -0.6139 -0.4297
vn -0.9141 0.2214 -0.3398
vn 0.3223 -0.9124 0.2523
vn -0.2330 -0.8135 0.5328
vn 0.2783 -0.7038 -0.6536
vn -0.2422 -0.8680 -0.4336
vn 0.6684 -0.5246 -0.5273
vn 0.7617 -0.6009 -0.2425
vn 0.7235 -0.5706 0.3886
vn 0.7086 -0.7044 0.0412
vn 0.9141 0.2212 -0.3398
vn 0.9961 0.0870 0.0115
vn -0.7394 -0.5542 -0.3822
vn -0.7087 -0.7043 0.0411
vn -0.4021 -0.8381 0.3687
vn 0.6901 -0.7230 -0.0313
vn 0.7302 -0.2336 -0.6421
vn 0.8504 -0.3340 -0.4065
vn -0.7236 -0.5705 0.3885
vn 0.2966 0.9443 -0.1426
vn 0.6065 0.7708 0.1951
vn 0.5662 -0.0501 0.8227
vn -0.6067 0.7706 0.1952
vn -0.9961 0.0870 0.0113
vn 0.7656 -0.6296 0.1319
vn 0.6885 -0.5199 -0.5057
vn 0.4908 -0.6526 -0.5773
vn 0.9986 -0.0446 0.0297
vn 0.9994 -0.0052 0.0353
vn 0.6801 0.7303 0.0640
vn -0.9993 0.0080 0.0361
vn -0.9010 0.4214 -0.1034
vn -0.2966 0.9443 -0.1425
vn -0.3028 0.9515 -0.0537
vn 0.4304 0.9008 -0.0569
vn 0.3906 0.9059 -0.1635
vn 0.4621 -0.0050 0.8868
vn 0.4015 0.2603 0.8781
vn 0.4453 -0.3401 0.8283
vn 0.3154 -0.6213 0.7173
vn -0.4454 -0.3401 0.8282
vn -0.3153 -0.6214 0.7172
vn -0.4621 -0.0050 0.8868
vn -0.4015 0.2602 0.8781
vn -0.2824 0.4763 0.8327
vn -0.1420 0.6324 0.7615
vn 0.2824 0.4764 0.8326
vn 0.1420 0.6324 0.7615
vn 0.2099 -0.5287 0.8225
vn 0.3043 -0.1340 0.9431
vn -0.1666 -0.3509 0.9215
vn -0.2685 -0.4917 0.8283
vn 0.2461 -0.4162 0.8753
vn 0.3054 -0.0764 0.9491
vn -0.9528 -0.2610 0.1552
vn -0.9569 0.0621 0.2838
vn -0.1679 -0.5556 0.8143
vn 0.2086 -0.5603 0.8016
vn 0.1446 -0.3562 0.9232
vn -0.2803 -0.1600 0.9465
vn -0.3143 -0.0690 0.9468
vn -0.2304 -0.4269 0.8745
vn 0.9202 -0.3021 0.2491
vn 0.7412 -0.6522 0.1587
vn 0.1289 -0.1419 0.9814
vn 0.9402 -0.0522 0.3366
vn -0.0118 -0.9985 -0.0539
vn -0.0221 -0.0869 0.9960
vn 0.0950 -0.0844 0.9919
vn 0.2504 -0.9679 -0.0199
vn 0.1478 -0.0898 0.9849
vn 0.5049 -0.8612 0.0589
vn -0.0479 0.7168 0.6956
vn -0.0049 0.7603 0.6495
vn -0.2339 0.3027 0.9239
vn -0.1317 0.5865 0.7992
vn 0.0108 0.7863 0.6178
vn -0.0110 0.8094 0.5871
vn -0.1579 0.4264 0.8906
vn -0.0395 0.6907 0.7221
vn -0.1599 -0.2009 0.9665
vn -0.7818 -0.6235 0.0026
vn -0.1048 -0.1026 0.9892
vn -0.2720 -0.9612 -0.0466
vn -0.5480 -0.8357 -0.0367
vn -0.1491 -0.1459 0.9780
vn 0.0668 0.6992 0.7118
vn 0.2567 0.2489 0.9339
vn 0.1749 0.5238 0.8337
vn 0.2440 0.3444 0.9066
vn 0.5238 -0.0162 0.8517
vn -0.0096 0.7633 0.6460
vn 0.0540 0.6378 0.7683
vn 0.9148 -0.1171 0.3865
vn 0.8844 -0.3601 0.2969
vn 0.7107 -0.6659 0.2267
vn 0.4899 -0.8534 0.1783
vn 0.2467 -0.9602 0.1311
vn -0.0055 -0.9945 0.1043
vn -0.2497 -0.9630 0.1011
vn -0.5061 -0.8580 0.0876
vn -0.7375 -0.6691 0.0917
vn -0.9132 -0.3416 0.2223
vn -0.9285 -0.0477 0.3682
vn 0.3277 -0.5201 0.7887
vn 0.3197 -0.4681 0.8238
vn 0.2663 -0.5080 0.8192
vn 0.1417 -0.5924 0.7931
vn -0.0035 -0.6288 0.7776
vn -0.1285 -0.6225 0.7720
vn -0.2396 -0.5776 0.7804
vn -0.3035 -0.5532 0.7758
vn -0.3259 -0.5470 0.7711
vn -0.3497 -0.5380 0.7670
vn 0.3412 -0.5686 0.7485
vn -0.3668 0.3427 0.8649
vn -0.4888 -0.0148 0.8723
vn 0.5507 -0.6393 0.5367
vn 0.5845 -0.5855 0.5618
vn 0.6752 0.0246 -0.7372
vn 0.6050 -0.0906 -0.7911
vn 0.4296 -0.7610 0.4862
vn 0.5059 -0.6997 0.5045
vn 0.5309 -0.1891 -0.8261
vn 0.4534 -0.2839 -0.8449
vn 0.1309 -0.8552 0.5015
vn 0.2521 -0.8325 0.4934
vn 0.2657 -0.4424 -0.8566
vn 0.1482 -0.4825 -0.8633
vn 0.8723 0.4786 -0.0999
vn 0.8526 0.0722 -0.5175
vn 0.4988 -0.0045 0.8667
vn 0.5592 0.1237 0.8197
vn 0.8259 0.0026 -0.5638
vn 0.8110 -0.1139 -0.5738
vn 0.4914 -0.1694 0.8543
vn 0.4737 -0.0895 0.8761
vn 0.5788 -0.4359 -0.6892
vn 0.4703 -0.5369 -0.7004
vn 0.4153 -0.5315 0.7383
vn 0.4908 -0.4426 0.7505
vn 0.2591 -0.6621 -0.7032
vn 0.1491 -0.6739 -0.7236
vn 0.1321 -0.6837 0.7177
vn 0.2397 -0.6418 0.7284
vn -0.8050 -0.4308 -0.4078
vn -0.8700 -0.3698 -0.3262
vn -0.8377 -0.2207 -0.4996
vn -0.7423 -0.2338 -0.6279
vn -0.8747 -0.3625 -0.3218
vn -0.8659 -0.2326 -0.4429
vn -0.7928 -0.1238 -0.5968
vn -0.8354 -0.1158 -0.5373
vn -0.5039 0.6223 -0.5990
vn -0.4438 0.5919 -0.6728
vn -0.6738 -0.1488 -0.7238
vn -0.3551 0.5517 -0.7547
vn -0.0157 -0.1925 -0.9812
vn -0.2656 -0.1939 -0.9444
vn -0.1328 0.4266 -0.8947
vn 0.0158 0.4134 -0.9104
vn -0.6890 -0.0045 0.7247
vn -0.6127 0.1171 0.7816
vn -0.5621 0.6543 -0.5059
vn -0.6042 0.5904 -0.5352
vn -0.5275 0.2038 0.8247
vn -0.4469 0.2817 0.8491
vn -0.4239 0.7638 -0.4867
vn -0.5040 0.7125 -0.4882
vn -0.2482 0.4312 0.8674
vn -0.1322 0.4785 0.8681
vn -0.1104 0.8579 -0.5018
vn -0.2311 0.8319 -0.5045
vn -0.8438 0.1304 0.5205
vn -0.5517 0.1852 -0.8132
vn -0.5646 0.1016 -0.8191
vn -0.8731 0.0147 0.4873
vn -0.4898 0.5491 0.6772
vn -0.4382 0.5416 -0.7174
vn -0.5250 0.4370 -0.7303
vn -0.6072 0.4359 0.6643
vn -0.1595 0.6942 0.7019
vn -0.1454 0.7070 -0.6921
vn -0.2503 0.6554 -0.7126
vn -0.2674 0.6736 0.6890
vn 0.6731 -0.4047 0.6189
vn 0.6574 -0.3765 0.6528
vn 0.7103 0.4209 -0.5642
vn 0.7127 0.3469 -0.6097
vn -0.7363 -0.3463 0.5813
vn -0.7009 0.3773 -0.6053
vn -0.6991 0.3402 -0.6289
vn -0.7496 -0.4101 0.5196
vn 0.6251 -0.5383 0.5653
vn 0.7179 0.1378 -0.6824
vn -0.6328 0.5376 -0.5572
vn -0.7220 -0.1334 0.6789
vn -0.8635 -0.0321 0.5033
vn -0.5255 0.0489 -0.8494
vn -0.7799 0.2278 0.5829
vn -0.7071 0.3108 0.6352
vn -0.5805 0.3060 -0.7546
vn -0.5677 0.2386 -0.7879
vn 0.7661 -0.2017 -0.6102
vn 0.6856 -0.3060 -0.6605
vn 0.5531 -0.3023 0.7763
vn 0.5424 -0.2056 0.8145
vn -0.3723 0.6271 0.6842
vn -0.3419 0.6101 -0.7147
vn 0.3637 -0.6112 -0.7030
vn 0.3323 -0.5930 0.7334
vn -0.0398 0.6976 0.7154
vn -0.0359 0.7437 -0.6676
vn 0.0363 -0.6656 -0.7454
vn 0.0315 -0.7110 0.7025
vn -0.8717 -0.0342 0.4888
vn -0.7310 0.2170 -0.6470
vn 0.5587 0.8215 0.1136
vn -0.5991 0.5949 -0.5359
vn 0.6098 0.7819 0.1296
vn 0.6031 0.7905 0.1070
vn 0.4904 0.8640 0.1141
vn 0.2081 0.9664 0.1511
vn -0.0071 0.9860 0.1669
vn -0.0349 -0.3339 -0.9420
vn -0.3165 -0.3125 -0.8957
vn -0.6459 -0.4097 0.6442
vn -0.6545 -0.4693 0.5927
vn -0.7413 0.2464 -0.6243
vn -0.7488 0.3446 -0.5661
vn -0.6077 -0.5651 0.5580
vn -0.5896 -0.5890 0.5527
vn -0.6453 -0.0107 -0.7639
vn -0.6901 0.0743 -0.7199
vn -0.4453 -0.7365 0.5092
vn -0.3509 -0.7928 0.4983
vn -0.3790 -0.3612 -0.8520
vn -0.4795 -0.2618 -0.8376
vn -0.1397 -0.8644 0.4830
vn -0.0142 -0.8672 0.4977
vn -0.0024 -0.4862 -0.8738
vn -0.1456 -0.4585 -0.8767
vn -0.5389 0.1206 0.8337
vn -0.4789 -0.0178 0.8777
vn -0.8672 0.0687 -0.4931
vn -0.8662 0.4899 -0.0987
vn -0.5155 -0.1077 0.8501
vn -0.5678 -0.1784 0.8036
vn -0.7807 -0.1718 -0.6009
vn -0.8497 -0.0388 -0.5258
vn -0.5556 -0.4047 0.7263
vn -0.4528 -0.5253 0.7205
vn -0.5042 -0.4925 -0.7094
vn -0.5935 -0.3987 -0.6992
vn -0.2873 -0.6428 -0.7101
vn -0.2476 -0.6377 0.7294
vn -0.1345 -0.6680 0.7319
vn -0.1524 -0.6780 -0.7191
vn -0.0188 -0.7449 -0.6669
vn 0.3036 -0.3172 -0.8984
vn 0.3120 -0.7217 -0.6179
vn 0.8163 -0.1642 -0.5538
vn 0.7583 -0.1432 -0.6359
vn 0.3830 0.5678 -0.7287
vn 0.4747 0.5977 -0.6461
vn 0.6593 -0.1225 -0.7418
vn 0.3025 0.5287 -0.7931
vn 0.2748 -0.1680 -0.9467
vn 0.1780 0.4733 -0.8627
vn 0.7386 -0.2496 0.6262
vn 0.7600 -0.3423 0.5525
vn 0.6602 0.3976 -0.6372
vn 0.6552 0.4678 -0.5932
vn 0.6551 0.0423 0.7544
vn 0.7002 -0.0593 0.7115
vn 0.6223 0.5685 -0.5382
vn 0.6044 0.6067 -0.5165
vn 0.3695 0.3632 0.8553
vn 0.4819 0.2734 0.8325
vn 0.4506 0.7450 -0.4918
vn 0.3407 0.7995 -0.4947
vn 0.0173 0.8721 -0.4890
vn 0.0048 0.4887 0.8724
vn 0.1400 0.4591 0.8773
vn 0.1334 0.8680 -0.4782
vn 0.8484 0.0453 0.5274
vn 0.5142 0.1161 -0.8498
vn 0.5763 0.1709 -0.7992
vn 0.7869 0.1663 0.5942
vn 0.5969 0.4057 0.6922
vn 0.5588 0.4122 -0.7196
vn 0.4601 0.5357 -0.7081
vn 0.5109 0.5031 0.6971
vn 0.2992 0.6613 0.6879
vn 0.2626 0.6570 -0.7067
vn 0.1508 0.7003 -0.6977
vn 0.1652 0.7070 0.6877
vn -0.6254 -0.3751 0.6843
vn -0.7627 0.4293 -0.4837
vn 0.7706 -0.4285 0.4718
vn 0.6362 0.3632 -0.6807
vn -0.6407 -0.5251 0.5601
vn -0.7284 0.1731 -0.6629
vn 0.7229 -0.1799 0.6672
vn 0.6381 0.5238 -0.5644
vn -0.5620 -0.6397 0.5244
vn -0.5087 -0.6936 0.5101
vn -0.5436 -0.1720 -0.8216
vn -0.5955 -0.0884 -0.7985
vn 0.5995 0.1101 0.7927
vn 0.5703 0.6534 -0.4977
vn 0.5176 0.7032 -0.4875
vn 0.5481 0.1883 0.8149
vn -0.2441 -0.8404 0.4838
vn -0.2664 -0.4246 -0.8653
vn 0.2267 0.8439 -0.4863
vn 0.2515 0.4207 0.8716
vn 0.8753 -0.0198 0.4831
vn 0.4987 0.0726 -0.8637
vn 0.6926 0.2907 0.6602
vn 0.6065 0.2668 -0.7490
vn -0.5998 -0.2646 0.7551
vn -0.6861 -0.2884 -0.6679
vn 0.3508 0.6164 -0.7049
vn 0.4167 0.5870 0.6941
vn -0.3411 -0.6023 0.7217
vn -0.4087 -0.5724 -0.7109
vn 0.0444 0.7376 -0.6738
vn 0.0559 0.7075 0.7045
vn -0.0358 -0.7003 0.7130
vn -0.0493 -0.6722 -0.7387
vn 0.8936 -0.0352 0.4474
vn 0.5751 0.6020 -0.5539
vn -0.5814 0.8005 0.1457
vn -0.5682 0.8134 0.1247
vn -0.5677 0.8125 0.1322
vn -0.4818 0.8692 0.1111
vn 0.2760 0.5178 -0.8098
vn -0.4089 0.9077 0.0937
vn 0.2568 0.5172 -0.8164
vn -0.3395 0.9306 0.1368
vn -0.1931 0.9645 0.1803
vn 0.7407 0.2449 -0.6256
vn -0.8435 -0.5119 -0.1626
vn -0.7838 -0.5959 -0.1746
vn -0.8564 -0.4761 -0.1998
vn -0.8868 -0.3313 -0.3223
vn -0.8731 -0.4339 -0.2224
vn -0.9497 0.1290 0.2853
vn -0.8082 0.2516 0.5325
vn 0.1891 0.6415 0.7435
vn 0.1670 0.5889 0.7907
vn -0.9013 -0.2799 -0.3306
vn -0.9011 -0.3677 -0.2297
vn -0.8990 -0.2250 -0.3757
vn -0.9628 0.0007 0.2704
vn 0.1434 0.3328 0.9320
vn -0.9161 -0.2132 -0.3395
vn 0.2209 0.1019 0.9699
vn -0.9263 -0.0557 0.3725
vn -0.8779 -0.1232 -0.4627
vn -0.9167 -0.1316 -0.3774
vn -0.5359 -0.2787 -0.7970
vn -0.6155 -0.5531 -0.5615
vn -0.4697 -0.1787 -0.8646
vn -0.2352 0.4957 -0.8360
vn 0.3688 0.9205 0.1291
vn -0.7280 -0.6843 -0.0421
vn -0.7921 -0.6057 -0.0758
vn -0.8149 -0.5697 -0.1067
vn -0.8532 -0.5073 -0.1213
vn -0.8863 -0.4458 -0.1255
vn -0.7552 -0.5326 -0.3821
vn -0.7612 -0.4628 -0.4542
vn -0.7711 -0.4490 -0.4514
vn -0.9221 0.0461 0.3842
vn -0.9491 0.3048 -0.0800
vn -0.9836 0.1242 0.1312
vn -0.0232 0.6415 0.7667
vn -0.0449 0.6509 0.7578
vn 0.0646 0.8419 0.5358
vn -0.3384 -0.7157 -0.6110
vn -0.4776 -0.8218 -0.3108
vn -0.1818 -0.9162 -0.3572
vn -0.5646 -0.8212 -0.0832
vn -0.2439 -0.9467 -0.2104
vn -0.0050 -0.9318 -0.3630
vn -0.0261 -0.9686 -0.2471
vn 0.1431 -0.9212 -0.3619
vn 0.9157 -0.0432 0.3995
vn -0.2336 0.1110 0.9660
vn 0.8686 -0.1743 -0.4639
vn 0.9242 -0.1534 -0.3498
vn 0.5873 -0.7053 -0.3969
vn 0.5969 -0.5543 -0.5800
vn 0.9772 -0.0730 0.1995
vn -0.2117 0.4273 0.8790
vn -0.0757 0.5818 0.8098
vn 0.9982 -0.0277 0.0541
vn 0.5120 -0.1318 -0.8488
vn 0.5607 -0.2690 -0.7831
vn 0.1717 -0.9573 -0.2325
vn 0.6172 -0.7141 -0.3304
vn 0.7635 -0.5324 -0.3655
vn 0.5138 -0.8539 -0.0829
vn 0.7885 -0.4852 -0.3779
vn 0.7341 -0.6787 0.0228
vn 0.8395 -0.2829 -0.4638
vn 0.7708 -0.4039 -0.4927
vn 0.7885 -0.6142 -0.0321
vn 0.8041 -0.4476 -0.3912
vn 0.8006 -0.3723 -0.4694
vn 0.7958 -0.5966 -0.1040
vn 0.7936 -0.4330 -0.4274
vn 0.7991 -0.3577 -0.4832
vn 0.8203 -0.5499 -0.1574
vn 0.7932 -0.3980 -0.4608
vn 0.7977 -0.3438 -0.4954
vn 0.8859 -0.4389 -0.1500
vn 0.8328 -0.3043 -0.4624
vn 0.1657 0.6159 0.7702
vn 0.0964 0.8422 0.5304
vn 0.9808 0.1515 -0.1225
vn 0.9967 -0.0779 0.0238
vn 0.8305 -0.2811 -0.4809
vn 0.7864 -0.4802 -0.3886
vn 0.7411 -0.1570 -0.6528
vn 0.7398 0.0252 -0.6723
vn 0.8677 -0.3991 -0.2962
vn 0.8019 -0.0560 -0.5948
vn 0.8648 -0.4129 -0.2858
vn 0.7773 0.0487 -0.6272
vn 0.8289 -0.0373 -0.5581
vn 0.8680 -0.4049 -0.2874
vn 0.8813 -0.0299 -0.4716
vn 0.8937 -0.3502 -0.2805
vn 0.8478 0.0521 -0.5278
vn -0.2336 0.2607 0.9367
vn 0.9295 -0.0190 0.3683
vn 0.9214 -0.1665 -0.3511
vn 0.7775 0.3778 0.5028
vn -0.7706 0.3754 0.5150
vn -0.0705 0.7458 0.6624
vn 0.0074 0.9674 0.2530
vn 0.6922 -0.5959 -0.4071
vn 0.7715 -0.4782 -0.4196
vn 0.7512 -0.5002 -0.4308
vn 0.6407 -0.3660 0.6749
vn 0.7422 0.4525 -0.4943
vn -0.6609 0.3522 -0.6628
vn -0.7553 -0.4465 0.4798
vn 0.6641 -0.4695 0.5819
vn 0.7274 0.2418 -0.6422
vn -0.6667 0.4661 -0.5817
vn -0.7260 -0.2452 0.6425
vn -0.3344 0.8011 -0.4964
vn -0.3552 0.3636 0.8612
vn 0.3412 -0.8043 0.4866
vn 0.3625 -0.3751 -0.8531
vn -0.3665 -0.7804 -0.5066
vn -0.3838 -0.7411 -0.5509
vn -0.6594 -0.7295 -0.1817
vn -0.5552 -0.8286 -0.0719
vn 0.1454 -0.0542 -0.9879
vn 0.3214 -0.0259 -0.9466
vn -0.2777 -0.8585 -0.4312
vn 0.4620 -0.0283 -0.8864
vn 0.9562 -0.2091 0.2049
vn 0.9614 -0.1430 0.2350
vn 0.9050 -0.3081 0.2934
vn 0.9101 -0.3218 0.2609
vn -0.4420 0.4403 0.7815
vn -0.7709 0.2889 0.5677
vn -0.6746 0.2028 0.7098
vn -0.3047 0.3501 0.8858
vn -0.9681 0.0278 0.2492
vn -0.9562 -0.0966 0.2764
vn -0.4790 0.6204 -0.6210
vn -0.2078 -0.0301 -0.9777
vn -0.2711 -0.0118 -0.9625
vn -0.5814 0.5748 -0.5759
vn 0.3361 -0.7979 -0.5003
vn 0.3791 -0.7618 -0.5253
vn -0.9135 -0.3297 -0.2383
vn -0.4944 -0.6625 -0.5627
vn -0.6449 -0.4187 -0.6393
vn -0.6408 -0.2413 -0.7288
vn -0.9531 0.1514 -0.2620
vn 0.5654 -0.1923 -0.8021
vn 0.6263 -0.3917 -0.6740
vn 0.6074 -0.5173 -0.6028
vn -0.9595 -0.1619 0.2305
vn -0.9686 0.0155 0.2482
vn -0.9609 -0.0375 0.2745
vn -0.3940 0.0127 -0.9190
vn -0.6604 0.5097 -0.5514
vn 0.5539 -0.8296 -0.0697
vn 0.6164 -0.7726 -0.1519
vn 0.3557 -0.7371 -0.5746
vn -0.9653 -0.2385 0.1060
vn -0.9725 0.1279 0.1946
vn -0.9985 -0.0531 -0.0108
vn -0.9713 -0.1925 -0.1397
vn -0.9379 -0.3377 -0.0794
vn -0.9695 0.1499 0.1938
vn -0.9808 0.1901 0.0432
vn -0.9212 0.3779 0.0924
vn -0.8940 0.4063 -0.1889
vn -0.8676 0.4953 -0.0445
vn -0.9009 0.4339 0.0121
vn -0.8650 0.4961 -0.0755
vn -0.2984 0.7904 -0.5349
vn -0.0742 -0.4194 -0.9048
vn 0.9501 -0.0354 -0.3099
vn 0.4819 0.7952 -0.3680
vn -0.9570 0.2519 0.1438
vn -0.7969 0.4423 0.4114
vn -0.6866 0.6599 0.3051
vn -0.8448 0.5326 -0.0515
vn -0.8810 0.4654 -0.0858
vn -0.4815 0.8222 0.3036
vn -0.6256 0.7371 -0.2554
vn 0.7809 0.1288 0.6113
vn 0.7625 -0.0387 0.6459
vn 0.3050 0.2659 0.9145
vn 0.5110 -0.1325 0.8493
vn 0.3605 0.3368 0.8698
vn -0.2971 0.2616 0.9183
vn -0.6669 -0.0912 0.7395
vn -0.5880 -0.1001 0.8027
vn -0.2079 0.2812 0.9369
vn -0.1748 0.2001 0.9641
vn -0.5009 -0.3072 0.8091
vn -0.7928 -0.4034 0.4569
vn -0.4302 -0.9026 -0.0155
vn -0.1549 -0.0302 -0.9875
vn -0.2486 -0.9029 -0.3507
vn -0.7388 0.5567 -0.3798
vn -0.9302 -0.2983 0.2139
vn -0.9768 -0.2068 0.0559
vn -0.6668 0.6600 -0.3460
vn -0.6361 -0.7691 -0.0627
vn -0.6179 0.2464 -0.7466
vn -0.0011 0.7476 -0.6641
vn 0.9787 0.1018 0.1780
vn 0.9755 -0.0008 0.2201
vn 0.9690 -0.2029 0.1410
vn 0.9792 0.1950 0.0563
vn 0.9178 0.3721 0.1383
vn -0.8680 -0.3066 0.3906
vn -0.7111 -0.0084 0.7031
vn -0.9155 -0.3179 0.2465
vn -0.7936 -0.4314 0.4290
vn -0.7562 0.5377 -0.3729
vn 0.0577 0.9241 -0.3777
vn 0.0548 0.9634 -0.2625
vn -0.0087 0.9638 -0.2663
vn 0.1277 0.9884 -0.0824
vn 0.2268 0.9498 -0.2156
vn -0.0633 0.6929 0.7183
vn 0.1579 0.6135 0.7738
vn -0.0390 0.8311 0.5548
vn 0.0998 0.8551 0.5087
vn -0.0341 0.8713 0.4895
vn 0.0826 0.9927 0.0876
vn 0.2032 0.9526 0.2263
vn 0.2356 0.9100 0.3410
vn 0.0005 0.9169 0.3990
vn 0.4039 0.8164 -0.4127
vn 0.1772 0.9112 -0.3718
vn 0.3305 0.8759 -0.3515
vn -0.5103 0.7161 -0.4762
vn -0.9029 -0.3440 -0.2577
vn 0.2221 0.8396 -0.4958
vn 0.0655 0.9254 -0.3732
vn 0.1790 0.9266 -0.3308
vn 0.3841 0.8484 -0.3642
vn 0.3879 0.6388 -0.6645
vn 0.6348 0.5288 -0.5634
vn 0.5052 0.6953 -0.5111
vn 0.6931 0.5923 -0.4109
vn 0.0498 0.8949 -0.4435
vn 0.0381 0.9561 -0.2905
vn -0.7388 -0.6074 -0.2920
vn -0.7710 -0.6298 0.0940
vn -0.5045 -0.8458 0.1738
vn -0.5662 -0.8217 -0.0650
vn -0.5348 -0.7653 -0.3582
vn -0.3742 0.8600 -0.3469
vn -0.2496 0.9354 0.2506
vn -0.3399 0.9373 -0.0774
vn -0.4483 0.8707 -0.2021
vn -0.3609 0.8224 -0.4397
vn -0.3580 0.8797 -0.3130
vn -0.3718 0.8900 -0.2639
vn -0.4241 0.8804 -0.2123
vn -0.1471 0.9053 -0.3984
vn -0.1018 0.9304 -0.3520
vn -0.3918 0.8648 -0.3140
vn -0.4437 0.8323 -0.3322
vn -0.2101 0.8995 -0.3831
vn -0.2622 0.9404 -0.2166
vn -0.3665 0.8225 -0.4349
vn -0.5444 0.8144 -0.2011
vn -0.6860 0.7110 -0.1544
vn -0.6661 0.6301 -0.3990
vn -0.6673 0.7112 -0.2212
vn -0.4761 0.7461 -0.4654
vn -0.4157 0.7858 -0.4580
vn -0.2417 0.8779 -0.4133
vn 0.4335 -0.6909 -0.5785
vn -0.0898 0.2131 -0.9729
vn 0.7511 -0.1184 -0.6495
vn 0.2455 0.5630 -0.7892
vn -0.1039 0.8468 -0.5216
vn 0.5437 0.7609 -0.3541
vn -0.1594 0.8644 -0.4768
vn -0.1688 0.9511 -0.2588
vn 0.6127 0.7114 -0.3443
vn -0.2430 0.8593 -0.4501
vn -0.2836 0.9003 -0.3303
vn 0.0288 0.9220 -0.3860
vn 0.5997 0.7563 -0.2615
vn 0.9983 -0.0449 0.0373
vn 0.9911 0.0293 0.1302
vn 0.9960 -0.0628 -0.0635
vn 0.8039 -0.4854 -0.3437
vn 0.6197 -0.6841 -0.3846
vn 0.6958 -0.7182 -0.0107
vn 0.8614 -0.4910 0.1300
vn 0.5554 -0.8303 -0.0453
vn 0.7342 -0.6640 0.1415
vn -0.3957 0.8284 -0.3966
vn -0.4567 0.7840 -0.4203
vn -0.2481 0.9048 -0.3461
vn 0.0132 0.9765 -0.2149
vn -0.9158 0.2334 -0.3269
vn -0.4092 -0.5677 -0.7143
vn -0.5420 -0.4828 -0.6878
vn -0.4777 -0.1276 -0.8692
vn -0.5568 -0.3381 -0.7587
vn 0.6399 -0.3413 -0.6885
vn 0.7495 -0.1849 -0.6357
vn 0.4423 -0.6881 -0.5752
vn 0.5718 -0.5335 -0.6232
vn 0.8956 -0.3720 -0.2439
vn 0.9666 0.1020 -0.2353
vn 0.1926 0.2869 0.9384
vn 0.4848 -0.1317 0.8647
vn 0.1422 0.2712 0.9520
vn 0.1496 0.2822 0.9476
vn 0.1755 0.2535 0.9513
vn 0.0900 0.1998 0.9757
vn 0.0042 0.2623 0.9650
vn 0.0400 0.1925 0.9805
vn -0.1362 0.8110 0.5690
vn -0.2232 0.8787 0.4220
vn 0.3457 0.6757 0.6511
vn 0.2406 0.8453 0.4771
vn 0.0431 0.9227 0.3831
vn -0.0684 0.9915 0.1106
vn 0.5212 0.8328 0.1865
vn 0.6914 0.6320 0.3500
vn 0.2627 0.9590 0.1063
vn 0.2052 0.9676 -0.1468
vn 0.0396 0.9283 -0.3698
vn 0.4016 0.8661 -0.2975
vn 0.6812 0.7021 -0.2077
vn 0.4624 0.8563 -0.2300
vn 0.6635 0.7258 -0.1814
vn 0.6773 0.7060 -0.2069
vn 0.8332 0.5519 -0.0343
vn 0.8356 0.5183 -0.1819
vn 0.8418 0.5306 -0.0992
vn -0.1255 0.1927 0.9732
vn 0.0132 0.1932 0.9811
vn -0.0299 0.1899 0.9814
vn -0.2670 -0.2894 0.9192
vn 0.0178 -0.3287 0.9443
vn -0.1155 -0.4266 0.8970
vn -0.3700 -0.7077 0.6019
vn -0.1920 -0.7635 0.6166
vn -0.9203 -0.3375 0.1981
vn -0.8248 -0.4822 0.2953
vn -0.8199 -0.4638 0.3355
vn -0.6479 -0.6443 0.4063
vn -0.6406 -0.6023 0.4764
vn -0.7801 -0.4646 0.4190
vn -0.2247 -0.7696 0.5976
vn -0.4309 -0.7339 0.5251
vn -0.4292 -0.7541 0.4972
vn -0.2441 -0.8027 0.5442
vn -0.6437 -0.6152 0.4552
vn -0.6346 -0.6184 0.4635
vn 0.1459 -0.4174 0.8969
vn 0.2693 -0.2970 0.9161
vn -0.0095 -0.7572 0.6531
vn 0.1977 -0.7479 0.6337
vn 0.4256 -0.6829 0.5938
vn -0.0433 -0.7826 0.6210
vn 0.1836 -0.7743 0.6056
vn -0.0465 -0.8291 0.5572
vn 0.1936 -0.8226 0.5347
vn -0.0367 -0.9323 0.3598
vn -0.2335 -0.8999 0.3683
vn 0.1888 -0.9253 0.3289
vn 0.5300 -0.5994 0.5998
vn 0.6860 -0.5219 0.5070
vn 0.3959 -0.7243 0.5646
vn 0.7700 -0.5233 0.3651
vn 0.5636 -0.6810 0.4675
vn 0.4793 -0.6647 0.5732
vn 0.4100 -0.7758 0.4796
vn 0.5952 -0.6956 0.4022
vn 0.7795 -0.5475 0.3044
vn 0.4027 -0.8619 0.3082
vn 0.4589 -0.3075 0.8336
vn 0.3898 0.5190 0.7607
vn 0.7583 0.1855 0.6249
vn 0.3610 0.3084 0.8801
vn 0.1812 0.3386 0.9233
vn -0.0123 0.3314 0.9434
vn 0.2038 0.4078 0.8900
vn 0.3712 0.3776 0.8483
vn -0.0299 0.4545 0.8902
vn 0.9544 0.2434 0.1731
vn 0.7383 0.2746 0.6161
vn 0.7819 0.4138 0.4662
vn 0.9732 0.0117 0.2298
vn 0.9399 0.1788 0.2910
vn -0.4683 0.2745 -0.8398
vn 0.0129 0.3591 -0.9332
vn 0.0059 0.1024 -0.9947
vn -0.2901 0.0546 -0.9554
vn 0.4719 0.2530 -0.8446
vn 0.0136 0.5640 -0.8256
vn 0.2956 0.0504 -0.9540
vn -0.8653 -0.2327 -0.4439
vn 0.8811 -0.2522 -0.4001
vn -0.6146 -0.7510 -0.2412
vn -0.5826 -0.4534 -0.6746
vn -0.4973 -0.7495 -0.4369
vn 0.0099 -0.5537 -0.8327
vn 0.0060 -0.7444 -0.6677
vn 0.5895 -0.4479 -0.6722
vn 0.5133 -0.7406 -0.4336
vn 0.6404 -0.7474 -0.1769
vn 0.0087 -0.1404 -0.9901
vn 0.5279 -0.1147 -0.8415
vn -0.5257 -0.1129 -0.8431
vn 0.8980 0.3196 -0.3025
vn 0.9856 -0.0315 -0.1660
vn 0.9684 -0.2485 -0.0234
vn 0.9909 -0.1328 0.0236
vn 0.9175 0.3976 -0.0072
vn 0.9607 0.2180 -0.1717
vn 0.7678 0.5160 -0.3798
vn -0.3149 0.3555 0.8800
vn -0.2684 0.3299 0.9050
vn -0.2708 0.4495 0.8512
vn -0.2525 0.6818 0.6866
vn -0.2988 0.8060 0.5109
vn -0.4598 0.7274 0.5094
vn -0.4959 0.6042 0.6237
vn -0.3465 0.7349 0.5830
vn -0.3183 0.8154 0.4835
vn -0.1864 0.8455 0.5003
vn 0.0062 0.9177 0.3973
vn -0.1893 0.9784 0.0827
vn -0.2153 0.8687 0.4462
vn -0.0641 0.9065 0.4173
vn 0.0085 0.8454 -0.5341
vn -0.1419 0.8031 -0.5787
vn -0.4001 0.9005 0.1703
vn -0.2603 0.9493 0.1761
vn -0.2152 0.7777 -0.5906
vn -0.5214 0.8361 0.1703
vn 0.0832 0.7459 -0.6609
vn -0.1222 0.6868 -0.7165
vn -0.0605 0.9965 -0.0572
vn -0.0665 0.9971 0.0360
vn -0.4326 0.5980 -0.6747
vn -0.1834 0.9776 -0.1030
vn -0.2020 0.7946 -0.5725
vn -0.4877 0.8395 0.2394
vn 0.0159 0.8344 -0.5510
vn -0.2318 0.9278 0.2923
vn 0.2043 0.7940 -0.5726
vn -0.0589 0.9820 0.1795
vn -0.4692 0.8825 -0.0312
vn -0.7996 0.3854 -0.4606
vn -0.9988 -0.0394 -0.0302
vn -0.7207 0.6439 0.2570
vn -0.7131 -0.5077 0.4835
vn -0.2098 -0.6728 0.7094
vn -0.3970 0.1490 0.9056
vn -0.6907 0.3236 0.6467
vn 0.0369 -0.6532 0.7563
vn -0.1070 0.1210 0.9869
vn 0.0477 -0.5932 0.8037
vn 0.0657 0.1697 0.9833
vn -0.0342 -0.5920 0.8052
vn 0.0606 0.1526 0.9864
vn -0.0979 -0.6256 0.7740
vn -0.0127 0.1005 0.9949
vn 0.0028 -0.8252 0.5648
vn 0.0665 -0.7628 0.6432
vn -0.2794 -0.3589 0.8906
vn -0.2900 -0.4163 0.8617
vn 0.2744 -0.6488 0.7097
vn -0.1935 -0.2086 0.9587
vn -0.0258 -0.8560 0.5163
vn -0.0207 -0.8540 0.5198
vn -0.2312 -0.3918 0.8905
vn -0.1482 -0.3366 0.9299
vn 0.6787 -0.2760 0.6806
vn 0.0628 0.1156 0.9913
vn 0.5773 0.7973 -0.1763
vn 0.2283 0.8734 -0.4302
vn -0.0860 0.9722 0.2177
vn 0.1489 0.9236 0.3532
vn 0.1412 -0.9245 -0.3541
vn 0.2654 -0.9216 -0.2832
vn 0.0954 0.2735 -0.9571
vn 0.1801 0.3289 -0.9270
vn 0.4158 -0.8878 -0.1971
vn 0.1089 0.2347 -0.9659
vn -0.2098 -0.2710 0.9394
vn -0.2288 -0.2326 0.9453
vn -0.3097 -0.1859 0.9325
vn 0.1394 -0.9861 -0.0901
vn 0.0539 -0.9985 -0.0023
vn -0.1173 -0.0805 -0.9898
vn 0.2275 0.0545 -0.9722
vn 0.1285 -0.9868 0.0981
vn -0.4314 -0.2502 -0.8668
vn 0.3709 0.2338 0.8988
vn 0.0810 0.1432 0.9864
vn -0.2042 0.0615 0.9770
vn 0.3908 -0.8961 -0.2106
vn 0.1161 0.2290 -0.9665
vn 0.2548 -0.9497 -0.1818
vn 0.2642 0.1779 -0.9479
vn -0.2201 -0.2537 0.9419
vn -0.1620 -0.3003 0.9400
vn 0.1910 -0.9751 -0.1125
vn 0.4192 0.1188 -0.9001
vn -0.3299 -0.0917 0.9396
vn -0.6281 -0.4313 -0.6477
vn 0.3968 -0.9163 0.0534
vn 0.6385 -0.6902 -0.3405
vn -0.6297 -0.7047 -0.3268
vn 0.5223 -0.3403 -0.7819
vn 0.2983 -0.2427 -0.9231
vn 0.0377 -0.9869 0.1569
vn -0.3412 -0.9399 0.0160
vn -0.1384 0.9876 -0.0745
vn 0.1918 0.9813 -0.0175
vn 0.5553 0.7545 0.3498
vn 0.5679 0.3919 0.7238
vn 0.1729 -0.2572 -0.9508
vn 0.1775 -0.9697 0.1680
vn 0.0747 -0.2985 -0.9515
vn 0.0986 -0.9811 0.1665
vn -0.0069 0.9991 -0.0421
vn -0.1794 0.9832 -0.0328
vn 0.1296 -0.2674 -0.9548
vn 0.0577 -0.9910 0.1211
vn 0.2245 -0.2160 -0.9503
vn 0.0854 -0.9932 0.0791
vn 0.2160 0.9731 0.0801
vn 0.1640 0.9864 0.0097
vn -0.6496 0.7557 0.0830
vn -0.5773 0.7902 0.2058
vn -0.4845 0.8154 0.3168
vn 0.2295 0.3379 -0.9128
vn 0.2642 0.2381 -0.9346
vn 0.4284 -0.8897 -0.1578
vn 0.3079 -0.8993 -0.3107
vn 0.2294 0.1465 -0.9622
vn 0.6496 -0.7593 -0.0394
vn -0.3093 0.8672 0.3901
vn -0.1867 0.8918 0.4122
vn 0.0643 0.3021 -0.9511
vn 0.1286 0.3423 -0.9307
vn 0.1433 -0.9160 -0.3747
vn 0.0436 -0.9304 -0.3639
vn 0.0467 -0.0815 -0.9956
vn 0.9025 -0.4263 -0.0617
vn -0.0329 -0.9029 -0.4286
vn 0.0549 -0.9266 -0.3720
vn 0.3461 0.3325 -0.8773
vn 0.6239 0.2818 -0.7289
vn -0.3612 -0.1366 0.9224
vn -0.4886 -0.0917 0.8677
vn -0.7019 0.7112 0.0389
vn -0.0257 0.8305 -0.5564
vn -0.0037 0.8669 -0.4985
vn -0.0040 0.8753 -0.4836
vn 0.1279 0.5926 -0.7953
vn -0.0183 0.5843 -0.8113
vn 0.2274 0.6298 -0.7427
vn 0.9994 0.0293 0.0206
vn 0.7008 -0.4713 0.5355
vn 0.5944 0.5708 -0.5664
vn 0.1188 0.6779 -0.7255
vn 0.1056 -0.6894 0.7166
vn -0.0848 -0.7173 0.6916
vn 0.3634 -0.6323 0.6842
vn -0.1803 -0.7704 0.6115
vn -0.0086 -0.8274 0.5616
vn 0.1848 -0.7940 0.5791
vn 0.1905 -0.7793 0.5970
vn 0.0742 -0.8227 0.5637
vn -0.0800 -0.8427 0.5323
vn -0.1989 -0.8404 0.5041
vn -0.3816 -0.8317 0.4034
vn -0.5443 0.4138 -0.7297
vn -0.2601 0.6422 -0.7210
vn -0.0917 0.7593 -0.6442
vn -0.0509 0.6419 -0.7651
vn 0.8698 0.3827 0.3114
vn 0.2530 0.6368 0.7283
vn 0.9288 0.0107 -0.3705
vn -0.1032 -0.6270 -0.7722
vn -0.8654 -0.4359 -0.2471
vn -0.7953 0.3653 0.4837
vn -0.5781 -0.6656 0.4720
vn -0.0224 -0.7573 0.6527
vn -0.0138 -0.4551 0.8903
vn -0.4093 -0.4784 0.7769
vn -0.0289 0.2011 0.9791
vn -0.6569 -0.0001 0.7539
vn -0.4109 0.9043 -0.1156
vn 0.0219 0.9955 -0.0923
vn -0.0280 0.8862 -0.4625
vn -0.6655 0.6106 -0.4292
vn -0.6397 -0.7053 -0.3054
vn -0.0328 -0.9026 -0.4292
vn -0.0178 -0.9921 0.1238
vn -0.4265 -0.9018 0.0700
vn 0.6731 -0.4561 0.5821
vn 0.9652 0.0681 0.2526
vn 0.5621 0.1834 0.8065
vn 0.4419 -0.3393 0.8304
vn -0.9654 -0.2436 0.0931
vn -0.9957 -0.0274 -0.0885
vn -0.7053 0.5558 0.4400
vn -0.6516 0.2168 -0.7270
vn -0.1015 0.3821 -0.9185
vn -0.0715 -0.4836 -0.8724
vn -0.7395 -0.3505 -0.5747
vn 0.4931 0.7266 0.4785
vn 0.9523 0.2889 0.0980
vn 0.5353 0.7991 -0.2736
vn 0.2043 0.9777 -0.0481
vn 0.0056 0.8090 0.5878
vn -0.0726 0.8560 -0.5119
vn -0.7096 0.5151 -0.4808
vn -0.9767 -0.0763 -0.2006
vn -0.9606 -0.2751 -0.0391
vn -0.6007 -0.7004 0.3855
vn -0.0451 -0.7984 0.6005
vn 0.7275 -0.4985 0.4714
vn 0.9927 0.0066 0.1204
vn 0.9836 0.1781 0.0280
vn 0.6228 0.7000 -0.3495
vn -0.0976 0.8122 -0.5751
vn -0.7437 0.4530 -0.4916
vn -0.9714 -0.1004 -0.2154
vn -0.9469 -0.3103 -0.0846
vn -0.5905 -0.7427 0.3158
vn -0.0385 -0.8487 0.5275
vn 0.7087 -0.5881 0.3897
vn 0.9921 -0.1077 0.0645
vn 0.9966 0.0796 -0.0225
vn 0.6424 0.6326 -0.4326
vn 0.5470 -0.8265 0.1331
vn 0.7216 -0.6420 -0.2590
vn 0.7398 -0.2711 -0.6158
vn 0.4511 0.3745 -0.8101
vn -0.1077 0.9898 -0.0936
vn -0.0671 0.8858 -0.4592
vn -0.0226 0.8510 -0.5248
vn 0.0199 0.8117 -0.5837
vn 0.0915 0.3972 -0.9131
vn 0.1769 -0.4374 -0.8817
vn 0.1909 -0.8771 -0.4407
vn 0.1633 -0.9773 0.1349
vn 0.1576 -0.8267 0.5402
vn 0.1739 -0.7677 0.6168
vn 0.1504 -0.7258 0.6713
vn 0.0889 -0.4386 0.8943
vn 0.0079 0.2065 0.9784
vn -0.0789 0.8120 0.5783
vn -0.1312 0.8026 -0.5819
vn 0.1285 0.9684 0.2139
vn 0.2595 0.9622 0.0833
vn -0.0259 0.8053 -0.5923
vn -0.1824 0.7990 -0.5730
vn 0.0797 0.9599 0.2688
vn -0.3316 0.7840 -0.5248
vn -0.0769 0.9468 0.3125
vn 0.5609 0.8072 -0.1840
vn -0.1410 -0.9888 0.0492
vn -0.3771 0.0474 -0.9250
vn -0.2288 0.1488 -0.9620
vn -0.0837 -0.9955 -0.0439
vn 0.2567 -0.2452 0.9349
vn 0.3362 -0.2009 0.9201
vn -0.0379 -0.9981 0.0490
vn -0.3488 -0.0518 -0.9358
vn 0.1085 -0.9924 -0.0587
vn -0.3607 -0.0193 -0.9325
vn 0.3466 -0.2301 0.9094
vn 0.2760 -0.2555 0.9266
vn 0.3632 -0.9287 0.0754
vn 0.3228 0.2601 -0.9100
vn 0.5984 -0.3982 0.6953
vn 0.3218 -0.7857 0.5284
vn 0.1803 -0.7959 0.5779
vn 0.1330 -0.7832 0.6074
vn 0.6992 0.4807 -0.5292
vn 0.6738 -0.6631 0.3259
vn -0.4484 0.7546 -0.4791
vn -0.2095 0.9106 0.3561
vn 0.3880 -0.2300 0.8925
vn 0.4282 -0.7588 0.4907
vn 0.2099 -0.9697 -0.1252
vn -0.3933 0.0114 -0.9193
vn 0.0901 -0.7912 0.6048
vn -0.6108 -0.7840 -0.1107
vn -0.5466 -0.8313 -0.1008
vn -0.3211 0.3167 -0.8925
vn -0.3870 0.3998 -0.8309
vn -0.4727 0.8363 0.2778
vn -0.0229 0.9310 0.3643
vn -0.1850 0.9307 -0.3154
vn -0.3885 -0.4875 0.7820
vn 0.0317 -0.9574 0.2869
vn 0.1969 -0.3611 0.9115
vn 0.2367 0.9242 0.2998
vn 0.3330 -0.3467 0.8769
vn 0.3251 -0.3191 0.8902
vn 0.3325 0.9160 0.2245
vn 0.4155 0.8977 0.1466
vn 0.1066 0.8534 -0.5103
vn 0.0485 0.8881 -0.4571
vn 0.2392 0.7955 -0.5567
vn -0.2118 0.2076 -0.9550
vn -0.2272 0.1931 -0.9545
vn 0.1641 0.8198 -0.5486
vn -0.4602 -0.8819 -0.1027
vn 0.2612 0.8017 -0.5377
vn 0.2650 0.8097 -0.5236
vn -0.1330 -0.9041 0.4061
vn -0.1579 -0.8768 0.4541
vn -0.1835 -0.8301 0.5265
vn -0.4042 -0.9084 -0.1065
vn -0.2794 0.1735 -0.9444
vn -0.2930 0.1699 -0.9409
vn -0.0407 0.9137 -0.4043
vn 0.0388 -0.9407 0.3371
vn -0.7376 0.6720 0.0659
vn -0.6746 -0.5835 0.4521
vn -0.3488 -0.9324 -0.0945
vn -0.2671 -0.9534 -0.1404
vn 0.2196 -0.6436 0.7332
vn -0.0969 -0.8975 0.4303
vn 0.3840 -0.3299 0.8624
vn -0.1418 -0.8308 0.5382
vn -0.0819 -0.8673 0.4911
vn -0.3294 0.1922 -0.9244
vn -0.6465 -0.7606 -0.0596
vn -0.8909 0.1726 -0.4202
vn -0.2057 -0.9462 -0.2499
vn -0.1983 -0.9547 -0.2220
vn -0.0283 -0.9091 0.4156
vn 0.3331 -0.2807 0.9001
vn 0.5239 0.8483 0.0774
vn 0.2470 0.8032 -0.5421
vn 0.5266 0.8185 -0.2296
vn 0.6388 0.7690 0.0246
vn 0.3417 -0.2757 0.8985
vn -0.4264 0.2158 -0.8784
s 1
f 774//1 775//2 26//3
f 774//1 26//3 139//4
f 65//5 777//6 778//7
f 65//5 778//7 77//8
f 26//3 775//2 776//9
f 26//3 776//9 71//10
f 779//11 780//12 67//13
f 779//11 67//13 66//14
f 1326//15 1327//16 781//17
f 1326//15 781//17 68//18
f 781//17 782//19 9//20
f 781//17 9//20 68//18
f 139//4 26//3 60//21
f 139//4 60//21 138//22
f 208//23 993//24 994//25
f 208//23 994//25 207//26
f 998//27 999//28 203//29
f 998//27 203//29 204//30
f 227//31 306//32 307//33
f 227//31 307//33 226//34
f 229//35 304//36 305//37
f 229//35 305//37 228//38
f 231//39 302//40 303//41
f 231//39 303//41 230//42
f 301//43 232//44 233//45
f 301//43 233//45 300//46
f 71//10 72//47 60//21
f 71//10 60//21 26//3
f 61//48 65//5 77//8
f 61//48 77//8 78//49
f 62//50 66//14 67//13
f 62//50 67//13 63//51
f 68//18 9//20 8//52
f 68//18 8//52 64//53
f 1325//54 1326//15 68//18
f 1325//54 68//18 64//53
f 232//44 301//43 1323//55
f 232//44 1323//55 1324//56
f 994//25 1315//57 1316//58
f 994//25 1316//58 207//26
f 776//9 777//6 65//5
f 776//9 65//5 71//10
f 61//48 72//47 71//10
f 61//48 71//10 65//5
f 228//38 305//37 306//32
f 228//38 306//32 227//31
f 999//28 1000//59 202//60
f 999//28 202//60 203//29
f 778//7 779//11 66//14
f 778//7 66//14 77//8
f 77//8 66//14 62//50
f 77//8 62//50 78//49
f 230//42 303//41 304//36
f 230//42 304//36 229//35
f 204//30 205//61 997//62
f 204//30 997//62 998//27
f 85//63 76//64 22//65
f 85//63 22//65 87//66
f 23//67 76//64 85//63
f 23//67 85//63 86//68
f 70//69 83//70 87//66
f 70//69 87//66 22//65
f 88//71 24//72 23//67
f 88//71 23//67 86//68
f 1328//73 1329//74 89//75
f 1328//73 89//75 25//76
f 89//75 10//77 1//78
f 89//75 1//78 25//76
f 84//79 83//70 70//69
f 84//79 70//69 21//80
f 140//81 141//82 84//79
f 140//81 84//79 21//80
f 697//83 210//84 211//85
f 697//83 211//85 696//86
f 95//87 94//88 80//89
f 95//87 80//89 40//90
f 97//91 96//92 42//93
f 97//91 42//93 41//94
f 98//95 11//96 6//97
f 98//95 6//97 43//98
f 1317//99 1318//100 98//95
f 1317//99 98//95 43//98
f 92//101 95//87 40//90
f 92//101 40//90 74//102
f 94//88 97//91 41//94
f 94//88 41//94 80//89
f 1005//103 1006//104 149//105
f 1005//103 149//105 150//106
f 1198//107 1199//108 113//109
f 1198//107 113//109 34//110
f 112//111 111//112 34//110
f 112//111 34//110 113//109
f 102//113 34//110 111//112
f 104//114 103//115 106//116
f 104//114 106//116 114//117
f 739//118 740//119 728//120
f 739//118 728//120 729//121
f 114//117 1119//122 1246//123
f 114//117 1246//123 104//114
f 35//124 926//125 927//126
f 35//124 927//126 75//127
f 924//128 1313//129 1314//130
f 924//128 1314//130 38//131
f 38//131 4//132 923//133
f 38//131 923//133 924//128
f 90//134 771//135 772//136
f 90//134 772//136 28//137
f 30//138 770//139 771//135
f 30//138 771//135 90//134
f 47//140 130//141 129//142
f 47//140 129//142 46//143
f 226//34 307//33 308//144
f 226//34 308//144 225//145
f 27//146 52//147 53//148
f 27//146 53//148 28//137
f 18//149 90//134 28//137
f 18//149 28//137 53//148
f 90//134 18//149 32//150
f 90//134 32//150 30//138
f 16//151 105//152 115//153
f 16//151 115//153 17//154
f 91//155 107//156 105//152
f 91//155 105//152 16//151
f 123//157 124//158 106//116
f 123//157 106//116 103//115
f 690//159 691//160 124//158
f 690//159 124//158 123//157
f 873//161 874//162 107//156
f 873//161 107//156 91//155
f 1290//163 1291//164 133//165
f 1290//163 133//165 769//166
f 135//167 134//168 250//169
f 135//167 250//169 251//170
f 27//146 139//4 138//22
f 27//146 138//22 52//147
f 773//171 774//1 139//4
f 773//171 139//4 27//146
f 20//172 141//82 140//81
f 202//60 1000//59 1001//173
f 202//60 1001//173 201//174
f 927//126 928//175 36//176
f 927//126 36//176 75//127
f 767//177 142//178 2//179
f 767//177 2//179 766//180
f 142//178 143//181 3//182
f 142//178 3//182 2//179
f 143//181 144//183 13//184
f 143//181 13//184 3//182
f 1286//185 1287//186 29//187
f 1286//185 29//187 768//188
f 132//189 31//190 248//191
f 132//189 248//191 249//192
f 144//183 317//193 318//194
f 144//183 318//194 13//184
f 142//178 767//177 768//188
f 142//178 768//188 29//187
f 143//181 142//178 29//187
f 143//181 29//187 31//190
f 144//183 143//181 31//190
f 144//183 31//190 132//189
f 317//193 144//183 132//189
f 317//193 132//189 316//195
f 147//196 883//197 164//198
f 147//196 164//198 329//199
f 150//106 149//105 108//200
f 150//106 108//200 116//201
f 162//202 1200//203 1201//204
f 162//202 1201//204 152//205
f 153//206 161//207 162//202
f 153//206 162//202 152//205
f 726//208 727//209 741//210
f 726//208 741//210 742//211
f 159//212 155//213 154//214
f 159//212 154//214 158//215
f 155//213 159//212 1007//216
f 155//213 1007//216 1008//217
f 727//209 728//120 740//119
f 727//209 740//119 741//210
f 149//105 159//212 158//215
f 149//105 158//215 108//200
f 1006//104 1007//216 159//212
f 1006//104 159//212 149//105
f 162//202 161//207 112//111
f 162//202 112//111 113//109
f 113//109 1199//108 1200//203
f 113//109 1200//203 162//202
f 883//197 163//218 119//219
f 883//197 119//219 1119//122
f 114//117 106//116 165//220
f 114//117 165//220 164//198
f 1074//221 1075//222 934//223
f 1074//221 934//223 935//224
f 933//225 934//223 1075//222
f 933//225 1075//222 1076//226
f 932//227 933//225 1076//226
f 932//227 1076//226 1077//228
f 275//229 174//230 1145//231
f 275//229 1145//231 1146//232
f 1211//233 1212//234 175//235
f 1211//233 175//235 1089//236
f 1072//237 1073//238 1016//239
f 1072//237 1016//239 936//240
f 124//158 179//241 165//220
f 124//158 165//220 106//116
f 874//162 875//242 182//243
f 874//162 182//243 107//156
f 182//243 875//242 876//244
f 182//243 876//244 183//245
f 182//243 184//246 105//152
f 182//243 105//152 107//156
f 184//246 182//243 183//245
f 184//246 183//245 181//247
f 171//248 1031//249 1209//250
f 171//248 1209//250 1210//251
f 178//252 148//253 180//254
f 178//252 180//254 185//255
f 184//246 181//247 186//256
f 184//246 186//256 187//257
f 187//257 115//153 105//152
f 187//257 105//152 184//246
f 179//241 124//158 691//160
f 179//241 691//160 692//258
f 692//258 693//259 180//254
f 692//258 180//254 179//241
f 185//255 180//254 693//259
f 185//255 693//259 694//260
f 281//261 1014//262 1009//263
f 281//261 1009//263 1115//264
f 955//265 1214//266 1215//267
f 955//265 1215//267 191//268
f 189//269 185//255 694//260
f 189//269 694//260 695//270
f 181//247 193//271 188//272
f 181//247 188//272 186//256
f 194//273 192//274 188//272
f 194//273 188//272 193//271
f 193//271 181//247 183//245
f 193//271 183//245 195//275
f 194//273 193//271 195//275
f 194//273 195//275 900//276
f 905//277 1116//278 743//279
f 742//211 743//279 725//280
f 742//211 725//280 726//208
f 876//244 877//281 195//275
f 876//244 195//275 183//245
f 898//282 899//283 725//280
f 898//282 725//280 743//279
f 276//284 190//285 1139//286
f 276//284 1139//286 1140//287
f 199//288 178//252 185//255
f 199//288 185//255 189//269
f 751//289 202//60 201//174
f 203//29 202//60 74//102
f 203//29 74//102 40//90
f 204//30 203//29 40//90
f 204//30 40//90 80//89
f 80//89 41//94 205//61
f 80//89 205//61 204//30
f 206//290 205//61 41//94
f 206//290 41//94 42//93
f 207//26 1316//58 1317//99
f 207//26 1317//99 43//98
f 6//97 208//23 207//26
f 6//97 207//26 43//98
f 151//291 150//106 116//201
f 151//291 116//201 209//292
f 738//293 739//118 729//121
f 738//293 729//121 736//294
f 213//295 210//84 697//83
f 213//295 697//83 698//296
f 701//297 702//298 214//299
f 215//300 217//301 219//302
f 215//300 219//302 218//303
f 47//140 220//304 216//305
f 47//140 216//305 130//141
f 217//301 216//305 220//304
f 217//301 220//304 219//302
f 222//306 18//149 53//148
f 222//306 53//148 223//307
f 224//308 223//307 53//148
f 224//308 53//148 52//147
f 138//22 225//145 224//308
f 138//22 224//308 52//147
f 60//21 226//34 225//145
f 60//21 225//145 138//22
f 72//47 227//31 226//34
f 72//47 226//34 60//21
f 61//48 228//38 227//31
f 61//48 227//31 72//47
f 78//49 229//35 228//38
f 78//49 228//38 61//48
f 62//50 230//42 229//35
f 62//50 229//35 78//49
f 63//51 231//39 230//42
f 63//51 230//42 62//50
f 64//53 232//44 1324//56
f 64//53 1324//56 1325//54
f 233//45 232//44 64//53
f 233//45 64//53 8//52
f 222//306 131//309 32//150
f 222//306 32//150 18//149
f 221//310 234//311 235//312
f 221//310 235//312 136//313
f 234//311 221//310 49//314
f 234//311 49//314 236//315
f 237//316 238//317 218//303
f 237//316 218//303 236//315
f 238//317 100//318 215//300
f 238//317 215//300 218//303
f 123//157 103//115 101//319
f 123//157 101//319 14//320
f 690//159 123//157 14//320
f 690//159 14//320 689//321
f 17//154 15//322 214//299
f 17//154 214//299 16//151
f 219//302 234//311 236//315
f 219//302 236//315 218//303
f 234//311 219//302 220//304
f 234//311 220//304 235//312
f 82//323 235//312 220//304
f 82//323 220//304 47//140
f 239//324 100//318 238//317
f 239//324 238//317 720//325
f 702//298 703//326 16//151
f 702//298 16//151 214//299
f 235//312 82//323 240//327
f 235//312 240//327 136//313
f 5//328 145//329 819//330
f 5//328 819//330 820//331
f 249//192 315//332 316//195
f 249//192 316//195 132//189
f 314//333 135//167 251//170
f 314//333 251//170 313//334
f 223//307 310//335 311//336
f 223//307 311//336 222//306
f 310//335 223//307 224//308
f 310//335 224//308 309//337
f 222//306 311//336 312//338
f 222//306 312//338 131//309
f 245//339 849//340 850//341
f 245//339 850//341 243//342
f 243//342 850//341 851//343
f 243//342 851//343 244//344
f 244//344 851//343 852//345
f 244//344 852//345 242//346
f 45//347 856//348 819//330
f 45//347 819//330 145//329
f 246//349 853//350 854//351
f 246//349 854//351 241//352
f 247//353 241//352 854//351
f 247//353 854//351 855//354
f 855//354 856//348 45//347
f 855//354 45//347 247//353
f 246//349 242//346 852//345
f 246//349 852//345 853//350
f 249//192 248//191 134//168
f 249//192 134//168 135//167
f 135//167 314//333 315//332
f 135//167 315//332 249//192
f 251//170 250//169 32//150
f 251//170 32//150 131//309
f 313//334 251//170 131//309
f 313//334 131//309 312//338
f 29//187 1287//186 248//191
f 29//187 248//191 31//190
f 1291//164 250//169 134//168
f 1291//164 134//168 133//165
f 703//326 704//355 91//155
f 703//326 91//155 16//151
f 720//325 253//356 252//357
f 720//325 252//357 239//324
f 224//308 225//145 308//144
f 224//308 308//144 309//337
f 254//358 128//359 252//357
f 254//358 252//357 253//356
f 256//360 257//361 321//362
f 256//360 321//362 322//363
f 1319//364 1320//365 258//366
f 1319//364 258//366 320//367
f 258//366 259//368 319//369
f 258//366 319//369 320//367
f 58//370 842//371 843//372
f 58//370 843//372 57//373
f 59//374 840//375 1321//376
f 59//374 1321//376 1322//377
f 59//374 7//378 839//379
f 59//374 839//379 840//375
f 137//380 848//381 849//340
f 137//380 849//340 245//339
f 79//382 844//383 845//384
f 79//382 845//384 56//385
f 845//384 846//386 73//387
f 845//384 73//387 56//385
f 847//388 848//381 137//380
f 847//388 137//380 55//389
f 846//386 847//388 55//389
f 846//386 55//389 73//387
f 254//358 265//390 99//391
f 254//358 99//391 128//359
f 93//392 99//391 265//390
f 93//392 265//390 255//393
f 150//106 151//291 1004//394
f 150//106 1004//394 1005//103
f 1077//228 1078//395 931//396
f 1077//228 931//396 932//227
f 27//146 28//137 772//136
f 27//146 772//136 773//171
f 50//397 212//398 211//85
f 117//399 857//400 272//401
f 117//399 272//401 269//402
f 1196//403 1197//404 858//405
f 1196//403 858//405 273//406
f 885//407 1135//408 1136//409
f 885//407 1136//409 172//410
f 1019//411 1202//412 1203//413
f 1019//411 1203//413 278//414
f 177//415 1020//416 146//417
f 177//415 146//417 147//196
f 278//414 279//418 1018//419
f 278//414 1018//419 1019//411
f 1071//420 1072//237 936//240
f 1071//420 936//240 937//421
f 1032//422 1033//423 274//424
f 1032//422 274//424 170//425
f 283//426 1070//427 1088//428
f 1179//429 1204//430 1205//431
f 1179//429 1205//431 285//432
f 171//248 287//433 1030//434
f 171//248 1030//434 1031//249
f 283//426 1088//428 1089//236
f 283//426 1089//236 175//235
f 284//435 955//265 191//268
f 284//435 191//268 897//436
f 858//405 859//437 288//438
f 858//405 288//438 273//406
f 266//439 269//402 272//401
f 266//439 272//401 340//440
f 1115//264 1116//278 905//277
f 1115//264 905//277 281//261
f 705//441 873//161 91//155
f 705//441 91//155 704//355
f 863//442 864//443 750//444
f 863//442 750//444 289//445
f 1002//446 1003//447 863//442
f 1002//446 863//442 289//445
f 751//289 201//174 1256//448
f 751//289 1256//448 1257//449
f 236//315 49//314 48//450
f 236//315 48//450 237//316
f 93//392 255//393 293//451
f 93//392 293//451 290//452
f 290//452 293//451 294//453
f 290//452 294//453 39//454
f 39//454 294//453 92//101
f 39//454 92//101 74//102
f 201//174 1001//173 1255//455
f 201//174 1255//455 1256//448
f 237//316 48//450 54//456
f 237//316 54//456 295//457
f 296//458 253//356 720//325
f 296//458 720//325 295//457
f 254//358 253//356 296//458
f 254//358 296//458 297//459
f 295//457 54//456 261//460
f 295//457 261//460 296//458
f 264//461 297//459 296//458
f 264//461 296//458 261//460
f 263//462 298//463 297//459
f 263//462 297//459 264//461
f 293//451 298//463 299//464
f 293//451 299//464 294//453
f 298//463 263//462 262//465
f 298//463 262//465 299//464
f 843//372 844//383 79//382
f 843//372 79//382 57//373
f 267//466 266//439 340//440
f 267//466 340//440 341//467
f 59//374 301//43 300//46
f 59//374 300//46 7//378
f 1322//377 1323//55 301//43
f 1322//377 301//43 59//374
f 303//41 302//40 58//370
f 303//41 58//370 57//373
f 304//36 303//41 57//373
f 304//36 57//373 79//382
f 305//37 304//36 79//382
f 305//37 79//382 56//385
f 306//32 305//37 56//385
f 306//32 56//385 73//387
f 307//33 306//32 73//387
f 307//33 73//387 55//389
f 308//144 307//33 55//389
f 308//144 55//389 137//380
f 309//337 308//144 137//380
f 309//337 137//380 245//339
f 243//342 310//335 309//337
f 243//342 309//337 245//339
f 311//336 310//335 243//342
f 311//336 243//342 244//344
f 312//338 311//336 244//344
f 312//338 244//344 242//346
f 246//349 313//334 312//338
f 246//349 312//338 242//346
f 241//352 314//333 313//334
f 241//352 313//334 246//349
f 315//332 314//333 241//352
f 315//332 241//352 247//353
f 316//195 315//332 247//353
f 316//195 247//353 45//347
f 145//329 317//193 316//195
f 145//329 316//195 45//347
f 318//194 317//193 145//329
f 318//194 145//329 5//328
f 320//367 319//369 11//96
f 320//367 11//96 98//95
f 1318//100 1319//364 320//367
f 1318//100 320//367 98//95
f 322//363 321//362 96//92
f 322//363 96//92 97//91
f 323//468 260//469 256//360
f 323//468 256//360 322//363
f 299//464 262//465 260//469
f 299//464 260//469 323//468
f 326//470 860//471 861//472
f 326//470 861//472 292//473
f 95//87 335//474 336//475
f 95//87 336//475 94//88
f 294//453 299//464 323//468
f 294//453 323//468 92//101
f 1070//427 1071//420 937//421
f 1070//427 937//421 938//476
f 333//477 328//478 329//199
f 333//477 329//199 332//479
f 328//478 884//480 200//481
f 177//415 889//482 330//483
f 177//415 330//483 1121//484
f 172//410 1136//409 1153//485
f 172//410 1153//485 890//486
f 889//482 890//486 331//487
f 889//482 331//487 330//483
f 1171//488 1172//489 330//483
f 1171//488 330//483 331//487
f 1131//490 1171//488 331//487
f 1131//490 331//487 1154//491
f 1236//492 1237//493 333//477
f 1236//492 333//477 332//479
f 1237//493 1238//494 334//495
f 1237//493 334//495 333//477
f 165//220 1243//496 1236//492
f 165//220 1236//492 332//479
f 332//479 329//199 164//198
f 332//479 164//198 165//220
f 179//241 180//254 148//253
f 179//241 148//253 1242//497
f 884//480 885//407 172//410
f 884//480 172//410 200//481
f 173//498 334//495 1238//494
f 173//498 1238//494 1270//499
f 196//500 190//285 276//284
f 196//500 276//284 963//501
f 92//101 323//468 335//474
f 92//101 335//474 95//87
f 94//88 336//475 322//363
f 94//88 322//363 97//91
f 335//474 323//468 322//363
f 335//474 322//363 336//475
f 1196//403 1266//502 340//440
f 1196//403 340//440 272//401
f 758//503 345//504 344//505
f 758//503 344//505 757//506
f 346//507 349//508 786//509
f 346//507 786//509 787//510
f 344//505 351//511 756//512
f 344//505 756//512 757//506
f 785//513 355//514 354//515
f 785//513 354//515 784//516
f 784//516 354//515 815//517
f 784//516 815//517 816//518
f 783//519 357//520 9//20
f 783//519 9//20 782//19
f 345//504 359//521 358//522
f 345//504 358//522 344//505
f 989//523 990//524 363//525
f 989//523 363//525 362//526
f 208//23 365//527 992//528
f 208//23 992//528 993//24
f 987//529 988//530 369//531
f 987//529 369//531 368//532
f 375//533 378//534 377//535
f 375//533 377//535 376//536
f 379//537 382//538 381//539
f 379//537 381//539 380//540
f 383//541 386//542 385//543
f 383//541 385//543 384//544
f 387//545 300//46 233//45
f 387//545 233//45 388//546
f 351//511 344//505 358//522
f 351//511 358//522 389//547
f 390//548 391//549 349//508
f 390//548 349//508 346//507
f 392//550 393//551 354//515
f 392//550 354//515 355//514
f 357//520 394//552 8//52
f 357//520 8//52 9//20
f 393//551 814//553 815//517
f 393//551 815//517 354//515
f 813//554 383//541 384//544
f 813//554 384//544 812//555
f 990//524 991//556 806//557
f 990//524 806//557 363//525
f 787//510 756//512 351//511
f 787//510 351//511 346//507
f 390//548 346//507 351//511
f 390//548 351//511 389//547
f 382//538 375//533 376//536
f 382//538 376//536 381//539
f 986//558 987//529 368//532
f 986//558 368//532 396//559
f 786//509 349//508 355//514
f 786//509 355//514 785//513
f 349//508 391//549 392//550
f 349//508 392//550 355//514
f 386//542 379//537 380//540
f 386//542 380//540 385//543
f 369//531 988//530 989//523
f 369//531 989//523 362//526
f 399//560 401//561 347//562
f 399//560 347//562 348//563
f 352//564 400//565 399//560
f 352//564 399//560 348//563
f 350//566 347//562 401//561
f 350//566 401//561 402//567
f 403//568 400//565 352//564
f 403//568 352//564 353//569
f 403//568 353//569 817//570
f 403//568 817//570 818//571
f 404//572 356//573 1//78
f 404//572 1//78 10//77
f 405//574 343//575 350//566
f 405//574 350//566 402//567
f 342//576 343//575 405//574
f 342//576 405//574 408//577
f 409//578 374//579 708//580
f 409//578 708//580 709//581
f 414//582 417//583 416//584
f 414//582 416//584 415//585
f 418//586 421//587 420//588
f 418//586 420//588 419//589
f 422//590 423//591 6//97
f 422//590 6//97 11//96
f 419//589 420//588 807//592
f 419//589 807//592 808//593
f 424//594 425//595 417//583
f 424//594 417//583 414//582
f 415//585 416//584 421//587
f 415//585 421//587 418//586
f 980//596 981//597 430//598
f 980//596 430//598 429//599
f 434//600 437//601 1218//602
f 434//600 1218//602 1219//603
f 432//604 435//605 436//606
f 432//604 436//606 431//607
f 433//608 431//607 436//606
f 438//609 441//610 440//611
f 438//609 440//611 439//612
f 748//613 730//614 731//615
f 748//613 731//615 747//616
f 1120//617 1247//618 437//601
f 1120//617 437//601 434//600
f 446//619 1035//620 1036//621
f 446//619 1036//621 447//622
f 367//623 395//624 918//625
f 367//623 918//625 919//626
f 370//627 367//623 919//626
f 370//627 919//626 920//628
f 364//629 922//630 923//133
f 364//629 923//133 4//132
f 450//631 451//632 760//633
f 450//631 760//633 761//634
f 452//635 450//631 761//634
f 452//635 761//634 762//636
f 413//637 411//638 409//578
f 413//637 409//578 453//639
f 378//534 455//640 454//641
f 378//534 454//641 377//535
f 456//642 451//632 458//643
f 456//642 458//643 457//644
f 459//645 458//643 451//632
f 459//645 451//632 450//631
f 450//631 452//635 460//646
f 450//631 460//646 459//645
f 462//647 465//648 464//649
f 462//647 464//649 463//650
f 466//651 462//647 463//650
f 466//651 463//650 467//652
f 468//653 439//612 440//611
f 468//653 440//611 469//654
f 687//655 468//653 469//654
f 687//655 469//654 686//656
f 445//657 878//658 879//659
f 445//657 879//659 444//660
f 762//636 1292//661 1293//662
f 762//636 1293//662 452//635
f 473//663 476//664 475//665
f 473//663 475//665 474//666
f 456//642 457//644 359//521
f 456//642 359//521 345//504
f 759//667 456//642 345//504
f 759//667 345//504 758//503
f 406//668 342//576 408//577
f 396//559 479//669 985//670
f 396//559 985//670 986//558
f 918//625 395//624 478//671
f 918//625 478//671 917//672
f 765//673 766//180 2//179
f 765//673 2//179 481//674
f 481//674 2//179 3//182
f 481//674 3//182 482//675
f 482//675 3//182 13//184
f 482//675 13//184 483//676
f 763//677 1288//678 1289//679
f 763//677 1289//679 472//680
f 485//681 488//682 487//683
f 485//681 487//683 486//684
f 483//676 13//184 318//194
f 483//676 318//194 489//685
f 481//674 484//686 764//687
f 481//674 764//687 765//673
f 482//675 486//684 484//686
f 482//675 484//686 481//674
f 483//676 485//681 486//684
f 483//676 486//684 482//675
f 489//685 490//688 485//681
f 489//685 485//681 483//676
f 496//689 673//690 495//691
f 496//689 495//691 886//692
f 430//598 442//693 443//694
f 430//598 443//694 429//599
f 1220//695 1221//696 493//697
f 1220//695 493//697 494//698
f 499//699 498//700 497//701
f 499//699 497//701 500//702
f 733//703 745//704 746//705
f 733//703 746//705 732//706
f 505//707 503//708 504//709
f 505//707 504//709 506//710
f 506//710 978//711 979//712
f 506//710 979//712 505//707
f 1037//713 1038//714 512//715
f 1037//713 512//715 511//716
f 732//706 746//705 747//616
f 732//706 747//616 731//615
f 429//599 443//694 503//708
f 429//599 503//708 505//707
f 979//712 980//596 429//599
f 979//712 429//599 505//707
f 511//716 447//622 1036//621
f 511//716 1036//621 1037//713
f 497//701 435//605 432//604
f 497//701 432//604 500//702
f 1219//603 1220//695 494//698
f 1219//603 494//698 434//600
f 886//692 1120//617 434//600
f 886//692 434//600 494//698
f 441//610 495//691 513//717
f 441//610 513//717 440//611
f 508//718 1083//719 1084//720
f 508//718 1084//720 507//721
f 1084//720 1085//722 428//723
f 1084//720 428//723 507//721
f 1085//722 1086//724 427//725
f 1085//722 427//725 428//723
f 1148//726 1149//727 517//728
f 1148//726 517//728 516//729
f 1230//730 1231//731 1148//726
f 1230//730 1148//726 516//729
f 1022//732 1082//733 1083//719
f 1022//732 1083//719 508//718
f 469//654 440//611 513//717
f 469//654 513//717 522//734
f 444//660 879//659 880//735
f 444//660 880//735 502//736
f 880//735 881//737 501//738
f 880//735 501//738 502//736
f 523//739 467//652 463//650
f 523//739 463//650 525//740
f 525//740 526//741 524//742
f 525//740 524//742 523//739
f 1038//714 1039//743 1025//744
f 1038//714 1025//744 512//715
f 1228//745 1229//746 1045//747
f 1228//745 1045//747 529//748
f 530//749 533//750 532//751
f 530//749 532//751 531//752
f 525//740 535//753 534//754
f 525//740 534//754 526//741
f 535//753 525//740 463//650
f 535//753 463//650 464//649
f 522//734 685//755 686//656
f 522//734 686//656 469//654
f 685//755 522//734 532//751
f 685//755 532//751 684//756
f 533//750 683//757 684//756
f 533//750 684//756 532//751
f 537//758 1021//759 978//711
f 537//758 978//711 506//710
f 1232//760 1233//761 1055//762
f 1232//760 1055//762 515//763
f 540//764 682//765 683//757
f 540//764 683//757 533//750
f 526//741 534//754 536//766
f 526//741 536//766 542//767
f 543//768 542//767 536//766
f 543//768 536//766 541//769
f 542//767 544//770 524//742
f 542//767 524//742 526//741
f 544//770 542//767 543//768
f 544//770 543//768 904//771
f 1235//772 545//773 538//774
f 745//704 733//703 734//775
f 745//704 734//775 744//776
f 501//738 881//737 882//777
f 501//738 882//777 546//778
f 895//779 896//780 735//781
f 895//779 735//781 545//773
f 1055//762 1056//782 514//783
f 1055//762 514//783 515//763
f 682//765 960//784 548//785
f 682//765 548//785 541//769
f 550//786 540//764 533//750
f 550//786 533//750 530//749
f 425//595 551//787 755//788
f 368//532 417//583 425//595
f 368//532 425//595 396//559
f 369//531 416//584 417//583
f 369//531 417//583 368//532
f 416//584 369//531 362//526
f 416//584 362//526 421//587
f 363//525 420//588 421//587
f 363//525 421//587 362//526
f 806//557 807//592 420//588
f 806//557 420//588 363//525
f 6//97 423//591 365//527
f 6//97 365//527 208//23
f 552//789 553//790 442//693
f 552//789 442//693 430//598
f 737//791 948//792 949//793
f 737//791 949//793 730//614
f 710//794 453//639 409//578
f 710//794 409//578 709//581
f 556//795 713//796 714//797
f 556//795 714//797 557//798
f 453//639 710//794 711//799
f 453//639 711//799 558//800
f 558//800 711//799 712//801
f 558//800 712//801 559//802
f 559//802 712//801 713//796
f 559//802 713//796 556//795
f 556//795 561//803 560//804
f 556//795 560//804 559//802
f 413//637 453//639 558//800
f 413//637 558//800 562//805
f 559//802 560//804 562//805
f 559//802 562//805 558//800
f 563//806 564//807 458//643
f 563//806 458//643 459//645
f 565//808 457//644 458//643
f 565//808 458//643 564//807
f 359//521 457//644 565//808
f 359//521 565//808 455//640
f 358//522 359//521 455//640
f 358//522 455//640 378//534
f 389//547 358//522 378//534
f 389//547 378//534 375//533
f 390//548 389//547 375//533
f 390//548 375//533 382//538
f 391//549 390//548 382//538
f 391//549 382//538 379//537
f 392//550 391//549 379//537
f 392//550 379//537 386//542
f 393//551 392//550 386//542
f 393//551 386//542 383//541
f 814//553 393//551 383//541
f 814//553 383//541 813//554
f 233//45 8//52 394//552
f 233//45 394//552 388//546
f 563//806 459//645 460//646
f 563//806 460//646 566//809
f 567//810 570//811 569//812
f 567//810 569//812 568//813
f 568//813 572//814 571//815
f 568//813 571//815 567//810
f 573//816 572//814 561//803
f 573//816 561//803 574//817
f 574//817 561//803 556//795
f 574//817 556//795 557//798
f 468//653 470//818 461//819
f 468//653 461//819 439//612
f 687//655 688//820 470//818
f 687//655 470//818 468//653
f 465//648 462//647 555//821
f 465//648 555//821 471//822
f 560//804 561//803 572//814
f 560//804 572//814 568//813
f 568//813 569//812 562//805
f 568//813 562//805 560//804
f 412//823 413//637 562//805
f 412//823 562//805 569//812
f 557//798 714//797 715//824
f 557//798 715//824 575//825
f 569//812 570//811 576//826
f 569//812 576//826 412//823
f 412//823 576//826 492//827
f 412//823 492//827 491//828
f 5//328 820//331 821//829
f 5//328 821//829 577//830
f 488//682 485//681 490//688
f 488//682 490//688 578//831
f 579//832 580//833 476//664
f 579//832 476//664 473//663
f 564//807 563//806 582//834
f 564//807 582//834 581//835
f 581//835 583//836 565//808
f 581//835 565//808 564//807
f 563//806 566//809 584//837
f 563//806 584//837 582//834
f 585//838 588//839 828//840
f 585//838 828//840 829//841
f 588//839 589//842 827//843
f 588//839 827//843 828//840
f 589//842 590//844 826//845
f 589//842 826//845 827//843
f 591//846 577//830 821//829
f 591//846 821//829 822//847
f 592//848 593//849 824//850
f 592//848 824//850 825//851
f 594//852 823//853 824//850
f 594//852 824//850 593//849
f 822//847 823//853 594//852
f 822//847 594//852 591//846
f 592//848 825//851 826//845
f 592//848 826//845 590//844
f 488//682 473//663 474//666
f 488//682 474//666 487//683
f 473//663 488//682 578//831
f 473//663 578//831 579//832
f 476//664 566//809 460//646
f 476//664 460//646 475//665
f 580//833 584//837 566//809
f 580//833 566//809 476//664
f 487//683 474//666 472//680
f 487//683 472//680 1289//679
f 475//665 460//646 452//635
f 475//665 452//635 1293//662
f 575//825 715//824 716//854
f 575//825 716//854 595//855
f 565//808 583//836 454//641
f 565//808 454//641 455//640
f 599//856 602//857 601//858
f 599//856 601//858 600//859
f 600//859 601//858 809//860
f 600//859 809//860 810//861
f 603//862 604//863 319//369
f 603//862 319//369 259//368
f 605//864 606//865 835//866
f 605//864 835//866 836//867
f 811//868 605//864 836//867
f 811//868 836//867 837//869
f 607//870 838//871 839//379
f 607//870 839//379 7//378
f 608//872 585//838 829//841
f 608//872 829//841 830//873
f 610//874 613//875 833//876
f 610//874 833//876 834//877
f 832//878 833//876 613//875
f 832//878 613//875 615//879
f 830//873 831//880 617//881
f 830//873 617//881 608//872
f 831//880 832//878 615//879
f 831//880 615//879 617//881
f 598//882 597//883 621//884
f 598//882 621//884 620//885
f 622//886 623//887 620//885
f 622//886 620//885 621//884
f 430//598 981//597 982//888
f 430//598 982//888 552//789
f 427//725 1086//724 1087//889
f 427//725 1087//889 624//890
f 456//642 759//667 760//633
f 456//642 760//633 451//632
f 371//891 373//892 372//893
f 1226//894 1227//895 1068//896
f 1226//894 1068//896 628//897
f 625//898 865//899 437//601
f 625//898 437//601 1247//618
f 865//899 1217//900 1218//602
f 865//899 1218//602 437//601
f 1149//727 1150//901 1133//902
f 1149//727 1133//902 517//728
f 1056//782 1170//903 1132//904
f 1056//782 1132//904 514//783
f 545//773 964//905 547//906
f 545//773 547//906 538//774
f 493//697 1221//696 1222//907
f 493//697 1222//907 1028//908
f 634//909 1225//910 1226//894
f 634//909 1226//894 628//897
f 636//911 496//689 493//697
f 636//911 493//697 1028//908
f 1026//912 1027//913 498//700
f 1026//912 498//700 499//699
f 1040//914 1041//915 638//916
f 1040//914 638//916 527//917
f 521//918 640//919 1080//920
f 521//918 1080//920 1081//921
f 640//919 1052//922 1053//923
f 640//919 1053//923 648//924
f 641//925 529//748 1045//747
f 641//925 1045//747 1046//926
f 1065//927 1095//928 1096//929
f 1065//927 1096//929 644//930
f 1042//931 1093//932 1094//933
f 1042//931 1094//933 643//934
f 907//935 646//936 1092//937
f 907//935 1092//937 647//938
f 506//710 504//709 906//939
f 506//710 906//939 537//758
f 632//940 1223//941 1224//942
f 632//940 1224//942 1184//943
f 627//944 635//945 649//946
f 627//944 649//946 645//947
f 1066//948 1067//949 627//944
f 1066//948 627//944 645//947
f 1043//950 1044//951 528//952
f 1043//950 528//952 642//953
f 1090//954 1091//955 519//956
f 1090//954 519//956 646//936
f 1053//923 1054//957 518//958
f 1053//923 518//958 648//924
f 1182//959 1183//960 633//961
f 1182//959 633//961 637//962
f 436//606 866//963 867//964
f 436//606 867//964 433//608
f 618//965 652//966 629//967
f 618//965 629//967 626//968
f 717//969 947//970 597//883
f 718//971 719//972 622//886
f 718//971 622//886 621//884
f 552//789 982//888 983//973
f 552//789 983//973 871//974
f 1087//889 915//975 870//976
f 1087//889 870//976 624//890
f 551//787 653//977 723//978
f 551//787 723//978 755//788
f 572//814 573//816 587//979
f 572//814 587//979 571//815
f 622//886 653//977 657//980
f 622//886 657//980 623//887
f 653//977 551//787 658//981
f 653//977 658//981 657//980
f 551//787 425//595 424//594
f 551//787 424//594 658//981
f 1263//982 1264//983 654//984
f 1263//982 654//984 984//985
f 1261//986 1262//987 655//988
f 1261//986 655//988 916//989
f 721//990 659//991 573//816
f 721//990 573//816 574//817
f 573//816 659//991 586//992
f 573//816 586//992 587//979
f 659//991 660//993 609//994
f 659//991 609//994 586//992
f 616//995 609//994 660//993
f 616//995 660//993 661//996
f 614//997 616//995 661//996
f 614//997 661//996 662//998
f 657//980 658//981 663//999
f 657//980 663//999 662//998
f 662//998 663//999 612//1000
f 662//998 612//1000 614//997
f 834//877 835//866 606//865
f 834//877 606//865 610//874
f 619//1001 664//1002 652//966
f 619//1001 652//966 618//965
f 607//870 7//378 300//46
f 607//870 300//46 387//545
f 384//544 605//864 811//868
f 384//544 811//868 812//555
f 385//543 606//865 605//864
f 385//543 605//864 384//544
f 380//540 610//874 606//865
f 380//540 606//865 385//543
f 381//539 613//875 610//874
f 381//539 610//874 380//540
f 376//536 615//879 613//875
f 376//536 613//875 381//539
f 377//535 617//881 615//879
f 377//535 615//879 376//536
f 454//641 608//872 617//881
f 454//641 617//881 377//535
f 583//836 585//838 608//872
f 583//836 608//872 454//641
f 588//839 585//838 583//836
f 588//839 583//836 581//835
f 582//834 589//842 588//839
f 582//834 588//839 581//835
f 584//837 590//844 589//842
f 584//837 589//842 582//834
f 592//848 590//844 584//837
f 592//848 584//837 580//833
f 593//849 592//848 580//833
f 593//849 580//833 579//832
f 578//831 594//852 593//849
f 578//831 593//849 579//832
f 490//688 591//846 594//852
f 490//688 594//852 578//831
f 577//830 591//846 490//688
f 577//830 490//688 489//685
f 318//194 5//328 577//830
f 318//194 577//830 489//685
f 604//863 422//590 11//96
f 604//863 11//96 319//369
f 601//858 419//589 808//593
f 601//858 808//593 809//860
f 602//857 418//586 419//589
f 602//857 419//589 601//858
f 665//1003 602//857 599//856
f 665//1003 599//856 611//1004
f 663//999 665//1003 611//1004
f 663//999 611//1004 612//1000
f 664//1002 651//1005 630//1006
f 664//1002 630//1006 1269//1007
f 414//582 415//585 670//1008
f 414//582 670//1008 669//1009
f 658//981 424//594 665//1003
f 658//981 665//1003 663//999
f 1041//915 1042//931 643//934
f 1041//915 643//934 638//916
f 640//919 648//924 1079//1010
f 640//919 1079//1010 1080//920
f 671//1011 674//1012 673//690
f 671//1011 673//690 672//1013
f 672//1013 673//690 496//689
f 672//1013 496//689 636//911
f 675//1014 671//1011 672//1013
f 675//1014 672//1013 887//1015
f 676//1016 672//1013 636//911
f 676//1016 636//911 891//1017
f 641//925 1158//1018 1134//1019
f 641//925 1134//1019 1069//1020
f 631//1021 676//1016 891//1017
f 631//1021 891//1017 892//1022
f 634//909 628//897 1126//1023
f 634//909 1126//1023 1127//1024
f 628//897 1068//896 1069//1020
f 628//897 1069//1020 1126//1023
f 530//749 531//752 1239//1025
f 530//749 1239//1025 1240//1026
f 550//786 530//749 1240//1026
f 550//786 1240//1026 1241//1027
f 1244//1028 1245//1029 1239//1025
f 1244//1028 1239//1025 531//752
f 674//1012 513//717 495//691
f 674//1012 495//691 673//690
f 522//734 1244//1028 531//752
f 522//734 531//752 532//751
f 543//768 541//769 548//785
f 543//768 548//785 958//1030
f 549//1031 675//1014 887//1015
f 549//1031 887//1015 888//1032
f 1241//1027 1273//1033 550//786
f 656//1034 668//1035 1260//1036
f 424//594 414//582 669//1009
f 424//594 669//1009 665//1003
f 415//585 418//586 602//857
f 415//585 602//857 670//1008
f 669//1009 670//1008 602//857
f 669//1009 602//857 665//1003
f 426//1037 680//1038 666//1039
f 1216//1040 1268//1041 1269//1007
f 1216//1040 1269//1007 630//1006
f 682//765 541//769 536//766
f 682//765 536//766 683//757
f 684//756 683//757 536//766
f 684//756 536//766 534//754
f 535//753 685//755 684//756
f 535//753 684//756 534//754
f 686//656 685//755 535//753
f 686//656 535//753 464//649
f 465//648 687//655 686//656
f 465//648 686//656 464//649
f 465//648 471//822 688//820
f 465//648 688//820 687//655
f 17//154 690//159 689//321
f 17//154 689//321 15//322
f 17//154 115//153 691//160
f 17//154 691//160 690//159
f 692//258 691//160 115//153
f 692//258 115//153 187//257
f 187//257 186//256 693//259
f 187//257 693//259 692//258
f 694//260 693//259 186//256
f 694//260 186//256 188//272
f 695//270 694//260 188//272
f 695//270 188//272 192//274
f 698//296 697//83 129//142
f 698//296 129//142 130//141
f 130//141 216//305 699//1042
f 130//141 699//1042 698//296
f 216//305 217//301 700//1043
f 216//305 700//1043 699//1042
f 217//301 215//300 701//297
f 217//301 701//297 700//1043
f 215//300 100//318 702//298
f 215//300 702//298 701//297
f 100//318 239//324 703//326
f 100//318 703//326 702//298
f 239//324 252//357 704//355
f 239//324 704//355 703//326
f 128//359 705//441 704//355
f 128//359 704//355 252//357
f 706//1044 939//1045 128//359
f 706//1044 128//359 99//391
f 707//1046 706//1044 99//391
f 707//1046 99//391 93//392
f 709//581 708//580 373//892
f 709//581 373//892 410//1047
f 554//1048 710//794 709//581
f 554//1048 709//581 410//1047
f 711//799 710//794 554//1048
f 715//824 714//797 555//821
f 715//824 555//821 462//647
f 716//854 715//824 462//647
f 716//854 462//647 466//651
f 717//969 878//658 445//657
f 947//970 948//792 737//791
f 947//970 737//791 718//971
f 622//886 1249//1049 723//978
f 622//886 723//978 653//977
f 720//325 238//317 237//316
f 720//325 237//316 295//457
f 575//825 721//990 574//817
f 575//825 574//817 557//798
f 596//1050 721//990 575//825
f 596//1050 575//825 595//855
f 661//996 598//882 620//885
f 660//993 659//991 721//990
f 660//993 721//990 596//1050
f 255//393 298//463 293//451
f 598//882 661//996 660//993
f 598//882 660//993 596//1050
f 297//459 265//390 254//358
f 661//996 620//885 623//887
f 661//996 623//887 662//998
f 662//998 623//887 657//980
f 297//459 298//463 255//393
f 297//459 255//393 265//390
f 93//392 1248//1051 707//1046
f 945//1052 946//1053 900//276
f 945//1052 900//276 197//1054
f 944//1055 945//1052 197//1054
f 944//1055 197//1054 125//1056
f 125//1056 157//1057 943//1058
f 125//1056 943//1058 944//1055
f 157//1057 126//1059 942//1060
f 157//1057 942//1060 943//1058
f 941//1061 942//1060 126//1059
f 941//1061 126//1059 127//1062
f 730//614 949//793 950//1063
f 730//614 950//1063 731//615
f 950//1063 951//1064 732//706
f 950//1063 732//706 731//615
f 951//1064 952//1065 733//703
f 951//1064 733//703 732//706
f 734//775 733//703 952//1065
f 734//775 952//1065 953//1066
f 735//781 896//780 958//1030
f 735//781 958//1030 548//785
f 940//1067 941//1061 127//1062
f 127//1062 705//441 939//1045
f 127//1062 939//1045 940//1067
f 749//1068 737//791 730//614
f 749//1068 730//614 748//613
f 718//971 737//791 749//1068
f 718//971 749//1068 719//972
f 209//292 116//201 739//118
f 209//292 739//118 738//293
f 116//201 108//200 740//119
f 116//201 740//119 739//118
f 741//210 740//119 108//200
f 741//210 108//200 158//215
f 742//211 741//210 158//215
f 742//211 158//215 154//214
f 743//279 742//211 154//214
f 743//279 154//214 905//277
f 746//705 745//704 504//709
f 746//705 504//709 503//708
f 747//616 746//705 503//708
f 747//616 503//708 443//694
f 442//693 748//613 747//616
f 442//693 747//616 443//694
f 553//790 749//1068 748//613
f 553//790 748//613 442//693
f 707//1046 738//293 736//294
f 707//1046 736//294 706//1044
f 723//978 1249//1049 752//1069
f 723//978 752//1069 1265//1070
f 1248//1051 750//444 864//443
f 1248//1051 864//443 707//1046
f 754//1071 751//289 1257//449
f 754//1071 1257//449 722//1072
f 871//974 872//1073 553//790
f 871//974 553//790 552//789
f 1264//983 1265//1070 752//1069
f 1264//983 752//1069 654//984
f 39//454 754//1071 722//1072
f 39//454 722//1072 290//452
f 74//102 202//60 751//289
f 74//102 751//289 754//1071
f 396//559 753//1074 479//669
f 74//102 754//1071 39//454
f 425//595 755//788 753//1074
f 425//595 753//1074 396//559
f 757//506 756//512 350//566
f 757//506 350//566 343//575
f 342//576 758//503 757//506
f 342//576 757//506 343//575
f 406//668 759//667 758//503
f 406//668 758//503 342//576
f 760//633 759//667 406//668
f 760//633 406//668 407//1075
f 761//634 760//633 407//1075
f 773//171 772//136 19//1076
f 773//171 19//1076 20//172
f 20//172 140//81 774//1
f 20//172 774//1 773//171
f 140//81 21//80 775//2
f 140//81 775//2 774//1
f 776//9 775//2 21//80
f 776//9 21//80 70//69
f 70//69 22//65 777//6
f 70//69 777//6 776//9
f 778//7 777//6 22//65
f 778//7 22//65 76//64
f 76//64 23//67 779//11
f 76//64 779//11 778//7
f 23//67 24//72 780//12
f 23//67 780//12 779//11
f 1327//16 1328//73 25//76
f 1327//16 25//76 781//17
f 25//76 1//78 782//19
f 25//76 782//19 781//17
f 356//573 783//519 782//19
f 356//573 782//19 1//78
f 353//569 784//516 816//518
f 353//569 816//518 817//570
f 352//564 785//513 784//516
f 352//564 784//516 353//569
f 348//563 786//509 785//513
f 348//563 785//513 352//564
f 787//510 786//509 348//563
f 787//510 348//563 347//562
f 350//566 756//512 787//510
f 350//566 787//510 347//562
f 995//1077 996//1078 206//290
f 995//1077 206//290 791//1079
f 792//1080 791//1079 206//290
f 792//1080 206//290 42//93
f 96//92 793//1081 792//1080
f 96//92 792//1080 42//93
f 321//362 794//1082 793//1081
f 321//362 793//1081 96//92
f 257//361 795//1083 794//1082
f 257//361 794//1082 321//362
f 796//1084 841//1085 842//371
f 796//1084 842//371 58//370
f 302//40 797//1086 796//1084
f 302//40 796//1084 58//370
f 798//1087 797//1086 302//40
f 798//1087 302//40 231//39
f 799//1088 798//1087 231//39
f 799//1088 231//39 63//51
f 63//51 67//13 800//1089
f 63//51 800//1089 799//1088
f 780//12 801//1090 800//1089
f 780//12 800//1089 67//13
f 24//72 802//1091 801//1090
f 24//72 801//1090 780//12
f 88//71 803//1092 802//1091
f 88//71 802//1091 24//72
f 921//1093 1295//1094 1296//1095
f 921//1093 1296//1095 805//1096
f 806//557 991//556 1297//1097
f 806//557 1297//1097 1298//1098
f 1298//1098 1299//1099 807//592
f 1298//1098 807//592 806//557
f 808//593 807//592 1299//1099
f 808//593 1299//1099 1300//1100
f 809//860 808//593 1300//1100
f 809//860 1300//1100 1301//1101
f 810//861 809//860 1301//1101
f 810//861 1301//1101 1302//1102
f 1303//1103 1304//1104 811//868
f 1303//1103 811//868 837//869
f 812//555 811//868 1304//1104
f 812//555 1304//1104 1305//1105
f 1305//1105 1306//1106 813//554
f 1305//1105 813//554 812//555
f 1306//1106 1307//1107 814//553
f 1306//1106 814//553 813//554
f 815//517 814//553 1307//1107
f 815//517 1307//1107 1308//1108
f 816//518 815//517 1308//1108
f 816//518 1308//1108 1309//1109
f 817//570 816//518 1309//1109
f 817//570 1309//1109 1310//1110
f 818//571 817//570 1310//1110
f 818//571 1310//1110 1311//1111
f 824//850 823//853 492//827
f 824//850 492//827 576//826
f 825//851 824//850 576//826
f 825//851 576//826 570//811
f 826//845 825//851 570//811
f 826//845 570//811 567//810
f 827//843 826//845 567//810
f 827//843 567//810 571//815
f 828//840 827//843 571//815
f 828//840 571//815 587//979
f 829//841 828//840 587//979
f 829//841 587//979 586//992
f 830//873 829//841 586//992
f 830//873 586//992 609//994
f 616//995 831//880 830//873
f 616//995 830//873 609//994
f 614//997 832//878 831//880
f 614//997 831//880 616//995
f 612//1000 833//876 832//878
f 612//1000 832//878 614//997
f 834//877 833//876 612//1000
f 834//877 612//1000 611//1004
f 599//856 835//866 834//877
f 599//856 834//877 611//1004
f 836//867 835//866 599//856
f 836//867 599//856 600//859
f 837//869 836//867 600//859
f 837//869 600//859 810//861
f 1302//1102 1303//1103 837//869
f 1302//1102 837//869 810//861
f 839//379 838//871 603//862
f 839//379 603//862 259//368
f 840//375 839//379 259//368
f 840//375 259//368 258//366
f 1320//365 1321//376 840//375
f 1320//365 840//375 258//366
f 842//371 841//1085 795//1083
f 842//371 795//1083 257//361
f 843//372 842//371 257//361
f 843//372 257//361 256//360
f 256//360 260//469 844//383
f 256//360 844//383 843//372
f 845//384 844//383 260//469
f 845//384 260//469 262//465
f 262//465 263//462 846//386
f 262//465 846//386 845//384
f 263//462 264//461 847//388
f 263//462 847//388 846//386
f 264//461 261//460 848//381
f 264//461 848//381 847//388
f 849//340 848//381 261//460
f 849//340 261//460 54//456
f 850//341 849//340 54//456
f 850//341 54//456 48//450
f 851//343 850//341 48//450
f 851//343 48//450 49//314
f 852//345 851//343 49//314
f 852//345 49//314 221//310
f 853//350 852//345 221//310
f 853//350 221//310 136//313
f 854//351 853//350 136//313
f 854//351 136//313 240//327
f 855//354 854//351 240//327
f 855//354 240//327 51//1112
f 1246//123 117//399 104//114
f 858//405 1197//404 1198//107
f 858//405 1198//107 34//110
f 34//110 102//113 859//437
f 34//110 859//437 858//405
f 860//471 1029//1113 44//1114
f 860//471 44//1114 861//472
f 1078//395 930//1115 931//396
f 151//291 863//442 1003//447
f 151//291 1003//447 1004//394
f 209//292 864//443 863//442
f 209//292 863//442 151//291
f 209//292 738//293 707//1046
f 209//292 707//1046 864//443
f 865//899 625//898 626//968
f 865//899 626//968 629//967
f 629//967 1216//1040 1217//900
f 629//967 1217//900 865//899
f 867//964 866//963 630//1006
f 867//964 630//1006 651//1005
f 655//988 870//976 915//975
f 655//988 915//975 916//989
f 871//974 983//973 984//985
f 871//974 984//985 654//984
f 752//1069 872//1073 871//974
f 752//1069 871//974 654//984
f 705//441 127//1062 873//161
f 127//1062 126//1059 874//162
f 127//1062 874//162 873//161
f 126//1059 157//1057 875//242
f 126//1059 875//242 874//162
f 876//244 875//242 157//1057
f 876//244 157//1057 125//1056
f 125//1056 197//1054 877//281
f 125//1056 877//281 876//244
f 597//883 598//882 596//1050
f 597//883 596//1050 595//855
f 717//969 597//883 595//855
f 717//969 595//855 716//854
f 878//658 717//969 716//854
f 878//658 716//854 466//651
f 879//659 878//658 466//651
f 879//659 466//651 467//652
f 880//735 879//659 467//652
f 880//735 467//652 523//739
f 523//739 524//742 881//737
f 523//739 881//737 880//735
f 882//777 881//737 524//742
f 882//777 524//742 544//770
f 164//198 883//197 1119//122
f 164//198 1119//122 114//117
f 334//495 884//480 328//478
f 334//495 328//478 333//477
f 173//498 885//407 884//480
f 173//498 884//480 334//495
f 493//697 496//689 886//692
f 493//697 886//692 494//698
f 887//1015 672//1013 676//1016
f 888//1032 887//1015 676//1016
f 888//1032 676//1016 631//1021
f 328//478 177//415 147//196
f 328//478 147//196 329//199
f 200//481 889//482 177//415
f 200//481 177//415 328//478
f 172//410 890//486 889//482
f 172//410 889//482 200//481
f 1128//1116 1028//908 632//940
f 891//1017 636//911 1122//1117
f 891//1017 1122//1117 677//1118
f 892//1022 891//1017 677//1118
f 892//1022 677//1118 678//1119
f 191//268 1215//267 196//500
f 191//268 196//500 893//1120
f 724//1121 894//1122 893//1120
f 724//1121 893//1120 196//500
f 895//779 539//1123 901//1124
f 895//779 901//1124 902//1125
f 896//780 895//779 902//1125
f 896//780 902//1125 903//1126
f 954//1127 958//1030 896//780
f 954//1127 896//780 903//1126
f 546//778 882//777 544//770
f 546//778 544//770 904//771
f 191//268 893//1120 898//282
f 191//268 898//282 897//436
f 893//1120 894//1122 899//283
f 893//1120 899//283 898//282
f 946//1053 957//1128 194//273
f 946//1053 194//273 900//276
f 744//776 906//939 504//709
f 744//776 504//709 745//704
f 903//1126 902//1125 744//776
f 903//1126 744//776 734//775
f 953//1066 954//1127 903//1126
f 953//1066 903//1126 734//775
f 155//213 281//261 905//277
f 155//213 905//277 154//214
f 902//1125 901//1124 1013//1129
f 1012//1130 1013//1129 901//1124
f 1012//1130 901//1124 650//1131
f 908//1132 907//935 647//938
f 908//1132 647//938 639//1133
f 909//1134 908//1132 639//1133
f 909//1134 639//1133 520//1135
f 509//1136 910//1137 1023//1138
f 509//1136 1023//1138 1024//1139
f 911//1140 910//1137 509//1136
f 911//1140 509//1136 510//1141
f 448//1142 912//1143 911//1140
f 448//1142 911//1140 510//1141
f 449//1144 913//1145 912//1143
f 449//1144 912//1143 448//1142
f 914//1146 913//1145 449//1144
f 914//1146 449//1144 480//1147
f 869//1148 915//975 914//1146
f 869//1148 914//1146 480//1147
f 916//989 915//975 869//1148
f 916//989 869//1148 656//1034
f 1260//1036 1261//986 916//989
f 1260//1036 916//989 656//1034
f 918//625 917//672 477//1149
f 918//625 477//1149 397//1150
f 919//626 918//625 397//1150
f 919//626 397//1150 360//1151
f 923//133 922//630 366//1152
f 923//133 366//1152 12//1153
f 924//128 923//133 12//1153
f 924//128 12//1153 122//1154
f 122//1154 1312//1155 1313//129
f 122//1154 1313//129 924//128
f 928//175 927//126 121//1156
f 928//175 121//1156 120//1157
f 1252//1158 1253//1159 928//175
f 1252//1158 928//175 120//1157
f 930//1115 929//1160 292//473
f 930//1115 292//473 861//472
f 931//396 930//1115 861//472
f 931//396 861//472 44//1114
f 932//227 931//396 44//1114
f 932//227 44//1114 169//1161
f 169//1161 168//1162 933//225
f 169//1161 933//225 932//227
f 168//1162 167//1163 934//223
f 168//1162 934//223 933//225
f 935//224 934//223 167//1163
f 935//224 167//1163 166//1164
f 940//1067 939//1045 706//1044
f 940//1067 706//1044 736//294
f 736//294 729//121 941//1061
f 736//294 941//1061 940//1067
f 729//121 728//120 942//1060
f 729//121 942//1060 941//1061
f 943//1058 942//1060 728//120
f 943//1058 728//120 727//209
f 944//1055 943//1058 727//209
f 944//1055 727//209 726//208
f 726//208 725//280 945//1052
f 726//208 945//1052 944//1055
f 899//283 946//1053 945//1052
f 899//283 945//1052 725//280
f 445//657 948//792 947//970
f 445//657 947//970 717//969
f 949//793 948//792 445//657
f 950//1063 949//793 445//657
f 950//1063 445//657 444//660
f 502//736 951//1064 950//1063
f 502//736 950//1063 444//660
f 501//738 952//1065 951//1064
f 501//738 951//1064 502//736
f 953//1066 952//1065 501//738
f 953//1066 501//738 546//778
f 904//771 954//1127 953//1066
f 904//771 953//1066 546//778
f 197//1054 900//276 195//275
f 197//1054 195//275 877//281
f 284//435 1048//1165 1049//1166
f 284//435 1049//1166 955//265
f 539//1123 956//1167 650//1131
f 539//1123 650//1131 901//1124
f 198//1168 192//274 194//273
f 198//1168 194//273 957//1128
f 894//1122 957//1128 946//1053
f 894//1122 946//1053 899//283
f 724//1121 198//1168 957//1128
f 724//1121 957//1128 894//1122
f 543//768 958//1030 954//1127
f 543//768 954//1127 904//771
f 198//1168 959//1169 695//270
f 198//1168 695//270 192//274
f 198//1168 1282//1170 959//1169
f 964//905 1190//1171 966//1172
f 964//905 966//1172 547//906
f 196//500 963//501 961//1173
f 196//500 961//1173 724//1121
f 962//1174 735//781 548//785
f 962//1174 548//785 1284//1175
f 964//905 545//773 735//781
f 964//905 735//781 962//1174
f 959//1169 969//1176 189//269
f 959//1169 189//269 695//270
f 1166//1177 1191//1178 976//1179
f 1166//1177 976//1179 1275//1180
f 189//269 1276//1181 199//288
f 1282//1170 1283//1182 969//1176
f 1282//1170 969//1176 959//1169
f 1283//1182 974//1183 970//1184
f 1283//1182 970//1184 969//1176
f 960//784 682//765 540//764
f 960//784 540//764 971//1185
f 972//1186 971//1185 540//764
f 972//1186 540//764 1277//1187
f 963//501 1188//1188 973//1189
f 963//501 973//1189 961//1173
f 1188//1188 1189//1190 974//1183
f 1188//1188 974//1183 973//1189
f 1284//1175 1285//1191 975//1192
f 1284//1175 975//1192 962//1174
f 976//1179 975//1192 1285//1191
f 508//718 978//711 1021//759
f 508//718 1021//759 1022//732
f 979//712 978//711 508//718
f 979//712 508//718 507//721
f 507//721 428//723 980//596
f 507//721 980//596 979//712
f 427//725 981//597 980//596
f 427//725 980//596 428//723
f 982//888 981//597 427//725
f 982//888 427//725 624//890
f 983//973 982//888 624//890
f 983//973 624//890 870//976
f 984//985 983//973 870//976
f 984//985 870//976 655//988
f 1262//987 1263//982 984//985
f 1262//987 984//985 655//988
f 986//558 985//670 478//671
f 986//558 478//671 395//624
f 367//623 987//529 986//558
f 367//623 986//558 395//624
f 367//623 370//627 988//530
f 367//623 988//530 987//529
f 989//523 988//530 370//627
f 989//523 370//627 361//1193
f 1296//1095 1297//1097 991//556
f 1296//1095 991//556 805//1096
f 993//24 992//528 364//629
f 993//24 364//629 4//132
f 994//25 993//24 4//132
f 994//25 4//132 38//131
f 1314//130 1315//57 994//25
f 1314//130 994//25 38//131
f 37//1194 996//1078 995//1077
f 37//1194 995//1077 790//1195
f 35//124 999//28 998//27
f 35//124 998//27 81//1196
f 35//124 75//127 1000//59
f 35//124 1000//59 999//28
f 1001//173 1000//59 75//127
f 1001//173 75//127 36//176
f 1254//1197 1255//455 1001//173
f 1254//1197 1001//173 36//176
f 862//1198 1003//447 1002//446
f 862//1198 1002//446 291//1199
f 1004//394 1003//447 862//1198
f 1004//394 862//1198 268//1200
f 1005//103 1004//394 268//1200
f 1005//103 268//1200 109//1201
f 109//1201 110//1202 1006//104
f 109//1201 1006//104 1005//103
f 160//1203 1007//216 1006//104
f 160//1203 1006//104 110//1202
f 1008//217 1007//216 160//1203
f 1008//217 160//1203 156//1204
f 1014//262 1015//1205 280//1206
f 1014//262 280//1206 1009//263
f 1010//1207 1047//1208 1048//1165
f 1010//1207 1048//1165 284//435
f 284//435 897//436 1011//1209
f 284//435 1011//1209 1010//1207
f 898//282 1011//1209 897//436
f 640//919 521//918 977//1210
f 640//919 977//1210 1052//922
f 1117//1211 1118//1212 1013//1129
f 1117//1211 1013//1129 1012//1130
f 902//1125 1013//1129 1118//1212
f 902//1125 1118//1212 744//776
f 1008//217 1014//262 281//261
f 1008//217 281//261 155//213
f 156//1204 1015//1205 1014//262
f 156//1204 1014//262 1008//217
f 935//224 1016//239 1073//238
f 935//224 1073//238 1074//221
f 166//1164 1017//1213 1016//239
f 166//1164 1016//239 935//224
f 1019//411 1018//419 153//206
f 1019//411 153//206 152//205
f 1201//204 1202//412 1019//411
f 1201//204 1019//411 152//205
f 977//1210 1021//759 537//758
f 977//1210 537//758 1117//1211
f 1022//732 1021//759 977//1210
f 1022//732 977//1210 521//918
f 1081//921 1082//733 1022//732
f 1081//921 1022//732 521//918
f 1024//1139 1023//1138 909//1134
f 1024//1139 909//1134 520//1135
f 1039//743 1040//914 527//917
f 1039//743 527//917 1025//744
f 633//961 1027//913 1026//912
f 633//961 1026//912 637//962
f 1028//908 1222//907 1223//941
f 1028//908 1223//941 632//940
f 1208//1214 1209//250 1031//249
f 1208//1214 1031//249 270//1215
f 282//1216 1033//423 1032//422
f 282//1216 1032//422 271//1217
f 869//1148 868//1218 668//1035
f 869//1148 668//1035 656//1034
f 1034//1219 868//1218 869//1148
f 1034//1219 869//1148 480//1147
f 1035//620 1034//1219 480//1147
f 1035//620 480//1147 449//1144
f 1036//621 1035//620 449//1144
f 1036//621 449//1144 448//1142
f 1037//713 1036//621 448//1142
f 1037//713 448//1142 510//1141
f 509//1136 1038//714 1037//713
f 509//1136 1037//713 510//1141
f 1024//1139 1039//743 1038//714
f 1024//1139 1038//714 509//1136
f 520//1135 1040//914 1039//743
f 520//1135 1039//743 1024//1139
f 639//1133 1041//915 1040//914
f 639//1133 1040//914 520//1135
f 647//938 1042//931 1041//915
f 647//938 1041//915 639//1133
f 1092//937 1093//932 1042//931
f 1092//937 1042//931 647//938
f 519//956 1044//951 1043//950
f 519//956 1043//950 646//936
f 1229//746 1230//730 516//729
f 1229//746 516//729 1045//747
f 1046//926 1045//747 516//729
f 1046//926 516//729 517//728
f 1047//1208 1009//263 280//1206
f 1047//1208 280//1206 327//1220
f 1048//1165 1047//1208 327//1220
f 1048//1165 327//1220 283//426
f 1049//1166 1048//1165 283//426
f 1049//1166 283//426 175//235
f 175//235 1212//234 1213//1221
f 175//235 1213//1221 1049//1166
f 1051//1222 1050//1223 174//230
f 1051//1222 174//230 275//229
f 1052//922 977//1210 1117//1211
f 1052//922 1117//1211 1012//1130
f 1053//923 1052//922 1012//1130
f 1053//923 1012//1130 650//1131
f 650//1131 956//1167 1054//957
f 650//1131 1054//957 1053//923
f 1055//762 1233//761 1234//1224
f 1055//762 1234//1224 1142//1225
f 1142//1225 1143//1226 1056//782
f 1142//1225 1056//782 1055//762
f 1058//1227 1057//1228 282//1216
f 1058//1227 282//1216 271//1217
f 120//1157 1060//1229 1251//1230
f 120//1157 1251//1230 1252//1158
f 1259//1231 1260//1036 668//1035
f 1259//1231 668//1035 1062//1232
f 638//916 1064//1233 1063//1234
f 638//916 1063//1234 527//917
f 643//934 1065//927 1064//1233
f 643//934 1064//1233 638//916
f 1094//933 1095//928 1065//927
f 1094//933 1065//927 643//934
f 528//952 1067//949 1066//948
f 528//952 1066//948 642//953
f 529//748 1068//896 1227//895
f 529//748 1227//895 1228//745
f 1069//1020 1068//896 529//748
f 1069//1020 529//748 641//925
f 1079//1010 1090//954 646//936
f 1079//1010 646//936 907//935
f 327//1220 1071//420 1070//427
f 327//1220 1070//427 283//426
f 280//1206 1072//237 1071//420
f 280//1206 1071//420 327//1220
f 1015//1205 1073//238 1072//237
f 1015//1205 1072//237 280//1206
f 1074//221 1073//238 1015//1205
f 1074//221 1015//1205 156//1204
f 156//1204 160//1203 1075//222
f 156//1204 1075//222 1074//221
f 1076//226 1075//222 160//1203
f 1076//226 160//1203 110//1202
f 1077//228 1076//226 110//1202
f 1077//228 110//1202 109//1201
f 109//1201 268//1200 1078//395
f 109//1201 1078//395 1077//228
f 862//1198 930//1115 1078//395
f 862//1198 1078//395 268//1200
f 291//1199 929//1160 930//1115
f 291//1199 930//1115 862//1198
f 36//176 928//175 1253//1159
f 36//176 1253//1159 1254//1197
f 1080//920 1079//1010 907//935
f 1080//920 907//935 908//1132
f 1081//921 1080//920 908//1132
f 1081//921 908//1132 909//1134
f 909//1134 1023//1138 1082//733
f 909//1134 1082//733 1081//921
f 1083//719 1082//733 1023//1138
f 1083//719 1023//1138 910//1137
f 1084//720 1083//719 910//1137
f 1084//720 910//1137 911//1140
f 911//1140 912//1143 1085//722
f 911//1140 1085//722 1084//720
f 912//1143 913//1145 1086//724
f 912//1143 1086//724 1085//722
f 1087//889 1086//724 913//1145
f 1087//889 913//1145 914//1146
f 914//1146 915//975 1087//889
f 1088//428 1070//427 938//476
f 1088//428 938//476 287//433
f 1089//236 1088//428 287//433
f 1089//236 287//433 171//248
f 648//924 1090//954 1079//1010
f 648//924 518//958 1091//955
f 648//924 1091//955 1090//954
f 646//936 1043//950 1093//932
f 646//936 1093//932 1092//937
f 1094//933 1093//932 1043//950
f 1094//933 1043//950 642//953
f 642//953 1066//948 1095//928
f 642//953 1095//928 1094//933
f 1096//929 1095//928 1066//948
f 1096//929 1066//948 645//947
f 645//947 649//946 1097//1235
f 645//947 1097//1235 1096//929
f 499//699 1099//1236 1098//1237
f 499//699 1098//1237 1026//912
f 500//702 1100//1238 1099//1236
f 500//702 1099//1236 499//699
f 432//604 1101//1239 1100//1238
f 432//604 1100//1238 500//702
f 431//607 1102//1240 1101//1239
f 431//607 1101//1239 432//604
f 1103//1241 1102//1240 431//607
f 1103//1241 431//607 433//608
f 867//964 1104//1242 1103//1241
f 867//964 1103//1241 433//608
f 1105//1243 1104//1242 867//964
f 1105//1243 867//964 651//1005
f 664//1002 1258//1244 1105//1243
f 664//1002 1105//1243 651//1005
f 1108//1245 1107//1246 288//438
f 1108//1245 288//438 859//437
f 1109//1247 1108//1245 859//437
f 1109//1247 859//437 102//113
f 111//112 112//111 1111//1248
f 111//112 1111//1248 1110//1249
f 112//111 161//207 1112//1250
f 112//111 1112//1250 1111//1248
f 161//207 153//206 1113//1251
f 161//207 1113//1251 1112//1250
f 153//206 1018//419 1114//1252
f 153//206 1114//1252 1113//1251
f 1115//264 1009//263 1047//1208
f 1115//264 1047//1208 1010//1207
f 1010//1207 1011//1209 1116//278
f 1010//1207 1116//278 1115//264
f 743//279 1116//278 1011//1209
f 743//279 1011//1209 898//282
f 906//939 1118//1212 1117//1211
f 906//939 1117//1211 537//758
f 744//776 1118//1212 906//939
f 146//417 163//218 883//197
f 146//417 883//197 147//196
f 495//691 441//610 1120//617
f 495//691 1120//617 886//692
f 1172//489 1121//484 330//483
f 1125//1253 1020//416 177//415
f 1125//1253 177//415 1121//484
f 1184//943 1185//1254 1178//1255
f 1184//943 1178//1255 632//940
f 176//1256 1123//1257 1057//1228
f 176//1256 1057//1228 1058//1227
f 286//1258 1124//1259 1123//1257
f 286//1258 1123//1257 176//1256
f 277//1260 1125//1253 1177//1261
f 1126//1023 1069//1020 1134//1019
f 1126//1023 1134//1019 1173//1262
f 1127//1024 1126//1023 1173//1262
f 1127//1024 1173//1262 1174//1263
f 1174//1263 1178//1255 1185//1254
f 1174//1263 1185//1254 1127//1024
f 1140//287 1141//1264 965//1265
f 1140//287 965//1265 276//284
f 1146//232 1147//1266 1129//1267
f 1146//232 1129//1267 275//229
f 1033//423 1151//1268 1130//1269
f 1033//423 1130//1269 274//424
f 1137//1270 1138//1271 1165//1272
f 1137//1270 1165//1272 1168//1273
f 1156//1274 1176//1275 1163//1276
f 1156//1274 1163//1276 1155//1277
f 1141//1264 1186//1278 1162//1279
f 1141//1264 1162//1279 965//1265
f 1160//1280 1147//1266 1130//1269
f 1160//1280 1130//1269 1159//1281
f 549//1031 888//1032 1137//1270
f 549//1031 1137//1270 968//1282
f 1049//1166 1213//1221 1214//266
f 1049//1166 1214//266 955//265
f 1140//287 1139//286 1050//1223
f 1140//287 1050//1223 1051//1222
f 1051//1222 1169//1283 1141//1264
f 1051//1222 1141//1264 1140//287
f 1142//1225 1234//1224 1235//772
f 1142//1225 1235//772 538//774
f 547//906 1143//1226 1142//1225
f 547//906 1142//1225 538//774
f 547//906 966//1172 1144//1284
f 547//906 1144//1284 1143//1226
f 1210//251 1211//233 1089//236
f 1210//251 1089//236 171//248
f 1146//232 1145//231 170//425
f 1146//232 170//425 274//424
f 1130//1269 1147//1266 1146//232
f 1130//1269 1146//232 274//424
f 515//763 1148//726 1231//731
f 515//763 1231//731 1232//760
f 514//783 1149//727 1148//726
f 514//783 1148//726 515//763
f 1132//904 1150//901 1149//727
f 1132//904 1149//727 514//783
f 282//1216 1157//1285 1151//1268
f 282//1216 1151//1268 1033//423
f 890//486 1153//485 1154//491
f 890//486 1154//491 331//487
f 1133//902 1152//1286 1046//926
f 1133//902 1046//926 517//728
f 1159//1281 1130//1269 1151//1268
f 1157//1285 1175//1287 1159//1281
f 1157//1285 1159//1281 1151//1268
f 631//1021 892//1022 1155//1277
f 631//1021 1155//1277 1138//1271
f 1156//1274 1155//1277 892//1022
f 1156//1274 892//1022 678//1119
f 1131//490 1157//1285 282//1216
f 1131//490 282//1216 1057//1228
f 1046//926 1152//1286 1158//1018
f 1046//926 1158//1018 641//925
f 1154//491 1153//485 1159//1281
f 1154//491 1159//1281 1175//1287
f 1153//485 1160//1280 1159//1281
f 1136//409 1161//1288 1160//1280
f 1136//409 1160//1280 1153//485
f 1192//1289 1193//1290 967//1291
f 1192//1289 967//1291 1279//1292
f 1158//1018 1176//1275 1156//1274
f 1158//1018 1156//1274 1134//1019
f 1165//1272 1164//1293 1150//901
f 1165//1272 1150//901 1132//904
f 1132//904 1170//903 1168//1273
f 1132//904 1168//1273 1165//1272
f 1195//1294 1168//1273 1187//1295
f 1129//1267 1169//1283 1051//1222
f 1129//1267 1051//1222 275//229
f 1161//1288 1167//1296 1169//1283
f 1161//1288 1169//1283 1129//1267
f 1143//1226 1144//1284 1170//903
f 1143//1226 1170//903 1056//782
f 1168//1273 1170//903 1144//1284
f 1168//1273 1144//1284 1187//1295
f 1057//1228 1123//1257 1171//488
f 1057//1228 1171//488 1131//490
f 1123//1257 1124//1259 1172//489
f 1123//1257 1172//489 1171//488
f 1172//489 1177//1261 1125//1253
f 1172//489 1125//1253 1121//484
f 1173//1262 1134//1019 1156//1274
f 1173//1262 1156//1274 678//1119
f 1174//1263 1173//1262 678//1119
f 1174//1263 678//1119 677//1118
f 1122//1117 1174//1263 677//1118
f 1154//491 1175//1287 1157//1285
f 1154//491 1157//1285 1131//490
f 1152//1286 1163//1276 1176//1275
f 1152//1286 1176//1275 1158//1018
f 1124//1259 1181//1297 1177//1261
f 1124//1259 1177//1261 1172//489
f 1180//1298 1181//1297 1124//1259
f 1180//1298 1124//1259 286//1258
f 1122//1117 1128//1116 1178//1255
f 1122//1117 1178//1255 1174//1263
f 632//940 1178//1255 1128//1116
f 1203//413 1204//430 1179//429
f 1203//413 1179//429 278//414
f 277//1260 1177//1261 1181//1297
f 277//1260 1181//1297 1180//1298
f 649//946 635//945 1183//960
f 649//946 1183//960 1182//959
f 1184//943 1224//942 1225//910
f 1184//943 1225//910 634//909
f 1127//1024 1185//1254 1184//943
f 1127//1024 1184//943 634//909
f 1161//1288 1136//409 1135//408
f 1161//1288 1135//408 1167//1296
f 1164//1293 1165//1272 1138//1271
f 1164//1293 1138//1271 1155//1277
f 1160//1280 1161//1288 1129//1267
f 1160//1280 1129//1267 1147//1266
f 1164//1293 1155//1277 1163//1276
f 1133//902 1150//901 1164//1293
f 1133//902 1164//1293 1163//1276
f 1133//902 1163//1276 1152//1286
f 1135//408 885//407 173//498
f 1135//408 173//498 967//1291
f 1137//1270 888//1032 631//1021
f 1137//1270 631//1021 1138//1271
f 1167//1296 1186//1278 1141//1264
f 1167//1296 1141//1264 1169//1283
f 1167//1296 1135//408 967//1291
f 1167//1296 967//1291 1193//1290
f 1187//1295 1144//1284 966//1172
f 1187//1295 966//1172 1166//1177
f 1194//1299 1195//1294 1187//1295
f 1194//1299 1187//1295 1166//1177
f 967//1291 1271//1300 1278//1301
f 967//1291 1278//1301 1279//1292
f 173//498 1270//499 1271//1300
f 173//498 1271//1300 967//1291
f 966//1172 1190//1171 1191//1178
f 966//1172 1191//1178 1166//1177
f 965//1265 1188//1188 963//501
f 965//1265 963//501 276//284
f 1162//1279 1189//1190 1188//1188
f 1162//1279 1188//1188 965//1265
f 962//1174 975//1192 1190//1171
f 962//1174 1190//1171 964//905
f 1191//1178 1190//1171 975//1192
f 1191//1178 975//1192 976//1179
f 1192//1289 1272//1302 1162//1279
f 1186//1278 1193//1290 1192//1289
f 1186//1278 1192//1289 1162//1279
f 1167//1296 1193//1290 1186//1278
f 972//1186 1280//1303 1275//1180
f 972//1186 1275//1180 976//1179
f 968//1282 1195//1294 1194//1299
f 968//1282 1194//1299 1281//1304
f 1137//1270 1168//1273 1195//1294
f 1137//1270 1195//1294 968//1282
f 272//401 857//400 1197//404
f 272//401 1197//404 1196//403
f 1198//107 1197//404 857//400
f 1198//107 857//400 118//1305
f 119//219 1199//108 1198//107
f 119//219 1198//107 118//1305
f 1200//203 1199//108 119//219
f 1200//203 119//219 163//218
f 1201//204 1200//203 163//218
f 1201//204 163//218 146//417
f 146//417 1020//416 1202//412
f 146//417 1202//412 1201//204
f 1203//413 1202//412 1020//416
f 1203//413 1020//416 277//1260
f 277//1260 1180//1298 1204//430
f 277//1260 1204//430 1203//413
f 1205//431 1204//430 1180//1298
f 1205//431 1180//1298 286//1258
f 286//1258 176//1256 1206//1306
f 286//1258 1206//1306 1205//431
f 1058//1227 1207//1307 1206//1306
f 1058//1227 1206//1306 176//1256
f 271//1217 1208//1214 1207//1307
f 271//1217 1207//1307 1058//1227
f 1032//422 1209//250 1208//1214
f 1032//422 1208//1214 271//1217
f 1210//251 1209//250 1032//422
f 1210//251 1032//422 170//425
f 1145//231 1211//233 1210//251
f 1145//231 1210//251 170//425
f 174//230 1212//234 1211//233
f 174//230 1211//233 1145//231
f 1213//1221 1212//234 174//230
f 1213//1221 174//230 1050//1223
f 1214//266 1213//1221 1050//1223
f 1214//266 1050//1223 1139//286
f 1215//267 1214//266 1139//286
f 1215//267 1139//286 190//285
f 1217//900 1216//1040 630//1006
f 1217//900 630//1006 866//963
f 1218//602 1217//900 866//963
f 1218//602 866//963 436//606
f 1219//603 1218//602 436//606
f 1219//603 436//606 435//605
f 435//605 497//701 1220//695
f 435//605 1220//695 1219//603
f 497//701 498//700 1221//696
f 497//701 1221//696 1220//695
f 1222//907 1221//696 498//700
f 1222//907 498//700 1027//913
f 1223//941 1222//907 1027//913
f 1223//941 1027//913 633//961
f 1224//942 1223//941 633//961
f 1224//942 633//961 1183//960
f 1225//910 1224//942 1183//960
f 1225//910 1183//960 635//945
f 1226//894 1225//910 635//945
f 1226//894 635//945 627//944
f 1067//949 1227//895 1226//894
f 1067//949 1226//894 627//944
f 1228//745 1227//895 1067//949
f 1228//745 1067//949 528//952
f 1044//951 1229//746 1228//745
f 1044//951 1228//745 528//952
f 519//956 1230//730 1229//746
f 519//956 1229//746 1044//951
f 1091//955 1231//731 1230//730
f 1091//955 1230//730 519//956
f 1232//760 1231//731 1091//955
f 1232//760 1091//955 518//958
f 518//958 1054//957 1233//761
f 518//958 1233//761 1232//760
f 1234//1224 1233//761 1054//957
f 1234//1224 1054//957 956//1167
f 1235//772 1234//1224 956//1167
f 1235//772 956//1167 539//1123
f 165//220 179//241 1242//497
f 165//220 1242//497 1243//496
f 178//252 1237//493 1236//492
f 178//252 1236//492 148//253
f 199//288 1238//494 1237//493
f 199//288 1237//493 178//252
f 513//717 674//1012 1239//1025
f 513//717 1239//1025 1245//1029
f 1240//1026 1239//1025 674//1012
f 1240//1026 674//1012 671//1011
f 1241//1027 1240//1026 671//1011
f 1241//1027 671//1011 675//1014
f 1243//496 1242//497 148//253
f 1243//496 148//253 1236//492
f 513//717 1245//1029 1244//1028
f 513//717 1244//1028 522//734
f 1246//123 1119//122 119//219
f 1246//123 119//219 118//1305
f 118//1305 857//400 117//399
f 118//1305 117//399 1246//123
f 441//610 438//609 1247//618
f 441//610 1247//618 1120//617
f 625//898 1247//618 438//609
f 872//1073 719//972 749//1068
f 872//1073 749//1068 553//790
f 128//359 939//1045 705//441
f 597//883 947//970 718//971
f 597//883 718//971 621//884
f 722//1072 1248//1051 93//392
f 722//1072 93//392 290//452
f 750//444 1248//1051 722//1072
f 750//444 722//1072 1257//449
f 719//972 1249//1049 622//886
f 752//1069 1249//1049 719//972
f 752//1069 719//972 872//1073
f 341//467 1267//1308 273//406
f 341//467 273//406 288//438
f 1250//1309 341//467 288//438
f 1250//1309 288//438 1107//1246
f 1252//1158 1251//1230 1059//1310
f 1252//1158 1059//1310 326//470
f 292//473 1252//1158 326//470
f 929//1160 1253//1159 1252//1158
f 929//1160 1252//1158 292//473
f 1254//1197 1253//1159 929//1160
f 1254//1197 929//1160 291//1199
f 1002//446 1255//455 1254//1197
f 1002//446 1254//1197 291//1199
f 1256//448 1255//455 1002//446
f 1256//448 1002//446 289//445
f 1257//449 1256//448 289//445
f 1257//449 289//445 750//444
f 619//1001 1106//1311 1258//1244
f 619//1001 1258//1244 664//1002
f 477//1149 1260//1036 1259//1231
f 477//1149 1259//1231 1061//1312
f 917//672 1261//986 1260//1036
f 917//672 1260//1036 477//1149
f 478//671 1262//987 1261//986
f 478//671 1261//986 917//672
f 985//670 1263//982 1262//987
f 985//670 1262//987 478//671
f 479//669 1264//983 1263//982
f 479//669 1263//982 985//670
f 753//1074 1265//1070 1264//983
f 753//1074 1264//983 479//669
f 755//788 723//978 1265//1070
f 755//788 1265//1070 753//1074
f 1266//502 1267//1308 341//467
f 1266//502 341//467 340//440
f 1216//1040 629//967 652//966
f 1216//1040 652//966 1268//1041
f 1196//403 273//406 1267//1308
f 1196//403 1267//1308 1266//502
f 1269//1007 1268//1041 652//966
f 1269//1007 652//966 664//1002
f 1270//499 1238//494 199//288
f 1271//1300 1270//499 199//288
f 1271//1300 199//288 1276//1181
f 1162//1279 1272//1302 974//1183
f 1162//1279 974//1183 1189//1190
f 549//1031 1273//1033 1241//1027
f 549//1031 1241//1027 675//1014
f 968//1282 1274//1313 1273//1033
f 968//1282 1273//1033 549//1031
f 1194//1299 1275//1180 1280//1303
f 1194//1299 1280//1303 1281//1304
f 1166//1177 1275//1180 1194//1299
f 969//1176 970//1184 1276//1181
f 969//1176 1276//1181 189//269
f 1271//1300 1276//1181 970//1184
f 1271//1300 970//1184 1278//1301
f 1277//1187 540//764 550//786
f 1273//1033 1274//1313 1277//1187
f 1273//1033 1277//1187 550//786
f 1278//1301 970//1184 974//1183
f 1278//1301 974//1183 1272//1302
f 1279//1292 1278//1301 1272//1302
f 1279//1292 1272//1302 1192//1289
f 1274//1313 1280//1303 972//1186
f 1274//1313 972//1186 1277//1187
f 1281//1304 1280//1303 1274//1313
f 1281//1304 1274//1313 968//1282
f 196//500 1215//267 190//285
f 539//1123 895//779 545//773
f 539//1123 545//773 1235//772
f 724//1121 961//1173 1282//1170
f 724//1121 1282//1170 198//1168
f 961//1173 973//1189 1283//1182
f 961//1173 1283//1182 1282//1170
f 973//1189 974//1183 1283//1182
f 1284//1175 548//785 960//784
f 960//784 971//1185 1285//1191
f 960//784 1285//1191 1284//1175
f 976//1179 1285//1191 971//1185
f 976//1179 971//1185 972//1186
f 769//166 133//165 1287//186
f 769//166 1287//186 1286//185
f 1289//679 1288//678 764//687
f 1289//679 764//687 484//686
f 770//139 30//138 1291//164
f 770//139 1291//164 1290//163
f 1293//662 1292//661 763//677
f 1293//662 763//677 472//680
f 248//191 1287//186 133//165
f 248//191 133//165 134//168
f 487//683 1289//679 484//686
f 487//683 484//686 486//684
f 30//138 32//150 250//169
f 30//138 250//169 1291//164
f 475//665 1293//662 472//680
f 475//665 472//680 474//666
f 366//1152 922//630 1295//1094
f 366//1152 1295//1094 1294//1314
f 1296//1095 1295//1094 922//630
f 1296//1095 922//630 364//629
f 992//528 1297//1097 1296//1095
f 992//528 1296//1095 364//629
f 1298//1098 1297//1097 992//528
f 1298//1098 992//528 365//527
f 365//527 423//591 1299//1099
f 365//527 1299//1099 1298//1098
f 1300//1100 1299//1099 423//591
f 1300//1100 423//591 422//590
f 1301//1101 1300//1100 422//590
f 1301//1101 422//590 604//863
f 1302//1102 1301//1101 604//863
f 1302//1102 604//863 603//862
f 838//871 1303//1103 1302//1102
f 838//871 1302//1102 603//862
f 607//870 1304//1104 1303//1103
f 607//870 1303//1103 838//871
f 1305//1105 1304//1104 607//870
f 1305//1105 607//870 387//545
f 388//546 1306//1106 1305//1105
f 388//546 1305//1105 387//545
f 394//552 1307//1107 1306//1106
f 394//552 1306//1106 388//546
f 1308//1108 1307//1107 394//552
f 1308//1108 394//552 357//520
f 1309//1109 1308//1108 357//520
f 1309//1109 357//520 783//519
f 1310//1110 1309//1109 783//519
f 1310//1110 783//519 356//573
f 1311//1111 1310//1110 356//573
f 1311//1111 356//573 404//572
f 1313//129 1312//1155 789//1315
f 1313//129 789//1315 925//1316
f 1314//130 1313//129 925//1316
f 1314//130 925//1316 790//1195
f 790//1195 995//1077 1315//57
f 790//1195 1315//57 1314//130
f 1316//58 1315//57 995//1077
f 1316//58 995//1077 791//1079
f 1317//99 1316//58 791//1079
f 1317//99 791//1079 792//1080
f 793//1081 1318//100 1317//99
f 793//1081 1317//99 792//1080
f 794//1082 1319//364 1318//100
f 794//1082 1318//100 793//1081
f 795//1083 1320//365 1319//364
f 795//1083 1319//364 794//1082
f 841//1085 1321//376 1320//365
f 841//1085 1320//365 795//1083
f 1322//377 1321//376 841//1085
f 1322//377 841//1085 796//1084
f 797//1086 1323//55 1322//377
f 797//1086 1322//377 796//1084
f 1324//56 1323//55 797//1086
f 1324//56 797//1086 798//1087
f 1325//54 1324//56 798//1087
f 1325//54 798//1087 799//1088
f 799//1088 800//1089 1326//15
f 799//1088 1326//15 1325//54
f 801//1090 1327//16 1326//15
f 801//1090 1326//15 800//1089
f 802//1091 1328//73 1327//16
f 802//1091 1327//16 801//1090
f 803//1092 1329//74 1328//73
f 803//1092 1328//73 802//1091
f 277//1260 1020//416 1125//1253
f 636//911 1028//908 1128//1116
f 636//911 1128//1116 1122//1117
f 1331//1317 1330//1318 85//63
f 1331//1317 85//63 87//66
f 83//70 1332//1319 1331//1317
f 83//70 1331//1317 87//66
f 1333//1320 1332//1319 83//70
f 1333//1320 83//70 84//79
f 1335//1321 1334//1322 405//574
f 1335//1321 405//574 402//567
f 402//567 401//561 1336//1323
f 402//567 1336//1323 1335//1321
f 1337//1324 1336//1323 401//561
f 1337//1324 401//561 399//560
f 399//560 400//565 1338//1325
f 399//560 1338//1325 1337//1324
f 403//568 1339//1326 1338//1325
f 403//568 1338//1325 400//565
f 88//71 86//68 1341//1327
f 88//71 1341//1327 1340//1328
f 85//63 1330//1318 1341//1327
f 85//63 1341//1327 86//68
f 1355//1329 1356//1330 1354//1331
f 1355//1329 1354//1331 1353//1332
f 1356//1330 1355//1329 1362//1333
f 1356//1330 1362//1333 1360//1334
f 1353//1332 1354//1331 1398//1335
f 1353//1332 1398//1335 1399//1336
f 1373//1337 1371//1338 1372//1339
f 1373//1337 1372//1339 1374//1340
f 1374//1340 1378//1341 1380//1342
f 1374//1340 1380//1342 1373//1337
f 1372//1339 1390//1343 1391//1344
f 1372//1339 1391//1344 1366//1345
f 1371//1338 1389//1346 1390//1343
f 1371//1338 1390//1343 1372//1339
f 1394//1347 1345//1348 1364//1349
f 1394//1347 1364//1349 1393//1350
f 1393//1350 1364//1349 1381//1351
f 1393//1350 1381//1351 1392//1352
f 1381//1351 1366//1345 1391//1344
f 1381//1351 1391//1344 1392//1352
f 1365//1353 1364//1349 1345//1348
f 1365//1353 1345//1348 1346//1354
f 1374//1340 1372//1339 1366//1345
f 1374//1340 1366//1345 1367//1355
f 1381//1351 1364//1349 1365//1353
f 1381//1351 1365//1353 1383//1356
f 1367//1355 1366//1345 1381//1351
f 1367//1355 1381//1351 1383//1356
f 1377//1357 1365//1353 1346//1354
f 1377//1357 1346//1354 1357//1358
f 1378//1341 1374//1340 1367//1355
f 1378//1341 1367//1355 1375//1359
f 1383//1356 1365//1353 1377//1357
f 1383//1356 1377//1357 1384//1360
f 1375//1359 1367//1355 1383//1356
f 1375//1359 1383//1356 1384//1360
f 1398//1335 1354//1331 1348//1361
f 1398//1335 1348//1361 1397//1362
f 1344//1363 1345//1348 1394//1347
f 1344//1363 1394//1347 1395//1364
f 1396//1365 1385//1366 1344//1363
f 1396//1365 1344//1363 1395//1364
f 1396//1365 1397//1362 1348//1361
f 1396//1365 1348//1361 1385//1366
f 1346//1354 1345//1348 1344//1363
f 1346//1354 1344//1363 1347//1367
f 1349//1368 1348//1361 1354//1331
f 1349//1368 1354//1331 1356//1330
f 1387//1369 1347//1367 1344//1363
f 1387//1369 1344//1363 1385//1366
f 1387//1369 1385//1366 1348//1361
f 1387//1369 1348//1361 1349//1368
f 1358//1370 1360//1334 1361//1371
f 1349//1368 1356//1330 1360//1334
f 1349//1368 1360//1334 1358//1370
f 1357//1358 1346//1354 1347//1367
f 1357//1358 1347//1367 1359//1372
f 1387//1369 1349//1368 1358//1370
f 1387//1369 1358//1370 1388//1373
f 1359//1372 1347//1367 1387//1369
f 1359//1372 1387//1369 1388//1373
f 1389//1346 1410//1374 1400//1375
f 1389//1346 1400//1375 1390//1343
f 1391//1344 1390//1343 1400//1375
f 1391//1344 1400//1375 1401//1376
f 1392//1352 1391//1344 1401//1376
f 1392//1352 1401//1376 1402//1377
f 1403//1378 1393//1350 1392//1352
f 1403//1378 1392//1352 1402//1377
f 1404//1379 1394//1347 1393//1350
f 1404//1379 1393//1350 1403//1378
f 1395//1364 1394//1347 1404//1379
f 1395//1364 1404//1379 1405//1380
f 1406//1381 1396//1365 1395//1364
f 1406//1381 1395//1364 1405//1380
f 1406//1381 1407//1382 1397//1362
f 1406//1381 1397//1362 1396//1365
f 1408//1383 1398//1335 1397//1362
f 1408//1383 1397//1362 1407//1382
f 1399//1336 1398//1335 1408//1383
f 1399//1336 1408//1383 1409//1384
f 1401//1376 1400//1375 1369//1385
f 1401//1376 1369//1385 1368//1386
f 1402//1377 1401//1376 1368//1386
f 1402//1377 1368//1386 1382//1387
f 1363//1388 1403//1378 1402//1377
f 1363//1388 1402//1377 1382//1387
f 1342//1389 1404//1379 1403//1378
f 1342//1389 1403//1378 1363//1388
f 1405//1380 1404//1379 1342//1389
f 1405//1380 1342//1389 1343//1390
f 1386//1391 1406//1381 1405//1380
f 1386//1391 1405//1380 1343//1390
f 1386//1391 1350//1392 1407//1382
f 1386//1391 1407//1382 1406//1381
f 1351//1393 1408//1383 1407//1382
f 1351//1393 1407//1382 1350//1392
f 1409//1384 1408//1383 1351//1393
f 1409//1384 1351//1393 1352//1394
f 1400//1375 1410//1374 1370//1395
f 1400//1375 1370//1395 1369//1385
f 1376//1396 1379//1397 1378//1341
f 1376//1396 1378//1341 1375//1359
f 1438//1398 1707//1399 1469//1400
f 1438//1398 1469//1400 1470//1401
f 1704//1402 1437//1403 1705//1404
f 1704//1402 1705//1404 1703//1405
f 1692//1406 1435//1407 1700//1408
f 1692//1406 1700//1408 1691//1409
f 1501//1410 1500//1411 1479//1412
f 1501//1410 1479//1412 1480//1413
f 1514//1414 1678//1415 1679//1416
f 1514//1414 1679//1416 1478//1417
f 1750//1418 1511//1419 1475//1420
f 1750//1418 1475//1420 1749//1421
f 1746//1422 1509//1423 1473//1424
f 1746//1422 1473//1424 1745//1425
f 1417//1426 1418//1427 1423//1428
f 1417//1426 1423//1428 1424//1429
f 1418//1427 1419//1430 1422//1431
f 1418//1427 1422//1431 1423//1428
f 1527//1432 1526//1433 1488//1434
f 1527//1432 1488//1434 1489//1435
f 1519//1436 1527//1432 1489//1435
f 1519//1436 1489//1435 1490//1437
f 1522//1438 1521//1439 1492//1440
f 1522//1438 1492//1440 1493//1441
f 1445//1442 1444//1443 1451//1444
f 1445//1442 1451//1444 1708//1445
f 1706//1446 1701//1447 1702//1448
f 1706//1446 1702//1448 1452//1449
f 1699//1450 1689//1451 1690//1452
f 1699//1450 1690//1452 1454//1453
f 1676//1454 1677//1455 1499//1456
f 1676//1454 1499//1456 1461//1457
f 1458//1458 1496//1459 1751//1460
f 1458//1458 1751//1460 1752//1461
f 1456//1462 1494//1463 1747//1464
f 1456//1462 1747//1464 1748//1465
f 1440//1466 1693//1467 1694//1468
f 1440//1466 1694//1468 1468//1469
f 1446//1470 1449//1471 1695//1472
f 1446//1470 1695//1472 1696//1473
f 1707//1399 1709//1474 1710//1475
f 1707//1399 1710//1475 1469//1400
f 1445//1442 1708//1445 1711//1476
f 1445//1442 1711//1476 1712//1477
f 1462//1478 1461//1457 1499//1456
f 1462//1478 1499//1456 1485//1479
f 1500//1411 1514//1414 1478//1417
f 1500//1411 1478//1417 1479//1412
f 1460//1480 1459//1481 1497//1482
f 1460//1480 1497//1482 1498//1483
f 1513//1484 1512//1485 1476//1486
f 1513//1484 1476//1486 1477//1487
f 1458//1458 1457//1488 1495//1489
f 1458//1458 1495//1489 1496//1459
f 1511//1419 1510//1490 1474//1491
f 1511//1419 1474//1491 1475//1420
f 1456//1462 1738//1492 1740//1493
f 1456//1462 1740//1493 1494//1463
f 1509//1423 1744//1494 1742//1495
f 1509//1423 1742//1495 1473//1424
f 1699//1450 1435//1407 1692//1406
f 1699//1450 1692//1406 1689//1451
f 1706//1446 1437//1403 1704//1402
f 1706//1446 1704//1402 1701//1447
f 1445//1442 1707//1399 1438//1398
f 1445//1442 1438//1398 1444//1443
f 1712//1477 1709//1474 1707//1399
f 1712//1477 1707//1399 1445//1442
f 1696//1473 1693//1467 1440//1466
f 1696//1473 1440//1466 1446//1470
f 1449//1471 1468//1469 1694//1468
f 1449//1471 1694//1468 1695//1472
f 1708//1445 1469//1400 1710//1475
f 1708//1445 1710//1475 1711//1476
f 1451//1444 1470//1401 1469//1400
f 1451//1444 1469//1400 1708//1445
f 1702//1448 1703//1405 1705//1404
f 1702//1448 1705//1404 1452//1449
f 1690//1452 1691//1409 1700//1408
f 1690//1452 1700//1408 1454//1453
f 1456//1462 1473//1424 1742//1495
f 1456//1462 1742//1495 1738//1492
f 1748//1465 1745//1425 1473//1424
f 1748//1465 1473//1424 1456//1462
f 1458//1458 1475//1420 1474//1491
f 1458//1458 1474//1491 1457//1488
f 1752//1461 1749//1421 1475//1420
f 1752//1461 1475//1420 1458//1458
f 1460//1480 1477//1487 1476//1486
f 1460//1480 1476//1486 1459//1481
f 1461//1457 1478//1417 1679//1416
f 1461//1457 1679//1416 1676//1454
f 1462//1478 1479//1412 1478//1417
f 1462//1478 1478//1417 1461//1457
f 1463//1496 1480//1413 1479//1412
f 1463//1496 1479//1412 1462//1478
f 1486//1497 1501//1410 1502//1498
f 1486//1497 1502//1498 1487//1499
f 1487//1499 1502//1498 1503//1500
f 1487//1499 1503//1500 1488//1434
f 1488//1434 1503//1500 1504//1501
f 1488//1434 1504//1501 1489//1435
f 1489//1435 1504//1501 1505//1502
f 1489//1435 1505//1502 1490//1437
f 1492//1440 1507//1503 1508//1504
f 1492//1440 1508//1504 1493//1441
f 1740//1493 1744//1494 1509//1423
f 1740//1493 1509//1423 1494//1463
f 1494//1463 1509//1423 1746//1422
f 1494//1463 1746//1422 1747//1464
f 1495//1489 1510//1490 1511//1419
f 1495//1489 1511//1419 1496//1459
f 1496//1459 1511//1419 1750//1418
f 1496//1459 1750//1418 1751//1460
f 1497//1482 1512//1485 1513//1484
f 1497//1482 1513//1484 1498//1483
f 1677//1455 1678//1415 1514//1414
f 1677//1455 1514//1414 1499//1456
f 1499//1456 1514//1414 1500//1411
f 1499//1456 1500//1411 1485//1479
f 1412//1505 1426//1506 1521//1439
f 1412//1505 1521//1439 1522//1438
f 1423//1428 1422//1431 1526//1433
f 1423//1428 1526//1433 1527//1432
f 1424//1429 1423//1428 1527//1432
f 1424//1429 1527//1432 1519//1436
f 1557//1507 1721//1508 1722//1509
f 1557//1507 1722//1509 1587//1510
f 1555//1511 1717//1512 1718//1513
f 1555//1511 1718//1513 1589//1514
f 1553//1515 1552//1516 1592//1517
f 1553//1515 1592//1517 1591//1518
f 1688//1519 1434//1520 1472//1521
f 1688//1519 1472//1521 1687//1522
f 1600//1523 1599//1524 1619//1525
f 1600//1523 1619//1525 1620//1526
f 1598//1527 1597//1528 1631//1529
f 1598//1527 1631//1529 1632//1530
f 1728//1531 1595//1532 1629//1533
f 1728//1531 1629//1533 1727//1534
f 1732//1535 1729//1536 1594//1537
f 1732//1535 1594//1537 1628//1538
f 1411//1539 1412//1505 1539//1540
f 1411//1539 1539//1540 1528//1541
f 1640//1542 1641//1543 1609//1544
f 1640//1542 1609//1544 1608//1545
f 1641//1543 1634//1546 1610//1547
f 1641//1543 1610//1547 1609//1544
f 1636//1548 1522//1438 1493//1441
f 1636//1548 1493//1441 1613//1549
f 1724//1550 1565//1551 1568//1552
f 1724//1550 1568//1552 1723//1553
f 1720//1554 1563//1555 1570//1556
f 1720//1554 1570//1556 1719//1557
f 1560//1558 1561//1559 1572//1560
f 1560//1558 1572//1560 1573//1561
f 1455//1562 1442//1563 1685//1564
f 1455//1562 1685//1564 1686//1565
f 1579//1566 1618//1567 1617//1568
f 1579//1566 1617//1568 1578//1569
f 1725//1570 1726//1571 1615//1572
f 1725//1570 1615//1572 1576//1573
f 1734//1574 1735//1575 1614//1576
f 1734//1574 1614//1576 1575//1577
f 1558//1578 1557//1507 1587//1510
f 1558//1578 1587//1510 1586//1579
f 1566//1580 1567//1581 1568//1552
f 1566//1580 1568//1552 1565//1551
f 1556//1582 1555//1511 1589//1514
f 1556//1582 1589//1514 1588//1583
f 1564//1584 1569//1585 1570//1556
f 1564//1584 1570//1556 1563//1555
f 1554//1586 1713//1587 1714//1588
f 1554//1586 1714//1588 1590//1589
f 1562//1590 1571//1591 1715//1592
f 1562//1590 1715//1592 1716//1593
f 1552//1516 1551//1594 1593//1595
f 1552//1516 1593//1595 1592//1517
f 1560//1558 1573//1561 1574//1596
f 1560//1558 1574//1596 1559//1597
f 1579//1566 1580//1598 1605//1599
f 1579//1566 1605//1599 1618//1567
f 1619//1525 1599//1524 1598//1527
f 1619//1525 1598//1527 1632//1530
f 1577//1600 1578//1569 1617//1568
f 1577//1600 1617//1568 1616//1601
f 1631//1529 1597//1528 1596//1602
f 1631//1529 1596//1602 1630//1603
f 1736//1604 1733//1605 1576//1573
f 1736//1604 1576//1573 1615//1572
f 1629//1533 1595//1532 1730//1606
f 1629//1533 1730//1606 1731//1607
f 1739//1608 1737//1609 1575//1577
f 1739//1608 1575//1577 1614//1576
f 1628//1538 1594//1537 1741//1610
f 1628//1538 1741//1610 1743//1611
f 1688//1519 1685//1564 1442//1563
f 1688//1519 1442//1563 1434//1520
f 1560//1558 1559//1597 1551//1594
f 1560//1558 1551//1594 1552//1516
f 1561//1559 1560//1558 1552//1516
f 1561//1559 1552//1516 1553//1515
f 1562//1590 1716//1593 1713//1587
f 1562//1590 1713//1587 1554//1586
f 1563//1555 1720//1554 1717//1512
f 1563//1555 1717//1512 1555//1511
f 1564//1584 1563//1555 1555//1511
f 1564//1584 1555//1511 1556//1582
f 1565//1551 1724//1550 1721//1508
f 1565//1551 1721//1508 1557//1507
f 1566//1580 1565//1551 1557//1507
f 1566//1580 1557//1507 1558//1578
f 1568//1552 1567//1581 1586//1579
f 1568//1552 1586//1579 1587//1510
f 1723//1553 1568//1552 1587//1510
f 1723//1553 1587//1510 1722//1509
f 1570//1556 1569//1585 1588//1583
f 1570//1556 1588//1583 1589//1514
f 1719//1557 1570//1556 1589//1514
f 1719//1557 1589//1514 1718//1513
f 1715//1592 1571//1591 1590//1589
f 1715//1592 1590//1589 1714//1588
f 1573//1561 1572//1560 1591//1518
f 1573//1561 1591//1518 1592//1517
f 1574//1596 1573//1561 1592//1517
f 1574//1596 1592//1517 1593//1595
f 1455//1562 1686//1565 1687//1522
f 1455//1562 1687//1522 1472//1521
f 1575//1577 1737//1609 1741//1610
f 1575//1577 1741//1610 1594//1537
f 1729//1536 1734//1574 1575//1577
f 1729//1536 1575//1577 1594//1537
f 1576//1573 1733//1605 1730//1606
f 1576//1573 1730//1606 1595//1532
f 1728//1531 1725//1570 1576//1573
f 1728//1531 1576//1573 1595//1532
f 1578//1569 1577//1600 1596//1602
f 1578//1569 1596//1602 1597//1528
f 1579//1566 1578//1569 1597//1528
f 1579//1566 1597//1528 1598//1527
f 1580//1598 1579//1566 1598//1527
f 1580//1598 1598//1527 1599//1524
f 1581//1612 1580//1598 1599//1524
f 1581//1612 1599//1524 1600//1523
f 1607//1613 1608//1545 1622//1614
f 1607//1613 1622//1614 1621//1615
f 1608//1545 1609//1544 1623//1616
f 1608//1545 1623//1616 1622//1614
f 1609//1544 1610//1547 1624//1617
f 1609//1544 1624//1617 1623//1616
f 1610//1547 1611//1618 1625//1619
f 1610//1547 1625//1619 1624//1617
f 1611//1618 1612//1620 1626//1621
f 1611//1618 1626//1621 1625//1619
f 1612//1620 1613//1549 1627//1622
f 1612//1620 1627//1622 1626//1621
f 1613//1549 1493//1441 1508//1504
f 1613//1549 1508//1504 1627//1622
f 1743//1611 1739//1608 1614//1576
f 1743//1611 1614//1576 1628//1538
f 1614//1576 1735//1575 1732//1535
f 1614//1576 1732//1535 1628//1538
f 1731//1607 1736//1604 1615//1572
f 1731//1607 1615//1572 1629//1533
f 1615//1572 1726//1571 1727//1534
f 1615//1572 1727//1534 1629//1533
f 1616//1601 1617//1568 1631//1529
f 1616//1601 1631//1529 1630//1603
f 1617//1568 1618//1567 1632//1530
f 1617//1568 1632//1530 1631//1529
f 1618//1567 1605//1599 1619//1525
f 1618//1567 1619//1525 1632//1530
f 1412//1505 1522//1438 1636//1548
f 1412//1505 1636//1548 1539//1540
f 1606//1623 1607//1613 1621//1615
f 1606//1623 1621//1615 1620//1526
f 1620//1526 1619//1525 1605//1599
f 1620//1526 1605//1599 1606//1623
f 1428//1624 1418//1427 1417//1426
f 1428//1624 1417//1426 1429//1625
f 1427//1626 1419//1430 1418//1427
f 1427//1626 1418//1427 1428//1624
f 1420//1627 1419//1430 1427//1626
f 1420//1627 1427//1626 1517//1628
f 1465//1629 1516//1630 1515//1631
f 1465//1629 1515//1631 1482//1632
f 1649//1633 1420//1627 1517//1628
f 1649//1633 1517//1628 1648//1634
f 1649//1633 1648//1634 1516//1630
f 1649//1633 1516//1630 1465//1629
f 1422//1431 1419//1430 1420//1627
f 1422//1431 1420//1627 1421//1635
f 1464//1636 1465//1629 1482//1632
f 1464//1636 1482//1632 1481//1637
f 1650//1638 1421//1635 1420//1627
f 1650//1638 1420//1627 1649//1633
f 1650//1638 1649//1633 1465//1629
f 1650//1638 1465//1629 1464//1636
f 1464//1636 1481//1637 1523//1639
f 1464//1636 1523//1639 1524//1640
f 1525//1641 1487//1499 1488//1434
f 1525//1641 1488//1434 1526//1433
f 1525//1641 1526//1433 1422//1431
f 1525//1641 1422//1431 1421//1635
f 1523//1639 1480//1413 1463//1496
f 1523//1639 1463//1496 1524//1640
f 1651//1642 1525//1641 1421//1635
f 1651//1642 1421//1635 1650//1638
f 1651//1642 1524//1640 1463//1496
f 1651//1642 1463//1496 1486//1497
f 1486//1497 1463//1496 1462//1478
f 1486//1497 1462//1478 1485//1479
f 1486//1497 1487//1499 1525//1641
f 1486//1497 1525//1641 1651//1642
f 1486//1497 1485//1479 1500//1411
f 1486//1497 1500//1411 1501//1410
f 1651//1642 1650//1638 1464//1636
f 1651//1642 1464//1636 1524//1640
f 1425//1643 1416//1644 1417//1426
f 1425//1643 1417//1426 1424//1429
f 1425//1643 1424//1429 1519//1436
f 1425//1643 1519//1436 1520//1645
f 1492//1440 1521//1439 1520//1645
f 1492//1440 1520//1645 1491//1646
f 1520//1645 1521//1439 1426//1506
f 1520//1645 1426//1506 1425//1643
f 1520//1645 1519//1436 1490//1437
f 1520//1645 1490//1437 1491//1646
f 1491//1646 1490//1437 1505//1502
f 1491//1646 1505//1502 1506//1647
f 1506//1647 1507//1503 1492//1440
f 1506//1647 1492//1440 1491//1646
f 1428//1624 1429//1625 1433//1648
f 1428//1624 1433//1648 1642//1649
f 1427//1626 1428//1624 1642//1649
f 1427//1626 1642//1649 1643//1650
f 1517//1628 1427//1626 1643//1650
f 1517//1628 1643//1650 1644//1651
f 1648//1634 1517//1628 1644//1651
f 1648//1634 1644//1651 1647//1652
f 1652//1653 1646//1654 1653//1655
f 1647//1652 1644//1651 1652//1653
f 1647//1652 1652//1653 1653//1655
f 1645//1656 1516//1630 1648//1634
f 1645//1656 1648//1634 1647//1652
f 1653//1655 1646//1654 1466//1657
f 1653//1655 1466//1657 1654//1658
f 1645//1656 1647//1652 1653//1655
f 1645//1656 1653//1655 1654//1658
f 1483//1659 1516//1630 1645//1656
f 1515//1631 1516//1630 1483//1659
f 1483//1659 1645//1656 1654//1658
f 1483//1659 1654//1658 1655//1660
f 1654//1658 1466//1657 1484//1661
f 1654//1658 1484//1661 1655//1660
f 1415//1662 1416//1644 1425//1643
f 1415//1662 1425//1643 1426//1506
f 1430//1663 1416//1644 1415//1662
f 1415//1662 1426//1506 1412//1505
f 1415//1662 1412//1505 1411//1539
f 1415//1662 1518//1664 1430//1663
f 1432//1665 1433//1648 1429//1625
f 1432//1665 1429//1625 1430//1663
f 1430//1663 1429//1625 1417//1426
f 1430//1663 1417//1426 1416//1644
f 1430//1663 1518//1664 1431//1666
f 1431//1666 1432//1665 1430//1663
f 1413//1667 1414//1668 1431//1666
f 1413//1667 1431//1666 1518//1664
f 1413//1667 1518//1664 1415//1662
f 1413//1667 1415//1662 1411//1539
f 1413//1667 1411//1539 1528//1541
f 1413//1667 1528//1541 1633//1669
f 1638//1670 1581//1612 1600//1523
f 1638//1670 1600//1523 1637//1671
f 1640//1542 1608//1545 1607//1613
f 1640//1542 1607//1613 1639//1672
f 1659//1673 1639//1672 1607//1613
f 1659//1673 1607//1613 1606//1623
f 1606//1623 1581//1612 1638//1670
f 1606//1623 1638//1670 1659//1673
f 1605//1599 1580//1598 1581//1612
f 1605//1599 1581//1612 1606//1623
f 1544//1674 1528//1541 1529//1675
f 1583//1676 1602//1677 1603//1678
f 1583//1676 1603//1678 1584//1679
f 1611//1618 1610//1547 1634//1546
f 1611//1618 1634//1546 1635//1680
f 1529//1675 1528//1541 1539//1540
f 1529//1675 1539//1540 1538//1681
f 1538//1681 1539//1540 1636//1548
f 1538//1681 1636//1548 1635//1680
f 1612//1620 1611//1618 1635//1680
f 1636//1548 1613//1549 1612//1620
f 1636//1548 1612//1620 1635//1680
f 1414//1668 1413//1667 1633//1669
f 1414//1668 1633//1669 1545//1682
f 1661//1683 1660//1684 1546//1685
f 1543//1686 1547//1687 1546//1685
f 1543//1686 1546//1685 1660//1684
f 1543//1686 1660//1684 1662//1688
f 1543//1686 1662//1688 1663//1689
f 1548//1690 1547//1687 1543//1686
f 1548//1690 1543//1686 1542//1691
f 1664//1692 1542//1691 1543//1686
f 1664//1692 1543//1686 1663//1689
f 1549//1693 1548//1690 1542//1691
f 1549//1693 1542//1691 1541//1694
f 1665//1695 1541//1694 1542//1691
f 1665//1695 1542//1691 1664//1692
f 1550//1696 1549//1693 1541//1694
f 1550//1696 1541//1694 1540//1697
f 1540//1697 1541//1694 1665//1695
f 1540//1697 1665//1695 1666//1698
f 1656//1699 1550//1696 1540//1697
f 1656//1699 1540//1697 1657//1700
f 1684//1701 1604//1702 1585//1703
f 1684//1701 1585//1703 1683//1704
f 1584//1679 1657//1700 1667//1705
f 1667//1705 1657//1700 1540//1697
f 1667//1705 1540//1697 1666//1698
f 1544//1674 1529//1675 1530//1706
f 1530//1706 1663//1689 1662//1688
f 1530//1706 1662//1688 1544//1674
f 1661//1683 1545//1682 1633//1669
f 1661//1683 1633//1669 1544//1674
f 1662//1688 1661//1683 1544//1674
f 1530//1706 1529//1675 1538//1681
f 1530//1706 1538//1681 1537//1707
f 1537//1707 1538//1681 1635//1680
f 1537//1707 1635//1680 1634//1546
f 1536//1708 1537//1707 1634//1546
f 1536//1708 1634//1546 1641//1543
f 1664//1692 1663//1689 1530//1706
f 1664//1692 1530//1706 1531//1709
f 1537//1707 1536//1708 1668//1710
f 1531//1709 1530//1706 1537//1707
f 1531//1709 1537//1707 1668//1710
f 1665//1695 1664//1692 1531//1709
f 1665//1695 1531//1709 1532//1711
f 1535//1712 1536//1708 1641//1543
f 1535//1712 1641//1543 1640//1542
f 1668//1710 1536//1708 1535//1712
f 1668//1710 1535//1712 1669//1713
f 1532//1711 1531//1709 1668//1710
f 1532//1711 1668//1710 1669//1713
f 1666//1698 1665//1695 1532//1711
f 1666//1698 1532//1711 1533//1714
f 1533//1714 1532//1711 1669//1713
f 1533//1714 1669//1713 1670//1715
f 1667//1705 1666//1698 1533//1714
f 1667//1705 1533//1714 1658//1716
f 1583//1676 1584//1679 1667//1705
f 1583//1676 1667//1705 1658//1716
f 1670//1715 1669//1713 1535//1712
f 1670//1715 1535//1712 1534//1717
f 1534//1717 1535//1712 1640//1542
f 1534//1717 1640//1542 1639//1672
f 1601//1718 1602//1677 1583//1676
f 1601//1718 1583//1676 1582//1719
f 1638//1670 1637//1671 1601//1718
f 1638//1670 1601//1718 1582//1719
f 1671//1720 1670//1715 1534//1717
f 1671//1720 1658//1716 1533//1714
f 1671//1720 1533//1714 1670//1715
f 1583//1676 1658//1716 1671//1720
f 1534//1717 1639//1672 1659//1673
f 1534//1717 1659//1673 1671//1720
f 1671//1720 1659//1673 1638//1670
f 1671//1720 1638//1670 1582//1719
f 1582//1719 1583//1676 1671//1720
f 1633//1669 1528//1541 1544//1674
f 1503//1500 1675//1721 1504//1501
f 1624//1617 1674//1722 1623//1616
f 1482//1632 1675//1721 1481//1637
f 1674//1722 1673//1723 1672//1724
f 1637//1671 1674//1722 1601//1718
f 1675//1721 1672//1724 1673//1723
f 1507//1503 1673//1723 1508//1504
f 1602//1677 1674//1722 1603//1678
f 1601//1718 1674//1722 1602//1677
f 1620//1526 1674//1722 1600//1523
f 1600//1523 1674//1722 1637//1671
f 1622//1614 1674//1722 1621//1615
f 1621//1615 1674//1722 1620//1526
f 1623//1616 1674//1722 1622//1614
f 1626//1621 1673//1723 1625//1619
f 1508//1504 1673//1723 1627//1622
f 1627//1622 1673//1723 1626//1621
f 1625//1619 1673//1723 1674//1722
f 1625//1619 1674//1722 1624//1617
f 1506//1647 1673//1723 1507//1503
f 1505//1502 1675//1721 1673//1723
f 1505//1502 1673//1723 1506//1647
f 1504//1501 1675//1721 1505//1502
f 1501//1410 1675//1721 1502//1498
f 1502//1498 1675//1721 1503//1500
f 1523//1639 1675//1721 1480//1413
f 1481//1637 1675//1721 1523//1639
f 1480//1413 1675//1721 1501//1410
f 1515//1631 1675//1721 1482//1632
f 1460//1480 1498//1483 1677//1455
f 1460//1480 1677//1455 1676//1454
f 1498//1483 1513//1484 1678//1415
f 1498//1483 1678//1415 1677//1455
f 1679//1416 1678//1415 1513//1484
f 1679//1416 1513//1484 1477//1487
f 1676//1454 1679//1416 1477//1487
f 1676//1454 1477//1487 1460//1480
f 1662//1688 1660//1684 1661//1683
f 1661//1683 1546//1685 1545//1682
f 1680//1725 1549//1693 1550//1696
f 1681//1726 1680//1725 1550//1696
f 1681//1726 1550//1696 1656//1699
f 1682//1727 1680//1725 1681//1726
f 1681//1726 1683//1704 1585//1703
f 1681//1726 1585//1703 1682//1727
f 1584//1679 1683//1704 1656//1699
f 1584//1679 1656//1699 1657//1700
f 1603//1678 1684//1701 1683//1704
f 1603//1678 1683//1704 1584//1679
f 1683//1704 1681//1726 1656//1699
f 1686//1565 1685//1564 1559//1597
f 1686//1565 1559//1597 1574//1596
f 1687//1522 1686//1565 1574//1596
f 1687//1522 1574//1596 1593//1595
f 1551//1594 1688//1519 1687//1522
f 1551//1594 1687//1522 1593//1595
f 1559//1597 1685//1564 1688//1519
f 1559//1597 1688//1519 1551//1594
f 1689//1451 1442//1563 1455//1562
f 1689//1451 1455//1562 1690//1452
f 1455//1562 1472//1521 1691//1409
f 1455//1562 1691//1409 1690//1452
f 1434//1520 1692//1406 1691//1409
f 1434//1520 1691//1409 1472//1521
f 1689//1451 1692//1406 1434//1520
f 1689//1451 1434//1520 1442//1563
f 1693//1467 1441//1728 1467//1729
f 1693//1467 1467//1729 1694//1468
f 1695//1472 1694//1468 1467//1729
f 1695//1472 1467//1729 1448//1730
f 1696//1473 1695//1472 1448//1730
f 1696//1473 1448//1730 1447//1731
f 1447//1731 1441//1728 1693//1467
f 1447//1731 1693//1467 1696//1473
f 1439//1732 1440//1466 1468//1469
f 1439//1732 1468//1469 1697//1733
f 1450//1734 1697//1733 1468//1469
f 1450//1734 1468//1469 1449//1471
f 1446//1470 1698//1735 1450//1734
f 1446//1470 1450//1734 1449//1471
f 1446//1470 1440//1466 1439//1732
f 1446//1470 1439//1732 1698//1735
f 1699//1450 1454//1453 1453//1736
f 1699//1450 1453//1736 1443//1737
f 1443//1737 1436//1738 1435//1407
f 1443//1737 1435//1407 1699//1450
f 1700//1408 1435//1407 1436//1738
f 1700//1408 1436//1738 1471//1739
f 1454//1453 1700//1408 1471//1739
f 1454//1453 1471//1739 1453//1736
f 1701//1447 1443//1737 1453//1736
f 1701//1447 1453//1736 1702//1448
f 1453//1736 1471//1739 1703//1405
f 1453//1736 1703//1405 1702//1448
f 1436//1738 1704//1402 1703//1405
f 1436//1738 1703//1405 1471//1739
f 1701//1447 1704//1402 1436//1738
f 1701//1447 1436//1738 1443//1737
f 1437//1403 1438//1398 1470//1401
f 1437//1403 1470//1401 1705//1404
f 1452//1449 1705//1404 1470//1401
f 1452//1449 1470//1401 1451//1444
f 1706//1446 1452//1449 1451//1444
f 1706//1446 1451//1444 1444//1443
f 1444//1443 1438//1398 1437//1403
f 1444//1443 1437//1403 1706//1446
f 1709//1474 1439//1732 1697//1733
f 1709//1474 1697//1733 1710//1475
f 1711//1476 1710//1475 1697//1733
f 1711//1476 1697//1733 1450//1734
f 1712//1477 1711//1476 1450//1734
f 1712//1477 1450//1734 1698//1735
f 1698//1735 1439//1732 1709//1474
f 1698//1735 1709//1474 1712//1477
f 1713//1587 1553//1515 1591//1518
f 1713//1587 1591//1518 1714//1588
f 1572//1560 1715//1592 1714//1588
f 1572//1560 1714//1588 1591//1518
f 1716//1593 1715//1592 1572//1560
f 1716//1593 1572//1560 1561//1559
f 1713//1587 1716//1593 1561//1559
f 1713//1587 1561//1559 1553//1515
f 1717//1512 1554//1586 1590//1589
f 1717//1512 1590//1589 1718//1513
f 1571//1591 1719//1557 1718//1513
f 1571//1591 1718//1513 1590//1589
f 1562//1590 1720//1554 1719//1557
f 1562//1590 1719//1557 1571//1591
f 1717//1512 1720//1554 1562//1590
f 1717//1512 1562//1590 1554//1586
f 1721//1508 1556//1582 1588//1583
f 1721//1508 1588//1583 1722//1509
f 1569//1585 1723//1553 1722//1509
f 1569//1585 1722//1509 1588//1583
f 1564//1584 1724//1550 1723//1553
f 1564//1584 1723//1553 1569//1585
f 1721//1508 1724//1550 1564//1584
f 1721//1508 1564//1584 1556//1582
f 1577//1600 1616//1601 1726//1571
f 1577//1600 1726//1571 1725//1570
f 1727//1534 1726//1571 1616//1601
f 1727//1534 1616//1601 1630//1603
f 1596//1602 1728//1531 1727//1534
f 1596//1602 1727//1534 1630//1603
f 1577//1600 1725//1570 1728//1531
f 1577//1600 1728//1531 1596//1602
f 1729//1536 1730//1606 1733//1605
f 1729//1536 1733//1605 1734//1574
f 1730//1606 1729//1536 1732//1535
f 1730//1606 1732//1535 1731//1607
f 1731//1607 1732//1535 1735//1575
f 1731//1607 1735//1575 1736//1604
f 1734//1574 1733//1605 1736//1604
f 1734//1574 1736//1604 1735//1575
f 1738//1492 1737//1609 1739//1608
f 1738//1492 1739//1608 1740//1493
f 1737//1609 1738//1492 1742//1495
f 1737//1609 1742//1495 1741//1610
f 1740//1493 1739//1608 1743//1611
f 1740//1493 1743//1611 1744//1494
f 1741//1610 1742//1495 1744//1494
f 1741//1610 1744//1494 1743//1611
f 1510//1490 1746//1422 1745//1425
f 1510//1490 1745//1425 1474//1491
f 1747//1464 1746//1422 1510//1490
f 1747//1464 1510//1490 1495//1489
f 1748//1465 1747//1464 1495//1489
f 1748//1465 1495//1489 1457//1488
f 1457//1488 1474//1491 1745//1425
f 1457//1488 1745//1425 1748//1465
f 1512//1485 1750//1418 1749//1421
f 1512//1485 1749//1421 1476//1486
f 1751//1460 1750//1418 1512//1485
f 1751//1460 1512//1485 1497//1482
f 1752//1461 1751//1460 1497//1482
f 1752//1461 1497//1482 1459//1481
f 1459//1481 1476//1486 1749//1421
f 1459//1481 1749//1421 1752//1461
f 1817//1740 1818//1741 1844//1742
f 1817//1740 1844//1742 1845//1743
f 1754//1744 1755//1745 1817//1740
f 1754//1744 1817//1740 1815//1746
f 1755//1745 1756//1747 1818//1741
f 1755//1745 1818//1741 1817//1740
f 1792//1748 1781//1749 1780//1750
f 1792//1748 1780//1750 1791//1751
f 1871//1752 1872//1753 1874//1754
f 1871//1752 1874//1754 1873//1755
f 1883//1756 1882//1757 1874//1754
f 1883//1756 1874//1754 1872//1753
f 1936//1758 1858//1759 1859//1760
f 1936//1758 1859//1760 1937//1761
f 1858//1759 1912//1762 1913//1763
f 1858//1759 1913//1763 1859//1760
f 1843//1764 1844//1742 1818//1741
f 1843//1764 1818//1741 1819//1765
f 1843//1764 1819//1765 1963//1766
f 1820//1767 1842//1768 1843//1764
f 1820//1767 1843//1764 1963//1766
f 1819//1765 1818//1741 1756//1747
f 1819//1765 1756//1747 1757//1769
f 1964//1770 1758//1771 1820//1767
f 1964//1770 1820//1767 1963//1766
f 1964//1770 1963//1766 1819//1765
f 1964//1770 1819//1765 1757//1769
f 1891//1772 1892//1773 1968//1774
f 1860//1775 1938//1776 1937//1761
f 1860//1775 1937//1761 1859//1760
f 1913//1763 1934//1777 1933//1778
f 1913//1763 1933//1778 1914//1779
f 1860//1775 1859//1760 1913//1763
f 1860//1775 1913//1763 1914//1779
f 1882//1757 1883//1756 1892//1773
f 1882//1757 1892//1773 1891//1772
f 1900//1780 1891//1772 1968//1774
f 1900//1780 1968//1774 1901//1781
f 1900//1780 1901//1781 1973//1782
f 1973//1782 1939//1783 1940//1784
f 1973//1782 1940//1784 1900//1780
f 2060//1785 1892//1773 1893//1786
f 2059//1787 2060//1785 1893//1786
f 1974//1788 1893//1786 1894//1789
f 1973//1782 1901//1781 1969//1790
f 1893//1786 1974//1788 1975//1791
f 1893//1786 1975//1791 2059//1787
f 1787//1792 1821//1793 1926//1794
f 1787//1792 1926//1794 1905//1795
f 1884//1796 1883//1756 1872//1753
f 1884//1796 1872//1753 1870//1797
f 1893//1786 1892//1773 1883//1756
f 1893//1786 1883//1756 1884//1796
f 1884//1796 1870//1797 1868//1798
f 1884//1796 1868//1798 1981//1799
f 1981//1799 1885//1800 1884//1796
f 1884//1796 1885//1800 1893//1786
f 1868//1798 1866//1801 1980//1802
f 1868//1798 1980//1802 1981//1799
f 1780//1750 1781//1749 1772//1803
f 1780//1750 1772//1803 1773//1804
f 1989//1805 1966//1806 1773//1804
f 1773//1804 1772//1803 1771//1807
f 1773//1804 1771//1807 1989//1805
f 1982//1808 1959//1809 1960//1810
f 1945//1811 1982//1808 1983//1812
f 1960//1810 1877//1813 1983//1812
f 1961//1814 1877//1813 1960//1810
f 1983//1812 1982//1808 1960//1810
f 1846//1815 1815//1746 1817//1740
f 1846//1815 1817//1740 1845//1743
f 1753//1816 1754//1744 1815//1746
f 1753//1816 1815//1746 1814//1817
f 1808//1818 1836//1819 1835//1820
f 1808//1818 1835//1820 1807//1821
f 1992//1822 1836//1819 1808//1818
f 1992//1822 1808//1818 1993//1823
f 1753//1816 1814//1817 1992//1822
f 1753//1816 1992//1822 1993//1823
f 1993//1823 1808//1818 1852//1824
f 1995//1825 1793//1826 1801//1827
f 1794//1828 1793//1826 1994//1829
f 1994//1829 1793//1826 1995//1825
f 1881//1830 1876//1831 1874//1754
f 1881//1830 1874//1754 1882//1757
f 1881//1830 1882//1757 1891//1772
f 1881//1830 1891//1772 1890//1832
f 1959//1809 1876//1831 1880//1833
f 1902//1834 1969//1790 1975//1791
f 1975//1791 1974//1788 1902//1834
f 1809//1835 1812//1836 1813//1837
f 1809//1835 1813//1837 1997//1838
f 1809//1835 1997//1838 1998//1839
f 1952//1840 1951//1841 1954//1842
f 1952//1840 1954//1842 2001//1843
f 2001//1843 1955//1844 1952//1840
f 1991//1845 1997//1838 1813//1837
f 1991//1845 1813//1837 1760//1846
f 2000//1847 1990//1848 1991//1845
f 2000//1847 1991//1845 1760//1846
f 2000//1847 1955//1844 2001//1843
f 2002//1849 1810//1850 1797//1851
f 1806//1852 1834//1853 1821//1793
f 1806//1852 1821//1793 1787//1792
f 2004//1854 2003//1855 1854//1856
f 1753//1816 1993//1823 1852//1824
f 1811//1857 1810//1850 2002//1849
f 1847//1858 1848//1859 1755//1745
f 1847//1858 1755//1745 1754//1744
f 1847//1858 1754//1744 1753//1816
f 1847//1858 1753//1816 1852//1824
f 1854//1856 1810//1850 1811//1857
f 2004//1854 1854//1856 1811//1857
f 1811//1857 2002//1849 1805//1860
f 1805//1860 1804//1861 1848//1859
f 1805//1860 1848//1859 1847//1858
f 2004//1854 1811//1857 1805//1860
f 1805//1860 1847//1858 2004//1854
f 1847//1858 1852//1824 2004//1854
f 2003//1855 2004//1854 1853//1862
f 1853//1862 2004//1854 1852//1824
f 1853//1862 1852//1824 1808//1818
f 1853//1862 1808//1818 1807//1821
f 1855//1863 1854//1856 2003//1855
f 1827//1864 1834//1853 1835//1820
f 1827//1864 1835//1820 1833//1865
f 1833//1865 1835//1820 1836//1819
f 1833//1865 1836//1819 1816//1866
f 1833//1865 1832//1867 1826//1868
f 1833//1865 1826//1868 1827//1864
f 1816//1866 1814//1817 1815//1746
f 1816//1866 1815//1746 1846//1815
f 1992//1822 1814//1817 1816//1866
f 1816//1866 1836//1819 1992//1822
f 1816//1866 1846//1815 1832//1867
f 1816//1866 1832//1867 1833//1865
f 1979//1869 1980//1802 1866//1801
f 1979//1869 1866//1801 1864//1870
f 1976//1871 2009//1872 2010//1873
f 1976//1871 1760//1846 1813//1837
f 1976//1871 1813//1837 1977//1874
f 2009//1872 1976//1871 1977//1874
f 2009//1872 1977//1874 2008//1875
f 1887//1876 1979//1869 2010//1873
f 1887//1876 2010//1873 2009//1872
f 2014//1877 1908//1878 1896//1879
f 2016//1880 2013//1881 2014//1877
f 2016//1880 2014//1877 1896//1879
f 2012//1882 2008//1875 2007//1883
f 2012//1882 2007//1883 2013//1881
f 1887//1876 2009//1872 2008//1875
f 1887//1876 2008//1875 2012//1882
f 2017//1884 2012//1882 2013//1881
f 2017//1884 2013//1881 2016//1880
f 1886//1885 1885//1800 1981//1799
f 1886//1885 1981//1799 1980//1802
f 1886//1885 1980//1802 1979//1869
f 1886//1885 1979//1869 1887//1876
f 1886//1885 1887//1876 2012//1882
f 1886//1885 2012//1882 2017//1884
f 1903//1886 1902//1834 1974//1788
f 1937//1761 1902//1834 1903//1886
f 1895//1887 1886//1885 2017//1884
f 2017//1884 2016//1880 1895//1887
f 1895//1887 1894//1789 1885//1800
f 1895//1887 1885//1800 1886//1885
f 1903//1886 1974//1788 1894//1789
f 1903//1886 1894//1789 1895//1887
f 2016//1880 1896//1879 1895//1887
f 1895//1887 1896//1879 2018//1888
f 1936//1758 1937//1761 1903//1886
f 1936//1758 1903//1886 1904//1889
f 1904//1889 1903//1886 1895//1887
f 1904//1889 1895//1887 2018//1888
f 1910//1890 1936//1758 1904//1889
f 1911//1891 1912//1762 1858//1759
f 1911//1891 1858//1759 1857//1892
f 2020//1893 1911//1891 1857//1892
f 2020//1893 1857//1892 2019//1894
f 2019//1894 1857//1892 1941//1895
f 1941//1895 1907//1896 2019//1894
f 1942//1897 1943//1898 1905//1795
f 1942//1897 1905//1795 1906//1899
f 1936//1758 1910//1890 1941//1895
f 1857//1892 1858//1759 1936//1758
f 1857//1892 1936//1758 1941//1895
f 1909//1900 1904//1889 2018//1888
f 1910//1890 1904//1889 1909//1900
f 2018//1888 1896//1879 2015//1901
f 2018//1888 2015//1901 1909//1900
f 1909//1900 2015//1901 1942//1897
f 2022//1902 1941//1895 1910//1890
f 2022//1902 1910//1890 1909//1900
f 1909//1900 1942//1897 2022//1902
f 2021//1903 1907//1896 1941//1895
f 2021//1903 1941//1895 2022//1902
f 2022//1902 1942//1897 1906//1899
f 2022//1902 1906//1899 2021//1903
f 1906//1899 1905//1795 1926//1794
f 1906//1899 1926//1794 1927//1904
f 2023//1905 2021//1903 1906//1899
f 2023//1905 1906//1899 1927//1904
f 2020//1893 2019//1894 1907//1896
f 2020//1893 1907//1896 1928//1906
f 1920//1907 1919//1908 1924//1909
f 1920//1907 1924//1909 1925//1910
f 1927//1904 1926//1794 1920//1907
f 1927//1904 1920//1907 1925//1910
f 1934//1777 1913//1763 1912//1762
f 1934//1777 1912//1762 1935//1911
f 1907//1896 2021//1903 2023//1905
f 1907//1896 2023//1905 1928//1906
f 1944//1912 1925//1910 1924//1909
f 1944//1912 1924//1909 1935//1911
f 1935//1911 1912//1762 1911//1891
f 1935//1911 1911//1891 1944//1912
f 1944//1912 1911//1891 2020//1893
f 1944//1912 2020//1893 1928//1906
f 2023//1905 1927//1904 1925//1910
f 2023//1905 1925//1910 1944//1912
f 1928//1906 2023//1905 1944//1912
f 2015//1901 1896//1879 1908//1878
f 1908//1878 1943//1898 1942//1897
f 1908//1878 1942//1897 2015//1901
f 1787//1792 1905//1795 1943//1898
f 1787//1792 1943//1898 2006//1913
f 1908//1878 2014//1877 2006//1913
f 2005//1914 1787//1792 2006//1913
f 2006//1913 1943//1898 1908//1878
f 2014//1877 2013//1881 2007//1883
f 2014//1877 2007//1883 2006//1913
f 1978//1915 1812//1836 1856//1916
f 1856//1916 1787//1792 2005//1914
f 1856//1916 2005//1914 1978//1915
f 1978//1915 1977//1874 1813//1837
f 1978//1915 1813//1837 1812//1836
f 2007//1883 2008//1875 1977//1874
f 2007//1883 1977//1874 1978//1915
f 1978//1915 2005//1914 2006//1913
f 1978//1915 2006//1913 2007//1883
f 1806//1852 1807//1821 1835//1820
f 1806//1852 1835//1820 1834//1853
f 2003//1855 1853//1862 1807//1821
f 2003//1855 1807//1821 1806//1852
f 1806//1852 1787//1792 1855//1863
f 1855//1863 2003//1855 1806//1852
f 1856//1916 1812//1836 1809//1835
f 1856//1916 1809//1835 1855//1863
f 1855//1863 1809//1835 1810//1850
f 1855//1863 1810//1850 1854//1856
f 1787//1792 1856//1916 1855//1863
f 1902//1834 1938//1776 1970//1917
f 1970//1917 1969//1790 1902//1834
f 1939//1783 1973//1782 1970//1917
f 1862//1918 1940//1784 1939//1783
f 1862//1918 1939//1783 1861//1919
f 1970//1917 1938//1776 1860//1775
f 1970//1917 1860//1775 1971//1920
f 2024//1921 1861//1919 1939//1783
f 2024//1921 1939//1783 1970//1917
f 2024//1921 1970//1917 1971//1920
f 1915//1922 1916//1923 1862//1918
f 1915//1922 1862//1918 1861//1919
f 1971//1920 1860//1775 1914//1779
f 1971//1920 1914//1779 1972//1924
f 2025//1925 2024//1921 1971//1920
f 2025//1925 1971//1920 1972//1924
f 1972//1924 1914//1779 1933//1778
f 1972//1924 1933//1778 1932//1926
f 1931//1927 1916//1923 1915//1922
f 1931//1927 1915//1922 1932//1926
f 1932//1926 1915//1922 2025//1925
f 2025//1925 1972//1924 1932//1926
f 2025//1925 1915//1922 1861//1919
f 2025//1925 1861//1919 2024//1921
f 1987//1928 1774//1929 1966//1806
f 1987//1928 1966//1806 1988//1930
f 1947//1931 1987//1928 1988//1930
f 2027//1932 1987//1928 1947//1931
f 1988//1930 1989//1805 1947//1931
f 2027//1932 1947//1931 1986//1933
f 1986//1933 1947//1931 1946//1934
f 1986//1933 1946//1934 2028//1935
f 1952//1840 1955//1844 1999//1936
f 1954//1842 1761//1937 1990//1848
f 1954//1842 1990//1848 2000//1847
f 1954//1842 2000//1847 2001//1843
f 1954//1842 1951//1841 1765//1938
f 1954//1842 1765//1938 1763//1939
f 2030//1940 1761//1937 1954//1842
f 2030//1940 1954//1842 1763//1939
f 1991//1845 1990//1848 1761//1937
f 1991//1845 1761//1937 1762//1941
f 1764//1942 1763//1939 1765//1938
f 1764//1942 1765//1938 1766//1943
f 2030//1940 1763//1939 1764//1942
f 2030//1940 1764//1942 2031//1944
f 1762//1941 1761//1937 2030//1940
f 1762//1941 2030//1940 2031//1944
f 1997//1838 1991//1845 1786//1945
f 1786//1945 1998//1839 1997//1838
f 1991//1845 1762//1941 2061//1946
f 2061//1946 1762//1941 2031//1944
f 2061//1946 2031//1944 2032//1947
f 1797//1851 1796//1948 2002//1849
f 1797//1851 1810//1850 1809//1835
f 1797//1851 1809//1835 1998//1839
f 2033//1949 1998//1839 1786//1945
f 2032//1947 2031//1944 1764//1942
f 2032//1947 1764//1942 1785//1950
f 2034//1951 2033//1949 2032//1947
f 2034//1951 2032//1947 1785//1950
f 1785//1950 1764//1942 1766//1943
f 1785//1950 1766//1943 1784//1952
f 1794//1828 1994//1829 1803//1953
f 1794//1828 1803//1953 1795//1954
f 1784//1952 2034//1951 1785//1950
f 1795//1954 1803//1953 1804//1861
f 1795//1954 1804//1861 1796//1948
f 1796//1948 1804//1861 1805//1860
f 1796//1948 1805//1860 2002//1849
f 2034//1951 1784//1952 1795//1954
f 1796//1948 1797//1851 2033//1949
f 1796//1948 2033//1949 2034//1951
f 1945//1811 1983//1812 1984//1955
f 2028//1935 1946//1934 1985//1956
f 1946//1934 1945//1811 1984//1955
f 1946//1934 1984//1955 2035//1957
f 1985//1956 1946//1934 2035//1957
f 1984//1955 1983//1812 1877//1813
f 1984//1955 1877//1813 1878//1958
f 1776//1959 1985//1956 2035//1957
f 1776//1959 2035//1957 2036//1960
f 2035//1957 1984//1955 1878//1958
f 2035//1957 1878//1958 2036//1960
f 1879//1961 1878//1958 1877//1813
f 2036//1960 1878//1958 1879//1961
f 2036//1960 1879//1961 2037//1962
f 1890//1832 1899//1963 1898//1964
f 1890//1832 1898//1964 1889//1965
f 1889//1965 1898//1964 2041//1966
f 1889//1965 2041//1966 2042//1967
f 1881//1830 1890//1832 1889//1965
f 1881//1830 1889//1965 1996//1968
f 1996//1968 1889//1965 2042//1967
f 1880//1833 1961//1814 1960//1810
f 1876//1831 1881//1830 1880//1833
f 1880//1833 1881//1830 1996//1968
f 1960//1810 1959//1809 1880//1833
f 2038//1969 2037//1962 1879//1961
f 2038//1969 1879//1961 1888//1970
f 1888//1970 1897//1971 2039//1972
f 1888//1970 2039//1972 2038//1969
f 2042//1967 2041//1966 1897//1971
f 2042//1967 1897//1971 1888//1970
f 2043//1973 2042//1967 1888//1970
f 1961//1814 1880//1833 1962//1974
f 1962//1974 1880//1833 2043//1973
f 1877//1813 1961//1814 1962//1974
f 1888//1970 1879//1961 1962//1974
f 1962//1974 1879//1961 1877//1813
f 2043//1973 1888//1970 1962//1974
f 2043//1973 1880//1833 1996//1968
f 2043//1973 1996//1968 2042//1967
f 2028//1935 1985//1956 1776//1959
f 2028//1935 1776//1959 2029//1975
f 1775//1976 1986//1933 2028//1935
f 1775//1976 2028//1935 2029//1975
f 1777//1977 1776//1959 2036//1960
f 1777//1977 2036//1960 2037//1962
f 2029//1975 1776//1959 1777//1977
f 2044//1978 1778//1979 1775//1976
f 2044//1978 1775//1976 2029//1975
f 2044//1978 2029//1975 1777//1977
f 1788//1980 1777//1977 2037//1962
f 1788//1980 2037//1962 2038//1969
f 2045//1981 2044//1978 1777//1977
f 2045//1981 1777//1977 1788//1980
f 1798//1982 1788//1980 2038//1969
f 1798//1982 2038//1969 2039//1972
f 2046//1983 2045//1981 1788//1980
f 2046//1983 1788//1980 1798//1982
f 1840//1984 1798//1982 2039//1972
f 1840//1984 2039//1972 2040//1985
f 2047//1986 2046//1983 1798//1982
f 2047//1986 1798//1982 1840//1984
f 1774//1929 1967//1987 1966//1806
f 1779//1988 1780//1750 1773//1804
f 1779//1988 1773//1804 1966//1806
f 1967//1987 1778//1979 1789//1989
f 1790//1990 1791//1751 1780//1750
f 1790//1990 1780//1750 1779//1988
f 1778//1979 2044//1978 2045//1981
f 1778//1979 2045//1981 1789//1989
f 2049//1991 1790//1990 1779//1988
f 2049//1991 1779//1988 2048//1992
f 2049//1991 2048//1992 1789//1989
f 1799//1993 1789//1989 2045//1981
f 1799//1993 2045//1981 2046//1983
f 2050//1994 1800//1995 1790//1990
f 2050//1994 1790//1990 2049//1991
f 2050//1994 2049//1991 1789//1989
f 2050//1994 1789//1989 1799//1993
f 1799//1993 2046//1983 2047//1986
f 1799//1993 2047//1986 1839//1996
f 2048//1992 1779//1988 1967//1987
f 1967//1987 1774//1929 2026//1997
f 2026//1997 1778//1979 1967//1987
f 1967//1987 1789//1989 2048//1992
f 2026//1997 1775//1976 1778//1979
f 2027//1932 1986//1933 1775//1976
f 2027//1932 1775//1976 2026//1997
f 2026//1997 1774//1929 1987//1928
f 2026//1997 1987//1928 2027//1932
f 1767//1998 1765//1938 1951//1841
f 1771//1807 1772//1803 1770//1999
f 1771//1807 1770//1999 1769//2000
f 2062//2001 1947//1931 1989//1805
f 2062//2001 1989//1805 1771//1807
f 2063//2002 1946//1934 1947//1931
f 2063//2002 1947//1931 2062//2001
f 1948//2003 1769//2000 2052//2004
f 1951//1841 1952//1840 1949//2005
f 1951//1841 1949//2005 1948//2003
f 2052//2004 1767//1998 1951//1841
f 2052//2004 1951//1841 1948//2003
f 1794//1828 1795//1954 1784//1952
f 1794//1828 1784//1952 1783//2006
f 2052//2004 1769//2000 1770//1999
f 2052//2004 1770//1999 2051//2007
f 1784//1952 1766//1943 1768//2008
f 1784//1952 1768//2008 1783//2006
f 1782//2009 1770//1999 1772//1803
f 1782//2009 1772//1803 1781//1749
f 1782//2009 1781//1749 1792//1748
f 1782//2009 1792//1748 1793//1826
f 1793//1826 1794//1828 1783//2006
f 1793//1826 1783//2006 1782//2009
f 1766//1943 1765//1938 1767//1998
f 1766//1943 1767//1998 1768//2008
f 1768//2008 1767//1998 2052//2004
f 1768//2008 2052//2004 2051//2007
f 2053//2010 1783//2006 1768//2008
f 1768//2008 2051//2007 2053//2010
f 2053//2010 2051//2007 1770//1999
f 2053//2010 1770//1999 1782//2009
f 1782//2009 1783//2006 2053//2010
f 1829//2011 1828//2012 1823//2013
f 1829//2011 1823//2013 1838//2014
f 1921//2015 1828//2012 1841//2016
f 1917//2017 1823//2013 1828//2012
f 1917//2017 1828//2012 1921//2015
f 1843//1764 1842//1768 1830//2018
f 1922//2019 1931//1927 1932//1926
f 1831//2020 1832//1867 1846//1815
f 1831//2020 1846//1815 1845//1743
f 1844//1742 1843//1764 1830//2018
f 1844//1742 1830//2018 1831//2020
f 1845//1743 1844//1742 1831//2020
f 1831//2020 1830//2018 1825//2021
f 1831//2020 1825//2021 1837//2022
f 1826//1868 1832//1867 1831//2020
f 1826//1868 1831//2020 1837//2022
f 1825//2021 1958//2023 1822//2024
f 1825//2021 1822//2024 1837//2022
f 1822//2024 1958//2023 1929//2025
f 1822//2024 1929//2025 1918//2026
f 1918//2026 1923//2027 1924//1909
f 1918//2026 1924//1909 1919//1908
f 1918//2026 1929//2025 1922//2019
f 1918//2026 1922//2019 1923//2027
f 1923//2027 1922//2019 1932//1926
f 1923//2027 1932//1926 1933//1778
f 1934//1777 1935//1911 1924//1909
f 1934//1777 1924//1909 1923//2027
f 1923//2027 1933//1778 1934//1777
f 1957//2028 1823//2013 1917//2017
f 1930//2029 1929//2025 1958//2023
f 1930//2029 1958//2023 1957//2028
f 1838//2014 1823//2013 1957//2028
f 1824//2030 1838//2014 1957//2028
f 1957//2028 1958//2023 1825//2021
f 1957//2028 1825//2021 1824//2030
f 1957//2028 1917//2017 1930//2029
f 1930//2029 1917//2017 1921//2015
f 1922//2019 1929//2025 1930//2029
f 1822//2024 1827//1864 1826//1868
f 1822//2024 1821//1793 1834//1853
f 1822//2024 1834//1853 1827//1864
f 1920//1907 1926//1794 1821//1793
f 1920//1907 1821//1793 1822//2024
f 1822//2024 1826//1868 1837//2022
f 1918//2026 1919//1908 1822//2024
f 1822//2024 1919//1908 1920//1907
f 1964//1770 1757//1769 1850//2031
f 1964//1770 1850//2031 1965//2032
f 1851//2033 1758//1771 1964//1770
f 1851//2033 1964//1770 1965//2032
f 1801//1827 1793//1826 1792//1748
f 1801//1827 1851//2033 2055//2034
f 2055//2034 1995//1825 1801//1827
f 1803//1953 1994//1829 1802//2035
f 2055//2034 1851//2033 1965//2032
f 2055//2034 1965//2032 2054//2036
f 1849//2037 1850//2031 1757//1769
f 1849//2037 1757//1769 1756//1747
f 2054//2036 1850//2031 1849//2037
f 1849//2037 1756//1747 1755//1745
f 1849//2037 1755//1745 1848//1859
f 1849//2037 1848//1859 1804//1861
f 1849//2037 1804//1861 1803//1953
f 1849//2037 1803//1953 1802//2035
f 1849//2037 1802//2035 2054//2036
f 2054//2036 1965//2032 1850//2031
f 2054//2036 1802//2035 1995//1825
f 2054//2036 1995//1825 2055//2034
f 1875//2038 1873//1755 1874//1754
f 1875//2038 1874//1754 1876//1831
f 1875//2038 1945//1811 2064//2039
f 2064//2039 1945//1811 1946//1934
f 2064//2039 1946//1934 2063//2002
f 1950//2040 1871//1752 1873//1755
f 1950//2040 1873//1755 2064//2039
f 2064//2039 1873//1755 1875//2038
f 1875//2038 1876//1831 1959//1809
f 1875//2038 1959//1809 1982//1808
f 1982//1808 1945//1811 1875//2038
f 1953//2041 1950//2040 1949//2005
f 1953//2041 1949//2005 1952//1840
f 1953//2041 1952//1840 1999//1936
f 1865//2042 1866//1801 1868//1798
f 1865//2042 1868//1798 1867//2043
f 1867//2043 1868//1798 1870//1797
f 1867//2043 1870//1797 1869//2044
f 1869//2044 1870//1797 1872//1753
f 1869//2044 1872//1753 1871//1752
f 2057//2045 1867//2043 1869//2044
f 1869//2044 1953//2041 2057//2045
f 2057//2045 2056//2046 1865//2042
f 2057//2045 1865//2042 1867//2043
f 2056//2046 2057//2045 1953//2041
f 2056//2046 1953//2041 1956//2047
f 1956//2047 1953//2041 1999//1936
f 1999//1936 1955//1844 1759//2048
f 1759//2048 1760//1846 1976//1871
f 2010//1873 1979//1869 1864//1870
f 2010//1873 1864//1870 2011//2049
f 1976//1871 2010//1873 2011//2049
f 1863//2050 1865//2042 2056//2046
f 1955//1844 2000//1847 1759//2048
f 1759//2048 2000//1847 1760//1846
f 1759//2048 1976//1871 2011//2049
f 2058//2051 1759//2048 2011//2049
f 1863//2050 1864//1870 1866//1801
f 1863//2050 1866//1801 1865//2042
f 2058//2051 2011//2049 1864//1870
f 2058//2051 1864//1870 1863//2050
f 2056//2046 1956//2047 1863//2050
f 1863//2050 1956//2047 2058//2051
f 2058//2051 1956//2047 1999//1936
f 2058//2051 1999//1936 1759//2048
f 1969//1790 2059//1787 1975//1791
f 1969//1790 1901//1781 2060//1785
f 1969//1790 2060//1785 2059//1787
f 1901//1781 1968//1774 1892//1773
f 1901//1781 1892//1773 2060//1785
f 1893//1786 1885//1800 1894//1789
f 1786//1945 2061//1946 2032//1947
f 1786//1945 2032//1947 2033//1949
f 1991//1845 2061//1946 1786//1945
f 1797//1851 1998//1839 2033//1949
f 1966//1806 1967//1987 1779//1988
f 1937//1761 1938//1776 1902//1834
f 1948//2003 2062//2001 1771//1807
f 1948//2003 1771//1807 1769//2000
f 1949//2005 2063//2002 2062//2001
f 1949//2005 2062//2001 1948//2003
f 1950//2040 2064//2039 2063//2002
f 1950//2040 2063//2002 1949//2005
f 2034//1951 1795//1954 1796//1948
f 1989//1805 1988//1930 1966//1806
f 1871//1752 1950//2040 1953//2041
f 1871//1752 1953//2041 1869//2044
f 1994//1829 1995//1825 1802//2035
f 1970//1917 1973//1782 1969//1790
f 2204//2052 2131//2053 2132//2054
f 2204//2052 2132//2054 2203//2055
f 2131//2053 2128//2056 2090//2057
f 2131//2053 2090//2057 2132//2054
f 2109//2058 2133//2059 2134//2060
f 2109//2058 2134//2060 2094//2061
f 2133//2059 2111//2062 2093//2063
f 2133//2059 2093//2063 2134//2060
f 2090//2057 2128//2056 2135//2064
f 2090//2057 2135//2064 2136//2065
f 2135//2064 2129//2066 2096//2067
f 2135//2064 2096//2067 2136//2065
f 2096//2067 2129//2066 2137//2068
f 2096//2067 2137//2068 2138//2069
f 2137//2068 2109//2058 2094//2061
f 2137//2068 2094//2061 2138//2069
f 2216//2070 2217//2071 2139//2072
f 2216//2070 2139//2072 2140//2073
f 2210//2074 2112//2075 2098//2076
f 2210//2074 2098//2076 2209//2077
f 2098//2076 2112//2075 2141//2078
f 2098//2076 2141//2078 2142//2079
f 2141//2078 2113//2080 2100//2081
f 2141//2078 2100//2081 2142//2079
f 2100//2081 2113//2080 2143//2082
f 2100//2081 2143//2082 2144//2083
f 2143//2082 2114//2084 2102//2085
f 2143//2082 2102//2085 2144//2083
f 2125//2086 2145//2087 2146//2088
f 2125//2086 2146//2088 2105//2089
f 2145//2087 2126//2090 2104//2091
f 2145//2087 2104//2091 2146//2088
f 2124//2092 2147//2093 2148//2094
f 2124//2092 2148//2094 2107//2095
f 2147//2093 2125//2086 2105//2089
f 2147//2093 2105//2089 2148//2094
f 2104//2091 2126//2090 2149//2096
f 2104//2091 2149//2096 2150//2097
f 2192//2098 2127//2099 2087//2100
f 2192//2098 2087//2100 2191//2101
f 2206//2102 2151//2103 2152//2104
f 2206//2102 2152//2104 2205//2105
f 2151//2103 2067//2106 2089//2107
f 2151//2103 2089//2107 2152//2104
f 2068//2108 2153//2109 2132//2054
f 2068//2108 2132//2054 2090//2057
f 2153//2109 2208//2110 2203//2055
f 2153//2109 2203//2055 2132//2054
f 2072//2111 2154//2112 2155//2113
f 2072//2111 2155//2113 2091//2114
f 2154//2112 2065//2115 2092//2116
f 2154//2112 2092//2116 2155//2113
f 2066//2117 2156//2118 2134//2060
f 2066//2117 2134//2060 2093//2063
f 2156//2118 2071//2119 2094//2061
f 2156//2118 2094//2061 2134//2060
f 2089//2107 2067//2106 2157//2120
f 2089//2107 2157//2120 2158//2121
f 2157//2120 2070//2122 2095//2123
f 2157//2120 2095//2123 2158//2121
f 2069//2124 2159//2125 2136//2065
f 2069//2124 2136//2065 2096//2067
f 2159//2125 2068//2108 2090//2057
f 2159//2125 2090//2057 2136//2065
f 2095//2123 2070//2122 2160//2126
f 2095//2123 2160//2126 2161//2127
f 2160//2126 2072//2111 2091//2114
f 2160//2126 2091//2114 2161//2127
f 2094//2061 2071//2119 2162//2128
f 2094//2061 2162//2128 2138//2069
f 2162//2128 2069//2124 2096//2067
f 2162//2128 2096//2067 2138//2069
f 2218//2129 2219//2130 2163//2131
f 2218//2129 2163//2131 2164//2132
f 2212//2133 2073//2134 2097//2135
f 2212//2133 2097//2135 2211//2136
f 2074//2137 2214//2138 2209//2077
f 2074//2137 2209//2077 2098//2076
f 2165//2139 2215//2140 2216//2070
f 2165//2139 2216//2070 2140//2073
f 2097//2135 2073//2134 2166//2141
f 2097//2135 2166//2141 2167//2142
f 2166//2141 2075//2143 2099//2144
f 2166//2141 2099//2144 2167//2142
f 2076//2145 2168//2146 2142//2079
f 2076//2145 2142//2079 2100//2081
f 2168//2146 2074//2137 2098//2076
f 2168//2146 2098//2076 2142//2079
f 2099//2144 2075//2143 2169//2147
f 2099//2144 2169//2147 2170//2148
f 2169//2147 2077//2149 2101//2150
f 2169//2147 2101//2150 2170//2148
f 2102//2085 2078//2151 2171//2152
f 2102//2085 2171//2152 2144//2083
f 2171//2152 2076//2145 2100//2081
f 2171//2152 2100//2081 2144//2083
f 2085//2153 2172//2154 2146//2088
f 2085//2153 2146//2088 2104//2091
f 2172//2154 2080//2155 2105//2089
f 2172//2154 2105//2089 2146//2088
f 2079//2156 2173//2157 2174//2158
f 2079//2156 2174//2158 2106//2159
f 2173//2157 2084//2160 2103//2161
f 2173//2157 2103//2161 2174//2158
f 2105//2089 2080//2155 2175//2162
f 2105//2089 2175//2162 2148//2094
f 2175//2162 2082//2163 2107//2095
f 2175//2162 2107//2095 2148//2094
f 2081//2164 2176//2165 2177//2166
f 2081//2164 2177//2166 2108//2167
f 2176//2165 2079//2156 2106//2159
f 2176//2165 2106//2159 2177//2166
f 2103//2161 2084//2160 2178//2168
f 2103//2161 2178//2168 2179//2169
f 2194//2170 2083//2171 2088//2172
f 2194//2170 2088//2172 2193//2173
f 2087//2100 2086//2174 2196//2175
f 2087//2100 2196//2175 2191//2101
f 2180//2176 2085//2153 2104//2091
f 2180//2176 2104//2091 2150//2097
f 2175//2162 2080//2155 2122//2177
f 2175//2162 2122//2177 2189//2178
f 2175//2162 2189//2178 2123//2179
f 2175//2162 2123//2179 2082//2163
f 2181//2180 2130//2181 2076//2145
f 2181//2180 2076//2145 2171//2152
f 2181//2180 2171//2152 2078//2151
f 2181//2180 2078//2151 2115//2182
f 2182//2183 2220//2184 2215//2140
f 2182//2183 2215//2140 2165//2139
f 2213//2185 2214//2138 2074//2137
f 2213//2185 2074//2137 2110//2186
f 2183//2187 2117//2188 2071//2119
f 2183//2187 2071//2119 2156//2118
f 2183//2187 2156//2118 2066//2117
f 2183//2187 2066//2117 2116//2189
f 2184//2190 2118//2191 2069//2124
f 2184//2190 2069//2124 2162//2128
f 2184//2190 2162//2128 2071//2119
f 2184//2190 2071//2119 2117//2188
f 2069//2124 2118//2191 2185//2192
f 2069//2124 2185//2192 2159//2125
f 2185//2192 2119//2193 2068//2108
f 2185//2192 2068//2108 2159//2125
f 2153//2109 2068//2108 2119//2193
f 2153//2109 2119//2193 2186//2194
f 2153//2109 2186//2194 2207//2195
f 2153//2109 2207//2195 2208//2110
f 2196//2175 2086//2174 2120//2196
f 2196//2175 2120//2196 2195//2197
f 2180//2176 2187//2198 2121//2199
f 2180//2176 2121//2199 2085//2153
f 2172//2154 2085//2153 2121//2199
f 2172//2154 2121//2199 2188//2200
f 2172//2154 2188//2200 2122//2177
f 2172//2154 2122//2177 2080//2155
f 2190//2201 2110//2186 2074//2137
f 2190//2201 2074//2137 2168//2146
f 2190//2201 2168//2146 2076//2145
f 2190//2201 2076//2145 2130//2181
f 2091//2114 2155//2113 2133//2059
f 2091//2114 2133//2059 2109//2058
f 2155//2113 2092//2116 2111//2062
f 2155//2113 2111//2062 2133//2059
f 2217//2071 2218//2129 2164//2132
f 2217//2071 2164//2132 2139//2072
f 2211//2136 2097//2135 2112//2075
f 2211//2136 2112//2075 2210//2074
f 2112//2075 2097//2135 2167//2142
f 2112//2075 2167//2142 2141//2078
f 2167//2142 2099//2144 2113//2080
f 2167//2142 2113//2080 2141//2078
f 2113//2080 2099//2144 2170//2148
f 2113//2080 2170//2148 2143//2082
f 2170//2148 2101//2150 2114//2084
f 2170//2148 2114//2084 2143//2082
f 2166//2141 2073//2134 2110//2186
f 2166//2141 2110//2186 2190//2201
f 2166//2141 2190//2201 2130//2181
f 2166//2141 2130//2181 2075//2143
f 2163//2131 2219//2130 2220//2184
f 2163//2131 2220//2184 2182//2183
f 2212//2133 2213//2185 2110//2186
f 2212//2133 2110//2186 2073//2134
f 2154//2112 2072//2111 2117//2188
f 2154//2112 2117//2188 2183//2187
f 2154//2112 2183//2187 2116//2189
f 2154//2112 2116//2189 2065//2115
f 2160//2126 2070//2122 2118//2191
f 2160//2126 2118//2191 2184//2190
f 2160//2126 2184//2190 2117//2188
f 2160//2126 2117//2188 2072//2111
f 2118//2191 2070//2122 2157//2120
f 2118//2191 2157//2120 2185//2192
f 2157//2120 2067//2106 2119//2193
f 2157//2120 2119//2193 2185//2192
f 2207//2195 2186//2194 2151//2103
f 2207//2195 2151//2103 2206//2102
f 2186//2194 2119//2193 2067//2106
f 2186//2194 2067//2106 2151//2103
f 2121//2199 2187//2198 2178//2168
f 2121//2199 2178//2168 2084//2160
f 2195//2197 2120//2196 2083//2171
f 2195//2197 2083//2171 2194//2170
f 2122//2177 2188//2200 2173//2157
f 2122//2177 2173//2157 2079//2156
f 2188//2200 2121//2199 2084//2160
f 2188//2200 2084//2160 2173//2157
f 2123//2179 2189//2178 2176//2165
f 2123//2179 2176//2165 2081//2164
f 2189//2178 2122//2177 2079//2156
f 2189//2178 2079//2156 2176//2165
f 2124//2092 2108//2167 2177//2166
f 2124//2092 2177//2166 2147//2093
f 2177//2166 2106//2159 2125//2086
f 2177//2166 2125//2086 2147//2093
f 2125//2086 2106//2159 2174//2158
f 2125//2086 2174//2158 2145//2087
f 2174//2158 2103//2161 2126//2090
f 2174//2158 2126//2090 2145//2087
f 2126//2090 2103//2161 2179//2169
f 2126//2090 2179//2169 2149//2096
f 2193//2173 2088//2172 2127//2099
f 2193//2173 2127//2099 2192//2098
f 2204//2052 2205//2105 2152//2104
f 2204//2052 2152//2104 2131//2053
f 2152//2104 2089//2107 2128//2056
f 2152//2104 2128//2056 2131//2053
f 2128//2056 2089//2107 2158//2121
f 2128//2056 2158//2121 2135//2064
f 2158//2121 2095//2123 2129//2066
f 2158//2121 2129//2066 2135//2064
f 2129//2066 2095//2123 2161//2127
f 2129//2066 2161//2127 2137//2068
f 2161//2127 2091//2114 2109//2058
f 2161//2127 2109//2058 2137//2068
f 2169//2147 2075//2143 2130//2181
f 2169//2147 2130//2181 2181//2180
f 2169//2147 2181//2180 2115//2182
f 2169//2147 2115//2182 2077//2149
f 2199//2202 2192//2098 2191//2101
f 2199//2202 2191//2101 2198//2203
f 2200//2204 2193//2173 2192//2098
f 2200//2204 2192//2098 2199//2202
f 2201//2205 2194//2170 2193//2173
f 2201//2205 2193//2173 2200//2204
f 2202//2206 2195//2197 2194//2170
f 2202//2206 2194//2170 2201//2205
f 2202//2206 2197//2207 2196//2175
f 2202//2206 2196//2175 2195//2197
f 2191//2101 2196//2175 2197//2207
f 2191//2101 2197//2207 2198//2203
f 2198//2203 2197//2207 2180//2176
f 2198//2203 2180//2176 2150//2097
f 2149//2096 2199//2202 2198//2203
f 2149//2096 2198//2203 2150//2097
f 2179//2169 2200//2204 2199//2202
f 2179//2169 2199//2202 2149//2096
f 2178//2168 2201//2205 2200//2204
f 2178//2168 2200//2204 2179//2169
f 2187//2198 2202//2206 2201//2205
f 2187//2198 2201//2205 2178//2168
f 2180//2176 2197//2207 2202//2206
f 2180//2176 2202//2206 2187//2198
f 2127//2099 2204//2052 2203//2055
f 2127//2099 2203//2055 2087//2100
f 2127//2099 2088//2172 2205//2105
f 2127//2099 2205//2105 2204//2052
f 2083//2171 2206//2102 2205//2105
f 2083//2171 2205//2105 2088//2172
f 2120//2196 2207//2195 2206//2102
f 2120//2196 2206//2102 2083//2171
f 2208//2110 2207//2195 2120//2196
f 2208//2110 2120//2196 2086//2174
f 2203//2055 2208//2110 2086//2174
f 2203//2055 2086//2174 2087//2100
f 2139//2072 2210//2074 2209//2077
f 2139//2072 2209//2077 2140//2073
f 2164//2132 2211//2136 2210//2074
f 2164//2132 2210//2074 2139//2072
f 2163//2131 2212//2133 2211//2136
f 2163//2131 2211//2136 2164//2132
f 2163//2131 2182//2183 2213//2185
f 2163//2131 2213//2185 2212//2133
f 2182//2183 2165//2139 2214//2138
f 2182//2183 2214//2138 2213//2185
f 2209//2077 2214//2138 2165//2139
f 2209//2077 2165//2139 2140//2073
f 2215//2140 2066//2117 2093//2063
f 2215//2140 2093//2063 2216//2070
f 2093//2063 2111//2062 2217//2071
f 2093//2063 2217//2071 2216//2070
f 2111//2062 2092//2116 2218//2129
f 2111//2062 2218//2129 2217//2071
f 2092//2116 2065//2115 2219//2130
f 2092//2116 2219//2130 2218//2129
f 2220//2184 2219//2130 2065//2115
f 2220//2184 2065//2115 2116//2189
f 2215//2140 2220//2184 2116//2189
f 2215//2140 2116//2189 2066//2117
f 2241//2208 2285//2209 2286//2210
f 2241//2208 2286//2210 2223//2211
f 2223//2211 2286//2210 2287//2212
f 2223//2211 2287//2212 2233//2213
f 2225//2214 2275//2215 2276//2216
f 2225//2214 2276//2216 2238//2217
f 2234//2218 2281//2219 2282//2220
f 2234//2218 2282//2220 2221//2221
f 2242//2222 2243//2223 2236//2224
f 2242//2222 2236//2224 2224//2225
f 2240//2226 2241//2208 2223//2211
f 2240//2226 2223//2211 2233//2213
f 2238//2217 2239//2227 2229//2228
f 2238//2217 2229//2228 2225//2214
f 2227//2229 2279//2230 2280//2231
f 2227//2229 2280//2231 2230//2232
f 2232//2233 2244//2234 2237//2235
f 2232//2233 2237//2235 2226//2236
f 2229//2228 2288//2237 2275//2215
f 2229//2228 2275//2215 2225//2214
f 2239//2227 2240//2226 2233//2213
f 2239//2227 2233//2213 2229//2228
f 2230//2232 2280//2231 2281//2219
f 2230//2232 2281//2219 2234//2218
f 2236//2224 2243//2223 2244//2234
f 2236//2224 2244//2234 2232//2233
f 2233//2213 2287//2212 2288//2237
f 2233//2213 2288//2237 2229//2228
f 2238//2217 2276//2216 2277//2238
f 2238//2217 2277//2238 2246//2239
f 2246//2239 2247//2240 2239//2227
f 2246//2239 2239//2227 2238//2217
f 2247//2240 2248//2241 2240//2226
f 2247//2240 2240//2226 2239//2227
f 2248//2241 2249//2242 2241//2208
f 2248//2241 2241//2208 2240//2226
f 2249//2242 2284//2243 2285//2209
f 2249//2242 2285//2209 2241//2208
f 2250//2244 2251//2245 2243//2223
f 2250//2244 2243//2223 2242//2222
f 2244//2234 2243//2223 2251//2245
f 2244//2234 2251//2245 2252//2246
f 2237//2235 2244//2234 2252//2246
f 2237//2235 2252//2246 2245//2247
f 2246//2239 2277//2238 2278//2248
f 2246//2239 2278//2248 2254//2249
f 2254//2249 2255//2250 2247//2240
f 2254//2249 2247//2240 2246//2239
f 2255//2250 2256//2251 2248//2241
f 2255//2250 2248//2241 2247//2240
f 2256//2251 2257//2252 2249//2242
f 2256//2251 2249//2242 2248//2241
f 2257//2252 2283//2253 2284//2243
f 2257//2252 2284//2243 2249//2242
f 2258//2254 2259//2255 2251//2245
f 2258//2254 2251//2245 2250//2244
f 2252//2246 2251//2245 2259//2255
f 2252//2246 2259//2255 2260//2256
f 2245//2247 2252//2246 2260//2256
f 2245//2247 2260//2256 2253//2257
f 2254//2249 2278//2248 2279//2230
f 2254//2249 2279//2230 2227//2229
f 2227//2229 2230//2232 2255//2250
f 2227//2229 2255//2250 2254//2249
f 2230//2232 2234//2218 2256//2251
f 2230//2232 2256//2251 2255//2250
f 2234//2218 2221//2221 2257//2252
f 2234//2218 2257//2252 2256//2251
f 2221//2221 2282//2220 2283//2253
f 2221//2221 2283//2253 2257//2252
f 2222//2258 2235//2259 2259//2255
f 2222//2258 2259//2255 2258//2254
f 2260//2256 2259//2255 2235//2259
f 2260//2256 2235//2259 2231//2260
f 2253//2257 2260//2256 2231//2260
f 2253//2257 2231//2260 2228//2261
f 2261//2262 2226//2236 2237//2235
f 2261//2262 2237//2235 2262//2263
f 2263//2264 2262//2263 2237//2235
f 2263//2264 2237//2235 2245//2247
f 2264//2265 2263//2264 2245//2247
f 2264//2265 2245//2247 2253//2257
f 2265//2266 2264//2265 2253//2257
f 2265//2266 2253//2257 2228//2261
f 2266//2267 2265//2266 2228//2261
f 2266//2267 2228//2261 2231//2260
f 2267//2268 2266//2267 2231//2260
f 2267//2268 2231//2260 2235//2259
f 2268//2269 2267//2268 2235//2259
f 2268//2269 2235//2259 2222//2258
f 2269//2270 2268//2269 2222//2258
f 2269//2270 2222//2258 2258//2254
f 2270//2271 2269//2270 2258//2254
f 2270//2271 2258//2254 2250//2244
f 2271//2272 2270//2271 2250//2244
f 2271//2272 2250//2244 2242//2222
f 2272//2273 2271//2272 2242//2222
f 2272//2273 2242//2222 2224//2225
f 2273//2274 2272//2273 2224//2225
f 2273//2274 2224//2225 2236//2224
f 2274//2275 2273//2274 2236//2224
f 2274//2275 2236//2224 2232//2233
f 2261//2262 2274//2275 2232//2233
f 2261//2262 2232//2233 2226//2236
f 2275//2215 2261//2262 2262//2263
f 2275//2215 2262//2263 2276//2216
f 2277//2238 2276//2216 2262//2263
f 2277//2238 2262//2263 2263//2264
f 2278//2248 2277//2238 2263//2264
f 2278//2248 2263//2264 2264//2265
f 2279//2230 2278//2248 2264//2265
f 2279//2230 2264//2265 2265//2266
f 2280//2231 2279//2230 2265//2266
f 2280//2231 2265//2266 2266//2267
f 2281//2219 2280//2231 2266//2267
f 2281//2219 2266//2267 2267//2268
f 2282//2220 2281//2219 2267//2268
f 2282//2220 2267//2268 2268//2269
f 2283//2253 2282//2220 2268//2269
f 2283//2253 2268//2269 2269//2270
f 2284//2243 2283//2253 2269//2270
f 2284//2243 2269//2270 2270//2271
f 2285//2209 2284//2243 2270//2271
f 2285//2209 2270//2271 2271//2272
f 2286//2210 2285//2209 2271//2272
f 2286//2210 2271//2272 2272//2273
f 2287//2212 2286//2210 2272//2273
f 2287//2212 2272//2273 2273//2274
f 2288//2237 2287//2212 2273//2274
f 2288//2237 2273//2274 2274//2275
f 2275//2215 2288//2237 2274//2275
f 2275//2215 2274//2275 2261//2262
f 2304//2276 2298//2277 2295//2278
f 2304//2276 2295//2278 2303//2279
f 2298//2277 2304//2276 2306//2280
f 2298//2277 2306//2280 2307//2281
f 2306//2280 2316//2282 2317//2283
f 2306//2280 2317//2283 2307//2281
f 2303//2279 2295//2278 2312//2284
f 2289//2285 2297//2286 2296//2287
f 2289//2285 2296//2287 2293//2288
f 2295//2278 2298//2277 2290//2289
f 2295//2278 2290//2289 2294//2290
f 2297//2286 2289//2285 2308//2291
f 2297//2286 2308//2291 2309//2292
f 2308//2291 2320//2293 2321//2294
f 2308//2291 2321//2294 2309//2292
f 2318//2295 2310//2296 2307//2281
f 2318//2295 2307//2281 2317//2283
f 2310//2296 2290//2289 2298//2277
f 2310//2296 2298//2277 2307//2281
f 2314//2297 2293//2288 2296//2287
f 2314//2297 2296//2287 2313//2298
f 2295//2278 2294//2290 2315//2299
f 2295//2278 2315//2299 2312//2284
f 2318//2295 2319//2300 2311//2301
f 2318//2295 2311//2301 2310//2296
f 2311//2301 2302//2302 2290//2289
f 2311//2301 2290//2289 2310//2296
f 2319//2300 2320//2293 2308//2291
f 2319//2300 2308//2291 2311//2301
f 2308//2291 2289//2285 2302//2302
f 2308//2291 2302//2302 2311//2301
f 2313//2298 2296//2287 2303//2279
f 2297//2286 2304//2276 2303//2279
f 2297//2286 2303//2279 2296//2287
f 2304//2276 2297//2286 2309//2292
f 2304//2276 2309//2292 2306//2280
f 2309//2292 2321//2294 2316//2282
f 2309//2292 2316//2282 2306//2280
f 2322//2303 2312//2284 2315//2299
f 2322//2303 2315//2299 2323//2304
f 2322//2303 2323//2304 2314//2297
f 2322//2303 2314//2297 2313//2298
f 2316//2282 2305//2305 2300//2306
f 2316//2282 2300//2306 2317//2283
f 2291//2307 2318//2295 2317//2283
f 2291//2307 2317//2283 2300//2306
f 2291//2307 2301//2308 2319//2300
f 2291//2307 2319//2300 2318//2295
f 2301//2308 2292//2309 2320//2293
f 2301//2308 2320//2293 2319//2300
f 2321//2294 2320//2293 2292//2309
f 2321//2294 2292//2309 2299//2310
f 2316//2282 2321//2294 2299//2310
f 2316//2282 2299//2310 2305//2305
f 2303//2279 2312//2284 2322//2303
f 2313//2298 2303//2279 2322//2303
f 2315//2299 2324//2311 2323//2304
f 2302//2302 2324//2311 2294//2290
f 2302//2302 2294//2290 2290//2289
f 2289//2285 2293//2288 2324//2311
f 2289//2285 2324//2311 2302//2302
f 2323//2304 2324//2311 2314//2297
f 2294//2290 2324//2311 2315//2299
f 2314//2297 2324//2311 2293//2288
f 2326//2312 2325//2313 2338//2314
f 2326//2312 2338//2314 2327//2315
f 2346//2316 2345//2317 2359//2318
f 2330//2319 2332//2320 2344//2321
f 2343//2322 2333//2323 2362//2324
f 2343//2322 2362//2324 2334//2325
f 2334//2325 2363//2326 2335//2327
f 2334//2325 2335//2327 2342//2328
f 2365//2329 2337//2330 2340//2331
f 2365//2329 2340//2331 2336//2332
f 2337//2330 2338//2314 2325//2313
f 2337//2330 2325//2313 2339//2333
f 2327//2315 2338//2314 2366//2334
f 2327//2315 2366//2334 2367//2335
f 2325//2313 2326//2312 2368//2336
f 2325//2313 2368//2336 2351//2337
f 2350//2338 2339//2333 2325//2313
f 2350//2338 2325//2313 2351//2337
f 2340//2331 2337//2330 2339//2333
f 2340//2331 2339//2333 2349//2339
f 2340//2331 2341//2340 2335//2327
f 2340//2331 2335//2327 2336//2332
f 2357//2341 2342//2328 2335//2327
f 2357//2341 2335//2327 2341//2340
f 2347//2342 2343//2322 2334//2325
f 2347//2342 2334//2325 2342//2328
f 2344//2321 2333//2323 2343//2322
f 2344//2321 2343//2322 2345//2317
f 2333//2323 2344//2321 2332//2320
f 2333//2323 2332//2320 2361//2343
f 2330//2319 2344//2321 2345//2317
f 2330//2319 2345//2317 2346//2316
f 2330//2319 2346//2316 2360//2344
f 2330//2319 2360//2344 2331//2345
f 2357//2341 2341//2340 2348//2346
f 2357//2341 2348//2346 2356//2347
f 2348//2346 2341//2340 2340//2331
f 2348//2346 2340//2331 2349//2339
f 2328//2348 2351//2337 2368//2336
f 2328//2348 2368//2336 2352//2349
f 2328//2348 2354//2350 2350//2338
f 2328//2348 2350//2338 2351//2337
f 2355//2351 2349//2339 2339//2333
f 2355//2351 2339//2333 2350//2338
f 2370//2352 2348//2346 2349//2339
f 2370//2352 2349//2339 2355//2351
f 2357//2341 2358//2353 2347//2342
f 2357//2341 2347//2342 2342//2328
f 2359//2318 2345//2317 2343//2322
f 2359//2318 2343//2322 2347//2342
f 2377//2354 2331//2345 2360//2344
f 2377//2354 2360//2344 2373//2355
f 2377//2354 2376//2356 2332//2320
f 2377//2354 2332//2320 2331//2345
f 2361//2343 2332//2320 2376//2356
f 2361//2343 2376//2356 2372//2357
f 2362//2324 2333//2323 2361//2343
f 2362//2324 2361//2343 2371//2358
f 2363//2326 2334//2325 2362//2324
f 2363//2326 2362//2324 2375//2359
f 2336//2332 2335//2327 2363//2326
f 2336//2332 2363//2326 2364//2360
f 2338//2314 2337//2330 2365//2329
f 2338//2314 2365//2329 2366//2334
f 2329//2361 2367//2335 2366//2334
f 2366//2334 2378//2362 2329//2361
f 2353//2363 2365//2329 2336//2332
f 2353//2363 2336//2332 2364//2360
f 2354//2350 2353//2363 2364//2360
f 2354//2350 2364//2360 2369//2364
f 2354//2350 2369//2364 2355//2351
f 2354//2350 2355//2351 2350//2338
f 2375//2359 2370//2352 2355//2351
f 2375//2359 2355//2351 2369//2364
f 2371//2358 2370//2352 2375//2359
f 2371//2358 2375//2359 2362//2324
f 2371//2358 2356//2347 2348//2346
f 2371//2358 2348//2346 2370//2352
f 2372//2357 2356//2347 2371//2358
f 2372//2357 2371//2358 2361//2343
f 2357//2341 2356//2347 2372//2357
f 2357//2341 2372//2357 2358//2353
f 2374//2365 2359//2318 2347//2342
f 2374//2365 2347//2342 2358//2353
f 2373//2355 2360//2344 2359//2318
f 2373//2355 2359//2318 2374//2365
f 2374//2365 2358//2353 2372//2357
f 2374//2365 2372//2357 2376//2356
f 2363//2326 2375//2359 2369//2364
f 2363//2326 2369//2364 2364//2360
f 2374//2365 2376//2356 2377//2354
f 2374//2365 2377//2354 2373//2355
f 2330//2319 2331//2345 2332//2320
f 2346//2316 2359//2318 2360//2344
f 2366//2334 2365//2329 2353//2363
f 2366//2334 2353//2363 2378//2362
f 2328//2348 2378//2362 2353//2363
f 2328//2348 2353//2363 2354//2350
l 667 681
l 324 325
l 324 337
l 325 667
l 337 788
l 338 788
l 338 339
l 398 426
l 679 804
l 679 680
l 681 804
l 33 69
