# Blender 4.0.2
# www.blender.org
o DocPart2_torso_only
v -0.168483 0.143331 1.196848
v -0.153004 0.138370 1.195922
v -0.154703 0.140473 1.210530
v -0.171742 0.145903 1.210849
v -0.197691 0.135189 1.211948
v -0.194367 0.131392 1.197357
v -0.218620 0.110048 1.209004
v -0.222008 0.108136 1.193682
v -0.130773 0.108361 1.209969
v -0.139643 0.125162 1.210164
v -0.140297 0.124338 1.194367
v -0.131773 0.106832 1.194080
v -0.227605 0.091362 1.208218
v -0.230982 0.088395 1.192793
v -0.224515 0.069771 1.208348
v -0.226157 0.064403 1.191907
v -0.146560 0.048870 1.209908
v -0.126276 0.090033 1.210212
v -0.124073 0.088729 1.194153
v -0.144711 0.044671 1.190951
v -0.163872 0.128754 0.857224
v -0.154307 0.121949 0.859490
v -0.183839 0.130240 0.852629
v -0.161797 0.137189 0.818511
v -0.180443 0.136744 0.816839
v -0.154242 0.130842 0.817948
v -0.176841 0.143211 0.775563
v -0.164693 0.140421 0.773633
v -0.162812 0.140069 0.781422
v -0.176670 0.142511 0.781799
v -0.211663 0.079754 0.843068
v -0.207979 0.057437 0.841367
v -0.195325 0.124329 0.850938
v -0.191681 0.130445 0.814129
v -0.195529 0.116279 0.753714
v -0.187072 0.121958 0.759474
v -0.191158 0.123077 0.770598
v -0.199290 0.115188 0.766047
v -0.203194 0.092635 0.749763
v -0.193957 0.100128 0.751912
v -0.200872 0.105009 0.764551
v -0.207444 0.093019 0.763057
v -0.206255 0.063053 0.754323
v -0.200039 0.071451 0.755057
v -0.207606 0.077774 0.764079
v -0.209799 0.064443 0.768022
v -0.189232 0.048341 0.756854
v -0.201576 0.053074 0.755429
v -0.201065 0.051102 0.769521
v -0.186928 0.047814 0.767679
v -0.148499 0.028627 0.801145
v -0.156163 0.030239 0.796738
v -0.152926 0.025919 0.793622
v -0.146059 0.024337 0.797497
v -0.147646 0.010382 0.816019
v -0.143195 0.015162 0.813003
v -0.142294 0.011450 0.808046
v -0.147813 0.005676 0.809350
v -0.157613 0.006582 0.815796
v -0.154773 0.002964 0.806501
v -0.157399 0.037563 0.859206
v -0.175703 0.032922 0.855729
v -0.129993 -0.014178 0.755102
v -0.129909 -0.017008 0.757562
v -0.126672 -0.014997 0.759051
v -0.126738 -0.013008 0.757064
v -0.171936 0.129762 0.686021
v -0.169364 0.129531 0.686909
v -0.167799 0.132676 0.686861
v -0.170342 0.134122 0.685463
v -0.192152 0.059796 0.664093
v -0.192640 0.055805 0.665602
v -0.190279 0.056209 0.666082
v -0.189202 0.059572 0.665180
v -0.185952 0.084077 0.656297
v -0.183317 0.084246 0.657262
v -0.182214 0.087960 0.656522
v -0.185476 0.088445 0.654702
v -0.188205 0.105738 0.665085
v -0.182514 0.104484 0.665067
v -0.181272 0.109006 0.663936
v -0.187482 0.110576 0.663615
v -0.200525 0.053835 0.708323
v -0.203058 0.061621 0.709166
v -0.203398 0.061700 0.717417
v -0.201139 0.053534 0.718276
v -0.183550 0.053498 0.706653
v -0.188366 0.049826 0.707023
v -0.188722 0.048986 0.720380
v -0.183622 0.051832 0.721854
v -0.181694 0.059040 0.706421
v -0.180647 0.057684 0.722143
v -0.185530 0.069061 0.707683
v -0.182467 0.064723 0.706474
v -0.180957 0.064082 0.720803
v -0.185080 0.068767 0.720298
v -0.167846 0.125063 0.721654
v -0.172672 0.124627 0.721222
v -0.173096 0.124442 0.736161
v -0.167445 0.125432 0.737025
v -0.163681 0.129857 0.721838
v -0.163491 0.130411 0.737869
v -0.166496 0.140705 0.723072
v -0.163616 0.135972 0.722241
v -0.162011 0.136579 0.736597
v -0.165276 0.141506 0.737344
v -0.180578 0.130975 0.721365
v -0.180114 0.137122 0.724381
v -0.180538 0.136935 0.736189
v -0.181210 0.131265 0.736247
v -0.153281 -0.004145 0.770885
v -0.149273 -0.008078 0.777485
v -0.144372 -0.013451 0.767407
v -0.147393 -0.010118 0.761443
v -0.141019 -0.009189 0.781515
v -0.133770 -0.004874 0.784110
v -0.128952 -0.008198 0.773582
v -0.136122 -0.012714 0.773316
v -0.130167 -0.000138 0.782930
v -0.125607 -0.004822 0.771072
v -0.136023 0.012032 0.775156
v -0.143329 0.012676 0.771605
v -0.137137 0.005957 0.762312
v -0.130589 0.004968 0.765501
v -0.148540 0.019070 0.832128
v -0.163258 0.013677 0.832372
v -0.185811 0.039010 0.800833
v -0.173434 0.038916 0.793853
v -0.184517 0.066251 0.675964
v -0.188357 0.069299 0.675829
v -0.189262 0.067867 0.668894
v -0.186052 0.065209 0.668735
v -0.185599 0.053766 0.675903
v -0.182624 0.060197 0.675817
v -0.185238 0.059546 0.668610
v -0.188163 0.054312 0.669213
v -0.190095 0.051242 0.676705
v -0.190823 0.052664 0.670272
v -0.178077 0.093718 0.676115
v -0.183112 0.098598 0.671114
v -0.184034 0.097752 0.662121
v -0.179322 0.094071 0.663107
v -0.179614 0.081359 0.675600
v -0.177079 0.086957 0.676539
v -0.178466 0.087052 0.662884
v -0.181183 0.081878 0.663284
v -0.183976 0.078956 0.671887
v -0.185310 0.080555 0.661519
v -0.177914 0.117353 0.674591
v -0.187806 0.117110 0.677811
v -0.186452 0.116749 0.670695
v -0.178822 0.116129 0.668908
v -0.177628 0.101682 0.676208
v -0.174277 0.107178 0.676017
v -0.176486 0.107399 0.668847
v -0.179262 0.102732 0.668690
v -0.189898 0.104720 0.677396
v -0.182004 0.099980 0.675998
v -0.182910 0.101345 0.668658
v -0.188915 0.104207 0.671270
v -0.163619 0.135895 0.698997
v -0.166200 0.140024 0.699571
v -0.167041 0.139202 0.693038
v -0.164751 0.135736 0.692542
v -0.168187 0.125335 0.697294
v -0.164049 0.129812 0.698115
v -0.165122 0.130610 0.691430
v -0.168601 0.126534 0.690713
v -0.173502 0.124875 0.696926
v -0.172698 0.125694 0.690264
v -0.151291 0.038182 1.202254
v -0.162060 0.030951 1.202344
v -0.153570 0.024952 1.238579
v -0.141747 0.035784 1.239369
v -0.137186 0.049312 1.240904
v -0.125714 0.098607 1.244154
v -0.128648 0.115960 1.244368
v -0.140838 0.130488 1.245871
v -0.156764 0.142039 1.247029
v -0.173332 0.147403 1.247353
v -0.201035 0.140392 1.245280
v -0.224030 0.114196 1.242386
v -0.226191 0.092787 1.241271
v -0.224104 0.070321 1.241407
v -0.206338 0.142843 1.327338
v -0.179843 0.158496 1.332937
v -0.127650 0.123406 1.307660
v -0.121682 0.103588 1.305953
v -0.112040 0.106928 1.325152
v -0.124375 0.127435 1.328002
v -0.158747 0.037547 1.184692
v -0.233077 0.085625 1.177258
v -0.230016 0.063350 1.175423
v -0.224949 0.106120 1.178915
v -0.194136 0.129666 1.182477
v -0.157581 0.140431 1.147910
v -0.169809 0.142694 1.147721
v -0.167775 0.143240 1.184307
v -0.152500 0.138551 1.183106
v -0.140425 0.125115 1.180543
v -0.153843 0.141193 1.159208
v -0.168457 0.145226 1.160511
v -0.143300 0.128072 1.154458
v -0.216554 0.050428 1.241585
v -0.215178 0.053671 1.209866
v -0.215727 0.054065 1.198867
v -0.166101 0.033247 1.191471
v -0.130675 0.107987 1.179140
v -0.139677 0.042216 1.172318
v -0.122230 0.089488 1.178511
v -0.158608 0.038369 1.168888
v -0.195320 0.081531 0.714255
v -0.197162 0.090970 0.713667
v -0.198442 0.090996 0.721260
v -0.195196 0.080367 0.720858
v -0.180225 0.096327 0.716946
v -0.175791 0.091276 0.718068
v -0.175360 0.090560 0.724362
v -0.179025 0.095634 0.723887
v -0.175508 0.084740 0.718093
v -0.179255 0.080063 0.718084
v -0.179818 0.080376 0.724066
v -0.175569 0.084414 0.724281
v -0.184065 0.077878 0.717128
v -0.184879 0.078332 0.723293
v -0.190130 0.106249 0.702097
v -0.190306 0.112455 0.704170
v -0.191009 0.113099 0.718201
v -0.189938 0.105212 0.719282
v -0.185926 0.118330 0.703963
v -0.176539 0.118170 0.704732
v -0.174491 0.118410 0.722376
v -0.185448 0.119158 0.719648
v -0.173879 0.107681 0.702042
v -0.176022 0.102534 0.701660
v -0.174584 0.102123 0.722578
v -0.171302 0.107628 0.723117
v -0.179079 0.100111 0.702467
v -0.179581 0.099698 0.721745
v -0.200576 0.062593 0.671981
v -0.200723 0.062156 0.678877
v -0.200516 0.056022 0.676927
v -0.198786 0.054310 0.671940
v -0.195548 0.089499 0.661396
v -0.196053 0.089970 0.669236
v -0.194202 0.084378 0.665899
v -0.192882 0.083619 0.661418
v -0.177650 0.136842 0.691503
v -0.178274 0.136853 0.697302
v -0.178773 0.131725 0.696176
v -0.178061 0.130962 0.690806
v -0.191294 0.110322 0.671020
v -0.190964 0.110286 0.677028
v -0.190560 0.105861 0.676301
v -0.190038 0.105224 0.671129
v -0.197732 0.069237 0.709194
v -0.197536 0.068707 0.718699
v -0.197288 0.068532 0.677226
v -0.196152 0.068527 0.670848
v -0.197903 0.061452 0.664955
v -0.197938 0.056038 0.666503
v -0.199759 0.054633 0.677345
v -0.197691 0.053573 0.671991
v -0.191143 0.097519 0.715377
v -0.189424 0.098634 0.722249
v -0.193644 0.095471 0.668684
v -0.190880 0.096954 0.661384
v -0.191869 0.084865 0.656179
v -0.191721 0.089081 0.654509
v -0.193069 0.083034 0.667984
v -0.191225 0.082403 0.661619
v -0.180328 0.104788 0.665677
v -0.178950 0.108330 0.665252
v -0.174769 0.112673 0.676257
v -0.176427 0.112243 0.669066
v -0.171333 0.114102 0.723049
v -0.174136 0.113988 0.703223
v -0.176893 0.141276 0.722961
v -0.176980 0.141690 0.737869
v -0.175583 0.141447 0.698311
v -0.173250 0.141018 0.692316
v -0.175634 0.131575 0.685536
v -0.173854 0.135876 0.684996
v -0.178980 0.130465 0.697448
v -0.177457 0.129548 0.690728
v -0.198934 0.069545 0.730711
v -0.186521 0.069991 0.730707
v -0.186412 0.069850 0.747161
v -0.201234 0.068938 0.746124
v -0.203603 0.052455 0.730925
v -0.206120 0.062213 0.732233
v -0.205333 0.061698 0.743516
v -0.201771 0.054095 0.748606
v -0.189096 0.048237 0.749798
v -0.189661 0.048721 0.732255
v -0.184404 0.052290 0.732087
v -0.182865 0.051703 0.749483
v -0.181792 0.058148 0.731859
v -0.179373 0.058401 0.749938
v -0.181556 0.064785 0.731288
v -0.179917 0.066581 0.749727
v -0.183940 0.054291 0.692820
v -0.188285 0.050709 0.692895
v -0.188161 0.050809 0.696736
v -0.184252 0.054840 0.696563
v -0.199069 0.052284 0.695104
v -0.199213 0.053529 0.688951
v -0.201140 0.061979 0.687997
v -0.202918 0.062167 0.696537
v -0.196083 0.069812 0.689132
v -0.186245 0.068883 0.686992
v -0.185990 0.068422 0.693704
v -0.194333 0.070974 0.695307
v -0.183364 0.065195 0.688329
v -0.183440 0.064697 0.694826
v -0.182418 0.060205 0.692820
v -0.183005 0.059651 0.696034
v -0.190954 0.098647 0.728340
v -0.179076 0.095090 0.730340
v -0.179945 0.096059 0.737574
v -0.193253 0.098000 0.735724
v -0.197910 0.080980 0.726669
v -0.199869 0.091821 0.728324
v -0.200599 0.092048 0.735315
v -0.199986 0.083040 0.735484
v -0.186831 0.077384 0.736536
v -0.184988 0.078209 0.729633
v -0.179833 0.080794 0.730061
v -0.179877 0.079823 0.737079
v -0.176303 0.084687 0.729488
v -0.175786 0.084748 0.737879
v -0.175989 0.089907 0.729851
v -0.175646 0.090623 0.738087
v -0.179933 0.081824 0.688653
v -0.183697 0.078654 0.686902
v -0.184294 0.078636 0.692817
v -0.181122 0.082079 0.694073
v -0.194930 0.079980 0.691274
v -0.195050 0.081338 0.684632
v -0.197669 0.089567 0.684000
v -0.199123 0.090385 0.693130
v -0.193986 0.097265 0.685376
v -0.182131 0.097112 0.689970
v -0.183460 0.096360 0.695669
v -0.192033 0.098998 0.691916
v -0.178921 0.092282 0.690439
v -0.180856 0.092197 0.694995
v -0.178209 0.086801 0.690004
v -0.179097 0.086775 0.692836
v -0.187587 0.120178 0.731808
v -0.174678 0.117756 0.732906
v -0.174643 0.118200 0.740084
v -0.188232 0.120199 0.739406
v -0.191987 0.104701 0.730794
v -0.193824 0.113505 0.732632
v -0.193846 0.113889 0.738645
v -0.192627 0.105998 0.738678
v -0.179489 0.100241 0.732673
v -0.180553 0.100287 0.738782
v -0.174968 0.102860 0.732816
v -0.175007 0.102721 0.739604
v -0.172069 0.107533 0.732878
v -0.171864 0.107584 0.740273
v -0.172173 0.113089 0.733435
v -0.171576 0.113305 0.740299
v -0.176331 0.101779 0.690679
v -0.179293 0.099962 0.690778
v -0.179266 0.099841 0.696071
v -0.175504 0.102518 0.696244
v -0.189743 0.105170 0.690878
v -0.189699 0.104379 0.695591
v -0.190838 0.112185 0.691030
v -0.191089 0.112692 0.697283
v -0.187478 0.118139 0.691528
v -0.177011 0.118620 0.692468
v -0.176455 0.118428 0.697810
v -0.185648 0.119330 0.696584
v -0.173663 0.113997 0.697738
v -0.173649 0.114286 0.692281
v -0.173562 0.106987 0.691216
v -0.173166 0.108227 0.697231
v -0.177913 0.142366 0.748712
v -0.165369 0.141272 0.747554
v -0.164794 0.141307 0.760387
v -0.177826 0.141970 0.759265
v -0.182613 0.130070 0.746946
v -0.182101 0.137105 0.749132
v -0.182422 0.136595 0.757668
v -0.182610 0.129649 0.755652
v -0.172889 0.124491 0.756073
v -0.172102 0.124679 0.746168
v -0.167000 0.126230 0.746199
v -0.167153 0.125389 0.756755
v -0.163186 0.130384 0.746362
v -0.162055 0.129074 0.758178
v -0.161941 0.136151 0.746553
v -0.161010 0.135538 0.759746
v -0.168169 0.125848 0.709788
v -0.172229 0.124631 0.709275
v -0.172487 0.125078 0.714295
v -0.168665 0.126652 0.714366
v -0.180225 0.128951 0.714401
v -0.179835 0.129660 0.709759
v -0.179759 0.136816 0.709737
v -0.180314 0.137057 0.715306
v -0.176080 0.142274 0.711202
v -0.166341 0.139288 0.711097
v -0.166823 0.139755 0.716565
v -0.175837 0.142735 0.716119
v -0.164638 0.135089 0.709997
v -0.165279 0.135255 0.716124
v -0.165180 0.129718 0.709690
v -0.166019 0.130349 0.715848
v -0.190950 0.063895 0.664558
v -0.188714 0.063100 0.665360
v -0.196397 0.065624 0.665709
v -0.197752 0.067602 0.671789
v -0.198004 0.067831 0.676363
v -0.181696 0.092401 0.657146
v -0.184728 0.093800 0.655941
v -0.191707 0.093936 0.655472
v -0.192687 0.095743 0.661573
v -0.194378 0.094590 0.667461
v -0.180264 0.113710 0.665113
v -0.178373 0.112046 0.665752
v -0.185895 0.115386 0.665426
v -0.187995 0.116005 0.671334
v -0.188644 0.115901 0.675765
v -0.166532 0.135821 0.688437
v -0.168210 0.137840 0.687867
v -0.172512 0.139770 0.687656
v -0.174503 0.140498 0.692238
v -0.175986 0.140748 0.696668
v -0.199208 0.061719 0.665706
v -0.198956 0.056209 0.667121
v -0.197664 0.065760 0.666390
v -0.193860 0.089131 0.655342
v -0.193177 0.085516 0.656274
v -0.193377 0.092959 0.656058
v -0.189460 0.110686 0.663875
v -0.189631 0.106455 0.664923
v -0.187864 0.114724 0.665065
v -0.176729 0.136746 0.686044
v -0.177484 0.132770 0.686730
v -0.174499 0.139860 0.687841
v -0.179147 0.136524 0.699738
v -0.190735 0.110527 0.678864
v -0.171287 0.113620 0.729020
v -0.173916 0.117889 0.728770
v -0.184952 0.120446 0.726762
v -0.192712 0.113307 0.725475
v -0.190099 0.103338 0.724570
v -0.178788 0.100011 0.727542
v -0.174377 0.102410 0.728277
v -0.171267 0.107561 0.728686
v -0.181105 0.082903 0.699481
v -0.184264 0.078978 0.698547
v -0.196372 0.081740 0.699882
v -0.198515 0.089957 0.702722
v -0.193369 0.097711 0.700911
v -0.182623 0.096037 0.701067
v -0.180417 0.091955 0.700006
v -0.179816 0.087049 0.699540
v -0.195901 0.089751 0.670700
v -0.184113 0.054818 0.702278
v -0.187684 0.050950 0.701588
v -0.201018 0.053839 0.702845
v -0.203167 0.062512 0.704521
v -0.198274 0.069889 0.703232
v -0.186305 0.067987 0.700308
v -0.183876 0.064356 0.699623
v -0.183181 0.059633 0.701508
v -0.189337 0.048728 0.725461
v -0.183821 0.051985 0.725969
v -0.201766 0.052457 0.724520
v -0.204397 0.062387 0.723669
v -0.196483 0.069403 0.724375
v -0.185782 0.069343 0.725072
v -0.181557 0.064838 0.725096
v -0.180964 0.058098 0.725437
v -0.200713 0.062231 0.679682
v -0.162576 0.136521 0.741946
v -0.165321 0.141214 0.742723
v -0.175960 0.143597 0.743724
v -0.181344 0.138152 0.741877
v -0.181830 0.128832 0.741140
v -0.172174 0.124425 0.741646
v -0.167667 0.125899 0.741985
v -0.163588 0.130591 0.742002
v -0.192734 0.106697 0.746031
v -0.179342 0.099890 0.747416
v -0.173125 0.101395 0.750559
v -0.169051 0.106239 0.752662
v -0.169098 0.113105 0.753093
v -0.173775 0.118781 0.752120
v -0.187185 0.122026 0.749351
v -0.194068 0.115920 0.746804
v -0.186322 0.076562 0.746897
v -0.200309 0.082392 0.744025
v -0.178192 0.077907 0.748903
v -0.173649 0.083494 0.749603
v -0.173630 0.090788 0.749149
v -0.178507 0.096185 0.747538
v -0.193502 0.098844 0.745157
v -0.201312 0.092634 0.742628
v -0.162986 0.028732 0.795461
v -0.159915 0.024186 0.792066
v -0.143533 0.002456 0.759735
v -0.150324 0.010249 0.770180
v -0.133563 -0.014530 0.753961
v -0.133646 -0.017150 0.755948
v -0.166748 0.013019 0.808970
v -0.161793 0.007953 0.802981
v -0.178113 0.021774 0.823373
v -0.196102 0.042651 0.848345
v -0.132677 -0.004994 0.755290
v -0.127562 -0.005137 0.757680
v -0.128238 -0.001604 0.759922
v -0.134194 -0.000601 0.757706
v -0.124444 -0.010677 0.761659
v -0.125586 -0.013722 0.762650
v -0.125901 -0.010735 0.767144
v -0.124409 -0.007225 0.765925
v -0.126041 -0.014462 0.762863
v -0.130316 -0.018982 0.758978
v -0.133416 -0.016176 0.767092
v -0.126915 -0.010837 0.768248
v -0.136252 -0.018531 0.758105
v -0.140717 -0.016115 0.763311
v -0.137159 -0.017961 0.757145
v -0.138929 -0.014138 0.754470
v -0.144037 -0.011724 0.757549
v -0.142652 -0.015305 0.761944
v -0.136250 -0.007563 0.753178
v -0.139728 -0.003454 0.755474
v -0.155814 0.017204 0.783500
v -0.149181 0.019890 0.785971
v -0.142761 0.018461 0.790059
v -0.138606 0.006701 0.799695
v -0.143872 0.000350 0.800894
v -0.151630 -0.001829 0.798341
v -0.157914 0.000905 0.793435
v -0.164650 0.014869 0.798145
v -0.160158 0.006022 0.788408
v -0.130897 -0.010014 0.754148
v -0.128495 -0.009146 0.755452
v -0.133302 -0.010995 0.753127
v -0.126864 -0.016437 0.760083
v -0.129913 -0.018532 0.758440
v -0.133425 -0.018547 0.756830
v -0.153133 0.013478 0.778051
v -0.157783 0.002081 0.780727
v -0.156391 -0.000029 0.777256
v -0.152380 0.012376 0.775030
v -0.155911 -0.002822 0.787858
v -0.154736 -0.004042 0.782010
v -0.149159 -0.004667 0.794703
v -0.145600 -0.006866 0.789938
v -0.140455 -0.002563 0.795630
v -0.135975 -0.002981 0.789910
v -0.135136 0.003339 0.793222
v -0.133153 0.002255 0.789110
v -0.138196 0.013679 0.779758
v -0.140058 0.014799 0.783521
v -0.146554 0.015741 0.779786
v -0.145287 0.014555 0.776233
v -0.168780 0.019989 0.803518
v -0.173429 0.017795 0.815726
v -0.175862 0.027747 0.808681
v -0.184597 0.032019 0.816327
v -0.160552 0.009055 0.824428
v -0.147871 0.014090 0.823737
v -0.144482 0.025542 0.827825
v -0.144274 0.019272 0.820015
v -0.151645 0.032360 0.804765
v -0.155004 0.038114 0.807437
v -0.166131 0.041385 0.796675
v -0.160798 0.034795 0.798379
v -0.167501 0.032851 0.797165
v -0.194251 0.041268 0.806687
v -0.141582 -0.014728 0.766581
v -0.134990 -0.013517 0.771245
v -0.129657 -0.009377 0.772566
v -0.199363 0.044220 0.831095
v -0.206414 0.053837 0.819847
v -0.182499 0.052142 0.756395
v -0.200981 0.079140 0.753905
v -0.179219 0.059216 0.755574
v -0.180407 0.067987 0.755230
v -0.180359 0.051588 0.766729
v -0.175838 0.058808 0.765576
v -0.164768 0.051155 0.797989
v -0.172875 0.083055 0.756870
v -0.178250 0.076527 0.755307
v -0.173657 0.092187 0.755685
v -0.179444 0.096879 0.749470
v -0.179437 0.099552 0.749938
v -0.173455 0.098961 0.757289
v -0.191885 0.104595 0.752683
v -0.175130 0.119181 0.756061
v -0.168550 0.113506 0.760643
v -0.175338 0.119036 0.758434
v -0.168182 0.123285 0.766133
v -0.180681 0.124484 0.765101
v -0.173169 0.124346 0.758710
v -0.167887 0.124927 0.760446
v -0.182102 0.128323 0.759780
v -0.167836 0.104873 0.759692
v -0.163125 0.126782 0.768589
v -0.162608 0.128437 0.762743
v -0.161434 0.133735 0.771486
v -0.161200 0.134653 0.765092
v -0.182597 0.136218 0.761291
v -0.183378 0.134783 0.767198
v -0.178164 0.142145 0.764017
v -0.164281 0.140827 0.766353
v -0.187049 0.070094 0.749825
v -0.186980 0.075998 0.749437
v -0.185750 0.135192 0.777469
v -0.174151 0.070550 0.763562
v -0.168643 0.080609 0.764519
v -0.167798 0.092385 0.764737
v -0.163855 0.102495 0.768444
v -0.164299 0.113486 0.771077
v -0.165222 0.062070 0.799365
v -0.161798 0.138383 0.807654
v -0.179350 0.139067 0.805323
v -0.212494 0.048639 1.184136
v -0.206810 0.044797 1.195383
v -0.196358 0.039825 1.180093
v -0.193547 0.035507 1.191235
v -0.177995 0.032132 1.188974
v -0.178526 0.035795 1.178757
v -0.175721 0.028200 1.202058
v -0.178753 0.037870 1.166885
v -0.198145 0.040092 1.168232
v -0.216583 0.047337 1.171445
v -0.203938 0.027104 1.303684
v -0.215966 0.044099 1.303396
v -0.191486 0.030839 1.204940
v -0.205262 0.040191 1.208258
v -0.205828 0.033140 1.240582
v -0.189630 0.022631 1.239468
v -0.170891 0.020326 1.238322
v -0.184940 0.017515 1.305041
v -0.163934 0.016201 1.306074
v -0.146101 0.145828 1.331981
v -0.143660 0.141890 1.310651
v -0.188308 0.019992 1.260321
v -0.205851 0.030393 1.260450
v -0.146528 0.022417 1.305602
v -0.149524 0.022943 1.260524
v -0.168615 0.017520 1.259992
v -0.137850 0.035099 1.260889
v -0.134589 0.035106 1.305076
v -0.132277 0.051618 1.305528
v -0.134871 0.049137 1.261402
v -0.123461 0.097419 1.263459
v -0.126012 0.115305 1.264299
v -0.138259 0.131993 1.266213
v -0.203224 0.142679 1.264635
v -0.173570 0.148873 1.267777
v -0.177825 0.158050 1.310834
v -0.208015 0.144705 1.307238
v -0.224636 0.068798 1.261226
v -0.228002 0.091522 1.261472
v -0.225689 0.088649 1.304395
v -0.221658 0.066273 1.303895
v -0.225641 0.115060 1.262736
v -0.226123 0.110399 1.304893
v -0.155766 0.142904 1.267862
v -0.161871 0.154027 1.312279
v -0.217649 0.048233 1.260990
v -0.159142 0.132919 0.778623
v -0.160345 0.124036 0.775583
v -0.155248 0.131583 0.806183
v -0.165266 0.073921 0.800203
v -0.160088 0.097979 0.802287
v -0.163609 0.086259 0.801306
v -0.152472 0.121096 0.803731
v -0.155521 0.109364 0.802409
v -0.150905 0.046821 0.858282
v -0.157403 0.047355 0.810315
v -0.150681 0.119620 0.816303
v -0.163777 0.156675 1.333419
v -0.161344 0.057612 0.812298
v -0.162287 0.070321 0.813130
v -0.153471 0.107447 0.815547
v -0.157170 0.095272 0.815386
v -0.160374 0.083260 0.814299
v -0.149560 0.102682 0.845738
v -0.159045 0.066901 0.827950
v -0.152327 0.090980 0.842990
v -0.158817 0.079761 0.829204
v -0.190227 0.133150 0.802465
v -0.197561 0.123624 0.797825
v -0.204024 0.114036 0.796333
v -0.207512 0.105364 0.792907
v -0.210736 0.095105 0.791783
v -0.211464 0.076265 0.793314
v -0.211227 0.071413 0.801930
v -0.199724 0.047809 0.796890
v -0.199284 0.121436 0.811233
v -0.205066 0.112309 0.809229
v -0.210999 0.080967 0.804067
v -0.209481 0.063629 0.810352
v -0.211829 0.082122 0.829715
v -0.203558 0.114910 0.848655
v -0.210882 0.066618 0.826063
v -0.211698 0.087165 0.817502
v -0.211425 0.074797 0.814724
v -0.211307 0.091700 0.805405
v -0.206276 0.109555 0.821991
v -0.211836 0.085106 0.793140
v -0.205349 0.028427 1.282118
v -0.186714 0.018250 1.282849
v -0.165865 0.016199 1.283403
v -0.147640 0.022061 1.283308
v -0.135590 0.034902 1.283153
v -0.134531 0.050783 1.284205
v -0.122874 0.100461 1.284743
v -0.127752 0.119536 1.286186
v -0.141025 0.137674 1.288289
v -0.157818 0.149815 1.289253
v -0.174663 0.154796 1.288182
v -0.207025 0.144580 1.286375
v -0.226827 0.112405 1.283354
v -0.227664 0.090208 1.282790
v -0.223896 0.067662 1.282330
v -0.217401 0.045917 1.282032
v -0.157248 0.028253 1.219020
v -0.172979 0.024048 1.218706
v -0.190772 0.026332 1.220848
v -0.205985 0.036569 1.223096
v -0.215672 0.052488 1.224622
v -0.223373 0.070925 1.224061
v -0.224969 0.092174 1.223551
v -0.221200 0.111667 1.224287
v -0.199573 0.138441 1.226616
v -0.173707 0.148210 1.226989
v -0.157097 0.144488 1.226274
v -0.141347 0.132655 1.225447
v -0.129911 0.117704 1.225378
v -0.126216 0.098425 1.226316
v -0.138555 0.050594 1.222506
v -0.146279 0.037557 1.220009
v -0.209892 0.119896 1.180665
v -0.207871 0.121023 1.196178
v -0.208574 0.124064 1.211689
v -0.211232 0.127224 1.225596
v -0.213880 0.129969 1.244240
v -0.216248 0.131444 1.263967
v -0.218419 0.131380 1.284055
v -0.219388 0.130727 1.305100
v -0.217275 0.128871 1.325402
v -0.208391 0.104500 0.846738
v -0.119874 0.070268 1.177273
v -0.125035 0.070512 1.196038
v -0.127220 0.073237 1.211760
v -0.127135 0.079121 1.226223
v -0.128752 0.080354 1.243209
v -0.130193 0.081658 1.263674
v -0.129158 0.083929 1.285031
v -0.126735 0.086133 1.305600
v -0.119668 0.088957 1.324736
v -0.148962 0.115664 0.846389
v -0.154439 0.126997 0.845759
v -0.162586 0.132694 0.843650
v -0.183549 0.132483 0.840874
v -0.194532 0.126261 0.838889
v -0.202605 0.117102 0.836596
v -0.152918 0.055156 0.827375
v -0.148200 0.042382 0.827371
v -0.172126 0.046292 0.786044
v -0.169095 0.054902 0.787095
v -0.168399 0.065390 0.787301
v -0.166682 0.076659 0.787727
v -0.164742 0.088302 0.789085
v -0.162116 0.099792 0.790626
v -0.158651 0.111216 0.791900
v -0.155463 0.121863 0.793790
v -0.156282 0.131811 0.796154
v -0.178348 0.044085 0.785664
v -0.192767 0.044578 0.791597
v -0.161736 0.138982 0.797806
v -0.177505 0.141156 0.796785
v -0.188982 0.135345 0.791874
v -0.195864 0.124704 0.788201
v -0.202908 0.114820 0.785412
v -0.206565 0.104228 0.782869
v -0.210651 0.093304 0.782359
v -0.210968 0.076931 0.782749
v -0.210799 0.066149 0.785979
v -0.205934 0.055996 0.789275
v -0.125250 0.052562 1.175257
v -0.136311 0.054387 1.197516
v -0.139014 0.059816 1.214608
v -0.131690 0.063869 1.224868
v -0.134046 0.063461 1.242273
v -0.136933 0.064138 1.263579
v -0.137122 0.067088 1.285632
v -0.134239 0.068765 1.306190
v -0.155347 0.078594 0.842878
v -0.148884 0.055585 0.842996
v -0.146733 0.042875 0.843537
v -0.152684 0.032058 0.849341
v -0.171530 0.026274 0.847932
v -0.189938 0.034910 0.838854
v -0.207604 0.106960 0.834282
v -0.200731 0.118991 0.824075
v -0.193181 0.128157 0.826330
v -0.182098 0.134422 0.828361
v -0.161613 0.135178 0.830320
v -0.154283 0.129002 0.831031
v -0.149998 0.117591 0.830926
v -0.151207 0.104970 0.830332
v -0.154180 0.092462 0.829523
v -0.152009 0.067372 0.841872
v -0.146878 0.032805 0.819553
v -0.150326 0.068786 0.850654
v -0.151615 0.089538 0.852224
v -0.199025 0.049346 0.781107
v -0.206233 0.056325 0.779083
v -0.210679 0.065665 0.776669
v -0.209527 0.080437 0.770506
v -0.209495 0.092975 0.772259
v -0.204322 0.103794 0.772233
v -0.201292 0.114975 0.774970
v -0.193017 0.124828 0.778213
v -0.187672 0.135647 0.783631
v -0.177035 0.142114 0.788717
v -0.161706 0.139998 0.788913
v -0.156879 0.132570 0.786781
v -0.157141 0.123055 0.784255
v -0.160009 0.112291 0.781208
v -0.161190 0.100741 0.779015
v -0.164199 0.089751 0.777126
v -0.166587 0.078542 0.776427
v -0.169871 0.067630 0.775883
v -0.172950 0.057249 0.776555
v -0.175314 0.049050 0.776379
v -0.181762 0.045287 0.776568
v -0.173811 0.131612 0.854641
v -0.172198 0.134841 0.842308
v -0.171202 0.137386 0.829597
v -0.170611 0.139298 0.818272
v -0.170064 0.141041 0.807637
v -0.169640 0.142257 0.797962
v -0.169494 0.143145 0.789352
v -0.169394 0.143285 0.782248
v -0.170418 0.143570 0.775824
v -0.171031 0.143780 0.765638
v -0.171127 0.143817 0.759794
v -0.170900 0.143616 0.749077
v -0.170492 0.143359 0.744035
v -0.170941 0.143196 0.738732
v -0.171671 0.142913 0.723379
v -0.170694 0.142829 0.716525
v -0.169578 0.142219 0.711671
v -0.169669 0.142102 0.699922
v -0.169556 0.140841 0.693105
v -0.170169 0.139256 0.687512
v -0.172222 0.135212 0.685147
v -0.173891 0.130555 0.685692
v -0.175943 0.127961 0.690371
v -0.176805 0.126735 0.697184
v -0.176409 0.125669 0.709185
v -0.176697 0.125912 0.714321
v -0.177186 0.126197 0.721741
v -0.177845 0.126594 0.735923
v -0.177381 0.125536 0.741499
v -0.177207 0.125390 0.746800
v -0.178432 0.125591 0.755681
v -0.177011 0.124945 0.758308
v -0.177284 0.124910 0.759743
v -0.179517 0.121014 0.756264
v -0.179529 0.121386 0.751492
v -0.180746 0.120767 0.739315
v -0.180349 0.120466 0.731594
v -0.179095 0.120358 0.727835
v -0.179543 0.120292 0.721606
v -0.181134 0.119869 0.704427
v -0.181649 0.120332 0.697483
v -0.181667 0.120337 0.692450
v -0.182612 0.119134 0.674427
v -0.182150 0.117518 0.668561
v -0.182874 0.114282 0.664626
v -0.184174 0.109517 0.663407
v -0.185255 0.104959 0.664698
v -0.186470 0.102270 0.668363
v -0.187068 0.101572 0.676282
v -0.184743 0.099983 0.690960
v -0.185241 0.100279 0.695632
v -0.185928 0.100798 0.702088
v -0.185452 0.100552 0.720089
v -0.185543 0.100180 0.725569
v -0.185939 0.100444 0.731767
v -0.187363 0.101020 0.738209
v -0.186181 0.101189 0.746252
v -0.186159 0.101038 0.748629
v -0.186521 0.099436 0.748165
v -0.186009 0.099222 0.746217
v -0.186175 0.098630 0.736596
v -0.183946 0.098103 0.729549
v -0.184010 0.098298 0.722965
v -0.185355 0.098340 0.715895
v -0.187221 0.098615 0.700253
v -0.187295 0.099063 0.694545
v -0.188191 0.099370 0.688214
v -0.188691 0.099162 0.668563
v -0.187993 0.098288 0.661929
v -0.188188 0.094082 0.655311
v -0.188551 0.088766 0.654105
v -0.188858 0.084441 0.655802
v -0.188849 0.081279 0.659884
v -0.188954 0.079626 0.667840
v -0.188884 0.077995 0.685664
v -0.190105 0.077740 0.691690
v -0.190659 0.077651 0.698881
v -0.189750 0.077647 0.715127
v -0.190054 0.078159 0.721878
v -0.190873 0.077886 0.728476
v -0.193682 0.078468 0.736138
v -0.192571 0.077617 0.745742
v -0.193074 0.077159 0.748837
v -0.193338 0.070357 0.748580
v -0.192851 0.070032 0.746827
v -0.192628 0.070000 0.730660
v -0.191289 0.070103 0.724615
v -0.191257 0.070277 0.718442
v -0.190886 0.071075 0.708978
v -0.189836 0.070513 0.701245
v -0.189478 0.070408 0.694736
v -0.189959 0.070638 0.688693
v -0.192210 0.070059 0.675930
v -0.192215 0.069033 0.669990
v -0.193062 0.064443 0.664297
v -0.194253 0.060004 0.663792
v -0.195399 0.055466 0.665699
v -0.196286 0.052653 0.671413
v -0.195392 0.051419 0.677833
v -0.194582 0.050341 0.690029
v -0.194042 0.049797 0.696005
v -0.193553 0.049566 0.701513
v -0.194733 0.049709 0.707221
v -0.195497 0.049225 0.718395
v -0.195924 0.048698 0.725373
v -0.197137 0.048920 0.732376
v -0.195982 0.048793 0.749859
v -0.195838 0.048591 0.755595
v -0.194251 0.047710 0.768338
v -0.189304 0.045605 0.778027
v -0.184868 0.043563 0.787292
v -0.179385 0.038824 0.796302
v -0.172086 0.030513 0.801569
v -0.167067 0.025342 0.799271
v -0.163728 0.020370 0.794518
v -0.159258 0.011331 0.783788
v -0.157256 0.007934 0.777922
v -0.156344 0.006473 0.775100
v -0.153876 0.003514 0.769356
v -0.146849 -0.003677 0.758941
v -0.142137 -0.007881 0.754921
v -0.138400 -0.010795 0.753016
v -0.133236 -0.012631 0.753327
v -0.130187 -0.012127 0.754470
v -0.127442 -0.010881 0.756027
v -0.125076 -0.007296 0.759065
v -0.124585 -0.003936 0.762976
v -0.126011 0.000563 0.768212
v -0.131180 0.006987 0.780215
v -0.133604 0.009072 0.784742
v -0.135541 0.010520 0.788558
v -0.138947 0.013583 0.795127
v -0.142510 0.018418 0.803101
v -0.144024 0.022069 0.807494
v -0.145643 0.027142 0.812850
v -0.192862 0.106779 0.742488
v -0.193800 0.114981 0.742713
v -0.187572 0.121140 0.743769
v -0.180048 0.121388 0.745652
v -0.173986 0.118782 0.745899
v -0.170141 0.113550 0.746330
v -0.170287 0.107150 0.745942
v -0.174157 0.102385 0.744413
v -0.180227 0.100287 0.742850
v -0.187380 0.101647 0.741963
v -0.186908 0.077169 0.740913
v -0.179238 0.079090 0.741891
v -0.174669 0.083991 0.742749
v -0.174350 0.090741 0.742845
v -0.179446 0.096265 0.741796
v -0.186886 0.098986 0.740961
v -0.193285 0.098210 0.739529
v -0.200911 0.092378 0.738896
v -0.200164 0.083073 0.739464
v -0.193861 0.078455 0.740359
v -0.186599 0.069971 0.742422
v -0.179653 0.066114 0.744580
v -0.179643 0.057903 0.744962
v -0.183228 0.051558 0.744285
v -0.189781 0.048161 0.743841
v -0.196650 0.049181 0.743801
v -0.202312 0.054322 0.742429
v -0.205401 0.061984 0.742144
v -0.201234 0.068960 0.741487
v -0.194350 0.069819 0.742284
v -0.165198 0.141379 0.751938
v -0.161245 0.136282 0.750944
v -0.162178 0.129873 0.750273
v -0.166559 0.125957 0.749907
v -0.172186 0.124730 0.749784
v -0.177844 0.125503 0.750178
v -0.182633 0.130086 0.750745
v -0.182209 0.136816 0.751755
v -0.177859 0.141982 0.752277
v -0.171300 0.143772 0.752861
v -0.198144 0.089903 0.687197
v -0.198486 0.083859 0.692076
v -0.199105 0.089629 0.699205
v -0.196421 0.096938 0.693008
v -0.197670 0.084763 0.687501
v -0.198637 0.084332 0.697523
v -0.196108 0.096487 0.697803
v -0.196280 0.095427 0.687785
v -0.206572 0.056532 0.769556
v -0.207869 0.063414 0.760471
v -0.208203 0.072072 0.766546
v -0.210196 0.074075 0.773881
v -0.205969 0.056756 0.761324
v -0.205204 0.069700 0.760290
v -0.207520 0.081936 0.763053
v -0.201708 0.061946 0.691019
v -0.201763 0.055663 0.695468
v -0.203172 0.063174 0.700538
v -0.199649 0.068527 0.695740
v -0.201241 0.056470 0.691008
v -0.202921 0.056460 0.699074
v -0.201094 0.067995 0.699956
v -0.199888 0.067084 0.692831
v -0.203719 0.062042 0.720143
v -0.204180 0.056463 0.723741
v -0.205543 0.062472 0.727969
v -0.201055 0.067477 0.723703
v -0.200726 0.066793 0.720479
v -0.203438 0.056705 0.720209
v -0.205523 0.057069 0.727367
v -0.202597 0.067162 0.727448
v -0.197463 0.091210 0.716633
v -0.198143 0.083781 0.720928
v -0.199756 0.091103 0.726192
v -0.193469 0.097086 0.722275
v -0.193567 0.096087 0.717597
v -0.197805 0.085416 0.716703
v -0.199972 0.084535 0.724920
v -0.194828 0.097072 0.725713
v -0.205385 0.092943 0.755340
v -0.208122 0.087171 0.762921
v -0.210222 0.086907 0.771701
v -0.204617 0.097754 0.763756
v -0.207015 0.098213 0.772616
v -0.201720 0.097298 0.756032
v -0.205825 0.087123 0.755968
v -0.202116 0.101713 0.764019
v -0.191003 0.112093 0.692902
v -0.191400 0.107610 0.696354
v -0.190741 0.112432 0.701518
v -0.188662 0.117013 0.697760
v -0.188427 0.116975 0.693573
v -0.190931 0.108715 0.693449
v -0.191082 0.108069 0.700368
v -0.188539 0.116535 0.701518
v -0.191671 0.112386 0.720397
v -0.193033 0.106758 0.726197
v -0.193809 0.113037 0.730620
v -0.188435 0.118878 0.724834
v -0.188267 0.117834 0.721520
v -0.191884 0.107817 0.721066
v -0.193827 0.107652 0.729482
v -0.189594 0.119288 0.729934
v -0.180047 0.136563 0.711243
v -0.181313 0.132514 0.715006
v -0.180638 0.136138 0.721273
v -0.177989 0.141307 0.715583
v -0.178095 0.140780 0.712204
v -0.180759 0.132842 0.711537
v -0.181185 0.133447 0.719939
v -0.178372 0.140463 0.720703
v -0.180707 0.137527 0.738016
v -0.183114 0.131927 0.741841
v -0.181948 0.137402 0.747066
v -0.178753 0.142396 0.743255
v -0.178597 0.141267 0.739573
v -0.182036 0.133267 0.738214
v -0.183032 0.133721 0.746574
v -0.180235 0.140592 0.746857
v -0.202871 0.109678 0.773954
v -0.199966 0.109626 0.765278
v -0.197289 0.115900 0.759287
v -0.195857 0.120117 0.767977
v -0.197531 0.120039 0.776706
v -0.194049 0.120377 0.761656
v -0.197133 0.109594 0.758837
v -0.189641 0.130403 0.781785
v -0.186433 0.129994 0.775553
v -0.184195 0.134889 0.772152
v -0.182872 0.140113 0.779747
v -0.183119 0.139773 0.786555
v -0.184133 0.129422 0.770820
v -0.182232 0.140186 0.773821
v -0.188207 0.125524 0.773163
v -0.211221 0.086633 0.782669
v -0.208956 0.098052 0.782677
v -0.205114 0.109267 0.783839
v -0.199120 0.120036 0.786960
v -0.192640 0.129674 0.789982
v -0.182877 0.139244 0.794675
v -0.152364 0.007386 0.817490
v -0.162873 0.008466 0.813057
v -0.155796 0.004930 0.810852
v -0.151820 0.005310 0.812654
v -0.160124 0.006548 0.808854
v -0.144712 0.034059 0.835350
v -0.149424 0.026027 0.840211
v -0.166995 0.019772 0.839942
v -0.184012 0.027309 0.830798
v -0.192069 0.036825 0.822939
v -0.200581 0.045660 0.813111
v -0.205845 0.054680 0.804410
v -0.209249 0.062743 0.797848
v -0.210960 0.068194 0.792592
v -0.209043 0.102585 0.807022
v -0.210031 0.098990 0.819733
v -0.210803 0.095631 0.832166
v -0.210952 0.093824 0.844322
v -0.140500 -0.005654 0.790537
v -0.142772 -0.008107 0.785330
v -0.150083 -0.006850 0.786593
v -0.147774 -0.005669 0.793095
v -0.142895 -0.004879 0.794059
v -0.152224 -0.005490 0.789866
v -0.147537 -0.007886 0.783521
v -0.138391 -0.006717 0.786139
v -0.153379 0.010086 0.825438
v -0.155225 0.014988 0.833492
v -0.158040 0.020868 0.841260
v -0.161887 0.026824 0.849811
v -0.166144 0.033191 0.858029
v -0.185936 0.035891 0.852245
v -0.181462 0.028871 0.844045
v -0.176221 0.021940 0.836195
v -0.171658 0.015490 0.828901
v -0.167922 0.010723 0.820857
v -0.157508 0.020540 0.787902
v -0.161279 0.015203 0.788774
v -0.161925 0.009219 0.792109
v -0.159222 0.003341 0.796736
v -0.152868 0.000070 0.801310
v -0.145969 0.002580 0.804212
v -0.140717 0.008839 0.803651
v -0.140814 0.015639 0.798975
v -0.143887 0.020972 0.793673
v -0.150519 0.022462 0.789771
v -0.193409 0.152670 1.329767
v -0.193851 0.153931 1.308980
v -0.192111 0.152798 1.287050
v -0.189736 0.149007 1.266819
v -0.186951 0.146339 1.245811
v -0.187522 0.146141 1.227045
v -0.185685 0.143841 1.210563
v -0.182186 0.140630 1.196478
v -0.181905 0.140014 1.183756
v -0.181787 0.138989 1.159256
v -0.180514 0.137223 1.148569
v -0.234460 0.083819 1.161649
v -0.226291 0.104549 1.163725
v -0.211811 0.119017 1.166261
v -0.194577 0.127651 1.169197
v -0.182368 0.140279 1.171584
v -0.167792 0.144507 1.172805
v -0.152257 0.139860 1.171499
v -0.140888 0.125972 1.168008
v -0.130488 0.109600 1.165113
v -0.121530 0.091744 1.162866
v -0.119968 0.071066 1.160565
v -0.125031 0.052614 1.158260
v -0.139142 0.040575 1.156259
v -0.218327 0.044738 1.156779
v -0.231775 0.060931 1.159501
v -0.199746 0.096894 0.750621
v -0.201930 0.092608 0.745750
v -0.203734 0.086818 0.750074
v -0.198965 0.096406 0.746868
v -0.202970 0.087359 0.745939
v -0.197934 0.101081 0.757097
v -0.195953 0.104807 0.758680
v -0.204403 0.081209 0.757275
v -0.204277 0.074105 0.759491
v -0.203526 0.068217 0.753969
v -0.205502 0.062573 0.748531
v -0.204964 0.057382 0.755203
v -0.204421 0.057771 0.749974
v -0.203743 0.067094 0.748780
v -0.201505 0.052104 0.761765
v -0.195461 0.048606 0.760190
v -0.195430 0.109960 0.753009
v -0.194392 0.116517 0.749961
v -0.192290 0.120445 0.755876
v -0.194939 0.110859 0.748927
v -0.191589 0.120270 0.751931
v -0.189139 0.122027 0.764777
v -0.185136 0.124670 0.768847
v -0.183290 0.129704 0.766271
v -0.182913 0.135506 0.763918
v -0.181467 0.140030 0.769020
v -0.181165 0.139598 0.765275
v -0.183270 0.131139 0.762870
v -0.177029 0.143308 0.770165
v -0.170696 0.143674 0.771289
v -0.179384 0.125860 0.758745
v -0.179568 0.125723 0.761513
v -0.182980 0.121676 0.758487
v -0.182500 0.122192 0.751004
v -0.189323 0.102915 0.745900
v -0.189233 0.102606 0.749830
v -0.189918 0.099960 0.749537
v -0.189331 0.099551 0.745770
v -0.196122 0.079145 0.745269
v -0.197408 0.078413 0.750627
v -0.197026 0.071140 0.752081
v -0.196969 0.070132 0.746201
v -0.165071 0.141398 0.756010
v -0.160991 0.136002 0.755297
v -0.161756 0.129411 0.754105
v -0.166561 0.125628 0.753370
v -0.172371 0.124570 0.753053
v -0.178190 0.125605 0.752270
v -0.182672 0.130108 0.752123
v -0.182278 0.136669 0.754335
v -0.177755 0.141862 0.755445
v -0.171331 0.143783 0.755828
v -0.188241 0.119968 0.735506
v -0.193933 0.113488 0.735204
v -0.192327 0.105514 0.734872
v -0.186936 0.100900 0.735026
v -0.180379 0.100370 0.735730
v -0.175375 0.102888 0.736237
v -0.172610 0.107493 0.736673
v -0.172451 0.112863 0.736901
v -0.175285 0.117531 0.736204
v -0.180664 0.120545 0.735670
v -0.192151 0.098328 0.733107
v -0.200085 0.092042 0.731745
v -0.199202 0.082030 0.731483
v -0.192544 0.078050 0.732753
v -0.185831 0.077594 0.734195
v -0.179889 0.080444 0.734850
v -0.176589 0.085176 0.735262
v -0.176313 0.090440 0.735097
v -0.179522 0.095556 0.735081
v -0.184998 0.098328 0.734141
v -0.200757 0.069438 0.735495
v -0.205812 0.062039 0.736413
v -0.203481 0.053481 0.736209
v -0.197107 0.049025 0.737350
v -0.189784 0.048325 0.737389
v -0.183485 0.051729 0.738743
v -0.180243 0.057902 0.739637
v -0.180178 0.065483 0.737781
v -0.186779 0.070011 0.735897
v -0.193512 0.070043 0.735807
v -0.167709 0.124948 0.727336
v -0.162948 0.129736 0.728834
v -0.162467 0.136296 0.728542
v -0.166303 0.141145 0.729066
v -0.171745 0.142637 0.729189
v -0.176509 0.140909 0.729068
v -0.179968 0.136870 0.729769
v -0.180102 0.131567 0.727887
v -0.177932 0.127001 0.727102
v -0.173647 0.124765 0.726527
v -0.189538 0.106961 0.710210
v -0.186223 0.101655 0.710339
v -0.179713 0.099777 0.710272
v -0.175481 0.102701 0.708443
v -0.173452 0.108222 0.708852
v -0.173173 0.112938 0.710262
v -0.175401 0.118051 0.711717
v -0.180111 0.119901 0.711280
v -0.185602 0.118463 0.710094
v -0.189970 0.113630 0.710537
v -0.180645 0.081310 0.705081
v -0.185158 0.077937 0.705192
v -0.191071 0.077868 0.707294
v -0.195901 0.081671 0.707092
v -0.198280 0.089932 0.708838
v -0.192973 0.097125 0.707387
v -0.187204 0.098466 0.709013
v -0.182590 0.096690 0.706709
v -0.178806 0.092367 0.705853
v -0.177540 0.086356 0.706254
v -0.201042 0.054156 0.713118
v -0.195478 0.049676 0.713066
v -0.188817 0.049363 0.713074
v -0.183403 0.052653 0.712778
v -0.180768 0.058399 0.712799
v -0.181451 0.064691 0.712920
v -0.185715 0.069283 0.713038
v -0.191587 0.070724 0.713634
v -0.197834 0.068614 0.713641
v -0.203078 0.061739 0.713321
v -0.179766 0.081399 0.681889
v -0.183666 0.078625 0.678986
v -0.188735 0.078624 0.676931
v -0.193854 0.081750 0.675882
v -0.196977 0.089308 0.676668
v -0.193814 0.096783 0.676595
v -0.188354 0.099163 0.677700
v -0.182518 0.098156 0.679392
v -0.178011 0.093034 0.683221
v -0.177272 0.086783 0.682958
v -0.176589 0.101796 0.682339
v -0.181151 0.099668 0.682692
v -0.186423 0.100828 0.683120
v -0.190496 0.105357 0.681763
v -0.190831 0.111407 0.682498
v -0.187916 0.117597 0.682611
v -0.182694 0.119904 0.682729
v -0.177623 0.118371 0.682690
v -0.174242 0.113638 0.682607
v -0.173621 0.106603 0.682724
v -0.147135 -0.011273 0.771377
v -0.138425 -0.011422 0.777563
v -0.130797 -0.007396 0.777017
v -0.126838 -0.002850 0.775207
v -0.127588 0.003442 0.773406
v -0.133101 0.008678 0.770367
v -0.140422 0.010017 0.766986
v -0.146352 0.006775 0.763863
v -0.150903 0.000599 0.763945
v -0.150835 -0.006879 0.766456
v -0.147644 0.017543 0.782931
v -0.154056 0.015000 0.780221
v -0.158013 0.009340 0.780130
v -0.158923 0.003824 0.784424
v -0.156980 -0.001043 0.790785
v -0.150565 -0.003263 0.796454
v -0.142344 -0.001494 0.798392
v -0.136538 0.004938 0.795945
v -0.137215 0.011611 0.791602
v -0.141609 0.016030 0.786955
v 0.060497 0.079899 0.128604
v 0.068226 0.093337 0.128262
v 0.052462 0.052818 0.133633
v 0.055599 0.032713 0.134226
v 0.043359 0.043663 0.095936
v 0.047326 0.023797 0.099851
v 0.067953 0.101446 0.090191
v 0.053858 0.076222 0.092623
v 0.050252 0.077704 0.071403
v 0.065906 0.106846 0.069281
v 0.045030 0.040536 0.075585
v 0.057477 0.004392 0.103965
v 0.064296 0.017761 0.137494
v 0.101305 0.011695 0.137183
v 0.099793 -0.008583 0.108852
v 0.117804 0.020122 0.098273
v 0.089466 0.006044 0.139070
v 0.084920 -0.011843 0.113258
v 0.122890 0.003404 0.082164
v 0.129060 0.024905 0.073045
v 0.122848 0.038492 0.093581
v 0.118102 0.077304 0.069925
v 0.125081 0.054671 0.070397
v 0.112613 0.083160 0.089350
v 0.125361 0.065301 0.090062
v 0.091919 0.102282 0.089143
v 0.095104 0.107319 0.068823
v 0.107249 -0.020932 0.096531
v 0.097165 -0.026416 0.101219
v 0.084209 -0.028973 0.103628
v 0.054273 0.027748 0.122635
v 0.060473 0.013998 0.126388
v 0.087634 0.001400 0.129485
v 0.100517 0.006905 0.126944
v 0.115366 0.033040 0.121394
v 0.120853 0.050847 0.119384
v 0.119846 0.070228 0.117604
v 0.106865 0.085201 0.114037
v 0.068344 0.094593 0.116880
v 0.060519 0.081279 0.114751
v 0.049938 0.048233 0.119148
v 0.080970 0.101372 0.117019
v 0.079581 0.107144 0.089896
v 0.079165 0.113024 0.068985
v 0.071090 -0.026028 0.100441
v 0.069947 -0.007819 0.111266
v 0.072030 0.003110 0.129602
v 0.075020 0.006836 0.139885
v 0.115967 -0.011233 0.089979
v 0.111244 0.004152 0.103583
v 0.109413 0.017879 0.123746
v 0.046526 0.060418 0.073060
v 0.047335 0.061208 0.094392
v 0.053594 0.067173 0.117224
v 0.054949 0.065976 0.129350
v 0.050278 0.028063 0.110557
v 0.057912 0.010167 0.115100
v 0.069978 -0.001654 0.119703
v 0.085779 -0.004068 0.120325
v 0.099689 0.000636 0.117170
v 0.110233 0.011545 0.113106
v 0.116396 0.027515 0.109177
v 0.123770 0.046865 0.105366
v 0.123050 0.068035 0.105630
v 0.113255 0.082164 0.100592
v 0.091751 0.100217 0.098263
v 0.080318 0.104931 0.099117
v 0.068970 0.099640 0.099440
v 0.056185 0.076983 0.103632
v 0.049455 0.061642 0.106668
v 0.045700 0.045258 0.105789
v 0.105101 -0.013136 0.102279
v 0.113244 -0.002470 0.096289
v 0.120087 0.013708 0.089844
v 0.124122 0.037180 0.083336
v 0.125585 0.060140 0.078031
v 0.116543 0.080017 0.079473
v 0.093026 0.104597 0.079195
v 0.079340 0.109733 0.079813
v 0.066870 0.104078 0.080102
v 0.052261 0.076767 0.081683
v 0.046978 0.060796 0.083399
v 0.043224 0.041781 0.085635
v 0.046493 0.021569 0.089452
v 0.054577 0.003935 0.093716
v 0.060442 -0.007042 0.099188
v 0.070611 -0.016464 0.105667
v 0.084204 -0.020021 0.108704
v 0.096995 -0.017784 0.106254
v 0.125535 0.063440 0.083385
v 0.126040 0.052067 0.090914
v 0.124581 0.067071 0.097268
v 0.119778 0.075965 0.089412
v 0.120605 0.074214 0.083555
v 0.126036 0.050804 0.085431
v 0.126132 0.055261 0.097731
v 0.119852 0.075950 0.095703
v 0.047765 0.046695 0.112582
v 0.050774 0.037750 0.120774
v 0.051381 0.050097 0.125958
v 0.050894 0.057842 0.118280
v 0.049177 0.037459 0.114400
v 0.051592 0.039775 0.127135
v 0.052498 0.058235 0.124371
v 0.048605 0.055573 0.112580
v 0.084826 -0.037973 0.098154
v 0.097713 -0.035886 0.095837
v 0.108771 -0.030661 0.090564
v 0.118083 -0.022556 0.083919
v 0.107598 0.094554 0.068909
v 0.104403 0.093629 0.078811
v 0.101880 0.092095 0.088969
v 0.101002 0.090807 0.098604
v 0.099487 0.091222 0.106395
v 0.091972 0.098352 0.107054
v 0.080848 0.103067 0.107912
v 0.069379 0.097789 0.108009
v 0.062658 0.088607 0.100396
v 0.061200 0.088811 0.090710
v 0.059613 0.090718 0.080329
v 0.057527 0.093139 0.069729
v 0.064009 0.089235 0.107577
v -0.060059 0.079899 0.128609
v -0.067787 0.093337 0.128269
v -0.052022 0.052816 0.133633
v -0.055160 0.032713 0.134222
v -0.049499 0.048235 0.119148
v -0.053833 0.027749 0.122630
v -0.067905 0.094595 0.116888
v -0.060080 0.081282 0.114756
v -0.053418 0.076229 0.092627
v -0.067513 0.101452 0.090198
v -0.046885 0.023802 0.099846
v -0.042917 0.043669 0.095935
v -0.057036 0.004396 0.103957
v -0.063856 0.017759 0.137488
v -0.060032 0.013998 0.126381
v -0.100865 0.011693 0.137175
v -0.100076 0.006905 0.126935
v -0.114927 0.033040 0.121389
v -0.089025 0.006041 0.139061
v -0.087193 0.001399 0.129476
v -0.099351 -0.008581 0.108841
v -0.084480 -0.011841 0.113246
v -0.117362 0.020126 0.098266
v -0.122407 0.038497 0.093577
v -0.112172 0.083165 0.089352
v -0.124922 0.065307 0.090062
v -0.117763 0.071531 0.130994
v -0.119406 0.070228 0.117606
v -0.106427 0.085202 0.114042
v -0.105741 0.084261 0.129016
v -0.120414 0.050848 0.119382
v -0.093319 0.096054 0.116470
v -0.094038 0.095646 0.128462
v -0.091479 0.102286 0.089147
v -0.083767 -0.028970 0.103617
v -0.096722 -0.026414 0.101213
v -0.106806 -0.020929 0.096523
v -0.080879 0.100636 0.128137
v -0.080532 0.101374 0.117028
v -0.079140 0.107149 0.089902
v -0.070648 -0.026023 0.100428
v -0.069505 -0.007816 0.111256
v -0.071589 0.003110 0.129594
v -0.074579 0.006834 0.139877
v -0.110802 0.004156 0.103573
v -0.108973 0.017879 0.123739
v -0.046895 0.061214 0.094394
v -0.053154 0.067175 0.117227
v -0.054511 0.065976 0.129353
v -0.049838 0.028067 0.110553
v -0.057471 0.010170 0.115093
v -0.069536 -0.001653 0.119694
v -0.085337 -0.004068 0.120314
v -0.099247 0.000637 0.117160
v -0.109791 0.011546 0.113097
v -0.115956 0.027517 0.109171
v -0.123329 0.046868 0.105363
v -0.122611 0.068038 0.105631
v -0.112815 0.082168 0.100596
v -0.091312 0.100222 0.098270
v -0.079879 0.104935 0.099125
v -0.068531 0.099645 0.099448
v -0.055745 0.076988 0.103636
v -0.049015 0.061646 0.106670
v -0.045259 0.045263 0.105789
v -0.104658 -0.013133 0.102268
v -0.112802 -0.002466 0.096279
v -0.119646 0.013713 0.089837
v -0.123681 0.037186 0.083331
v -0.125143 0.060146 0.078030
v -0.116101 0.080023 0.079474
v -0.092584 0.104600 0.079197
v -0.078898 0.109737 0.079817
v -0.066429 0.104083 0.080108
v -0.051820 0.076775 0.081687
v -0.046537 0.060804 0.083401
v -0.042782 0.041788 0.085634
v -0.046051 0.021576 0.089447
v -0.070169 -0.016461 0.105655
v -0.083762 -0.020018 0.108691
v -0.096553 -0.017781 0.106242
v -0.060115 0.080461 0.142716
v -0.056107 0.068427 0.143991
v -0.054064 0.056153 0.145765
v -0.057544 0.035234 0.148620
v -0.066788 0.019916 0.150194
v -0.125094 0.063446 0.083385
v -0.125599 0.052072 0.090912
v -0.124140 0.067075 0.097269
v -0.119338 0.075971 0.089414
v -0.120164 0.074220 0.083556
v -0.125596 0.050810 0.085429
v -0.125691 0.055265 0.097730
v -0.119411 0.075954 0.095705
v -0.047324 0.046698 0.112581
v -0.050334 0.037752 0.120771
v -0.050941 0.050098 0.125958
v -0.050454 0.057844 0.118282
v -0.048737 0.037461 0.114398
v -0.051152 0.039776 0.127133
v -0.052058 0.058236 0.124373
v -0.048166 0.055576 0.112581
v -0.103962 0.093634 0.078813
v -0.101439 0.092099 0.088972
v -0.100563 0.090812 0.098609
v -0.099048 0.091225 0.106401
v -0.091532 0.098355 0.107061
v -0.080410 0.103071 0.107920
v -0.068939 0.097792 0.108017
v -0.062218 0.088612 0.100403
v -0.060760 0.088818 0.090717
v -0.059172 0.090725 0.080335
v -0.063570 0.089239 0.107584
v 0.000162 -0.041020 1.415428
v 0.000206 -0.028075 1.436333
v 0.000227 -0.022594 1.450460
v 0.000240 -0.013866 1.462124
v 0.000192 -0.033860 1.425399
v 0.033339 -0.040385 1.424022
v 0.049046 -0.038996 1.429220
v 0.078286 -0.032815 1.434506
v 0.035086 -0.027846 1.456486
v 0.041538 -0.033317 1.442317
v 0.071842 -0.027478 1.446877
v 0.064920 -0.023936 1.460463
v 0.017817 -0.027401 1.453541
v 0.022352 -0.032716 1.436709
v 0.088955 -0.015302 1.465111
v 0.089554 0.001074 1.474970
v 0.099255 0.009994 1.478287
v 0.108038 0.019053 1.485514
v 0.114322 0.029872 1.494245
v 0.057364 -0.016694 1.469743
v 0.079576 -0.006496 1.472439
v 0.030112 -0.019697 1.467322
v 0.015199 -0.018444 1.465427
v 0.018889 -0.042503 1.418355
v 0.014846 -0.035591 1.426334
v -0.088515 -0.015329 1.465120
v -0.064477 -0.024093 1.460472
v -0.071372 -0.027550 1.446933
v -0.079131 -0.006534 1.472439
v -0.056921 -0.016804 1.469744
v -0.098810 0.009990 1.478287
v -0.107594 0.019055 1.485515
v -0.089109 0.001063 1.474971
v -0.029666 -0.019934 1.467324
v -0.034642 -0.028083 1.456493
v -0.014753 -0.018671 1.465432
v -0.017374 -0.027564 1.453553
v -0.041094 -0.033474 1.442340
v -0.048671 -0.039038 1.429209
v -0.021942 -0.032806 1.436715
v -0.032902 -0.040405 1.424027
v -0.018489 -0.042519 1.418362
v -0.014451 -0.035629 1.426335
v 0.063802 -0.036610 1.432585
v 0.057483 -0.030911 1.444975
v 0.050765 -0.025893 1.458083
v 0.044343 -0.019084 1.468540
v -0.063406 -0.036646 1.432582
v -0.057044 -0.031104 1.445004
v -0.050322 -0.026131 1.458088
v -0.043899 -0.019247 1.468540
v 0.084687 -0.023696 1.448953
v 0.077090 -0.020368 1.462680
v 0.068920 -0.012379 1.470785
v -0.084231 -0.023680 1.449012
v -0.076647 -0.020460 1.462693
v -0.068475 -0.012455 1.470785
v 0.165822 0.118981 0.918972
v 0.178055 0.122702 0.919478
v 0.190524 0.119857 0.919254
v 0.200530 0.111485 0.918351
v 0.206972 0.099923 0.917410
v 0.000221 0.000855 1.493076
v 0.000228 -0.001203 1.482974
v 0.065809 0.017535 1.497066
v 0.023911 -0.005698 1.493729
v 0.059043 0.010656 1.494623
v 0.079808 0.022398 1.491803
v 0.072470 0.014451 1.487932
v 0.025243 -0.008284 1.484642
v 0.087055 0.030933 1.497320
v 0.064459 0.007819 1.484887
v 0.046511 -0.002138 1.482543
v 0.042882 0.000786 1.492992
v 0.012850 -0.001762 1.493319
v 0.013608 -0.005088 1.484103
v -0.079365 0.022420 1.491803
v -0.086612 0.030951 1.497319
v -0.072025 0.014457 1.487932
v -0.065364 0.017532 1.497066
v -0.058599 0.010644 1.494623
v -0.064015 0.007809 1.484887
v -0.046067 -0.002201 1.482542
v -0.042438 0.000746 1.492991
v -0.012394 -0.001986 1.493324
v -0.023467 -0.005856 1.493728
v -0.024796 -0.008480 1.484645
v -0.013159 -0.005332 1.484106
v 0.036072 -0.005421 1.483245
v 0.034215 -0.003869 1.493276
v -0.035627 -0.005531 1.483245
v -0.033774 -0.003944 1.493271
v 0.055681 0.002414 1.482976
v 0.051075 0.005184 1.493258
v -0.055237 0.002378 1.482975
v -0.050632 0.005155 1.493258
v 0.103619 0.034625 1.499587
v 0.096489 0.026287 1.490924
v 0.088891 0.017094 1.485411
v 0.080444 0.009032 1.481184
v 0.071446 0.002131 1.477952
v 0.061719 -0.003481 1.475683
v 0.051260 -0.007904 1.475033
v 0.039492 -0.010183 1.474719
v 0.026875 -0.010877 1.475178
v 0.014115 -0.010693 1.475177
v 0.000234 -0.006262 1.472581
v -0.013669 -0.010936 1.475169
v -0.026430 -0.011094 1.475179
v -0.039047 -0.010345 1.474719
v -0.050817 -0.007997 1.475033
v -0.061275 -0.003541 1.475683
v -0.071002 0.002096 1.477952
v -0.079999 0.009028 1.481184
v -0.088448 0.017113 1.485411
v -0.096046 0.026309 1.490924
v -0.103175 0.034630 1.499587
v 0.000169 0.071387 1.496724
v 0.041479 0.049145 1.487446
v 0.029797 0.032938 1.476330
v 0.068334 0.013419 1.499747
v 0.094529 0.005603 1.490396
v -0.000971 0.008796 1.457516
v 0.014974 0.018151 1.466827
v 0.024875 -0.036285 1.448907
v 0.000584 0.178832 1.440384
v 0.000583 0.187392 1.360851
v 0.002273 -0.068191 1.386521
v 0.001940 -0.087876 1.340153
v 0.001914 -0.097558 1.292290
v 0.035790 -0.099365 1.291714
v 0.035673 -0.090301 1.340561
v 0.042288 -0.047313 1.425514
v 0.072990 -0.024003 1.460831
v 0.072794 -0.090158 1.293447
v 0.001267 -0.099823 1.237025
v 0.034624 -0.101948 1.240225
v 0.003320 -0.095745 1.179508
v 0.034521 -0.088448 1.179697
v 0.003578 -0.092082 1.119022
v 0.067393 -0.087378 1.176520
v 0.069578 -0.088756 1.240637
v 0.160059 -0.024561 1.346922
v 0.108322 -0.072767 1.295304
v 0.169068 0.069180 1.293694
v 0.162648 0.072835 1.345285
v 0.164002 0.015487 1.369468
v 0.163896 0.110621 1.295582
v 0.136920 0.095553 1.139520
v 0.033236 0.155342 1.178434
v 0.032423 0.160124 1.216128
v 0.000122 0.158378 1.176483
v 0.032472 0.152260 1.113417
v -0.000147 0.155274 1.088999
v -0.000378 0.163899 1.213552
v 0.035512 0.169603 1.262959
v 0.000683 0.174057 1.261152
v 0.041026 0.189838 1.360712
v 0.125415 0.185496 1.369859
v 0.000442 0.157473 1.068207
v 0.003778 0.164074 1.021306
v 0.047548 0.155045 1.067696
v 0.051299 0.156803 1.020194
v 0.145638 0.094146 1.069241
v 0.164485 0.103654 1.023519
v 0.180362 0.111135 0.968065
v 0.054575 0.166394 0.959789
v 0.184557 0.064504 1.017043
v 0.199760 0.074175 0.966133
v 0.145939 -0.056223 1.046529
v 0.102977 -0.072903 1.112983
v 0.095603 -0.066373 1.171239
v 0.102002 -0.072633 1.240343
v 0.159504 0.103023 1.351700
v 0.176916 0.102655 1.358623
v 0.174892 0.076049 1.361551
v 0.130494 0.105477 1.362657
v 0.175419 0.077633 1.355931
v 0.157443 0.034631 1.375535
v 0.181858 0.034282 1.378321
v 0.094347 0.072442 1.307596
v 0.122307 0.041101 1.302596
v 0.205175 0.001328 1.413389
v 0.201981 0.008778 1.396409
v 0.216985 0.008741 1.433553
v 0.228429 0.007844 1.419486
v 0.186312 -0.009831 1.423333
v 0.200551 -0.003322 1.444671
v 0.228454 0.018244 1.451212
v 0.211881 0.010132 1.463954
v 0.241955 0.025756 1.438414
v 0.163850 0.010307 1.302655
v 0.192774 0.012142 1.301606
v 0.161882 -0.026347 1.427572
v 0.095472 0.101745 1.307005
v 0.138992 0.152255 1.367369
v 0.136268 0.151191 1.306356
v 0.092027 0.067858 1.268485
v 0.091288 0.095851 1.268317
v 0.132494 0.148361 1.268480
v 0.205246 0.161192 1.386514
v 0.193663 0.161586 1.304392
v 0.184430 0.156071 1.382300
v 0.211262 0.165182 1.423446
v 0.117892 0.037496 1.267693
v 0.163578 0.013468 1.263430
v 0.116601 0.034610 1.227938
v 0.190163 0.013186 1.263441
v 0.092634 0.063532 1.229152
v 0.096859 0.065249 1.228738
v 0.090440 0.091375 1.229095
v 0.094135 0.090873 1.229432
v 0.171259 0.159713 1.388585
v 0.172312 0.179104 1.450627
v 0.196008 0.170699 1.438184
v 0.157976 0.172972 1.376726
v 0.128912 0.181857 1.452040
v 0.200963 0.125348 1.495798
v 0.042228 0.181564 1.442888
v 0.200200 0.040564 1.495974
v 0.227457 0.127391 1.470450
v 0.239251 0.123806 1.451297
v 0.230379 0.084349 1.477347
v 0.242083 0.089372 1.455478
v 0.239162 0.047688 1.456100
v 0.225284 0.042715 1.477793
v 0.248126 0.123149 1.437898
v 0.231919 0.116234 1.302396
v 0.252059 0.091024 1.444501
v 0.237844 0.087695 1.303319
v 0.120252 -0.035460 1.424521
v 0.173739 -0.014608 1.456953
v 0.127749 -0.014259 1.460151
v 0.188327 0.003632 1.475965
v 0.138670 0.005456 1.486201
v 0.187240 -0.027044 0.887585
v 0.000231 0.052470 1.021200
v 0.188487 0.075446 0.897586
v 0.195330 0.075234 0.899554
v 0.190442 -0.029160 0.889061
v 0.173144 0.105421 0.899436
v 0.178194 0.109002 0.901209
v 0.053690 0.174844 0.901524
v 0.054056 0.177623 0.901544
v 0.002943 0.174216 0.902598
v 0.003235 0.178473 0.902834
v 0.001050 0.168596 0.959611
v 0.169467 -0.062172 0.936846
v 0.128344 -0.099981 0.884006
v 0.000900 -0.124637 0.883519
v 0.003038 -0.118543 0.932109
v 0.003947 -0.103256 0.984293
v 0.004049 -0.092423 1.045733
v -0.000913 -0.117450 0.884712
v 0.051091 -0.107060 0.883816
v 0.126307 -0.094969 0.883966
v 0.080547 -0.086193 1.044577
v 0.068738 -0.079806 1.116995
v 0.159205 -0.061106 0.994186
v 0.052145 -0.013933 1.476577
v 0.219601 0.026315 1.302716
v 0.215673 0.027195 1.264830
v 0.230629 0.054915 1.265049
v 0.233814 0.056655 1.303928
v 0.234965 0.086068 1.263820
v 0.250415 0.050259 1.443730
v 0.217358 0.060994 1.277363
v 0.222374 0.085047 1.276835
v 0.208245 0.043520 1.277251
v 0.184571 0.031203 1.276230
v 0.160117 0.030357 1.276225
v 0.122293 0.046822 1.278664
v 0.218084 0.109804 1.275560
v 0.129098 0.143121 1.226608
v 0.178512 0.142010 1.274417
v 0.229719 0.116249 1.262460
v 0.187954 0.155577 1.264365
v 0.110072 0.072956 1.279045
v 0.109615 0.093744 1.278894
v -0.000244 -0.047615 1.425537
v 0.160753 0.158676 1.266315
v 0.166225 0.160564 1.305592
v 0.180419 0.164306 1.377440
v 0.196274 0.164491 1.404055
v 0.183826 0.170308 1.414143
v 0.159712 0.180108 1.419576
v 0.125509 0.188313 1.408461
v 0.041976 0.189497 1.399608
v 0.001020 0.185693 1.400358
v 0.132590 -0.082836 0.986222
v 0.144423 -0.087414 0.935505
v 0.156863 -0.082596 0.887124
v 0.193679 -0.007291 0.945229
v 0.198929 0.006156 0.891422
v 0.087838 0.139206 1.071599
v 0.097497 0.146634 1.021463
v 0.104968 0.158409 0.960506
v 0.101563 0.162040 0.900057
v 0.100778 0.159130 0.900594
v 0.117826 -0.074682 1.042100
v 0.154943 -0.030643 1.048141
v 0.166521 0.004182 1.052428
v 0.169249 0.003972 1.051314
v 0.189510 0.035551 1.010743
v 0.166657 0.058626 1.055166
v 0.121902 -0.049458 1.114129
v 0.128056 -0.044033 1.173260
v 0.124870 -0.042085 1.236620
v 0.139860 -0.046906 1.295851
v 0.156200 0.058392 1.130806
v 0.212277 0.144407 1.263895
v 0.215320 0.145915 1.303680
v 0.233079 0.149638 1.410637
v 0.226948 0.149481 1.439790
v 0.213881 0.158642 1.458170
v 0.186794 0.163342 1.478018
v 0.140398 0.165846 1.489054
v 0.041616 0.166592 1.479878
v 0.001190 0.164135 1.477248
v 0.203761 0.134832 1.275085
v 0.080576 -0.042257 1.425077
v 0.101948 0.047222 1.229276
v 0.101666 0.051054 1.267820
v 0.106963 0.055480 1.303761
v 0.185082 0.053433 1.361593
v 0.175804 0.053992 1.367014
v 0.165989 0.043918 1.349389
v 0.168034 0.026977 1.300759
v 0.155046 0.023173 1.257509
v 0.156177 0.008436 1.222588
v 0.146327 0.009431 1.169132
v 0.158131 0.000885 1.117844
v 0.135179 0.021696 1.266791
v 0.135884 0.021669 1.301957
v 0.175606 0.016201 1.383178
v 0.192218 0.015627 1.392651
v 0.106623 0.123297 1.227738
v 0.108529 0.123692 1.266802
v 0.110337 0.131561 1.305193
v 0.149652 0.130020 1.363568
v 0.183754 0.133885 1.366831
v 0.162138 0.141674 1.367538
v 0.153302 0.154791 1.331554
v 0.107075 0.124870 1.181736
v 0.114640 0.120067 1.141570
v 0.121058 0.118819 1.073287
v 0.136503 0.129949 1.024080
v 0.151265 0.139979 0.964077
v 0.144139 0.141000 0.899902
v 0.103838 0.050995 1.229172
v 0.113658 0.057704 1.279332
v 0.136518 0.037719 1.276148
v 0.110241 0.121146 1.227665
v 0.240827 0.055015 1.351083
v 0.226111 0.027753 1.352811
v 0.201070 0.012772 1.349538
v 0.172370 0.011099 1.347249
v 0.144923 0.023939 1.345086
v 0.126462 0.037925 1.345231
v 0.127800 0.057695 1.344532
v 0.106036 0.076351 1.343784
v 0.093833 0.104869 1.341578
v 0.112303 0.133206 1.338600
v 0.135541 0.148991 1.339951
v 0.168837 0.166775 1.343963
v 0.194663 0.159561 1.344193
v 0.219362 0.146950 1.347450
v 0.234473 0.118100 1.343900
v 0.241946 0.089208 1.346941
v 0.152821 0.141000 1.276245
v 0.115170 0.114046 1.277644
v 0.130435 0.130632 1.276212
v 0.167960 0.058015 1.054035
v 0.182454 0.067961 1.018425
v 0.197712 0.076220 0.965843
v 0.141464 0.138220 0.899666
v 0.160378 -0.029374 1.049088
v 0.187660 -0.004633 1.003313
v 0.203998 0.042495 0.961237
v 0.200119 0.045270 0.896289
v -0.039291 0.049610 1.490204
v -0.029290 0.037268 1.475917
v -0.071568 0.009143 1.495428
v -0.101874 0.005316 1.487217
v -0.013812 0.020269 1.462760
v -0.029293 -0.036141 1.446174
v -0.035737 -0.098910 1.292612
v -0.036890 -0.050918 1.418832
v -0.078111 -0.026530 1.456688
v -0.078566 -0.088412 1.291988
v -0.041543 -0.096536 1.183234
v -0.026284 -0.088123 1.118997
v -0.075137 -0.075411 1.181629
v -0.077154 -0.084591 1.238380
v -0.110563 -0.069147 1.292390
v -0.165113 0.079149 1.256579
v -0.171391 0.081923 1.294014
v -0.178061 0.085956 1.338377
v -0.167191 0.018535 1.375629
v -0.135015 0.131652 1.263273
v -0.162189 0.132517 1.301595
v -0.147533 0.063712 1.215611
v -0.132246 0.116241 1.212420
v -0.145215 0.059421 1.171378
v -0.125040 0.118823 1.175339
v -0.027718 0.157371 1.175850
v -0.027327 0.160555 1.212280
v -0.028694 0.144375 1.135069
v -0.028522 0.169303 1.262458
v -0.035245 0.187837 1.360912
v -0.035840 0.153498 1.070862
v -0.041653 0.154987 1.018943
v -0.046988 0.165593 0.960415
v -0.147700 -0.048706 1.051314
v -0.107898 -0.058841 1.127615
v -0.108198 -0.066124 1.187812
v -0.104938 -0.065608 1.235737
v -0.171452 0.117974 1.344071
v -0.164868 0.116072 1.361657
v -0.164722 0.084001 1.359960
v -0.152325 0.114858 1.357874
v -0.177813 0.085651 1.354287
v -0.155950 0.040708 1.372257
v -0.179601 0.035610 1.377947
v -0.095050 0.081330 1.289954
v -0.117049 0.038414 1.288730
v -0.200398 0.005960 1.413449
v -0.190536 0.016113 1.385529
v -0.210758 0.000378 1.435752
v -0.224606 0.012214 1.408505
v -0.181275 -0.004620 1.422489
v -0.195060 -0.003366 1.445443
v -0.221709 0.016550 1.454717
v -0.209212 0.008907 1.466825
v -0.242522 0.026738 1.427882
v -0.163312 0.011994 1.286186
v -0.191116 0.014829 1.285132
v -0.164116 -0.024255 1.423606
v -0.103106 0.109056 1.292026
v -0.154764 0.161224 1.370017
v -0.144602 0.152646 1.294970
v -0.091214 0.075183 1.248474
v -0.097939 0.104316 1.248141
v -0.137832 0.149824 1.249823
v -0.213602 0.163816 1.394294
v -0.191853 0.158517 1.291261
v -0.187284 0.161637 1.387179
v -0.208828 0.165569 1.427131
v -0.118099 0.034666 1.244925
v -0.163610 0.014683 1.242587
v -0.121728 0.028418 1.209443
v -0.163650 0.018011 1.204847
v -0.190237 0.017324 1.242577
v -0.191195 0.020351 1.203853
v -0.091931 0.068712 1.211784
v -0.097211 0.069543 1.211138
v -0.123977 0.030857 1.210093
v -0.091297 0.098411 1.211689
v -0.097512 0.097844 1.211988
v -0.169164 0.162455 1.393551
v -0.158054 0.177986 1.459698
v -0.194688 0.169670 1.442442
v -0.144178 0.179932 1.380827
v -0.121499 0.179726 1.452692
v -0.036951 0.181979 1.442247
v -0.202050 0.040041 1.496088
v -0.221310 0.128987 1.474323
v -0.235373 0.126955 1.455989
v -0.227798 0.081239 1.480793
v -0.241263 0.081140 1.463953
v -0.237013 0.042958 1.468223
v -0.222110 0.041792 1.483193
v -0.244468 0.118670 1.401320
v -0.233837 0.116187 1.290459
v -0.252058 0.081890 1.420260
v -0.239308 0.083532 1.292273
v -0.130156 -0.035675 1.418999
v -0.176300 -0.008488 1.456372
v -0.134462 -0.015667 1.457453
v -0.190972 0.005290 1.476703
v -0.145186 0.004288 1.487301
v -0.178936 -0.050471 0.888051
v -0.182700 -0.054245 0.888310
v -0.050488 0.171502 0.904345
v -0.052021 0.175907 0.904872
v -0.174571 -0.065110 0.941371
v -0.120391 -0.114193 0.935253
v -0.131537 -0.107019 0.883488
v -0.040736 -0.120191 0.931068
v -0.099554 -0.101879 0.990312
v -0.034228 -0.100606 0.986414
v -0.046666 -0.126507 0.883277
v -0.028226 -0.087409 1.045910
v -0.089745 -0.108892 0.883295
v -0.131058 -0.102252 0.884299
v -0.077796 -0.094701 1.047744
v -0.091003 -0.082421 1.122234
v -0.155458 -0.066376 0.995480
v -0.055246 -0.019360 1.472337
v -0.216726 0.031826 1.286931
v -0.214717 0.031924 1.244064
v -0.230120 0.053388 1.247123
v -0.231029 0.055094 1.290276
v -0.216467 0.034711 1.204365
v -0.231634 0.058211 1.205816
v -0.233947 0.083743 1.246262
v -0.251584 0.047854 1.426530
v -0.235482 0.087522 1.205985
v -0.227694 0.059652 1.203263
v -0.230814 0.087573 1.205121
v -0.221508 0.059126 1.271997
v -0.226554 0.083770 1.272129
v -0.214060 0.037967 1.203429
v -0.212650 0.038463 1.271953
v -0.191318 0.024447 1.203055
v -0.186044 0.025938 1.272042
v -0.164188 0.021238 1.204719
v -0.158125 0.026546 1.273615
v -0.122417 0.043145 1.280734
v -0.220956 0.114108 1.273457
v -0.222198 0.112665 1.207794
v -0.226302 0.113480 1.207855
v -0.186148 0.143614 1.208811
v -0.188472 0.148545 1.208843
v -0.131817 0.142982 1.211910
v -0.135828 0.138569 1.211885
v -0.182473 0.145782 1.276770
v -0.228111 0.113105 1.244895
v -0.186342 0.155796 1.248161
v -0.107598 0.070607 1.282696
v -0.108572 0.098090 1.283464
v -0.158763 0.151104 1.211373
v -0.161705 0.156886 1.249059
v -0.166806 0.160370 1.293587
v -0.191660 0.167362 1.381681
v -0.192713 0.163897 1.407768
v -0.180376 0.171604 1.417111
v -0.144942 0.180933 1.419184
v -0.116796 0.186182 1.407941
v -0.036633 0.188485 1.401418
v -0.161606 0.147214 1.210493
v -0.053904 -0.091280 1.121784
v -0.055226 -0.090574 1.045641
v -0.097354 -0.088632 1.049550
v -0.128994 -0.088579 0.994017
v -0.147958 -0.094495 0.937136
v -0.160718 -0.088525 0.885772
v -0.174015 -0.042900 0.998635
v -0.194978 -0.030355 0.946676
v -0.203766 -0.012306 0.891245
v -0.058660 0.151317 1.210875
v -0.059363 0.145161 1.176988
v -0.065307 0.144192 1.135365
v -0.077235 0.142521 1.070579
v -0.083231 0.141148 1.018912
v -0.100557 0.154122 0.960672
v -0.103440 0.164726 0.904134
v -0.099431 0.158934 0.905049
v -0.112516 -0.078055 1.047645
v -0.143442 -0.046533 1.050587
v -0.129114 -0.032317 1.118141
v -0.135632 -0.013745 1.175403
v -0.141581 -0.012856 1.223406
v -0.148455 -0.010070 1.270417
v -0.208542 0.134880 1.209387
v -0.213158 0.137761 1.247033
v -0.219552 0.141468 1.291780
v -0.227838 0.144206 1.384184
v -0.224464 0.152870 1.443359
v -0.210209 0.158341 1.459119
v -0.170151 0.164110 1.485066
v -0.128896 0.163340 1.488416
v -0.035260 0.165418 1.478675
v -0.205941 0.130887 1.208642
v -0.205719 0.135978 1.274615
v -0.083195 -0.045827 1.420272
v -0.102368 0.045283 1.210588
v -0.102822 0.044070 1.245689
v -0.104122 0.051862 1.290284
v -0.185481 0.059435 1.359041
v -0.170645 0.058310 1.367880
v -0.169463 0.048876 1.353942
v -0.171838 0.041977 1.303576
v -0.161498 0.034529 1.259739
v -0.150835 0.026319 1.219745
v -0.145394 0.017515 1.172651
v -0.151826 0.009841 1.117618
v -0.141377 0.021240 1.206604
v -0.137968 0.022858 1.243503
v -0.137250 0.020783 1.287506
v -0.177550 0.022169 1.379928
v -0.190731 0.017340 1.394153
v -0.109392 0.129017 1.211338
v -0.112524 0.128862 1.249527
v -0.118000 0.131533 1.293424
v -0.157653 0.137476 1.364044
v -0.176632 0.139755 1.366879
v -0.161200 0.143334 1.368266
v -0.143836 0.167068 1.334667
v -0.094925 0.141471 1.211501
v -0.092911 0.131248 1.175572
v -0.103832 0.122825 1.121881
v -0.105644 0.048255 1.210116
v -0.112626 0.052685 1.282023
v -0.143638 0.024106 1.206057
v -0.136356 0.037335 1.276276
v -0.115483 0.126017 1.211830
v -0.243640 0.054906 1.352973
v -0.227769 0.030906 1.344330
v -0.202949 0.015060 1.341529
v -0.165454 0.015242 1.330809
v -0.147274 0.020775 1.334022
v -0.121301 0.037946 1.333497
v -0.135515 0.056806 1.335372
v -0.121463 0.084385 1.333327
v -0.106317 0.113457 1.331057
v -0.124321 0.137653 1.329941
v -0.150087 0.153460 1.331832
v -0.171774 0.165964 1.335452
v -0.196517 0.160007 1.335371
v -0.222648 0.141969 1.334331
v -0.239243 0.117912 1.338592
v -0.249881 0.085604 1.355976
v -0.159592 0.145107 1.279760
v -0.114730 0.119960 1.284241
v -0.135971 0.134541 1.281804
v -0.160299 -0.015312 1.053281
v -0.186947 -0.003049 1.003933
v -0.205718 0.011022 0.952690
v -0.152823 -0.013616 1.051733
v -0.069859 -0.104081 0.989544
v -0.083317 -0.117484 0.933228
v -0.090663 -0.114192 0.883627
v -0.035164 -0.103190 1.238121
v 0.036734 -0.085888 1.118345
v 0.042360 -0.086794 1.046256
v 0.048509 -0.098681 0.983621
v 0.050981 -0.112254 0.932386
v 0.051367 -0.113465 0.882780
v 0.093592 -0.101028 0.985224
v 0.098316 -0.111291 0.934901
v 0.089616 -0.105659 0.882960
v 0.121075 -0.074505 1.042091
v 0.137257 -0.081312 0.985690
v 0.148867 -0.085234 0.935029
v 0.173924 -0.038643 0.997769
v 0.181734 -0.035242 0.939650
v -0.133285 -0.063456 1.049435
v 0.087685 -0.099866 0.882286
v 0.153820 -0.080398 0.886905
v 0.192685 0.006901 0.889443
v 0.194435 0.045351 0.894204
v -0.197721 -0.011074 0.890723
v -0.156748 -0.083348 0.885877
v -0.046350 -0.122352 0.883305
v 0.150734 0.055582 1.091666
v 0.130434 0.086572 1.113173
v 0.109031 0.110949 1.114163
v 0.038390 0.147420 1.091372
v 0.000182 0.144839 1.134660
v 0.004272 0.151670 1.055399
v -0.037230 0.145305 1.046957
v -0.082074 0.136566 1.041740
v 0.176548 -0.057687 0.889406
v 0.173697 -0.055735 0.888418
v -0.131484 -0.061799 1.050059
v -0.139445 -0.038757 1.148320
v -0.056725 -0.089818 1.238051
v -0.122533 -0.070180 1.083923
v -0.134603 -0.048711 1.082055
v -0.143425 -0.024042 1.083312
v -0.133892 -0.042256 1.066611
v -0.143393 -0.018157 1.065737
v -0.099116 0.127846 1.147289
v -0.117157 0.183959 1.368851
v -0.106646 0.161765 1.265402
v -0.120737 0.136475 1.212008
v -0.130346 0.089609 1.171481
v -0.143303 0.010159 1.135170
v -0.151989 0.011874 1.154655
v -0.077528 0.167344 1.482091
v -0.076697 0.181728 1.446260
v -0.077162 0.191242 1.403465
v -0.076249 0.189578 1.364008
v -0.062785 0.165984 1.263865
v -0.080031 0.145164 1.056869
v 0.085081 0.166644 1.485510
v 0.084727 0.183335 1.446172
v 0.084330 0.191304 1.402867
v 0.082237 0.188820 1.364332
v 0.075779 0.165711 1.267195
v 0.071335 0.149250 1.218765
v 0.071858 0.142312 1.180025
v 0.075637 0.144309 1.139439
v 0.079340 0.132166 1.108859
v 0.121229 0.153948 1.268733
v 0.141529 -0.052866 1.043203
v -0.021142 -0.057710 1.406149
v -0.001935 -0.044499 1.425101
v 0.033525 0.147314 1.136783
v -0.112088 0.123043 1.096315
v -0.111516 0.121897 1.085604
v -0.070926 0.135070 1.103812
v -0.242910 0.050823 1.451572
v -0.246165 0.081507 1.445131
v -0.244093 0.120920 1.440145
v -0.235298 0.145389 1.426477
v -0.243151 0.122053 1.445014
v -0.245917 0.079535 1.454399
v -0.240412 0.045344 1.459097
v 0.181538 0.010759 1.372420
v 0.206382 0.014451 1.370815
v 0.217165 0.006827 1.393337
v 0.238415 0.025936 1.396054
v 0.245252 0.053559 1.387996
v 0.242833 0.089006 1.373975
v 0.238693 0.117861 1.375259
v -0.146826 -0.025920 1.141030
v 0.066284 0.016285 1.498227
v 0.050363 -0.010308 1.475968
v 0.024074 -0.032192 1.450075
v -0.002023 -0.039671 1.425691
v -0.028059 -0.031936 1.446851
v -0.053277 -0.014921 1.472039
v -0.068825 0.012292 1.495098
v 0.069363 0.019657 1.490600
v 0.052449 -0.007997 1.467902
v 0.024997 -0.031118 1.442764
v -0.001922 -0.038129 1.419982
v -0.028874 -0.030377 1.439123
v -0.055121 -0.011779 1.464223
v -0.071634 0.015857 1.488058
v 0.175764 -0.003415 1.400427
v 0.156716 -0.039728 1.389232
v 0.116368 -0.059761 1.386263
v 0.077857 -0.069747 1.386648
v 0.038670 -0.069993 1.387132
v -0.036006 -0.069323 1.387084
v -0.081599 -0.066021 1.387400
v -0.124125 -0.055452 1.388990
v -0.172366 0.002502 1.402991
v 0.076211 -0.086665 1.341652
v 0.114803 -0.073927 1.341477
v -0.170615 0.003399 1.323075
v -0.118047 -0.072130 1.340791
v -0.081300 -0.086037 1.341423
v -0.035357 -0.092362 1.340122
v -0.126774 0.170111 1.327680
v -0.111254 0.174499 1.322699
v -0.072905 0.180214 1.319011
v -0.033740 0.181323 1.317797
v 0.000242 0.182242 1.315183
v 0.039670 0.181893 1.316518
v 0.080009 0.181111 1.319308
v 0.122243 0.173819 1.322782
v 0.165013 -0.006481 1.318557
v 0.151875 -0.009870 1.280549
v 0.150522 -0.016355 1.255841
v 0.146360 -0.016447 1.229610
v 0.137061 -0.016640 1.197430
v 0.138009 -0.019131 1.171811
v 0.142090 -0.024619 1.144588
v 0.142971 -0.026958 1.115284
v -0.156126 -0.033872 1.389604
v -0.146247 -0.044615 1.341571
v -0.134862 -0.043183 1.291606
v -0.126666 -0.041989 1.228761
v -0.126529 -0.045602 1.178834
v -0.127897 -0.050538 1.166294
v -0.125357 -0.048028 1.139703
v -0.122100 -0.042082 1.120439
v -0.167563 -0.018736 1.347799
v -0.214498 0.078948 1.493720
v -0.206465 0.130482 1.488655
v -0.195613 0.162292 1.471936
v -0.180658 0.176308 1.450413
v -0.167690 0.174335 1.420528
v -0.164700 0.169821 1.385174
v -0.164394 0.152327 1.343629
v 0.148393 -0.045940 1.341201
v 0.162431 0.088849 1.328580
v -0.166136 0.086063 1.335639
v -0.106146 0.089218 0.083888
v -0.112820 0.069076 0.078938
v -0.058111 0.048123 0.077184
v -0.057803 0.080548 0.083065
v -0.060049 0.090609 0.088277
v -0.065201 0.096284 0.092576
v -0.071181 0.100062 0.095283
v -0.078157 0.101973 0.096159
v -0.092370 0.100434 0.092591
v -0.099644 0.096247 0.088435
v -0.118147 0.043987 0.076904
v -0.060332 0.030272 0.077125
v -0.120594 0.015450 0.078510
v -0.117551 0.009462 0.090789
v -0.070903 -0.016944 0.080130
v -0.066998 0.001932 0.079889
v -0.093148 -0.132373 0.076952
v -0.108266 -0.130766 0.077450
v -0.108826 -0.141480 0.075556
v -0.093915 -0.143552 0.075710
v -0.109577 -0.151436 0.074649
v -0.097133 -0.153613 0.075127
v -0.123152 -0.140407 0.074108
v -0.122356 -0.150572 0.072816
v -0.123569 -0.129336 0.075896
v -0.110295 -0.160117 0.074447
v -0.100889 -0.162023 0.075227
v -0.110632 -0.166469 0.074971
v -0.104084 -0.167319 0.075164
v -0.119489 -0.159704 0.072958
v -0.117271 -0.165449 0.073717
v -0.117723 0.098190 0.084175
v -0.127809 0.073945 0.080237
v -0.037329 0.049569 0.078338
v -0.037986 0.082996 0.085203
v -0.043215 0.095945 0.088721
v -0.061069 0.113980 0.092186
v -0.073545 0.118589 0.092123
v -0.109532 0.109192 0.087160
v -0.134874 0.046120 0.078404
v -0.140601 0.013674 0.063850
v -0.038799 0.034040 0.077877
v -0.045614 0.003267 0.081639
v -0.047626 -0.014224 0.061201
v -0.051304 -0.016285 0.086088
v -0.138136 -0.004017 0.089178
v -0.138444 0.014832 0.083271
v -0.142965 -0.004001 0.064387
v -0.054507 -0.047133 0.076904
v -0.056067 -0.074004 0.070185
v -0.155677 -0.062664 0.052074
v -0.148802 -0.064711 0.069708
v -0.163680 -0.090433 0.045677
v -0.153246 -0.090889 0.063301
v -0.165225 -0.105331 0.042385
v -0.048789 -0.114054 0.048536
v -0.051996 -0.138848 0.046463
v -0.061899 -0.137652 0.061614
v -0.057710 -0.112681 0.063236
v -0.158509 -0.143451 0.042390
v -0.162451 -0.127633 0.041713
v -0.150188 -0.141502 0.058814
v -0.153275 -0.128766 0.058199
v -0.144440 -0.155828 0.060604
v -0.151851 -0.159648 0.045756
v -0.057581 -0.152158 0.045917
v -0.065047 -0.166772 0.046419
v -0.066536 -0.150181 0.061474
v -0.073235 -0.162700 0.061909
v -0.140116 -0.172240 0.050582
v -0.135028 -0.167846 0.065155
v -0.123707 -0.174544 0.067645
v -0.124261 -0.183247 0.061364
v -0.110074 -0.180156 0.069613
v -0.097916 -0.178999 0.068162
v -0.076350 -0.178224 0.049329
v -0.084167 -0.173309 0.064373
v -0.128403 0.074161 0.095173
v -0.116899 0.095876 0.101983
v -0.039794 0.081388 0.101899
v -0.037416 0.049658 0.092825
v -0.053493 0.104623 0.111185
v -0.045562 0.094937 0.107437
v -0.075194 0.114276 0.112209
v -0.062968 0.110552 0.113217
v -0.108977 0.105609 0.106573
v -0.098436 0.112026 0.109860
v -0.133023 0.047562 0.092813
v -0.038729 0.035023 0.092846
v -0.133055 0.005309 0.107276
v -0.135192 0.018625 0.099591
v -0.046905 0.009202 0.099792
v -0.055058 -0.006069 0.108821
v -0.140690 -0.096702 0.075308
v -0.123021 -0.103589 0.081946
v -0.070622 -0.112171 0.073700
v -0.075567 -0.135378 0.071982
v -0.093631 -0.108408 0.080651
v -0.138797 -0.139669 0.069142
v -0.140624 -0.128845 0.069855
v -0.134120 -0.151970 0.068466
v -0.079144 -0.146931 0.071864
v -0.084675 -0.157628 0.072100
v -0.128001 -0.162281 0.069889
v -0.120737 -0.169364 0.072773
v -0.110363 -0.173011 0.074326
v -0.100622 -0.172537 0.073913
v -0.091938 -0.166928 0.072538
v -0.062798 -0.024214 0.107813
v -0.144076 -0.037422 0.077107
v -0.130580 -0.015105 0.108255
v -0.108452 -0.106758 0.082222
v -0.154664 -0.104787 0.060719
v -0.049140 -0.099509 0.048909
v -0.057216 -0.099321 0.064825
v -0.069108 -0.098203 0.076755
v -0.049352 -0.073666 0.052704
v -0.138073 -0.067539 0.084850
v -0.067741 -0.074155 0.085036
v -0.149848 -0.035733 0.058170
v -0.062141 -0.013073 0.118039
v -0.049911 0.088473 0.131689
v -0.054107 0.084910 0.133472
v -0.048946 0.075016 0.125087
v -0.059484 0.092727 0.137674
v -0.055913 0.096849 0.136214
v -0.077315 0.108500 0.131961
v -0.065647 0.105757 0.136107
v -0.068135 0.100146 0.136852
v -0.077928 0.103145 0.134281
v -0.115670 0.089409 0.124832
v -0.108244 0.097493 0.131389
v -0.099200 0.103755 0.135370
v -0.105367 0.092450 0.133382
v -0.097048 0.098362 0.137576
v -0.111789 0.085359 0.126186
v -0.125607 0.071809 0.115218
v -0.121551 0.069644 0.116197
v -0.129913 0.025314 0.120773
v -0.131098 0.049932 0.110450
v -0.126127 0.049549 0.112153
v -0.128087 0.016060 0.128437
v -0.124630 0.026281 0.122119
v -0.122977 0.017176 0.129205
v -0.123088 -0.001403 0.136015
v -0.096111 -0.005402 0.152775
v -0.096420 -0.009168 0.152431
v -0.097627 -0.020433 0.143427
v -0.107048 -0.100279 0.087040
v -0.079666 -0.010299 0.143991
v -0.056254 0.008842 0.129754
v -0.066052 -0.000867 0.136275
v -0.059848 0.011686 0.130570
v -0.038811 0.033779 0.112542
v -0.046629 0.020901 0.119814
v -0.050364 0.022912 0.119918
v -0.037478 0.048448 0.111830
v -0.044375 0.035802 0.114344
v -0.042744 0.048735 0.114002
v -0.044517 0.077581 0.123169
v -0.060374 0.083005 0.127572
v -0.055654 0.073826 0.120029
v -0.064835 0.089311 0.131252
v -0.079697 0.097381 0.129749
v -0.071471 0.095043 0.131229
v -0.107403 0.082891 0.121127
v -0.101229 0.088555 0.128004
v -0.094357 0.092884 0.132157
v -0.116261 0.068197 0.111317
v -0.121153 0.048861 0.106958
v -0.118792 0.024845 0.113840
v -0.069733 0.009886 0.123098
v -0.059065 0.024583 0.115177
v -0.050308 0.049480 0.108968
v -0.052103 0.036943 0.108885
v -0.085208 0.102318 0.095237
v -0.086652 0.095990 0.131011
v -0.087188 0.102594 0.135931
v -0.088325 0.107993 0.133829
v -0.086294 0.114448 0.111972
v -0.097808 0.116207 0.089580
v -0.129842 0.049305 0.103767
v -0.129611 0.013309 0.122767
v -0.131282 0.022592 0.114554
v -0.055712 0.004197 0.123521
v -0.062438 -0.003151 0.128684
v -0.046843 0.018213 0.113207
v -0.037571 0.048553 0.105561
v -0.037912 0.034365 0.105887
v -0.044873 0.079858 0.117149
v -0.056041 0.099678 0.129218
v -0.049996 0.091911 0.125098
v -0.077244 0.109519 0.125972
v -0.066022 0.106347 0.128619
v -0.098280 0.105314 0.129457
v -0.087728 0.107170 0.127161
v -0.114867 0.092380 0.118611
v -0.107554 0.100347 0.125803
v -0.123356 0.073051 0.108325
v -0.049263 -0.045481 0.057476
v -0.065326 -0.048593 0.094565
v -0.134606 -0.040855 0.094075
v -0.119389 0.007740 0.134742
v -0.068072 0.002971 0.135096
v -0.095709 -0.000339 0.149868
v -0.080685 -0.006484 0.147675
v -0.082859 -0.000633 0.146688
v -0.111663 -0.005707 0.146578
v -0.109398 -0.000950 0.147930
v -0.107914 0.003198 0.145965
v -0.121008 0.006266 0.135175
v -0.072411 -0.001546 0.137615
v -0.073814 0.001146 0.138077
v -0.071815 0.004526 0.131997
v -0.114390 0.004277 0.140824
v -0.116027 -0.002660 0.137433
v -0.115839 0.003039 0.139775
v -0.095196 0.019751 0.079803
v -0.069177 0.010465 0.114022
v -0.069738 0.009057 0.108068
v -0.094912 0.001580 0.138352
v -0.095149 0.002675 0.145216
v -0.087076 0.001918 0.136535
v -0.084339 0.002228 0.142371
v -0.102722 0.006798 0.136068
v -0.105730 0.005943 0.142665
v -0.079185 0.006428 0.123781
v -0.076244 0.007107 0.130248
v -0.082248 0.003876 0.129262
v -0.078659 0.004208 0.134878
v -0.105516 0.010746 0.130918
v -0.109096 0.009900 0.137202
v -0.112031 0.012764 0.128592
v -0.107041 0.014728 0.125459
v -0.076689 0.010432 0.111438
v -0.073956 0.011400 0.122185
v -0.073155 0.013785 0.115468
v -0.108026 0.017294 0.117046
v -0.109224 0.016711 0.108657
v -0.117255 0.015027 0.115711
v -0.116295 0.012578 0.123333
v -0.117812 0.013152 0.109478
v -0.115414 0.007390 0.097959
v -0.076979 0.000870 0.099296
v -0.073881 0.011484 0.109209
v -0.115197 0.009743 0.130718
v -0.113985 0.016508 0.108803
v -0.113220 0.017003 0.122120
v -0.113592 0.017415 0.114625
v -0.127521 0.073457 0.061476
v -0.117313 0.100724 0.065061
v -0.038044 0.084086 0.067146
v -0.037216 0.048653 0.062020
v -0.042380 0.097942 0.070473
v -0.059673 0.115317 0.073640
v -0.072751 0.120573 0.073836
v -0.108423 0.112375 0.066681
v -0.095587 0.119374 0.070442
v -0.135457 0.045621 0.061747
v -0.038764 0.033023 0.061338
v -0.044324 0.001876 0.061390
v -0.160217 -0.061994 0.032015
v -0.158370 -0.061601 0.032966
v -0.164484 -0.089993 0.030616
v -0.165725 -0.090657 0.029136
v -0.166022 -0.104848 0.029606
v -0.167432 -0.105782 0.028305
v -0.163433 -0.125436 0.029322
v -0.164992 -0.126838 0.027949
v -0.158081 -0.141643 0.030215
v -0.159285 -0.143329 0.029405
v -0.150810 -0.157717 0.034682
v -0.151591 -0.159724 0.033950
v -0.139133 -0.171363 0.039612
v -0.140658 -0.172716 0.039521
v -0.121389 -0.185680 0.056885
v -0.123964 -0.185417 0.052311
v -0.095221 -0.188312 0.054705
v -0.092887 -0.188519 0.049199
v -0.077051 -0.176590 0.041145
v -0.076411 -0.179358 0.038132
v -0.065670 -0.164693 0.034921
v -0.064569 -0.166978 0.031971
v -0.056104 -0.151084 0.032068
v -0.054691 -0.152904 0.029350
v -0.048500 -0.137130 0.031461
v -0.047219 -0.138838 0.028703
v -0.046104 -0.111308 0.031892
v -0.044612 -0.112447 0.029178
v -0.046395 -0.098016 0.031569
v -0.044354 -0.098905 0.028927
v -0.047996 -0.074137 0.034355
v -0.045573 -0.074788 0.031688
v -0.116833 0.100011 0.048024
v -0.118133 0.101877 0.047313
v -0.108092 0.113479 0.049173
v -0.108008 0.111388 0.050603
v -0.095243 0.120123 0.051985
v -0.095575 0.117644 0.053266
v -0.072270 0.121717 0.054288
v -0.072778 0.119157 0.055362
v -0.059147 0.117118 0.054420
v -0.059550 0.114531 0.055140
v -0.041141 0.099352 0.051439
v -0.043134 0.097906 0.052060
v -0.036232 0.084981 0.048260
v -0.038645 0.083931 0.049202
v -0.034761 0.050036 0.045010
v -0.037264 0.049209 0.046145
v -0.154236 -0.036973 0.037345
v -0.152536 -0.036916 0.038017
v -0.149408 -0.019809 0.040009
v -0.127634 0.071870 0.046130
v -0.128656 0.073408 0.045009
v -0.135761 0.045159 0.044444
v -0.136892 0.046375 0.043199
v -0.144490 -0.003111 0.041818
v -0.143351 -0.004171 0.042646
v -0.049510 -0.043896 0.035257
v -0.050015 -0.044539 0.037900
v -0.050099 -0.026753 0.039844
v -0.049079 -0.026898 0.037253
v -0.049968 -0.012043 0.039822
v -0.048978 -0.010812 0.037480
v -0.045039 0.001237 0.040083
v -0.045631 0.000486 0.042070
v -0.037055 0.032505 0.043210
v -0.039343 0.031719 0.044388
v -0.141170 0.014643 0.043128
v -0.140241 0.013675 0.044521
v -0.119762 -0.184355 0.061280
v -0.108039 -0.184419 0.065912
v -0.098614 -0.185325 0.063440
v -0.085234 -0.184437 0.043670
v -0.113345 -0.183427 0.066269
v -0.117963 -0.182830 0.065217
v -0.104452 -0.184901 0.065716
v -0.131940 -0.179068 0.045300
v -0.133934 -0.180082 0.046159
v -0.129063 -0.179898 0.057907
v -0.126982 -0.183943 0.049927
v -0.155155 -0.036647 0.014190
v -0.148006 -0.017955 0.020336
v -0.139780 -0.018938 0.015564
v -0.150294 -0.037619 0.012061
v -0.158085 -0.055422 0.010330
v -0.076269 -0.180635 0.029827
v -0.141280 -0.174633 0.030261
v -0.153060 -0.159708 0.019207
v -0.062633 -0.169173 0.020001
v -0.052632 -0.152390 0.013419
v -0.158582 -0.147622 0.013497
v -0.165209 -0.125491 0.009245
v -0.047101 -0.136584 0.011135
v -0.044637 -0.120760 0.009646
v -0.166240 -0.104278 0.008410
v -0.165732 -0.091669 0.009008
v -0.042897 -0.098712 0.009937
v -0.045032 -0.080235 0.010131
v -0.061806 -0.036693 0.013872
v -0.094920 0.120718 0.011967
v -0.072556 0.121375 0.013300
v -0.062006 0.118786 0.012969
v -0.103559 0.116175 0.010553
v -0.046794 0.109925 0.012864
v -0.033507 0.078801 0.009004
v -0.118321 0.103421 0.010043
v -0.128468 0.074019 0.008248
v -0.035172 0.050421 0.010190
v -0.043421 0.021157 0.010344
v -0.133236 0.046701 0.007309
v -0.130795 0.034002 0.008039
v -0.034856 0.048684 0.027111
v -0.035346 0.083234 0.027851
v -0.039156 0.097802 0.030101
v -0.060465 0.117525 0.033723
v -0.072260 0.122047 0.034056
v -0.094565 0.121650 0.032507
v -0.108154 0.113612 0.028764
v -0.116997 0.102230 0.025767
v -0.143877 -0.003907 0.022816
v -0.135084 -0.006010 0.017838
v -0.127524 0.073098 0.023978
v -0.135468 0.045888 0.022937
v -0.054454 -0.025730 0.023081
v -0.051950 -0.040657 0.018394
v -0.053487 -0.011749 0.025999
v -0.037663 0.032697 0.026438
v -0.049253 0.010320 0.010129
v -0.050252 0.001449 0.024850
v -0.139938 0.014069 0.023295
v -0.127908 0.010542 0.014526
v -0.038627 0.034399 0.010141
v -0.034074 0.065900 0.046189
v -0.033865 0.065272 0.026695
v -0.033926 0.062850 0.009763
v -0.035846 0.090081 0.010922
v -0.037279 0.095633 0.011145
v -0.056962 -0.049353 0.013044
v -0.048574 -0.054686 0.015050
v -0.047523 -0.059303 0.033534
v -0.052768 -0.065353 0.008728
v -0.043842 -0.108933 0.009568
v -0.080206 -0.179506 0.029683
v -0.084419 -0.186349 0.038591
v -0.082890 0.122377 0.053455
v -0.082983 0.123877 0.033852
v -0.082185 0.123317 0.012478
v -0.111173 0.109404 0.009172
v -0.124385 0.087917 0.008192
v -0.122264 0.087765 0.024722
v -0.123401 0.087759 0.046056
v -0.121217 0.096435 0.009106
v -0.127162 0.079120 0.008143
v -0.130871 0.059919 0.008244
v -0.131505 0.059541 0.023387
v -0.132981 0.059964 0.043983
v -0.130254 0.067766 0.008229
v -0.146740 -0.031774 0.012977
v -0.152240 -0.029797 0.016937
v -0.155380 -0.049218 0.010884
v -0.162809 -0.074116 0.030806
v -0.163814 -0.078300 0.008531
v -0.161258 -0.067871 0.008722
v -0.165744 -0.115455 0.009001
v -0.166277 -0.116303 0.027912
v -0.162951 -0.136674 0.010719
v -0.146677 -0.168818 0.025625
v -0.134768 -0.180298 0.039059
v -0.137959 -0.177384 0.034428
v -0.131795 -0.182659 0.043288
v -0.066365 -0.025289 0.016108
v -0.147868 -0.115347 0.001292
v -0.149714 -0.120325 0.001987
v -0.143112 -0.115058 0.007417
v -0.146117 -0.124043 0.008230
v -0.160974 -0.108989 0.001235
v -0.160687 -0.115206 0.001563
v -0.150063 -0.125192 0.002664
v -0.151823 -0.130457 0.003880
v -0.148838 -0.133342 0.009394
v -0.161225 -0.120115 0.001888
v -0.160453 -0.125916 0.003156
v -0.152313 -0.134964 0.004815
v -0.154137 -0.140730 0.006823
v -0.151786 -0.143208 0.011994
v -0.160670 -0.130602 0.004225
v -0.159955 -0.137034 0.005887
v -0.146347 -0.138237 0.005206
v -0.148081 -0.143832 0.007082
v -0.134050 -0.146812 0.011479
v -0.136713 -0.135526 0.008658
v -0.137672 -0.145738 0.007319
v -0.138987 -0.140687 0.005590
v -0.144000 -0.153458 0.010486
v -0.142574 -0.158616 0.014072
v -0.140358 -0.149128 0.013086
v -0.137431 -0.158964 0.019277
v -0.153432 -0.151959 0.011087
v -0.152044 -0.158261 0.015420
v -0.140796 -0.163567 0.017468
v -0.138731 -0.167458 0.020630
v -0.133841 -0.165847 0.024258
v -0.149442 -0.162823 0.018642
v -0.145850 -0.167855 0.022526
v -0.133917 -0.154039 0.010336
v -0.137999 -0.154048 0.010566
v -0.130337 -0.162260 0.015762
v -0.135411 -0.162810 0.016674
v -0.129556 -0.159205 0.017263
v -0.131120 -0.169996 0.027306
v -0.121188 -0.171085 0.026511
v -0.131106 -0.170737 0.022629
v -0.125299 -0.171063 0.022480
v -0.126026 -0.175735 0.025979
v -0.123425 -0.179339 0.029414
v -0.120620 -0.176438 0.026421
v -0.117980 -0.180321 0.029946
v -0.126781 -0.170252 0.027095
v -0.122256 -0.176788 0.032830
v -0.114338 -0.178471 0.033791
v -0.129025 -0.174604 0.031059
v -0.130061 -0.175035 0.025857
v -0.128500 -0.177757 0.028345
v -0.136614 -0.170479 0.022942
v -0.134862 -0.173033 0.024967
v -0.143616 -0.171112 0.024971
v -0.141184 -0.174148 0.027557
v -0.130287 -0.179065 0.030268
v -0.137800 -0.178922 0.033594
v -0.122601 -0.181517 0.032247
v -0.116628 -0.182695 0.032696
v -0.128643 -0.177306 0.034954
v -0.120884 -0.179324 0.036204
v -0.114151 -0.179460 0.035029
v -0.135527 -0.180980 0.036195
v -0.129844 -0.181182 0.033740
v -0.121912 -0.182933 0.034260
v -0.116565 -0.183509 0.033582
v -0.133653 -0.175549 0.027193
v -0.139694 -0.176669 0.030054
v -0.130251 -0.182524 0.036121
v -0.128180 -0.183024 0.044228
v -0.133120 -0.182558 0.038314
v -0.129581 -0.184221 0.041581
v -0.120584 -0.185033 0.037158
v -0.119858 -0.187413 0.041765
v -0.118154 -0.185716 0.044951
v -0.108546 -0.187146 0.045231
v -0.107212 -0.179329 0.032442
v -0.127236 -0.183626 0.036879
v -0.126125 -0.185691 0.042674
v -0.111124 -0.188494 0.040935
v -0.110982 -0.185653 0.035633
v -0.091650 -0.174911 0.021875
v -0.093011 -0.180513 0.027378
v -0.091430 -0.170746 0.023062
v -0.092683 -0.177923 0.031066
v -0.083034 -0.177805 0.026586
v -0.087668 -0.162790 0.012605
v -0.089897 -0.169317 0.017230
v -0.087340 -0.157801 0.012781
v -0.104183 -0.170306 0.021327
v -0.077591 -0.169514 0.019442
v -0.067960 -0.173551 0.019470
v -0.073686 -0.178922 0.024834
v -0.069051 -0.173513 0.019697
v -0.059315 -0.157778 0.010360
v -0.063860 -0.166560 0.014836
v -0.070025 -0.157588 0.012446
v -0.054291 -0.141988 0.005273
v -0.057108 -0.150053 0.007082
v -0.064614 -0.140468 0.009440
v -0.083791 -0.150405 0.006730
v -0.086364 -0.157410 0.009492
v -0.082139 -0.145176 0.008454
v -0.098303 -0.154508 0.011878
v -0.084598 -0.144481 0.004370
v -0.084881 -0.145801 0.004872
v -0.087476 -0.140714 0.003589
v -0.089793 -0.148346 0.005767
v -0.075592 -0.140202 0.003924
v -0.076658 -0.148541 0.005969
v -0.082159 -0.142638 0.009060
v -0.081721 -0.134108 0.009299
v -0.089784 -0.149784 0.010065
v -0.075458 -0.135721 0.009674
v -0.076778 -0.150657 0.010038
v -0.095124 -0.140947 0.008799
v -0.066754 -0.143955 0.009741
v -0.120347 -0.170288 0.020155
v -0.119085 -0.174079 0.024334
v -0.111626 -0.177275 0.026410
v -0.113525 -0.181341 0.030716
v -0.120780 -0.165562 0.020564
v -0.119290 -0.171924 0.027529
v -0.110779 -0.172543 0.026461
v -0.125700 -0.165914 0.021789
v -0.107306 -0.180129 0.028766
v -0.123952 -0.169177 0.020052
v -0.121505 -0.172427 0.023105
v -0.107408 -0.180621 0.028709
v -0.106420 -0.175843 0.023871
v -0.122667 -0.159500 0.012052
v -0.121356 -0.165234 0.016127
v -0.109707 -0.167175 0.016360
v -0.110613 -0.172321 0.021442
v -0.123583 -0.155287 0.012109
v -0.108493 -0.164065 0.016463
v -0.100946 -0.161028 0.014228
v -0.127291 -0.161302 0.014219
v -0.125165 -0.166349 0.017312
v -0.105046 -0.171260 0.019157
v -0.103387 -0.165393 0.014528
v -0.124352 -0.146141 0.006842
v -0.123098 -0.153332 0.009261
v -0.107820 -0.155956 0.009344
v -0.108562 -0.161746 0.012868
v -0.125077 -0.140061 0.008047
v -0.106544 -0.151250 0.010921
v -0.097105 -0.147737 0.009171
v -0.130850 -0.150376 0.008542
v -0.128235 -0.155604 0.010952
v -0.101367 -0.159365 0.010613
v -0.099675 -0.153548 0.007966
v -0.122951 -0.131982 0.003135
v -0.123874 -0.139599 0.004633
v -0.105458 -0.142782 0.005185
v -0.106177 -0.150062 0.007496
v -0.123078 -0.125970 0.006247
v -0.104490 -0.138333 0.007277
v -0.093763 -0.133906 0.005863
v -0.133361 -0.137682 0.004541
v -0.131697 -0.144281 0.006501
v -0.098434 -0.146714 0.005619
v -0.096839 -0.139083 0.003531
v -0.120409 -0.112585 0.000956
v -0.120691 -0.118628 0.001369
v -0.103770 -0.122581 0.000932
v -0.104722 -0.124500 0.001441
v -0.121810 -0.108823 0.008003
v -0.121897 -0.119590 0.007652
v -0.103208 -0.120536 0.008508
v -0.104022 -0.126403 0.007778
v -0.093691 -0.127946 0.006958
v -0.092521 -0.115746 0.006871
v -0.095773 -0.126331 0.000996
v -0.095339 -0.120002 0.000225
v -0.120213 -0.098879 0.000962
v -0.120859 -0.106437 0.000683
v -0.103647 -0.109742 0.000669
v -0.104039 -0.116747 0.001412
v -0.132597 -0.111331 0.000690
v -0.135139 -0.105313 0.000564
v -0.121497 -0.094757 0.008382
v -0.102992 -0.107261 0.008537
v -0.133954 -0.114275 0.007396
v -0.138959 -0.102671 0.007533
v -0.092738 -0.102289 0.007440
v -0.140356 -0.109652 0.007337
v -0.095781 -0.114508 0.000406
v -0.095203 -0.107155 0.000080
v -0.137970 -0.110159 0.000752
v -0.134743 -0.112566 0.000852
v -0.120051 -0.084618 0.001544
v -0.120725 -0.091911 0.001404
v -0.102644 -0.095944 0.000878
v -0.102794 -0.103271 0.001049
v -0.120823 -0.081619 0.008798
v -0.102633 -0.093788 0.008805
v -0.137765 -0.090704 0.007972
v -0.092934 -0.089655 0.008308
v -0.133288 -0.090004 0.000924
v -0.134078 -0.098277 0.000712
v -0.095790 -0.100905 0.000724
v -0.095500 -0.093478 0.000762
v -0.117989 -0.067394 0.001555
v -0.118837 -0.074298 0.001244
v -0.127239 -0.069026 0.001278
v -0.108289 -0.078587 0.001299
v -0.108566 -0.079393 0.001319
v -0.118761 -0.063565 0.009724
v -0.132589 -0.067864 0.008697
v -0.120118 -0.076134 0.008932
v -0.104664 -0.082944 0.008919
v -0.116604 -0.052443 0.003596
v -0.118144 -0.060645 0.002183
v -0.105880 -0.060756 0.002803
v -0.109169 -0.068367 0.001778
v -0.099087 -0.079743 0.001364
v -0.102792 -0.078926 0.001398
v -0.116030 -0.048215 0.012410
v -0.105072 -0.056992 0.011255
v -0.111240 -0.071436 0.009072
v -0.092661 -0.085487 0.006624
v -0.127866 -0.051183 0.010773
v -0.125768 -0.053988 0.002726
v -0.128435 -0.062997 0.001677
v -0.110994 -0.042054 0.005862
v -0.113945 -0.045867 0.004894
v -0.099789 -0.049890 0.005008
v -0.103565 -0.054860 0.003773
v -0.093935 -0.066432 0.002471
v -0.097569 -0.068344 0.002157
v -0.093863 -0.080932 0.001299
v -0.094491 -0.080857 0.001297
v -0.110226 -0.042009 0.011703
v -0.097527 -0.049692 0.010855
v -0.094634 -0.058521 0.010738
v -0.099683 -0.070333 0.009923
v -0.116006 -0.030647 0.013473
v -0.116093 -0.033996 0.007408
v -0.122827 -0.045881 0.004371
v -0.078775 -0.110298 0.000410
v -0.079220 -0.119261 0.000619
v -0.082554 -0.121424 0.000629
v -0.089475 -0.117737 0.000077
v -0.068363 -0.118693 0.000719
v -0.076375 -0.122267 0.001030
v -0.078717 -0.105813 0.008017
v -0.079645 -0.122668 0.007431
v -0.064004 -0.117667 0.008125
v -0.078480 -0.129769 0.007727
v -0.064514 -0.129085 0.008144
v -0.085515 -0.129016 0.007335
v -0.075245 -0.128051 0.001692
v -0.067762 -0.128286 0.001637
v -0.090839 -0.126484 0.000979
v -0.086591 -0.127022 0.001168
v -0.080884 -0.103133 0.000486
v -0.081918 -0.104962 0.000376
v -0.073314 -0.097126 0.001165
v -0.066880 -0.102429 0.001034
v -0.074289 -0.094700 0.008640
v -0.064369 -0.100902 0.008665
v -0.082573 -0.094180 0.008385
v -0.062042 -0.114208 0.008571
v -0.083080 -0.096665 0.000710
v -0.088860 -0.101659 0.000207
v -0.075824 -0.103238 0.000934
v -0.074892 -0.105217 0.000897
v -0.065135 -0.112031 0.000584
v -0.048825 -0.113269 0.001504
v -0.048584 -0.120258 0.001839
v -0.059262 -0.119045 0.000886
v -0.059488 -0.124602 0.001515
v -0.049703 -0.100045 0.001612
v -0.049115 -0.107077 0.001491
v -0.063141 -0.105518 0.008484
v -0.059195 -0.105099 0.001017
v -0.058258 -0.112076 0.001099
v -0.051692 -0.068560 0.002595
v -0.049310 -0.077832 0.002093
v -0.063471 -0.073841 0.010807
v -0.063083 -0.087497 0.008714
v -0.060235 -0.075199 0.001835
v -0.059557 -0.081655 0.001795
v -0.057778 -0.054447 0.004151
v -0.053771 -0.061952 0.003121
v -0.068675 -0.060001 0.010816
v -0.064233 -0.060729 0.002939
v -0.064867 -0.041174 0.006682
v -0.060848 -0.047777 0.005192
v -0.072927 -0.043081 0.013984
v -0.069561 -0.044526 0.006074
v -0.067329 -0.054356 0.004014
v -0.069680 -0.027805 0.009794
v -0.073571 -0.029409 0.009485
v -0.076670 -0.028289 0.016658
v -0.071824 -0.037436 0.007726
v -0.067691 -0.033776 0.008313
v -0.079992 -0.067283 0.002230
v -0.078494 -0.077169 0.001528
v -0.081426 -0.079436 0.001432
v -0.088286 -0.075735 0.001486
v -0.067748 -0.076306 0.001724
v -0.075382 -0.080120 0.001549
v -0.080596 -0.063299 0.010510
v -0.092838 -0.072781 0.009496
v -0.078812 -0.080950 0.009036
v -0.078003 -0.081920 0.009037
v -0.077411 -0.088467 0.008791
v -0.084615 -0.087701 0.008592
v -0.074019 -0.086048 0.001494
v -0.065849 -0.085852 0.001731
v -0.085305 -0.085087 0.001269
v -0.082325 -0.051334 0.004662
v -0.080750 -0.060340 0.002966
v -0.083143 -0.047460 0.013351
v -0.090481 -0.058502 0.003504
v -0.089097 -0.067212 0.002403
v -0.068455 -0.068130 0.002199
v -0.071241 -0.059316 0.003192
v -0.084489 -0.038752 0.007351
v -0.083612 -0.044218 0.005927
v -0.085187 -0.035245 0.015402
v -0.093376 -0.049187 0.005670
v -0.092250 -0.052800 0.004619
v -0.072464 -0.052444 0.004504
v -0.074495 -0.043842 0.006327
v -0.085160 -0.022889 0.010917
v -0.084620 -0.031661 0.008868
v -0.085474 -0.018632 0.015633
v -0.095767 -0.028272 0.013919
v -0.090885 -0.040037 0.011681
v -0.092723 -0.028074 0.009746
v -0.089739 -0.035074 0.008325
v -0.075839 -0.036736 0.007932
v -0.077705 -0.028823 0.009645
v -0.091274 -0.011512 0.011821
v -0.088614 -0.017897 0.011706
v -0.093347 -0.010272 0.014808
v -0.100522 -0.016115 0.016293
v -0.097562 -0.016506 0.011920
v -0.094371 -0.022995 0.010609
v -0.100676 -0.004101 0.011679
v -0.096915 -0.009321 0.012063
v -0.101881 -0.001629 0.016384
v -0.098437 -0.013956 0.014836
v -0.107504 -0.006854 0.015890
v -0.093960 -0.002789 0.014998
v -0.105278 -0.007560 0.012242
v -0.101491 -0.013388 0.012170
v -0.092851 -0.007429 0.011907
v -0.094353 -0.004636 0.011466
v -0.105831 0.005724 0.009488
v -0.103165 -0.000058 0.011065
v -0.106864 0.008775 0.014124
v -0.114432 0.003624 0.014064
v -0.098870 0.007492 0.013037
v -0.111961 0.001928 0.010589
v -0.108268 -0.003784 0.011856
v -0.097427 -0.000851 0.010785
v -0.099507 0.004387 0.009406
v -0.110737 0.015549 0.005118
v -0.108081 0.009624 0.008053
v -0.111744 0.019375 0.010475
v -0.120945 0.014043 0.010741
v -0.101837 0.016729 0.009567
v -0.117761 0.011139 0.007104
v -0.114569 0.006082 0.009091
v -0.101915 0.008240 0.008006
v -0.103325 0.013216 0.005542
v -0.114583 0.027965 0.002176
v -0.112619 0.021396 0.003009
v -0.115434 0.031213 0.008637
v -0.126131 0.023287 0.008976
v -0.103114 0.026805 0.007082
v -0.122464 0.021622 0.002636
v -0.119843 0.016632 0.004964
v -0.104512 0.019176 0.003389
v -0.105073 0.024696 0.002080
v -0.115296 0.038227 0.001645
v -0.115262 0.032973 0.001579
v -0.115407 0.040769 0.007859
v -0.127703 0.032114 0.001644
v -0.124589 0.027059 0.001715
v -0.105629 0.029960 0.001706
v -0.105387 0.035876 0.001700
v -0.115675 0.050661 0.001661
v -0.115296 0.043386 0.001643
v -0.115983 0.053832 0.007909
v -0.101714 0.049322 0.006124
v -0.129256 0.045282 0.001653
v -0.127765 0.037799 0.001641
v -0.105215 0.041196 0.001693
v -0.104599 0.047482 0.001691
v -0.115633 0.062734 0.001766
v -0.115926 0.055710 0.001619
v -0.115861 0.065233 0.008537
v -0.099470 0.060754 0.006083
v -0.127836 0.057349 0.001644
v -0.128870 0.050805 0.001686
v -0.104036 0.051904 0.001687
v -0.102908 0.058806 0.001671
v -0.070239 -0.002664 0.009749
v -0.072763 -0.007621 0.011183
v -0.069112 0.000176 0.016201
v -0.074019 -0.009061 0.018036
v -0.077177 0.001908 0.014389
v -0.081129 -0.006328 0.016176
v -0.065095 -0.013851 0.015173
v -0.060599 -0.005159 0.014175
v -0.076895 -0.001883 0.010329
v -0.076879 -0.002041 0.009812
v -0.078505 -0.006534 0.011090
v -0.068553 -0.011424 0.011154
v -0.066052 -0.006629 0.010551
v -0.064496 0.009003 0.005561
v -0.068039 0.001935 0.008472
v -0.062829 0.012736 0.011865
v -0.072495 0.012366 0.010470
v -0.056173 0.004478 0.013179
v -0.072107 0.007567 0.006001
v -0.074466 0.001856 0.008352
v -0.063315 -0.002693 0.009376
v -0.059155 0.002403 0.007789
v -0.059448 0.018743 0.002926
v -0.062345 0.013638 0.003866
v -0.060665 0.022323 0.007343
v -0.069876 0.021524 0.007384
v -0.068497 0.017706 0.002502
v -0.069956 0.012659 0.004100
v -0.056285 0.007119 0.006150
v -0.052644 0.010914 0.004466
v -0.053949 0.029749 0.002237
v -0.056558 0.024058 0.002250
v -0.053050 0.032009 0.010108
v -0.065145 0.028874 0.002048
v -0.050201 0.016066 0.003382
v -0.046537 0.021150 0.002682
v -0.051043 0.043203 0.002162
v -0.052343 0.035522 0.002177
v -0.050603 0.045878 0.010169
v -0.065704 0.041873 0.007723
v -0.063035 0.039482 0.002120
v -0.063473 0.034075 0.002097
v -0.044095 0.026778 0.002660
v -0.041705 0.034056 0.002641
v -0.049132 0.055069 0.002271
v -0.050066 0.047971 0.002221
v -0.048609 0.058619 0.010186
v -0.064161 0.053493 0.007572
v -0.061899 0.051226 0.002115
v -0.062517 0.044828 0.002144
v -0.040087 0.039904 0.002658
v -0.037842 0.048785 0.002651
v -0.048539 0.066847 0.002208
v -0.048569 0.060511 0.002183
v -0.048224 0.070170 0.010241
v -0.063265 0.059907 0.007509
v -0.060319 0.059582 0.002094
v -0.060610 0.056292 0.002104
v -0.037066 0.054953 0.002697
v -0.036154 0.061641 0.002709
v -0.049345 0.078809 0.001970
v -0.048281 0.071833 0.002107
v -0.049938 0.084003 0.001854
v -0.051507 0.086835 0.009842
v -0.064031 0.066664 0.008017
v -0.063945 0.073067 0.007912
v -0.060895 0.068843 0.002074
v -0.060451 0.063506 0.002089
v -0.035429 0.067336 0.002638
v -0.035441 0.077804 0.002671
v -0.039970 0.086978 0.002377
v -0.060636 0.073537 0.002082
v -0.118034 0.076187 0.001707
v -0.119699 0.072277 0.001658
v -0.126533 0.073828 0.001872
v -0.125473 0.076972 0.001910
v -0.115100 0.079101 0.006716
v -0.118298 0.071684 0.006701
v -0.121462 0.066725 0.009746
v -0.127614 0.070672 0.001853
v -0.121919 0.069300 0.001647
v -0.115571 0.084183 0.001756
v -0.117002 0.079770 0.001743
v -0.121520 0.080173 0.001786
v -0.119931 0.085502 0.001786
v -0.111836 0.086509 0.006685
v -0.118697 0.086776 0.010010
v -0.121473 0.078978 0.009987
v -0.122992 0.086246 0.001984
v -0.124831 0.080131 0.001956
v -0.113086 0.088019 0.001696
v -0.117877 0.088109 0.001809
v -0.115961 0.093936 0.001755
v -0.115149 0.095155 0.006471
v -0.119402 0.094563 0.001998
v -0.121053 0.089008 0.002029
v -0.107293 0.073776 0.001840
v -0.108554 0.070512 0.001866
v -0.112869 0.070965 0.001804
v -0.110908 0.076218 0.001790
v -0.104760 0.074880 0.004788
v -0.110118 0.077332 0.006389
v -0.113363 0.069809 0.009437
v -0.107226 0.069325 0.006109
v -0.113835 0.078068 0.001748
v -0.116101 0.072067 0.001755
v -0.103767 0.079809 0.001855
v -0.109347 0.078384 0.001830
v -0.107484 0.082577 0.001785
v -0.101928 0.080971 0.006081
v -0.106750 0.083669 0.006385
v -0.110417 0.084798 0.001815
v -0.112752 0.079522 0.001764
v -0.100104 0.085368 0.001729
v -0.102017 0.081947 0.001801
v -0.105912 0.084598 0.001766
v -0.104035 0.088206 0.001610
v -0.098294 0.086386 0.005060
v -0.103469 0.089308 0.006187
v -0.107226 0.090568 0.001585
v -0.109049 0.086805 0.001745
v -0.092489 0.078408 0.001676
v -0.096037 0.073731 0.001681
v -0.100580 0.074235 0.001729
v -0.096230 0.080775 0.001681
v -0.088598 0.078651 0.005691
v -0.094965 0.083122 0.005730
v -0.102196 0.071730 0.009208
v -0.094371 0.071199 0.008486
v -0.098972 0.083288 0.001770
v -0.103051 0.074214 0.001780
v -0.106086 0.105751 0.002910
v -0.108783 0.102198 0.002378
v -0.097380 0.104002 0.002943
v -0.100234 0.099720 0.002417
v -0.104560 0.105979 0.011422
v -0.109854 0.100293 0.010729
v -0.093082 0.104172 0.008194
v -0.099797 0.097583 0.007468
v -0.111425 0.108539 0.003602
v -0.115375 0.104465 0.002909
v -0.098217 0.112522 0.004322
v -0.102325 0.108475 0.003321
v -0.089601 0.109761 0.003830
v -0.092972 0.106085 0.003228
v -0.096521 0.111893 0.012700
v -0.084437 0.110314 0.009626
v -0.104430 0.114828 0.005002
v -0.107702 0.111610 0.004087
v -0.090880 0.118483 0.006131
v -0.094055 0.113976 0.004650
v -0.080715 0.115341 0.005696
v -0.084574 0.112134 0.004473
v -0.091598 0.118875 0.014337
v -0.075562 0.113438 0.010764
v -0.096489 0.120256 0.006702
v -0.100297 0.117132 0.005709
v -0.081840 0.123000 0.007488
v -0.081274 0.118966 0.006241
v -0.089914 0.121077 0.006654
v -0.090323 0.121743 0.006902
v -0.067522 0.119905 0.007291
v -0.074637 0.116122 0.005751
v -0.082578 0.116341 0.013755
v -0.089015 0.092585 0.001852
v -0.091882 0.090030 0.001706
v -0.096256 0.092848 0.001811
v -0.091827 0.096693 0.002119
v -0.088824 0.091132 0.006593
v -0.090478 0.098431 0.009859
v -0.097676 0.091731 0.006667
v -0.091767 0.087331 0.006566
v -0.092997 0.100713 0.002701
v -0.097686 0.096634 0.002092
v -0.079724 0.100317 0.002540
v -0.084333 0.097177 0.002158
v -0.088771 0.100129 0.002450
v -0.083808 0.103666 0.002908
v -0.077342 0.099388 0.007458
v -0.082169 0.104877 0.010681
v -0.085018 0.107965 0.003545
v -0.090203 0.104161 0.002952
v -0.070855 0.106150 0.003339
v -0.075712 0.103503 0.002837
v -0.079854 0.106593 0.003148
v -0.074897 0.109420 0.003835
v -0.065607 0.104819 0.008850
v -0.072159 0.109254 0.012223
v -0.075461 0.112756 0.004774
v -0.081512 0.111331 0.004132
v -0.058476 0.111204 0.005119
v -0.064113 0.116465 0.006369
v -0.056673 0.107849 0.010111
v -0.067718 0.116695 0.011657
v -0.050411 0.112723 0.006683
v -0.071325 0.112561 0.004976
v -0.067145 0.107526 0.003769
v -0.050405 0.112798 0.006236
v -0.059253 0.117751 0.007079
v -0.078773 0.083780 0.001733
v -0.086218 0.091144 0.001624
v -0.077942 0.095978 0.002025
v -0.061758 0.102770 0.003160
v -0.054666 0.089861 0.001749
v -0.079757 0.080585 0.006743
v -0.042337 0.096295 0.003187
v -0.048668 0.106817 0.004880
v -0.074923 -0.012593 0.011309
v -0.076525 -0.022955 0.010558
v -0.081113 -0.011202 0.011513
v -0.082870 -0.017063 0.011514
v -0.070836 -0.021769 0.010834
v -0.069945 -0.015679 0.011223
v -0.138692 -0.123126 0.001501
v -0.138380 -0.134474 0.004310
v -0.136849 -0.118549 0.007126
v -0.142051 -0.121261 0.001574
v -0.145531 -0.131940 0.004065
v -0.127049 -0.126109 0.001989
v -0.127251 -0.126726 0.002119
v -0.134222 -0.122747 0.001091
v -0.134034 -0.130170 0.002937
v -0.104990 -0.132276 0.002737
v -0.105384 -0.136522 0.003792
v -0.096658 -0.134516 0.002666
v -0.096758 -0.134860 0.002755
v -0.103974 -0.130442 0.008677
v -0.118206 -0.128696 0.002540
v -0.118228 -0.129103 0.002624
v -0.124883 -0.081210 0.001235
v -0.132119 -0.076872 0.001211
v -0.134892 -0.073380 0.008802
v -0.133471 -0.085057 0.001162
v -0.102167 -0.088220 0.001419
v -0.102699 -0.091476 0.001505
v -0.096574 -0.089116 0.001131
v -0.096649 -0.089470 0.001142
v -0.101517 -0.088011 0.008805
v -0.112061 -0.084854 0.001343
v -0.112073 -0.085276 0.001340
v -0.136832 -0.076345 0.001288
v -0.139706 -0.074723 0.001372
v -0.139431 -0.091153 0.000801
v -0.144612 -0.088866 0.001146
v -0.140277 -0.069671 0.008878
v -0.147974 -0.089094 0.008556
v -0.150866 -0.104520 0.007963
v -0.147167 -0.102554 0.000789
v -0.141394 -0.105055 0.000629
v -0.151473 -0.090471 0.001196
v -0.153013 -0.098786 0.001032
v -0.161149 -0.084281 0.001511
v -0.161920 -0.091627 0.001311
v -0.144385 -0.068688 0.001526
v -0.147338 -0.075689 0.001638
v -0.145186 -0.081040 0.008746
v -0.154703 -0.060967 0.001971
v -0.156813 -0.067841 0.001692
v -0.149242 -0.080733 0.001552
v -0.150586 -0.085080 0.001594
v -0.158748 -0.072907 0.001630
v -0.159873 -0.078498 0.001572
v -0.141829 -0.048376 0.003049
v -0.149614 -0.041445 0.004140
v -0.138792 -0.050391 0.010513
v -0.143143 -0.059298 0.009354
v -0.137552 -0.040204 0.004380
v -0.145577 -0.034609 0.005434
v -0.134644 -0.042873 0.011885
v -0.129487 -0.029396 0.007321
v -0.135911 -0.021545 0.008795
v -0.127542 -0.033435 0.014363
v -0.118384 -0.027139 0.014236
v -0.128080 -0.014238 0.017497
v -0.118168 -0.030130 0.008234
v -0.118824 -0.028462 0.008636
v -0.129296 -0.049600 0.003189
v -0.133415 -0.046039 0.003558
v -0.122627 -0.037468 0.006016
v -0.125525 -0.034359 0.006537
v -0.121994 -0.039634 0.013317
v -0.139035 -0.057350 0.002038
v -0.133575 -0.061649 0.001724
v -0.079737 -0.179748 0.025946
v -0.076411 -0.174039 0.020295
v -0.071474 -0.167770 0.015151
v -0.067956 -0.161001 0.010900
v -0.065272 -0.152735 0.007839
v -0.062454 -0.144330 0.005071
v -0.069344 -0.146168 0.005153
v -0.071842 -0.153546 0.007718
v -0.080384 -0.144950 0.004805
v -0.080143 -0.143793 0.004501
v -0.095871 -0.151552 0.007181
v -0.093909 -0.144359 0.004501
v -0.074748 -0.159722 0.009865
v -0.077642 -0.165804 0.013642
v -0.079898 -0.171112 0.017740
v -0.082068 -0.175477 0.022692
v -0.083858 -0.180969 0.027469
v -0.085978 -0.185188 0.032569
v -0.105486 -0.187874 0.038459
v -0.104862 -0.183633 0.032065
v -0.131705 -0.183929 0.041227
v -0.100697 -0.171379 0.018732
v -0.102560 -0.177066 0.024286
v -0.095942 -0.157809 0.009581
v -0.098865 -0.164830 0.013808
v -0.066411 -0.113273 0.000679
v -0.090450 -0.111889 0.000000
v -0.130345 -0.114846 0.001123
v -0.127783 -0.016603 0.010483
v -0.121757 -0.023929 0.009292
v -0.134935 -0.035879 0.005447
v -0.143316 -0.029818 0.006465
v -0.139949 -0.044446 0.003656
v -0.147463 -0.037902 0.004721
v -0.144484 -0.053761 0.002501
v -0.151504 -0.048325 0.003002
v -0.093576 -0.184389 0.032178
v -0.095440 -0.189160 0.038871
v -0.095880 -0.187112 0.042552
v -0.108548 -0.188846 0.056358
v -0.087924 -0.188543 0.038170
v -0.092510 -0.190137 0.043307
v -0.104446 -0.190777 0.049117
v -0.105240 -0.189493 0.042508
v -0.102098 -0.190786 0.051728
v -0.103545 -0.190361 0.057375
v -0.107464 -0.190139 0.057240
v -0.100948 -0.190231 0.056859
v -0.104794 -0.188153 0.062585
v -0.108003 -0.188258 0.062785
v -0.105356 -0.186234 0.066507
v -0.107786 -0.186021 0.066889
v -0.102088 -0.186485 0.065801
v -0.099387 -0.186670 0.064923
v -0.100003 -0.188018 0.061774
v -0.102752 -0.188247 0.062136
v -0.103571 -0.189351 0.055836
v -0.101501 -0.189208 0.049129
v -0.100152 -0.188454 0.056086
v -0.108413 -0.186986 0.061399
v -0.104207 -0.187089 0.061241
v -0.117995 -0.188497 0.046506
v -0.116883 -0.189578 0.051474
v -0.116509 -0.189365 0.054284
v -0.115861 -0.188954 0.057379
v -0.109040 -0.189486 0.058843
v -0.108867 -0.188036 0.061720
v -0.115473 -0.188274 0.059082
v -0.114711 -0.186946 0.062105
v -0.114384 -0.186474 0.063280
v -0.113440 -0.184537 0.067319
v -0.116508 -0.188564 0.052422
v -0.115481 -0.187655 0.056895
v -0.114445 -0.185767 0.061346
v -0.108533 -0.189192 0.051637
v -0.109209 -0.190931 0.054138
v -0.109231 -0.190328 0.057082
v -0.109451 -0.191302 0.051039
v -0.110247 -0.190348 0.046152
v -0.125421 -0.187313 0.051943
v -0.126824 -0.186858 0.048621
v -0.121905 -0.187183 0.057146
v -0.123869 -0.187349 0.055150
v -0.119898 -0.185651 0.061947
v -0.121044 -0.187064 0.059991
v -0.119253 -0.185345 0.063318
v -0.118111 -0.183999 0.066358
v -0.108705 -0.187431 0.062961
v -0.108440 -0.185312 0.066837
v -0.095329 -0.189470 0.055251
v -0.098023 -0.187805 0.060988
v -0.093752 -0.190141 0.049932
v -0.099344 -0.188754 0.046532
v -0.098782 -0.188889 0.057789
v -0.097027 -0.190413 0.053198
v -0.094517 -0.188153 0.045842
v -0.094941 -0.189928 0.047243
v -0.099386 -0.190267 0.048895
v -0.100631 -0.190541 0.051023
v -0.096057 -0.189603 0.044753
v -0.066006 0.022586 0.002015
v -0.089541 -0.044727 0.006356
v -0.102474 -0.070263 0.002083
v -0.066053 -0.107210 0.000845
v -0.063521 -0.112714 0.008408
v -0.044829 -0.088726 0.010908
v -0.116836 0.067579 0.011671
v -0.107485 0.068603 0.011103
v -0.100374 0.067186 0.010045
v -0.156369 -0.046003 0.012219
v -0.157320 -0.049476 0.034654
v -0.155545 -0.049286 0.035481
v -0.152857 -0.049578 0.055018
v -0.146673 -0.051431 0.073198
v -0.136740 -0.054306 0.089100
v -0.103133 -0.063997 0.105617
v -0.066222 -0.061540 0.089418
v -0.055150 -0.060876 0.073432
v -0.049182 -0.059972 0.055154
v -0.048904 -0.059363 0.036208
v -0.044991 -0.086881 0.030406
v -0.047372 -0.086063 0.033040
v -0.049726 -0.086581 0.050774
v -0.056737 -0.086523 0.067356
v -0.068589 -0.083379 0.081532
v -0.105700 -0.086379 0.092776
v -0.138891 -0.080630 0.080457
v -0.150980 -0.077728 0.066514
v -0.158627 -0.075089 0.049514
v -0.161208 -0.073557 0.032125
v -0.165178 -0.115361 0.029203
v -0.163708 -0.116200 0.042188
v -0.154444 -0.116976 0.059055
v -0.141136 -0.117612 0.071602
v -0.123338 -0.118598 0.079053
v -0.107951 -0.120196 0.079503
v -0.093083 -0.121640 0.078310
v -0.072174 -0.123490 0.072459
v -0.058734 -0.125106 0.062247
v -0.049650 -0.126515 0.048075
v -0.047012 -0.123319 0.031831
v -0.045015 -0.123961 0.029376
v -0.109776 0.079230 0.081322
v -0.111605 0.075515 0.116146
v -0.116678 0.077542 0.121182
v -0.120619 0.080677 0.120045
v -0.119072 0.082742 0.113569
v -0.122570 0.085092 0.098208
v -0.123268 0.086351 0.081647
v -0.122735 0.087261 0.063103
v -0.122180 0.086030 0.046935
v -0.036576 0.065091 0.047304
v -0.036783 0.066315 0.063919
v -0.037079 0.066249 0.080852
v -0.037946 0.066166 0.095904
v -0.040156 0.065966 0.109947
v -0.039804 0.064539 0.116012
v -0.044645 0.063194 0.118200
v -0.051210 0.063187 0.113430
v -0.057014 0.066796 0.079247
v -0.131634 0.058553 0.045380
v -0.131694 0.059613 0.061593
v -0.131837 0.060199 0.078075
v -0.130742 0.061037 0.093073
v -0.126407 0.061759 0.105836
v -0.128423 0.060944 0.112789
v -0.124004 0.059621 0.114155
v -0.118710 0.058557 0.109079
v -0.115502 0.056567 0.077885
v -0.083296 0.119893 0.054932
v -0.084191 0.121254 0.072730
v -0.085464 0.119325 0.091601
v -0.048797 -0.029857 0.059849
v -0.053401 -0.032646 0.080906
v -0.064490 -0.036657 0.100597
v -0.132884 -0.028378 0.100908
v -0.141264 -0.022078 0.082246
v -0.146152 -0.019630 0.061791
v -0.147858 -0.020230 0.040780
v -0.136761 0.031291 0.023080
v -0.139124 0.029809 0.043240
v -0.138048 0.028790 0.045233
v -0.138339 0.029838 0.062759
v -0.137117 0.031124 0.080135
v -0.134317 0.033506 0.095356
v -0.130101 0.036803 0.108359
v -0.130785 0.038069 0.114560
v -0.125768 0.038371 0.116253
v -0.120359 0.037365 0.110169
v -0.119503 0.027734 0.077780
v -0.063677 0.016092 0.078509
v -0.055583 0.030771 0.111996
v -0.046965 0.028925 0.116633
v -0.042746 0.027368 0.116192
v -0.042677 0.025277 0.109683
v -0.042123 0.022147 0.095273
v -0.041607 0.019227 0.079094
v -0.041108 0.018261 0.061333
v -0.041274 0.019443 0.043877
v -0.039165 0.020404 0.042635
v -0.043421 0.015916 0.025749
v -0.050863 0.106046 0.091411
v -0.049699 0.107425 0.072704
v -0.050652 0.107185 0.053848
v -0.049135 0.108959 0.053118
v -0.048071 0.108760 0.032618
v -0.089458 -0.010517 0.116423
v -0.095266 -0.010246 0.117276
v -0.101433 -0.007218 0.116411
v -0.083741 -0.007143 0.107986
v -0.085933 -0.009673 0.112932
v -0.104126 -0.004186 0.112596
v -0.080574 -0.004238 0.102914
v -0.106494 -0.001152 0.109348
v -0.109724 0.003380 0.104498
v -0.114274 0.007902 0.098012
v -0.109205 0.009347 0.102333
v -0.097465 0.066456 0.009609
v -0.086904 -0.183211 0.047256
v -0.087837 -0.183467 0.054461
v -0.047208 -0.066818 0.012920
v -0.060557 -0.068874 0.005762
v -0.101767 0.093591 0.008824
v -0.105041 0.094499 0.008877
v -0.109626 0.095701 0.008838
v -0.118222 -0.000894 0.134929
v -0.121688 -0.097824 0.083149
v -0.122231 -0.099638 0.086542
v -0.124048 -0.097758 0.084646
v -0.123847 -0.084829 0.090435
v -0.119527 -0.044440 0.105020
v -0.119612 -0.054420 0.101478
v -0.103808 0.037882 0.005454
v -0.066202 0.031789 0.006679
v -0.123468 -0.074137 0.094685
v -0.121563 -0.073843 0.092535
v -0.125772 0.006376 0.133890
v -0.127840 0.006058 0.126122
v -0.083108 -0.067134 0.096843
v -0.092484 -0.101477 0.084044
v -0.089523 -0.101242 0.083916
v -0.091736 -0.104474 0.087982
v -0.087750 -0.087403 0.088868
v -0.078207 -0.040062 0.114902
v -0.079953 -0.037173 0.113566
v -0.076499 -0.027823 0.123609
v -0.077261 -0.016399 0.130800
v -0.073887 -0.017396 0.131612
v -0.084225 -0.074386 0.094118
v -0.082743 -0.074187 0.094457
v -0.106869 -0.102991 0.089800
v -0.075122 -0.020466 0.133070
v -0.105312 -0.025433 0.133715
v -0.075505 -0.022058 0.128948
v -0.077985 -0.031154 0.119875
v -0.078968 -0.042173 0.112932
v -0.080431 -0.040492 0.110831
v -0.119537 -0.036749 0.111186
v -0.120742 -0.037218 0.111989
v -0.121215 -0.044952 0.107129
v -0.101985 -0.052018 0.111159
v -0.081954 -0.048639 0.105004
v -0.080150 -0.049647 0.106423
v -0.077681 -0.048821 0.105903
v -0.071775 -0.048107 0.102464
v -0.080194 -0.052661 0.104184
v -0.082035 -0.052234 0.103337
v -0.102184 -0.057002 0.108593
v -0.122527 -0.054173 0.102718
v -0.122875 -0.068360 0.096914
v -0.121132 -0.067854 0.094444
v -0.114889 -0.072455 0.096149
v -0.123414 -0.078935 0.092923
v -0.121863 -0.077571 0.092336
v -0.104076 -0.078589 0.099221
v -0.086117 -0.082284 0.089935
v -0.084681 -0.083439 0.090857
v -0.121898 -0.084553 0.088265
v -0.106040 -0.093366 0.090865
v -0.121489 -0.093463 0.084519
v -0.099658 -0.090236 0.091733
v -0.089051 -0.093730 0.086746
v -0.087421 -0.093999 0.087518
v -0.069480 -0.009523 0.135277
v -0.074650 -0.009642 0.134918
v -0.112139 0.092830 0.001639
v -0.108723 0.093308 0.006475
v -0.078371 -0.026002 0.122215
v -0.076833 -0.029490 0.125506
v -0.092514 -0.025848 0.129459
v -0.093755 -0.027289 0.133207
v -0.113987 -0.013821 0.134513
v -0.114830 -0.016056 0.134920
v -0.098825 -0.025396 0.134870
v -0.098426 -0.022403 0.134143
v -0.119978 -0.008605 0.132461
v -0.122302 -0.010057 0.132805
v -0.122894 -0.007743 0.131945
v -0.125585 -0.001346 0.127645
v -0.120043 -0.012841 0.128170
v -0.121868 -0.012160 0.131038
v -0.114490 -0.015921 0.129976
v -0.115644 -0.017639 0.133168
v -0.105702 -0.022960 0.130765
v -0.075575 -0.022891 0.131082
v -0.077810 -0.021178 0.126532
v -0.099644 -0.028246 0.132258
v -0.099647 -0.027908 0.128316
v -0.078861 -0.030369 0.118944
v -0.077067 -0.031828 0.123704
v -0.121087 -0.024771 0.123656
v -0.118197 -0.023831 0.121685
v -0.120413 -0.024607 0.120724
v -0.119647 -0.019953 0.123725
v -0.120893 -0.022029 0.124948
v -0.120177 -0.019978 0.123217
v -0.077302 -0.017825 0.130576
v -0.121700 -0.012346 0.128658
v -0.126333 -0.005096 0.125005
v -0.128061 -0.001647 0.121402
v -0.127805 -0.003068 0.128627
v -0.127064 0.000590 0.122349
v -0.128069 -0.005642 0.127404
v -0.128891 0.001802 0.119085
v -0.066907 -0.013661 0.125690
v -0.071570 -0.018869 0.125661
v -0.068968 -0.020433 0.129152
v -0.069072 -0.018013 0.130685
v -0.066662 -0.016218 0.123227
v -0.128620 -0.053965 0.097225
v -0.128440 -0.044247 0.100430
v -0.126096 -0.040777 0.103503
v -0.131536 -0.034916 0.107922
v -0.127204 -0.032258 0.107231
v -0.125767 -0.020977 0.114430
v -0.128005 -0.021308 0.117696
v -0.131505 -0.082593 0.085590
v -0.131272 -0.078187 0.087260
v -0.130936 -0.070299 0.089955
v -0.130320 -0.063045 0.092724
v -0.127984 -0.019374 0.119259
v -0.125613 -0.017930 0.117124
v -0.127582 -0.019176 0.112283
v -0.127673 -0.016814 0.113883
v -0.128758 -0.020294 0.115068
v -0.128824 -0.018147 0.116496
v -0.129165 -0.003122 0.123869
v -0.128644 -0.001040 0.124395
v -0.119142 -0.032074 0.114288
v -0.120254 -0.032626 0.114948
v -0.129456 -0.032291 0.105105
v -0.130324 -0.039233 0.099748
v -0.121995 -0.049083 0.104241
v -0.076846 -0.084468 0.085994
v -0.075262 -0.074160 0.089750
v -0.068409 -0.026384 0.114155
v -0.070694 -0.040304 0.107218
v -0.080226 -0.101111 0.080190
v -0.078259 -0.102730 0.078531
v -0.080699 -0.107936 0.078705
v -0.070535 -0.015426 0.128883
v -0.066397 -0.015542 0.128315
v -0.066418 -0.017929 0.126215
v -0.068656 -0.029008 0.112544
v -0.067555 -0.030988 0.116031
v -0.067599 -0.028632 0.117343
v -0.070133 -0.031769 0.119460
v -0.070018 -0.029428 0.121054
v -0.120599 -0.036800 0.114712
v -0.129113 -0.034246 0.109672
v -0.128038 -0.037328 0.110214
v -0.120180 -0.034222 0.115897
v -0.126625 -0.036123 0.108112
v -0.077013 -0.042363 0.109825
v -0.082389 -0.058074 0.100556
v -0.080560 -0.060077 0.101577
v -0.077096 -0.061947 0.097660
v -0.077576 -0.065541 0.095978
v -0.081707 -0.068111 0.097474
v -0.104631 -0.071819 0.101671
v -0.120399 -0.064694 0.097001
v -0.123048 -0.063622 0.098101
v -0.129117 -0.058882 0.093972
v -0.100339 -0.075373 0.098569
v -0.085520 -0.079256 0.092375
v -0.083979 -0.079696 0.092922
v -0.076228 -0.080337 0.087719
v -0.086257 -0.053664 0.104162
v -0.082254 -0.054276 0.102480
v -0.080443 -0.054591 0.102815
v -0.072165 -0.057470 0.096506
v -0.072649 -0.065997 0.092137
v -0.077399 -0.069778 0.093898
v -0.082335 -0.071776 0.095617
v -0.083880 -0.071777 0.095124
v -0.121782 -0.050183 0.103382
v -0.128637 -0.049738 0.097892
v -0.134029 -0.054469 0.092217
v -0.134952 -0.057855 0.089266
v -0.131783 -0.074808 0.088747
v -0.102293 -0.053399 0.112987
v -0.101574 -0.056786 0.110686
v -0.116614 -0.055197 0.106665
v -0.115223 -0.050356 0.112060
v -0.080029 -0.050637 0.107628
v -0.088746 -0.054656 0.108546
v -0.080739 -0.055864 0.104935
v -0.124151 -0.078774 0.095914
v -0.123429 -0.075314 0.097617
v -0.104405 -0.078105 0.103197
v -0.114907 -0.073617 0.101709
v -0.100245 -0.076544 0.103577
v -0.122634 -0.054840 0.103972
v -0.121743 -0.051474 0.105376
v -0.122048 -0.049396 0.107643
v -0.121976 -0.046814 0.108143
v -0.084735 -0.084995 0.096981
v -0.083869 -0.081279 0.098449
v -0.072484 -0.080758 0.085590
v -0.073160 -0.084968 0.084409
v -0.075936 -0.085125 0.090139
v -0.075291 -0.080998 0.091590
v -0.079950 -0.053139 0.106536
v -0.128818 -0.042609 0.105880
v -0.130171 -0.044539 0.103527
v -0.132551 -0.041074 0.103330
v -0.076225 -0.049798 0.108352
v -0.072159 -0.049138 0.105947
v -0.075545 -0.043924 0.113119
v -0.071231 -0.042010 0.111102
v -0.082481 -0.068641 0.099432
v -0.082904 -0.072624 0.097631
v -0.076189 -0.066570 0.099367
v -0.076735 -0.070570 0.096668
v -0.104629 -0.073670 0.104064
v -0.123250 -0.066093 0.101126
v -0.123116 -0.068643 0.100141
v -0.131681 -0.061957 0.097491
v -0.131949 -0.060067 0.097568
v -0.075402 -0.063045 0.101787
v -0.072530 -0.067402 0.096750
v -0.072031 -0.059475 0.100905
v -0.080814 -0.058892 0.104162
v -0.130791 -0.051508 0.100100
v -0.130331 -0.054684 0.099161
v -0.135278 -0.056557 0.097555
v -0.135533 -0.059975 0.095047
v -0.132877 -0.075699 0.092849
v -0.133236 -0.079377 0.091647
v -0.137344 -0.074734 0.089391
v -0.137215 -0.078417 0.089060
v -0.076284 -0.050489 0.102784
v -0.079444 -0.041743 0.111207
v -0.115163 -0.052301 0.107404
v -0.119972 -0.049411 0.103188
v -0.119904 -0.049714 0.102616
v -0.115890 -0.052570 0.110628
v -0.102441 -0.056287 0.112623
v -0.133676 -0.052239 0.099207
v -0.132486 -0.050102 0.094519
v -0.075646 -0.051413 0.105943
v -0.138940 -0.073502 0.085850
v -0.138555 -0.077495 0.084658
v -0.103103 -0.027388 0.127218
v -0.104579 -0.032453 0.123466
v -0.104361 -0.033023 0.121247
v -0.104225 -0.036199 0.119763
v -0.095767 -0.036209 0.121579
v -0.095468 -0.034004 0.122827
v -0.094766 -0.028318 0.126766
v -0.096366 -0.038458 0.117407
v -0.105026 -0.037911 0.116818
v -0.100641 -0.038392 0.117888
v -0.104375 -0.032955 0.123877
v -0.100172 -0.034149 0.125176
v -0.104171 -0.034249 0.122829
v -0.095763 -0.034412 0.124525
v -0.096368 -0.036653 0.122763
v -0.104657 -0.037465 0.120269
v -0.100797 -0.038310 0.121081
v -0.096735 -0.038721 0.120566
v -0.119002 -0.024446 0.120253
v -0.096132 -0.036711 0.118685
v -0.081819 -0.030305 0.122178
v -0.095341 -0.032853 0.123661
v -0.087081 -0.082918 0.089751
v -0.121578 -0.079313 0.090844
v -0.090692 -0.098241 0.084803
v -0.121729 -0.089359 0.086352
v -0.113672 -0.088608 0.090526
v -0.106004 -0.091898 0.094016
v -0.101274 -0.091361 0.093563
v -0.105584 -0.088946 0.095391
v -0.111892 -0.089578 0.094101
v -0.122811 -0.102933 0.085440
v -0.078184 -0.105878 0.077063
v -0.092682 -0.107422 0.086892
v -0.107691 -0.105940 0.088265
v -0.132134 -0.095777 0.080979
v -0.132799 -0.096695 0.082220
v -0.133514 -0.099781 0.081530
v -0.132191 -0.100371 0.079399
v -0.136162 -0.094951 0.078507
v -0.136749 -0.098072 0.077019
v -0.081526 -0.107916 0.083252
v -0.081344 -0.103947 0.084463
v -0.078899 -0.094835 0.082487
v -0.078501 -0.038203 0.113800
v 0.106586 0.089211 0.083883
v 0.113256 0.069069 0.078944
v 0.058552 0.048114 0.077185
v 0.058243 0.080540 0.083059
v 0.060488 0.090602 0.088271
v 0.065640 0.096278 0.092568
v 0.071620 0.100056 0.095274
v 0.078596 0.101967 0.096151
v 0.092810 0.100429 0.092585
v 0.100084 0.096241 0.088430
v 0.118588 0.043979 0.076907
v 0.060774 0.030263 0.077129
v 0.121036 0.015443 0.078518
v 0.117991 0.009457 0.090798
v 0.071346 -0.016951 0.080142
v 0.067439 0.001924 0.079897
v 0.093595 -0.132373 0.076969
v 0.108681 -0.130741 0.077646
v 0.109252 -0.141464 0.075694
v 0.094350 -0.143551 0.075684
v 0.110008 -0.151434 0.074694
v 0.097578 -0.153629 0.075089
v 0.123621 -0.140427 0.074213
v 0.122829 -0.150559 0.072972
v 0.123979 -0.129320 0.076097
v 0.110728 -0.160112 0.074449
v 0.101337 -0.162024 0.075229
v 0.111081 -0.166470 0.074973
v 0.104532 -0.167321 0.075166
v 0.119936 -0.159704 0.072961
v 0.117720 -0.165449 0.073720
v 0.118164 0.098185 0.084171
v 0.128251 0.073936 0.080235
v 0.037771 0.049560 0.078338
v 0.038430 0.082981 0.085194
v 0.043654 0.095937 0.088712
v 0.061509 0.113974 0.092175
v 0.073984 0.118583 0.092112
v 0.109972 0.109186 0.087153
v 0.135309 0.046116 0.078413
v 0.141046 0.013668 0.063859
v 0.039241 0.034032 0.077879
v 0.046056 0.003280 0.081619
v 0.048070 -0.014226 0.061197
v 0.051750 -0.016293 0.086093
v 0.138578 -0.004018 0.089184
v 0.138886 0.014831 0.083275
v 0.143410 -0.004005 0.064397
v 0.054953 -0.047139 0.076914
v 0.056517 -0.074008 0.070184
v 0.156125 -0.062665 0.052085
v 0.149246 -0.064711 0.069736
v 0.164127 -0.090426 0.045695
v 0.153702 -0.090898 0.063319
v 0.165673 -0.105324 0.042393
v 0.049233 -0.114056 0.048505
v 0.052448 -0.138851 0.046400
v 0.062347 -0.137653 0.061606
v 0.058155 -0.112685 0.063208
v 0.158946 -0.143452 0.042396
v 0.162887 -0.127620 0.041721
v 0.150651 -0.141513 0.058822
v 0.153726 -0.128775 0.058183
v 0.144888 -0.155828 0.060609
v 0.152302 -0.159648 0.045762
v 0.058029 -0.152152 0.045871
v 0.065496 -0.166783 0.046409
v 0.066985 -0.150183 0.061472
v 0.073683 -0.162702 0.061908
v 0.140567 -0.172240 0.050587
v 0.135489 -0.167862 0.065162
v 0.124156 -0.174544 0.067649
v 0.124712 -0.183247 0.061368
v 0.110524 -0.180156 0.069616
v 0.098365 -0.179008 0.068130
v 0.076801 -0.178226 0.049328
v 0.084616 -0.173309 0.064373
v 0.128844 0.074157 0.095172
v 0.117338 0.095872 0.101977
v 0.040234 0.081383 0.101893
v 0.037857 0.049651 0.092825
v 0.053931 0.104620 0.111175
v 0.046001 0.094933 0.107429
v 0.075633 0.114273 0.112199
v 0.063406 0.110550 0.113206
v 0.109417 0.105606 0.106565
v 0.098875 0.112023 0.109851
v 0.133465 0.047558 0.092816
v 0.039171 0.035016 0.092849
v 0.133496 0.005307 0.107287
v 0.135633 0.018622 0.099600
v 0.047346 0.009197 0.099799
v 0.055499 -0.006072 0.108830
v 0.141098 -0.096690 0.075505
v 0.123461 -0.103571 0.082161
v 0.071075 -0.112179 0.073599
v 0.075999 -0.135372 0.071828
v 0.094070 -0.108406 0.080754
v 0.139281 -0.139691 0.069368
v 0.141079 -0.128835 0.070114
v 0.134582 -0.151972 0.068472
v 0.079627 -0.146945 0.071678
v 0.085117 -0.157639 0.071893
v 0.128449 -0.162282 0.069894
v 0.121185 -0.169366 0.072776
v 0.110793 -0.173008 0.074325
v 0.101070 -0.172537 0.073915
v 0.092387 -0.166929 0.072538
v 0.063239 -0.024216 0.107825
v 0.144513 -0.037418 0.077125
v 0.131022 -0.015105 0.108259
v 0.108909 -0.106752 0.082495
v 0.155109 -0.104786 0.060733
v 0.049590 -0.099509 0.048888
v 0.057666 -0.099323 0.064800
v 0.069551 -0.098207 0.076666
v 0.049799 -0.073667 0.052700
v 0.138512 -0.067534 0.084934
v 0.068182 -0.074153 0.085017
v 0.150294 -0.035739 0.058178
v 0.062583 -0.013078 0.118048
v 0.050349 0.088473 0.131682
v 0.054546 0.084910 0.133465
v 0.049390 0.075021 0.125085
v 0.059922 0.092729 0.137667
v 0.056352 0.096850 0.136206
v 0.077754 0.108500 0.131952
v 0.066086 0.105759 0.136098
v 0.068573 0.100146 0.136843
v 0.078366 0.103146 0.134272
v 0.116108 0.089410 0.124827
v 0.108680 0.097491 0.131395
v 0.099638 0.103757 0.135362
v 0.105812 0.092455 0.133379
v 0.097487 0.098364 0.137569
v 0.112227 0.085360 0.126182
v 0.126038 0.071806 0.115222
v 0.121990 0.069643 0.116195
v 0.130353 0.025317 0.120785
v 0.131539 0.049931 0.110452
v 0.126568 0.049547 0.112156
v 0.128527 0.016061 0.128446
v 0.125071 0.026281 0.122126
v 0.123418 0.017178 0.129213
v 0.123529 -0.001401 0.136027
v 0.096551 -0.005395 0.152786
v 0.096855 -0.009166 0.152439
v 0.098068 -0.020430 0.143441
v 0.107492 -0.100261 0.087315
v 0.080107 -0.010295 0.144002
v 0.056695 0.008842 0.129761
v 0.066493 -0.000866 0.136284
v 0.060282 0.011688 0.130575
v 0.039252 0.033775 0.112545
v 0.047070 0.020900 0.119819
v 0.050805 0.022910 0.119923
v 0.037919 0.048444 0.111830
v 0.044816 0.035799 0.114346
v 0.043185 0.048732 0.114002
v 0.044958 0.077573 0.123159
v 0.060812 0.083005 0.127566
v 0.056093 0.073824 0.120025
v 0.065273 0.089311 0.131245
v 0.080136 0.097381 0.129742
v 0.071909 0.095043 0.131222
v 0.107842 0.082891 0.121123
v 0.101667 0.088556 0.127998
v 0.094797 0.092886 0.132155
v 0.116701 0.068195 0.111316
v 0.121593 0.048859 0.106961
v 0.119231 0.024843 0.113846
v 0.070174 0.009886 0.123105
v 0.059505 0.024581 0.115182
v 0.050749 0.049476 0.108968
v 0.052544 0.036940 0.108887
v 0.085648 0.102312 0.095229
v 0.087090 0.095992 0.131004
v 0.087626 0.102593 0.135919
v 0.088763 0.107994 0.133820
v 0.086733 0.114445 0.111961
v 0.098248 0.116193 0.089568
v 0.130282 0.049302 0.103769
v 0.130051 0.013309 0.122776
v 0.131721 0.022587 0.114560
v 0.056154 0.004192 0.123525
v 0.062878 -0.003151 0.128694
v 0.047283 0.018210 0.113212
v 0.038012 0.048549 0.105561
v 0.038353 0.034361 0.105889
v 0.045312 0.079855 0.117144
v 0.056479 0.099678 0.129209
v 0.050435 0.091910 0.125091
v 0.077683 0.109519 0.125962
v 0.066461 0.106347 0.128610
v 0.098721 0.105315 0.129459
v 0.088167 0.107170 0.127152
v 0.115297 0.092378 0.118615
v 0.107993 0.100344 0.125805
v 0.123796 0.073049 0.108323
v 0.049711 -0.045491 0.057487
v 0.065771 -0.048601 0.094588
v 0.135050 -0.040855 0.094081
v 0.119829 0.007743 0.134752
v 0.068512 0.002973 0.135104
v 0.096149 -0.000333 0.149878
v 0.081125 -0.006479 0.147687
v 0.083303 -0.000629 0.146693
v 0.112103 -0.005701 0.146590
v 0.109839 -0.000947 0.147941
v 0.108361 0.003205 0.145977
v 0.121447 0.006263 0.135182
v 0.072851 -0.001544 0.137625
v 0.074255 0.001149 0.138087
v 0.072256 0.004526 0.132006
v 0.114829 0.004275 0.140830
v 0.116467 -0.002658 0.137445
v 0.116280 0.003043 0.139786
v 0.095637 0.019746 0.079811
v 0.069619 0.010463 0.114030
v 0.070179 0.009053 0.108075
v 0.095352 0.001582 0.138362
v 0.095589 0.002679 0.145226
v 0.087516 0.001921 0.136544
v 0.084780 0.002231 0.142381
v 0.103162 0.006800 0.136077
v 0.106169 0.005947 0.142674
v 0.079626 0.006428 0.123790
v 0.076684 0.007108 0.130257
v 0.082689 0.003877 0.129271
v 0.079099 0.004208 0.134888
v 0.105962 0.010748 0.130930
v 0.109535 0.009899 0.137207
v 0.112471 0.012765 0.128601
v 0.107482 0.014728 0.125468
v 0.077130 0.010429 0.111446
v 0.074396 0.011403 0.122195
v 0.073600 0.013785 0.115476
v 0.108466 0.017293 0.117053
v 0.109664 0.016709 0.108665
v 0.117696 0.015026 0.115719
v 0.116735 0.012578 0.123342
v 0.118253 0.013150 0.109487
v 0.115855 0.007385 0.097968
v 0.077421 0.000865 0.099305
v 0.074323 0.011481 0.109217
v 0.115638 0.009745 0.130727
v 0.114425 0.016506 0.108811
v 0.113661 0.017003 0.122128
v 0.114033 0.017414 0.114633
v 0.127963 0.073453 0.061478
v 0.117755 0.100721 0.065061
v 0.038491 0.084078 0.067132
v 0.037660 0.048652 0.062017
v 0.042823 0.097936 0.070468
v 0.060115 0.115311 0.073632
v 0.073193 0.120562 0.073821
v 0.108866 0.112372 0.066681
v 0.096030 0.119370 0.070440
v 0.135900 0.045615 0.061751
v 0.039207 0.033029 0.061333
v 0.044770 0.001877 0.061385
v 0.160674 -0.061997 0.032022
v 0.158820 -0.061601 0.032974
v 0.164935 -0.089993 0.030619
v 0.166176 -0.090657 0.029138
v 0.166471 -0.104849 0.029616
v 0.167884 -0.105782 0.028314
v 0.163894 -0.125443 0.029310
v 0.165453 -0.126842 0.027953
v 0.158532 -0.141642 0.030212
v 0.159736 -0.143327 0.029411
v 0.151262 -0.157717 0.034688
v 0.152044 -0.159724 0.033956
v 0.139585 -0.171363 0.039617
v 0.141109 -0.172716 0.039526
v 0.121838 -0.185688 0.056854
v 0.124414 -0.185417 0.052314
v 0.095671 -0.188319 0.054678
v 0.093339 -0.188528 0.049172
v 0.077502 -0.176592 0.041144
v 0.076863 -0.179360 0.038132
v 0.066121 -0.164691 0.034934
v 0.065018 -0.166973 0.031988
v 0.056556 -0.151086 0.032076
v 0.055141 -0.152911 0.029372
v 0.048951 -0.137132 0.031469
v 0.047672 -0.138840 0.028725
v 0.046556 -0.111310 0.031879
v 0.045064 -0.112449 0.029176
v 0.046844 -0.098023 0.031552
v 0.044805 -0.098906 0.028918
v 0.048447 -0.074139 0.034351
v 0.046024 -0.074790 0.031685
v 0.117279 0.100010 0.048027
v 0.118577 0.101876 0.047315
v 0.108537 0.113478 0.049175
v 0.108453 0.111387 0.050604
v 0.095688 0.120121 0.051986
v 0.096019 0.117642 0.053266
v 0.072716 0.121708 0.054279
v 0.073223 0.119145 0.055351
v 0.059592 0.117114 0.054416
v 0.059994 0.114527 0.055135
v 0.041585 0.099350 0.051435
v 0.043579 0.097903 0.052056
v 0.036678 0.084979 0.048255
v 0.039091 0.083929 0.049198
v 0.035208 0.050034 0.045005
v 0.037710 0.049207 0.046141
v 0.154685 -0.036976 0.037354
v 0.152985 -0.036918 0.038026
v 0.149857 -0.019820 0.040025
v 0.128078 0.071890 0.046137
v 0.129100 0.073447 0.045021
v 0.136207 0.045153 0.044448
v 0.137338 0.046374 0.043203
v 0.144937 -0.003120 0.041828
v 0.143796 -0.004178 0.042656
v 0.049960 -0.043898 0.035254
v 0.050465 -0.044543 0.037899
v 0.050548 -0.026755 0.039841
v 0.049528 -0.026900 0.037250
v 0.050416 -0.012044 0.039819
v 0.049427 -0.010813 0.037477
v 0.045487 0.001235 0.040080
v 0.046082 0.000482 0.042067
v 0.037501 0.032503 0.043205
v 0.039793 0.031716 0.044383
v 0.141616 0.014638 0.043135
v 0.140687 0.013669 0.044529
v 0.120212 -0.184356 0.061283
v 0.108490 -0.184427 0.065877
v 0.099050 -0.185320 0.063439
v 0.085686 -0.184438 0.043671
v 0.113805 -0.183444 0.066275
v 0.118413 -0.182830 0.065220
v 0.104888 -0.184885 0.065759
v 0.132391 -0.179068 0.045305
v 0.134385 -0.180082 0.046164
v 0.129513 -0.179898 0.057911
v 0.127419 -0.183938 0.049931
v 0.155602 -0.036644 0.014208
v 0.148457 -0.017955 0.020342
v 0.140231 -0.018937 0.015568
v 0.150746 -0.037619 0.012068
v 0.158538 -0.055422 0.010337
v 0.076722 -0.180637 0.029826
v 0.141744 -0.174637 0.030264
v 0.153513 -0.159708 0.019213
v 0.063081 -0.169166 0.020006
v 0.053091 -0.152380 0.013444
v 0.159020 -0.147620 0.013504
v 0.165662 -0.125489 0.009250
v 0.047573 -0.136608 0.011181
v 0.045091 -0.120762 0.009662
v 0.166674 -0.104264 0.008341
v 0.166182 -0.091657 0.008921
v 0.043342 -0.098721 0.009987
v 0.045484 -0.080237 0.010127
v 0.062257 -0.036695 0.013870
v 0.095369 0.120717 0.011968
v 0.073008 0.121376 0.013289
v 0.062455 0.118785 0.012967
v 0.104007 0.116174 0.010555
v 0.047243 0.109923 0.012860
v 0.033957 0.078799 0.008999
v 0.118770 0.103419 0.010046
v 0.128917 0.074019 0.008253
v 0.035622 0.050419 0.010186
v 0.043872 0.021155 0.010341
v 0.133686 0.046707 0.007313
v 0.131245 0.034001 0.008044
v 0.035304 0.048682 0.027106
v 0.035793 0.083232 0.027846
v 0.039603 0.097799 0.030097
v 0.060912 0.117524 0.033720
v 0.072706 0.122045 0.034054
v 0.095011 0.121649 0.032508
v 0.108602 0.113612 0.028766
v 0.117445 0.102230 0.025770
v 0.144326 -0.003907 0.022822
v 0.135531 -0.005999 0.017839
v 0.127972 0.073104 0.023983
v 0.135917 0.045887 0.022942
v 0.054904 -0.025737 0.023079
v 0.052406 -0.040662 0.018391
v 0.053936 -0.011751 0.025996
v 0.038112 0.032695 0.026434
v 0.049704 0.010318 0.010126
v 0.050701 0.001447 0.024847
v 0.140387 0.014068 0.023300
v 0.128357 0.010542 0.014530
v 0.039077 0.034397 0.010137
v 0.034521 0.065898 0.046185
v 0.034313 0.065270 0.026691
v 0.034375 0.062848 0.009758
v 0.036294 0.090079 0.010918
v 0.037728 0.095631 0.011140
v 0.057413 -0.049355 0.013042
v 0.049026 -0.054688 0.015047
v 0.047973 -0.059306 0.033531
v 0.053221 -0.065354 0.008725
v 0.044289 -0.108942 0.009616
v 0.080658 -0.179508 0.029683
v 0.084872 -0.186351 0.038591
v 0.083334 0.122374 0.053453
v 0.083430 0.123875 0.033850
v 0.082634 0.123316 0.012478
v 0.111622 0.109404 0.009174
v 0.124835 0.087917 0.008196
v 0.122711 0.087770 0.024727
v 0.123846 0.087763 0.046061
v 0.121666 0.096435 0.009110
v 0.127612 0.079121 0.008147
v 0.131314 0.059916 0.008250
v 0.131953 0.059542 0.023391
v 0.133433 0.059973 0.043984
v 0.130703 0.067767 0.008233
v 0.147192 -0.031774 0.012983
v 0.152690 -0.029800 0.016946
v 0.155839 -0.049220 0.010884
v 0.163260 -0.074116 0.030813
v 0.164259 -0.078307 0.008453
v 0.161710 -0.067871 0.008717
v 0.166188 -0.115455 0.008935
v 0.166725 -0.116295 0.027923
v 0.163404 -0.136674 0.010724
v 0.147130 -0.168818 0.025631
v 0.135220 -0.180298 0.039063
v 0.138411 -0.177384 0.034433
v 0.132247 -0.182666 0.043266
v 0.066816 -0.025291 0.016107
v 0.148330 -0.115341 0.000685
v 0.150229 -0.120334 0.001424
v 0.143445 -0.115004 0.007031
v 0.146462 -0.123977 0.007725
v 0.161433 -0.108974 0.001052
v 0.161227 -0.115214 0.001312
v 0.150537 -0.125246 0.001963
v 0.152304 -0.130381 0.003354
v 0.149138 -0.133263 0.008875
v 0.161720 -0.120107 0.001644
v 0.160844 -0.125861 0.002957
v 0.152777 -0.135055 0.004063
v 0.154510 -0.140672 0.006322
v 0.152314 -0.143264 0.011311
v 0.161117 -0.130582 0.004137
v 0.160372 -0.137010 0.005626
v 0.146861 -0.138250 0.004776
v 0.148448 -0.143769 0.006726
v 0.134517 -0.146819 0.011489
v 0.137167 -0.135517 0.008677
v 0.138144 -0.145773 0.007194
v 0.139425 -0.140652 0.005528
v 0.144437 -0.153449 0.010479
v 0.143039 -0.158617 0.014063
v 0.140805 -0.149081 0.013203
v 0.137877 -0.158959 0.019337
v 0.153887 -0.151972 0.011068
v 0.152483 -0.158259 0.015428
v 0.141250 -0.163566 0.017473
v 0.139195 -0.167461 0.020636
v 0.134295 -0.165847 0.024263
v 0.149923 -0.162835 0.018629
v 0.146287 -0.167844 0.022551
v 0.134358 -0.154039 0.010344
v 0.138447 -0.154053 0.010612
v 0.130791 -0.162260 0.015771
v 0.135865 -0.162810 0.016685
v 0.130008 -0.159208 0.017267
v 0.131573 -0.169996 0.027311
v 0.121641 -0.171085 0.026515
v 0.131560 -0.170737 0.022633
v 0.125752 -0.171064 0.022484
v 0.126488 -0.175744 0.025964
v 0.123877 -0.179339 0.029418
v 0.121063 -0.176431 0.026424
v 0.118432 -0.180321 0.029950
v 0.127234 -0.170259 0.027092
v 0.122706 -0.176783 0.032836
v 0.114779 -0.178464 0.033797
v 0.129477 -0.174604 0.031063
v 0.130510 -0.175024 0.025881
v 0.128952 -0.177757 0.028349
v 0.137067 -0.170479 0.022947
v 0.135314 -0.173033 0.024972
v 0.144064 -0.171100 0.024982
v 0.141637 -0.174148 0.027562
v 0.130740 -0.179065 0.030272
v 0.138263 -0.178929 0.033569
v 0.123054 -0.181517 0.032251
v 0.117090 -0.182704 0.032677
v 0.129094 -0.177306 0.034959
v 0.121346 -0.179333 0.036202
v 0.114604 -0.179461 0.035032
v 0.135979 -0.180980 0.036200
v 0.130297 -0.181182 0.033745
v 0.122376 -0.182937 0.034264
v 0.117018 -0.183510 0.033585
v 0.134117 -0.175558 0.027192
v 0.140157 -0.176684 0.030059
v 0.130713 -0.182540 0.036117
v 0.128632 -0.183024 0.044232
v 0.133573 -0.182565 0.038290
v 0.130033 -0.184221 0.041585
v 0.121035 -0.185033 0.037161
v 0.120310 -0.187413 0.041768
v 0.118604 -0.185718 0.044954
v 0.108998 -0.187154 0.045203
v 0.107664 -0.179329 0.032444
v 0.127677 -0.183626 0.036882
v 0.126575 -0.185677 0.042677
v 0.111583 -0.188507 0.040917
v 0.111434 -0.185653 0.035635
v 0.092107 -0.174916 0.021876
v 0.093471 -0.180520 0.027379
v 0.091880 -0.170750 0.023062
v 0.093128 -0.177923 0.031067
v 0.083487 -0.177806 0.026586
v 0.088107 -0.162769 0.012581
v 0.090363 -0.169328 0.017264
v 0.087794 -0.157808 0.012774
v 0.104636 -0.170308 0.021329
v 0.078043 -0.169514 0.019442
v 0.068408 -0.173553 0.019484
v 0.074145 -0.178925 0.024833
v 0.069504 -0.173505 0.019703
v 0.059773 -0.157779 0.010358
v 0.064318 -0.166569 0.014834
v 0.070478 -0.157590 0.012445
v 0.054745 -0.141990 0.005273
v 0.057562 -0.150056 0.007086
v 0.065068 -0.140470 0.009438
v 0.084254 -0.150408 0.006729
v 0.086819 -0.157412 0.009492
v 0.082592 -0.145177 0.008454
v 0.098757 -0.154508 0.011878
v 0.085042 -0.144469 0.004374
v 0.085336 -0.145787 0.004891
v 0.087938 -0.140726 0.003583
v 0.090247 -0.148347 0.005767
v 0.076045 -0.140203 0.003923
v 0.077112 -0.148541 0.005963
v 0.082612 -0.142639 0.009060
v 0.082167 -0.134110 0.009300
v 0.090230 -0.149775 0.010072
v 0.075911 -0.135722 0.009673
v 0.077231 -0.150659 0.010037
v 0.095568 -0.140937 0.008808
v 0.067209 -0.143947 0.009747
v 0.120801 -0.170288 0.020159
v 0.119538 -0.174081 0.024338
v 0.112079 -0.177268 0.026413
v 0.113977 -0.181341 0.030718
v 0.121233 -0.165562 0.020567
v 0.119745 -0.171931 0.027526
v 0.111231 -0.172544 0.026464
v 0.126153 -0.165914 0.021793
v 0.107758 -0.180129 0.028768
v 0.124411 -0.169177 0.020056
v 0.121958 -0.172425 0.023110
v 0.107860 -0.180621 0.028711
v 0.106873 -0.175843 0.023873
v 0.123121 -0.159500 0.012056
v 0.121810 -0.165230 0.016132
v 0.110161 -0.167175 0.016363
v 0.111071 -0.172328 0.021441
v 0.124034 -0.155285 0.012115
v 0.108943 -0.164063 0.016482
v 0.101399 -0.161028 0.014230
v 0.127745 -0.161302 0.014223
v 0.125618 -0.166349 0.017317
v 0.105500 -0.171262 0.019159
v 0.103840 -0.165393 0.014531
v 0.124805 -0.146153 0.006834
v 0.123560 -0.153334 0.009263
v 0.108283 -0.155949 0.009366
v 0.109015 -0.161753 0.012886
v 0.125513 -0.140057 0.008021
v 0.107000 -0.151261 0.010952
v 0.097549 -0.147728 0.009179
v 0.131303 -0.150386 0.008530
v 0.128698 -0.155610 0.010953
v 0.101829 -0.159396 0.010633
v 0.100122 -0.153543 0.007997
v 0.123402 -0.131979 0.003118
v 0.124313 -0.139586 0.004618
v 0.105945 -0.142796 0.005261
v 0.106637 -0.150073 0.007551
v 0.123507 -0.125967 0.006041
v 0.104952 -0.138376 0.007360
v 0.094227 -0.133908 0.005861
v 0.133804 -0.137684 0.004557
v 0.132164 -0.144282 0.006512
v 0.098877 -0.146689 0.005660
v 0.097292 -0.139067 0.003568
v 0.120889 -0.112597 0.000855
v 0.121162 -0.118624 0.001259
v 0.104225 -0.122581 0.000934
v 0.105163 -0.124501 0.001449
v 0.122263 -0.108823 0.007997
v 0.122322 -0.119571 0.007500
v 0.103661 -0.120537 0.008509
v 0.104475 -0.126404 0.007780
v 0.094134 -0.127937 0.006967
v 0.092975 -0.115747 0.006872
v 0.096229 -0.126320 0.001003
v 0.095781 -0.120002 0.000229
v 0.120676 -0.098876 0.000958
v 0.121315 -0.106443 0.000667
v 0.104102 -0.109743 0.000673
v 0.104497 -0.116749 0.001419
v 0.133050 -0.111330 0.000685
v 0.135576 -0.105303 0.000535
v 0.121942 -0.094754 0.008366
v 0.103445 -0.107261 0.008539
v 0.134405 -0.114275 0.007390
v 0.139399 -0.102662 0.007514
v 0.093191 -0.102290 0.007441
v 0.140790 -0.109651 0.007301
v 0.096235 -0.114509 0.000407
v 0.095648 -0.107160 0.000082
v 0.138422 -0.110158 0.000742
v 0.135181 -0.112567 0.000849
v 0.120512 -0.084615 0.001537
v 0.121177 -0.091911 0.001400
v 0.103097 -0.095944 0.000880
v 0.103257 -0.103278 0.001051
v 0.121275 -0.081619 0.008798
v 0.103085 -0.093782 0.008811
v 0.138224 -0.090707 0.007947
v 0.093387 -0.089656 0.008309
v 0.133749 -0.090002 0.000904
v 0.134516 -0.098275 0.000689
v 0.096244 -0.100907 0.000725
v 0.095947 -0.093481 0.000764
v 0.118441 -0.067394 0.001558
v 0.119291 -0.074301 0.001242
v 0.127692 -0.069027 0.001282
v 0.108742 -0.078581 0.001309
v 0.109011 -0.079388 0.001330
v 0.119212 -0.063565 0.009727
v 0.133042 -0.067864 0.008701
v 0.120571 -0.076134 0.008935
v 0.105118 -0.082948 0.008919
v 0.117057 -0.052443 0.003599
v 0.118597 -0.060646 0.002187
v 0.106334 -0.060756 0.002806
v 0.109622 -0.068368 0.001781
v 0.099541 -0.079743 0.001362
v 0.103246 -0.078926 0.001400
v 0.116482 -0.048216 0.012413
v 0.105524 -0.056993 0.011257
v 0.111698 -0.071439 0.009075
v 0.093113 -0.085488 0.006625
v 0.128316 -0.051179 0.010777
v 0.126221 -0.053988 0.002730
v 0.128888 -0.062997 0.001681
v 0.111445 -0.042054 0.005865
v 0.114388 -0.045869 0.004899
v 0.100241 -0.049894 0.005003
v 0.104018 -0.054861 0.003775
v 0.094387 -0.066434 0.002472
v 0.098016 -0.068338 0.002164
v 0.094321 -0.080938 0.001296
v 0.094935 -0.080858 0.001300
v 0.110678 -0.042009 0.011705
v 0.097979 -0.049693 0.010856
v 0.095085 -0.058521 0.010739
v 0.100129 -0.070330 0.009925
v 0.116457 -0.030646 0.013476
v 0.116545 -0.033996 0.007411
v 0.123278 -0.045886 0.004375
v 0.079228 -0.110299 0.000410
v 0.079675 -0.119262 0.000620
v 0.083008 -0.121425 0.000628
v 0.089931 -0.117745 0.000076
v 0.068817 -0.118694 0.000718
v 0.076828 -0.122268 0.001032
v 0.079175 -0.105817 0.008006
v 0.080099 -0.122669 0.007431
v 0.064450 -0.117660 0.008131
v 0.078934 -0.129769 0.007726
v 0.064968 -0.129096 0.008135
v 0.085968 -0.129017 0.007335
v 0.075702 -0.128041 0.001776
v 0.068247 -0.128290 0.001799
v 0.091290 -0.126470 0.000999
v 0.087045 -0.127022 0.001166
v 0.081336 -0.103139 0.000475
v 0.082372 -0.104963 0.000376
v 0.073760 -0.097121 0.001173
v 0.067334 -0.102430 0.001033
v 0.074742 -0.094701 0.008640
v 0.064822 -0.100904 0.008667
v 0.083021 -0.094179 0.008389
v 0.062496 -0.114211 0.008569
v 0.083525 -0.096667 0.000712
v 0.089319 -0.101668 0.000205
v 0.076283 -0.103239 0.001014
v 0.075347 -0.105220 0.001075
v 0.065588 -0.112032 0.000582
v 0.049279 -0.113271 0.001505
v 0.049037 -0.120260 0.001843
v 0.059716 -0.119047 0.000884
v 0.059942 -0.124604 0.001513
v 0.050157 -0.100046 0.001617
v 0.049580 -0.107076 0.001502
v 0.063592 -0.105526 0.008468
v 0.059648 -0.105100 0.001014
v 0.058711 -0.112077 0.001095
v 0.052144 -0.068562 0.002592
v 0.049764 -0.077835 0.002090
v 0.063922 -0.073843 0.010805
v 0.063535 -0.087499 0.008711
v 0.060689 -0.075200 0.001833
v 0.060010 -0.081657 0.001792
v 0.058231 -0.054449 0.004148
v 0.054223 -0.061954 0.003118
v 0.069120 -0.060006 0.010816
v 0.064678 -0.060734 0.002938
v 0.065320 -0.041176 0.006680
v 0.061301 -0.047778 0.005190
v 0.073379 -0.043082 0.013983
v 0.070012 -0.044528 0.006072
v 0.067781 -0.054357 0.004012
v 0.070132 -0.027807 0.009793
v 0.074023 -0.029410 0.009484
v 0.077126 -0.028287 0.016657
v 0.072275 -0.037437 0.007725
v 0.068142 -0.033777 0.008311
v 0.080445 -0.067284 0.002230
v 0.078945 -0.077174 0.001515
v 0.081878 -0.079436 0.001426
v 0.088738 -0.075736 0.001481
v 0.068203 -0.076310 0.001723
v 0.075836 -0.080112 0.001562
v 0.081048 -0.063301 0.010510
v 0.093290 -0.072781 0.009497
v 0.079264 -0.080952 0.009036
v 0.078456 -0.081916 0.009031
v 0.077858 -0.088464 0.008794
v 0.085068 -0.087702 0.008593
v 0.074471 -0.086050 0.001487
v 0.066306 -0.085856 0.001730
v 0.085759 -0.085089 0.001269
v 0.082778 -0.051335 0.004662
v 0.081203 -0.060341 0.002966
v 0.083595 -0.047461 0.013351
v 0.090934 -0.058503 0.003505
v 0.089556 -0.067211 0.002402
v 0.068909 -0.068131 0.002198
v 0.071693 -0.059317 0.003191
v 0.084940 -0.038753 0.007351
v 0.084064 -0.044219 0.005927
v 0.085639 -0.035247 0.015402
v 0.093829 -0.049188 0.005671
v 0.092696 -0.052798 0.004625
v 0.072917 -0.052446 0.004503
v 0.074946 -0.043844 0.006326
v 0.085618 -0.022885 0.010916
v 0.085073 -0.031666 0.008869
v 0.085925 -0.018633 0.015634
v 0.096218 -0.028277 0.013920
v 0.091337 -0.040038 0.011682
v 0.093174 -0.028075 0.009747
v 0.090190 -0.035070 0.008335
v 0.076283 -0.036740 0.007934
v 0.078156 -0.028824 0.009644
v 0.091718 -0.011510 0.011828
v 0.089065 -0.017898 0.011707
v 0.093798 -0.010277 0.014810
v 0.100972 -0.016116 0.016295
v 0.098012 -0.016503 0.011921
v 0.094821 -0.022996 0.010610
v 0.101124 -0.004105 0.011681
v 0.097366 -0.009322 0.012064
v 0.102331 -0.001630 0.016386
v 0.098887 -0.013957 0.014837
v 0.107955 -0.006854 0.015892
v 0.094416 -0.002791 0.014991
v 0.105728 -0.007561 0.012244
v 0.101943 -0.013389 0.012171
v 0.093302 -0.007429 0.011908
v 0.094805 -0.004637 0.011467
v 0.106283 0.005723 0.009490
v 0.103616 -0.000058 0.011067
v 0.107315 0.008774 0.014126
v 0.114882 0.003624 0.014066
v 0.099320 0.007492 0.013038
v 0.112412 0.001927 0.010592
v 0.108719 -0.003784 0.011858
v 0.097878 -0.000849 0.010786
v 0.099957 0.004386 0.009407
v 0.111188 0.015549 0.005121
v 0.108531 0.009627 0.008055
v 0.112193 0.019376 0.010483
v 0.121388 0.014041 0.010746
v 0.102288 0.016728 0.009569
v 0.118212 0.011137 0.007102
v 0.115020 0.006082 0.009094
v 0.102366 0.008239 0.008008
v 0.103776 0.013215 0.005544
v 0.115035 0.027965 0.002179
v 0.113071 0.021395 0.003012
v 0.115879 0.031214 0.008644
v 0.126586 0.023288 0.008979
v 0.103570 0.026809 0.007083
v 0.122915 0.021622 0.002640
v 0.120293 0.016632 0.004968
v 0.104963 0.019176 0.003391
v 0.105525 0.024697 0.002088
v 0.115740 0.038229 0.001657
v 0.115705 0.032974 0.001592
v 0.115850 0.040770 0.007865
v 0.128159 0.032114 0.001635
v 0.125034 0.027055 0.001721
v 0.106080 0.029959 0.001708
v 0.105839 0.035876 0.001702
v 0.116126 0.050657 0.001665
v 0.115747 0.043385 0.001646
v 0.116433 0.053833 0.007916
v 0.102169 0.049320 0.006115
v 0.129707 0.045277 0.001657
v 0.128216 0.037800 0.001645
v 0.105665 0.041195 0.001695
v 0.105049 0.047476 0.001695
v 0.116084 0.062734 0.001769
v 0.116377 0.055710 0.001617
v 0.116303 0.065232 0.008547
v 0.099920 0.060753 0.006084
v 0.128287 0.057349 0.001648
v 0.129327 0.050812 0.001689
v 0.104486 0.051904 0.001689
v 0.103351 0.058806 0.001682
v 0.070690 -0.002665 0.009748
v 0.073214 -0.007622 0.011182
v 0.069562 0.000175 0.016200
v 0.074469 -0.009062 0.018035
v 0.077626 0.001906 0.014389
v 0.081579 -0.006329 0.016176
v 0.065537 -0.013856 0.015173
v 0.061049 -0.005155 0.014173
v 0.077344 -0.001880 0.010328
v 0.077331 -0.002042 0.009811
v 0.078956 -0.006531 0.011102
v 0.069004 -0.011425 0.011153
v 0.066503 -0.006630 0.010549
v 0.064947 0.009002 0.005560
v 0.068490 0.001938 0.008486
v 0.063279 0.012735 0.011864
v 0.072946 0.012365 0.010469
v 0.056623 0.004476 0.013177
v 0.072557 0.007565 0.006000
v 0.074918 0.001859 0.008351
v 0.063767 -0.002695 0.009374
v 0.059600 0.002396 0.007788
v 0.059899 0.018742 0.002924
v 0.062789 0.013629 0.003865
v 0.061116 0.022321 0.007341
v 0.070327 0.021523 0.007382
v 0.068948 0.017698 0.002502
v 0.070405 0.012662 0.004098
v 0.056736 0.007117 0.006147
v 0.053095 0.010912 0.004463
v 0.054400 0.029747 0.002234
v 0.057010 0.024057 0.002247
v 0.053502 0.032002 0.010106
v 0.065596 0.028872 0.002047
v 0.050652 0.016065 0.003379
v 0.046988 0.021148 0.002678
v 0.051493 0.043202 0.002159
v 0.052794 0.035520 0.002175
v 0.051053 0.045876 0.010166
v 0.066154 0.041866 0.007722
v 0.063486 0.039474 0.002119
v 0.063925 0.034073 0.002095
v 0.044550 0.026785 0.002655
v 0.042156 0.034055 0.002638
v 0.049576 0.055063 0.002268
v 0.050517 0.047969 0.002218
v 0.049054 0.058613 0.010185
v 0.064611 0.053492 0.007570
v 0.062350 0.051225 0.002113
v 0.062968 0.044827 0.002142
v 0.040538 0.039902 0.002654
v 0.038292 0.048783 0.002647
v 0.048989 0.066846 0.002205
v 0.049016 0.060504 0.002181
v 0.048674 0.070168 0.010238
v 0.063715 0.059905 0.007507
v 0.060770 0.059580 0.002092
v 0.061060 0.056291 0.002102
v 0.037517 0.054951 0.002693
v 0.036604 0.061639 0.002705
v 0.049795 0.078808 0.001967
v 0.048731 0.071831 0.002104
v 0.050388 0.084001 0.001851
v 0.051957 0.086833 0.009839
v 0.064481 0.066663 0.008015
v 0.064394 0.073065 0.007910
v 0.061346 0.068841 0.002063
v 0.060901 0.063505 0.002087
v 0.035879 0.067334 0.002633
v 0.035892 0.077801 0.002667
v 0.040422 0.086969 0.002374
v 0.061089 0.073541 0.002079
v 0.118484 0.076187 0.001710
v 0.120149 0.072276 0.001661
v 0.126984 0.073827 0.001876
v 0.125923 0.076971 0.001913
v 0.115550 0.079100 0.006719
v 0.118752 0.071689 0.006704
v 0.121912 0.066725 0.009750
v 0.128065 0.070671 0.001857
v 0.122370 0.069300 0.001650
v 0.116022 0.084183 0.001759
v 0.117453 0.079769 0.001746
v 0.121964 0.080173 0.001793
v 0.120380 0.085501 0.001790
v 0.112285 0.086502 0.006689
v 0.119147 0.086775 0.010013
v 0.121923 0.078978 0.009991
v 0.123442 0.086246 0.001988
v 0.125282 0.080131 0.001960
v 0.113535 0.088019 0.001699
v 0.118327 0.088109 0.001812
v 0.116411 0.093935 0.001758
v 0.115597 0.095154 0.006474
v 0.119852 0.094563 0.002001
v 0.121503 0.089007 0.002033
v 0.107744 0.073775 0.001842
v 0.109004 0.070511 0.001868
v 0.113318 0.070970 0.001806
v 0.111358 0.076217 0.001795
v 0.105209 0.074880 0.004795
v 0.110568 0.077332 0.006391
v 0.113812 0.069809 0.009440
v 0.107675 0.069325 0.006117
v 0.114285 0.078067 0.001751
v 0.116552 0.072067 0.001758
v 0.104217 0.079808 0.001856
v 0.109798 0.078384 0.001832
v 0.107934 0.082571 0.001787
v 0.102377 0.080970 0.006082
v 0.107191 0.083667 0.006395
v 0.110872 0.084798 0.001805
v 0.113209 0.079523 0.001766
v 0.100554 0.085368 0.001731
v 0.102469 0.081941 0.001804
v 0.106362 0.084598 0.001768
v 0.104485 0.088205 0.001612
v 0.098743 0.086385 0.005061
v 0.103924 0.089313 0.006188
v 0.107676 0.090567 0.001587
v 0.109499 0.086798 0.001748
v 0.092938 0.078407 0.001676
v 0.096488 0.073731 0.001682
v 0.101030 0.074235 0.001730
v 0.096674 0.080775 0.001685
v 0.089047 0.078650 0.005691
v 0.095416 0.083120 0.005737
v 0.102646 0.071729 0.009210
v 0.094821 0.071199 0.008487
v 0.099422 0.083287 0.001772
v 0.103501 0.074213 0.001782
v 0.106535 0.105750 0.002912
v 0.109231 0.102198 0.002380
v 0.097830 0.104001 0.002945
v 0.100684 0.099719 0.002419
v 0.105009 0.105979 0.011424
v 0.110302 0.100293 0.010731
v 0.093532 0.104164 0.008197
v 0.100252 0.097582 0.007469
v 0.111875 0.108538 0.003605
v 0.115825 0.104464 0.002912
v 0.098661 0.112516 0.004324
v 0.102775 0.108473 0.003323
v 0.090049 0.109754 0.003832
v 0.093421 0.106084 0.003229
v 0.096969 0.111893 0.012701
v 0.084880 0.110311 0.009636
v 0.104878 0.114828 0.005004
v 0.108151 0.111609 0.004090
v 0.091329 0.118483 0.006132
v 0.094505 0.113975 0.004651
v 0.081165 0.115341 0.005695
v 0.085022 0.112133 0.004473
v 0.092046 0.118874 0.014338
v 0.076010 0.113436 0.010764
v 0.096938 0.120256 0.006703
v 0.100746 0.117131 0.005710
v 0.082284 0.122994 0.007489
v 0.081723 0.118965 0.006241
v 0.090363 0.121076 0.006655
v 0.090772 0.121742 0.006902
v 0.067970 0.119904 0.007290
v 0.075086 0.116122 0.005750
v 0.083026 0.116340 0.013755
v 0.089459 0.092578 0.001855
v 0.092330 0.090028 0.001699
v 0.096705 0.092847 0.001812
v 0.092277 0.096692 0.002120
v 0.089267 0.091128 0.006597
v 0.090928 0.098430 0.009859
v 0.098125 0.091730 0.006668
v 0.092217 0.087330 0.006567
v 0.093446 0.100712 0.002702
v 0.098136 0.096632 0.002093
v 0.080174 0.100316 0.002540
v 0.084783 0.097175 0.002150
v 0.089221 0.100129 0.002450
v 0.084258 0.103666 0.002908
v 0.077792 0.099386 0.007458
v 0.082617 0.104869 0.010683
v 0.085468 0.107964 0.003545
v 0.090652 0.104160 0.002952
v 0.071305 0.106148 0.003338
v 0.076162 0.103502 0.002836
v 0.080303 0.106592 0.003148
v 0.075346 0.109419 0.003834
v 0.066055 0.104818 0.008848
v 0.072608 0.109253 0.012222
v 0.075910 0.112755 0.004773
v 0.081962 0.111330 0.004132
v 0.058925 0.111202 0.005116
v 0.064562 0.116463 0.006368
v 0.057121 0.107848 0.010109
v 0.068167 0.116694 0.011655
v 0.050860 0.112722 0.006680
v 0.071775 0.112560 0.004975
v 0.067594 0.107525 0.003768
v 0.050853 0.112796 0.006233
v 0.059704 0.117748 0.007086
v 0.079223 0.083779 0.001732
v 0.086669 0.091143 0.001624
v 0.078392 0.095976 0.002025
v 0.062209 0.102762 0.003159
v 0.055116 0.089859 0.001747
v 0.080207 0.080584 0.006743
v 0.042786 0.096293 0.003183
v 0.049117 0.106816 0.004877
v 0.075374 -0.012594 0.011308
v 0.076977 -0.022956 0.010557
v 0.081563 -0.011204 0.011513
v 0.083321 -0.017064 0.011514
v 0.071287 -0.021770 0.010833
v 0.070396 -0.015680 0.011222
v 0.139148 -0.123136 0.001493
v 0.138851 -0.134465 0.004269
v 0.137307 -0.118547 0.007139
v 0.142528 -0.121292 0.001372
v 0.146035 -0.132023 0.003572
v 0.127525 -0.126111 0.001947
v 0.127697 -0.126717 0.002085
v 0.134663 -0.122749 0.001108
v 0.134504 -0.130169 0.002943
v 0.105465 -0.132293 0.002863
v 0.105811 -0.136520 0.003912
v 0.097119 -0.134512 0.002777
v 0.097216 -0.134823 0.002894
v 0.104418 -0.130429 0.008680
v 0.118660 -0.128676 0.002446
v 0.118670 -0.129110 0.002532
v 0.125336 -0.081210 0.001232
v 0.132572 -0.076871 0.001207
v 0.135344 -0.073376 0.008796
v 0.133915 -0.085063 0.001149
v 0.102620 -0.088222 0.001421
v 0.103145 -0.091469 0.001510
v 0.097018 -0.089118 0.001134
v 0.097102 -0.089471 0.001143
v 0.101970 -0.088014 0.008800
v 0.112514 -0.084855 0.001346
v 0.112526 -0.085276 0.001343
v 0.137291 -0.076350 0.001285
v 0.140157 -0.074722 0.001357
v 0.139893 -0.091160 0.000768
v 0.145021 -0.088880 0.000982
v 0.140729 -0.069671 0.008883
v 0.148426 -0.089083 0.008403
v 0.151302 -0.104521 0.007674
v 0.147621 -0.102555 0.000663
v 0.141857 -0.105060 0.000594
v 0.151880 -0.090481 0.001000
v 0.153489 -0.098772 0.000804
v 0.161593 -0.084269 0.001405
v 0.162367 -0.091630 0.001179
v 0.144841 -0.068687 0.001531
v 0.147787 -0.075689 0.001609
v 0.145603 -0.081015 0.008655
v 0.155156 -0.060967 0.001978
v 0.157276 -0.067844 0.001684
v 0.149674 -0.080724 0.001482
v 0.151037 -0.085072 0.001503
v 0.159205 -0.072913 0.001599
v 0.160333 -0.078496 0.001531
v 0.142280 -0.048380 0.003055
v 0.150055 -0.041441 0.004157
v 0.139241 -0.050394 0.010519
v 0.143596 -0.059296 0.009359
v 0.138004 -0.040204 0.004385
v 0.146029 -0.034609 0.005440
v 0.135095 -0.042873 0.011890
v 0.129938 -0.029393 0.007327
v 0.136363 -0.021545 0.008800
v 0.127992 -0.033436 0.014367
v 0.118835 -0.027139 0.014239
v 0.128530 -0.014237 0.017500
v 0.118619 -0.030131 0.008237
v 0.119275 -0.028462 0.008639
v 0.129749 -0.049601 0.003193
v 0.133867 -0.046044 0.003563
v 0.123080 -0.037468 0.006020
v 0.125977 -0.034360 0.006541
v 0.122445 -0.039637 0.013321
v 0.139488 -0.057350 0.002043
v 0.134035 -0.061646 0.001728
v 0.080190 -0.179750 0.025945
v 0.076869 -0.174047 0.020285
v 0.071927 -0.167770 0.015150
v 0.068404 -0.160995 0.010903
v 0.065718 -0.152726 0.007844
v 0.062908 -0.144330 0.005068
v 0.069797 -0.146169 0.005152
v 0.072289 -0.153537 0.007722
v 0.080838 -0.144951 0.004800
v 0.080604 -0.143802 0.004467
v 0.096314 -0.151553 0.007185
v 0.094353 -0.144361 0.004503
v 0.075201 -0.159713 0.009865
v 0.078095 -0.165804 0.013642
v 0.080346 -0.171105 0.017741
v 0.082521 -0.175470 0.022694
v 0.084312 -0.180971 0.027469
v 0.086429 -0.185179 0.032574
v 0.105938 -0.187875 0.038461
v 0.105314 -0.183633 0.032067
v 0.132157 -0.183929 0.041232
v 0.101150 -0.171381 0.018734
v 0.103013 -0.177066 0.024288
v 0.096395 -0.157809 0.009577
v 0.099320 -0.164828 0.013811
v 0.066865 -0.113274 0.000677
v 0.090905 -0.111891 0.000001
v 0.130806 -0.114841 0.001078
v 0.128235 -0.016603 0.010487
v 0.122201 -0.023927 0.009299
v 0.135379 -0.035878 0.005455
v 0.143768 -0.029818 0.006470
v 0.140400 -0.044442 0.003664
v 0.147913 -0.037905 0.004728
v 0.144942 -0.053765 0.002493
v 0.151957 -0.048325 0.003008
v 0.094028 -0.184391 0.032179
v 0.095891 -0.189161 0.038872
v 0.096332 -0.187114 0.042554
v 0.109009 -0.188855 0.056362
v 0.088375 -0.188544 0.038170
v 0.092962 -0.190139 0.043308
v 0.104899 -0.190784 0.049090
v 0.105691 -0.189493 0.042510
v 0.102549 -0.190772 0.051760
v 0.103996 -0.190362 0.057377
v 0.107914 -0.190139 0.057242
v 0.101398 -0.190233 0.056861
v 0.105244 -0.188153 0.062587
v 0.108453 -0.188258 0.062787
v 0.105806 -0.186234 0.066509
v 0.108236 -0.186021 0.066891
v 0.102537 -0.186486 0.065803
v 0.099837 -0.186672 0.064924
v 0.100462 -0.188034 0.061778
v 0.103203 -0.188247 0.062138
v 0.104021 -0.189351 0.055838
v 0.101952 -0.189208 0.049131
v 0.100602 -0.188454 0.056087
v 0.108851 -0.186974 0.061404
v 0.104656 -0.187089 0.061243
v 0.118447 -0.188497 0.046509
v 0.117342 -0.189587 0.051440
v 0.116970 -0.189379 0.054283
v 0.116320 -0.188965 0.057348
v 0.109489 -0.189486 0.058846
v 0.109301 -0.188025 0.061759
v 0.115922 -0.188258 0.059115
v 0.115145 -0.186943 0.062106
v 0.114834 -0.186474 0.063283
v 0.113889 -0.184537 0.067322
v 0.116958 -0.188564 0.052426
v 0.115940 -0.187666 0.056859
v 0.114895 -0.185767 0.061349
v 0.108972 -0.189188 0.051638
v 0.109660 -0.190940 0.054113
v 0.109681 -0.190328 0.057084
v 0.109903 -0.191304 0.051042
v 0.110688 -0.190344 0.046155
v 0.125881 -0.187325 0.051918
v 0.127275 -0.186858 0.048625
v 0.122355 -0.187184 0.057149
v 0.124320 -0.187349 0.055154
v 0.120348 -0.185651 0.061951
v 0.121493 -0.187073 0.059964
v 0.119686 -0.185332 0.063359
v 0.118558 -0.184012 0.066333
v 0.109154 -0.187432 0.062964
v 0.108890 -0.185314 0.066840
v 0.095778 -0.189470 0.055252
v 0.098474 -0.187807 0.060989
v 0.094203 -0.190142 0.049933
v 0.099796 -0.188754 0.046533
v 0.099243 -0.188892 0.057790
v 0.097477 -0.190413 0.053199
v 0.094969 -0.188155 0.045843
v 0.095393 -0.189930 0.047245
v 0.099838 -0.190269 0.048896
v 0.101082 -0.190541 0.051024
v 0.096508 -0.189603 0.044754
v 0.066453 0.022590 0.002013
v 0.089993 -0.044728 0.006356
v 0.102919 -0.070256 0.002093
v 0.066517 -0.107211 0.000842
v 0.063975 -0.112716 0.008406
v 0.045285 -0.088717 0.010939
v 0.117285 0.067579 0.011674
v 0.107934 0.068602 0.011105
v 0.100823 0.067185 0.010046
v 0.156821 -0.046003 0.012227
v 0.157770 -0.049478 0.034664
v 0.155994 -0.049288 0.035490
v 0.153305 -0.049580 0.055026
v 0.147127 -0.051438 0.073209
v 0.137185 -0.054307 0.089108
v 0.103577 -0.063998 0.105621
v 0.066666 -0.061543 0.089425
v 0.055596 -0.060882 0.073440
v 0.049631 -0.059987 0.055173
v 0.049356 -0.059371 0.036205
v 0.045437 -0.086878 0.030404
v 0.047826 -0.086066 0.033031
v 0.050177 -0.086582 0.050759
v 0.057186 -0.086526 0.067332
v 0.069026 -0.083375 0.081490
v 0.106164 -0.086383 0.092948
v 0.139358 -0.080630 0.080600
v 0.151438 -0.077733 0.066535
v 0.159075 -0.075090 0.049525
v 0.161658 -0.073557 0.032131
v 0.165627 -0.115353 0.029200
v 0.164153 -0.116191 0.042196
v 0.154892 -0.116976 0.059062
v 0.141578 -0.117610 0.071824
v 0.123815 -0.118635 0.079189
v 0.108366 -0.120165 0.079767
v 0.093528 -0.121647 0.078365
v 0.072593 -0.123469 0.072350
v 0.059184 -0.125110 0.062231
v 0.050095 -0.126520 0.048033
v 0.047459 -0.123320 0.031824
v 0.045459 -0.123962 0.029383
v 0.110216 0.079224 0.081320
v 0.112048 0.075518 0.116145
v 0.117117 0.077542 0.121179
v 0.121049 0.080674 0.120038
v 0.119511 0.082741 0.113566
v 0.123010 0.085088 0.098204
v 0.123709 0.086345 0.081645
v 0.123179 0.087255 0.063103
v 0.122623 0.086033 0.046940
v 0.037022 0.065088 0.047300
v 0.037227 0.066310 0.063915
v 0.037519 0.066241 0.080848
v 0.038387 0.066160 0.095901
v 0.040597 0.065962 0.109943
v 0.040244 0.064536 0.116009
v 0.045084 0.063192 0.118198
v 0.051650 0.063184 0.113428
v 0.057455 0.066787 0.079244
v 0.132079 0.058553 0.045384
v 0.132137 0.059610 0.061596
v 0.132278 0.060195 0.078077
v 0.131182 0.061033 0.093073
v 0.126848 0.061756 0.105836
v 0.128863 0.060942 0.112789
v 0.124451 0.059619 0.114152
v 0.119150 0.058555 0.109080
v 0.115943 0.056559 0.077886
v 0.083741 0.119891 0.054931
v 0.084634 0.121249 0.072725
v 0.085905 0.119320 0.091593
v 0.049244 -0.029861 0.059850
v 0.053848 -0.032667 0.080945
v 0.064933 -0.036661 0.100612
v 0.133326 -0.028375 0.100897
v 0.141709 -0.022079 0.082254
v 0.146598 -0.019633 0.061800
v 0.148307 -0.020238 0.040794
v 0.137208 0.031289 0.023088
v 0.139570 0.029804 0.043246
v 0.138493 0.028784 0.045238
v 0.138782 0.029832 0.062765
v 0.137559 0.031119 0.080140
v 0.134758 0.033501 0.095362
v 0.130542 0.036801 0.108364
v 0.131225 0.038068 0.114564
v 0.126215 0.038372 0.116258
v 0.120800 0.037363 0.110174
v 0.119940 0.027725 0.077785
v 0.064119 0.016083 0.078515
v 0.056023 0.030769 0.111999
v 0.047406 0.028922 0.116637
v 0.043186 0.027366 0.116196
v 0.043118 0.025274 0.109687
v 0.042568 0.022144 0.095279
v 0.042052 0.019217 0.079097
v 0.041553 0.018255 0.061332
v 0.041723 0.019445 0.043873
v 0.039612 0.020402 0.042631
v 0.043870 0.015918 0.025754
v 0.051302 0.106039 0.091400
v 0.050141 0.107420 0.072698
v 0.051100 0.107176 0.053845
v 0.049580 0.108957 0.053115
v 0.048518 0.108758 0.032615
v 0.089893 -0.010516 0.116436
v 0.095707 -0.010247 0.117288
v 0.101875 -0.007219 0.116422
v 0.084183 -0.007145 0.107997
v 0.086375 -0.009675 0.112943
v 0.104567 -0.004188 0.112608
v 0.081015 -0.004241 0.102924
v 0.106936 -0.001154 0.109359
v 0.110164 0.003377 0.104508
v 0.114718 0.007901 0.098023
v 0.109647 0.009344 0.102342
v 0.097915 0.066456 0.009610
v 0.087354 -0.183213 0.047256
v 0.088295 -0.183478 0.054431
v 0.047661 -0.066820 0.012917
v 0.061009 -0.068876 0.005760
v 0.102215 0.093589 0.008826
v 0.105490 0.094498 0.008879
v 0.110075 0.095700 0.008841
v 0.118663 -0.000891 0.134941
v 0.122149 -0.097825 0.083341
v 0.122691 -0.099646 0.086736
v 0.124520 -0.097756 0.085015
v 0.124290 -0.084811 0.090735
v 0.119963 -0.044438 0.105018
v 0.120056 -0.054421 0.101483
v 0.104259 0.037882 0.005456
v 0.066653 0.031781 0.006678
v 0.123916 -0.074132 0.094790
v 0.122005 -0.073850 0.092578
v 0.126212 0.006380 0.133901
v 0.128281 0.006059 0.126132
v 0.083553 -0.067136 0.096848
v 0.092931 -0.101471 0.084134
v 0.089973 -0.101249 0.083963
v 0.092192 -0.104473 0.088080
v 0.088193 -0.087405 0.088890
v 0.078650 -0.040064 0.114913
v 0.080395 -0.037174 0.113577
v 0.076941 -0.027823 0.123621
v 0.077702 -0.016397 0.130815
v 0.074327 -0.017394 0.131627
v 0.084670 -0.074388 0.094121
v 0.083179 -0.074191 0.094456
v 0.107307 -0.102983 0.090043
v 0.075563 -0.020464 0.133085
v 0.105752 -0.025431 0.133730
v 0.075943 -0.022055 0.128962
v 0.078427 -0.031155 0.119889
v 0.079410 -0.042173 0.112943
v 0.080873 -0.040493 0.110841
v 0.119980 -0.036751 0.111193
v 0.121184 -0.037218 0.111995
v 0.121658 -0.044952 0.107128
v 0.102428 -0.052018 0.111163
v 0.082396 -0.048641 0.105012
v 0.080593 -0.049649 0.106432
v 0.078116 -0.048825 0.105910
v 0.072217 -0.048110 0.102476
v 0.080631 -0.052666 0.104190
v 0.082478 -0.052237 0.103345
v 0.102627 -0.057004 0.108597
v 0.122971 -0.054174 0.102726
v 0.123318 -0.068360 0.096936
v 0.121576 -0.067855 0.094448
v 0.115332 -0.072456 0.096176
v 0.123846 -0.078927 0.093146
v 0.122287 -0.077575 0.092497
v 0.104531 -0.078590 0.099319
v 0.086561 -0.082286 0.089950
v 0.085125 -0.083442 0.090860
v 0.122355 -0.084559 0.088531
v 0.106489 -0.093366 0.091086
v 0.121949 -0.093452 0.084855
v 0.100107 -0.090230 0.091822
v 0.089494 -0.093734 0.086801
v 0.087865 -0.094000 0.087550
v 0.069921 -0.009521 0.135288
v 0.075090 -0.009640 0.134930
v 0.112588 0.092830 0.001642
v 0.109172 0.093306 0.006478
v 0.078807 -0.025999 0.122231
v 0.077275 -0.029490 0.125520
v 0.092955 -0.025846 0.129473
v 0.094197 -0.027286 0.133222
v 0.114428 -0.013818 0.134526
v 0.115269 -0.016056 0.134930
v 0.099258 -0.025399 0.134881
v 0.098866 -0.022401 0.134157
v 0.120419 -0.008603 0.132474
v 0.122742 -0.010053 0.132818
v 0.123334 -0.007741 0.131957
v 0.126025 -0.001344 0.127656
v 0.120485 -0.012840 0.128183
v 0.122309 -0.012158 0.131039
v 0.114931 -0.015919 0.129989
v 0.116085 -0.017638 0.133182
v 0.106143 -0.022959 0.130780
v 0.076016 -0.022890 0.131095
v 0.078250 -0.021178 0.126544
v 0.100086 -0.028245 0.132273
v 0.100089 -0.027906 0.128330
v 0.079303 -0.030370 0.118958
v 0.077508 -0.031828 0.123719
v 0.121528 -0.024769 0.123667
v 0.118639 -0.023830 0.121698
v 0.120855 -0.024607 0.120733
v 0.120087 -0.019952 0.123739
v 0.121334 -0.022028 0.124962
v 0.120618 -0.019977 0.123231
v 0.077743 -0.017825 0.130592
v 0.122140 -0.012345 0.128671
v 0.126774 -0.005095 0.125017
v 0.128501 -0.001647 0.121413
v 0.128246 -0.003067 0.128639
v 0.127505 0.000591 0.122360
v 0.128511 -0.005641 0.127416
v 0.129332 0.001802 0.119096
v 0.067348 -0.013661 0.125701
v 0.072011 -0.018869 0.125671
v 0.069408 -0.020432 0.129163
v 0.069517 -0.018009 0.130702
v 0.067102 -0.016219 0.123238
v 0.129064 -0.053965 0.097232
v 0.128882 -0.044247 0.100437
v 0.126539 -0.040777 0.103504
v 0.131979 -0.034917 0.107930
v 0.127646 -0.032256 0.107219
v 0.126209 -0.020976 0.114426
v 0.128446 -0.021308 0.117699
v 0.131927 -0.082587 0.085818
v 0.131722 -0.078186 0.087455
v 0.131378 -0.070299 0.090000
v 0.130753 -0.063043 0.092752
v 0.128426 -0.019374 0.119269
v 0.126046 -0.017934 0.117136
v 0.128022 -0.019174 0.112262
v 0.128115 -0.016815 0.113891
v 0.129199 -0.020294 0.115062
v 0.129265 -0.018147 0.116504
v 0.129606 -0.003121 0.123881
v 0.129086 -0.001040 0.124407
v 0.119583 -0.032074 0.114297
v 0.120695 -0.032627 0.114953
v 0.129897 -0.032289 0.105084
v 0.130768 -0.039233 0.099753
v 0.122438 -0.049083 0.104243
v 0.077286 -0.084470 0.085984
v 0.075700 -0.074155 0.089737
v 0.068851 -0.026387 0.114168
v 0.071136 -0.040307 0.107231
v 0.080668 -0.101116 0.080166
v 0.078702 -0.102732 0.078499
v 0.081142 -0.107946 0.078671
v 0.070977 -0.015426 0.128896
v 0.066838 -0.015542 0.128327
v 0.066862 -0.017927 0.126236
v 0.069098 -0.029010 0.112558
v 0.067997 -0.030989 0.116045
v 0.068041 -0.028633 0.117357
v 0.070575 -0.031769 0.119475
v 0.070460 -0.029430 0.121068
v 0.121042 -0.036800 0.114721
v 0.129556 -0.034246 0.109674
v 0.128469 -0.037331 0.110232
v 0.120623 -0.034226 0.115902
v 0.127066 -0.036124 0.108120
v 0.077456 -0.042366 0.109835
v 0.082833 -0.058076 0.100561
v 0.081004 -0.060079 0.101581
v 0.077532 -0.061946 0.097675
v 0.078021 -0.065542 0.095982
v 0.082150 -0.068113 0.097476
v 0.105074 -0.071821 0.101676
v 0.120842 -0.064695 0.097004
v 0.123492 -0.063624 0.098107
v 0.129561 -0.058883 0.093981
v 0.100790 -0.075369 0.098568
v 0.085964 -0.079258 0.092378
v 0.084425 -0.079694 0.092925
v 0.076681 -0.080337 0.087690
v 0.086699 -0.053661 0.104181
v 0.082702 -0.054280 0.102476
v 0.080885 -0.054593 0.102822
v 0.072608 -0.057473 0.096514
v 0.073088 -0.066000 0.092135
v 0.077837 -0.069778 0.093891
v 0.082779 -0.071778 0.095618
v 0.084325 -0.071780 0.095127
v 0.122225 -0.050181 0.103389
v 0.129081 -0.049738 0.097899
v 0.134466 -0.054472 0.092222
v 0.135396 -0.057856 0.089274
v 0.132232 -0.074815 0.088818
v 0.102736 -0.053399 0.112990
v 0.102016 -0.056786 0.110685
v 0.117057 -0.055199 0.106669
v 0.115665 -0.050357 0.112057
v 0.080472 -0.050639 0.107636
v 0.089188 -0.054657 0.108553
v 0.081182 -0.055866 0.104941
v 0.124605 -0.078756 0.096107
v 0.123876 -0.075314 0.097741
v 0.104853 -0.078111 0.103250
v 0.115338 -0.073609 0.101800
v 0.100688 -0.076544 0.103588
v 0.123078 -0.054840 0.103978
v 0.122187 -0.051474 0.105380
v 0.122490 -0.049396 0.107640
v 0.122418 -0.046814 0.108141
v 0.085179 -0.084995 0.096988
v 0.084314 -0.081281 0.098447
v 0.072922 -0.080760 0.085536
v 0.073618 -0.084970 0.084350
v 0.076381 -0.085126 0.090139
v 0.075730 -0.081004 0.091565
v 0.080393 -0.053140 0.106544
v 0.129261 -0.042610 0.105870
v 0.130614 -0.044539 0.103532
v 0.132994 -0.041074 0.103338
v 0.076668 -0.049800 0.108361
v 0.072602 -0.049140 0.105957
v 0.075987 -0.043924 0.113129
v 0.071672 -0.042012 0.111113
v 0.082925 -0.068643 0.099436
v 0.083348 -0.072624 0.097633
v 0.076638 -0.066578 0.099373
v 0.077179 -0.070570 0.096663
v 0.105072 -0.073670 0.104068
v 0.123693 -0.066093 0.101131
v 0.123549 -0.068639 0.100158
v 0.132126 -0.061959 0.097503
v 0.132392 -0.060068 0.097577
v 0.075846 -0.063047 0.101792
v 0.072975 -0.067404 0.096751
v 0.072475 -0.059477 0.100910
v 0.081257 -0.058894 0.104167
v 0.131235 -0.051509 0.100107
v 0.130774 -0.054684 0.099167
v 0.135722 -0.056559 0.097563
v 0.135978 -0.059976 0.095058
v 0.133315 -0.075703 0.092946
v 0.133683 -0.079375 0.091791
v 0.137794 -0.074729 0.089492
v 0.137662 -0.078414 0.089185
v 0.076728 -0.050491 0.102793
v 0.079888 -0.041748 0.111210
v 0.115606 -0.052301 0.107402
v 0.120417 -0.049411 0.103171
v 0.120347 -0.049714 0.102618
v 0.116332 -0.052570 0.110623
v 0.102884 -0.056287 0.112623
v 0.134119 -0.052241 0.099214
v 0.132931 -0.050103 0.094525
v 0.076081 -0.051416 0.105949
v 0.139380 -0.073506 0.085953
v 0.139008 -0.077513 0.084774
v 0.103545 -0.027388 0.127231
v 0.105021 -0.032453 0.123477
v 0.104802 -0.033023 0.121257
v 0.104667 -0.036199 0.119770
v 0.096209 -0.036210 0.121590
v 0.095910 -0.034004 0.122840
v 0.095208 -0.028317 0.126780
v 0.096808 -0.038459 0.117416
v 0.105469 -0.037912 0.116824
v 0.101083 -0.038394 0.117895
v 0.104816 -0.032955 0.123888
v 0.100612 -0.034148 0.125188
v 0.104612 -0.034251 0.122838
v 0.096205 -0.034412 0.124538
v 0.096810 -0.036654 0.122774
v 0.105099 -0.037465 0.120277
v 0.101239 -0.038310 0.121090
v 0.097177 -0.038722 0.120575
v 0.119442 -0.024446 0.120262
v 0.096575 -0.036712 0.118695
v 0.082260 -0.030305 0.122192
v 0.095784 -0.032857 0.123671
v 0.087523 -0.082919 0.089779
v 0.122019 -0.079299 0.091057
v 0.091140 -0.098243 0.084868
v 0.122170 -0.089337 0.086674
v 0.114103 -0.088600 0.090794
v 0.106431 -0.091889 0.094232
v 0.101704 -0.091362 0.093660
v 0.106004 -0.088927 0.095622
v 0.112318 -0.089579 0.094360
v 0.123248 -0.102923 0.085652
v 0.078627 -0.105881 0.077028
v 0.093131 -0.107425 0.086998
v 0.108133 -0.105931 0.088533
v 0.132611 -0.095782 0.081499
v 0.133183 -0.096661 0.082793
v 0.133934 -0.099772 0.082051
v 0.132667 -0.100371 0.079935
v 0.136604 -0.094942 0.078820
v 0.137170 -0.098046 0.077350
v 0.081972 -0.107918 0.083254
v 0.081790 -0.103950 0.084459
v 0.079346 -0.094839 0.082466
v 0.078943 -0.038205 0.113812
v 0.035945 -0.084196 0.836515
v -0.001650 -0.094145 0.832625
v 0.002198 -0.065551 0.793452
v 0.044311 -0.073998 0.779199
v 0.012308 -0.016591 0.765602
v 0.002937 -0.018980 0.774037
v 0.000227 0.035073 0.782059
v 0.003732 0.042097 0.762736
v 0.099013 -0.102897 0.836528
v 0.102465 -0.102974 0.792585
v 0.150506 -0.077790 0.804627
v 0.146552 -0.075654 0.849791
v 0.098646 0.137213 0.757044
v 0.146980 0.113334 0.765337
v 0.144229 0.115426 0.713288
v 0.097982 0.130498 0.707698
v 0.189812 -0.026405 0.776163
v 0.182151 -0.029810 0.819754
v 0.153582 -0.075641 0.763157
v 0.014336 -0.016650 0.734117
v 0.005526 0.040138 0.725920
v 0.175038 -0.029176 0.865167
v 0.144895 0.116425 0.818650
v 0.104126 0.145892 0.870181
v 0.142791 0.111449 0.863049
v 0.173338 0.077264 0.754900
v 0.188178 0.028118 0.788313
v 0.185617 0.031314 0.718543
v 0.105361 -0.101089 0.751300
v -0.000710 -0.098362 0.918351
v -0.000504 -0.102978 0.881291
v 0.024040 -0.100787 0.880864
v 0.025719 -0.104956 0.915775
v 0.082397 -0.082053 0.918141
v 0.092595 -0.096632 0.878936
v 0.143820 -0.074142 0.892221
v 0.138671 -0.073586 0.919504
v 0.140848 0.110376 0.910900
v 0.163866 0.068795 0.895126
v 0.161485 0.070833 0.849115
v 0.179492 0.023940 0.879691
v 0.176482 0.019510 0.928158
v 0.176234 -0.023734 0.909878
v -0.001801 0.150363 0.916471
v 0.042399 0.155314 0.917512
v 0.036661 0.139853 0.866868
v -0.001276 0.129179 0.866426
v -0.000053 0.084981 0.815305
v 0.022245 0.094256 0.798248
v 0.017259 0.087008 0.734063
v 0.046026 -0.060597 0.695619
v 0.044950 -0.071850 0.739176
v 0.008244 -0.017947 0.693842
v 0.104706 0.144465 0.917380
v 0.167020 0.072037 0.802227
v 0.190399 0.034265 0.658605
v 0.143673 0.116196 0.656246
v 0.189163 -0.020500 0.717887
v 0.180759 -0.017621 0.659014
v 0.107887 -0.092965 0.702245
v 0.104012 -0.074093 0.648490
v 0.150995 -0.055824 0.655324
v 0.154151 -0.067571 0.710077
v 0.018191 0.048834 0.642006
v 0.007145 0.045185 0.696013
v 0.035489 0.081760 0.696492
v 0.045599 0.086360 0.650841
v 0.099566 0.124372 0.653862
v 0.005621 -0.010996 0.641785
v 0.043853 -0.057109 0.643135
v 0.186382 0.040483 0.593067
v 0.174402 -0.010608 0.589018
v 0.146791 -0.047310 0.589877
v 0.098533 -0.059454 0.590030
v 0.039135 -0.052358 0.584729
v 0.046833 0.100133 0.590636
v 0.023099 0.045887 0.587991
v 0.098534 0.111871 0.590629
v 0.007522 -0.000150 0.586517
v 0.171783 0.073277 0.535659
v 0.145436 0.090971 0.538299
v 0.167181 -0.004008 0.538254
v 0.134959 -0.032260 0.530343
v 0.087005 -0.063662 0.529491
v 0.036723 -0.044965 0.531984
v 0.025794 0.054329 0.537130
v 0.044821 0.109691 0.536407
v 0.089459 0.133607 0.535293
v 0.011341 0.006791 0.533572
v 0.159529 0.054483 0.482915
v 0.158016 0.100966 0.487262
v 0.159105 0.010855 0.478873
v 0.082741 -0.054216 0.472488
v 0.123162 -0.009211 0.472973
v 0.035819 -0.038718 0.475854
v 0.046975 0.115300 0.492781
v 0.026977 0.062900 0.490401
v 0.085665 0.138275 0.491882
v 0.016379 0.014970 0.483695
v 0.167439 0.060569 0.428259
v 0.037611 -0.034974 0.423005
v 0.028522 0.071458 0.431095
v 0.025104 0.028800 0.429774
v 0.159517 0.067974 0.366306
v 0.156282 0.116138 0.369643
v 0.158288 0.109127 0.432721
v 0.086122 -0.033554 0.362181
v 0.037352 -0.027141 0.363590
v 0.038175 0.135869 0.439918
v 0.040570 0.136080 0.372864
v 0.020349 0.085920 0.371939
v 0.084018 0.155763 0.375235
v 0.086066 0.147114 0.437838
v 0.034019 0.040996 0.369496
v 0.155520 0.096376 0.306440
v 0.145839 0.064376 0.302017
v 0.138856 0.032145 0.301878
v 0.133584 -0.008514 0.301258
v 0.085135 -0.043203 0.305787
v 0.046890 -0.013660 0.307548
v 0.040425 0.130792 0.316435
v 0.016931 0.084604 0.315177
v 0.080355 0.153467 0.315137
v 0.038628 0.043499 0.309601
v 0.138696 0.094699 0.215626
v 0.154597 0.064166 0.215334
v 0.146888 0.111862 0.147999
v 0.153949 0.021651 0.214775
v 0.119854 -0.020666 0.204379
v 0.126763 -0.014964 0.257387
v 0.083740 -0.044950 0.256617
v 0.085167 -0.039619 0.207858
v 0.059730 0.002181 0.260013
v 0.049791 0.004024 0.210089
v 0.053921 0.113051 0.212789
v 0.015581 0.072353 0.272311
v 0.046285 0.125126 0.268053
v 0.080157 0.155000 0.267086
v 0.141397 0.093514 0.258434
v 0.031987 0.028921 0.216874
v 0.037719 0.042063 0.266566
v 0.159692 0.025042 0.131208
v 0.157906 0.068355 0.126629
v 0.132943 -0.031033 0.132162
v 0.118623 -0.009013 0.170852
v 0.088974 -0.036978 0.168888
v 0.031366 -0.012835 0.173141
v 0.021328 0.068838 0.168720
v 0.030133 0.069852 0.214474
v 0.083916 0.150141 0.215992
v 0.023243 0.027764 0.174740
v 0.141453 0.063798 0.071226
v 0.133390 0.092250 0.060871
v 0.144445 0.017219 0.091935
v 0.095536 -0.073291 0.123669
v 0.136989 -0.013339 0.106708
v 0.094042 -0.063732 0.143941
v 0.047621 -0.039168 0.134272
v 0.055171 -0.053431 0.111918
v 0.035409 0.117420 0.059679
v 0.053642 0.136800 0.058167
v 0.105487 0.129075 0.057931
v 0.035064 0.011791 0.085002
v 0.182077 0.023516 0.834502
v -0.001094 0.149908 0.952484
v 0.041264 0.156412 0.951719
v 0.103975 0.144445 0.953342
v 0.142913 0.110329 0.948853
v -0.048302 -0.091849 0.832677
v -0.037536 -0.072415 0.780976
v -0.007809 -0.018783 0.760166
v -0.006437 0.039125 0.766095
v -0.093396 -0.103377 0.835650
v -0.147124 -0.076064 0.844153
v -0.150888 -0.079303 0.796363
v -0.102089 -0.101902 0.782514
v -0.134740 0.114193 0.706710
v -0.132009 0.123862 0.751690
v -0.089996 0.137895 0.759801
v -0.091516 0.132684 0.704543
v -0.185609 -0.033435 0.758428
v -0.155382 -0.077212 0.749108
v -0.181709 -0.033842 0.802980
v -0.011065 -0.017059 0.726709
v -0.008831 0.040959 0.731954
v -0.176168 -0.032316 0.855386
v -0.134371 0.127530 0.795063
v -0.138975 0.124371 0.846685
v -0.097389 0.143421 0.861821
v -0.091172 0.132200 0.803792
v -0.175092 0.087285 0.747871
v -0.195863 0.017974 0.712870
v -0.192862 0.017000 0.766653
v -0.104317 -0.099269 0.740695
v -0.166055 -0.028846 0.914073
v -0.048559 -0.088182 0.882311
v -0.044689 -0.095660 0.920171
v -0.138918 -0.074713 0.904965
v -0.081887 -0.092033 0.852905
v -0.097990 -0.083361 0.899642
v -0.164448 0.079689 0.829069
v -0.181652 0.022189 0.867504
v -0.044089 0.146083 0.865580
v -0.045311 0.154681 0.917141
v -0.024220 0.108746 0.797910
v -0.028339 0.089882 0.743983
v -0.051733 -0.065134 0.681240
v -0.048944 -0.071558 0.733245
v -0.100798 0.144674 0.910332
v -0.169539 0.087322 0.781344
v -0.195775 0.019701 0.655807
v -0.143118 0.113835 0.654989
v -0.184850 -0.021537 0.647417
v -0.186775 -0.029066 0.707935
v -0.159854 -0.059928 0.641865
v -0.111795 -0.075025 0.635444
v -0.106764 -0.087479 0.688593
v -0.159203 -0.068196 0.699146
v -0.013748 0.051139 0.642283
v -0.046076 0.090793 0.647413
v -0.035288 0.099725 0.701719
v -0.010848 0.043602 0.692941
v -0.093791 0.125722 0.648304
v -0.050797 -0.050348 0.633052
v -0.147851 0.121546 0.601206
v -0.184283 0.025711 0.592516
v -0.154375 -0.051718 0.581533
v -0.117218 -0.066865 0.577027
v -0.051256 -0.045044 0.577629
v -0.022604 0.052687 0.589086
v -0.059392 0.090206 0.592543
v -0.097789 0.118251 0.596362
v -0.139420 0.110196 0.540478
v -0.168337 0.037004 0.533207
v -0.175629 -0.008156 0.532149
v -0.145388 -0.041069 0.526515
v -0.109839 -0.061071 0.523577
v -0.051074 -0.042888 0.525608
v -0.028832 0.053316 0.538963
v -0.051310 0.108107 0.545193
v -0.102972 0.136716 0.543713
v -0.022605 -0.007988 0.529329
v -0.175335 0.046343 0.474225
v -0.146895 0.128054 0.477939
v -0.158855 0.006356 0.469867
v -0.133023 -0.020538 0.469267
v -0.107241 -0.052374 0.471681
v -0.030912 0.062637 0.488371
v -0.055171 0.121209 0.491861
v -0.102402 0.141013 0.487213
v -0.169730 0.055890 0.415572
v -0.147283 0.017323 0.413071
v -0.136362 -0.017654 0.411039
v -0.051033 -0.041803 0.411302
v -0.025561 0.002349 0.414766
v -0.050472 -0.042797 0.471692
v -0.020670 0.087596 0.429551
v -0.044671 0.141011 0.435367
v -0.098890 0.147061 0.430303
v -0.169826 0.059161 0.360707
v -0.139916 0.133134 0.426015
v -0.138936 0.141885 0.372602
v -0.137680 -0.012507 0.360110
v -0.052306 -0.037583 0.362445
v -0.025393 0.009881 0.369081
v -0.022754 0.087979 0.371458
v -0.047797 0.149851 0.376987
v -0.101482 0.154559 0.376839
v -0.136579 0.129440 0.301107
v -0.130091 0.127237 0.237193
v -0.167283 0.067628 0.239150
v -0.163295 0.060273 0.299568
v -0.147847 0.020712 0.272284
v -0.140346 0.035685 0.237312
v -0.134394 -0.010775 0.214799
v -0.060287 -0.003189 0.243172
v -0.054515 -0.015281 0.271684
v -0.133432 -0.007534 0.268681
v -0.036389 0.024862 0.240977
v -0.048257 0.135135 0.299646
v -0.021707 0.096275 0.296102
v -0.100425 0.149656 0.303513
v -0.100524 0.147710 0.240591
v -0.024015 0.019799 0.300787
v -0.025046 0.059403 0.233982
v -0.145949 0.055358 0.184986
v -0.058188 -0.036846 0.190177
v -0.033957 0.091847 0.235127
v -0.051671 0.137894 0.240453
v -0.041172 0.086853 0.203377
v -0.122238 0.099406 0.168865
v -0.141461 0.118756 0.131395
v -0.162756 0.076738 0.143788
v -0.157965 0.008400 0.185772
v -0.072716 -0.048558 0.169722
v -0.111801 -0.056502 0.142821
v -0.040040 -0.002400 0.143581
v -0.022923 0.087802 0.171885
v -0.060255 0.114934 0.157015
v -0.059813 0.118088 0.177271
v -0.118921 0.140796 0.131546
v -0.101552 -0.023454 0.184797
v -0.013135 0.051191 0.124275
v -0.020487 0.054699 0.096297
v -0.143942 0.074339 0.079980
v -0.154468 0.084382 0.108058
v -0.141807 0.112367 0.103784
v -0.138960 0.104617 0.074885
v -0.145083 -0.028772 0.102441
v -0.142932 -0.025386 0.125659
v -0.042376 -0.011953 0.105367
v -0.111935 -0.065936 0.117327
v -0.114004 0.130698 0.066347
v -0.047046 0.130046 0.057784
v -0.030770 0.098356 0.060580
v -0.034063 0.044472 0.077064
v -0.187027 0.018251 0.814184
v -0.046105 0.155556 0.955689
v -0.101428 0.144496 0.954217
v 0.156781 0.064915 0.256441
v 0.141100 0.028642 0.257335
v 0.165307 -0.030954 0.932703
v 0.165159 0.068668 0.936329
v 0.026519 -0.085255 0.998753
v -0.002441 -0.084295 0.998709
v 0.113993 -0.072269 1.005886
v 0.068957 -0.081658 1.001793
v -0.000985 0.120009 1.038095
v 0.034801 0.119006 1.038730
v 0.083246 0.109828 1.034344
v 0.124974 0.082391 1.030744
v -0.139127 -0.042235 1.009332
v -0.151059 -0.004137 1.016048
v -0.033485 -0.086347 0.998182
v -0.076220 -0.082674 1.000853
v -0.113970 -0.071210 1.004890
v -0.039557 0.117288 1.038482
v -0.083470 0.107523 1.037902
v 0.141813 -0.037994 1.009280
v 0.152971 0.006337 1.017016
v 0.146998 0.048594 1.025549
v 0.164450 -0.036846 0.963285
v 0.136524 -0.072199 0.947115
v 0.077547 -0.092100 0.941988
v 0.031678 -0.102527 0.936467
v -0.002907 -0.090531 0.941503
v -0.043061 -0.097114 0.944743
v -0.091218 -0.095761 0.946498
v -0.131917 -0.080642 0.950184
v -0.161360 -0.039592 0.960144
v -0.097290 0.134972 0.983834
v -0.046356 0.143385 0.981710
v 0.001442 0.144965 0.980441
v 0.039316 0.150779 0.982715
v 0.100557 0.138244 0.981777
v 0.138459 0.100304 0.976992
v 0.167528 0.069366 0.973729
v 0.177889 0.013973 0.968914
v 0.156697 -0.039008 0.986858
v 0.126713 -0.077160 0.974403
v 0.077352 -0.089058 0.966959
v 0.031460 -0.094183 0.963567
v -0.001821 -0.088660 0.964145
v -0.036777 -0.086535 0.965148
v -0.083371 -0.087317 0.967263
v -0.127274 -0.078769 0.973532
v -0.157395 -0.043118 0.981046
v -0.164014 0.003862 0.986854
v -0.089288 0.121692 1.005140
v -0.043284 0.129473 1.004095
v 0.001126 0.132752 1.003281
v 0.037918 0.136409 1.006924
v 0.093071 0.127084 1.002919
v 0.135247 0.100667 0.999564
v 0.155848 0.061346 0.994647
v 0.165874 0.010910 0.989150
v 0.019434 -0.059544 0.988182
v -0.001988 -0.061362 0.986376
v 0.078012 -0.050993 0.992838
v 0.047750 -0.056736 0.988644
v -0.000769 0.084169 1.017856
v 0.028499 0.081021 1.017389
v 0.058680 0.072254 1.012065
v 0.084448 0.054107 1.008012
v -0.102567 0.027428 1.006314
v -0.084990 0.055305 1.009658
v -0.099123 -0.027803 1.000030
v -0.106732 -0.002182 1.002180
v -0.024779 -0.062229 0.986048
v -0.054672 -0.058381 0.988862
v -0.082290 -0.048021 0.992906
v -0.028338 0.083803 1.017744
v -0.057096 0.075851 1.014807
v 0.096940 -0.029244 1.001403
v 0.102894 0.002163 1.005424
v 0.098316 0.031332 1.006651
v -0.000376 0.008598 1.004284
v 0.109646 -0.070204 1.005498
v 0.065841 -0.077050 1.000951
v 0.025562 -0.080740 0.999481
v -0.002533 -0.080273 0.999224
v -0.032227 -0.082907 0.998855
v -0.073257 -0.078956 1.000744
v -0.110086 -0.068824 1.004462
v -0.135893 -0.041942 1.009706
v -0.147408 -0.004516 1.015328
v -0.080235 0.103375 1.036378
v -0.038627 0.114665 1.038562
v -0.001073 0.116488 1.037985
v 0.039903 0.114788 1.037089
v 0.080001 0.105735 1.032607
v 0.120646 0.079441 1.029283
v 0.141719 0.046751 1.023695
v 0.148590 0.005993 1.016218
v 0.137829 -0.037918 1.011082
v -0.003102 -0.087971 0.976600
v -0.035723 -0.086664 0.978459
v -0.080783 -0.084875 0.982996
v -0.120000 -0.071499 0.987377
v -0.147186 -0.042360 0.993722
v -0.156634 -0.000166 0.999136
v -0.086539 0.111107 1.021519
v -0.041148 0.120514 1.021132
v 0.000665 0.125230 1.019718
v 0.037600 0.124792 1.021188
v 0.088087 0.115922 1.016129
v 0.130652 0.090395 1.011150
v 0.152824 0.053386 1.005861
v 0.159998 0.009229 0.998343
v 0.150301 -0.038960 0.995459
v 0.121906 -0.073289 0.984813
v 0.074104 -0.084856 0.977082
v 0.028598 -0.088300 0.974678
v -0.078573 0.058962 0.100369
v 0.097311 0.040506 0.111240
v 0.060300 -0.083367 0.884332
v 0.109028 -0.088204 0.920169
v 0.120783 -0.082766 0.944588
v 0.152642 -0.059181 0.953663
v 0.097505 -0.081148 0.943615
v 0.110263 -0.078764 0.972791
v 0.055217 -0.094625 0.917969
v 0.041729 -0.095523 0.918238
v 0.051215 -0.089353 0.942245
v 0.056257 -0.086072 0.967623
v 0.166852 -0.009188 0.966531
v 0.074069 0.153970 0.870376
v 0.045630 0.126963 0.781323
v 0.101666 0.135268 0.815958
v -0.075891 -0.101459 0.919433
v -0.072917 -0.101581 0.882456
v -0.119670 -0.085861 0.900802
v -0.172382 0.084412 0.538791
v -0.070302 0.139530 0.862966
v -0.056769 0.128956 0.800300
v -0.051574 0.113732 0.748971
v -0.100434 0.112836 0.565379
v 0.028660 0.068027 0.067977
v -0.012294 0.051400 0.734143
v -0.024255 0.066579 0.697519
v -0.178453 0.088277 0.713849
v -0.183315 0.083328 0.661022
v -0.170196 0.076168 0.598191
v -0.160733 0.082833 0.502936
v -0.161735 0.084770 0.475512
v -0.167223 0.096021 0.418733
v -0.164654 0.105535 0.365143
v -0.168285 0.100376 0.301363
v 0.130487 -0.004878 0.420851
v 0.163461 0.024515 0.532594
v 0.083857 -0.048260 0.421682
v 0.137039 -0.003894 0.330546
v 0.167913 0.049546 0.534674
v -0.107748 -0.081635 0.946855
v -0.113107 -0.084150 0.968979
v -0.102931 -0.090412 0.969595
v -0.104680 -0.081990 0.983627
v 0.022491 -0.012244 0.424058
v 0.122811 -0.049973 0.116465
v 0.164015 0.078538 0.594410
v -0.157055 0.022216 0.361627
v -0.093791 -0.030817 0.362426
v -0.102656 -0.036497 0.248073
v -0.148684 0.024030 0.208976
v -0.156389 0.055363 0.168161
v -0.009805 -0.024420 0.683734
v -0.012412 -0.024192 0.635565
v -0.018103 -0.013690 0.583301
v -0.114892 0.132489 0.095276
v 0.130299 0.117700 0.983739
v 0.120585 0.131118 0.950880
v 0.115161 0.123285 0.980650
v 0.106371 0.115863 1.001103
v 0.068209 0.128924 1.002847
v 0.074042 0.142369 0.982289
v 0.080520 0.152684 0.953948
v 0.081491 0.153496 0.916721
v -0.074549 0.152935 0.913217
v -0.179910 -0.018047 0.587246
v 0.177514 0.074961 0.716639
v 0.176588 0.081199 0.658588
v -0.126724 -0.004364 0.299427
v -0.145222 0.021453 0.296846
v 0.019010 0.075194 0.647578
v 0.028822 0.088128 0.590698
v 0.020646 0.010027 0.116823
v 0.026892 0.066780 0.095923
v 0.026572 0.060958 0.129627
v 0.021073 0.025814 0.146626
v 0.149987 0.022584 0.109102
v 0.144051 0.068117 0.095345
v 0.136615 0.107713 0.091562
v 0.141387 0.027437 0.174086
v 0.146771 0.118429 0.169568
v 0.140569 0.065236 0.169984
v 0.122003 0.138001 0.165502
v 0.127296 0.138271 0.372120
v 0.129050 0.129257 0.309245
v 0.121684 0.122838 0.259181
v 0.040288 0.117419 0.166289
v 0.148938 0.101980 0.121244
v 0.122634 0.123990 0.114569
v 0.066082 0.138232 0.113665
v 0.086363 0.142139 0.088810
v 0.176969 0.051555 0.934981
v -0.024306 -0.002821 0.478260
v -0.128381 -0.002025 0.238385
v -0.158030 0.067101 0.274350
v -0.166665 0.094737 0.262952
v -0.094717 0.147381 0.158049
v -0.149931 0.028411 0.115423
v -0.143959 0.024911 0.090330
v -0.140847 0.025343 0.146794
v -0.127399 -0.013603 0.150720
v -0.089083 0.133189 0.131602
v -0.084706 0.142799 0.093756
v -0.079621 0.137684 0.059447
v -0.055199 0.118622 0.130814
v -0.025217 0.092459 0.137126
v -0.129482 0.120170 0.203086
v -0.149246 0.090601 0.208893
v -0.159333 0.061436 0.211492
v -0.094168 0.150996 0.191677
v -0.033463 0.091718 0.091786
v -0.024391 0.073223 0.161591
v -0.026165 0.046320 0.168616
v -0.018119 0.049088 0.188281
v -0.039150 0.007110 0.187742
v -0.033771 -0.003820 0.164931
v -0.012425 0.039320 0.143162
v -0.031530 0.032507 0.132179
v -0.031157 0.031714 0.108801
v -0.038435 -0.008918 0.127184
v -0.076103 -0.063665 0.123490
v -0.076681 -0.053565 0.141468
v 0.117965 0.127651 0.089475
v 0.132698 0.000815 0.365713
v 0.130650 0.111063 0.593477
v 0.132417 0.122242 0.558909
v 0.123709 0.118126 0.535457
v 0.127533 0.129563 0.488096
v 0.128963 0.140044 0.435775
v 0.088038 0.135957 0.163908
v 0.089247 0.139576 0.127808
v 0.149035 0.033322 0.420182
v 0.152504 0.038433 0.362550
v 0.053435 -0.034026 0.192385
v 0.113940 0.118786 0.212630
v 0.048436 0.120297 0.117535
v 0.046032 0.124617 0.089332
v 0.082023 0.140595 0.057077
v 0.018533 0.005761 0.142748
v 0.041407 -0.007379 0.148527
v 0.100089 -0.040499 0.156692
v 0.114187 -0.047070 0.153232
v 0.030743 0.091181 0.123846
v 0.020848 0.068072 0.148861
v 0.155175 0.110321 0.597194
v 0.149808 0.111906 0.568728
v 0.025112 0.090794 0.715868
v 0.047583 0.111233 0.700226
v 0.066396 0.112731 0.653679
v 0.077543 0.101235 0.587504
v 0.103655 -0.044395 0.470735
v 0.118094 -0.028565 0.419155
v 0.106438 -0.038184 0.384316
v 0.114097 -0.032870 0.362311
v 0.113419 -0.032279 0.345448
v 0.123996 -0.022728 0.399783
v 0.136205 -0.004562 0.396740
v 0.146979 0.017048 0.389821
v 0.155207 0.036445 0.385979
v 0.163114 0.064374 0.395776
v 0.026996 0.103730 0.212415
v -0.097270 -0.042064 0.413842
v -0.095368 -0.030069 0.383843
v -0.014482 0.069671 0.736318
v 0.099843 0.150036 0.312369
v 0.090093 0.150938 0.263326
v -0.027612 0.085637 0.593790
v -0.096911 -0.041232 0.300471
v -0.051606 -0.019964 0.300695
v -0.107155 -0.041190 0.162050
v -0.050797 0.127097 0.089998
v -0.026929 0.054093 0.211962
v -0.159770 0.091901 0.236455
v -0.060586 0.113330 0.197155
v -0.100787 -0.038164 0.264746
v -0.126022 -0.007018 0.181984
v -0.041742 0.024376 0.212962
v -0.057686 -0.007891 0.218087
v -0.087862 -0.037403 0.221725
v -0.107043 -0.041232 0.222653
v 0.089559 0.136220 0.108769
v -0.006271 -0.088823 0.984599
v -0.016234 -0.088918 0.987514
v -0.026486 -0.091059 0.989697
v -0.003696 -0.086482 0.988121
v -0.003066 -0.085242 0.989866
v -0.013814 -0.087095 0.990592
v -0.023721 -0.089471 0.993415
v -0.011958 -0.085551 0.992602
v -0.021393 -0.088091 0.996237
v -0.033153 -0.089311 0.996058
v -0.044067 -0.087536 0.995108
v -0.044479 -0.088856 0.995624
v -0.024270 -0.087303 0.992557
v -0.042363 -0.090713 0.995197
v -0.034364 -0.090406 0.993257
v -0.018967 -0.090019 0.991046
v -0.010655 -0.088688 0.988731
v -0.031603 -0.086748 0.997037
v -0.016672 -0.087812 0.994439
v -0.002855 -0.084867 0.990954
v -0.011250 -0.084200 0.992905
v -0.020250 -0.086691 0.997445
v -0.037405 -0.085031 1.006870
v -0.037906 -0.084203 1.003159
v -0.038384 -0.085780 1.003469
v -0.005183 -0.087975 0.985768
v -0.015381 -0.088220 0.988573
v -0.016373 -0.088383 0.986703
v -0.026834 -0.090212 0.989289
v -0.006198 -0.088374 0.984227
v -0.003980 -0.085780 0.987490
v -0.014041 -0.085408 0.989888
v -0.030010 -0.086495 0.999926
v -0.043113 -0.092028 0.995691
v -0.034661 -0.091559 0.993718
v -0.045659 -0.089360 0.996053
v -0.045147 -0.087335 0.995072
v -0.037656 -0.089766 0.991271
v -0.042747 -0.084703 1.000119
v -0.034324 -0.086950 0.996013
v -0.043144 -0.087329 1.001356
v -0.037023 -0.090601 0.991838
v -0.035810 -0.090527 0.993020
v -0.025620 -0.091014 0.990925
v -0.026706 -0.090976 0.991852
v -0.041079 -0.089501 0.996645
v -0.033359 -0.088613 0.994200
v -0.042973 -0.087939 0.997037
v -0.040579 -0.086720 0.999468
v -0.038902 -0.087979 0.999323
v -0.040539 -0.085320 0.999237
v -0.042846 -0.086749 0.996578
v -0.024369 -0.088492 0.995882
v -0.023004 -0.087434 0.998584
v -0.029953 -0.086359 1.000600
v -0.002919 -0.084292 0.990857
v -0.028322 -0.085316 1.002389
v -0.020397 -0.085726 0.996974
v -0.011481 -0.084067 0.993067
v -0.037786 -0.082275 1.007521
v -0.028760 -0.084183 1.002140
v -0.038262 -0.085058 1.007772
v -0.036645 -0.082985 1.006834
v -0.036929 -0.087490 1.003453
v -0.006780 -0.085608 0.992890
v -0.015027 -0.086662 0.996488
v -0.005791 -0.084833 0.993508
v -0.005702 -0.085610 0.994007
v -0.014236 -0.087136 0.998409
v -0.014220 -0.086398 0.997888
v -0.029088 -0.085534 1.002612
v -0.022298 -0.086745 1.000107
v -0.008527 -0.086325 0.990992
v -0.009971 -0.087824 0.989324
v -0.018264 -0.089206 0.992059
v -0.024639 -0.090107 0.995652
v -0.031996 -0.088994 0.997390
v -0.008412 -0.087636 0.991630
v -0.016685 -0.089456 0.994943
v -0.019014 -0.091030 0.991148
v -0.010618 -0.089538 0.989114
v -0.026852 -0.091898 0.991871
v -0.040022 -0.089276 1.000739
v -0.029278 -0.086854 1.003130
v -0.035928 -0.086671 1.006083
v -0.022315 -0.087308 1.000523
v -0.036310 -0.087104 1.006746
v -0.025961 -0.090208 0.993023
v -0.001669 -0.085623 0.992815
v -0.001644 -0.084860 0.992318
v -0.002130 -0.085260 0.991309
v -0.002801 -0.086211 0.989450
v -0.003206 -0.087577 0.987593
v -0.003328 -0.088641 0.986695
v -0.003361 -0.089447 0.987167
v -0.002858 -0.087712 0.989942
v 0.050158 -0.088413 0.987460
v 0.050234 -0.086902 0.988763
v 0.040648 -0.091054 0.981721
v 0.046641 -0.089335 0.984854
v 0.035162 -0.093038 0.981462
v 0.028929 -0.093385 0.983209
v 0.018981 -0.092358 0.987786
v 0.008380 -0.088130 0.990384
v 0.028780 -0.093138 0.980292
v 0.018376 -0.091793 0.985887
v 0.041254 -0.092320 0.978280
v 0.035445 -0.093370 0.978060
v 0.041891 -0.093484 0.973742
v 0.035965 -0.094551 0.973457
v 0.028747 -0.093833 0.975929
v 0.017601 -0.092340 0.983452
v 0.007229 -0.089022 0.988334
v 0.017000 -0.093164 0.980600
v 0.006313 -0.089928 0.985810
v 0.028740 -0.095020 0.972347
v 0.048417 -0.092254 0.977187
v 0.051899 -0.091011 0.980541
v 0.051680 -0.089296 0.981188
v 0.050376 -0.087542 0.985454
v 0.050559 -0.089165 0.984592
v 0.047404 -0.090683 0.981670
v 0.009186 -0.088471 0.992011
v 0.007216 -0.090543 0.989172
v 0.017738 -0.094311 0.983857
v 0.029004 -0.096739 0.976595
v 0.036438 -0.097163 0.974042
v 0.042744 -0.095904 0.974332
v 0.049686 -0.093828 0.979208
v 0.053408 -0.091326 0.980567
v 0.053232 -0.088887 0.981012
v 0.016808 -0.094138 0.978813
v 0.006006 -0.091003 0.984760
v 0.005951 -0.091850 0.985013
v 0.050245 -0.086781 0.982310
v 0.043646 -0.097857 0.969168
v 0.050837 -0.095204 0.972713
v 0.043099 -0.095763 0.968959
v 0.036636 -0.097172 0.968482
v 0.028749 -0.096307 0.970545
v 0.016743 -0.095507 0.979087
v 0.028851 -0.097976 0.970658
v 0.036988 -0.098670 0.968493
v 0.035371 -0.094089 0.981943
v 0.041116 -0.092942 0.982005
v 0.029100 -0.094340 0.983464
v 0.019080 -0.093309 0.988120
v 0.009239 -0.089175 0.992668
v 0.052994 -0.090146 0.975934
v 0.026454 -0.088082 0.980251
v 0.040212 -0.088816 0.982741
v 0.049550 -0.093573 0.972211
v 0.026828 -0.085986 0.985801
v 0.026261 -0.087399 0.991160
v 0.040309 -0.085958 0.989792
v 0.048050 -0.085912 0.989155
v 0.039906 -0.088042 0.987115
v 0.024678 -0.089322 0.988613
v 0.026977 -0.086868 0.980153
v 0.034149 -0.087788 0.978022
v 0.042563 -0.089356 0.976475
v 0.050604 -0.089192 0.976436
v 0.049758 -0.089270 0.978014
v 0.041274 -0.089905 0.978051
v 0.033644 -0.088853 0.978103
v 0.024857 -0.088886 0.982080
v 0.031930 -0.089294 0.979763
v 0.048924 -0.088698 0.982124
v 0.052341 -0.089815 0.977516
v 0.052965 -0.091817 0.975416
v 0.042594 -0.094751 0.970347
v 0.036416 -0.095800 0.969957
v 0.048944 -0.092868 0.973665
v 0.052376 -0.091382 0.976958
v 0.053816 -0.090282 0.975715
v 0.050997 -0.088431 0.976645
v 0.044060 -0.087925 0.976670
v 0.053850 -0.092365 0.975305
v 0.043003 -0.085435 0.983701
v 0.015540 -0.087227 0.983940
v 0.014274 -0.087867 0.985095
v 0.014086 -0.088260 0.987482
v 0.024190 -0.089274 0.985114
v 0.003418 -0.085536 0.985770
v 0.003593 -0.085074 0.987779
v 0.003696 -0.085491 0.984793
v 0.015879 -0.086193 0.983633
v 0.003765 -0.084800 0.984548
v 0.016044 -0.085899 0.987403
v 0.033535 -0.086059 0.984860
v 0.003907 -0.083883 0.987369
v 0.026428 -0.085546 0.991443
v 0.041500 -0.084222 0.989978
v 0.032501 -0.084533 0.990895
v 0.016731 -0.086384 0.992049
v 0.004828 -0.084254 0.991018
v 0.004879 -0.085221 0.991164
v 0.016525 -0.087656 0.991905
v 0.032331 -0.086511 0.990441
v 0.051533 -0.086881 0.988171
v 0.048605 -0.084477 0.989368
v 0.048060 -0.091119 0.985091
v 0.051106 -0.089057 0.987675
v 0.048014 -0.087046 0.986589
v 0.031270 -0.089081 0.987833
v 0.014764 -0.088569 0.989958
v 0.004064 -0.085132 0.989687
v 0.030996 -0.088483 0.983946
v 0.001623 -0.085261 0.992419
v 0.001027 -0.085629 0.991315
v 0.000134 -0.086714 0.989114
v -0.000481 -0.088118 0.986895
v -0.000689 -0.089145 0.985912
v -0.000662 -0.089924 0.986379
v 0.000206 -0.088126 0.989821
v 0.001679 -0.086019 0.992959
v -0.005184 -0.083410 0.992850
v -0.006221 -0.087461 0.994159
v -0.005008 -0.083278 0.994046
v -0.006049 -0.088088 0.995868
v -0.002679 -0.083056 0.993546
v 0.005348 -0.083191 0.991933
v 0.005156 -0.083374 0.990419
v 0.008159 -0.082630 0.990455
v 0.008261 -0.082537 0.991417
v 0.003737 -0.087783 0.994455
v 0.002316 -0.091067 0.993387
v 0.001184 -0.095638 0.984153
v -0.005624 -0.094093 0.984991
v 0.006883 -0.088280 0.993873
v -0.002978 -0.083332 0.991712
v -0.003857 -0.087038 0.993135
v 0.003412 -0.086687 0.991917
v -0.008058 -0.090893 0.986142
v -0.003660 -0.088024 0.995407
v -0.000302 -0.082975 0.992903
v -0.001441 -0.087661 0.994435
v -0.002253 -0.090126 0.992835
v -0.004395 -0.090812 0.993559
v 0.001148 -0.093840 0.989961
v -0.003293 -0.094796 0.984210
v -0.005129 -0.092715 0.989656
v -0.002718 -0.092064 0.989406
v 0.005286 -0.092906 0.989440
v 0.005809 -0.090924 0.992751
v 0.005637 -0.093936 0.985058
v -0.000594 -0.083276 0.991069
v -0.001585 -0.086727 0.992713
v -0.002289 -0.088365 0.991400
v 0.002408 -0.088644 0.991054
v -0.006911 -0.090723 0.993884
v -0.007719 -0.092336 0.990053
v -0.006951 -0.089208 0.992696
v -0.007565 -0.090333 0.989614
v -0.008262 -0.093283 0.985540
v -0.008794 -0.092444 0.980516
v -0.008610 -0.088428 0.981252
v -0.008611 -0.090443 0.982046
v -0.008733 -0.089308 0.979828
v -0.005434 -0.090390 0.985836
v -0.003273 -0.091801 0.984417
v -0.004975 -0.089634 0.989092
v -0.002896 -0.089511 0.988986
v -0.004448 -0.088590 0.991790
v -0.006004 -0.090258 0.981719
v 0.005940 -0.085229 0.980967
v 0.002498 -0.085650 0.981832
v 0.002266 -0.090769 0.979489
v -0.003701 -0.085934 0.980914
v -0.006363 -0.089421 0.979825
v -0.003978 -0.090345 0.979680
v -0.006208 -0.092796 0.980135
v -0.003691 -0.093798 0.979347
v 0.002410 -0.094422 0.979327
v -0.006092 -0.085558 0.981215
v -0.008333 -0.085935 0.981215
v 0.002441 -0.085466 0.982802
v -0.006025 -0.085288 0.982489
v -0.003664 -0.085702 0.981771
v 0.005905 -0.085049 0.981694
v 0.005978 -0.090279 0.979949
v 0.005959 -0.089676 0.980866
v 0.005861 -0.091398 0.981731
v 0.005810 -0.090267 0.986199
v 0.001039 -0.091777 0.984308
v 0.001225 -0.089365 0.988760
v 0.005589 -0.089670 0.988927
v 0.001419 -0.092342 0.980179
v 0.002072 -0.091367 0.979666
v -0.003689 -0.092333 0.980004
v -0.006180 -0.088251 0.981364
v -0.003834 -0.089504 0.980304
v 0.005802 -0.093070 0.980203
v 0.006627 -0.087432 0.991908
v 0.005862 -0.088688 0.990902
v -0.008260 -0.085680 0.982188
v 0.022111 -0.104154 0.935381
v 0.035094 -0.105820 0.922838
v 0.035321 -0.107041 0.922652
v 0.022064 -0.105804 0.935416
v 0.024742 -0.103461 0.937835
v 0.038105 -0.105292 0.925398
v 0.040071 -0.105732 0.927943
v 0.028642 -0.105099 0.940730
v 0.040345 -0.107481 0.927666
v 0.028574 -0.106484 0.940699
v 0.038504 -0.107785 0.925033
v 0.024532 -0.105903 0.937751
v 0.021239 -0.105387 0.946780
v 0.019163 -0.104281 0.956824
v 0.015575 -0.103910 0.953781
v 0.017942 -0.105669 0.944251
v 0.015345 -0.099560 0.976738
v 0.017374 -0.102564 0.966583
v 0.013443 -0.101975 0.963015
v 0.010932 -0.099702 0.971691
v 0.017950 -0.103915 0.944050
v 0.015594 -0.102188 0.953534
v 0.025217 -0.104665 0.949705
v 0.023143 -0.103789 0.960000
v 0.023242 -0.102623 0.959860
v 0.025340 -0.103404 0.949659
v 0.018946 -0.098254 0.980122
v 0.021330 -0.100943 0.969571
v 0.018837 -0.099451 0.980390
v 0.021304 -0.102103 0.969790
v 0.019198 -0.102116 0.956658
v 0.021174 -0.102862 0.946563
v 0.017340 -0.100994 0.966225
v 0.015436 -0.097774 0.976437
v 0.011122 -0.098313 0.971579
v 0.008228 -0.094379 0.979689
v 0.003035 -0.091886 0.985258
v 0.003015 -0.092680 0.985244
v 0.007843 -0.096061 0.979643
v 0.003322 -0.090209 0.989103
v 0.003307 -0.091236 0.989125
v 0.010916 -0.093526 0.984261
v 0.005033 -0.091180 0.991885
v 0.005029 -0.090212 0.991754
v 0.013145 -0.094232 0.988090
v 0.010761 -0.095274 0.984252
v 0.013495 -0.100368 0.962739
v 0.013053 -0.095628 0.988370
v 0.007155 -0.092240 0.991485
v 0.007185 -0.091043 0.991360
v 0.005366 -0.090836 0.988018
v 0.004800 -0.091724 0.983848
v 0.004669 -0.092877 0.983687
v 0.005330 -0.092154 0.988004
v -0.000593 -0.086345 0.985643
v -0.005789 -0.087661 0.983688
v -0.000498 -0.087179 0.985624
v -0.005769 -0.088900 0.983695
v -0.011764 -0.093461 0.978416
v -0.011837 -0.091681 0.978285
v -0.014363 -0.091023 0.982950
v -0.007983 -0.086365 0.987663
v -0.001883 -0.085292 0.989068
v -0.019794 -0.095402 0.969705
v -0.024550 -0.097730 0.956612
v -0.026998 -0.099377 0.942551
v -0.016097 -0.095177 0.965624
v -0.020261 -0.096828 0.954459
v -0.022503 -0.098593 0.940936
v -0.020273 -0.098490 0.954532
v -0.022625 -0.100199 0.940954
v -0.023684 -0.099477 0.921544
v -0.032490 -0.099940 0.944903
v -0.034879 -0.100389 0.926971
v -0.029290 -0.097715 0.958959
v -0.023352 -0.095332 0.973102
v -0.028450 -0.099731 0.923937
v -0.030158 -0.100877 0.909491
v -0.026272 -0.100687 0.907684
v -0.023983 -0.100958 0.921585
v -0.028908 -0.103127 0.923816
v -0.027241 -0.102511 0.942652
v -0.024682 -0.100595 0.956903
v -0.026371 -0.101791 0.907746
v -0.016098 -0.097025 0.965670
v -0.019850 -0.097799 0.969811
v -0.014304 -0.092731 0.983020
v -0.007915 -0.087988 0.987791
v -0.001760 -0.086232 0.989224
v -0.016359 -0.093067 0.986747
v -0.023392 -0.097016 0.973280
v -0.010201 -0.088162 0.990891
v -0.005365 -0.086252 0.991974
v -0.016396 -0.091788 0.986696
v -0.010190 -0.087176 0.990712
v -0.005397 -0.085509 0.991962
v -0.035484 -0.099898 0.912415
v -0.035722 -0.101814 0.912341
v -0.035261 -0.102406 0.926953
v -0.030411 -0.102590 0.909493
v -0.032677 -0.101773 0.944962
v -0.029376 -0.099624 0.959204
vn 0.0890 0.9915 -0.0944
vn 0.0595 0.9828 -0.1749
vn 0.5248 0.8442 -0.1092
vn 0.5559 0.8310 -0.0197
vn -0.3918 0.8899 -0.2334
vn -0.3815 0.9047 -0.1897
vn -0.5902 0.7847 -0.1896
vn -0.6211 0.7455 -0.2418
vn -0.6588 0.7482 -0.0789
vn -0.7282 0.6563 -0.1976
vn 0.9270 0.3572 -0.1142
vn 0.9136 0.4060 0.0222
vn 0.8211 0.5708 -0.0069
vn 0.8004 0.5874 -0.1194
vn -0.8233 0.5632 0.0704
vn -0.9786 0.1232 0.1646
vn -0.9858 0.1201 0.1176
vn -0.8629 0.5034 -0.0445
vn -0.9354 -0.3258 0.1373
vn -0.8679 -0.4600 0.1873
vn 0.8634 -0.4953 -0.0956
vn 0.5958 -0.7914 0.1367
vn 0.7225 -0.6243 0.2972
vn 0.8167 -0.5619 -0.1313
vn 0.0138 0.9590 0.2831
vn -0.0225 0.9776 0.2091
vn -0.3649 0.9206 0.1393
vn -0.3158 0.9334 0.1702
vn 0.7458 0.6453 0.1657
vn 0.3685 0.9000 0.2327
vn 0.3284 0.8697 0.3683
vn 0.6989 0.6224 0.3523
vn -0.2845 0.9582 0.0297
vn -0.2584 0.9647 0.0508
vn 0.1675 0.9858 0.0140
vn 0.2019 0.9793 0.0116
vn -0.6385 0.7669 0.0640
vn -0.6228 0.7795 0.0678
vn -0.5432 0.8233 -0.1644
vn -0.2983 0.9330 -0.2011
vn -0.2546 0.9613 -0.1049
vn -0.5300 0.8388 -0.1243
vn -0.4843 0.7501 -0.4503
vn -0.6465 0.6088 -0.4597
vn -0.8239 0.1703 -0.5405
vn -0.8647 -0.1783 -0.4697
vn -0.9781 0.0857 -0.1898
vn -0.9647 -0.0000 -0.2634
vn -0.8580 0.2657 -0.4396
vn -0.8093 0.5175 -0.2781
vn -0.6308 -0.7721 -0.0769
vn -0.2898 -0.9564 -0.0372
vn -0.2586 -0.9621 -0.0867
vn -0.5857 -0.8097 -0.0357
vn 0.6858 0.6571 -0.3129
vn 0.6867 0.6747 -0.2706
vn 0.2279 0.7363 -0.6371
vn 0.2746 0.6548 -0.7042
vn 0.6877 -0.6141 0.3872
vn 0.4653 -0.7485 0.4725
vn 0.9145 -0.1818 0.3614
vn 0.9557 -0.1658 0.2431
vn -0.1682 -0.9551 0.2438
vn -0.2005 -0.9503 0.2381
vn 0.2134 -0.9051 0.3679
vn 0.3134 -0.8699 0.3808
vn 0.4634 -0.4210 -0.7798
vn 0.7731 -0.3075 -0.5548
vn 0.7989 -0.4358 -0.4145
vn 0.4790 -0.5204 -0.7069
vn 0.0688 -0.4897 -0.8692
vn 0.3509 0.0435 -0.9354
vn 0.6638 -0.1289 -0.7367
vn 0.4395 -0.4937 -0.7504
vn 0.2088 -0.1688 -0.9633
vn 0.5066 -0.1839 -0.8424
vn 0.3896 -0.5237 -0.7576
vn 0.1389 -0.6216 -0.7709
vn 0.2505 -0.6012 -0.7588
vn 0.3060 -0.0987 -0.9469
vn 0.6794 -0.1493 -0.7184
vn 0.5459 -0.5300 -0.6489
vn -0.3904 -0.5694 -0.7235
vn -0.0836 0.0351 -0.9959
vn 0.0286 -0.0068 -0.9996
vn -0.2092 -0.5445 -0.8123
vn -0.9822 0.1870 -0.0201
vn -0.8302 -0.5533 -0.0685
vn -0.8187 -0.5462 -0.1773
vn -0.9522 0.2132 -0.2189
vn 0.2654 -0.9621 -0.0632
vn 0.7553 -0.6510 -0.0761
vn 0.7323 -0.6808 0.0123
vn 0.2521 -0.9668 -0.0408
vn 0.9843 -0.1547 -0.0854
vn 0.9819 -0.1854 0.0380
vn 0.9163 0.3951 -0.0649
vn 0.5357 0.8444 0.0075
vn 0.5032 0.8641 0.0110
vn 0.9187 0.3945 0.0197
vn -0.1736 -0.9848 0.0019
vn 0.4408 -0.8976 -0.0004
vn 0.4892 -0.8712 0.0411
vn -0.1066 -0.9942 -0.0124
vn 0.9132 -0.4060 -0.0356
vn 0.9008 -0.4306 0.0562
vn 0.9598 0.2648 -0.0931
vn 0.5789 0.8112 -0.0825
vn 0.5986 0.8005 -0.0288
vn 0.9783 0.2068 0.0143
vn -0.9301 0.3668 -0.0210
vn -0.9712 -0.2372 -0.0223
vn -0.9411 -0.2473 -0.2305
vn -0.8857 0.3944 -0.2450
vn -0.8808 -0.4209 -0.2169
vn -0.8590 -0.4444 -0.2543
vn -0.5083 -0.8456 0.1632
vn -0.5088 -0.8546 0.1041
vn 0.0760 -0.9392 0.3349
vn 0.0975 -0.8979 0.4292
vn 0.6001 -0.6277 0.4958
vn 0.5702 -0.6854 0.4529
vn 0.9081 -0.1318 0.3974
vn 0.8946 -0.0921 0.4372
vn 0.4957 0.8531 -0.1626
vn 0.5542 0.7919 -0.2566
vn 0.1113 0.8328 -0.5423
vn 0.0327 0.9070 -0.4198
vn 0.2938 -0.7575 0.5829
vn 0.2329 -0.7392 0.6319
vn -0.1944 -0.8165 0.5436
vn -0.1638 -0.8451 0.5090
vn -0.1902 -0.9707 -0.1471
vn -0.5606 -0.8263 -0.0537
vn 0.8480 0.5043 -0.1632
vn 0.7323 0.4331 -0.5255
vn 0.3771 0.7954 -0.4744
vn 0.4791 0.8662 -0.1419
vn 0.7362 -0.6542 -0.1732
vn 0.5692 -0.6588 -0.4919
vn 0.8305 -0.1548 -0.5350
vn 0.9796 -0.0855 -0.1819
vn 0.2534 -0.9565 -0.1445
vn 0.1529 -0.9033 -0.4009
vn 0.8944 0.4458 -0.0374
vn 0.8526 0.4316 -0.2945
vn 0.4138 0.8535 -0.3166
vn 0.4429 0.8956 -0.0414
vn 0.7393 -0.6700 -0.0675
vn 0.6743 -0.6612 -0.3288
vn 0.9393 -0.1685 -0.2988
vn 0.9873 -0.1529 -0.0441
vn 0.2493 -0.9622 -0.1095
vn 0.2251 -0.9026 -0.3669
vn -0.0255 0.9851 -0.1699
vn 0.0484 0.9160 -0.3983
vn -0.3753 0.8927 -0.2496
vn -0.6796 0.7288 -0.0842
vn 0.6368 -0.7500 -0.1787
vn 0.5933 -0.6761 -0.4369
vn 0.8767 -0.2254 -0.4249
vn 0.9536 -0.2296 -0.1949
vn -0.8797 -0.4753 0.0168
vn -0.6644 -0.7214 -0.1952
vn -0.4552 -0.8242 -0.3370
vn -0.5258 -0.8479 -0.0679
vn 0.9730 0.2267 -0.0437
vn 0.9154 0.2739 -0.2952
vn 0.6769 0.6950 -0.2426
vn 0.7300 0.6809 -0.0585
vn 0.4897 -0.8687 -0.0741
vn 0.4922 -0.7636 -0.4179
vn 0.8817 -0.3028 -0.3619
vn 0.9245 -0.3772 -0.0557
vn -0.1506 -0.9840 -0.0950
vn -0.1540 -0.8839 -0.4417
vn 0.7256 -0.6754 -0.1317
vn 0.7834 -0.5585 -0.2727
vn 0.4516 -0.8604 -0.2362
vn 0.3616 -0.9002 -0.2428
vn 0.8942 -0.4372 -0.0963
vn 0.8566 -0.4126 -0.3099
vn 0.6923 0.7120 -0.1179
vn 0.8743 0.4664 -0.1343
vn 0.4277 0.9022 -0.0553
vn 0.0333 0.9984 -0.0461
vn -0.5941 0.7856 -0.1728
vn -0.3581 0.9290 -0.0935
vn -0.7386 0.6376 -0.2192
vn -0.9978 0.0633 -0.0200
vn -0.9088 0.3861 -0.1581
vn -0.9677 -0.2520 0.0053
vn 0.8160 0.5435 -0.1967
vn 0.7155 0.6645 -0.2156
vn 0.9269 0.0592 -0.3707
vn 0.9676 -0.0085 -0.2525
vn 0.3372 -0.9299 -0.1468
vn -0.9866 0.1136 0.1173
vn -0.8816 -0.4293 0.1962
vn -0.8239 0.5645 0.0500
vn -0.6000 0.7997 -0.0212
vn -0.5907 0.8054 -0.0479
vn 0.5469 0.8353 0.0556
vn 0.0346 0.9985 0.0432
vn -0.4537 0.8910 -0.0184
vn 0.8172 0.5744 0.0466
vn 0.5129 0.8542 -0.0850
vn 0.3997 0.8814 -0.2516
vn -0.1159 0.9597 -0.2561
vn -0.0750 0.9939 -0.0807
vn 0.7731 0.6282 -0.0877
vn -0.8808 -0.4681 -0.0719
vn -0.8385 -0.5449 -0.0066
vn -0.7807 -0.6197 0.0805
vn 0.2666 -0.9191 -0.2903
vn 0.8897 0.4506 0.0737
vn 0.4224 -0.8965 0.1333
vn 0.7929 -0.5703 0.2145
vn 0.1356 -0.9902 0.0319
vn 0.9938 0.1092 -0.0226
vn 0.9951 0.0975 0.0132
vn 0.9843 0.1524 0.0890
vn 0.9647 0.2415 0.1054
vn -0.9146 0.3264 -0.2388
vn -0.9435 -0.2273 -0.2410
vn -0.9242 -0.2974 -0.2395
vn -0.9113 0.3446 -0.2253
vn 0.6049 0.7933 -0.0690
vn 0.6526 0.7574 0.0234
vn 0.9540 0.2967 0.0438
vn 0.9293 0.3563 -0.0977
vn 0.9491 -0.3006 -0.0941
vn 0.9231 -0.3798 0.0600
vn 0.5721 -0.8175 0.0664
vn 0.6421 -0.7658 -0.0356
vn 0.2179 -0.9749 0.0448
vn 0.2516 -0.9677 0.0174
vn -0.9508 0.3085 -0.0277
vn -0.9271 -0.3747 -0.0058
vn -0.8623 -0.4494 -0.2335
vn -0.9184 0.3033 -0.2539
vn 0.0570 0.9978 -0.0351
vn -0.5293 0.8480 -0.0265
vn -0.4497 0.8820 -0.1406
vn 0.1266 0.9905 -0.0536
vn 0.7688 -0.6371 -0.0553
vn 0.9761 -0.1912 -0.1030
vn 0.9672 -0.2444 -0.0689
vn 0.7052 -0.7079 -0.0398
vn -0.5264 -0.8502 -0.0086
vn -0.4509 -0.8891 -0.0788
vn -0.9782 0.1618 -0.1299
vn -0.8566 -0.4807 -0.1875
vn -0.9371 -0.3459 0.0462
vn -0.9804 0.1740 0.0920
vn -0.9886 0.0024 -0.1505
vn -0.7865 -0.5939 -0.1691
vn -0.8517 -0.5238 -0.0166
vn -0.9996 0.0068 0.0285
vn -0.9160 0.3741 -0.1447
vn -0.9680 -0.1319 -0.2137
vn -0.9849 -0.0021 -0.1731
vn -0.9251 0.3359 -0.1769
vn -0.9826 0.1588 -0.0966
vn -0.8700 -0.4774 -0.1234
vn -0.9371 -0.3422 0.0686
vn -0.9867 0.1383 0.0857
vn -0.0070 0.9982 0.0598
vn -0.5669 0.8230 0.0372
vn -0.5140 0.8526 -0.0941
vn -0.0138 0.9998 0.0162
vn 0.0222 0.9942 -0.1057
vn 0.0088 0.9158 -0.4016
vn -0.3504 0.8905 -0.2903
vn -0.5884 0.8083 -0.0198
vn -0.4126 0.0076 -0.9109
vn -0.1163 -0.0933 -0.9888
vn -0.2195 -0.6333 -0.7422
vn -0.4825 -0.5751 -0.6606
vn -0.8185 -0.5735 0.0342
vn -0.5645 -0.7929 -0.2295
vn -0.2933 -0.9062 -0.3045
vn -0.3122 -0.9452 -0.0958
vn -0.3382 -0.9389 -0.0645
vn -0.3152 -0.9442 -0.0956
vn -0.4443 0.8946 -0.0472
vn -0.1890 0.9800 -0.0621
vn 0.2450 0.9695 -0.0072
vn 0.1604 0.9862 -0.0410
vn -0.2010 0.9773 -0.0665
vn -0.1089 0.9385 -0.3277
vn -0.4854 0.8394 -0.2447
vn -0.7287 0.6843 -0.0260
vn -0.3714 -0.6195 -0.6915
vn -0.2426 -0.0698 -0.9676
vn 0.0238 -0.0808 -0.9964
vn -0.1020 -0.6254 -0.7736
vn -0.7535 -0.6528 -0.0783
vn -0.5411 -0.8050 -0.2432
vn -0.2618 -0.8975 -0.3548
vn -0.3193 -0.9379 -0.1357
vn -0.2560 -0.9666 0.0099
vn -0.2087 -0.9777 -0.0233
vn -0.6296 -0.7637 -0.1429
vn -0.8160 -0.5734 -0.0733
vn 0.1928 -0.9810 -0.0194
vn 0.1728 -0.9848 -0.0191
vn 0.0693 -0.9032 -0.4237
vn 0.0532 -0.9914 -0.1192
vn 0.2930 -0.0746 -0.9532
vn 0.6305 -0.1592 -0.7597
vn 0.4795 -0.4961 -0.7239
vn 0.1691 -0.5488 -0.8187
vn 0.9337 0.3095 -0.1800
vn 0.8763 0.2595 -0.4060
vn 0.5943 0.6840 -0.4230
vn 0.6192 0.7639 -0.1818
vn 0.9587 0.2748 -0.0732
vn 0.9580 0.2601 -0.1208
vn 0.6500 0.7546 -0.0896
vn 0.6440 0.7634 -0.0490
vn -0.0015 0.9997 -0.0261
vn -0.5581 0.8298 -0.0049
vn -0.4726 0.8583 -0.1999
vn 0.0595 0.9949 -0.0818
vn 0.2784 0.9570 -0.0817
vn 0.3069 0.9252 -0.2232
vn -0.1135 0.9709 -0.2110
vn -0.4706 0.8726 -0.1310
vn -0.4830 -0.3651 -0.7959
vn -0.0956 0.2482 -0.9640
vn 0.1659 0.1410 -0.9760
vn -0.2250 -0.4475 -0.8655
vn -0.9557 -0.2588 -0.1405
vn -0.8045 -0.4996 -0.3211
vn -0.5931 -0.7046 -0.3895
vn -0.6538 -0.7483 -0.1122
vn -0.6683 -0.7439 -0.0078
vn -0.6004 -0.7934 -0.0998
vn -0.0471 0.9988 0.0110
vn -0.4931 0.8699 -0.0142
vn -0.5460 0.8378 0.0095
vn -0.0503 0.9986 -0.0191
vn -0.9863 0.1621 0.0296
vn -0.8102 -0.5735 0.1212
vn -0.8216 -0.5614 0.0987
vn -0.9930 0.0956 0.0691
vn -0.3522 -0.9346 0.0504
vn -0.4040 -0.9139 0.0393
vn 0.2141 -0.9758 -0.0452
vn 0.7208 -0.6860 -0.0993
vn 0.7069 -0.7061 -0.0420
vn 0.1879 -0.9820 -0.0201
vn 0.9592 -0.2472 -0.1375
vn 0.9699 -0.2382 -0.0496
vn 0.8963 0.4226 -0.1347
vn 0.3098 0.9498 -0.0440
vn 0.2627 0.9645 -0.0275
vn 0.8663 0.4972 -0.0485
vn 0.8267 -0.5621 0.0248
vn 0.8703 -0.4906 0.0433
vn 0.4559 -0.8900 -0.0089
vn 0.3687 -0.9293 -0.0233
vn -0.6531 -0.7539 -0.0713
vn -0.8150 -0.5622 -0.1401
vn -0.2382 -0.9688 -0.0686
vn -0.1669 -0.9852 -0.0386
vn -0.9479 0.1617 -0.2744
vn -0.9276 -0.2916 -0.2337
vn -0.9220 -0.3591 -0.1450
vn -0.9686 0.1610 -0.1896
vn -0.5317 0.8385 -0.1194
vn -0.2569 0.9649 -0.0540
vn 0.2629 0.9646 0.0183
vn 0.1344 0.9901 -0.0395
vn 0.5896 0.8075 -0.0174
vn 0.6774 0.7341 0.0477
vn 0.9229 0.3787 0.0703
vn 0.8989 0.4381 0.0031
vn 0.9984 -0.0430 0.0355
vn 0.9968 -0.0365 0.0713
vn 0.2339 0.9723 0.0026
vn -0.3183 0.9468 -0.0467
vn -0.3523 0.9323 -0.0815
vn 0.1641 0.9855 -0.0422
vn -0.9085 0.3891 -0.1525
vn -0.8319 -0.5472 -0.0922
vn -0.8657 -0.4967 -0.0622
vn -0.9080 0.4029 -0.1150
vn -0.2819 -0.9593 -0.0157
vn -0.3665 -0.9303 -0.0173
vn 0.1895 -0.9808 -0.0461
vn 0.6211 -0.7788 -0.0883
vn 0.5759 -0.7971 -0.1817
vn 0.1075 -0.9923 -0.0609
vn 0.9334 -0.3428 -0.1064
vn 0.9104 -0.3258 -0.2548
vn 0.9603 0.2661 -0.0842
vn 0.6704 0.7418 -0.0181
vn 0.6083 0.7887 -0.0894
vn 0.9289 0.3040 -0.2113
vn 0.7962 -0.5924 0.1231
vn 0.8347 -0.5343 0.1333
vn 0.4535 -0.8895 0.0555
vn 0.3849 -0.9225 0.0304
vn -0.6366 -0.7680 -0.0696
vn -0.7608 -0.6235 -0.1801
vn -0.1832 -0.9804 -0.0722
vn -0.1665 -0.9857 -0.0264
vn -0.9608 0.1160 -0.2520
vn -0.9234 -0.3098 -0.2265
vn -0.9235 -0.3737 -0.0871
vn -0.9863 0.1496 -0.0690
vn -0.6187 0.7736 -0.1372
vn -0.3238 0.9461 -0.0066
vn 0.1793 0.9830 0.0384
vn 0.0408 0.9992 0.0056
vn 0.5935 0.7935 0.1346
vn 0.6824 0.7258 0.0864
vn 0.9217 0.3557 0.1548
vn 0.9050 0.3599 0.2269
vn 0.9685 -0.1319 0.2110
vn 0.9787 -0.0924 0.1833
vn 0.2009 0.9792 -0.0269
vn -0.4381 0.8977 -0.0459
vn -0.4257 0.8996 -0.0978
vn 0.1932 0.9733 -0.1238
vn -0.9626 0.2677 -0.0424
vn -0.8636 -0.5041 -0.0096
vn -0.8769 -0.4800 0.0256
vn -0.9573 0.2869 -0.0360
vn -0.3775 -0.9258 0.0192
vn -0.4045 -0.9132 0.0496
vn 0.1912 -0.9806 0.0429
vn 0.6737 -0.7389 0.0155
vn 0.6443 -0.7531 -0.1332
vn 0.1461 -0.9891 -0.0168
vn 0.9556 -0.2933 -0.0285
vn 0.9319 -0.2887 -0.2197
vn 0.6517 0.7351 -0.1870
vn 0.9366 0.2562 -0.2392
vn 0.9686 0.2431 -0.0529
vn 0.6856 0.7267 -0.0442
vn 0.7323 -0.6807 -0.0196
vn 0.7727 -0.6344 0.0200
vn 0.2841 -0.9583 0.0303
vn 0.2292 -0.9733 -0.0101
vn -0.4193 -0.9079 -0.0013
vn -0.4117 -0.9110 0.0226
vn -0.8321 -0.5545 -0.0128
vn -0.9101 -0.4095 -0.0629
vn -0.9665 0.2325 -0.1091
vn -0.9681 -0.1649 -0.1885
vn -0.9836 -0.1801 -0.0104
vn -0.9597 0.2805 0.0166
vn -0.6576 0.7526 -0.0350
vn -0.4460 0.8943 0.0365
vn 0.0410 0.9990 0.0203
vn -0.0116 0.9993 -0.0346
vn 0.9515 0.3057 0.0340
vn 0.9419 0.3334 -0.0400
vn 0.5950 0.8028 -0.0396
vn 0.6346 0.7727 0.0148
vn 0.9755 -0.2185 -0.0269
vn 0.9816 -0.1874 0.0353
vn -0.5107 0.8541 0.0989
vn -0.5327 0.8455 0.0354
vn 0.0654 0.9979 0.0028
vn 0.1181 0.9928 0.0172
vn -0.9342 -0.3532 0.0493
vn -0.9312 -0.3627 -0.0351
vn -0.9275 0.3735 0.0144
vn -0.9250 0.3557 0.1333
vn -0.4196 -0.9077 0.0044
vn -0.4358 -0.8995 -0.0309
vn 0.5174 -0.8524 -0.0757
vn 0.4649 -0.8784 -0.1110
vn 0.0412 -0.9986 -0.0318
vn 0.0615 -0.9981 0.0055
vn 0.8817 -0.4434 -0.1613
vn 0.8747 -0.4566 -0.1626
vn 0.6267 0.7781 -0.0420
vn 0.6067 0.7941 -0.0361
vn 0.9616 0.2512 -0.1105
vn 0.9694 0.2119 -0.1236
vn 0.5366 -0.8380 0.0992
vn 0.5643 -0.8252 -0.0266
vn 0.0176 -0.9998 0.0077
vn -0.0206 -0.9987 0.0460
vn -0.8761 -0.4813 -0.0292
vn -0.9376 -0.3103 -0.1569
vn -0.5502 -0.8345 -0.0299
vn -0.5086 -0.8610 0.0025
vn -0.9163 0.3230 -0.2369
vn -0.9753 0.0081 -0.2206
vn -0.9981 -0.0222 -0.0574
vn -0.9392 0.3400 -0.0484
vn -0.4864 0.8628 -0.1377
vn -0.3429 0.9394 -0.0049
vn 0.2632 0.9646 -0.0150
vn 0.3229 0.9460 -0.0278
vn 0.7953 0.6043 0.0492
vn 0.7750 0.6309 -0.0373
vn 0.9841 0.1580 -0.0817
vn 0.9851 0.1440 0.0944
vn 0.9153 -0.3859 0.1156
vn 0.9287 -0.3630 -0.0762
vn 0.2873 0.3703 -0.8834
vn 0.5250 0.2175 -0.8228
vn -0.3312 0.5899 -0.7364
vn -0.0213 0.5064 -0.8620
vn -0.7271 0.6625 -0.1802
vn -0.7956 0.6058 0.0096
vn -0.7274 0.6681 -0.1568
vn -0.7687 0.6017 -0.2171
vn 0.3793 0.4981 -0.7798
vn 0.6973 0.3063 -0.6481
vn -0.3327 0.5712 -0.7504
vn 0.0284 0.5787 -0.8150
vn -0.7918 0.5853 -0.1747
vn -0.8425 0.5387 0.0037
vn -0.7527 0.6572 -0.0385
vn -0.8089 0.5485 -0.2119
vn -0.5867 0.7965 -0.1465
vn -0.6493 0.7458 -0.1489
vn 0.4582 0.3949 -0.7963
vn 0.7072 0.1926 -0.6802
vn -0.1619 0.6786 -0.7165
vn 0.0979 0.5770 -0.8108
vn -0.7150 0.6855 -0.1372
vn -0.8235 0.5667 -0.0242
vn -0.7691 0.6387 0.0212
vn -0.8668 0.4944 -0.0652
vn 0.6019 0.5024 -0.6208
vn 0.7820 0.2589 -0.5670
vn 0.0141 0.8098 -0.5865
vn 0.3307 0.7014 -0.6314
vn -0.5580 0.8075 -0.1912
vn -0.7093 0.6810 -0.1818
vn -0.7515 0.6596 -0.0122
vn -0.7668 0.6193 -0.1687
vn -0.8106 0.1016 -0.5767
vn -0.7427 -0.4635 -0.4833
vn -0.6339 0.5719 -0.5207
vn -0.7669 -0.0423 -0.6404
vn -0.6553 -0.5575 -0.5096
vn -0.7028 0.4844 -0.5210
vn -0.6521 0.1324 -0.7465
vn -0.6570 -0.4990 -0.5651
vn -0.5089 0.6761 -0.5329
vn -0.6901 0.4041 -0.6004
vn -0.8231 -0.1508 -0.5474
vn -0.3717 0.8214 -0.4326
vn 0.4864 -0.8641 -0.1291
vn -0.0963 -0.9946 -0.0384
vn -0.9507 -0.2959 0.0926
vn -0.5962 -0.8024 0.0255
vn -0.9956 -0.0200 0.0920
vn -0.9430 0.3196 0.0929
vn -0.7736 0.6289 0.0775
vn -0.5555 0.8270 0.0860
vn 0.0909 0.9957 0.0194
vn 0.6598 0.7448 -0.0994
vn 0.9481 0.2455 -0.2021
vn 0.9119 -0.3532 -0.2088
vn -0.9248 0.3064 -0.2257
vn -0.9408 0.3112 -0.1346
vn 0.7883 -0.6152 0.0095
vn 0.2491 -0.9680 0.0305
vn -0.4950 -0.8671 0.0564
vn -0.9181 -0.3783 0.1181
vn -0.9752 -0.1602 0.1529
vn -0.9467 0.2582 0.1925
vn -0.7738 0.6125 0.1615
vn -0.5716 0.8149 0.0960
vn 0.0445 0.9988 0.0226
vn 0.9637 0.2670 -0.0062
vn 0.6563 0.7543 -0.0138
vn 0.9849 -0.1724 0.0172
vn 0.6712 -0.7384 -0.0648
vn 0.1262 -0.9910 -0.0456
vn -0.4824 -0.8759 -0.0044
vn -0.9121 -0.4091 0.0253
vn -0.9839 0.1754 -0.0353
vn -0.9869 0.1569 0.0367
vn -0.6895 0.7223 -0.0539
vn -0.0389 0.9965 -0.0742
vn 0.5962 0.7971 -0.0957
vn 0.9374 0.3358 -0.0919
vn 0.9703 -0.2330 -0.0653
vn 0.9558 0.2759 0.1017
vn 0.6499 0.7555 0.0824
vn -0.2039 0.9734 -0.1046
vn 0.1872 0.9823 0.0067
vn -0.9246 0.3085 -0.2233
vn -0.6064 0.7714 -0.1927
vn -0.6551 0.7123 -0.2518
vn -0.8965 0.2875 -0.3371
vn -0.9145 -0.2245 -0.3367
vn -0.9391 -0.2799 -0.1994
vn -0.3417 -0.9393 -0.0321
vn -0.7174 -0.6846 -0.1292
vn 0.6827 -0.7271 0.0718
vn 0.2111 -0.9765 0.0437
vn 0.9590 -0.2697 0.0874
vn 0.6798 -0.7213 0.1323
vn 0.2183 -0.9716 0.0911
vn -0.3370 -0.9409 0.0351
vn -0.8301 -0.5548 0.0553
vn -0.9629 -0.2689 0.0226
vn -0.9574 0.2873 0.0282
vn -0.6655 0.7449 -0.0474
vn -0.4092 0.9124 -0.0023
vn 0.2030 0.9778 0.0523
vn 0.9516 0.2560 0.1701
vn 0.6684 0.7312 0.1364
vn 0.9499 -0.2754 0.1481
vn 0.6045 -0.7961 0.0289
vn 0.2342 -0.9719 -0.0225
vn -0.7900 -0.6120 -0.0368
vn -0.1959 -0.9795 -0.0479
vn -0.9593 -0.2644 -0.0988
vn -0.9320 0.3623 -0.0084
vn -0.6074 0.7921 -0.0608
vn -0.3219 0.9467 0.0081
vn 0.2837 0.9586 0.0257
vn 0.6894 0.7225 0.0514
vn 0.9652 0.2493 0.0794
vn 0.9227 -0.3773 0.0793
vn 0.8404 -0.5387 -0.0590
vn 0.7428 -0.6477 -0.1695
vn 0.3446 -0.9358 -0.0739
vn 0.4566 -0.8894 -0.0217
vn -0.2982 -0.9545 0.0012
vn -0.8288 -0.5563 0.0597
vn -0.7870 -0.6100 0.0922
vn -0.2231 -0.9748 0.0045
vn -0.9740 0.1923 0.1201
vn -0.9677 0.1485 0.2037
vn -0.5263 0.8483 0.0581
vn -0.5068 0.8525 0.1283
vn 0.0913 0.9958 0.0002
vn 0.1730 0.9842 0.0375
vn 0.6689 0.7403 -0.0681
vn 0.5877 0.8026 -0.1019
vn 0.8904 0.4071 -0.2036
vn 0.9137 0.3856 -0.1287
vn 0.9533 -0.1826 -0.2404
vn 0.9874 -0.0982 -0.1241
vn -0.9245 -0.3629 0.1167
vn -0.9728 0.1443 0.1813
vn -0.7577 0.6345 0.1526
vn 0.7711 -0.6360 0.0296
vn 0.3146 -0.9488 -0.0283
vn -0.2587 -0.9620 -0.0873
vn -0.7685 -0.6262 -0.1314
vn -0.9922 0.0257 -0.1219
vn -0.9998 0.0043 0.0173
vn -0.7207 0.6894 -0.0721
vn -0.1253 0.9920 -0.0120
vn 0.4927 0.8692 0.0421
vn 0.9076 0.4145 0.0674
vn 0.9869 -0.1468 0.0666
vn 0.8572 -0.4998 -0.1239
vn 0.8020 -0.5740 -0.1655
vn 0.3517 -0.9314 -0.0935
vn 0.4498 -0.8895 -0.0802
vn -0.8103 -0.5856 -0.0220
vn -0.7960 -0.6047 0.0271
vn -0.1830 -0.9829 -0.0215
vn -0.2702 -0.9617 -0.0466
vn -0.9857 0.1632 0.0432
vn -0.9741 0.1688 0.1502
vn -0.5532 0.8307 0.0629
vn -0.4915 0.8673 0.0793
vn 0.0778 0.9969 0.0072
vn 0.2180 0.9759 0.0091
vn 0.6688 0.7427 -0.0321
vn 0.5961 0.7991 -0.0775
vn 0.9126 0.3758 -0.1613
vn 0.9309 0.3587 -0.0690
vn 0.9757 -0.1064 -0.1916
vn 0.9917 -0.0675 -0.1091
vn 0.7409 -0.6669 0.0796
vn 0.2636 -0.9646 0.0107
vn -0.6932 -0.7008 -0.1684
vn -0.2776 -0.9576 -0.0764
vn -0.9242 0.2354 -0.3006
vn -0.9320 -0.2626 -0.2497
vn -0.9292 -0.2842 -0.2362
vn -0.9315 0.2597 -0.2546
vn -0.6460 0.7407 -0.1846
vn -0.6875 0.6894 -0.2280
vn -0.2900 0.9538 -0.0788
vn -0.0072 0.9995 -0.0294
vn 0.4598 0.8880 -0.0107
vn 0.9183 0.3925 0.0517
vn 0.9773 -0.1879 0.0983
vn -0.9500 -0.3108 -0.0291
vn -0.9845 0.1752 0.0057
vn -0.7698 0.6380 -0.0171
vn -0.9673 0.1766 -0.1818
vn -0.9749 0.1728 0.1403
vn 0.6364 0.7713 0.0049
vn 0.9833 0.1817 -0.0069
vn -0.2844 0.9565 -0.0651
vn 0.1396 0.9898 -0.0272
vn -0.9022 0.4094 -0.1359
vn -0.6766 0.7276 -0.1128
vn -0.6502 0.7018 -0.2911
vn -0.8622 0.4142 -0.2916
vn -0.9543 0.0757 -0.2891
vn -0.9894 0.0214 -0.1435
vn -0.4684 -0.8814 -0.0608
vn -0.8500 -0.5117 -0.1249
vn 0.5341 -0.8453 0.0139
vn 0.0130 -0.9999 0.0069
vn 0.8992 -0.4372 -0.0167
vn -0.9975 0.0408 0.0577
vn -0.9243 0.3721 0.0846
vn -0.7482 0.6579 0.0862
vn -0.4598 -0.8865 0.0526
vn -0.8968 -0.4423 0.0087
vn 0.6141 -0.7642 -0.1970
vn 0.0964 -0.9933 -0.0642
vn 0.9305 -0.2821 -0.2337
vn 0.9359 0.3081 -0.1708
vn 0.6190 0.7790 -0.1003
vn -0.3800 0.9137 -0.1442
vn 0.2067 0.9731 -0.1020
vn -0.9446 0.3207 -0.0698
vn -0.8675 -0.4890 -0.0914
vn -0.3877 -0.9188 -0.0737
vn -0.4611 -0.8704 -0.1728
vn -0.8357 -0.4745 -0.2764
vn 0.0459 -0.9938 -0.1015
vn 0.5282 -0.8294 -0.1816
vn 0.5240 -0.8327 -0.1788
vn 0.0342 -0.9864 -0.1610
vn 0.9155 -0.3417 -0.2123
vn 0.9369 -0.3223 -0.1353
vn 0.9298 0.3245 -0.1735
vn 0.9296 0.3575 -0.0894
vn 0.5766 0.8104 -0.1039
vn 0.5651 0.8200 -0.0913
vn 0.1299 0.9878 -0.0855
vn -0.3652 0.9243 -0.1113
vn -0.3833 0.9015 -0.2008
vn 0.0022 0.9935 -0.1135
vn -0.8628 0.4033 -0.3049
vn -0.9102 0.4048 -0.0880
vn 0.3882 0.9208 -0.0373
vn 0.9205 0.3855 -0.0638
vn 0.9749 -0.2175 -0.0469
vn 0.7474 -0.6637 -0.0304
vn 0.2558 -0.9665 -0.0195
vn -0.8185 -0.5742 -0.0187
vn -0.2883 -0.9575 -0.0039
vn -0.9563 -0.2445 -0.1602
vn -0.9584 0.2664 -0.1027
vn -0.6862 0.7210 -0.0967
vn -0.4530 0.8905 -0.0419
vn -0.0276 0.9994 -0.0215
vn -0.4040 0.4940 -0.7699
vn -0.3123 0.2857 -0.9060
vn -0.3638 0.6145 -0.7000
vn -0.4629 0.6811 -0.5673
vn 0.1162 -0.4817 -0.8686
vn 0.1023 -0.6192 -0.7786
vn -0.5404 -0.8414 -0.0047
vn -0.5550 -0.8299 0.0569
vn -0.5318 -0.7854 0.3167
vn -0.5549 -0.7957 0.2428
vn 0.2907 0.4357 -0.8518
vn 0.2195 0.5882 -0.7784
vn 0.5662 0.5837 -0.5819
vn 0.5450 0.4105 -0.7311
vn 0.9736 -0.1770 -0.1442
vn 0.9750 -0.1116 0.1922
vn 0.7690 -0.4737 0.4292
vn 0.9144 -0.3940 0.0925
vn 0.6951 -0.6513 0.3044
vn 0.5375 -0.6696 0.5126
vn 0.1518 -0.8699 0.4694
vn 0.2240 -0.9450 0.2381
vn -0.3021 -0.9231 0.2381
vn -0.2027 -0.9664 -0.1580
vn -0.3691 -0.7811 -0.5036
vn -0.5756 -0.8129 -0.0887
vn -0.7131 -0.4606 -0.5285
vn -0.3812 -0.4987 -0.7784
vn 0.0329 0.2768 -0.9604
vn -0.1551 0.4396 -0.8847
vn 0.2168 0.8085 -0.5471
vn -0.4149 0.6129 -0.6725
vn 0.6789 0.6998 -0.2222
vn 0.3766 -0.7019 0.6046
vn 0.8623 -0.1483 0.4842
vn -0.2537 -0.9175 0.3064
vn -0.2877 -0.8546 0.4323
vn -0.7488 -0.6628 0.0049
vn -0.7786 -0.6147 0.1265
vn -0.9123 -0.2863 -0.2929
vn -0.9452 -0.2686 -0.1855
vn 0.9332 0.3494 0.0837
vn 0.9316 0.3635 -0.0018
vn 0.9080 0.3855 0.1639
vn 0.8789 0.4651 0.1062
vn 0.8380 0.5146 0.1816
vn 0.8613 0.1712 -0.4785
vn 0.9151 0.3390 -0.2185
vn 0.4457 -0.1351 -0.8849
vn 0.6656 -0.0149 -0.7462
vn 0.1691 -0.1859 -0.9679
vn -0.5371 0.0531 -0.8418
vn -0.2502 -0.0951 -0.9635
vn -0.8492 0.1615 -0.5028
vn -0.7772 0.1380 -0.6139
vn -0.8249 0.0675 -0.5613
vn -0.8587 0.1380 -0.4935
vn 0.5140 0.2013 -0.8338
vn 0.3933 0.1568 -0.9059
vn 0.4439 -0.8009 -0.4018
vn 0.7768 -0.6073 -0.1667
vn 0.0765 -0.7852 -0.6145
vn 0.2396 0.0783 -0.9677
vn -0.8744 0.2299 -0.4273
vn -0.8791 0.2049 -0.4304
vn -0.9114 -0.3474 -0.2207
vn -0.9459 -0.2636 -0.1891
vn -0.6893 -0.7243 -0.0131
vn -0.7194 -0.6818 0.1329
vn -0.4518 -0.8551 0.2541
vn -0.1498 -0.8686 0.4724
vn -0.2419 -0.8127 0.5301
vn 0.4426 -0.6563 0.6110
vn 0.2260 -0.8199 0.5260
vn 0.3305 -0.8538 0.4022
vn 0.6401 -0.5900 0.4921
vn 0.8849 -0.0645 0.4614
vn 0.8668 -0.0562 0.4955
vn 0.8226 0.5274 0.2125
vn 0.8138 0.5398 0.2152
vn 0.4878 0.8689 -0.0838
vn 0.4662 0.8804 -0.0867
vn 0.0185 0.9417 -0.3361
vn 0.0733 0.9231 -0.3776
vn -0.4991 0.7275 -0.4708
vn -0.4590 0.7257 -0.5126
vn -0.7627 -0.6065 -0.2245
vn -0.8109 -0.3684 -0.4547
vn -0.7466 -0.6204 -0.2404
vn -0.7272 -0.6772 -0.1120
vn -0.6635 -0.7061 -0.2475
vn -0.6562 -0.6020 -0.4550
vn -0.5463 -0.8349 0.0674
vn -0.1383 -0.9305 0.3391
vn 0.3424 -0.8323 0.4360
vn 0.7290 -0.5087 0.4580
vn 0.7384 -0.5630 0.3712
vn 0.9800 -0.1121 0.1642
vn 0.9900 -0.0732 0.1208
vn 0.7177 0.5940 -0.3635
vn 0.7841 0.4136 -0.4628
vn 0.9184 0.3368 -0.2074
vn 0.9209 0.3763 -0.1021
vn 0.3984 0.4735 -0.7855
vn 0.6689 -0.0683 -0.7402
vn -0.7219 -0.1502 -0.6755
vn 0.0807 -0.6675 -0.7402
vn -0.1528 -0.1600 -0.9752
vn -0.2823 -0.8147 -0.5066
vn -0.5084 -0.5226 -0.6844
vn -0.4445 -0.8231 -0.3534
vn -0.6075 -0.7689 -0.1996
vn 0.1590 0.8594 -0.4859
vn -0.4071 0.6712 -0.6195
vn -0.4247 0.6399 -0.6405
vn 0.1874 0.8300 -0.5253
vn -0.8751 0.1721 -0.4523
vn -0.8684 0.2111 -0.4488
vn -0.9531 -0.2519 -0.1679
vn -0.9506 -0.2588 -0.1713
vn -0.7577 -0.6393 0.1316
vn -0.7704 -0.6219 0.1405
vn -0.2537 -0.8498 0.4620
vn -0.2823 -0.8341 0.4739
vn 0.4022 -0.6562 0.6385
vn 0.3727 -0.6611 0.6512
vn 0.8559 -0.0604 0.5136
vn 0.8487 -0.0849 0.5221
vn 0.8481 0.5015 0.1709
vn 0.8854 0.4406 0.1479
vn 0.6464 0.7203 -0.2518
vn 0.5836 0.7940 -0.1701
vn -0.2583 0.5224 -0.8127
vn 0.1799 0.7143 -0.6763
vn -0.8118 -0.4526 -0.3689
vn -0.6723 0.1094 -0.7322
vn -0.4664 -0.8721 0.1482
vn 0.1380 -0.8495 0.5092
vn -0.2604 -0.8999 0.3498
vn 0.4678 -0.6986 0.5413
vn 0.9352 -0.1188 0.3336
vn 0.6180 -0.6064 0.5004
vn 0.9044 0.4247 -0.0411
vn 0.5693 0.7108 -0.4130
vn -0.9600 -0.2787 -0.0256
vn -0.8876 -0.4600 -0.0254
vn -0.9770 -0.2134 0.0003
vn -0.9958 -0.0894 -0.0202
vn -0.7023 -0.7108 0.0400
vn -0.7212 -0.6887 -0.0749
vn 0.2100 -0.9777 -0.0069
vn 0.7183 -0.6957 -0.0061
vn 0.7047 -0.7031 -0.0951
vn 0.1713 -0.9843 -0.0427
vn -0.3892 -0.9210 -0.0147
vn -0.3411 -0.9397 -0.0249
vn -0.6973 -0.7109 -0.0920
vn -0.8120 -0.5824 -0.0377
vn -0.8513 -0.5065 -0.1366
vn -0.8324 -0.5518 -0.0517
vn -0.8804 0.3538 -0.3157
vn -0.9267 -0.1233 -0.3550
vn -0.9569 -0.0277 -0.2890
vn -0.9083 0.3299 -0.2573
vn 0.9501 -0.2524 -0.1832
vn 0.9797 -0.2006 -0.0035
vn 0.8777 0.1331 -0.4604
vn 0.8296 0.5569 -0.0393
vn 0.6231 -0.6959 -0.3569
vn 0.6937 -0.5980 -0.4015
vn 0.2058 -0.9304 -0.3035
vn 0.2037 -0.9517 -0.2298
vn 0.6931 -0.5414 -0.4759
vn 0.9256 -0.1083 -0.3627
vn 0.9011 0.0676 -0.4284
vn 0.8951 -0.2628 -0.3603
vn 0.6945 -0.5178 -0.4996
vn 0.8955 0.2010 -0.3971
vn 0.6262 0.5946 -0.5043
vn 0.3989 -0.5882 -0.7035
vn 0.7766 -0.3593 -0.5175
vn 0.0592 -0.9882 -0.1413
vn 0.5759 -0.7835 -0.2334
vn -0.2411 0.7709 -0.5896
vn -0.6806 -0.3621 -0.6369
vn -0.6015 -0.7977 -0.0433
vn -0.8977 -0.4208 -0.1305
vn -0.1031 0.9718 -0.2120
vn 0.1345 0.9909 -0.0095
vn -0.3330 0.9337 -0.1316
vn 0.6181 0.7123 -0.3326
vn 0.8853 0.3373 -0.3200
vn 0.9249 0.3699 -0.0881
vn 0.5879 0.8089 -0.0031
vn 0.4792 0.0954 -0.8725
vn 0.8212 -0.2207 -0.5263
vn -0.8937 0.1971 -0.4030
vn -0.8092 -0.0189 -0.5872
vn 0.1345 -0.8488 -0.5114
vn 0.5078 -0.8381 -0.1993
vn -0.9047 -0.3958 -0.1574
vn -0.5191 -0.8444 -0.1321
vn 0.9374 -0.2893 -0.1939
vn 0.9216 -0.1741 -0.3468
vn 0.8394 -0.5419 -0.0412
vn 0.8921 -0.3320 -0.3064
vn 0.9903 0.1314 0.0455
vn 0.9776 0.1725 -0.1207
vn -0.9364 0.3268 -0.1279
vn -0.9836 -0.1051 -0.1463
vn -0.9498 0.2702 -0.1579
vn -0.5405 0.8370 -0.0856
vn -0.7946 0.5966 -0.1130
vn -0.7754 0.6250 -0.0897
vn -0.3475 0.9369 -0.0384
vn -0.5672 0.8069 -0.1651
vn 0.1871 0.9823 -0.0055
vn 0.1137 0.9935 -0.0073
vn 0.6836 0.7282 0.0484
vn 0.6531 0.7567 -0.0288
vn -0.8841 0.3890 -0.2588
vn -0.9583 -0.1516 -0.2422
vn -0.8711 0.3883 -0.3008
vn -0.8740 0.3858 -0.2955
vn -0.6005 0.7477 -0.2835
vn -0.5925 0.7654 -0.2510
vn -0.8415 0.3987 -0.3646
vn -0.9403 -0.1169 -0.3197
vn -0.9369 -0.1653 -0.3080
vn -0.9853 0.0732 -0.1541
vn -0.9004 -0.4214 -0.1081
vn -0.8807 -0.4514 -0.1432
vn -0.8180 0.5531 -0.1580
vn 0.2514 0.9648 -0.0774
vn 0.4268 0.5764 -0.6968
vn -0.5884 0.7970 -0.1360
vn -0.7292 0.4235 -0.5374
vn -0.4868 0.5840 -0.6496
vn -0.0700 0.9895 -0.1264
vn 0.2506 -0.6609 -0.7074
vn -0.7761 -0.4327 -0.4588
vn -0.5965 -0.5650 -0.5701
vn -0.9127 -0.0607 -0.4040
vn -0.9455 -0.2017 -0.2555
vn -0.6132 0.6564 -0.4394
vn -0.7215 0.6868 -0.0878
vn -0.6247 0.7785 -0.0603
vn -0.8959 0.1788 -0.4066
vn -0.9765 -0.0763 -0.2017
vn 0.8782 -0.3074 -0.3664
vn 0.8604 -0.2496 -0.4443
vn 0.8727 -0.2345 -0.4283
vn 0.8912 -0.1014 -0.4422
vn 0.9122 -0.0746 -0.4030
vn 0.9073 -0.0024 -0.4205
vn 0.9646 -0.1191 -0.2351
vn 0.9576 0.0692 -0.2796
vn 0.0376 0.9894 0.1404
vn 0.0949 0.9884 0.1182
vn -0.2798 0.9524 0.1208
vn -0.3804 0.9133 0.1457
vn -0.3865 0.9126 0.1335
vn -0.0103 0.9873 0.1583
vn -0.6042 -0.7917 0.0905
vn -0.6704 -0.7389 -0.0679
vn -0.3520 -0.9322 -0.0846
vn -0.0469 -0.9761 -0.2123
vn -0.0309 -0.9474 -0.3185
vn -0.4143 -0.8821 -0.2244
vn 0.0021 -0.9671 -0.2542
vn -0.0366 -0.9993 -0.0093
vn -0.2383 -0.9673 0.0864
vn -0.5496 -0.8124 0.1946
vn -0.3909 -0.8914 -0.2293
vn -0.3648 -0.9099 -0.1974
vn -0.7177 -0.6805 -0.1474
vn -0.7057 -0.6918 -0.1531
vn 0.0484 -0.9727 -0.2269
vn 0.6605 0.7481 -0.0642
vn 0.5995 0.7969 -0.0743
vn -0.6703 -0.7417 -0.0222
vn -0.2931 -0.9556 -0.0313
vn -0.2637 -0.9646 0.0051
vn -0.6550 -0.7554 0.0198
vn 0.5502 -0.8350 -0.0022
vn 0.1397 -0.9902 0.0031
vn 0.1074 -0.9934 -0.0393
vn 0.5325 -0.8449 -0.0511
vn 0.9117 -0.4040 -0.0745
vn 0.9056 -0.4237 -0.0190
vn 0.9966 0.0094 -0.0817
vn 0.9966 0.0301 -0.0763
vn 0.9893 -0.1349 -0.0563
vn 0.9818 -0.1697 -0.0851
vn 0.9980 -0.0584 -0.0245
vn 0.8989 0.4363 -0.0408
vn 0.6927 0.7170 -0.0778
vn -0.3980 0.9170 -0.0254
vn -0.2879 0.9458 -0.1502
vn -0.6183 0.7789 -0.1052
vn -0.6742 0.7376 0.0371
vn -0.9973 -0.0623 0.0384
vn -0.9734 -0.2256 0.0399
vn -0.9727 -0.2268 0.0495
vn -0.9949 -0.0841 0.0549
vn -0.9749 0.2228 0.0048
vn -0.9823 0.1757 0.0652
vn -0.8326 0.5517 -0.0493
vn -0.8747 0.4818 0.0527
vn 0.4338 0.8890 -0.1465
vn 0.0978 0.9784 -0.1819
vn 0.0016 0.9972 -0.0749
vn 0.3913 0.9168 -0.0797
vn -0.9023 -0.4311 0.0078
vn -0.9016 -0.4306 0.0421
vn 0.9280 0.2618 -0.2650
vn 0.6609 0.7420 -0.1121
vn 0.9034 -0.0928 -0.4187
vn 0.9175 0.3910 -0.0726
vn 0.5967 0.8004 0.0572
vn 0.5292 0.8460 0.0655
vn 0.8697 0.4897 -0.0626
vn 0.4668 0.8768 0.1157
vn 0.8367 0.5473 0.0218
vn 0.9833 -0.1469 -0.1076
vn 0.9769 -0.0550 -0.2063
vn 0.9318 -0.2773 -0.2340
vn 0.9596 -0.1829 -0.2136
vn 0.9772 -0.2025 -0.0639
vn 0.9623 -0.2502 -0.1064
vn 0.9812 0.0181 -0.1923
vn 0.9789 -0.0428 -0.1996
vn 0.9514 -0.2388 -0.1945
vn 0.9320 -0.2682 -0.2439
vn 0.9892 -0.0031 0.1468
vn 0.6963 -0.4716 0.5411
vn 0.8703 0.2833 -0.4030
vn 0.9043 0.3017 -0.3021
vn 0.9220 0.3028 -0.2412
vn 0.9211 0.2296 -0.3143
vn 0.9808 0.1930 0.0289
vn 0.9938 0.0638 -0.0907
vn 0.8487 -0.5286 0.0155
vn 0.9792 0.2008 0.0289
vn 0.6372 0.7706 0.0143
vn -0.5378 0.8428 -0.0233
vn 0.0571 0.9984 -0.0033
vn -0.9382 0.3458 -0.0098
vn -0.9224 -0.3827 -0.0527
vn -0.4386 -0.8945 -0.0867
vn 0.3819 -0.9240 -0.0193
vn -0.0089 -0.9982 -0.0598
vn 0.9643 0.0419 -0.2616
vn 0.9538 -0.2364 -0.1853
vn 0.9358 -0.2694 -0.2274
vn 0.9614 -0.1680 -0.2179
vn 0.9908 0.1286 -0.0431
vn 0.9750 -0.1683 -0.1454
vn 0.9438 -0.2622 -0.2014
vn 0.9658 -0.1100 -0.2348
vn 0.9419 0.1808 -0.2832
vn -0.4706 0.8774 0.0938
vn -0.6725 0.7358 0.0790
vn -0.7194 0.6945 -0.0117
vn -0.8176 0.5617 -0.1268
vn -0.8109 0.5844 -0.0287
vn -0.7883 0.6002 -0.1357
vn -0.7878 0.6072 -0.1030
vn -0.8762 0.4804 -0.0396
vn -0.8663 0.4889 -0.1026
vn -0.9303 0.3388 -0.1403
vn -0.9401 0.3346 -0.0652
vn -0.9314 0.3292 -0.1552
vn -0.9239 0.3607 -0.1275
vn -0.9755 0.2168 -0.0383
vn -0.9682 0.2337 -0.0897
vn -0.9967 0.0249 -0.0772
vn -0.9998 0.0170 -0.0086
vn -0.9807 -0.1956 0.0014
vn -0.9974 -0.0703 -0.0178
vn -0.9974 -0.0166 -0.0700
vn -0.9765 -0.2151 -0.0132
vn -0.6495 0.7571 0.0703
vn -0.8230 -0.5676 -0.0206
vn -0.8176 -0.5757 0.0082
vn -0.8918 0.4525 -0.0007
vn -0.8105 0.5855 0.0136
vn -0.7605 -0.6444 -0.0798
vn -0.8654 -0.4979 -0.0560
vn -0.6668 -0.7332 -0.1336
vn -0.8314 0.5555 0.0118
vn -0.8425 0.5385 0.0132
vn -0.9999 -0.0004 0.0125
vn -0.9114 -0.4090 0.0458
vn -0.9996 -0.0261 0.0099
vn -0.9982 0.0580 -0.0139
vn -0.9944 0.1056 -0.0044
vn -0.9999 -0.0089 0.0147
vn -0.9574 0.2886 -0.0060
vn -0.9728 0.2316 0.0007
vn -0.9095 0.4156 -0.0029
vn -0.9909 -0.1333 0.0203
vn -0.2199 0.9593 -0.1772
vn -0.2387 0.9679 -0.0792
vn -0.5286 0.8368 -0.1429
vn -0.5380 0.8285 -0.1556
vn -0.7394 0.6541 -0.1596
vn -0.7701 0.6292 -0.1052
vn -0.9989 -0.0263 -0.0376
vn -0.9535 0.2942 -0.0657
vn -0.9319 0.3370 -0.1342
vn -0.9962 0.0085 -0.0863
vn -0.9725 -0.2307 -0.0308
vn -0.9714 -0.2288 -0.0631
vn -0.8923 -0.4440 -0.0819
vn -0.8981 -0.4365 -0.0530
vn -0.7074 -0.6978 -0.1127
vn -0.6905 -0.7198 -0.0715
vn -0.3411 -0.9296 -0.1395
vn -0.3198 -0.9441 -0.0798
vn 0.0690 -0.9839 -0.1648
vn 0.0826 -0.9916 -0.0992
vn 0.4886 -0.8505 -0.1948
vn 0.5113 -0.8508 -0.1217
vn 0.8319 -0.5204 -0.1928
vn 0.8786 -0.4638 -0.1141
vn 0.9567 -0.2746 -0.0969
vn 0.9961 -0.0823 -0.0328
vn 0.9641 -0.2600 0.0541
vn 0.9912 -0.1259 0.0407
vn 0.9100 0.4106 -0.0568
vn 0.9207 0.3829 -0.0762
vn 0.9917 -0.1179 -0.0518
vn 0.9997 0.0040 -0.0229
vn 0.6945 0.7191 -0.0227
vn 0.6934 0.7125 -0.1071
vn 0.4369 0.8874 -0.1475
vn 0.4389 0.8985 0.0014
vn 0.1140 0.9933 -0.0176
vn 0.1508 0.9732 -0.1735
vn -0.1335 0.9910 -0.0084
vn 0.2964 0.9537 -0.0505
vn -0.6922 0.7111 0.1233
vn -0.4946 0.8658 0.0763
vn -0.8905 0.4475 0.0818
vn 0.8092 0.5875 0.0023
vn 0.8715 0.4902 0.0145
vn 0.5518 0.8327 0.0469
vn -0.0073 0.9985 0.0550
vn -0.5786 0.8132 -0.0624
vn -0.5125 0.8584 -0.0214
vn -0.5450 0.8326 -0.0984
vn 0.3568 -0.8642 0.3549
vn 0.0683 -0.9680 0.2416
vn -0.2620 -0.9552 0.1378
vn -0.3546 -0.9244 0.1406
vn 0.1437 -0.8837 0.4454
vn -0.9842 0.1768 0.0050
vn -0.9309 0.3652 -0.0014
vn 0.9276 -0.3065 0.2137
vn 0.9764 -0.1231 0.1773
vn 0.9333 -0.3532 0.0647
vn 0.9788 -0.1940 0.0656
vn 0.9666 -0.2463 0.0706
vn 0.9359 -0.3512 0.0290
vn 0.9239 -0.3818 -0.0247
vn 0.9367 -0.3292 -0.1190
vn 0.8909 -0.3152 -0.3269
vn 0.8006 0.5939 0.0796
vn 0.4177 0.8943 0.1601
vn -0.0272 0.9851 0.1697
vn -0.3853 0.9150 0.1194
vn -0.6453 0.7620 0.0540
vn -0.8218 0.5698 0.0087
vn 0.9390 0.2440 -0.2425
vn 0.9732 0.2006 -0.1128
vn 0.9200 -0.2236 -0.3219
vn 0.9354 -0.2593 -0.2404
vn 0.9617 -0.2216 -0.1615
vn 0.9708 -0.2055 -0.1236
vn 0.9748 -0.1642 -0.1509
vn 0.9634 -0.1387 -0.2295
vn 0.9657 -0.0799 -0.2471
vn 0.9402 0.3085 -0.1443
vn 0.1781 -0.8976 -0.4033
vn -0.4203 -0.8823 -0.2118
vn -0.1898 -0.9400 -0.2834
vn 0.6379 0.7700 -0.0111
vn 0.1341 0.9892 0.0586
vn -0.2594 0.9635 0.0660
vn -0.5261 0.8504 -0.0039
vn -0.6470 0.7128 -0.2706
vn -0.7948 0.5198 -0.3132
vn -0.8058 0.3986 -0.4379
vn -0.5563 0.7224 -0.4106
vn -0.6289 0.7567 -0.1785
vn -0.7238 0.6719 -0.1574
vn -0.4240 0.8694 -0.2538
vn -0.8925 0.3614 -0.2700
vn -0.9246 0.2948 -0.2414
vn -0.9160 0.1542 -0.3704
vn -0.8473 0.2905 -0.4446
vn -0.7819 0.4876 -0.3884
vn -0.9845 0.0215 -0.1741
vn -0.9434 0.2816 -0.1753
vn -0.9398 0.0634 -0.3358
vn -0.9880 0.0249 -0.1524
vn -0.9793 -0.0305 -0.2002
vn -0.9235 -0.0603 -0.3789
vn -0.9801 -0.1902 -0.0575
vn -0.9755 -0.1175 -0.1862
vn 0.9667 -0.2115 -0.1438
vn 0.9646 -0.0150 -0.2633
vn 0.8542 -0.2393 0.4615
vn 0.9851 -0.0051 0.1719
vn 0.5222 -0.5849 0.6207
vn 0.6489 -0.5139 0.5611
vn 0.1633 -0.7643 0.6239
vn 0.1096 -0.7793 0.6170
vn -0.2317 -0.8527 0.4682
vn -0.2343 -0.8128 0.5334
vn -0.4911 -0.8195 0.2954
vn -0.5251 -0.7794 0.3419
vn -0.7092 -0.6932 0.1287
vn -0.7894 -0.6132 0.0288
vn -0.7085 -0.6939 0.1289
vn -0.9493 0.3143 0.0028
vn -0.9882 0.1532 -0.0006
vn 0.9905 -0.1216 -0.0635
vn 0.9747 0.2160 -0.0575
vn -0.8794 0.4261 -0.2124
vn -0.8684 0.4640 -0.1748
vn -0.7847 0.5933 -0.1797
vn -0.3317 -0.8846 -0.3279
vn -0.1177 0.0269 -0.9927
vn 0.2647 0.9156 -0.3025
vn 0.3280 0.9444 0.0234
vn -0.2769 -0.5406 -0.7944
vn -0.3370 -0.9407 -0.0395
vn 0.1262 0.7644 -0.6323
vn 0.2389 0.9683 -0.0727
vn -0.2640 -0.9545 -0.1390
vn -0.2906 -0.6360 -0.7149
vn -0.1107 0.6549 -0.7475
vn 0.0396 0.9943 -0.0995
vn -0.9964 0.0577 -0.0613
vn 0.6098 0.7925 -0.0080
vn 0.9690 0.2461 -0.0221
vn 0.8697 -0.4910 -0.0496
vn 0.4169 -0.9076 -0.0491
vn 0.0092 -0.9994 -0.0342
vn -0.4506 -0.8914 -0.0481
vn -0.9315 -0.3618 -0.0362
vn -0.9278 0.3731 -0.0083
vn -0.5402 0.8415 0.0011
vn 0.0471 0.9989 -0.0043
vn -0.9423 -0.3345 0.0132
vn -0.9731 0.0667 -0.2204
vn -0.8305 0.0166 -0.5568
vn -0.9322 -0.1161 -0.3427
vn -0.8521 -0.2314 -0.4694
vn -0.9717 0.2337 0.0343
vn -0.9594 0.2749 -0.0631
vn -0.9290 0.3605 0.0833
vn -0.7904 0.5389 -0.2914
vn -0.6693 0.6641 -0.3333
vn -0.9778 0.1841 -0.1004
vn -0.9446 0.2935 0.1471
vn -0.9585 0.2592 0.1186
vn -0.9382 0.3234 0.1232
vn -0.8843 0.4013 -0.2389
vn -0.8942 0.3598 -0.2663
vn -0.8621 0.4280 -0.2714
vn -0.9355 0.2720 -0.2257
vn -0.0021 -0.9572 0.2893
vn -0.5238 0.8354 -0.1665
vn -0.8340 0.5517 0.0080
vn -0.9910 0.1228 0.0526
vn -0.5806 0.8135 -0.0326
vn 0.9627 0.2704 0.0135
vn 0.9952 -0.0952 -0.0215
vn 0.8422 -0.5390 -0.0121
vn 0.4347 -0.8991 0.0526
vn -0.5572 -0.8148 0.1601
vn -0.9079 -0.4020 0.1190
vn -0.9015 0.3698 -0.2247
vn -0.9698 0.2142 -0.1168
vn -0.9569 -0.1574 0.2441
vn -0.9622 -0.1357 0.2361
vn -0.9782 0.0565 0.2000
vn -0.9685 0.0410 0.2458
vn -0.6871 0.7167 0.1195
vn -0.8751 0.4726 0.1044
vn -0.8957 0.4432 0.0368
vn -0.6964 0.7170 0.0301
vn -0.8541 0.4895 0.1757
vn -0.8517 0.4753 0.2205
vn -0.9036 0.3976 0.1597
vn -0.8830 0.4482 0.1396
vn -0.9995 -0.0011 -0.0327
vn -0.9626 -0.2642 0.0607
vn -0.9376 -0.2676 0.2219
vn -0.9900 0.0295 0.1378
vn -0.8397 -0.4206 0.3434
vn -0.9169 -0.3398 0.2093
vn -0.7842 -0.5248 0.3312
vn -0.9249 -0.2735 0.2640
vn -0.9079 -0.3061 0.2864
vn -0.7996 -0.4734 0.3694
vn 0.1690 -0.8855 0.4329
vn 0.6118 -0.7131 0.3425
vn 0.6341 -0.7270 0.2634
vn 0.2167 -0.9135 0.3443
vn -0.0092 -0.4851 0.8744
vn 0.4263 -0.4318 0.7949
vn 0.5504 -0.4567 0.6989
vn 0.0434 -0.5974 0.8008
vn 0.9019 -0.1368 0.4098
vn 0.9823 -0.0720 0.1728
vn 0.9668 -0.2004 0.1586
vn 0.9289 -0.2250 0.2941
vn 0.6881 0.7219 0.0737
vn 0.8176 0.5757 -0.0089
vn 0.8540 0.5104 -0.1012
vn 0.8298 0.5580 -0.0078
vn 0.7142 0.6661 0.2148
vn 0.6719 0.7208 0.1703
vn -0.6665 0.7103 0.2264
vn -0.0228 0.9679 0.2504
vn -0.0320 0.9589 0.2818
vn -0.6556 0.7108 0.2550
vn -0.8325 -0.3646 0.4171
vn -0.4176 -0.7872 0.4538
vn -0.3891 -0.8364 0.3859
vn -0.9220 0.3548 0.1551
vn -0.9548 0.2816 0.0949
vn -0.9695 0.2428 0.0328
vn -0.9472 0.3039 0.1027
vn 0.9757 0.2022 -0.0848
vn 0.9696 0.2171 -0.1130
vn 0.9980 -0.0634 -0.0050
vn -0.0244 -0.5023 0.8643
vn -0.0228 -0.5056 0.8625
vn 0.3885 -0.4334 0.8132
vn 0.4042 -0.4400 0.8019
vn 0.6489 -0.3170 0.6917
vn 0.6181 -0.3169 0.7194
vn -0.5332 -0.4527 0.7146
vn -0.5134 -0.5807 0.6318
vn -0.9270 -0.2456 0.2836
vn -0.8163 -0.4640 0.3441
vn -0.4664 -0.7267 0.5043
vn 0.1122 -0.7941 0.5974
vn 0.5777 -0.6397 0.5070
vn 0.8412 -0.4121 0.3501
vn 0.8609 -0.4536 0.2305
vn 0.9784 -0.1085 0.1758
vn 0.9361 -0.3003 0.1829
vn 0.9265 -0.2835 0.2473
vn 0.9702 -0.1299 0.2043
vn 0.9150 0.3787 0.1390
vn 0.9138 0.3441 0.2159
vn 0.6815 0.7288 0.0672
vn 0.6932 0.7129 0.1064
vn 0.6455 0.7552 0.1141
vn 0.6448 0.7611 0.0706
vn -0.0432 0.9901 0.1332
vn -0.0171 0.9778 0.2087
vn -0.6662 0.7249 0.1751
vn -0.8535 0.5060 0.1244
vn -0.8721 0.4682 0.1423
vn -0.9342 0.3138 0.1697
vn -0.9675 0.0160 0.2522
vn -0.9498 -0.1549 0.2719
vn 0.5250 0.8061 0.2730
vn 0.5415 0.8115 0.2195
vn 0.8224 -0.3233 0.4681
vn 0.8052 -0.2242 0.5490
vn -0.9528 0.2032 0.2254
vn -0.9532 0.1976 0.2289
vn -0.9674 0.1958 0.1605
vn 0.7841 -0.1839 0.5927
vn 0.7366 -0.1800 0.6519
vn 0.6562 -0.3322 0.6775
vn 0.9924 -0.0179 0.1220
vn 0.9965 -0.0648 0.0520
vn 0.9444 0.3067 0.1185
vn 0.8066 0.5876 0.0639
vn -0.0134 0.9746 0.2236
vn 0.5531 0.8161 0.1672
vn -0.6627 0.7232 0.1943
vn -0.8526 0.5029 0.1422
vn -0.9755 0.0221 0.2190
vn 0.8456 -0.0811 0.5276
vn 0.9234 0.0508 0.3804
vn 0.9601 0.2329 0.1546
vn 0.8873 0.4458 0.1178
vn 0.7579 0.6094 0.2330
vn -0.0378 0.9473 0.3181
vn -0.6305 0.7170 0.2972
vn -0.9196 0.3356 0.2043
vn -0.8436 0.4653 0.2681
vn -0.9870 0.1525 0.0516
vn -0.9950 -0.0505 -0.0857
vn -0.5359 -0.4414 0.7197
vn 0.9643 0.2646 -0.0126
vn -0.9834 0.0415 0.1767
vn 0.5232 0.7979 0.2994
vn 0.5440 0.8306 0.1190
vn 0.9834 0.0415 0.1767
vn 0.9933 0.0032 0.1158
vn 0.9266 -0.3187 0.1998
vn 0.9249 -0.2735 0.2641
vn 0.9622 -0.1358 0.2361
vn 0.9782 0.0565 0.2000
vn 0.6871 0.7168 0.1184
vn 0.6964 0.7170 0.0303
vn 0.8957 0.4432 0.0369
vn 0.8750 0.4727 0.1045
vn 0.7842 -0.5247 0.3312
vn 0.7996 -0.4735 0.3693
vn 0.9079 -0.3062 0.2863
vn 0.7764 -0.5788 0.2494
vn -0.1690 -0.8855 0.4327
vn -0.2167 -0.9136 0.3441
vn -0.6341 -0.7271 0.2632
vn -0.6118 -0.7131 0.3423
vn -0.9138 0.4019 0.0588
vn -0.7119 0.7019 0.0215
vn -0.6815 0.7287 0.0675
vn -0.9150 0.3786 0.1391
vn -0.5301 0.8479 0.0053
vn -0.5298 0.8460 0.0596
vn 0.4176 -0.7873 0.4537
vn 0.3891 -0.8365 0.3858
vn 0.9548 0.2816 0.0950
vn 0.9694 0.2444 0.0248
vn 0.9220 0.3548 0.1552
vn 0.9674 0.1958 0.1605
vn 0.9528 0.2032 0.2255
vn 0.9270 -0.2457 0.2835
vn 0.8163 -0.4640 0.3440
vn 0.8398 -0.4205 0.3434
vn 0.9377 -0.2676 0.2218
vn 0.4664 -0.7268 0.5043
vn -0.1123 -0.7942 0.5972
vn -0.0436 -0.5975 0.8007
vn 0.5135 -0.5806 0.6318
vn -0.5777 -0.6398 0.5068
vn -0.5504 -0.4568 0.6989
vn -0.8412 -0.4122 0.3500
vn -0.9265 -0.2836 0.2473
vn -0.9287 -0.2255 0.2944
vn -0.8225 -0.3233 0.4679
vn -0.9703 -0.1299 0.2042
vn -0.9668 -0.2005 0.1585
vn -0.9965 -0.0649 0.0519
vn -0.9924 -0.0179 0.1219
vn -0.9444 0.3067 0.1185
vn -0.9643 0.2646 -0.0126
vn -0.8064 0.5879 0.0636
vn -0.8176 0.5758 -0.0088
vn -0.6716 0.7211 0.1705
vn -0.6455 0.7553 0.1135
vn -0.5533 0.8160 0.1671
vn -0.5417 0.8114 0.2196
vn 0.0146 0.9746 0.2234
vn 0.0234 0.9677 0.2512
vn 0.6657 0.7107 0.2273
vn 0.6618 0.7241 0.1941
vn 0.8526 0.5029 0.1423
vn 0.8541 0.4895 0.1759
vn 0.9342 0.3138 0.1698
vn 0.9755 0.0221 0.2190
vn 0.9900 0.0295 0.1379
vn 0.9471 0.3040 0.1027
vn 0.0432 0.9901 0.1334
vn 0.0718 0.9972 0.0204
vn -0.4237 -0.4309 0.7967
vn -0.6573 -0.3270 0.6790
vn -0.6506 -0.3259 0.6859
vn -0.4040 -0.4538 0.7943
vn 0.8721 0.4682 0.1424
vn 0.8831 0.4479 0.1396
vn 0.9033 0.4283 -0.0234
vn 0.5359 -0.4414 0.7197
vn 0.5335 -0.4528 0.7144
vn 0.0093 -0.4850 0.8745
vn 0.0265 -0.5028 0.8640
vn -0.8609 -0.4537 0.2304
vn -0.9362 -0.3003 0.1828
vn -0.9784 -0.1085 0.1758
vn -0.9138 0.3440 0.2160
vn -0.6934 0.7127 0.1063
vn -0.6443 0.7615 0.0703
vn -0.5435 0.8311 0.1173
vn 0.0173 0.9781 0.2076
vn 0.6660 0.7252 0.1749
vn 0.8535 0.5061 0.1245
vn 0.9532 0.1976 0.2289
vn 0.9675 0.0160 0.2523
vn 0.9498 -0.1549 0.2719
vn 0.9569 -0.1574 0.2441
vn -0.8035 -0.2188 0.5537
vn -0.9015 -0.1343 0.4114
vn -0.9824 -0.0716 0.1723
vn -0.9696 0.2171 -0.1129
vn -0.9980 -0.0635 -0.0060
vn -0.8539 0.5106 -0.1006
vn -0.5232 0.8072 0.2735
vn -0.7147 0.6667 0.2114
vn 0.0318 0.9598 0.2790
vn 0.6559 0.7115 0.2522
vn 0.8526 0.4756 0.2165
vn 0.9695 0.2432 0.0302
vn 0.9042 0.3984 0.1541
vn 0.9994 -0.0011 -0.0338
vn 0.9626 -0.2642 0.0607
vn -0.6883 0.7217 0.0736
vn -0.8295 0.5585 -0.0092
vn -0.9752 0.2040 -0.0862
vn 0.9684 0.0410 0.2459
vn 0.2215 -0.8856 0.4082
vn 0.1896 -0.7921 0.5802
vn 0.1297 -0.8474 0.5149
vn 0.1721 -0.8966 0.4080
vn 0.1081 -0.5141 0.8509
vn 0.0782 -0.5858 0.8067
vn 0.0652 -0.8712 0.4865
vn 0.0310 -0.6612 0.7496
vn -0.0436 -0.7210 0.6915
vn -0.0344 -0.8850 0.4644
vn -0.2259 -0.7575 0.6126
vn -0.2032 -0.8792 0.4309
vn -0.0004 -0.8010 0.5986
vn 0.0037 -0.8992 0.4376
vn 0.1020 -0.9052 0.4127
vn -0.0174 -0.9245 0.3807
vn -0.0130 -0.8897 0.4564
vn 0.0959 -0.8730 0.4782
vn -0.1558 -0.9117 0.3801
vn 0.0024 -0.9320 0.3625
vn -0.0936 -0.8642 0.4943
vn -0.1342 -0.8192 0.5575
vn -0.1592 -0.8502 0.5018
vn 0.0012 -0.8575 0.5145
vn 0.0008 -0.8098 0.5867
vn -0.1153 -0.4859 0.8664
vn -0.2194 -0.7229 0.6552
vn -0.1933 -0.7913 0.5801
vn -0.1080 -0.5142 0.8508
vn -0.0783 -0.5858 0.8067
vn -0.1338 -0.8460 0.5161
vn -0.0677 -0.8705 0.4876
vn -0.0308 -0.6614 0.7494
vn 0.0352 -0.8858 0.4627
vn 0.2078 -0.8799 0.4274
vn 0.2255 -0.7575 0.6127
vn 0.0436 -0.7210 0.6915
vn -0.1775 -0.8968 0.4053
vn -0.1051 -0.9067 0.4084
vn 0.1582 -0.9129 0.3763
vn 0.0180 -0.9268 0.3750
vn 0.0936 -0.8658 0.4915
vn 0.0125 -0.8919 0.4520
vn 0.1347 -0.8202 0.5560
vn 0.1609 -0.8508 0.5002
vn 0.1689 -0.8473 0.5035
vn -0.0980 -0.8748 0.4745
vn 0.1152 -0.4858 0.8664
vn 0.2173 -0.7231 0.6557
vn -0.2255 -0.8853 0.4066
vn 0.5448 -0.7556 0.3638
vn 0.3391 -0.7078 0.6197
vn 0.3430 -0.6540 0.6743
vn 0.5836 -0.6660 0.4645
vn 0.0844 -0.6795 0.7288
vn 0.1537 -0.5937 0.7898
vn 0.0679 -0.5471 0.8343
vn -0.0632 -0.6119 0.7884
vn 0.1766 -0.5653 0.8058
vn 0.1412 -0.4829 0.8642
vn 0.1610 -0.5588 0.8135
vn 0.1698 -0.5548 0.8145
vn 0.1565 -0.6068 0.7793
vn 0.4418 -0.8713 0.2135
vn 0.3201 -0.7983 0.5102
vn 0.3365 -0.7444 0.5768
vn 0.4855 -0.8290 0.2776
vn -0.0566 -0.5951 0.8016
vn 0.1344 -0.7284 0.6719
vn -0.0597 -0.9795 0.1924
vn -0.0091 -0.9418 0.3362
vn 0.2492 -0.8841 0.3953
vn 0.2880 -0.9382 0.1920
vn -0.2511 -0.9058 0.3412
vn -0.2295 -0.9654 0.1235
vn 0.0084 -0.9977 0.0674
vn 0.0076 -0.9294 0.3691
vn 0.1096 -0.7214 0.6838
vn -0.0109 -0.8130 0.5821
vn -0.2243 -0.8209 0.5252
vn 0.0062 -0.8448 0.5350
vn -0.5456 -0.7549 0.3640
vn -0.5844 -0.6657 0.4641
vn -0.3437 -0.6533 0.6746
vn -0.3399 -0.7067 0.6205
vn -0.1537 -0.5933 0.7902
vn -0.0838 -0.6797 0.7287
vn 0.0635 -0.6119 0.7884
vn -0.0678 -0.5470 0.8344
vn -0.1770 -0.5643 0.8063
vn -0.1412 -0.4829 0.8642
vn -0.1616 -0.5575 0.8143
vn -0.1705 -0.5532 0.8154
vn -0.3376 -0.7429 0.5780
vn -0.4867 -0.8281 0.2782
vn -0.2539 -0.8812 0.3988
vn -0.2937 -0.9361 0.1934
vn -0.4440 -0.8699 0.2148
vn -0.3222 -0.7960 0.5124
vn 0.2566 -0.9041 0.3417
vn 0.2358 -0.9638 0.1246
vn -0.1130 -0.7189 0.6859
vn -0.1584 -0.6045 0.7807
vn 0.0537 -0.9794 0.1944
vn 0.0040 -0.9406 0.3395
vn 0.2296 -0.8198 0.5246
vn 0.0080 -0.8119 0.5838
vn 0.2112 -0.7597 0.6150
vn 0.3044 -0.6504 0.6959
vn -0.3049 -0.6503 0.6958
vn -0.2114 -0.7602 0.6144
vn -0.1338 -0.7286 0.6718
vn 0.5227 -0.8423 0.1319
vn 0.5036 -0.8592 0.0903
vn 0.6590 -0.6359 0.4016
vn 0.5909 -0.6681 0.4523
vn 0.7956 -0.2299 0.5605
vn 0.8167 0.0497 0.5750
vn 0.7719 0.0271 0.6352
vn 0.7076 -0.2786 0.6494
vn 0.4615 -0.3431 0.8181
vn 0.3279 -0.6963 0.6385
vn 0.2565 -0.8648 0.4316
vn 0.0738 0.7401 -0.6685
vn -0.0298 0.7892 -0.6134
vn -0.0127 0.9882 0.1527
vn 0.1344 0.9796 0.1493
vn -0.0156 -0.3399 -0.9403
vn -0.0824 -0.3732 -0.9241
vn 0.4380 0.8989 -0.0130
vn 0.1053 0.9676 -0.2295
vn 0.2481 0.9277 -0.2791
vn 0.3794 0.9247 0.0304
vn 0.8092 0.3733 0.4537
vn 0.7530 0.3252 0.5721
vn 0.6006 0.7104 0.3669
vn 0.7305 0.6537 0.1976
vn 0.2479 0.9523 0.1782
vn 0.2900 0.9507 -0.1098
vn 0.5107 0.3151 0.7999
vn 0.3594 0.7312 0.5799
vn 0.1019 -0.7046 0.7022
vn -0.3430 -0.5152 0.7855
vn -0.3076 -0.5611 0.7685
vn 0.1145 -0.8188 0.5626
vn 0.9720 -0.0742 -0.2230
vn 0.9451 0.0844 -0.3158
vn -0.1224 -0.3416 -0.9319
vn 0.3367 -0.2807 -0.8988
vn 0.5739 -0.7995 -0.1773
vn 0.3213 -0.9101 -0.2616
vn 0.4048 -0.8873 0.2211
vn 0.0199 -0.9616 0.2737
vn 0.2170 -0.9554 0.2001
vn 0.1423 -0.8844 0.4445
vn -0.0017 -0.8888 0.4583
vn -0.6824 0.1408 -0.7172
vn -0.6675 -0.2412 -0.7045
vn -0.9587 -0.2721 0.0823
vn -0.9697 0.2442 0.0085
vn -0.1564 0.9837 -0.0892
vn -0.4255 0.6458 -0.6339
vn -0.5271 0.8489 -0.0401
vn -0.7886 0.6146 -0.0208
vn -0.5906 0.4100 -0.6951
vn 0.9842 0.0083 0.1767
vn 0.8335 0.1933 -0.5176
vn -0.7123 0.6559 0.2499
vn 0.4681 0.7548 -0.4595
vn 0.9057 0.3891 0.1685
vn 0.7593 0.2787 -0.5880
vn 0.9980 0.0279 -0.0559
vn 0.9813 0.1614 -0.1049
vn 0.6112 0.7488 -0.2563
vn 0.1432 0.9781 0.1511
vn 0.3111 0.9282 0.2040
vn 0.2961 0.9459 0.1329
vn 0.5339 0.7928 0.2939
vn 0.5432 0.8315 0.1163
vn 0.2108 0.6692 -0.7126
vn -0.7564 -0.6454 0.1059
vn -0.5669 -0.4767 -0.6718
vn 0.5866 0.1347 -0.7986
vn 0.4920 0.3489 -0.7976
vn 0.7437 0.4099 -0.5281
vn 0.8393 0.1297 -0.5280
vn 0.5341 0.6744 -0.5099
vn 0.6021 -0.1139 -0.7903
vn 0.1751 -0.8646 0.4710
vn 0.1079 -0.8410 0.5301
vn 0.1150 -0.7187 0.6858
vn 0.1309 -0.8492 0.5115
vn 0.7153 -0.6938 -0.0835
vn 0.7054 -0.7055 -0.0689
vn 0.9482 -0.3109 -0.0652
vn 0.9529 -0.2893 -0.0908
vn 0.2658 -0.9631 -0.0419
vn 0.2567 -0.9654 -0.0471
vn -0.5711 -0.4408 0.6925
vn -0.1014 -0.9645 0.2440
vn 0.8936 0.3287 0.3057
vn -0.5160 0.1353 0.8459
vn -0.6642 -0.7418 0.0926
vn -0.5073 -0.8615 0.0202
vn -0.5733 -0.8159 0.0758
vn -0.7394 -0.6496 0.1767
vn -0.5372 -0.8033 0.2570
vn -0.8495 -0.3654 0.3805
vn -0.7333 -0.6321 0.2504
vn -0.9583 0.1735 0.2269
vn -0.6414 -0.1469 0.7530
vn -0.7166 -0.1310 0.6850
vn -0.9200 -0.3115 0.2377
vn -0.6867 -0.4294 0.5866
vn -0.2813 -0.0906 0.9553
vn -0.9747 0.2167 0.0550
vn -0.8822 0.1379 0.4502
vn -0.7536 0.6573 -0.0120
vn -0.2681 -0.1510 0.9515
vn -0.7252 0.5893 0.3561
vn -0.6018 0.4293 0.6734
vn -0.4818 0.8759 -0.0269
vn -0.5233 0.8520 0.0190
vn -0.1508 0.9868 -0.0592
vn -0.2582 0.8901 0.3756
vn -0.1455 0.9893 -0.0073
vn 0.3383 0.9349 -0.1074
vn 0.2620 0.9565 -0.1281
vn 0.3060 0.9482 -0.0856
vn 0.3135 0.9477 -0.0600
vn 0.7121 0.6963 -0.0897
vn 0.6742 0.7272 -0.1290
vn 0.7153 0.6901 -0.1102
vn 0.9235 0.3716 -0.0950
vn 0.9342 0.3490 -0.0740
vn 0.9976 0.0252 -0.0649
vn 0.9955 0.0386 -0.0865
vn 0.8412 -0.1515 -0.5191
vn 0.5049 -0.3788 -0.7756
vn 0.7203 -0.4976 -0.4833
vn 0.0446 -0.8627 0.5038
vn 0.8014 0.5846 0.1267
vn 0.7681 0.5326 0.3555
vn 0.4154 0.5887 -0.6935
vn -0.1624 -0.3446 -0.9246
vn -0.1683 -0.2374 -0.9567
vn 0.9357 -0.0198 0.3523
vn 0.8828 0.2690 0.3852
vn 0.8102 0.1607 0.5637
vn 0.6326 -0.0787 0.7705
vn 0.5035 -0.2309 0.8326
vn 0.9321 -0.2358 0.2750
vn 0.9344 0.3118 0.1721
vn 0.9937 -0.0744 0.0836
vn -0.9168 0.1982 0.3466
vn -0.8519 0.2722 0.4474
vn -0.9239 -0.3824 -0.0155
vn -0.7790 -0.2610 -0.5702
vn -0.5696 -0.5550 -0.6062
vn -0.6857 -0.7273 -0.0286
vn -0.9993 0.0159 -0.0345
vn -0.7814 0.0931 -0.6170
vn 0.5852 -0.0108 -0.8108
vn 0.4938 0.1685 -0.8531
vn 0.9173 -0.0011 -0.3982
vn 0.8646 0.2977 -0.4047
vn 0.6392 0.6441 -0.4203
vn 0.3726 0.4018 -0.8365
vn 0.1676 0.5886 -0.7908
vn -0.2216 -0.7030 -0.6758
vn -0.3062 -0.9502 -0.0578
vn 0.2223 0.8862 -0.4065
vn -0.1097 0.7640 -0.6358
vn -0.1591 0.9695 0.1863
vn 0.0379 -0.3624 -0.9313
vn -0.9190 0.3844 -0.0879
vn -0.6280 0.3683 -0.6856
vn -0.6960 0.7068 -0.1265
vn -0.3067 0.9428 -0.1306
vn -0.1976 0.6686 -0.7169
vn -0.4666 0.5126 -0.7208
vn 0.6013 -0.2498 -0.7590
vn 0.4492 -0.5366 -0.7143
vn 0.1846 -0.6172 -0.7649
vn 0.8494 -0.3598 -0.3860
vn 0.6099 -0.6981 -0.3750
vn -0.1024 -0.7097 0.6970
vn -0.1138 -0.8279 0.5492
vn 0.2685 -0.5976 0.7555
vn 0.2393 -0.5820 0.7772
vn -0.9945 -0.0101 -0.1043
vn -0.4632 -0.1618 -0.8714
vn -0.8016 -0.1646 -0.5748
vn -0.9885 -0.0101 0.1506
vn -0.9866 0.0623 -0.1510
vn -0.9905 -0.0963 -0.0983
vn -0.3369 -0.3136 0.8878
vn -0.9366 0.3480 -0.0413
vn -0.2265 0.7155 -0.6608
vn -0.3076 0.9243 0.2261
vn -0.7406 0.4662 -0.4840
vn -0.8694 0.0956 -0.4847
vn -0.5917 0.1508 -0.7919
vn -0.5151 0.4198 -0.7473
vn -0.0344 0.6319 -0.7743
vn 0.0732 -0.7138 -0.6965
vn -0.1434 0.9000 -0.4117
vn -0.2562 0.8731 -0.4148
vn -0.4164 0.7872 -0.4549
vn -0.2915 0.6445 -0.7069
vn -0.1112 0.6358 -0.7638
vn -0.1293 -0.8627 0.4890
vn -0.1208 -0.7128 0.6909
vn -0.2442 -0.8769 0.4140
vn -0.1333 -0.8599 0.4928
vn -0.7041 -0.7043 -0.0908
vn -0.9171 -0.3829 -0.1111
vn -0.2965 -0.9537 -0.0497
vn -0.2852 -0.9566 -0.0589
vn -0.6888 -0.7062 -0.1636
vn -0.5226 -0.8232 -0.2221
vn -0.8215 -0.5603 0.1058
vn 0.1709 -0.9834 0.0605
vn 0.1235 -0.9923 -0.0029
vn 0.3190 -0.9444 0.0796
vn 0.4636 -0.8531 0.2392
vn 0.6485 -0.4114 0.6404
vn 0.8561 -0.2525 0.4510
vn 0.5339 0.1831 0.8255
vn 0.9839 0.1469 0.1019
vn -0.8228 0.0209 0.5680
vn 0.6548 0.2070 0.7269
vn 0.9308 -0.3536 0.0924
vn 0.6172 -0.3245 0.7168
vn 0.4763 -0.1783 0.8610
vn 0.7932 0.2081 0.5723
vn 0.5124 -0.2675 0.8160
vn -0.8119 0.5257 0.2538
vn 0.7247 0.5812 0.3701
vn 0.4787 0.8780 0.0028
vn 0.5072 0.8618 -0.0098
vn 0.7338 0.6778 0.0458
vn -0.3314 0.9379 -0.1029
vn -0.3824 0.9183 -0.1023
vn 0.1252 0.9900 -0.0656
vn 0.1407 0.9884 -0.0566
vn -0.7136 0.6920 -0.1092
vn -0.7055 0.7018 -0.0983
vn -0.9315 0.3430 -0.1209
vn -0.9119 0.3919 -0.1217
vn -0.9912 -0.0223 -0.1307
vn -0.9277 -0.3409 -0.1523
vn -0.9927 0.0325 -0.1160
vn 0.1058 0.6595 -0.7442
vn -0.0454 -0.6958 -0.7168
vn 0.2553 -0.8869 -0.3850
vn -0.8583 -0.1992 -0.4729
vn -0.6413 -0.1175 -0.7582
vn -0.6541 -0.5913 -0.4717
vn -0.3831 -0.8213 -0.4227
vn -0.3175 -0.6030 -0.7318
vn -0.5566 -0.4400 -0.7047
vn -0.1175 -0.9041 -0.4109
vn 0.1325 -0.3410 -0.9307
vn 0.8340 0.2285 0.5022
vn 0.9040 0.0848 0.4189
vn 0.5475 -0.4399 -0.7118
vn 0.4093 -0.5827 -0.7021
vn 0.0936 -0.9940 -0.0560
vn 0.3010 -0.6503 -0.6975
vn 0.0087 -0.9684 0.2494
vn -0.0038 -0.9951 0.0991
vn 0.1053 -0.9896 0.0979
vn -0.0131 -0.9698 0.2437
vn -0.0277 -0.9806 0.1942
vn -0.0880 -0.9880 0.1273
vn -0.0453 -0.5646 -0.8241
vn -0.1171 -0.6977 -0.7067
vn 0.0104 -0.9949 0.1006
vn 0.0448 -0.9984 -0.0337
vn 0.0069 -0.9984 -0.0555
vn 0.0316 -0.9699 0.2414
vn 0.0795 -0.9776 0.1949
vn -0.1526 -0.9632 0.2214
vn -0.2666 -0.9517 0.1522
vn -0.2550 -0.6069 -0.7527
vn -0.7905 -0.5964 0.1396
vn -0.6675 -0.6885 0.2836
vn -0.8352 -0.4604 0.3007
vn -0.9060 -0.3984 0.1431
vn -0.1833 -0.9146 -0.3604
vn -0.4418 -0.8970 0.0152
vn 0.3125 -0.9124 -0.2644
vn -0.0347 0.3203 -0.9467
vn 0.2671 -0.6527 -0.7090
vn 0.0929 -0.6752 -0.7318
vn -0.0474 0.3280 -0.9435
vn 0.8824 -0.1659 -0.4403
vn 0.9497 -0.3091 0.0496
vn 0.9155 -0.3918 0.0916
vn 0.7994 0.0883 -0.5943
vn -0.1252 0.1021 -0.9869
vn -0.1157 0.0975 -0.9885
vn -0.6331 -0.3593 -0.6856
vn -0.7214 -0.2063 -0.6610
vn 0.1923 0.1540 -0.9692
vn 0.2082 0.1805 -0.9613
vn 0.0686 -0.6904 -0.7202
vn 0.0462 0.2467 -0.9680
vn 0.1022 0.3346 -0.9368
vn -0.0367 0.0650 -0.9972
vn 0.1742 0.2472 -0.9532
vn 0.0394 0.3458 -0.9375
vn -0.0569 0.3941 -0.9173
vn 0.5509 -0.8335 0.0420
vn 0.7839 -0.6170 0.0696
vn 0.7345 -0.1177 -0.6683
vn 0.9628 -0.0613 0.2631
vn 0.8979 0.4385 0.0396
vn 0.1215 0.9874 -0.1011
vn 0.3208 0.6252 -0.7115
vn 0.5025 0.4909 -0.7117
vn 0.8342 0.2525 -0.4903
vn 0.4134 0.9038 0.1108
vn 0.6461 0.5375 0.5420
vn 0.1238 0.9908 0.0539
vn -0.1504 0.9804 -0.1274
vn 0.9968 -0.0507 0.0616
vn 0.9335 0.3516 0.0707
vn -0.3883 -0.5468 0.7418
vn -0.7308 0.3898 0.5603
vn 0.7057 0.3863 0.5939
vn 0.3331 -0.6155 0.7143
vn 0.0474 -0.9736 0.2233
vn 0.0909 -0.9887 0.1188
vn 0.0927 -0.9872 0.1301
vn 0.7858 0.1710 0.5944
vn 0.8262 0.4183 0.3775
vn 0.7782 0.4941 0.3876
vn 0.5823 0.7460 0.3230
vn 0.6349 0.7693 -0.0715
vn 0.8153 0.5784 0.0282
vn -0.0551 0.9798 0.1921
vn 0.1506 0.9844 0.0906
vn -0.0634 0.9957 -0.0668
vn -0.0109 0.9939 -0.1101
vn -0.2113 0.9448 0.2503
vn -0.1744 0.9841 -0.0325
vn -0.3182 0.9087 0.2702
vn -0.1681 0.9857 -0.0102
vn 0.9638 0.2424 0.1113
vn 0.4727 -0.8579 0.2013
vn 0.7085 -0.6740 0.2092
vn 0.3568 -0.7086 0.6087
vn 0.3014 -0.3679 0.8797
vn 0.8794 -0.4409 0.1797
vn 0.0726 -0.9925 -0.0979
vn -0.2066 -0.9781 -0.0253
vn -0.0797 -0.9967 0.0139
vn 0.0778 -0.6702 -0.7381
vn -0.0942 0.3703 -0.9241
vn 0.5801 -0.8070 0.1107
vn 0.8301 -0.5458 0.1143
vn 0.8605 -0.3229 -0.3939
vn 0.5308 -0.6639 -0.5267
vn 0.4363 -0.8926 0.1137
vn 0.6906 -0.4240 -0.5859
vn -0.1143 0.0447 -0.9924
vn -0.1118 0.2677 -0.9570
vn -0.1331 0.1081 -0.9852
vn -0.1570 -0.0882 -0.9837
vn -0.9606 -0.1613 -0.2262
vn -0.9006 0.2234 -0.3728
vn -0.4997 -0.4157 0.7599
vn -0.3782 -0.5358 0.7549
vn -0.5246 -0.4866 -0.6986
vn -0.6283 -0.7606 0.1632
vn -0.5298 -0.7974 0.2888
vn -0.9149 -0.1978 0.3518
vn -0.4687 -0.1591 0.8689
vn -0.9737 -0.1278 0.1888
vn -0.3922 -0.9183 -0.0545
vn -0.3824 -0.9197 -0.0897
vn -0.4584 -0.8887 0.0041
vn -0.1668 -0.9840 0.0621
vn -0.3532 -0.9350 -0.0324
vn -0.2484 -0.9686 -0.0049
vn 0.0342 -0.9988 -0.0343
vn 0.0052 -0.9932 0.1161
vn -0.4880 -0.7931 0.3645
vn -0.5553 -0.2311 0.7989
vn -0.4230 -0.1822 0.8876
vn -0.9339 -0.3132 0.1723
vn -0.9349 -0.3097 0.1732
vn -0.5262 0.8500 -0.0260
vn -0.3958 0.8989 -0.1878
vn -0.3640 0.9287 -0.0706
vn -0.9761 -0.1277 -0.1760
vn -0.9609 0.1840 -0.2067
vn -0.9695 0.2283 -0.0893
vn -0.9723 -0.1430 0.1849
vn -0.2238 -0.4578 0.8604
vn -0.3101 -0.5002 0.8085
vn 0.0124 -0.5752 0.8179
vn 0.2871 -0.5323 0.7964
vn 0.1410 -0.5288 0.8370
vn 0.0644 0.9564 0.2850
vn 0.0503 0.8731 0.4849
vn -0.0101 0.8851 0.4653
vn -0.0017 0.9609 0.2770
vn 0.0037 0.8415 0.5402
vn 0.0063 0.9574 0.2886
vn -0.0262 0.9640 0.2646
vn -0.0329 0.7859 0.6175
vn -0.0073 0.9955 0.0950
vn 0.0568 0.9948 0.0846
vn -0.0255 0.9971 0.0714
vn -0.2886 0.9555 -0.0612
vn -0.2952 0.9520 -0.0804
vn -0.2340 -0.4962 0.8361
vn 0.3485 -0.5654 0.7476
vn 0.0966 0.7664 0.6351
vn 0.0441 0.9652 0.2578
vn -0.0577 0.8714 0.4872
vn -0.0699 0.9579 0.2784
vn -0.0247 0.9597 0.2799
vn -0.0074 0.8306 0.5569
vn 0.1348 0.9909 0.0026
vn -0.0552 0.9945 0.0890
vn 0.0143 0.9980 0.0620
vn 0.3746 0.8933 0.2484
vn 0.1018 -0.9872 -0.1227
vn 0.1422 -0.9898 -0.0121
vn -0.8979 0.3855 -0.2127
vn -0.2344 0.9400 -0.2478
vn -0.2547 0.9077 -0.3334
vn 0.7826 -0.0727 0.6182
vn 0.6041 -0.7927 -0.0825
vn 0.5481 -0.8321 -0.0850
vn 0.3214 -0.9469 0.0129
vn 0.4283 -0.9023 -0.0493
vn 0.5989 -0.8007 0.0105
vn 0.0848 -0.9923 0.0903
vn 0.1401 -0.9876 -0.0714
vn 0.3207 -0.9455 -0.0559
vn -0.4961 -0.5697 -0.6553
vn -0.1443 -0.9892 -0.0248
vn -0.1738 -0.9847 0.0098
vn 0.0065 -0.9555 0.2950
vn -0.0012 -0.8888 0.4583
vn -0.0224 -0.8695 0.4934
vn -0.0044 -0.8823 0.4707
vn -0.0319 -0.9605 0.2764
vn -0.1570 -0.8811 0.4461
vn -0.2521 -0.9464 0.2017
vn -0.1149 -0.5418 0.8326
vn -0.2878 -0.4137 0.8637
vn -0.1020 -0.8020 0.5885
vn -0.0133 0.5991 0.8005
vn -0.3443 -0.6307 0.6955
vn 0.3032 -0.8892 0.3427
vn 0.5558 -0.8229 0.1177
vn 0.1794 -0.9837 0.0127
vn 0.2347 -0.9700 0.0630
vn 0.1902 -0.9541 0.2315
vn 0.2463 0.9684 0.0401
vn 0.4544 0.8902 0.0336
vn 0.0002 0.9912 0.1322
vn -0.8134 -0.5440 0.2059
vn -0.4481 -0.5835 0.6773
vn -0.0656 -0.9927 0.1011
vn -0.5339 -0.8270 0.1761
vn -0.3880 -0.9002 0.1977
vn 0.5372 -0.4098 0.7373
vn 0.1862 -0.9677 0.1701
vn 0.3397 -0.9183 0.2035
vn 0.0967 0.9939 0.0531
vn -0.0361 0.9991 0.0206
vn -0.3534 0.9073 0.2279
vn -0.0828 0.9951 -0.0535
vn -0.2510 0.9680 -0.0063
vn -0.2727 0.9567 -0.1016
vn -0.1599 0.9730 -0.1667
vn -0.1804 0.9698 -0.1639
vn 0.0068 0.9866 -0.1628
vn 0.0092 0.9792 -0.2028
vn -0.5891 0.8043 0.0784
vn -0.5208 0.8532 0.0283
vn -0.4718 0.8801 0.0542
vn 0.2981 0.9212 -0.2502
vn 0.4725 0.8613 -0.1870
vn 0.3904 0.9196 -0.0449
vn 0.1684 0.9773 -0.1288
vn 0.1858 0.9642 -0.1891
vn 0.7502 0.6231 -0.2211
vn 0.9650 0.2605 -0.0310
vn 0.3938 -0.9192 -0.0064
vn 0.4662 -0.8837 0.0416
vn 0.6560 -0.7523 0.0606
vn 0.8616 -0.4228 0.2810
vn 0.4643 0.8850 -0.0342
vn 0.7751 0.6292 0.0574
vn -0.7342 -0.6218 0.2728
vn -0.9824 -0.1517 0.1089
vn -0.9965 0.0739 0.0398
vn -0.9484 0.3167 -0.0143
vn -0.7879 0.5921 -0.1691
vn -0.5095 0.8536 -0.1085
vn -0.3807 0.9244 0.0245
vn -0.8539 0.5204 -0.0058
vn -0.6659 0.6802 0.3065
vn -0.9656 0.2314 0.1182
vn -0.9249 0.2883 0.2479
vn -0.8003 0.3519 0.4854
vn -0.9891 0.0301 0.1444
vn -0.9681 0.0127 0.2503
vn -0.8428 0.0613 0.5347
vn -0.9342 -0.2694 0.2339
vn -0.9245 -0.3540 0.1414
vn -0.8148 -0.3005 0.4958
vn -0.2017 -0.9759 0.0832
vn -0.2756 -0.9606 0.0361
vn 0.2957 -0.9547 -0.0325
vn -0.1799 -0.9819 -0.0599
vn 0.6540 -0.7431 -0.1414
vn 0.3346 -0.9421 -0.0211
vn 0.3315 -0.9395 -0.0865
vn 0.6780 -0.7138 -0.1756
vn 0.8273 -0.5258 0.1978
vn 0.8231 -0.5406 -0.1737
vn 0.9375 -0.1927 0.2899
vn 0.9557 -0.2553 -0.1468
vn 0.9821 -0.1643 -0.0924
vn 0.9566 0.0588 0.2854
vn 0.9916 0.0809 -0.1006
vn 0.9933 0.0875 -0.0753
vn 0.9012 0.3805 0.2073
vn 0.9366 0.3322 -0.1115
vn 0.9428 0.2809 -0.1795
vn 0.8022 0.5951 -0.0481
vn 0.8339 0.5334 0.1417
vn 0.7718 0.4028 -0.4921
vn 0.6174 0.4613 -0.6372
vn -0.1374 0.0310 -0.9900
vn -0.9997 -0.0172 0.0165
vn -0.8804 0.0884 0.4660
vn -0.7905 0.1848 0.5839
vn -0.6670 0.2736 0.6930
vn -0.0594 0.3585 0.9316
vn 0.6282 0.2543 0.7353
vn 0.8007 0.1367 0.5832
vn 0.8863 0.0075 0.4630
vn 0.7530 -0.5020 -0.4254
vn 0.3282 -0.8781 0.3481
vn 0.7302 -0.6830 0.0203
vn -0.1174 0.9922 0.0416
vn -0.1225 0.9700 -0.2102
vn -0.1209 0.9615 -0.2467
vn -0.0623 0.9910 -0.1183
vn 0.0211 0.9965 -0.0807
vn -0.0904 0.9711 -0.2207
vn -0.0451 0.9820 -0.1836
vn -0.0170 0.9981 -0.0587
vn -0.0092 0.9810 -0.1937
vn -0.0159 0.9866 -0.1625
vn 0.1203 0.9652 -0.2322
vn -0.0180 0.9966 -0.0799
vn 0.0404 0.9806 -0.1918
vn 0.1895 0.9347 -0.3006
vn 0.1187 0.9628 -0.2428
vn 0.0645 0.9903 -0.1227
vn 0.2594 0.9487 -0.1807
vn -0.2252 0.9602 -0.1653
vn -0.3134 0.9155 -0.2522
vn -0.3854 0.8654 -0.3203
vn -0.3449 0.8902 -0.2976
vn -0.7150 0.6108 -0.3402
vn -0.7048 0.6644 -0.2488
vn 0.3602 0.8877 -0.2868
vn 0.8550 0.4737 -0.2110
vn 0.5698 0.7560 -0.3221
vn 0.5894 0.7825 -0.2007
vn 0.3584 0.9279 -0.1031
vn 0.0196 0.9998 -0.0061
vn -0.9963 0.0816 0.0284
vn -0.9676 -0.1647 0.1914
vn -0.9638 -0.2665 -0.0029
vn 0.9093 -0.2625 -0.3230
vn 0.9869 -0.1078 -0.1203
vn 0.9771 -0.1498 -0.1514
vn 0.9782 -0.1845 -0.0956
vn 0.9561 -0.2680 -0.1187
vn 0.9286 -0.3639 -0.0727
vn 0.8220 -0.5372 -0.1892
vn 0.8904 -0.4496 -0.0715
vn 0.7997 -0.5933 -0.0919
vn 0.9748 -0.2230 0.0042
vn 0.9366 -0.3199 0.1432
vn 0.7851 -0.6181 0.0394
vn 0.8847 -0.4470 0.1325
vn 0.9754 -0.1763 0.1324
vn 0.7365 -0.6613 0.1423
vn 0.8111 -0.5753 0.1057
vn 0.4272 -0.4643 0.7758
vn -0.7674 0.6279 -0.1297
vn -0.9478 0.3166 -0.0381
vn -0.3879 -0.8632 0.3231
vn -0.5694 -0.8219 0.0132
vn -0.6099 -0.7859 -0.1021
vn -0.6486 -0.7607 -0.0260
vn -0.9446 -0.2963 0.1413
vn -0.9332 -0.3449 -0.1008
vn -0.8791 -0.4659 0.1009
vn -0.8628 -0.4782 0.1641
vn -0.8320 -0.5520 -0.0548
vn -0.7628 -0.6435 0.0640
vn -0.5632 -0.8259 -0.0243
vn -0.8287 -0.5526 -0.0886
vn -0.6295 -0.7464 -0.2161
vn -0.6992 -0.6870 0.1980
vn -0.9355 -0.3503 0.0463
vn -0.8762 -0.4519 0.1677
vn -0.7710 -0.6341 0.0587
vn -0.9081 -0.3718 -0.1929
vn -0.5310 -0.7207 0.4457
vn -0.6508 -0.3205 0.6883
vn -0.4306 -0.8975 0.0954
vn -0.5632 -0.7671 -0.3072
vn -0.7330 -0.5210 -0.4374
vn -0.9087 -0.3041 -0.2860
vn -0.9596 -0.2486 -0.1319
vn -0.7341 0.0514 0.6771
vn -0.7139 0.3606 0.6002
vn -0.6098 0.0363 0.7917
vn -0.5852 0.3504 0.7313
vn -0.5939 0.7138 0.3712
vn -0.4666 0.7317 0.4968
vn -0.1126 0.9619 0.2493
vn -0.2229 0.7412 0.6332
vn -0.3842 0.9224 0.0408
vn -0.2845 0.9502 0.1273
vn -0.1808 0.9834 -0.0153
vn -0.2543 0.9363 -0.2424
vn -0.2953 0.9409 -0.1658
vn -0.3477 0.9220 -0.1701
vn -0.5407 0.7277 -0.4221
vn -0.7593 0.6061 -0.2368
vn -0.7846 0.4355 -0.4413
vn -0.4769 0.8041 -0.3548
vn -0.9594 0.2217 -0.1742
vn -0.8535 0.4383 -0.2818
vn 0.4668 -0.8809 0.0789
vn 0.7576 -0.6509 -0.0485
vn 0.8181 -0.5528 -0.1585
vn 0.9616 -0.2552 -0.1008
vn 0.9526 -0.3012 -0.0427
vn -0.4648 -0.2949 0.8349
vn -0.3425 -0.7240 0.5988
vn -0.3311 -0.8827 0.3334
vn -0.7817 -0.6221 0.0439
vn -0.5226 -0.8372 0.1611
vn -0.9144 -0.3953 -0.0877
vn -0.7269 -0.6831 -0.0712
vn -0.7871 -0.5896 -0.1809
vn -0.8842 -0.0260 -0.4664
vn -0.8227 0.2903 -0.4887
vn 0.0612 0.0129 -0.9980
vn -0.5935 0.6124 -0.5222
vn -0.2213 0.8206 -0.5269
vn -0.8315 -0.3413 -0.4384
vn -0.5587 -0.7015 -0.4424
vn 0.1050 0.8460 -0.5228
vn 0.3384 0.7940 -0.5050
vn -0.1523 -0.8886 -0.4327
vn 0.4888 -0.7489 -0.4475
vn 0.1675 -0.8753 -0.4537
vn 0.0133 0.0516 -0.9986
vn 0.5168 -0.3143 0.7963
vn 0.7411 -0.4690 0.4804
vn 0.7188 -0.5918 0.3647
vn 0.7909 -0.4476 0.4173
vn -0.2958 -0.7387 0.6057
vn -0.3840 -0.6467 0.6590
vn -0.7075 -0.6311 0.3180
vn -0.6412 -0.6995 0.3154
vn -0.1963 -0.7851 0.5875
vn -0.4849 -0.8030 0.3466
vn -0.0914 -0.8086 0.5813
vn -0.0944 -0.9246 0.3691
vn 0.1715 -0.7349 0.6562
vn 0.0587 -0.7923 0.6073
vn 0.3863 -0.8610 0.3308
vn 0.4403 -0.8460 0.3007
vn 0.3612 -0.5684 0.7392
vn 0.6197 -0.7153 0.3231
vn 0.5721 -0.2034 0.7945
vn 0.8495 -0.2886 0.4417
vn 0.1336 -0.1314 0.9823
vn -0.0416 -0.1753 0.9836
vn -0.0701 -0.1206 0.9902
vn 0.1055 -0.1057 0.9888
vn -0.0922 -0.0473 0.9946
vn 0.0863 -0.0683 0.9939
vn -0.2200 -0.1437 0.9649
vn -0.2317 -0.0917 0.9685
vn -0.2220 -0.1886 0.9566
vn -0.1055 0.0305 0.9939
vn 0.0814 -0.0397 0.9959
vn 0.9238 -0.1415 0.3558
vn 0.9400 -0.0470 0.3380
vn 0.7551 -0.1130 0.6458
vn 0.7189 -0.1659 0.6750
vn -0.9483 -0.1877 0.2560
vn -0.9312 -0.3009 0.2059
vn -0.7551 -0.2028 0.6234
vn -0.7800 -0.1477 0.6081
vn -0.8535 -0.4916 0.1727
vn -0.7023 -0.2795 0.6547
vn 0.7880 -0.5782 0.2116
vn 0.8567 -0.4306 0.2840
vn 0.6894 -0.3041 0.6575
vn 0.6438 -0.4007 0.6519
vn 0.8915 -0.2938 0.3449
vn 0.6997 -0.2417 0.6723
vn -0.9133 0.3753 0.1586
vn -0.9455 0.2774 0.1704
vn -0.9422 0.3267 0.0742
vn -0.9072 0.4071 0.1058
vn 0.9995 -0.0189 0.0246
vn 0.9916 0.0596 0.1145
vn 0.9828 0.1608 0.0908
vn 0.9993 0.0269 0.0260
vn -0.3839 0.8883 0.2519
vn -0.6870 0.7004 0.1934
vn -0.6916 0.6866 0.2242
vn -0.4013 0.8880 0.2245
vn -0.8628 0.4791 0.1612
vn -0.8611 0.4833 0.1579
vn -0.9657 0.1875 0.1795
vn -0.9709 0.2360 0.0412
vn 0.9841 -0.1776 0.0094
vn 0.9725 -0.2288 0.0426
vn 0.8830 -0.3627 0.2978
vn 0.9304 -0.3114 0.1935
vn 0.8963 -0.3903 0.2103
vn 0.8473 -0.4101 0.3374
vn 0.9524 -0.2919 0.0874
vn 0.9114 -0.3953 0.1146
vn -0.4819 -0.1631 0.8609
vn -0.5153 -0.1581 0.8423
vn -0.4474 -0.1467 0.8822
vn 0.4104 -0.1774 0.8945
vn 0.3898 -0.2185 0.8946
vn 0.4211 -0.1573 0.8933
vn 0.9515 -0.0104 0.3076
vn 0.7977 -0.1236 0.5902
vn 0.9641 -0.0342 0.2632
vn 0.8322 -0.1561 0.5320
vn 0.9309 -0.0207 0.3647
vn 0.9217 0.0127 0.3878
vn 0.9110 -0.0067 0.4123
vn 0.7979 -0.5479 0.2515
vn 0.8332 -0.4443 0.3293
vn 0.8846 -0.2795 0.3733
vn 0.9226 -0.1020 0.3721
vn -0.9559 -0.0348 0.2917
vn -0.9494 0.1087 0.2945
vn -0.9040 0.1146 0.4120
vn -0.9101 -0.0192 0.4140
vn -0.9437 0.1637 0.2873
vn -0.8627 0.1519 0.4823
vn -0.8626 -0.2484 0.4407
vn -0.8129 -0.3504 0.4653
vn -0.8730 -0.1751 0.4552
vn -0.9502 -0.1211 0.2871
vn -0.8917 -0.1167 0.4374
vn 0.8592 0.0088 0.5116
vn 0.8146 0.1122 0.5691
vn 0.0854 -0.5260 0.8462
vn 0.0704 -0.5501 0.8321
vn -0.0876 -0.3276 0.9407
vn 0.6153 0.4013 0.6785
vn 0.2237 0.6959 0.6824
vn 0.0062 0.8049 0.5933
vn -0.0563 -0.1355 0.9892
vn -0.2606 -0.1653 0.9512
vn -0.7103 0.3798 0.5926
vn -0.8199 0.1880 0.5407
vn -0.1613 -0.5292 0.8330
vn -0.2474 -0.4539 0.8560
vn -0.4049 0.6746 0.6172
vn -0.0118 -0.2361 0.9717
vn -0.0312 -0.5138 0.8574
vn -0.8448 0.1426 0.5158
vn -0.8567 0.1369 0.4973
vn 0.0813 -0.3922 0.9163
vn -0.8630 0.1177 0.4914
vn 0.1789 -0.2444 0.9530
vn -0.1040 -0.1153 0.9879
vn 0.8242 -0.0292 0.5656
vn 0.8516 -0.0055 0.5242
vn -0.0324 -0.3922 0.9193
vn 0.8844 0.4053 0.2314
vn 0.7092 0.6610 0.2451
vn 0.9515 0.2505 0.1784
vn 0.4045 0.8850 0.2304
vn 0.0593 0.9761 0.2092
vn 0.7382 -0.0834 0.6694
vn 0.7781 -0.0736 0.6238
vn -0.0198 -0.8089 0.5877
vn 0.2792 -0.8931 0.3528
vn 0.2000 -0.1179 0.9727
vn -0.0814 0.8188 0.5682
vn -0.1647 0.9667 0.1960
vn 0.1201 0.9513 0.2840
vn -0.1172 0.9490 0.2927
vn -0.9681 0.1605 0.1924
vn -0.9703 0.1325 0.2026
vn -0.9923 0.0663 0.1044
vn -0.9889 0.1404 0.0483
vn -0.8566 0.1427 0.4959
vn -0.8205 0.2177 0.5285
vn 0.2946 0.6745 0.6769
vn -0.0728 0.9363 0.3435
vn 0.0433 0.9667 0.2521
vn 0.3603 0.6311 0.6870
vn 0.1620 0.9420 0.2941
vn 0.0951 0.6490 0.7548
vn 0.5777 -0.0227 0.8159
vn 0.0264 0.1003 0.9946
vn -0.2017 0.8961 0.3953
vn -0.0022 0.8469 0.5317
vn -0.0824 0.2360 0.9683
vn -0.0405 0.4514 0.8914
vn -0.2048 0.8820 0.4244
vn -0.2088 0.9281 0.3083
vn 0.1762 0.8811 0.4390
vn -0.2385 0.6430 0.7278
vn -0.5207 0.2303 0.8221
vn 0.2294 0.0429 0.9724
vn 0.2691 0.3752 0.8870
vn -0.2166 0.9744 -0.0601
vn -0.7738 0.5977 0.2098
vn -0.0863 0.9940 -0.0669
vn -0.2668 0.8193 -0.5076
vn -0.6589 0.3103 0.6852
vn -0.0439 0.9969 -0.0653
vn -0.9204 0.3903 0.0242
vn -0.9492 0.3147 -0.0033
vn 0.9991 0.0246 0.0354
vn 0.9985 -0.0522 0.0149
vn -0.6773 0.7274 0.1106
vn -0.8624 0.5015 0.0693
vn -0.3867 0.9109 0.1438
vn -0.9851 0.1340 0.1075
vn -0.9808 0.1833 0.0671
vn -0.9717 0.2353 0.0194
vn 0.9894 -0.1435 0.0198
vn 0.9747 -0.2153 0.0608
vn -0.0982 0.9815 0.1641
vn 0.1902 0.9684 0.1614
vn 0.9317 -0.2671 0.2463
vn 0.9604 -0.2483 0.1268
vn -0.9317 0.3624 -0.0247
vn -0.9488 0.3148 -0.0260
vn -0.6534 0.7570 0.0041
vn -0.8669 0.4984 -0.0087
vn -0.3401 0.9403 0.0082
vn 0.2119 0.9770 0.0219
vn -0.0652 0.9978 0.0125
vn 0.9979 -0.0651 0.0030
vn 0.9997 0.0248 0.0032
vn -0.6272 0.6517 0.4265
vn -0.7861 0.3973 0.4736
vn -0.3546 0.8337 0.4233
vn 0.1566 0.8346 0.5281
vn -0.0926 0.8780 0.4697
vn 0.8495 -0.1095 0.5161
vn 0.8426 -0.0224 0.5381
vn -0.9623 0.2719 -0.0108
vn -0.8627 0.2611 0.4331
vn -0.8811 0.2359 0.4099
vn -0.8307 0.2790 0.4818
vn 0.9912 -0.1327 -0.0003
vn 0.9824 -0.1869 0.0065
vn 0.9077 -0.2107 0.3628
vn 0.8597 -0.1542 0.4870
vn 0.9861 -0.1647 0.0204
vn 0.9740 -0.2263 0.0084
vn 0.9815 -0.1658 0.0959
vn 0.9489 -0.2783 0.1490
vn -0.9122 0.1892 0.3635
vn -0.9441 0.1371 0.2997
vn -0.9888 0.1469 0.0246
vn -0.9777 0.2100 0.0092
vn -0.9281 0.1656 0.3334
vn -0.9264 0.0932 0.3649
vn -0.9318 -0.0135 0.3628
vn -0.9172 -0.0959 0.3868
vn -0.9133 -0.1851 0.3627
vn -0.8270 -0.2478 0.5047
vn 0.7760 -0.5013 0.3828
vn 0.8321 -0.4274 0.3534
vn 0.9414 0.0120 0.3371
vn 0.9303 0.0228 0.3662
vn -0.8342 0.2716 0.4799
vn -0.8673 0.2642 0.4218
vn -0.6212 0.6368 0.4566
vn -0.3640 0.7964 0.4830
vn -0.0862 0.8418 0.5329
vn 0.1637 0.8086 0.5651
vn 0.8376 -0.0275 0.5455
vn 0.8469 -0.1268 0.5164
vn 0.8608 -0.1986 0.4685
vn -0.8909 0.2426 0.3840
vn 0.9868 -0.1580 -0.0349
vn 0.9479 -0.3159 0.0408
vn 0.9129 -0.2795 0.2974
vn 0.0579 -0.0731 0.9956
vn -0.0987 -0.0287 0.9947
vn -0.2445 0.0013 0.9696
vn -0.2276 0.0039 0.9738
vn -0.7143 -0.6672 0.2111
vn -0.6144 -0.4004 0.6798
vn -0.4206 -0.1297 0.8979
vn -0.7207 -0.3374 0.6056
vn -0.3393 -0.2403 0.9095
vn -0.4771 -0.5022 0.7212
vn -0.6914 -0.6590 0.2961
vn -0.6811 -0.0898 0.7266
vn -0.8863 -0.0797 -0.4562
vn -0.7551 0.2598 -0.6019
vn -0.8910 -0.0909 -0.4447
vn -0.8825 -0.1772 -0.4356
vn -0.7976 -0.4563 -0.3946
vn -0.7922 0.3628 -0.4907
vn -0.8230 0.2507 -0.5097
vn -0.2177 0.0515 -0.9747
vn -0.3987 0.4977 -0.7702
vn 0.9999 -0.0006 0.0155
vn 0.9929 -0.1175 -0.0191
vn 0.9587 -0.0480 -0.2804
vn 0.9345 -0.1526 -0.3215
vn 0.9791 0.1347 -0.1526
vn 0.9844 0.1698 0.0458
vn 0.8173 0.0756 0.5712
vn 0.7438 0.4903 -0.4542
vn 0.7415 0.0687 -0.6674
vn 0.8029 0.3501 -0.4824
vn -0.0219 0.9997 0.0139
vn 0.2371 0.9715 0.0063
vn -0.6446 0.7388 -0.1966
vn -0.6373 0.7706 -0.0056
vn -0.5642 0.8057 -0.1803
vn -0.3457 0.9383 0.0120
vn -0.3324 0.9318 -0.1459
vn -0.9576 0.2877 0.0173
vn -0.9658 0.2550 -0.0473
vn -0.8876 -0.0018 -0.4606
vn -0.9523 0.2868 -0.1047
vn -0.9261 0.3153 -0.2071
vn -0.9334 0.2897 -0.2116
vn -0.9435 0.3278 0.0490
vn -0.7739 0.4060 -0.4861
vn -0.5195 0.4861 -0.7027
vn -0.7737 0.4311 -0.4642
vn -0.9083 0.1640 -0.3848
vn -0.8597 0.1194 0.4967
vn -0.6289 0.4314 -0.6468
vn -0.8813 0.2354 -0.4098
vn -0.6156 -0.2981 -0.7295
vn 0.8375 -0.3759 -0.3966
vn 0.6071 -0.3907 -0.6919
vn 0.6491 -0.5596 -0.5153
vn 0.8262 -0.1414 -0.5454
vn 0.5384 -0.1921 -0.8205
vn 0.8014 0.1249 -0.5849
vn 0.5289 0.1807 -0.8292
vn 0.5200 0.3452 -0.7813
vn 0.8026 0.2537 -0.5398
vn 0.4979 0.2017 -0.8434
vn 0.1418 -0.5568 -0.8184
vn -0.5051 -0.4178 -0.7552
vn -0.2181 0.3457 -0.9126
vn -0.0856 -0.0871 -0.9925
vn 0.5067 0.1376 -0.8511
vn 0.1415 -0.6193 -0.7723
vn -0.5158 -0.4837 -0.7071
vn -0.2422 0.2538 -0.9364
vn 0.4953 0.0464 -0.8675
vn 0.1040 -0.6691 -0.7359
vn -0.5361 -0.5324 -0.6551
vn -0.2412 0.1265 -0.9622
vn -0.1693 -0.5761 -0.7997
vn -0.4604 -0.5424 -0.7028
vn -0.2928 0.1357 -0.9465
vn 0.3338 0.1076 -0.9365
vn 0.2489 -0.5996 -0.7606
vn -0.2269 -0.4001 -0.8880
vn -0.2344 -0.1562 -0.9595
vn 0.2415 -0.1303 -0.9616
vn 0.2256 -0.7145 -0.6623
vn -0.3156 -0.7772 -0.5444
vn -0.3512 -0.2560 -0.9006
vn -0.1212 -0.1067 -0.9869
vn -0.6819 -0.6165 -0.3936
vn 0.1765 -0.2353 -0.9558
vn 0.2657 -0.7596 -0.5937
vn -0.2315 -0.8842 -0.4058
vn -0.3379 -0.4403 -0.8318
vn 0.2476 -0.1133 -0.9622
vn -0.5086 -0.2991 -0.8073
vn 0.1045 -0.2395 -0.9652
vn 0.3623 -0.7536 -0.5484
vn -0.1677 -0.9415 -0.2923
vn -0.4161 -0.4858 -0.7687
vn -0.6352 -0.7625 -0.1228
vn 0.0864 -0.5990 -0.7961
vn -0.0338 -0.9842 0.1740
vn -0.2933 -0.9320 0.2129
vn 0.0379 -0.4203 -0.9066
vn -0.1392 -0.9494 0.2815
vn 0.3541 -0.4282 -0.8314
vn 0.4541 -0.8895 -0.0518
vn -0.1208 -0.9428 -0.3106
vn -0.7269 -0.6765 0.1185
vn -0.1608 -0.9811 -0.1077
vn 0.1375 -0.5980 -0.7896
vn -0.1302 -0.8610 -0.4917
vn 0.0866 -0.7101 -0.6987
vn 0.1471 -0.9272 -0.3445
vn 0.0898 -0.6963 -0.7121
vn -0.6465 -0.6542 -0.3926
vn -0.0004 -0.3375 -0.9413
vn 0.0029 -0.8335 -0.5525
vn -0.0808 -0.8165 -0.5717
vn -0.4465 -0.3518 -0.8227
vn 0.4670 -0.5088 -0.7232
vn 0.0791 -0.8238 -0.5614
vn 0.5771 -0.0755 -0.8132
vn 0.5098 -0.4851 -0.7105
vn 0.1757 -0.5982 -0.7819
vn 0.0947 0.0931 -0.9911
vn -0.3269 -0.5566 -0.7638
vn 0.0173 0.2347 -0.9719
vn 0.5845 -0.0131 -0.8113
vn 0.0942 -0.5910 -0.8011
vn -0.5908 -0.3594 -0.7223
vn -0.5993 0.2036 -0.7742
vn 0.0356 -0.3674 -0.9294
vn -0.5502 -0.8068 -0.2154
vn -0.6456 -0.7636 -0.0129
vn -0.5575 -0.4926 -0.6682
vn -0.0761 -0.4228 -0.9030
vn -0.1377 -0.9757 0.1707
vn 0.7000 -0.4887 -0.5207
vn 0.7270 -0.6726 0.1379
vn -0.0432 -0.6308 -0.7747
vn 0.0263 -0.6541 -0.7559
vn -0.0956 -0.7391 -0.6668
vn -0.1480 -0.7740 -0.6157
vn -0.1447 -0.3166 -0.9375
vn -0.1717 -0.8737 -0.4552
vn -0.3294 -0.8610 -0.3876
vn -0.6133 -0.3946 -0.6842
vn -0.0616 -0.3177 -0.9462
vn -0.1318 -0.8934 -0.4294
vn 0.1961 -0.4396 -0.8765
vn 0.4240 -0.8265 -0.3704
vn -0.1340 -0.4810 -0.8664
vn -0.0497 -0.4566 -0.8883
vn -0.1553 -0.0282 -0.9875
vn -0.0680 -0.6473 -0.7592
vn -0.4294 -0.6591 -0.6174
vn -0.5247 -0.2365 -0.8178
vn -0.0240 -0.5146 -0.8571
vn -0.1308 0.2120 -0.9685
vn 0.0135 -0.6818 -0.7314
vn -0.3745 -0.5998 -0.7071
vn -0.5153 0.0115 -0.8569
vn 0.1028 0.0937 -0.9903
vn 0.0507 0.4892 -0.8707
vn -0.2401 -0.6232 -0.7443
vn -0.3947 -0.0632 -0.9166
vn 0.0065 0.4874 -0.8731
vn -0.1925 -0.6440 -0.7404
vn 0.2745 0.3497 -0.8957
vn 0.3318 -0.5728 -0.7495
vn -0.0894 -0.5919 -0.8010
vn 0.0841 -0.0002 -0.9965
vn -0.0659 0.0099 -0.9978
vn -0.2006 -0.5566 -0.8062
vn -0.1977 -0.5843 -0.7871
vn 0.0033 0.0139 -0.9999
vn 0.0592 0.4863 -0.8718
vn -0.0305 -0.5442 -0.8384
vn 0.2625 -0.5464 -0.7953
vn -0.3533 0.3196 -0.8792
vn 0.0207 0.5042 -0.8634
vn -0.0914 -0.5404 -0.8364
vn 0.2426 0.4021 -0.8829
vn 0.4840 -0.4135 -0.7712
vn -0.0629 -0.7627 -0.6437
vn -0.6496 -0.2438 -0.7202
vn 0.1312 0.0190 -0.9912
vn 0.0660 -0.0275 -0.9974
vn -0.0182 0.0177 -0.9997
vn 0.0456 0.5554 -0.8303
vn -0.0249 -0.5154 -0.8566
vn -0.1929 -0.3730 -0.9076
vn -0.5026 0.4124 -0.7598
vn 0.0374 0.5546 -0.8313
vn -0.0709 -0.5041 -0.8608
vn 0.2786 0.4559 -0.8453
vn 0.5333 -0.3691 -0.7611
vn -0.0245 -0.0156 -0.9996
vn 0.0468 0.4115 -0.9102
vn -0.2293 -0.3083 -0.9232
vn -0.5195 -0.2848 -0.8056
vn -0.3777 -0.6867 -0.6211
vn -0.2845 -0.5079 -0.8131
vn 0.0129 -0.4905 -0.8713
vn -0.0028 -0.7024 -0.7118
vn 0.1460 0.5642 -0.8127
vn -0.0933 -0.4185 -0.9034
vn -0.3136 -0.2442 -0.9176
vn -0.4178 0.5586 -0.7165
vn 0.0703 0.0291 -0.9971
vn 0.0408 0.4287 -0.9025
vn -0.0260 -0.4891 -0.8718
vn 0.3813 -0.4528 -0.8060
vn -0.4132 0.2138 -0.8852
vn 0.4436 0.1615 -0.8816
vn -0.4433 -0.2981 -0.8453
vn 0.4100 -0.5012 -0.7620
vn -0.3691 -0.5621 -0.7401
vn 0.7560 -0.0302 -0.6539
vn 0.4527 -0.3460 -0.8218
vn -0.4681 0.2858 -0.8362
vn 0.2040 0.6158 -0.7610
vn -0.1683 -0.3701 -0.9136
vn 0.0312 -0.0275 -0.9991
vn 0.1228 0.6270 -0.7693
vn 0.6128 0.0009 -0.7902
vn -0.1539 -0.3089 -0.9386
vn -0.6121 0.3636 -0.7022
vn -0.0186 0.1858 -0.9824
vn 0.6101 0.3407 -0.7153
vn -0.0173 0.1707 -0.9852
vn 0.1667 0.6446 -0.7462
vn -0.5646 0.4391 -0.6989
vn -0.2479 -0.2727 -0.9296
vn 0.4644 -0.0093 -0.8856
vn -0.0070 0.4822 -0.8760
vn -0.2040 -0.5140 -0.8332
vn 0.3161 -0.4361 -0.8426
vn -0.5062 0.2170 -0.8347
vn 0.1600 0.0713 -0.9845
vn 0.0338 -0.0723 -0.9968
vn -0.0079 0.5755 -0.8177
vn 0.0280 -0.4425 -0.8964
vn -0.1458 -0.3437 -0.9277
vn -0.5929 0.3198 -0.7391
vn 0.0479 0.5471 -0.8357
vn 0.0517 -0.3046 -0.9511
vn -0.0709 -0.3010 -0.9510
vn -0.5099 0.2751 -0.8151
vn 0.6532 0.4740 -0.5904
vn 0.2753 -0.1374 -0.9515
vn -0.3296 0.0203 -0.9439
vn 0.0534 0.3091 -0.9495
vn -0.2982 0.1536 -0.9421
vn -0.1716 0.4199 -0.8912
vn 0.2042 -0.3847 -0.9002
vn -0.1609 -0.5385 -0.8271
vn -0.6172 0.0232 -0.7865
vn 0.5089 0.4898 -0.7079
vn 0.6088 -0.2469 -0.7539
vn 0.5009 0.0686 -0.8628
vn -0.0724 -0.0504 -0.9961
vn -0.1396 0.2824 -0.9491
vn 0.0901 -0.6298 -0.7715
vn -0.0959 -0.6532 -0.7511
vn -0.5615 -0.0667 -0.8248
vn 0.3659 0.3359 -0.8679
vn 0.2877 -0.4738 -0.8323
vn 0.4156 -0.0963 -0.9044
vn -0.0499 -0.2147 -0.9754
vn -0.1045 0.1592 -0.9817
vn 0.0634 -0.7746 -0.6292
vn -0.1145 -0.7677 -0.6305
vn -0.5431 -0.1670 -0.8229
vn 0.4426 0.1674 -0.8810
vn 0.2857 -0.6692 -0.6859
vn 0.4206 -0.1739 -0.8904
vn -0.0187 -0.2191 -0.9755
vn 0.0616 -0.6642 -0.7450
vn -0.0953 0.3650 -0.9261
vn 0.5140 0.3097 -0.8000
vn 0.3047 -0.5393 -0.7851
vn 0.4499 -0.1079 -0.8865
vn -0.0403 -0.1001 -0.9942
vn -0.0642 0.5197 -0.8519
vn 0.0751 -0.5536 -0.8294
vn -0.1432 -0.6078 -0.7811
vn -0.5668 0.1860 -0.8026
vn 0.4718 0.3791 -0.7960
vn 0.2961 -0.4491 -0.8430
vn -0.0290 0.5045 -0.8629
vn 0.4698 0.3169 -0.8239
vn 0.2769 -0.4248 -0.8619
vn 0.0403 -0.5173 -0.8549
vn -0.8618 0.0305 -0.5064
vn -0.0330 -0.0581 -0.9978
vn -0.4903 0.2768 -0.8264
vn -0.0329 0.5277 -0.8488
vn 0.0162 -0.5582 -0.8295
vn -0.2487 -0.3511 -0.9027
vn -0.4799 0.4183 -0.7712
vn 0.4457 0.3157 -0.8377
vn 0.2365 -0.4760 -0.8471
vn 0.1326 0.3622 -0.9226
vn -0.2785 -0.6617 -0.6961
vn -0.8240 -0.0921 -0.5590
vn -0.3342 0.6863 -0.6460
vn 0.3843 0.0510 -0.9218
vn -0.0241 -0.5871 -0.8092
vn 0.0355 0.5503 -0.8342
vn -0.5192 0.7292 -0.4458
vn -0.5379 -0.0017 -0.8430
vn -0.2998 0.0539 -0.9525
vn -0.1293 -0.1533 -0.9797
vn -0.2152 -0.7286 -0.6503
vn 0.2050 0.1739 -0.9632
vn 0.5889 -0.1520 -0.7938
vn 0.0382 -0.7143 -0.6988
vn -0.4792 -0.1171 -0.8699
vn -0.4150 0.2885 -0.8629
vn -0.4656 -0.5451 -0.6972
vn 0.0222 -0.2885 -0.9572
vn -0.1961 -0.6968 -0.6899
vn 0.2233 0.2710 -0.9363
vn 0.5941 -0.2081 -0.7770
vn -0.0872 -0.7511 -0.6544
vn -0.1034 -0.5327 -0.8400
vn 0.0862 0.5140 -0.8535
vn 0.6290 0.2558 -0.7341
vn 0.1760 -0.4886 -0.8546
vn 0.0852 -0.0572 -0.9947
vn -0.0244 -0.5701 -0.8212
vn -0.0138 0.5332 -0.8459
vn 0.6159 0.3281 -0.7163
vn 0.2770 -0.4944 -0.8239
vn 0.0823 -0.0056 -0.9966
vn 0.0787 -0.5560 -0.8274
vn 0.0245 -0.0090 -0.9997
vn 0.5774 0.0856 -0.8120
vn 0.3316 -0.4687 -0.8188
vn -0.2588 0.4921 -0.8312
vn 0.3080 0.5530 -0.7742
vn -0.0011 0.0188 -0.9998
vn 0.3462 -0.4767 -0.8080
vn -0.5213 -0.3020 -0.7981
vn 0.2627 -0.6576 -0.7061
vn 0.4379 0.3100 -0.8439
vn 0.3528 -0.6056 -0.7133
vn -0.0373 -0.6504 -0.7587
vn 0.0727 0.6139 -0.7861
vn 0.0210 -0.0269 -0.9994
vn -0.0024 0.0393 -0.9992
vn -0.5135 -0.3689 -0.7748
vn -0.3514 0.6053 -0.7142
vn -0.1178 -0.6175 -0.7777
vn 0.3302 -0.5811 -0.7438
vn 0.5335 0.1846 -0.8254
vn 0.2998 -0.6208 -0.7244
vn -0.1316 -0.6275 -0.7674
vn 0.2514 0.5325 -0.8082
vn -0.0057 -0.0262 -0.9996
vn 0.0201 -0.1383 -0.9902
vn 0.6828 0.0494 -0.7289
vn -0.2107 -0.6328 -0.7451
vn 0.3670 0.4264 -0.8267
vn -0.0070 -0.0122 -0.9999
vn 0.0357 -0.0150 -0.9993
vn 0.6319 0.1164 -0.7662
vn 0.1491 -0.6929 -0.7054
vn -0.3241 -0.5300 -0.7836
vn 0.3215 0.4747 -0.8193
vn 0.2023 0.6838 -0.7011
vn -0.2057 -0.5064 -0.8374
vn -0.5889 -0.0173 -0.8080
vn -0.2965 0.8365 -0.4608
vn 0.4844 0.2863 -0.8267
vn 0.1925 -0.6111 -0.7678
vn 0.0059 0.1396 -0.9902
vn 0.2053 0.7122 -0.6713
vn -0.1948 -0.4111 -0.8905
vn -0.5629 0.1050 -0.8198
vn -0.0932 0.8398 -0.5349
vn 0.4794 0.2746 -0.8335
vn 0.1801 -0.6245 -0.7600
vn 0.0231 0.1202 -0.9925
vn -0.0558 0.8864 -0.4595
vn -0.5541 0.2023 -0.8075
vn -0.1996 -0.3950 -0.8968
vn 0.0099 0.1420 -0.9898
vn 0.0374 0.1391 -0.9896
vn 0.5896 0.0610 -0.8054
vn 0.4945 0.4106 -0.7661
vn 0.4824 0.1284 -0.8665
vn -0.1091 -0.4766 -0.8723
vn -0.4591 -0.1416 -0.8770
vn 0.4497 0.5189 -0.7270
vn -0.1200 -0.4305 -0.8946
vn -0.5295 0.0930 -0.8432
vn -0.2265 0.4985 -0.8368
vn 0.1656 0.4585 -0.8731
vn -0.1282 -0.3487 -0.9284
vn -0.6190 -0.0887 -0.7804
vn -0.2683 0.4783 -0.8362
vn 0.3985 0.2790 -0.8737
vn 0.3408 -0.2961 -0.8923
vn 0.4848 0.0943 -0.8695
vn 0.4166 -0.5117 -0.7514
vn -0.2138 -0.5040 -0.8368
vn -0.2500 0.2641 -0.9315
vn 0.1220 0.4564 -0.8814
vn -0.1172 -0.6851 -0.7190
vn -0.4802 -0.4744 -0.7378
vn -0.2013 0.2548 -0.9458
vn 0.4156 0.1493 -0.8972
vn 0.3572 -0.5974 -0.7180
vn 0.1197 0.5740 -0.8100
vn -0.1216 -0.3844 -0.9151
vn -0.2005 0.5156 -0.8331
vn 0.5152 0.0073 -0.8570
vn -0.2351 -0.3436 -0.9092
vn 0.2703 0.4276 -0.8626
vn 0.1542 0.6651 -0.7307
vn -0.0817 -0.5745 -0.8144
vn -0.4781 -0.3270 -0.8152
vn -0.1568 0.4576 -0.8752
vn 0.5092 0.3956 -0.7644
vn 0.4927 -0.4795 -0.7261
vn 0.1209 0.6442 -0.7553
vn 0.5845 0.2646 -0.7671
vn 0.1392 -0.4266 -0.8937
vn -0.6296 -0.2367 -0.7400
vn -0.1934 0.4260 -0.8838
vn -0.2694 -0.3539 -0.8957
vn -0.1167 0.5117 -0.8512
vn -0.5918 -0.1788 -0.7860
vn 0.2301 0.4133 -0.8810
vn -0.0388 0.0386 -0.9985
vn 0.0914 -0.4858 -0.8693
vn 0.6054 0.1966 -0.7713
vn 0.6143 0.1986 -0.7637
vn 0.1389 -0.5146 -0.8461
vn -0.6082 -0.2530 -0.7524
vn -0.1265 0.4640 -0.8768
vn -0.5843 0.3979 -0.7073
vn 0.0019 0.1396 -0.9902
vn 0.6692 0.2117 -0.7123
vn -0.0919 0.6231 -0.7767
vn -0.0725 0.7276 -0.6821
vn 0.6657 0.2675 -0.6966
vn 0.0645 -0.4212 -0.9047
vn -0.6672 0.0325 -0.7442
vn 0.1048 -0.3769 -0.9203
vn -0.5287 0.0866 -0.8444
vn -0.2639 0.5431 -0.7971
vn 0.4045 -0.1815 -0.8964
vn 0.2126 0.7270 -0.6529
vn 0.6095 0.1062 -0.7856
vn -0.0919 0.8247 -0.5581
vn 0.7499 0.1269 -0.6493
vn 0.5949 -0.1462 -0.7904
vn -0.4630 0.5812 -0.6692
vn 0.0857 0.1280 -0.9881
vn 0.4503 0.3898 -0.8033
vn 0.2555 -0.6599 -0.7066
vn -0.5781 -0.2988 -0.7593
vn -0.1103 -0.9246 -0.3647
vn -0.2282 0.6196 -0.7510
vn -0.5808 0.1795 -0.7940
vn -0.1624 0.5970 -0.7856
vn -0.5636 -0.2605 -0.7839
vn -0.5957 -0.2123 -0.7747
vn -0.1257 0.5402 -0.8321
vn -0.4071 -0.5683 -0.7150
vn -0.4140 0.2886 -0.8633
vn -0.2655 -0.4105 -0.8723
vn -0.5548 0.3744 -0.7430
vn -0.5074 -0.0193 -0.8615
vn -0.6231 0.2703 -0.7339
vn -0.1546 -0.4567 -0.8761
vn 0.3041 -0.7318 -0.6099
vn -0.1641 -0.6039 -0.7800
vn -0.2526 -0.0515 -0.9662
vn 0.2692 -0.2543 -0.9289
vn 0.2389 -0.9707 -0.0255
vn -0.4438 -0.8834 0.1504
vn -0.6396 -0.7649 0.0764
vn -0.2454 -0.9680 -0.0520
vn -0.5533 0.4309 -0.7129
vn 0.2893 0.7741 -0.5631
vn -0.5539 -0.3067 -0.7741
vn 0.5259 -0.3603 0.7705
vn -0.4662 -0.2955 0.8339
vn -0.5842 -0.7402 0.3329
vn 0.6053 -0.6905 0.3960
vn -0.0393 -0.8532 0.5201
vn 0.0902 -0.1428 0.9856
vn 0.2713 -0.2713 0.9235
vn 0.2159 -0.8073 0.5492
vn -0.3678 -0.8454 0.3874
vn -0.0999 -0.5614 0.8215
vn -0.1016 -0.4884 0.8667
vn -0.2455 -0.9573 -0.1528
vn 0.2605 -0.9571 -0.1268
vn 0.4987 -0.5514 0.6687
vn 0.2655 -0.9565 0.1205
vn 0.4711 -0.4342 0.7678
vn -0.0321 -0.2911 0.9562
vn -0.2082 -0.9730 0.0993
vn -0.5031 -0.0256 0.8639
vn -0.6659 -0.7098 0.2298
vn -0.1937 -0.9786 0.0691
vn -0.0832 -0.1578 0.9840
vn -0.6316 0.0478 0.7738
vn -0.6523 -0.7339 0.1894
vn 0.2956 -0.9489 0.1106
vn 0.5898 -0.2993 0.7500
vn -0.1327 -0.6451 0.7525
vn -0.0901 0.0707 0.9934
vn -0.5537 -0.0421 0.8317
vn 0.4776 -0.8440 -0.2439
vn 0.0529 -0.9919 0.1156
vn -0.2577 -0.9299 -0.2623
vn 0.1312 -0.8765 -0.4632
vn 0.0470 -0.9578 0.2836
vn -0.4483 -0.8938 0.0132
vn 0.1006 -0.9846 -0.1429
vn 0.6718 -0.4187 0.6111
vn 0.6629 -0.7241 0.1905
vn 0.5725 -0.8132 0.1046
vn 0.1545 -0.7408 0.6537
vn 0.0471 -0.9578 0.2837
vn -0.1279 -0.5215 -0.8436
vn 0.2497 0.4679 -0.8478
vn 0.6704 0.0319 -0.7413
vn 0.0987 -0.5121 -0.8532
vn -0.4362 -0.0579 -0.8980
vn -0.3548 0.4899 -0.7963
vn -0.3695 -0.3943 -0.8414
vn 0.1247 -0.1312 -0.9835
vn -0.5737 0.2455 -0.7814
vn 0.1451 0.5775 -0.8034
vn 0.6222 0.0603 -0.7805
vn -0.0840 -0.2861 -0.9545
vn -0.1663 -0.1089 -0.9800
vn -0.4253 -0.1670 -0.8895
vn 0.4716 0.1999 -0.8589
vn 0.5847 0.5525 -0.5940
vn -0.0237 0.5991 -0.8003
vn 0.0747 0.1209 -0.9899
vn -0.0229 -0.1731 -0.9846
vn 0.2162 -0.1199 -0.9690
vn -0.0080 0.5284 -0.8490
vn -0.3562 0.4661 -0.8098
vn -0.5782 0.2158 -0.7868
vn -0.1017 -0.3072 -0.9462
vn 0.4651 0.4010 -0.7892
vn -0.3098 -0.1949 -0.9306
vn 0.3012 -0.1575 -0.9405
vn -0.3983 -0.4758 -0.7842
vn 0.5425 0.2839 -0.7906
vn -0.0960 0.1035 -0.9900
vn -0.0540 0.0490 -0.9973
vn 0.4515 0.3744 -0.8100
vn -0.5672 -0.1376 -0.8120
vn -0.4547 -0.2250 -0.8618
vn -0.0308 0.0339 -0.9989
vn 0.3153 0.5837 -0.7482
vn 0.7421 0.2705 -0.6133
vn -0.2795 0.6829 -0.6750
vn 0.4556 0.5371 -0.7099
vn -0.1111 -0.3966 -0.9112
vn -0.3347 -0.0994 -0.9371
vn 0.4757 0.4704 -0.7432
vn 0.4299 0.5088 -0.7459
vn 0.0594 0.0750 -0.9954
vn 0.1943 -0.4004 -0.8955
vn 0.6016 -0.1122 -0.7909
vn -0.2388 0.3776 -0.8946
vn -0.2984 0.5166 -0.8026
vn -0.5931 -0.0403 -0.8041
vn -0.5464 0.4443 -0.7100
vn 0.7549 0.1877 -0.6284
vn 0.4415 -0.3087 -0.8425
vn -0.4286 -0.4368 -0.7908
vn 0.1507 0.1262 -0.9805
vn 0.0511 0.1207 -0.9914
vn -0.2484 -0.3864 -0.8883
vn 0.1078 0.0151 -0.9941
vn 0.6008 -0.0675 -0.7966
vn 0.6237 0.2803 -0.7296
vn 0.5478 -0.3963 -0.7368
vn -0.5621 -0.2511 -0.7880
vn -0.4448 0.5069 -0.7384
vn -0.5427 0.1620 -0.8241
vn -0.0320 0.0118 -0.9994
vn -0.1723 0.6140 -0.7703
vn 0.4598 0.3356 -0.8222
vn -0.3435 -0.2388 -0.9083
vn -0.7060 0.0141 -0.7081
vn 0.2299 0.3428 -0.9108
vn -0.5817 0.3976 -0.7096
vn -0.2297 -0.4889 -0.8416
vn -0.3187 0.0857 -0.9440
vn 0.2543 0.4932 -0.8319
vn 0.9074 -0.0473 -0.4177
vn 0.5051 -0.3729 -0.7784
vn 0.7543 -0.0692 -0.6528
vn 0.1468 -0.4947 -0.8566
vn 0.5700 0.1020 -0.8153
vn 0.6354 -0.0454 -0.7708
vn -0.5202 0.3731 -0.7682
vn 0.1026 0.0637 -0.9927
vn 0.3030 0.3374 -0.8912
vn 0.3756 -0.5296 -0.7606
vn -0.1678 -0.4345 -0.8849
vn -0.4366 0.2558 -0.8625
vn 0.2786 0.0563 -0.9588
vn -0.1179 -0.4180 -0.9008
vn 0.0115 -0.3615 -0.9323
vn 0.7263 -0.4730 -0.4988
vn 0.3989 -0.2300 -0.8877
vn -0.0580 -0.2963 -0.9533
vn 0.0210 -0.4076 -0.9129
vn 0.0458 0.2608 -0.9643
vn -0.0105 -0.1027 -0.9947
vn 0.0060 -0.5155 -0.8569
vn -0.0039 -0.7139 -0.7002
vn -0.5600 -0.4485 -0.6966
vn -0.0513 -0.4458 -0.8937
vn -0.0443 -0.9667 -0.2521
vn -0.1051 -0.9411 -0.3213
vn 0.0669 -0.7635 -0.6423
vn -0.0082 -0.6206 -0.7841
vn 0.3739 -0.5184 -0.7691
vn -0.1650 -0.5150 -0.8412
vn -0.3128 -0.8228 -0.4745
vn 0.1282 -0.9019 -0.4124
vn 0.0340 -0.6983 -0.7150
vn -0.0023 -0.5424 -0.8401
vn -0.2540 -0.5416 -0.8014
vn -0.0323 -0.7216 -0.6915
vn -0.3898 0.0450 -0.9198
vn 0.0600 -0.5110 -0.8575
vn -0.0355 -0.0851 -0.9957
vn -0.0728 -0.6641 -0.7441
vn 0.5169 -0.6141 -0.5964
vn 0.2223 -0.2093 -0.9522
vn -0.0574 -0.4284 -0.9018
vn -0.4862 -0.3880 -0.7830
vn 0.0577 -0.4283 -0.9018
vn -0.3963 0.0767 -0.9149
vn -0.1057 -0.4904 -0.8651
vn 0.4674 -0.3370 -0.8173
vn -0.0314 -0.2982 -0.9540
vn -0.5209 -0.3935 -0.7575
vn 0.3433 -0.1688 -0.9239
vn 0.2725 -0.8604 -0.4306
vn 0.1258 -0.8917 -0.4348
vn -0.1938 -0.9777 0.0814
vn -0.1398 -0.6172 -0.7743
vn 0.0359 -0.5874 -0.8085
vn 0.2086 -0.9696 -0.1276
vn -0.4770 -0.6394 -0.6030
vn -0.5588 -0.8242 0.0915
vn 0.8007 -0.4774 0.3619
vn -0.0316 0.1084 -0.9936
vn -0.0778 -0.6584 -0.7486
vn 0.5798 -0.5249 -0.6232
vn 0.1995 -0.0323 -0.9794
vn -0.0007 -0.3446 -0.9387
vn -0.0623 -0.2242 -0.9725
vn -0.4900 0.2983 -0.8191
vn -0.3988 -0.3677 -0.8401
vn 0.3159 -0.5791 -0.7515
vn 0.3566 0.0665 -0.9319
vn -0.1429 -0.5833 -0.7996
vn -0.1600 -0.6509 -0.7421
vn -0.5814 -0.6184 -0.5288
vn -0.5776 -0.7961 -0.1807
vn 0.4673 -0.5637 -0.6811
vn 0.0098 0.1756 -0.9844
vn -0.1174 -0.7352 -0.6676
vn 0.1065 -0.9685 0.2252
vn 0.2003 -0.9791 0.0365
vn -0.2102 -0.9258 0.3142
vn -0.1544 -0.6854 0.7116
vn -0.1766 -0.8538 0.4898
vn 0.3174 -0.9071 0.2763
vn 0.2539 -0.7873 -0.5619
vn 0.0212 -0.9127 -0.4081
vn -0.5084 -0.8611 -0.0011
vn -0.0164 -0.9998 -0.0115
vn 0.0939 -0.9879 -0.1236
vn -0.0266 -0.9986 0.0461
vn -0.5162 -0.6785 -0.5227
vn 0.1308 -0.9753 -0.1783
vn 0.1077 -0.9942 -0.0037
vn -0.3826 0.5644 -0.7315
vn 0.2862 0.5779 -0.7643
vn 0.5023 -0.2996 -0.8111
vn -0.1670 -0.1346 -0.9767
vn -0.0864 -0.0383 -0.9955
vn 0.0790 -0.8126 -0.5775
vn 0.2909 0.4805 -0.8274
vn -0.3617 0.5027 -0.7851
vn -0.4779 -0.0753 -0.8752
vn 0.0874 -0.5533 -0.8284
vn 0.2949 0.3632 -0.8838
vn 0.0718 0.1003 -0.9924
vn -0.1013 -0.3996 -0.9111
vn -0.4792 -0.1196 -0.8695
vn 0.1602 0.0556 -0.9855
vn -0.6262 0.2471 -0.7395
vn 0.1953 0.6302 -0.7515
vn 0.1609 0.5672 -0.8077
vn 0.5928 0.2893 -0.7516
vn 0.2368 -0.4271 -0.8727
vn -0.1304 0.5376 -0.8330
vn 0.1421 0.1629 -0.9764
vn 0.2172 0.7557 -0.6178
vn 0.4814 0.6032 -0.6359
vn 0.1365 -0.6063 -0.7834
vn 0.0713 0.1388 -0.9877
vn -0.3330 0.2904 -0.8971
vn -0.2546 -0.6317 -0.7322
vn -0.2107 -0.3724 -0.9039
vn -0.0534 0.2203 -0.9740
vn -0.1446 0.6785 -0.7202
vn 0.2144 -0.2858 -0.9340
vn -0.1369 -0.5241 -0.8406
vn -0.6468 -0.0705 -0.7594
vn 0.2531 0.9197 -0.3002
vn 0.6508 -0.2057 -0.7309
vn 0.0464 -0.0403 -0.9981
vn 0.0321 0.1426 -0.9893
vn 0.4215 -0.0302 -0.9063
vn -0.3857 0.0690 -0.9201
vn 0.8590 0.1812 -0.4788
vn 0.0770 0.5634 -0.8226
vn 0.1295 -0.3844 -0.9140
vn 0.3869 0.4302 -0.8156
vn -0.0012 0.0976 -0.9952
vn -0.1880 0.2612 -0.9468
vn 0.1021 0.2939 -0.9504
vn 0.2035 0.3700 -0.9065
vn 0.5769 -0.0328 -0.8161
vn -0.1190 -0.7055 -0.6987
vn -0.5900 -0.0383 -0.8065
vn -0.2078 -0.8249 -0.5257
vn -0.5724 -0.4893 0.6580
vn -0.6816 -0.7091 -0.1803
vn -0.2084 -0.9582 -0.1961
vn -0.4142 -0.2920 -0.8621
vn -0.3877 -0.3946 -0.8330
vn -0.4731 -0.4759 -0.7414
vn 0.1090 0.4051 -0.9077
vn 0.4884 0.0432 -0.8715
vn 0.2238 -0.6359 -0.7387
vn 0.3661 0.4243 -0.8282
vn 0.0720 -0.3129 -0.9471
vn 0.7507 -0.0846 -0.6552
vn 0.1029 -0.9786 -0.1784
vn -0.2091 -0.9768 0.0464
vn -0.4994 -0.7511 0.4318
vn -0.6998 -0.4561 0.5498
vn -0.7123 -0.3823 0.5886
vn -0.4646 -0.0893 0.8810
vn -0.7071 -0.6929 0.1413
vn -0.5101 -0.8364 0.2007
vn -0.7075 -0.2786 0.6495
vn -0.3855 -0.9194 0.0781
vn -0.5603 -0.7871 0.2579
vn -0.7075 -0.6025 0.3694
vn -0.0686 -0.6590 -0.7490
vn 0.0045 0.1090 -0.9940
vn -0.1820 -0.4479 -0.8754
vn 0.0964 0.2770 -0.9560
vn 0.4126 0.0519 -0.9094
vn 0.1183 0.3371 -0.9340
vn 0.2281 -0.6646 -0.7115
vn -0.0744 0.3372 -0.9385
vn 0.3958 0.2587 -0.8811
vn -0.1450 -0.4676 -0.8720
vn 0.0888 -0.7126 -0.6959
vn 0.1606 -0.3524 -0.9220
vn -0.1994 -0.2395 -0.9502
vn -0.4644 -0.2503 -0.8495
vn -0.5826 -0.4123 -0.7004
vn -0.7289 -0.3508 -0.5879
vn -0.9539 0.1456 0.2624
vn -0.9610 0.1461 0.2348
vn -0.7973 0.0565 0.6010
vn -0.8173 0.1005 0.5674
vn 0.0152 -0.8986 0.4385
vn 0.1410 0.5493 0.8237
vn -0.8219 -0.0965 0.5613
vn 0.9755 -0.0504 0.2140
vn 0.9300 -0.0036 0.3674
vn 0.9688 0.0323 0.2456
vn 0.9862 -0.0312 0.1623
vn -0.8407 0.0078 0.5414
vn -0.8776 0.0121 0.4793
vn -0.7847 -0.1179 0.6085
vn 0.9102 -0.2737 0.3108
vn 0.9488 -0.0967 0.3007
vn 0.9503 -0.0343 0.3095
vn 0.7629 -0.0721 -0.6425
vn 0.8449 -0.3098 -0.4361
vn 0.5518 -0.4114 -0.7255
vn -0.1707 -0.4493 -0.8769
vn 0.0979 -0.4115 -0.9062
vn 0.8322 0.0859 0.5478
vn 0.9801 0.1986 0.0012
vn 0.9779 0.1970 0.0699
vn 0.9632 0.1866 0.1937
vn 0.9066 -0.0818 0.4140
vn 0.9931 -0.0346 0.1124
vn 0.9899 0.0134 0.1412
vn 0.9119 -0.1584 0.3786
vn 0.9958 -0.0689 0.0610
vn 0.9301 -0.1917 0.3132
vn 0.9913 -0.0238 0.1296
vn 0.9997 0.0171 0.0171
vn -0.9652 0.1652 0.2029
vn -0.7976 0.0860 0.5970
vn -0.9908 0.1243 0.0541
vn -0.9356 0.1217 0.3315
vn -0.8812 0.1371 0.4524
vn -0.9837 0.1472 0.1035
vn -0.9717 0.1767 0.1568
vn -0.8216 0.1364 0.5535
vn -0.8385 0.1793 0.5146
vn -0.8907 0.1704 0.4214
vn -0.9839 0.0834 0.1581
vn -0.9735 0.0712 0.2174
vn -0.9809 0.0503 0.1881
vn -0.7615 0.3030 0.5730
vn -0.9809 0.1454 -0.1290
vn -0.9263 0.1815 0.3301
vn -0.2090 -0.4755 -0.8545
vn 0.7405 -0.0235 0.6716
vn -0.0207 0.5594 0.8286
vn 0.8783 0.4267 0.2155
vn 0.6931 0.6851 0.2239
vn 0.4174 0.8733 0.2511
vn 0.7092 0.6939 0.1249
vn 0.4729 0.8696 0.1421
vn 0.8796 0.4637 0.1062
vn 0.4961 0.8678 0.0293
vn 0.7139 0.6996 0.0303
vn 0.8830 0.4691 0.0172
vn 0.4335 0.6985 0.5694
vn 0.6269 0.5247 0.5759
vn 0.7628 0.2976 0.5741
vn 0.4175 0.6936 0.5870
vn 0.6072 0.5238 0.5974
vn 0.7454 0.2825 0.6038
vn 0.6906 0.7225 0.0324
vn 0.4518 0.8920 0.0136
vn 0.6634 0.7020 -0.2590
vn 0.4065 0.8993 -0.1611
vn 0.8951 0.4431 0.0494
vn 0.1450 0.7404 -0.6563
vn 0.3677 -0.4134 -0.8330
vn 0.9734 0.0625 -0.2204
vn -0.7845 0.3683 -0.4990
vn -0.8771 0.1768 0.4466
vn -0.8362 0.0645 0.5447
vn -0.8032 0.2651 -0.5334
vn -0.5424 0.0551 -0.8383
vn -0.6471 -0.0825 -0.7579
vn 0.1129 -0.4410 -0.8904
vn -0.3039 -0.2877 -0.9082
vn -0.7813 0.3943 0.4838
vn -0.8759 0.4807 0.0411
vn 0.0914 0.5984 -0.7960
vn 0.5109 0.2895 -0.8094
vn -0.3707 0.5855 -0.7209
vn 0.2273 0.9732 -0.0353
vn 0.0039 0.9994 -0.0331
vn 0.1711 0.0969 -0.9805
vn 0.0234 -0.5778 -0.8158
vn 0.1400 0.1694 -0.9756
vn 0.0760 0.8644 -0.4971
vn 0.5279 0.2810 -0.8015
vn 0.2169 0.9404 -0.2620
vn 0.6226 0.7793 -0.0712
vn -0.2793 0.9310 -0.2350
vn -0.6061 0.7921 -0.0722
vn -0.7625 0.6470 0.0019
vn -0.0899 0.9903 0.1061
vn 0.2587 0.9622 0.0847
vn 0.5422 0.8250 0.1591
vn -0.4012 0.8656 0.2997
vn -0.2745 0.9402 0.2015
vn 0.6510 0.7177 0.2474
vn 0.7085 0.7000 0.0897
vn -0.7565 0.6356 -0.1540
vn -0.5708 0.7563 0.3198
vn -0.1339 0.8476 -0.5135
vn -0.0422 0.8749 0.4825
vn 0.7185 0.6445 0.2615
vn 0.6851 0.7182 0.1220
vn -0.2135 0.8690 0.4463
vn -0.1620 0.8930 -0.4198
vn 0.9448 0.2469 0.2154
vn 0.7093 0.7048 0.0095
vn -0.3008 0.9111 0.2817
vn 0.5066 0.7828 -0.3615
vn -0.3509 0.9360 -0.0264
vn -0.3661 0.8541 -0.3695
vn 0.7121 0.7002 0.0512
vn 0.0252 -0.1713 -0.9849
vn 0.0998 -0.7524 -0.6511
vn 0.0079 0.0450 -0.9990
vn -0.4214 0.2328 -0.8765
vn -0.0273 -0.2551 -0.9665
vn 0.6400 -0.7025 -0.3115
vn 0.1019 -0.5482 -0.8301
vn 0.4247 -0.9005 -0.0938
vn 0.0875 -0.8357 -0.5421
vn -0.1171 -0.4987 -0.8588
vn 0.0962 -0.9188 -0.3827
vn -0.1059 -0.8548 -0.5081
vn -0.0767 -0.6572 -0.7498
vn 0.3834 -0.9132 -0.1379
vn 0.4193 -0.8087 -0.4126
vn 0.3525 -0.2751 0.8944
vn 0.5339 -0.5325 0.6568
vn 0.6087 -0.7669 0.2033
vn 0.6838 -0.6945 0.2239
vn 0.6061 -0.7395 0.2929
vn 0.6609 -0.6448 0.3839
vn 0.7082 -0.5910 0.3862
vn 0.5426 -0.7648 0.3473
vn 0.1966 -0.3504 0.9157
vn 0.3390 -0.5878 0.7345
vn -0.1018 -0.3624 0.9264
vn -0.0975 -0.5795 0.8091
vn 0.6110 -0.7561 0.2345
vn 0.7328 -0.6804 0.0047
vn 0.0485 0.9076 -0.4171
vn -0.0068 0.9159 0.4013
vn -0.1286 0.8514 0.5085
vn 0.3261 0.4962 0.8046
vn 0.4011 0.9010 0.1652
vn 0.3827 0.6680 0.6382
vn 0.3482 0.8646 -0.3623
vn -0.8321 -0.0325 0.5536
vn -0.7885 0.2914 0.5416
vn -0.7247 0.4920 0.4825
vn -0.2303 0.9720 0.0464
vn -0.7674 -0.5192 0.3762
vn -0.8177 -0.3187 0.4794
vn -0.5777 -0.0132 0.8161
vn -0.5920 0.1803 0.7855
vn -0.6086 0.2864 0.7400
vn 0.6206 -0.0827 0.7798
vn -0.4780 -0.4673 0.7438
vn -0.5466 -0.2326 0.8044
vn -0.4575 0.0180 -0.8890
vn 0.2582 0.0141 -0.9660
vn -0.3624 -0.0436 -0.9310
vn 0.0518 -0.4860 -0.8724
vn -0.3110 -0.4118 -0.8566
vn -0.4726 0.4133 -0.7783
vn -0.3249 0.0835 -0.9421
vn 0.0669 -0.0404 -0.9969
vn 0.1579 0.5030 -0.8497
vn -0.4652 0.4181 -0.7802
vn -0.3481 -0.3812 -0.8565
vn 0.4107 -0.0596 -0.9098
vn 0.1854 0.4190 -0.8888
vn -0.4233 0.0678 -0.9034
vn -0.0318 0.1133 -0.9931
vn 0.9702 -0.2321 -0.0700
vn 0.9034 -0.3906 -0.1771
vn 0.8385 -0.3785 -0.3921
vn 0.7122 -0.5199 -0.4717
vn 0.9065 -0.2573 -0.3348
vn -0.1595 -0.4849 -0.8599
vn 0.6955 0.1555 -0.7015
vn 0.1283 -0.4876 -0.8636
vn 0.1270 0.0035 -0.9919
vn -0.4502 -0.4425 -0.7756
vn 0.2573 -0.6858 -0.6808
vn 0.2566 -0.0464 -0.9654
vn 0.3543 -0.1042 -0.9293
vn -0.0651 -0.5052 -0.8606
vn 0.1998 -0.4664 -0.8617
vn 0.1615 0.0210 -0.9867
vn 0.9712 0.0979 0.2173
vn 0.9929 0.0814 0.0865
vn 0.7794 0.2530 -0.5732
vn -0.6072 0.3080 -0.7324
vn 0.1748 0.5640 -0.8071
vn 0.5936 -0.1869 -0.7828
vn -0.2582 -0.3737 -0.8909
vn 0.9637 0.0626 0.2594
vn 0.8532 -0.0058 -0.5216
vn 0.8834 0.2038 -0.4220
vn 0.4408 0.2910 -0.8491
vn 0.4651 -0.3918 -0.7938
vn 0.1274 -0.4273 -0.8951
vn 0.6083 0.5114 -0.6069
vn 0.2411 -0.2037 -0.9489
vn 0.1811 0.5223 -0.8333
vn -0.5691 0.0970 -0.8166
vn 0.0716 0.0885 -0.9935
vn 0.0167 0.0068 -0.9998
vn 0.6590 0.2931 -0.6927
vn 0.6452 -0.2141 -0.7334
vn -0.1008 -0.5099 -0.8543
vn -0.4294 -0.8432 0.3235
vn 0.4101 -0.8886 0.2052
vn 0.6395 -0.6808 0.3571
vn 0.8091 -0.4462 0.3823
vn 0.1362 -0.8135 0.5654
vn 0.6403 -0.5168 0.5683
vn -0.8056 -0.3485 0.4791
vn -0.7445 -0.3295 0.5807
vn -0.6425 -0.7163 -0.2723
vn -0.6845 -0.6850 -0.2495
vn -0.8114 -0.5350 0.2353
vn -0.5937 -0.6293 -0.5015
vn 0.0905 -0.2905 -0.9526
vn -0.1419 -0.6926 -0.7072
vn 0.2854 0.6920 -0.6630
vn -0.3863 -0.2601 -0.8849
vn -0.1344 -0.2546 -0.9577
vn 0.0828 -0.6225 -0.7782
vn -0.4517 -0.2785 -0.8476
vn 0.3306 0.6899 -0.6440
vn -0.6425 0.2172 -0.7349
vn -0.4667 -0.1328 -0.8744
vn -0.1166 0.1629 -0.9797
vn 0.1229 -0.2881 -0.9497
vn -0.6946 0.6324 -0.3429
vn -0.8129 0.4864 -0.3203
vn 0.2012 0.7367 -0.6456
vn 0.0534 0.3119 -0.9486
vn 0.1512 0.5286 -0.8353
vn -0.9421 0.1413 0.3040
vn -0.8885 0.0774 -0.4524
vn -0.3996 -0.2404 -0.8846
vn -0.5653 -0.3960 -0.7236
vn -0.9551 0.1317 0.2653
vn -0.9758 0.0977 -0.1956
vn -0.7679 -0.1786 -0.6152
vn -0.0546 0.0085 -0.9985
vn -0.3793 0.6803 0.6271
vn -0.7115 0.1534 0.6858
vn -0.0354 0.6891 0.7238
vn -0.0887 -0.8789 0.4688
vn -0.1116 0.4055 0.9073
vn -0.6218 0.3238 0.7131
vn -0.3208 0.2273 0.9195
vn -0.3150 -0.2479 0.9161
vn -0.7988 -0.1903 0.5707
vn -0.7045 0.0844 0.7047
vn -0.4761 -0.1661 0.8636
vn -0.1782 -0.7775 0.6031
vn -0.0522 -0.4078 0.9116
vn -0.0948 -0.8496 0.5188
vn 0.6827 -0.0464 0.7292
vn 0.0349 0.6101 0.7915
vn -0.0366 0.6114 0.7905
vn 0.5135 -0.0063 0.8581
vn 0.5054 -0.1196 0.8546
vn -0.6054 -0.7774 0.1705
vn -0.4061 -0.8373 0.3661
vn -0.4714 -0.0582 0.8800
vn -0.7591 -0.3278 0.5624
vn -0.9664 -0.0455 0.2529
vn 0.7864 -0.4378 0.4358
vn -0.7067 -0.2494 0.6621
vn -0.0407 -0.5173 0.8548
vn -0.5036 -0.3087 0.8069
vn -0.0748 -0.8688 0.4895
vn -0.0180 -0.4159 0.9092
vn -0.1962 -0.0151 0.9804
vn 0.6028 -0.5257 0.6002
vn 0.0462 0.1886 0.9810
vn -0.0633 -0.9837 0.1683
vn 0.5963 -0.5413 0.5928
vn -0.6367 -0.7624 0.1155
vn -0.5992 -0.7773 0.1917
vn -0.2370 -0.1260 0.9633
vn -0.3954 0.0431 0.9175
vn 0.2172 0.0365 0.9754
vn 0.1361 0.2496 0.9587
vn -0.0824 -0.9266 0.3669
vn 0.1602 -0.8716 0.4634
vn -0.5546 -0.7747 0.3037
vn -0.5744 0.1690 0.8010
vn -0.7843 -0.5567 -0.2740
vn -0.6818 -0.7244 0.1015
vn -0.6741 0.3934 0.6252
vn -0.7495 0.6129 0.2504
vn -0.9654 0.0220 0.2597
vn -0.9430 0.0473 0.3296
vn -0.9449 -0.1902 0.2663
vn -0.9616 -0.0806 0.2625
vn -0.9304 -0.1254 0.3445
vn -0.9112 -0.1380 0.3881
vn -0.8714 -0.1142 0.4770
vn -0.8390 -0.5441 0.0086
vn -0.7218 -0.6798 -0.1296
vn -0.8580 -0.3778 -0.3480
vn -0.5950 0.5391 0.5961
vn -0.9836 -0.1520 0.0971
vn -0.9539 0.1194 0.2754
vn -0.9176 -0.3429 0.2012
vn -0.7903 0.2880 0.5408
vn -0.3471 0.0499 0.9365
vn -0.7005 0.2892 0.6524
vn -0.9019 0.3298 0.2789
vn -0.7531 0.6057 0.2570
vn -0.0140 0.4291 0.9031
vn -0.4340 -0.6972 0.5706
vn -0.3810 -0.7322 0.5646
vn 0.0915 0.1496 0.9845
vn -0.4390 -0.6675 0.6014
vn -0.4507 0.2553 0.8554
vn 0.4370 -0.4365 0.7864
vn 0.4945 -0.4764 0.7270
vn 0.2498 -0.5695 0.7831
vn 0.1419 -0.0515 0.9885
vn -0.0045 -0.0372 0.9993
vn 0.1323 0.0650 0.9891
vn 0.2781 -0.9564 0.0891
vn 0.0971 -0.9942 0.0458
vn 0.6029 0.0466 0.7964
vn 0.8634 -0.1242 0.4890
vn 0.5070 0.1039 0.8556
vn 0.5485 -0.8336 0.0652
vn 0.5590 -0.8291 -0.0117
vn 0.8488 0.2152 0.4829
vn 0.8813 -0.4704 -0.0453
vn 0.8118 -0.4164 0.4094
vn 0.8191 -0.5132 0.2564
vn 0.4290 0.0198 0.9031
vn 0.4273 0.2718 0.8623
vn 0.7978 -0.4066 0.4451
vn 0.8670 0.0425 0.4965
vn 0.6765 0.2269 0.7007
vn 0.9242 0.2337 0.3021
vn 0.3113 -0.9350 0.1697
vn 0.8047 -0.5895 -0.0707
vn 0.8104 -0.3259 0.4868
vn 0.1826 0.4703 0.8634
vn 0.0043 -0.3493 0.9370
vn 0.4707 -0.3723 0.7999
vn 0.1102 0.3283 0.9381
vn -0.0108 -0.9043 0.4267
vn 0.5661 -0.3417 0.7502
vn 0.1003 -0.9081 0.4065
vn -0.8874 -0.4081 0.2144
vn -0.6377 -0.6552 0.4051
vn -0.0555 -0.1206 0.9911
vn -0.7517 -0.0733 0.6554
vn -0.4365 -0.8145 0.3821
vn -0.7077 -0.5963 0.3789
vn 0.0109 -0.5838 0.8118
vn -0.8633 -0.3159 0.3936
vn -0.9252 0.0624 0.3743
vn -0.2646 -0.2530 0.9306
vn -0.9494 -0.2772 0.1478
vn -0.7409 -0.6347 0.2196
vn -0.2717 -0.5940 0.7572
vn -0.8315 0.2470 0.4976
vn -0.8099 -0.5002 0.3064
vn -0.9832 -0.1557 0.0950
vn -0.6284 0.3702 0.6842
vn -0.2207 0.2674 0.9380
vn -0.2982 -0.8911 0.3421
vn -0.5230 -0.8083 0.2704
vn -0.2695 -0.9405 0.2070
vn -0.1671 0.1760 0.9701
vn -0.2735 0.2502 0.9287
vn 0.0988 0.1852 0.9777
vn 0.1151 -0.1326 0.9845
vn -0.1608 -0.8513 0.4995
vn 0.3844 0.4998 0.7762
vn 0.2527 0.2663 0.9302
vn 0.4080 -0.2750 0.8706
vn -0.2942 0.5161 0.8044
vn -0.4328 0.3720 0.8212
vn -0.1890 -0.9497 0.2497
vn 0.0359 -0.6683 0.7430
vn -0.2525 -0.8555 0.4520
vn -0.2692 -0.7771 0.5689
vn -0.5378 -0.5285 0.6569
vn -0.4431 -0.7555 0.4826
vn -0.9008 0.0338 0.4329
vn -0.9215 0.0445 0.3859
vn -0.8002 -0.1363 0.5840
vn -0.7650 -0.1128 0.6341
vn -0.8256 0.2829 0.4882
vn -0.6957 0.4483 0.5613
vn 0.1763 -0.9112 0.3722
vn 0.0923 -0.8963 0.4338
vn -0.8986 0.1293 0.4193
vn -0.5708 0.3788 0.7285
vn -0.4236 0.0708 0.9031
vn -0.4702 -0.7505 0.4644
vn -0.4963 -0.7573 0.4246
vn -0.2387 0.2581 0.9362
vn 0.7753 -0.3029 0.5542
vn 0.7700 0.0320 0.6372
vn 0.7220 -0.2037 0.6612
vn 0.8870 -0.1625 0.4322
vn 0.8588 -0.1760 0.4812
vn 0.6838 -0.3193 0.6561
vn 0.7652 -0.4675 0.4426
vn -0.0713 -0.8976 0.4350
vn -0.3059 0.3170 0.8977
vn 0.0195 0.2866 0.9579
vn 0.2033 0.2430 0.9485
vn 0.0721 0.4648 0.8825
vn -0.5568 -0.0957 0.8251
vn -0.3786 0.5467 0.7468
vn -0.7556 0.2503 0.6054
vn -0.7867 -0.0535 0.6151
vn -0.6981 0.3236 0.6387
vn -0.4070 0.5130 0.7558
vn -0.7207 -0.5688 0.3963
vn -0.3375 -0.8271 0.4495
vn -0.7576 -0.5335 0.3760
vn 0.6784 0.4852 0.5517
vn 0.4156 0.5974 0.6859
vn -0.0910 -0.9544 0.2843
vn 0.3665 -0.8863 0.2831
vn 0.2141 0.5098 0.8332
vn 0.1219 -0.3760 0.9186
vn 0.5078 -0.3701 0.7779
vn 0.4862 0.4716 0.7357
vn 0.6664 -0.0652 0.7428
vn 0.6542 -0.2911 0.6981
vn 0.5349 -0.5375 0.6519
vn 0.1401 -0.8821 0.4498
vn 0.6325 -0.2673 0.7270
vn -0.1118 -0.8598 0.4982
vn -0.1602 -0.8993 0.4069
vn -0.7080 -0.6104 0.3552
vn -0.5519 -0.6363 0.5391
vn -0.7879 -0.4271 0.4436
vn -0.7432 -0.3712 0.5566
vn -0.4977 -0.7432 0.4471
vn -0.8942 -0.2904 0.3407
vn -0.7032 -0.5716 0.4228
vn -0.5841 -0.8102 0.0489
vn -0.7256 0.2922 0.6230
vn -0.1880 0.1252 0.9742
vn -0.0156 -0.9360 0.3517
vn -0.0640 -0.8052 0.5895
vn -0.7488 -0.3002 0.5909
vn -0.1109 -0.9547 0.2762
vn 0.0146 0.0264 0.9995
vn -0.1939 -0.6699 0.7167
vn -0.4093 -0.8667 0.2852
vn -0.0447 0.0482 0.9978
vn -0.3322 -0.7687 0.5465
vn 0.4009 -0.7081 0.5813
vn 0.0194 0.2436 0.9697
vn 0.6070 -0.7463 0.2731
vn 0.5925 -0.6367 0.4936
vn 0.6267 -0.7265 0.2819
vn -0.1485 -0.9862 0.0726
vn -0.1428 -0.5771 0.8041
vn 0.5850 -0.6192 0.5239
vn 0.1371 0.1968 0.9708
vn -0.1457 0.3169 0.9372
vn 0.0696 0.0324 0.9970
vn 0.1280 -0.8780 0.4613
vn -0.3131 -0.6426 0.6993
vn -0.8044 -0.0135 0.5939
vn -0.7882 -0.0733 0.6111
vn -0.1441 -0.7739 0.6168
vn -0.0035 0.2597 0.9657
vn -0.0998 0.4551 0.8848
vn -0.3537 -0.6991 0.6214
vn 0.0113 0.2459 0.9692
vn 0.1770 0.3246 0.9292
vn -0.2833 -0.6834 0.6728
vn -0.0879 -0.7091 0.6996
vn 0.4789 -0.3034 0.8238
vn -0.5232 -0.1588 0.8373
vn -0.2505 -0.2012 0.9470
vn -0.0072 -0.1931 0.9812
vn -0.4621 -0.6636 0.5883
vn -0.5815 -0.3624 0.7284
vn -0.6016 -0.6250 0.4974
vn 0.2318 0.1726 0.9573
vn -0.2986 -0.8502 0.4336
vn -0.7589 -0.2224 0.6121
vn -0.5981 -0.1565 0.7860
vn -0.4287 0.3976 0.8112
vn -0.5719 0.0079 0.8203
vn -0.4129 0.3133 0.8552
vn -0.5231 -0.3638 0.7707
vn 0.2460 -0.3668 0.8972
vn 0.3979 -0.7235 0.5641
vn 0.3887 -0.3947 0.8325
vn 0.4997 -0.0155 0.8661
vn 0.0117 -0.5366 0.8437
vn -0.1177 -0.7039 0.7005
vn 0.1166 0.2622 0.9580
vn 0.0719 0.1320 0.9886
vn -0.0690 -0.3303 0.9413
vn 0.0675 -0.2289 0.9711
vn 0.0827 -0.7988 0.5959
vn 0.1716 0.3808 0.9086
vn 0.6429 -0.1208 0.7563
vn 0.6490 0.2006 0.7339
vn 0.0504 -0.5764 0.8156
vn 0.0769 -0.1871 0.9793
vn -0.0367 -0.0028 0.9993
vn -0.3638 -0.8051 0.4685
vn -0.1164 -0.9245 0.3629
vn 0.0409 0.0678 0.9969
vn -0.0175 -0.4956 0.8684
vn 0.5412 -0.4630 0.7019
vn 0.3825 -0.4500 0.8070
vn 0.0250 0.0576 0.9980
vn -0.4891 -0.3255 0.8092
vn -0.6660 -0.2161 0.7139
vn 0.3102 -0.8309 0.4620
vn 0.2129 -0.2042 0.9555
vn 0.0499 -0.5412 0.8394
vn -0.0807 -0.6800 0.7288
vn -0.2776 0.6136 0.7392
vn -0.4898 -0.2219 0.8431
vn 0.0148 -0.8897 0.4563
vn -0.1521 -0.6690 0.7275
vn -0.0066 0.1786 0.9839
vn 0.2910 -0.2726 0.9171
vn -0.2082 -0.5727 0.7929
vn 0.1617 -0.1696 0.9722
vn 0.4373 -0.1702 0.8831
vn 0.0492 -0.7251 0.6869
vn 0.4682 -0.1405 0.8724
vn 0.4076 -0.5047 0.7610
vn 0.6663 -0.3063 0.6799
vn 0.5716 -0.6762 0.4647
vn 0.7498 -0.4216 0.5099
vn 0.2557 -0.6395 0.7250
vn -0.5462 0.2758 0.7909
vn -0.4592 -0.5193 0.7207
vn -0.2849 -0.9415 0.1798
vn -0.0184 -0.2904 0.9567
vn -0.1233 -0.8666 0.4836
vn -0.1335 -0.9453 0.2977
vn 0.1805 -0.9378 0.2964
vn -0.0067 -0.9715 0.2369
vn 0.7171 -0.5504 0.4277
vn 0.9569 0.1306 0.2595
vn 0.9595 0.2398 0.1481
vn 0.3348 0.8920 0.3037
vn 0.6626 0.0099 0.7489
vn 0.7068 0.4100 0.5764
vn 0.0807 0.3119 0.9467
vn 0.6465 -0.7381 0.1930
vn 0.8270 -0.1750 0.5343
vn -0.2964 -0.8884 0.3505
vn 0.2431 0.0930 0.9655
vn 0.3158 -0.0001 0.9488
vn 0.7633 -0.0423 0.6446
vn 0.7387 -0.5300 0.4164
vn -0.2493 -0.8817 0.4006
vn 0.1193 -0.1135 0.9863
vn 0.6983 -0.4537 0.5537
vn 0.1035 -0.9205 0.3767
vn 0.0266 -0.4348 0.9001
vn 0.1982 -0.9132 0.3561
vn -0.0173 0.4107 0.9116
vn 0.4593 -0.8729 0.1643
vn 0.4881 -0.8172 0.3064
vn 0.7026 -0.6468 0.2968
vn 0.1161 0.5345 0.8371
vn 0.2111 -0.9169 0.3386
vn 0.2825 -0.8837 0.3732
vn 0.0252 -0.2973 0.9544
vn 0.7579 -0.5582 0.3375
vn 0.4585 -0.8469 0.2693
vn 0.5657 -0.7819 0.2620
vn -0.5166 -0.3143 0.7964
vn -0.7908 -0.4475 0.4175
vn -0.7189 -0.5917 0.3647
vn -0.7410 -0.4692 0.4804
vn 0.2957 -0.7386 0.6058
vn 0.6412 -0.6995 0.3156
vn 0.7075 -0.6310 0.3181
vn 0.3840 -0.6464 0.6594
vn 0.1962 -0.7850 0.5876
vn 0.4849 -0.8029 0.3467
vn 0.0914 -0.8084 0.5814
vn 0.0944 -0.9245 0.3693
vn -0.1715 -0.7347 0.6564
vn -0.4403 -0.8459 0.3009
vn -0.3862 -0.8610 0.3311
vn -0.0587 -0.7922 0.6075
vn -0.3613 -0.5681 0.7394
vn -0.6196 -0.7152 0.3232
vn -0.5720 -0.2035 0.7946
vn -0.8494 -0.2886 0.4419
vn -0.1430 -0.1363 0.9803
vn -0.1147 -0.1112 0.9872
vn 0.0650 -0.1256 0.9899
vn 0.0367 -0.1793 0.9831
vn -0.0943 -0.0699 0.9931
vn 0.0872 -0.0524 0.9948
vn 0.2308 -0.0994 0.9679
vn 0.2181 -0.1486 0.9645
vn 0.2208 -0.1905 0.9565
vn -0.0849 -0.0382 0.9957
vn 0.1034 0.0276 0.9943
vn -0.9239 -0.1417 0.3555
vn -0.7177 -0.1661 0.6763
vn -0.7541 -0.1130 0.6469
vn -0.9400 -0.0470 0.3379
vn 0.9482 -0.1876 0.2565
vn 0.7835 -0.1474 0.6037
vn 0.7577 -0.2049 0.6196
vn 0.9312 -0.3007 0.2061
vn 0.7029 -0.2816 0.6531
vn 0.8537 -0.4914 0.1726
vn -0.7881 -0.5782 0.2111
vn -0.6428 -0.3978 0.6547
vn -0.6871 -0.3031 0.6603
vn -0.8570 -0.4303 0.2835
vn -0.6979 -0.2421 0.6740
vn -0.8916 -0.2939 0.3444
vn 0.9132 0.3753 0.1586
vn 0.9072 0.4070 0.1061
vn 0.9422 0.3266 0.0746
vn 0.9455 0.2774 0.1705
vn -0.9995 -0.0189 0.0245
vn -0.9993 0.0269 0.0260
vn -0.9828 0.1608 0.0908
vn -0.9916 0.0596 0.1145
vn 0.3839 0.8884 0.2516
vn 0.4013 0.8880 0.2244
vn 0.6917 0.6865 0.2240
vn 0.6873 0.7001 0.1936
vn 0.8611 0.4834 0.1578
vn 0.8628 0.4791 0.1613
vn 0.9709 0.2361 0.0414
vn 0.9657 0.1875 0.1795
vn -0.9840 -0.1777 0.0093
vn -0.9725 -0.2289 0.0426
vn -0.8830 -0.3627 0.2978
vn -0.8473 -0.4101 0.3375
vn -0.8964 -0.3903 0.2102
vn -0.9304 -0.3114 0.1934
vn -0.9525 -0.2916 0.0872
vn -0.9114 -0.3953 0.1146
vn 0.5179 -0.1585 0.8406
vn 0.4840 -0.1685 0.8587
vn 0.4492 -0.1534 0.8802
vn -0.3926 -0.2146 0.8943
vn -0.4109 -0.1786 0.8940
vn -0.4216 -0.1595 0.8927
vn -0.7970 -0.1241 0.5911
vn -0.9515 -0.0104 0.3076
vn -0.8319 -0.1570 0.5322
vn -0.9641 -0.0344 0.2632
vn -0.9213 0.0127 0.3886
vn -0.9306 -0.0205 0.3655
vn -0.9107 -0.0070 0.4131
vn -0.8329 -0.4439 0.3304
vn -0.7977 -0.5479 0.2518
vn -0.8840 -0.2794 0.3747
vn -0.9221 -0.1019 0.3733
vn 0.9559 -0.0351 0.2916
vn 0.9097 -0.0193 0.4148
vn 0.9039 0.1147 0.4121
vn 0.9495 0.1087 0.2944
vn 0.8626 0.1518 0.4825
vn 0.9438 0.1639 0.2871
vn 0.8127 -0.3500 0.4659
vn 0.8618 -0.2478 0.4427
vn 0.8716 -0.1745 0.4581
vn 0.9501 -0.1213 0.2874
vn 0.8906 -0.1166 0.4396
vn -0.8592 0.0088 0.5116
vn -0.0704 -0.5500 0.8322
vn -0.0854 -0.5259 0.8462
vn -0.8146 0.1122 0.5691
vn 0.0876 -0.3274 0.9408
vn -0.6153 0.4014 0.6785
vn -0.2237 0.6961 0.6822
vn 0.2606 -0.1652 0.9512
vn 0.0563 -0.1354 0.9892
vn -0.0062 0.8050 0.5933
vn 0.7104 0.3798 0.5926
vn 0.2473 -0.4538 0.8561
vn 0.1615 -0.5291 0.8330
vn 0.8201 0.1881 0.5404
vn 0.4047 0.6746 0.6174
vn 0.0115 -0.2359 0.9717
vn 0.0312 -0.5136 0.8575
vn -0.0813 -0.3920 0.9164
vn 0.8564 0.1370 0.4978
vn 0.8447 0.1427 0.5158
vn -0.1789 -0.2443 0.9531
vn 0.8628 0.1178 0.4916
vn 0.1039 -0.1152 0.9879
vn 0.0323 -0.3920 0.9194
vn -0.8515 -0.0054 0.5243
vn -0.8242 -0.0291 0.5656
vn -0.7093 0.6610 0.2450
vn -0.8844 0.4052 0.2314
vn -0.9515 0.2504 0.1785
vn -0.0593 0.9761 0.2090
vn -0.4045 0.8851 0.2302
vn -0.7382 -0.0833 0.6694
vn -0.7781 -0.0735 0.6238
vn 0.0199 -0.8087 0.5878
vn -0.2792 -0.8930 0.3529
vn -0.2007 -0.1178 0.9725
vn 0.0813 0.8188 0.5682
vn 0.1646 0.9667 0.1959
vn 0.1172 0.9491 0.2925
vn -0.1201 0.9513 0.2838
vn 0.9681 0.1604 0.1924
vn 0.9889 0.1404 0.0483
vn 0.9923 0.0663 0.1044
vn 0.9702 0.1326 0.2026
vn 0.8565 0.1428 0.4959
vn 0.8205 0.2178 0.5285
vn -0.2945 0.6747 0.6768
vn -0.3602 0.6313 0.6868
vn -0.0434 0.9667 0.2521
vn 0.0727 0.9364 0.3434
vn -0.0953 0.6491 0.7547
vn -0.1621 0.9420 0.2939
vn -0.5777 -0.0223 0.8159
vn -0.0265 0.1003 0.9946
vn 0.2017 0.8962 0.3953
vn 0.0021 0.8470 0.5316
vn 0.0405 0.4516 0.8913
vn 0.0824 0.2361 0.9682
vn 0.2089 0.9281 0.3082
vn 0.2045 0.8821 0.4243
vn 0.2387 0.6433 0.7275
vn -0.1760 0.8813 0.4385
vn 0.5208 0.2302 0.8221
vn -0.2293 0.0432 0.9724
vn -0.2690 0.3754 0.8870
vn 0.2165 0.9744 -0.0603
vn 0.7737 0.5978 0.2097
vn 0.0865 0.9940 -0.0673
vn 0.2668 0.8192 -0.5076
vn 0.0435 0.9969 -0.0653
vn 0.6589 0.3104 0.6852
vn 0.9204 0.3902 0.0242
vn 0.9492 0.3147 -0.0033
vn -0.9991 0.0247 0.0352
vn -0.9985 -0.0522 0.0148
vn 0.6771 0.7275 0.1107
vn 0.8624 0.5014 0.0694
vn 0.3867 0.9109 0.1440
vn 0.9851 0.1342 0.1073
vn 0.9808 0.1833 0.0672
vn 0.9717 0.2352 0.0196
vn -0.9894 -0.1436 0.0196
vn -0.9746 -0.2154 0.0608
vn 0.0984 0.9815 0.1640
vn -0.1903 0.9684 0.1612
vn -0.9318 -0.2669 0.2462
vn -0.9604 -0.2482 0.1267
vn 0.9318 0.3622 -0.0244
vn 0.9488 0.3149 -0.0258
vn 0.6534 0.7570 0.0042
vn 0.8669 0.4983 -0.0085
vn 0.3402 0.9403 0.0083
vn -0.2120 0.9770 0.0217
vn 0.0649 0.9978 0.0127
vn -0.9979 -0.0651 0.0028
vn -0.9997 0.0248 0.0030
vn 0.7865 0.3966 0.4734
vn 0.6272 0.6516 0.4267
vn 0.3545 0.8337 0.4234
vn 0.0919 0.8781 0.4696
vn -0.1567 0.8343 0.5286
vn -0.8427 -0.0226 0.5379
vn -0.8496 -0.1095 0.5159
vn 0.9623 0.2719 -0.0105
vn 0.8812 0.2354 0.4099
vn 0.8621 0.2606 0.4346
vn 0.8303 0.2792 0.4823
vn -0.9911 -0.1329 -0.0007
vn -0.9823 -0.1870 0.0062
vn -0.9077 -0.2099 0.3635
vn -0.8596 -0.1545 0.4870
vn -0.9740 -0.2263 0.0084
vn -0.9861 -0.1647 0.0203
vn -0.9815 -0.1658 0.0958
vn -0.9486 -0.2792 0.1493
vn 0.9119 0.1894 0.3640
vn 0.9777 0.2100 0.0094
vn 0.9888 0.1470 0.0248
vn 0.9440 0.1375 0.2999
vn 0.9264 0.0931 0.3649
vn 0.9281 0.1656 0.3335
vn 0.9315 -0.0136 0.3634
vn 0.9164 -0.0954 0.3887
vn 0.8263 -0.2475 0.5059
vn 0.9128 -0.1847 0.3643
vn -0.8319 -0.4271 0.3542
vn -0.7758 -0.5013 0.3833
vn -0.9299 0.0226 0.3670
vn -0.9411 0.0119 0.3380
vn 0.8667 0.2640 0.4232
vn 0.8339 0.2721 0.4803
vn 0.6203 0.6372 0.4574
vn 0.3639 0.7964 0.4830
vn 0.0856 0.8419 0.5328
vn -0.1637 0.8083 0.5655
vn -0.8376 -0.0270 0.5456
vn -0.8472 -0.1267 0.5160
vn -0.8610 -0.1986 0.4683
vn 0.8908 0.2422 0.3844
vn -0.9479 -0.3159 0.0410
vn -0.9868 -0.1581 -0.0348
vn -0.9131 -0.2787 0.2976
vn -0.0579 -0.0732 0.9956
vn 0.0985 -0.0289 0.9947
vn 0.2274 0.0038 0.9738
vn 0.2444 -0.0038 0.9697
vn 0.6143 -0.4006 0.6798
vn 0.7142 -0.6674 0.2109
vn 0.4213 -0.1322 0.8972
vn 0.7206 -0.3374 0.6057
vn 0.3388 -0.2403 0.9097
vn 0.4769 -0.5021 0.7214
vn 0.6912 -0.6594 0.2958
vn 0.6809 -0.0904 0.7268
vn 0.7597 0.2609 -0.5956
vn 0.8876 -0.0790 -0.4539
vn 0.8959 -0.0908 -0.4349
vn 0.8043 -0.4516 -0.3862
vn 0.8861 -0.1754 -0.4291
vn 0.7923 0.3627 -0.4906
vn 0.3988 0.4975 -0.7703
vn 0.2179 0.0514 -0.9746
vn 0.8233 0.2508 -0.5092
vn -0.9999 -0.0005 0.0154
vn -0.9929 -0.1174 -0.0192
vn -0.9587 -0.0480 -0.2805
vn -0.9345 -0.1527 -0.3216
vn -0.9844 0.1698 0.0457
vn -0.9790 0.1347 -0.1528
vn -0.8174 0.0756 0.5711
vn -0.7438 0.4902 -0.4544
vn -0.7422 0.0682 -0.6667
vn -0.8036 0.3499 -0.4814
vn 0.0219 0.9997 0.0140
vn -0.2370 0.9715 0.0064
vn 0.6446 0.7388 -0.1966
vn 0.5642 0.8057 -0.1803
vn 0.6372 0.7707 -0.0055
vn 0.3457 0.9383 0.0122
vn 0.3323 0.9318 -0.1460
vn 0.9658 0.2550 -0.0471
vn 0.9576 0.2876 0.0171
vn 0.8874 -0.0020 -0.4609
vn 0.9523 0.2868 -0.1046
vn 0.9261 0.3153 -0.2072
vn 0.9434 0.3280 0.0490
vn 0.9334 0.2897 -0.2116
vn 0.7741 0.4061 -0.4857
vn 0.5195 0.4857 -0.7030
vn 0.7740 0.4310 -0.4638
vn 0.9084 0.1654 -0.3841
vn 0.8812 0.2361 -0.4095
vn 0.6297 0.4314 -0.6460
vn 0.8595 0.1193 0.4971
vn 0.6271 -0.3294 -0.7059
vn -0.8375 -0.3758 -0.3967
vn -0.6491 -0.5597 -0.5152
vn -0.6070 -0.3907 -0.6920
vn -0.5383 -0.1920 -0.8206
vn -0.8262 -0.1414 -0.5454
vn -0.5289 0.1805 -0.8293
vn -0.8014 0.1248 -0.5850
vn -0.5200 0.3452 -0.7813
vn -0.8026 0.2538 -0.5398
vn -0.4854 0.2071 -0.8494
vn 0.2379 0.3527 -0.9050
vn 0.5222 -0.4144 -0.7453
vn -0.1286 -0.5601 -0.8184
vn 0.0944 -0.0844 -0.9919
vn -0.4845 0.1301 -0.8651
vn 0.2754 0.2425 -0.9302
vn 0.5336 -0.4889 -0.6901
vn -0.1159 -0.6290 -0.7687
vn -0.4656 0.0450 -0.8839
vn 0.2833 0.1287 -0.9503
vn 0.5576 -0.5207 -0.6465
vn -0.0719 -0.6702 -0.7387
vn 0.1767 -0.6090 -0.7733
vn 0.4413 -0.5425 -0.7148
vn -0.2655 -0.5948 -0.7588
vn -0.3612 0.1052 -0.9265
vn 0.2621 0.1320 -0.9560
vn 0.2250 -0.4112 -0.8833
vn 0.2269 -0.1617 -0.9604
vn -0.2472 -0.1245 -0.9609
vn 0.3516 -0.2539 -0.9011
vn 0.3159 -0.7782 -0.5428
vn -0.2294 -0.7142 -0.6613
vn 0.1201 -0.1511 -0.9812
vn 0.6828 -0.6163 -0.3924
vn -0.1785 -0.2324 -0.9561
vn 0.3379 -0.4405 -0.8317
vn 0.2314 -0.8852 -0.4036
vn -0.2661 -0.7598 -0.5932
vn 0.5153 -0.2969 -0.8039
vn -0.2423 -0.1126 -0.9636
vn -0.1039 -0.2393 -0.9654
vn 0.4153 -0.4848 -0.7697
vn 0.1675 -0.9409 -0.2943
vn -0.3620 -0.7536 -0.5487
vn 0.6347 -0.7632 -0.1216
vn 0.2920 -0.9323 0.2136
vn 0.0330 -0.9841 0.1744
vn -0.0871 -0.5991 -0.7959
vn 0.1399 -0.9490 0.2826
vn -0.0371 -0.4207 -0.9064
vn -0.4528 -0.8903 -0.0479
vn -0.3540 -0.4299 -0.8306
vn 0.1212 -0.9425 -0.3116
vn 0.7276 -0.6756 0.1186
vn 0.1610 -0.9811 -0.1074
vn -0.1374 -0.5978 -0.7898
vn 0.1308 -0.8607 -0.4921
vn -0.0863 -0.7094 -0.6995
vn -0.1468 -0.9271 -0.3449
vn 0.6474 -0.6537 -0.3918
vn -0.0900 -0.6961 -0.7123
vn -0.0003 -0.3379 -0.9412
vn 0.4465 -0.3523 -0.8225
vn 0.0800 -0.8170 -0.5711
vn -0.0033 -0.8339 -0.5519
vn -0.0784 -0.8238 -0.5614
vn -0.4674 -0.5088 -0.7229
vn -0.5781 -0.0783 -0.8122
vn -0.0957 0.0918 -0.9912
vn -0.1765 -0.5988 -0.7812
vn -0.5104 -0.4869 -0.7088
vn 0.3251 -0.5575 -0.7639
vn -0.0955 -0.5907 -0.8012
vn -0.5849 -0.0131 -0.8110
vn -0.0189 0.2341 -0.9720
vn 0.5998 0.2013 -0.7744
vn 0.5902 -0.3627 -0.7212
vn -0.0357 -0.3674 -0.9294
vn 0.5579 -0.4928 -0.6677
vn 0.6458 -0.7634 -0.0126
vn 0.5502 -0.8068 -0.2152
vn 0.0761 -0.4225 -0.9032
vn 0.1376 -0.9756 0.1710
vn -0.7269 -0.6729 0.1375
vn -0.6998 -0.4887 -0.5210
vn 0.0433 -0.6309 -0.7747
vn -0.0262 -0.6541 -0.7560
vn 0.0957 -0.7392 -0.6666
vn 0.1493 -0.7736 -0.6159
vn 0.1444 -0.3160 -0.9377
vn 0.6133 -0.3945 -0.6843
vn 0.3292 -0.8610 -0.3877
vn 0.1718 -0.8737 -0.4552
vn 0.0617 -0.3164 -0.9466
vn 0.1319 -0.8935 -0.4293
vn -0.4243 -0.8263 -0.3704
vn -0.1955 -0.4386 -0.8771
vn 0.1335 -0.4812 -0.8664
vn 0.0503 -0.4566 -0.8882
vn 0.1547 -0.0290 -0.9875
vn 0.5244 -0.2364 -0.8180
vn 0.4286 -0.6600 -0.6170
vn 0.0670 -0.6483 -0.7584
vn 0.0240 -0.5149 -0.8569
vn 0.1301 0.2037 -0.9703
vn 0.5157 0.0113 -0.8567
vn 0.3757 -0.5979 -0.7080
vn -0.0137 -0.6811 -0.7321
vn -0.1002 0.0892 -0.9910
vn -0.0506 0.4901 -0.8702
vn 0.3998 -0.0617 -0.9145
vn 0.2402 -0.6236 -0.7439
vn -0.0089 0.4869 -0.8734
vn 0.1900 -0.6449 -0.7403
vn -0.3322 -0.5733 -0.7490
vn -0.2748 0.3489 -0.8960
vn -0.0837 0.0002 -0.9965
vn 0.0821 -0.5901 -0.8031
vn 0.0658 0.0096 -0.9978
vn 0.2011 -0.5550 -0.8072
vn 0.1948 -0.5841 -0.7880
vn -0.0031 0.0131 -0.9999
vn -0.0599 0.4861 -0.8718
vn 0.3531 0.3188 -0.8796
vn -0.2634 -0.5471 -0.7945
vn 0.0299 -0.5445 -0.8382
vn -0.0211 0.5040 -0.8634
vn 0.0912 -0.5405 -0.8364
vn -0.4838 -0.4138 -0.7712
vn -0.2427 0.4019 -0.8829
vn 0.6493 -0.2451 -0.7200
vn 0.0614 -0.7635 -0.6429
vn -0.0662 -0.0277 -0.9974
vn -0.1310 0.0194 -0.9912
vn 0.0180 0.0172 -0.9997
vn -0.0461 0.5555 -0.8302
vn 0.5023 0.4120 -0.7603
vn 0.1920 -0.3738 -0.9074
vn 0.0244 -0.5156 -0.8565
vn -0.0376 0.5544 -0.8314
vn 0.0709 -0.5042 -0.8607
vn -0.5335 -0.3692 -0.7610
vn -0.2792 0.4555 -0.8453
vn 0.0244 -0.0162 -0.9996
vn -0.0473 0.4120 -0.9100
vn 0.2293 -0.3080 -0.9233
vn 0.3776 -0.6865 -0.6214
vn 0.5199 -0.2845 -0.8055
vn 0.2841 -0.5081 -0.8131
vn -0.0138 -0.4890 -0.8722
vn 0.0009 -0.7013 -0.7129
vn -0.1460 0.5641 -0.8127
vn 0.4177 0.5586 -0.7165
vn 0.3137 -0.2442 -0.9176
vn 0.0934 -0.4184 -0.9035
vn -0.0704 0.0290 -0.9971
vn -0.0407 0.4286 -0.9026
vn 0.4139 0.2131 -0.8850
vn -0.3808 -0.4531 -0.8061
vn 0.0259 -0.4892 -0.8718
vn 0.4401 -0.3032 -0.8452
vn -0.4444 0.1552 -0.8823
vn 0.3631 -0.5669 -0.7395
vn -0.4084 -0.5056 -0.7600
vn -0.7555 -0.0320 -0.6543
vn -0.2038 0.6157 -0.7612
vn 0.4683 0.2857 -0.8361
vn -0.4518 -0.3471 -0.8218
vn 0.1684 -0.3703 -0.9135
vn -0.0339 -0.0326 -0.9989
vn -0.1227 0.6270 -0.7693
vn 0.6123 0.3635 -0.7021
vn 0.1540 -0.3089 -0.9385
vn -0.6127 0.0010 -0.7903
vn 0.0186 0.1858 -0.9824
vn -0.6100 0.3407 -0.7154
vn 0.0172 0.1708 -0.9852
vn 0.5644 0.4391 -0.6990
vn -0.1667 0.6445 -0.7462
vn -0.4644 -0.0093 -0.8856
vn 0.2479 -0.2727 -0.9296
vn 0.0068 0.4821 -0.8761
vn 0.5065 0.2170 -0.8345
vn -0.3155 -0.4366 -0.8425
vn 0.2033 -0.5149 -0.8328
vn -0.1596 0.0713 -0.9846
vn -0.0336 -0.0723 -0.9968
vn 0.0079 0.5755 -0.8177
vn 0.5930 0.3199 -0.7389
vn 0.1461 -0.3435 -0.9277
vn -0.0279 -0.4424 -0.8964
vn -0.0475 0.5470 -0.8358
vn 0.5101 0.2748 -0.8150
vn 0.0710 -0.3011 -0.9509
vn -0.0514 -0.3048 -0.9510
vn -0.2754 -0.1375 -0.9514
vn -0.6533 0.4741 -0.5903
vn 0.3297 0.0204 -0.9439
vn -0.0532 0.3093 -0.9495
vn 0.2982 0.1536 -0.9421
vn 0.1716 0.4198 -0.8912
vn 0.6171 0.0232 -0.7865
vn 0.1610 -0.5385 -0.8271
vn -0.2040 -0.3846 -0.9003
vn -0.6088 -0.2468 -0.7540
vn -0.5088 0.4900 -0.7079
vn -0.5008 0.0685 -0.8628
vn 0.0726 -0.0503 -0.9961
vn 0.1397 0.2824 -0.9491
vn 0.5615 -0.0668 -0.8248
vn 0.0960 -0.6532 -0.7511
vn -0.0900 -0.6298 -0.7716
vn -0.2875 -0.4736 -0.8325
vn -0.3659 0.3359 -0.8679
vn -0.4156 -0.0962 -0.9045
vn 0.0501 -0.2145 -0.9754
vn 0.1045 0.1594 -0.9817
vn 0.5435 -0.1668 -0.8226
vn 0.1145 -0.7678 -0.6303
vn -0.0634 -0.7746 -0.6292
vn -0.2854 -0.6693 -0.6860
vn -0.4425 0.1674 -0.8810
vn -0.4205 -0.1738 -0.8905
vn 0.0189 -0.2188 -0.9756
vn -0.0617 -0.6641 -0.7451
vn -0.3049 -0.5390 -0.7852
vn -0.5139 0.3099 -0.7999
vn 0.0951 0.3651 -0.9261
vn -0.4497 -0.1079 -0.8866
vn 0.0404 -0.1000 -0.9942
vn 0.0639 0.5195 -0.8521
vn 0.5662 0.1856 -0.8031
vn 0.1421 -0.6086 -0.7807
vn -0.0752 -0.5540 -0.8291
vn -0.2955 -0.4494 -0.8430
vn -0.4715 0.3790 -0.7963
vn 0.0291 0.5042 -0.8631
vn -0.0402 -0.5173 -0.8548
vn -0.2768 -0.4249 -0.8619
vn -0.4696 0.3167 -0.8241
vn 0.8618 0.0307 -0.5063
vn 0.4903 0.2765 -0.8265
vn 0.0337 -0.0583 -0.9977
vn 0.0328 0.5282 -0.8485
vn 0.4803 0.4189 -0.7706
vn 0.2493 -0.3509 -0.9026
vn -0.0160 -0.5578 -0.8298
vn -0.2367 -0.4755 -0.8473
vn -0.4458 0.3160 -0.8375
vn -0.1321 0.3620 -0.9228
vn 0.3322 0.6851 -0.6483
vn 0.8241 -0.0924 -0.5589
vn 0.2790 -0.6617 -0.6960
vn 0.0242 -0.5869 -0.8093
vn -0.3840 0.0511 -0.9219
vn -0.0376 0.5486 -0.8352
vn 0.5174 0.7290 -0.4482
vn 0.5379 -0.0016 -0.8430
vn 0.2997 0.0538 -0.9525
vn 0.1295 -0.1532 -0.9797
vn 0.2153 -0.7288 -0.6500
vn -0.0373 -0.7146 -0.6985
vn -0.5885 -0.1524 -0.7940
vn -0.2048 0.1734 -0.9633
vn 0.4649 -0.5459 -0.6970
vn 0.4148 0.2880 -0.8631
vn 0.4794 -0.1171 -0.8698
vn -0.0216 -0.2885 -0.9572
vn 0.1964 -0.6968 -0.6899
vn 0.0873 -0.7511 -0.6544
vn -0.5941 -0.2080 -0.7770
vn -0.2231 0.2708 -0.9364
vn 0.1035 -0.5326 -0.8400
vn -0.1759 -0.4886 -0.8546
vn -0.6290 0.2558 -0.7341
vn -0.0863 0.5141 -0.8534
vn -0.0852 -0.0572 -0.9947
vn 0.0245 -0.5701 -0.8212
vn -0.2769 -0.4945 -0.8239
vn -0.6158 0.3281 -0.7163
vn 0.0139 0.5332 -0.8459
vn -0.0822 -0.0056 -0.9966
vn -0.0789 -0.5562 -0.8273
vn -0.3315 -0.4687 -0.8188
vn -0.5773 0.0856 -0.8121
vn -0.0246 -0.0089 -0.9997
vn -0.3079 0.5529 -0.7743
vn 0.2588 0.4923 -0.8311
vn 0.0011 0.0189 -0.9998
vn -0.3463 -0.4769 -0.8079
vn -0.2630 -0.6575 -0.7060
vn 0.5214 -0.3020 -0.7981
vn -0.4380 0.3099 -0.8439
vn -0.0729 0.6138 -0.7861
vn 0.0374 -0.6505 -0.7586
vn -0.3524 -0.6058 -0.7134
vn -0.0209 -0.0266 -0.9994
vn 0.0025 0.0390 -0.9992
vn 0.3513 0.6052 -0.7144
vn 0.5133 -0.3691 -0.7748
vn -0.3299 -0.5809 -0.7441
vn 0.1181 -0.6174 -0.7777
vn -0.5335 0.1848 -0.8254
vn -0.2513 0.5326 -0.8082
vn 0.1317 -0.6273 -0.7675
vn -0.2997 -0.6207 -0.7245
vn 0.0053 -0.0264 -0.9996
vn -0.0200 -0.1387 -0.9901
vn -0.6826 0.0491 -0.7291
vn -0.3672 0.4258 -0.8270
vn 0.2102 -0.6333 -0.7448
vn 0.0074 -0.0128 -0.9999
vn -0.0348 -0.0149 -0.9993
vn -0.6319 0.1163 -0.7663
vn -0.3214 0.4746 -0.8194
vn 0.3243 -0.5305 -0.7832
vn -0.1488 -0.6933 -0.7052
vn -0.2024 0.6837 -0.7011
vn 0.2964 0.8366 -0.4607
vn 0.5891 -0.0173 -0.8079
vn 0.2057 -0.5064 -0.8374
vn -0.4845 0.2861 -0.8267
vn -0.1923 -0.6112 -0.7678
vn -0.0059 0.1398 -0.9902
vn -0.2053 0.7121 -0.6714
vn 0.0930 0.8397 -0.5350
vn 0.5630 0.1051 -0.8198
vn 0.1949 -0.4108 -0.8906
vn -0.4792 0.2746 -0.8336
vn -0.1799 -0.6243 -0.7602
vn -0.0234 0.1198 -0.9925
vn 0.5542 0.2023 -0.8074
vn 0.0559 0.8864 -0.4595
vn 0.1996 -0.3950 -0.8967
vn -0.0095 0.1423 -0.9898
vn -0.4944 0.4109 -0.7660
vn -0.5898 0.0618 -0.8052
vn -0.0374 0.1391 -0.9896
vn -0.4823 0.1284 -0.8665
vn -0.4496 0.5189 -0.7271
vn 0.4593 -0.1414 -0.8769
vn 0.1092 -0.4766 -0.8723
vn 0.1202 -0.4305 -0.8946
vn 0.2266 0.4985 -0.8367
vn 0.5300 0.0931 -0.8429
vn -0.1655 0.4585 -0.8732
vn 0.2684 0.4783 -0.8362
vn 0.6191 -0.0887 -0.7803
vn 0.1284 -0.3487 -0.9284
vn -0.3406 -0.2962 -0.8923
vn -0.3984 0.2789 -0.8738
vn -0.4711 0.1001 -0.8764
vn 0.2553 0.2629 -0.9304
vn 0.2196 -0.5017 -0.8367
vn -0.4065 -0.5054 -0.7611
vn -0.1278 0.4499 -0.8839
vn 0.1890 0.2472 -0.9504
vn 0.4705 -0.4788 -0.7412
vn 0.1113 -0.6825 -0.7224
vn -0.4084 0.1122 -0.9059
vn -0.3424 -0.6180 -0.7077
vn -0.1232 0.5711 -0.8116
vn 0.1214 -0.3827 -0.9158
vn 0.1996 0.5158 -0.8331
vn 0.2341 -0.3429 -0.9097
vn -0.5159 0.0079 -0.8566
vn -0.2706 0.4278 -0.8624
vn -0.1541 0.6649 -0.7308
vn 0.1569 0.4573 -0.8753
vn 0.4779 -0.3275 -0.8151
vn 0.0819 -0.5750 -0.8141
vn -0.5099 0.3877 -0.7680
vn -0.4894 -0.4868 -0.7235
vn -0.1210 0.6446 -0.7549
vn -0.5822 0.2684 -0.7675
vn 0.1974 0.4295 -0.8812
vn 0.6333 -0.2333 -0.7379
vn -0.1348 -0.4242 -0.8955
vn 0.2613 -0.3448 -0.9016
vn 0.5920 -0.1776 -0.7861
vn 0.1160 0.5132 -0.8504
vn -0.2302 0.4142 -0.8806
vn -0.6051 0.1997 -0.7707
vn -0.0923 -0.4831 -0.8707
vn 0.0395 0.0424 -0.9983
vn -0.6113 0.2009 -0.7654
vn 0.1283 0.4663 -0.8753
vn 0.6088 -0.2501 -0.7529
vn -0.1372 -0.5122 -0.8478
vn 0.5846 0.3982 -0.7069
vn 0.0913 0.6238 -0.7762
vn -0.6693 0.2123 -0.7120
vn -0.0020 0.1394 -0.9902
vn 0.0727 0.7274 -0.6824
vn 0.6672 0.0323 -0.7442
vn -0.0643 -0.4212 -0.9047
vn -0.6655 0.2674 -0.6968
vn -0.1050 -0.3768 -0.9203
vn -0.4045 -0.1815 -0.8964
vn 0.2638 0.5430 -0.7972
vn 0.5285 0.0865 -0.8445
vn -0.6095 0.1062 -0.7857
vn -0.2126 0.7270 -0.6529
vn 0.0920 0.8247 -0.5581
vn 0.4631 0.5811 -0.6692
vn -0.5947 -0.1461 -0.7905
vn -0.7497 0.1270 -0.6494
vn -0.0855 0.1278 -0.9881
vn -0.4502 0.3898 -0.8034
vn -0.2557 -0.6599 -0.7065
vn 0.1105 -0.9244 -0.3650
vn 0.5777 -0.2986 -0.7597
vn 0.2278 0.6196 -0.7511
vn 0.5809 0.1795 -0.7939
vn 0.1624 0.5970 -0.7856
vn 0.5638 -0.2613 -0.7835
vn 0.5957 -0.2131 -0.7745
vn 0.1260 0.5400 -0.8322
vn 0.4075 -0.5682 -0.7149
vn 0.4141 0.2884 -0.8633
vn 0.2657 -0.4105 -0.8723
vn 0.5549 0.3744 -0.7429
vn 0.5075 -0.0194 -0.8615
vn 0.6234 0.2708 -0.7335
vn 0.1543 -0.4572 -0.8759
vn -0.3046 -0.7319 -0.6095
vn -0.2696 -0.2533 -0.9290
vn 0.2527 -0.0506 -0.9662
vn 0.1642 -0.6040 -0.7799
vn -0.2386 -0.9708 -0.0236
vn 0.4439 -0.8831 0.1520
vn 0.2461 -0.9679 -0.0510
vn 0.6407 -0.7639 0.0770
vn -0.2892 0.7742 -0.5630
vn 0.5537 0.4311 -0.7124
vn 0.5540 -0.3067 -0.7740
vn -0.5196 -0.3636 0.7732
vn -0.6041 -0.6917 0.3958
vn 0.5853 -0.7393 0.3330
vn 0.4728 -0.2927 0.8311
vn 0.0404 -0.8533 0.5198
vn -0.0887 -0.1392 0.9863
vn -0.2690 -0.2732 0.9236
vn -0.2138 -0.8084 0.5484
vn 0.0975 -0.5630 0.8207
vn 0.3691 -0.8447 0.3876
vn 0.1008 -0.4837 0.8694
vn -0.4977 -0.5492 0.6713
vn -0.2617 -0.9566 -0.1283
vn 0.2459 -0.9569 -0.1543
vn -0.2648 -0.9566 0.1216
vn 0.2072 -0.9727 0.1042
vn 0.0330 -0.2870 0.9574
vn -0.4738 -0.4299 0.7686
vn 0.6637 -0.7110 0.2322
vn 0.5042 -0.0264 0.8632
vn 0.1942 -0.9785 0.0701
vn 0.6517 -0.7338 0.1919
vn 0.6308 0.0438 0.7747
vn 0.0837 -0.1558 0.9842
vn -0.5940 -0.2951 0.7484
vn -0.2961 -0.9488 0.1097
vn 0.1361 -0.6406 0.7557
vn 0.5534 -0.0441 0.8318
vn 0.0885 0.0724 0.9934
vn -0.4764 -0.8447 -0.2441
vn -0.1312 -0.8765 -0.4632
vn 0.2577 -0.9299 -0.2623
vn -0.0532 -0.9919 0.1155
vn -0.0464 -0.9582 0.2824
vn -0.1014 -0.9846 -0.1427
vn 0.4465 -0.8947 0.0141
vn -0.6682 -0.4230 0.6120
vn -0.6609 -0.7257 0.1914
vn -0.5712 -0.8142 0.1037
vn -0.2137 -0.8084 0.5485
vn -0.0465 -0.9582 0.2825
vn -0.1545 -0.7409 0.6536
vn 0.1280 -0.5214 -0.8437
vn -0.0986 -0.5121 -0.8532
vn -0.6704 0.0319 -0.7413
vn -0.2515 0.4673 -0.8476
vn 0.4362 -0.0580 -0.8980
vn 0.3551 0.4901 -0.7961
vn 0.3696 -0.3941 -0.8415
vn -0.1243 -0.1313 -0.9835
vn 0.5735 0.2458 -0.7815
vn 0.0840 -0.2858 -0.9546
vn -0.6224 0.0606 -0.7803
vn -0.1455 0.5779 -0.8030
vn 0.1663 -0.1087 -0.9801
vn 0.4253 -0.1670 -0.8895
vn -0.4719 0.1999 -0.8587
vn -0.0744 0.1208 -0.9899
vn 0.0238 0.5991 -0.8003
vn -0.5846 0.5526 -0.5941
vn 0.0229 -0.1733 -0.9846
vn -0.2161 -0.1198 -0.9690
vn 0.0079 0.5281 -0.8491
vn 0.5780 0.2154 -0.7871
vn 0.3562 0.4660 -0.8099
vn 0.1012 -0.3076 -0.9461
vn -0.4652 0.4009 -0.7892
vn 0.3094 -0.1947 -0.9308
vn -0.3015 -0.1572 -0.9404
vn -0.5427 0.2840 -0.7905
vn 0.3980 -0.4755 -0.7845
vn 0.0960 0.1034 -0.9900
vn 0.0541 0.0491 -0.9973
vn -0.4518 0.3747 -0.8096
vn 0.5678 -0.1378 -0.8116
vn 0.4550 -0.2253 -0.8615
vn 0.0309 0.0338 -0.9990
vn -0.3156 0.5839 -0.7479
vn -0.7426 0.2723 -0.6118
vn 0.2796 0.6827 -0.6751
vn 0.3349 -0.0997 -0.9370
vn 0.1115 -0.3967 -0.9112
vn -0.4555 0.5369 -0.7101
vn -0.4753 0.4702 -0.7436
vn -0.4298 0.5087 -0.7460
vn -0.0593 0.0748 -0.9954
vn -0.6013 -0.1122 -0.7911
vn -0.1940 -0.4004 -0.8956
vn 0.2387 0.3775 -0.8947
vn 0.2984 0.5166 -0.8025
vn 0.5934 -0.0401 -0.8039
vn 0.5465 0.4442 -0.7099
vn -0.7544 0.1876 -0.6291
vn 0.4350 -0.4362 -0.7877
vn -0.4355 -0.3107 -0.8449
vn -0.1508 0.1261 -0.9805
vn -0.0510 0.1207 -0.9914
vn 0.2257 -0.3762 -0.8986
vn -0.1083 0.0149 -0.9940
vn -0.6286 0.2793 -0.7259
vn -0.6077 -0.0676 -0.7913
vn -0.5530 -0.3947 -0.7337
vn 0.5518 -0.2539 -0.7944
vn 0.4386 0.5094 -0.7404
vn 0.0315 0.0154 -0.9994
vn 0.5332 0.1633 -0.8301
vn 0.1765 0.6068 -0.7750
vn 0.7029 -0.0014 -0.7112
vn 0.3490 -0.2463 -0.9042
vn -0.4537 0.3304 -0.8276
vn -0.2299 0.3423 -0.9110
vn 0.3194 0.0848 -0.9438
vn 0.2287 -0.4890 -0.8417
vn 0.5814 0.3977 -0.7098
vn -0.2557 0.4930 -0.8316
vn -0.5060 -0.3731 -0.7777
vn -0.9078 -0.0471 -0.4168
vn -0.7511 -0.0689 -0.6566
vn -0.5616 0.1019 -0.8211
vn -0.1375 -0.4938 -0.8586
vn -0.6346 -0.0460 -0.7714
vn -0.1006 0.0623 -0.9930
vn 0.5205 0.3734 -0.7679
vn -0.3040 0.3380 -0.8907
vn -0.3768 -0.5302 -0.7596
vn -0.2805 0.0569 -0.9582
vn 0.4365 0.2561 -0.8625
vn 0.1674 -0.4352 -0.8846
vn 0.1174 -0.4179 -0.9009
vn -0.0121 -0.3614 -0.9323
vn -0.7272 -0.4726 -0.4978
vn -0.3987 -0.2299 -0.8878
vn 0.0587 -0.2984 -0.9526
vn -0.0212 -0.4068 -0.9133
vn -0.0453 0.2588 -0.9649
vn 0.0107 -0.1027 -0.9947
vn -0.0070 -0.5146 -0.8574
vn 0.0037 -0.7136 -0.7005
vn 0.5599 -0.4484 -0.6967
vn 0.1051 -0.9410 -0.3216
vn 0.0444 -0.9668 -0.2516
vn 0.0515 -0.4460 -0.8936
vn 0.0082 -0.6205 -0.7842
vn -0.0664 -0.7636 -0.6423
vn -0.3738 -0.5190 -0.7687
vn 0.1642 -0.5147 -0.8415
vn 0.3134 -0.8229 -0.4739
vn -0.1278 -0.9022 -0.4120
vn 0.0017 -0.5418 -0.8405
vn -0.0337 -0.6981 -0.7152
vn 0.0322 -0.7214 -0.6917
vn 0.2541 -0.5416 -0.8013
vn 0.3902 0.0454 -0.9196
vn -0.0594 -0.5113 -0.8574
vn 0.0352 -0.0850 -0.9958
vn 0.0732 -0.6646 -0.7436
vn -0.5164 -0.6142 -0.5967
vn -0.2210 -0.2084 -0.9528
vn 0.0567 -0.4276 -0.9022
vn 0.4860 -0.3878 -0.7832
vn -0.0579 -0.4278 -0.9020
vn 0.3968 0.0765 -0.9147
vn -0.4668 -0.3369 -0.8177
vn 0.1054 -0.4907 -0.8649
vn 0.0329 -0.2986 -0.9538
vn 0.5245 -0.3937 -0.7549
vn -0.3440 -0.1682 -0.9238
vn -0.2738 -0.8603 -0.4301
vn -0.1254 -0.8912 -0.4360
vn 0.1948 -0.9775 0.0812
vn -0.2081 -0.9697 -0.1284
vn -0.0354 -0.5869 -0.8089
vn 0.1406 -0.6171 -0.7742
vn 0.4771 -0.6398 -0.6025
vn 0.5588 -0.8243 0.0908
vn -0.8007 -0.4775 0.3617
vn 0.0321 0.1056 -0.9939
vn 0.0770 -0.6570 -0.7500
vn -0.5778 -0.5236 -0.6261
vn -0.1951 -0.0312 -0.9803
vn 0.0014 -0.3429 -0.9394
vn 0.0568 -0.2288 -0.9718
vn 0.3647 -0.3733 -0.8530
vn 0.4654 0.3025 -0.8318
vn -0.3508 -0.5777 -0.7370
vn -0.3995 0.0615 -0.9147
vn 0.1412 -0.5808 -0.8017
vn 0.1602 -0.6502 -0.7426
vn 0.5833 -0.6173 -0.5280
vn 0.5779 -0.7959 -0.1806
vn -0.4669 -0.5637 -0.6814
vn 0.1175 -0.7347 -0.6682
vn -0.0086 0.1758 -0.9844
vn -0.1050 -0.9683 0.2267
vn -0.1981 -0.9796 0.0338
vn 0.2123 -0.9278 0.3067
vn 0.1516 -0.6792 0.7181
vn -0.3155 -0.9088 0.2731
vn 0.1779 -0.8569 0.4839
vn -0.2525 -0.7883 -0.5611
vn -0.0205 -0.9130 -0.4074
vn -0.0937 -0.9879 -0.1237
vn 0.0164 -0.9998 -0.0115
vn 0.5091 -0.8607 -0.0015
vn 0.0287 -0.9986 0.0445
vn 0.5161 -0.6784 -0.5229
vn -0.1306 -0.9753 -0.1783
vn -0.1074 -0.9942 -0.0041
vn 0.3826 0.5644 -0.7315
vn -0.5026 -0.2996 -0.8110
vn -0.2862 0.5780 -0.7642
vn 0.0866 -0.0384 -0.9955
vn 0.1671 -0.1345 -0.9767
vn -0.0787 -0.8126 -0.5775
vn -0.2911 0.4804 -0.8273
vn 0.4782 -0.0753 -0.8750
vn 0.3616 0.5029 -0.7850
vn -0.0874 -0.5533 -0.8284
vn -0.2951 0.3635 -0.8836
vn -0.0717 0.1005 -0.9923
vn 0.4794 -0.1194 -0.8694
vn 0.1014 -0.3994 -0.9112
vn -0.1598 0.0557 -0.9856
vn 0.6265 0.2472 -0.7392
vn -0.1953 0.6304 -0.7513
vn -0.1610 0.5675 -0.8075
vn -0.5926 0.2899 -0.7515
vn -0.2367 -0.4271 -0.8727
vn 0.1304 0.5375 -0.8331
vn -0.1417 0.1631 -0.9764
vn -0.2172 0.7557 -0.6178
vn -0.1365 -0.6064 -0.7834
vn -0.4814 0.6032 -0.6359
vn -0.0712 0.1388 -0.9878
vn 0.2546 -0.6316 -0.7323
vn 0.3327 0.2907 -0.8971
vn 0.0534 0.2203 -0.9740
vn 0.2107 -0.3722 -0.9039
vn 0.1444 0.6788 -0.7200
vn 0.6469 -0.0705 -0.7593
vn 0.1370 -0.5241 -0.8406
vn -0.2145 -0.2854 -0.9341
vn -0.6509 -0.2050 -0.7309
vn -0.2532 0.9197 -0.3002
vn -0.0463 -0.0404 -0.9981
vn -0.0321 0.1424 -0.9893
vn 0.3858 0.0690 -0.9200
vn -0.4214 -0.0305 -0.9063
vn -0.8590 0.1812 -0.4789
vn -0.0769 0.5633 -0.8227
vn -0.1292 -0.3843 -0.9141
vn -0.3868 0.4303 -0.8156
vn 0.1880 0.2613 -0.9468
vn 0.0018 0.0971 -0.9953
vn -0.1209 0.2998 -0.9463
vn -0.2169 0.3676 -0.9043
vn -0.5768 -0.0327 -0.8162
vn 0.1188 -0.7056 -0.6986
vn 0.5899 -0.0384 -0.8066
vn 0.2079 -0.8247 -0.5260
vn 0.6814 -0.7090 -0.1817
vn 0.5735 -0.4952 0.6526
vn 0.2092 -0.9582 -0.1953
vn 0.4142 -0.2920 -0.8621
vn 0.3878 -0.3945 -0.8330
vn 0.4731 -0.4759 -0.7414
vn -0.1091 0.4050 -0.9078
vn -0.2236 -0.6358 -0.7387
vn -0.4884 0.0435 -0.8715
vn -0.3662 0.4244 -0.8281
vn -0.7507 -0.0841 -0.6553
vn -0.0717 -0.3131 -0.9470
vn -0.1012 -0.9787 -0.1788
vn 0.2093 -0.9768 0.0464
vn 0.4997 -0.7511 0.4315
vn 0.6987 -0.4547 0.5524
vn 0.7117 -0.3831 0.5888
vn 0.7086 -0.6912 0.1421
vn 0.4607 -0.0799 0.8840
vn 0.5099 -0.8364 0.2013
vn 0.7073 -0.2785 0.6497
vn 0.3860 -0.9191 0.0786
vn 0.5602 -0.7870 0.2585
vn 0.7080 -0.6027 0.3680
vn 0.0679 -0.6591 -0.7490
vn -0.0043 0.1089 -0.9940
vn 0.1815 -0.4476 -0.8756
vn -0.0967 0.2767 -0.9561
vn -0.4122 0.0478 -0.9098
vn -0.1183 0.3371 -0.9340
vn -0.2276 -0.6652 -0.7111
vn -0.3967 0.2581 -0.8809
vn 0.0743 0.3372 -0.9385
vn 0.1472 -0.4677 -0.8715
vn -0.0887 -0.7128 -0.6957
vn -0.1604 -0.3525 -0.9220
vn 0.1998 -0.2400 -0.9500
vn 0.4633 -0.2505 -0.8501
vn 0.7284 -0.3517 -0.5880
vn 0.5831 -0.4119 -0.7003
vn 0.9539 0.1457 0.2624
vn 0.8169 0.1006 0.5679
vn 0.7970 0.0565 0.6014
vn 0.9610 0.1463 0.2348
vn -0.0177 -0.8973 0.4410
vn 0.8212 -0.0934 0.5630
vn -0.1494 0.5524 0.8201
vn -0.9756 -0.0508 0.2138
vn -0.9862 -0.0313 0.1625
vn -0.9688 0.0323 0.2456
vn -0.9299 -0.0037 0.3678
vn 0.8780 0.0135 0.4785
vn 0.8418 0.0090 0.5397
vn 0.7874 -0.1173 0.6052
vn -0.9099 -0.2737 0.3117
vn -0.9500 -0.0341 0.3104
vn -0.9485 -0.0967 0.3016
vn -0.7641 -0.0722 -0.6411
vn -0.8450 -0.3100 -0.4358
vn 0.1705 -0.4490 -0.8771
vn -0.5523 -0.4112 -0.7252
vn -0.0968 -0.4118 -0.9061
vn -0.8322 0.0863 0.5477
vn -0.9801 0.1984 0.0012
vn -0.9779 0.1969 0.0698
vn -0.9632 0.1867 0.1936
vn -0.9065 -0.0816 0.4142
vn -0.9931 -0.0346 0.1124
vn -0.9899 0.0137 0.1413
vn -0.9120 -0.1587 0.3783
vn -0.9301 -0.1918 0.3133
vn -0.9958 -0.0689 0.0608
vn -0.9913 -0.0238 0.1296
vn -0.9997 0.0170 0.0169
vn 0.7976 0.0859 0.5970
vn 0.9651 0.1653 0.2030
vn 0.9908 0.1243 0.0541
vn 0.9837 0.1472 0.1036
vn 0.8812 0.1373 0.4524
vn 0.9355 0.1218 0.3316
vn 0.8213 0.1364 0.5540
vn 0.9717 0.1767 0.1569
vn 0.8380 0.1791 0.5154
vn 0.8908 0.1700 0.4214
vn 0.9839 0.0834 0.1582
vn 0.9735 0.0714 0.2173
vn 0.9809 0.0503 0.1881
vn 0.7614 0.3031 0.5731
vn 0.9809 0.1454 -0.1289
vn 0.9262 0.1816 0.3304
vn 0.2093 -0.4753 -0.8546
vn -0.7406 -0.0234 0.6716
vn 0.0206 0.5595 0.8286
vn -0.8783 0.4268 0.2153
vn -0.6932 0.6851 0.2238
vn -0.4174 0.8734 0.2509
vn -0.4730 0.8696 0.1420
vn -0.7092 0.6938 0.1248
vn -0.8797 0.4636 0.1060
vn -0.4960 0.8678 0.0292
vn -0.7138 0.6997 0.0302
vn -0.8830 0.4691 0.0172
vn -0.4333 0.6985 0.5695
vn -0.6268 0.5246 0.5761
vn -0.7632 0.2969 0.5739
vn -0.4173 0.6935 0.5873
vn -0.6075 0.5234 0.5975
vn -0.7449 0.2824 0.6045
vn -0.4517 0.8921 0.0136
vn -0.6906 0.7225 0.0324
vn -0.6634 0.7020 -0.2591
vn -0.4066 0.8993 -0.1612
vn -0.8952 0.4430 0.0490
vn -0.1449 0.7403 -0.6565
vn -0.3675 -0.4134 -0.8331
vn -0.9733 0.0626 -0.2209
vn 0.7849 0.3684 -0.4982
vn 0.8768 0.1777 0.4468
vn 0.8358 0.0645 0.5452
vn 0.8042 0.2654 -0.5318
vn 0.5436 0.0556 -0.8375
vn 0.6469 -0.0813 -0.7582
vn -0.1129 -0.4405 -0.8906
vn 0.3042 -0.2877 -0.9081
vn 0.7813 0.3943 0.4839
vn 0.8759 0.4808 0.0412
vn -0.0913 0.5984 -0.7960
vn -0.5108 0.2896 -0.8095
vn 0.3708 0.5855 -0.7209
vn -0.2272 0.9732 -0.0356
vn -0.0040 0.9994 -0.0334
vn -0.1709 0.0968 -0.9805
vn -0.0233 -0.5778 -0.8159
vn -0.1402 0.1694 -0.9755
vn -0.0759 0.8642 -0.4973
vn -0.5277 0.2810 -0.8016
vn -0.6224 0.7794 -0.0715
vn -0.2169 0.9403 -0.2621
vn 0.2793 0.9310 -0.2352
vn 0.6062 0.7921 -0.0723
vn 0.7625 0.6470 0.0018
vn 0.0900 0.9903 0.1059
vn -0.2586 0.9623 0.0845
vn -0.5422 0.8251 0.1590
vn 0.4011 0.8657 0.2996
vn 0.2742 0.9404 0.2013
vn -0.7083 0.7002 0.0897
vn -0.6509 0.7177 0.2473
vn 0.7567 0.6354 -0.1542
vn 0.5707 0.7564 0.3197
vn 0.1340 0.8474 -0.5138
vn 0.0424 0.8750 0.4823
vn -0.6851 0.7181 0.1221
vn -0.7185 0.6445 0.2615
vn 0.2134 0.8690 0.4464
vn 0.1620 0.8929 -0.4200
vn -0.7093 0.7048 0.0094
vn -0.9448 0.2469 0.2154
vn 0.3008 0.9112 0.2815
vn -0.5065 0.7827 -0.3617
vn 0.3509 0.9360 -0.0266
vn 0.3662 0.8540 -0.3696
vn -0.7122 0.7001 0.0513
vn -0.0249 -0.1712 -0.9849
vn -0.0996 -0.7524 -0.6512
vn -0.0077 0.0451 -0.9990
vn 0.4216 0.2330 -0.8763
vn 0.0274 -0.2550 -0.9665
vn -0.6400 -0.7027 -0.3108
vn -0.1040 -0.5470 -0.8307
vn -0.0887 -0.8359 -0.5416
vn -0.4246 -0.9005 -0.0938
vn 0.1141 -0.4969 -0.8603
vn -0.0958 -0.9189 -0.3827
vn 0.1054 -0.8551 -0.5076
vn 0.0766 -0.6571 -0.7499
vn -0.3830 -0.9134 -0.1379
vn -0.4192 -0.8088 -0.4125
vn -0.3551 -0.2716 0.8945
vn -0.5339 -0.5312 0.6578
vn -0.6084 -0.7672 0.2029
vn -0.6837 -0.6947 0.2236
vn -0.6060 -0.7396 0.2927
vn -0.7081 -0.5911 0.3862
vn -0.6607 -0.6451 0.3838
vn -0.5431 -0.7645 0.3473
vn -0.1967 -0.3511 0.9155
vn -0.3399 -0.5871 0.7347
vn 0.1014 -0.3628 0.9263
vn 0.0963 -0.5793 0.8094
vn -0.6107 -0.7564 0.2342
vn -0.7328 -0.6804 0.0041
vn -0.0477 0.9075 -0.4174
vn 0.0067 0.9160 0.4012
vn 0.1283 0.8514 0.5086
vn -0.3263 0.4964 0.8045
vn -0.4011 0.9011 0.1651
vn -0.3827 0.6681 0.6382
vn -0.3482 0.8645 -0.3625
vn 0.7885 0.2915 0.5415
vn 0.8321 -0.0323 0.5537
vn 0.7247 0.4921 0.4824
vn 0.2310 0.9718 0.0464
vn 0.7674 -0.5192 0.3763
vn 0.8177 -0.3186 0.4795
vn 0.5777 -0.0131 0.8162
vn 0.5919 0.1804 0.7855
vn 0.6086 0.2865 0.7400
vn -0.6206 -0.0826 0.7798
vn 0.4780 -0.4671 0.7438
vn 0.5466 -0.2324 0.8045
vn 0.4577 0.0179 -0.8889
vn -0.2581 0.0142 -0.9660
vn 0.3625 -0.0436 -0.9310
vn -0.0517 -0.4860 -0.8724
vn 0.4726 0.4134 -0.7783
vn 0.3110 -0.4117 -0.8566
vn 0.3249 0.0836 -0.9420
vn 0.4655 0.4181 -0.7801
vn -0.1576 0.5030 -0.8498
vn -0.0666 -0.0404 -0.9970
vn 0.3481 -0.3810 -0.8565
vn -0.4106 -0.0596 -0.9099
vn -0.1854 0.4190 -0.8889
vn 0.4234 0.0677 -0.9034
vn 0.0319 0.1132 -0.9931
vn -0.9702 -0.2321 -0.0701
vn -0.9033 -0.3907 -0.1771
vn -0.8384 -0.3785 -0.3922
vn -0.7123 -0.5198 -0.4717
vn -0.9064 -0.2574 -0.3350
vn 0.1594 -0.4847 -0.8600
vn -0.1282 -0.4875 -0.8637
vn -0.6953 0.1553 -0.7017
vn -0.1270 0.0040 -0.9919
vn 0.4519 -0.4424 -0.7746
vn -0.2554 -0.6860 -0.6813
vn -0.2547 -0.0465 -0.9659
vn -0.3474 -0.1161 -0.9305
vn 0.0656 -0.5049 -0.8607
vn -0.1990 -0.4662 -0.8620
vn -0.1612 0.0209 -0.9867
vn -0.9929 0.0814 0.0864
vn -0.9711 0.0981 0.2175
vn -0.7793 0.2531 -0.5732
vn 0.6073 0.3081 -0.7323
vn 0.2583 -0.3737 -0.8909
vn -0.5935 -0.1869 -0.7828
vn -0.1747 0.5640 -0.8071
vn -0.9636 0.0631 0.2597
vn -0.8533 -0.0062 -0.5214
vn -0.8834 0.2039 -0.4220
vn -0.4408 0.2911 -0.8491
vn -0.4647 -0.3915 -0.7942
vn -0.1277 -0.4278 -0.8948
vn -0.2410 -0.2038 -0.9489
vn -0.6082 0.5113 -0.6071
vn -0.1808 0.5221 -0.8335
vn -0.0712 0.0885 -0.9935
vn 0.5693 0.0969 -0.8164
vn -0.0165 0.0069 -0.9998
vn -0.6589 0.2931 -0.6928
vn 0.1010 -0.5097 -0.8544
vn -0.6450 -0.2142 -0.7335
vn 0.4312 -0.8421 0.3239
vn -0.4077 -0.8896 0.2059
vn -0.6411 -0.6793 0.3570
vn -0.8101 -0.4448 0.3820
vn -0.1356 -0.8126 0.5668
vn -0.6400 -0.5168 0.5685
vn 0.8056 -0.3481 0.4794
vn 0.7442 -0.3295 0.5811
vn 0.6422 -0.7164 -0.2727
vn 0.6845 -0.6850 -0.2494
vn 0.8112 -0.5348 0.2366
vn -0.0905 -0.2902 -0.9527
vn 0.5940 -0.6296 -0.5008
vn 0.1431 -0.6924 -0.7071
vn -0.2853 0.6920 -0.6631
vn 0.3864 -0.2604 -0.8848
vn 0.1345 -0.2546 -0.9576
vn -0.0825 -0.6225 -0.7782
vn 0.4517 -0.2782 -0.8477
vn -0.3306 0.6899 -0.6440
vn 0.6423 0.2173 -0.7350
vn 0.4666 -0.1331 -0.8744
vn 0.1167 0.1628 -0.9797
vn -0.1226 -0.2883 -0.9497
vn 0.6946 0.6325 -0.3427
vn 0.8129 0.4864 -0.3202
vn -0.2011 0.7367 -0.6456
vn -0.0533 0.3120 -0.9486
vn -0.1512 0.5286 -0.8353
vn 0.9421 0.1411 0.3042
vn 0.8886 0.0773 -0.4522
vn 0.3995 -0.2403 -0.8847
vn 0.5654 -0.3963 -0.7234
vn 0.9551 0.1317 0.2655
vn 0.9758 0.0977 -0.1955
vn 0.7680 -0.1785 -0.6150
vn 0.0547 0.0085 -0.9985
vn 0.3793 0.6805 0.6270
vn 0.7115 0.1536 0.6857
vn 0.0354 0.6890 0.7239
vn 0.0874 -0.8781 0.4704
vn 0.1074 0.4111 0.9052
vn 0.6217 0.3239 0.7132
vn 0.3206 0.2276 0.9195
vn 0.3150 -0.2477 0.9162
vn 0.7988 -0.1901 0.5708
vn 0.7041 0.0848 0.7050
vn 0.4759 -0.1657 0.8637
vn 0.1779 -0.7776 0.6031
vn 0.0948 -0.8494 0.5191
vn 0.0522 -0.4078 0.9116
vn -0.6827 -0.0462 0.7292
vn -0.0350 0.6103 0.7914
vn 0.0364 0.6115 0.7904
vn -0.5134 -0.0059 0.8581
vn -0.5054 -0.1194 0.8546
vn 0.6053 -0.7775 0.1705
vn 0.4713 -0.0581 0.8801
vn 0.4060 -0.8373 0.3662
vn 0.7591 -0.3277 0.5624
vn 0.9664 -0.0454 0.2529
vn -0.7864 -0.4377 0.4358
vn 0.0406 -0.5173 0.8549
vn 0.7066 -0.2494 0.6622
vn 0.0747 -0.8687 0.4897
vn 0.5035 -0.3089 0.8069
vn 0.0182 -0.4159 0.9092
vn 0.1963 -0.0152 0.9804
vn -0.6028 -0.5256 0.6002
vn -0.0474 0.1884 0.9809
vn -0.5961 -0.5412 0.5931
vn 0.0623 -0.9838 0.1681
vn 0.6365 -0.7627 0.1149
vn 0.3957 0.0427 0.9174
vn 0.2372 -0.1263 0.9632
vn 0.5991 -0.7774 0.1916
vn -0.2173 0.0365 0.9754
vn -0.1601 -0.8715 0.4636
vn 0.0820 -0.9268 0.3666
vn -0.1368 0.2492 0.9587
vn 0.5547 -0.7747 0.3036
vn 0.5747 0.1690 0.8007
vn 0.7839 -0.5556 -0.2772
vn 0.7495 0.6141 0.2473
vn 0.6742 0.3935 0.6250
vn 0.6817 -0.7243 0.1034
vn 0.9654 0.0220 0.2598
vn 0.9429 0.0473 0.3298
vn 0.9449 -0.1902 0.2663
vn 0.9617 -0.0804 0.2622
vn 0.9304 -0.1253 0.3445
vn 0.9111 -0.1388 0.3882
vn 0.8714 -0.1135 0.4773
vn 0.7217 -0.6800 -0.1296
vn 0.8388 -0.5443 0.0082
vn 0.8580 -0.3779 -0.3479
vn 0.5945 0.5396 0.5961
vn 0.9539 0.1197 0.2751
vn 0.9836 -0.1521 0.0972
vn 0.9205 -0.3399 0.1925
vn 0.7903 0.2882 0.5408
vn 0.3472 0.0500 0.9365
vn 0.7007 0.2892 0.6523
vn 0.9019 0.3298 0.2788
vn 0.7530 0.6058 0.2569
vn 0.0106 0.4289 0.9033
vn -0.0922 0.1488 0.9846
vn 0.3810 -0.7322 0.5646
vn 0.4339 -0.6983 0.5693
vn 0.4397 -0.6676 0.6008
vn 0.4512 0.2557 0.8550
vn -0.4371 -0.4363 0.7865
vn -0.4946 -0.4762 0.7270
vn -0.2497 -0.5693 0.7833
vn -0.1418 -0.0512 0.9886
vn -0.1323 0.0648 0.9891
vn 0.0045 -0.0372 0.9993
vn -0.2787 -0.9563 0.0887
vn -0.0978 -0.9942 0.0454
vn -0.8635 -0.1241 0.4889
vn -0.6030 0.0471 0.7963
vn -0.5070 0.1043 0.8556
vn -0.5487 -0.8334 0.0655
vn -0.5593 -0.8289 -0.0114
vn -0.8489 0.2151 0.4829
vn -0.8815 -0.4701 -0.0447
vn -0.8118 -0.4164 0.4095
vn -0.8190 -0.5133 0.2565
vn -0.4294 0.0197 0.9029
vn -0.4279 0.2717 0.8620
vn -0.7978 -0.4066 0.4451
vn -0.8670 0.0426 0.4965
vn -0.6764 0.2271 0.7006
vn -0.9242 0.2337 0.3021
vn -0.3114 -0.9350 0.1697
vn -0.8048 -0.5892 -0.0712
vn -0.8102 -0.3260 0.4871
vn -0.1819 0.4704 0.8635
vn -0.4706 -0.3728 0.7997
vn -0.0052 -0.3494 0.9370
vn -0.1102 0.3272 0.9385
vn -0.5682 -0.3454 0.7469
vn 0.0110 -0.9051 0.4250
vn -0.1011 -0.9082 0.4062
vn 0.8874 -0.4082 0.2144
vn 0.7518 -0.0728 0.6553
vn 0.0553 -0.1196 0.9913
vn 0.6375 -0.6550 0.4056
vn 0.4364 -0.8131 0.3853
vn 0.7081 -0.5951 0.3801
vn -0.0110 -0.5837 0.8119
vn 0.8628 -0.3146 0.3957
vn 0.9248 0.0632 0.3753
vn 0.2636 -0.2532 0.9308
vn 0.7404 -0.6348 0.2210
vn 0.9492 -0.2769 0.1494
vn 0.8309 0.2467 0.4988
vn 0.2714 -0.5933 0.7579
vn 0.8092 -0.5011 0.3067
vn 0.9830 -0.1573 0.0950
vn 0.2972 -0.8910 0.3431
vn 0.2167 0.2694 0.9383
vn 0.6282 0.3702 0.6843
vn 0.5232 -0.8081 0.2705
vn 0.2690 -0.9394 0.2123
vn 0.1657 0.1812 0.9694
vn -0.1145 -0.1335 0.9844
vn -0.0980 0.1841 0.9780
vn 0.2738 0.2499 0.9287
vn 0.1649 -0.8500 0.5003
vn -0.2512 0.2664 0.9306
vn -0.3839 0.4996 0.7765
vn -0.4091 -0.2769 0.8695
vn 0.2932 0.5159 0.8049
vn 0.4329 0.3718 0.8212
vn 0.1893 -0.9497 0.2494
vn -0.0356 -0.6683 0.7431
vn 0.2523 -0.8555 0.4521
vn 0.2690 -0.7767 0.5695
vn 0.5378 -0.5271 0.6580
vn 0.4425 -0.7558 0.4827
vn 0.9007 0.0345 0.4330
vn 0.9214 0.0447 0.3860
vn 0.8001 -0.1362 0.5842
vn 0.7643 -0.1119 0.6351
vn 0.8260 0.2825 0.4877
vn 0.6959 0.4483 0.5610
vn -0.1765 -0.9114 0.3718
vn -0.0925 -0.8967 0.4329
vn 0.8987 0.1289 0.4192
vn 0.5704 0.3807 0.7278
vn 0.4241 0.0713 0.9028
vn 0.2404 0.2585 0.9356
vn 0.4964 -0.7565 0.4258
vn 0.4706 -0.7501 0.4646
vn -0.7749 -0.3034 0.5545
vn -0.7217 -0.2032 0.6617
vn -0.7700 0.0319 0.6373
vn -0.8586 -0.1768 0.4812
vn -0.8869 -0.1628 0.4323
vn -0.6838 -0.3204 0.6556
vn -0.7651 -0.4679 0.4424
vn 0.3012 0.3146 0.9002
vn 0.0713 -0.8975 0.4352
vn -0.0193 0.2865 0.9579
vn -0.2036 0.2429 0.9484
vn -0.0731 0.4673 0.8811
vn 0.5555 -0.0912 0.8265
vn 0.3773 0.5499 0.7451
vn 0.7530 0.2533 0.6073
vn 0.7856 -0.0512 0.6167
vn 0.4064 0.5183 0.7525
vn 0.6959 0.3286 0.6386
vn 0.3397 -0.8238 0.4538
vn 0.7213 -0.5658 0.3995
vn 0.7593 -0.5307 0.3766
vn -0.6795 0.4852 0.5504
vn -0.3666 -0.8864 0.2826
vn 0.0906 -0.9541 0.2853
vn -0.4159 0.5980 0.6851
vn -0.1240 -0.3767 0.9180
vn -0.2149 0.5091 0.8334
vn -0.5082 -0.3716 0.7769
vn -0.6669 -0.0679 0.7420
vn -0.4886 0.4702 0.7350
vn -0.6537 -0.2927 0.6979
vn -0.5353 -0.5387 0.6505
vn -0.1422 -0.8821 0.4490
vn -0.6308 -0.2698 0.7276
vn 0.1130 -0.8602 0.4972
vn 0.5525 -0.6340 0.5411
vn 0.7082 -0.6103 0.3550
vn 0.1614 -0.8995 0.4060
vn 0.7903 -0.4243 0.4421
vn 0.4977 -0.7429 0.4476
vn 0.7427 -0.3724 0.5566
vn 0.7030 -0.5716 0.4233
vn 0.8943 -0.2902 0.3406
vn 0.5861 -0.8090 0.0451
vn 0.0150 -0.9366 0.3501
vn 0.1897 0.1252 0.9738
vn 0.7267 0.2945 0.6206
vn 0.0632 -0.8059 0.5887
vn 0.1069 -0.9555 0.2751
vn 0.7483 -0.3008 0.5912
vn -0.0136 0.0250 0.9996
vn 0.4094 -0.8664 0.2859
vn 0.1898 -0.6746 0.7134
vn 0.0450 0.0469 0.9979
vn 0.3317 -0.7685 0.5471
vn -0.4005 -0.7082 0.5814
vn -0.0182 0.2437 0.9697
vn -0.6079 -0.7469 0.2696
vn -0.6267 -0.7265 0.2818
vn -0.5922 -0.6369 0.4935
vn 0.1485 -0.9862 0.0729
vn 0.1422 -0.5774 0.8040
vn -0.5854 -0.6183 0.5245
vn -0.1365 0.1963 0.9710
vn 0.1453 0.3164 0.9374
vn -0.0692 0.0333 0.9970
vn -0.1308 -0.8783 0.4599
vn 0.3092 -0.6423 0.7013
vn 0.8060 -0.0132 0.5918
vn 0.7901 -0.0729 0.6087
vn 0.1422 -0.7731 0.6182
vn 0.3467 -0.6998 0.6245
vn 0.0841 0.4476 0.8903
vn 0.0001 0.2599 0.9656
vn -0.0160 0.2434 0.9698
vn -0.2016 0.3141 0.9277
vn 0.0861 -0.7101 0.6988
vn 0.2747 -0.6845 0.6752
vn -0.4806 -0.3037 0.8227
vn 0.5313 -0.1591 0.8321
vn 0.2467 -0.2048 0.9472
vn 0.0035 -0.1957 0.9807
vn 0.4558 -0.6653 0.5913
vn 0.5964 -0.3582 0.7183
vn 0.6013 -0.6244 0.4985
vn -0.2549 0.1633 0.9531
vn 0.3016 -0.8484 0.4351
vn 0.7642 -0.2168 0.6074
vn 0.6102 -0.1525 0.7774
vn 0.5897 0.0196 0.8074
vn 0.4263 0.4021 0.8103
vn 0.4132 0.3235 0.8513
vn 0.5278 -0.3560 0.7711
vn -0.4028 -0.7182 0.5675
vn -0.2503 -0.3584 0.8994
vn -0.3933 -0.3945 0.8305
vn -0.5040 -0.0149 0.8636
vn -0.0227 -0.5345 0.8449
vn -0.1297 0.2626 0.9562
vn 0.1125 -0.7038 0.7015
vn -0.0749 -0.2252 0.9714
vn 0.0620 -0.3301 0.9419
vn -0.0831 0.1323 0.9877
vn -0.1811 0.3817 0.9064
vn -0.0882 -0.7981 0.5960
vn -0.6457 -0.1203 0.7540
vn -0.6521 0.2017 0.7308
vn -0.0611 -0.5820 0.8109
vn -0.0822 -0.1814 0.9800
vn 0.0290 -0.0010 0.9996
vn -0.0471 0.0795 0.9957
vn 0.1154 -0.9234 0.3660
vn 0.3601 -0.8048 0.4718
vn 0.0111 -0.4970 0.8677
vn -0.5442 -0.4610 0.7009
vn -0.3924 -0.4513 0.8015
vn -0.0360 0.0603 0.9975
vn 0.6626 -0.2142 0.7177
vn 0.4846 -0.3244 0.8123
vn -0.2230 -0.1937 0.9554
vn -0.3139 -0.8264 0.4676
vn -0.0572 -0.5359 0.8423
vn 0.0723 -0.6796 0.7300
vn 0.2735 0.6179 0.7372
vn 0.4856 -0.2121 0.8481
vn 0.1488 -0.6639 0.7329
vn -0.0143 -0.8862 0.4630
vn 0.0032 0.1851 0.9827
vn -0.2942 -0.2667 0.9178
vn 0.2083 -0.5727 0.7928
vn -0.1712 -0.1724 0.9700
vn -0.4385 -0.1711 0.8823
vn -0.0566 -0.7259 0.6854
vn -0.4699 -0.1417 0.8713
vn -0.4120 -0.5054 0.7582
vn -0.6683 -0.3070 0.6776
vn -0.5743 -0.6748 0.4635
vn -0.7500 -0.4203 0.5108
vn -0.2557 -0.6394 0.7251
vn 0.4590 -0.5190 0.7211
vn 0.5465 0.2757 0.7908
vn 0.2783 -0.9424 0.1853
vn 0.0185 -0.2902 0.9568
vn 0.1350 -0.9450 0.2979
vn 0.1254 -0.8665 0.4832
vn -0.1791 -0.9387 0.2947
vn 0.0054 -0.9715 0.2369
vn -0.7163 -0.5512 0.4278
vn -0.9568 0.1306 0.2596
vn -0.9595 0.2398 0.1481
vn -0.3341 0.8923 0.3037
vn -0.6625 0.0099 0.7490
vn -0.7068 0.4100 0.5764
vn -0.0807 0.3120 0.9466
vn -0.6474 -0.7378 0.1913
vn -0.8262 -0.1760 0.5351
vn -0.2434 0.0934 0.9654
vn 0.2964 -0.8884 0.3506
vn -0.7637 -0.0426 0.6442
vn -0.3158 -0.0003 0.9488
vn -0.7386 -0.5303 0.4162
vn 0.2494 -0.8817 0.4006
vn -0.1191 -0.1138 0.9863
vn -0.6980 -0.4541 0.5537
vn -0.1039 -0.9205 0.3768
vn -0.0264 -0.4346 0.9002
vn -0.1974 -0.9130 0.3570
vn 0.0205 0.4107 0.9115
vn -0.4601 -0.8724 0.1647
vn -0.4885 -0.8172 0.3059
vn -0.7028 -0.6465 0.2969
vn -0.1153 0.5345 0.8373
vn -0.2110 -0.9171 0.3381
vn -0.2822 -0.8838 0.3733
vn -0.0254 -0.2978 0.9543
vn -0.7582 -0.5577 0.3378
vn -0.4590 -0.8470 0.2683
vn -0.5659 -0.7817 0.2622
vn -0.9647 0.1260 -0.2313
vn -0.8731 -0.3053 -0.3801
vn 0.0123 -0.3120 -0.9500
vn -0.0191 0.4040 -0.9146
vn 0.6599 -0.7490 0.0598
vn 0.6569 -0.7483 0.0926
vn 0.0630 -0.9966 0.0523
vn 0.0437 -0.9983 -0.0384
vn 0.6622 -0.7484 -0.0370
vn 0.9533 -0.3005 0.0312
vn 0.9398 -0.3220 0.1143
vn 0.0316 -0.9933 -0.1114
vn 0.9013 0.4321 -0.0323
vn 0.9154 0.3974 0.0644
vn 0.7796 0.6259 0.0222
vn 0.7925 0.6099 -0.0068
vn -0.4723 -0.8197 -0.3240
vn 0.0344 -0.7349 -0.6773
vn -0.9469 -0.3212 -0.0157
vn -0.6088 -0.7856 -0.1100
vn -0.6605 -0.7459 -0.0859
vn -0.9427 -0.3332 -0.0152
vn 0.0574 -0.9762 -0.2089
vn 0.6070 -0.7702 -0.1958
vn 0.6525 -0.7407 -0.1599
vn 0.0451 -0.9762 -0.2123
vn -0.9690 -0.2408 -0.0550
vn -0.5570 -0.8235 -0.1077
vn 0.0803 -0.9880 -0.1317
vn 0.5775 -0.7936 -0.1914
vn -0.5719 -0.8168 -0.0762
vn -0.9895 -0.1349 -0.0525
vn -0.6467 -0.7589 -0.0762
vn 0.2068 -0.9670 -0.1486
vn -0.9954 -0.0800 -0.0527
vn 0.9808 0.1656 0.1034
vn 0.9793 0.1852 0.0815
vn 0.9118 0.3994 0.0957
vn 0.9481 -0.3090 -0.0749
vn -0.6370 -0.7698 -0.0399
vn -0.6407 -0.7658 0.0557
vn -0.9275 -0.3612 0.0967
vn -0.9274 -0.3717 0.0413
vn -0.6519 -0.7518 0.0997
vn -0.9217 -0.3690 0.1195
vn -0.0221 -0.9978 -0.0627
vn 0.0016 -0.9922 -0.1246
vn 0.4680 -0.8078 -0.3585
vn 0.8687 -0.2641 -0.4191
vn -0.6507 0.7593 0.0099
vn -0.5261 0.8504 -0.0098
vn -0.8778 0.4735 0.0730
vn -0.9064 0.4155 0.0760
vn 0.6190 -0.7768 -0.1157
vn 0.9719 0.2145 0.0966
vn 0.9795 0.1815 0.0874
vn 0.6078 0.7704 0.1924
vn 0.6776 0.7098 0.1925
vn -0.0856 0.9844 0.1536
vn -0.0311 0.9852 0.1687
vn 0.9799 0.1991 -0.0088
vn 0.5936 0.8047 -0.0039
vn -0.1208 0.9926 0.0107
vn 0.6011 0.7958 -0.0729
vn -0.1360 0.9875 -0.0797
vn -0.9935 0.0663 0.0927
vn -0.9904 0.0919 0.1031
vn -0.4729 0.8802 -0.0387
vn -0.8445 0.5340 0.0397
vn -0.6257 -0.7717 -0.1137
vn -0.0010 -0.9794 -0.2021
vn -0.9945 0.0743 0.0744
vn -0.9232 -0.3831 -0.0307
vn -0.0517 0.9881 0.1446
vn -0.4125 0.8962 0.1633
vn -0.3951 0.8099 0.4336
vn -0.0671 0.8996 0.4316
vn 0.0483 -0.9715 0.2320
vn -0.0912 -0.9731 0.2116
vn -0.0712 -0.9801 0.1851
vn 0.0068 -0.9799 0.1994
vn -0.3439 0.7827 0.5187
vn -0.0945 0.8594 0.5026
vn -0.0703 0.9251 0.3731
vn -0.0817 0.8680 0.4898
vn -0.0331 -0.9911 0.1286
vn -0.0241 -0.9975 0.0665
vn -0.8922 -0.0596 0.4478
vn -0.8075 -0.4400 0.3929
vn -0.7632 -0.4610 0.4528
vn -0.9116 -0.0849 0.4022
vn -0.3569 0.8483 0.3911
vn -0.1294 0.9254 0.3561
vn -0.0553 0.9247 0.3768
vn -0.0042 -0.7188 0.6952
vn -0.0031 -0.6871 0.7265
vn -0.0468 0.2116 0.9762
vn -0.0281 0.1989 0.9796
vn 0.0358 -0.6416 0.7662
vn 0.2731 -0.5625 0.7804
vn -0.1215 0.0637 0.9905
vn -0.1022 0.2250 0.9690
vn 0.0775 0.4459 0.8917
vn -0.0218 0.5615 0.8272
vn 0.0035 -0.3294 0.9442
vn -0.0042 -0.4086 0.9127
vn -0.5226 -0.1962 0.8297
vn -0.4501 -0.3861 0.8052
vn 0.1761 -0.0694 0.9819
vn 0.2114 -0.1551 0.9650
vn 0.0007 -0.7232 0.6906
vn 0.0260 0.2013 0.9792
vn -0.3198 -0.6307 0.7070
vn 0.1690 0.0527 0.9842
vn -0.0869 0.5754 0.8133
vn 0.0373 -0.3338 0.9419
vn -0.2284 0.4353 0.8708
vn 0.0947 -0.3955 0.9136
vn 0.5111 -0.3716 0.7751
vn -0.0744 -0.1184 0.9902
vn 0.5381 -0.1740 0.8247
vn -0.1482 -0.1568 0.9764
vn 0.4604 0.0101 0.8876
vn -0.2368 -0.2370 0.9422
vn 0.3447 0.2084 0.9153
vn -0.1975 -0.3281 0.9238
vn 0.8972 -0.0625 0.4372
vn 0.8665 0.2512 0.4314
vn 0.7694 -0.4389 0.4640
vn 0.0513 -0.9762 0.2107
vn 0.0061 -0.9836 -0.1802
vn 0.6417 -0.7591 0.1096
vn -0.0097 -0.9827 0.1851
vn 0.0630 -0.9979 -0.0134
vn 0.2178 -0.9691 0.1157
vn 0.6510 -0.7564 0.0638
vn 0.5737 -0.8158 0.0734
vn 0.7612 -0.6389 0.1111
vn 0.1074 -0.9942 -0.0040
vn 0.2524 -0.9642 0.0815
vn 0.8094 -0.4613 0.3635
vn 0.4008 -0.8742 0.2740
vn 0.3659 -0.8605 0.3544
vn 0.1571 -0.9642 0.2137
vn 0.1800 -0.9833 0.0260
vn 0.2553 -0.9576 -0.1335
vn 0.2840 -0.9579 0.0424
vn 0.1938 -0.9807 0.0270
vn 0.2244 -0.9731 -0.0525
vn 0.2319 -0.9719 -0.0406
vn -0.1204 -0.9885 0.0915
vn 0.1228 -0.9800 0.1565
vn 0.2033 -0.9711 0.1253
vn 0.0856 -0.9731 0.2138
vn 0.0753 -0.9533 0.2926
vn 0.0845 -0.9771 0.1951
vn 0.0910 -0.9692 0.2289
vn 0.9625 -0.2634 0.0644
vn 0.9416 -0.3236 0.0933
vn 0.8887 -0.1143 0.4441
vn 0.8360 0.2762 0.4742
vn 0.9281 -0.2874 0.2367
vn 0.0541 0.7864 -0.6153
vn -0.7685 0.5960 -0.2329
vn 0.0578 0.9078 -0.4154
vn -0.3879 0.8619 -0.3265
vn 0.7263 0.6868 0.0296
vn -0.7807 0.6058 -0.1532
vn -0.4076 0.8932 -0.1901
vn 0.0640 -0.9976 0.0268
vn -0.1222 -0.9883 -0.0915
vn 0.0581 -0.9978 -0.0324
vn 0.1764 -0.9825 -0.0595
vn 0.0146 -0.9717 -0.2357
vn -0.0109 -0.9886 0.1501
vn -0.1301 -0.9872 -0.0921
vn -0.0781 -0.9908 0.1101
vn 0.1333 0.9189 -0.3713
vn 0.6008 0.7316 -0.3222
vn 0.0610 0.9728 -0.2236
vn 0.0767 0.9941 -0.0764
vn -0.0091 0.9965 -0.0826
vn -0.0135 -0.3372 0.9413
vn -0.0768 -0.4080 0.9098
vn 0.0194 -0.3604 0.9326
vn 0.0001 -0.3585 0.9335
vn -0.0030 -0.1914 0.9815
vn 0.0168 -0.3729 0.9277
vn 0.0502 -0.3638 0.9301
vn 0.1215 -0.2853 0.9507
vn 0.1661 -0.1997 0.9657
vn 0.1545 -0.1188 0.9808
vn 0.1629 -0.0968 0.9819
vn 0.1595 -0.0580 0.9855
vn 0.1177 0.1628 0.9796
vn 0.1102 0.0611 0.9920
vn 0.0298 0.1337 0.9906
vn -0.0438 0.1538 0.9871
vn -0.0463 0.1338 0.9899
vn -0.0824 0.0835 0.9931
vn -0.1637 -0.0555 0.9849
vn -0.1598 -0.1226 0.9795
vn -0.1330 -0.0994 0.9861
vn -0.1452 -0.1434 0.9790
vn -0.1142 -0.2438 0.9631
vn 0.9513 0.2120 -0.2239
vn -0.9965 0.0690 0.0477
vn 0.1944 0.9744 -0.1131
vn -0.4544 0.8898 -0.0430
vn -0.8265 0.5620 0.0329
vn -0.4515 0.8922 -0.0127
vn 0.1944 0.9760 -0.0984
vn -0.3551 0.9347 -0.0131
vn 0.2925 0.9467 -0.1345
vn -0.9783 0.1741 -0.1127
vn -0.9914 0.0751 -0.1075
vn -0.9386 0.3369 -0.0745
vn -0.7654 0.6404 0.0634
vn -0.9460 0.3169 0.0687
vn -0.9986 -0.0248 -0.0475
vn -0.6242 0.7759 0.0910
vn -0.5965 0.8026 0.0051
vn -0.5925 0.8008 -0.0876
vn 0.9264 -0.3224 -0.1947
vn 0.6119 -0.7515 -0.2467
vn 0.9132 -0.3404 -0.2240
vn 0.9831 -0.0475 -0.1766
vn 0.9985 -0.0051 -0.0538
vn 0.9572 0.2743 -0.0925
vn 0.9571 -0.1572 -0.2433
vn -0.2129 -0.9758 -0.0508
vn -0.2833 -0.9562 0.0737
vn -0.8985 -0.4231 0.1170
vn -0.4878 -0.8722 0.0355
vn -0.4483 -0.8336 0.3226
vn -0.3622 -0.9303 -0.0576
vn -0.3892 -0.9211 0.0061
vn 0.0552 -0.9558 0.2887
vn -0.3713 -0.9087 0.1910
vn -0.2349 -0.9425 0.2378
vn -0.0365 -0.9859 0.1632
vn -0.4930 -0.7717 0.4018
vn -0.2713 -0.9147 0.2994
vn -0.0676 -0.7569 0.6500
vn -0.9687 0.2478 0.0164
vn -0.7521 0.6429 0.1449
vn -0.7368 0.6589 0.1513
vn -0.9909 0.1322 0.0269
vn -0.9937 0.0351 -0.1063
vn -0.9963 -0.0630 -0.0585
vn -0.9573 0.2876 -0.0287
vn -0.9689 -0.2268 -0.0989
vn -0.6129 -0.7850 -0.0899
vn -0.6746 -0.7343 -0.0759
vn -0.7276 0.6854 0.0270
vn -0.7344 0.6757 -0.0633
vn -0.9999 -0.0072 -0.0107
vn -0.9990 0.0436 0.0085
vn -0.9157 -0.3936 0.0804
vn -0.6763 -0.7351 0.0476
vn -0.1829 -0.9769 0.1109
vn 0.9092 -0.4073 0.0868
vn 0.9424 -0.3221 0.0905
vn -0.6484 0.7604 0.0363
vn -0.8892 0.4516 -0.0733
vn -0.9864 0.0563 -0.1547
vn -0.8639 0.5006 -0.0560
vn 0.5625 -0.8101 -0.1650
vn 0.4930 -0.8567 -0.1518
vn 0.0052 -0.9822 -0.1879
vn 0.8613 0.4682 0.1972
vn 0.8794 0.4348 0.1938
vn 0.8538 0.5207 0.0015
vn 0.8117 0.5691 0.1312
vn 0.7338 0.6124 0.2941
vn 0.6400 0.7613 0.1039
vn 0.5601 0.7347 0.3828
vn 0.6728 0.5614 0.4818
vn 0.4709 0.6430 0.6040
vn 0.6046 0.5886 0.5367
vn 0.2118 0.3412 0.9158
vn 0.3400 0.7664 0.5450
vn 0.1224 0.8754 0.4676
vn 0.0712 0.8320 0.5502
vn 0.3419 0.7126 0.6126
vn 0.1715 0.8008 0.5738
vn 0.0212 0.9252 0.3789
vn 0.4224 0.8018 0.4228
vn 0.4833 0.8612 0.1575
vn 0.0106 0.9871 -0.1597
vn -0.1034 0.9876 -0.1179
vn 0.5381 0.8429 0.0041
vn -0.1043 0.9830 -0.1510
vn 0.1943 0.9809 0.0033
vn -0.0288 0.9926 0.1177
vn -0.0160 0.9935 0.1125
vn 0.2037 0.9670 0.1529
vn 0.1823 0.8901 0.4176
vn 0.3952 0.9095 -0.1292
vn -0.1806 0.9790 -0.0943
vn 0.0420 0.9906 -0.1304
vn -0.1503 0.9865 -0.0644
vn -0.3921 0.9199 -0.0104
vn -0.8052 -0.5168 -0.2908
vn -0.7743 -0.6080 -0.1757
vn -0.6427 -0.7193 -0.2637
vn -0.9467 -0.2729 -0.1714
vn -0.9383 -0.3419 -0.0515
vn -0.8266 -0.5437 0.1454
vn -0.8880 -0.4552 -0.0659
vn -0.9861 -0.1321 -0.1007
vn -0.8912 -0.4035 -0.2071
vn -0.3474 -0.9312 -0.1106
vn -0.2639 -0.9542 0.1410
vn 0.9884 0.1488 0.0292
vn 0.9096 0.4108 0.0618
vn 0.6437 0.7652 0.0070
vn 0.8982 0.4370 0.0485
vn 0.5677 0.8231 -0.0153
vn -0.9028 -0.4290 -0.0287
vn -0.9843 -0.1674 -0.0560
vn -0.9596 0.2720 -0.0727
vn -0.9791 0.1652 -0.1184
vn -0.9852 0.1335 -0.1073
vn -0.8639 0.5035 -0.0113
vn -0.9706 0.2305 -0.0698
vn -0.7316 0.6772 0.0785
vn -0.8222 0.5686 0.0272
vn 0.4635 -0.5367 -0.7050
vn 0.1059 -0.7966 -0.5951
vn -0.0572 -0.3198 -0.9458
vn 0.3482 -0.0488 -0.9361
vn 0.4320 -0.2647 -0.8622
vn -0.9956 0.0924 -0.0154
vn 0.9997 -0.0240 0.0032
vn 0.9921 0.1232 0.0240
vn 0.9719 0.2356 0.0004
vn 0.9686 -0.1044 0.2257
vn -0.9713 -0.2334 -0.0461
vn -0.8938 -0.4471 -0.0335
vn -0.9173 -0.3980 -0.0157
vn -0.3898 0.3326 -0.8587
vn -0.4756 0.1311 -0.8698
vn -0.7916 0.5787 -0.1962
vn -0.4890 0.8495 -0.1979
vn -0.9284 0.0084 -0.3715
vn -0.9654 0.2601 -0.0182
vn -0.9521 -0.2545 0.1697
vn 0.9964 -0.0759 -0.0380
vn 0.8948 0.4462 0.0148
vn 0.9991 0.0366 0.0229
vn 0.8562 -0.4843 -0.1798
vn 0.9577 -0.2764 -0.0797
vn -0.0614 -0.2927 -0.9542
vn -0.1260 0.4469 -0.8857
vn -0.7209 -0.3741 -0.5835
vn -0.5020 -0.1886 -0.8441
vn 0.9854 0.1614 -0.0541
vn 0.9350 -0.3390 -0.1046
vn 0.9867 0.0805 -0.1410
vn -0.7438 -0.6520 -0.1472
vn 0.8954 0.4425 -0.0493
vn 0.8651 0.4917 0.0991
vn 0.8880 0.4562 0.0573
vn -0.0481 0.9987 0.0154
vn -0.0519 0.9878 0.1469
vn 0.4948 0.8650 0.0830
vn 0.5434 0.8389 -0.0325
vn 0.4937 0.8482 0.1920
vn 0.7852 0.6188 -0.0244
vn 0.5642 0.8215 -0.0827
vn -0.1034 0.9693 0.2231
vn -0.0886 0.9769 0.1947
vn 0.4213 0.9037 -0.0758
vn 0.2360 0.9689 -0.0749
vn -0.1171 0.9883 -0.0973
vn 0.4926 0.8625 -0.1160
vn 0.8503 0.4934 -0.1830
vn 0.8437 0.4693 -0.2607
vn 0.5647 0.8207 -0.0868
vn 0.4191 -0.4441 -0.7919
vn 0.8741 -0.4552 -0.1696
vn 0.9958 -0.0859 -0.0304
vn 0.9983 -0.0108 0.0568
vn 0.9234 -0.3561 0.1429
vn 0.9528 -0.3013 -0.0376
vn 0.7769 -0.6292 0.0242
vn 0.7167 -0.6926 -0.0813
vn 0.9736 -0.2163 -0.0731
vn 0.8527 -0.5190 -0.0594
vn 0.9434 0.3094 -0.1196
vn 0.9734 -0.2284 0.0187
vn 0.9444 -0.1858 -0.2713
vn 0.3946 -0.4123 -0.8211
vn 0.9527 0.0907 -0.2899
vn 0.9946 0.0958 0.0393
vn 0.9792 -0.2028 0.0100
vn 0.8791 0.4738 -0.0510
vn 0.9065 0.4051 0.1189
vn 0.9998 -0.0186 0.0107
vn 0.9489 -0.2379 0.2073
vn -0.7159 -0.5219 0.4638
vn -0.4790 -0.6431 -0.5975
vn -0.3177 -0.3439 -0.8836
vn -0.9270 -0.3115 0.2088
vn -0.5499 -0.7974 0.2487
vn -0.8153 -0.5701 0.1012
vn 0.4588 0.5733 -0.6789
vn -0.5025 0.2045 -0.8400
vn -0.3712 0.7121 -0.5959
vn 0.0600 0.4413 -0.8954
vn -0.4673 -0.1207 -0.8758
vn -0.9692 -0.2293 -0.0904
vn -0.6919 -0.6125 0.3822
vn -0.5896 -0.7981 0.1243
vn -0.9272 -0.3689 0.0647
vn -0.0937 -0.9937 -0.0613
vn -0.3895 -0.8289 0.4014
vn 0.7417 -0.5836 0.3305
vn 0.1096 -0.7873 0.6067
vn 0.3575 -0.7629 0.5387
vn -0.9973 0.0189 0.0711
vn -0.9877 0.1459 -0.0562
vn -0.9918 0.0832 -0.0974
vn -0.9915 -0.0930 0.0906
vn -0.9772 0.1928 0.0891
vn -0.9878 0.1360 -0.0756
vn -0.9468 0.3190 -0.0426
vn 0.7938 0.5853 0.1652
vn 0.9845 0.1605 -0.0708
vn 0.8222 0.5444 -0.1660
vn 0.4371 0.8994 -0.0060
vn 0.4043 0.9138 -0.0390
vn 0.9180 0.3732 -0.1342
vn 0.3648 0.9293 -0.0581
vn 0.7944 0.5751 -0.1956
vn 0.6644 0.7460 -0.0449
vn 0.1015 0.9922 0.0726
vn -0.8159 0.5005 -0.2895
vn -0.8047 0.5434 -0.2391
vn -0.0096 0.9960 -0.0891
vn -0.0732 0.9893 -0.1260
vn -0.5574 0.8302 0.0083
vn -0.3053 0.9161 0.2599
vn -0.2746 0.9609 0.0364
vn -0.5500 0.8121 -0.1952
vn -0.2951 0.9225 0.2490
vn 0.8507 -0.5020 0.1561
vn -0.6035 0.7706 -0.2047
vn 0.6841 -0.7190 -0.1230
vn 0.6327 -0.7663 -0.1114
vn -0.0160 -0.9981 -0.0601
vn 0.1064 -0.9869 -0.1213
vn 0.8989 -0.4372 -0.0297
vn 0.4994 -0.8664 0.0052
vn 0.4460 -0.8945 0.0299
vn 0.0062 -1.0000 -0.0002
vn 0.5228 -0.8484 -0.0829
vn 0.8027 -0.5961 0.0199
vn 0.7017 -0.7118 0.0311
vn 0.8610 -0.5086 -0.0023
vn 0.8475 -0.5264 0.0681
vn 0.8902 -0.4381 -0.1249
vn 0.9360 -0.3322 -0.1161
vn 0.9288 -0.3690 -0.0352
vn 0.9050 -0.4254 0.0096
vn 0.9849 -0.1055 -0.1369
vn 0.9866 -0.1283 -0.1006
vn 0.9454 0.3165 -0.0781
vn 0.0630 -0.9886 -0.1371
vn 0.8533 -0.5213 0.0086
vn -0.7670 0.6225 -0.1555
vn -0.9960 0.0142 -0.0883
vn -0.7380 0.6741 0.0311
vn -0.8487 0.5288 0.0115
vn -0.5892 0.8077 0.0236
vn -0.3199 0.9474 -0.0074
vn 0.7016 0.6982 0.1421
vn 0.0808 0.9946 -0.0644
vn -0.3452 0.9381 0.0297
vn 0.2360 0.9716 0.0175
vn -0.8214 0.5692 0.0353
vn 0.0699 0.9970 0.0326
vn -0.7533 0.6535 0.0739
vn -0.1449 -0.9753 -0.1670
vn -0.2785 -0.9498 -0.1425
vn -0.7897 -0.6119 -0.0446
vn -0.2374 -0.9383 -0.2514
vn 0.2379 -0.9636 -0.1221
vn 0.5586 -0.8282 -0.0453
vn -0.3147 -0.9487 -0.0298
vn -0.2728 -0.9518 -0.1402
vn -0.9404 0.3378 0.0385
vn 0.3907 0.8751 0.2857
vn 0.0765 0.9392 0.3347
vn 0.5713 0.7771 0.2639
vn 0.7734 0.6214 -0.1252
vn 0.5394 0.8369 -0.0931
vn 0.7832 0.6171 -0.0761
vn 0.9460 0.2998 -0.1235
vn 0.9801 0.1919 -0.0502
vn 0.9604 0.2767 -0.0337
vn 0.8966 0.4196 -0.1419
vn 0.9329 0.3394 -0.1203
vn 0.7071 0.7004 -0.0970
vn -0.1287 0.9911 -0.0329
vn 0.6659 0.7289 -0.1592
vn 0.4428 0.8942 -0.0656
vn -0.1962 0.9764 -0.0906
vn 0.7121 0.6845 -0.1563
vn 0.0488 0.9924 -0.1128
vn 0.4842 0.8704 -0.0896
vn -0.9922 0.0684 -0.1042
vn -0.9212 -0.3766 -0.0979
vn -0.9518 -0.2574 -0.1668
vn -0.6153 -0.7776 -0.1292
vn -0.6161 -0.7690 -0.1706
vn 0.0418 -0.9899 -0.1356
vn 0.5095 -0.8552 -0.0951
vn 0.5475 -0.8344 -0.0632
vn 0.9437 -0.3233 -0.0701
vn 0.8797 -0.4709 -0.0665
vn 0.8983 -0.4270 -0.1035
vn 0.9258 -0.3564 -0.1258
vn 0.9559 -0.2868 -0.0640
vn 0.9644 -0.2643 -0.0067
vn 0.9712 0.2263 -0.0751
vn 0.9334 0.3552 -0.0507
vn 0.9760 0.1593 -0.1486
vn 0.4372 0.8926 0.1103
vn 0.7579 0.6514 0.0359
vn 0.9621 -0.2724 -0.0150
vn -0.6029 -0.7882 -0.1236
vn -0.9600 0.2798 -0.0123
vn -0.9518 0.2939 -0.0881
vn -0.7370 -0.6758 0.0139
vn 0.4981 -0.8625 -0.0896
vn 0.9587 -0.2806 -0.0456
vn 0.9253 -0.3546 -0.1347
vn 0.6028 -0.7875 -0.1283
vn 0.8774 0.4687 0.1022
vn -0.8795 -0.3236 0.3489
vn -0.1376 -0.8120 -0.5672
vn -0.4572 -0.7526 0.4739
vn -0.7941 -0.5255 0.3055
vn 0.1689 0.9837 0.0625
vn 0.3916 0.6511 -0.6502
vn 0.4039 0.9147 0.0153
vn 0.5985 0.8005 -0.0299
vn 0.4852 0.8480 0.2130
vn -0.5686 -0.5738 0.5894
vn 0.2613 -0.9157 0.3055
vn 0.6101 -0.7660 0.2023
vn 0.3639 -0.7593 -0.5395
vn 0.8502 -0.5241 -0.0500
vn 0.8870 -0.4610 0.0261
vn 0.9247 -0.3761 0.0582
vn 0.9345 -0.3411 -0.1022
vn 0.5862 -0.6004 -0.5439
vn 0.6728 0.0244 -0.7395
vn -0.4886 -0.0889 -0.8680
vn 0.4685 -0.4473 -0.7618
vn 0.6844 0.7188 0.1220
vn 0.9204 0.3908 -0.0111
vn 0.9536 -0.2282 -0.1963
vn 0.9696 0.2326 -0.0757
vn 0.9874 0.0345 -0.1545
vn 0.9035 0.3589 -0.2342
vn -0.9760 -0.1975 -0.0916
vn -0.9537 -0.3005 -0.0138
vn -0.9653 0.2443 -0.0922
vn -0.8972 -0.4185 0.1407
vn -0.9216 -0.3820 -0.0683
vn -0.6884 0.7059 -0.1667
vn -0.2857 0.9575 -0.0390
vn -0.9755 -0.2200 0.0100
vn -0.8414 0.4500 -0.2993
vn -0.8415 0.4090 -0.3529
vn -0.7311 0.6260 -0.2713
vn -0.8121 0.5706 0.1224
vn 0.6308 0.7536 -0.1849
vn 0.6948 0.7121 0.1004
vn 0.7966 0.5934 -0.1155
vn 0.8790 0.4706 0.0767
vn 0.0194 0.9842 -0.1760
vn -0.0036 0.9958 -0.0919
vn -0.9501 0.1678 0.2631
vn -0.7467 0.5833 0.3196
vn -0.9965 0.0068 0.0836
vn -0.4205 0.9058 0.0512
vn -0.8219 -0.5685 -0.0357
vn -0.2717 -0.9623 0.0144
vn 0.6531 -0.7193 -0.2367
vn -0.1629 -0.9727 -0.1652
vn -0.8794 -0.4703 0.0741
vn -0.9284 -0.3681 0.0497
vn -0.4969 -0.8677 -0.0117
vn -0.7949 -0.5904 0.1397
vn -0.9511 -0.2956 -0.0897
vn -0.9648 0.1157 -0.2360
vn -0.9892 -0.1468 -0.0005
vn 0.9946 -0.0806 0.0649
vn 0.8842 -0.4485 -0.1306
vn -0.2100 -0.9684 0.1346
vn 0.7265 -0.6829 -0.0767
vn 0.8931 -0.3607 0.2687
vn 0.5033 -0.8236 0.2616
vn -0.5764 -0.8159 0.0451
vn -0.2778 -0.9582 -0.0682
vn 0.4386 -0.8420 0.3141
vn 0.7880 -0.5238 0.3236
vn 0.8711 -0.4498 0.1971
vn 0.9794 -0.1041 0.1733
vn 0.9949 -0.0276 0.0968
vn 0.2183 -0.9155 0.3379
vn 0.0585 -0.9711 -0.2314
vn -0.0083 -0.9953 -0.0962
vn 0.1490 -0.8800 0.4510
vn 0.2422 -0.8931 0.3790
vn 0.1644 -0.8674 0.4696
vn 0.1548 -0.9631 0.2200
vn 0.0016 -0.9217 -0.3880
vn -0.2419 0.0695 -0.9678
vn -0.2228 0.1407 -0.9647
vn -0.1797 0.8894 -0.4204
vn -0.0958 0.8695 -0.4845
vn -0.2266 0.0272 -0.9736
vn 0.2907 -0.7869 0.5443
vn 0.2480 -0.8404 0.4819
vn 0.1979 -0.9091 0.3666
vn -0.0013 -0.8774 0.4797
vn -0.0415 -0.8711 0.4894
vn -0.0889 -0.9226 0.3753
vn 0.3397 -0.2679 0.9016
vn 0.4509 -0.2283 0.8629
vn 0.1849 -0.7657 0.6160
vn 0.2293 -0.3464 0.9096
vn -0.1736 0.9015 -0.3965
vn -0.0331 0.9008 -0.4330
vn -0.3246 0.1309 -0.9368
vn -0.7292 -0.0310 -0.6836
vn -0.5798 0.8143 -0.0270
vn -0.7964 -0.4064 -0.4479
vn -0.7818 -0.2519 0.5704
vn -0.0886 -0.9090 -0.4072
vn -0.3444 -0.8571 -0.3832
vn -0.1229 0.2504 -0.9603
vn -0.1989 0.2582 -0.9454
vn -0.1412 -0.8671 0.4777
vn 0.0189 -0.8964 -0.4429
vn 0.2143 -0.1024 -0.9714
vn -0.2498 -0.9577 -0.1430
vn 0.1889 0.9072 0.3759
vn 0.1051 0.8547 0.5084
vn 0.3557 0.8853 0.2996
vn 0.1421 0.6120 0.7780
vn 0.0239 -0.1003 0.9947
vn 0.4555 -0.8892 -0.0429
vn 0.6545 0.1772 -0.7350
vn 0.0640 0.7483 -0.6603
vn -0.1085 0.7869 -0.6074
vn -0.1429 0.3577 -0.9228
vn -0.2243 0.3968 -0.8901
vn 0.0389 -0.8519 -0.5223
vn -0.0670 -0.8740 -0.4813
vn -0.0674 0.8154 -0.5750
vn -0.2330 0.8497 -0.4730
vn -0.2843 0.2208 -0.9330
vn -0.0035 -0.9262 -0.3770
vn -0.2466 0.7851 -0.5681
vn 0.1634 0.8900 -0.4257
vn -0.0506 0.9442 -0.3255
vn 0.7474 0.2404 -0.6193
vn 0.5283 -0.8491 0.0010
vn -0.0265 0.9122 -0.4089
vn -0.2191 0.9113 -0.3486
vn -0.0373 0.9478 -0.3165
vn -0.2023 0.9430 -0.2643
vn -0.0729 0.9680 -0.2402
vn 0.2345 0.9232 -0.3044
vn 0.1584 0.8271 0.5392
vn 0.3729 -0.3835 0.8449
vn 0.6792 -0.3855 0.6245
vn 0.9419 0.1810 0.2828
vn 0.5581 -0.8248 0.0908
vn 0.8776 0.2194 -0.4263
vn 0.5019 0.8142 0.2918
vn -0.1558 0.8796 -0.4495
vn -0.1910 0.7345 -0.6512
vn -0.2162 0.8978 -0.3837
vn -0.1602 0.9038 -0.3968
vn -0.2072 0.9257 -0.3165
vn 0.0349 0.9554 0.2932
vn 0.0393 0.9697 0.2411
vn 0.0376 0.9344 0.3541
vn 0.3734 -0.2237 0.9003
vn 0.2705 -0.1925 0.9433
vn 0.3608 -0.2488 0.8988
vn 0.1428 0.9367 0.3197
vn 0.1724 0.9177 0.3580
vn -0.2639 0.1257 -0.9563
vn 0.0983 -0.9112 0.4000
vn 0.0767 -0.9010 0.4270
vn 0.1491 -0.8390 0.5232
vn 0.2301 -0.8737 0.4286
vn -0.0589 -0.9652 -0.2547
vn 0.2164 -0.9039 0.3690
vn 0.3190 -0.3615 0.8761
vn 0.2603 -0.2964 0.9189
vn 0.3373 -0.3860 0.8586
vn 0.4058 0.6351 0.6572
vn 0.6609 0.0688 0.7473
vn 0.8866 0.4615 0.0300
vn 0.3233 0.9224 -0.2112
vn -0.7640 0.1038 0.6368
vn -0.3576 -0.5347 0.7657
vn -0.7714 -0.6317 0.0770
vn -0.6766 0.6358 -0.3714
vn 0.4241 0.7537 0.5020
vn 0.1893 0.9784 -0.0833
vn 0.2817 0.9275 -0.2459
vn 0.4287 0.8219 0.3752
vn 0.0471 0.9967 -0.0662
vn 0.2414 0.7942 0.5577
vn -0.1275 0.9456 -0.2993
vn -0.1051 0.9771 -0.1850
vn -0.0421 0.8456 0.5322
vn -0.3230 0.8022 0.5021
vn -0.1107 0.9470 -0.3015
vn -0.0795 0.9535 -0.2908
vn -0.0147 0.9676 -0.2522
vn -0.0849 0.8837 -0.4602
vn -0.0901 0.8611 -0.5004
vn -0.0990 0.8886 -0.4478
vn 0.0606 0.9540 -0.2935
vn -0.0522 0.8985 -0.4358
vn 0.1729 0.8909 -0.4199
vn 0.0833 0.8377 -0.5398
vn -0.4093 0.4074 -0.8164
vn -0.2397 0.2895 -0.9267
vn -0.3367 0.4090 -0.8481
vn -0.0984 0.9549 -0.2802
vn -0.0982 0.9355 -0.3393
vn -0.7119 0.6202 -0.3294
vn -0.7525 -0.6586 -0.0049
vn -0.7828 -0.5995 -0.1666
vn -0.6944 0.6319 -0.3442
vn -0.0492 0.9361 -0.3482
vn -0.4992 0.7119 0.4940
vn 0.2944 -0.4241 0.8564
vn 0.2691 -0.4288 0.8624
vn 0.1448 -0.2487 0.9577
vn -0.0994 -0.9502 0.2953
vn 0.0125 -0.9609 0.2766
vn 0.0978 -0.9414 0.3228
vn 0.1175 -0.9297 0.3491
vn -0.0961 -0.5339 0.8400
vn 0.1336 -0.4174 0.8989
vn 0.2584 -0.9026 0.3443
vn 0.3296 -0.7797 -0.5324
vn 0.6541 -0.5780 -0.4880
vn -0.1612 -0.6448 0.7471
vn 0.8055 -0.5075 0.3059
vn 0.2606 -0.5600 0.7864
vn 0.7977 -0.0863 -0.5968
vn -0.4723 -0.7849 -0.4010
vn -0.3350 -0.8042 -0.4909
vn -0.0176 -0.8201 -0.5719
vn -0.2093 -0.8867 0.4122
vn -0.4162 -0.8376 -0.3538
vn 0.1209 0.4624 -0.8784
vn 0.2408 0.6199 -0.7468
vn -0.1038 0.3995 -0.9108
vn -0.1029 0.5862 -0.8036
vn 0.0164 0.5232 -0.8520
vn 0.1493 0.9870 -0.0595
vn 0.0671 0.9960 -0.0588
vn -0.1454 0.6478 -0.7478
vn -0.1828 0.6541 -0.7340
vn -0.0237 0.9920 -0.1239
vn -0.0518 0.9723 -0.2281
vn 0.0079 0.9638 -0.2666
vn -0.0328 0.6609 -0.7497
vn -0.0767 -0.5200 -0.8507
vn -0.2381 -0.4656 -0.8524
vn -0.2996 -0.4374 -0.8479
vn 0.1425 0.6730 -0.7258
vn -0.1381 -0.5607 -0.8164
vn -0.5200 -0.1410 -0.8425
vn 0.4621 0.5043 -0.7295
vn -0.0981 -0.9951 0.0152
vn -0.0135 -0.9991 -0.0414
vn -0.0278 -0.9720 0.2333
vn 0.0399 -0.9835 0.1764
vn -0.0870 -0.9823 -0.1658
vn -0.1519 -0.9335 -0.3247
vn 0.0320 -0.9983 0.0485
vn -0.0323 -0.9976 -0.0606
vn -0.1954 0.5268 -0.8272
vn -0.2370 -0.5378 -0.8091
vn -0.2175 -0.9270 -0.3054
vn -0.1979 -0.9791 -0.0466
vn -0.2204 -0.9550 -0.1985
vn -0.1606 -0.6460 -0.7462
vn -0.2717 -0.9623 0.0089
vn 0.0489 0.6684 0.7422
vn 0.0325 0.6746 0.7374
vn 0.0300 0.7078 0.7058
vn 0.0817 0.7243 0.6846
vn 0.0637 0.6752 0.7349
vn 0.1040 -0.5399 0.8353
vn 0.1327 -0.5169 0.8457
vn 0.1070 -0.5314 0.8403
vn -0.0622 -0.5383 0.8405
vn -0.1951 -0.5240 0.8291
vn -0.1594 -0.9612 0.2251
vn 0.0381 -0.9643 0.2621
vn 0.0638 -0.5966 0.8000
vn 0.0892 -0.9227 0.3751
vn -0.0241 -0.9330 0.3592
vn 0.0989 -0.9449 0.3119
vn -0.2801 -0.9380 0.2041
vn 0.2822 0.8944 -0.3471
vn 0.3580 0.8798 0.3127
vn 0.2049 0.8486 -0.4877
vn 0.1298 0.7819 -0.6098
vn -0.1276 0.1821 -0.9750
vn -0.3449 -0.8826 -0.3196
vn -0.2421 -0.8376 0.4898
vn 0.0240 -0.1286 0.9914
vn -0.5278 0.4053 0.7464
vn -0.8764 0.0392 -0.4799
vn -0.8777 0.3048 -0.3698
vn -0.6080 0.0662 0.7912
vn 0.2344 0.2885 0.9284
vn 0.2844 -0.1699 0.9435
vn 0.8240 -0.2375 0.5144
vn 0.8324 0.0530 0.5517
vn 0.1264 0.3851 0.9142
vn 0.0805 -0.0034 0.9967
vn -0.0193 -0.6229 0.7820
vn 0.1982 -0.0952 0.9755
vn 0.0900 -0.6988 0.7096
vn 0.2219 -0.7677 0.6011
vn -0.6801 -0.4505 0.5783
vn 0.1979 0.3187 0.9270
vn -0.0384 -0.8852 0.4636
vn -0.0541 -0.8894 0.4539
vn 0.0610 -0.9954 0.0740
vn -0.1954 -0.9762 0.0938
vn -0.1888 -0.9793 0.0730
vn 0.0552 -0.9278 0.3690
vn 0.7584 -0.5422 0.3618
vn 0.7604 -0.5996 0.2496
vn 0.8006 -0.5945 0.0743
vn 0.7193 0.3705 -0.5877
vn 0.7355 0.6159 -0.2825
vn 0.6994 0.6911 -0.1824
vn 0.1439 -0.6068 -0.7817
vn 0.8648 -0.3480 -0.3620
vn -0.1729 0.1424 -0.9746
vn -0.3436 0.2308 -0.9103
vn -0.2927 -0.2833 -0.9133
vn -0.1593 -0.3571 -0.9204
vn -0.0631 -0.3612 -0.9304
vn -0.0455 0.0848 -0.9954
vn -0.1103 0.7981 -0.5923
vn -0.2659 0.8195 -0.5077
vn -0.0029 0.7598 -0.6501
vn -0.8039 0.5729 -0.1596
vn -0.7766 0.6282 -0.0473
vn -0.7469 -0.5787 0.3274
vn -0.7522 0.6566 0.0556
vn -0.7951 -0.5975 0.1035
vn -0.7545 0.4765 0.4512
vn -0.8521 -0.3825 -0.3574
vn -0.2809 -0.6283 -0.7255
vn -0.7505 0.1244 -0.6490
vn -0.7074 0.0293 0.7062
vn -0.7214 -0.1550 0.6750
vn -0.7026 0.3303 -0.6302
vn 0.0923 0.9850 -0.1458
vn 0.3377 0.7210 0.6051
vn -0.0052 0.9193 -0.3935
vn -0.1352 0.9444 -0.2997
vn -0.0103 0.9172 -0.3983
vn 0.1748 0.9446 -0.2779
vn -0.0637 0.9526 -0.2975
vn -0.1877 0.8558 0.4821
vn 0.4217 0.6934 0.5843
vn 0.1948 -0.0987 0.9759
vn -0.0179 0.3321 -0.9431
vn 0.6824 0.2407 -0.6902
vn 0.7446 0.0884 -0.6616
vn 0.0371 0.1830 -0.9824
vn 0.0263 0.3259 -0.9450
vn -0.0378 0.1810 -0.9828
vn -0.2348 -0.5892 -0.7731
vn -0.0138 0.3313 -0.9434
vn -0.0798 0.1289 -0.9884
vn 0.0002 -0.3899 0.9208
vn 0.0646 -0.3953 0.9163
vn 0.1881 -0.1820 0.9651
vn -0.0968 -0.0621 0.9934
vn 0.0893 -0.3503 0.9324
vn 0.7278 -0.2340 0.6446
vn 0.6900 0.0404 0.7226
vn 0.6849 0.6621 0.3042
vn 0.6279 -0.1538 -0.7629
vn 0.5727 -0.4166 -0.7060
vn -0.0632 0.5804 -0.8119
vn -0.1274 -0.4579 -0.8798
vn -0.6004 -0.6980 -0.3903
vn -0.6012 0.6369 -0.4826
vn 0.0688 0.9962 -0.0532
vn 0.4981 0.7485 -0.4378
vn 0.7127 0.5965 0.3691
vn 0.8265 0.5522 0.1097
vn 0.8806 -0.4685 0.0714
vn 0.5361 -0.7354 0.4144
vn -0.0678 -0.9969 0.0391
vn 0.5040 -0.6597 -0.5575
vn -0.0258 -0.9953 0.0937
vn -0.6898 -0.7024 -0.1753
vn 0.6461 -0.7161 0.2643
vn -0.0757 -0.9881 0.1340
vn 0.6779 -0.6991 0.2274
vn -0.7555 -0.6517 -0.0668
vn -0.2646 -0.9320 0.2475
vn -0.1654 -0.9685 0.1860
vn 0.6432 -0.7077 0.2923
vn 0.5064 -0.7078 0.4925
vn -0.8246 -0.5626 -0.0590
vn -0.7914 -0.6091 -0.0523
vn -0.7020 0.6411 -0.3101
vn -0.6625 0.7028 -0.2591
vn 0.7790 0.6047 0.1657
vn 0.7671 0.6363 0.0818
vn 0.7908 0.5992 0.1248
vn 0.7792 0.6261 0.0297
vn 0.2023 0.9654 -0.1648
vn 0.2980 0.9243 -0.2386
vn 0.1081 0.9888 -0.1025
vn 0.0504 0.9953 -0.0829
vn -0.5843 0.7474 -0.3161
vn -0.4940 0.7445 -0.4490
vn -0.3530 0.7302 -0.5849
vn 0.3486 0.9084 -0.2310
vn -0.3596 0.6808 -0.6381
vn -0.4375 0.6429 -0.6287
vn 0.1043 0.9702 -0.2188
vn 0.2283 0.9505 -0.2109
vn -0.7164 -0.6055 -0.3466
vn -0.6101 -0.6867 -0.3953
vn -0.8303 -0.5270 -0.1811
vn -0.3601 -0.8973 0.2553
vn -0.2312 -0.9441 0.2351
vn -0.3143 -0.9197 0.2352
vn 0.6920 0.6272 0.3573
vn 0.3525 0.7334 0.5812
vn 0.4812 0.7001 0.5276
vn -0.0916 -0.5605 0.8231
vn -0.0113 -0.5875 0.8092
vn 0.2244 -0.6508 0.7254
vn 0.1988 0.5930 -0.7803
vn 0.1511 0.5926 -0.7912
vn 0.4354 -0.7394 -0.5136
vn 0.6052 -0.6894 -0.3980
vn 0.7706 -0.6136 -0.1720
vn 0.4034 0.6797 -0.6126
vn 0.2262 -0.9355 0.2715
vn 0.3251 -0.9012 0.2867
vn 0.3370 -0.9059 0.2564
vn -0.2979 0.9264 -0.2304
vn -0.3446 0.9143 -0.2126
vn -0.7353 0.6035 0.3083
vn -0.5375 0.6624 0.5219
vn -0.2035 0.9684 -0.1444
vn -0.7175 0.6733 0.1785
vn 0.5617 0.7393 -0.3714
vn -0.1541 0.9824 -0.1056
vn -0.6943 0.7111 0.1104
vn -0.1389 0.9886 -0.0579
vn -0.6983 0.7124 0.0704
vn 0.5986 0.7543 -0.2698
vn 0.6686 0.7314 -0.1342
vn 0.8154 -0.5637 -0.1319
vn 0.8206 -0.5690 -0.0530
vn 0.7953 -0.5907 -0.1366
vn 0.7138 0.6886 -0.1279
vn -0.0742 0.9967 -0.0320
vn -0.6671 0.7436 0.0453
vn -0.3183 0.7066 -0.6320
vn -0.6912 0.5919 -0.4147
vn 0.3174 0.5685 -0.7590
vn 0.7792 -0.6223 -0.0744
vn 0.1772 -0.9822 0.0625
vn 0.1245 -0.9922 -0.0041
vn 0.1704 -0.9786 0.1153
vn 0.2021 -0.9643 0.1713
vn -0.6024 -0.6527 0.4595
vn -0.7089 -0.6213 0.3338
vn -0.7620 -0.6181 0.1931
vn 0.4854 -0.6090 -0.6272
vn -0.2647 -0.6780 -0.6857
vn -0.1656 0.9653 -0.2018
vn -0.0398 -0.5796 0.8139
vn -0.0052 -0.5803 0.8144
vn -0.3063 -0.6666 0.6796
vn -0.3386 0.7167 0.6097
vn -0.8104 -0.3840 -0.4426
vn -0.7945 -0.6035 0.0675
s 1
f 1//1 4//2 3//3
f 1//1 3//3 2//4
f 1170//5 1171//6 6//7
f 1170//5 6//7 5//8
f 748//9 749//10 5//8
f 748//9 5//8 6//7
f 9//11 12//12 11//13
f 9//11 11//13 10//14
f 3//3 10//14 11//13
f 3//3 11//13 2//4
f 8//15 14//16 13//17
f 8//15 13//17 7//18
f 15//19 13//17 14//16
f 15//19 14//16 16//20
f 17//21 20//22 796//23
f 17//21 796//23 797//24
f 843//25 844//26 769//27
f 843//25 769//27 23//28
f 767//29 768//30 21//31
f 767//29 21//31 22//32
f 27//33 30//34 850//35
f 27//33 850//35 851//36
f 769//27 770//37 33//38
f 769//27 33//38 23//28
f 1102//39 1211//40 36//41
f 1102//39 36//41 1208//42
f 40//43 1195//44 1196//45
f 40//43 1196//45 599//46
f 43//47 1027//48 1031//49
f 43//47 1031//49 1199//50
f 1204//51 1205//52 951//53
f 1204//51 951//53 49//54
f 51//55 54//56 53//57
f 51//55 53//57 52//58
f 55//59 58//60 57//61
f 55//59 57//61 56//62
f 59//63 1120//64 1121//65
f 59//63 1121//65 1118//66
f 63//67 66//68 65//69
f 63//67 65//69 64//70
f 67//71 70//72 69//73
f 67//71 69//73 68//74
f 71//75 74//76 73//77
f 71//75 73//77 72//78
f 75//79 78//80 77//81
f 75//79 77//81 76//82
f 79//83 82//84 888//85
f 79//83 888//85 889//86
f 1311//87 1302//88 86//89
f 1311//87 86//89 85//90
f 1304//91 1305//92 90//93
f 1304//91 90//93 89//94
f 1305//92 1306//95 92//96
f 1305//92 92//96 90//93
f 1307//97 1308//98 96//99
f 1307//97 96//99 95//100
f 1281//101 1272//102 100//103
f 1281//101 100//103 99//104
f 1272//102 1273//105 102//106
f 1272//102 102//106 100//103
f 1274//107 1275//108 106//109
f 1274//107 106//109 105//110
f 1278//111 1279//112 110//113
f 1278//111 110//113 109//114
f 111//115 1341//116 1332//117
f 111//115 1332//117 112//118
f 115//119 1333//120 1334//121
f 115//119 1334//121 116//122
f 116//122 1334//121 1335//123
f 116//122 1335//123 119//124
f 121//125 1337//126 1338//127
f 121//125 1338//127 122//128
f 1145//129 1146//130 1125//131
f 1145//129 1125//131 126//132
f 951//53 952//133 822//134
f 951//53 822//134 49//54
f 129//135 132//136 131//137
f 129//135 131//137 130//138
f 133//139 136//140 135//141
f 133//139 135//141 134//142
f 137//143 138//144 136//140
f 137//143 136//140 133//139
f 139//145 142//146 141//147
f 139//145 141//147 140//148
f 143//149 146//150 145//151
f 143//149 145//151 144//152
f 147//153 148//154 146//150
f 147//153 146//150 143//149
f 885//155 886//156 151//157
f 885//155 151//157 150//158
f 153//159 156//160 155//161
f 153//159 155//161 154//162
f 157//163 160//164 890//165
f 157//163 890//165 891//166
f 161//167 164//168 163//169
f 161//167 163//169 162//170
f 165//171 168//172 167//173
f 165//171 167//173 166//174
f 169//175 170//176 168//172
f 169//175 168//172 165//171
f 171//177 746//178 731//179
f 171//177 731//179 172//180
f 797//24 798//181 745//182
f 797//24 745//182 17//21
f 742//183 743//184 9//11
f 742//183 9//11 10//14
f 741//185 742//183 10//14
f 741//185 10//14 3//3
f 4//2 740//186 741//185
f 4//2 741//185 3//3
f 739//187 1169//188 1170//5
f 739//187 1170//5 5//8
f 749//10 750//189 739//187
f 749//10 739//187 5//8
f 737//190 738//191 7//18
f 737//190 7//18 13//17
f 736//192 737//190 13//17
f 736//192 13//17 15//19
f 187//193 190//194 189//195
f 187//193 189//195 188//196
f 17//21 745//182 746//178
f 17//21 746//178 171//177
f 171//177 191//197 20//22
f 171//177 20//22 17//21
f 192//198 193//199 16//20
f 192//198 16//20 14//16
f 194//200 192//198 14//16
f 194//200 14//16 8//15
f 747//201 748//9 6//7
f 747//201 6//7 195//202
f 2//4 199//203 198//204
f 2//4 198//204 1//1
f 1171//6 1172//205 195//202
f 1171//6 195//202 6//7
f 200//206 199//203 2//4
f 200//206 2//4 11//13
f 201//207 196//208 197//209
f 201//207 197//209 202//210
f 196//208 201//207 203//211
f 735//212 736//192 15//19
f 735//212 15//19 205//213
f 205//213 15//19 16//20
f 205//213 16//20 206//214
f 172//180 207//215 191//197
f 172//180 191//197 171//177
f 11//13 12//12 208//216
f 11//13 208//216 200//206
f 209//217 795//218 796//23
f 209//217 796//23 20//22
f 211//219 209//217 20//22
f 211//219 20//22 191//197
f 9//11 743//184 744//220
f 9//11 744//220 18//221
f 19//222 12//12 9//11
f 19//222 9//11 18//221
f 210//223 208//216 12//12
f 210//223 12//12 19//222
f 1049//224 1054//225 1050//226
f 1049//224 1050//226 214//227
f 216//228 219//229 218//230
f 216//228 218//230 217//231
f 220//232 223//233 222//234
f 220//232 222//234 221//235
f 221//235 222//234 225//236
f 221//235 225//236 224//237
f 1291//238 1282//239 229//240
f 1291//238 229//240 228//241
f 1289//242 1290//243 233//244
f 1289//242 233//244 881//245
f 1285//246 1286//247 237//248
f 1285//246 237//248 236//249
f 1282//239 1283//250 895//251
f 1282//239 895//251 229//240
f 240//252 243//253 242//254
f 240//252 242//254 241//255
f 244//256 247//257 246//258
f 244//256 246//258 245//259
f 248//260 251//261 250//262
f 248//260 250//262 249//263
f 252//264 255//265 254//266
f 252//264 254//266 253//267
f 1309//268 1310//269 257//270
f 1309//268 257//270 930//271
f 935//272 936//273 259//274
f 935//272 259//274 258//275
f 260//276 938//277 939//278
f 260//276 939//278 261//279
f 262//280 263//281 940//282
f 262//280 940//282 941//283
f 1302//88 1303//284 946//285
f 1302//88 946//285 86//89
f 264//286 265//287 905//288
f 264//286 905//288 906//289
f 910//290 911//291 267//292
f 910//290 267//292 266//293
f 268//294 269//295 913//296
f 268//294 913//296 914//297
f 270//298 271//299 915//300
f 270//298 915//300 916//301
f 920//302 921//303 215//304
f 920//302 215//304 212//305
f 1284//306 1285//246 236//249
f 1284//306 236//249 239//307
f 159//308 156//160 153//159
f 159//308 153//159 158//309
f 81//310 273//311 272//312
f 81//310 272//312 80//313
f 274//314 275//315 152//316
f 274//314 152//316 149//317
f 276//318 1287//319 1288//320
f 276//318 1288//320 232//321
f 1276//322 1277//323 279//324
f 1276//322 279//324 856//325
f 860//326 861//327 281//328
f 860//326 281//328 280//329
f 282//330 283//331 863//332
f 282//330 863//332 864//333
f 284//334 285//335 865//336
f 284//334 865//336 866//337
f 1279//112 1280//338 870//339
f 1279//112 870//339 110//113
f 1271//340 1262//341 1006//342
f 1271//340 1006//342 1007//343
f 1263//344 1264//345 1004//346
f 1263//344 1004//346 1005//347
f 1264//345 1265//348 1003//349
f 1264//345 1003//349 1004//346
f 1266//350 1267//351 1001//352
f 1266//350 1001//352 1002//353
f 1267//351 1268//354 1000//355
f 1267//351 1000//355 1001//352
f 1269//356 1270//357 998//358
f 1269//356 998//358 999//359
f 302//360 305//361 304//362
f 302//360 304//362 303//363
f 306//364 307//365 942//366
f 306//364 942//366 943//367
f 1033//368 1037//369 1034//370
f 1033//368 1034//370 309//371
f 310//372 313//373 933//374
f 310//372 933//374 934//375
f 311//376 312//377 315//378
f 311//376 315//378 314//379
f 316//380 317//381 305//361
f 316//380 305//361 302//360
f 1261//382 1252//383 321//384
f 1261//382 321//384 903//385
f 1253//386 1254//387 325//388
f 1253//386 325//388 324//389
f 1254//387 1255//390 923//391
f 1254//387 923//391 325//388
f 1256//392 1257//393 329//394
f 1256//392 329//394 326//395
f 1257//393 1258//396 331//397
f 1257//393 331//397 329//394
f 1259//398 1260//399 320//400
f 1259//398 320//400 333//401
f 334//402 337//403 336//404
f 334//402 336//404 335//405
f 338//406 339//407 917//408
f 338//406 917//408 918//409
f 1018//410 1022//411 1019//412
f 1018//410 1019//412 341//413
f 342//414 345//415 908//416
f 342//414 908//416 909//417
f 343//418 344//419 347//420
f 343//418 347//420 346//421
f 348//422 349//423 337//403
f 348//422 337//403 334//402
f 1251//424 1242//425 353//426
f 1251//424 353//426 878//427
f 1243//428 1244//429 357//430
f 1243//428 357//430 356//431
f 1244//429 1245//432 898//433
f 1244//429 898//433 357//430
f 1246//434 1247//435 361//436
f 1246//434 361//436 359//437
f 1247//435 1248//438 363//439
f 1247//435 363//439 361//436
f 352//440 365//441 1249//442
f 352//440 1249//442 1250//443
f 366//444 369//445 368//446
f 366//444 368//446 367//447
f 892//448 893//449 371//450
f 892//448 371//450 370//451
f 1065//452 1070//453 1066//454
f 1065//452 1066//454 373//455
f 374//456 377//457 883//458
f 374//456 883//458 884//459
f 378//460 379//461 375//462
f 378//460 375//462 376//463
f 380//464 381//465 369//445
f 380//464 369//445 366//444
f 382//466 1016//467 1017//468
f 382//466 1017//468 854//469
f 386//470 1014//471 1015//472
f 386//470 1015//472 387//473
f 872//474 1013//475 1014//471
f 872//474 1014//471 386//470
f 392//476 1011//477 1012//478
f 392//476 1012//478 391//479
f 394//480 1010//481 1011//477
f 394//480 1011//477 392//476
f 383//482 1008//483 1009//484
f 383//482 1009//484 396//485
f 398//486 401//487 400//488
f 398//486 400//488 399//489
f 402//490 403//491 867//492
f 402//490 867//492 868//493
f 1081//494 1086//495 1082//496
f 1081//494 1082//496 405//497
f 406//498 409//499 858//500
f 406//498 858//500 859//501
f 407//502 408//503 411//504
f 407//502 411//504 410//505
f 412//506 413//507 401//487
f 412//506 401//487 398//486
f 1268//354 1269//356 999//359
f 1268//354 999//359 1000//355
f 1306//95 1307//97 95//100
f 1306//95 95//100 92//96
f 314//379 315//378 317//381
f 314//379 317//381 316//380
f 132//136 129//135 134//142
f 132//136 134//142 135//141
f 414//508 415//509 74//76
f 414//508 74//76 71//75
f 416//510 937//511 938//277
f 416//510 938//277 260//276
f 417//512 240//252 241//255
f 417//512 241//255 418//513
f 309//371 1036//514 1040//515
f 309//371 1040//515 1033//368
f 85//90 257//270 1310//269
f 85//90 1310//269 1311//87
f 1005//347 1006//342 1262//341
f 1005//347 1262//341 1263//344
f 1258//396 1259//398 333//401
f 1258//396 333//401 331//397
f 217//231 218//230 223//233
f 217//231 223//233 220//232
f 346//421 347//420 349//423
f 346//421 349//423 348//422
f 142//146 139//145 144//152
f 142//146 144//152 145//151
f 78//80 420//516 419//517
f 78//80 419//517 77//81
f 269//295 421//518 912//519
f 269//295 912//519 913//296
f 422//520 244//256 245//259
f 422//520 245//259 423//521
f 341//413 1021//522 1025//523
f 341//413 1025//523 1018//410
f 214//227 1052//524 1053//525
f 214//227 1053//525 1049//224
f 324//389 321//384 1252//383
f 324//389 1252//383 1253//386
f 1248//438 1249//442 365//441
f 1248//438 365//441 363//439
f 1286//247 1287//319 276//318
f 1286//247 276//318 237//248
f 379//461 378//460 381//465
f 379//461 381//465 380//464
f 275//315 274//314 154//162
f 275//315 154//162 155//161
f 424//526 425//527 273//311
f 424//526 273//311 81//310
f 82//84 426//528 887//529
f 82//84 887//529 888//85
f 427//530 252//264 253//267
f 427//530 253//267 428//531
f 373//455 1068//532 1069//533
f 373//455 1069//533 1065//452
f 228//241 233//244 1290//243
f 228//241 1290//243 1291//238
f 356//431 353//426 1242//425
f 356//431 1242//425 1243//428
f 396//485 1009//484 1010//481
f 396//485 1010//481 394//480
f 1273//105 1274//107 105//110
f 1273//105 105//110 102//106
f 410//505 411//504 413//507
f 410//505 413//507 412//506
f 164//168 161//167 166//174
f 164//168 166//174 167//173
f 70//72 430//534 429//535
f 70//72 429//535 69//73
f 283//331 431//536 862//537
f 283//331 862//537 863//332
f 432//538 248//260 249//263
f 432//538 249//263 433//539
f 405//497 1084//540 1085//541
f 405//497 1085//541 1081//494
f 109//114 279//324 1277//323
f 109//114 1277//323 1278//111
f 1015//472 1016//467 382//466
f 1015//472 382//466 387//473
f 136//140 73//77 74//76
f 136//140 74//76 135//141
f 138//144 72//78 73//77
f 138//144 73//77 136//140
f 263//281 261//279 939//278
f 263//281 939//278 940//282
f 434//542 435//543 243//253
f 434//542 243//253 240//252
f 436//544 434//542 240//252
f 436//544 240//252 417//512
f 936//273 937//511 416//510
f 936//273 416//510 259//274
f 132//136 415//509 414//508
f 132//136 414//508 131//137
f 74//76 415//509 132//136
f 74//76 132//136 135//141
f 146//150 76//82 77//81
f 146//150 77//81 145//151
f 148//154 75//79 76//82
f 148//154 76//82 146//150
f 271//299 268//294 914//297
f 271//299 914//297 915//300
f 437//545 438//546 247//257
f 437//545 247//257 244//256
f 439//547 437//545 244//256
f 439//547 244//256 422//520
f 911//291 912//519 421//518
f 911//291 421//518 267//292
f 142//146 419//517 420//516
f 142//146 420//516 141//147
f 77//81 419//517 142//146
f 77//81 142//146 145//151
f 156//160 272//312 273//311
f 156//160 273//311 155//161
f 80//313 272//312 156//160
f 80//313 156//160 159//308
f 160//164 79//83 889//86
f 160//164 889//86 890//165
f 440//548 441//549 255//265
f 440//548 255//265 252//264
f 442//550 440//548 252//264
f 442//550 252//264 427//530
f 886//156 887//529 426//528
f 886//156 426//528 151//157
f 275//315 425//527 424//526
f 275//315 424//526 152//316
f 273//311 425//527 275//315
f 273//311 275//315 155//161
f 168//172 68//74 69//73
f 168//172 69//73 167//173
f 170//176 67//71 68//74
f 170//176 68//74 168//172
f 285//335 282//330 864//333
f 285//335 864//333 865//336
f 443//551 444//552 251//261
f 443//551 251//261 248//260
f 445//553 443//551 248//260
f 445//553 248//260 432//538
f 861//327 862//537 431//536
f 861//327 431//536 281//328
f 164//168 429//535 430//534
f 164//168 430//534 163//169
f 69//73 429//535 164//168
f 69//73 164//168 167//173
f 401//487 97//554 98//555
f 401//487 98//555 400//488
f 107//556 402//490 868//493
f 107//556 868//493 869//557
f 1082//496 1087//558 1083//559
f 1082//496 1083//559 405//497
f 1083//559 1088//560 1084//540
f 1083//559 1084//540 405//497
f 409//499 278//561 857//562
f 409//499 857//562 858//500
f 408//503 103//563 104//564
f 408//503 104//564 411//504
f 411//504 104//564 101//565
f 411//504 101//565 413//507
f 413//507 101//565 97//554
f 413//507 97//554 401//487
f 165//171 398//486 399//489
f 165//171 399//489 169//175
f 403//491 284//334 866//337
f 403//491 866//337 867//492
f 284//334 403//491 404//566
f 284//334 404//566 446//567
f 406//498 280//329 446//567
f 406//498 446//567 404//566
f 280//329 406//498 859//501
f 280//329 859//501 860//326
f 162//170 407//502 410//505
f 162//170 410//505 161//167
f 161//167 410//505 412//506
f 161//167 412//506 166//174
f 166//174 412//506 398//486
f 166//174 398//486 165//171
f 369//445 235//568 238//569
f 369//445 238//569 368//446
f 893//449 894//570 226//571
f 893//449 226//571 371//450
f 1066//454 1071//572 1067//573
f 1066//454 1067//573 373//455
f 1067//573 1072//574 1068//532
f 1067//573 1068//532 373//455
f 377//457 230//575 882//576
f 377//457 882//576 883//458
f 277//577 378//460 376//463
f 277//577 376//463 231//578
f 378//460 277//577 234//579
f 378//460 234//579 381//465
f 381//465 234//579 235//568
f 381//465 235//568 369//445
f 153//159 1322//580 1323//581
f 153//159 1323//581 158//309
f 891//166 1324//582 1325//583
f 891//166 1325//583 157//163
f 157//163 1325//583 1326//584
f 157//163 1326//584 447//585
f 1326//584 1327//586 150//158
f 1326//584 150//158 447//585
f 150//158 1327//586 1328//587
f 150//158 1328//587 885//155
f 1329//588 1330//589 274//314
f 1329//588 274//314 149//317
f 274//314 1330//589 1331//590
f 274//314 1331//590 154//162
f 154//162 1331//590 1322//580
f 154//162 1322//580 153//159
f 448//591 276//318 232//321
f 448//591 232//321 449//592
f 233//244 450//593 880//594
f 233//244 880//594 881//245
f 451//595 1076//596 1077//597
f 451//595 1077//597 1073//598
f 1073//598 1078//599 1074//600
f 1073//598 1074//600 451//595
f 895//251 896//601 452//602
f 895//251 452//602 229//240
f 236//249 454//603 453//604
f 236//249 453//604 239//307
f 237//248 455//605 454//603
f 237//248 454//603 236//249
f 276//318 448//591 455//605
f 276//318 455//605 237//248
f 454//603 360//606 358//607
f 454//603 358//607 453//604
f 896//601 897//608 354//609
f 896//601 354//609 452//602
f 1074//600 1079//610 1075//611
f 1074//600 1075//611 451//595
f 1075//611 1080//612 1076//596
f 1075//611 1076//596 451//595
f 450//593 350//613 879//614
f 450//593 879//614 880//594
f 364//615 448//591 449//592
f 364//615 449//592 351//616
f 448//591 364//615 362//617
f 448//591 362//617 455//605
f 455//605 362//617 360//606
f 455//605 360//606 454//603
f 222//234 328//618 327//619
f 222//234 327//619 225//236
f 322//620 215//304 921//303
f 322//620 921//303 922//621
f 1050//226 1055//622 1051//623
f 1050//226 1051//623 214//227
f 1051//623 1056//624 1052//524
f 1051//623 1052//524 214//227
f 265//287 318//625 904//626
f 265//287 904//626 905//288
f 219//229 319//627 332//628
f 219//229 332//628 218//230
f 218//230 332//628 330//629
f 218//230 330//629 223//233
f 223//233 330//629 328//618
f 223//233 328//618 222//234
f 456//630 1292//631 1293//632
f 456//630 1293//632 457//633
f 1294//634 1295//635 458//636
f 1294//634 458//636 919//637
f 458//636 1295//635 1296//638
f 458//636 1296//638 459//639
f 1296//638 1297//640 460//641
f 1296//638 460//641 459//639
f 460//641 1297//640 1298//642
f 460//641 1298//642 907//643
f 461//644 1299//645 1300//646
f 461//644 1300//646 462//647
f 462//647 1300//646 1301//648
f 462//647 1301//648 463//649
f 463//649 1301//648 1292//631
f 463//649 1292//631 456//630
f 337//403 456//630 457//633
f 337//403 457//633 336//404
f 458//636 338//406 918//409
f 458//636 918//409 919//637
f 1019//412 1023//650 1020//651
f 1019//412 1020//651 341//413
f 1020//651 1024//652 1021//522
f 1020//651 1021//522 341//413
f 345//415 460//641 907//643
f 345//415 907//643 908//416
f 344//419 461//644 462//647
f 344//419 462//647 347//420
f 347//420 462//647 463//649
f 347//420 463//649 349//423
f 349//423 463//649 456//630
f 349//423 456//630 337//403
f 143//149 1312//653 1313//654
f 143//149 1313//654 147//153
f 1314//655 1315//656 270//298
f 1314//655 270//298 916//301
f 270//298 1315//656 1316//657
f 270//298 1316//657 464//658
f 1316//657 1317//659 266//293
f 1316//657 266//293 464//658
f 266//293 1317//659 1318//660
f 266//293 1318//660 910//290
f 140//148 1319//661 1320//662
f 140//148 1320//662 139//145
f 139//145 1320//662 1321//663
f 139//145 1321//663 144//152
f 144//152 1321//663 1312//653
f 144//152 1312//653 143//149
f 465//664 87//665 88//666
f 465//664 88//666 466//667
f 83//668 467//669 944//670
f 83//668 944//670 945//671
f 467//669 83//668 84//672
f 467//669 84//672 468//673
f 256//674 469//675 468//673
f 256//674 468//673 84//672
f 469//675 256//674 931//676
f 469//675 931//676 932//677
f 470//678 93//679 94//680
f 470//678 94//680 471//681
f 471//681 94//680 91//682
f 471//681 91//682 472//683
f 472//683 91//682 87//665
f 472//683 87//665 465//664
f 90//93 474//684 473//685
f 90//93 473//685 89//94
f 475//686 86//89 946//285
f 475//686 946//285 947//687
f 1041//688 1046//689 1042//690
f 1041//688 1042//690 476//691
f 1044//692 1045//693 1041//688
f 1044//692 1041//688 476//691
f 257//270 477//694 929//695
f 257//270 929//695 930//271
f 96//99 478//696 479//697
f 96//99 479//697 95//100
f 95//100 479//697 480//698
f 95//100 480//698 92//96
f 92//96 480//698 474//684
f 92//96 474//684 90//93
f 305//361 465//664 466//667
f 305//361 466//667 304//362
f 467//669 306//364 943//367
f 467//669 943//367 944//670
f 1034//370 1038//699 1035//700
f 1034//370 1035//700 309//371
f 1035//700 1039//701 1036//514
f 1035//700 1036//514 309//371
f 313//373 469//675 932//677
f 313//373 932//677 933//374
f 312//377 470//678 471//681
f 312//377 471//681 315//378
f 315//378 471//681 472//683
f 315//378 472//683 317//381
f 317//381 472//683 465//664
f 317//381 465//664 305//361
f 133//139 302//360 303//363
f 133//139 303//363 137//143
f 307//365 262//280 941//283
f 307//365 941//283 942//366
f 262//280 307//365 308//702
f 262//280 308//702 481//703
f 310//372 258//275 481//703
f 310//372 481//703 308//702
f 258//275 310//372 934//375
f 258//275 934//375 935//272
f 130//138 311//376 314//379
f 130//138 314//379 129//135
f 129//135 314//379 316//380
f 129//135 316//380 134//142
f 134//142 316//380 302//360
f 134//142 302//360 133//139
f 106//109 483//704 482//705
f 106//109 482//705 105//110
f 279//324 484//706 855//707
f 279//324 855//707 856//325
f 485//708 1092//709 1093//710
f 485//708 1093//710 1089//711
f 1089//711 1094//712 1090//713
f 1089//711 1090//713 485//708
f 870//339 871//714 486//715
f 870//339 486//715 110//113
f 100//103 488//716 487//717
f 100//103 487//717 99//104
f 102//106 489//718 488//716
f 102//106 488//716 100//103
f 105//110 482//705 489//718
f 105//110 489//718 102//106
f 488//716 392//476 391//479
f 488//716 391//479 487//717
f 386//470 486//715 871//714
f 386//470 871//714 872//474
f 1090//713 1095//719 1091//720
f 1090//713 1091//720 485//708
f 1091//720 1096//721 1092//709
f 1091//720 1092//709 485//708
f 484//706 382//466 854//469
f 484//706 854//469 855//707
f 483//704 383//482 396//485
f 483//704 396//485 482//705
f 482//705 396//485 394//480
f 482//705 394//480 489//718
f 489//718 394//480 392//476
f 489//718 392//476 488//716
f 898//433 987//722 978//723
f 898//433 978//723 357//430
f 361//436 985//724 986//725
f 361//436 986//725 359//437
f 363//439 984//726 985//724
f 363//439 985//724 361//436
f 365//441 983//727 984//726
f 365//441 984//726 363//439
f 982//728 983//727 365//441
f 982//728 365//441 352//440
f 353//426 980//729 981//730
f 353//426 981//730 878//427
f 979//731 980//729 353//426
f 979//731 353//426 356//431
f 357//430 978//723 979//731
f 357//430 979//731 356//431
f 996//732 997//733 1228//734
f 996//732 1228//734 499//735
f 988//736 989//737 500//738
f 988//736 500//738 498//739
f 989//737 990//740 501//741
f 989//737 501//741 500//738
f 990//740 991//742 502//743
f 990//740 502//743 501//741
f 991//742 992//744 503//745
f 991//742 503//745 502//743
f 993//746 994//747 504//748
f 993//746 504//748 1227//749
f 505//750 504//748 994//747
f 505//750 994//747 995//751
f 995//751 996//732 499//735
f 995//751 499//735 505//750
f 478//696 287//752 300//753
f 478//696 300//753 479//697
f 479//697 300//753 298//754
f 479//697 298//754 480//698
f 480//698 298//754 296//755
f 480//698 296//755 474//684
f 474//684 296//755 295//756
f 474//684 295//756 473//685
f 290//757 475//686 947//687
f 290//757 947//687 948//758
f 1042//690 1047//759 1043//760
f 1042//690 1043//760 476//691
f 1043//760 1048//761 1044//692
f 1043//760 1044//692 476//691
f 477//694 286//762 928//763
f 477//694 928//763 929//695
f 52//58 53//57 507//764
f 52//58 507//764 506//765
f 1338//127 1339//766 509//767
f 1338//127 509//767 122//128
f 510//768 63//67 64//70
f 510//768 64//70 511//769
f 112//118 1332//117 1333//120
f 112//118 1333//120 115//119
f 1119//770 1122//771 1120//64
f 1119//770 1120//64 59//63
f 1125//131 1151//772 1152//773
f 1125//131 1152//773 126//132
f 516//774 519//775 518//776
f 516//774 518//776 517//777
f 520//778 523//779 522//780
f 520//778 522//780 521//781
f 524//782 527//783 526//784
f 524//782 526//784 525//785
f 525//785 526//784 529//786
f 525//785 529//786 528//787
f 530//788 533//789 532//790
f 530//788 532//790 531//791
f 534//792 535//793 519//775
f 534//792 519//775 516//774
f 53//57 1163//794 1154//795
f 53//57 1154//795 507//764
f 54//56 1162//796 1163//794
f 54//56 1163//794 53//57
f 58//60 1159//797 1160//798
f 58//60 1160//798 57//61
f 60//799 1158//800 1159//797
f 60//799 1159//797 58//60
f 513//801 1157//802 1158//800
f 513//801 1158//800 60//799
f 543//803 1156//804 1157//802
f 543//803 1157//802 513//801
f 57//61 975//805 976//806
f 57//61 976//806 56//62
f 1160//798 1161//807 975//805
f 1160//798 975//805 57//61
f 1335//123 1336//808 971//809
f 1335//123 971//809 119//124
f 968//810 969//811 523//779
f 968//810 523//779 520//778
f 966//812 967//813 66//68
f 966//812 66//68 63//67
f 965//814 966//812 63//67
f 965//814 63//67 510//768
f 532//790 963//815 964//816
f 532//790 964//816 531//791
f 961//817 1340//818 1341//116
f 961//817 1341//116 111//115
f 957//819 1155//820 1156//804
f 957//819 1156//804 543//803
f 517//777 546//821 545//822
f 517//777 545//822 516//774
f 66//68 967//813 968//810
f 66//68 968//810 520//778
f 521//781 65//69 66//68
f 521//781 66//68 520//778
f 525//785 549//823 548//824
f 525//785 548//824 524//782
f 528//787 550//825 549//823
f 528//787 549//823 525//785
f 531//791 510//768 511//769
f 531//791 511//769 530//788
f 964//816 965//814 510//768
f 964//816 510//768 531//791
f 545//822 547//826 534//792
f 545//822 534//792 516//774
f 959//827 960//828 553//829
f 959//827 553//829 552//830
f 552//830 553//829 556//831
f 552//830 556//831 555//832
f 555//832 1141//833 1139//834
f 555//832 1139//834 557//835
f 559//836 1140//837 1136//838
f 559//836 1136//838 560//839
f 559//836 560//839 562//840
f 559//836 562//840 561//841
f 972//842 973//843 561//841
f 972//842 561//841 562//840
f 564//844 563//845 566//846
f 564//844 566//846 565//847
f 554//848 551//849 565//847
f 554//848 565//847 566//846
f 513//801 512//850 567//851
f 513//801 567//851 543//803
f 568//852 514//853 570//854
f 568//852 570//854 569//855
f 1152//773 1153//856 571//857
f 1152//773 571//857 126//132
f 126//132 571//857 1144//858
f 126//132 1144//858 1145//129
f 125//859 572//860 574//861
f 125//859 574//861 573//862
f 575//863 576//864 819//865
f 575//863 819//865 977//866
f 576//864 575//863 578//867
f 576//864 578//867 577//868
f 543//803 567//851 956//869
f 543//803 956//869 957//819
f 128//870 577//868 578//867
f 128//870 578//867 579//871
f 954//872 955//873 569//855
f 954//872 569//855 127//874
f 570//854 580//875 127//874
f 570//854 127//874 569//855
f 1342//876 1343//877 536//878
f 1342//876 536//878 537//879
f 958//880 1344//881 1345//882
f 958//880 1345//882 544//883
f 544//883 1345//882 1346//884
f 544//883 1346//884 542//885
f 542//885 1346//884 1347//886
f 542//885 1347//886 541//887
f 541//887 1347//886 1348//888
f 541//887 1348//888 540//889
f 540//889 1348//888 1349//890
f 540//889 1349//890 539//891
f 1349//890 1350//892 974//893
f 1349//890 974//893 539//891
f 538//894 1351//895 1342//876
f 538//894 1342//876 537//879
f 535//793 508//896 123//897
f 535//793 123//897 519//775
f 114//898 962//899 963//815
f 114//898 963//815 532//790
f 533//789 113//900 114//898
f 533//789 114//898 532//790
f 526//784 582//901 581//902
f 526//784 581//902 529//786
f 527//783 583//903 582//901
f 527//783 582//901 526//784
f 523//779 120//904 117//905
f 523//779 117//905 522//780
f 969//811 970//906 120//904
f 969//811 120//904 523//779
f 519//775 123//897 124//907
f 519//775 124//907 518//776
f 706//908 585//909 709//910
f 706//908 709//910 711//911
f 1126//912 1127//913 570//854
f 1126//912 570//854 514//853
f 294//914 297//915 586//916
f 294//914 586//916 47//917
f 949//918 950//919 48//920
f 949//918 48//920 293//921
f 1030//922 1204//51 49//54
f 1030//922 49//54 1026//923
f 1057//924 1063//925 1058//926
f 1057//924 1058//926 42//927
f 588//928 586//916 297//915
f 588//928 297//915 299//929
f 589//930 588//928 299//929
f 589//930 299//929 301//931
f 590//932 841//933 842//934
f 590//932 842//934 50//935
f 774//936 775//937 592//938
f 774//936 592//938 577//868
f 50//935 47//917 586//916
f 50//935 586//916 590//932
f 593//939 594//940 500//738
f 593//939 500//738 501//741
f 595//941 593//939 501//741
f 595//941 501//741 502//743
f 502//743 503//745 596//942
f 502//743 596//942 595//941
f 597//943 598//944 595//941
f 597//943 595//941 596//942
f 491//945 492//946 598//944
f 491//945 598//944 597//943
f 40//43 1226//947 1227//749
f 40//43 1227//749 504//748
f 1225//948 1226//947 40//43
f 1225//948 40//43 599//46
f 1224//949 1225//948 599//46
f 1224//949 599//46 490//950
f 36//41 1222//951 1223//952
f 36//41 1223//952 496//953
f 600//954 601//955 494//956
f 600//954 494//956 495//957
f 602//958 603//959 601//955
f 602//958 601//955 600//954
f 604//960 1221//961 1222//951
f 604//960 1222//951 36//41
f 605//962 606//963 603//959
f 605//962 603//959 602//958
f 607//964 1220//965 1221//961
f 607//964 1221//961 604//960
f 492//946 493//966 608//967
f 492//946 608//967 598//944
f 493//966 494//956 601//955
f 493//966 601//955 608//967
f 606//963 610//968 609//969
f 606//963 609//969 603//959
f 610//968 612//970 611//971
f 610//968 611//971 609//969
f 613//972 607//964 1217//973
f 613//972 1217//973 1214//974
f 615//975 1216//976 1215//977
f 615//975 1215//977 1218//978
f 496//953 1210//979 1208//42
f 496//953 1208//42 36//41
f 1218//978 1219//980 852//981
f 1218//978 852//981 615//975
f 612//970 616//982 28//983
f 612//970 28//983 611//971
f 497//984 490//950 1209//985
f 497//984 1209//985 1207//986
f 39//987 1190//988 1193//989
f 39//987 1193//989 1191//990
f 1191//990 1194//991 1192//992
f 1191//990 1192//992 39//987
f 1200//993 1202//994 1201//995
f 1200//993 1201//995 43//47
f 1199//50 1203//996 1200//993
f 1199//50 1200//993 43//47
f 589//930 301//931 288//997
f 589//930 288//997 617//998
f 289//999 44//1000 1230//1001
f 289//999 1230//1001 1231//1002
f 500//738 594//940 618//1003
f 500//738 618//1003 498//739
f 587//1004 499//735 1228//734
f 587//1004 1228//734 1229//1005
f 594//940 589//930 617//998
f 594//940 617//998 618//1003
f 44//1000 587//1004 1229//1005
f 44//1000 1229//1005 1230//1001
f 1103//1006 1206//1007 599//46
f 1103//1006 599//46 1196//45
f 604//960 36//41 1211//40
f 604//960 1211//40 1212//1008
f 27//33 1110//1009 1107//1010
f 27//33 1107//1010 30//34
f 1109//1011 1213//1012 604//960
f 1109//1011 604//960 1212//1008
f 590//932 586//916 588//928
f 590//932 588//928 591//1013
f 591//1013 588//928 589//930
f 591//1013 589//930 620//1014
f 620//1014 594//940 593//939
f 620//1014 593//939 621//1015
f 594//940 620//1014 589//930
f 595//941 622//1016 621//1015
f 595//941 621//1015 593//939
f 598//944 622//1016 595//941
f 622//1016 598//944 608//967
f 622//1016 608//967 623//1017
f 623//1017 608//967 601//955
f 623//1017 601//955 624//1018
f 624//1018 601//955 603//959
f 592//938 775//937 776//1019
f 592//938 776//1019 625//1020
f 847//1021 848//1022 786//1023
f 847//1021 786//1023 627//1024
f 627//1024 25//1025 846//1026
f 627//1024 846//1026 847//1021
f 628//1027 629//1028 206//214
f 628//1027 206//214 16//20
f 630//1029 633//1030 632//1031
f 630//1029 632//1031 631//1032
f 633//1030 191//197 207//215
f 633//1030 207//215 632//1031
f 634//1033 632//1031 207//215
f 634//1033 207//215 172//180
f 635//1034 211//219 191//197
f 635//1034 191//197 633//1030
f 636//1035 635//1034 633//1030
f 636//1035 633//1030 630//1029
f 193//199 637//1036 628//1027
f 193//199 628//1027 16//20
f 630//1029 628//1027 637//1036
f 630//1029 637//1036 636//1035
f 631//1032 629//1028 628//1027
f 631//1032 628//1027 630//1029
f 640//1037 733//1038 734//1039
f 640//1037 734//1039 641//1040
f 734//1039 735//212 205//213
f 734//1039 205//213 641//1040
f 731//179 732//1041 634//1033
f 731//179 634//1033 172//180
f 641//1040 205//213 206//214
f 641//1040 206//214 629//1028
f 632//1031 634//1033 640//1037
f 632//1031 640//1037 631//1032
f 641//1040 629//1028 631//1032
f 641//1040 631//1032 640//1037
f 640//1037 634//1033 732//1041
f 640//1037 732//1041 733//1038
f 187//193 648//1042 647//1043
f 187//193 647//1043 190//194
f 715//1044 716//1045 645//1046
f 715//1044 645//1046 638//1047
f 651//1048 646//1049 717//1050
f 651//1048 717//1050 718//1051
f 718//1051 719//1052 655//1053
f 718//1051 655//1053 651//1048
f 656//1054 655//1053 719//1052
f 656//1054 719//1052 720//1055
f 720//1055 801//1056 802//1057
f 720//1055 802//1057 656//1054
f 721//1058 722//1059 187//193
f 721//1058 187//193 188//196
f 722//1059 723//1060 648//1042
f 722//1059 648//1042 187//193
f 1165//1061 1166//1062 726//1063
f 1165//1061 726//1063 664//1064
f 728//1065 729//1066 668//1067
f 728//1065 668//1067 667//1068
f 727//1069 728//1065 667//1068
f 727//1069 667//1068 670//1070
f 726//1063 753//1071 754//1072
f 726//1063 754//1072 664//1064
f 724//1073 725//1074 663//1075
f 724//1073 663//1075 672//1076
f 716//1045 717//1050 646//1049
f 716//1045 646//1049 645//1046
f 730//1077 715//1044 638//1047
f 730//1077 638//1047 639//1078
f 674//1079 611//971 28//983
f 674//1079 28//983 29//1080
f 624//1018 603//959 609//969
f 624//1018 609//969 675//1081
f 675//1081 609//969 611//971
f 675//1081 611//971 674//1079
f 782//1082 785//1083 626//1084
f 782//1082 626//1084 676//1085
f 676//1085 626//1084 24//1086
f 676//1085 24//1086 26//1087
f 625//1020 776//1019 777//1088
f 625//1020 777//1088 677//1089
f 678//1090 679//1091 778//1092
f 678//1090 778//1092 779//1093
f 777//1088 778//1092 679//1091
f 777//1088 679//1091 677//1089
f 680//1094 781//1095 782//1082
f 680//1094 782//1082 676//1085
f 678//1090 779//1093 780//1096
f 678//1090 780//1096 681//1097
f 780//1096 781//1095 680//1094
f 780//1096 680//1094 681//1097
f 1123//1098 1124//1099 125//859
f 1123//1098 125//859 573//862
f 592//938 683//1100 576//864
f 592//938 576//864 577//868
f 772//1101 773//1102 683//1100
f 772//1101 683//1100 686//1103
f 22//32 766//1104 767//29
f 676//1085 26//1087 684//1105
f 676//1085 684//1105 680//1094
f 612//970 610//968 395//1106
f 612//970 395//1106 397//1107
f 616//982 612//970 397//1107
f 616//982 397//1107 384//1108
f 385//1109 615//975 852//981
f 385//1109 852//981 853//1110
f 613//972 615//975 385//1109
f 613//972 385//1109 388//1111
f 389//1112 607//964 613//972
f 389//1112 613//972 388//1111
f 873//1113 1220//965 607//964
f 873//1113 607//964 389//1112
f 393//1114 606//963 605//962
f 393//1114 605//962 390//1115
f 395//1106 610//968 606//963
f 395//1106 606//963 393//1114
f 677//1089 687//1116 686//1103
f 677//1089 686//1103 625//1020
f 686//1103 683//1100 592//938
f 686//1103 592//938 625//1020
f 688//1117 689//1118 678//1090
f 688//1117 678//1090 681//1097
f 688//1117 681//1097 680//1094
f 688//1117 680//1094 684//1105
f 679//1091 690//1119 687//1116
f 679//1091 687//1116 677//1089
f 678//1090 689//1118 690//1119
f 678//1090 690//1119 679//1091
f 815//1120 816//1121 688//1117
f 815//1120 688//1117 684//1105
f 689//1118 817//1122 694//1123
f 689//1118 694//1123 690//1119
f 690//1119 694//1123 692//1124
f 690//1119 692//1124 687//1116
f 816//1121 817//1122 689//1118
f 816//1121 689//1118 688//1117
f 627//1024 786//1023 1117//1125
f 695//1126 787//1127 1116//1128
f 695//1126 1116//1128 696//1129
f 696//1129 788//1130 1115//1131
f 697//1132 789//1133 1114//1134
f 697//1132 1114//1134 698//1135
f 698//1135 790//1136 1113//1137
f 698//1135 1113//1137 699//1138
f 699//1138 791//1139 1112//1140
f 699//1138 1112//1140 714//1141
f 1131//1142 700//1143 792//1144
f 1131//1142 792//1144 793//1145
f 25//1025 627//1024 695//1126
f 25//1025 695//1126 34//1146
f 822//134 794//1147 823//1148
f 697//1132 704//1149 703//1150
f 697//1132 703//1150 696//1129
f 696//1129 703//1150 34//1146
f 696//1129 34//1146 695//1126
f 570//854 1127//913 1128//1151
f 570//854 1128//1151 580//875
f 1128//1151 1129//1152 702//1153
f 1128//1151 702//1153 580//875
f 770//37 771//1154 708//1155
f 770//37 708//1155 33//38
f 707//1156 709//910 32//1157
f 707//1156 32//1157 31//1158
f 710//1159 712//1160 705//1161
f 710//1159 705//1161 711//911
f 1132//1162 1133//1163 713//1164
f 1132//1162 713//1164 704//1149
f 707//1156 710//1159 711//911
f 707//1156 711//911 709//910
f 698//1135 1132//1162 704//1149
f 698//1135 704//1149 697//1132
f 712//1160 699//1138 714//1141
f 712//1160 714//1141 705//1161
f 714//1141 700//1143 701//1165
f 714//1141 701//1165 705//1161
f 1167//1166 1168//1167 181//1168
f 1167//1166 181//1168 661//1169
f 751//1170 752//1171 661//1169
f 751//1170 661//1169 181//1168
f 666//1172 669//1173 182//1174
f 666//1172 182//1174 183//1175
f 665//1176 666//1172 183//1175
f 665//1176 183//1175 184//1177
f 665//1176 184//1177 204//1178
f 665//1176 204//1178 673//1179
f 673//1179 204//1178 642//1180
f 673//1179 642//1180 650//1181
f 643//1182 649//1183 650//1181
f 643//1182 650//1181 642//1180
f 644//1184 653//1185 649//1183
f 644//1184 649//1183 643//1182
f 653//1185 644//1184 173//1186
f 653//1185 173//1186 652//1187
f 174//1188 654//1189 652//1187
f 174//1188 652//1187 173//1186
f 175//1190 657//1191 654//1189
f 175//1190 654//1189 174//1188
f 799//1192 800//1193 657//1191
f 799//1192 657//1191 175//1190
f 177//1194 659//1195 658//1196
f 177//1194 658//1196 176//1197
f 659//1195 177//1194 178//1198
f 659//1195 178//1198 660//1199
f 671//1200 660//1199 178//1198
f 671//1200 178//1198 179//1201
f 180//1202 662//1203 671//1200
f 180//1202 671//1200 179//1201
f 672//1076 663//1075 186//1204
f 672//1076 186//1204 685//1205
f 664//1064 185//1206 1164//1207
f 664//1064 1164//1207 1165//1061
f 754//1072 755//1208 185//1206
f 754//1072 185//1206 664//1064
f 729//1066 730//1077 639//1078
f 729//1066 639//1078 668//1067
f 723//1060 724//1073 672//1076
f 723//1060 672//1076 648//1042
f 647//1043 648//1042 672//1076
f 647//1043 672//1076 685//1205
f 203//211 1182//1209 1183//1210
f 201//207 1181//1211 1182//1209
f 201//207 1182//1209 203//211
f 1180//1212 1181//1211 201//207
f 1180//1212 201//207 202//210
f 1178//1213 1179//1214 1173//1215
f 560//839 116//122 119//124
f 560//839 119//124 562//840
f 116//122 1143//1216 1137//1217
f 116//122 1137//1217 115//119
f 556//831 112//118 1142//1218
f 556//831 1142//1218 1138//1219
f 553//829 111//115 112//118
f 553//829 112//118 556//831
f 960//828 961//817 111//115
f 960//828 111//115 553//829
f 509//767 554//848 566//846
f 509//767 566//846 122//128
f 563//845 121//125 122//128
f 563//845 122//128 566//846
f 971//809 972//842 562//840
f 971//809 562//840 119//124
f 578//867 52//58 506//765
f 578//867 506//765 579//871
f 567//851 569//855 955//873
f 567//851 955//873 956//869
f 512//850 568//852 569//855
f 512//850 569//855 567//851
f 1119//770 59//63 571//857
f 1119//770 571//857 1153//856
f 59//63 1118//66 1144//858
f 59//63 1144//858 571//857
f 572//860 55//59 56//62
f 572//860 56//62 574//861
f 976//806 977//866 574//861
f 976//806 574//861 56//62
f 575//863 51//55 52//58
f 575//863 52//58 578//867
f 481//703 241//255 242//254
f 481//703 242//254 262//280
f 262//280 242//254 243//253
f 262//280 243//253 263//281
f 259//274 417//512 418//513
f 259//274 418//513 258//275
f 258//275 418//513 241//255
f 258//275 241//255 481//703
f 263//281 243//253 435//543
f 263//281 435//543 261//279
f 261//279 435//543 434//542
f 261//279 434//542 260//276
f 416//510 436//544 417//512
f 416//510 417//512 259//274
f 260//276 434//542 436//544
f 260//276 436//544 416//510
f 464//658 245//259 246//258
f 464//658 246//258 270//298
f 270//298 246//258 247//257
f 270//298 247//257 271//299
f 267//292 422//520 423//521
f 267//292 423//521 266//293
f 266//293 423//521 245//259
f 266//293 245//259 464//658
f 271//299 247//257 438//546
f 271//299 438//546 268//294
f 268//294 438//546 437//545
f 268//294 437//545 269//295
f 421//518 439//547 422//520
f 421//518 422//520 267//292
f 269//295 437//545 439//547
f 269//295 439//547 421//518
f 447//585 253//267 254//266
f 447//585 254//266 157//163
f 157//163 254//266 255//265
f 157//163 255//265 160//164
f 151//157 427//530 428//531
f 151//157 428//531 150//158
f 150//158 428//531 253//267
f 150//158 253//267 447//585
f 160//164 255//265 441//549
f 160//164 441//549 79//83
f 79//83 441//549 440//548
f 79//83 440//548 82//84
f 426//528 442//550 427//530
f 426//528 427//530 151//157
f 82//84 440//548 442//550
f 82//84 442//550 426//528
f 446//567 249//263 250//262
f 446//567 250//262 284//334
f 284//334 250//262 251//261
f 284//334 251//261 285//335
f 281//328 432//538 433//539
f 281//328 433//539 280//329
f 280//329 433//539 249//263
f 280//329 249//263 446//567
f 285//335 251//261 444//552
f 285//335 444//552 282//330
f 282//330 444//552 443//551
f 282//330 443//551 283//331
f 431//536 445//553 432//538
f 431//536 432//538 281//328
f 283//331 443//551 445//553
f 283//331 445//553 431//536
f 522//780 527//783 524//782
f 522//780 524//782 521//781
f 530//788 528//787 529//786
f 530//788 529//786 533//789
f 521//781 524//782 548//824
f 521//781 548//824 65//69
f 65//69 548//824 549//823
f 65//69 549//823 64//70
f 64//70 549//823 550//825
f 64//70 550//825 511//769
f 511//769 550//825 528//787
f 511//769 528//787 530//788
f 533//789 529//786 581//902
f 533//789 581//902 113//900
f 113//900 581//902 582//901
f 113//900 582//901 118//1220
f 118//1220 582//901 583//903
f 118//1220 583//903 117//905
f 117//905 583//903 527//783
f 117//905 527//783 522//780
f 649//1183 716//1045 715//1044
f 649//1183 715//1044 650//1181
f 649//1183 653//1185 717//1050
f 649//1183 717//1050 716//1045
f 718//1051 717//1050 653//1185
f 718//1051 653//1185 652//1187
f 654//1189 719//1052 718//1051
f 654//1189 718//1051 652//1187
f 720//1055 719//1052 654//1189
f 720//1055 654//1189 657//1191
f 800//1193 801//1056 720//1055
f 800//1193 720//1055 657//1191
f 659//1195 722//1059 721//1058
f 659//1195 721//1058 658//1196
f 660//1199 723//1060 722//1059
f 660//1199 722//1059 659//1195
f 671//1200 724//1073 723//1060
f 671//1200 723//1060 660//1199
f 671//1200 662//1203 725//1074
f 671//1200 725//1074 724//1073
f 661//1169 726//1063 1166//1062
f 661//1169 1166//1062 1167//1166
f 661//1169 752//1171 753//1071
f 661//1169 753//1071 726//1063
f 669//1173 666//1172 728//1065
f 669//1173 728//1065 727//1069
f 665//1176 729//1066 728//1065
f 665//1176 728//1065 666//1172
f 673//1179 730//1077 729//1066
f 673//1179 729//1066 665//1176
f 673//1179 650//1181 715//1044
f 673//1179 715//1044 730//1077
f 644//1184 732//1041 731//179
f 644//1184 731//179 173//1186
f 733//1038 732//1041 644//1184
f 733//1038 644//1184 643//1182
f 734//1039 733//1038 643//1182
f 734//1039 643//1182 642//1180
f 204//1178 735//212 734//1039
f 204//1178 734//1039 642//1180
f 184//1177 736//192 735//212
f 184//1177 735//212 204//1178
f 184//1177 183//1175 737//190
f 184//1177 737//190 736//192
f 183//1175 182//1174 738//191
f 183//1175 738//191 737//190
f 750//189 751//1170 181//1168
f 750//189 181//1168 739//187
f 1168//1167 1169//188 739//187
f 1168//1167 739//187 181//1168
f 741//185 740//186 180//1202
f 741//185 180//1202 179//1201
f 179//1201 178//1198 742//183
f 179//1201 742//183 741//185
f 177//1194 743//184 742//183
f 177//1194 742//183 178//1198
f 744//220 743//184 177//1194
f 744//220 177//1194 176//1197
f 745//182 798//181 799//1192
f 745//182 799//1192 175//1190
f 746//178 745//182 175//1190
f 746//178 175//1190 174//1188
f 731//179 746//178 174//1188
f 731//179 174//1188 173//1186
f 194//200 8//15 748//9
f 194//200 748//9 747//201
f 7//18 749//10 748//9
f 7//18 748//9 8//15
f 738//191 750//189 749//10
f 738//191 749//10 7//18
f 182//1174 751//1170 750//189
f 182//1174 750//189 738//191
f 669//1173 752//1171 751//1170
f 669//1173 751//1170 182//1174
f 753//1071 752//1171 669//1173
f 753//1071 669//1173 727//1069
f 754//1072 753//1071 727//1069
f 754//1072 727//1069 670//1070
f 713//1164 1133//1163 1134//1221
f 713//1164 1134//1221 809//1222
f 758//1223 757//1224 210//223
f 758//1223 210//223 19//222
f 759//1225 758//1223 19//222
f 759//1225 19//222 18//221
f 18//221 744//220 760//1226
f 18//221 760//1226 759//1225
f 761//1227 760//1226 744//220
f 761//1227 744//220 176//1197
f 176//1197 658//1196 762//1228
f 176//1197 762//1228 761//1227
f 658//1196 721//1058 763//1229
f 658//1196 763//1229 762//1228
f 764//1230 763//1229 721//1058
f 764//1230 721//1058 188//196
f 188//196 189//195 765//1231
f 188//196 765//1231 764//1230
f 814//1232 815//1120 684//1105
f 814//1232 684//1105 26//1087
f 26//1087 24//1086 813//1233
f 26//1087 813//1233 814//1232
f 845//1234 846//1026 25//1025
f 845//1234 25//1025 812//1235
f 34//1146 811//1236 812//1235
f 34//1146 812//1235 25//1025
f 703//1150 810//1237 811//1236
f 703//1150 811//1236 34//1146
f 692//1124 772//1101 686//1103
f 692//1124 686//1103 687//1116
f 692//1124 818//1238 804//1239
f 692//1124 804//1239 772//1101
f 819//865 576//864 683//1100
f 819//865 683//1100 773//1102
f 591//1013 840//1240 841//933
f 591//1013 841//933 590//932
f 839//1241 840//1240 591//1013
f 839//1241 591//1013 620//1014
f 838//1242 839//1241 620//1014
f 838//1242 620//1014 621//1015
f 621//1015 622//1016 837//1243
f 621//1015 837//1243 838//1242
f 836//1244 837//1243 622//1016
f 836//1244 622//1016 623//1017
f 835//1245 836//1244 623//1017
f 835//1245 623//1017 624//1018
f 675//1081 834//1246 835//1245
f 675//1081 835//1245 624//1018
f 833//1247 834//1246 675//1081
f 833//1247 675//1081 674//1079
f 783//1248 774//936 577//868
f 783//1248 577//868 128//870
f 127//874 784//1249 953//1250
f 127//874 953//1250 954//872
f 29//1080 832//1251 833//1247
f 29//1080 833//1247 674//1079
f 849//1252 850//35 30//34
f 849//1252 30//34 831//1253
f 1107//1010 1108//1254 831//1253
f 1107//1010 831//1253 30//34
f 829//1255 1104//1256 1105//1257
f 829//1255 1105//1257 1111//1258
f 1100//1259 1101//1260 829//1255
f 1100//1259 829//1255 37//1261
f 827//1262 1097//1263 1098//1264
f 827//1262 1098//1264 41//1265
f 1064//1266 827//1262 41//1265
f 1058//926 1059//1267 826//1268
f 1058//926 826//1268 42//927
f 1028//1269 1029//1270 825//1271
f 1028//1269 825//1271 45//1272
f 1026//923 823//1148 824//1273
f 1026//923 824//1273 46//1274
f 796//23 795//218 757//1224
f 796//23 757//1224 758//1223
f 797//24 796//23 758//1223
f 797//24 758//1223 759//1225
f 759//1225 760//1226 798//181
f 759//1225 798//181 797//24
f 799//1192 798//181 760//1226
f 799//1192 760//1226 761//1227
f 761//1227 762//1228 800//1193
f 761//1227 800//1193 799//1192
f 762//1228 763//1229 801//1056
f 762//1228 801//1056 800//1193
f 802//1057 801//1056 763//1229
f 802//1057 763//1229 764//1230
f 693//1275 803//1276 694//1123
f 693//1275 694//1123 817//1122
f 682//1277 805//1278 804//1239
f 682//1277 61//1279 806//1280
f 682//1277 806//1280 805//1278
f 1147//1281 1148//1282 62//1283
f 1147//1281 62//1283 807//1284
f 62//1283 1149//1285 1150//1286
f 62//1283 1150//1286 807//1284
f 515//1287 32//1157 584//1288
f 515//1287 584//1288 808//1289
f 585//909 584//1288 32//1157
f 585//909 32//1157 709//910
f 756//1290 809//1222 1134//1221
f 756//1290 1134//1221 1135//1291
f 771//1154 809//1222 756//1290
f 771//1154 756//1290 708//1155
f 713//1164 810//1237 703//1150
f 713//1164 703//1150 704//1149
f 713//1164 809//1222 771//1154
f 713//1164 771//1154 810//1237
f 811//1236 810//1237 771//1154
f 811//1236 771//1154 770//37
f 812//1235 811//1236 770//37
f 812//1235 770//37 769//27
f 844//26 845//1234 812//1235
f 844//26 812//1235 769//27
f 814//1232 813//1233 768//30
f 814//1232 768//30 767//29
f 767//29 766//1104 815//1120
f 767//29 815//1120 814//1232
f 766//1104 691//1292 816//1121
f 766//1104 816//1121 815//1120
f 693//1275 817//1122 816//1121
f 693//1275 816//1121 691//1292
f 694//1123 803//1276 818//1238
f 694//1123 818//1238 692//1124
f 804//1239 805//1278 773//1102
f 804//1239 773//1102 772//1101
f 773//1102 1123//1098 573//862
f 773//1102 573//862 819//865
f 803//1276 820//1293 818//1238
f 794//1147 793//1145 824//1273
f 794//1147 824//1273 823//1148
f 1029//1270 792//1144 825//1271
f 1059//1267 1112//1140 791//1139
f 1059//1267 791//1139 826//1268
f 1061//1294 1113//1137 790//1136
f 1061//1294 790//1136 827//1262
f 1097//1263 1114//1134 789//1133
f 1097//1263 789//1133 828//1295
f 1101//1260 1115//1131 788//1130
f 1101//1260 788//1130 829//1255
f 1104//1256 1116//1128 787//1127
f 1104//1256 787//1127 830//1296
f 1108//1254 1117//1125 786//1023
f 1108//1254 786//1023 831//1253
f 848//1022 849//1252 831//1253
f 848//1022 831//1253 786//1023
f 833//1247 832//1251 785//1083
f 833//1247 785//1083 782//1082
f 782//1082 781//1095 834//1246
f 782//1082 834//1246 833//1247
f 835//1245 834//1246 781//1095
f 835//1245 781//1095 780//1096
f 780//1096 779//1093 836//1244
f 780//1096 836//1244 835//1245
f 779//1093 778//1092 837//1243
f 779//1093 837//1243 836//1244
f 838//1242 837//1243 778//1092
f 838//1242 778//1092 777//1088
f 777//1088 776//1019 839//1241
f 777//1088 839//1241 838//1242
f 776//1019 775//937 840//1240
f 776//1019 840//1240 839//1241
f 841//933 840//1240 775//937
f 841//933 775//937 774//936
f 842//934 841//933 774//936
f 842//934 774//936 783//1248
f 952//133 953//1250 784//1249
f 952//133 784//1249 822//134
f 768//30 844//26 843//25
f 768//30 843//25 21//31
f 813//1233 845//1234 844//26
f 813//1233 844//26 768//30
f 24//1086 846//1026 845//1234
f 24//1086 845//1234 813//1233
f 847//1021 846//1026 24//1086
f 847//1021 24//1086 626//1084
f 785//1083 848//1022 847//1021
f 785//1083 847//1021 626//1084
f 832//1251 849//1252 848//1022
f 832//1251 848//1022 785//1083
f 29//1080 850//35 849//1252
f 29//1080 849//1252 832//1251
f 851//36 850//35 29//1080
f 851//36 29//1080 28//983
f 852//981 1219//980 28//983
f 852//981 28//983 616//982
f 853//1110 852//981 616//982
f 853//1110 616//982 384//1108
f 854//469 1017//468 1008//483
f 854//469 1008//483 383//482
f 855//707 854//469 383//482
f 855//707 383//482 483//704
f 856//325 855//707 483//704
f 856//325 483//704 106//109
f 1275//108 1276//322 856//325
f 1275//108 856//325 106//109
f 858//500 857//562 103//563
f 858//500 103//563 408//503
f 859//501 858//500 408//503
f 859//501 408//503 407//502
f 860//326 859//501 407//502
f 860//326 407//502 162//170
f 163//169 861//327 860//326
f 163//169 860//326 162//170
f 430//534 862//537 861//327
f 430//534 861//327 163//169
f 863//332 862//537 430//534
f 863//332 430//534 70//72
f 864//333 863//332 70//72
f 864//333 70//72 67//71
f 865//336 864//333 67//71
f 865//336 67//71 170//176
f 866//337 865//336 170//176
f 866//337 170//176 169//175
f 867//492 866//337 169//175
f 867//492 169//175 399//489
f 868//493 867//492 399//489
f 868//493 399//489 400//488
f 869//557 868//493 400//488
f 869//557 400//488 98//555
f 99//104 870//339 1280//338
f 99//104 1280//338 1281//101
f 487//717 871//714 870//339
f 487//717 870//339 99//104
f 872//474 871//714 487//717
f 872//474 487//717 391//479
f 1012//478 1013//475 872//474
f 1012//478 872//474 391//479
f 390//1115 605//962 874//1297
f 390//1115 874//1297 873//1113
f 875//1298 874//1297 605//962
f 875//1298 605//962 602//958
f 876//1299 875//1298 602//958
f 876//1299 602//958 600//954
f 877//1300 876//1299 600//954
f 877//1300 600//954 495//957
f 878//427 981//730 982//728
f 878//427 982//728 352//440
f 1250//443 1251//424 878//427
f 1250//443 878//427 352//440
f 880//594 879//614 351//616
f 880//594 351//616 449//592
f 881//245 880//594 449//592
f 881//245 449//592 232//321
f 1288//320 1289//242 881//245
f 1288//320 881//245 232//321
f 883//458 882//576 231//578
f 883//458 231//578 376//463
f 884//459 883//458 376//463
f 884//459 376//463 375//462
f 885//155 1328//587 1329//588
f 885//155 1329//588 149//317
f 149//317 152//316 886//156
f 149//317 886//156 885//155
f 152//316 424//526 887//529
f 152//316 887//529 886//156
f 888//85 887//529 424//526
f 888//85 424//526 81//310
f 889//86 888//85 81//310
f 889//86 81//310 80//313
f 890//165 889//86 80//313
f 890//165 80//313 159//308
f 891//166 890//165 159//308
f 891//166 159//308 158//309
f 158//309 1323//581 1324//582
f 158//309 1324//582 891//166
f 367//447 368//446 893//449
f 367//447 893//449 892//448
f 368//446 238//569 894//570
f 368//446 894//570 893//449
f 1283//250 1284//306 239//307
f 1283//250 239//307 895//251
f 239//307 453//604 896//601
f 239//307 896//601 895//251
f 453//604 358//607 897//608
f 453//604 897//608 896//601
f 1245//432 1246//434 359//437
f 1245//432 359//437 898//433
f 359//437 986//725 987//722
f 359//437 987//722 898//433
f 597//943 900//1301 899//1302
f 597//943 899//1302 491//945
f 596//942 901//1303 900//1301
f 596//942 900//1301 597//943
f 902//1304 901//1303 596//942
f 902//1304 596//942 503//745
f 992//744 993//746 902//1304
f 992//744 902//1304 503//745
f 1260//399 1261//382 903//385
f 1260//399 903//385 320//400
f 905//288 904//626 319//627
f 905//288 319//627 219//229
f 906//289 905//288 219//229
f 906//289 219//229 216//228
f 907//643 1298//642 1299//645
f 907//643 1299//645 461//644
f 908//416 907//643 461//644
f 908//416 461//644 344//419
f 909//417 908//416 344//419
f 909//417 344//419 343//418
f 910//290 1318//660 1319//661
f 910//290 1319//661 140//148
f 141//147 911//291 910//290
f 141//147 910//290 140//148
f 420//516 912//519 911//291
f 420//516 911//291 141//147
f 913//296 912//519 420//516
f 913//296 420//516 78//80
f 914//297 913//296 78//80
f 914//297 78//80 75//79
f 915//300 914//297 75//79
f 915//300 75//79 148//154
f 916//301 915//300 148//154
f 916//301 148//154 147//153
f 1313//654 1314//655 916//301
f 1313//654 916//301 147//153
f 918//409 917//408 335//405
f 918//409 335//405 336//404
f 919//637 918//409 336//404
f 919//637 336//404 457//633
f 1293//632 1294//634 919//637
f 1293//632 919//637 457//633
f 225//236 921//303 920//302
f 225//236 920//302 224//237
f 922//621 921//303 225//236
f 922//621 225//236 327//619
f 326//395 923//391 1255//390
f 326//395 1255//390 1256//392
f 498//739 924//1305 997//733
f 498//739 997//733 988//736
f 925//1306 924//1305 498//739
f 925//1306 498//739 618//1003
f 926//1307 925//1306 618//1003
f 926//1307 618//1003 617//998
f 927//1308 926//1307 617//998
f 927//1308 617//998 288//997
f 1270//357 1271//340 1007//343
f 1270//357 1007//343 998//358
f 929//695 928//763 287//752
f 929//695 287//752 478//696
f 930//271 929//695 478//696
f 930//271 478//696 96//99
f 1308//98 1309//268 930//271
f 1308//98 930//271 96//99
f 932//677 931//676 93//679
f 932//677 93//679 470//678
f 933//374 932//677 470//678
f 933//374 470//678 312//377
f 934//375 933//374 312//377
f 934//375 312//377 311//376
f 935//272 934//375 311//376
f 935//272 311//376 130//138
f 131//137 936//273 935//272
f 131//137 935//272 130//138
f 414//508 937//511 936//273
f 414//508 936//273 131//137
f 938//277 937//511 414//508
f 938//277 414//508 71//75
f 939//278 938//277 71//75
f 939//278 71//75 72//78
f 940//282 939//278 72//78
f 940//282 72//78 138//144
f 941//283 940//282 138//144
f 941//283 138//144 137//143
f 942//366 941//283 137//143
f 942//366 137//143 303//363
f 943//367 942//366 303//363
f 943//367 303//363 304//362
f 944//670 943//367 304//362
f 944//670 304//362 466//667
f 945//671 944//670 466//667
f 945//671 466//667 88//666
f 89//94 946//285 1303//284
f 89//94 1303//284 1304//91
f 947//687 946//285 89//94
f 947//687 89//94 473//685
f 948//758 947//687 473//685
f 948//758 473//685 295//756
f 1002//353 1003//349 1265//348
f 1002//353 1265//348 1266//350
f 47//917 950//919 949//918
f 47//917 949//918 294//914
f 47//917 50//935 951//53
f 47//917 951//53 1205//52
f 842//934 952//133 951//53
f 842//934 951//53 50//935
f 783//1248 953//1250 952//133
f 783//1248 952//133 842//934
f 954//872 953//1250 783//1248
f 954//872 783//1248 128//870
f 579//871 955//873 954//872
f 579//871 954//872 128//870
f 956//869 955//873 579//871
f 956//869 579//871 506//765
f 957//819 956//869 506//765
f 957//819 506//765 507//764
f 507//764 1154//795 1155//820
f 507//764 1155//820 957//819
f 536//878 1343//877 1344//881
f 536//878 1344//881 958//880
f 551//849 554//848 960//828
f 551//849 960//828 959//827
f 554//848 509//767 961//817
f 554//848 961//817 960//828
f 509//767 1339//766 1340//818
f 509//767 1340//818 961//817
f 963//815 962//899 508//896
f 963//815 508//896 535//793
f 964//816 963//815 535//793
f 964//816 535//793 534//792
f 534//792 547//826 965//814
f 534//792 965//814 964//816
f 547//826 545//822 966//812
f 547//826 966//812 965//814
f 545//822 546//821 967//813
f 545//822 967//813 966//812
f 968//810 967//813 546//821
f 968//810 546//821 517//777
f 517//777 518//776 969//811
f 517//777 969//811 968//810
f 518//776 124//907 970//906
f 518//776 970//906 969//811
f 971//809 1336//808 1337//126
f 971//809 1337//126 121//125
f 121//125 563//845 972//842
f 121//125 972//842 971//809
f 563//845 564//844 973//843
f 563//845 973//843 972//842
f 1350//892 1351//895 538//894
f 1350//892 538//894 974//893
f 975//805 1161//807 1162//796
f 975//805 1162//796 54//56
f 976//806 975//805 54//56
f 976//806 54//56 51//55
f 51//55 575//863 977//866
f 51//55 977//866 976//806
f 979//731 978//723 490//950
f 979//731 490//950 497//984
f 497//984 496//953 980//729
f 497//984 980//729 979//731
f 981//730 980//729 496//953
f 981//730 496//953 1223//952
f 982//728 981//730 877//1300
f 982//728 877//1300 495//957
f 495//957 494//956 983//727
f 495//957 983//727 982//728
f 984//726 983//727 494//956
f 984//726 494//956 493//966
f 985//724 984//726 493//966
f 985//724 493//966 492//946
f 986//725 985//724 492//946
f 986//725 492//946 491//945
f 987//722 986//725 491//945
f 987//722 491//945 899//1302
f 978//723 987//722 1224//949
f 978//723 1224//949 490//950
f 329//394 989//737 988//736
f 329//394 988//736 326//395
f 331//397 990//740 989//737
f 331//397 989//737 329//394
f 333//401 991//742 990//740
f 333//401 990//740 331//397
f 320//400 992//744 991//742
f 320//400 991//742 333//401
f 903//385 993//746 992//744
f 903//385 992//744 320//400
f 321//384 994//747 993//746
f 321//384 993//746 903//385
f 995//751 994//747 321//384
f 995//751 321//384 324//389
f 325//388 996//732 995//751
f 325//388 995//751 324//389
f 923//391 997//733 996//732
f 923//391 996//732 325//388
f 988//736 997//733 923//391
f 988//736 923//391 326//395
f 999//359 998//358 288//997
f 999//359 288//997 301//931
f 1000//355 999//359 301//931
f 1000//355 301//931 299//929
f 1001//352 1000//355 299//929
f 1001//352 299//929 297//915
f 1002//353 1001//352 297//915
f 1002//353 297//915 294//914
f 294//914 949//918 1003//349
f 294//914 1003//349 1002//353
f 1004//346 1003//349 949//918
f 1004//346 949//918 293//921
f 1005//347 1004//346 293//921
f 1005//347 293//921 292//1309
f 292//1309 289//999 1006//342
f 292//1309 1006//342 1005//347
f 1007//343 1006//342 289//999
f 1007//343 289//999 1231//1002
f 998//358 1007//343 927//1308
f 998//358 927//1308 288//997
f 1009//484 1008//483 1232//1310
f 1009//484 1232//1310 1233//1311
f 1010//481 1009//484 1233//1311
f 1010//481 1233//1311 1234//1312
f 1011//477 1010//481 1234//1312
f 1011//477 1234//1312 1235//1313
f 1012//478 1011//477 1235//1313
f 1012//478 1235//1313 1236//1314
f 1236//1314 1237//1315 1013//475
f 1236//1314 1013//475 1012//478
f 1014//471 1013//475 1237//1315
f 1014//471 1237//1315 1238//1316
f 1015//472 1014//471 1238//1316
f 1015//472 1238//1316 1239//1317
f 1239//1317 1240//1318 1016//467
f 1239//1317 1016//467 1015//472
f 1017//468 1016//467 1240//1318
f 1017//468 1240//1318 1241//1319
f 1008//483 1017//468 1241//1319
f 1008//483 1241//1319 1232//1310
f 977//866 819//865 573//862
f 977//866 573//862 574//861
f 580//875 702//1153 784//1249
f 580//875 784//1249 127//874
f 701//1165 706//908 711//911
f 701//1165 711//911 705//1161
f 1130//1320 1131//1142 793//1145
f 1130//1320 793//1145 794//1147
f 1129//1152 1130//1320 794//1147
f 1129//1152 794//1147 702//1153
f 702//1153 794//1147 822//134
f 702//1153 822//134 784//1249
f 339//407 338//406 1019//412
f 339//407 1019//412 1022//411
f 1023//650 458//636 459//639
f 1023//650 459//639 1020//651
f 460//641 345//415 1021//522
f 460//641 1021//522 1024//652
f 1018//410 1025//523 342//414
f 1018//410 342//414 340//1321
f 338//406 458//636 1023//650
f 338//406 1023//650 1019//412
f 339//407 1022//411 1018//410
f 339//407 1018//410 340//1321
f 342//414 1025//523 1021//522
f 342//414 1021//522 345//415
f 460//641 1024//652 1020//651
f 460//641 1020//651 459//639
f 1027//48 1030//922 1026//923
f 1027//48 1026//923 46//1274
f 1028//1269 1031//49 1027//48
f 1028//1269 1027//48 46//1274
f 824//1273 1029//1270 1028//1269
f 824//1273 1028//1269 46//1274
f 823//1148 1026//923 49//54
f 823//1148 49//54 822//134
f 1201//995 1030//922 1027//48
f 1201//995 1027//48 43//47
f 1198//1322 1031//49 1028//1269
f 1198//1322 1028//1269 45//1272
f 45//1272 1032//1323 1197//1324
f 45//1272 1197//1324 1198//1322
f 825//1271 1032//1323 45//1272
f 793//1145 792//1144 1029//1270
f 793//1145 1029//1270 824//1273
f 307//365 1037//369 1033//368
f 307//365 1033//368 308//702
f 306//364 467//669 1038//699
f 306//364 1038//699 1034//370
f 469//675 1039//701 1035//700
f 469//675 1035//700 468//673
f 310//372 1040//515 1036//514
f 310//372 1036//514 313//373
f 307//365 306//364 1034//370
f 307//365 1034//370 1037//369
f 1038//699 467//669 468//673
f 1038//699 468//673 1035//700
f 469//675 313//373 1036//514
f 469//675 1036//514 1039//701
f 1033//368 1040//515 310//372
f 1033//368 310//372 308//702
f 86//89 1046//689 1041//688
f 86//89 1041//688 85//90
f 475//686 290//757 1047//759
f 475//686 1047//759 1042//690
f 286//762 1048//761 1043//760
f 286//762 1043//760 291//1325
f 477//694 257//270 1045//693
f 477//694 1045//693 1044//692
f 1045//693 257//270 85//90
f 1045//693 85//90 1041//688
f 86//89 475//686 1042//690
f 86//89 1042//690 1046//689
f 1047//759 290//757 291//1325
f 1047//759 291//1325 1043//760
f 286//762 477//694 1044//692
f 286//762 1044//692 1048//761
f 212//305 1054//225 1049//224
f 212//305 1049//224 213//1326
f 215//304 322//620 1055//622
f 215//304 1055//622 1050//226
f 318//625 1056//624 1051//623
f 318//625 1051//623 323//1327
f 264//286 1053//525 1052//524
f 264//286 1052//524 265//287
f 1049//224 1053//525 264//286
f 1049//224 264//286 213//1326
f 212//305 215//304 1050//226
f 212//305 1050//226 1054//225
f 1055//622 322//620 323//1327
f 1055//622 323//1327 1051//623
f 318//625 265//287 1052//524
f 318//625 1052//524 1056//624
f 1192//992 1063//925 1057//924
f 1192//992 1057//924 39//987
f 825//1271 1059//1267 1058//926
f 825//1271 1058//926 1032//1323
f 1060//1328 1062//1329 1057//924
f 1060//1328 1057//924 42//927
f 826//1268 1061//1294 1060//1328
f 826//1268 1060//1328 42//927
f 39//987 1057//924 1062//1329
f 39//987 1062//1329 1190//988
f 1063//925 1197//1324 1032//1323
f 1063//925 1032//1323 1058//926
f 1062//1329 1195//44 40//43
f 1062//1329 40//43 1190//988
f 1060//1328 1061//1294 827//1262
f 1060//1328 827//1262 1064//1266
f 370//451 1070//453 1065//452
f 370//451 1065//452 372//1330
f 371//450 226//571 1071//572
f 371//450 1071//572 1066//454
f 230//575 1072//574 1067//573
f 230//575 1067//573 227//1331
f 374//456 1069//533 1068//532
f 374//456 1068//532 377//457
f 1065//452 1069//533 374//456
f 1065//452 374//456 372//1330
f 370//451 371//450 1066//454
f 370//451 1066//454 1070//453
f 1071//572 226//571 227//1331
f 1071//572 227//1331 1067//573
f 230//575 377//457 1068//532
f 230//575 1068//532 1072//574
f 229//240 1078//599 1073//598
f 229//240 1073//598 228//241
f 452//602 354//609 1079//610
f 452//602 1079//610 1074//600
f 350//613 1080//612 1075//611
f 350//613 1075//611 355//1332
f 233//244 1077//597 1076//596
f 233//244 1076//596 450//593
f 1073//598 1077//597 233//244
f 1073//598 233//244 228//241
f 229//240 452//602 1074//600
f 229//240 1074//600 1078//599
f 1079//610 354//609 355//1332
f 1079//610 355//1332 1075//611
f 350//613 450//593 1076//596
f 350//613 1076//596 1080//612
f 403//491 1086//495 1081//494
f 403//491 1081//494 404//566
f 402//490 107//556 1087//558
f 402//490 1087//558 1082//496
f 278//561 1088//560 1083//559
f 278//561 1083//559 108//1333
f 406//498 1085//541 1084//540
f 406//498 1084//540 409//499
f 1081//494 1085//541 406//498
f 1081//494 406//498 404//566
f 403//491 402//490 1082//496
f 403//491 1082//496 1086//495
f 1087//558 107//556 108//1333
f 1087//558 108//1333 1083//559
f 278//561 409//499 1084//540
f 278//561 1084//540 1088//560
f 110//113 1094//712 1089//711
f 110//113 1089//711 109//114
f 486//715 386//470 1095//719
f 486//715 1095//719 1090//713
f 382//466 1096//721 1091//720
f 382//466 1091//720 387//473
f 279//324 1093//710 1092//709
f 279//324 1092//709 484//706
f 1089//711 1093//710 279//324
f 1089//711 279//324 109//114
f 110//113 486//715 1090//713
f 110//113 1090//713 1094//712
f 1095//719 386//470 387//473
f 1095//719 387//473 1091//720
f 382//466 484//706 1092//709
f 382//466 1092//709 1096//721
f 1098//1264 1097//1263 828//1295
f 1098//1264 828//1295 38//1334
f 1099//1335 1103//1006 1098//1264
f 1099//1335 1098//1264 38//1334
f 1100//1259 1102//39 1099//1335
f 1100//1259 1099//1335 38//1334
f 828//1295 1101//1260 1100//1259
f 828//1295 1100//1259 38//1334
f 1105//1257 1104//1256 830//1296
f 1105//1257 830//1296 619//1336
f 1106//1337 1109//1011 1105//1257
f 1106//1337 1105//1257 619//1336
f 1107//1010 1110//1009 1106//1337
f 1107//1010 1106//1337 619//1336
f 830//1296 1108//1254 1107//1010
f 830//1296 1107//1010 619//1336
f 829//1255 1111//1258 37//1261
f 792//1144 1112//1140 1059//1267
f 792//1144 1059//1267 825//1271
f 791//1139 1113//1137 1061//1294
f 791//1139 1061//1294 826//1268
f 790//1136 1114//1134 1097//1263
f 790//1136 1097//1263 827//1262
f 698//1135 1114//1134 790//1136
f 789//1133 1115//1131 1101//1260
f 789//1133 1101//1260 828//1295
f 696//1129 1115//1131 789//1133
f 696//1129 789//1133 697//1132
f 788//1130 1116//1128 1104//1256
f 788//1130 1104//1256 829//1255
f 696//1129 1116//1128 788//1130
f 787//1127 1117//1125 1108//1254
f 787//1127 1108//1254 830//1296
f 627//1024 1117//1125 787//1127
f 627//1024 787//1127 695//1126
f 512//850 513//801 1122//771
f 512//850 1122//771 1119//770
f 58//60 1121//65 1120//64
f 58//60 1120//64 60//799
f 1118//66 1121//65 58//60
f 1118//66 58//60 55//59
f 1122//771 513//801 60//799
f 1122//771 60//799 1120//64
f 773//1102 805//1278 1123//1098
f 805//1278 806//1280 1124//1099
f 805//1278 1124//1099 1123//1098
f 1146//130 1147//1281 807//1284
f 1146//130 807//1284 1125//131
f 807//1284 1150//1286 1151//772
f 807//1284 1151//772 1125//131
f 808//1289 584//1288 1127//913
f 808//1289 1127//913 1126//912
f 1128//1151 1127//913 584//1288
f 1128//1151 584//1288 585//909
f 585//909 706//908 1129//1152
f 585//909 1129//1152 1128//1151
f 701//1165 1130//1320 1129//1152
f 701//1165 1129//1152 706//908
f 701//1165 700//1143 1131//1142
f 701//1165 1131//1142 1130//1320
f 700//1143 714//1141 1112//1140
f 700//1143 1112//1140 792//1144
f 699//1138 1113//1137 791//1139
f 699//1138 712//1160 1132//1162
f 699//1138 1132//1162 698//1135
f 712//1160 710//1159 1133//1163
f 712//1160 1133//1163 1132//1162
f 1134//1221 1133//1163 710//1159
f 1134//1221 710//1159 707//1156
f 1135//1291 1134//1221 707//1156
f 1135//1291 707//1156 31//1158
f 558//1338 1137//1217 1143//1216
f 558//1338 1143//1216 1136//838
f 1138//1219 1142//1218 1137//1217
f 1138//1219 1137//1217 558//1338
f 1139//834 1141//833 1138//1219
f 1139//834 1138//1219 558//1338
f 1136//838 1140//837 1139//834
f 1136//838 1139//834 558//1338
f 557//835 1139//834 1140//837
f 557//835 1140//837 559//836
f 555//832 556//831 1138//1219
f 555//832 1138//1219 1141//833
f 1142//1218 112//118 115//119
f 1142//1218 115//119 1137//1217
f 1136//838 1143//1216 116//122
f 1136//838 116//122 560//839
f 1144//858 1118//66 55//59
f 1144//858 55//59 572//860
f 1145//129 1144//858 572//860
f 1145//129 572//860 125//859
f 1124//1099 1146//130 1145//129
f 1124//1099 1145//129 125//859
f 806//1280 1147//1281 1146//130
f 806//1280 1146//130 1124//1099
f 61//1279 1148//1282 1147//1281
f 61//1279 1147//1281 806//1280
f 1150//1286 1149//1285 515//1287
f 1150//1286 515//1287 808//1289
f 1151//772 1150//1286 808//1289
f 1151//772 808//1289 1126//912
f 1152//773 1151//772 1126//912
f 1152//773 1126//912 514//853
f 514//853 568//852 1153//856
f 514//853 1153//856 1152//773
f 1119//770 1153//856 568//852
f 1119//770 568//852 512//850
f 1155//820 1154//795 536//878
f 1155//820 536//878 958//880
f 1156//804 1155//820 958//880
f 1156//804 958//880 544//883
f 1157//802 1156//804 544//883
f 1157//802 544//883 542//885
f 1158//800 1157//802 542//885
f 1158//800 542//885 541//887
f 1159//797 1158//800 541//887
f 1159//797 541//887 540//889
f 1160//798 1159//797 540//889
f 1160//798 540//889 539//891
f 539//891 974//893 1161//807
f 539//891 1161//807 1160//798
f 1162//796 1161//807 974//893
f 1162//796 974//893 538//894
f 1163//794 1162//796 538//894
f 1163//794 538//894 537//879
f 1154//795 1163//794 537//879
f 1154//795 537//879 536//878
f 1165//1061 1164//1207 186//1204
f 1165//1061 186//1204 663//1075
f 725//1074 1166//1062 1165//1061
f 725//1074 1165//1061 663//1075
f 1167//1166 1166//1062 725//1074
f 1167//1166 725//1074 662//1203
f 662//1203 180//1202 1168//1167
f 662//1203 1168//1167 1167//1166
f 180//1202 740//186 1169//188
f 180//1202 1169//188 1168//1167
f 1170//5 1169//188 740//186
f 1170//5 740//186 4//2
f 4//2 1//1 1171//6
f 4//2 1171//6 1170//5
f 1//1 198//204 1172//205
f 1//1 1172//205 1171//6
f 1179//1214 1180//1212 202//210
f 1179//1214 202//210 1173//1215
f 197//209 1174//1339 1173//1215
f 197//209 1173//1215 202//210
f 194//200 1176//1340 1175//1341
f 194//200 1175//1341 192//198
f 747//201 1177//1342 1176//1340
f 747//201 1176//1340 194//200
f 1178//1213 1177//1342 747//201
f 1178//1213 747//201 195//202
f 1172//205 1179//1214 1178//1213
f 1172//205 1178//1213 195//202
f 198//204 1180//1212 1179//1214
f 198//204 1179//1214 1172//205
f 199//203 1181//1211 1180//1212
f 199//203 1180//1212 198//204
f 1182//1209 1181//1211 199//203
f 1182//1209 199//203 200//206
f 1183//1210 1182//1209 200//206
f 1183//1210 200//206 208//216
f 1184//1343 1183//1210 208//216
f 1184//1343 208//216 210//223
f 1185//1344 1184//1343 210//223
f 1185//1344 210//223 757//1224
f 1186//1345 1185//1344 757//1224
f 1186//1345 757//1224 795//218
f 1187//1346 1186//1345 795//218
f 1187//1346 795//218 209//217
f 636//1035 637//1036 1188//1347
f 1189//1348 1188//1347 637//1036
f 1189//1348 637//1036 193//199
f 193//199 192//198 1175//1341
f 193//199 1175//1341 1189//1348
f 504//748 1193//989 1190//988
f 504//748 1190//988 40//43
f 499//735 1194//991 1191//990
f 499//735 1191//990 505//750
f 1063//925 1192//992 587//1004
f 1063//925 587//1004 1197//1324
f 1191//990 1193//989 504//748
f 1191//990 504//748 505//750
f 587//1004 1192//992 1194//991
f 587//1004 1194//991 499//735
f 1062//1329 1060//1328 1064//1266
f 1062//1329 1064//1266 1195//44
f 1196//45 1195//44 1064//1266
f 1196//45 1064//1266 41//1265
f 1103//1006 1196//45 41//1265
f 1103//1006 41//1265 1098//1264
f 1198//1322 1197//1324 587//1004
f 1198//1322 587//1004 44//1000
f 44//1000 1199//50 1031//49
f 44//1000 1031//49 1198//1322
f 289//999 1203//996 1199//50
f 289//999 1199//50 44//1000
f 292//1309 293//921 1202//994
f 292//1309 1202//994 1200//993
f 1202//994 293//921 48//920
f 1202//994 48//920 1201//995
f 289//999 292//1309 1200//993
f 289//999 1200//993 1203//996
f 48//920 1204//51 1030//922
f 48//920 1030//922 1201//995
f 950//919 1205//52 1204//51
f 950//919 1204//51 48//920
f 47//917 1205//52 950//919
f 1206//1007 1103//1006 1099//1335
f 1206//1007 1099//1335 35//1349
f 1207//986 1209//985 1206//1007
f 1207//986 1206//1007 35//1349
f 1208//42 1210//979 1207//986
f 1208//42 1207//986 35//1349
f 35//1349 1099//1335 1102//39
f 35//1349 1102//39 1208//42
f 1209//985 490//950 599//46
f 1209//985 599//46 1206//1007
f 496//953 497//984 1207//986
f 496//953 1207//986 1210//979
f 1211//40 1102//39 1100//1259
f 1211//40 1100//1259 37//1261
f 1212//1008 1211//40 37//1261
f 1212//1008 37//1261 1111//1258
f 1109//1011 1212//1008 1111//1258
f 1109//1011 1111//1258 1105//1257
f 1213//1012 1109//1011 1106//1337
f 1213//1012 1106//1337 614//1350
f 1214//974 1217//973 1213//1012
f 1214//974 1213//1012 614//1350
f 1215//977 1216//976 1214//974
f 1215//977 1214//974 614//1350
f 614//1350 1106//1337 1110//1009
f 614//1350 1110//1009 1215//977
f 615//975 613//972 1214//974
f 615//975 1214//974 1216//976
f 1217//973 607//964 604//960
f 1217//973 604//960 1213//1012
f 27//33 1218//978 1215//977
f 27//33 1215//977 1110//1009
f 27//33 851//36 1219//980
f 27//33 1219//980 1218//978
f 28//983 1219//980 851//36
f 873//1113 874//1297 1220//965
f 1221//961 1220//965 874//1297
f 1221//961 874//1297 875//1298
f 1222//951 1221//961 875//1298
f 1222//951 875//1298 876//1299
f 1223//952 1222//951 876//1299
f 1223//952 876//1299 877//1300
f 981//730 1223//952 877//1300
f 1224//949 987//722 899//1302
f 899//1302 900//1301 1225//948
f 899//1302 1225//948 1224//949
f 900//1301 901//1303 1226//947
f 900//1301 1226//947 1225//948
f 1227//749 1226//947 901//1303
f 1227//749 901//1303 902//1304
f 993//746 1227//749 902//1304
f 1228//734 997//733 924//1305
f 1229//1005 1228//734 924//1305
f 1229//1005 924//1305 925//1306
f 1230//1001 1229//1005 925//1306
f 1230//1001 925//1306 926//1307
f 1231//1002 1230//1001 926//1307
f 1231//1002 926//1307 927//1308
f 1007//343 1231//1002 927//1308
f 1233//1311 1232//1310 384//1108
f 1233//1311 384//1108 397//1107
f 1234//1312 1233//1311 397//1107
f 1234//1312 397//1107 395//1106
f 1235//1313 1234//1312 395//1106
f 1235//1313 395//1106 393//1114
f 1236//1314 1235//1313 393//1114
f 1236//1314 393//1114 390//1115
f 390//1115 873//1113 1237//1315
f 390//1115 1237//1315 1236//1314
f 1238//1316 1237//1315 873//1113
f 1238//1316 873//1113 389//1112
f 1239//1317 1238//1316 389//1112
f 1239//1317 389//1112 388//1111
f 388//1111 385//1109 1240//1318
f 388//1111 1240//1318 1239//1317
f 1241//1319 1240//1318 385//1109
f 1241//1319 385//1109 853//1110
f 1232//1310 1241//1319 853//1110
f 1232//1310 853//1110 384//1108
f 1243//428 1242//425 350//613
f 1243//428 350//613 355//1332
f 354//609 1244//429 1243//428
f 354//609 1243//428 355//1332
f 897//608 1245//432 1244//429
f 897//608 1244//429 354//609
f 358//607 1246//434 1245//432
f 358//607 1245//432 897//608
f 360//606 1247//435 1246//434
f 360//606 1246//434 358//607
f 362//617 1248//438 1247//435
f 362//617 1247//435 360//606
f 364//615 1249//442 1248//438
f 364//615 1248//438 362//617
f 1250//443 1249//442 364//615
f 1250//443 364//615 351//616
f 879//614 1251//424 1250//443
f 879//614 1250//443 351//616
f 350//613 1242//425 1251//424
f 350//613 1251//424 879//614
f 1253//386 1252//383 318//625
f 1253//386 318//625 323//1327
f 322//620 1254//387 1253//386
f 322//620 1253//386 323//1327
f 922//621 1255//390 1254//387
f 922//621 1254//387 322//620
f 1256//392 1255//390 922//621
f 1256//392 922//621 327//619
f 328//618 1257//393 1256//392
f 328//618 1256//392 327//619
f 330//629 1258//396 1257//393
f 330//629 1257//393 328//618
f 332//628 1259//398 1258//396
f 332//628 1258//396 330//629
f 319//627 1260//399 1259//398
f 319//627 1259//398 332//628
f 904//626 1261//382 1260//399
f 904//626 1260//399 319//627
f 318//625 1252//383 1261//382
f 318//625 1261//382 904//626
f 1263//344 1262//341 286//762
f 1263//344 286//762 291//1325
f 290//757 1264//345 1263//344
f 290//757 1263//344 291//1325
f 948//758 1265//348 1264//345
f 948//758 1264//345 290//757
f 1266//350 1265//348 948//758
f 1266//350 948//758 295//756
f 296//755 1267//351 1266//350
f 296//755 1266//350 295//756
f 298//754 1268//354 1267//351
f 298//754 1267//351 296//755
f 300//753 1269//356 1268//354
f 300//753 1268//354 298//754
f 287//752 1270//357 1269//356
f 287//752 1269//356 300//753
f 928//763 1271//340 1270//357
f 928//763 1270//357 287//752
f 286//762 1262//341 1271//340
f 286//762 1271//340 928//763
f 101//565 1273//105 1272//102
f 101//565 1272//102 97//554
f 104//564 1274//107 1273//105
f 104//564 1273//105 101//565
f 103//563 1275//108 1274//107
f 103//563 1274//107 104//564
f 857//562 1276//322 1275//108
f 857//562 1275//108 103//563
f 278//561 1277//323 1276//322
f 278//561 1276//322 857//562
f 1278//111 1277//323 278//561
f 1278//111 278//561 108//1333
f 107//556 1279//112 1278//111
f 107//556 1278//111 108//1333
f 869//557 1280//338 1279//112
f 869//557 1279//112 107//556
f 1281//101 1280//338 869//557
f 1281//101 869//557 98//555
f 97//554 1272//102 1281//101
f 97//554 1281//101 98//555
f 894//570 1283//250 1282//239
f 894//570 1282//239 226//571
f 238//569 1284//306 1283//250
f 238//569 1283//250 894//570
f 235//568 1285//246 1284//306
f 235//568 1284//306 238//569
f 234//579 1286//247 1285//246
f 234//579 1285//246 235//568
f 277//577 1287//319 1286//247
f 277//577 1286//247 234//579
f 1288//320 1287//319 277//577
f 1288//320 277//577 231//578
f 882//576 1289//242 1288//320
f 882//576 1288//320 231//578
f 230//575 1290//243 1289//242
f 230//575 1289//242 882//576
f 1291//238 1290//243 230//575
f 1291//238 230//575 227//1331
f 226//571 1282//239 1291//238
f 226//571 1291//238 227//1331
f 1293//632 1292//631 221//235
f 1293//632 221//235 224//237
f 920//302 1294//634 1293//632
f 920//302 1293//632 224//237
f 212//305 1295//635 1294//634
f 212//305 1294//634 920//302
f 1296//638 1295//635 212//305
f 1296//638 212//305 213//1326
f 264//286 1297//640 1296//638
f 264//286 1296//638 213//1326
f 1298//642 1297//640 264//286
f 1298//642 264//286 906//289
f 1299//645 1298//642 906//289
f 1299//645 906//289 216//228
f 1300//646 1299//645 216//228
f 1300//646 216//228 217//231
f 1301//648 1300//646 217//231
f 1301//648 217//231 220//232
f 1292//631 1301//648 220//232
f 1292//631 220//232 221//235
f 945//671 1303//284 1302//88
f 945//671 1302//88 83//668
f 1304//91 1303//284 945//671
f 1304//91 945//671 88//666
f 87//665 1305//92 1304//91
f 87//665 1304//91 88//666
f 91//682 1306//95 1305//92
f 91//682 1305//92 87//665
f 94//680 1307//97 1306//95
f 94//680 1306//95 91//682
f 93//679 1308//98 1307//97
f 93//679 1307//97 94//680
f 931//676 1309//268 1308//98
f 931//676 1308//98 93//679
f 256//674 1310//269 1309//268
f 256//674 1309//268 931//676
f 1311//87 1310//269 256//674
f 1311//87 256//674 84//672
f 83//668 1302//88 1311//87
f 83//668 1311//87 84//672
f 1313//654 1312//653 334//402
f 1313//654 334//402 335//405
f 917//408 1314//655 1313//654
f 917//408 1313//654 335//405
f 339//407 1315//656 1314//655
f 339//407 1314//655 917//408
f 1316//657 1315//656 339//407
f 1316//657 339//407 340//1321
f 342//414 1317//659 1316//657
f 342//414 1316//657 340//1321
f 1318//660 1317//659 342//414
f 1318//660 342//414 909//417
f 1319//661 1318//660 909//417
f 1319//661 909//417 343//418
f 1320//662 1319//661 343//418
f 1320//662 343//418 346//421
f 1321//663 1320//662 346//421
f 1321//663 346//421 348//422
f 1312//653 1321//663 348//422
f 1312//653 348//422 334//402
f 1323//581 1322//580 366//444
f 1323//581 366//444 367//447
f 1324//582 1323//581 367//447
f 1324//582 367//447 892//448
f 1325//583 1324//582 892//448
f 1325//583 892//448 370//451
f 1326//584 1325//583 370//451
f 1326//584 370//451 372//1330
f 374//456 1327//586 1326//584
f 374//456 1326//584 372//1330
f 1328//587 1327//586 374//456
f 1328//587 374//456 884//459
f 1329//588 1328//587 884//459
f 1329//588 884//459 375//462
f 379//461 1330//589 1329//588
f 379//461 1329//588 375//462
f 1331//590 1330//589 379//461
f 1331//590 379//461 380//464
f 1322//580 1331//590 380//464
f 1322//580 380//464 366//444
f 1333//120 1332//117 113//900
f 1333//120 113//900 118//1220
f 1334//121 1333//120 118//1220
f 1334//121 118//1220 117//905
f 1335//123 1334//121 117//905
f 1335//123 117//905 120//904
f 120//904 970//906 1336//808
f 120//904 1336//808 1335//123
f 1337//126 1336//808 970//906
f 1337//126 970//906 124//907
f 1338//127 1337//126 124//907
f 1338//127 124//907 123//897
f 508//896 1339//766 1338//127
f 508//896 1338//127 123//897
f 1340//818 1339//766 508//896
f 1340//818 508//896 962//899
f 1341//116 1340//818 962//899
f 1341//116 962//899 114//898
f 1332//117 1341//116 114//898
f 1332//117 114//898 113//900
f 551//849 1343//877 1342//876
f 551//849 1342//876 565//847
f 1344//881 1343//877 551//849
f 1344//881 551//849 959//827
f 1345//882 1344//881 959//827
f 1345//882 959//827 552//830
f 1346//884 1345//882 552//830
f 1346//884 552//830 555//832
f 1347//886 1346//884 555//832
f 1347//886 555//832 557//835
f 1348//888 1347//886 557//835
f 1348//888 557//835 559//836
f 1349//890 1348//888 559//836
f 1349//890 559//836 561//841
f 973//843 1350//892 1349//890
f 973//843 1349//890 561//841
f 564//844 1351//895 1350//892
f 564//844 1350//892 973//843
f 1342//876 1351//895 564//844
f 1342//876 564//844 565//847
f 1450//1351 1454//1352 1451//1353
f 1450//1351 1451//1353 1392//1354
f 1390//1355 1391//1356 1352//1357
f 1390//1355 1352//1357 1353//1358
f 1470//1359 1471//1360 1432//1361
f 1470//1359 1432//1361 1359//1362
f 1434//1363 1435//1364 1357//1365
f 1434//1363 1357//1365 1356//1366
f 1363//1367 1357//1365 1435//1364
f 1363//1367 1435//1364 1436//1368
f 1364//1369 1355//1370 1382//1371
f 1364//1369 1382//1371 1383//1372
f 1384//1373 1385//1374 1365//1375
f 1384//1373 1365//1375 1368//1376
f 1439//1377 1440//1378 1366//1379
f 1439//1377 1366//1379 1369//1380
f 1425//1381 1426//1382 1372//1383
f 1425//1381 1372//1383 1367//1384
f 1375//1385 1444//1386 1445//1387
f 1375//1385 1445//1387 1428//1388
f 1428//1388 1462//1389 1463//1390
f 1428//1388 1463//1390 1375//1385
f 1358//1391 1394//1392 1430//1393
f 1358//1391 1430//1393 1431//1394
f 1436//1368 1437//1395 1363//1367
f 1398//1396 1399//1397 1364//1369
f 1398//1396 1364//1369 1383//1372
f 1352//1357 1391//1356 1405//1398
f 1352//1357 1405//1398 1406//1399
f 1432//1361 1433//1400 1404//1401
f 1432//1361 1404//1401 1359//1362
f 1426//1382 1427//1402 1441//1403
f 1426//1382 1441//1403 1446//1404
f 1381//1405 1457//1406 1458//1407
f 1381//1405 1458//1407 1380//1408
f 1379//1409 1380//1408 1458//1407
f 1379//1409 1458//1407 1459//1410
f 1437//1395 1438//1411 1397//1412
f 1437//1395 1397//1412 1363//1367
f 1383//1372 1382//1371 1407//1413
f 1383//1372 1407//1413 1408//1414
f 1408//1414 1409//1415 1398//1396
f 1408//1414 1398//1396 1383//1372
f 1410//1416 1411//1417 1385//1374
f 1410//1416 1385//1374 1384//1373
f 1411//1417 1412//1418 1402//1419
f 1411//1417 1402//1419 1385//1374
f 1387//1420 1386//1421 1413//1422
f 1387//1420 1413//1422 1414//1423
f 1388//1424 1387//1420 1414//1423
f 1388//1424 1414//1423 1415//1425
f 1389//1426 1388//1424 1415//1425
f 1389//1426 1415//1425 1416//1427
f 1416//1427 1464//1428 1465//1429
f 1416//1427 1465//1429 1389//1426
f 1390//1355 1393//1430 1467//1431
f 1390//1355 1467//1431 1468//1432
f 1468//1432 1473//1433 1391//1356
f 1468//1432 1391//1356 1390//1355
f 1420//1434 1421//1435 1405//1398
f 1420//1434 1405//1398 1391//1356
f 1449//1436 1453//1437 1450//1351
f 1449//1436 1450//1351 1392//1354
f 1429//1438 1430//1393 1394//1392
f 1429//1438 1394//1392 1377//1439
f 1384//1373 1398//1396 1409//1415
f 1384//1373 1409//1415 1410//1416
f 1368//1376 1399//1397 1398//1396
f 1368//1376 1398//1396 1384//1373
f 1401//1440 1424//1441 1425//1381
f 1401//1440 1425//1381 1367//1384
f 1386//1421 1402//1419 1412//1418
f 1386//1421 1412//1418 1413//1422
f 1404//1401 1433//1400 1434//1363
f 1404//1401 1434//1363 1356//1366
f 1392//1354 1452//1442 1456//1443
f 1392//1354 1456//1443 1449//1436
f 1451//1353 1455//1444 1452//1442
f 1451//1353 1452//1442 1392//1354
f 1400//1445 1379//1409 1459//1410
f 1400//1445 1459//1410 1460//1446
f 1438//1411 1439//1377 1369//1380
f 1438//1411 1369//1380 1397//1412
f 1366//1379 1423//1447 1424//1441
f 1366//1379 1424//1441 1401//1440
f 1440//1378 1423//1447 1366//1379
f 1408//1414 1407//1413 1357//1365
f 1408//1414 1357//1365 1363//1367
f 1397//1412 1409//1415 1408//1414
f 1397//1412 1408//1414 1363//1367
f 1410//1416 1409//1415 1397//1412
f 1410//1416 1397//1412 1369//1380
f 1369//1380 1366//1379 1411//1417
f 1369//1380 1411//1417 1410//1416
f 1401//1440 1412//1418 1411//1417
f 1401//1440 1411//1417 1366//1379
f 1413//1422 1412//1418 1401//1440
f 1413//1422 1401//1440 1367//1384
f 1414//1423 1413//1422 1367//1384
f 1414//1423 1367//1384 1372//1383
f 1447//1448 1414//1423 1372//1383
f 1447//1448 1372//1383 1442//1449
f 1416//1427 1415//1425 1443//1450
f 1416//1427 1443//1450 1448//1451
f 1375//1385 1463//1390 1464//1428
f 1375//1385 1464//1428 1416//1427
f 1394//1392 1418//1452 1417//1453
f 1394//1392 1417//1453 1377//1439
f 1419//1454 1418//1452 1394//1392
f 1419//1454 1394//1392 1358//1391
f 1469//1455 1470//1359 1359//1362
f 1469//1455 1359//1362 1420//1434
f 1404//1401 1421//1435 1420//1434
f 1404//1401 1420//1434 1359//1362
f 1422//1456 1421//1435 1404//1401
f 1422//1456 1404//1401 1356//1366
f 1407//1413 1422//1456 1356//1366
f 1407//1413 1356//1366 1357//1365
f 1424//1441 1423//1447 1379//1409
f 1424//1441 1379//1409 1400//1445
f 1425//1381 1424//1441 1400//1445
f 1425//1381 1400//1445 1370//1457
f 1371//1458 1426//1382 1425//1381
f 1371//1458 1425//1381 1370//1457
f 1374//1459 1427//1402 1426//1382
f 1374//1459 1426//1382 1371//1458
f 1428//1388 1427//1402 1374//1459
f 1428//1388 1374//1459 1373//1460
f 1373//1460 1461//1461 1462//1389
f 1373//1460 1462//1389 1428//1388
f 1431//1394 1430//1393 1395//1462
f 1431//1394 1395//1462 1361//1463
f 1360//1464 1432//1361 1471//1360
f 1360//1464 1471//1360 1472//1465
f 1360//1464 1403//1466 1433//1400
f 1360//1464 1433//1400 1432//1361
f 1434//1363 1433//1400 1403//1466
f 1434//1363 1403//1466 1362//1467
f 1396//1468 1381//1405 1439//1377
f 1396//1468 1439//1377 1438//1411
f 1380//1408 1440//1378 1439//1377
f 1380//1408 1439//1377 1381//1405
f 1380//1408 1379//1409 1423//1447
f 1380//1408 1423//1447 1440//1378
f 1442//1449 1446//1404 1441//1403
f 1442//1449 1441//1403 1376//1469
f 1443//1450 1447//1448 1442//1449
f 1443//1450 1442//1449 1376//1469
f 1444//1386 1448//1451 1443//1450
f 1444//1386 1443//1450 1376//1469
f 1441//1403 1445//1387 1444//1386
f 1441//1403 1444//1386 1376//1469
f 1428//1388 1445//1387 1441//1403
f 1428//1388 1441//1403 1427//1402
f 1426//1382 1446//1404 1442//1449
f 1426//1382 1442//1449 1372//1383
f 1415//1425 1414//1423 1447//1448
f 1415//1425 1447//1448 1443//1450
f 1416//1427 1448//1451 1444//1386
f 1416//1427 1444//1386 1375//1385
f 1407//1413 1453//1437 1449//1436
f 1407//1413 1449//1436 1422//1456
f 1355//1370 1454//1352 1450//1351
f 1355//1370 1450//1351 1382//1371
f 1406//1399 1455//1444 1451//1353
f 1406//1399 1451//1353 1354//1470
f 1421//1435 1456//1443 1452//1442
f 1421//1435 1452//1442 1405//1398
f 1382//1371 1450//1351 1453//1437
f 1382//1371 1453//1437 1407//1413
f 1354//1470 1451//1353 1454//1352
f 1354//1470 1454//1352 1355//1370
f 1406//1399 1405//1398 1452//1442
f 1406//1399 1452//1442 1455//1444
f 1449//1436 1456//1443 1421//1435
f 1449//1436 1421//1435 1422//1456
f 1462//1389 1461//1461 1378//1471
f 1462//1389 1378//1471 1429//1438
f 1463//1390 1462//1389 1429//1438
f 1463//1390 1429//1438 1377//1439
f 1464//1428 1463//1390 1377//1439
f 1464//1428 1377//1439 1417//1453
f 1466//1472 1465//1429 1464//1428
f 1466//1472 1464//1428 1417//1453
f 1417//1453 1418//1452 1467//1431
f 1417//1453 1467//1431 1466//1472
f 1468//1432 1467//1431 1418//1452
f 1468//1432 1418//1452 1419//1454
f 1419//1454 1469//1455 1473//1433
f 1419//1454 1473//1433 1468//1432
f 1358//1391 1470//1359 1469//1455
f 1358//1391 1469//1455 1419//1454
f 1431//1394 1471//1360 1470//1359
f 1431//1394 1470//1359 1358//1391
f 1472//1465 1471//1360 1431//1394
f 1472//1465 1431//1394 1361//1463
f 1391//1356 1473//1433 1469//1455
f 1391//1356 1469//1455 1420//1434
f 1476//1473 1557//1474 1558//1475
f 1476//1473 1558//1475 1477//1476
f 1476//1473 1477//1476 1573//1477
f 1476//1473 1573//1477 1570//1478
f 1480//1479 1475//1480 1474//1481
f 1480//1479 1474//1481 1481//1482
f 1487//1483 1488//1484 1479//1485
f 1487//1483 1479//1485 1477//1476
f 1558//1475 1559//1486 1487//1483
f 1558//1475 1487//1483 1477//1476
f 1493//1487 1492//1488 1489//1489
f 1493//1487 1489//1489 1490//1490
f 1500//1491 1503//1492 1502//1493
f 1500//1491 1502//1493 1501//1494
f 1502//1493 1503//1492 1506//1495
f 1502//1493 1506//1495 1505//1496
f 1492//1488 1493//1487 1516//1497
f 1492//1488 1516//1497 1517//1498
f 1522//1499 1556//1500 1557//1474
f 1522//1499 1557//1474 1476//1473
f 1521//1501 1522//1499 1574//1502
f 1521//1501 1574//1502 1571//1503
f 1523//1504 1524//1505 1486//1506
f 1523//1504 1486//1506 1484//1507
f 1525//1508 1526//1509 1495//1510
f 1525//1508 1495//1510 1515//1511
f 1495//1510 1526//1509 1527//1512
f 1495//1510 1527//1512 1494//1513
f 1528//1514 1529//1515 1496//1516
f 1528//1514 1496//1516 1518//1517
f 1529//1515 1530//1518 1497//1519
f 1529//1515 1497//1519 1496//1516
f 1561//1520 1566//1521 1562//1522
f 1561//1520 1562//1522 1499//1523
f 1562//1522 1567//1524 1563//1525
f 1562//1522 1563//1525 1499//1523
f 1577//1526 1578//1527 1533//1528
f 1577//1526 1533//1528 1507//1529
f 1533//1528 1534//1530 1513//1531
f 1533//1528 1513//1531 1507//1529
f 1483//1532 1535//1533 1583//1534
f 1483//1532 1583//1534 1584//1535
f 1537//1536 1538//1537 1485//1538
f 1537//1536 1485//1538 1520//1539
f 1538//1537 1523//1504 1484//1507
f 1538//1537 1484//1507 1485//1538
f 1475//1480 1480//1479 1512//1540
f 1475//1480 1512//1540 1511//1541
f 1534//1530 1535//1533 1483//1532
f 1534//1530 1483//1532 1513//1531
f 1524//1505 1525//1508 1515//1511
f 1524//1505 1515//1511 1486//1506
f 1517//1498 1516//1497 1488//1484
f 1517//1498 1488//1484 1487//1483
f 1554//1542 1539//1543 1510//1544
f 1554//1542 1510//1544 1509//1545
f 1527//1512 1528//1514 1518//1517
f 1527//1512 1518//1517 1494//1513
f 1536//1546 1537//1536 1520//1539
f 1536//1546 1520//1539 1482//1547
f 1474//1481 1522//1499 1521//1501
f 1474//1481 1521//1501 1481//1482
f 1474//1481 1555//1548 1556//1500
f 1474//1481 1556//1500 1522//1499
f 1514//1549 1552//1550 1553//1551
f 1514//1549 1553//1551 1508//1552
f 1553//1551 1554//1542 1509//1545
f 1553//1551 1509//1545 1508//1552
f 1488//1484 1524//1505 1523//1504
f 1488//1484 1523//1504 1479//1485
f 1516//1497 1525//1508 1524//1505
f 1516//1497 1524//1505 1488//1484
f 1493//1487 1526//1509 1525//1508
f 1493//1487 1525//1508 1516//1497
f 1527//1512 1526//1509 1493//1487
f 1527//1512 1493//1487 1490//1490
f 1519//1553 1528//1514 1527//1512
f 1519//1553 1527//1512 1490//1490
f 1491//1554 1529//1515 1528//1514
f 1491//1554 1528//1514 1519//1553
f 1504//1555 1530//1518 1529//1515
f 1504//1555 1529//1515 1491//1554
f 1501//1494 1531//1556 1530//1518
f 1501//1494 1530//1518 1504//1555
f 1502//1493 1532//1557 1531//1556
f 1502//1493 1531//1556 1501//1494
f 1533//1528 1578//1527 1579//1558
f 1533//1528 1579//1558 1580//1559
f 1580//1559 1581//1560 1534//1530
f 1580//1559 1534//1530 1533//1528
f 1581//1560 1582//1561 1535//1533
f 1581//1560 1535//1533 1534//1530
f 1582//1561 1586//1562 1583//1534
f 1582//1561 1583//1534 1535//1533
f 1521//1501 1537//1536 1536//1546
f 1521//1501 1536//1546 1481//1482
f 1537//1536 1575//1563 1568//1564
f 1537//1536 1568//1564 1538//1537
f 1479//1485 1523//1504 1572//1565
f 1479//1485 1572//1565 1569//1566
f 1494//1513 1518//1517 1540//1567
f 1494//1513 1540//1567 1539//1543
f 1541//1568 1540//1567 1518//1517
f 1541//1568 1518//1517 1496//1516
f 1542//1569 1541//1568 1496//1516
f 1542//1569 1496//1516 1497//1519
f 1560//1570 1565//1571 1561//1520
f 1560//1570 1561//1520 1499//1523
f 1563//1525 1564//1572 1560//1570
f 1563//1525 1560//1570 1499//1523
f 1545//1573 1576//1574 1577//1526
f 1545//1573 1577//1526 1507//1529
f 1513//1531 1546//1575 1545//1573
f 1513//1531 1545//1573 1507//1529
f 1483//1532 1547//1576 1546//1575
f 1483//1532 1546//1575 1513//1531
f 1584//1535 1585//1577 1547//1576
f 1584//1535 1547//1576 1483//1532
f 1549//1578 1548//1579 1482//1547
f 1549//1578 1482//1547 1520//1539
f 1550//1580 1549//1578 1520//1539
f 1550//1580 1520//1539 1485//1538
f 1551//1581 1550//1580 1485//1538
f 1551//1581 1485//1538 1484//1507
f 1553//1551 1552//1550 1515//1511
f 1553//1551 1515//1511 1495//1510
f 1494//1513 1554//1542 1553//1551
f 1494//1513 1553//1551 1495//1510
f 1494//1513 1539//1543 1554//1542
f 1565//1571 1542//1569 1497//1519
f 1565//1571 1497//1519 1561//1520
f 1530//1518 1531//1556 1562//1522
f 1530//1518 1562//1522 1566//1521
f 1567//1524 1532//1557 1498//1582
f 1567//1524 1498//1582 1563//1525
f 1564//1572 1544//1583 1543//1584
f 1564//1572 1543//1584 1560//1570
f 1498//1582 1544//1583 1564//1572
f 1498//1582 1564//1572 1563//1525
f 1543//1584 1542//1569 1565//1571
f 1543//1584 1565//1571 1560//1570
f 1530//1518 1566//1521 1561//1520
f 1530//1518 1561//1520 1497//1519
f 1531//1556 1532//1557 1567//1524
f 1531//1556 1567//1524 1562//1522
f 1569//1566 1572//1565 1568//1564
f 1569//1566 1568//1564 1478//1585
f 1570//1478 1573//1477 1569//1566
f 1570//1478 1569//1566 1478//1585
f 1571//1503 1574//1502 1570//1478
f 1571//1503 1570//1478 1478//1585
f 1478//1585 1568//1564 1575//1563
f 1478//1585 1575//1563 1571//1503
f 1572//1565 1523//1504 1538//1537
f 1572//1565 1538//1537 1568//1564
f 1573//1477 1477//1476 1479//1485
f 1573//1477 1479//1485 1569//1566
f 1574//1502 1522//1499 1476//1473
f 1574//1502 1476//1473 1570//1478
f 1571//1503 1575//1563 1537//1536
f 1571//1503 1537//1536 1521//1501
f 1577//1526 1576//1574 1544//1583
f 1577//1526 1544//1583 1498//1582
f 1498//1582 1532//1557 1578//1527
f 1498//1582 1578//1527 1577//1526
f 1502//1493 1579//1558 1578//1527
f 1502//1493 1578//1527 1532//1557
f 1505//1496 1580//1559 1579//1558
f 1505//1496 1579//1558 1502//1493
f 1512//1540 1581//1560 1580//1559
f 1512//1540 1580//1559 1505//1496
f 1480//1479 1582//1561 1581//1560
f 1480//1479 1581//1560 1512//1540
f 1536//1546 1583//1534 1586//1562
f 1536//1546 1586//1562 1481//1482
f 1584//1535 1583//1534 1536//1546
f 1584//1535 1536//1546 1482//1547
f 1548//1579 1585//1577 1584//1535
f 1548//1579 1584//1535 1482//1547
f 1481//1482 1586//1562 1582//1561
f 1481//1482 1582//1561 1480//1479
f 1638//1586 1639//1587 1598//1588
f 1638//1586 1598//1588 1597//1589
f 1639//1587 1640//1590 1606//1591
f 1639//1587 1606//1591 1598//1588
f 1632//1592 1633//1593 1608//1594
f 1632//1592 1608//1594 1595//1595
f 1595//1595 1608//1594 1609//1596
f 1595//1595 1609//1596 1599//1597
f 1599//1597 1609//1596 1590//1598
f 1599//1597 1590//1598 1589//1599
f 1631//1600 1632//1592 1595//1595
f 1631//1600 1595//1595 1596//1601
f 1593//1602 1630//1603 1631//1600
f 1593//1602 1631//1600 1596//1601
f 1600//1604 1596//1601 1595//1595
f 1600//1604 1595//1595 1599//1597
f 1589//1599 1588//1605 1600//1604
f 1589//1599 1600//1604 1599//1597
f 1592//1606 1593//1602 1596//1601
f 1592//1606 1596//1601 1600//1604
f 1610//1607 1611//1608 1591//1609
f 1610//1607 1591//1609 1587//1610
f 1610//1607 1592//1606 1600//1604
f 1610//1607 1600//1604 1611//1608
f 1600//1604 1588//1605 1591//1609
f 1600//1604 1591//1609 1611//1608
f 1615//1611 1612//1612 1642//1613
f 1615//1611 1642//1613 1643//1614
f 1616//1615 1613//1616 1636//1617
f 1616//1615 1636//1617 1637//1618
f 1621//1619 1623//1620 1622//1621
f 1621//1619 1622//1621 1620//1622
f 1623//1620 1589//1599 1590//1598
f 1623//1620 1590//1598 1622//1621
f 1613//1616 1614//1623 1635//1624
f 1613//1616 1635//1624 1636//1617
f 1626//1625 1623//1620 1621//1619
f 1626//1625 1621//1619 1624//1626
f 1589//1599 1623//1620 1626//1625
f 1589//1599 1626//1625 1588//1605
f 1627//1627 1626//1625 1624//1626
f 1627//1627 1624//1626 1625//1628
f 1628//1629 1587//1610 1591//1609
f 1628//1629 1591//1609 1629//1630
f 1628//1629 1629//1630 1626//1625
f 1628//1629 1626//1625 1627//1627
f 1626//1625 1629//1630 1591//1609
f 1626//1625 1591//1609 1588//1605
f 1631//1600 1630//1603 1594//1631
f 1631//1600 1594//1631 1597//1589
f 1598//1588 1632//1592 1631//1600
f 1598//1588 1631//1600 1597//1589
f 1606//1591 1633//1593 1632//1592
f 1606//1591 1632//1592 1598//1588
f 1625//1628 1624//1626 1635//1624
f 1625//1628 1635//1624 1634//1632
f 1636//1617 1635//1624 1624//1626
f 1636//1617 1624//1626 1621//1619
f 1637//1618 1636//1617 1621//1619
f 1637//1618 1621//1619 1620//1622
f 1607//1633 1640//1590 1639//1587
f 1607//1633 1639//1587 1601//1634
f 1642//1613 1641//1635 1614//1623
f 1642//1613 1614//1623 1613//1616
f 1643//1614 1642//1613 1613//1616
f 1643//1614 1613//1616 1616//1615
f 1653//1636 1658//1637 1655//1638
f 1653//1636 1655//1638 1651//1639
f 1684//1640 1685//1641 1603//1642
f 1684//1640 1603//1642 1604//1643
f 1685//1641 1686//1644 1602//1645
f 1685//1641 1602//1645 1603//1642
f 1686//1644 1687//1646 1607//1633
f 1686//1644 1607//1633 1602//1645
f 1640//1590 1688//1647 1689//1648
f 1640//1590 1689//1648 1606//1591
f 1660//1649 1659//1650 1679//1651
f 1660//1649 1679//1651 1680//1652
f 1605//1653 1683//1654 1684//1640
f 1605//1653 1684//1640 1604//1643
f 1652//1655 1656//1656 1675//1657
f 1652//1655 1675//1657 1676//1658
f 1662//1659 1661//1660 1649//1661
f 1662//1659 1649//1661 1650//1662
f 1633//1593 1690//1663 1691//1664
f 1633//1593 1691//1664 1608//1594
f 1661//1660 1662//1659 1656//1656
f 1661//1660 1656//1656 1652//1655
f 1609//1596 1692//1665 1693//1666
f 1609//1596 1693//1666 1590//1598
f 1608//1594 1691//1664 1692//1665
f 1608//1594 1692//1665 1609//1596
f 1667//1667 1666//1668 1665//1669
f 1667//1667 1665//1669 1668//1670
f 1701//1671 1702//1672 1618//1673
f 1701//1671 1618//1673 1617//1674
f 1700//1675 1701//1671 1617//1674
f 1700//1675 1617//1674 1619//1676
f 1699//1677 1700//1675 1619//1676
f 1699//1677 1619//1676 1615//1611
f 1698//1678 1699//1677 1615//1611
f 1698//1678 1615//1611 1643//1614
f 1681//1679 1682//1680 1667//1667
f 1681//1679 1667//1667 1668//1670
f 1677//1681 1678//1682 1670//1683
f 1677//1681 1670//1683 1669//1684
f 1674//1685 1650//1662 1649//1661
f 1674//1685 1649//1661 1671//1686
f 1696//1687 1697//1688 1616//1615
f 1696//1687 1616//1615 1637//1618
f 1671//1686 1672//1689 1673//1690
f 1671//1686 1673//1690 1674//1685
f 1622//1621 1590//1598 1693//1666
f 1622//1621 1693//1666 1694//1691
f 1620//1622 1622//1621 1694//1691
f 1620//1622 1694//1691 1695//1692
f 1689//1648 1690//1663 1633//1593
f 1689//1648 1633//1593 1606//1591
f 1676//1658 1675//1657 1659//1650
f 1676//1658 1659//1650 1660//1649
f 1695//1692 1696//1687 1637//1618
f 1695//1692 1637//1618 1620//1622
f 1672//1689 1678//1682 1677//1681
f 1672//1689 1677//1681 1673//1690
f 1687//1646 1688//1647 1640//1590
f 1687//1646 1640//1590 1607//1633
f 1680//1652 1679//1651 1658//1637
f 1680//1652 1658//1637 1653//1636
f 1697//1688 1698//1678 1643//1614
f 1697//1688 1643//1614 1616//1615
f 1670//1683 1682//1680 1681//1679
f 1670//1683 1681//1679 1669//1684
f 1657//1693 1654//1694 1685//1641
f 1657//1693 1685//1641 1684//1640
f 1654//1694 1655//1638 1686//1644
f 1654//1694 1686//1644 1685//1641
f 1655//1638 1658//1637 1687//1646
f 1655//1638 1687//1646 1686//1644
f 1658//1637 1679//1651 1688//1647
f 1658//1637 1688//1647 1687//1646
f 1689//1648 1688//1647 1679//1651
f 1689//1648 1679//1651 1659//1650
f 1659//1650 1675//1657 1690//1663
f 1659//1650 1690//1663 1689//1648
f 1691//1664 1690//1663 1675//1657
f 1691//1664 1675//1657 1656//1656
f 1692//1665 1691//1664 1656//1656
f 1692//1665 1656//1656 1662//1659
f 1693//1666 1692//1665 1662//1659
f 1693//1666 1662//1659 1650//1662
f 1694//1691 1693//1666 1650//1662
f 1694//1691 1650//1662 1674//1685
f 1695//1692 1694//1691 1674//1685
f 1695//1692 1674//1685 1673//1690
f 1677//1681 1696//1687 1695//1692
f 1677//1681 1695//1692 1673//1690
f 1669//1684 1697//1688 1696//1687
f 1669//1684 1696//1687 1677//1681
f 1681//1679 1698//1678 1697//1688
f 1681//1679 1697//1688 1669//1684
f 1668//1670 1699//1677 1698//1678
f 1668//1670 1698//1678 1681//1679
f 1665//1669 1700//1675 1699//1677
f 1665//1669 1699//1677 1668//1670
f 1663//1695 1701//1671 1700//1675
f 1663//1695 1700//1675 1665//1669
f 1664//1696 1702//1672 1701//1671
f 1664//1696 1701//1671 1663//1695
f 1703//1697 1702//1672 1664//1696
f 1774//1698 1771//1699 1775//1700
f 1774//1698 1775//1700 1776//1701
f 1811//1702 1810//1703 1809//1704
f 1811//1702 1809//1704 1812//1705
f 1806//1706 1812//1705 1809//1704
f 1806//1706 1820//1707 1776//1701
f 1806//1706 1776//1701 1812//1705
f 1774//1698 1776//1701 1820//1707
f 1774//1698 1820//1707 1818//1708
f 1812//1705 1776//1701 1775//1700
f 1812//1705 1775//1700 1811//1702
f 1830//1709 1832//1710 1833//1711
f 1830//1709 1833//1711 1753//1712
f 1831//1713 1832//1710 1830//1709
f 1831//1713 1830//1709 1829//1714
f 1790//1715 1870//1716 1871//1717
f 1790//1715 1871//1717 1801//1718
f 1809//1704 1810//1703 1808//1719
f 1809//1704 1808//1719 1807//1720
f 1901//1721 1807//1720 1808//1719
f 1901//1721 1808//1719 1900//1722
f 1901//1721 1900//1722 1790//1715
f 1901//1721 1790//1715 1801//1718
f 1800//1723 1801//1718 1871//1717
f 1800//1723 1871//1717 1872//1724
f 1804//1725 1809//1704 1807//1720
f 1901//1721 1801//1718 1800//1723
f 1901//1721 1800//1723 1902//1726
f 1804//1725 1807//1720 1901//1721
f 1804//1725 1901//1721 1902//1726
f 1708//1727 1707//1728 1846//1729
f 1708//1727 1846//1729 1720//1730
f 1913//1731 1732//1732 1762//1733
f 1913//1731 1762//1733 1912//1734
f 1773//1735 1769//1736 1771//1699
f 1773//1735 1771//1699 1774//1698
f 1780//1737 1773//1735 1774//1698
f 1780//1737 1774//1698 1818//1708
f 1718//1738 2328//1739 2322//1740
f 1718//1738 2322//1740 2323//1741
f 1797//1742 1795//1743 1784//1744
f 1797//1742 1784//1744 1785//1745
f 1867//1746 1860//1747 1786//1748
f 1924//1749 1923//1750 1797//1742
f 1924//1749 1797//1742 1785//1745
f 1761//1751 1762//1733 1732//1732
f 1761//1751 1732//1732 1760//1752
f 1871//1717 1870//1716 1789//1753
f 1871//1717 1789//1753 1799//1754
f 1927//1755 1761//1751 1760//1752
f 1927//1755 1760//1752 1928//1756
f 1799//1754 1789//1753 1927//1755
f 1799//1754 1927//1755 1928//1756
f 1760//1752 1732//1732 1731//1757
f 1760//1752 1731//1757 1734//1758
f 1872//1724 1871//1717 1799//1754
f 1872//1724 1799//1754 1802//1759
f 1753//1712 1749//1760 1882//1761
f 1753//1712 1882//1761 1883//1762
f 1883//1762 1882//1761 1933//1763
f 1883//1762 1933//1763 1934//1764
f 1884//1765 1830//1709 1753//1712
f 1884//1765 1753//1712 1883//1762
f 1909//1766 1784//1744 1795//1743
f 1909//1766 1795//1743 1908//1767
f 1908//1767 1795//1743 1796//1768
f 1908//1767 1796//1768 1936//1769
f 1937//1770 1936//1769 1796//1768
f 1937//1770 1796//1768 1864//1771
f 1858//1772 1936//1769 1937//1770
f 1796//1768 1795//1743 1797//1742
f 1796//1768 1797//1742 1798//1773
f 1817//1774 1780//1737 1818//1708
f 1817//1774 1818//1708 1819//1775
f 1819//1775 1818//1708 1820//1707
f 1819//1775 1820//1707 1821//1776
f 1819//1775 1821//1776 1708//1727
f 1819//1775 1708//1727 1720//1730
f 1817//1774 1819//1775 1720//1730
f 1817//1774 1720//1730 1907//1777
f 1847//1778 1848//1779 1849//1780
f 1847//1778 1849//1780 1850//1781
f 1779//1782 1794//1783 1848//1779
f 1779//1782 1848//1779 1847//1778
f 1921//1784 1922//1785 1766//1786
f 1921//1784 1766//1786 1765//1787
f 1791//1788 1919//1789 1920//1790
f 1791//1788 1920//1790 1768//1791
f 1768//1791 1920//1790 1944//1792
f 1768//1791 1944//1792 1945//1793
f 1910//1794 1909//1766 1791//1788
f 1910//1794 1791//1788 1768//1791
f 1911//1795 1765//1787 1766//1786
f 1911//1795 1766//1786 1912//1734
f 1946//1796 1910//1794 1768//1791
f 1946//1796 1768//1791 1945//1793
f 1946//1796 1945//1793 1765//1787
f 1946//1796 1765//1787 1911//1795
f 1911//1795 1912//1734 1762//1733
f 1911//1795 1762//1733 1764//1797
f 1784//1744 1909//1766 1910//1794
f 1784//1744 1910//1794 1767//1798
f 1946//1796 1911//1795 1764//1797
f 1946//1796 1764//1797 1947//1799
f 1767//1798 1910//1794 1946//1796
f 1767//1798 1946//1796 1947//1799
f 1764//1797 1762//1733 1761//1751
f 1764//1797 1761//1751 1763//1800
f 1785//1745 1784//1744 1767//1798
f 1785//1745 1767//1798 1781//1801
f 1947//1799 1764//1797 1763//1800
f 1947//1799 1763//1800 1948//1802
f 1781//1801 1767//1798 1947//1799
f 1781//1801 1947//1799 1948//1802
f 1924//1749 1785//1745 1781//1801
f 1924//1749 1781//1801 1925//1803
f 1926//1804 1763//1800 1761//1751
f 1926//1804 1761//1751 1927//1755
f 1949//1805 1925//1803 1781//1801
f 1949//1805 1781//1801 1948//1802
f 1949//1805 1948//1802 1763//1800
f 1949//1805 1763//1800 1926//1804
f 1926//1804 1927//1755 1789//1753
f 1926//1804 1789//1753 1782//1806
f 1783//1807 1786//1748 1924//1749
f 1783//1807 1924//1749 1925//1803
f 1949//1805 1926//1804 1782//1806
f 1949//1805 1782//1806 1950//1808
f 1783//1807 1925//1803 1949//1805
f 1783//1807 1949//1805 1950//1808
f 1868//1809 1867//1746 1786//1748
f 1868//1809 1786//1748 1783//1807
f 1869//1810 1782//1806 1789//1753
f 1869//1810 1789//1753 1870//1716
f 1951//1811 1868//1809 1783//1807
f 1951//1811 1783//1807 1950//1808
f 1951//1811 1950//1808 1782//1806
f 1951//1811 1782//1806 1869//1810
f 1787//1812 1869//1810 1870//1716
f 1787//1812 1870//1716 1790//1715
f 1863//1813 1867//1746 1868//1809
f 1863//1813 1868//1809 1788//1814
f 1951//1811 1869//1810 1787//1812
f 1951//1811 1787//1812 1952//1815
f 1788//1814 1868//1809 1951//1811
f 1788//1814 1951//1811 1952//1815
f 1898//1816 1897//1817 1863//1813
f 1898//1816 1863//1813 1788//1814
f 1953//1818 1898//1816 1788//1814
f 1953//1818 1788//1814 1952//1815
f 1862//1819 1897//1817 1898//1816
f 1862//1819 1898//1816 1814//1820
f 1851//1821 1862//1819 1814//1820
f 1851//1821 1814//1820 1816//1822
f 1816//1822 1850//1781 1849//1780
f 1816//1822 1849//1780 1851//1821
f 1864//1771 1796//1768 1798//1773
f 1864//1771 1798//1773 1865//1823
f 1924//1749 1786//1748 1860//1747
f 1924//1749 1860//1747 1923//1750
f 1865//1823 1798//1773 1939//1824
f 1865//1823 1939//1824 1957//1825
f 1907//1777 1720//1730 1719//1826
f 1752//1827 1934//1764 1933//1763
f 1752//1827 1933//1763 1751//1828
f 1884//1765 1883//1762 1934//1764
f 1884//1765 1934//1764 1935//1829
f 1829//1714 1830//1709 1884//1765
f 1829//1714 1884//1765 1885//1830
f 1885//1830 1884//1765 1935//1829
f 1885//1830 1935//1829 1962//1831
f 1890//1832 1754//1833 1959//1834
f 1890//1832 1959//1834 1889//1835
f 1890//1832 1889//1835 1963//1836
f 1890//1832 1963//1836 1964//1837
f 1755//1838 1754//1833 1890//1832
f 1965//1839 1755//1838 1890//1832
f 1965//1839 1890//1832 1964//1837
f 1846//1729 1707//1728 2305//1840
f 1846//1729 2305//1840 2306//1841
f 2088//1842 2091//1843 2090//1844
f 2088//1842 2090//1844 2087//1845
f 2092//1846 2094//1847 2091//1843
f 2092//1846 2091//1843 2088//1842
f 2091//1843 2094//1847 2096//1848
f 2091//1843 2096//1848 2095//1849
f 2095//1849 2096//1848 2098//1850
f 2095//1849 2098//1850 2097//1851
f 2097//1851 2100//1852 2099//1853
f 2097//1851 2099//1853 2095//1849
f 2090//1844 2099//1853 2101//1854
f 2090//1844 2101//1854 2040//1855
f 2099//1853 2090//1844 2091//1843
f 2099//1853 2091//1843 2095//1849
f 2087//1845 2090//1844 2040//1855
f 2087//1845 2040//1855 2039//1856
f 2100//1852 2102//1857 2101//1854
f 2100//1852 2101//1854 2099//1853
f 2071//1858 1999//1859 1833//1711
f 2071//1858 1833//1711 1832//1710
f 1831//1713 2070//1860 2071//1858
f 1831//1713 2071//1858 1832//1710
f 2114//1861 2108//1862 2094//1847
f 2114//1861 2094//1847 2092//1846
f 2152//1863 2115//1864 2110//1865
f 2152//1863 2110//1865 2151//1866
f 2152//1863 2151//1866 2108//1862
f 2152//1863 2108//1862 2114//1861
f 2108//1862 2107//1867 2096//1848
f 2108//1862 2096//1848 2094//1847
f 2107//1867 2108//1862 2151//1866
f 2107//1867 2151//1866 2160//1868
f 2109//1869 2160//1868 2151//1866
f 2109//1869 2151//1866 2110//1865
f 2107//1867 2106//1870 2098//1850
f 2107//1867 2098//1850 2096//1848
f 2160//1868 2161//1871 2106//1870
f 2160//1868 2106//1870 2107//1867
f 1970//1872 1975//1873 2085//1874
f 1970//1872 2085//1874 1969//1875
f 2168//1876 2167//1877 2006//1878
f 2168//1876 2006//1878 1984//1879
f 1983//1880 2169//1881 2168//1876
f 1983//1880 2168//1876 1984//1879
f 2005//1882 2004//1883 1984//1879
f 2005//1882 1984//1879 2006//1878
f 2143//1884 2142//1885 1999//1859
f 2143//1884 1999//1859 2071//1858
f 2190//1886 2116//1887 2042//1888
f 2190//1886 2042//1888 2189//1889
f 2103//1890 2038//1891 2040//1855
f 2103//1890 2040//1855 2101//1854
f 2102//1857 2104//1892 2103//1890
f 2102//1857 2103//1890 2101//1854
f 2192//1893 2105//1894 2043//1895
f 2192//1893 2043//1895 2191//1896
f 2105//1894 2190//1886 2189//1889
f 2105//1894 2189//1889 2043//1895
f 2192//1893 2191//1896 2103//1890
f 2192//1893 2103//1890 2104//1892
f 2065//1897 1975//1873 1970//1872
f 2065//1897 1970//1872 2067//1898
f 2063//1899 2162//1900 1975//1873
f 2063//1899 1975//1873 2065//1897
f 2086//1901 2089//1902 2088//1842
f 2086//1901 2088//1842 2087//1845
f 2023//1903 2086//1901 2087//1845
f 2023//1903 2087//1845 2039//1856
f 2196//1904 2195//1905 2086//1901
f 2196//1904 2086//1901 2023//1903
f 2196//1904 2016//1906 2021//1907
f 2196//1904 2021//1907 2195//1905
f 2197//1908 2196//1904 2023//1903
f 2197//1908 2023//1903 2022//1909
f 2197//1908 2014//1910 2016//1906
f 2197//1908 2016//1906 2196//1904
f 2198//1911 2177//1912 2014//1910
f 2198//1911 2014//1910 2197//1908
f 2198//1911 2199//1913 2009//1914
f 2198//1911 2009//1914 2177//1912
f 2166//1915 2167//1877 2010//1916
f 2166//1915 2010//1916 2009//1914
f 2200//1917 2166//1915 2009//1914
f 2200//1917 2009//1914 2199//1913
f 2166//1915 2008//1918 2006//1878
f 2166//1915 2006//1878 2167//1877
f 2200//1917 2201//1919 2008//1918
f 2200//1917 2008//1918 2166//1915
f 2008//1918 2007//1920 2005//1882
f 2008//1918 2005//1882 2006//1878
f 2201//1919 2202//1921 2007//1920
f 2201//1919 2007//1920 2008//1918
f 2182//1922 2183//1923 2005//1882
f 2182//1922 2005//1882 2007//1920
f 2203//1924 2182//1922 2007//1920
f 2203//1924 2007//1920 2202//1921
f 2027//1925 2204//1926 2203//1924
f 2027//1925 2203//1924 2181//1927
f 2032//1928 2206//1929 2205//1930
f 2032//1928 2205//1930 2120//1931
f 2153//1932 2032//1928 2115//1864
f 2153//1932 2115//1864 2152//1863
f 2207//1933 2206//1929 2032//1928
f 2207//1933 2032//1928 2153//1932
f 2114//1861 2060//1934 2153//1932
f 2114//1861 2153//1932 2152//1863
f 2060//1934 2208//1935 2207//1933
f 2060//1934 2207//1933 2153//1932
f 2092//1846 2062//1936 2060//1934
f 2092//1846 2060//1934 2114//1861
f 2062//1936 2092//1846 2088//1842
f 2062//1936 2088//1842 2089//1902
f 2195//1905 2194//1937 2089//1902
f 2195//1905 2089//1902 2086//1901
f 2194//1937 2209//1938 2062//1936
f 2194//1937 2062//1936 2089//1902
f 2062//1936 2209//1938 2208//1935
f 2062//1936 2208//1935 2060//1934
f 2118//1939 2127//1940 2109//1869
f 2118//1939 2109//1869 2110//1865
f 2113//1941 2161//1871 2160//1868
f 2113//1941 2160//1868 2109//1869
f 2116//1887 2117//1942 2045//1943
f 2116//1887 2045//1943 2042//1888
f 2211//1944 2212//1945 2112//1946
f 2211//1944 2112//1946 2193//1947
f 2212//1945 2210//1948 2127//1940
f 2212//1945 2127//1940 2112//1946
f 2117//1942 2211//1944 2193//1947
f 2117//1942 2193//1947 2045//1943
f 2127//1940 2210//1948 2113//1941
f 2127//1940 2113//1941 2109//1869
f 2070//1860 2144//1949 2143//1884
f 2070//1860 2143//1884 2071//1858
f 2085//1874 2310//1950 2311//1951
f 2085//1874 2311//1951 1969//1875
f 2043//1895 2189//1889 2163//1952
f 2043//1895 2163//1952 2037//1953
f 2022//1909 2023//1903 2039//1856
f 2022//1909 2039//1856 2036//1954
f 2174//1955 2038//1891 2103//1890
f 2174//1955 2103//1890 2191//1896
f 2077//1956 2079//1957 2129//1958
f 2077//1956 2129//1958 2217//1959
f 2075//1960 2077//1956 2217//1959
f 2075//1960 2217//1959 2218//1961
f 2078//1962 2075//1960 2218//1961
f 2078//1962 2218//1961 2219//1963
f 1839//1964 1726//1965 1978//1966
f 1839//1964 1978//1966 2079//1957
f 1838//1967 1839//1964 2079//1957
f 1838//1967 2079//1957 2077//1956
f 1837//1968 1838//1967 2077//1956
f 1837//1968 2077//1956 2075//1960
f 2217//1959 2076//1969 2073//1970
f 2073//1970 2218//1961 2217//1959
f 2074//1971 2219//1963 2218//1961
f 2074//1971 2218//1961 2073//1970
f 2129//1958 2076//1969 2217//1959
f 2072//1972 2084//1973 2134//1974
f 2072//1972 2134//1974 2135//1975
f 2013//1976 2015//1977 2016//1906
f 2013//1976 2016//1906 2014//1910
f 2014//1910 2177//1912 2178//1978
f 2014//1910 2178//1978 2013//1976
f 2177//1912 2009//1914 2010//1916
f 2177//1912 2010//1916 2178//1978
f 1842//1979 1835//1980 2228//1981
f 1842//1979 2228//1981 2235//1982
f 1880//1983 1879//1984 2233//1985
f 1966//1986 1965//1839 1879//1984
f 1966//1986 1879//1984 1880//1983
f 2238//1987 1966//1986 1880//1983
f 2238//1987 1880//1983 2237//1988
f 2069//1989 2072//1972 2135//1975
f 2069//1989 2135//1975 2136//1990
f 2069//1989 2136//1990 2239//1991
f 2069//1989 2239//1991 2068//1992
f 1836//1993 1837//1968 2075//1960
f 1836//1993 2075//1960 2078//1962
f 2219//1963 2080//1994 2078//1962
f 2219//1963 2074//1971 2081//1995
f 2219//1963 2081//1995 2080//1994
f 1823//1996 2080//1994 2081//1995
f 2240//1997 2068//1992 1823//1996
f 2078//1962 2080//1994 2241//1998
f 1840//1999 1836//1993 2078//1962
f 1840//1999 2078//1962 2241//1998
f 2035//2000 2037//1953 2163//1952
f 2035//2000 2163//1952 2164//2001
f 2041//2002 2163//1952 2189//1889
f 2041//2002 2189//1889 2042//1888
f 2202//1921 2201//1919 2011//2003
f 2202//1921 2011//2003 2025//2004
f 2203//1924 2202//1921 2025//2004
f 2025//2004 2181//1927 2203//1924
f 2119//2005 2115//1864 2032//1928
f 2119//2005 2032//1928 2120//1931
f 2112//1946 2127//1940 2118//1939
f 2112//1946 2118//1939 2111//2006
f 2179//2007 2193//1947 2112//1946
f 2179//2007 2112//1946 2111//2006
f 2045//1943 2193//1947 2179//2007
f 2045//1943 2179//2007 2044//2008
f 2033//2009 2183//1923 2182//1922
f 2033//2009 2182//1922 2026//2010
f 2026//2010 2182//1922 2203//1924
f 2026//2010 2203//1924 2204//1926
f 2121//2011 2122//2012 2033//2009
f 2121//2011 2033//2009 2026//2010
f 2026//2010 2204//1926 2205//1930
f 2026//2010 2205//1930 2121//2011
f 2205//1930 2204//1926 2027//1925
f 2205//1930 2027//1925 2120//1931
f 2042//1888 2045//1943 2044//2008
f 2042//1888 2044//2008 2041//2002
f 2028//2013 2029//2014 2025//2004
f 2028//2013 2025//2004 2011//2003
f 1711//2015 1846//1729 2306//1841
f 1711//2015 2306//1841 2307//2016
f 2309//2017 2310//1950 2085//1874
f 2309//2017 2085//1874 1972//2018
f 2223//2019 2222//2020 1839//1964
f 2223//2019 1839//1964 1838//1967
f 2224//2021 2223//2019 1838//1967
f 2224//2021 1838//1967 1837//1968
f 1889//1835 1959//1834 1891//2022
f 1891//2022 1959//1834 1754//1833
f 1891//2022 1754//1833 1960//2023
f 1750//2024 1891//2022 1960//2023
f 1750//2024 1960//2023 1751//1828
f 1750//2024 1751//1828 1933//1763
f 1750//2024 1933//1763 1932//2025
f 2244//2026 2243//2027 1750//2024
f 2244//2026 1750//2024 1932//2025
f 1747//2028 1749//1760 1753//1712
f 1747//2028 1753//1712 1833//1711
f 1748//2029 1749//1760 1747//2028
f 1748//2029 1747//2028 2247//2030
f 1746//2031 1748//2029 2247//2030
f 1998//2032 1747//2028 1833//1711
f 1998//2032 1833//1711 1999//1859
f 2247//2030 1747//2028 1998//2032
f 2247//2030 1998//2032 2248//2033
f 2141//2034 1998//2032 1999//1859
f 2141//2034 1999//1859 2142//1885
f 1997//2035 1746//2031 2247//2030
f 1997//2035 2247//2030 2248//2033
f 2242//2036 1891//2022 1750//2024
f 2242//2036 1750//2024 2243//2027
f 2230//2037 1845//2038 2229//2039
f 1756//2040 1845//2038 2232//2041
f 2233//1985 1879//1984 2232//2041
f 2232//2041 1879//1984 1965//1839
f 2232//2041 1965//1839 1964//1837
f 1978//1966 1726//1965 1724//2042
f 1978//1966 1724//2042 1977//2043
f 2129//1958 2079//1957 1978//1966
f 2129//1958 1978//1966 2128//2044
f 2224//2021 1837//1968 1836//1993
f 2224//2021 1836//1993 2225//2045
f 1823//1996 1829//1714 1885//1830
f 1823//1996 1840//1999 2241//1998
f 2241//1998 2080//1994 1823//1996
f 2235//1982 1841//2046 1823//1996
f 1841//2046 2235//1982 2228//1981
f 1841//2046 2228//1981 2225//2045
f 1841//2046 2225//2045 1836//1993
f 1841//2046 1836//1993 1840//1999
f 1845//2038 2230//2037 2231//2047
f 1845//2038 2231//2047 1834//2048
f 2233//1985 2232//2041 1845//2038
f 2233//1985 1845//2038 1834//2048
f 2233//1985 1834//2048 1826//2049
f 1826//2049 1880//1983 2233//1985
f 1878//2050 2231//2047 1877//2051
f 2250//2052 1826//2049 1834//2048
f 2250//2052 1834//2048 2231//2047
f 2250//2052 2231//2047 1878//2050
f 2237//1988 1880//1983 1826//2049
f 2237//1988 1826//2049 1822//2053
f 1878//2050 1835//1980 1842//1979
f 1878//2050 1842//1979 2236//2054
f 2251//2055 1822//2053 1826//2049
f 2251//2055 1826//2049 2250//2052
f 1823//1996 1831//1713 1829//1714
f 2070//1860 1831//1713 1823//1996
f 1841//2046 1840//1999 1823//1996
f 1962//1831 1827//2056 1823//1996
f 1823//1996 1885//1830 1962//1831
f 1823//1996 1822//2053 2251//2055
f 2237//1988 1822//2053 1823//1996
f 1823//1996 1842//1979 2235//1982
f 2236//2054 1842//1979 1823//1996
f 2144//1949 2070//1860 1823//1996
f 1823//1996 2068//1992 2239//1991
f 1823//1996 2081//1995 2240//1997
f 2251//2055 2236//2054 1823//1996
f 2238//1987 2237//1988 1823//1996
f 2251//2055 2250//2052 1878//2050
f 2251//2055 1878//2050 2236//2054
f 2170//2057 2169//1881 1983//1880
f 2170//2057 1983//1880 1982//2058
f 2084//1973 2000//2059 2134//1974
f 2234//2060 2000//2059 2084//1973
f 2240//1997 2081//1995 2074//1971
f 2240//1997 2074//1971 2133//2061
f 2133//2061 2069//1989 2068//1992
f 2133//2061 2068//1992 2240//1997
f 2133//2061 2074//1971 2073//1970
f 2133//2061 2073//1970 2132//2062
f 2132//2062 2073//1970 2076//1969
f 2132//2062 2076//1969 2131//2063
f 2131//2063 2084//1973 2072//1972
f 2131//2063 2072//1972 2132//2062
f 2132//2062 2072//1972 2069//1989
f 2132//2062 2069//1989 2133//2061
f 2214//2064 2134//1974 2000//2059
f 2214//2064 2000//2059 2213//2065
f 2215//2066 2135//1975 2134//1974
f 2215//2066 2134//1974 2214//2064
f 2254//2067 1980//2068 1979//2069
f 1973//2070 1976//2071 1980//2068
f 1973//2070 1980//2068 2254//2067
f 2254//2067 1979//2069 1977//2043
f 2254//2067 1977//2043 2220//2072
f 2220//2072 1722//2073 1716//2074
f 2220//2072 1716//2074 1973//2070
f 1977//2043 1724//2042 1722//2073
f 1977//2043 1722//2073 2220//2072
f 2220//2072 1973//2070 2254//2067
f 2145//2075 2234//2060 2084//1973
f 2213//2065 2000//2059 2146//2076
f 2213//2065 2146//2076 2216//2077
f 2259//2078 2216//2077 2146//2076
f 2259//2078 2146//2076 2258//2079
f 2260//2080 2187//2081 2138//2082
f 2171//2083 2170//2057 1982//2058
f 2171//2083 1982//2058 1988//2084
f 1988//2084 1990//2085 2172//2086
f 1706//2087 1705//2088 1704//2089
f 1704//2089 1968//2090 1971//2091
f 2051//2092 2159//2093 1905//2094
f 2051//2092 1905//2094 1712//2095
f 2267//2096 2159//2093 2051//2092
f 2267//2096 2051//2092 2268//2097
f 2050//2098 2158//2099 2267//2096
f 2050//2098 2267//2096 2268//2097
f 2051//2092 1712//2095 1875//2100
f 2051//2092 1875//2100 2126//2101
f 2268//2097 2051//2092 2126//2101
f 2268//2097 2126//2101 2269//2102
f 2248//2033 1998//2032 2141//2034
f 2248//2033 2141//2034 2249//2103
f 2272//2104 1997//2035 2248//2033
f 2272//2104 2248//2033 2249//2103
f 1710//2105 1706//2087 1704//2089
f 1704//2089 1967//2106 1968//2090
f 1903//2107 1902//1726 1800//1723
f 1903//2107 1800//1723 1803//2108
f 1712//2095 1905//2094 1904//2109
f 1712//2095 1904//2109 1805//2110
f 2274//2111 1805//2110 1904//2109
f 2274//2111 1904//2109 2273//2112
f 2274//2111 2273//2112 1903//2107
f 2274//2111 1903//2107 1803//2108
f 1803//2108 1800//1723 1872//1724
f 1803//2108 1872//1724 1873//2113
f 1874//2114 1875//2100 1712//2095
f 1874//2114 1712//2095 1805//2110
f 1874//2114 1805//2110 2274//2111
f 1874//2114 2274//2111 2275//2115
f 1881//2116 1932//2025 1933//1763
f 1881//2116 1933//1763 1882//1761
f 2274//2111 1803//2108 1873//2113
f 2274//2111 1873//2113 2275//2115
f 1725//2117 1724//2042 1726//1965
f 1725//2117 1726//1965 2221//2118
f 1989//2119 1990//2085 1988//2084
f 2137//2120 2138//2082 2187//2081
f 2137//2120 2187//2081 2186//2121
f 1888//2122 1889//1835 1891//2022
f 1888//2122 1891//2022 2242//2036
f 1759//2123 1730//2124 1721//2125
f 1759//2123 1721//2125 1728//2126
f 1758//2127 1759//2123 1728//2126
f 1756//2040 2229//2039 1845//2038
f 2232//2041 1964//1837 1963//1836
f 2232//2041 1963//1836 1756//2040
f 1717//2128 1716//2074 1722//2073
f 1717//2128 1722//2073 1723//2129
f 1723//2129 1722//2073 1724//2042
f 1723//2129 1724//2042 1725//2117
f 1728//2126 1721//2125 1717//2128
f 1728//2126 1717//2128 1723//2129
f 1727//2130 1728//2126 1723//2129
f 1723//2129 1725//2117 1727//2130
f 1758//2127 1728//2126 1727//2130
f 1793//2131 1791//1788 1909//1766
f 1793//2131 1909//1766 1908//1767
f 1793//2131 1908//1767 1936//1769
f 1792//2132 1794//1783 1779//1782
f 1792//2132 1779//1782 1778//2133
f 1778//2133 1920//1790 1919//1789
f 1778//2133 1919//1789 1792//2132
f 1715//2134 1718//1738 2323//1741
f 1715//2134 2323//1741 1714//2135
f 1972//2018 2085//1874 1975//1873
f 1972//2018 1975//1873 1974//2136
f 1975//1873 2162//1900 1974//2136
f 1715//2134 1714//2135 2324//2137
f 1715//2134 2324//2137 2333//2138
f 2333//2138 2324//2137 2325//2139
f 2333//2138 2325//2139 2332//2140
f 1709//2141 1710//2105 1704//2089
f 1704//2089 1971//2091 1709//2141
f 1711//2015 1719//1826 1720//1730
f 1711//2015 1720//1730 1846//1729
f 2285//2142 1972//2018 1974//2136
f 2285//2142 1974//2136 2284//2143
f 1711//2015 2307//2016 2308//2144
f 1711//2015 2308//2144 2285//2142
f 1714//2135 1719//1826 1711//2015
f 1714//2135 1711//2015 1866//2145
f 1866//2145 1711//2015 2285//2142
f 2284//2143 1714//2135 1866//2145
f 1866//2145 2285//2142 2284//2143
f 2308//2144 2309//2017 1972//2018
f 2308//2144 1972//2018 2285//2142
f 1886//2146 1757//2147 1844//2148
f 2228//1981 1835//1980 2227//2149
f 2227//2149 2226//2150 2223//2019
f 2227//2149 2223//2019 2224//2021
f 2227//2149 1835//1980 1878//2050
f 2227//2149 1878//2050 1877//2051
f 2224//2021 2225//2045 2228//1981
f 2224//2021 2228//1981 2227//2149
f 1882//1761 1749//1760 1748//2029
f 1882//1761 1748//2029 1881//2116
f 1881//2116 1748//2029 2245//2151
f 1881//2116 2245//2151 2281//2152
f 2281//2152 2244//2026 1932//2025
f 2281//2152 1932//2025 1881//2116
f 1746//2031 1997//2035 1740//2153
f 2245//2151 1748//2029 1746//2031
f 2245//2151 1746//2031 1740//2153
f 2258//2079 2146//2076 2255//2154
f 2146//2076 2252//2155 2255//2154
f 2145//2075 2084//1973 2131//2063
f 2145//2075 2252//2155 2234//2060
f 2076//1969 2129//1958 2082//2156
f 2128//2044 1977//2043 2083//2157
f 2255//2154 2252//2155 2145//2075
f 2255//2154 2145//2075 2083//2157
f 2083//2157 1977//2043 1979//2069
f 2145//2075 2131//2063 2130//2158
f 2128//2044 1978//1966 1977//2043
f 2082//2156 2129//1958 2128//2044
f 2130//2158 2082//2156 2128//2044
f 2128//2044 2083//2157 2145//2075
f 2128//2044 2145//2075 2130//2158
f 2131//2063 2076//1969 2082//2156
f 2131//2063 2082//2156 2130//2158
f 1757//2147 1758//2127 1727//2130
f 1727//2130 1844//2148 1757//2147
f 1756//2040 1963//1836 1887//2159
f 1844//2148 2221//2118 2222//2020
f 1844//2148 2222//2020 1843//2160
f 2221//2118 1844//2148 1727//2130
f 2221//2118 1727//2130 1725//2117
f 2221//2118 1726//1965 1839//1964
f 2221//2118 1839//1964 2222//2020
f 1843//2160 2226//2150 1876//2161
f 1843//2160 1876//2161 1886//2146
f 2222//2020 2223//2019 2226//2150
f 2222//2020 2226//2150 1843//2160
f 1843//2160 1886//2146 1844//2148
f 1876//2161 2226//2150 2227//2149
f 1876//2161 2227//2149 1877//2051
f 1876//2161 1877//2051 2231//2047
f 1876//2161 2231//2047 2230//2037
f 1876//2161 2230//2037 2229//2039
f 1876//2161 2229//2039 1886//2146
f 2245//2151 1740//2153 1739//2162
f 1739//2162 1740//2153 2246//2163
f 2140//2164 1997//2035 2272//2104
f 2246//2163 1740//2153 1994//2165
f 1994//2165 1740//2153 1997//2035
f 2289//2166 2139//2167 1994//2165
f 1994//2165 1997//2035 2140//2164
f 1994//2165 2140//2164 2289//2166
f 1992//2168 1993//2169 1741//2170
f 1992//2168 1741//2170 1738//2171
f 2138//2082 2137//2120 1993//2169
f 2138//2082 1993//2169 1992//2168
f 1992//2168 1738//2171 2246//2163
f 1992//2168 2246//2163 1994//2165
f 1992//2168 1994//2165 2139//2167
f 2139//2167 2138//2082 1992//2168
f 2188//2172 2260//2080 2138//2082
f 2188//2172 2138//2082 2139//2167
f 2287//2173 2188//2172 2139//2167
f 2289//2166 2288//2174 2287//2173
f 2289//2166 2287//2173 2139//2167
f 2278//2175 1930//2176 2279//2177
f 1736//2178 1738//2171 1741//2170
f 1736//2178 1741//2170 1737//2179
f 1737//2179 2278//2175 2279//2177
f 1737//2179 2279//2177 1736//2178
f 2242//2036 2243//2027 1735//2180
f 2242//2036 1735//2180 1896//2181
f 2036//1954 2039//1856 2040//1855
f 2036//1954 2040//1855 2038//1891
f 2036//1954 2038//1891 2174//1955
f 2036//1954 2174//1955 2175//2182
f 2037//1953 2035//2000 2175//2182
f 2037//1953 2175//2182 2174//1955
f 2191//1896 2043//1895 2037//1953
f 2191//1896 2037//1953 2174//1955
f 2198//1911 2197//1908 2022//1909
f 2198//1911 2022//1909 2176//2183
f 2176//2183 2022//1909 2036//1954
f 2176//2183 2036//1954 2175//2182
f 2012//2184 2199//1913 2198//1911
f 2012//2184 2198//1911 2176//2183
f 2176//2183 2175//2182 2035//2000
f 2176//2183 2035//2000 2012//2184
f 2011//2003 2201//1919 2200//1917
f 2011//2003 2200//1917 2165//2185
f 2041//2002 2044//2008 2029//2014
f 2041//2002 2029//2014 2028//2013
f 2164//2001 2163//1952 2041//2002
f 2164//2001 2041//2002 2028//2013
f 2028//2013 2011//2003 2165//2185
f 2028//2013 2165//2185 2164//2001
f 2165//2185 2200//1917 2199//1913
f 2165//2185 2199//1913 2012//2184
f 2165//2185 2012//2184 2035//2000
f 2165//2185 2035//2000 2164//2001
f 2118//1939 2110//1865 2115//1864
f 2118//1939 2115//1864 2119//2005
f 2119//2005 2120//1931 2027//1925
f 2119//2005 2027//1925 2030//2186
f 2111//2006 2118//1939 2119//2005
f 2111//2006 2119//2005 2030//2186
f 2181//1927 2025//2004 2029//2014
f 2181//1927 2029//2014 2180//2187
f 2180//2187 2029//2014 2044//2008
f 2030//2186 2027//1925 2181//1927
f 2030//2186 2181//1927 2180//2187
f 2179//2007 2111//2006 2030//2186
f 2179//2007 2030//2186 2180//2187
f 2180//2187 2044//2008 2179//2007
f 2021//1907 2016//1906 2015//1977
f 2021//1907 2015//1977 2019//2188
f 2194//1937 2195//1905 2021//1907
f 2194//1937 2021//1907 2093//2189
f 2209//1938 2194//1937 2093//2189
f 2209//1938 2093//2189 2061//2190
f 2059//2191 2208//1935 2209//1938
f 2059//2191 2209//1938 2061//2190
f 2154//2192 2207//1933 2208//1935
f 2154//2192 2208//1935 2059//2191
f 2031//2193 2034//2194 2122//2012
f 2031//2193 2122//2012 2121//2011
f 2031//2193 2121//2011 2205//1930
f 2031//2193 2205//1930 2206//1929
f 2206//1929 2207//1933 2154//2192
f 2206//1929 2154//2192 2031//2193
f 2031//2193 2154//2192 2293//2195
f 2293//2195 2155//2196 2034//2194
f 2293//2195 2034//2194 2031//2193
f 2293//2195 2154//2192 2059//2191
f 2293//2195 2059//2191 2292//2197
f 2294//2198 2054//2199 2155//2196
f 2294//2198 2155//2196 2293//2195
f 2294//2198 2293//2195 2292//2197
f 2292//2197 2059//2191 2061//2190
f 2292//2197 2061//2190 2291//2200
f 2295//2201 2056//2202 2054//2199
f 2295//2201 2054//2199 2294//2198
f 2295//2201 2294//2198 2292//2197
f 2295//2201 2292//2197 2291//2200
f 2290//2203 2093//2189 2021//1907
f 2290//2203 2021//1907 2019//2188
f 2291//2200 2061//2190 2093//2189
f 2291//2200 2093//2189 2290//2203
f 2296//2204 2295//2201 2291//2200
f 2296//2204 2291//2200 2290//2203
f 2019//2188 2057//2205 2296//2204
f 2296//2204 2290//2203 2019//2188
f 2296//2204 2057//2205 2056//2202
f 2296//2204 2056//2202 2295//2201
f 1765//1787 1945//1793 1944//1792
f 1765//1787 1944//1792 1921//1784
f 1944//1792 1920//1790 1778//2133
f 1944//1792 1778//2133 1943//2206
f 1921//1784 1944//1792 1943//2206
f 1921//1784 1943//2206 2297//2207
f 1943//2206 1778//2133 1779//1782
f 1943//2206 1779//1782 1942//2208
f 1770//2209 1769//1736 1922//1785
f 1770//2209 1922//1785 1921//1784
f 1770//2209 1921//1784 2297//2207
f 1772//2210 1771//1699 1769//1736
f 1772//2210 1769//1736 1770//2209
f 2297//2207 1943//2206 1942//2208
f 2297//2207 1942//2208 2298//2211
f 2299//2212 1772//2210 1770//2209
f 2299//2212 1770//2209 2297//2207
f 2299//2212 2297//2207 2298//2211
f 1942//2208 1779//1782 1847//1778
f 1942//2208 1847//1778 1941//2213
f 2298//2211 1942//2208 1941//2213
f 1777//2214 1775//1700 1771//1699
f 1777//2214 1771//1699 1772//2210
f 2299//2212 2298//2211 1941//2213
f 2299//2212 1941//2213 2300//2215
f 1777//2214 1772//2210 2299//2212
f 1777//2214 2299//2212 2300//2215
f 1852//2216 1811//1702 1775//1700
f 1852//2216 1775//1700 1777//2214
f 1940//2217 1941//2213 1847//1778
f 1940//2217 1847//1778 1850//1781
f 2300//2215 1941//2213 1940//2217
f 2300//2215 1940//2217 2301//2218
f 1852//2216 1777//2214 2300//2215
f 1852//2216 2300//2215 2301//2218
f 1815//2219 1810//1703 1811//1702
f 1815//2219 1811//1702 1852//2216
f 1955//2220 1940//2217 1850//1781
f 1955//2220 1850//1781 1816//1822
f 2301//2218 1940//2217 1955//2220
f 2301//2218 1955//2220 2302//2221
f 1815//2219 1852//2216 2301//2218
f 1815//2219 2301//2218 2302//2221
f 1813//2222 1808//1719 1810//1703
f 1813//2222 1810//1703 1815//2219
f 1955//2220 1816//1822 1814//1820
f 1955//2220 1814//1820 1954//2223
f 1814//1820 1898//1816 1953//1818
f 1814//1820 1953//1818 1954//2223
f 2303//2224 1813//2222 1815//2219
f 2303//2224 1815//2219 2302//2221
f 1899//2225 1787//1812 1790//1715
f 1899//2225 1790//1715 1900//1722
f 1953//1818 1952//1815 1787//1812
f 1953//1818 1787//1812 1899//2225
f 1899//2225 1900//1722 1808//1719
f 1899//2225 1808//1719 1813//2222
f 2303//2224 1954//2223 1953//1818
f 2303//2224 1953//1818 1899//2225
f 1899//2225 1813//2222 2303//2224
f 2303//2224 2302//2221 1955//2220
f 2303//2224 1955//2220 1954//2223
f 1961//2226 1960//2023 1754//1833
f 1961//2226 1754//1833 1755//1838
f 1825//2227 1755//1838 1965//1839
f 1825//2227 1965//1839 1966//1986
f 1935//1829 1934//1764 1752//1827
f 1935//1829 1752//1827 1828//2228
f 1827//2056 1962//1831 1935//1829
f 1827//2056 1935//1829 1828//2228
f 1824//2229 1825//2227 1966//1986
f 1824//2229 1966//1986 2238//1987
f 1824//2229 1827//2056 1828//2228
f 1824//2229 1828//2228 1825//2227
f 1823//1996 1827//2056 1824//2229
f 1824//2229 2238//1987 1823//1996
f 1825//2227 1961//2226 1755//1838
f 1752//1827 1751//1828 1960//2023
f 1752//1827 1960//2023 1961//2226
f 1825//2227 1828//2228 1752//1827
f 1825//2227 1752//1827 1961//2226
f 2172//2086 2171//2083 1988//2084
f 2172//2086 1990//2085 2266//2230
f 2000//2059 2234//2060 2252//2155
f 2000//2059 2252//2155 2146//2076
f 2306//1841 2305//1840 2312//2231
f 2306//1841 2312//2231 2313//2232
f 2307//2016 2306//1841 2313//2232
f 2307//2016 2313//2232 2314//2233
f 2308//2144 2307//2016 2314//2233
f 2308//2144 2314//2233 2315//2234
f 2315//2234 2316//2235 2309//2017
f 2315//2234 2309//2017 2308//2144
f 2316//2235 2317//2236 2310//1950
f 2316//2235 2310//1950 2309//2017
f 2311//1951 2310//1950 2317//2236
f 2311//1951 2317//2236 2318//2237
f 2313//2232 2312//2231 1705//2088
f 2313//2232 1705//2088 1706//2087
f 2314//2233 2313//2232 1706//2087
f 2314//2233 1706//2087 1710//2105
f 2315//2234 2314//2233 1710//2105
f 2315//2234 1710//2105 1709//2141
f 1709//2141 1971//2091 2316//2235
f 1709//2141 2316//2235 2315//2234
f 1971//2091 1968//2090 2317//2236
f 1971//2091 2317//2236 2316//2235
f 2318//2237 2317//2236 1968//2090
f 2318//2237 1968//2090 1967//2106
f 1922//1785 1769//1736 1773//1735
f 1922//1785 1773//1735 2319//2238
f 2321//2239 2320//2240 1780//1737
f 2321//2239 1780//1737 1817//1774
f 2322//1740 2321//2239 1817//1774
f 2322//1740 1817//1774 1907//1777
f 1719//1826 2323//1741 2322//1740
f 1719//1826 2322//1740 1907//1777
f 1714//2135 2323//1741 1719//1826
f 2324//2137 1714//2135 2284//2143
f 2284//2143 1974//2136 2324//2137
f 2325//2139 2324//2137 1974//2136
f 2325//2139 1974//2136 2162//1900
f 1715//2134 1716//2074 1717//2128
f 1715//2134 1717//2128 1718//1738
f 2328//1739 1718//1738 1717//2128
f 2328//1739 1717//2128 1721//2125
f 2333//2138 2332//2140 1976//2071
f 2333//2138 1976//2071 1973//2070
f 1973//2070 1716//2074 1715//2134
f 1973//2070 1715//2134 2333//2138
f 2125//2241 2050//2098 2268//2097
f 2125//2241 2268//2097 2269//2102
f 1995//2242 1993//2169 2137//2120
f 1995//2242 2137//2120 2271//2243
f 2270//2244 2269//2102 2126//2101
f 2270//2244 2126//2101 1996//2245
f 2336//2246 2270//2244 1996//2245
f 2336//2246 1996//2245 2337//2247
f 1995//2242 2271//2243 2336//2246
f 1995//2242 2336//2246 2337//2247
f 1713//2248 1996//2245 2126//2101
f 1713//2248 2126//2101 1875//2100
f 1741//2170 1993//2169 1995//2242
f 1741//2170 1995//2242 1743//2249
f 2337//2247 1996//2245 1713//2248
f 2337//2247 1713//2248 2338//2250
f 1743//2249 1995//2242 2337//2247
f 1743//2249 2337//2247 2338//2250
f 1737//2179 1741//2170 1743//2249
f 1737//2179 1743//2249 1742//2251
f 1713//2248 1875//2100 1874//2114
f 1713//2248 1874//2114 1744//2252
f 2339//2253 1742//2251 1743//2249
f 2339//2253 1743//2249 2338//2250
f 2339//2253 2338//2250 1713//2248
f 2339//2253 1713//2248 1744//2252
f 2278//2175 1737//2179 1742//2251
f 2278//2175 1742//2251 2277//2254
f 2340//2255 2277//2254 1742//2251
f 2340//2255 1742//2251 2339//2253
f 2276//2256 1744//2252 1874//2114
f 2276//2256 1874//2114 2275//2115
f 1745//2257 1873//2113 1872//1724
f 1745//2257 1872//1724 1802//1759
f 2340//2255 2339//2253 1744//2252
f 2340//2255 1744//2252 2276//2256
f 2276//2256 2275//2115 1873//2113
f 2276//2256 1873//2113 1745//2257
f 2261//2258 2125//2241 2269//2102
f 2261//2258 2269//2102 2270//2244
f 2335//2259 2261//2258 2270//2244
f 2335//2259 2270//2244 2336//2246
f 2335//2259 2334//2260 2261//2258
f 2262//2261 2137//2120 2186//2121
f 1988//2084 1982//2058 1986//2262
f 1989//2119 1988//2084 1986//2262
f 2271//2243 2137//2120 2262//2261
f 2335//2259 2336//2246 2271//2243
f 2335//2259 2271//2243 2262//2261
f 2262//2261 1986//2262 2334//2260
f 2262//2261 2334//2260 2335//2259
f 1989//2119 1986//2262 2263//2263
f 2263//2263 1986//2262 2262//2261
f 2262//2261 2186//2121 2263//2263
f 2341//2264 2340//2255 2276//2256
f 2341//2264 2276//2256 1745//2257
f 2341//2264 1745//2257 1802//1759
f 2341//2264 1802//1759 1929//2265
f 2282//2266 2277//2254 2340//2255
f 2282//2266 2340//2255 2341//2264
f 1735//2180 2243//2027 2244//2026
f 1735//2180 2244//2026 1931//2267
f 1930//2176 1735//2180 1931//2267
f 2280//2268 2244//2026 2281//2152
f 2280//2268 2281//2152 2245//2151
f 2280//2268 2245//2151 1739//2162
f 2279//2177 1930//2176 1931//2267
f 2279//2177 1931//2267 2280//2268
f 1931//2267 2244//2026 2280//2268
f 2280//2268 1739//2162 2286//2269
f 1736//2178 2279//2177 2280//2268
f 2280//2268 2286//2269 1736//2178
f 2286//2269 1739//2162 2246//2163
f 2286//2269 2246//2163 1738//2171
f 2286//2269 1738//2171 1736//2178
f 2265//2270 2173//2271 2304//2272
f 2304//2272 2172//2086 2266//2230
f 2304//2272 2266//2230 2265//2270
f 1913//1731 1912//1734 1766//1786
f 1913//1731 1766//1786 1733//2273
f 1733//2273 1766//1786 1922//1785
f 1733//2273 1922//1785 2319//2238
f 1731//1757 1732//1732 1913//1731
f 1731//1757 1913//1731 1914//2274
f 1915//2275 1731//1757 1914//2274
f 1916//2276 1915//2275 2343//2277
f 1916//2276 2343//2277 2344//2278
f 1916//2276 2344//2278 2345//2279
f 2346//2280 2345//2279 1894//2281
f 1917//2282 1916//2276 2345//2279
f 1917//2282 2345//2279 2346//2280
f 2347//2283 1917//2282 2346//2280
f 2347//2283 2346//2280 1894//2281
f 2347//2283 1894//2281 1893//2284
f 1893//2284 1894//2281 1759//2123
f 1893//2284 1759//2123 1758//2127
f 2348//2285 2347//2283 1893//2284
f 1918//2286 1888//2122 2242//2036
f 1892//2287 1758//2127 1757//2147
f 1963//1836 1889//1835 1888//2122
f 1963//1836 1888//2122 1887//2159
f 1887//2159 1918//2286 2349//2288
f 2349//2288 1892//2287 1887//2159
f 1892//2287 1893//2284 1758//2127
f 2349//2288 2348//2285 1893//2284
f 2349//2288 1893//2284 1892//2287
f 2283//2289 1887//2159 1892//2287
f 1892//2287 1757//2147 2283//2289
f 2283//2289 1886//2146 2229//2039
f 2283//2289 2229//2039 1756//2040
f 1757//2147 1886//2146 2283//2289
f 2283//2289 1756//2040 1887//2159
f 2263//2263 2186//2121 2187//2081
f 2263//2263 2187//2081 1991//2290
f 2263//2263 1991//2290 2264//2291
f 2264//2291 1990//2085 1989//2119
f 2264//2291 1989//2119 2263//2263
f 1887//2159 1888//2122 1918//2286
f 2348//2285 2349//2288 1918//2286
f 1918//2286 2242//2036 1896//2181
f 1917//2282 2347//2283 2348//2285
f 1917//2282 2348//2285 1918//2286
f 2326//2292 2325//2139 2162//1900
f 2326//2292 2162//1900 2063//1899
f 2332//2140 2325//2139 2326//2292
f 2332//2140 2326//2292 2331//2293
f 1981//2294 1976//2071 2332//2140
f 1981//2294 2332//2140 2331//2293
f 1980//2068 1976//2071 1981//2294
f 1980//2068 1981//2294 2003//2295
f 2148//2296 2149//2297 2171//2083
f 2148//2296 2171//2083 2172//2086
f 2172//2086 2253//2298 2148//2296
f 2354//2299 2353//2300 2149//2297
f 2354//2299 2149//2297 2148//2296
f 2253//2298 2172//2086 2304//2272
f 2354//2299 2148//2296 2253//2298
f 2354//2299 2253//2298 2355//2301
f 2002//2302 2003//2295 2353//2300
f 2002//2302 2353//2300 2354//2299
f 2304//2272 2173//2271 2147//2303
f 1980//2068 2003//2295 2002//2302
f 2002//2302 2354//2299 2355//2301
f 1979//2069 1980//2068 2002//2302
f 2002//2302 2355//2301 2356//2304
f 2355//2301 2253//2298 2147//2303
f 2355//2301 2147//2303 2356//2304
f 2083//2157 1979//2069 2001//2305
f 2257//2306 2256//2307 2147//2303
f 2173//2271 2257//2306 2147//2303
f 2147//2303 2253//2298 2304//2272
f 2001//2305 1979//2069 2002//2302
f 2001//2305 2255//2154 2083//2157
f 2356//2304 2147//2303 2357//2308
f 2257//2306 2259//2078 2258//2079
f 2257//2306 2258//2079 2256//2307
f 2256//2307 2258//2079 2255//2154
f 2256//2307 2255//2154 2001//2305
f 2256//2307 2001//2305 2357//2308
f 2357//2308 2147//2303 2256//2307
f 2001//2305 2002//2302 2356//2304
f 2001//2305 2356//2304 2357//2308
f 2150//2309 2170//2057 2171//2083
f 2150//2309 2171//2083 2149//2297
f 2020//2310 2058//2311 2057//2205
f 2020//2310 2057//2205 2019//2188
f 2018//2312 2020//2310 2019//2188
f 2018//2312 2019//2188 2015//1977
f 2017//2313 2018//2312 2015//1977
f 2017//2313 2015//1977 2013//1976
f 2017//2313 2013//1976 2178//1978
f 2017//2313 2178//1978 2327//2314
f 1985//2315 2327//2314 2178//1978
f 1985//2315 2178//1978 2010//1916
f 2010//1916 2167//1877 2168//1876
f 2010//1916 2168//1876 1985//2315
f 1985//2315 2168//1876 2169//1881
f 1985//2315 2169//1881 2330//2316
f 2056//2202 2057//2205 2058//2311
f 2056//2202 2058//2311 2055//2317
f 2054//2199 2056//2202 2055//2317
f 2054//2199 2055//2317 2053//2318
f 2053//2318 2055//2317 2359//2319
f 2053//2318 2359//2319 2360//2320
f 2155//2196 2054//2199 2053//2318
f 2155//2196 2053//2318 2156//2321
f 2361//2322 2156//2321 2053//2318
f 2361//2322 2053//2318 2360//2320
f 2047//2323 2157//2324 2158//2099
f 2047//2323 2158//2099 2050//2098
f 2048//2325 2034//2194 2155//2196
f 2048//2325 2155//2196 2156//2321
f 2361//2322 2157//2324 2047//2323
f 2361//2322 2047//2323 2362//2326
f 2048//2325 2156//2321 2361//2322
f 2048//2325 2361//2322 2362//2326
f 2124//2327 2047//2323 2050//2098
f 2124//2327 2050//2098 2125//2241
f 2122//2012 2034//2194 2048//2325
f 2122//2012 2048//2325 2123//2328
f 2362//2326 2047//2323 2124//2327
f 2362//2326 2124//2327 2363//2329
f 2123//2328 2048//2325 2362//2326
f 2123//2328 2362//2326 2363//2329
f 2049//2330 2124//2327 2125//2241
f 2049//2330 2125//2241 2261//2258
f 2033//2009 2122//2012 2123//2328
f 2033//2009 2123//2328 2046//2331
f 2363//2329 2124//2327 2049//2330
f 2363//2329 2049//2330 2364//2332
f 2046//2331 2123//2328 2363//2329
f 2046//2331 2363//2329 2364//2332
f 2184//2333 2183//1923 2033//2009
f 2184//2333 2033//2009 2046//2331
f 2185//2334 2049//2330 2261//2258
f 2185//2334 2261//2258 2334//2260
f 2334//2260 1986//2262 2185//2334
f 2004//1883 2005//1882 2183//1923
f 2004//1883 2183//1923 2184//2333
f 2364//2332 2049//2330 2185//2334
f 2364//2332 2185//2334 2365//2335
f 1983//1880 1984//1879 2004//1883
f 1983//1880 2004//1883 1987//2336
f 1987//2336 2004//1883 2184//2333
f 1987//2336 2184//2333 2365//2335
f 1982//2058 1983//1880 1987//2336
f 1986//2262 1982//2058 1987//2336
f 2365//2335 2185//2334 1987//2336
f 1987//2336 2185//2334 1986//2262
f 2184//2333 2046//2331 2364//2332
f 2184//2333 2364//2332 2365//2335
f 2320//2240 2319//2238 1773//1735
f 2320//2240 1773//1735 1780//1737
f 2329//2337 2321//2239 2322//1740
f 2329//2337 2322//1740 2328//1739
f 2329//2337 2328//1739 1721//2125
f 2329//2337 1721//2125 1730//2124
f 2366//2338 2329//2337 1730//2124
f 2366//2338 1730//2124 1895//2339
f 2320//2240 2321//2239 2329//2337
f 2320//2240 2329//2337 2366//2338
f 1895//2339 1894//2281 2345//2279
f 1895//2339 2345//2279 2344//2278
f 1895//2339 2343//2277 2342//2340
f 1914//2274 1913//1731 1733//2273
f 1914//2274 1733//2273 2342//2340
f 2343//2277 1915//2275 1914//2274
f 2343//2277 1914//2274 2342//2340
f 1729//2341 2342//2340 1733//2273
f 2366//2338 1895//2339 2342//2340
f 2366//2338 2342//2340 1729//2341
f 1729//2341 1733//2273 2319//2238
f 1729//2341 2319//2238 2320//2240
f 1729//2341 2320//2240 2366//2338
f 1730//2124 1759//2123 1894//2281
f 1730//2124 1894//2281 1895//2339
f 2344//2278 2343//2277 1895//2339
f 1929//2265 1802//1759 1799//1754
f 1929//2265 1799//1754 1928//1756
f 1929//2265 1928//1756 1760//1752
f 1929//2265 1760//1752 1734//1758
f 2282//2266 2341//2264 1929//2265
f 2359//2319 2055//2317 2058//2311
f 2359//2319 2058//2311 2052//2342
f 2052//2342 2058//2311 2020//2310
f 2052//2342 2020//2310 2066//2343
f 2064//2344 2065//1897 2067//1898
f 2064//2344 2067//1898 2066//2343
f 2066//2343 2020//2310 2018//2312
f 2066//2343 2018//2312 2064//2344
f 2350//2345 2024//2346 2017//2313
f 2350//2345 2017//2313 2327//2314
f 2024//2346 2063//1899 2065//1897
f 2024//2346 2065//1897 2064//2344
f 2350//2345 2326//2292 2063//1899
f 2350//2345 2063//1899 2024//2346
f 2024//2346 2064//2344 2018//2312
f 2024//2346 2018//2312 2017//2313
f 2350//2345 2327//2314 1985//2315
f 2350//2345 1985//2315 2358//2347
f 2169//1881 2170//2057 2150//2309
f 2169//1881 2150//2309 2330//2316
f 2358//2347 1985//2315 2330//2316
f 2351//2348 2350//2345 2358//2347
f 2351//2348 2331//2293 2326//2292
f 2351//2348 2326//2292 2350//2345
f 2352//2349 2330//2316 2150//2309
f 2353//2300 2003//2295 1981//2294
f 2353//2300 1981//2294 2352//2349
f 2352//2349 1981//2294 2331//2293
f 2358//2347 2330//2316 2352//2349
f 2352//2349 2331//2293 2351//2348
f 2352//2349 2150//2309 2149//2297
f 2352//2349 2149//2297 2353//2300
f 2351//2348 2358//2347 2352//2349
f 1939//1824 1923//1750 1860//1747
f 1797//1742 1923//1750 1939//1824
f 1797//1742 1939//1824 1798//1773
f 1854//2350 1853//2351 2367//2352
f 1853//2351 1855//2353 2367//2352
f 1855//2353 1856//2354 2367//2352
f 1859//2355 1854//2350 2367//2352
f 1906//2356 1859//2355 2367//2352
f 1937//1770 1864//1771 2367//2352
f 1856//2354 1857//2357 2367//2352
f 1938//2358 1858//1772 2367//2352
f 1858//1772 1937//1770 2367//2352
f 1857//2357 1938//2358 2367//2352
f 1861//2359 1906//2356 2367//2352
f 1864//1771 1865//1823 2367//2352
f 1957//1825 1958//2360 2367//2352
f 1958//2360 1956//2361 2367//2352
f 1865//1823 1957//1825 2367//2352
f 1956//2361 1861//2359 2367//2352
f 2097//1851 2098//1850 2368//2362
f 2100//1852 2097//1851 2368//2362
f 2102//1857 2100//1852 2368//2362
f 2098//1850 2106//1870 2368//2362
f 2106//1870 2161//1871 2368//2362
f 2116//1887 2190//1886 2368//2362
f 2104//1892 2102//1857 2368//2362
f 2105//1894 2192//1893 2368//2362
f 2190//1886 2105//1894 2368//2362
f 2192//1893 2104//1892 2368//2362
f 2161//1871 2113//1941 2368//2362
f 2117//1942 2116//1887 2368//2362
f 2212//1945 2211//1944 2368//2362
f 2210//1948 2212//1945 2368//2362
f 2211//1944 2117//1942 2368//2362
f 2113//1941 2210//1948 2368//2362
f 2370//2363 3629//2364 3630//2365
f 2370//2363 3630//2365 2537//2366
f 2374//2367 2373//2368 2529//2369
f 2374//2367 2529//2369 2531//2370
f 2375//2371 2374//2367 2531//2370
f 2375//2371 2531//2370 2533//2372
f 2376//2373 2375//2371 2533//2372
f 2376//2373 2533//2372 2532//2374
f 2378//2375 2377//2376 2536//2377
f 2378//2375 2536//2377 2535//2378
f 2369//2379 2378//2375 2535//2378
f 2369//2379 2535//2378 2534//2380
f 3655//2381 2370//2363 2537//2366
f 3655//2381 2537//2366 3654//2382
f 2385//2383 2386//2384 2387//2385
f 2385//2383 2387//2385 2388//2386
f 2388//2386 2387//2385 2389//2387
f 2388//2386 2389//2387 2390//2388
f 2387//2385 2391//2389 2392//2390
f 2387//2385 2392//2390 2389//2387
f 2386//2384 2393//2391 2391//2389
f 2386//2384 2391//2389 2387//2385
f 2390//2388 2389//2387 2394//2392
f 2390//2388 2394//2392 2395//2393
f 3626//2394 2424//2395 2427//2396
f 3626//2394 2427//2396 3625//2397
f 2429//2398 2428//2399 2430//2400
f 2429//2398 2430//2400 2431//2401
f 2428//2399 2433//2402 2432//2403
f 2428//2399 2432//2403 2430//2400
f 2435//2404 2434//2405 2436//2406
f 2435//2404 2436//2406 2437//2407
f 2434//2405 2425//2408 2426//2409
f 2434//2405 2426//2409 2436//2406
f 3634//2410 2446//2411 2567//2412
f 3634//2410 2567//2412 3633//2413
f 2449//2414 3641//2415 3642//2416
f 2449//2414 3642//2416 2556//2417
f 2455//2418 2454//2419 2566//2420
f 2455//2418 2566//2420 2563//2421
f 2454//2419 2447//2422 2565//2423
f 2454//2419 2565//2423 2566//2420
f 2446//2411 3650//2424 3651//2425
f 2446//2411 3651//2425 2567//2412
f 2457//2426 2449//2414 2556//2417
f 2457//2426 2556//2417 2557//2427
f 2461//2428 2460//2429 2555//2430
f 2461//2428 2555//2430 2553//2431
f 3682//2432 2457//2426 2557//2427
f 3682//2432 2557//2427 3681//2433
f 2431//2401 2430//2400 2467//2434
f 2431//2401 2467//2434 2468//2435
f 2468//2435 2467//2434 2391//2389
f 2468//2435 2391//2389 2393//2391
f 2467//2434 2469//2436 2392//2390
f 2467//2434 2392//2390 2391//2389
f 2430//2400 2432//2403 2469//2436
f 2430//2400 2469//2436 2467//2434
f 2437//2407 2436//2406 2470//2437
f 2437//2407 2470//2437 2471//2438
f 2471//2438 2470//2437 2388//2386
f 2471//2438 2388//2386 2390//2388
f 2470//2437 2465//2439 2385//2383
f 2470//2437 2385//2383 2388//2386
f 2436//2406 2426//2409 2465//2439
f 2436//2406 2465//2439 2470//2437
f 2424//2395 2482//2440 2483//2441
f 2424//2395 2483//2441 2427//2396
f 2482//2440 3609//2442 3610//2443
f 2482//2440 3610//2443 2483//2441
f 2424//2395 2656//2444 2658//2445
f 2424//2395 2658//2445 2482//2440
f 2482//2440 2658//2445 3608//2446
f 2482//2440 3608//2446 3609//2442
f 2435//2404 2650//2447 2652//2448
f 2435//2404 2652//2448 2434//2405
f 2434//2405 2652//2448 2654//2449
f 2434//2405 2654//2449 2425//2408
f 3626//2394 3627//2450 2656//2444
f 3626//2394 2656//2444 2424//2395
f 2423//2451 2421//2452 2632//2453
f 2423//2451 2632//2453 2634//2454
f 2421//2452 3615//2455 3616//2456
f 2421//2452 3616//2456 2632//2453
f 2433//2402 2428//2399 2638//2457
f 2433//2402 2638//2457 2640//2458
f 2428//2399 2429//2398 2636//2459
f 2428//2399 2636//2459 2638//2457
f 3618//2460 2423//2451 2634//2454
f 3618//2460 2634//2454 3617//2461
f 2528//2462 2490//2463 2491//2464
f 2528//2462 2491//2464 2492//2465
f 2493//2466 2491//2464 2490//2463
f 2493//2466 2490//2463 2494//2467
f 2496//2468 2495//2469 2498//2470
f 2496//2468 2498//2470 2497//2471
f 2493//2466 2494//2467 2496//2468
f 2493//2466 2496//2468 2497//2471
f 2500//2472 2499//2473 2504//2474
f 2500//2472 2504//2474 2502//2475
f 2501//2476 2500//2472 2502//2475
f 2501//2476 2502//2475 2503//2477
f 3631//2478 3632//2479 2505//2480
f 3631//2478 2505//2480 2506//2481
f 2506//2481 2505//2480 3652//2482
f 2506//2481 3652//2482 3653//2483
f 2527//2484 2525//2485 3643//2486
f 2527//2484 3643//2486 3644//2487
f 2490//2463 2560//2488 2559//2489
f 2490//2463 2559//2489 2494//2467
f 2528//2462 2558//2490 2560//2488
f 2528//2462 2560//2488 2490//2463
f 2496//2468 2562//2491 2561//2492
f 2496//2468 2561//2492 2495//2469
f 2494//2467 2559//2489 2562//2491
f 2494//2467 2562//2491 2496//2468
f 2500//2472 2566//2420 2565//2423
f 2500//2472 2565//2423 2499//2473
f 2501//2476 2563//2421 2566//2420
f 2501//2476 2566//2420 2500//2472
f 3632//2479 3633//2413 2567//2412
f 3632//2479 2567//2412 2505//2480
f 2505//2480 2567//2412 3651//2425
f 2505//2480 3651//2425 3652//2482
f 3680//2493 3681//2433 2557//2427
f 3680//2493 2557//2427 2522//2494
f 2522//2494 2557//2427 2556//2417
f 2522//2494 2556//2417 2525//2485
f 2525//2485 2556//2417 3642//2416
f 2525//2485 3642//2416 3643//2486
f 2491//2464 2493//2466 2531//2370
f 2491//2464 2531//2370 2529//2369
f 2498//2470 2532//2374 2533//2372
f 2498//2470 2533//2372 2497//2471
f 2497//2471 2533//2372 2531//2370
f 2497//2471 2531//2370 2493//2466
f 2504//2474 2534//2380 2535//2378
f 2504//2474 2535//2378 2502//2475
f 2502//2475 2535//2378 2536//2377
f 2502//2475 2536//2377 2503//2477
f 2506//2481 2537//2366 3630//2365
f 2506//2481 3630//2365 3631//2478
f 3653//2483 3654//2382 2537//2366
f 3653//2483 2537//2366 2506//2481
f 2544//2495 2376//2373 2532//2374
f 2544//2495 2532//2374 2545//2496
f 2536//2377 2377//2376 2544//2495
f 2536//2377 2544//2495 2545//2496
f 2503//2477 2536//2377 2545//2496
f 2503//2477 2545//2496 2546//2497
f 2532//2374 2498//2470 2546//2497
f 2532//2374 2546//2497 2545//2496
f 2547//2498 2501//2476 2503//2477
f 2547//2498 2503//2477 2546//2497
f 2498//2470 2495//2469 2547//2498
f 2498//2470 2547//2498 2546//2497
f 2547//2498 2564//2499 2563//2421
f 2547//2498 2563//2421 2501//2476
f 2495//2469 2561//2492 2564//2499
f 2495//2469 2564//2499 2547//2498
f 2561//2492 2452//2500 2548//2501
f 2561//2492 2548//2501 2564//2499
f 2548//2501 2455//2418 2563//2421
f 2548//2501 2563//2421 2564//2499
f 2456//2502 3671//2503 3672//2504
f 2456//2502 3672//2504 2550//2505
f 2508//2506 2550//2505 3672//2504
f 2508//2506 3672//2504 3673//2507
f 2581//2508 2598//2509 2592//2510
f 2581//2508 2592//2510 2575//2511
f 2575//2511 2592//2510 2590//2512
f 2575//2511 2590//2512 2573//2513
f 2574//2514 2575//2511 2573//2513
f 2574//2514 2573//2513 2514//2515
f 2596//2516 2598//2509 2581//2508
f 2596//2516 2581//2508 2582//2517
f 3680//2493 2522//2494 2526//2518
f 3680//2493 2526//2518 3679//2519
f 2522//2494 2525//2485 2527//2484
f 2522//2494 2527//2484 2526//2518
f 2582//2517 2540//2520 2604//2521
f 2582//2517 2604//2521 2596//2516
f 2590//2512 2594//2522 2578//2523
f 2590//2512 2578//2523 2573//2513
f 2573//2513 2578//2523 2577//2524
f 2573//2513 2577//2524 2514//2515
f 2509//2525 2508//2506 3673//2507
f 2509//2525 3673//2507 3674//2526
f 2587//2527 2540//2520 2541//2528
f 2605//2529 2604//2521 2540//2520
f 2605//2529 2540//2520 2587//2527
f 2588//2530 2541//2528 2384//2531
f 2588//2530 2384//2531 2383//2532
f 2541//2528 2588//2530 2587//2527
f 3635//2533 2401//2534 2446//2411
f 3635//2533 2446//2411 3634//2410
f 3640//2535 3641//2415 2449//2414
f 3640//2535 2449//2414 2402//2536
f 2407//2537 2400//2538 2447//2422
f 2407//2537 2447//2422 2454//2419
f 2549//2539 2407//2537 2454//2419
f 2549//2539 2454//2419 2455//2418
f 3670//2540 3671//2503 2456//2502
f 3670//2540 2456//2502 2408//2541
f 2401//2534 3649//2542 3650//2424
f 2401//2534 3650//2424 2446//2411
f 2402//2536 2449//2414 2457//2426
f 2402//2536 2457//2426 2410//2543
f 2410//2543 2457//2426 3682//2432
f 2410//2543 3682//2432 3683//2544
f 2549//2539 2455//2418 2548//2501
f 2549//2539 2548//2501 3658//2545
f 2406//2546 3658//2545 2548//2501
f 2406//2546 2548//2501 2452//2500
f 2413//2547 2411//2548 2460//2429
f 2413//2547 2460//2429 2461//2428
f 3636//2549 2618//2550 2401//2534
f 3636//2549 2401//2534 3635//2533
f 2625//2551 2619//2552 2400//2538
f 2625//2551 2400//2538 2407//2537
f 2626//2553 2625//2551 2407//2537
f 2626//2553 2407//2537 2549//2539
f 2624//2554 3657//2555 3658//2545
f 2624//2554 3658//2545 2406//2546
f 2621//2556 3639//2557 3640//2535
f 2621//2556 3640//2535 2402//2536
f 2619//2552 2625//2551 2665//2558
f 2619//2552 2665//2558 2662//2559
f 2625//2551 2626//2553 2667//2560
f 2625//2551 2667//2560 2665//2558
f 3657//2555 2624//2554 2669//2561
f 3657//2555 2669//2561 3656//2562
f 3639//2557 2621//2556 2677//2563
f 3639//2557 2677//2563 3638//2564
f 2618//2550 3648//2565 3649//2542
f 2618//2550 3649//2542 2401//2534
f 3648//2565 2618//2550 2681//2566
f 3648//2565 2681//2566 3647//2567
f 2618//2550 3636//2549 3637//2568
f 2618//2550 3637//2568 2681//2566
f 2628//2569 2621//2556 2402//2536
f 2628//2569 2402//2536 2410//2543
f 3684//2570 2628//2569 2410//2543
f 3684//2570 2410//2543 3683//2544
f 3685//2571 2696//2572 2628//2569
f 3685//2571 2628//2569 3684//2570
f 2411//2548 2413//2547 2412//2573
f 2411//2548 2412//2573 2629//2574
f 2691//2575 2694//2576 2629//2574
f 2691//2575 2629//2574 2412//2573
f 2696//2572 2677//2563 2621//2556
f 2696//2572 2621//2556 2628//2569
f 2683//2577 3668//2578 3669//2579
f 2683//2577 3669//2579 2627//2580
f 2627//2580 3669//2579 3670//2540
f 2627//2580 3670//2540 2408//2541
f 3616//2456 2790//2581 2633//2582
f 3616//2456 2633//2582 2632//2453
f 2632//2453 2633//2582 2635//2583
f 2632//2453 2635//2583 2634//2454
f 2634//2454 2635//2583 2794//2584
f 2634//2454 2794//2584 3617//2461
f 2636//2459 2637//2585 2639//2586
f 2636//2459 2639//2586 2638//2457
f 2650//2447 2651//2587 2653//2588
f 2650//2447 2653//2588 2652//2448
f 2658//2445 2659//2589 3607//2590
f 2658//2445 3607//2590 3608//2446
f 3637//2568 2780//2591 2682//2592
f 3637//2568 2682//2592 2681//2566
f 2664//2593 2665//2558 2667//2560
f 2664//2593 2667//2560 2666//2594
f 2774//2595 3656//2562 2669//2561
f 2774//2595 2669//2561 2668//2596
f 2762//2597 3638//2564 2677//2563
f 2762//2597 2677//2563 2676//2598
f 2676//2598 2677//2563 2696//2572
f 2676//2598 2696//2572 2695//2599
f 2681//2566 2682//2592 2785//2600
f 2681//2566 2785//2600 3647//2567
f 2691//2575 2692//2601 2693//2602
f 2691//2575 2693//2602 2694//2576
f 3685//2571 3686//2603 2695//2599
f 3685//2571 2695//2599 2696//2572
f 2397//2604 2395//2393 2394//2392
f 2397//2604 2394//2392 2396//2605
f 2394//2392 2398//2606 2399//2607
f 2394//2392 2399//2607 2396//2605
f 2389//2387 2392//2390 2398//2606
f 2389//2387 2398//2606 2394//2392
f 2432//2403 2433//2402 2438//2608
f 2432//2403 2438//2608 2439//2609
f 2469//2436 2432//2403 2439//2609
f 2469//2436 2439//2609 2472//2610
f 2392//2390 2469//2436 2472//2610
f 2392//2390 2472//2610 2398//2606
f 2642//2611 2438//2608 2433//2402
f 2642//2611 2433//2402 2640//2458
f 2473//2612 2399//2607 2398//2606
f 2473//2612 2398//2606 2472//2610
f 2440//2613 2473//2612 2472//2610
f 2440//2613 2472//2610 2439//2609
f 2708//2614 2440//2613 2439//2609
f 2708//2614 2439//2609 2438//2608
f 2706//2615 2708//2614 2438//2608
f 2706//2615 2438//2608 2642//2611
f 2635//2583 2633//2582 2725//2616
f 2635//2583 2725//2616 2724//2617
f 2794//2584 2635//2583 2724//2617
f 2794//2584 2724//2617 2793//2618
f 2637//2585 2721//2619 2795//2620
f 2711//2621 2749//2622 2750//2623
f 2711//2621 2750//2623 2712//2624
f 2763//2625 2762//2597 2676//2598
f 2763//2625 2676//2598 2741//2626
f 2764//2627 2763//2625 2741//2626
f 2764//2627 2741//2626 2737//2628
f 2763//2625 2764//2627 2734//2629
f 2763//2625 2734//2629 2742//2630
f 2762//2597 2763//2625 2742//2630
f 2762//2597 2742//2630 2674//2631
f 2765//2632 2742//2630 2734//2629
f 3592//2633 3607//2590 2659//2589
f 3592//2633 2659//2589 2726//2634
f 2775//2635 2774//2595 2668//2596
f 2775//2635 2668//2596 2745//2636
f 2777//2637 2747//2638 2732//2639
f 2664//2593 2666//2594 2746//2640
f 2664//2593 2746//2640 2747//2638
f 2747//2638 2746//2640 2729//2641
f 2747//2638 2729//2641 2732//2639
f 2666//2594 2774//2595 2775//2635
f 2666//2594 2775//2635 2746//2640
f 2785//2600 2682//2592 2751//2642
f 2785//2600 2751//2642 2784//2643
f 2786//2644 2751//2642 2736//2645
f 2778//2646 2782//2647 2779//2648
f 2682//2592 2780//2591 2779//2648
f 2682//2592 2779//2648 2751//2642
f 2782//2647 2736//2645 2751//2642
f 2782//2647 2751//2642 2779//2648
f 2751//2642 2786//2644 2783//2649
f 2751//2642 2783//2649 2784//2643
f 2787//2650 2788//2651 2711//2621
f 2787//2650 2711//2621 2712//2624
f 2633//2582 2790//2581 2791//2652
f 2633//2582 2791//2652 2725//2616
f 2790//2581 2630//2653 2714//2654
f 2790//2581 2714//2654 2792//2655
f 2790//2581 2792//2655 2791//2652
f 2637//2585 2794//2584 2793//2618
f 2637//2585 2793//2618 2721//2619
f 2639//2586 2637//2585 2795//2620
f 2639//2586 2795//2620 2720//2656
f 2758//2657 3211//2658 3221//2659
f 2758//2657 2755//2660 3210//2661
f 2758//2657 3210//2661 3211//2658
f 2758//2657 2693//2602 2692//2601
f 2758//2657 2692//2601 2755//2660
f 2755//2660 2753//2662 2800//2663
f 2755//2660 2800//2663 3210//2661
f 2728//2664 2800//2663 2753//2662
f 2728//2664 2753//2662 2754//2665
f 2801//2666 2802//2667 2806//2668
f 2801//2666 2806//2668 2805//2669
f 2793//2618 2806//2668 2802//2667
f 2793//2618 2802//2667 2804//2670
f 2807//2671 2808//2672 2811//2673
f 2807//2671 2811//2673 2810//2674
f 2793//2618 2804//2670 2807//2671
f 2793//2618 2807//2671 2810//2674
f 2721//2619 2793//2618 2810//2674
f 2721//2619 2810//2674 2811//2673
f 2812//2675 2813//2676 2816//2677
f 2812//2675 2816//2677 2815//2678
f 2795//2620 2721//2619 2815//2678
f 2795//2620 2815//2678 2816//2677
f 2795//2620 2816//2677 2813//2676
f 2795//2620 2813//2676 2814//2679
f 2818//2680 2817//2681 2822//2682
f 2818//2680 2822//2682 2821//2683
f 2814//2679 2818//2680 2821//2683
f 2814//2679 2821//2683 2819//2684
f 2820//2685 2819//2684 2821//2683
f 2820//2685 2821//2683 2822//2682
f 2823//2686 2824//2687 2828//2688
f 2823//2686 2828//2688 2827//2689
f 2823//2686 2827//2689 2720//2656
f 2823//2686 2720//2656 2825//2690
f 2720//2656 2827//2689 2828//2688
f 2720//2656 2828//2688 2717//2691
f 2829//2692 2830//2693 2833//2694
f 2829//2692 2833//2694 2832//2695
f 2825//2690 2819//2684 2834//2696
f 2825//2690 2834//2696 2835//2697
f 2853//2698 2854//2699 2856//2700
f 2853//2698 2856//2700 2855//2701
f 2858//2702 2857//2703 2865//2704
f 2858//2702 2865//2704 2864//2705
f 2857//2703 2859//2706 2866//2707
f 2857//2703 2866//2707 2865//2704
f 2859//2706 2860//2708 2867//2709
f 2859//2706 2867//2709 2866//2707
f 2861//2710 2797//2711 2864//2705
f 2861//2710 2864//2705 2865//2704
f 2862//2712 2861//2710 2865//2704
f 2862//2712 2865//2704 2866//2707
f 2850//2713 2848//2714 2859//2706
f 2850//2713 2859//2706 2857//2703
f 2863//2715 2862//2712 2866//2707
f 2863//2715 2866//2707 2867//2709
f 2863//2715 2867//2709 2860//2708
f 2863//2715 2860//2708 2849//2716
f 2848//2714 2849//2716 2860//2708
f 2848//2714 2860//2708 2859//2706
f 2861//2710 2870//2717 2872//2718
f 2861//2710 2872//2718 2797//2711
f 2888//2719 2889//2720 3509//2721
f 2888//2719 3509//2721 3508//2722
f 2889//2720 2888//2719 3501//2723
f 2889//2720 3501//2723 3502//2724
f 2906//2725 2907//2726 2909//2727
f 2906//2725 2909//2727 2908//2728
f 2911//2729 2910//2730 3493//2731
f 2911//2729 3493//2731 3494//2732
f 2910//2730 2911//2729 3495//2733
f 2910//2730 3495//2733 3496//2734
f 2919//2735 2920//2736 2929//2737
f 2919//2735 2929//2737 2928//2738
f 2921//2739 2922//2740 2920//2736
f 2921//2739 2920//2736 2919//2735
f 2922//2740 2921//2739 2931//2741
f 2922//2740 2931//2741 2930//2742
f 2926//2743 2923//2744 2919//2735
f 2926//2743 2919//2735 2928//2738
f 2923//2744 2925//2745 2921//2739
f 2923//2744 2921//2739 2919//2735
f 2849//2716 2924//2746 2920//2736
f 2849//2716 2920//2736 2922//2740
f 2932//2747 2933//2748 2940//2749
f 2932//2747 2940//2749 2939//2750
f 2934//2751 2935//2752 2933//2748
f 2934//2751 2933//2748 2932//2747
f 2935//2752 2934//2751 2942//2753
f 2935//2752 2942//2753 2941//2754
f 2926//2743 2940//2749 2933//2748
f 2926//2743 2933//2748 2923//2744
f 2936//2755 2937//2756 2934//2751
f 2936//2755 2934//2751 2932//2747
f 2923//2744 2933//2748 2935//2752
f 2923//2744 2935//2752 2925//2745
f 2943//2757 2944//2758 2951//2759
f 2943//2757 2951//2759 2950//2760
f 2947//2761 2943//2757 2819//2684
f 2943//2757 2950//2760 2819//2684
f 2954//2762 2955//2763 2962//2764
f 2954//2762 2962//2764 2961//2765
f 2958//2766 2954//2762 2820//2685
f 2954//2762 2961//2765 2820//2685
f 2819//2684 2820//2685 2962//2764
f 2820//2685 2961//2765 2962//2764
f 2955//2763 2947//2761 2819//2684
f 2955//2763 2819//2684 2962//2764
f 2965//2767 2966//2768 3514//2769
f 2967//2770 2968//2771 2966//2768
f 2967//2770 2966//2768 2965//2767
f 2968//2771 2967//2770 2976//2772
f 2968//2771 2976//2772 2975//2773
f 2965//2767 3514//2769 2985//2774
f 2965//2767 2985//2774 2969//2775
f 2969//2775 2971//2776 2967//2770
f 2969//2775 2967//2770 2965//2767
f 2970//2777 2966//2768 2968//2771
f 2970//2777 2968//2771 2972//2778
f 2974//2779 2976//2772 2967//2770
f 2974//2779 2967//2770 2971//2776
f 2977//2780 2978//2781 2981//2782
f 2977//2780 2981//2782 2982//2783
f 2979//2784 2980//2785 2978//2781
f 2979//2784 2978//2781 2977//2780
f 2980//2785 2979//2784 2990//2786
f 2980//2785 2990//2786 2989//2787
f 2982//2783 2981//2782 2992//2788
f 2982//2783 2992//2788 2991//2789
f 2982//2783 2986//2790 2983//2791
f 2982//2783 2983//2791 2977//2780
f 2983//2791 2984//2792 2979//2784
f 2983//2791 2979//2784 2977//2780
f 2989//2787 2974//2779 2971//2776
f 2989//2787 2971//2776 2980//2785
f 2993//2793 2994//2794 3002//2795
f 2993//2793 3002//2795 3001//2796
f 2995//2797 2996//2798 2994//2794
f 2995//2797 2994//2794 2993//2793
f 2996//2798 2995//2797 3004//2799
f 2996//2798 3004//2799 3003//2800
f 2986//2790 3002//2795 2994//2794
f 2986//2790 2994//2794 2983//2791
f 2998//2801 2995//2797 2993//2793
f 2998//2801 2993//2793 2997//2802
f 2983//2791 2994//2794 2996//2798
f 2983//2791 2996//2798 2984//2792
f 3011//2803 3007//2804 3012//2805
f 3012//2805 3007//2804 3006//2806
f 3013//2807 3012//2805 3009//2808
f 3009//2808 3012//2805 3006//2806
f 3014//2809 3015//2810 3026//2811
f 3014//2809 3026//2811 3025//2812
f 3011//2803 3026//2811 3015//2810
f 3011//2803 3015//2810 3010//2813
f 3042//2814 3043//2815 3044//2816
f 3042//2814 3044//2816 3045//2817
f 3043//2815 3042//2814 3046//2818
f 3043//2815 3046//2818 3047//2819
f 3047//2819 3046//2818 3055//2820
f 3047//2819 3055//2820 3054//2821
f 3058//2822 3059//2823 3067//2824
f 3058//2822 3067//2824 3066//2825
f 3059//2823 3513//2826 3067//2824
f 2974//2779 3513//2826 3059//2823
f 2974//2779 3059//2823 3048//2827
f 3090//2828 3091//2829 3094//2830
f 3090//2828 3094//2830 3093//2831
f 3093//2831 3092//2832 2728//2664
f 3093//2831 2728//2664 3090//2828
f 2728//2664 2767//2833 3091//2829
f 2728//2664 3091//2829 3090//2828
f 3097//2834 2800//2663 3095//2835
f 3097//2834 3095//2835 3096//2836
f 2728//2664 3092//2832 3098//2837
f 2728//2664 3098//2837 3099//2838
f 3100//2839 3101//2840 3102//2841
f 3100//2839 3102//2841 3103//2842
f 3107//2843 3106//2844 3100//2839
f 3107//2843 3100//2839 3103//2842
f 3115//2845 3116//2846 3119//2847
f 3115//2845 3119//2847 3118//2848
f 3107//2843 3119//2847 3116//2846
f 3107//2843 3116//2846 3106//2844
f 3129//2849 3130//2850 3135//2851
f 3129//2849 3135//2851 3134//2852
f 3130//2850 3129//2849 3137//2853
f 3130//2850 3137//2853 3136//2854
f 3132//2855 3131//2856 3129//2849
f 3132//2855 3129//2849 3134//2852
f 3133//2857 3132//2855 3134//2852
f 3133//2857 3134//2852 3135//2851
f 3097//2834 3092//2832 3136//2854
f 3097//2834 3136//2854 3137//2853
f 3144//2858 3145//2859 3151//2860
f 3144//2858 3151//2860 3150//2861
f 3145//2859 3144//2858 3153//2862
f 3145//2859 3153//2862 3152//2863
f 3149//2864 3153//2862 3144//2858
f 3149//2864 3144//2858 3146//2865
f 3154//2866 3155//2867 3160//2868
f 3154//2866 3160//2868 3159//2869
f 3155//2867 3154//2866 3162//2870
f 3155//2867 3162//2870 3161//2871
f 3149//2864 3146//2865 3155//2867
f 3149//2864 3155//2867 3161//2871
f 3158//2872 3149//2864 3161//2871
f 3158//2872 3161//2871 3162//2870
f 3158//2872 3162//2870 3154//2866
f 3158//2872 3154//2866 3156//2873
f 3163//2874 3164//2875 3169//2876
f 3163//2874 3169//2876 3168//2877
f 3164//2875 3163//2874 3171//2878
f 3164//2875 3171//2878 3170//2879
f 3158//2872 3156//2873 3164//2875
f 3158//2872 3164//2875 3170//2879
f 3167//2880 3158//2872 3170//2879
f 3167//2880 3170//2879 3171//2878
f 3167//2880 3171//2878 3163//2874
f 3167//2880 3163//2874 3165//2881
f 3173//2882 3172//2883 3180//2884
f 3173//2882 3180//2884 3179//2885
f 3167//2880 3165//2881 3173//2882
f 3167//2880 3173//2882 3179//2885
f 3176//2886 3167//2880 3179//2885
f 3176//2886 3179//2885 3180//2884
f 3176//2886 3180//2884 3172//2883
f 3176//2886 3172//2883 3174//2887
f 3181//2888 3182//2889 3185//2890
f 3181//2888 3185//2890 3184//2891
f 3182//2889 3181//2888 3187//2892
f 3182//2889 3187//2892 3186//2893
f 3176//2886 3174//2887 3182//2889
f 3176//2886 3182//2889 3186//2893
f 3188//2894 3195//2895 3194//2896
f 3188//2894 3194//2896 3189//2897
f 2739//2898 3190//2899 3188//2894
f 2739//2898 3188//2894 3192//2900
f 3196//2901 3197//2902 3201//2903
f 3196//2901 3201//2903 3200//2904
f 3197//2902 3196//2901 3203//2905
f 3197//2902 3203//2905 3202//2906
f 2739//2898 3201//2903 3197//2902
f 2739//2898 3197//2902 3190//2899
f 3204//2907 3205//2908 3214//2909
f 3204//2907 3214//2909 3213//2910
f 3205//2908 3204//2907 3216//2911
f 3205//2908 3216//2911 3215//2912
f 3204//2907 3213//2910 3206//2913
f 3213//2910 3212//2914 3206//2913
f 3212//2914 3208//2915 3206//2913
f 3209//2916 3208//2915 3214//2909
f 3213//2910 3214//2909 3212//2914
f 3208//2915 3212//2914 3214//2909
f 3210//2661 3207//2917 3205//2908
f 3210//2661 3205//2908 3215//2912
f 3211//2658 3210//2661 3215//2912
f 3211//2658 3215//2912 3216//2911
f 3211//2658 3216//2911 3204//2907
f 3211//2658 3204//2907 3206//2913
f 3218//2918 3217//2919 3225//2920
f 3218//2918 3225//2920 3224//2921
f 3208//2915 3220//2922 3222//2923
f 3208//2915 3222//2923 3223//2924
f 3211//2658 3206//2913 3218//2918
f 3211//2658 3218//2918 3224//2921
f 3221//2659 3211//2658 3224//2921
f 3221//2659 3224//2921 3225//2920
f 3221//2659 3225//2920 3217//2919
f 3221//2659 3217//2919 3219//2925
f 3227//2926 3226//2927 3233//2928
f 3227//2926 3233//2928 3232//2929
f 3221//2659 3219//2925 3227//2926
f 3221//2659 3227//2926 3232//2929
f 3249//2930 3248//2931 3255//2932
f 3249//2930 3255//2932 3254//2933
f 2737//2628 3255//2932 3248//2931
f 2737//2628 3248//2931 3250//2934
f 3257//2935 3256//2936 3263//2937
f 3257//2935 3263//2937 3262//2938
f 3262//2938 2737//2628 3250//2934
f 3262//2938 3250//2934 3257//2935
f 2764//2627 2737//2628 3262//2938
f 2764//2627 3262//2938 3263//2937
f 2764//2627 3263//2937 3256//2936
f 2764//2627 3256//2936 3258//2939
f 3265//2940 3264//2941 3273//2942
f 3265//2940 3273//2942 3272//2943
f 3264//2941 3266//2944 3274//2945
f 3264//2941 3274//2945 3273//2942
f 3272//2943 2764//2627 3258//2939
f 3272//2943 3258//2939 3265//2940
f 2734//2629 2764//2627 3272//2943
f 2734//2629 3272//2943 3273//2942
f 2765//2632 2734//2629 3273//2942
f 2765//2632 3273//2942 3274//2945
f 2765//2632 3274//2945 3266//2944
f 2765//2632 3266//2944 3267//2946
f 3282//2947 2786//2644 3283//2948
f 3282//2947 3283//2948 3284//2949
f 3285//2950 3286//2951 3287//2952
f 3285//2950 3287//2952 3288//2953
f 3290//2954 3289//2955 3285//2950
f 3290//2954 3285//2950 3288//2953
f 3288//2953 3287//2952 3293//2956
f 3288//2953 3293//2956 3292//2957
f 3292//2957 2778//2646 3290//2954
f 3292//2957 3290//2954 3288//2953
f 3289//2955 3290//2954 3295//2958
f 3289//2955 3295//2958 3294//2959
f 3300//2960 3301//2961 3302//2962
f 3300//2960 3302//2962 3303//2963
f 3305//2964 3304//2965 3300//2960
f 3305//2964 3300//2960 3303//2963
f 3310//2966 3304//2965 3311//2967
f 3310//2966 3311//2967 3312//2968
f 3314//2969 3313//2970 3310//2966
f 3314//2969 3310//2966 3312//2968
f 3304//2965 3305//2964 3311//2967
f 3313//2970 3304//2965 3310//2966
f 3317//2971 3318//2972 3319//2973
f 3317//2971 3319//2973 3320//2974
f 3313//2970 3314//2969 3319//2973
f 3313//2970 3319//2973 3318//2972
f 3335//2975 3336//2976 3344//2977
f 3335//2975 3344//2977 3343//2978
f 3337//2979 3338//2980 3336//2976
f 3337//2979 3336//2976 3335//2975
f 2777//2637 3339//2981 3335//2975
f 2777//2637 3335//2975 3343//2978
f 3345//2982 3346//2983 3352//2984
f 3345//2982 3352//2984 3351//2985
f 3347//2986 3348//2987 3346//2983
f 3347//2986 3346//2983 3345//2982
f 2732//2639 3349//2988 3345//2982
f 2732//2639 3345//2982 3351//2985
f 2777//2637 2732//2639 3351//2985
f 2777//2637 3351//2985 3352//2984
f 2732//2639 2729//2641 3359//2989
f 2732//2639 3359//2989 3360//2990
f 2732//2639 3360//2990 3354//2991
f 2732//2639 3354//2991 3349//2988
f 3383//2992 3382//2993 3378//2994
f 3383//2992 3378//2994 3381//2995
f 3386//2996 3387//2997 3388//2998
f 3386//2996 3388//2998 3389//2999
f 3382//2993 3383//2992 3388//2998
f 3382//2993 3388//2998 3387//2997
f 3403//3000 3404//3001 3405//3002
f 3411//3003 3412//3004 3414//3005
f 3411//3003 3414//3005 3413//3006
f 3412//3004 3411//3003 3416//3007
f 3412//3004 3416//3007 3415//3008
f 3413//3006 3209//2916 3207//2917
f 3413//3006 3207//2917 3411//3003
f 3131//2856 3209//2916 3413//3006
f 3131//2856 3413//3006 3414//3005
f 3415//3008 2800//2663 3097//2834
f 3415//3008 3097//2834 3412//3004
f 3210//2661 2800//2663 3415//3008
f 3210//2661 3415//3008 3416//3007
f 3210//2661 3416//3007 3411//3003
f 3210//2661 3411//3003 3207//2917
f 3422//3009 3423//3010 3425//3011
f 3422//3009 3425//3011 3424//3012
f 2958//2766 3423//3010 3422//3009
f 3426//3013 3427//3014 3432//3015
f 3426//3013 3432//3015 3431//3016
f 3428//3017 3429//3018 3427//3014
f 3428//3017 3427//3014 3426//3013
f 2958//2766 3430//3019 3426//3013
f 2958//2766 3426//3013 3431//3016
f 2958//2766 3431//3016 3432//3015
f 2958//2766 3432//3015 3427//3014
f 2958//2766 3427//3014 2959//3020
f 3434//3021 3433//3022 3436//3023
f 3435//3024 2997//2802 3433//3022
f 3435//3024 3433//3022 3434//3021
f 3437//3025 3438//3026 3443//3027
f 3437//3025 3443//3027 3442//3028
f 3439//3029 3440//3030 3438//3026
f 3439//3029 3438//3026 3437//3025
f 2997//2802 3441//3031 3437//3025
f 2997//2802 3437//3025 3442//3028
f 2997//2802 3442//3028 3443//3027
f 3438//3026 2998//2801 2997//2802
f 3438//3026 2997//2802 3443//3027
f 3453//3032 3454//3033 3456//3034
f 3453//3032 3456//3034 3455//3035
f 2725//2616 2791//2652 3455//3035
f 2725//2616 3455//3035 3456//3034
f 2725//2616 3456//3034 3454//3033
f 2725//2616 3454//3033 3450//3036
f 2792//2655 2714//2654 3460//3037
f 2792//2655 3460//3037 3461//3038
f 3448//3039 3459//3040 3458//3041
f 3448//3039 3458//3041 3457//3042
f 3462//3043 3463//3044 3465//3045
f 3462//3043 3465//3045 3464//3046
f 2792//2655 3459//3040 3462//3043
f 2792//2655 3462//3043 3464//3046
f 2791//2652 2792//2655 3464//3046
f 2791//2652 3464//3046 3465//3045
f 2713//3047 3468//3048 3466//3049
f 2713//3047 3466//3049 3467//3050
f 3471//3051 3470//3052 3519//3053
f 3471//3051 3519//3053 3520//3054
f 3471//3051 3520//3054 2713//3047
f 3471//3051 2713//3047 2787//2650
f 3468//3048 2713//3047 3520//3054
f 3468//3048 3520//3054 3519//3053
f 3517//3055 3518//3056 3474//3057
f 3517//3055 3474//3057 3473//3058
f 3473//3058 3474//3057 3515//3059
f 3473//3058 3515//3059 3516//3060
f 3479//3061 3478//3062 3482//3063
f 3479//3061 3482//3063 3483//3064
f 3484//3065 3482//3063 3478//3062
f 3484//3065 3478//3062 3039//3066
f 3281//3067 3309//3068 3302//2962
f 3281//3067 3302//2962 3306//3069
f 3302//2962 3309//3068 3308//3070
f 3302//2962 3308//3070 3303//2963
f 3283//2948 2786//2644 2736//2645
f 3283//2948 2736//2645 3278//3071
f 3315//3072 3289//2955 3314//2969
f 3315//3072 3314//2969 3312//2968
f 3311//2967 3316//3073 3315//3072
f 3311//2967 3315//3072 3312//2968
f 3289//2955 3324//3074 3319//2973
f 3289//2955 3319//2973 3314//2969
f 3319//2973 3324//3074 3323//3075
f 3319//2973 3323//3075 3320//2974
f 3205//2908 3207//2917 3209//2916
f 3205//2908 3209//2916 3214//2909
f 3131//2856 3414//3005 3412//3004
f 3131//2856 3412//3004 3097//2834
f 3208//2915 3223//2924 3218//2918
f 3208//2915 3218//2918 3206//2913
f 3222//2923 3220//2922 3219//2925
f 3222//2923 3219//2925 3217//2919
f 3223//2924 3222//2923 3217//2919
f 3223//2924 3217//2919 3218//2918
f 3220//2922 3231//3076 3227//2926
f 3220//2922 3227//2926 3219//2925
f 3231//3076 3230//3077 3226//2927
f 3231//3076 3226//2927 3227//2926
f 3261//3078 3260//3079 3256//2936
f 3261//3078 3256//2936 3257//2935
f 3270//3080 3275//3081 3266//2944
f 3270//3080 3266//2944 3264//2941
f 3271//3082 3270//3080 3264//2941
f 3271//3082 3264//2941 3265//2940
f 3129//2849 3131//2856 3097//2834
f 3129//2849 3097//2834 3137//2853
f 3099//2838 3098//2837 3096//2836
f 3099//2838 3096//2836 3095//2835
f 2728//2664 3099//2838 3095//2835
f 2728//2664 3095//2835 2800//2663
f 3098//2837 3092//2832 3097//2834
f 3098//2837 3097//2834 3096//2836
f 2897//3083 3489//3084 3490//3085
f 2897//3083 3490//3085 2896//3086
f 2873//3087 3507//3088 2872//2718
f 2873//3087 2872//2718 2870//2717
f 2850//2713 2852//3089 2844//3090
f 2850//2713 2844//3090 2848//2714
f 2820//2685 3425//3011 3423//3010
f 2820//2685 3423//3010 2958//2766
f 3514//2769 2966//2768 2970//2777
f 3514//2769 2970//2777 2985//2774
f 2978//2781 2980//2785 2971//2776
f 2978//2781 2971//2776 2969//2775
f 2985//2774 2981//2782 2978//2781
f 2985//2774 2978//2781 2969//2775
f 2985//2774 2992//2788 2981//2782
f 2792//2655 3461//3038 3458//3041
f 2792//2655 3458//3041 3459//3040
f 3460//3037 2714//2654 3448//3039
f 3460//3037 3448//3039 3457//3042
f 3461//3038 3460//3037 3457//3042
f 3461//3038 3457//3042 3458//3041
f 3388//2998 3393//3091 3392//3092
f 3388//2998 3392//3092 3389//2999
f 2777//2637 3352//2984 3346//2983
f 2777//2637 3346//2983 3339//2981
f 2778//2646 3299//3093 3295//2958
f 2778//2646 3295//2958 3290//2954
f 3537//3094 3538//3095 3536//3096
f 3537//3094 3536//3096 3535//3097
f 3546//3098 3536//3096 3538//3095
f 3546//3098 3538//3095 2700//3099
f 2705//3100 2700//3099 3538//3095
f 2705//3100 3538//3095 3537//3094
f 3547//3101 2705//3100 3537//3094
f 3547//3101 3537//3094 3535//3097
f 3547//3101 3542//3102 3539//3103
f 3547//3101 3539//3103 2705//3100
f 3551//3104 3550//3105 3562//3106
f 3551//3104 3562//3106 3563//3107
f 3552//3108 3553//3109 3555//3110
f 3552//3108 3555//3110 3554//3111
f 3554//3111 3555//3110 3570//3112
f 3554//3111 3570//3112 3571//3113
f 3556//3114 3557//3115 3573//3116
f 3556//3114 3573//3116 3572//3117
f 3557//3115 3556//3114 3574//3118
f 3557//3115 3574//3118 3575//3119
f 3555//3110 3553//3109 3546//3098
f 3555//3110 3546//3098 3560//3120
f 3573//3116 3557//3115 2703//3121
f 3573//3116 2703//3121 2704//3122
f 3546//3098 2700//3099 3575//3119
f 3546//3098 3575//3119 3574//3118
f 3574//3118 3556//3114 3560//3120
f 3574//3118 3560//3120 3546//3098
f 3557//3115 3575//3119 2700//3099
f 3557//3115 2700//3099 2703//3121
f 3583//3123 3581//3124 3584//3125
f 3583//3123 3584//3125 3586//3126
f 3532//3127 3533//3128 3531//3129
f 3533//3128 3532//3127 3535//3097
f 3533//3128 3535//3097 3536//3096
f 3540//3130 3539//3103 3542//3102
f 3540//3130 3542//3102 3541//3131
f 3534//3132 3541//3131 3542//3102
f 3534//3132 3542//3102 3532//3127
f 3547//3101 3543//3133 3532//3134
f 3547//3101 3532//3127 3542//3102
f 3531//3129 3534//3132 3532//3127
f 3547//3101 3535//3097 3532//3127
f 3235//3135 3234//3136 3239//3137
f 3235//3135 3239//3137 3238//3138
f 3231//3076 3220//2922 3229//3139
f 3231//3076 3229//3139 3230//3077
f 3237//3140 3234//3136 3235//3135
f 3237//3140 3235//3135 3587//3141
f 3230//3077 3229//3139 3228//3142
f 3230//3077 3228//3142 3226//2927
f 3587//3141 3235//3135 3228//3142
f 3587//3141 3228//3142 3229//3139
f 3142//3143 3138//3144 3139//3145
f 3142//3143 3139//3145 3143//3146
f 3147//3147 3142//3143 3141//3148
f 3143//3146 3132//2855 3141//3148
f 3143//3146 3141//3148 3142//3143
f 3131//2856 3132//2855 3143//3146
f 3131//2856 3143//3146 3139//3145
f 3138//3144 3140//3149 3131//2856
f 3138//3144 3131//2856 3139//3145
f 3147//3147 3141//3148 3151//2860
f 3147//3147 3151//2860 3145//2859
f 3152//2863 3140//3149 3147//3147
f 3152//2863 3147//3147 3145//2859
f 3149//2864 3140//3149 3152//2863
f 3149//2864 3152//2863 3153//2862
f 3142//3143 3147//3147 3140//3149
f 3142//3143 3140//3149 3138//3144
f 3092//2832 3128//3150 3122//3151
f 3092//2832 3122//3151 3124//3152
f 3124//3152 3133//2857 3135//2851
f 3124//3152 3135//2851 3130//2850
f 3136//2854 3092//2832 3124//3152
f 3136//2854 3124//3152 3130//2850
f 3123//3153 3122//3151 3128//3150
f 3123//3153 3128//3150 3127//3154
f 3036//3155 3133//2857 3588//3156
f 3036//3155 3588//3156 3125//3157
f 3122//3151 3588//3156 3133//2857
f 3122//3151 3133//2857 3124//3152
f 3588//3156 3123//3153 3126//3158
f 3588//3156 3126//3158 3125//3157
f 3123//3153 3588//3156 3122//3151
f 3016//3159 3017//3160 3015//2810
f 3016//3159 3015//2810 3014//2809
f 3018//3161 3019//3162 3017//3160
f 3018//3161 3017//3160 3589//3163
f 3038//3164 3589//3163 3016//3159
f 3038//3164 3016//3159 3021//3165
f 3019//3162 3013//2807 3022//3166
f 3019//3162 3022//3166 3017//3160
f 3032//3167 3038//3164 3021//3165
f 3032//3167 3021//3165 3030//3168
f 3589//3163 3017//3160 3016//3159
f 3021//3165 3016//3159 3014//2809
f 3021//3165 3014//2809 3020//3169
f 3022//3166 3010//2813 3015//2810
f 3022//3166 3015//2810 3017//3160
f 3007//2804 3005//3170 3006//2806
f 3008//3171 3009//2808 3006//2806
f 3008//3171 3006//2806 3005//3170
f 3013//2807 3009//2808 3008//3171
f 3005//3170 3007//2804 3011//2803
f 3005//3170 3011//2803 3010//2813
f 3008//3171 3005//3170 3022//3166
f 3022//3166 3005//3170 3010//2813
f 3008//3171 3022//3166 3013//2807
f 3040//3172 3027//3173 3028//3174
f 3040//3172 3028//3174 3041//3175
f 3029//3176 3030//3168 3028//3174
f 3029//3176 3028//3174 3027//3173
f 3040//3172 3039//3066 3035//3177
f 3040//3172 3035//3177 3027//3173
f 3484//3065 3040//3172 3041//3175
f 3484//3065 3041//3175 3024//3178
f 3027//3173 3035//3177 3036//3155
f 3027//3173 3036//3155 3029//3176
f 3024//3178 3011//2803 3486//3179
f 3024//3178 3486//3179 3480//3180
f 3020//3169 3024//3178 3041//3175
f 3020//3169 3041//3175 3028//3174
f 3021//3165 3020//3169 3028//3174
f 3021//3165 3028//3174 3030//3168
f 3014//2809 3025//2812 3024//3178
f 3014//2809 3024//3178 3020//3169
f 3024//3178 3025//2812 3026//2811
f 3024//3178 3026//2811 3011//2803
f 3484//3065 3024//3178 3480//3180
f 3484//3065 3480//3180 3482//3063
f 3040//3172 3484//3065 3039//3066
f 2787//2650 3472//3181 3470//3052
f 2787//2650 3470//3052 3471//3051
f 3517//3055 3472//3181 2787//2650
f 3517//3055 2787//2650 3518//3056
f 3475//3182 3472//3181 3517//3055
f 3475//3182 3517//3055 3473//3058
f 3485//3183 3481//3184 3480//3180
f 3485//3183 3480//3180 3486//3179
f 3482//3063 3480//3180 3481//3184
f 3482//3063 3481//3184 3483//3064
f 3481//3184 3472//3181 3483//3064
f 3483//3064 3472//3181 3475//3182
f 3519//3053 3470//3052 3472//3181
f 3519//3053 3472//3181 3468//3048
f 3481//3184 3468//3048 3472//3181
f 3031//3185 3032//3167 3030//3168
f 3031//3185 3030//3168 3029//3176
f 3032//3167 3031//3185 3033//3186
f 3032//3167 3033//3186 3034//3187
f 3029//3176 3036//3155 3037//3188
f 3029//3176 3037//3188 3031//3185
f 3107//2843 3031//3185 3037//3188
f 3037//3188 3117//3189 3115//2845
f 3037//3188 3115//2845 3118//2848
f 3119//2847 3107//2843 3037//3188
f 3119//2847 3037//3188 3118//2848
f 3037//3188 3036//3155 3125//3157
f 3037//3188 3125//3157 3126//3158
f 3126//3158 3123//3153 3117//3189
f 3126//3158 3117//3189 3037//3188
f 2991//2789 2988//3190 2986//2790
f 2991//2789 2986//2790 2982//2783
f 2992//2788 2985//2774 2988//3190
f 2992//2788 2988//3190 2991//2789
f 3002//2795 2986//2790 2999//3191
f 3002//2795 2999//3191 3001//2796
f 3436//3023 2999//3191 3435//3024
f 3436//3023 3435//3024 3434//3021
f 2997//2802 2999//3191 3436//3023
f 2997//2802 3436//3023 3433//3022
f 2999//3191 3446//3192 3444//3193
f 2999//3191 3444//3193 3435//3024
f 3452//3194 2988//3190 3450//3036
f 3452//3194 3450//3036 3451//3195
f 3452//3194 2986//2790 2988//3190
f 3001//2796 2999//3191 2997//2802
f 3001//2796 2997//2802 2993//2793
f 2986//2790 3452//3194 3446//3192
f 2986//2790 3446//3192 2999//3191
f 3445//3196 3448//3039 3435//3024
f 3445//3196 3435//3024 3444//3193
f 3459//3040 3445//3196 3447//3197
f 3459//3040 3447//3197 3449//3198
f 3451//3195 3450//3036 3449//3198
f 3451//3195 3449//3198 3447//3197
f 3455//3035 2791//2652 3449//3198
f 3455//3035 3449//3198 3453//3032
f 3449//3198 3450//3036 3454//3033
f 3449//3198 3454//3033 3453//3032
f 3463//3044 3449//3198 2791//2652
f 3463//3044 2791//2652 3465//3045
f 3459//3040 3449//3198 3463//3044
f 3459//3040 3463//3044 3462//3043
f 3447//3197 3445//3196 3444//3193
f 3447//3197 3444//3193 3446//3192
f 3451//3195 3447//3197 3446//3192
f 3451//3195 3446//3192 3452//3194
f 3445//3196 3459//3040 3448//3039
f 3060//3199 3061//3200 3069//3201
f 3060//3199 3069//3201 3068//3202
f 3077//3203 3078//3204 3079//3205
f 3077//3203 3079//3205 3065//3206
f 3075//3207 2726//2634 2771//3208
f 3075//3207 2771//3208 3076//3209
f 3076//3209 3079//3205 3078//3204
f 3076//3209 3078//3204 3075//3207
f 3077//3203 2726//2634 3075//3207
f 3077//3203 3075//3207 3078//3204
f 3076//3209 2771//3208 3065//3206
f 3076//3209 3065//3206 3079//3205
f 3070//3210 3512//3211 3069//3201
f 3070//3210 3069//3201 3590//3212
f 3070//3210 3590//3212 3077//3203
f 3070//3210 3077//3203 3591//3213
f 3590//3212 3069//3201 3061//3200
f 3065//3206 3073//3214 3050//3215
f 3050//3215 3591//3213 3065//3206
f 3071//3216 3073//3214 3065//3206
f 3071//3216 3065//3206 2771//3208
f 3591//3213 3077//3203 3065//3206
f 3591//3213 3050//3215 3512//3211
f 3591//3213 3512//3211 3070//3210
f 2900//3217 3491//3218 3492//3219
f 2900//3217 3492//3219 2899//3220
f 2916//3221 2911//2729 3494//2732
f 2916//3221 3494//2732 2898//3222
f 2896//3086 3490//3085 2898//3222
f 2896//3086 2898//3222 2719//3223
f 3491//3218 2900//3217 2719//3223
f 3491//3218 2719//3223 2898//3222
f 3499//3224 2916//3221 2898//3222
f 2904//3225 2914//3226 2909//2727
f 2904//3225 2909//2727 2907//2726
f 2904//3225 2907//2726 2906//2725
f 2904//3225 2906//2725 2912//3227
f 3495//2733 2904//3225 2912//3227
f 3495//2733 2912//3227 3496//2734
f 2904//3225 3495//2733 2911//2729
f 2904//3225 2911//2729 2916//3221
f 2916//3221 3499//3224 2902//3228
f 2916//3221 2902//3228 2904//3225
f 3489//3084 2892//3229 2898//3222
f 3489//3084 2898//3222 3490//3085
f 2898//3222 2892//3229 3500//3230
f 2898//3222 3500//3230 3499//3224
f 3506//3231 2883//3232 2884//3233
f 3506//3231 2884//3233 3505//3234
f 3502//2724 2887//3235 2885//3236
f 3502//2724 2885//3236 2889//2720
f 2883//3232 2885//3236 2887//3235
f 2883//3232 2887//3235 3503//3237
f 2892//3229 2887//3235 3502//2724
f 2892//3229 3502//2724 3501//2723
f 3488//3238 3487//3239 2887//3235
f 3488//3238 2887//3235 2892//3229
f 2884//3233 2883//3232 3503//3237
f 2884//3233 3503//3237 3504//3240
f 3508//2722 2891//3241 2890//3242
f 3508//2722 2890//3242 2888//2719
f 2891//3241 2925//2745 2935//2752
f 2891//3241 2935//2752 2941//2754
f 2925//2745 2891//3241 2931//2741
f 2925//2745 2931//2741 2921//2739
f 2890//3242 2891//3241 3511//3243
f 2890//3242 3511//3243 2903//3244
f 3510//3245 2902//3228 2903//3244
f 3510//3245 2903//3244 3511//3243
f 2902//3228 3510//3245 2914//3226
f 2902//3228 2914//3226 2904//3225
f 2903//3244 2902//3228 3499//3224
f 2903//3244 3499//3224 3500//3230
f 2892//3229 3501//2723 2888//2719
f 2892//3229 2888//2719 2890//3242
f 2890//3242 2903//3244 3500//3230
f 2890//3242 3500//3230 2892//3229
f 2937//2756 2938//3246 2942//2753
f 2937//2756 2942//2753 2934//2751
f 2945//3247 2946//3248 2944//2758
f 2945//3247 2944//2758 2943//2757
f 2952//3249 2946//3248 2945//3247
f 2952//3249 2945//3247 2953//3250
f 2948//3251 2945//3247 2943//2757
f 2948//3251 2943//2757 2947//2761
f 2946//3248 2937//2756 2936//2755
f 2946//3248 2936//2755 2944//2758
f 2938//3246 2937//2756 2946//3248
f 2938//3246 2946//3248 2952//3249
f 2891//3241 2941//2754 2942//2753
f 2891//3241 2942//2753 2938//3246
f 2938//3246 3511//3243 2891//3241
f 3497//3252 2909//2727 2914//3226
f 3497//3252 2914//3226 2905//3253
f 2914//3226 3510//3245 2905//3253
f 2952//3249 2905//3253 2938//3246
f 3510//3245 3511//3243 2938//3246
f 3510//3245 2938//3246 2905//3253
f 2908//2728 2909//2727 3498//3254
f 3497//3252 3498//3254 2909//2727
f 2819//2684 2838//3255 2836//3256
f 2819//2684 2836//3256 2834//2696
f 2838//3255 2936//2755 2932//2747
f 2838//3255 2932//2747 2939//2750
f 2838//3255 2939//2750 2940//2749
f 2838//3255 2940//2749 2926//2743
f 2838//3255 2819//2684 2951//2759
f 2819//2684 2950//2760 2951//2759
f 2936//2755 2838//3255 2951//2759
f 2936//2755 2951//2759 2944//2758
f 2843//3257 2844//3090 2852//3089
f 2843//3257 2852//3089 2851//3258
f 2845//3259 2846//3260 2844//3090
f 2845//3259 2844//3090 2843//3257
f 2845//3259 2924//2746 2849//2716
f 2845//3259 2849//2716 2846//3260
f 2848//2714 2844//3090 2846//3260
f 2848//2714 2846//3260 2849//2716
f 2883//3232 3506//3231 2878//3261
f 2883//3232 2878//3261 2885//3236
f 2885//3236 2878//3261 3509//2721
f 2885//3236 3509//2721 2889//2720
f 2875//3262 2874//3263 2882//3264
f 2875//3262 2882//3264 2881//3265
f 2879//3266 2861//2710 2862//2712
f 2879//3266 2862//2712 2874//3263
f 2882//3264 2874//3263 2862//2712
f 2882//3264 2862//2712 2863//2715
f 2874//3263 2875//3262 2880//3267
f 2874//3263 2880//3267 2879//3266
f 3509//2721 2878//3261 2891//3241
f 3509//2721 2891//3241 3508//2722
f 2849//2716 2922//2740 2878//3261
f 2930//2742 2927//3268 2922//2740
f 2922//2740 2927//3268 2878//3261
f 2882//3264 2863//2715 2878//3261
f 2891//3241 2878//3261 2931//2741
f 2930//2742 2931//2741 2927//3268
f 2927//3268 2931//2741 2878//3261
f 2878//3261 2863//2715 2849//2716
f 2956//3269 2957//3270 2955//2763
f 2956//3269 2955//2763 2954//2762
f 2963//3271 2957//3270 2956//3269
f 2963//3271 2956//3269 2964//3272
f 2959//3020 2956//3269 2954//2762
f 2959//3020 2954//2762 2958//2766
f 2957//3270 2948//3251 2947//2761
f 2957//3270 2947//2761 2955//2763
f 2949//3273 2948//3251 2957//3270
f 2949//3273 2957//3270 2963//3271
f 2953//3250 2945//3247 2948//3251
f 2953//3250 2948//3251 2949//3273
f 2949//3273 3497//3252 2905//3253
f 2905//3253 2952//3249 2953//3250
f 2905//3253 2953//3250 2949//3273
f 2808//2672 2809//3274 2721//2619
f 2808//2672 2721//2619 2811//2673
f 2804//2670 2809//3274 2808//2672
f 2804//2670 2808//2672 2807//2671
f 2809//3274 2812//2675 2815//2678
f 2809//3274 2815//2678 2721//2619
f 2809//3274 2814//2679 2813//2676
f 2809//3274 2813//2676 2812//2675
f 2809//3274 2817//2681 2818//2680
f 2809//3274 2818//2680 2814//2679
f 2817//2681 2809//3274 2820//2685
f 2817//2681 2820//2685 2822//2682
f 2804//2670 3420//3275 3421//3276
f 2804//2670 3421//3276 2809//3274
f 2809//3274 3421//3276 3418//3277
f 2809//3274 3418//3277 2820//2685
f 3418//3277 3421//3276 3417//3278
f 3421//3276 3420//3275 3417//3278
f 2825//2690 2826//3279 2824//2687
f 2825//2690 2824//2687 2823//2686
f 2826//3279 2831//3280 2830//2693
f 2826//3279 2830//2693 2829//2692
f 2826//3279 2825//2690 2835//2697
f 2826//3279 2835//2697 2837//3281
f 2826//3279 2837//3281 2841//3282
f 2826//3279 2841//3282 2831//3280
f 2824//2687 2826//3279 2717//2691
f 2824//2687 2717//2691 2828//2688
f 2837//3281 2835//2697 2834//2696
f 2837//3281 2834//2696 2836//3256
f 2841//3282 2837//3281 2836//3256
f 2841//3282 2836//3256 2842//3283
f 2926//2743 2842//3283 2836//3256
f 2926//2743 2836//3256 2838//3255
f 2843//3257 2847//3284 2840//3285
f 2843//3257 2840//3285 2845//3259
f 2840//3285 2926//2743 2928//2738
f 2840//3285 2928//2738 2929//2737
f 2840//3285 2929//2737 2920//2736
f 2840//3285 2920//2736 2924//2746
f 2842//3283 2926//2743 2840//3285
f 2924//2746 2845//3259 2840//3285
f 2829//2692 2832//2695 2717//2691
f 2829//2692 2717//2691 2826//3279
f 3546//3098 3526//3286 3533//3128
f 3546//3098 3533//3128 3536//3096
f 3526//3286 3563//3107 3562//3106
f 3526//3286 3562//3106 3561//3287
f 3562//3106 3550//3105 3558//3288
f 3562//3106 3558//3288 3561//3287
f 3552//3108 3526//3286 3546//3098
f 3552//3108 3546//3098 3553//3109
f 3552//3108 3554//3111 3559//3289
f 3552//3108 3559//3289 3526//3286
f 3559//3289 3551//3104 3563//3107
f 3559//3289 3563//3107 3526//3286
f 3558//3288 3549//3290 3564//3291
f 3558//3288 3564//3291 3561//3287
f 3565//3292 2877//3293 3561//3287
f 3565//3292 3561//3287 3564//3291
f 3505//3234 2877//3293 2878//3261
f 3505//3234 2878//3261 3506//3231
f 2877//3293 2881//3265 2882//3264
f 2877//3293 2882//3264 2878//3261
f 3584//3125 3585//3294 3544//3295
f 3584//3125 3544//3295 3579//3296
f 3531//3129 3533//3128 3526//3286
f 3531//3129 3526//3286 3544//3295
f 3561//3287 3529//3297 3526//3286
f 3529//3297 3561//3287 2877//3293
f 3529//3297 2877//3293 3530//3298
f 3529//3297 3544//3295 3526//3286
f 3579//3296 3525//3299 3586//3126
f 3579//3296 3586//3126 3584//3125
f 3544//3295 3529//3297 3524//3300
f 3544//3295 3524//3300 3579//3296
f 3579//3296 3524//3300 3525//3299
f 3279//3301 3276//3302 3277//3303
f 3279//3301 3277//3303 3278//3071
f 3276//3302 3291//3304 3280//3305
f 2736//2645 2782//2647 3279//3301
f 2736//2645 3279//3301 3278//3071
f 3276//3302 3280//3305 3281//3067
f 3276//3302 3281//3067 3277//3303
f 3293//2956 2782//2647 2778//2646
f 3293//2956 2778//2646 3292//2957
f 3286//2951 3280//3305 3291//3304
f 3286//2951 3291//3304 3287//2952
f 3280//3305 3286//2951 3285//2950
f 3280//3305 3285//2950 3289//2955
f 3291//3304 2782//2647 3293//2956
f 3291//3304 3293//2956 3287//2952
f 3280//3305 3308//3070 3309//3068
f 3280//3305 3309//3068 3281//3067
f 3280//3305 3289//2955 3315//3072
f 3280//3305 3315//3072 3316//3073
f 3308//3070 3280//3305 3305//2964
f 3308//3070 3305//2964 3303//2963
f 3281//3067 3282//2947 3284//2949
f 3281//3067 3284//2949 3277//3303
f 3278//3071 3277//3303 3284//2949
f 3278//3071 3284//2949 3283//2948
f 3305//2964 3280//3305 3316//3073
f 3305//2964 3316//3073 3311//2967
f 3291//3304 3276//3302 3279//3301
f 3291//3304 3279//3301 2782//2647
f 3301//2961 3307//3306 3306//3069
f 3301//2961 3306//3069 3302//2962
f 3304//2965 3307//3306 3301//2961
f 3304//2965 3301//2961 3300//2960
f 3317//2971 3321//3307 3313//2970
f 3317//2971 3313//2970 3318//2972
f 3313//2970 3333//3308 3334//3309
f 3313//2970 3334//3309 3304//2965
f 3327//3310 3334//3309 3333//3308
f 3327//3310 3333//3308 3328//3311
f 3304//2965 3334//3309 3307//3306
f 3333//3308 3313//2970 3321//3307
f 3339//2981 3341//3312 3337//2979
f 3339//2981 3337//2979 3335//2975
f 3341//3312 3339//2981 3346//2983
f 3341//3312 3346//2983 3348//2987
f 3381//2995 3378//2994 3379//3313
f 3381//2995 3379//3313 3380//3314
f 3373//3315 3341//3312 3385//3316
f 3373//3315 3385//3316 3380//3314
f 3381//2995 3380//3314 3385//3316
f 3381//2995 3385//3316 3384//3317
f 3376//3318 3341//3312 3373//3315
f 3376//3318 3373//3315 3371//3319
f 3407//3320 3403//3000 3405//3002
f 3407//3320 3405//3002 3406//3321
f 3349//2988 3350//3322 3347//2986
f 3349//2988 3347//2986 3345//2982
f 3359//2989 3353//3323 3354//2991
f 3359//2989 3354//2991 3360//2990
f 3353//3323 3355//3324 3356//3325
f 3353//3323 3356//3325 3354//2991
f 3359//2989 2729//2641 3357//3326
f 3359//2989 3357//3326 3353//3323
f 3350//3322 3349//2988 3354//2991
f 3350//3322 3354//2991 3356//3325
f 3357//3326 2729//2641 3364//3327
f 3357//3326 3364//3327 3363//3328
f 3357//3326 3363//3328 3362//3329
f 3357//3326 3362//3329 3367//3330
f 3383//2992 3350//3322 3393//3091
f 3383//2992 3393//3091 3388//2998
f 3384//3317 3350//3322 3383//2992
f 3384//3317 3383//2992 3381//2995
f 3347//2986 3350//3322 3341//3312
f 3347//2986 3341//3312 3348//2987
f 3341//3312 3350//3322 3384//3317
f 3341//3312 3384//3317 3385//3316
f 3367//3330 3355//3324 3353//3323
f 3367//3330 3353//3323 3357//3326
f 3395//3331 3394//3332 3400//3333
f 3395//3331 3400//3333 3399//3334
f 3394//3332 3395//3331 3402//3335
f 3394//3332 3402//3335 3401//3336
f 3391//3337 3390//3338 3386//2996
f 3391//3337 3386//2996 3389//2999
f 3386//2996 3390//3338 3382//2993
f 3386//2996 3382//2993 3387//2997
f 3382//2993 3390//3338 3406//3321
f 3382//2993 3406//3321 3405//3002
f 3391//3337 3399//3334 3400//3333
f 3391//3337 3400//3333 3390//3338
f 3132//2855 3133//2857 3035//3177
f 3132//2855 3035//3177 3039//3066
f 3140//3149 3149//2864 3209//2916
f 3209//2916 3149//2864 3158//2872
f 3209//2916 3158//2872 3208//2915
f 3158//2872 3167//2880 3220//2922
f 3158//2872 3220//2922 3208//2915
f 3167//2880 3176//2886 3229//3139
f 3167//2880 3229//3139 3220//2922
f 3176//2886 3719//3339 3720//3340
f 3176//2886 3720//3340 3229//3139
f 3209//2916 3131//2856 3140//3149
f 2997//2802 3435//3024 3011//2803
f 2997//2802 3011//2803 3012//2805
f 3267//2946 2766//3341 2765//2632
f 2814//2679 2819//2684 2825//2690
f 2795//2620 2814//2679 2720//2656
f 2720//2656 2814//2679 2825//2690
f 2970//2777 2972//2778 3430//3019
f 2970//2777 3430//3019 2958//2766
f 2997//2802 3012//2805 3013//2807
f 2997//2802 3013//2807 3441//3031
f 3133//2857 3036//3155 3035//3177
f 3201//2903 2739//2898 2783//2649
f 3201//2903 2783//2649 3200//2904
f 3200//2904 2783//2649 3198//3342
f 3200//2904 3198//3342 3196//2901
f 3593//3343 3281//3067 3306//3069
f 3282//2947 3198//3342 2783//2649
f 3282//2947 2783//2649 2786//2644
f 3593//3343 3198//3342 3282//2947
f 3593//3343 3282//2947 3281//3067
f 3518//3056 2787//2650 2712//2624
f 3518//3056 2712//2624 3474//3057
f 3479//3061 3476//3344 3039//3066
f 3479//3061 3039//3066 3478//3062
f 3475//3182 3473//3058 3516//3060
f 3475//3182 3516//3060 3476//3344
f 3141//3148 3132//2855 3039//3066
f 3141//3148 3039//3066 3476//3344
f 3476//3344 3479//3061 3475//3182
f 3479//3061 3483//3064 3475//3182
f 3492//3219 2918//3345 2901//3346
f 2918//3345 2898//3222 3494//2732
f 2918//3345 3494//2732 3493//2731
f 2918//3345 3492//3219 3491//3218
f 2918//3345 3491//3218 2898//3222
f 2805//2669 2724//2617 2803//3347
f 2805//2669 2803//3347 2801//2666
f 2793//2618 2724//2617 2805//2669
f 2793//2618 2805//2669 2806//2668
f 2803//3347 2804//2670 2802//2667
f 2803//3347 2802//2667 2801//2666
f 3422//3009 3424//3012 3419//3348
f 3422//3009 3419//3348 2958//2766
f 3425//3011 2820//2685 3419//3348
f 3425//3011 3419//3348 3424//3012
f 3418//3277 3417//3278 3419//3348
f 3418//3277 3419//3348 2820//2685
f 3420//3275 2804//2670 2803//3347
f 2988//3190 2985//2774 3419//3348
f 2988//3190 3419//3348 2803//3347
f 3450//3036 2988//3190 2803//3347
f 2970//2777 2958//2766 3419//3348
f 2970//2777 3419//3348 2985//2774
f 2724//2617 2725//2616 3450//3036
f 2724//2617 3450//3036 2803//3347
f 3419//3348 3417//3278 3420//3275
f 3419//3348 3420//3275 2803//3347
f 3409//3349 2766//3341 3267//2946
f 3409//3349 3267//2946 3407//3320
f 3178//3350 3177//3351 3172//2883
f 3178//3350 3172//2883 3173//2882
f 3548//3352 3549//3290 3566//3353
f 3548//3352 3566//3353 3567//3354
f 3549//3290 3548//3352 3565//3292
f 3549//3290 3565//3292 3564//3291
f 3565//3292 3548//3352 2876//3355
f 3565//3292 2876//3355 2877//3293
f 2876//3355 2875//3262 2881//3265
f 2876//3355 2881//3265 2877//3293
f 3150//2861 3148//3356 3146//2865
f 3150//2861 3146//2865 3144//2858
f 3159//2869 3157//3357 3156//2873
f 3159//2869 3156//2873 3154//2866
f 3160//2868 3148//3356 3157//3357
f 3160//2868 3157//3357 3159//2869
f 3146//2865 3148//3356 3160//2868
f 3146//2865 3160//2868 3155//2867
f 3168//2877 3166//3358 3165//2881
f 3168//2877 3165//2881 3163//2874
f 3169//2876 3157//3357 3166//3358
f 3169//2876 3166//3358 3168//2877
f 3156//2873 3157//3357 3169//2876
f 3156//2873 3169//2876 3164//2875
f 3165//2881 3166//3358 3178//3350
f 3165//2881 3178//3350 3173//2882
f 3141//3148 3148//3356 3150//2861
f 3141//3148 3150//2861 3151//2860
f 3477//3359 3476//3344 3516//3060
f 3477//3359 3516//3060 3515//3059
f 3515//3059 3474//3057 2712//2624
f 3515//3059 2712//2624 3477//3359
f 3148//3356 3141//3148 3476//3344
f 3148//3356 3476//3344 3477//3359
f 2750//2623 3477//3359 2712//2624
f 3477//3359 2750//2623 3157//3357
f 3477//3359 3157//3357 3148//3356
f 3328//3311 3325//3360 3326//3361
f 3328//3311 3326//3361 3327//3310
f 3333//3308 3321//3307 3330//3362
f 3333//3308 3330//3362 3328//3311
f 3373//3315 3372//3363 3368//3364
f 3373//3315 3368//3364 3371//3319
f 3379//3313 3372//3363 3373//3315
f 3379//3313 3373//3315 3380//3314
f 3382//2993 3372//3363 3379//3313
f 3382//2993 3379//3313 3378//2994
f 3405//3002 3404//3001 3372//3363
f 3405//3002 3372//3363 3382//2993
f 3586//3126 3525//3299 3582//3365
f 3586//3126 3582//3365 3583//3123
f 3525//3299 3524//3300 3528//3366
f 3525//3299 3528//3366 3582//3365
f 2440//2613 2708//2614 2441//3367
f 2644//3368 2699//3369 2441//3367
f 2440//2613 2441//3367 2699//3369
f 2440//2613 2699//3369 2704//3122
f 3550//3105 3551//3104 3568//3370
f 3550//3105 3568//3370 3569//3371
f 2644//3368 3568//3370 3551//3104
f 2644//3368 3551//3104 3559//3289
f 3570//3112 3555//3110 3560//3120
f 3570//3112 3560//3120 2699//3369
f 2704//3122 2699//3369 3572//3117
f 2704//3122 3572//3117 3573//3116
f 3560//3120 3556//3114 3572//3117
f 3560//3120 3572//3117 2699//3369
f 3559//3289 3554//3111 3571//3113
f 3559//3289 3571//3113 2644//3368
f 2799//3372 2707//3373 2797//2711
f 2872//2718 3507//3088 2799//3372
f 2872//2718 2799//3372 2797//2711
f 2873//3087 2871//3374 2799//3372
f 2873//3087 2799//3372 3507//3088
f 2871//3374 2873//3087 2870//2717
f 2871//3374 2870//2717 2861//2710
f 2876//3355 3548//3352 3567//3354
f 2876//3355 3567//3354 2871//3374
f 2879//3266 2880//3267 2871//3374
f 2879//3266 2871//3374 2861//2710
f 2880//3267 2875//3262 2876//3355
f 2880//3267 2876//3355 2871//3374
f 2709//3375 2708//2614 2706//2615
f 2709//3375 2706//2615 2707//3373
f 2709//3375 2707//3373 2799//3372
f 2645//3376 2871//3374 3567//3354
f 2645//3376 3567//3354 3566//3353
f 2645//3376 3566//3353 3549//3290
f 2645//3376 3549//3290 3558//3288
f 2644//3368 2645//3376 3569//3371
f 2644//3368 3569//3371 3568//3370
f 3558//3288 3550//3105 3569//3371
f 3558//3288 3569//3371 2645//3376
f 2871//3374 2709//3375 2799//3372
f 2709//3375 2871//3374 2645//3376
f 2441//3367 2645//3376 2644//3368
f 2441//3367 2708//2614 2709//3375
f 2441//3367 2709//3375 2645//3376
f 3571//3113 3570//3112 2699//3369
f 3571//3113 2699//3369 2644//3368
f 3049//3377 3044//2816 3043//2815
f 3043//2815 3047//2819 3049//3377
f 2918//3345 3493//2731 2910//2730
f 2918//3345 2910//2730 2915//3378
f 2910//2730 3496//2734 2912//3227
f 2910//2730 2912//3227 2915//3378
f 3051//3379 3049//3377 3047//2819
f 3051//3379 3047//2819 3054//2821
f 2990//2786 2987//3380 2974//2779
f 2990//2786 2974//2779 2989//2787
f 3003//2800 2987//3380 2984//2792
f 3003//2800 2984//2792 2996//2798
f 3004//2799 3000//3381 2987//3380
f 3004//2799 2987//3380 3003//2800
f 2998//2801 3000//3381 3004//2799
f 2998//2801 3004//2799 2995//2797
f 2987//3380 3067//2824 3513//2826
f 2987//3380 3513//2826 2974//2779
f 3441//3031 3000//3381 3439//3029
f 3441//3031 3439//3029 3437//3025
f 3440//3030 3000//3381 2998//2801
f 3440//3030 2998//2801 3438//3026
f 3000//3381 3440//3030 3439//3029
f 2984//2792 2987//3380 2990//2786
f 2984//2792 2990//2786 2979//2784
f 2974//2779 3048//2827 3042//2814
f 2974//2779 3042//2814 3045//2817
f 3064//3382 3048//2827 3058//2822
f 3064//3382 3058//2822 3066//2825
f 3048//2827 3059//2823 3058//2822
f 3108//3383 3102//2841 3101//2840
f 3068//3202 3069//3201 3048//2827
f 3060//3199 3062//3384 3063//3385
f 3060//3199 3063//3385 3061//3200
f 3077//3203 3590//3212 3061//3200
f 3077//3203 3061//3200 3063//3385
f 3048//2827 3050//3215 3046//2818
f 3048//2827 3046//2818 3042//2814
f 3512//3211 3050//3215 3048//2827
f 3512//3211 3048//2827 3069//3201
f 2726//2634 3077//3203 3063//3385
f 2726//2634 3063//3385 3592//2633
f 3067//2824 2987//3380 3064//3382
f 3067//2824 3064//3382 3066//2825
f 3064//3382 3062//3384 3048//2827
f 3068//3202 3048//2827 3062//3384
f 3068//3202 3062//3384 3060//3199
f 3034//3187 3023//3386 3038//3164
f 3034//3187 3038//3164 3032//3167
f 3103//2842 3102//2841 3114//3387
f 3103//2842 3114//3387 3023//3386
f 3023//3386 3107//2843 3103//2842
f 3018//3161 3023//3386 3013//2807
f 3018//3161 3013//2807 3019//3162
f 3018//3161 3589//3163 3038//3164
f 3018//3161 3038//3164 3023//3386
f 3033//3186 3023//3386 3034//3187
f 3033//3186 3031//3185 3107//2843
f 3033//3186 3107//2843 3023//3386
f 3441//3031 3013//2807 3023//3386
f 3441//3031 3023//3386 3000//3381
f 3111//3388 3023//3386 3114//3387
f 3108//3383 3111//3388 3114//3387
f 3108//3383 3114//3387 3102//2841
f 3000//3381 3111//3388 3064//3382
f 3000//3381 3064//3382 2987//3380
f 3111//3388 3000//3381 3023//3386
f 3110//3389 3062//3384 3064//3382
f 3110//3389 3064//3382 3111//3388
f 3105//3390 3112//3391 3109//3392
f 3110//3389 3109//3392 3112//3391
f 3101//2840 3105//3390 3109//3392
f 3108//3383 3101//2840 3109//3392
f 3111//3388 3108//3383 3109//3392
f 3111//3388 3109//3392 3110//3389
f 2419//3393 3599//3394 3598//3395
f 2419//3393 3598//3395 2631//3396
f 3757//3397 3722//3398 3758//3399
f 2485//3400 2660//3401 3606//3402
f 2485//3400 3606//3402 3605//3403
f 3609//2442 3608//2446 2660//3401
f 3609//2442 2660//3401 2485//3400
f 2419//3393 3615//2455 3614//3404
f 2419//3393 3614//3404 2420//3405
f 3616//2456 3615//2455 2419//3393
f 3616//2456 2419//3393 2631//3396
f 2631//3396 2630//2653 2790//2581
f 2631//3396 2790//2581 3616//2456
f 3617//2461 2794//2584 2637//2585
f 3617//2461 2637//2585 2636//2459
f 2429//2398 3618//2460 3617//2461
f 2429//2398 3617//2461 2636//2459
f 3619//3406 3618//2460 2429//2398
f 3619//3406 2429//2398 2431//2401
f 2425//2408 3626//2394 3625//2397
f 2425//2408 3625//2397 2426//2409
f 2425//2408 2654//2449 3627//2450
f 2425//2408 3627//2450 3626//2394
f 2652//2448 2653//2588 2655//3407
f 2652//2448 2655//3407 2654//2449
f 3627//2450 3628//3408 2657//3409
f 3627//2450 2657//3409 2656//2444
f 2656//2444 2657//3409 2659//2589
f 2656//2444 2659//2589 2658//2445
f 2659//2589 2657//3409 2771//3208
f 2659//2589 2771//3208 2726//2634
f 2655//3407 2653//2588 2719//3223
f 2655//3407 2719//3223 2722//3410
f 2723//3411 2771//3208 2657//3409
f 2723//3411 2657//3409 3628//3408
f 3073//3214 3071//3216 3072//3412
f 3073//3214 3072//3412 3074//3413
f 3071//3216 2771//3208 2723//3411
f 3071//3216 2723//3411 3072//3412
f 2899//3220 2722//3410 2719//3223
f 2899//3220 2719//3223 2900//3217
f 2899//3220 3492//3219 2901//3346
f 2899//3220 2901//3346 2722//3410
f 2723//3411 3052//3414 3074//3413
f 2723//3411 3074//3413 3072//3412
f 3050//3215 3052//3414 3055//2820
f 3050//3215 3055//2820 3046//2818
f 3074//3413 3052//3414 3050//3215
f 3074//3413 3050//3215 3073//3214
f 3052//3414 2723//3411 2722//3410
f 3052//3414 2722//3410 2901//3346
f 2901//3346 2918//3345 3052//3414
f 3052//3414 2918//3345 2915//3378
f 3051//3379 3052//3414 2915//3378
f 2654//2449 2655//3407 3628//3408
f 2654//2449 3628//3408 3627//2450
f 3052//3414 3051//3379 3054//2821
f 3052//3414 3054//2821 3055//2820
f 2723//3411 3628//3408 2655//3407
f 2723//3411 2655//3407 2722//3410
f 3629//2364 2369//2379 2534//2380
f 3629//2364 2534//2380 3630//2365
f 3631//2478 3630//2365 2534//2380
f 3631//2478 2534//2380 2504//2474
f 2504//2474 2499//2473 3632//2479
f 2504//2474 3632//2479 3631//2478
f 2499//2473 2565//2423 3633//2413
f 2499//2473 3633//2413 3632//2479
f 2447//2422 3634//2410 3633//2413
f 2447//2422 3633//2413 2565//2423
f 2400//2538 3635//2533 3634//2410
f 2400//2538 3634//2410 2447//2422
f 2619//2552 3636//2549 3635//2533
f 2619//2552 3635//2533 2400//2538
f 3637//2568 3636//2549 2619//2552
f 3637//2568 2619//2552 2662//2559
f 2674//2631 2675//3415 3638//2564
f 2674//2631 3638//2564 2762//2597
f 2620//3416 3639//2557 3638//2564
f 2620//3416 3638//2564 2675//3415
f 3640//2535 3639//2557 2620//3416
f 3640//2535 2620//3416 2403//3417
f 2403//3417 2448//3418 3641//2415
f 2403//3417 3641//2415 3640//2535
f 3642//2416 3641//2415 2448//3418
f 3642//2416 2448//3418 2558//2490
f 3643//2486 3642//2416 2558//2490
f 3643//2486 2558//2490 2528//2462
f 3644//2487 3643//2486 2528//2462
f 3644//2487 2528//2462 2492//2465
f 2627//2580 3648//2565 3647//2567
f 2627//2580 3647//2567 2683//2577
f 3649//2542 3648//2565 2627//2580
f 3649//2542 2627//2580 2408//2541
f 3650//2424 3649//2542 2408//2541
f 3650//2424 2408//2541 2456//2502
f 3651//2425 3650//2424 2456//2502
f 3651//2425 2456//2502 2550//2505
f 3652//2482 3651//2425 2550//2505
f 3652//2482 2550//2505 2508//2506
f 3653//2483 3652//2482 2508//2506
f 3653//2483 2508//2506 2509//2525
f 2509//2525 2538//3419 3654//2382
f 2509//2525 3654//2382 3653//2483
f 2666//2594 2667//2560 3656//2562
f 2666//2594 3656//2562 2774//2595
f 2626//2553 3657//2555 3656//2562
f 2626//2553 3656//2562 2667//2560
f 3658//2545 3657//2555 2626//2553
f 3658//2545 2626//2553 2549//2539
f 2568//3420 3605//3403 3606//3402
f 2568//3420 3606//3402 2688//3421
f 2417//3422 2568//3420 3659//3423
f 2417//3422 3659//3423 3660//3424
f 3659//3423 2568//3420 2688//3421
f 3659//3423 2688//3421 2689//3425
f 2689//3425 2691//2575 2412//2573
f 2689//3425 2412//2573 3659//3423
f 2691//2575 2689//3425 2690//3426
f 2691//2575 2690//3426 2692//2601
f 2755//2660 2692//2601 2690//3426
f 2755//2660 2690//3426 2753//2662
f 3660//3424 3659//3423 2412//2573
f 3660//3424 2412//2573 2413//2547
f 3599//3394 2488//3427 2679//3428
f 3599//3394 2679//3428 3598//3395
f 2409//3429 2698//3430 2686//3431
f 2409//3429 2686//3431 2416//3432
f 2679//3428 2488//3427 3664//3433
f 2679//3428 3664//3433 3665//3434
f 2680//3435 2685//3436 2749//2622
f 2680//3435 2749//2622 2711//2621
f 3665//3434 3664//3433 2416//3432
f 3665//3434 2416//3432 2686//3431
f 2680//3435 3665//3434 2686//3431
f 2680//3435 2686//3431 2685//3436
f 3669//2579 3668//2578 2698//3430
f 3669//2579 2698//3430 2409//3429
f 3670//2540 3669//2579 2409//3429
f 3670//2540 2409//3429 2415//3437
f 2415//3437 2459//3438 3671//2503
f 2415//3437 3671//2503 3670//2540
f 3672//2504 3671//2503 2459//3438
f 3672//2504 2459//3438 2552//3439
f 3673//2507 3672//2504 2552//3439
f 3673//2507 2552//3439 2507//3440
f 2752//3441 2784//2643 2783//2649
f 2752//3441 2783//2649 2739//2898
f 2684//3442 2785//2600 2784//2643
f 2684//3442 2784//2643 2752//3441
f 3192//2900 3188//2894 3189//2897
f 3192//2900 3189//2897 3193//3443
f 3647//2567 2785//2600 2684//3442
f 3647//2567 2684//3442 2683//2577
f 2523//3444 3680//2493 3679//2519
f 2523//3444 3679//2519 2524//3445
f 2523//3444 2555//2430 3681//2433
f 2523//3444 3681//2433 3680//2493
f 2460//2429 3682//2432 3681//2433
f 2460//2429 3681//2433 2555//2430
f 3683//2544 3682//2432 2460//2429
f 3683//2544 2460//2429 2411//2548
f 2629//2574 3684//2570 3683//2544
f 2629//2574 3683//2544 2411//2548
f 2694//2576 3685//2571 3684//2570
f 2694//2576 3684//2570 2629//2574
f 2693//2602 3686//2603 3685//2571
f 2693//2602 3685//2571 2694//2576
f 2558//2490 2448//3418 2451//3446
f 2558//2490 2451//3446 2560//2488
f 2450//3447 2453//3448 2562//2491
f 2450//3447 2562//2491 2559//2489
f 2453//3448 2452//2500 2561//2492
f 2453//3448 2561//2492 2562//2491
f 2450//3447 3688//3449 2405//3450
f 2450//3447 2405//3450 2453//3448
f 2404//3451 2451//3446 2448//3418
f 2404//3451 2448//3418 2403//3417
f 2406//2546 2452//2500 2453//3448
f 2406//2546 2453//3448 2405//3450
f 2623//3452 2624//2554 2406//2546
f 2623//3452 2406//2546 2405//3450
f 3688//3449 3689//3453 2623//3452
f 3688//3449 2623//3452 2405//3450
f 2403//3417 2620//3416 2622//3454
f 2403//3417 2622//3454 2404//3451
f 2624//2554 2623//3452 2671//3455
f 2624//2554 2671//3455 2669//2561
f 3689//3453 3690//3456 2671//3455
f 3689//3453 2671//3455 2623//3452
f 2673//3457 2622//3454 2620//3416
f 2673//3457 2620//3416 2675//3415
f 2670//3458 2668//2596 2669//2561
f 2670//3458 2669//2561 2671//3455
f 3690//3456 3691//3459 2670//3458
f 3690//3456 2670//3458 2671//3455
f 2674//2631 2672//3460 2673//3457
f 2674//2631 2673//3457 2675//3415
f 3691//3459 3692//3461 2744//3462
f 3691//3459 2744//3462 2670//3458
f 2733//3463 2731//3464 2744//3462
f 2733//3463 2744//3462 3692//3461
f 2743//3465 2672//3460 2674//2631
f 2743//3465 2674//2631 2742//2630
f 2743//3465 2766//3341 2733//3463
f 2743//3465 2733//3463 3692//3461
f 2766//3341 2743//3465 2742//2630
f 2766//3341 2742//2630 2765//2632
f 2745//2636 2668//2596 2670//3458
f 2745//2636 2670//3458 2744//3462
f 3407//3320 3406//3321 3410//3466
f 3407//3320 3410//3466 3409//3349
f 3396//3467 2733//3463 3410//3466
f 2766//3341 3409//3349 3410//3466
f 2766//3341 3410//3466 2733//3463
f 3390//3338 3400//3333 3394//3332
f 3390//3338 3394//3332 3396//3467
f 3396//3467 3410//3466 3406//3321
f 3396//3467 3406//3321 3390//3338
f 2733//3463 3396//3467 3398//3468
f 3394//3332 3401//3336 3396//3467
f 3396//3467 3401//3336 3398//3468
f 3401//3336 3402//3335 3398//3468
f 2731//3464 2733//3463 3398//3468
f 2731//3464 3398//3468 3402//3335
f 2451//3446 2404//3451 3688//3449
f 2451//3446 3688//3449 2450//3447
f 2559//2489 2560//2488 2451//3446
f 2559//2489 2451//3446 2450//3447
f 3689//3453 3688//3449 2404//3451
f 3689//3453 2404//3451 2622//3454
f 3690//3456 3689//3453 2622//3454
f 3690//3456 2622//3454 2673//3457
f 3691//3459 3690//3456 2673//3457
f 3691//3459 2673//3457 2672//3460
f 3692//3461 3691//3459 2672//3460
f 3692//3461 2672//3460 2743//3465
f 2713//3047 2710//3469 2788//2651
f 2713//3047 2788//2651 2787//2650
f 2678//3470 2788//2651 2710//3469
f 3597//3471 2678//3470 2710//3469
f 3597//3471 2710//3469 3596//3472
f 3596//3472 2789//3473 2714//2654
f 3522//3474 3467//3050 3466//3049
f 3522//3474 3466//3049 3521//3475
f 3467//3050 3522//3474 2789//3473
f 3467//3050 2789//3473 2713//3047
f 3521//3475 3469//3476 2789//3473
f 3521//3475 2789//3473 3522//3474
f 3521//3475 3466//3049 3468//3048
f 3521//3475 3468//3048 3469//3476
f 3468//3048 3481//3184 3485//3183
f 3468//3048 3485//3183 3469//3476
f 3486//3179 3011//2803 3469//3476
f 3486//3179 3469//3476 3485//3183
f 2714//2654 2789//3473 3469//3476
f 2714//2654 3469//3476 3448//3039
f 3448//3039 3469//3476 3011//2803
f 3448//3039 3011//2803 3435//3024
f 2714//2654 2630//2653 3597//3471
f 2714//2654 3597//3471 3596//3472
f 3597//3471 2630//2653 2631//3396
f 3597//3471 2631//3396 3598//3395
f 2678//3470 3597//3471 3598//3395
f 2678//3470 3598//3395 2679//3428
f 2680//3435 2678//3470 2679//3428
f 2680//3435 2679//3428 3665//3434
f 2680//3435 2711//2621 2788//2651
f 2680//3435 2788//2651 2678//3470
f 2713//3047 2789//3473 3596//3472
f 2713//3047 3596//3472 2710//3469
f 2663//3477 2662//2559 2665//2558
f 2663//3477 2665//2558 2664//2593
f 2663//3477 2664//2593 2747//2638
f 2663//3477 2747//2638 2748//3478
f 2748//3478 2779//2648 2780//2591
f 2748//3478 2780//2591 2663//3477
f 3296//3479 3772//3480 3294//2959
f 3296//3479 3294//2959 3295//2958
f 3295//2958 3299//3093 3298//3481
f 3295//2958 3298//3481 3296//3479
f 2662//2559 2663//3477 2780//2591
f 2662//2559 2780//2591 3637//2568
f 2730//3482 2776//3483 2775//2635
f 2730//3482 2775//2635 2745//2636
f 2746//2640 2775//2635 2776//3483
f 2746//2640 2776//3483 2729//2641
f 3355//3324 3367//3330 3358//3484
f 3355//3324 3358//3484 3350//3322
f 3355//3324 3350//3322 3356//3325
f 3358//3484 3367//3330 3362//3329
f 3358//3484 3362//3329 3366//3485
f 3393//3091 3350//3322 3358//3484
f 3393//3091 3358//3484 3392//3092
f 3399//3334 3358//3484 3397//3486
f 3399//3334 3397//3486 3395//3331
f 3392//3092 3358//3484 3391//3337
f 3392//3092 3391//3337 3389//2999
f 3399//3334 3391//3337 3358//3484
f 3361//3487 3362//3329 3363//3328
f 3361//3487 3363//3328 3364//3327
f 3361//3487 3365//3488 3366//3485
f 3361//3487 3366//3485 3362//3329
f 2731//3464 3402//3335 3395//3331
f 2731//3464 3395//3331 3397//3486
f 3397//3486 3365//3488 2731//3464
f 3397//3486 3358//3484 3366//3485
f 3397//3486 3366//3485 3365//3488
f 3365//3488 3361//3487 2730//3482
f 2730//3482 3361//3487 2776//3483
f 2731//3464 2730//3482 2745//2636
f 2731//3464 2745//2636 2744//3462
f 3364//3327 2729//2641 2776//3483
f 3364//3327 2776//3483 3361//3487
f 3365//3488 2730//3482 2731//3464
f 2594//2522 2590//2512 2589//3489
f 2594//2522 2589//3489 2593//3490
f 2589//3489 2590//2512 2592//2510
f 2589//3489 2592//2510 2591//3491
f 2591//3491 2592//2510 2598//2509
f 2591//3491 2598//2509 2597//3492
f 2596//2516 2595//3493 2597//3492
f 2596//2516 2597//3492 2598//2509
f 3693//3494 3694//3495 2589//3489
f 3693//3494 2589//3489 2591//3491
f 3694//3495 3695//3496 2593//3490
f 3694//3495 2593//3490 2589//3489
f 3696//3497 3697//3498 2597//3492
f 3696//3497 2597//3492 2595//3493
f 3697//3498 3693//3494 2591//3491
f 3697//3498 2591//3491 2597//3492
f 3695//3496 3698//3499 2599//3500
f 3695//3496 2599//3500 2593//3490
f 2595//3493 2596//2516 2604//2521
f 2595//3493 2604//2521 2603//3501
f 2603//3501 2604//2521 2605//2529
f 3699//3502 3696//3497 2595//3493
f 3699//3502 2595//3493 2603//3501
f 2605//2529 2613//3503 2603//3501
f 2600//3504 2594//2522 2593//3490
f 2600//3504 2593//3490 2599//3500
f 3698//3499 3700//3505 2602//3506
f 3698//3499 2602//3506 2599//3500
f 2601//3507 2600//3504 2599//3500
f 2601//3507 2599//3500 2602//3506
f 2613//3503 2605//2529 2587//2527
f 2613//3503 2587//2527 2588//2530
f 2383//2532 2612//3508 2588//2530
f 2612//3508 2613//3503 2588//2530
f 2612//3508 3699//3502 2603//3501
f 2613//3503 2612//3508 2603//3501
f 3700//3505 3701//3509 2606//3510
f 3700//3505 2606//3510 2602//3506
f 2616//3511 2601//3507 2602//3506
f 2616//3511 2602//3506 2606//3510
f 3701//3509 2607//3512 2606//3510
f 2617//3513 2616//3511 2606//3510
f 2617//3513 2606//3510 2607//3512
f 2615//3514 2617//3513 2607//3512
f 3701//3509 3703//3515 2607//3512
f 3306//3069 3307//3306 3594//3516
f 3306//3069 3594//3516 3593//3343
f 3331//3517 3307//3306 3334//3309
f 3331//3517 3334//3309 3327//3310
f 3594//3516 3307//3306 3331//3517
f 3594//3516 3331//3517 3595//3518
f 3275//3081 3269//3519 3267//2946
f 3275//3081 3267//2946 3266//2944
f 3407//3320 3267//2946 3408//3520
f 3407//3320 3408//3520 3403//3000
f 3372//3363 3404//3001 3403//3000
f 3372//3363 3403//3000 3408//3520
f 3269//3519 3408//3520 3267//2946
f 2653//2588 2651//2587 2718//3521
f 2653//2588 2718//3521 2719//3223
f 2893//3522 2718//3521 2715//3523
f 2893//3522 2715//3523 2894//3524
f 2896//3086 2719//3223 2718//3521
f 2896//3086 2718//3521 2897//3083
f 2893//3522 2894//3524 2895//3525
f 2895//3525 2894//3524 3488//3238
f 2894//3524 3487//3239 3488//3238
f 3487//3239 2894//3524 2715//3523
f 3487//3239 2715//3523 2772//3526
f 3489//3084 2897//3083 2718//3521
f 3489//3084 2718//3521 2892//3229
f 2718//3521 2893//3522 2892//3229
f 2893//3522 2895//3525 2892//3229
f 2892//3229 2895//3525 3488//3238
f 2887//3235 3487//3239 2772//3526
f 2772//3526 3504//3240 3503//3237
f 2772//3526 3503//3237 2887//3235
f 3505//3234 2884//3233 2886//3527
f 3505//3234 2886//3527 2877//3293
f 3523//3528 3530//3298 2877//3293
f 3523//3528 2877//3293 2886//3527
f 3530//3298 3523//3528 3524//3300
f 3530//3298 3524//3300 3529//3297
f 3504//3240 2772//3526 2773//3529
f 3504//3240 2773//3529 2886//3527
f 3504//3240 2886//3527 2884//3233
f 3523//3528 2886//3527 2773//3529
f 3523//3528 2773//3529 3527//3530
f 3524//3300 3523//3528 3527//3530
f 3524//3300 3527//3530 3528//3366
f 2773//3529 2772//3526 2715//3523
f 2476//3531 2471//2438 2390//2388
f 2476//3531 2390//2388 2395//2393
f 2445//3532 2437//2407 2471//2438
f 2445//3532 2471//2438 2476//3531
f 2444//3533 2435//2404 2437//2407
f 2444//3533 2437//2407 2445//3532
f 2435//2404 2444//3533 2648//3534
f 2435//2404 2648//3534 2650//2447
f 3705//3535 2702//3536 2649//3537
f 3705//3535 2649//3537 2648//3534
f 3705//3535 2648//3534 2444//3533
f 3705//3535 2444//3533 3706//3538
f 2475//3539 2476//3531 2395//2393
f 2475//3539 2395//2393 2397//2604
f 2475//3539 2443//3540 2445//3532
f 2475//3539 2445//3532 2476//3531
f 2443//3540 3706//3538 2444//3533
f 2443//3540 2444//3533 2445//3532
f 2399//2607 2473//2612 2474//3541
f 2399//2607 2474//3541 2396//2605
f 2474//3541 2475//3539 2397//2604
f 2474//3541 2397//2604 2396//2605
f 2442//3542 2703//3121 2700//3099
f 2705//3100 2443//3540 2442//3542
f 2705//3100 2442//3542 2700//3099
f 2442//3542 2443//3540 2475//3539
f 2442//3542 2475//3539 2474//3541
f 2647//3543 3578//3544 3583//3123
f 2647//3543 3583//3123 3582//3365
f 3582//3365 3528//3366 2647//3543
f 2440//2613 2442//3542 2474//3541
f 2440//2613 2474//3541 2473//2612
f 2442//3542 2440//2613 2704//3122
f 2442//3542 2704//3122 2703//3121
f 2648//3534 2649//3537 2651//2587
f 2648//3534 2651//2587 2650//2447
f 2651//2587 2649//3537 2715//3523
f 2651//2587 2715//3523 2718//3521
f 2773//3529 2715//3523 2649//3537
f 2773//3529 2649//3537 2702//3536
f 2702//3536 2647//3543 2773//3529
f 2773//3529 2647//3543 3528//3366
f 2773//3529 3528//3366 3527//3530
f 2611//3545 2615//3514 2607//3512
f 2609//3546 2614//3547 2601//3507
f 2609//3546 2601//3507 2616//3511
f 3674//2526 3673//2507 2507//3440
f 3674//2526 2507//3440 2511//3548
f 2608//3549 2512//3550 2609//3546
f 2616//3511 2617//3513 2608//3549
f 2616//3511 2608//3549 2609//3546
f 2608//3549 2617//3513 2615//3514
f 2608//3549 2615//3514 2610//3551
f 2615//3514 2611//3545 2610//3551
f 2526//2518 2527//2484 2542//3552
f 2526//2518 2542//3552 2543//3553
f 3679//2519 2526//2518 2543//3553
f 3679//2519 2543//3553 3678//3554
f 2524//3445 3679//2519 3678//3554
f 2524//3445 3678//3554 2541//2528
f 3702//3555 2611//3545 2607//3512
f 3702//3555 2607//3512 3703//3515
f 2492//2465 2491//2464 2529//2369
f 2492//2465 2529//2369 2530//3556
f 2527//2484 3644//2487 3645//3557
f 2527//2484 3645//3557 2542//3552
f 3644//2487 2492//2465 2530//3556
f 3644//2487 2530//3556 3645//3557
f 2371//3558 2380//3559 2543//3553
f 2371//3558 2543//3553 2542//3552
f 3678//3554 2543//3553 2380//3559
f 3678//3554 2380//3559 3677//3560
f 2541//2528 3678//3554 3677//3560
f 2541//2528 3677//3560 2384//2531
f 2538//3419 2379//3561 3655//2381
f 2538//3419 3655//2381 3654//2382
f 2373//2368 2372//3562 2530//3556
f 2373//2368 2530//3556 2529//2369
f 3646//3563 2371//3558 2542//3552
f 3646//3563 2542//3552 3645//3557
f 2372//3562 3646//3563 3645//3557
f 2372//3562 3645//3557 2530//3556
f 3270//3080 3268//3564 3269//3519
f 3270//3080 3269//3519 3275//3081
f 3325//3360 3328//3311 3330//3362
f 3325//3360 3330//3362 3329//3565
f 3408//3520 3269//3519 3268//3564
f 3408//3520 3268//3564 3329//3565
f 3256//2936 3260//3079 3259//3566
f 3256//2936 3259//3566 3258//2939
f 3258//2939 3259//3566 3271//3082
f 3258//2939 3271//3082 3265//2940
f 3326//3361 3332//3567 3331//3517
f 3326//3361 3331//3517 3327//3310
f 3271//3082 3259//3566 3268//3564
f 3271//3082 3268//3564 3270//3080
f 3332//3567 3326//3361 3325//3360
f 3332//3567 3325//3360 3329//3565
f 3259//3566 3329//3565 3268//3564
f 3259//3566 3332//3567 3329//3565
f 3249//2930 3253//3568 3252//3569
f 3249//2930 3252//3569 3248//2931
f 3243//3570 3242//3571 3240//3572
f 3243//3570 3240//3572 3244//3573
f 3242//3571 3243//3570 3253//3568
f 3242//3571 3253//3568 3249//2930
f 3243//3570 3244//3573 3245//3574
f 3243//3570 3245//3574 3720//3340
f 3194//2896 3195//2895 3191//3575
f 3194//2896 3191//3575 3719//3339
f 3190//2899 3191//3575 3195//2895
f 3190//2899 3195//2895 3188//2894
f 3202//2906 3191//3575 3190//2899
f 3202//2906 3190//2899 3197//2902
f 3719//3339 3191//3575 3243//3570
f 3719//3339 3243//3570 3720//3340
f 3203//2905 3199//3576 3191//3575
f 3203//2905 3191//3575 3202//2906
f 3198//3342 3199//3576 3203//2905
f 3198//3342 3203//2905 3196//2901
f 3594//3516 3199//3576 3198//3342
f 3594//3516 3198//3342 3593//3343
f 3199//3576 3594//3516 3595//3518
f 3253//3568 3243//3570 3251//3577
f 3253//3568 3251//3577 3252//3569
f 3261//3078 3251//3577 3259//3566
f 3261//3078 3259//3566 3260//3079
f 3248//2931 3252//3569 3251//3577
f 3248//2931 3251//3577 3250//2934
f 3250//2934 3251//3577 3261//3078
f 3250//2934 3261//3078 3257//2935
f 3704//3578 3199//3576 3595//3518
f 3704//3578 3251//3577 3243//3570
f 3704//3578 3243//3570 3199//3576
f 3704//3578 3595//3518 3331//3517
f 3704//3578 3331//3517 3332//3567
f 3251//3577 3704//3578 3332//3567
f 3251//3577 3332//3567 3259//3566
f 3199//3576 3243//3570 3191//3575
f 2756//3579 2695//2599 3686//2603
f 2756//3579 3686//2603 3687//3580
f 2738//3581 3687//3580 2757//3582
f 2741//2626 2676//2598 2695//2599
f 2741//2626 2695//2599 2756//3579
f 2741//2626 2756//3579 2761//3583
f 2741//2626 2761//3583 2737//2628
f 2757//3582 3687//3580 2758//2657
f 2757//3582 2758//2657 3221//2659
f 2693//2602 2758//2657 3687//3580
f 2693//2602 3687//3580 3686//2603
f 2757//3582 3221//2659 3232//2929
f 2757//3582 3232//2929 3233//2928
f 2738//3581 2757//3582 3238//3138
f 2738//3581 3238//3138 3239//3137
f 3244//3573 3240//3572 3241//3584
f 3244//3573 3241//3584 3245//3574
f 3241//3584 3240//3572 3247//3585
f 3241//3584 3247//3585 3246//3586
f 3246//3586 2738//3581 3236//3587
f 3246//3586 3236//3587 3241//3584
f 2761//3583 2738//3581 3246//3586
f 2761//3583 3246//3586 3247//3585
f 3242//3571 2761//3583 3247//3585
f 3242//3571 3247//3585 3240//3572
f 3254//2933 2761//3583 3242//3571
f 3254//2933 3242//3571 3249//2930
f 2737//2628 2761//3583 3254//2933
f 2737//2628 3254//2933 3255//2932
f 3236//3587 2738//3581 3239//3137
f 3236//3587 3239//3137 3234//3136
f 3228//3142 2757//3582 3233//2928
f 3228//3142 3233//2928 3226//2927
f 3238//3138 2757//3582 3228//3142
f 3238//3138 3228//3142 3235//3135
f 3236//3587 3720//3340 3245//3574
f 3236//3587 3245//3574 3241//3584
f 3234//3136 3237//3140 3720//3340
f 3234//3136 3720//3340 3236//3587
f 2756//3579 3687//3580 2738//3581
f 2756//3579 2738//3581 2761//3583
f 3056//3588 3045//2817 3044//2816
f 3056//3588 3044//2816 3057//3589
f 2963//3271 2917//3590 2949//3273
f 2964//3272 2956//3269 2959//3020
f 2964//3272 2959//3020 2960//3591
f 3430//3019 2960//3591 3428//3017
f 3430//3019 3428//3017 3426//3013
f 3429//3018 2960//3591 2959//3020
f 3429//3018 2959//3020 3427//3014
f 2960//3591 3429//3018 3428//3017
f 3498//3254 3497//3252 2949//3273
f 3498//3254 2949//3273 2917//3590
f 2917//3590 2963//3271 2964//3272
f 2917//3590 2964//3272 2960//3591
f 2975//2773 2973//3592 2972//2778
f 2975//2773 2972//2778 2968//2771
f 2976//2772 2974//2779 2973//3592
f 2976//2772 2973//3592 2975//2773
f 3056//3588 2973//3592 2974//2779
f 3056//3588 2974//2779 3045//2817
f 3053//3593 2973//3592 3056//3588
f 3053//3593 3056//3588 3057//3589
f 3049//3377 3053//3593 3057//3589
f 3049//3377 3057//3589 3044//2816
f 3430//3019 2972//2778 2973//3592
f 3430//3019 2973//3592 2960//3591
f 2912//3227 2906//2725 2908//2728
f 2912//3227 2908//2728 2913//3594
f 3051//3379 3053//3593 3049//3377
f 2915//3378 2912//3227 2913//3594
f 3051//3379 2915//3378 2913//3594
f 3051//3379 2913//3594 3053//3593
f 2960//3591 2913//3594 2917//3590
f 2913//3594 2960//3591 2973//3592
f 2913//3594 2973//3592 3053//3593
f 2908//2728 3498//3254 2917//3590
f 2908//2728 2917//3590 2913//3594
f 3606//3402 2769//3595 2687//3596
f 3606//3402 2687//3596 2688//3421
f 2687//3596 2769//3595 2768//3597
f 2687//3596 2768//3597 2754//2665
f 2754//2665 2768//3597 2767//2833
f 2754//2665 2767//2833 2728//2664
f 3084//3598 3080//3599 3081//3600
f 3084//3598 3081//3600 3085//3601
f 2660//3401 2661//3602 2769//3595
f 2660//3401 2769//3595 3606//3402
f 3608//2446 3607//2590 2661//3602
f 3608//2446 2661//3602 2660//3401
f 2688//3421 2687//3596 2690//3426
f 2688//3421 2690//3426 2689//3425
f 2687//3596 2754//2665 2753//2662
f 2687//3596 2753//2662 2690//3426
f 2727//3603 3707//3604 2661//3602
f 3707//3604 2768//3597 2769//3595
f 3707//3604 2769//3595 2661//3602
f 2727//3603 2661//3602 3607//2590
f 2727//3603 3607//2590 3592//2633
f 3101//2840 3100//2839 3104//3605
f 3101//2840 3104//3605 3105//3390
f 3105//3390 3104//3605 3113//3606
f 3105//3390 3113//3606 3112//3391
f 3083//3607 3110//3389 3112//3391
f 3083//3607 3112//3391 3113//3606
f 3062//3384 3110//3389 3083//3607
f 3062//3384 3083//3607 3063//3385
f 2727//3603 3083//3607 3085//3601
f 2727//3603 3085//3601 3081//3600
f 3083//3607 2727//3603 3592//2633
f 3083//3607 3592//2633 3063//3385
f 3116//2846 3115//2845 3121//3608
f 3116//2846 3121//3608 3120//3609
f 3086//3610 3089//3611 3088//3612
f 3086//3610 3088//3612 2767//2833
f 3088//3612 3092//2832 3093//2831
f 3088//3612 3093//2831 3094//2830
f 3082//3613 3104//3605 3100//2839
f 3082//3613 3100//2839 3106//2844
f 3120//3609 3082//3613 3106//2844
f 3120//3609 3106//2844 3116//2846
f 3088//3612 3082//3613 3120//3609
f 3088//3612 3120//3609 3121//3608
f 3088//3612 3121//3608 3115//2845
f 3088//3612 3115//2845 3117//3189
f 2767//2833 3088//3612 3094//2830
f 2767//2833 3094//2830 3091//2829
f 3092//2832 3088//3612 3127//3154
f 3092//2832 3127//3154 3128//3150
f 3117//3189 3123//3153 3127//3154
f 3117//3189 3127//3154 3088//3612
f 2770//3614 2767//2833 2768//3597
f 3084//3598 3082//3613 2770//3614
f 3084//3598 2770//3614 3080//3599
f 2770//3614 2727//3603 3081//3600
f 2770//3614 3081//3600 3080//3599
f 3089//3611 3086//3610 3087//3615
f 3089//3611 3087//3615 3708//3616
f 3086//3610 2767//2833 2770//3614
f 3086//3610 2770//3614 3087//3615
f 3085//3601 3083//3607 3082//3613
f 3085//3601 3082//3613 3084//3598
f 3083//3607 3113//3606 3104//3605
f 3083//3607 3104//3605 3082//3613
f 3707//3604 2727//3603 2770//3614
f 2768//3597 3707//3604 2770//3614
f 3087//3615 2770//3614 3082//3613
f 3087//3615 3082//3613 3708//3616
f 3708//3616 3082//3613 3088//3612
f 3708//3616 3088//3612 3089//3611
f 3581//3124 3580//3617 3585//3294
f 3581//3124 3585//3294 3584//3125
f 3534//3132 3545//3618 3541//3131
f 3545//3618 3544//3295 3585//3294
f 3545//3618 3585//3294 3580//3617
f 3531//3129 3544//3295 3545//3618
f 3531//3129 3545//3618 3534//3132
f 3578//3544 3576//3619 3581//3124
f 3578//3544 3581//3124 3583//3123
f 2646//3620 3576//3619 3578//3544
f 2646//3620 3578//3544 2647//3543
f 2647//3543 2702//3536 3705//3535
f 2647//3543 3705//3535 2646//3620
f 3576//3619 3577//3621 3580//3617
f 3576//3619 3580//3617 3581//3124
f 2443//3540 2705//3100 2701//3622
f 2701//3622 2705//3100 3539//3103
f 2701//3622 3539//3103 3540//3130
f 3577//3621 2701//3622 3545//3618
f 3577//3621 3545//3618 3580//3617
f 3545//3618 2701//3622 3541//3131
f 3540//3130 3541//3131 2701//3622
f 3706//3538 2701//3622 2646//3620
f 3706//3538 2646//3620 3705//3535
f 3706//3538 2443//3540 2701//3622
f 2646//3620 2701//3622 3577//3621
f 2646//3620 3577//3621 3576//3619
f 2639//2586 2641//3623 2640//2458
f 2639//2586 2640//2458 2638//2457
f 2642//2611 2640//2458 2641//3623
f 2642//2611 2641//3623 2643//3624
f 2707//3373 2706//2615 2642//2611
f 2707//3373 2642//2611 2643//3624
f 2639//2586 2720//2656 2717//2691
f 2639//2586 2717//2691 2641//3623
f 2796//3625 2641//3623 2717//2691
f 2796//3625 2716//3626 2643//3624
f 2796//3625 2643//3624 2641//3623
f 2797//2711 2707//3373 2643//3624
f 2797//2711 2643//3624 2798//3627
f 2796//3625 2717//2691 2832//2695
f 2796//3625 2832//2695 2833//2694
f 2796//3625 2833//2694 2830//2693
f 2796//3625 2830//2693 2831//3280
f 2855//2701 2796//3625 2831//3280
f 2855//2701 2831//3280 2853//2698
f 2716//3626 2796//3625 2855//2701
f 2716//3626 2855//2701 2856//2700
f 2858//2702 2869//3628 2868//3629
f 2858//2702 2868//3629 2857//2703
f 2797//2711 2798//3627 2858//2702
f 2797//2711 2858//2702 2864//2705
f 2869//3628 2858//2702 2798//3627
f 2869//3628 2798//3627 2716//3626
f 2850//2713 2839//3630 2851//3258
f 2850//2713 2851//3258 2852//3089
f 2854//2699 2839//3630 2716//3626
f 2854//2699 2716//3626 2856//2700
f 2831//3280 2839//3630 2854//2699
f 2831//3280 2854//2699 2853//2698
f 2716//3626 2839//3630 2868//3629
f 2716//3626 2868//3629 2869//3628
f 2851//3258 2839//3630 2847//3284
f 2851//3258 2847//3284 2843//3257
f 2842//3283 2840//3285 2839//3630
f 2842//3283 2839//3630 2841//3282
f 2831//3280 2841//3282 2839//3630
f 2868//3629 2839//3630 2850//2713
f 2857//2703 2868//3629 2850//2713
f 2716//3626 2798//3627 2643//3624
f 3289//2955 3294//2959 3772//3480
f 3289//2955 3772//3480 3773//3631
f 3289//2955 3773//3631 3323//3075
f 3289//2955 3323//3075 3324//3074
f 3342//3632 3340//3633 3336//2976
f 3342//3632 3336//2976 3338//2980
f 3369//3634 3370//3635 3371//3319
f 3369//3634 3371//3319 3368//3364
f 3323//3075 3773//3631 3322//3636
f 3323//3075 3322//3636 3320//2974
f 3377//3637 3370//3635 3374//3638
f 3377//3637 3374//3638 3342//3632
f 3377//3637 3376//3318 3371//3319
f 3377//3637 3371//3319 3370//3635
f 3322//3636 3321//3307 3317//2971
f 3322//3636 3317//2971 3320//2974
f 3337//2979 3341//3312 3342//3632
f 3337//2979 3342//3632 3338//2980
f 3342//3632 3341//3312 3376//3318
f 3342//3632 3376//3318 3377//3637
f 3374//3638 3321//3307 3322//3636
f 3374//3638 3322//3636 3709//3639
f 3369//3634 3375//3640 3374//3638
f 3369//3634 3374//3638 3370//3635
f 3372//3363 3375//3640 3369//3634
f 3372//3363 3369//3634 3368//3364
f 3375//3640 3330//3362 3321//3307
f 3375//3640 3321//3307 3374//3638
f 2781//3641 2778//2646 2779//2648
f 2781//3641 2779//2648 2748//3478
f 2748//3478 2747//2638 2777//2637
f 2748//3478 2777//2637 2735//3642
f 3297//3643 3773//3631 3772//3480
f 3297//3643 3772//3480 3296//3479
f 3299//3093 2778//2646 2781//3641
f 3299//3093 2781//3641 3298//3481
f 2777//2637 3343//2978 2735//3642
f 2735//3642 3343//2978 3344//2977
f 3298//3481 2781//3641 3297//3643
f 3298//3481 3297//3643 3296//3479
f 3709//3639 3322//3636 3773//3631
f 3709//3639 3773//3631 3710//3644
f 3710//3644 3773//3631 3711//3645
f 3711//3645 3773//3631 3297//3643
f 3297//3643 2781//3641 2735//3642
f 3297//3643 2735//3642 3340//3633
f 3340//3633 2735//3642 3344//2977
f 3340//3633 3344//2977 3336//2976
f 2781//3641 2748//3478 2735//3642
f 3408//3520 3375//3640 3372//3363
f 3375//3640 3408//3520 3329//3565
f 3375//3640 3329//3565 3330//3362
f 3709//3639 3342//3632 3374//3638
f 3710//3644 3342//3632 3709//3639
f 3711//3645 3340//3633 3342//3632
f 3711//3645 3342//3632 3710//3644
f 3297//3643 3340//3633 3711//3645
f 2685//3436 2686//3431 2698//3430
f 2685//3436 2698//3430 2697//3646
f 2759//3647 2760//3648 2750//2623
f 2759//3647 2750//2623 2749//2622
f 2685//3436 2697//3646 2759//3647
f 2685//3436 2759//3647 2749//2622
f 3185//2890 3182//2889 3174//2887
f 3185//2890 3174//2887 3175//3649
f 3177//3351 3175//3649 3174//2887
f 3177//3351 3174//2887 3172//2883
f 3178//3350 3166//3358 3175//3649
f 3178//3350 3175//3649 3177//3351
f 3166//3358 3157//3357 2760//3648
f 3166//3358 2760//3648 3175//3649
f 3157//3357 2750//2623 2760//3648
f 2683//2577 2684//3442 3667//3650
f 2683//2577 3667//3650 3668//2578
f 2684//3442 2752//3441 3666//3651
f 2684//3442 3666//3651 3667//3650
f 2752//3441 2739//2898 2740//3652
f 2752//3441 2740//3652 3666//3651
f 3184//2891 2740//3652 3183//3653
f 3184//2891 3183//3653 3181//2888
f 2740//3652 3184//2891 3185//2890
f 2740//3652 3185//2890 3175//3649
f 2739//2898 3192//2900 3193//3443
f 2739//2898 3193//3443 2740//3652
f 3183//3653 2740//3652 3193//3443
f 3183//3653 3193//3443 3189//2897
f 2740//3652 3175//3649 2760//3648
f 2759//3647 3666//3651 2740//3652
f 3667//3650 3666//3651 2759//3647
f 3667//3650 2759//3647 2697//3646
f 3668//2578 3667//3650 2697//3646
f 3668//2578 2697//3646 2698//3430
f 2740//3652 2760//3648 2759//3647
f 2594//2522 2600//3504 2583//3654
f 2594//2522 2583//3654 2578//2523
f 2583//3654 2585//3655 2577//2524
f 2583//3654 2577//2524 2578//2523
f 2583//3654 2614//3547 2571//3656
f 2614//3547 2583//3654 2600//3504
f 2614//3547 2600//3504 2601//3507
f 2614//3547 2609//3546 2512//3550
f 2614//3547 2512//3550 2571//3656
f 3719//3339 3183//3653 3189//2897
f 3719//3339 3189//2897 3194//2896
f 3719//3339 3187//2892 3181//2888
f 3719//3339 3181//2888 3183//3653
f 3719//3339 3176//2886 3186//2893
f 3719//3339 3186//2893 3187//2892
f 3720//3340 3237//3140 3587//3141
f 3720//3340 3587//3141 3229//3139
f 3756//3657 3721//3658 3722//3398
f 3756//3657 3722//3398 3757//3397
f 2511//3548 2507//3440 2510//3659
f 2511//3548 2510//3659 2512//3550
f 2585//3655 2583//3654 2571//3656
f 2585//3655 2571//3656 2579//3660
f 2579//3660 2571//3656 2512//3550
f 2579//3660 2512//3550 2510//3659
f 3712//3661 2584//3662 2585//3655
f 3712//3661 2585//3655 2579//3660
f 3723//3663 2579//3660 2510//3659
f 2579//3660 2513//3664 3712//3661
f 3723//3663 2513//3664 2579//3660
f 3718//3665 3602//3666 3754//3667
f 2553//2431 2555//2430 2523//3444
f 2553//2431 2523//3444 2519//3668
f 2582//2517 2581//2508 2572//3669
f 2524//3445 2521//3670 2519//3668
f 2524//3445 2519//3668 2523//3444
f 2521//3670 2540//2520 2582//2517
f 2521//3670 2582//2517 2572//3669
f 2521//3670 2524//3445 2541//2528
f 2521//3670 2541//2528 2540//2520
f 2581//2508 2575//2511 2574//2514
f 2581//2508 2574//2514 2580//3671
f 2520//3672 2519//3668 2521//3670
f 2520//3672 2521//3670 2572//3669
f 2572//3669 2581//2508 2580//3671
f 2572//3669 2580//3671 2520//3672
f 3788//3673 3786//3674 3800//3675
f 3788//3673 3800//3675 3790//3676
f 2507//3440 2552//3439 2551//3677
f 2507//3440 2551//3677 2510//3659
f 2519//3668 2520//3672 2554//3678
f 2519//3668 2554//3678 2553//2431
f 2577//2524 2576//3679 2515//3680
f 2577//2524 2515//3680 2514//2515
f 2576//3679 3778//3681 2516//3682
f 2576//3679 2516//3682 2515//3680
f 2584//3662 3778//3681 2576//3679
f 2585//3655 2584//3662 2576//3679
f 2585//3655 2576//3679 2577//2524
f 3781//3683 2516//3682 3778//3681
f 2584//3662 3712//3661 3782//3684
f 2584//3662 3782//3684 3778//3681
f 2574//2514 2514//2515 2515//3680
f 2574//2514 2515//3680 2518//3685
f 3774//3686 3792//3687 3776//3688
f 3787//3689 3789//3690 3779//3691
f 3787//3689 3779//3691 3783//3692
f 3789//3690 3787//3689 3786//3674
f 3789//3690 3786//3674 3788//3673
f 3778//3681 3782//3684 3783//3692
f 3778//3681 3783//3692 3779//3691
f 3869//3693 3868//3694 3755//3695
f 3869//3693 3755//3695 3816//3696
f 3804//3697 3786//3674 3787//3689
f 3802//3698 3800//3675 3786//3674
f 3802//3698 3786//3674 3804//3697
f 3831//3699 3822//3700 3827//3701
f 3831//3699 3827//3701 3832//3702
f 2416//3432 2414//3703 2415//3437
f 2416//3432 2415//3437 2409//3429
f 2416//3432 3664//3433 3663//3704
f 2416//3432 3663//3704 2414//3703
f 2510//3659 2551//3677 3724//3705
f 2510//3659 3724//3705 3723//3663
f 2414//3703 2458//3706 2459//3438
f 2414//3703 2459//3438 2415//3437
f 2552//3439 2459//3438 2458//3706
f 2552//3439 2458//3706 2551//3677
f 2551//3677 2458//3706 3724//3705
f 3724//3705 2458//3706 3810//3707
f 2458//3706 2414//3703 2479//3708
f 2458//3706 2479//3708 3810//3707
f 3662//3709 2479//3708 2414//3703
f 3662//3709 2414//3703 3663//3704
f 3787//3689 3809//3710 3805//3711
f 3787//3689 3805//3711 3804//3697
f 3805//3711 3809//3710 3833//3712
f 3828//3713 3805//3711 3806//3714
f 3828//3713 3806//3714 3830//3715
f 3828//3713 3802//3698 3804//3697
f 3828//3713 3804//3697 3805//3711
f 3832//3702 3827//3701 3828//3713
f 3830//3715 3829//3716 3831//3699
f 3830//3715 3831//3699 3832//3702
f 3828//3713 3830//3715 3832//3702
f 3785//3717 3784//3718 2513//3664
f 3784//3718 3785//3717 3807//3719
f 3784//3718 3807//3719 3783//3692
f 3783//3692 3782//3684 3784//3718
f 3785//3717 2513//3664 3723//3663
f 3785//3717 3723//3663 3724//3705
f 3808//3720 3785//3717 3724//3705
f 3808//3720 3724//3705 3810//3707
f 3783//3692 3807//3719 3809//3710
f 3783//3692 3809//3710 3787//3689
f 3806//3714 3808//3720 3810//3707
f 3833//3712 3809//3710 3807//3719
f 3833//3712 3807//3719 3834//3721
f 3830//3715 3806//3714 3810//3707
f 3830//3715 3810//3707 2479//3708
f 3829//3716 3830//3715 2479//3708
f 2513//3664 3784//3718 3782//3684
f 2513//3664 3782//3684 3712//3661
f 3808//3720 3834//3721 3785//3717
f 3834//3721 3807//3719 3785//3717
f 3833//3712 3806//3714 3805//3711
f 3834//3721 3808//3720 3806//3714
f 3834//3721 3806//3714 3833//3712
f 3865//3722 3862//3723 3861//3724
f 3865//3722 3861//3724 3725//3725
f 3863//3726 3862//3723 3865//3722
f 3863//3726 3865//3722 3864//3727
f 2580//3671 2574//2514 2518//3685
f 2580//3671 2518//3685 3771//3728
f 2580//3671 3771//3728 3770//3729
f 2580//3671 3770//3729 2520//3672
f 3770//3729 2554//3678 2520//3672
f 2518//3685 2515//3680 2516//3682
f 2518//3685 2516//3682 3733//3730
f 3771//3728 2518//3685 3733//3730
f 3734//3731 3733//3730 3803//3732
f 3734//3731 3803//3732 3738//3733
f 3734//3731 3770//3729 3771//3728
f 3734//3731 3771//3728 3733//3730
f 3733//3730 2516//3682 3781//3683
f 3733//3730 3781//3683 3803//3732
f 3791//3734 3792//3687 3740//3735
f 3770//3729 3847//3736 3811//3737
f 3770//3729 3811//3737 2554//3678
f 3734//3731 3738//3733 3814//3738
f 3734//3731 3814//3738 3847//3736
f 3738//3733 3791//3734 3813//3739
f 3738//3733 3813//3739 3814//3738
f 3791//3734 3740//3735 3812//3740
f 3791//3734 3812//3740 3813//3739
f 3770//3729 3734//3731 3847//3736
f 3814//3738 3848//3741 3811//3737
f 3814//3738 3811//3737 3847//3736
f 3848//3741 3814//3738 3813//3739
f 3848//3741 3813//3739 3849//3742
f 2489//3743 2461//2428 2553//2431
f 2489//3743 2553//2431 2554//3678
f 3811//3737 2489//3743 2554//3678
f 3849//3742 3815//3744 3811//3737
f 3849//3742 3811//3737 3848//3741
f 3812//3740 3815//3744 3849//3742
f 3812//3740 3849//3742 3813//3739
f 3815//3744 2489//3743 3811//3737
f 3732//3745 3740//3735 3792//3687
f 3732//3745 3792//3687 3774//3686
f 3812//3740 3740//3735 3732//3745
f 3774//3686 3775//3746 3732//3745
f 2477//3747 2413//2547 2461//2428
f 2477//3747 2461//2428 2489//3743
f 2477//3747 2489//3743 3815//3744
f 3812//3740 3732//3745 3842//3748
f 3812//3740 3842//3748 3815//3744
f 3842//3748 2477//3747 3815//3744
f 3854//3749 3842//3748 3732//3745
f 3854//3749 3732//3745 3775//3746
f 3854//3749 3852//3750 3842//3748
f 3853//3751 3851//3752 3852//3750
f 3853//3751 3852//3750 3854//3749
f 3661//3753 3660//3424 2413//2547
f 3661//3753 2413//2547 2477//3747
f 3602//3666 3725//3725 3861//3724
f 3602//3666 3861//3724 3754//3667
f 3871//3754 3735//3755 3870//3756
f 3875//3757 3753//3758 3874//3759
f 3870//3756 3735//3755 3881//3760
f 3933//3761 3924//3762 3925//3763
f 3933//3761 3925//3763 3932//3764
f 3757//3397 3923//3765 3756//3657
f 3756//3657 3923//3765 3924//3762
f 3756//3657 3924//3762 3826//3766
f 3816//3696 3931//3767 3925//3763
f 3816//3696 3925//3763 3869//3693
f 3885//3768 3933//3761 3932//3764
f 3885//3768 3932//3764 3884//3769
f 3826//3766 3924//3762 3933//3761
f 3826//3766 3933//3761 3885//3768
f 3910//3770 3912//3771 3911//3772
f 3910//3770 3857//3773 3819//3774
f 3910//3770 3819//3774 3912//3771
f 3817//3775 3911//3772 3912//3771
f 3817//3775 3912//3771 3838//3776
f 3817//3775 3883//3777 3882//3778
f 3817//3775 3882//3778 3839//3779
f 3839//3779 3901//3780 3911//3772
f 3839//3779 3911//3772 3817//3775
f 3941//3781 3901//3780 3839//3779
f 3941//3781 3839//3779 3882//3778
f 3941//3781 3882//3778 3942//3782
f 3910//3770 3902//3783 3746//3784
f 3910//3770 3746//3784 3818//3785
f 3902//3783 3910//3770 3911//3772
f 3902//3783 3911//3772 3901//3780
f 3862//3723 3929//3786 3861//3724
f 3875//3757 3893//3787 3876//3788
f 3874//3759 3892//3789 3893//3787
f 3874//3759 3893//3787 3875//3757
f 3882//3778 3900//3790 3942//3782
f 3930//3791 3900//3790 3882//3778
f 3930//3791 3882//3778 3883//3777
f 3929//3786 3888//3792 3754//3667
f 3929//3786 3754//3667 3861//3724
f 3892//3789 3944//3793 3929//3786
f 3892//3789 3929//3786 3893//3787
f 3944//3793 3888//3792 3929//3786
f 3755//3695 3899//3794 3931//3767
f 3755//3695 3931//3767 3816//3696
f 3889//3795 3899//3794 3755//3695
f 3889//3795 3755//3695 3718//3665
f 3930//3791 3931//3767 3899//3794
f 3930//3791 3899//3794 3900//3790
f 3940//3796 3942//3782 3900//3790
f 3901//3780 3941//3781 3940//3796
f 3901//3780 3940//3796 3943//3797
f 3754//3667 3888//3792 3889//3795
f 3754//3667 3889//3795 3718//3665
f 3940//3796 3889//3795 3888//3792
f 3943//3797 3940//3796 3888//3792
f 3943//3797 3888//3792 3944//3793
f 3940//3796 3941//3781 3942//3782
f 3900//3790 3899//3794 3889//3795
f 3900//3790 3889//3795 3940//3796
f 3599//3394 2419//3393 2420//3405
f 3599//3394 2420//3405 3600//3798
f 2488//3427 3599//3394 3600//3798
f 2488//3427 3600//3798 2478//3799
f 3664//3433 2488//3427 2478//3799
f 3664//3433 2478//3799 3663//3704
f 3817//3775 3838//3776 2570//3800
f 3601//3801 2570//3800 2478//3799
f 3601//3801 2478//3799 3600//3798
f 2570//3800 3662//3709 3663//3704
f 2570//3800 3663//3704 2478//3799
f 3932//3764 3925//3763 3931//3767
f 3884//3769 3946//3802 2570//3800
f 3884//3769 2570//3800 3601//3801
f 3931//3767 3930//3791 3945//3803
f 3931//3767 3945//3803 3932//3764
f 3945//3803 3930//3791 3883//3777
f 3945//3803 3883//3777 3946//3802
f 3884//3769 3932//3764 3945//3803
f 3884//3769 3945//3803 3946//3802
f 3946//3802 3883//3777 3817//3775
f 3946//3802 3817//3775 2570//3800
f 3745//3804 3859//3805 3818//3785
f 3745//3804 3818//3785 3746//3784
f 3829//3716 2479//3708 3662//3709
f 3829//3716 3662//3709 3837//3806
f 3838//3776 3837//3806 3662//3709
f 3838//3776 3662//3709 2570//3800
f 3912//3771 3819//3774 3837//3806
f 3912//3771 3837//3806 3838//3776
f 3910//3770 3818//3785 3859//3805
f 3910//3770 3859//3805 3857//3773
f 3819//3774 3857//3773 3856//3807
f 3750//3808 3860//3809 3939//3810
f 3750//3808 3939//3810 3749//3811
f 2569//3812 2417//3422 3660//3424
f 2569//3812 3660//3424 3661//3753
f 3876//3788 3893//3787 3928//3813
f 3876//3788 3928//3813 3877//3814
f 3605//3403 3604//3815 2418//3816
f 3605//3403 2418//3816 2485//3400
f 3610//2443 3609//2442 2485//3400
f 3610//2443 2485//3400 2418//3816
f 3604//3815 3605//3403 2568//3420
f 3604//3815 2568//3420 2417//3422
f 3603//3817 3604//3815 2417//3422
f 3603//3817 2417//3422 2569//3812
f 3877//3814 3878//3818 3603//3817
f 3856//3807 3857//3773 3855//3819
f 3856//3807 3855//3819 3858//3820
f 3745//3804 3855//3819 3857//3773
f 3745//3804 3857//3773 3859//3805
f 3866//3821 3725//3725 3602//3666
f 3602//3666 3718//3665 3867//3822
f 3602//3666 3867//3822 3866//3821
f 3718//3665 3755//3695 3868//3694
f 3718//3665 3868//3694 3867//3822
f 3924//3762 3923//3765 3922//3823
f 3924//3762 3922//3823 3925//3763
f 3868//3694 3922//3823 3867//3822
f 3925//3763 3922//3823 3868//3694
f 3925//3763 3868//3694 3869//3693
f 3825//3824 3721//3658 3756//3657
f 3825//3824 3756//3657 3826//3766
f 3825//3824 3886//3825 3721//3658
f 3948//3826 3886//3825 3825//3824
f 3825//3824 3826//3766 3885//3768
f 3825//3824 3885//3768 2486//3827
f 3948//3826 3936//3828 3934//3829
f 3948//3826 3934//3829 3886//3825
f 3885//3768 3884//3769 3601//3801
f 3885//3768 3601//3801 2486//3827
f 2486//3827 3601//3801 3600//3798
f 2486//3827 3600//3798 2420//3405
f 3825//3824 2486//3827 3948//3826
f 3936//3828 3937//3830 3935//3831
f 3936//3828 3935//3831 3934//3829
f 3949//3832 3937//3830 3936//3828
f 3949//3832 3936//3828 3948//3826
f 3908//3833 3904//3834 3903//3835
f 3908//3833 3903//3835 3907//3836
f 3735//3755 3871//3754 3872//3837
f 3735//3755 3872//3837 3736//3838
f 3841//3839 3873//3840 3905//3841
f 3841//3839 3736//3838 3872//3837
f 3841//3839 3872//3837 3873//3840
f 3871//3754 3904//3834 3872//3837
f 3872//3837 3904//3834 3908//3833
f 3872//3837 3908//3833 3873//3840
f 3604//3815 3603//3817 2487//3842
f 3604//3815 2487//3842 2418//3816
f 3873//3840 3908//3833 3905//3841
f 3906//3843 3907//3836 3840//3844
f 3905//3841 3908//3833 3907//3836
f 3905//3841 3907//3836 3906//3843
f 3611//3845 3905//3841 3906//3843
f 3611//3845 3610//2443 2418//3816
f 3611//3845 2418//3816 2487//3842
f 3905//3841 3611//3845 2487//3842
f 3905//3841 2487//3842 3841//3839
f 3959//3846 3966//3847 3965//3848
f 3959//3846 3965//3848 3958//3849
f 3951//3850 3960//3851 3950//3852
f 3965//3848 3962//3853 3953//3854
f 3965//3848 3953//3854 3958//3849
f 3821//3855 3822//3700 3831//3699
f 3831//3699 3829//3716 3821//3855
f 3821//3855 3820//3856 3836//3857
f 3821//3855 3836//3857 3799//3858
f 3829//3716 3837//3806 3820//3856
f 3829//3716 3820//3856 3821//3855
f 3837//3806 3819//3774 3856//3807
f 3837//3806 3856//3807 3820//3856
f 3968//3859 3952//3860 3951//3850
f 3968//3859 3951//3850 3798//3861
f 3798//3861 3951//3850 3950//3852
f 3835//3862 3858//3820 3952//3860
f 3836//3857 3858//3820 3835//3862
f 3858//3820 3855//3819 3953//3854
f 3858//3820 3953//3854 3952//3860
f 3836//3857 3820//3856 3856//3807
f 3836//3857 3856//3807 3858//3820
f 3952//3860 3962//3853 3960//3851
f 3952//3860 3960//3851 3951//3850
f 3953//3854 3962//3853 3952//3860
f 3968//3859 3835//3862 3952//3860
f 3968//3859 3798//3861 3799//3858
f 3799//3858 3836//3857 3835//3862
f 3799//3858 3835//3862 3968//3859
f 3860//3809 3915//3863 3742//3864
f 3860//3809 3742//3864 3939//3810
f 3748//3865 3749//3811 3939//3810
f 3748//3865 3939//3810 3743//3866
f 3939//3810 3742//3864 3743//3866
f 3748//3865 3743//3866 3957//3867
f 3959//3846 3747//3868 3748//3865
f 3959//3846 3748//3865 3957//3867
f 3967//3869 3966//3847 3959//3846
f 3967//3869 3959//3846 3957//3867
f 3743//3866 3742//3864 3954//3870
f 3743//3866 3954//3870 3969//3871
f 3969//3871 3957//3867 3743//3866
f 3967//3869 3957//3867 3969//3871
f 3854//3749 3775//3746 3796//3872
f 3854//3749 3796//3872 3853//3751
f 3962//3853 3961//3873 3960//3851
f 3966//3847 3961//3873 3962//3853
f 3966//3847 3962//3853 3965//3848
f 3964//3874 3961//3873 3966//3847
f 3964//3874 3966//3847 3967//3869
f 3954//3870 3964//3874 3967//3869
f 3954//3870 3967//3869 3969//3871
f 3892//3789 3887//3875 3944//3793
f 3890//3876 3902//3783 3901//3780
f 3890//3876 3901//3780 3943//3797
f 3887//3875 3890//3876 3943//3797
f 3887//3875 3943//3797 3944//3793
f 3890//3876 3887//3875 3747//3868
f 3890//3876 3747//3868 3717//3877
f 3746//3784 3902//3783 3890//3876
f 3746//3784 3890//3876 3717//3877
f 3744//3878 3855//3819 3745//3804
f 3745//3804 3746//3784 3717//3877
f 3745//3804 3717//3877 3744//3878
f 3958//3849 3744//3878 3717//3877
f 3953//3854 3855//3819 3744//3878
f 3744//3878 3958//3849 3953//3854
f 3958//3849 3717//3877 3747//3868
f 3958//3849 3747//3868 3959//3846
f 3907//3836 3903//3835 3763//3879
f 3907//3836 3763//3879 3840//3844
f 3615//2455 2421//2452 2422//3880
f 3615//2455 2422//3880 3614//3404
f 2421//2452 2423//2451 2481//3881
f 2421//2452 2481//3881 2422//3880
f 3618//2460 3619//3406 2481//3881
f 3618//2460 2481//3881 2423//2451
f 3984//3882 3737//3883 3714//3884
f 3984//3882 3714//3884 3981//3885
f 2517//3886 3713//3887 3714//3884
f 2517//3886 3714//3884 3737//3883
f 3981//3885 2463//3888 2480//3889
f 3981//3885 2480//3889 3984//3882
f 3610//2443 3611//3845 2484//3890
f 3610//2443 2484//3890 2483//2441
f 2484//3890 3611//3845 3906//3843
f 3620//3891 3619//3406 2431//2401
f 3620//3891 2431//2401 2468//2435
f 3621//3892 3620//3891 2468//2435
f 3621//3892 2468//2435 2393//2391
f 3622//3893 3621//3892 2393//2391
f 3622//3893 2393//2391 2386//2384
f 3621//3892 3622//3893 2480//3889
f 3621//3892 2480//3889 2463//3888
f 3988//3894 3990//3895 3620//3891
f 3988//3894 3620//3891 3621//3892
f 3990//3895 3988//3894 3987//3896
f 2463//3888 3981//3885 3987//3896
f 2463//3888 3987//3896 3988//3894
f 3621//3892 2463//3888 3988//3894
f 3713//3887 3715//3897 3714//3884
f 3824//3898 3935//3831 3937//3830
f 3824//3898 3937//3830 3949//3832
f 3613//3899 2486//3827 2420//3405
f 3613//3899 2420//3405 3614//3404
f 3948//3826 2486//3827 3613//3899
f 3948//3826 3613//3899 3949//3832
f 3620//3891 2462//3900 2481//3881
f 3620//3891 2481//3881 3619//3406
f 3987//3896 3986//3901 3989//3902
f 3987//3896 3989//3902 3990//3895
f 2422//3880 2462//3900 3613//3899
f 2422//3880 3613//3899 3614//3404
f 2422//3880 2481//3881 2462//3900
f 3714//3884 3986//3901 3987//3896
f 3714//3884 3987//3896 3981//3885
f 3989//3902 2462//3900 3990//3895
f 3990//3895 2462//3900 3620//3891
f 3989//3902 3986//3901 3985//3903
f 3715//3897 3985//3903 3986//3901
f 3715//3897 3986//3901 3714//3884
f 3613//3899 2462//3900 3989//3902
f 3949//3832 3613//3899 3823//3904
f 3823//3904 3824//3898 3949//3832
f 3824//3898 3823//3904 3716//3905
f 3824//3898 3716//3905 3759//3906
f 3715//3897 3716//3905 3823//3904
f 3715//3897 3823//3904 3985//3903
f 3989//3902 3985//3903 3823//3904
f 3989//3902 3823//3904 3613//3899
f 3840//3844 3993//3907 2484//3890
f 3840//3844 2484//3890 3906//3843
f 3993//3907 3844//3908 2484//3890
f 3974//3909 3765//3910 2517//3886
f 3974//3909 2517//3886 3726//3911
f 3974//3909 3727//3912 3769//3913
f 3974//3909 3769//3913 3768//3914
f 3769//3913 3727//3912 3844//3908
f 3769//3913 3844//3908 3993//3907
f 3737//3883 3984//3882 3983//3915
f 3737//3883 3983//3915 3728//3916
f 2484//3890 3844//3908 3845//3917
f 3726//3911 3728//3916 3727//3912
f 3727//3912 3728//3916 3992//3918
f 3727//3912 3992//3918 3844//3908
f 3737//3883 3728//3916 3726//3911
f 3737//3883 3726//3911 2517//3886
f 3992//3918 3845//3917 3844//3908
f 3840//3844 3763//3879 3769//3913
f 3840//3844 3769//3913 3993//3907
f 3974//3909 3726//3911 3727//3912
f 3766//3919 3713//3887 2517//3886
f 3766//3919 2517//3886 3765//3910
f 3715//3897 3713//3887 3766//3919
f 3715//3897 3766//3919 3975//3920
f 3715//3897 3975//3920 3716//3905
f 3972//3921 3762//3922 3761//3923
f 3972//3921 3761//3923 3612//3924
f 3729//3925 3768//3914 3769//3913
f 3767//3926 3768//3914 3729//3925
f 3767//3926 3978//3927 3768//3914
f 3729//3925 3978//3927 3767//3926
f 3612//3924 3979//3928 3972//3921
f 3975//3920 3980//3929 3976//3930
f 3612//3924 3761//3923 3760//3931
f 3612//3924 3760//3931 3973//3932
f 3973//3932 3979//3928 3612//3924
f 3973//3932 3760//3931 3759//3906
f 3976//3930 3764//3933 3975//3920
f 3976//3930 3980//3929 3764//3933
f 3716//3905 3975//3920 3764//3933
f 3716//3905 3764//3933 3973//3932
f 3716//3905 3973//3932 3759//3906
f 3974//3909 3768//3914 3978//3927
f 3974//3909 3978//3927 3977//3934
f 3974//3909 3977//3934 3765//3910
f 3766//3919 3977//3934 3980//3929
f 3766//3919 3980//3929 3975//3920
f 3765//3910 3977//3934 3766//3919
f 3980//3929 3979//3928 3973//3932
f 3980//3929 3973//3932 3764//3933
f 3980//3929 3977//3934 3979//3928
f 3979//3928 3978//3927 3729//3925
f 3979//3928 3729//3925 3972//3921
f 3979//3928 3977//3934 3978//3927
f 3721//3658 3895//3935 3722//3398
f 3895//3935 3897//3936 3758//3399
f 3895//3935 3758//3399 3722//3398
f 3758//3399 3897//3936 3923//3765
f 3758//3399 3923//3765 3757//3397
f 3897//3936 3895//3935 3894//3937
f 3897//3936 3894//3937 3896//3938
f 3923//3765 3897//3936 3921//3939
f 3923//3765 3921//3939 3922//3823
f 3867//3822 3922//3823 3921//3939
f 3867//3822 3921//3939 3866//3821
f 3921//3939 3896//3938 3898//3940
f 3934//3829 3895//3935 3721//3658
f 3934//3829 3721//3658 3886//3825
f 3934//3829 3935//3831 3894//3937
f 3934//3829 3894//3937 3895//3935
f 3903//3835 3904//3834 3898//3940
f 3903//3835 3898//3940 3896//3938
f 3870//3756 3898//3940 3904//3834
f 3870//3756 3904//3834 3871//3754
f 3903//3835 3896//3938 3761//3923
f 3903//3835 3761//3923 3762//3922
f 3935//3831 3824//3898 3759//3906
f 3935//3831 3759//3906 3894//3937
f 3896//3938 3894//3937 3760//3931
f 3896//3938 3760//3931 3761//3923
f 3760//3931 3894//3937 3759//3906
f 3897//3936 3896//3938 3921//3939
f 3763//3879 3972//3921 3729//3925
f 3763//3879 3729//3925 3769//3913
f 3763//3879 3762//3922 3972//3921
f 3763//3879 3903//3835 3762//3922
f 3893//3787 3929//3786 3926//3941
f 3893//3787 3926//3941 3928//3813
f 3926//3941 3929//3786 3862//3723
f 3926//3941 3862//3723 3863//3726
f 3878//3818 3841//3839 2487//3842
f 3878//3818 2487//3842 3603//3817
f 3623//3942 3622//3893 2386//2384
f 3623//3942 2386//2384 2385//2383
f 2465//2439 3624//3943 3623//3942
f 2465//2439 3623//3942 2385//2383
f 2426//2409 3625//2397 3624//3943
f 2426//2409 3624//3943 2465//2439
f 3622//3893 3623//3942 2466//3944
f 3622//3893 2466//3944 2480//3889
f 3625//2397 2427//2396 2464//3945
f 3625//2397 2464//3945 3624//3943
f 2483//2441 2484//3890 2464//3945
f 2483//2441 2464//3945 2427//2396
f 3846//3946 2466//3944 3623//3942
f 3982//3947 2464//3945 2484//3890
f 3982//3947 2484//3890 3845//3917
f 3991//3948 3983//3915 2466//3944
f 3991//3948 2466//3944 3846//3946
f 2466//3944 3983//3915 3984//3882
f 2466//3944 3984//3882 2480//3889
f 3982//3947 3846//3946 2464//3945
f 3846//3946 3982//3947 3991//3948
f 3728//3916 3983//3915 3991//3948
f 3728//3916 3991//3948 3992//3918
f 3982//3947 3845//3917 3992//3918
f 3982//3947 3992//3918 3991//3948
f 2464//3945 3846//3946 3623//3942
f 2464//3945 3623//3942 3624//3943
f 3963//3949 3961//3873 3964//3874
f 3776//3688 3792//3687 3791//3734
f 3776//3688 3791//3734 3777//3950
f 3776//3688 3777//3950 3775//3746
f 3776//3688 3775//3746 3774//3686
f 3790//3676 3800//3675 3801//3951
f 3790//3676 3801//3951 3739//3952
f 3790//3676 3739//3952 3789//3690
f 3790//3676 3789//3690 3788//3673
f 3802//3698 3801//3951 3800//3675
f 3797//3953 3801//3951 3827//3701
f 3797//3953 3827//3701 3822//3700
f 3802//3698 3828//3713 3827//3701
f 3802//3698 3827//3701 3801//3951
f 3797//3953 3799//3858 3798//3861
f 3822//3700 3821//3855 3799//3858
f 3822//3700 3799//3858 3797//3953
f 3779//3691 3780//3954 3781//3683
f 3779//3691 3781//3683 3778//3681
f 3803//3732 3781//3683 3780//3954
f 3803//3732 3780//3954 3738//3733
f 3779//3691 3789//3690 3739//3952
f 3779//3691 3739//3952 3780//3954
f 3777//3950 3791//3734 3738//3733
f 3777//3950 3738//3733 3780//3954
f 3950//3852 3794//3955 3793//3956
f 3961//3873 3794//3955 3950//3852
f 3961//3873 3950//3852 3960//3851
f 3796//3872 3793//3956 3956//3957
f 3796//3872 3956//3957 3970//3958
f 3970//3958 3956//3957 3971//3959
f 3961//3873 3963//3949 3956//3957
f 3961//3873 3956//3957 3794//3955
f 3793//3956 3794//3955 3956//3957
f 3971//3959 3956//3957 3963//3949
f 3796//3872 3775//3746 3777//3950
f 3796//3872 3777//3950 3793//3956
f 3777//3950 3780//3954 3793//3956
f 3797//3953 3793//3956 3739//3952
f 3797//3953 3739//3952 3801//3951
f 3793//3956 3780//3954 3739//3952
f 3793//3956 3797//3953 3798//3861
f 3793//3956 3798//3861 3950//3852
f 2509//2525 3674//2526 3675//3960
f 2509//2525 3675//3960 2538//3419
f 2539//3961 3675//3960 3674//2526
f 2539//3961 3674//2526 2511//3548
f 2610//3551 2539//3961 2608//3549
f 2608//3549 2539//3961 2511//3548
f 2608//3549 2511//3548 2512//3550
f 3702//3555 2382//3962 2611//3545
f 2610//3551 2611//3545 2382//3962
f 2610//3551 2382//3962 2539//3961
f 3675//3960 3676//3963 2379//3561
f 3675//3960 2379//3561 2538//3419
f 3675//3960 2539//3961 2382//3962
f 3675//3960 2382//3962 2381//3964
f 3629//2364 2370//2363 2586//3965
f 3629//2364 2586//3965 2369//2379
f 2586//3965 3646//3563 2372//3562
f 2372//3562 2373//2368 2586//3965
f 2373//2368 2374//2367 2586//3965
f 2374//2367 2375//2371 2586//3965
f 2375//2371 2376//2373 2586//3965
f 2377//2376 2378//2375 2586//3965
f 2378//2375 2369//2379 2586//3965
f 2370//2363 3655//2381 2586//3965
f 2586//3965 3655//2381 2379//3561
f 2376//2373 2544//2495 2586//3965
f 2544//2495 2377//2376 2586//3965
f 2380//3559 2371//3558 2586//3965
f 2383//2532 2384//2531 2586//3965
f 2586//3965 3677//3560 2380//3559
f 2612//3508 2383//2532 2586//3965
f 3699//3502 2612//3508 2586//3965
f 3696//3497 3699//3502 2586//3965
f 3697//3498 3696//3497 2586//3965
f 3693//3494 3697//3498 2586//3965
f 3694//3495 3693//3494 2586//3965
f 3695//3496 3694//3495 2586//3965
f 3698//3499 3695//3496 2586//3965
f 3700//3505 3698//3499 2586//3965
f 3701//3509 3700//3505 2586//3965
f 3703//3515 3701//3509 2586//3965
f 3702//3555 3703//3515 2586//3965
f 3676//3963 2586//3965 2379//3561
f 2381//3964 2382//3962 2586//3965
f 2382//3962 3702//3555 2586//3965
f 3677//3560 2586//3965 2384//2531
f 3646//3563 2586//3965 2371//3558
f 2586//3965 3676//3963 2381//3964
f 2381//3964 3676//3963 3675//3960
f 3850//3966 3851//3752 3853//3751
f 3852//3750 3851//3752 3850//3966
f 3852//3750 3850//3966 3842//3748
f 3850//3966 2477//3747 3842//3748
f 3661//3753 2477//3747 3850//3966
f 3661//3753 3850//3966 3843//3967
f 3843//3967 3850//3966 3741//3968
f 3843//3967 3741//3968 3994//3969
f 3843//3967 3994//3969 3730//3970
f 3843//3967 3730//3970 3916//3971
f 3915//3863 3916//3971 3730//3970
f 3751//3972 2569//3812 3661//3753
f 3751//3972 3661//3753 3843//3967
f 2569//3812 3751//3972 3877//3814
f 2569//3812 3877//3814 3603//3817
f 3730//3970 3742//3864 3915//3863
f 3954//3870 3742//3864 3730//3970
f 3853//3751 3796//3872 3741//3968
f 3853//3751 3741//3968 3850//3966
f 3741//3968 3796//3872 3795//3973
f 3994//3969 3741//3968 3795//3973
f 3994//3969 3795//3973 3731//3974
f 3731//3974 3795//3973 3955//3975
f 3954//3870 3730//3970 3731//3974
f 3954//3870 3731//3974 3955//3975
f 3970//3958 3795//3973 3796//3872
f 3964//3874 3954//3870 3955//3975
f 3964//3874 3955//3975 3963//3949
f 3955//3975 3795//3973 3970//3958
f 3955//3975 3970//3958 3971//3959
f 3963//3949 3955//3975 3971//3959
f 3731//3974 3730//3970 3994//3969
f 3876//3788 3752//3976 3753//3758
f 3876//3788 3753//3758 3875//3757
f 3860//3809 3750//3808 3913//3977
f 3860//3809 3913//3977 3915//3863
f 3909//3978 3753//3758 3752//3976
f 3891//3979 3913//3977 3750//3808
f 3891//3979 3750//3808 3749//3811
f 3909//3978 3892//3789 3874//3759
f 3909//3978 3874//3759 3753//3758
f 3913//3977 3891//3979 3909//3978
f 3947//3980 3909//3978 3752//3976
f 3947//3980 3752//3976 3938//3981
f 3938//3981 3752//3976 3876//3788
f 3938//3981 3876//3788 3877//3814
f 3748//3865 3891//3979 3749//3811
f 3892//3789 3909//3978 3891//3979
f 3892//3789 3891//3979 3887//3875
f 3887//3875 3891//3979 3748//3865
f 3887//3875 3748//3865 3747//3868
f 3915//3863 3913//3977 3914//3982
f 3915//3863 3914//3982 3916//3971
f 3947//3980 3914//3982 3913//3977
f 3914//3982 3751//3972 3843//3967
f 3914//3982 3843//3967 3916//3971
f 3877//3814 3751//3972 3938//3981
f 3938//3981 3751//3972 3914//3982
f 3938//3981 3914//3982 3947//3980
f 3909//3978 3947//3980 3913//3977
f 3725//3725 3917//3983 3865//3722
f 3880//3984 3918//3985 3881//3760
f 3881//3760 3735//3755 3736//3838
f 3881//3760 3736//3838 3880//3984
f 3898//3940 3918//3985 3917//3983
f 3898//3940 3917//3983 3921//3939
f 3866//3821 3921//3939 3917//3983
f 3866//3821 3917//3983 3725//3725
f 3918//3985 3898//3940 3870//3756
f 3918//3985 3870//3756 3881//3760
f 3919//3986 3917//3983 3918//3985
f 3927//3987 3928//3813 3926//3941
f 3927//3987 3926//3941 3919//3986
f 3865//3722 3917//3983 3919//3986
f 3865//3722 3919//3986 3864//3727
f 3920//3988 3918//3985 3880//3984
f 3920//3988 3880//3984 3879//3989
f 3919//3986 3926//3941 3863//3726
f 3919//3986 3863//3726 3864//3727
f 3927//3987 3920//3988 3879//3989
f 3927//3987 3879//3989 3878//3818
f 3927//3987 3878//3818 3877//3814
f 3927//3987 3877//3814 3928//3813
f 3736//3838 3841//3839 3879//3989
f 3736//3838 3879//3989 3880//3984
f 3841//3839 3878//3818 3879//3989
f 3919//3986 3920//3988 3927//3987
f 3918//3985 3920//3988 3919//3986
f 3996//3990 4163//3991 5256//3992
f 3996//3990 5256//3992 5255//3993
f 4000//3994 4157//3995 4155//3996
f 4000//3994 4155//3996 3999//3997
f 4001//3998 4159//3999 4157//3995
f 4001//3998 4157//3995 4000//3994
f 4002//4000 4158//4001 4159//3999
f 4002//4000 4159//3999 4001//3998
f 4004//4002 4161//4003 4162//4004
f 4004//4002 4162//4004 4003//4005
f 3995//4006 4160//4007 4161//4003
f 3995//4006 4161//4003 4004//4002
f 5281//4008 5280//4009 4163//3991
f 5281//4008 4163//3991 3996//3990
f 4011//4010 4014//4011 4013//4012
f 4011//4010 4013//4012 4012//4013
f 4014//4011 4016//4014 4015//4015
f 4014//4011 4015//4015 4013//4012
f 4013//4012 4015//4015 4018//4016
f 4013//4012 4018//4016 4017//4017
f 4012//4013 4013//4012 4017//4017
f 4012//4013 4017//4017 4019//4018
f 4016//4014 4021//4019 4020//4020
f 4016//4014 4020//4020 4015//4015
f 5252//4021 5251//4022 4053//4023
f 5252//4021 4053//4023 4050//4024
f 4055//4025 4057//4026 4056//4027
f 4055//4025 4056//4027 4054//4028
f 4054//4028 4056//4027 4058//4029
f 4054//4028 4058//4029 4059//4030
f 4061//4031 4063//4032 4062//4033
f 4061//4031 4062//4033 4060//4034
f 4060//4034 4062//4033 4052//4035
f 4060//4034 4052//4035 4051//4036
f 5260//4037 5259//4038 4193//4039
f 5260//4037 4193//4039 4072//4040
f 4075//4041 4182//4042 5268//4043
f 4075//4041 5268//4043 5267//4044
f 4081//4045 4189//4046 4192//4047
f 4081//4045 4192//4047 4080//4048
f 4080//4048 4192//4047 4191//4049
f 4080//4048 4191//4049 4073//4050
f 4072//4040 4193//4039 5277//4051
f 4072//4040 5277//4051 5276//4052
f 4083//4053 4183//4054 4182//4042
f 4083//4053 4182//4042 4075//4041
f 4087//4055 4179//4056 4181//4057
f 4087//4055 4181//4057 4086//4058
f 5308//4059 5307//4060 4183//4054
f 5308//4059 4183//4054 4083//4053
f 4057//4026 4094//4061 4093//4062
f 4057//4026 4093//4062 4056//4027
f 4094//4061 4019//4018 4017//4017
f 4094//4061 4017//4017 4093//4062
f 4093//4062 4017//4017 4018//4016
f 4093//4062 4018//4016 4095//4063
f 4056//4027 4093//4062 4095//4063
f 4056//4027 4095//4063 4058//4029
f 4063//4032 4097//4064 4096//4065
f 4063//4032 4096//4065 4062//4033
f 4097//4064 4016//4014 4014//4011
f 4097//4064 4014//4011 4096//4065
f 4096//4065 4014//4011 4011//4010
f 4096//4065 4011//4010 4091//4066
f 4062//4033 4096//4065 4091//4066
f 4062//4033 4091//4066 4052//4035
f 4050//4024 4053//4023 4109//4067
f 4050//4024 4109//4067 4108//4068
f 4108//4068 4109//4067 5236//4069
f 4108//4068 5236//4069 5235//4070
f 4050//4024 4108//4068 4284//4071
f 4050//4024 4284//4071 4282//4072
f 4108//4068 5235//4070 5234//4073
f 4108//4068 5234//4073 4284//4071
f 4061//4031 4060//4034 4278//4074
f 4061//4031 4278//4074 4276//4075
f 4060//4034 4051//4036 4280//4076
f 4060//4034 4280//4076 4278//4074
f 5252//4021 4050//4024 4282//4072
f 5252//4021 4282//4072 5253//4077
f 4049//4078 4260//4079 4258//4080
f 4049//4078 4258//4080 4047//4081
f 4047//4081 4258//4080 5242//4082
f 4047//4081 5242//4082 5241//4083
f 4059//4030 4266//4084 4264//4085
f 4059//4030 4264//4085 4054//4028
f 4054//4028 4264//4085 4262//4086
f 4054//4028 4262//4086 4055//4025
f 5244//4087 5243//4088 4260//4079
f 5244//4087 4260//4079 4049//4078
f 4154//4089 4118//4090 4117//4091
f 4154//4089 4117//4091 4116//4092
f 4119//4093 4120//4094 4116//4092
f 4119//4093 4116//4092 4117//4091
f 4122//4095 4123//4096 4124//4097
f 4122//4095 4124//4097 4121//4098
f 4119//4093 4123//4096 4122//4095
f 4119//4093 4122//4095 4120//4094
f 4126//4099 4128//4100 4130//4101
f 4126//4099 4130//4101 4125//4102
f 4127//4103 4129//4104 4128//4100
f 4127//4103 4128//4100 4126//4099
f 5257//4105 4132//4106 4131//4107
f 5257//4105 4131//4107 5258//4108
f 4132//4106 5279//4109 5278//4110
f 4132//4106 5278//4110 4131//4107
f 4153//4111 5270//4112 5269//4113
f 4153//4111 5269//4113 4151//4114
f 4116//4092 4120//4094 4185//4115
f 4116//4092 4185//4115 4186//4116
f 4154//4089 4116//4092 4186//4116
f 4154//4089 4186//4116 4184//4117
f 4122//4095 4121//4098 4187//4118
f 4122//4095 4187//4118 4188//4119
f 4120//4094 4122//4095 4188//4119
f 4120//4094 4188//4119 4185//4115
f 4126//4099 4125//4102 4191//4049
f 4126//4099 4191//4049 4192//4047
f 4127//4103 4126//4099 4192//4047
f 4127//4103 4192//4047 4189//4046
f 5258//4108 4131//4107 4193//4039
f 5258//4108 4193//4039 5259//4038
f 4131//4107 5278//4110 5277//4051
f 4131//4107 5277//4051 4193//4039
f 5306//4120 4148//4121 4183//4054
f 5306//4120 4183//4054 5307//4060
f 4148//4121 4151//4114 4182//4042
f 4148//4121 4182//4042 4183//4054
f 4151//4114 5269//4113 5268//4043
f 4151//4114 5268//4043 4182//4042
f 4117//4091 4155//3996 4157//3995
f 4117//4091 4157//3995 4119//4093
f 4124//4097 4123//4096 4159//3999
f 4124//4097 4159//3999 4158//4001
f 4123//4096 4119//4093 4157//3995
f 4123//4096 4157//3995 4159//3999
f 4130//4101 4128//4100 4161//4003
f 4130//4101 4161//4003 4160//4007
f 4128//4100 4129//4104 4162//4004
f 4128//4100 4162//4004 4161//4003
f 4132//4106 5257//4105 5256//3992
f 4132//4106 5256//3992 4163//3991
f 5279//4109 4132//4106 4163//3991
f 5279//4109 4163//3991 5280//4009
f 4170//4122 4171//4123 4158//4001
f 4170//4122 4158//4001 4002//4000
f 4162//4004 4171//4123 4170//4122
f 4162//4004 4170//4122 4003//4005
f 4129//4104 4172//4124 4171//4123
f 4129//4104 4171//4123 4162//4004
f 4158//4001 4171//4123 4172//4124
f 4158//4001 4172//4124 4124//4097
f 4173//4125 4172//4124 4129//4104
f 4173//4125 4129//4104 4127//4103
f 4124//4097 4172//4124 4173//4125
f 4124//4097 4173//4125 4121//4098
f 4173//4125 4127//4103 4189//4046
f 4173//4125 4189//4046 4190//4126
f 4121//4098 4173//4125 4190//4126
f 4121//4098 4190//4126 4187//4118
f 4187//4118 4190//4126 4174//4127
f 4187//4118 4174//4127 4078//4128
f 4174//4127 4190//4126 4189//4046
f 4174//4127 4189//4046 4081//4045
f 4082//4129 4176//4130 5298//4131
f 4082//4129 5298//4131 5297//4132
f 4134//4133 5299//4134 5298//4131
f 4134//4133 5298//4131 4176//4130
f 4207//4135 4201//4136 4218//4137
f 4207//4135 4218//4137 4224//4138
f 4201//4136 4199//4139 4216//4140
f 4201//4136 4216//4140 4218//4137
f 4200//4141 4140//4142 4199//4139
f 4200//4141 4199//4139 4201//4136
f 4222//4143 4208//4144 4207//4135
f 4222//4143 4207//4135 4224//4138
f 5306//4120 5305//4145 4152//4146
f 5306//4120 4152//4146 4148//4121
f 4148//4121 4152//4146 4153//4111
f 4148//4121 4153//4111 4151//4114
f 4208//4144 4222//4143 4230//4147
f 4208//4144 4230//4147 4166//4148
f 4216//4140 4199//4139 4204//4149
f 4216//4140 4204//4149 4220//4150
f 4199//4139 4140//4142 4203//4151
f 4199//4139 4203//4151 4204//4149
f 4135//4152 5300//4153 5299//4134
f 4135//4152 5299//4134 4134//4133
f 4213//4154 4167//4155 4166//4148
f 4231//4156 4213//4154 4166//4148
f 4231//4156 4166//4148 4230//4147
f 4214//4157 4009//4158 4010//4159
f 4214//4157 4010//4159 4167//4155
f 4167//4155 4213//4154 4214//4157
f 5261//4160 5260//4037 4072//4040
f 5261//4160 4072//4040 4027//4161
f 5266//4162 4028//4163 4075//4041
f 5266//4162 4075//4041 5267//4044
f 4033//4164 4080//4048 4073//4050
f 4033//4164 4073//4050 4026//4165
f 4175//4166 4081//4045 4080//4048
f 4175//4166 4080//4048 4033//4164
f 5296//4167 4034//4168 4082//4129
f 5296//4167 4082//4129 5297//4132
f 4027//4161 4072//4040 5276//4052
f 4027//4161 5276//4052 5275//4169
f 4028//4163 4036//4170 4083//4053
f 4028//4163 4083//4053 4075//4041
f 4036//4170 5309//4171 5308//4059
f 4036//4170 5308//4059 4083//4053
f 4175//4166 5284//4172 4174//4127
f 4175//4166 4174//4127 4081//4045
f 4032//4173 4078//4128 4174//4127
f 4032//4173 4174//4127 5284//4172
f 4039//4174 4087//4055 4086//4058
f 4039//4174 4086//4058 4037//4175
f 5262//4176 5261//4160 4027//4161
f 5262//4176 4027//4161 4244//4177
f 4251//4178 4033//4164 4026//4165
f 4251//4178 4026//4165 4245//4179
f 4252//4180 4175//4166 4033//4164
f 4252//4180 4033//4164 4251//4178
f 4250//4181 4032//4173 5284//4172
f 4250//4181 5284//4172 5283//4182
f 4247//4183 4028//4163 5266//4162
f 4247//4183 5266//4162 5265//4184
f 4245//4179 4288//4185 4291//4186
f 4245//4179 4291//4186 4251//4178
f 4251//4178 4291//4186 4293//4187
f 4251//4178 4293//4187 4252//4180
f 5283//4182 5282//4188 4295//4189
f 5283//4182 4295//4189 4250//4181
f 5265//4184 5264//4190 4303//4191
f 5265//4184 4303//4191 4247//4183
f 4244//4177 4027//4161 5275//4169
f 4244//4177 5275//4169 5274//4192
f 5274//4192 5273//4193 4307//4194
f 5274//4192 4307//4194 4244//4177
f 4244//4177 4307//4194 5263//4195
f 4244//4177 5263//4195 5262//4176
f 4254//4196 4036//4170 4028//4163
f 4254//4196 4028//4163 4247//4183
f 5310//4197 5309//4171 4036//4170
f 5310//4197 4036//4170 4254//4196
f 5311//4198 5310//4197 4254//4196
f 5311//4198 4254//4196 4322//4199
f 4037//4175 4255//4200 4038//4201
f 4037//4175 4038//4201 4039//4174
f 4317//4202 4038//4201 4255//4200
f 4317//4202 4255//4200 4320//4203
f 4322//4199 4254//4196 4247//4183
f 4322//4199 4247//4183 4303//4191
f 4309//4204 4253//4205 5295//4206
f 4309//4204 5295//4206 5294//4207
f 4253//4205 4034//4168 5296//4167
f 4253//4205 5296//4167 5295//4206
f 5242//4082 4258//4080 4259//4208
f 5242//4082 4259//4208 4416//4209
f 4258//4080 4260//4079 4261//4210
f 4258//4080 4261//4210 4259//4208
f 4260//4079 5243//4088 4420//4211
f 4260//4079 4420//4211 4261//4210
f 4262//4086 4264//4085 4265//4212
f 4262//4086 4265//4212 4263//4213
f 4276//4075 4278//4074 4279//4214
f 4276//4075 4279//4214 4277//4215
f 4284//4071 5234//4073 5233//4216
f 4284//4071 5233//4216 4285//4217
f 5263//4195 4307//4194 4308//4218
f 5263//4195 4308//4218 4406//4219
f 4290//4220 4292//4221 4293//4187
f 4290//4220 4293//4187 4291//4186
f 4400//4222 4294//4223 4295//4189
f 4400//4222 4295//4189 5282//4188
f 4388//4224 4302//4225 4303//4191
f 4388//4224 4303//4191 5264//4190
f 4302//4225 4321//4226 4322//4199
f 4302//4225 4322//4199 4303//4191
f 4307//4194 5273//4193 4411//4227
f 4307//4194 4411//4227 4308//4218
f 4317//4202 4320//4203 4319//4228
f 4317//4202 4319//4228 4318//4229
f 5311//4198 4322//4199 4321//4226
f 5311//4198 4321//4226 5312//4230
f 4023//4231 4022//4232 4020//4020
f 4023//4231 4020//4020 4021//4019
f 4020//4020 4022//4232 4025//4233
f 4020//4020 4025//4233 4024//4234
f 4015//4015 4020//4020 4024//4234
f 4015//4015 4024//4234 4018//4016
f 4058//4029 4065//4235 4064//4236
f 4058//4029 4064//4236 4059//4030
f 4095//4063 4098//4237 4065//4235
f 4095//4063 4065//4235 4058//4029
f 4018//4016 4024//4234 4098//4237
f 4018//4016 4098//4237 4095//4063
f 4268//4238 4266//4084 4059//4030
f 4268//4238 4059//4030 4064//4236
f 4099//4239 4098//4237 4024//4234
f 4099//4239 4024//4234 4025//4233
f 4066//4240 4065//4235 4098//4237
f 4066//4240 4098//4237 4099//4239
f 4334//4241 4064//4236 4065//4235
f 4334//4241 4065//4235 4066//4240
f 4332//4242 4268//4238 4064//4236
f 4332//4242 4064//4236 4334//4241
f 4261//4210 4350//4243 4351//4244
f 4261//4210 4351//4244 4259//4208
f 4420//4211 4419//4245 4350//4243
f 4420//4211 4350//4243 4261//4210
f 4263//4213 4421//4246 4347//4247
f 4337//4248 4338//4249 4376//4250
f 4337//4248 4376//4250 4375//4251
f 4389//4252 4367//4253 4302//4225
f 4389//4252 4302//4225 4388//4224
f 4390//4254 4363//4255 4367//4253
f 4390//4254 4367//4253 4389//4252
f 4389//4252 4368//4256 4360//4257
f 4389//4252 4360//4257 4390//4254
f 4388//4224 4300//4258 4368//4256
f 4388//4224 4368//4256 4389//4252
f 4391//4259 4360//4257 4368//4256
f 5218//4260 4352//4261 4285//4217
f 5218//4260 4285//4217 5233//4216
f 4401//4262 4371//4263 4294//4223
f 4401//4262 4294//4223 4400//4222
f 4403//4264 4358//4265 4373//4266
f 4290//4220 4373//4266 4372//4267
f 4290//4220 4372//4267 4292//4221
f 4373//4266 4358//4265 4355//4268
f 4373//4266 4355//4268 4372//4267
f 4292//4221 4372//4267 4401//4262
f 4292//4221 4401//4262 4400//4222
f 4411//4227 4410//4269 4377//4270
f 4411//4227 4377//4270 4308//4218
f 4412//4271 4362//4272 4377//4270
f 4404//4273 4405//4274 4408//4275
f 4308//4218 4377//4270 4405//4274
f 4308//4218 4405//4274 4406//4219
f 4408//4275 4405//4274 4377//4270
f 4408//4275 4377//4270 4362//4272
f 4377//4270 4410//4269 4409//4276
f 4377//4270 4409//4276 4412//4271
f 4413//4277 4338//4249 4337//4248
f 4413//4277 4337//4248 4414//4278
f 4259//4208 4351//4244 4417//4279
f 4259//4208 4417//4279 4416//4209
f 4416//4209 4418//4280 4340//4281
f 4416//4209 4340//4281 4256//4282
f 4416//4209 4417//4279 4418//4280
f 4263//4213 4347//4247 4419//4245
f 4263//4213 4419//4245 4420//4211
f 4265//4212 4346//4283 4421//4246
f 4265//4212 4421//4246 4263//4213
f 4384//4284 4847//4285 4837//4286
f 4384//4284 4837//4286 4836//4287
f 4384//4284 4836//4287 4381//4288
f 4384//4284 4381//4288 4318//4229
f 4384//4284 4318//4229 4319//4228
f 4381//4288 4836//4287 4426//4289
f 4381//4288 4426//4289 4379//4290
f 4354//4291 4380//4292 4379//4290
f 4354//4291 4379//4290 4426//4289
f 4427//4293 4431//4294 4432//4295
f 4427//4293 4432//4295 4428//4296
f 4419//4245 4430//4297 4428//4296
f 4419//4245 4428//4296 4432//4295
f 4433//4298 4436//4299 4437//4300
f 4433//4298 4437//4300 4434//4301
f 4419//4245 4436//4299 4433//4298
f 4419//4245 4433//4298 4430//4297
f 4347//4247 4437//4300 4436//4299
f 4347//4247 4436//4299 4419//4245
f 4438//4302 4441//4303 4442//4304
f 4438//4302 4442//4304 4439//4305
f 4421//4246 4442//4304 4441//4303
f 4421//4246 4441//4303 4347//4247
f 4421//4246 4440//4306 4439//4305
f 4421//4246 4439//4305 4442//4304
f 4444//4307 4447//4308 4448//4309
f 4444//4307 4448//4309 4443//4310
f 4440//4306 4445//4311 4447//4308
f 4440//4306 4447//4308 4444//4307
f 4446//4312 4448//4309 4447//4308
f 4446//4312 4447//4308 4445//4311
f 4449//4313 4453//4314 4454//4315
f 4449//4313 4454//4315 4450//4316
f 4449//4313 4451//4317 4346//4283
f 4449//4313 4346//4283 4453//4314
f 4346//4283 4343//4318 4454//4315
f 4346//4283 4454//4315 4453//4314
f 4455//4319 4458//4320 4459//4321
f 4455//4319 4459//4321 4456//4322
f 4451//4317 4461//4323 4460//4324
f 4451//4317 4460//4324 4445//4311
f 4479//4325 4481//4326 4482//4327
f 4479//4325 4482//4327 4480//4328
f 4484//4329 4490//4330 4491//4331
f 4484//4329 4491//4331 4483//4332
f 4483//4332 4491//4331 4492//4333
f 4483//4332 4492//4333 4485//4334
f 4485//4334 4492//4333 4493//4335
f 4485//4334 4493//4335 4486//4336
f 4487//4337 4491//4331 4490//4330
f 4487//4337 4490//4330 4423//4338
f 4488//4339 4492//4333 4491//4331
f 4488//4339 4491//4331 4487//4337
f 4476//4340 4483//4332 4485//4334
f 4476//4340 4485//4334 4474//4341
f 4489//4342 4493//4335 4492//4333
f 4489//4342 4492//4333 4488//4339
f 4489//4342 4475//4343 4486//4336
f 4489//4342 4486//4336 4493//4335
f 4474//4341 4485//4334 4486//4336
f 4474//4341 4486//4336 4475//4343
f 4487//4337 4423//4338 4498//4344
f 4487//4337 4498//4344 4496//4345
f 4514//4346 5134//4347 5135//4348
f 4514//4346 5135//4348 4515//4349
f 4515//4349 5128//4350 5127//4351
f 4515//4349 5127//4351 4514//4346
f 4532//4352 4534//4353 4535//4354
f 4532//4352 4535//4354 4533//4355
f 4537//4356 5120//4357 5119//4358
f 4537//4356 5119//4358 4536//4359
f 4536//4359 5122//4360 5121//4361
f 4536//4359 5121//4361 4537//4356
f 4545//4362 4554//4363 4555//4364
f 4545//4362 4555//4364 4546//4365
f 4547//4366 4545//4362 4546//4365
f 4547//4366 4546//4365 4548//4367
f 4548//4367 4556//4368 4557//4369
f 4548//4367 4557//4369 4547//4366
f 4552//4370 4554//4363 4545//4362
f 4552//4370 4545//4362 4549//4371
f 4549//4371 4545//4362 4547//4366
f 4549//4371 4547//4366 4551//4372
f 4475//4343 4548//4367 4546//4365
f 4475//4343 4546//4365 4550//4373
f 4558//4374 4565//4375 4566//4376
f 4558//4374 4566//4376 4559//4377
f 4560//4378 4558//4374 4559//4377
f 4560//4378 4559//4377 4561//4379
f 4561//4379 4567//4380 4568//4381
f 4561//4379 4568//4381 4560//4378
f 4552//4370 4549//4371 4559//4377
f 4552//4370 4559//4377 4566//4376
f 4562//4382 4558//4374 4560//4378
f 4562//4382 4560//4378 4563//4383
f 4549//4371 4551//4372 4561//4379
f 4549//4371 4561//4379 4559//4377
f 4569//4384 4576//4385 4577//4386
f 4569//4384 4577//4386 4570//4387
f 4573//4388 4445//4311 4569//4384
f 4569//4384 4445//4311 4576//4385
f 4580//4389 4587//4390 4588//4391
f 4580//4389 4588//4391 4581//4392
f 4584//4393 4446//4312 4580//4389
f 4580//4389 4446//4312 4587//4390
f 4445//4311 4588//4391 4446//4312
f 4446//4312 4588//4391 4587//4390
f 4581//4392 4588//4391 4445//4311
f 4581//4392 4445//4311 4573//4388
f 4591//4394 5140//4395 4592//4396
f 4593//4397 4591//4394 4592//4396
f 4593//4397 4592//4396 4594//4398
f 4594//4398 4601//4399 4602//4400
f 4594//4398 4602//4400 4593//4397
f 4591//4394 4595//4401 4611//4402
f 4591//4394 4611//4402 5140//4395
f 4595//4401 4591//4394 4593//4397
f 4595//4401 4593//4397 4597//4403
f 4596//4404 4598//4405 4594//4398
f 4596//4404 4594//4398 4592//4396
f 4600//4406 4597//4403 4593//4397
f 4600//4406 4593//4397 4602//4400
f 4603//4407 4608//4408 4607//4409
f 4603//4407 4607//4409 4604//4410
f 4605//4411 4603//4407 4604//4410
f 4605//4411 4604//4410 4606//4412
f 4606//4412 4615//4413 4616//4414
f 4606//4412 4616//4414 4605//4411
f 4608//4408 4617//4415 4618//4416
f 4608//4408 4618//4416 4607//4409
f 4608//4408 4603//4407 4609//4417
f 4608//4408 4609//4417 4612//4418
f 4609//4417 4603//4407 4605//4411
f 4609//4417 4605//4411 4610//4419
f 4615//4413 4606//4412 4597//4403
f 4615//4413 4597//4403 4600//4406
f 4619//4420 4627//4421 4628//4422
f 4619//4420 4628//4422 4620//4423
f 4621//4424 4619//4420 4620//4423
f 4621//4424 4620//4423 4622//4425
f 4622//4425 4629//4426 4630//4427
f 4622//4425 4630//4427 4621//4424
f 4612//4418 4609//4417 4620//4423
f 4612//4418 4620//4423 4628//4422
f 4624//4428 4623//4429 4619//4420
f 4624//4428 4619//4420 4621//4424
f 4609//4417 4610//4419 4622//4425
f 4609//4417 4622//4425 4620//4423
f 4637//4430 4638//4431 4633//4432
f 4638//4431 4632//4433 4633//4432
f 4639//4434 4635//4435 4638//4431
f 4635//4435 4632//4433 4638//4431
f 4640//4436 4651//4437 4652//4438
f 4640//4436 4652//4438 4641//4439
f 4637//4430 4636//4440 4641//4439
f 4637//4430 4641//4439 4652//4438
f 4668//4441 4671//4442 4670//4443
f 4668//4441 4670//4443 4669//4444
f 4669//4444 4673//4445 4672//4446
f 4669//4444 4672//4446 4668//4441
f 4673//4445 4680//4447 4681//4448
f 4673//4445 4681//4448 4672//4446
f 4684//4449 4692//4450 4693//4451
f 4684//4449 4693//4451 4685//4452
f 4685//4452 4693//4451 5139//4453
f 4600//4406 4674//4454 4685//4452
f 4600//4406 4685//4452 5139//4453
f 4716//4455 4719//4456 4720//4457
f 4716//4455 4720//4457 4717//4458
f 4719//4456 4716//4455 4354//4291
f 4719//4456 4354//4291 4718//4459
f 4354//4291 4716//4455 4717//4458
f 4354//4291 4717//4458 4393//4460
f 4723//4461 4722//4462 4721//4463
f 4723//4461 4721//4463 4426//4289
f 4354//4291 4725//4464 4724//4465
f 4354//4291 4724//4465 4718//4459
f 4726//4466 4729//4467 4728//4468
f 4726//4466 4728//4468 4727//4469
f 4733//4470 4729//4467 4726//4466
f 4733//4470 4726//4466 4732//4471
f 4741//4472 4744//4473 4745//4474
f 4741//4472 4745//4474 4742//4475
f 4733//4470 4732//4471 4742//4475
f 4733//4470 4742//4475 4745//4474
f 4755//4476 4760//4477 4761//4478
f 4755//4476 4761//4478 4756//4479
f 4756//4479 4762//4480 4763//4481
f 4756//4479 4763//4481 4755//4476
f 4758//4482 4760//4477 4755//4476
f 4758//4482 4755//4476 4757//4483
f 4759//4484 4761//4478 4760//4477
f 4759//4484 4760//4477 4758//4482
f 4723//4461 4763//4481 4762//4480
f 4723//4461 4762//4480 4718//4459
f 4770//4485 4776//4486 4777//4487
f 4770//4485 4777//4487 4771//4488
f 4771//4488 4778//4489 4779//4490
f 4771//4488 4779//4490 4770//4485
f 4775//4491 4772//4492 4770//4485
f 4775//4491 4770//4485 4779//4490
f 4780//4493 4785//4494 4786//4495
f 4780//4493 4786//4495 4781//4496
f 4781//4496 4787//4497 4788//4498
f 4781//4496 4788//4498 4780//4493
f 4775//4491 4787//4497 4781//4496
f 4775//4491 4781//4496 4772//4492
f 4784//4499 4788//4498 4787//4497
f 4784//4499 4787//4497 4775//4491
f 4784//4499 4782//4500 4780//4493
f 4784//4499 4780//4493 4788//4498
f 4789//4501 4794//4502 4795//4503
f 4789//4501 4795//4503 4790//4504
f 4790//4504 4796//4505 4797//4506
f 4790//4504 4797//4506 4789//4501
f 4784//4499 4796//4505 4790//4504
f 4784//4499 4790//4504 4782//4500
f 4793//4507 4797//4506 4796//4505
f 4793//4507 4796//4505 4784//4499
f 4793//4507 4791//4508 4789//4501
f 4793//4507 4789//4501 4797//4506
f 4799//4509 4805//4510 4806//4511
f 4799//4509 4806//4511 4798//4512
f 4793//4507 4805//4510 4799//4509
f 4793//4507 4799//4509 4791//4508
f 4802//4513 4806//4511 4805//4510
f 4802//4513 4805//4510 4793//4507
f 4802//4513 4800//4514 4798//4512
f 4802//4513 4798//4512 4806//4511
f 4807//4515 4810//4516 4811//4517
f 4807//4515 4811//4517 4808//4518
f 4808//4518 4812//4519 4813//4520
f 4808//4518 4813//4520 4807//4515
f 4802//4513 4812//4519 4808//4518
f 4802//4513 4808//4518 4800//4514
f 4814//4521 4815//4522 4820//4523
f 4814//4521 4820//4523 4821//4524
f 4365//4525 4818//4526 4814//4521
f 4365//4525 4814//4521 4816//4527
f 4822//4528 4826//4529 4827//4530
f 4822//4528 4827//4530 4823//4531
f 4823//4531 4828//4532 4829//4533
f 4823//4531 4829//4533 4822//4528
f 4365//4525 4816//4527 4823//4531
f 4365//4525 4823//4531 4827//4530
f 4830//4534 4839//4535 4840//4536
f 4830//4534 4840//4536 4831//4537
f 4831//4537 4841//4538 4842//4539
f 4831//4537 4842//4539 4830//4534
f 4830//4534 4832//4540 4839//4535
f 4839//4535 4832//4540 4838//4541
f 4838//4541 4832//4540 4834//4542
f 4835//4543 4840//4536 4834//4542
f 4839//4535 4838//4541 4840//4536
f 4834//4542 4840//4536 4838//4541
f 4836//4287 4841//4538 4831//4537
f 4836//4287 4831//4537 4833//4544
f 4837//4286 4842//4539 4841//4538
f 4837//4286 4841//4538 4836//4287
f 4837//4286 4832//4540 4830//4534
f 4837//4286 4830//4534 4842//4539
f 4844//4545 4850//4546 4851//4547
f 4844//4545 4851//4547 4843//4548
f 4834//4542 4849//4549 4848//4550
f 4834//4542 4848//4550 4846//4551
f 4837//4286 4850//4546 4844//4545
f 4837//4286 4844//4545 4832//4540
f 4847//4285 4851//4547 4850//4546
f 4847//4285 4850//4546 4837//4286
f 4847//4285 4845//4552 4843//4548
f 4847//4285 4843//4548 4851//4547
f 4853//4553 4858//4554 4859//4555
f 4853//4553 4859//4555 4852//4556
f 4847//4285 4858//4554 4853//4553
f 4847//4285 4853//4553 4845//4552
f 4875//4557 4880//4558 4881//4559
f 4875//4557 4881//4559 4874//4560
f 4363//4255 4876//4561 4874//4560
f 4363//4255 4874//4560 4881//4559
f 4883//4562 4888//4563 4889//4564
f 4883//4562 4889//4564 4882//4565
f 4888//4563 4883//4562 4876//4561
f 4888//4563 4876//4561 4363//4255
f 4390//4254 4889//4564 4888//4563
f 4390//4254 4888//4563 4363//4255
f 4390//4254 4884//4566 4882//4565
f 4390//4254 4882//4565 4889//4564
f 4891//4567 4898//4568 4899//4569
f 4891//4567 4899//4569 4890//4570
f 4890//4570 4899//4569 4900//4571
f 4890//4570 4900//4571 4892//4572
f 4898//4568 4891//4567 4884//4566
f 4898//4568 4884//4566 4390//4254
f 4360//4257 4899//4569 4898//4568
f 4360//4257 4898//4568 4390//4254
f 4391//4259 4900//4571 4899//4569
f 4391//4259 4899//4569 4360//4257
f 4391//4259 4893//4573 4892//4572
f 4391//4259 4892//4572 4900//4571
f 4908//4574 4910//4575 4909//4576
f 4908//4574 4909//4576 4412//4271
f 4911//4577 4914//4578 4913//4579
f 4911//4577 4913//4579 4912//4580
f 4916//4581 4914//4578 4911//4577
f 4916//4581 4911//4577 4915//4582
f 4914//4578 4918//4583 4919//4584
f 4914//4578 4919//4584 4913//4579
f 4918//4583 4914//4578 4916//4581
f 4918//4583 4916//4581 4404//4273
f 4915//4582 4920//4585 4921//4586
f 4915//4582 4921//4586 4916//4581
f 4926//4587 4929//4588 4928//4589
f 4926//4587 4928//4589 4927//4590
f 4931//4591 4929//4588 4926//4587
f 4931//4591 4926//4587 4930//4592
f 4936//4593 4938//4594 4937//4595
f 4936//4593 4937//4595 4930//4592
f 4940//4596 4938//4594 4936//4593
f 4940//4596 4936//4593 4939//4597
f 4930//4592 4937//4595 4931//4591
f 4939//4597 4936//4593 4930//4592
f 4943//4598 4946//4599 4945//4600
f 4943//4598 4945//4600 4944//4601
f 4939//4597 4944//4601 4945//4600
f 4939//4597 4945//4600 4940//4596
f 4961//4602 4969//4603 4970//4604
f 4961//4602 4970//4604 4962//4605
f 4963//4606 4961//4602 4962//4605
f 4963//4606 4962//4605 4964//4607
f 4403//4264 4969//4603 4961//4602
f 4403//4264 4961//4602 4965//4608
f 4971//4609 4977//4610 4978//4611
f 4971//4609 4978//4611 4972//4612
f 4973//4613 4971//4609 4972//4612
f 4973//4613 4972//4612 4974//4614
f 4358//4265 4977//4610 4971//4609
f 4358//4265 4971//4609 4975//4615
f 4403//4264 4978//4611 4977//4610
f 4403//4264 4977//4610 4358//4265
f 4358//4265 4986//4616 4985//4617
f 4358//4265 4985//4617 4355//4268
f 4358//4265 4975//4615 4980//4618
f 4358//4265 4980//4618 4986//4616
f 5009//4619 5007//4620 5004//4621
f 5009//4619 5004//4621 5008//4622
f 5012//4623 5015//4624 5014//4625
f 5012//4623 5014//4625 5013//4626
f 5008//4622 5013//4626 5014//4625
f 5008//4622 5014//4625 5009//4619
f 5029//4627 5031//4628 5030//4629
f 5037//4630 5039//4631 5040//4632
f 5037//4630 5040//4632 5038//4633
f 5038//4633 5041//4634 5042//4635
f 5038//4633 5042//4635 5037//4630
f 5039//4631 5037//4630 4833//4544
f 5039//4631 4833//4544 4835//4543
f 4757//4483 5040//4632 5039//4631
f 4757//4483 5039//4631 4835//4543
f 5041//4634 5038//4633 4723//4461
f 5041//4634 4723//4461 4426//4289
f 4836//4287 5042//4635 5041//4634
f 4836//4287 5041//4634 4426//4289
f 4836//4287 4833//4544 5037//4630
f 4836//4287 5037//4630 5042//4635
f 5048//4636 5050//4637 5051//4638
f 5048//4636 5051//4638 5049//4639
f 4584//4393 5048//4636 5049//4639
f 5052//4640 5057//4641 5058//4642
f 5052//4640 5058//4642 5053//4643
f 5054//4644 5052//4640 5053//4643
f 5054//4644 5053//4643 5055//4645
f 4584//4393 5057//4641 5052//4640
f 4584//4393 5052//4640 5056//4646
f 4584//4393 5058//4642 5057//4641
f 4584//4393 4585//4647 5053//4643
f 4584//4393 5053//4643 5058//4642
f 5060//4648 5062//4649 5059//4650
f 5061//4651 5060//4648 5059//4650
f 5061//4651 5059//4650 4623//4429
f 5063//4652 5068//4653 5069//4654
f 5063//4652 5069//4654 5064//4655
f 5065//4656 5063//4652 5064//4655
f 5065//4656 5064//4655 5066//4657
f 4623//4429 5068//4653 5063//4652
f 4623//4429 5063//4652 5067//4658
f 4623//4429 5069//4654 5068//4653
f 5064//4655 5069//4654 4623//4429
f 5064//4655 4623//4429 4624//4428
f 5079//4659 5081//4660 5082//4661
f 5079//4659 5082//4661 5080//4662
f 4351//4244 5082//4661 5081//4660
f 4351//4244 5081//4660 4417//4279
f 4351//4244 5076//4663 5080//4662
f 4351//4244 5080//4662 5082//4661
f 4418//4280 5087//4664 5086//4665
f 4418//4280 5086//4665 4340//4281
f 5074//4666 5083//4667 5084//4668
f 5074//4666 5084//4668 5085//4669
f 5088//4670 5090//4671 5091//4672
f 5088//4670 5091//4672 5089//4673
f 4418//4280 5090//4671 5088//4670
f 4418//4280 5088//4670 5085//4669
f 4417//4279 5091//4672 5090//4671
f 4417//4279 5090//4671 4418//4280
f 4339//4674 5093//4675 5092//4676
f 4339//4674 5092//4676 5094//4677
f 5097//4678 5146//4679 5145//4680
f 5097//4678 5145//4680 5096//4681
f 5097//4678 4413//4277 4339//4674
f 5097//4678 4339//4674 5146//4679
f 5094//4677 5145//4680 5146//4679
f 5094//4677 5146//4679 4339//4674
f 5143//4682 5099//4683 5100//4684
f 5143//4682 5100//4684 5144//4685
f 5099//4683 5142//4686 5141//4687
f 5099//4683 5141//4687 5100//4684
f 5105//4688 5109//4689 5108//4690
f 5105//4688 5108//4690 5104//4691
f 5110//4692 4665//4693 5104//4691
f 5110//4692 5104//4691 5108//4690
f 4907//4694 4932//4695 4928//4589
f 4907//4694 4928//4589 4935//4696
f 4928//4589 4929//4588 4934//4697
f 4928//4589 4934//4697 4935//4696
f 4909//4576 4904//4698 4362//4272
f 4909//4576 4362//4272 4412//4271
f 4941//4699 4938//4594 4940//4596
f 4941//4699 4940//4596 4915//4582
f 4937//4595 4938//4594 4941//4699
f 4937//4595 4941//4699 4942//4700
f 4915//4582 4940//4596 4945//4600
f 4915//4582 4945//4600 4950//4701
f 4945//4600 4946//4599 4949//4702
f 4945//4600 4949//4702 4950//4701
f 4831//4537 4840//4536 4835//4543
f 4831//4537 4835//4543 4833//4544
f 4757//4483 4723//4461 5038//4633
f 4757//4483 5038//4633 5040//4632
f 4834//4542 4832//4540 4844//4545
f 4834//4542 4844//4545 4849//4549
f 4848//4550 4843//4548 4845//4552
f 4848//4550 4845//4552 4846//4551
f 4849//4549 4844//4545 4843//4548
f 4849//4549 4843//4548 4848//4550
f 4846//4551 4845//4552 4853//4553
f 4846//4551 4853//4553 4857//4703
f 4857//4703 4853//4553 4852//4556
f 4857//4703 4852//4556 4856//4704
f 4887//4705 4883//4562 4882//4565
f 4887//4705 4882//4565 4886//4706
f 4896//4707 4890//4570 4892//4572
f 4896//4707 4892//4572 4901//4708
f 4897//4709 4891//4567 4890//4570
f 4897//4709 4890//4570 4896//4707
f 4755//4476 4763//4481 4723//4461
f 4755//4476 4723//4461 4757//4483
f 4725//4464 4721//4463 4722//4462
f 4725//4464 4722//4462 4724//4465
f 4354//4291 4426//4289 4721//4463
f 4354//4291 4721//4463 4725//4464
f 4724//4465 4722//4462 4723//4461
f 4724//4465 4723//4461 4718//4459
f 4523//4710 4522//4711 5116//4712
f 4523//4710 5116//4712 5115//4713
f 4499//4714 4496//4345 4498//4344
f 4499//4714 4498//4344 5133//4715
f 4476//4340 4474//4341 4470//4716
f 4476//4340 4470//4716 4478//4717
f 4446//4312 4584//4393 5049//4639
f 4446//4312 5049//4639 5051//4638
f 5140//4395 4611//4402 4596//4404
f 5140//4395 4596//4404 4592//4396
f 4604//4410 4595//4401 4597//4403
f 4604//4410 4597//4403 4606//4412
f 4611//4402 4595//4401 4604//4410
f 4611//4402 4604//4410 4607//4409
f 4611//4402 4607//4409 4618//4416
f 4418//4280 5085//4669 5084//4668
f 4418//4280 5084//4668 5087//4664
f 5086//4665 5083//4667 5074//4666
f 5086//4665 5074//4666 4340//4281
f 5087//4664 5084//4668 5083//4667
f 5087//4664 5083//4667 5086//4665
f 5014//4625 5015//4624 5018//4718
f 5014//4625 5018//4718 5019//4719
f 4403//4264 4965//4608 4972//4612
f 4403//4264 4972//4612 4978//4611
f 4404//4273 4916//4581 4921//4586
f 4404//4273 4921//4586 4925//4720
f 5163//4721 5161//4722 5162//4723
f 5163//4721 5162//4723 5164//4724
f 5172//4725 4326//4726 5164//4724
f 5172//4725 5164//4724 5162//4723
f 4331//4727 5163//4721 5164//4724
f 4331//4727 5164//4724 4326//4726
f 5173//4728 5161//4722 5163//4721
f 5173//4728 5163//4721 4331//4727
f 5173//4728 4331//4727 5165//4729
f 5173//4728 5165//4729 5168//4730
f 5177//4731 5189//4732 5188//4733
f 5177//4731 5188//4733 5176//4734
f 5178//4735 5180//4736 5181//4737
f 5178//4735 5181//4737 5179//4738
f 5180//4736 5197//4739 5196//4740
f 5180//4736 5196//4740 5181//4737
f 5182//4741 5198//4742 5199//4743
f 5182//4741 5199//4743 5183//4744
f 5183//4744 5201//4745 5200//4746
f 5183//4744 5200//4746 5182//4741
f 5181//4737 5186//4747 5172//4725
f 5181//4737 5172//4725 5179//4738
f 5199//4743 4330//4748 4329//4749
f 5199//4743 4329//4749 5183//4744
f 5172//4725 5200//4746 5201//4745
f 5172//4725 5201//4745 4326//4726
f 5200//4746 5172//4725 5186//4747
f 5200//4746 5186//4747 5182//4741
f 5183//4744 4329//4749 4326//4726
f 5183//4744 4326//4726 5201//4745
f 5209//4750 5212//4751 5210//4752
f 5209//4750 5210//4752 5207//4753
f 5158//4754 5157//4755 5159//4756
f 5159//4756 5162//4723 5161//4722
f 5159//4756 5161//4722 5158//4754
f 5166//4757 5167//4758 5168//4730
f 5166//4757 5168//4730 5165//4729
f 5160//4759 5158//4754 5168//4730
f 5160//4759 5168//4730 5167//4758
f 5173//4728 5168//4730 5158//4754
f 5173//4760 5158//4761 5169//4762
f 5157//4755 5158//4754 5160//4759
f 5173//4728 5158//4754 5161//4722
f 4861//4763 4864//4764 4865//4765
f 4861//4763 4865//4765 4860//4766
f 4857//4703 4856//4704 4855//4767
f 4857//4703 4855//4767 4846//4551
f 4863//4768 5213//4769 4861//4763
f 4863//4768 4861//4763 4860//4766
f 4856//4704 4852//4556 4854//4770
f 4856//4704 4854//4770 4855//4767
f 5213//4769 4855//4767 4854//4770
f 5213//4769 4854//4770 4861//4763
f 4768//4771 4769//4772 4765//4773
f 4768//4771 4765//4773 4764//4774
f 4773//4775 4767//4776 4768//4771
f 4769//4772 4768//4771 4767//4776
f 4769//4772 4767//4776 4758//4482
f 4757//4483 4765//4773 4769//4772
f 4757//4483 4769//4772 4758//4482
f 4764//4774 4765//4773 4757//4483
f 4764//4774 4757//4483 4766//4777
f 4773//4775 4771//4488 4777//4487
f 4773//4775 4777//4487 4767//4776
f 4778//4489 4771//4488 4773//4775
f 4778//4489 4773//4775 4766//4777
f 4775//4491 4779//4490 4778//4489
f 4775//4491 4778//4489 4766//4777
f 4768//4771 4764//4774 4766//4777
f 4768//4771 4766//4777 4773//4775
f 4718//4459 4750//4778 4748//4779
f 4718//4459 4748//4779 4754//4780
f 4750//4778 4756//4479 4761//4478
f 4750//4778 4761//4478 4759//4484
f 4762//4480 4756//4479 4750//4778
f 4762//4480 4750//4778 4718//4459
f 4749//4781 4753//4782 4754//4780
f 4749//4781 4754//4780 4748//4779
f 4662//4783 4751//4784 5214//4785
f 4662//4783 5214//4785 4759//4484
f 4748//4779 4750//4778 4759//4484
f 4748//4779 4759//4484 5214//4785
f 5214//4785 4751//4784 4752//4786
f 5214//4785 4752//4786 4749//4781
f 4749//4781 4748//4779 5214//4785
f 4642//4787 4640//4436 4641//4439
f 4642//4787 4641//4439 4643//4788
f 4644//4789 5215//4790 4643//4788
f 4644//4789 4643//4788 4645//4791
f 4664//4792 4647//4793 4642//4787
f 4664//4792 4642//4787 5215//4790
f 4645//4791 4643//4788 4648//4794
f 4645//4791 4648//4794 4639//4434
f 4658//4795 4656//4796 4647//4793
f 4658//4795 4647//4793 4664//4792
f 5215//4790 4642//4787 4643//4788
f 4647//4793 4646//4797 4640//4436
f 4647//4793 4640//4436 4642//4787
f 4648//4794 4643//4788 4641//4439
f 4648//4794 4641//4439 4636//4440
f 4633//4432 4632//4433 4631//4798
f 4634//4799 4631//4798 4632//4433
f 4634//4799 4632//4433 4635//4435
f 4639//4434 4634//4799 4635//4435
f 4631//4798 4636//4440 4637//4430
f 4631//4798 4637//4430 4633//4432
f 4634//4799 4648//4794 4631//4798
f 4648//4794 4636//4440 4631//4798
f 4634//4799 4639//4434 4648//4794
f 4666//4800 4667//4801 4654//4802
f 4666//4800 4654//4802 4653//4803
f 4655//4804 4653//4803 4654//4802
f 4655//4804 4654//4802 4656//4796
f 4666//4800 4653//4803 4661//4805
f 4666//4800 4661//4805 4665//4693
f 5110//4692 4650//4806 4667//4801
f 5110//4692 4667//4801 4666//4800
f 4653//4803 4655//4804 4662//4783
f 4653//4803 4662//4783 4661//4805
f 4650//4806 5106//4807 5112//4808
f 4650//4806 5112//4808 4637//4430
f 4646//4797 4654//4802 4667//4801
f 4646//4797 4667//4801 4650//4806
f 4647//4793 4656//4796 4654//4802
f 4647//4793 4654//4802 4646//4797
f 4640//4436 4646//4797 4650//4806
f 4640//4436 4650//4806 4651//4437
f 4650//4806 4637//4430 4652//4438
f 4650//4806 4652//4438 4651//4437
f 5110//4692 5108//4690 5106//4807
f 5110//4692 5106//4807 4650//4806
f 4666//4800 4665//4693 5110//4692
f 4413//4277 5097//4678 5096//4681
f 4413//4277 5096//4681 5098//4809
f 5143//4682 5144//4685 4413//4277
f 5143//4682 4413//4277 5098//4809
f 5101//4810 5099//4683 5143//4682
f 5101//4810 5143//4682 5098//4809
f 5111//4811 5112//4808 5106//4807
f 5111//4811 5106//4807 5107//4812
f 5108//4690 5109//4689 5107//4812
f 5108//4690 5107//4812 5106//4807
f 5107//4812 5109//4689 5098//4809
f 5109//4689 5101//4810 5098//4809
f 5145//4680 5094//4677 5098//4809
f 5145//4680 5098//4809 5096//4681
f 5107//4812 5098//4809 5094//4677
f 4657//4813 4655//4804 4656//4796
f 4657//4813 4656//4796 4658//4795
f 4658//4795 4660//4814 4659//4815
f 4658//4795 4659//4815 4657//4813
f 4655//4804 4657//4813 4663//4816
f 4655//4804 4663//4816 4662//4783
f 4733//4470 4663//4816 4657//4813
f 4663//4816 4744//4473 4741//4472
f 4663//4816 4741//4472 4743//4817
f 4745//4474 4744//4473 4663//4816
f 4745//4474 4663//4816 4733//4470
f 4663//4816 4752//4786 4751//4784
f 4663//4816 4751//4784 4662//4783
f 4752//4786 4663//4816 4743//4817
f 4752//4786 4743//4817 4749//4781
f 4617//4415 4608//4408 4612//4418
f 4617//4415 4612//4418 4614//4818
f 4618//4416 4617//4415 4614//4818
f 4618//4416 4614//4818 4611//4402
f 4628//4422 4627//4421 4625//4819
f 4628//4422 4625//4819 4612//4418
f 5062//4649 5060//4648 5061//4651
f 5062//4649 5061//4651 4625//4819
f 4623//4429 5059//4650 5062//4649
f 4623//4429 5062//4649 4625//4819
f 4625//4819 5061//4651 5070//4820
f 4625//4819 5070//4820 5072//4821
f 5078//4822 5077//4823 5076//4663
f 5078//4822 5076//4663 4614//4818
f 5078//4822 4614//4818 4612//4418
f 4627//4421 4619//4420 4623//4429
f 4627//4421 4623//4429 4625//4819
f 4612//4418 4625//4819 5072//4821
f 4612//4418 5072//4821 5078//4822
f 5071//4824 5070//4820 5061//4651
f 5071//4824 5061//4651 5074//4666
f 5085//4669 5075//4825 5073//4826
f 5085//4669 5073//4826 5071//4824
f 5077//4823 5073//4826 5075//4825
f 5077//4823 5075//4825 5076//4663
f 5081//4660 5079//4659 5075//4825
f 5081//4660 5075//4825 4417//4279
f 5075//4825 5079//4659 5080//4662
f 5075//4825 5080//4662 5076//4663
f 5089//4673 5091//4672 4417//4279
f 5089//4673 4417//4279 5075//4825
f 5085//4669 5088//4670 5089//4673
f 5085//4669 5089//4673 5075//4825
f 5073//4826 5072//4821 5070//4820
f 5073//4826 5070//4820 5071//4824
f 5077//4823 5078//4822 5072//4821
f 5077//4823 5072//4821 5073//4826
f 5071//4824 5074//4666 5085//4669
f 4686//4827 4694//4828 4695//4829
f 4686//4827 4695//4829 4687//4830
f 4703//4831 4691//4832 4705//4833
f 4703//4831 4705//4833 4704//4834
f 4701//4835 4702//4836 4397//4837
f 4701//4835 4397//4837 4352//4261
f 4702//4836 4701//4835 4704//4834
f 4702//4836 4704//4834 4705//4833
f 4703//4831 4704//4834 4701//4835
f 4703//4831 4701//4835 4352//4261
f 4702//4836 4705//4833 4691//4832
f 4702//4836 4691//4832 4397//4837
f 4696//4838 5216//4839 4695//4829
f 4696//4838 4695//4829 5138//4840
f 4696//4838 5217//4841 4703//4831
f 4696//4838 4703//4831 5216//4839
f 5216//4839 4687//4830 4695//4829
f 4691//4832 4676//4842 4699//4843
f 4676//4842 4691//4832 5217//4841
f 4697//4844 4397//4837 4691//4832
f 4697//4844 4691//4832 4699//4843
f 5217//4841 4691//4832 4703//4831
f 5217//4841 4696//4838 5138//4840
f 5217//4841 5138//4840 4676//4842
f 4526//4845 4525//4846 5118//4847
f 4526//4845 5118//4847 5117//4848
f 4542//4849 4524//4850 5120//4357
f 4542//4849 5120//4357 4537//4356
f 4522//4711 4345//4851 4524//4850
f 4522//4711 4524//4850 5116//4712
f 5117//4848 4524//4850 4345//4851
f 5117//4848 4345//4851 4526//4845
f 5125//4852 4524//4850 4542//4849
f 4530//4853 4533//4355 4535//4354
f 4530//4853 4535//4354 4540//4854
f 4530//4853 4538//4855 4532//4352
f 4530//4853 4532//4352 4533//4355
f 5121//4361 5122//4360 4538//4855
f 5121//4361 4538//4855 4530//4853
f 4530//4853 4542//4849 4537//4356
f 4530//4853 4537//4356 5121//4361
f 4542//4849 4530//4853 4528//4856
f 4542//4849 4528//4856 5125//4852
f 5115//4713 5116//4712 4524//4850
f 5115//4713 4524//4850 4518//4857
f 4524//4850 5125//4852 5126//4858
f 4524//4850 5126//4858 4518//4857
f 5132//4859 5131//4860 4510//4861
f 5132//4859 4510//4861 4509//4862
f 5128//4350 4515//4349 4511//4863
f 5128//4350 4511//4863 4513//4864
f 4509//4862 5129//4865 4513//4864
f 4509//4862 4513//4864 4511//4863
f 4518//4857 5127//4351 5128//4350
f 4518//4857 5128//4350 4513//4864
f 5114//4866 4518//4857 4513//4864
f 5114//4866 4513//4864 5113//4867
f 4510//4861 5130//4868 5129//4865
f 4510//4861 5129//4865 4509//4862
f 5134//4347 4514//4346 4516//4869
f 5134//4347 4516//4869 4517//4870
f 4517//4870 4567//4380 4561//4379
f 4517//4870 4561//4379 4551//4372
f 4551//4372 4547//4366 4557//4369
f 4551//4372 4557//4369 4517//4870
f 4516//4869 4529//4871 5137//4872
f 4516//4869 5137//4872 4517//4870
f 5136//4873 5137//4872 4529//4871
f 5136//4873 4529//4871 4528//4856
f 4528//4856 4530//4853 4540//4854
f 4528//4856 4540//4854 5136//4873
f 4529//4871 5126//4858 5125//4852
f 4529//4871 5125//4852 4528//4856
f 4518//4857 4516//4869 4514//4346
f 4518//4857 4514//4346 5127//4351
f 4516//4869 4518//4857 5126//4858
f 4516//4869 5126//4858 4529//4871
f 4563//4383 4560//4378 4568//4381
f 4563//4383 4568//4381 4564//4874
f 4571//4875 4569//4384 4570//4387
f 4571//4875 4570//4387 4572//4876
f 4578//4877 4579//4878 4571//4875
f 4578//4877 4571//4875 4572//4876
f 4574//4879 4573//4388 4569//4384
f 4574//4879 4569//4384 4571//4875
f 4572//4876 4570//4387 4562//4382
f 4572//4876 4562//4382 4563//4383
f 4564//4874 4578//4877 4572//4876
f 4564//4874 4572//4876 4563//4383
f 4517//4870 4564//4874 4568//4381
f 4517//4870 4568//4381 4567//4380
f 4564//4874 4517//4870 5137//4872
f 5123//4880 4531//4881 4540//4854
f 5123//4880 4540//4854 4535//4354
f 4540//4854 4531//4881 5136//4873
f 4578//4877 4564//4874 4531//4881
f 5136//4873 4531//4881 4564//4874
f 5136//4873 4564//4874 5137//4872
f 4534//4353 5124//4882 4535//4354
f 5123//4880 4535//4354 5124//4882
f 4445//4311 4460//4324 4462//4883
f 4445//4311 4462//4883 4464//4884
f 4464//4884 4565//4375 4558//4374
f 4464//4884 4558//4374 4562//4382
f 4464//4884 4552//4370 4566//4376
f 4464//4884 4566//4376 4565//4375
f 4464//4884 4577//4386 4445//4311
f 4445//4311 4577//4386 4576//4385
f 4562//4382 4570//4387 4577//4386
f 4562//4382 4577//4386 4464//4884
f 4469//4885 4477//4886 4478//4717
f 4469//4885 4478//4717 4470//4716
f 4471//4887 4469//4885 4470//4716
f 4471//4887 4470//4716 4472//4888
f 4471//4887 4472//4888 4475//4343
f 4471//4887 4475//4343 4550//4373
f 4474//4341 4475//4343 4472//4888
f 4474//4341 4472//4888 4470//4716
f 4509//4862 4511//4863 4504//4889
f 4509//4862 4504//4889 5132//4859
f 4511//4863 4515//4349 5135//4348
f 4511//4863 5135//4348 4504//4889
f 4501//4890 4507//4891 4508//4892
f 4501//4890 4508//4892 4500//4893
f 4505//4894 4500//4893 4488//4339
f 4505//4894 4488//4339 4487//4337
f 4508//4892 4489//4342 4488//4339
f 4508//4892 4488//4339 4500//4893
f 4500//4893 4505//4894 4506//4895
f 4500//4893 4506//4895 4501//4890
f 5135//4348 5134//4347 4517//4870
f 5135//4348 4517//4870 4504//4889
f 4475//4343 4504//4889 4548//4367
f 4556//4368 4548//4367 4553//4896
f 4548//4367 4504//4889 4553//4896
f 4508//4892 4504//4889 4489//4342
f 4517//4870 4557//4369 4504//4889
f 4556//4368 4553//4896 4557//4369
f 4553//4896 4504//4889 4557//4369
f 4504//4889 4475//4343 4489//4342
f 4582//4897 4580//4389 4581//4392
f 4582//4897 4581//4392 4583//4898
f 4589//4899 4590//4900 4582//4897
f 4589//4899 4582//4897 4583//4898
f 4585//4647 4584//4393 4580//4389
f 4585//4647 4580//4389 4582//4897
f 4583//4898 4581//4392 4573//4388
f 4583//4898 4573//4388 4574//4879
f 4575//4901 4589//4899 4583//4898
f 4575//4901 4583//4898 4574//4879
f 4579//4878 4575//4901 4574//4879
f 4579//4878 4574//4879 4571//4875
f 4575//4901 4531//4881 5123//4880
f 4531//4881 4575//4901 4579//4878
f 4531//4881 4579//4878 4578//4877
f 4434//4301 4437//4300 4347//4247
f 4434//4301 4347//4247 4435//4902
f 4430//4297 4433//4298 4434//4301
f 4430//4297 4434//4301 4435//4902
f 4435//4902 4347//4247 4441//4303
f 4435//4902 4441//4303 4438//4302
f 4435//4902 4438//4302 4439//4305
f 4435//4902 4439//4305 4440//4306
f 4435//4902 4440//4306 4444//4307
f 4435//4902 4444//4307 4443//4310
f 4443//4310 4448//4309 4446//4312
f 4443//4310 4446//4312 4435//4902
f 4430//4297 4435//4902 5047//4903
f 4430//4297 5047//4903 5046//4904
f 4435//4902 4446//4312 5044//4905
f 4435//4902 5044//4905 5047//4903
f 5044//4905 5043//4906 5047//4903
f 5047//4903 5043//4906 5046//4904
f 4451//4317 4449//4313 4450//4316
f 4451//4317 4450//4316 4452//4907
f 4452//4907 4455//4319 4456//4322
f 4452//4907 4456//4322 4457//4908
f 4452//4907 4463//4909 4461//4323
f 4452//4907 4461//4323 4451//4317
f 4452//4907 4457//4908 4467//4910
f 4452//4907 4467//4910 4463//4909
f 4450//4316 4454//4315 4343//4318
f 4450//4316 4343//4318 4452//4907
f 4463//4909 4462//4883 4460//4324
f 4463//4909 4460//4324 4461//4323
f 4467//4910 4468//4911 4462//4883
f 4467//4910 4462//4883 4463//4909
f 4552//4370 4464//4884 4462//4883
f 4552//4370 4462//4883 4468//4911
f 4469//4885 4471//4887 4466//4912
f 4469//4885 4466//4912 4473//4913
f 4466//4912 4555//4364 4554//4363
f 4466//4912 4554//4363 4552//4370
f 4466//4912 4550//4373 4546//4365
f 4466//4912 4546//4365 4555//4364
f 4468//4911 4466//4912 4552//4370
f 4550//4373 4466//4912 4471//4887
f 4455//4319 4452//4907 4343//4318
f 4455//4319 4343//4318 4458//4320
f 5172//4725 5162//4723 5159//4756
f 5172//4725 5159//4756 5152//4914
f 5152//4914 5187//4915 5188//4733
f 5152//4914 5188//4733 5189//4732
f 5188//4733 5187//4915 5184//4916
f 5188//4733 5184//4916 5176//4734
f 5178//4735 5179//4738 5172//4725
f 5178//4735 5172//4725 5152//4914
f 5178//4735 5152//4914 5185//4917
f 5178//4735 5185//4917 5180//4736
f 5185//4917 5152//4914 5189//4732
f 5185//4917 5189//4732 5177//4731
f 5184//4916 5187//4915 5190//4918
f 5184//4916 5190//4918 5175//4919
f 5191//4920 5190//4918 5187//4915
f 5191//4920 5187//4915 4503//4921
f 5131//4860 5132//4859 4504//4889
f 5131//4860 4504//4889 4503//4921
f 4503//4921 4504//4889 4508//4892
f 4503//4921 4508//4892 4507//4891
f 5210//4752 5205//4922 5170//4923
f 5210//4752 5170//4923 5211//4924
f 5157//4755 5170//4923 5152//4914
f 5157//4755 5152//4914 5159//4756
f 5187//4915 5152//4914 5155//4925
f 5155//4925 5156//4926 4503//4921
f 5155//4925 4503//4921 5187//4915
f 5155//4925 5152//4914 5170//4923
f 5205//4922 5210//4752 5212//4751
f 5205//4922 5212//4751 5151//4927
f 5170//4923 5205//4922 5150//4928
f 5170//4923 5150//4928 5155//4925
f 5205//4922 5151//4927 5150//4928
f 4905//4929 4904//4698 4903//4930
f 4905//4929 4903//4930 4902//4931
f 4902//4931 4906//4932 4917//4933
f 4362//4272 4904//4698 4905//4929
f 4362//4272 4905//4929 4408//4275
f 4902//4931 4903//4930 4907//4694
f 4902//4931 4907//4694 4906//4932
f 4919//4584 4918//4583 4404//4273
f 4919//4584 4404//4273 4408//4275
f 4912//4580 4913//4579 4917//4933
f 4912//4580 4917//4933 4906//4932
f 4906//4932 4915//4582 4911//4577
f 4906//4932 4911//4577 4912//4580
f 4917//4933 4913//4579 4919//4584
f 4917//4933 4919//4584 4408//4275
f 4906//4932 4907//4694 4935//4696
f 4906//4932 4935//4696 4934//4697
f 4906//4932 4942//4700 4941//4699
f 4906//4932 4941//4699 4915//4582
f 4934//4697 4929//4588 4931//4591
f 4934//4697 4931//4591 4906//4932
f 4907//4694 4903//4930 4910//4575
f 4907//4694 4910//4575 4908//4574
f 4904//4698 4909//4576 4910//4575
f 4904//4698 4910//4575 4903//4930
f 4931//4591 4937//4595 4942//4700
f 4931//4591 4942//4700 4906//4932
f 4917//4933 4408//4275 4905//4929
f 4917//4933 4905//4929 4902//4931
f 4927//4590 4928//4589 4932//4695
f 4927//4590 4932//4695 4933//4934
f 4930//4592 4926//4587 4927//4590
f 4930//4592 4927//4590 4933//4934
f 4943//4598 4944//4601 4939//4597
f 4943//4598 4939//4597 4947//4935
f 4939//4597 4930//4592 4960//4936
f 4939//4597 4960//4936 4959//4937
f 4953//4938 4954//4939 4959//4937
f 4953//4938 4959//4937 4960//4936
f 4930//4592 4933//4934 4960//4936
f 4959//4937 4947//4935 4939//4597
f 4965//4608 4961//4602 4963//4606
f 4965//4608 4963//4606 4967//4940
f 4967//4940 4974//4614 4972//4612
f 4967//4940 4972//4612 4965//4608
f 5007//4620 5006//4941 5005//4942
f 5007//4620 5005//4942 5004//4621
f 4999//4943 5006//4941 5011//4944
f 4999//4943 5011//4944 4967//4940
f 5007//4620 5010//4945 5011//4944
f 5007//4620 5011//4944 5006//4941
f 5002//4946 4997//4947 4999//4943
f 5002//4946 4999//4943 4967//4940
f 5033//4948 5032//4949 5031//4628
f 5033//4948 5031//4628 5029//4627
f 4975//4615 4971//4609 4973//4613
f 4975//4615 4973//4613 4976//4950
f 4985//4617 4986//4616 4980//4618
f 4985//4617 4980//4618 4979//4951
f 4979//4951 4980//4618 4982//4952
f 4979//4951 4982//4952 4981//4953
f 4985//4617 4979//4951 4983//4954
f 4985//4617 4983//4954 4355//4268
f 4976//4950 4982//4952 4980//4618
f 4976//4950 4980//4618 4975//4615
f 4983//4954 4989//4955 4990//4956
f 4983//4954 4990//4956 4355//4268
f 4983//4954 4993//4957 4988//4958
f 4983//4954 4988//4958 4989//4955
f 5009//4619 5014//4625 5019//4719
f 5009//4619 5019//4719 4976//4950
f 5010//4945 5007//4620 5009//4619
f 5010//4945 5009//4619 4976//4950
f 4973//4613 4974//4614 4967//4940
f 4973//4613 4967//4940 4976//4950
f 4967//4940 5011//4944 5010//4945
f 4967//4940 5010//4945 4976//4950
f 4993//4957 4983//4954 4979//4951
f 4993//4957 4979//4951 4981//4953
f 5021//4959 5025//4960 5026//4961
f 5021//4959 5026//4961 5020//4962
f 5020//4962 5027//4963 5028//4964
f 5020//4962 5028//4964 5021//4959
f 5017//4965 5015//4624 5012//4623
f 5017//4965 5012//4623 5016//4966
f 5012//4623 5013//4626 5008//4622
f 5012//4623 5008//4622 5016//4966
f 5008//4622 5031//4628 5032//4949
f 5008//4622 5032//4949 5016//4966
f 5017//4965 5016//4966 5026//4961
f 5017//4965 5026//4961 5025//4960
f 4758//4482 4665//4693 4661//4805
f 4758//4482 4661//4805 4759//4484
f 4766//4777 4835//4543 4775//4491
f 4835//4543 4834//4542 4784//4499
f 4835//4543 4784//4499 4775//4491
f 4784//4499 4834//4542 4846//4551
f 4784//4499 4846//4551 4793//4507
f 4793//4507 4846//4551 4855//4767
f 4793//4507 4855//4767 4802//4513
f 4802//4513 4855//4767 5346//4967
f 4802//4513 5346//4967 5345//4968
f 4835//4543 4766//4777 4757//4483
f 4623//4429 4638//4431 4637//4430
f 4623//4429 4637//4430 5061//4651
f 4893//4573 4391//4259 4392//4969
f 4440//4306 4451//4317 4445//4311
f 4421//4246 4346//4283 4440//4306
f 4346//4283 4451//4317 4440//4306
f 4596//4404 4584//4393 5056//4646
f 4596//4404 5056//4646 4598//4405
f 4623//4429 5067//4658 4639//4434
f 4623//4429 4639//4434 4638//4431
f 4759//4484 4661//4805 4662//4783
f 4827//4530 4826//4529 4409//4276
f 4827//4530 4409//4276 4365//4525
f 4826//4529 4822//4528 4824//4970
f 4826//4529 4824//4970 4409//4276
f 5219//4971 4932//4695 4907//4694
f 4908//4574 4412//4271 4409//4276
f 4908//4574 4409//4276 4824//4970
f 5219//4971 4907//4694 4908//4574
f 5219//4971 4908//4574 4824//4970
f 5144//4685 5100//4684 4338//4249
f 5144//4685 4338//4249 4413//4277
f 5105//4688 5104//4691 4665//4693
f 5105//4688 4665//4693 5102//4972
f 5101//4810 5102//4972 5142//4686
f 5101//4810 5142//4686 5099//4683
f 4767//4776 5102//4972 4665//4693
f 4767//4776 4665//4693 4758//4482
f 5102//4972 5101//4810 5105//4688
f 5105//4688 5101//4810 5109//4689
f 5118//4847 4527//4973 4544//4974
f 4544//4974 5119//4358 5120//4357
f 4544//4974 5120//4357 4524//4850
f 4544//4974 4524//4850 5117//4848
f 4544//4974 5117//4848 5118//4847
f 4431//4294 4427//4293 4429//4975
f 4431//4294 4429//4975 4350//4243
f 4419//4245 4432//4295 4431//4294
f 4419//4245 4431//4294 4350//4243
f 4429//4975 4427//4293 4428//4296
f 4429//4975 4428//4296 4430//4297
f 5048//4636 4584//4393 5045//4976
f 5048//4636 5045//4976 5050//4637
f 5051//4638 5050//4637 5045//4976
f 5051//4638 5045//4976 4446//4312
f 5044//4905 4446//4312 5045//4976
f 5044//4905 5045//4976 5043//4906
f 5046//4904 4429//4975 4430//4297
f 4614//4818 4429//4975 5045//4976
f 4614//4818 5045//4976 4611//4402
f 5076//4663 4429//4975 4614//4818
f 4596//4404 4611//4402 5045//4976
f 4596//4404 5045//4976 4584//4393
f 4350//4243 4429//4975 5076//4663
f 4350//4243 5076//4663 4351//4244
f 5045//4976 4429//4975 5046//4904
f 5045//4976 5046//4904 5043//4906
f 5035//4977 5033//4948 4893//4573
f 5035//4977 4893//4573 4392//4969
f 4804//4978 4799//4509 4798//4512
f 4804//4978 4798//4512 4803//4979
f 5174//4980 5193//4981 5192//4982
f 5174//4980 5192//4982 5175//4919
f 5175//4919 5190//4918 5191//4920
f 5175//4919 5191//4920 5174//4980
f 5191//4920 4503//4921 4502//4983
f 5191//4920 4502//4983 5174//4980
f 4502//4983 4503//4921 4507//4891
f 4502//4983 4507//4891 4501//4890
f 4776//4486 4770//4485 4772//4492
f 4776//4486 4772//4492 4774//4984
f 4785//4494 4780//4493 4782//4500
f 4785//4494 4782//4500 4783//4985
f 4786//4495 4785//4494 4783//4985
f 4786//4495 4783//4985 4774//4984
f 4772//4492 4781//4496 4786//4495
f 4772//4492 4786//4495 4774//4984
f 4794//4502 4789//4501 4791//4508
f 4794//4502 4791//4508 4792//4986
f 4795//4503 4794//4502 4792//4986
f 4795//4503 4792//4986 4783//4985
f 4782//4500 4790//4504 4795//4503
f 4782//4500 4795//4503 4783//4985
f 4791//4508 4799//4509 4804//4978
f 4791//4508 4804//4978 4792//4986
f 4767//4776 4777//4487 4776//4486
f 4767//4776 4776//4486 4774//4984
f 5103//4987 5141//4687 5142//4686
f 5103//4987 5142//4686 5102//4972
f 5141//4687 5103//4987 4338//4249
f 5141//4687 4338//4249 5100//4684
f 4774//4984 5103//4987 5102//4972
f 4774//4984 5102//4972 4767//4776
f 4376//4250 4338//4249 5103//4987
f 5103//4987 4774//4984 4783//4985
f 5103//4987 4783//4985 4376//4250
f 4954//4939 4953//4938 4952//4988
f 4954//4939 4952//4988 4951//4989
f 4959//4937 4954//4939 4956//4990
f 4959//4937 4956//4990 4947//4935
f 4999//4943 4997//4947 4994//4991
f 4999//4943 4994//4991 4998//4992
f 5005//4942 5006//4941 4999//4943
f 5005//4942 4999//4943 4998//4992
f 5008//4622 5004//4621 5005//4942
f 5008//4622 5005//4942 4998//4992
f 5031//4628 5008//4622 4998//4992
f 5031//4628 4998//4992 5030//4629
f 5212//4751 5209//4750 5208//4993
f 5212//4751 5208//4993 5151//4927
f 5151//4927 5208//4993 5154//4994
f 5151//4927 5154//4994 5150//4928
f 4066//4240 4067//4995 4334//4241
f 4270//4996 4067//4995 4325//4997
f 4066//4240 4330//4748 4325//4997
f 4066//4240 4325//4997 4067//4995
f 5176//4734 5195//4998 5194//4999
f 5176//4734 5194//4999 5177//4731
f 4270//4996 5185//4917 5177//4731
f 4270//4996 5177//4731 5194//4999
f 5196//4740 4325//4997 5186//4747
f 5196//4740 5186//4747 5181//4737
f 4330//4748 5199//4743 5198//4742
f 4330//4748 5198//4742 4325//4997
f 5186//4747 4325//4997 5198//4742
f 5186//4747 5198//4742 5182//4741
f 5185//4917 4270//4996 5197//4739
f 5185//4917 5197//4739 5180//4736
f 4425//5000 4423//4338 4333//5001
f 4498//4344 4423//4338 4425//5000
f 4498//4344 4425//5000 5133//4715
f 4499//4714 5133//4715 4425//5000
f 4499//4714 4425//5000 4497//5002
f 4497//5002 4487//4337 4496//4345
f 4497//5002 4496//4345 4499//4714
f 4502//4983 4497//5002 5193//4981
f 4502//4983 5193//4981 5174//4980
f 4505//4894 4487//4337 4497//5002
f 4505//4894 4497//5002 4506//4895
f 4506//4895 4497//5002 4502//4983
f 4506//4895 4502//4983 4501//4890
f 4335//5003 4332//4242 4334//4241
f 4335//5003 4333//5001 4332//4242
f 4335//5003 4425//5000 4333//5001
f 4271//5004 5192//4982 5193//4981
f 4271//5004 5193//4981 4497//5002
f 4271//5004 5184//4916 5175//4919
f 4271//5004 5175//4919 5192//4982
f 4270//4996 5194//4999 5195//4998
f 4270//4996 5195//4998 4271//5004
f 5184//4916 4271//5004 5195//4998
f 5184//4916 5195//4998 5176//4734
f 4497//5002 4425//5000 4335//5003
f 4335//5003 4271//5004 4497//5002
f 4067//4995 4270//4996 4271//5004
f 4067//4995 4271//5004 4335//5003
f 4067//4995 4335//5003 4334//4241
f 5197//4739 4270//4996 4325//4997
f 5197//4739 4325//4997 5196//4740
f 4675//5005 4669//4444 4670//4443
f 4669//4444 4675//5005 4673//4445
f 4544//4974 4541//5006 4536//4359
f 4544//4974 4536//4359 5119//4358
f 4536//4359 4541//5006 4538//4855
f 4536//4359 4538//4855 5122//4360
f 4677//5007 4680//4447 4673//4445
f 4677//5007 4673//4445 4675//5005
f 4616//4414 4615//4413 4600//4406
f 4616//4414 4600//4406 4613//5008
f 4629//4426 4622//4425 4610//4419
f 4629//4426 4610//4419 4613//5008
f 4630//4427 4629//4426 4613//5008
f 4630//4427 4613//5008 4626//5009
f 4624//4428 4621//4424 4630//4427
f 4624//4428 4630//4427 4626//5009
f 4613//5008 4600//4406 5139//4453
f 4613//5008 5139//4453 4693//4451
f 5067//4658 5063//4652 5065//4656
f 5067//4658 5065//4656 4626//5009
f 5066//4657 5064//4655 4624//4428
f 5066//4657 4624//4428 4626//5009
f 4626//5009 5065//4656 5066//4657
f 4610//4419 4605//4411 4616//4414
f 4610//4419 4616//4414 4613//5008
f 4600//4406 4671//4442 4668//4441
f 4600//4406 4668//4441 4674//4454
f 4690//5010 4692//4450 4684//4449
f 4690//5010 4684//4449 4674//4454
f 4674//4454 4684//4449 4685//4452
f 4734//5011 4727//4469 4728//4468
f 4694//4828 4674//4454 4695//4829
f 4686//4827 4687//4830 4689//5012
f 4686//4827 4689//5012 4688//5013
f 4703//4831 4689//5012 4687//4830
f 4703//4831 4687//4830 5216//4839
f 4674//4454 4668//4441 4672//4446
f 4674//4454 4672//4446 4676//4842
f 5138//4840 4695//4829 4674//4454
f 5138//4840 4674//4454 4676//4842
f 4352//4261 5218//4260 4689//5012
f 4352//4261 4689//5012 4703//4831
f 4693//4451 4692//4450 4690//5010
f 4693//4451 4690//5010 4613//5008
f 4690//5010 4674//4454 4688//5013
f 4694//4828 4686//4827 4688//5013
f 4694//4828 4688//5013 4674//4454
f 4660//4814 4658//4795 4664//4792
f 4660//4814 4664//4792 4649//5014
f 4729//4467 4649//5014 4740//5015
f 4729//4467 4740//5015 4728//4468
f 4649//5014 4729//4467 4733//4470
f 4644//4789 4645//4791 4639//4434
f 4644//4789 4639//4434 4649//5014
f 4644//4789 4649//5014 4664//4792
f 4644//4789 4664//4792 5215//4790
f 4659//4815 4660//4814 4649//5014
f 4659//4815 4649//5014 4733//4470
f 4659//4815 4733//4470 4657//4813
f 5067//4658 4626//5009 4649//5014
f 5067//4658 4649//5014 4639//4434
f 4737//5016 4740//5015 4649//5014
f 4734//5011 4728//4468 4740//5015
f 4734//5011 4740//5015 4737//5016
f 4626//5009 4613//5008 4690//5010
f 4626//5009 4690//5010 4737//5016
f 4737//5016 4649//5014 4626//5009
f 4736//5017 4737//5016 4690//5010
f 4736//5017 4690//5010 4688//5013
f 4731//5018 4735//5019 4738//5020
f 4736//5017 4738//5020 4735//5019
f 4727//4469 4735//5019 4731//5018
f 4734//5011 4735//5019 4727//4469
f 4737//5016 4736//5017 4735//5019
f 4737//5016 4735//5019 4734//5011
f 4045//5021 4257//5022 5224//5023
f 4045//5021 5224//5023 5225//5024
f 5383//5025 5384//5026 5348//5027
f 4111//5028 5231//5029 5232//5030
f 4111//5028 5232//5030 4286//5031
f 5235//4070 4111//5028 4286//5031
f 5235//4070 4286//5031 5234//4073
f 4045//5021 4046//5032 5240//5033
f 4045//5021 5240//5033 5241//4083
f 5242//4082 4257//5022 4045//5021
f 5242//4082 4045//5021 5241//4083
f 4257//5022 5242//4082 4416//4209
f 4257//5022 4416//4209 4256//4282
f 5243//4088 4262//4086 4263//4213
f 5243//4088 4263//4213 4420//4211
f 4055//4025 4262//4086 5243//4088
f 4055//4025 5243//4088 5244//4087
f 5245//5034 4057//4026 4055//4025
f 5245//5034 4055//4025 5244//4087
f 4051//4036 4052//4035 5251//4022
f 4051//4036 5251//4022 5252//4021
f 4051//4036 5252//4021 5253//4077
f 4051//4036 5253//4077 4280//4076
f 4278//4074 4280//4076 4281//5035
f 4278//4074 4281//5035 4279//4214
f 5253//4077 4282//4072 4283//5036
f 5253//4077 4283//5036 5254//5037
f 4282//4072 4284//4071 4285//4217
f 4282//4072 4285//4217 4283//5036
f 4285//4217 4352//4261 4397//4837
f 4285//4217 4397//4837 4283//5036
f 4281//5035 4348//5038 4345//4851
f 4281//5035 4345//4851 4279//4214
f 4349//5039 5254//5037 4283//5036
f 4349//5039 4283//5036 4397//4837
f 4699//4843 4700//5040 4698//5041
f 4699//4843 4698//5041 4697//4844
f 4697//4844 4698//5041 4349//5039
f 4697//4844 4349//5039 4397//4837
f 4525//4846 4526//4845 4345//4851
f 4525//4846 4345//4851 4348//5038
f 4525//4846 4348//5038 4527//4973
f 4525//4846 4527//4973 5118//4847
f 4349//5039 4698//5041 4700//5040
f 4349//5039 4700//5040 4678//5042
f 4676//4842 4672//4446 4681//4448
f 4676//4842 4681//4448 4678//5042
f 4700//5040 4699//4843 4676//4842
f 4700//5040 4676//4842 4678//5042
f 4678//5042 4527//4973 4348//5038
f 4678//5042 4348//5038 4349//5039
f 4527//4973 4678//5042 4544//4974
f 4678//5042 4541//5006 4544//4974
f 4677//5007 4541//5006 4678//5042
f 4280//4076 5253//4077 5254//5037
f 4280//4076 5254//5037 4281//5035
f 4678//5042 4681//4448 4680//4447
f 4678//5042 4680//4447 4677//5007
f 4349//5039 4348//5038 4281//5035
f 4349//5039 4281//5035 5254//5037
f 5255//3993 5256//3992 4160//4007
f 5255//3993 4160//4007 3995//4006
f 5257//4105 4130//4101 4160//4007
f 5257//4105 4160//4007 5256//3992
f 4130//4101 5257//4105 5258//4108
f 4130//4101 5258//4108 4125//4102
f 4125//4102 5258//4108 5259//4038
f 4125//4102 5259//4038 4191//4049
f 4073//4050 4191//4049 5259//4038
f 4073//4050 5259//4038 5260//4037
f 4026//4165 4073//4050 5260//4037
f 4026//4165 5260//4037 5261//4160
f 4245//4179 4026//4165 5261//4160
f 4245//4179 5261//4160 5262//4176
f 5263//4195 4288//4185 4245//4179
f 5263//4195 4245//4179 5262//4176
f 4300//4258 4388//4224 5264//4190
f 4300//4258 5264//4190 4301//5043
f 4246//5044 4301//5043 5264//4190
f 4246//5044 5264//4190 5265//4184
f 5266//4162 4029//5045 4246//5044
f 5266//4162 4246//5044 5265//4184
f 4029//5045 5266//4162 5267//4044
f 4029//5045 5267//4044 4074//5046
f 5268//4043 4184//4117 4074//5046
f 5268//4043 4074//5046 5267//4044
f 5269//4113 4154//4089 4184//4117
f 5269//4113 4184//4117 5268//4043
f 5270//4112 4118//4090 4154//4089
f 5270//4112 4154//4089 5269//4113
f 4253//4205 4309//4204 5273//4193
f 4253//4205 5273//4193 5274//4192
f 5275//4169 4034//4168 4253//4205
f 5275//4169 4253//4205 5274//4192
f 5276//4052 4082//4129 4034//4168
f 5276//4052 4034//4168 5275//4169
f 5277//4051 4176//4130 4082//4129
f 5277//4051 4082//4129 5276//4052
f 5278//4110 4134//4133 4176//4130
f 5278//4110 4176//4130 5277//4051
f 5279//4109 4135//4152 4134//4133
f 5279//4109 4134//4133 5278//4110
f 4135//4152 5279//4109 5280//4009
f 4135//4152 5280//4009 4164//5047
f 4292//4221 4400//4222 5282//4188
f 4292//4221 5282//4188 4293//4187
f 4252//4180 4293//4187 5282//4188
f 4252//4180 5282//4188 5283//4182
f 5284//4172 4175//4166 4252//4180
f 5284//4172 4252//4180 5283//4182
f 4194//5048 4314//5049 5232//5030
f 4194//5048 5232//5030 5231//5029
f 4043//5050 5286//5051 5285//5052
f 4043//5050 5285//5052 4194//5048
f 5285//5052 4315//5053 4314//5049
f 5285//5052 4314//5049 4194//5048
f 4315//5053 5285//5052 4038//4201
f 4315//5053 4038//4201 4317//4202
f 4317//4202 4318//4229 4316//5054
f 4317//4202 4316//5054 4315//5053
f 4381//4288 4379//4290 4316//5054
f 4381//4288 4316//5054 4318//4229
f 5286//5051 4039//4174 4038//4201
f 5286//5051 4038//4201 5285//5052
f 5225//5024 5224//5023 4305//5055
f 5225//5024 4305//5055 4114//5056
f 4035//5057 4042//5058 4312//5059
f 4035//5057 4312//5059 4324//5060
f 4305//5055 5291//5061 5290//5062
f 4305//5055 5290//5062 4114//5056
f 4306//5063 4337//4248 4375//4251
f 4306//5063 4375//4251 4311//5064
f 5291//5061 4312//5059 4042//5058
f 5291//5061 4042//5058 5290//5062
f 4306//5063 4311//5064 4312//5059
f 4306//5063 4312//5059 5291//5061
f 5295//4206 4035//5057 4324//5060
f 5295//4206 4324//5060 5294//4207
f 5296//4167 4041//5065 4035//5057
f 5296//4167 4035//5057 5295//4206
f 4041//5065 5296//4167 5297//4132
f 4041//5065 5297//4132 4085//5066
f 5298//4131 4178//5067 4085//5066
f 5298//4131 4085//5066 5297//4132
f 5299//4134 4133//5068 4178//5067
f 5299//4134 4178//5067 5298//4131
f 4378//5069 4365//4525 4409//4276
f 4378//5069 4409//4276 4410//4269
f 4310//5070 4378//5069 4410//4269
f 4310//5070 4410//4269 4411//4227
f 4818//4526 4819//5071 4815//4522
f 4818//4526 4815//4522 4814//4521
f 5273//4193 4309//4204 4310//5070
f 5273//4193 4310//5070 4411//4227
f 4149//5072 4150//5073 5305//4145
f 4149//5072 5305//4145 5306//4120
f 4149//5072 5306//4120 5307//4060
f 4149//5072 5307//4060 4181//4057
f 4086//4058 4181//4057 5307//4060
f 4086//4058 5307//4060 5308//4059
f 5309//4171 4037//4175 4086//4058
f 5309//4171 4086//4058 5308//4059
f 4255//4200 4037//4175 5309//4171
f 4255//4200 5309//4171 5310//4197
f 4320//4203 4255//4200 5310//4197
f 4320//4203 5310//4197 5311//4198
f 4319//4228 4320//4203 5311//4198
f 4319//4228 5311//4198 5312//4230
f 4184//4117 4186//4116 4077//5074
f 4184//4117 4077//5074 4074//5046
f 4076//5075 4185//4115 4188//4119
f 4076//5075 4188//4119 4079//5076
f 4079//5076 4188//4119 4187//4118
f 4079//5076 4187//4118 4078//4128
f 4076//5075 4079//5076 4031//5077
f 4076//5075 4031//5077 5314//5078
f 4030//5079 4029//5045 4074//5046
f 4030//5079 4074//5046 4077//5074
f 4032//4173 4031//5077 4079//5076
f 4032//4173 4079//5076 4078//4128
f 4249//5080 4031//5077 4032//4173
f 4249//5080 4032//4173 4250//4181
f 5314//5078 4031//5077 4249//5080
f 5314//5078 4249//5080 5315//5081
f 4029//5045 4030//5079 4248//5082
f 4029//5045 4248//5082 4246//5044
f 4250//4181 4295//4189 4297//5083
f 4250//4181 4297//5083 4249//5080
f 5315//5081 4249//5080 4297//5083
f 5315//5081 4297//5083 5316//5084
f 4299//5085 4301//5043 4246//5044
f 4299//5085 4246//5044 4248//5082
f 4296//5086 4297//5083 4295//4189
f 4296//5086 4295//4189 4294//4223
f 5316//5084 4297//5083 4296//5086
f 5316//5084 4296//5086 5317//5087
f 4300//4258 4301//5043 4299//5085
f 4300//4258 4299//5085 4298//5088
f 5317//5087 4296//5086 4370//5089
f 5317//5087 4370//5089 5318//5090
f 4359//5091 5318//5090 4370//5089
f 4359//5091 4370//5089 4357//5092
f 4369//5093 4368//4256 4300//4258
f 4369//5093 4300//4258 4298//5088
f 4369//5093 5318//5090 4359//5091
f 4369//5093 4359//5091 4392//4969
f 4392//4969 4391//4259 4368//4256
f 4392//4969 4368//4256 4369//5093
f 4371//4263 4370//5089 4296//5086
f 4371//4263 4296//5086 4294//4223
f 5033//4948 5035//4977 5036//5094
f 5033//4948 5036//5094 5032//4949
f 5022//5095 5036//5094 4359//5091
f 4392//4969 4359//5091 5036//5094
f 4392//4969 5036//5094 5035//4977
f 5016//4966 5022//5095 5020//4962
f 5016//4966 5020//4962 5026//4961
f 5022//5095 5016//4966 5032//4949
f 5022//5095 5032//4949 5036//5094
f 4359//5091 5024//5096 5022//5095
f 5020//4962 5022//5095 5027//4963
f 5022//5095 5024//5096 5027//4963
f 5027//4963 5024//5096 5028//4964
f 4357//5092 5028//4964 5024//5096
f 4357//5092 5024//5096 4359//5091
f 4077//5074 4076//5075 5314//5078
f 4077//5074 5314//5078 4030//5079
f 4185//4115 4076//5075 4077//5074
f 4185//4115 4077//5074 4186//4116
f 5315//5081 4248//5082 4030//5079
f 5315//5081 4030//5079 5314//5078
f 5316//5084 4299//5085 4248//5082
f 5316//5084 4248//5082 5315//5081
f 5317//5087 4298//5088 4299//5085
f 5317//5087 4299//5085 5316//5084
f 5318//5090 4369//5093 4298//5088
f 5318//5090 4298//5088 5317//5087
f 4339//4674 4413//4277 4414//4278
f 4339//4674 4414//4278 4336//5097
f 4304//5098 4336//5097 4414//4278
f 5223//5099 5222//5100 4336//5097
f 5223//5099 4336//5097 4304//5098
f 5222//5100 4340//4281 4415//5101
f 5148//5102 5147//5103 5092//4676
f 5148//5102 5092//4676 5093//4675
f 5093//4675 4339//4674 4415//5101
f 5093//4675 4415//5101 5148//5102
f 5147//5103 5148//5102 4415//5101
f 5147//5103 4415//5101 5095//5104
f 5147//5103 5095//5104 5094//4677
f 5147//5103 5094//4677 5092//4676
f 5094//4677 5095//5104 5111//4811
f 5094//4677 5111//4811 5107//4812
f 5112//4808 5111//4811 5095//5104
f 5112//4808 5095//5104 4637//4430
f 4340//4281 5074//4666 5095//5104
f 4340//4281 5095//5104 4415//5101
f 5074//4666 5061//4651 4637//4430
f 5074//4666 4637//4430 5095//5104
f 4340//4281 5222//5100 5223//5099
f 4340//4281 5223//5099 4256//4282
f 5223//5099 5224//5023 4257//5022
f 5223//5099 4257//5022 4256//4282
f 4304//5098 4305//5055 5224//5023
f 4304//5098 5224//5023 5223//5099
f 4306//5063 5291//5061 4305//5055
f 4306//5063 4305//5055 4304//5098
f 4306//5063 4304//5098 4414//4278
f 4306//5063 4414//4278 4337//4248
f 4339//4674 4336//5097 5222//5100
f 4339//4674 5222//5100 4415//5101
f 4289//5105 4290//4220 4291//4186
f 4289//5105 4291//4186 4288//4185
f 4289//5105 4374//5106 4373//4266
f 4289//5105 4373//4266 4290//4220
f 4374//5106 4289//5105 4406//4219
f 4374//5106 4406//4219 4405//4274
f 4922//5107 4921//4586 4920//4585
f 4922//5107 4920//4585 5398//5108
f 4921//4586 4922//5107 4924//5109
f 4921//4586 4924//5109 4925//4720
f 4288//4185 5263//4195 4406//4219
f 4288//4185 4406//4219 4289//5105
f 4356//5110 4371//4263 4401//4262
f 4356//5110 4401//4262 4402//5111
f 4372//4267 4355//4268 4402//5111
f 4372//4267 4402//5111 4401//4262
f 4981//4953 4984//5112 4993//4957
f 4981//4953 4982//4952 4976//4950
f 4981//4953 4976//4950 4984//5112
f 4984//5112 4992//5113 4988//4958
f 4984//5112 4988//4958 4993//4957
f 5019//4719 5018//4718 4984//5112
f 5019//4719 4984//5112 4976//4950
f 5025//4960 5021//4959 5023//5114
f 5025//4960 5023//5114 4984//5112
f 5018//4718 5015//4624 5017//4965
f 5018//4718 5017//4965 4984//5112
f 5025//4960 4984//5112 5017//4965
f 4987//5115 4990//4956 4989//4955
f 4987//5115 4989//4955 4988//4958
f 4987//5115 4988//4958 4992//5113
f 4987//5115 4992//5113 4991//5116
f 4357//5092 5023//5114 5021//4959
f 4357//5092 5021//4959 5028//4964
f 5023//5114 4357//5092 4991//5116
f 5023//5114 4991//5116 4992//5113
f 5023//5114 4992//5113 4984//5112
f 4991//5116 4356//5110 4987//5115
f 4356//5110 4402//5111 4987//5115
f 4357//5092 4370//5089 4371//4263
f 4357//5092 4371//4263 4356//5110
f 4990//4956 4987//5115 4402//5111
f 4990//4956 4402//5111 4355//4268
f 4991//5116 4357//5092 4356//5110
f 4220//4150 4219//5117 4215//5118
f 4220//4150 4215//5118 4216//4140
f 4215//5118 4217//5119 4218//4137
f 4215//5118 4218//4137 4216//4140
f 4217//5119 4223//5120 4224//4138
f 4217//5119 4224//4138 4218//4137
f 4222//4143 4224//4138 4223//5120
f 4222//4143 4223//5120 4221//5121
f 5319//5122 4217//5119 4215//5118
f 5319//5122 4215//5118 5320//5123
f 5320//5123 4215//5118 4219//5117
f 5320//5123 4219//5117 5321//5124
f 5322//5125 4221//5121 4223//5120
f 5322//5125 4223//5120 5323//5126
f 5323//5126 4223//5120 4217//5119
f 5323//5126 4217//5119 5319//5122
f 5321//5124 4219//5117 4225//5127
f 5321//5124 4225//5127 5324//5128
f 4221//5121 4229//5129 4230//4147
f 4221//5121 4230//4147 4222//4143
f 4229//5129 4231//4156 4230//4147
f 5325//5130 4229//5129 4221//5121
f 5325//5130 4221//5121 5322//5125
f 4231//4156 4229//5129 4239//5131
f 4226//5132 4225//5127 4219//5117
f 4226//5132 4219//5117 4220//4150
f 5324//5128 4225//5127 4228//5133
f 5324//5128 4228//5133 5326//5134
f 4227//5135 4228//5133 4225//5127
f 4227//5135 4225//5127 4226//5132
f 4239//5131 4214//4157 4213//4154
f 4239//5131 4213//4154 4231//4156
f 4009//4158 4214//4157 4238//5136
f 4238//5136 4214//4157 4239//5131
f 4238//5136 4229//5129 5325//5130
f 4239//5131 4229//5129 4238//5136
f 5326//5134 4228//5133 4232//5137
f 5326//5134 4232//5137 5327//5138
f 4242//5139 4232//5137 4228//5133
f 4242//5139 4228//5133 4227//5135
f 5327//5138 4232//5137 4233//5140
f 4243//5141 4233//5140 4232//5137
f 4243//5141 4232//5137 4242//5139
f 4241//5142 4233//5140 4243//5141
f 5327//5138 4233//5140 5329//5143
f 4932//4695 5219//4971 5220//5144
f 4932//4695 5220//5144 4933//4934
f 4957//5145 4953//4938 4960//4936
f 4957//5145 4960//4936 4933//4934
f 5220//5144 5221//5146 4957//5145
f 5220//5144 4957//5145 4933//4934
f 4901//4708 4892//4572 4893//4573
f 4901//4708 4893//4573 4895//5147
f 5033//4948 5029//4627 5034//5148
f 5033//4948 5034//5148 4893//4573
f 4998//4992 5034//5148 5029//4627
f 4998//4992 5029//4627 5030//4629
f 4895//5147 4893//4573 5034//5148
f 4279//4214 4345//4851 4344//5149
f 4279//4214 4344//5149 4277//4215
f 4519//5150 4520//5151 4341//5152
f 4519//5150 4341//5152 4344//5149
f 4522//4711 4523//4710 4344//5149
f 4522//4711 4344//5149 4345//4851
f 4519//5150 4521//5153 4520//5151
f 4521//5153 5114//4866 4520//5151
f 4520//5151 5114//4866 5113//4867
f 5113//4867 4398//5154 4341//5152
f 5113//4867 4341//5152 4520//5151
f 5115//4713 4518//4857 4344//5149
f 5115//4713 4344//5149 4523//4710
f 4344//5149 4518//4857 4519//5150
f 4519//5150 4518//4857 4521//5153
f 4518//4857 5114//4866 4521//5153
f 4513//4864 4398//5154 5113//4867
f 4398//5154 4513//4864 5129//4865
f 4398//5154 5129//4865 5130//4868
f 5131//4860 4503//4921 4512//5155
f 5131//4860 4512//5155 4510//4861
f 5149//5156 4512//5155 4503//4921
f 5149//5156 4503//4921 5156//4926
f 5156//4926 5155//4925 5150//4928
f 5156//4926 5150//4928 5149//5156
f 5130//4868 4399//5157 4398//5154
f 5130//4868 4510//4861 4512//5155
f 5130//4868 4512//5155 4399//5157
f 5149//5156 5153//5158 4399//5157
f 5149//5156 4399//5157 4512//5155
f 5150//4928 5154//4994 5153//5158
f 5150//4928 5153//5158 5149//5156
f 4399//5157 4341//5152 4398//5154
f 4102//5159 4021//4019 4016//4014
f 4102//5159 4016//4014 4097//4064
f 4071//5160 4102//5159 4097//4064
f 4071//5160 4097//4064 4063//4032
f 4070//5161 4071//5160 4063//4032
f 4070//5161 4063//4032 4061//4031
f 4061//4031 4276//4075 4274//5162
f 4061//4031 4274//5162 4070//5161
f 5331//5163 4274//5162 4275//5164
f 5331//5163 4275//5164 4328//5165
f 5331//5163 5332//5166 4070//5161
f 5331//5163 4070//5161 4274//5162
f 4101//5167 4023//4231 4021//4019
f 4101//5167 4021//4019 4102//5159
f 4101//5167 4102//5159 4071//5160
f 4101//5167 4071//5160 4069//5168
f 4069//5168 4071//5160 4070//5161
f 4069//5168 4070//5161 5332//5166
f 4025//4233 4022//4232 4100//5169
f 4025//4233 4100//5169 4099//4239
f 4100//5169 4022//4232 4023//4231
f 4100//5169 4023//4231 4101//5167
f 4068//5170 4326//4726 4329//4749
f 4331//4727 4326//4726 4068//5170
f 4331//4727 4068//5170 4069//5168
f 4068//5170 4100//5169 4101//5167
f 4068//5170 4101//5167 4069//5168
f 4273//5171 5208//4993 5209//4750
f 4273//5171 5209//4750 5204//5172
f 5208//4993 4273//5171 5154//4994
f 4066//4240 4099//4239 4100//5169
f 4066//4240 4100//5169 4068//5170
f 4068//5170 4329//4749 4330//4748
f 4068//5170 4330//4748 4066//4240
f 4274//5162 4276//4075 4277//4215
f 4274//5162 4277//4215 4275//5164
f 4277//4215 4344//5149 4341//5152
f 4277//4215 4341//5152 4275//5164
f 4399//5157 4328//5165 4275//5164
f 4399//5157 4275//5164 4341//5152
f 4328//5165 4399//5157 4273//5171
f 4399//5157 5153//5158 5154//4994
f 4399//5157 5154//4994 4273//5171
f 4237//5173 4233//5140 4241//5142
f 4235//5174 4242//5139 4227//5135
f 4235//5174 4227//5135 4240//5175
f 5300//4153 4137//5176 4133//5068
f 5300//4153 4133//5068 5299//4134
f 4234//5177 4235//5174 4138//5178
f 4242//5139 4235//5174 4234//5177
f 4242//5139 4234//5177 4243//5141
f 4234//5177 4236//5179 4241//5142
f 4234//5177 4241//5142 4243//5141
f 4241//5142 4236//5179 4237//5173
f 4152//4146 4169//5180 4168//5181
f 4152//4146 4168//5181 4153//4111
f 5305//4145 5304//5182 4169//5180
f 5305//4145 4169//5180 4152//4146
f 4150//5073 4167//4155 5304//5182
f 4150//5073 5304//5182 5305//4145
f 5328//5183 5329//5143 4233//5140
f 5328//5183 4233//5140 4237//5173
f 4118//4090 4156//5184 4155//3996
f 4118//4090 4155//3996 4117//4091
f 4153//4111 4168//5181 5271//5185
f 4153//4111 5271//5185 5270//4112
f 5270//4112 5271//5185 4156//5184
f 5270//4112 4156//5184 4118//4090
f 3997//5186 4168//5181 4169//5180
f 3997//5186 4169//5180 4006//5187
f 5304//5182 5303//5188 4006//5187
f 5304//5182 4006//5187 4169//5180
f 4167//4155 4010//4159 5303//5188
f 4167//4155 5303//5188 5304//5182
f 4164//5047 5280//4009 5281//4008
f 4164//5047 5281//4008 4005//5189
f 3999//3997 4155//3996 4156//5184
f 3999//3997 4156//5184 3998//5190
f 5272//5191 5271//5185 4168//5181
f 5272//5191 4168//5181 3997//5186
f 3998//5190 4156//5184 5271//5185
f 3998//5190 5271//5185 5272//5191
f 4896//4707 4901//4708 4895//5147
f 4896//4707 4895//5147 4894//5192
f 4951//4989 4955//5193 4956//4990
f 4951//4989 4956//4990 4954//4939
f 5034//5148 4955//5193 4894//5192
f 5034//5148 4894//5192 4895//5147
f 4882//4565 4884//4566 4885//5194
f 4882//4565 4885//5194 4886//4706
f 4884//4566 4891//4567 4897//4709
f 4884//4566 4897//4709 4885//5194
f 4952//4988 4953//4938 4957//5145
f 4952//4988 4957//5145 4958//5195
f 4897//4709 4896//4707 4894//5192
f 4897//4709 4894//5192 4885//5194
f 4958//5195 4955//5193 4951//4989
f 4958//5195 4951//4989 4952//4988
f 4885//5194 4894//5192 4955//5193
f 4885//5194 4955//5193 4958//5195
f 4875//4557 4874//4560 4878//5196
f 4875//4557 4878//5196 4879//5197
f 4869//5198 4870//5199 4866//5200
f 4869//5198 4866//5200 4868//5201
f 4868//5201 4875//4557 4879//5197
f 4868//5201 4879//5197 4869//5198
f 4869//5198 5346//4967 4871//5202
f 4869//5198 4871//5202 4870//5199
f 4820//4523 5345//4968 4817//5203
f 4820//4523 4817//5203 4821//4524
f 4816//4527 4814//4521 4821//4524
f 4816//4527 4821//4524 4817//5203
f 4828//4532 4823//4531 4816//4527
f 4828//4532 4816//4527 4817//5203
f 5345//4968 5346//4967 4869//5198
f 5345//4968 4869//5198 4817//5203
f 4829//4533 4828//4532 4817//5203
f 4829//4533 4817//5203 4825//5204
f 4824//4970 4822//4528 4829//4533
f 4824//4970 4829//4533 4825//5204
f 5220//5144 5219//4971 4824//4970
f 5220//5144 4824//4970 4825//5204
f 4825//5204 5221//5146 5220//5144
f 4879//5197 4878//5196 4877//5205
f 4879//5197 4877//5205 4869//5198
f 4887//4705 4886//4706 4885//5194
f 4887//4705 4885//5194 4877//5205
f 4874//4560 4876//4561 4877//5205
f 4874//4560 4877//5205 4878//5196
f 4876//4561 4883//4562 4887//4705
f 4876//4561 4887//4705 4877//5205
f 5330//5206 5221//5146 4825//5204
f 5330//5206 4825//5204 4869//5198
f 5330//5206 4869//5198 4877//5205
f 5330//5206 4958//5195 4957//5145
f 5330//5206 4957//5145 5221//5146
f 4877//5205 4885//5194 4958//5195
f 4877//5205 4958//5195 5330//5206
f 4825//5204 4817//5203 4869//5198
f 4382//5207 5313//5208 5312//4230
f 4382//5207 5312//4230 4321//4226
f 4364//5209 4383//5210 5313//5208
f 4367//4253 4382//5207 4321//4226
f 4367//4253 4321//4226 4302//4225
f 4367//4253 4363//4255 4387//5211
f 4367//4253 4387//5211 4382//5207
f 4383//5210 4847//4285 4384//4284
f 4383//5210 4384//4284 5313//5208
f 4319//4228 5312//4230 5313//5208
f 4319//4228 5313//5208 4384//4284
f 4383//5210 4859//4555 4858//4554
f 4383//5210 4858//4554 4847//4285
f 4364//5209 4865//4765 4864//4764
f 4364//5209 4864//4764 4383//5210
f 4870//5199 4871//5202 4867//5212
f 4870//5199 4867//5212 4866//5200
f 4867//5212 4872//5213 4873//5214
f 4867//5212 4873//5214 4866//5200
f 4872//5213 4867//5212 4862//5215
f 4872//5213 4862//5215 4364//5209
f 4387//5211 4873//5214 4872//5213
f 4387//5211 4872//5213 4364//5209
f 4868//5201 4866//5200 4873//5214
f 4868//5201 4873//5214 4387//5211
f 4880//4558 4875//4557 4868//5201
f 4880//4558 4868//5201 4387//5211
f 4363//4255 4881//4559 4880//4558
f 4363//4255 4880//4558 4387//5211
f 4862//5215 4860//4766 4865//4765
f 4862//5215 4865//4765 4364//5209
f 4854//4770 4852//4556 4859//4555
f 4854//4770 4859//4555 4383//5210
f 4864//4764 4861//4763 4854//4770
f 4864//4764 4854//4770 4383//5210
f 4862//5215 4867//5212 4871//5202
f 4862//5215 4871//5202 5346//4967
f 4860//4766 4862//5215 5346//4967
f 4860//4766 5346//4967 4863//4768
f 4382//5207 4387//5211 4364//5209
f 4382//5207 4364//5209 5313//5208
f 4682//5216 4683//5217 4670//4443
f 4682//5216 4670//4443 4671//4442
f 4589//4899 4575//4901 4543//5218
f 4590//4900 4586//5219 4585//4647
f 4590//4900 4585//4647 4582//4897
f 5056//4646 5052//4640 5054//4644
f 5056//4646 5054//4644 4586//5219
f 5055//4645 5053//4643 4585//4647
f 5055//4645 4585//4647 4586//5219
f 4586//5219 5054//4644 5055//4645
f 5124//4882 4543//5218 4575//4901
f 5124//4882 4575//4901 5123//4880
f 4543//5218 4586//5219 4590//4900
f 4543//5218 4590//4900 4589//4899
f 4601//4399 4594//4398 4598//4405
f 4601//4399 4598//4405 4599//5220
f 4602//4400 4601//4399 4599//5220
f 4602//4400 4599//5220 4600//4406
f 4682//5216 4671//4442 4600//4406
f 4682//5216 4600//4406 4599//5220
f 4679//5221 4683//5217 4682//5216
f 4679//5221 4682//5216 4599//5220
f 4675//5005 4670//4443 4683//5217
f 4675//5005 4683//5217 4679//5221
f 5056//4646 4586//5219 4599//5220
f 5056//4646 4599//5220 4598//4405
f 4538//4855 4539//5222 4534//4353
f 4538//4855 4534//4353 4532//4352
f 4677//5007 4675//5005 4679//5221
f 4541//5006 4539//5222 4538//4855
f 4677//5007 4679//5221 4539//5222
f 4677//5007 4539//5222 4541//5006
f 4586//5219 4543//5218 4539//5222
f 4539//5222 4679//5221 4599//5220
f 4539//5222 4599//5220 4586//5219
f 4534//4353 4539//5222 4543//5218
f 4534//4353 4543//5218 5124//4882
f 5232//5030 4314//5049 4313//5223
f 5232//5030 4313//5223 4395//5224
f 4313//5223 4380//4292 4394//5225
f 4313//5223 4394//5225 4395//5224
f 4380//4292 4354//4291 4393//4460
f 4380//4292 4393//4460 4394//5225
f 4710//5226 4711//5227 4707//5228
f 4710//5226 4707//5228 4706//5229
f 4286//5031 5232//5030 4395//5224
f 4286//5031 4395//5224 4287//5230
f 5234//4073 4286//5031 4287//5230
f 5234//4073 4287//5230 5233//4216
f 4314//5049 4315//5053 4316//5054
f 4314//5049 4316//5054 4313//5223
f 4313//5223 4316//5054 4379//4290
f 4313//5223 4379//4290 4380//4292
f 4353//5231 4287//5230 5333//5232
f 5333//5232 4287//5230 4395//5224
f 5333//5232 4395//5224 4394//5225
f 4353//5231 5218//4260 5233//4216
f 4353//5231 5233//4216 4287//5230
f 4727//4469 4731//5018 4730//5233
f 4727//4469 4730//5233 4726//4466
f 4731//5018 4738//5020 4739//5234
f 4731//5018 4739//5234 4730//5233
f 4709//5235 4739//5234 4738//5020
f 4709//5235 4738//5020 4736//5017
f 4688//5013 4689//5012 4709//5235
f 4688//5013 4709//5235 4736//5017
f 4353//5231 4707//5228 4711//5227
f 4353//5231 4711//5227 4709//5235
f 4709//5235 4689//5012 5218//4260
f 4709//5235 5218//4260 4353//5231
f 4742//4475 4746//5236 4747//5237
f 4742//4475 4747//5237 4741//4472
f 4712//5238 4393//4460 4714//5239
f 4712//5238 4714//5239 4715//5240
f 4714//5239 4720//4457 4719//4456
f 4714//5239 4719//4456 4718//4459
f 4708//5241 4732//4471 4726//4466
f 4708//5241 4726//4466 4730//5233
f 4746//5236 4742//4475 4732//4471
f 4746//5236 4732//4471 4708//5241
f 4714//5239 4747//5237 4746//5236
f 4714//5239 4746//5236 4708//5241
f 4714//5239 4743//4817 4741//4472
f 4714//5239 4741//4472 4747//5237
f 4393//4460 4717//4458 4720//4457
f 4393//4460 4720//4457 4714//5239
f 4718//4459 4754//4780 4753//4782
f 4718//4459 4753//4782 4714//5239
f 4743//4817 4714//5239 4753//4782
f 4743//4817 4753//4782 4749//4781
f 4396//5242 4394//5225 4393//4460
f 4710//5226 4706//5229 4396//5242
f 4710//5226 4396//5242 4708//5241
f 4396//5242 4706//5229 4707//5228
f 4396//5242 4707//5228 4353//5231
f 4715//5240 5334//5243 4713//5244
f 4715//5240 4713//5244 4712//5238
f 4712//5238 4713//5244 4396//5242
f 4712//5238 4396//5242 4393//4460
f 4711//5227 4710//5226 4708//5241
f 4711//5227 4708//5241 4709//5235
f 4709//5235 4708//5241 4730//5233
f 4709//5235 4730//5233 4739//5234
f 5333//5232 4396//5242 4353//5231
f 4394//5225 4396//5242 5333//5232
f 4713//5244 5334//5243 4708//5241
f 4713//5244 4708//5241 4396//5242
f 5334//5243 4715//5240 4714//5239
f 5334//5243 4714//5239 4708//5241
f 5207//4753 5210//4752 5211//4924
f 5207//4753 5211//4924 5206//5245
f 5160//4759 5167//4758 5171//5246
f 5171//5246 5206//5245 5211//4924
f 5171//5246 5211//4924 5170//4923
f 5157//4755 5160//4759 5171//5246
f 5157//4755 5171//5246 5170//4923
f 5204//5172 5209//4750 5207//4753
f 5204//5172 5207//4753 5202//5247
f 4272//5248 4273//5171 5204//5172
f 4272//5248 5204//5172 5202//5247
f 4273//5171 4272//5248 5331//5163
f 4273//5171 5331//5163 4328//5165
f 5202//5247 5207//4753 5206//5245
f 5202//5247 5206//5245 5203//5249
f 4069//5168 4327//5250 4331//4727
f 4327//5250 5166//4757 5165//4729
f 4327//5250 5165//4729 4331//4727
f 5203//5249 5206//5245 5171//5246
f 5203//5249 5171//5246 4327//5250
f 5171//5246 5167//4758 4327//5250
f 5166//4757 4327//5250 5167//4758
f 5332//5166 5331//5163 4272//5248
f 5332//5166 4272//5248 4327//5250
f 5332//5166 4327//5250 4069//5168
f 4272//5248 5202//5247 5203//5249
f 4272//5248 5203//5249 4327//5250
f 4265//4212 4264//4085 4266//4084
f 4265//4212 4266//4084 4267//5251
f 4268//4238 4269//5252 4267//5251
f 4268//4238 4267//5251 4266//4084
f 4333//5001 4269//5252 4268//4238
f 4333//5001 4268//4238 4332//4242
f 4265//4212 4267//5251 4343//4318
f 4265//4212 4343//4318 4346//4283
f 4422//5253 4343//4318 4267//5251
f 4422//5253 4267//5251 4269//5252
f 4422//5253 4269//5252 4342//5254
f 4423//4338 4424//5255 4269//5252
f 4423//4338 4269//5252 4333//5001
f 4422//5253 4459//4321 4458//4320
f 4422//5253 4458//4320 4343//4318
f 4422//5253 4457//4908 4456//4322
f 4422//5253 4456//4322 4459//4321
f 4481//4326 4479//4325 4457//4908
f 4481//4326 4457//4908 4422//5253
f 4342//5254 4482//4327 4481//4326
f 4342//5254 4481//4326 4422//5253
f 4484//4329 4483//4332 4494//5256
f 4484//4329 4494//5256 4495//5257
f 4423//4338 4490//4330 4484//4329
f 4423//4338 4484//4329 4424//5255
f 4495//5257 4342//5254 4424//5255
f 4495//5257 4424//5255 4484//4329
f 4476//4340 4478//4717 4477//4886
f 4476//4340 4477//4886 4465//5258
f 4480//4328 4482//4327 4342//5254
f 4480//4328 4342//5254 4465//5258
f 4457//4908 4479//4325 4480//4328
f 4457//4908 4480//4328 4465//5258
f 4342//5254 4494//5256 4465//5258
f 4342//5254 4495//5257 4494//5256
f 4477//4886 4469//4885 4473//4913
f 4477//4886 4473//4913 4465//5258
f 4468//4911 4467//4910 4465//5258
f 4468//4911 4465//5258 4466//4912
f 4457//4908 4465//5258 4467//4910
f 4494//5256 4476//4340 4465//5258
f 4483//4332 4476//4340 4494//5256
f 4342//5254 4269//5252 4424//5255
f 4915//4582 5399//5259 5398//5108
f 4915//4582 5398//5108 4920//4585
f 4915//4582 4950//4701 4949//4702
f 4915//4582 4949//4702 5399//5259
f 4968//5260 4964//4607 4962//4605
f 4968//5260 4962//4605 4966//5261
f 4995//5262 4994//4991 4997//4947
f 4995//5262 4997//4947 4996//5263
f 4949//4702 4946//4599 4948//5264
f 4949//4702 4948//5264 5399//5259
f 5003//5265 4968//5260 5000//5266
f 5003//5265 5000//5266 4996//5263
f 5003//5265 4996//5263 4997//4947
f 5003//5265 4997//4947 5002//4946
f 4948//5264 4946//4599 4943//4598
f 4948//5264 4943//4598 4947//4935
f 4963//4606 4964//4607 4968//5260
f 4963//4606 4968//5260 4967//4940
f 4968//5260 5003//5265 5002//4946
f 4968//5260 5002//4946 4967//4940
f 5000//5266 5335//5267 4948//5264
f 5000//5266 4948//5264 4947//4935
f 4995//5262 4996//5263 5000//5266
f 4995//5262 5000//5266 5001//5268
f 4998//4992 4994//4991 4995//5262
f 4998//4992 4995//5262 5001//5268
f 5001//5268 5000//5266 4947//4935
f 5001//5268 4947//4935 4956//4990
f 4407//5269 4374//5106 4405//4274
f 4407//5269 4405//4274 4404//4273
f 4374//5106 4361//5270 4403//4264
f 4374//5106 4403//4264 4373//4266
f 4923//5271 4922//5107 5398//5108
f 4923//5271 5398//5108 5399//5259
f 4925//4720 4924//5109 4407//5269
f 4925//4720 4407//5269 4404//4273
f 4403//4264 4361//5270 4969//4603
f 4361//5270 4970//4604 4969//4603
f 4924//5109 4922//5107 4923//5271
f 4924//5109 4923//5271 4407//5269
f 5335//5267 5336//5272 5399//5259
f 5335//5267 5399//5259 4948//5264
f 5336//5272 5337//5273 5399//5259
f 5337//5273 4923//5271 5399//5259
f 4923//5271 4966//5261 4361//5270
f 4923//5271 4361//5270 4407//5269
f 4966//5261 4962//4605 4970//4604
f 4966//5261 4970//4604 4361//5270
f 4407//5269 4361//5270 4374//5106
f 5034//5148 4998//4992 5001//5268
f 5001//5268 4956//4990 4955//5193
f 5001//5268 4955//5193 5034//5148
f 5335//5267 5000//5266 4968//5260
f 5336//5272 5335//5267 4968//5260
f 5337//5273 5336//5272 4968//5260
f 5337//5273 4968//5260 4966//5261
f 4923//5271 5337//5273 4966//5261
f 4311//5064 4323//5274 4324//5060
f 4311//5064 4324//5060 4312//5059
f 4385//5275 4375//4251 4376//4250
f 4385//5275 4376//4250 4386//5276
f 4311//5064 4375//4251 4385//5275
f 4311//5064 4385//5275 4323//5274
f 4811//4517 4801//5277 4800//4514
f 4811//4517 4800//4514 4808//4518
f 4803//4979 4798//4512 4800//4514
f 4803//4979 4800//4514 4801//5277
f 4804//4978 4803//4979 4801//5277
f 4804//4978 4801//5277 4792//4986
f 4792//4986 4386//5276 4783//4985
f 4792//4986 4801//5277 4386//5276
f 4783//4985 4386//5276 4376//4250
f 4309//4204 5294//4207 5293//5278
f 4309//4204 5293//5278 4310//5070
f 4310//5070 5293//5278 5292//5279
f 4310//5070 5292//5279 4378//5069
f 4378//5069 5292//5279 4366//5280
f 4378//5069 4366//5280 4365//4525
f 4810//4516 4807//4515 4809//5281
f 4810//4516 4809//5281 4366//5280
f 4366//5280 4801//5277 4811//4517
f 4366//5280 4811//4517 4810//4516
f 4365//4525 4366//5280 4819//5071
f 4365//4525 4819//5071 4818//4526
f 4809//5281 4815//4522 4819//5071
f 4809//5281 4819//5071 4366//5280
f 4366//5280 4386//5276 4801//5277
f 4385//5275 4366//5280 5292//5279
f 5293//5278 4323//5274 4385//5275
f 5293//5278 4385//5275 5292//5279
f 5294//4207 4324//5060 4323//5274
f 5294//4207 4323//5274 5293//5278
f 4366//5280 4385//5275 4386//5276
f 4220//4150 4204//4149 4209//5282
f 4220//4150 4209//5282 4226//5132
f 4209//5282 4204//4149 4203//4151
f 4209//5282 4203//4151 4211//5283
f 4209//5282 4197//5284 4240//5175
f 4240//5175 4227//5135 4226//5132
f 4240//5175 4226//5132 4209//5282
f 4240//5175 4197//5284 4138//5178
f 4240//5175 4138//5178 4235//5174
f 5345//4968 4820//4523 4815//4522
f 5345//4968 4815//4522 4809//5281
f 5345//4968 4809//5281 4807//4515
f 5345//4968 4807//4515 4813//4520
f 5345//4968 4813//4520 4812//4519
f 5345//4968 4812//4519 4802//4513
f 5346//4967 4855//4767 5213//4769
f 5346//4967 5213//4769 4863//4768
f 5382//5285 5383//5025 5348//5027
f 5382//5285 5348//5027 5347//5286
f 4137//5176 4138//5178 4136//5287
f 4137//5176 4136//5287 4133//5068
f 4211//5283 4205//5288 4197//5284
f 4211//5283 4197//5284 4209//5282
f 4205//5288 4136//5287 4138//5178
f 4205//5288 4138//5178 4197//5284
f 5338//5289 4205//5288 4211//5283
f 5338//5289 4211//5283 4210//5290
f 5349//5291 4136//5287 4205//5288
f 4205//5288 5338//5289 4139//5292
f 5349//5291 4205//5288 4139//5292
f 5344//5293 5380//5294 5228//5295
f 4179//4056 4145//5296 4149//5072
f 4179//4056 4149//5072 4181//4057
f 4208//4144 4198//5297 4207//4135
f 4150//5073 4149//5072 4145//5296
f 4150//5073 4145//5296 4147//5298
f 4147//5298 4198//5297 4208//4144
f 4147//5298 4208//4144 4166//4148
f 4147//5298 4166//4148 4167//4155
f 4147//5298 4167//4155 4150//5073
f 4207//4135 4206//5299 4200//4141
f 4207//4135 4200//4141 4201//4136
f 4146//5300 4198//5297 4147//5298
f 4146//5300 4147//5298 4145//5296
f 4198//5297 4146//5300 4206//5299
f 4198//5297 4206//5299 4207//4135
f 5414//5301 5426//5302 5412//5303
f 5414//5301 5416//5304 5426//5302
f 4133//5068 4136//5287 4177//5305
f 4133//5068 4177//5305 4178//5067
f 4145//5296 4179//4056 4180//5306
f 4145//5296 4180//5306 4146//5300
f 4203//4151 4140//4142 4141//5307
f 4203//4151 4141//5307 4202//5308
f 4202//5308 4141//5307 4142//5309
f 4202//5308 4142//5309 5404//5310
f 4210//5290 4202//5308 5404//5310
f 4211//5283 4203//4151 4202//5308
f 4211//5283 4202//5308 4210//5290
f 5407//5311 5404//5310 4142//5309
f 4210//5290 5404//5310 5408//5312
f 4210//5290 5408//5312 5338//5289
f 4200//4141 4144//5313 4141//5307
f 4200//4141 4141//5307 4140//4142
f 5400//5314 5402//5315 5418//5316
f 5413//5317 5409//5318 5405//5319
f 5413//5317 5405//5319 5415//5320
f 5415//5320 5414//5301 5412//5303
f 5415//5320 5412//5303 5413//5317
f 5404//5310 5405//5319 5409//5318
f 5404//5310 5409//5318 5408//5312
f 5495//5321 5442//5322 5381//5323
f 5495//5321 5381//5323 5494//5324
f 5430//5325 5413//5317 5412//5303
f 5428//5326 5430//5325 5412//5303
f 5428//5326 5412//5303 5426//5302
f 5457//5327 5458//5328 5453//5329
f 5457//5327 5453//5329 5448//5330
f 4042//5058 4035//5057 4041//5065
f 4042//5058 4041//5065 4040//5331
f 4042//5058 4040//5331 5289//5332
f 4042//5058 5289//5332 5290//5062
f 4136//5287 5349//5291 5350//5333
f 4136//5287 5350//5333 4177//5305
f 4040//5331 4041//5065 4085//5066
f 4040//5331 4085//5066 4084//5334
f 4178//5067 4177//5305 4084//5334
f 4178//5067 4084//5334 4085//5066
f 4177//5305 5350//5333 4084//5334
f 5350//5333 5436//5335 4084//5334
f 4084//5334 5436//5335 4105//5336
f 4084//5334 4105//5336 4040//5331
f 5288//5337 5289//5332 4040//5331
f 5288//5337 4040//5331 4105//5336
f 5413//5317 5430//5325 5431//5338
f 5413//5317 5431//5338 5435//5339
f 5431//5338 5459//5340 5435//5339
f 5454//5341 5456//5342 5432//5343
f 5454//5341 5432//5343 5431//5338
f 5454//5341 5431//5338 5430//5325
f 5454//5341 5430//5325 5428//5326
f 5458//5328 5454//5341 5453//5329
f 5456//5342 5458//5328 5457//5327
f 5456//5342 5457//5327 5455//5344
f 5454//5341 5458//5328 5456//5342
f 5411//5345 4139//5292 5410//5346
f 5410//5346 5409//5318 5433//5347
f 5410//5346 5433//5347 5411//5345
f 5409//5318 5410//5346 5408//5312
f 5411//5345 5350//5333 5349//5291
f 5411//5345 5349//5291 4139//5292
f 5434//5348 5436//5335 5350//5333
f 5434//5348 5350//5333 5411//5345
f 5409//5318 5413//5317 5435//5339
f 5409//5318 5435//5339 5433//5347
f 5432//5343 5436//5335 5434//5348
f 5459//5340 5460//5349 5433//5347
f 5459//5340 5433//5347 5435//5339
f 5456//5342 4105//5336 5436//5335
f 5456//5342 5436//5335 5432//5343
f 5455//5344 4105//5336 5456//5342
f 4139//5292 5338//5289 5408//5312
f 4139//5292 5408//5312 5410//5346
f 5434//5348 5411//5345 5460//5349
f 5460//5349 5411//5345 5433//5347
f 5459//5340 5431//5338 5432//5343
f 5460//5349 5459//5340 5432//5343
f 5460//5349 5432//5343 5434//5348
f 5491//5350 5351//5351 5487//5352
f 5491//5350 5487//5352 5488//5353
f 5489//5354 5490//5355 5491//5350
f 5489//5354 5491//5350 5488//5353
f 4206//5299 5397//5356 4144//5313
f 4206//5299 4144//5313 4200//4141
f 4206//5299 4146//5300 5396//5357
f 4206//5299 5396//5357 5397//5356
f 5396//5357 4146//5300 4180//5306
f 4144//5313 5359//5358 4142//5309
f 4144//5313 4142//5309 4141//5307
f 5397//5356 5359//5358 4144//5313
f 5360//5359 5364//5360 5429//5361
f 5360//5359 5429//5361 5359//5358
f 5360//5359 5359//5358 5397//5356
f 5360//5359 5397//5356 5396//5357
f 5359//5358 5429//5361 5407//5311
f 5359//5358 5407//5311 4142//5309
f 5417//5362 5366//5363 5418//5316
f 5396//5357 4180//5306 5437//5364
f 5396//5357 5437//5364 5473//5365
f 5360//5359 5473//5365 5440//5366
f 5360//5359 5440//5366 5364//5360
f 5364//5360 5440//5366 5439//5367
f 5364//5360 5439//5367 5417//5362
f 5417//5362 5439//5367 5438//5368
f 5417//5362 5438//5368 5366//5363
f 5396//5357 5473//5365 5360//5359
f 5440//5366 5473//5365 5437//5364
f 5440//5366 5437//5364 5474//5369
f 5474//5369 5475//5370 5439//5367
f 5474//5369 5439//5367 5440//5366
f 4115//5371 4180//5306 4179//4056
f 4115//5371 4179//4056 4087//4055
f 5437//5364 4180//5306 4115//5371
f 5475//5370 5474//5369 5437//5364
f 5475//5370 5437//5364 5441//5372
f 5438//5368 5439//5367 5475//5370
f 5438//5368 5475//5370 5441//5372
f 5441//5372 5437//5364 4115//5371
f 5358//5373 5400//5314 5418//5316
f 5358//5373 5418//5316 5366//5363
f 5438//5368 5358//5373 5366//5363
f 5400//5314 5358//5373 5401//5374
f 4103//5375 4115//5371 4087//4055
f 4103//5375 4087//4055 4039//4174
f 4103//5375 5441//5372 4115//5371
f 5438//5368 5441//5372 5468//5376
f 5438//5368 5468//5376 5358//5373
f 5468//5376 5441//5372 4103//5375
f 5480//5377 5401//5374 5358//5373
f 5480//5377 5358//5373 5468//5376
f 5480//5377 5468//5376 5478//5378
f 5479//5379 5480//5377 5478//5378
f 5479//5379 5478//5378 5477//5380
f 5287//5381 4103//5375 4039//4174
f 5287//5381 4039//4174 5286//5051
f 5228//5295 5380//5294 5487//5352
f 5228//5295 5487//5352 5351//5351
f 5497//5382 5496//5383 5361//5384
f 5501//5385 5500//5386 5379//5387
f 5496//5383 5507//5388 5361//5384
f 5559//5389 5558//5390 5551//5391
f 5559//5389 5551//5391 5550//5392
f 5383//5025 5382//5285 5549//5393
f 5382//5285 5452//5394 5550//5392
f 5382//5285 5550//5392 5549//5393
f 5442//5322 5495//5321 5551//5391
f 5442//5322 5551//5391 5557//5395
f 5511//5396 5510//5397 5558//5390
f 5511//5396 5558//5390 5559//5389
f 5452//5394 5511//5396 5559//5389
f 5452//5394 5559//5389 5550//5392
f 5536//5398 5537//5399 5538//5400
f 5536//5398 5538//5400 5445//5401
f 5536//5398 5445//5401 5483//5402
f 5443//5403 5464//5404 5538//5400
f 5443//5403 5538//5400 5537//5399
f 5443//5403 5465//5405 5508//5406
f 5443//5403 5508//5406 5509//5407
f 5465//5405 5443//5403 5537//5399
f 5465//5405 5537//5399 5527//5408
f 5567//5409 5465//5405 5527//5408
f 5567//5409 5568//5410 5508//5406
f 5567//5409 5508//5406 5465//5405
f 5536//5398 5444//5411 5372//5412
f 5536//5398 5372//5412 5528//5413
f 5528//5413 5527//5408 5537//5399
f 5528//5413 5537//5399 5536//5398
f 5488//5353 5487//5352 5555//5414
f 5501//5385 5502//5415 5519//5416
f 5500//5386 5501//5385 5519//5416
f 5500//5386 5519//5416 5518//5417
f 5508//5406 5568//5410 5526//5418
f 5556//5419 5509//5407 5508//5406
f 5556//5419 5508//5406 5526//5418
f 5555//5414 5487//5352 5380//5294
f 5555//5414 5380//5294 5514//5420
f 5518//5417 5519//5416 5555//5414
f 5518//5417 5555//5414 5570//5421
f 5570//5421 5555//5414 5514//5420
f 5381//5323 5442//5322 5557//5395
f 5381//5323 5557//5395 5525//5422
f 5515//5423 5344//5293 5381//5323
f 5515//5423 5381//5323 5525//5422
f 5556//5419 5526//5418 5525//5422
f 5556//5419 5525//5422 5557//5395
f 5566//5424 5526//5418 5568//5410
f 5527//5408 5569//5425 5566//5424
f 5527//5408 5566//5424 5567//5409
f 5380//5294 5344//5293 5515//5423
f 5380//5294 5515//5423 5514//5420
f 5566//5424 5514//5420 5515//5423
f 5569//5425 5570//5421 5514//5420
f 5569//5425 5514//5420 5566//5424
f 5566//5424 5568//5410 5567//5409
f 5526//5418 5566//5424 5515//5423
f 5526//5418 5515//5423 5525//5422
f 5225//5024 5226//5426 4046//5032
f 5225//5024 4046//5032 4045//5021
f 4114//5056 4104//5427 5226//5426
f 4114//5056 5226//5426 5225//5024
f 5290//5062 5289//5332 4104//5427
f 5290//5062 4104//5427 4114//5056
f 5443//5403 4196//5428 5464//5404
f 5227//5429 5226//5426 4104//5427
f 5227//5429 4104//5427 4196//5428
f 4196//5428 4104//5427 5289//5332
f 4196//5428 5289//5332 5288//5337
f 5558//5390 5557//5395 5551//5391
f 5510//5397 5227//5429 4196//5428
f 5510//5397 4196//5428 5572//5430
f 5557//5395 5558//5390 5571//5431
f 5557//5395 5571//5431 5556//5419
f 5571//5431 5572//5430 5509//5407
f 5571//5431 5509//5407 5556//5419
f 5510//5397 5572//5430 5571//5431
f 5510//5397 5571//5431 5558//5390
f 5572//5430 4196//5428 5443//5403
f 5572//5430 5443//5403 5509//5407
f 5371//5432 5372//5412 5444//5411
f 5371//5432 5444//5411 5485//5433
f 5455//5344 5463//5434 5288//5337
f 5455//5344 5288//5337 4105//5336
f 5464//5404 4196//5428 5288//5337
f 5464//5404 5288//5337 5463//5434
f 5538//5400 5464//5404 5463//5434
f 5538//5400 5463//5434 5445//5401
f 5536//5398 5483//5402 5485//5433
f 5536//5398 5485//5433 5444//5411
f 5445//5401 5482//5435 5483//5402
f 5376//5436 5375//5437 5565//5438
f 5376//5436 5565//5438 5486//5439
f 4195//5440 5287//5381 5286//5051
f 4195//5440 5286//5051 4043//5050
f 5502//5415 5503//5441 5554//5442
f 5502//5415 5554//5442 5519//5416
f 5231//5029 4111//5028 4044//5443
f 5231//5029 4044//5443 5230//5444
f 5236//4069 4044//5443 4111//5028
f 5236//4069 4111//5028 5235//4070
f 5230//5444 4043//5050 4194//5048
f 5230//5444 4194//5048 5231//5029
f 5229//5445 4195//5440 4043//5050
f 5229//5445 4043//5050 5230//5444
f 5503//5441 5229//5445 5504//5446
f 5482//5435 5484//5447 5481//5448
f 5482//5435 5481//5448 5483//5402
f 5371//5432 5485//5433 5483//5402
f 5371//5432 5483//5402 5481//5448
f 5492//5449 5228//5295 5351//5351
f 5228//5295 5492//5449 5493//5450
f 5228//5295 5493//5450 5344//5293
f 5344//5293 5493//5450 5494//5324
f 5344//5293 5494//5324 5381//5323
f 5550//5392 5551//5391 5548//5451
f 5550//5392 5548//5451 5549//5393
f 5494//5324 5493//5450 5548//5451
f 5551//5391 5495//5321 5494//5324
f 5551//5391 5494//5324 5548//5451
f 5451//5452 5452//5394 5382//5285
f 5451//5452 5382//5285 5347//5286
f 5451//5452 5347//5286 5512//5453
f 5574//5454 5451//5452 5512//5453
f 5451//5452 4112//5455 5511//5396
f 5451//5452 5511//5396 5452//5394
f 5574//5454 5512//5453 5560//5456
f 5574//5454 5560//5456 5562//5457
f 5511//5396 4112//5455 5227//5429
f 5511//5396 5227//5429 5510//5397
f 4112//5455 4046//5032 5226//5426
f 4112//5455 5226//5426 5227//5429
f 5451//5452 5574//5454 4112//5455
f 5562//5457 5560//5456 5561//5458
f 5562//5457 5561//5458 5563//5459
f 5575//5460 5574//5454 5562//5457
f 5575//5460 5562//5457 5563//5459
f 5534//5461 5533//5462 5529//5463
f 5534//5461 5529//5463 5530//5464
f 5361//5384 5362//5465 5498//5466
f 5361//5384 5498//5466 5497//5382
f 5467//5467 5531//5468 5499//5469
f 5467//5467 5499//5469 5498//5466
f 5467//5467 5498//5466 5362//5465
f 5497//5382 5498//5466 5530//5464
f 5498//5466 5499//5469 5534//5461
f 5498//5466 5534//5461 5530//5464
f 5230//5444 4044//5443 4113//5470
f 5230//5444 4113//5470 5229//5445
f 5499//5469 5531//5468 5534//5461
f 5532//5471 5466//5472 5533//5462
f 5531//5468 5532//5471 5533//5462
f 5531//5468 5533//5462 5534//5461
f 5237//5473 5532//5471 5531//5468
f 5237//5473 4113//5470 4044//5443
f 5237//5473 4044//5443 5236//4069
f 5531//5468 5467//5467 4113//5470
f 5531//5468 4113//5470 5237//5473
f 5585//5474 5584//5475 5591//5476
f 5585//5474 5591//5476 5592//5477
f 5577//5478 5576//5479 5586//5480
f 5591//5476 5584//5475 5579//5481
f 5591//5476 5579//5481 5588//5482
f 5447//5483 5457//5327 5448//5330
f 5457//5327 5447//5483 5455//5344
f 5447//5483 5425//5484 5462//5485
f 5447//5483 5462//5485 5446//5486
f 5455//5344 5447//5483 5446//5486
f 5455//5344 5446//5486 5463//5434
f 5463//5434 5446//5486 5482//5435
f 5463//5434 5482//5435 5445//5401
f 5594//5487 5424//5488 5577//5478
f 5594//5487 5577//5478 5578//5489
f 5424//5488 5576//5479 5577//5478
f 5461//5490 5578//5489 5484//5447
f 5462//5485 5461//5490 5484//5447
f 5484//5447 5578//5489 5579//5481
f 5484//5447 5579//5481 5481//5448
f 5462//5485 5484//5447 5482//5435
f 5462//5485 5482//5435 5446//5486
f 5578//5489 5577//5478 5586//5480
f 5578//5489 5586//5480 5588//5482
f 5579//5481 5578//5489 5588//5482
f 5594//5487 5578//5489 5461//5490
f 5594//5487 5425//5484 5424//5488
f 5425//5484 5594//5487 5461//5490
f 5425//5484 5461//5490 5462//5485
f 5486//5439 5565//5438 5368//5491
f 5486//5439 5368//5491 5541//5492
f 5374//5493 5369//5494 5565//5438
f 5374//5493 5565//5438 5375//5437
f 5565//5438 5369//5494 5368//5491
f 5374//5493 5583//5495 5369//5494
f 5585//5474 5583//5495 5374//5493
f 5585//5474 5374//5493 5373//5496
f 5593//5497 5583//5495 5585//5474
f 5593//5497 5585//5474 5592//5477
f 5369//5494 5595//5498 5580//5499
f 5369//5494 5580//5499 5368//5491
f 5595//5498 5369//5494 5583//5495
f 5593//5497 5595//5498 5583//5495
f 5480//5377 5479//5379 5422//5500
f 5480//5377 5422//5500 5401//5374
f 5588//5482 5586//5480 5587//5501
f 5592//5477 5591//5476 5588//5482
f 5592//5477 5588//5482 5587//5501
f 5590//5502 5593//5497 5592//5477
f 5590//5502 5592//5477 5587//5501
f 5580//5499 5595//5498 5593//5497
f 5580//5499 5593//5497 5590//5502
f 5518//5417 5570//5421 5513//5503
f 5516//5504 5569//5425 5527//5408
f 5516//5504 5527//5408 5528//5413
f 5513//5503 5570//5421 5569//5425
f 5513//5503 5569//5425 5516//5504
f 5516//5504 5343//5505 5373//5496
f 5516//5504 5373//5496 5513//5503
f 5372//5412 5343//5505 5516//5504
f 5372//5412 5516//5504 5528//5413
f 5370//5506 5371//5432 5481//5448
f 5371//5432 5370//5506 5343//5505
f 5371//5432 5343//5505 5372//5412
f 5584//5475 5343//5505 5370//5506
f 5579//5481 5370//5506 5481//5448
f 5370//5506 5579//5481 5584//5475
f 5584//5475 5585//5474 5373//5496
f 5584//5475 5373//5496 5343//5505
f 5533//5462 5466//5472 5389//5507
f 5533//5462 5389//5507 5529//5463
f 5241//4083 5240//5033 4048//5508
f 5241//4083 4048//5508 4047//4081
f 4047//4081 4048//5508 4107//5509
f 4047//4081 4107//5509 4049//4078
f 5244//4087 4049//4078 4107//5509
f 5244//4087 4107//5509 5245//5034
f 5610//5510 5607//5511 5340//5512
f 5610//5510 5340//5512 5363//5513
f 4143//5514 5363//5513 5340//5512
f 4143//5514 5340//5512 5339//5515
f 5607//5511 5610//5510 4106//5516
f 5607//5511 4106//5516 4089//5517
f 5236//4069 4109//4067 4110//5518
f 5236//4069 4110//5518 5237//5473
f 4110//5518 5532//5471 5237//5473
f 5246//5519 4094//4061 4057//4026
f 5246//5519 4057//4026 5245//5034
f 5247//5520 4019//4018 4094//4061
f 5247//5520 4094//4061 5246//5519
f 5248//5521 4012//4013 4019//4018
f 5248//5521 4019//4018 5247//5520
f 5247//5520 4089//5517 4106//5516
f 5247//5520 4106//5516 5248//5521
f 5614//5522 5247//5520 5246//5519
f 5614//5522 5246//5519 5616//5523
f 5616//5523 5613//5524 5614//5522
f 4089//5517 5614//5522 5613//5524
f 4089//5517 5613//5524 5607//5511
f 5247//5520 5614//5522 4089//5517
f 5339//5515 5340//5512 5341//5525
f 5450//5526 5575//5460 5563//5459
f 5450//5526 5563//5459 5561//5458
f 5239//5527 5240//5033 4046//5032
f 5239//5527 4046//5032 4112//5455
f 5574//5454 5575//5460 5239//5527
f 5574//5454 5239//5527 4112//5455
f 5246//5519 5245//5034 4107//5509
f 5246//5519 4107//5509 4088//5528
f 5613//5524 5616//5523 5615//5529
f 5613//5524 5615//5529 5612//5530
f 4048//5508 5240//5033 5239//5527
f 4048//5508 5239//5527 4088//5528
f 4048//5508 4088//5528 4107//5509
f 5340//5512 5607//5511 5613//5524
f 5340//5512 5613//5524 5612//5530
f 5615//5529 5616//5523 4088//5528
f 5616//5523 5246//5519 4088//5528
f 5615//5529 5611//5531 5612//5530
f 5341//5525 5340//5512 5612//5530
f 5341//5525 5612//5530 5611//5531
f 5239//5527 5615//5529 4088//5528
f 5575//5460 5449//5532 5239//5527
f 5449//5532 5575//5460 5450//5526
f 5450//5526 5385//5533 5342//5534
f 5450//5526 5342//5534 5449//5532
f 5341//5525 5611//5531 5449//5532
f 5341//5525 5449//5532 5342//5534
f 5615//5529 5239//5527 5449//5532
f 5615//5529 5449//5532 5611//5531
f 5466//5472 5532//5471 4110//5518
f 5466//5472 4110//5518 5619//5535
f 5619//5535 4110//5518 5470//5536
f 5600//5537 5352//5538 4143//5514
f 5600//5537 4143//5514 5391//5539
f 5600//5537 5394//5540 5395//5541
f 5600//5537 5395//5541 5353//5542
f 5395//5541 5619//5535 5470//5536
f 5395//5541 5470//5536 5353//5542
f 5363//5513 5354//5543 5609//5544
f 5363//5513 5609//5544 5610//5510
f 4110//5518 5471//5545 5470//5536
f 5352//5538 5353//5542 5354//5543
f 5353//5542 5470//5536 5618//5546
f 5353//5542 5618//5546 5354//5543
f 5363//5513 4143//5514 5352//5538
f 5363//5513 5352//5538 5354//5543
f 5618//5546 5470//5536 5471//5545
f 5466//5472 5619//5535 5395//5541
f 5466//5472 5395//5541 5389//5507
f 5600//5537 5353//5542 5352//5538
f 5392//5547 5391//5539 4143//5514
f 5392//5547 4143//5514 5339//5515
f 5341//5525 5392//5547 5339//5515
f 5341//5525 5342//5534 5601//5548
f 5341//5525 5601//5548 5392//5547
f 5598//5549 5238//5550 5387//5551
f 5598//5549 5387//5551 5388//5552
f 5355//5553 5395//5541 5394//5540
f 5393//5554 5355//5553 5394//5540
f 5393//5554 5394//5540 5604//5555
f 5355//5553 5393//5554 5604//5555
f 5238//5550 5598//5549 5605//5556
f 5601//5548 5602//5557 5606//5558
f 5238//5550 5599//5559 5386//5560
f 5238//5550 5386//5560 5387//5551
f 5599//5559 5238//5550 5605//5556
f 5599//5559 5385//5533 5386//5560
f 5602//5557 5601//5548 5390//5561
f 5602//5557 5390//5561 5606//5558
f 5342//5534 5390//5561 5601//5548
f 5342//5534 5385//5533 5599//5559
f 5342//5534 5599//5559 5390//5561
f 5600//5537 5603//5562 5604//5555
f 5600//5537 5604//5555 5394//5540
f 5600//5537 5391//5539 5603//5562
f 5392//5547 5601//5548 5606//5558
f 5392//5547 5606//5558 5603//5562
f 5391//5539 5392//5547 5603//5562
f 5606//5558 5390//5561 5599//5559
f 5606//5558 5599//5559 5605//5556
f 5606//5558 5605//5556 5603//5562
f 5605//5556 5598//5549 5355//5553
f 5605//5556 5355//5553 5604//5555
f 5605//5556 5604//5555 5603//5562
f 5347//5286 5348//5027 5521//5563
f 5521//5563 5348//5027 5384//5026
f 5521//5563 5384//5026 5523//5564
f 5384//5026 5383//5025 5549//5393
f 5384//5026 5549//5393 5523//5564
f 5523//5564 5522//5565 5520//5566
f 5523//5564 5520//5566 5521//5563
f 5549//5393 5548//5451 5547//5567
f 5549//5393 5547//5567 5523//5564
f 5493//5450 5492//5449 5547//5567
f 5493//5450 5547//5567 5548//5451
f 5547//5567 5524//5568 5522//5565
f 5560//5456 5512//5453 5347//5286
f 5560//5456 5347//5286 5521//5563
f 5560//5456 5521//5563 5520//5566
f 5560//5456 5520//5566 5561//5458
f 5529//5463 5522//5565 5524//5568
f 5529//5463 5524//5568 5530//5464
f 5496//5383 5497//5382 5530//5464
f 5496//5383 5530//5464 5524//5568
f 5529//5463 5388//5552 5387//5551
f 5529//5463 5387//5551 5522//5565
f 5561//5458 5520//5566 5385//5533
f 5561//5458 5385//5533 5450//5526
f 5522//5565 5387//5551 5386//5560
f 5522//5565 5386//5560 5520//5566
f 5386//5560 5385//5533 5520//5566
f 5523//5564 5547//5567 5522//5565
f 5389//5507 5395//5541 5355//5553
f 5389//5507 5355//5553 5598//5549
f 5389//5507 5598//5549 5388//5552
f 5389//5507 5388//5552 5529//5463
f 5519//5416 5554//5442 5552//5569
f 5519//5416 5552//5569 5555//5414
f 5552//5569 5489//5354 5488//5353
f 5552//5569 5488//5353 5555//5414
f 5504//5446 5229//5445 4113//5470
f 5504//5446 4113//5470 5467//5467
f 5249//5570 4011//4010 4012//4013
f 5249//5570 4012//4013 5248//5521
f 4091//4066 4011//4010 5249//5570
f 4091//4066 5249//5570 5250//5571
f 4052//4035 4091//4066 5250//5571
f 4052//4035 5250//5571 5251//4022
f 5248//5521 4106//5516 4092//5572
f 5248//5521 4092//5572 5249//5570
f 5251//4022 5250//5571 4090//5573
f 5251//4022 4090//5573 4053//4023
f 4109//4067 4053//4023 4090//5573
f 4109//4067 4090//5573 4110//5518
f 5472//5574 5249//5570 4092//5572
f 5608//5575 5471//5545 4110//5518
f 5608//5575 4110//5518 4090//5573
f 5617//5576 5472//5574 4092//5572
f 5617//5576 4092//5572 5609//5544
f 4092//5572 4106//5516 5610//5510
f 4092//5572 5610//5510 5609//5544
f 5608//5575 4090//5573 5472//5574
f 5472//5574 5617//5576 5608//5575
f 5354//5543 5618//5546 5617//5576
f 5354//5543 5617//5576 5609//5544
f 5608//5575 5617//5576 5618//5546
f 5608//5575 5618//5546 5471//5545
f 4090//5573 5250//5571 5249//5570
f 4090//5573 5249//5570 5472//5574
f 5589//5577 5590//5502 5587//5501
f 5402//5315 5403//5578 5417//5362
f 5402//5315 5417//5362 5418//5316
f 5402//5315 5400//5314 5401//5374
f 5402//5315 5401//5374 5403//5578
f 5416//5304 5365//5579 5427//5580
f 5416//5304 5427//5580 5426//5302
f 5416//5304 5414//5301 5415//5320
f 5416//5304 5415//5320 5365//5579
f 5428//5326 5426//5302 5427//5580
f 5423//5581 5448//5330 5453//5329
f 5423//5581 5453//5329 5427//5580
f 5428//5326 5427//5580 5453//5329
f 5428//5326 5453//5329 5454//5341
f 5423//5581 5424//5488 5425//5484
f 5448//5330 5423//5581 5425//5484
f 5448//5330 5425//5484 5447//5483
f 5405//5319 5404//5310 5407//5311
f 5405//5319 5407//5311 5406//5582
f 5429//5361 5364//5360 5406//5582
f 5429//5361 5406//5582 5407//5311
f 5405//5319 5406//5582 5365//5579
f 5405//5319 5365//5579 5415//5320
f 5403//5578 5406//5582 5364//5360
f 5403//5578 5364//5360 5417//5362
f 5576//5479 5419//5583 5420//5584
f 5587//5501 5586//5480 5576//5479
f 5587//5501 5576//5479 5420//5584
f 5422//5500 5582//5585 5419//5583
f 5422//5500 5596//5586 5582//5585
f 5596//5586 5597//5587 5582//5585
f 5587//5501 5420//5584 5582//5585
f 5587//5501 5582//5585 5589//5577
f 5419//5583 5582//5585 5420//5584
f 5597//5587 5589//5577 5582//5585
f 5422//5500 5419//5583 5403//5578
f 5422//5500 5403//5578 5401//5374
f 5403//5578 5419//5583 5406//5582
f 5423//5581 5427//5580 5365//5579
f 5423//5581 5365//5579 5419//5583
f 5419//5583 5365//5579 5406//5582
f 5419//5583 5576//5479 5424//5488
f 5419//5583 5424//5488 5423//5581
f 4135//4152 4164//5047 5301//5588
f 4135//4152 5301//5588 5300//4153
f 4165//5589 4137//5176 5300//4153
f 4165//5589 5300//4153 5301//5588
f 4236//5179 4234//5177 4165//5589
f 4234//5177 4138//5178 4137//5176
f 4234//5177 4137//5176 4165//5589
f 5328//5183 4237//5173 4008//5590
f 4236//5179 4165//5589 4008//5590
f 4236//5179 4008//5590 4237//5173
f 5301//5588 4164//5047 4005//5189
f 5301//5588 4005//5189 5302//5591
f 5301//5588 4007//5592 4008//5590
f 5301//5588 4008//5590 4165//5589
f 5255//3993 3995//4006 4212//5593
f 5255//3993 4212//5593 3996//3990
f 4212//5593 3998//5190 5272//5191
f 3998//5190 4212//5593 3999//3997
f 3999//3997 4212//5593 4000//3994
f 4000//3994 4212//5593 4001//3998
f 4001//3998 4212//5593 4002//4000
f 4003//4005 4212//5593 4004//4002
f 4004//4002 4212//5593 3995//4006
f 3996//3990 4212//5593 5281//4008
f 4212//5593 4005//5189 5281//4008
f 4002//4000 4212//5593 4170//4122
f 4170//4122 4212//5593 4003//4005
f 4006//5187 4212//5593 3997//5186
f 4009//4158 4212//5593 4010//4159
f 4212//5593 4006//5187 5303//5188
f 4238//5136 4212//5593 4009//4158
f 5325//5130 4212//5593 4238//5136
f 5322//5125 4212//5593 5325//5130
f 5323//5126 4212//5593 5322//5125
f 5319//5122 4212//5593 5323//5126
f 5320//5123 4212//5593 5319//5122
f 5321//5124 4212//5593 5320//5123
f 5324//5128 4212//5593 5321//5124
f 5326//5134 4212//5593 5324//5128
f 5327//5138 4212//5593 5326//5134
f 5329//5143 4212//5593 5327//5138
f 5328//5183 4212//5593 5329//5143
f 5302//5591 4005//5189 4212//5593
f 4007//5592 4212//5593 4008//5590
f 4008//5590 4212//5593 5328//5183
f 5303//5188 4010//4159 4212//5593
f 5272//5191 3997//5186 4212//5593
f 4212//5593 4007//5592 5302//5591
f 4007//5592 5301//5588 5302//5591
f 5476//5594 5479//5379 5477//5380
f 5478//5378 5468//5376 5476//5594
f 5478//5378 5476//5594 5477//5380
f 5476//5594 5468//5376 4103//5375
f 5287//5381 5469//5595 5476//5594
f 5287//5381 5476//5594 4103//5375
f 5469//5595 5620//5596 5367//5597
f 5469//5595 5367//5597 5476//5594
f 5469//5595 5542//5598 5356//5599
f 5469//5595 5356//5599 5620//5596
f 5541//5492 5356//5599 5542//5598
f 5377//5600 5469//5595 5287//5381
f 5377//5600 5287//5381 4195//5440
f 4195//5440 5229//5445 5503//5441
f 4195//5440 5503//5441 5377//5600
f 5356//5599 5541//5492 5368//5491
f 5580//5499 5356//5599 5368//5491
f 5479//5379 5476//5594 5367//5597
f 5479//5379 5367//5597 5422//5500
f 5367//5597 5421//5601 5422//5500
f 5620//5596 5357//5602 5421//5601
f 5620//5596 5421//5601 5367//5597
f 5357//5602 5581//5603 5421//5601
f 5580//5499 5581//5603 5357//5602
f 5580//5499 5357//5602 5356//5599
f 5596//5586 5422//5500 5421//5601
f 5590//5502 5589//5577 5581//5603
f 5590//5502 5581//5603 5580//5499
f 5581//5603 5597//5587 5596//5586
f 5581//5603 5596//5586 5421//5601
f 5589//5577 5597//5587 5581//5603
f 5357//5602 5620//5596 5356//5599
f 5502//5415 5501//5385 5379//5387
f 5502//5415 5379//5387 5378//5604
f 5486//5439 5541//5492 5539//5605
f 5486//5439 5539//5605 5376//5436
f 5535//5606 5378//5604 5379//5387
f 5517//5607 5375//5437 5376//5436
f 5517//5607 5376//5436 5539//5605
f 5535//5606 5379//5387 5500//5386
f 5535//5606 5500//5386 5518//5417
f 5539//5605 5535//5606 5517//5607
f 5573//5608 5564//5609 5378//5604
f 5573//5608 5378//5604 5535//5606
f 5564//5609 5503//5441 5502//5415
f 5564//5609 5502//5415 5378//5604
f 5374//5493 5375//5437 5517//5607
f 5518//5417 5513//5503 5517//5607
f 5518//5417 5517//5607 5535//5606
f 5513//5503 5373//5496 5374//5493
f 5513//5503 5374//5493 5517//5607
f 5541//5492 5542//5598 5540//5610
f 5541//5492 5540//5610 5539//5605
f 5573//5608 5539//5605 5540//5610
f 5540//5610 5542//5598 5469//5595
f 5540//5610 5469//5595 5377//5600
f 5503//5441 5564//5609 5377//5600
f 5564//5609 5573//5608 5540//5610
f 5564//5609 5540//5610 5377//5600
f 5535//5606 5539//5605 5573//5608
f 5351//5351 5491//5350 5543//5611
f 5506//5612 5507//5388 5544//5613
f 5507//5388 5506//5612 5362//5465
f 5507//5388 5362//5465 5361//5384
f 5524//5568 5547//5567 5543//5611
f 5524//5568 5543//5611 5544//5613
f 5492//5449 5351//5351 5543//5611
f 5492//5449 5543//5611 5547//5567
f 5544//5613 5507//5388 5496//5383
f 5544//5613 5496//5383 5524//5568
f 5545//5614 5544//5613 5543//5611
f 5553//5615 5545//5614 5552//5569
f 5553//5615 5552//5569 5554//5442
f 5491//5350 5490//5355 5545//5614
f 5491//5350 5545//5614 5543//5611
f 5546//5616 5505//5617 5506//5612
f 5546//5616 5506//5612 5544//5613
f 5545//5614 5490//5355 5489//5354
f 5545//5614 5489//5354 5552//5569
f 5553//5615 5504//5446 5505//5617
f 5553//5615 5505//5617 5546//5616
f 5553//5615 5554//5442 5503//5441
f 5553//5615 5503//5441 5504//5446
f 5362//5465 5506//5612 5505//5617
f 5362//5465 5505//5617 5467//5467
f 5467//5467 5505//5617 5504//5446
f 5545//5614 5553//5615 5546//5616
f 5544//5613 5545//5614 5546//5616
f 5628//5618 5625//5619 5626//5620
f 5628//5618 5626//5620 5627//5621
f 5631//5622 5632//5623 5629//5624
f 5631//5622 5629//5624 5630//5625
f 5639//5626 5637//5627 5638//5628
f 5639//5626 5638//5628 5631//5622
f 5631//5622 5630//5625 5649//5629
f 5631//5622 5649//5629 5639//5626
f 5659//5630 5660//5631 5645//5632
f 5659//5630 5645//5632 5658//5633
f 5625//5619 5624//5634 5623//5635
f 5625//5619 5623//5635 5626//5620
f 5673//5636 5671//5637 5672//5638
f 5673//5636 5672//5638 5640//5639
f 5681//5640 5682//5641 5683//5642
f 5681//5640 5683//5642 5680//5643
f 5673//5636 5689//5644 5690//5645
f 5673//5636 5690//5645 5671//5637
f 5624//5634 5672//5638 5649//5629
f 5624//5634 5649//5629 5630//5625
f 5690//5645 5681//5640 5680//5643
f 5690//5645 5680//5643 5671//5637
f 5681//5640 5694//5646 5693//5647
f 5681//5640 5693//5647 5682//5641
f 5681//5640 5690//5645 5695//5648
f 5681//5640 5695//5648 5694//5646
f 5699//5649 5695//5648 5690//5645
f 5699//5649 5690//5645 5689//5644
f 5705//5650 5704//5651 5694//5646
f 5705//5650 5694//5646 5695//5648
f 5699//5649 5709//5652 5705//5650
f 5699//5649 5705//5650 5695//5648
f 5784//5653 5647//5654 5675//5655
f 5784//5653 5675//5655 5660//5631
f 5649//5629 5680//5643 5683//5642
f 5649//5629 5683//5642 5639//5626
f 5672//5638 5624//5634 5625//5619
f 5672//5638 5625//5619 5640//5639
f 5672//5638 5671//5637 5680//5643
f 5672//5638 5680//5643 5649//5629
f 5784//5653 5638//5628 5637//5627
f 5784//5653 5637//5627 5647//5654
f 5639//5626 5683//5642 5678//5656
f 5639//5626 5678//5656 5637//5627
f 5802//5657 5795//5658 5803//5659
f 5802//5657 5803//5659 5801//5660
f 5803//5659 5795//5658 5794//5661
f 5803//5659 5794//5661 5806//5662
f 5796//5663 5795//5658 5802//5657
f 5796//5663 5802//5657 5814//5664
f 5790//5665 5791//5666 5626//5620
f 5790//5665 5626//5620 5623//5635
f 5808//5667 5807//5668 5830//5669
f 5808//5667 5830//5669 5821//5670
f 5828//5671 5790//5665 5796//5663
f 5828//5671 5796//5663 5814//5664
f 5868//5672 5877//5673 5878//5674
f 5868//5672 5878//5674 5869//5675
f 5878//5674 5879//5676 5870//5677
f 5878//5674 5870//5677 5869//5675
f 5877//5673 5886//5678 5887//5679
f 5877//5673 5887//5679 5878//5674
f 5879//5676 5878//5674 5887//5679
f 5879//5676 5887//5679 5888//5680
f 5900//5681 5902//5682 5888//5680
f 5900//5681 5888//5680 5887//5679
f 5830//5669 5813//5683 5937//5684
f 5830//5669 5937//5684 5821//5670
f 5830//5669 5807//5668 5798//5685
f 5830//5669 5798//5685 5811//5686
f 5814//5664 5802//5657 5838//5687
f 5814//5664 5838//5687 5837//5688
f 5822//5689 5937//5684 5803//5659
f 5822//5689 5803//5659 5806//5662
f 5813//5683 5801//5660 5803//5659
f 5813//5683 5803//5659 5937//5684
f 5801//5660 5834//5690 5838//5687
f 5801//5660 5838//5687 5802//5657
f 5938//5691 5939//5692 5971//5693
f 5938//5691 5971//5693 5972//5694
f 5967//5695 5966//5696 5983//5697
f 5967//5695 5983//5697 5984//5698
f 5972//5694 5971//5693 5989//5699
f 5972//5694 5989//5699 5990//5700
f 5973//5701 5972//5694 5990//5700
f 5973//5701 5990//5700 5991//5702
f 5984//5698 5983//5697 6036//5703
f 5984//5698 6036//5703 6037//5704
f 5988//5705 5987//5706 6040//5707
f 5988//5705 6040//5707 6041//5708
f 5990//5700 5989//5699 6042//5709
f 5990//5700 6042//5709 6043//5710
f 5991//5702 5990//5700 6043//5710
f 5991//5702 6043//5710 6044//5711
f 5945//5712 5944//5713 6020//5714
f 5945//5712 6020//5714 6021//5715
f 5947//5716 5946//5717 6018//5718
f 5947//5716 6018//5718 6019//5719
f 5944//5713 5947//5716 6019//5719
f 5944//5713 6019//5719 6020//5714
f 5949//5720 5948//5721 6029//5722
f 5949//5720 6029//5722 6030//5723
f 5953//5724 5952//5725 6025//5726
f 5953//5724 6025//5726 6026//5727
f 5954//5728 5945//5712 6021//5715
f 5954//5728 6021//5715 6022//5729
f 5952//5725 5956//5730 6024//5731
f 5952//5725 6024//5731 6025//5726
f 5948//5721 5957//5732 6028//5733
f 5948//5721 6028//5733 6029//5722
f 5957//5732 5958//5734 6027//5735
f 5957//5732 6027//5735 6028//5733
f 5946//5717 5959//5736 6035//5737
f 5946//5717 6035//5737 6018//5718
f 5959//5736 5960//5738 6034//5739
f 5959//5736 6034//5739 6035//5737
f 5960//5738 5961//5740 6033//5741
f 5960//5738 6033//5741 6034//5739
f 5961//5740 5951//5742 6032//5743
f 5961//5740 6032//5743 6033//5741
f 6037//5704 6036//5703 5945//5712
f 6037//5704 5945//5712 5954//5728
f 6041//5708 6040//5707 5952//5725
f 6041//5708 5952//5725 5953//5724
f 6043//5710 6042//5709 5958//5734
f 6043//5710 5958//5734 5957//5732
f 6044//5711 6043//5710 5957//5732
f 6044//5711 5957//5732 5948//5721
f 6049//5744 6048//5745 5961//5740
f 6049//5744 5961//5740 5960//5738
f 6050//5746 6049//5744 5960//5738
f 6050//5746 5960//5738 5959//5736
f 6036//5703 6053//5747 5944//5713
f 6036//5703 5944//5713 5945//5712
f 5621//5748 5624//5634 5630//5625
f 5621//5748 5630//5625 5629//5624
f 5629//5624 5632//5623 5656//5749
f 5629//5624 5656//5749 5655//5750
f 6056//5751 5621//5748 5629//5624
f 6056//5751 5629//5624 5655//5750
f 6057//5752 5655//5750 5656//5749
f 6057//5752 5656//5749 5657//5753
f 6057//5752 5657//5753 5963//5754
f 5963//5754 5657//5753 6059//5755
f 5654//5756 5655//5750 6057//5752
f 6057//5752 5963//5754 6058//5757
f 5963//5754 6059//5755 5979//5758
f 5963//5754 5979//5758 5980//5759
f 6058//5757 5963//5754 5980//5759
f 5980//5759 5979//5758 6050//5746
f 5980//5759 6050//5746 6051//5760
f 6051//5760 6050//5746 5959//5736
f 6051//5760 5959//5736 5946//5717
f 6061//5761 5980//5759 6051//5760
f 6060//5762 6058//5757 5980//5759
f 6060//5762 5980//5759 6061//5761
f 6056//5751 5655//5750 5654//5756
f 5654//5756 6057//5752 6058//5757
f 5654//5756 6058//5757 6060//5762
f 5621//5748 6056//5751 5652//5763
f 6063//5764 5653//5765 5652//5763
f 6062//5766 5654//5756 5964//5767
f 5964//5767 5654//5756 6060//5762
f 5966//5696 5650//5768 5653//5765
f 5966//5696 5653//5765 5965//5769
f 6063//5764 6062//5766 5964//5767
f 6063//5764 5964//5767 6064//5770
f 5965//5769 5653//5765 6063//5764
f 5965//5769 6063//5764 6064//5770
f 5981//5771 5964//5767 6060//5762
f 5981//5771 6060//5762 6061//5761
f 5983//5697 5966//5696 5965//5769
f 5983//5697 5965//5769 5982//5772
f 6052//5773 6051//5760 5946//5717
f 6052//5773 5946//5717 5947//5716
f 5981//5771 6061//5761 6051//5760
f 5981//5771 6051//5760 6052//5773
f 6064//5770 5964//5767 5981//5771
f 6064//5770 5981//5771 6065//5774
f 6053//5747 6052//5773 5947//5716
f 6053//5747 5947//5716 5944//5713
f 6065//5774 6052//5773 6053//5747
f 6036//5703 5983//5697 5982//5772
f 6036//5703 5982//5772 6053//5747
f 6053//5747 5982//5772 6065//5774
f 6065//5774 5981//5771 6052//5773
f 5982//5772 5965//5769 6064//5770
f 5982//5772 6064//5770 6065//5774
f 5642//5775 5632//5623 5631//5622
f 5642//5775 5631//5622 5638//5628
f 5979//5758 6059//5755 5962//5776
f 5996//5777 5995//5778 6048//5745
f 5996//5777 6048//5745 6049//5744
f 5996//5777 5979//5758 5962//5776
f 5996//5777 5962//5776 6066//5779
f 6049//5744 6050//5746 5979//5758
f 6049//5744 5979//5758 5996//5777
f 5628//5618 5627//5621 5668//5780
f 5628//5618 5668//5780 5669//5781
f 5669//5781 5668//5780 5667//5782
f 5669//5781 5667//5782 5666//5783
f 5643//5784 5645//5632 5660//5631
f 5643//5784 5660//5631 5675//5655
f 5670//5785 5669//5781 6068//5786
f 5817//5787 5650//5768 5966//5696
f 5817//5787 5966//5696 5967//5695
f 5651//5788 5650//5768 5817//5787
f 5651//5788 5817//5787 5816//5789
f 5789//5790 5622//5791 5816//5789
f 5793//5792 5794//5661 5795//5658
f 5793//5792 5795//5658 5796//5663
f 5793//5792 5796//5663 5790//5665
f 5793//5792 5790//5665 5789//5790
f 5789//5790 6071//5793 5819//5794
f 5823//5795 5667//5782 5668//5780
f 5823//5795 5668//5780 5825//5796
f 6074//5797 5823//5795 5825//5796
f 5799//5798 5798//5685 5807//5668
f 5799//5798 5807//5668 5810//5799
f 6003//5800 6031//5801 6030//5723
f 6003//5800 6030//5723 6002//5802
f 6002//5802 6030//5723 6029//5722
f 6002//5802 6029//5722 6001//5803
f 6002//5802 6017//5804 6003//5800
f 6001//5803 6017//5804 6002//5802
f 6029//5722 6028//5733 6012//5805
f 6029//5722 6012//5805 6001//5803
f 6012//5805 6017//5804 6001//5803
f 6028//5733 6027//5735 6013//5806
f 6028//5733 6013//5806 6012//5805
f 6013//5806 6017//5804 6012//5805
f 6006//5807 6017//5804 6013//5806
f 6005//5808 6017//5804 6006//5807
f 6008//5809 6026//5727 6025//5726
f 6008//5809 6025//5726 6007//5810
f 6008//5809 6017//5804 6005//5808
f 6007//5810 6017//5804 6008//5809
f 6025//5726 6024//5731 6011//5811
f 6025//5726 6011//5811 6007//5810
f 6011//5811 6024//5731 6023//5812
f 6011//5811 6023//5812 6010//5813
f 6011//5811 6017//5804 6007//5810
f 6010//5813 6023//5812 6022//5729
f 6010//5813 6022//5729 6009//5814
f 6010//5813 6017//5804 6011//5811
f 6009//5814 6022//5729 6021//5715
f 6009//5814 6021//5715 5998//5815
f 6009//5814 6017//5804 6010//5813
f 5998//5815 6021//5715 6020//5714
f 5998//5815 6020//5714 5997//5816
f 5998//5815 6017//5804 6009//5814
f 5997//5816 6017//5804 5998//5815
f 6020//5714 6019//5719 6000//5817
f 6020//5714 6000//5817 5997//5816
f 6000//5817 6019//5719 6018//5718
f 6000//5817 6018//5718 5999//5818
f 6000//5817 6017//5804 5997//5816
f 5999//5818 6017//5804 6000//5817
f 5999//5818 6018//5718 6035//5737
f 5999//5818 6035//5737 6014//5819
f 6014//5819 6017//5804 5999//5818
f 6035//5737 6034//5739 6015//5820
f 6035//5737 6015//5820 6014//5819
f 6015//5820 6017//5804 6014//5819
f 6034//5739 6033//5741 6016//5821
f 6034//5739 6016//5821 6015//5820
f 6003//5800 6017//5804 6004//5822
f 6004//5822 6017//5804 6016//5821
f 6032//5743 6031//5801 6003//5800
f 6032//5743 6003//5800 6004//5822
f 6016//5821 6033//5741 6032//5743
f 6016//5821 6032//5743 6004//5822
f 6016//5821 6017//5804 6015//5820
f 5825//5796 5668//5780 5627//5621
f 5825//5796 5627//5621 5792//5823
f 5813//5683 5830//5669 5811//5686
f 5813//5683 5811//5686 5812//5824
f 5834//5690 5801//5660 5813//5683
f 5834//5690 5813//5683 5812//5824
f 5798//5685 5799//5798 5800//5825
f 5798//5685 5800//5825 5797//5826
f 6081//5827 5812//5824 5811//5686
f 6081//5827 5811//5686 5798//5685
f 6081//5827 5798//5685 5797//5826
f 5832//5828 5797//5826 5800//5825
f 5832//5828 5800//5825 5843//5829
f 5845//5830 5832//5828 5843//5829
f 5845//5830 5843//5829 5852//5831
f 6084//5832 5854//5833 6073//5834
f 6084//5832 6073//5834 5864//5835
f 6084//5832 5864//5835 6085//5836
f 5863//5837 5854//5833 6084//5832
f 5863//5837 6084//5832 6085//5836
f 5881//5838 5864//5835 5870//5677
f 5881//5838 5870//5677 5879//5676
f 5882//5839 5881//5838 5879//5676
f 5882//5839 5879//5676 5888//5680
f 5882//5839 5888//5680 5902//5682
f 5882//5839 5902//5682 5889//5840
f 5692//5841 5693//5647 5703//5842
f 5692//5841 5703//5842 5702//5843
f 5692//5841 5702//5843 6090//5844
f 5710//5845 5700//5846 6093//5847
f 6093//5847 6090//5844 5710//5845
f 6070//5848 5817//5787 5967//5695
f 6070//5848 5967//5695 5968//5849
f 5987//5706 5970//5850 5969//5851
f 5987//5706 5969//5851 5986//5852
f 6094//5853 5820//5854 5968//5849
f 5968//5849 5967//5695 5984//5698
f 5968//5849 5984//5698 5985//5855
f 5986//5852 5969//5851 6094//5853
f 5986//5852 6094//5853 6095//5856
f 5968//5849 5985//5855 6096//5857
f 6095//5856 6094//5853 5968//5849
f 6095//5856 5968//5849 6096//5857
f 5985//5855 5984//5698 6037//5704
f 5985//5855 6037//5704 6038//5858
f 6039//5859 5986//5852 6095//5856
f 6040//5707 5987//5706 5986//5852
f 6040//5707 5986//5852 6039//5859
f 5956//5730 5952//5725 6040//5707
f 5956//5730 6040//5707 6039//5859
f 6039//5859 6095//5856 6096//5857
f 6039//5859 6096//5857 6097//5860
f 6023//5812 6024//5731 5956//5730
f 6023//5812 5956//5730 5955//5861
f 5955//5861 5956//5730 6097//5860
f 5954//5728 6022//5729 6023//5812
f 5954//5728 6023//5812 5955//5861
f 6038//5858 6037//5704 5954//5728
f 6038//5858 5954//5728 5955//5861
f 6097//5860 6038//5858 5955//5861
f 6096//5857 5985//5855 6038//5858
f 6096//5857 6038//5858 6097//5860
f 5956//5730 6039//5859 6097//5860
f 5717//5862 5716//5863 5729//5864
f 5717//5862 5729//5864 5722//5865
f 5723//5866 5719//5867 5717//5862
f 5723//5866 5717//5862 5722//5865
f 5709//5652 5706//5868 5717//5862
f 5709//5652 5717//5862 5719//5867
f 5719//5867 5723//5866 6098//5869
f 5721//5870 5715//5871 5719//5867
f 5721//5870 5719//5867 6098//5869
f 5730//5872 5741//5873 5742//5874
f 5730//5872 5742//5874 5731//5875
f 5731//5875 5722//5865 5729//5864
f 5731//5875 5729//5864 5730//5872
f 5815//5876 5822//5689 5806//5662
f 5815//5876 5818//5877 5969//5851
f 5815//5876 5969//5851 5970//5850
f 5818//5877 5815//5876 5806//5662
f 5818//5877 5806//5662 5794//5661
f 6072//5878 5969//5851 5818//5877
f 5820//5854 5819//5794 6071//5793
f 6070//5848 5968//5849 5820//5854
f 6071//5793 6070//5848 5820//5854
f 5816//5789 5817//5787 6070//5848
f 5816//5789 6070//5848 6071//5793
f 5789//5790 5816//5789 6071//5793
f 5819//5794 5820//5854 6072//5878
f 5819//5794 6072//5878 5793//5792
f 5819//5794 5793//5792 5789//5790
f 6072//5878 5820//5854 6094//5853
f 6072//5878 6094//5853 5969//5851
f 6072//5878 5818//5877 5794//5661
f 6072//5878 5794//5661 5793//5792
f 5622//5791 5623//5635 5624//5634
f 5622//5791 5624//5634 5621//5748
f 5789//5790 5790//5665 5623//5635
f 5789//5790 5623//5635 5622//5791
f 5652//5763 5651//5788 5622//5791
f 5622//5791 5651//5788 5816//5789
f 5621//5748 5652//5763 5622//5791
f 5653//5765 5650//5768 5651//5788
f 5653//5765 5651//5788 5652//5763
f 5652//5763 6056//5751 5654//5756
f 5652//5763 5654//5756 6062//5766
f 5652//5763 6062//5766 6063//5764
f 5962//5776 6059//5755 5657//5753
f 5962//5776 5657//5753 5942//5879
f 6066//5779 5962//5776 5942//5879
f 5656//5749 5632//5623 5642//5775
f 5656//5749 5642//5775 5663//5880
f 5942//5879 5657//5753 5656//5749
f 5942//5879 5656//5749 5663//5880
f 5853//5881 6073//5834 6083//5882
f 6073//5834 5854//5833 5846//5883
f 6083//5882 6073//5834 5846//5883
f 6082//5884 5832//5828 5845//5830
f 6082//5884 5845//5830 6083//5882
f 5827//5885 5828//5671 5814//5664
f 5827//5885 5814//5664 5837//5688
f 5844//5886 5827//5885 5837//5688
f 5844//5886 5837//5688 5836//5887
f 5976//5888 5977//5889 5943//5890
f 5976//5888 5943//5890 5788//5891
f 5976//5888 5788//5891 6110//5892
f 6110//5892 5788//5891 6111//5893
f 6110//5892 6111//5893 6112//5894
f 5994//5895 5976//5888 6110//5892
f 5994//5895 6110//5892 6112//5894
f 5994//5895 6112//5894 6113//5896
f 6048//5745 5995//5778 5994//5895
f 6048//5745 5994//5895 6047//5897
f 5951//5742 5961//5740 6048//5745
f 5951//5742 6048//5745 6047//5897
f 5950//5898 5951//5742 6047//5897
f 5950//5898 6047//5897 6046//5899
f 6047//5897 5994//5895 6113//5896
f 6031//5801 6032//5743 5951//5742
f 6031//5801 5951//5742 5950//5898
f 5949//5720 6030//5723 6031//5801
f 5949//5720 6031//5801 5950//5898
f 6045//5900 6044//5711 5948//5721
f 6045//5900 5948//5721 5949//5720
f 6046//5899 6045//5900 5949//5720
f 6046//5899 5949//5720 5950//5898
f 5992//5901 5991//5702 6044//5711
f 5992//5901 6044//5711 6045//5900
f 6046//5899 6113//5896 5993//5902
f 6114//5903 6045//5900 6046//5899
f 6114//5903 6046//5899 5993//5902
f 5974//5904 5973//5701 5991//5702
f 5974//5904 5991//5702 5992//5901
f 5993//5902 6113//5896 6112//5894
f 5993//5902 6112//5894 5975//5905
f 5975//5905 6112//5894 6111//5893
f 5975//5905 6111//5893 5787//5906
f 5666//5783 5667//5782 5664//5907
f 5666//5783 5664//5907 5665//5908
f 6111//5893 5788//5891 5658//5633
f 6111//5893 5658//5633 5674//5909
f 6067//5910 5666//5783 5665//5908
f 6068//5786 5669//5781 5666//5783
f 6068//5786 5666//5783 6067//5910
f 6067//5910 5665//5908 6117//5911
f 5665//5908 5664//5907 5785//5912
f 5665//5908 5785//5912 5786//5913
f 5786//5913 5785//5912 5973//5701
f 5786//5913 5973//5701 5974//5904
f 6116//5914 6117//5911 5665//5908
f 6116//5914 5665//5908 5786//5913
f 6115//5915 6114//5903 5993//5902
f 6115//5915 5993//5902 5975//5905
f 6111//5893 5674//5909 5787//5906
f 5787//5906 5674//5909 6117//5911
f 5787//5906 6117//5911 6116//5914
f 6116//5914 6115//5915 5975//5905
f 6116//5914 5975//5905 5787//5906
f 6116//5914 5786//5913 5974//5904
f 6116//5914 5974//5904 6115//5915
f 6115//5915 5974//5904 5992//5901
f 6115//5915 5992//5901 6114//5903
f 6074//5797 5825//5796 6075//5916
f 5810//5799 5807//5668 5808//5667
f 5810//5799 5808//5667 5809//5917
f 6075//5916 5810//5799 5809//5917
f 6075//5916 5809//5917 6074//5797
f 5824//5918 5823//5795 6074//5797
f 5824//5918 6074//5797 6118//5919
f 5664//5907 5667//5782 5823//5795
f 5664//5907 5823//5795 5824//5918
f 5809//5917 5829//5920 6118//5919
f 5809//5917 6118//5919 6074//5797
f 5785//5912 5664//5907 5824//5918
f 5785//5912 5824//5918 5938//5691
f 5938//5691 5824//5918 6118//5919
f 5972//5694 5973//5701 5785//5912
f 5972//5694 5785//5912 5938//5691
f 6118//5919 5939//5692 5938//5691
f 5865//5921 5866//5922 5856//5923
f 5865//5921 5856//5923 5855//5924
f 5744//5925 5761//5926 5753//5927
f 5734//5928 5723//5866 5722//5865
f 5734//5928 5722//5865 5731//5875
f 5731//5875 5742//5874 5744//5925
f 5731//5875 5744//5925 5734//5928
f 5734//5928 5744//5925 5740//5929
f 5740//5929 5744//5925 5753//5927
f 5740//5929 5753//5927 5751//5930
f 5753//5927 5752//5931 5751//5930
f 5675//5655 5647//5654 5648//5932
f 5675//5655 5648//5932 5646//5933
f 5646//5933 5634//5934 5643//5784
f 5646//5933 5643//5784 5675//5655
f 5647//5654 5637//5627 5678//5656
f 5647//5654 5678//5656 5648//5932
f 5646//5933 5648//5932 6120//5935
f 5635//5936 5634//5934 5646//5933
f 5635//5936 5646//5933 6120//5935
f 5866//5922 5865//5921 5872//5937
f 5865//5921 5863//5837 5871//5938
f 5865//5921 5871//5938 5872//5937
f 5685//5939 5673//5636 5640//5639
f 5685//5939 5640//5639 5641//5940
f 5689//5644 5673//5636 5685//5939
f 5689//5644 5685//5939 5684//5941
f 5684//5941 5685//5939 6124//5942
f 5699//5649 5689//5644 5684//5941
f 5699//5649 5684//5941 5697//5943
f 5706//5868 5709//5652 5699//5649
f 5706//5868 5699//5649 5697//5943
f 5707//5944 5706//5868 5697//5943
f 5707//5944 5697//5943 6125//5945
f 5716//5863 5717//5862 5706//5868
f 5716//5863 5706//5868 5707//5944
f 6125//5945 5697//5943 5684//5941
f 6125//5945 5684//5941 6124//5942
f 6099//5946 5775//5947 6055//5948
f 5773//5949 5772//5950 6055//5948
f 5756//5951 5761//5926 5744//5925
f 5756//5951 5744//5925 5742//5874
f 5977//5889 5976//5888 5994//5895
f 5977//5889 5994//5895 5995//5778
f 5663//5880 5642//5775 5662//5952
f 5943//5890 5659//5630 5658//5633
f 5943//5890 5658//5633 5788//5891
f 5661//5953 5662//5952 5642//5775
f 5661//5953 5642//5775 5638//5628
f 5661//5953 5638//5628 5784//5653
f 5784//5653 5660//5631 5659//5630
f 5784//5653 5659//5630 5661//5953
f 6145//5954 5943//5890 5977//5889
f 5663//5880 5662//5952 5978//5955
f 5978//5955 5662//5952 6145//5954
f 5978//5955 6066//5779 5942//5879
f 5978//5955 5942//5879 5663//5880
f 5996//5777 6066//5779 5978//5955
f 5978//5955 5977//5889 5995//5778
f 5978//5955 5995//5778 5996//5777
f 6145//5954 5977//5889 5978//5955
f 5661//5953 5659//5630 5943//5890
f 5661//5953 5943//5890 6145//5954
f 6145//5954 5662//5952 5661//5953
f 5872//5937 5871//5938 5880//5956
f 6123//5957 6101//5958 5880//5956
f 5933//5959 5928//5960 5927//5961
f 5933//5959 5927//5961 6109//5962
f 6162//5963 5906//5964 6104//5965
f 5923//5966 6159//5967 6165//5968
f 6171//5969 5923//5966 6170//5970
f 6054//5971 5933//5959 6157//5972
f 6054//5971 5929//5973 6152//5974
f 5676//5975 5648//5932 5678//5656
f 5676//5975 5678//5656 5679//5976
f 5679//5976 5678//5656 5683//5642
f 5679//5976 5683//5642 5682//5641
f 5691//5977 5676//5975 5679//5976
f 5679//5976 5682//5641 5693//5647
f 5679//5976 5693//5647 5692//5841
f 5679//5976 5692//5841 5691//5977
f 5691//5977 5692//5841 6090//5844
f 5691//5977 6090//5844 6093//5847
f 6093//5847 5700//5846 5691//5977
f 5734//5928 5740//5929 5728//5978
f 6120//5935 5648//5932 5676//5975
f 6120//5935 5676//5975 6121//5979
f 5700//5846 5710//5845 5711//5980
f 5726//5981 5711//5980 5710//5845
f 5732//5982 5730//5872 5729//5864
f 5732//5982 5729//5864 5733//5983
f 6182//5984 5726//5981 6137//5985
f 6181//5986 5711//5980 5726//5981
f 6181//5986 5726//5981 6182//5984
f 5701//5987 5711//5980 6181//5986
f 5701//5987 6181//5986 6180//5988
f 5716//5863 5707//5944 5708//5989
f 5716//5863 5708//5989 5718//5990
f 5733//5983 5729//5864 5716//5863
f 5733//5983 5716//5863 5718//5990
f 6181//5986 6182//5984 5733//5983
f 6181//5986 5733//5983 5718//5990
f 5674//5909 5658//5633 5645//5632
f 5674//5909 5645//5632 5644//5991
f 6067//5910 6117//5911 5674//5909
f 6067//5910 5674//5909 5644//5991
f 6069//5992 6068//5786 6067//5910
f 6069//5992 6067//5910 5644//5991
f 6068//5786 6069//5992 5633//5993
f 6069//5992 5644//5991 5645//5632
f 6069//5992 5645//5632 5643//5784
f 6142//5994 6141//5995 6132//5996
f 6142//5994 6132//5996 6176//5997
f 6099//5946 6055//5948 5776//5998
f 5712//5999 5710//5845 6090//5844
f 5712//5999 6090//5844 5702//5843
f 5720//6000 5710//5845 5712//5999
f 5940//6001 5941//6002 5748//6003
f 5750//6004 5749//6005 5748//6003
f 5750//6004 5748//6003 5941//6002
f 5737//6006 5738//6007 5750//6004
f 5737//6006 5750//6004 5941//6002
f 5735//6008 5736//6009 5940//6001
f 5940//6001 5736//6009 5737//6006
f 5940//6001 5737//6006 5941//6002
f 6130//6010 5774//6011 5772//5950
f 6130//6010 5772//5950 6131//6012
f 6131//6012 5772//5950 5773//5949
f 6131//6012 5773//5949 6132//5996
f 5763//6013 5762//6014 6130//6010
f 5763//6013 6130//6010 6131//6012
f 5763//6013 5747//6015 6134//6016
f 5763//6013 6134//6016 6135//6017
f 6141//5995 5747//6015 5763//6013
f 5763//6013 6133//6018 5762//6014
f 6131//6012 6132//5996 6141//5995
f 6131//6012 6141//5995 5763//6013
f 5749//6005 5750//6004 5751//5930
f 5749//6005 5751//5930 5752//5931
f 5752//5931 5753//5927 5754//6019
f 6055//5948 5779//6020 5783//6021
f 5754//6019 5753//5927 5761//5926
f 5754//6019 5761//5926 5760//6022
f 6187//6023 5752//5931 5754//6019
f 6187//6023 5754//6019 5767//6024
f 6132//5996 5773//5949 5782//6025
f 5782//6025 6176//5997 6132//5996
f 5774//6011 5776//5998 6055//5948
f 5780//6026 5781//6027 6055//5948
f 6055//5948 5781//6027 6191//6028
f 6078//6029 5780//6026 6055//5948
f 5775//5947 5779//6020 6055//5948
f 6055//5948 5783//6021 6078//6029
f 6055//5948 5772//5950 5774//6011
f 5782//6025 5773//5949 6055//5948
f 6191//6028 5782//6025 6055//5948
f 5783//6021 5779//6020 6126//6030
f 5754//6019 5760//6022 5767//6024
f 6126//6030 5779//6020 5778//6031
f 6193//6032 6192//6033 6126//6030
f 6193//6032 6126//6030 5778//6031
f 5766//6034 5752//5931 6187//6023
f 6194//6035 5766//6034 5767//6024
f 6194//6035 5767//6024 6193//6032
f 6187//6023 5767//6024 5766//6034
f 5749//6005 5752//5931 5766//6034
f 5749//6005 5766//6034 5765//6036
f 5778//6031 5779//6020 5775//5947
f 5778//6031 5775//5947 5777//6037
f 6194//6035 6193//6032 5778//6031
f 6194//6035 5778//6031 5777//6037
f 6195//6038 6194//6035 5777//6037
f 6195//6038 5766//6034 6194//6035
f 5765//6036 5766//6034 6195//6038
f 6129//6039 6126//6030 6192//6033
f 6192//6033 5767//6024 6129//6039
f 6193//6032 5767//6024 6192//6033
f 6078//6029 5783//6021 6126//6030
f 6078//6029 6126//6030 6127//6040
f 6128//6041 6127//6040 6126//6030
f 6128//6041 6126//6030 6129//6039
f 5767//6024 5760//6022 5771//6042
f 5771//6042 5760//6022 5768//6043
f 6129//6039 5767//6024 5771//6042
f 5771//6042 5768//6043 6197//6044
f 6197//6044 6128//6041 6129//6039
f 6197//6044 6129//6039 5771//6042
f 6196//6045 6127//6040 6128//6041
f 6196//6045 6128//6041 6197//6044
f 6134//6016 5745//6046 5746//6047
f 5746//6047 6135//6017 6134//6016
f 5940//6001 5748//6003 5746//6047
f 5735//6008 5940//6001 5759//6048
f 5759//6048 5940//6001 5746//6047
f 5759//6048 5746//6047 5745//6046
f 6136//6049 5747//6015 6141//5995
f 6136//6049 6141//5995 6142//5994
f 5715//5871 5705//5650 5709//5652
f 5715//5871 5709//5652 5719//5867
f 5728//5978 5721//5870 6098//5869
f 6098//5869 5723//5866 5734//5928
f 6098//5869 5734//5928 5728//5978
f 5677//6050 5635//5936 6120//5935
f 5677//6050 6120//5935 6121//5979
f 6121//5979 5676//5975 6100//6051
f 5701//5987 5700//5846 5711//5980
f 5701//5987 6180//5988 6179//6052
f 5701//5987 6179//6052 6199//6053
f 5676//5975 5691//5977 6100//6051
f 6100//6051 5691//5977 5700//5846
f 6100//6051 5700//5846 5701//5987
f 5701//5987 6199//6053 6100//6051
f 6198//6054 5677//6050 6121//5979
f 6178//6055 5677//6050 6198//6054
f 6198//6054 6121//5979 6100//6051
f 6198//6054 6100//6051 6199//6053
f 6199//6053 6179//6052 6178//6055
f 6199//6053 6178//6055 6198//6054
f 5640//5639 5625//5619 5628//5618
f 5640//5639 5628//5618 5641//5940
f 5641//5940 5628//5618 5669//5781
f 5641//5940 5669//5781 5670//5785
f 5641//5940 5670//5785 6200//6056
f 5686//6057 5685//5939 5641//5940
f 5686//6057 5641//5940 6200//6056
f 5636//6058 5635//5936 5677//6050
f 5636//6058 5677//6050 5688//6059
f 5687//6060 6124//5942 5685//5939
f 5687//6060 5685//5939 5686//6057
f 6125//5945 6124//5942 5687//6060
f 6125//5945 5687//6060 5696//6061
f 5696//6061 5707//5944 6125//5945
f 5698//6062 5688//6059 5677//6050
f 5698//6062 5677//6050 6178//6055
f 6202//6063 5688//6059 5698//6062
f 6203//6064 5687//6060 6202//6063
f 6203//6064 6202//6063 5698//6062
f 5708//5989 5698//6062 6178//6055
f 5708//5989 6178//6055 6179//6052
f 6203//6064 5698//6062 5708//5989
f 6179//6052 6180//5988 5708//5989
f 5708//5989 6180//5988 6181//5986
f 5708//5989 6181//5986 5718//5990
f 5708//5989 5707//5944 5696//6061
f 5708//5989 5696//6061 6203//6064
f 6203//6064 5696//6061 5687//6060
f 6133//6018 5765//6036 5764//6065
f 5764//6065 5765//6036 6195//6038
f 5764//6065 5762//6014 6133//6018
f 6130//6010 5762//6014 5764//6065
f 5764//6065 5776//5998 5774//6011
f 5764//6065 5774//6011 6130//6010
f 6099//5946 5776//5998 5764//6065
f 5777//6037 5775//5947 6099//5946
f 5777//6037 6099//5946 5764//6065
f 6195//6038 5777//6037 5764//6065
f 6135//6017 5746//6047 5748//6003
f 6135//6017 5748//6003 6133//6018
f 6133//6018 5748//6003 5749//6005
f 6133//6018 5749//6005 5765//6036
f 5763//6013 6135//6017 6133//6018
f 5633//5993 5634//5934 5635//5936
f 5633//5993 5635//5936 5636//6058
f 6069//5992 5643//5784 5634//5934
f 6069//5992 5634//5934 5633//5993
f 5633//5993 5636//6058 6201//6066
f 6201//6066 6200//6056 5670//5785
f 6201//6066 5670//5785 5633//5993
f 5633//5993 5670//5785 6068//5786
f 6201//6066 5636//6058 5688//6059
f 6201//6066 5688//6059 6202//6063
f 5686//6057 6200//6056 6201//6066
f 6202//6063 5687//6060 5686//6057
f 6202//6063 5686//6057 6201//6066
f 5703//5842 5693//5647 5694//5646
f 5703//5842 5694//5646 5704//5651
f 5712//5999 5702//5843 5703//5842
f 5712//5999 5703//5842 5714//6067
f 5714//6067 5703//5842 5704//5651
f 5714//6067 5704//5651 6204//6068
f 5727//6069 6091//6070 5721//5870
f 5727//6069 5721//5870 5728//5978
f 6092//6071 5738//6007 5737//6006
f 6207//6072 5727//6069 6208//6073
f 6208//6073 5727//6069 5739//6074
f 5739//6074 5727//6069 5728//5978
f 5739//6074 5738//6007 6092//6071
f 5739//6074 6092//6071 6208//6073
f 5751//5930 5750//6004 5738//6007
f 5751//5930 5738//6007 5739//6074
f 5728//5978 5740//5929 5739//6074
f 5739//6074 5740//5929 5751//5930
f 6091//6070 5727//6069 6206//6075
f 6209//6076 6205//6077 6206//6075
f 6209//6076 6210//6078 6089//6079
f 5712//5999 6089//6079 6185//6080
f 6186//6081 6092//6071 5737//6006
f 6212//6082 6211//6083 6186//6081
f 5726//5981 5710//5845 5720//6000
f 5720//6000 5712//5999 6185//6080
f 6186//6081 5737//6006 5736//6009
f 6186//6081 5736//6009 5724//6084
f 6213//6085 6212//6082 6186//6081
f 6213//6085 6186//6081 5724//6084
f 5725//6086 5726//5981 5720//6000
f 5725//6086 5724//6084 5736//6009
f 5725//6086 5736//6009 5735//6008
f 6213//6085 5724//6084 5725//6086
f 5725//6086 5720//6000 6213//6085
f 6213//6085 5720//6000 6185//6080
f 6213//6085 6185//6080 6212//6082
f 5713//6087 5704//5651 5705//5650
f 5713//6087 5705//5650 5715//5871
f 6204//6068 5704//5651 5713//6087
f 6091//6070 6205//6077 6204//6068
f 6091//6070 6204//6068 5713//6087
f 5713//6087 5715//5871 5721//5870
f 5713//6087 5721//5870 6091//6070
f 6089//6079 5712//5999 5714//6067
f 6089//6079 5714//6067 6204//6068
f 6089//6079 6204//6068 6205//6077
f 6211//6083 6212//6082 6185//6080
f 6211//6083 6185//6080 6089//6079
f 6089//6079 6205//6077 6209//6076
f 6089//6079 6210//6078 6211//6083
f 6177//6088 6092//6071 6186//6081
f 6207//6072 6208//6073 6092//6071
f 6207//6072 6092//6071 6177//6088
f 6177//6088 6186//6081 6211//6083
f 6177//6088 6211//6083 6210//6078
f 6206//6075 6207//6072 6177//6088
f 6177//6088 6210//6078 6209//6076
f 6177//6088 6209//6076 6206//6075
f 6206//6075 5727//6069 6207//6072
f 6206//6075 6205//6077 6091//6070
f 5742//5874 5741//5873 5757//6089
f 5742//5874 5757//6089 5756//5951
f 5760//6022 5761//5926 5756//5951
f 5760//6022 5756//5951 5769//6090
f 5768//6043 5760//6022 5769//6090
f 6140//6091 5768//6043 5769//6090
f 6140//6091 5769//6090 6214//6092
f 5769//6090 5756//5951 6214//6092
f 5756//5951 5757//6089 5755//6093
f 5755//6093 6214//6092 5756//5951
f 6140//6091 6214//6092 5755//6093
f 6183//6094 6140//6091 5755//6093
f 6134//6016 5747//6015 6136//6049
f 6188//6095 5745//6046 6134//6016
f 6188//6095 6134//6016 6136//6049
f 6136//6049 6142//5994 6184//6096
f 6184//6096 6183//6094 6136//6049
f 6140//6091 6183//6094 6184//6096
f 6140//6091 6184//6096 6143//6097
f 6184//6096 6234//6098 6143//6097
f 6196//6045 6197//6044 5768//6043
f 6196//6045 5768//6043 6189//6099
f 6176//5997 5782//6025 6144//6100
f 6144//6100 6143//6097 6234//6098
f 6144//6100 5782//6025 6191//6028
f 6191//6028 5781//6027 6144//6100
f 6189//6099 5768//6043 6140//6091
f 5781//6027 5780//6026 6190//6101
f 6190//6101 5780//6026 6078//6029
f 6190//6101 6078//6029 6127//6040
f 6144//6100 5781//6027 6190//6101
f 6143//6097 6144//6100 6190//6101
f 6196//6045 6189//6099 6190//6101
f 6190//6101 6189//6099 6143//6097
f 6190//6101 6127//6040 6196//6045
f 5857//6102 5856//5923 5866//5922
f 5857//6102 5866//5922 5867//6103
f 5867//6103 5866//5922 5873//6104
f 5873//6104 5866//5922 5872//5937
f 5867//6103 5873//6104 6215//6105
f 5874//6106 5867//6103 6215//6105
f 5876//6107 5867//6103 5874//6106
f 6102//6108 5874//6106 6216//6109
f 6216//6109 5874//6106 6215//6105
f 6085//5836 5864//5835 5881//5838
f 6085//5836 5881//5838 6086//6110
f 5871//5938 5863//5837 6085//5836
f 5871//5938 6085//5836 6086//6110
f 6083//5882 5845//5830 5853//5881
f 5864//5835 6073//5834 5853//5881
f 5845//5830 6077//6111 5861//6112
f 5845//5830 5852//5831 6077//6111
f 6077//6111 5860//6113 5861//6112
f 5861//6112 5870//5677 5864//5835
f 5861//6112 5864//5835 5853//5881
f 5853//5881 5845//5830 5861//6112
f 5841//6114 5800//5825 6076//6115
f 6075//5916 5825//5796 5826//6116
f 6075//5916 5826//6116 6076//6115
f 5799//5798 5810//5799 6075//5916
f 5799//5798 6075//5916 6076//6115
f 5800//5825 5799//5798 6076//6115
f 5792//5823 5627//5621 5626//5620
f 5792//5823 5626//5620 5791//5666
f 6079//6117 5805//6118 5842//6119
f 6079//6117 5842//6119 6080//6120
f 5792//5823 5805//6118 6079//6117
f 6217//6121 5826//6116 5825//5796
f 6217//6121 5825//5796 5792//5823
f 6217//6121 6079//6117 6080//6120
f 6217//6121 6080//6120 5841//6114
f 5841//6114 6080//6120 5840//6122
f 5841//6114 5840//6122 5843//5829
f 5841//6114 5843//5829 5800//5825
f 6076//6115 5826//6116 5841//6114
f 5841//6114 5826//6116 6217//6121
f 6217//6121 5792//5823 6079//6117
f 5726//5981 5725//6086 6137//5985
f 6137//5985 5732//5982 5733//5983
f 6137//5985 5733//5983 6182//5984
f 5741//5873 5730//5872 5732//5982
f 5741//5873 5732//5982 5743//6123
f 6138//6124 6137//5985 5725//6086
f 6138//6124 5725//6086 5735//6008
f 6218//6125 5743//6123 5732//5982
f 6218//6125 5732//5982 6137//5985
f 6218//6125 6137//5985 6138//6124
f 5758//6126 5757//6089 5741//5873
f 5758//6126 5741//5873 5743//6123
f 6139//6127 6138//6124 5735//6008
f 6139//6127 5735//6008 5759//6048
f 6139//6127 5759//6048 5745//6046
f 6139//6127 5745//6046 6188//6095
f 5770//6128 5758//6126 6219//6129
f 5755//6093 5757//6089 5758//6126
f 5755//6093 5758//6126 5770//6128
f 6183//6094 5755//6093 5770//6128
f 5770//6128 6136//6049 6183//6094
f 6188//6095 6136//6049 5770//6128
f 6219//6129 6139//6127 6188//6095
f 6219//6129 6188//6095 5770//6128
f 6219//6129 5758//6126 5743//6123
f 6219//6129 5743//6123 6218//6125
f 6219//6129 6218//6125 6138//6124
f 6219//6129 6138//6124 6139//6127
f 6081//5827 5797//5826 5832//5828
f 6081//5827 5832//5828 6082//5884
f 5831//6130 6083//5882 5846//5883
f 5855//5924 5854//5833 5863//5837
f 5863//5837 5865//5921 5855//5924
f 5831//6130 5812//5824 6081//5827
f 5831//6130 6081//5827 6082//5884
f 5833//6131 5834//5690 5812//5824
f 5833//6131 5812//5824 5831//6130
f 5831//6130 6082//5884 6083//5882
f 6119//6132 5846//5883 5854//5833
f 5835//6133 5838//5687 5834//5690
f 5835//6133 5834//5690 5833//6131
f 5833//6131 5831//6130 5846//5883
f 5833//6131 5846//5883 6119//6132
f 6119//6132 5854//5833 5855//5924
f 6119//6132 5855//5924 5856//5923
f 6119//6132 5856//5923 5847//6134
f 5835//6133 5836//5887 5837//5688
f 5835//6133 5837//5688 5838//5687
f 5835//6133 5833//6131 6119//6132
f 5835//6133 6119//6132 5847//6134
f 5848//6135 5849//6136 5844//5886
f 5836//5887 5835//6133 5847//6134
f 5836//5887 5847//6134 5848//6135
f 5848//6135 5847//6134 5856//5923
f 5848//6135 5856//5923 5857//6102
f 5844//5886 5836//5887 5848//6135
f 5857//6102 5858//6137 5849//6136
f 5857//6102 5849//6136 5848//6135
f 5858//6137 5857//6102 5867//6103
f 5858//6137 5867//6103 5876//6107
f 5804//6138 5805//6118 5792//5823
f 5804//6138 5792//5823 5791//5666
f 5804//6138 5791//5666 5790//5665
f 5804//6138 5790//5665 5828//5671
f 6106//6139 5842//6119 5805//6118
f 6106//6139 5805//6118 5804//6138
f 5827//5885 5844//5886 6106//6139
f 5804//6138 5828//5671 5827//5885
f 5804//6138 5827//5885 6106//6139
f 6106//6139 5844//5886 6107//6140
f 6107//6140 5844//5886 5849//6136
f 6107//6140 5849//6136 6108//6141
f 6108//6141 5849//6136 5858//6137
f 6108//6141 5858//6137 5862//6142
f 5862//6142 5858//6137 5876//6107
f 5862//6142 5876//6107 6146//6143
f 6146//6143 5868//5672 5859//6144
f 6146//6143 5859//6144 5862//6142
f 5839//6145 5842//6119 6106//6139
f 5839//6145 6106//6139 6107//6140
f 5840//6122 6080//6120 5842//6119
f 5840//6122 5842//6119 5839//6145
f 5850//6146 5839//6145 6107//6140
f 5850//6146 6107//6140 6108//6141
f 5850//6146 6108//6141 5862//6142
f 5850//6146 5862//6142 5859//6144
f 5852//5831 5843//5829 5840//6122
f 5852//5831 5840//6122 5851//6147
f 6077//6111 5852//5831 5851//6147
f 6220//6148 5850//6146 5859//6144
f 6220//6148 5859//6144 5860//6113
f 5860//6113 5859//6144 5868//5672
f 5860//6113 5868//5672 5869//5675
f 6077//6111 5851//6147 5860//6113
f 5860//6113 5851//6147 6220//6148
f 5869//5675 5870//5677 5861//6112
f 5869//5675 5861//6112 5860//6113
f 5839//6145 5850//6146 6220//6148
f 5851//6147 5840//6122 5839//6145
f 5851//6147 5839//6145 6220//6148
f 6146//6143 5876//6107 5874//6106
f 6146//6143 5874//6106 5875//6149
f 5875//6149 5877//5673 5868//5672
f 5875//6149 5868//5672 6146//6143
f 6216//6109 6215//6105 5873//6104
f 6216//6109 5873//6104 5883//6150
f 5883//6150 5873//6104 6101//5958
f 5872//5937 5880//5956 6101//5958
f 6101//5958 5873//6104 5872//5937
f 6087//6151 5882//5839 5889//5840
f 6087//6151 5889//5840 6088//6152
f 6086//6110 5881//5838 5882//5839
f 6086//6110 5882//5839 6087//6151
f 6087//6151 5880//5956 5871//5938
f 6087//6151 5871//5938 6086//6110
f 6122//6153 5883//6150 6101//5958
f 6122//6153 6101//5958 6123//5957
f 6102//6108 5883//6150 6122//6153
f 6216//6109 5883//6150 6102//6108
f 5884//6154 5874//6106 6102//6108
f 5875//6149 5874//6106 5884//6154
f 5875//6149 5884//6154 5885//6155
f 5886//5678 5877//5673 5875//6149
f 5886//5678 5875//6149 5885//6155
f 5904//6156 5885//6155 5884//6154
f 5904//6156 5884//6154 6222//6157
f 6165//5968 6159//5967 5918//6158
f 5930//6159 5929//5973 5932//6160
f 5930//6159 5932//6160 5916//6161
f 5916//6161 6154//6162 5930//6159
f 6157//5972 5933//5959 6109//5962
f 6157//5972 6109//5962 6156//6163
f 6157//5972 6156//6163 5934//6164
f 6155//6165 5919//6166 6158//6167
f 6158//6167 6156//6163 6155//6165
f 6158//6167 5919//6166 5918//6158
f 6158//6167 5918//6158 6159//5967
f 6223//6168 5916//6161 5915//6169
f 5915//6169 5916//6161 6175//6170
f 5928//5960 5933//5959 6054//5971
f 5932//6160 5929//5973 6054//5971
f 6175//6170 5916//6161 5932//6160
f 6175//6170 5932//6160 6174//6171
f 5917//6172 5915//6169 6175//6170
f 6171//5969 6170//5970 6169//6173
f 6171//5969 6169//6173 5917//6172
f 5917//6172 6175//6170 6173//6174
f 6173//6174 6171//5969 5917//6172
f 6172//6175 6171//5969 6173//6174
f 6174//6171 6054//5971 5931//6176
f 6054//5971 5934//6164 5935//6177
f 6157//5972 5934//6164 6054//5971
f 5925//6178 5928//5960 6054//5971
f 6152//5974 5925//6178 6054//5971
f 6054//5971 5935//6177 5936//6179
f 6174//6171 5932//6160 6054//5971
f 6173//6174 6175//6170 5931//6176
f 5931//6176 6175//6170 6174//6171
f 6054//5971 5936//6179 5931//6176
f 5931//6176 5936//6179 6172//6175
f 5931//6176 6172//6175 6173//6174
f 6158//6167 6159//5967 6224//6180
f 6224//6180 5934//6164 6156//6163
f 6156//6163 6158//6167 6224//6180
f 6224//6180 6159//5967 6164//6181
f 5924//6182 5935//6177 6164//6181
f 6164//6181 5935//6177 5934//6164
f 6164//6181 5934//6164 6224//6180
f 5924//6182 6172//6175 5936//6179
f 6171//5969 6172//6175 5924//6182
f 5924//6182 5923//5966 6171//5969
f 6164//6181 6159//5967 5923//5966
f 6164//6181 5923//5966 5924//6182
f 5901//6183 5900//5681 5887//5679
f 5901//6183 5887//5679 5886//5678
f 5901//6183 5886//5678 5885//6155
f 5901//6183 5885//6155 5904//6156
f 5901//6183 5904//6156 5905//6184
f 5905//6184 5908//6185 5901//6183
f 6123//5957 5880//5956 5892//6186
f 6148//6187 6088//6152 6149//6188
f 6148//6187 5894//6189 5893//6190
f 6148//6187 5893//6190 5892//6186
f 5892//6186 5893//6190 6123//5957
f 5892//6186 5880//5956 6087//6151
f 6088//6152 6148//6187 5892//6186
f 6087//6151 6088//6152 5892//6186
f 5890//6191 5889//5840 5902//5682
f 5890//6191 5902//5682 5903//6192
f 6088//6152 5889//5840 5890//6191
f 6149//6188 6088//6152 5890//6191
f 5891//6193 6148//6187 6149//6188
f 5891//6193 6162//5963 6104//5965
f 5894//6189 6148//6187 5891//6193
f 6104//5965 5894//6189 5891//6193
f 6149//6188 5890//6191 6226//6194
f 6226//6194 5890//6191 6161//6195
f 6161//6195 5890//6191 6160//6196
f 6161//6195 6160//6196 5911//6197
f 6161//6195 5911//6197 5906//5964
f 6161//6195 5906//5964 6162//5963
f 6161//6195 6162//5963 5891//6193
f 6161//6195 5891//6193 6226//6194
f 5891//6193 6149//6188 6226//6194
f 5900//5681 5901//6183 5908//6185
f 5900//5681 5908//6185 5909//6198
f 5918//6158 5919//6166 5920//6199
f 6227//6200 5909//6198 5908//6185
f 6227//6200 5908//6185 5910//6201
f 5910//6201 5908//6185 5905//6184
f 5918//6158 5920//6199 5910//6201
f 5910//6201 5920//6199 6227//6200
f 5903//6192 5902//5682 5900//5681
f 5903//6192 5900//5681 5909//6198
f 6160//6196 5890//6191 5903//6192
f 6163//6202 5909//6198 6227//6200
f 5911//6197 6160//6196 6163//6202
f 6227//6200 5920//6199 6163//6202
f 5903//6192 5909//6198 6163//6202
f 6163//6202 6160//6196 5903//6192
f 6150//6203 5919//6166 6155//6165
f 6105//6204 5906//5964 5911//6197
f 6105//6204 5911//6197 5912//6205
f 5912//6205 5913//6206 6105//6204
f 6150//6203 6155//6165 5921//6207
f 6163//6202 5920//6199 5919//6166
f 6163//6202 5919//6166 6150//6203
f 5911//6197 6163//6202 6150//6203
f 5921//6207 5927//5961 5912//6205
f 6109//5962 5927//5961 5921//6207
f 6156//6163 6109//5962 5921//6207
f 5921//6207 6155//6165 6156//6163
f 5911//6197 6150//6203 5921//6207
f 5921//6207 5912//6205 5911//6197
f 6122//6153 6123//5957 5893//6190
f 6122//6153 5893//6190 5898//6208
f 6222//6157 5884//6154 6102//6108
f 6222//6157 6102//6108 6221//6209
f 6221//6209 6102//6108 6122//6153
f 5897//6210 6222//6157 6221//6209
f 5897//6210 6221//6209 6228//6211
f 5897//6210 5904//6156 6222//6157
f 5893//6190 5894//6189 6147//6212
f 5893//6190 6147//6212 5898//6208
f 6228//6211 6221//6209 6122//6153
f 6228//6211 6122//6153 5898//6208
f 6154//6162 5916//6161 6223//6168
f 5914//6213 6229//6214 5895//6215
f 6104//5965 5906//5964 5914//6213
f 5914//6213 5906//5964 6105//6204
f 6153//6216 6154//6162 5914//6213
f 5914//6213 6154//6162 6229//6214
f 5926//6217 5927//5961 5928//5960
f 5926//6217 5928//5960 5925//6178
f 5913//6206 5912//6205 5927//5961
f 5913//6206 5927//5961 5926//6217
f 6151//6218 5930//6159 6154//6162
f 6151//6218 6154//6162 6153//6216
f 6153//6216 6105//6204 5913//6206
f 5914//6213 6105//6204 6153//6216
f 5929//5973 5930//6159 6151//6218
f 5926//6217 5925//6178 6152//5974
f 5926//6217 6152//5974 6151//6218
f 6151//6218 6152//5974 5929//5973
f 6151//6218 6153//6216 5913//6206
f 6151//6218 5913//6206 5926//6217
f 5910//6201 5905//6184 6225//6219
f 6225//6219 5905//6184 5899//6220
f 6103//6221 5896//6222 5897//6210
f 6103//6221 5897//6210 6228//6211
f 6169//6173 6168//6223 5907//6224
f 5922//6225 6229//6214 6154//6162
f 6228//6211 5898//6208 6147//6212
f 6228//6211 6147//6212 6103//6221
f 5922//6225 6154//6162 6223//6168
f 6233//6226 6103//6221 5895//6215
f 5895//6215 6103//6221 6147//6212
f 5895//6215 5894//6189 6104//5965
f 6147//6212 5894//6189 5895//6215
f 6229//6214 5922//6225 5895//6215
f 5895//6215 6104//5965 5914//6213
f 5907//6224 5915//6169 5917//6172
f 5907//6224 5917//6172 6169//6173
f 5922//6225 6223//6168 5915//6169
f 5922//6225 5915//6169 5907//6224
f 6233//6226 5922//6225 5907//6224
f 5907//6224 6232//6227 6233//6226
f 6232//6227 6103//6221 6233//6226
f 5895//6215 5922//6225 6233//6226
f 6231//6228 5907//6224 6168//6223
f 6232//6227 5907//6224 6231//6228
f 6231//6228 5896//6222 6103//6221
f 6231//6228 6103//6221 6232//6227
f 5899//6220 5904//6156 5897//6210
f 5899//6220 5897//6210 5896//6222
f 5905//6184 5904//6156 5899//6220
f 6231//6228 6168//6223 6230//6229
f 6230//6229 6225//6219 5899//6220
f 6230//6229 5899//6220 5896//6222
f 6230//6229 5896//6222 6231//6228
f 6167//6230 6230//6229 6168//6223
f 5918//6158 5910//6201 6167//6230
f 6166//6231 5923//5966 6165//5968
f 6170//5970 5923//5966 6166//6231
f 6166//6231 6165//5968 5918//6158
f 6166//6231 5918//6158 6167//6230
f 6166//6231 6167//6230 6168//6223
f 6166//6231 6168//6223 6169//6173
f 6166//6231 6169//6173 6170//5970
f 6225//6219 6230//6229 6167//6230
f 6167//6230 5910//6201 6225//6219
f 6184//6096 6142//5994 6234//6098
f 6144//6100 6234//6098 6142//5994
f 6144//6100 6142//5994 6176//5997
f 6189//6099 6140//6091 6143//6097
f 5924//6182 5936//6179 5935//6177
f 6118//5919 5829//5920 5939//5692
f 6114//5903 5992//5901 6045//5900
f 6047//5897 6113//5896 6046//5899
f 6261//6232 6236//6233 6235//6234
f 6261//6232 6235//6234 6260//6235
f 6240//6236 6261//6232 6260//6235
f 6240//6236 6260//6235 6238//6237
f 6261//6232 6278//6238 6237//6239
f 6261//6232 6237//6239 6236//6233
f 6262//6240 6236//6233 6237//6239
f 6262//6240 6237//6239 6263//6241
f 6266//6242 6265//6243 6264//6244
f 6266//6242 6264//6244 6262//6240
f 6240//6236 6242//6245 6243//6246
f 6240//6236 6243//6246 6241//6247
f 6241//6247 6243//6246 6267//6248
f 6241//6247 6267//6248 6244//6249
f 6261//6232 6240//6236 6241//6247
f 6261//6232 6241//6247 6278//6238
f 6241//6247 6244//6249 6277//6250
f 6241//6247 6277//6250 6278//6238
f 6243//6246 6242//6245 6255//6251
f 6243//6246 6255//6251 6256//6252
f 6255//6251 6242//6245 6239//6253
f 6255//6251 6239//6253 6254//6254
f 6240//6236 6238//6237 6239//6253
f 6240//6236 6239//6253 6242//6245
f 6235//6234 6236//6233 6262//6240
f 6235//6234 6262//6240 6264//6244
f 6266//6242 6262//6240 6263//6241
f 6266//6242 6263//6241 6247//6255
f 6274//6256 6272//6257 6271//6258
f 6274//6256 6271//6258 6273//6259
f 6271//6258 6270//6260 6275//6261
f 6271//6258 6275//6261 6273//6259
f 6269//6262 6268//6263 6248//6264
f 6269//6262 6248//6264 6249//6265
f 6268//6263 6317//6266 6275//6261
f 6268//6263 6275//6261 6270//6260
f 6271//6258 6245//6267 6246//6268
f 6271//6258 6246//6268 6270//6260
f 6272//6257 6276//6269 6245//6267
f 6272//6257 6245//6267 6271//6258
f 6274//6256 6247//6255 6263//6241
f 6274//6256 6263//6241 6272//6257
f 6266//6242 6247//6255 6292//6270
f 6266//6242 6292//6270 6293//6271
f 6247//6255 6274//6256 6295//6272
f 6247//6255 6295//6272 6292//6270
f 6274//6256 6273//6259 6294//6273
f 6274//6256 6294//6273 6295//6272
f 6273//6259 6275//6261 6296//6274
f 6273//6259 6296//6274 6294//6273
f 6263//6241 6237//6239 6276//6269
f 6263//6241 6276//6269 6272//6257
f 6276//6269 6237//6239 6278//6238
f 6276//6269 6278//6238 6277//6250
f 6245//6267 6276//6269 6277//6250
f 6245//6267 6277//6250 6286//6275
f 6246//6268 6245//6267 6286//6275
f 6246//6268 6286//6275 6282//6276
f 6248//6264 6246//6268 6282//6276
f 6248//6264 6282//6276 6280//6277
f 6249//6265 6248//6264 6280//6277
f 6249//6265 6280//6277 6281//6278
f 6270//6260 6246//6268 6248//6264
f 6270//6260 6248//6264 6268//6263
f 6279//6279 6250//6280 6314//6281
f 6279//6279 6314//6281 6316//6282
f 6279//6279 6316//6282 6269//6262
f 6279//6279 6269//6262 6249//6265
f 6250//6280 6279//6279 6322//6283
f 6250//6280 6322//6283 6309//6284
f 6279//6279 6249//6265 6281//6278
f 6279//6279 6281//6278 6322//6283
f 6250//6280 6251//6285 6315//6286
f 6250//6280 6315//6286 6314//6281
f 6251//6285 6250//6280 6309//6284
f 6251//6285 6309//6284 6308//6287
f 6281//6278 6280//6277 6284//6288
f 6281//6278 6284//6288 6252//6289
f 6280//6277 6282//6276 6283//6290
f 6280//6277 6283//6290 6284//6288
f 6285//6291 6283//6290 6282//6276
f 6285//6291 6282//6276 6286//6275
f 6287//6292 6253//6293 6309//6284
f 6287//6292 6309//6284 6322//6283
f 6281//6278 6252//6289 6287//6292
f 6281//6278 6287//6292 6322//6283
f 6253//6293 6287//6292 6288//6294
f 6253//6293 6288//6294 6300//6295
f 6287//6292 6252//6289 6289//6296
f 6287//6292 6289//6296 6288//6294
f 6298//6297 6289//6296 6252//6289
f 6298//6297 6252//6289 6284//6288
f 6285//6291 6286//6275 6277//6250
f 6285//6291 6277//6250 6244//6249
f 6293//6271 6255//6251 6254//6254
f 6293//6271 6254//6254 6290//6298
f 6256//6252 6255//6251 6293//6271
f 6256//6252 6293//6271 6292//6270
f 6243//6246 6256//6252 6291//6299
f 6243//6246 6291//6299 6267//6248
f 6256//6252 6292//6270 6295//6272
f 6256//6252 6295//6272 6291//6299
f 6291//6299 6295//6272 6294//6273
f 6291//6299 6294//6273 6297//6300
f 6297//6300 6294//6273 6296//6274
f 6297//6300 6296//6274 6257//6301
f 6258//6302 6267//6248 6291//6299
f 6258//6302 6291//6299 6297//6300
f 6285//6291 6258//6302 6259//6303
f 6285//6291 6259//6303 6283//6290
f 6298//6297 6284//6288 6283//6290
f 6298//6297 6283//6290 6259//6303
f 6298//6297 6259//6303 6257//6301
f 6298//6297 6257//6301 6319//6304
f 6259//6303 6258//6302 6297//6300
f 6259//6303 6297//6300 6257//6301
f 6244//6249 6267//6248 6258//6302
f 6244//6249 6258//6302 6285//6291
f 6266//6242 6293//6271 6290//6298
f 6266//6242 6290//6298 6265//6243
f 6326//6305 6327//6306 6308//6287
f 6326//6305 6308//6287 6307//6307
f 6325//6308 6326//6305 6307//6307
f 6325//6308 6307//6307 6299//6309
f 6325//6308 6299//6309 6301//6310
f 6325//6308 6301//6310 6324//6311
f 6299//6309 6300//6295 6304//6312
f 6299//6309 6304//6312 6301//6310
f 6302//6313 6323//6314 6324//6311
f 6302//6313 6324//6311 6301//6310
f 6304//6312 6303//6315 6302//6313
f 6304//6312 6302//6313 6301//6310
f 6304//6312 6300//6295 6288//6294
f 6304//6312 6288//6294 6306//6316
f 6288//6294 6289//6296 6305//6317
f 6288//6294 6305//6317 6306//6316
f 6307//6307 6253//6293 6300//6295
f 6307//6307 6300//6295 6299//6309
f 6253//6293 6307//6307 6308//6287
f 6253//6293 6308//6287 6309//6284
f 6251//6285 6308//6287 6327//6306
f 6251//6285 6327//6306 6328//6318
f 6311//6319 6317//6266 6268//6263
f 6311//6319 6268//6263 6269//6262
f 6316//6282 6310//6320 6311//6319
f 6316//6282 6311//6319 6269//6262
f 6330//6321 6312//6322 6315//6286
f 6330//6321 6315//6286 6329//6323
f 6312//6322 6330//6321 6323//6314
f 6312//6322 6323//6314 6302//6313
f 6313//6324 6312//6322 6302//6313
f 6313//6324 6302//6313 6303//6315
f 6316//6282 6314//6281 6313//6324
f 6316//6282 6313//6324 6310//6320
f 6313//6324 6314//6281 6315//6286
f 6313//6324 6315//6286 6312//6322
f 6315//6286 6251//6285 6328//6318
f 6315//6286 6328//6318 6329//6323
f 6275//6261 6317//6266 6321//6325
f 6275//6261 6321//6325 6296//6274
f 6310//6320 6320//6326 6318//6327
f 6310//6320 6318//6327 6311//6319
f 6313//6324 6303//6315 6320//6326
f 6313//6324 6320//6326 6310//6320
f 6321//6325 6317//6266 6311//6319
f 6321//6325 6311//6319 6318//6327
f 6305//6317 6319//6304 6321//6325
f 6305//6317 6321//6325 6318//6327
f 6257//6301 6296//6274 6321//6325
f 6257//6301 6321//6325 6319//6304
f 6303//6315 6304//6312 6306//6316
f 6303//6315 6306//6316 6320//6326
f 6306//6316 6305//6317 6318//6327
f 6306//6316 6318//6327 6320//6326
f 6305//6317 6289//6296 6298//6297
f 6305//6317 6298//6297 6319//6304
f 6435//6328 6434//6329 6365//6330
f 6435//6328 6365//6330 6369//6331
f 6331//6332 6332//6333 6354//6334
f 6331//6332 6354//6334 6355//6335
f 6337//6336 6340//6337 6338//6338
f 6337//6336 6338//6338 6357//6339
f 6339//6340 6340//6337 6337//6336
f 6339//6340 6337//6336 6336//6341
f 6341//6342 6342//6343 6335//6344
f 6341//6342 6335//6344 6333//6345
f 6342//6343 6339//6340 6336//6341
f 6342//6343 6336//6341 6335//6344
f 6342//6343 6341//6342 6343//6346
f 6342//6343 6343//6346 6344//6347
f 6342//6343 6344//6347 6345//6348
f 6342//6343 6345//6348 6339//6340
f 6344//6347 6343//6346 6405//6349
f 6344//6347 6405//6349 6406//6350
f 6345//6348 6344//6347 6406//6350
f 6345//6348 6406//6350 6350//6351
f 6346//6352 6345//6348 6350//6351
f 6346//6352 6350//6351 6348//6353
f 6347//6354 6346//6352 6348//6353
f 6347//6354 6348//6353 6349//6355
f 6349//6355 6348//6353 6366//6356
f 6349//6355 6366//6356 6367//6357
f 6348//6353 6350//6351 6374//6358
f 6348//6353 6374//6358 6366//6356
f 6339//6340 6345//6348 6346//6352
f 6339//6340 6346//6352 6340//6337
f 6343//6346 6351//6359 6407//6360
f 6343//6346 6407//6360 6405//6349
f 6352//6361 6353//6362 6403//6363
f 6352//6361 6403//6363 6408//6364
f 6351//6359 6352//6361 6408//6364
f 6351//6359 6408//6364 6407//6360
f 6355//6335 6354//6334 6353//6362
f 6355//6335 6353//6362 6352//6361
f 6355//6335 6352//6361 6351//6359
f 6355//6335 6351//6359 6356//6365
f 6331//6332 6355//6335 6356//6365
f 6331//6332 6356//6365 6334//6366
f 6334//6366 6356//6365 6341//6342
f 6334//6366 6341//6342 6333//6345
f 6356//6365 6351//6359 6343//6346
f 6356//6365 6343//6346 6341//6342
f 6338//6338 6340//6337 6346//6352
f 6338//6338 6346//6352 6347//6354
f 6336//6341 6337//6336 6381//6367
f 6336//6341 6381//6367 6380//6368
f 6337//6336 6357//6339 6382//6369
f 6337//6336 6382//6369 6381//6367
f 6359//6370 6360//6371 6380//6368
f 6359//6370 6380//6368 6381//6367
f 6361//6372 6362//6373 6379//6374
f 6361//6372 6379//6374 6378//6375
f 6360//6371 6361//6372 6378//6375
f 6360//6371 6378//6375 6380//6368
f 6363//6376 6362//6373 6370//6377
f 6363//6376 6370//6377 6371//6378
f 6362//6373 6363//6376 6436//6379
f 6362//6373 6436//6379 6379//6374
f 6364//6380 6365//6330 6434//6329
f 6364//6380 6434//6329 6437//6381
f 6363//6376 6364//6380 6437//6381
f 6363//6376 6437//6381 6436//6379
f 6364//6380 6363//6376 6371//6378
f 6364//6380 6371//6378 6412//6382
f 6375//6383 6376//6384 6360//6371
f 6375//6383 6360//6371 6359//6370
f 6360//6371 6376//6384 6377//6385
f 6360//6371 6377//6385 6361//6372
f 6361//6372 6377//6385 6370//6377
f 6361//6372 6370//6377 6362//6373
f 6358//6386 6359//6370 6381//6367
f 6358//6386 6381//6367 6382//6369
f 6358//6386 6368//6387 6375//6383
f 6358//6386 6375//6383 6359//6370
f 6367//6357 6366//6356 6375//6383
f 6367//6357 6375//6383 6368//6387
f 6371//6378 6370//6377 6372//6388
f 6371//6378 6372//6388 6386//6389
f 6335//6344 6336//6341 6380//6368
f 6335//6344 6380//6368 6378//6375
f 6335//6344 6378//6375 6379//6374
f 6335//6344 6379//6374 6333//6345
f 6373//6390 6372//6388 6370//6377
f 6373//6390 6370//6377 6377//6385
f 6373//6390 6377//6385 6376//6384
f 6373//6390 6376//6384 6374//6358
f 6375//6383 6366//6356 6374//6358
f 6375//6383 6374//6358 6376//6384
f 6421//6391 6422//6392 6425//6393
f 6421//6391 6425//6393 6423//6394
f 6394//6395 6393//6396 6387//6397
f 6394//6395 6387//6397 6424//6398
f 6413//6399 6411//6400 6394//6395
f 6413//6399 6394//6395 6424//6398
f 6394//6395 6411//6400 6395//6401
f 6394//6395 6395//6401 6399//6402
f 6393//6396 6394//6395 6399//6402
f 6393//6396 6399//6402 6384//6403
f 6411//6400 6410//6404 6396//6405
f 6411//6400 6396//6405 6395//6401
f 6383//6406 6396//6405 6410//6404
f 6383//6406 6410//6404 6409//6407
f 6396//6405 6383//6406 6403//6363
f 6396//6405 6403//6363 6397//6408
f 6396//6405 6397//6408 6398//6409
f 6396//6405 6398//6409 6395//6401
f 6398//6409 6397//6408 6402//6410
f 6398//6409 6402//6410 6385//6411
f 6384//6403 6399//6402 6401//6412
f 6384//6403 6401//6412 6400//6413
f 6399//6402 6395//6401 6398//6409
f 6399//6402 6398//6409 6401//6412
f 6401//6412 6398//6409 6385//6411
f 6401//6412 6385//6411 6442//6414
f 6400//6413 6401//6412 6442//6414
f 6400//6413 6442//6414 6417//6415
f 6353//6362 6402//6410 6397//6408
f 6353//6362 6397//6408 6403//6363
f 6404//6416 6386//6389 6407//6360
f 6404//6416 6407//6360 6408//6364
f 6403//6363 6383//6406 6404//6416
f 6403//6363 6404//6416 6408//6364
f 6386//6389 6372//6388 6405//6349
f 6386//6389 6405//6349 6407//6360
f 6371//6378 6386//6389 6404//6416
f 6371//6378 6404//6416 6412//6382
f 6404//6416 6383//6406 6409//6407
f 6404//6416 6409//6407 6412//6382
f 6406//6350 6405//6349 6372//6388
f 6406//6350 6372//6388 6373//6390
f 6374//6358 6350//6351 6406//6350
f 6374//6358 6406//6350 6373//6390
f 6364//6380 6412//6382 6409//6407
f 6364//6380 6409//6407 6365//6330
f 6369//6331 6365//6330 6409//6407
f 6369//6331 6409//6407 6410//6404
f 6413//6399 6369//6331 6410//6404
f 6413//6399 6410//6404 6411//6400
f 6414//6417 6421//6391 6393//6396
f 6414//6417 6393//6396 6384//6403
f 6414//6417 6384//6403 6400//6413
f 6414//6417 6400//6413 6415//6418
f 6415//6418 6400//6413 6417//6415
f 6415//6418 6417//6415 6416//6419
f 6414//6417 6415//6418 6418//6420
f 6414//6417 6418//6420 6420//6421
f 6418//6420 6415//6418 6416//6419
f 6418//6420 6416//6419 6419//6422
f 6414//6417 6420//6421 6422//6392
f 6414//6417 6422//6392 6421//6391
f 6421//6391 6423//6394 6387//6397
f 6421//6391 6387//6397 6393//6396
f 6387//6397 6423//6394 6429//6423
f 6387//6397 6429//6423 6426//6424
f 6424//6398 6387//6397 6426//6424
f 6424//6398 6426//6424 6428//6425
f 6413//6399 6424//6398 6428//6425
f 6413//6399 6428//6425 6427//6426
f 6435//6328 6369//6331 6413//6399
f 6435//6328 6413//6399 6427//6426
f 6425//6393 6430//6427 6429//6423
f 6425//6393 6429//6423 6423//6394
f 6428//6425 6426//6424 6388//6428
f 6428//6425 6388//6428 6433//6429
f 6427//6426 6428//6425 6433//6429
f 6427//6426 6433//6429 6389//6430
f 6432//6431 6429//6423 6430//6427
f 6432//6431 6430//6427 6431//6432
f 6388//6428 6432//6431 6440//6433
f 6388//6428 6440//6433 6392//6434
f 6429//6423 6432//6431 6388//6428
f 6429//6423 6388//6428 6426//6424
f 6389//6430 6390//6435 6435//6328
f 6389//6430 6435//6328 6427//6426
f 6390//6435 6332//6333 6434//6329
f 6390//6435 6434//6329 6435//6328
f 6331//6332 6437//6381 6434//6329
f 6331//6332 6434//6329 6332//6333
f 6334//6366 6333//6345 6379//6374
f 6334//6366 6379//6374 6436//6379
f 6331//6332 6334//6366 6436//6379
f 6331//6332 6436//6379 6437//6381
f 6389//6430 6391//6436 6438//6437
f 6389//6430 6438//6437 6390//6435
f 6385//6411 6402//6410 6438//6437
f 6385//6411 6438//6437 6391//6436
f 6438//6437 6402//6410 6353//6362
f 6438//6437 6353//6362 6354//6334
f 6390//6435 6438//6437 6354//6334
f 6390//6435 6354//6334 6332//6333
f 6385//6411 6391//6436 6439//6438
f 6385//6411 6439//6438 6442//6414
f 6439//6438 6392//6434 6417//6415
f 6439//6438 6417//6415 6442//6414
f 6417//6415 6392//6434 6440//6433
f 6417//6415 6440//6433 6416//6419
f 6388//6428 6392//6434 6439//6438
f 6388//6428 6439//6438 6433//6429
f 6439//6438 6391//6436 6389//6430
f 6439//6438 6389//6430 6433//6429
f 6431//6432 6441//6439 6440//6433
f 6431//6432 6440//6433 6432//6431
f 6441//6439 6419//6422 6416//6419
f 6441//6439 6416//6419 6440//6433
f 6338//6338 6444//6440 6443//6441
f 6338//6338 6443//6441 6357//6339
f 6338//6338 6347//6354 6445//6442
f 6338//6338 6445//6442 6444//6440
f 6347//6354 6349//6355 6446//6443
f 6347//6354 6446//6443 6445//6442
f 6447//6444 6446//6443 6349//6355
f 6447//6444 6349//6355 6367//6357
f 6448//6445 6447//6444 6367//6357
f 6448//6445 6367//6357 6368//6387
f 6358//6386 6449//6446 6448//6445
f 6358//6386 6448//6445 6368//6387
f 6450//6447 6449//6446 6358//6386
f 6450//6447 6358//6386 6382//6369
f 6443//6441 6450//6447 6382//6369
f 6443//6441 6382//6369 6357//6339
f 6453//6448 6451//6449 6452//6450
f 6453//6448 6452//6450 6454//6451
f 6455//6452 6453//6448 6454//6451
f 6455//6452 6454//6451 6469//6453
f 6464//6454 6459//6455 6456//6456
f 6464//6454 6456//6456 6460//6457
f 6461//6458 6460//6457 6471//6459
f 6461//6458 6471//6459 6472//6460
f 6471//6459 6469//6453 6473//6461
f 6471//6459 6473//6461 6472//6460
f 6473//6461 6469//6453 6454//6451
f 6473//6461 6454//6451 6485//6462
f 6470//6463 6455//6452 6469//6453
f 6470//6463 6469//6453 6471//6459
f 6470//6463 6471//6459 6460//6457
f 6470//6463 6460//6457 6456//6456
f 6474//6464 6461//6458 6472//6460
f 6474//6464 6472//6460 6477//6465
f 6462//6466 6474//6464 6477//6465
f 6462//6466 6477//6465 6475//6467
f 6463//6468 6475//6467 6477//6465
f 6463//6468 6477//6465 6476//6469
f 6476//6469 6477//6465 6472//6460
f 6476//6469 6472//6460 6473//6461
f 6460//6457 6461//6458 6479//6470
f 6460//6457 6479//6470 6464//6454
f 6478//6471 6479//6470 6461//6458
f 6478//6471 6461//6458 6474//6464
f 6462//6466 6480//6472 6478//6471
f 6462//6466 6478//6471 6474//6464
f 6529//6473 6479//6470 6478//6471
f 6529//6473 6478//6471 6521//6474
f 6478//6471 6480//6472 6518//6475
f 6478//6471 6518//6475 6521//6474
f 6480//6472 6462//6466 6508//6476
f 6480//6472 6508//6476 6527//6477
f 6482//6478 6466//6479 6465//6480
f 6482//6478 6465//6480 6481//6481
f 6482//6478 6481//6481 6457//6482
f 6482//6478 6457//6482 6467//6483
f 6466//6479 6482//6478 6483//6484
f 6466//6479 6483//6484 6498//6485
f 6483//6484 6482//6478 6467//6483
f 6483//6484 6467//6483 6484//6486
f 6465//6480 6466//6479 6452//6450
f 6465//6480 6452//6450 6451//6449
f 6487//6487 6488//6488 6486//6489
f 6487//6487 6486//6489 6485//6462
f 6488//6488 6468//6490 6489//6491
f 6488//6488 6489//6491 6486//6489
f 6489//6491 6468//6490 6492//6492
f 6489//6491 6492//6492 6490//6493
f 6486//6489 6489//6491 6463//6468
f 6486//6489 6463//6468 6476//6469
f 6486//6489 6476//6469 6473//6461
f 6486//6489 6473//6461 6485//6462
f 6506//6494 6463//6468 6489//6491
f 6506//6494 6489//6491 6490//6493
f 6493//6495 6491//6496 6530//6497
f 6493//6495 6530//6497 6510//6498
f 6491//6496 6493//6495 6490//6493
f 6491//6496 6490//6493 6492//6492
f 6492//6492 6468//6490 6494//6499
f 6492//6492 6494//6499 6499//6500
f 6498//6485 6483//6484 6497//6501
f 6498//6485 6497//6501 6496//6502
f 6497//6501 6483//6484 6484//6486
f 6497//6501 6484//6486 6520//6503
f 6495//6504 6497//6501 6520//6503
f 6495//6504 6520//6503 6519//6505
f 6496//6502 6497//6501 6495//6504
f 6496//6502 6495//6504 6494//6499
f 6496//6502 6494//6499 6468//6490
f 6496//6502 6468//6490 6488//6488
f 6498//6485 6496//6502 6488//6488
f 6498//6485 6488//6488 6487//6487
f 6495//6504 6519//6505 6522//6506
f 6495//6504 6522//6506 6524//6507
f 6494//6499 6495//6504 6524//6507
f 6494//6499 6524//6507 6499//6500
f 6491//6496 6492//6492 6499//6500
f 6491//6496 6499//6500 6525//6508
f 6487//6487 6452//6450 6466//6479
f 6487//6487 6466//6479 6498//6485
f 6487//6487 6485//6462 6454//6451
f 6487//6487 6454//6451 6452//6450
f 6501//6509 6500//6510 6515//6511
f 6501//6509 6515//6511 6502//6512
f 6503//6513 6501//6509 6502//6512
f 6503//6513 6502//6512 6505//6514
f 6505//6514 6502//6512 6508//6476
f 6505//6514 6508//6476 6507//6515
f 6509//6516 6503//6513 6505//6514
f 6509//6516 6505//6514 6504//6517
f 6504//6517 6505//6514 6507//6515
f 6504//6517 6507//6515 6506//6494
f 6506//6494 6507//6515 6475//6467
f 6506//6494 6475//6467 6463//6468
f 6462//6466 6475//6467 6507//6515
f 6462//6466 6507//6515 6508//6476
f 6515//6511 6527//6477 6508//6476
f 6515//6511 6508//6476 6502//6512
f 6493//6495 6510//6498 6509//6516
f 6493//6495 6509//6516 6504//6517
f 6490//6493 6493//6495 6504//6517
f 6490//6493 6504//6517 6506//6494
f 6511//6518 6513//6519 6526//6520
f 6511//6518 6526//6520 6523//6521
f 6513//6519 6512//6522 6525//6508
f 6513//6519 6525//6508 6526//6520
f 6514//6523 6511//6518 6523//6521
f 6514//6523 6523//6521 6516//6524
f 6514//6523 6516//6524 6515//6511
f 6514//6523 6515//6511 6500//6510
f 6515//6511 6516//6524 6517//6525
f 6515//6511 6517//6525 6527//6477
f 6518//6475 6480//6472 6527//6477
f 6518//6475 6527//6477 6517//6525
f 6519//6505 6518//6475 6517//6525
f 6519//6505 6517//6525 6522//6506
f 6519//6505 6520//6503 6521//6474
f 6519//6505 6521//6474 6518//6475
f 6520//6503 6484//6486 6529//6473
f 6520//6503 6529//6473 6521//6474
f 6524//6507 6522//6506 6523//6521
f 6524//6507 6523//6521 6526//6520
f 6517//6525 6516//6524 6523//6521
f 6517//6525 6523//6521 6522//6506
f 6499//6500 6524//6507 6526//6520
f 6499//6500 6526//6520 6525//6508
f 6528//6526 6467//6483 6457//6482
f 6528//6526 6457//6482 6458//6527
f 6484//6486 6467//6483 6528//6526
f 6484//6486 6528//6526 6529//6473
f 6529//6473 6528//6526 6464//6454
f 6529//6473 6464//6454 6479//6470
f 6464//6454 6528//6526 6458//6527
f 6464//6454 6458//6527 6459//6455
f 6525//6508 6512//6522 6530//6497
f 6525//6508 6530//6497 6491//6496
f 6532//6528 6533//6529 6534//6530
f 6532//6528 6534//6530 6531//6531
f 6532//6528 6531//6531 6535//6532
f 6532//6528 6535//6532 6536//6533
f 6536//6533 6535//6532 6538//6534
f 6536//6533 6538//6534 6537//6535
f 6539//6536 6537//6535 6538//6534
f 6539//6536 6538//6534 6540//6537
f 6539//6536 6540//6537 6542//6538
f 6539//6536 6542//6538 6541//6539
f 6532//6528 6536//6533 6541//6539
f 6532//6528 6541//6539 6533//6529
f 6539//6536 6541//6539 6536//6533
f 6539//6536 6536//6533 6537//6535
f 6541//6539 6542//6538 6534//6530
f 6541//6539 6534//6530 6533//6529
f 6542//6538 6543//6540 6546//6541
f 6542//6538 6546//6541 6534//6530
f 6543//6540 6542//6538 6540//6537
f 6543//6540 6540//6537 6553//6542
f 6544//6543 6543//6540 6553//6542
f 6544//6543 6553//6542 6554//6544
f 6543//6540 6544//6543 6545//6545
f 6543//6540 6545//6545 6546//6541
f 6547//6546 6548//6547 6560//6548
f 6547//6546 6560//6548 6559//6549
f 6548//6547 6547//6546 6550//6550
f 6548//6547 6550//6550 6549//6551
f 6545//6545 6544//6543 6548//6547
f 6545//6545 6548//6547 6549//6551
f 6548//6547 6544//6543 6554//6544
f 6548//6547 6554//6544 6560//6548
f 6551//6552 6531//6531 6534//6530
f 6551//6552 6534//6530 6546//6541
f 6551//6552 6546//6541 6545//6545
f 6551//6552 6545//6545 6552//6553
f 6556//6554 6555//6555 6554//6544
f 6556//6554 6554//6544 6553//6542
f 6556//6554 6553//6542 6540//6537
f 6556//6554 6540//6537 6538//6534
f 6557//6556 6558//6557 6563//6558
f 6557//6556 6563//6558 6564//6559
f 6558//6557 6555//6555 6561//6560
f 6558//6557 6561//6560 6563//6558
f 6556//6554 6538//6534 6535//6532
f 6556//6554 6535//6532 6562//6561
f 6555//6555 6556//6554 6562//6561
f 6555//6555 6562//6561 6561//6560
f 6559//6549 6560//6548 6558//6557
f 6559//6549 6558//6557 6557//6556
f 6560//6548 6554//6544 6555//6555
f 6560//6548 6555//6555 6558//6557
f 6561//6560 6562//6561 6551//6552
f 6561//6560 6551//6552 6552//6553
f 6562//6561 6535//6532 6531//6531
f 6562//6561 6531//6531 6551//6552
f 6563//6558 6561//6560 6552//6553
f 6563//6558 6552//6553 6577//6562
f 6564//6559 6563//6558 6577//6562
f 6564//6559 6577//6562 6565//6563
f 6564//6559 6565//6563 6566//6564
f 6564//6559 6566//6564 6572//6565
f 6582//6566 6567//6567 6570//6568
f 6582//6566 6570//6568 6581//6569
f 6583//6570 6568//6571 6567//6567
f 6583//6570 6567//6567 6582//6566
f 6569//6572 6566//6564 6565//6563
f 6569//6572 6565//6563 6550//6550
f 6569//6572 6550//6550 6547//6546
f 6569//6572 6547//6546 6576//6573
f 6571//6574 6568//6571 6583//6570
f 6571//6574 6583//6570 6584//6575
f 6557//6556 6564//6559 6572//6565
f 6557//6556 6572//6565 6575//6576
f 6581//6569 6570//6568 6574//6577
f 6581//6569 6574//6577 6580//6578
f 6573//6579 6571//6574 6584//6575
f 6573//6579 6584//6575 6579//6580
f 6576//6573 6547//6546 6559//6549
f 6576//6573 6559//6549 6578//6581
f 6550//6550 6565//6563 6577//6562
f 6550//6550 6577//6562 6549//6551
f 6577//6562 6552//6553 6545//6545
f 6577//6562 6545//6545 6549//6551
f 6574//6577 6573//6579 6579//6580
f 6574//6577 6579//6580 6580//6578
f 6578//6581 6559//6549 6557//6556
f 6578//6581 6557//6556 6575//6576
f 6580//6578 6579//6580 6578//6581
f 6580//6578 6578//6581 6575//6576
f 6572//6565 6581//6569 6580//6578
f 6572//6565 6580//6578 6575//6576
f 6566//6564 6582//6566 6581//6569
f 6566//6564 6581//6569 6572//6565
f 6569//6572 6583//6570 6582//6566
f 6569//6572 6582//6566 6566//6564
f 6584//6575 6583//6570 6569//6572
f 6584//6575 6569//6572 6576//6573
f 6579//6580 6584//6575 6576//6573
f 6579//6580 6576//6573 6578//6581
f 6586//6582 6585//6583 6587//6584
f 6586//6582 6587//6584 6588//6585
f 6586//6582 6588//6585 6589//6586
f 6586//6582 6589//6586 6590//6587
f 6588//6585 6587//6584 6619//6588
f 6588//6585 6619//6588 6618//6589
f 6588//6585 6618//6589 6617//6590
f 6588//6585 6617//6590 6589//6586
f 6592//6591 6591//6592 6624//6593
f 6592//6591 6624//6593 6625//6594
f 6591//6592 6594//6595 6606//6596
f 6591//6592 6606//6596 6624//6593
f 6594//6595 6591//6592 6590//6587
f 6594//6595 6590//6587 6597//6597
f 6594//6595 6595//6598 6605//6599
f 6594//6595 6605//6599 6606//6596
f 6595//6598 6596//6600 6603//6601
f 6595//6598 6603//6601 6605//6599
f 6597//6597 6598//6602 6595//6598
f 6597//6597 6595//6598 6594//6595
f 6598//6602 6599//6603 6596//6600
f 6598//6602 6596//6600 6595//6598
f 6599//6603 6598//6602 6600//6604
f 6599//6603 6600//6604 6601//6605
f 6598//6602 6597//6597 6615//6606
f 6598//6602 6615//6606 6600//6604
f 6599//6603 6602//6607 6607//6608
f 6599//6603 6607//6608 6596//6600
f 6603//6601 6596//6600 6607//6608
f 6603//6601 6607//6608 6604//6609
f 6607//6608 6608//6610 6627//6611
f 6607//6608 6627//6611 6604//6609
f 6607//6608 6602//6607 6609//6612
f 6607//6608 6609//6612 6608//6610
f 6599//6603 6601//6605 6610//6613
f 6599//6603 6610//6613 6602//6607
f 6601//6605 6612//6614 6611//6615
f 6601//6605 6611//6615 6610//6613
f 6613//6616 6616//6617 6621//6618
f 6613//6616 6621//6618 6632//6619
f 6631//6620 6612//6614 6613//6616
f 6631//6620 6613//6616 6632//6619
f 6600//6604 6613//6616 6612//6614
f 6600//6604 6612//6614 6601//6605
f 6600//6604 6615//6606 6616//6617
f 6600//6604 6616//6617 6613//6616
f 6602//6607 6610//6613 6614//6621
f 6602//6607 6614//6621 6609//6612
f 6614//6621 6610//6613 6611//6615
f 6614//6621 6611//6615 6630//6622
f 6597//6597 6590//6587 6589//6586
f 6597//6597 6589//6586 6615//6606
f 6593//6623 6585//6583 6586//6582
f 6593//6623 6586//6582 6592//6591
f 6586//6582 6590//6587 6591//6592
f 6586//6582 6591//6592 6592//6591
f 6615//6606 6589//6586 6617//6590
f 6615//6606 6617//6590 6616//6617
f 6622//6624 6618//6589 6619//6588
f 6622//6624 6619//6588 6623//6625
f 6620//6626 6621//6618 6616//6617
f 6620//6626 6616//6617 6617//6590
f 6622//6624 6620//6626 6617//6590
f 6622//6624 6617//6590 6618//6589
f 6592//6591 6625//6594 6626//6627
f 6592//6591 6626//6627 6593//6623
f 6625//6594 6624//6593 6620//6626
f 6625//6594 6620//6626 6622//6624
f 6625//6594 6622//6624 6623//6625
f 6625//6594 6623//6625 6626//6627
f 6606//6596 6621//6618 6620//6626
f 6606//6596 6620//6626 6624//6593
f 6604//6609 6627//6611 6628//6628
f 6604//6609 6628//6628 6629//6629
f 6630//6622 6611//6615 6629//6629
f 6630//6622 6629//6629 6628//6628
f 6608//6610 6630//6622 6628//6628
f 6608//6610 6628//6628 6627//6611
f 6603//6601 6604//6609 6629//6629
f 6603//6601 6629//6629 6631//6620
f 6631//6620 6629//6629 6611//6615
f 6631//6620 6611//6615 6612//6614
f 6605//6599 6603//6601 6631//6620
f 6605//6599 6631//6620 6632//6619
f 6605//6599 6632//6619 6621//6618
f 6605//6599 6621//6618 6606//6596
f 6608//6610 6609//6612 6614//6621
f 6608//6610 6614//6621 6630//6622
l 1646 1647
l 1647 1648
l 693 821
l 1644 1645
l 1645 1646
