# Blender 5.2.1 LTS
# www.blender.org
o DocSeat_lhand
v -0.163872 0.128754 0.857224
v -0.154439 0.126997 0.845759
v -0.162586 0.132694 0.843650
v -0.154307 0.121949 0.859490
v -0.173811 0.131612 0.854641
v -0.183549 0.132483 0.840874
v -0.172198 0.134841 0.842308
v -0.183839 0.130240 0.852629
v -0.195325 0.124329 0.850938
v -0.194532 0.126261 0.838889
v -0.203558 0.114910 0.848655
v -0.202605 0.117102 0.836596
v -0.208391 0.104500 0.846738
v -0.210803 0.095631 0.832166
v -0.207604 0.106960 0.834282
v -0.210952 0.093824 0.844322
v -0.211829 0.082122 0.829715
v -0.211663 0.079754 0.843068
v -0.207979 0.057437 0.841367
v -0.210882 0.066618 0.826063
v -0.196102 0.042651 0.848345
v -0.199363 0.044220 0.831095
v -0.206414 0.053837 0.819847
v -0.209481 0.063629 0.810352
v -0.200581 0.045660 0.813111
v -0.205845 0.054680 0.804410
v -0.209249 0.062743 0.797848
v -0.205934 0.055996 0.789275
v -0.211227 0.071413 0.801930
v -0.199724 0.047809 0.796890
v -0.194251 0.041268 0.806687
v -0.192767 0.044578 0.791597
v -0.199025 0.049346 0.781107
v -0.201065 0.051102 0.769521
v -0.194251 0.047710 0.768338
v -0.189304 0.045605 0.778027
v -0.206233 0.056325 0.779083
v -0.206572 0.056532 0.769556
v -0.210679 0.065665 0.776669
v -0.210799 0.066149 0.785979
v -0.209799 0.064443 0.768022
v -0.208203 0.072072 0.766546
v -0.210196 0.074075 0.773881
v -0.209527 0.080437 0.770506
v -0.210968 0.076931 0.782749
v -0.211464 0.076265 0.793314
v -0.210960 0.068194 0.792592
v -0.210222 0.086907 0.771701
v -0.211221 0.086633 0.782669
v -0.211836 0.085106 0.793140
v -0.210736 0.095105 0.791783
v -0.210651 0.093304 0.782359
v -0.209495 0.092975 0.772259
v -0.207015 0.098213 0.772616
v -0.208956 0.098052 0.782677
v -0.207512 0.105364 0.792907
v -0.206565 0.104228 0.782869
v -0.204322 0.103794 0.772233
v -0.202871 0.109678 0.773954
v -0.205114 0.109267 0.783839
v -0.204024 0.114036 0.796333
v -0.202908 0.114820 0.785412
v -0.201292 0.114975 0.774970
v -0.197531 0.120039 0.776706
v -0.199120 0.120036 0.786960
v -0.197561 0.123624 0.797825
v -0.191681 0.130445 0.814129
v -0.190227 0.133150 0.802465
v -0.192640 0.129674 0.789982
v -0.195864 0.124704 0.788201
v -0.199284 0.121436 0.811233
v -0.205066 0.112309 0.809229
v -0.193181 0.128157 0.826330
v -0.200731 0.118991 0.824075
v -0.206276 0.109555 0.821991
v -0.209043 0.102585 0.807022
v -0.210031 0.098990 0.819733
v -0.211698 0.087165 0.817502
v -0.211307 0.091700 0.805405
v -0.210999 0.080967 0.804067
v -0.211425 0.074797 0.814724
v -0.182098 0.134422 0.828361
v -0.180443 0.136744 0.816839
v -0.171202 0.137386 0.829597
v -0.170611 0.139298 0.818272
v -0.161613 0.135178 0.830320
v -0.161797 0.137189 0.818511
v -0.155248 0.131583 0.806183
v -0.161798 0.138383 0.807654
v -0.154242 0.130842 0.817948
v -0.170064 0.141041 0.807637
v -0.161736 0.138982 0.797806
v -0.177505 0.141156 0.796785
v -0.179350 0.139067 0.805323
v -0.169640 0.142257 0.797962
v -0.177035 0.142114 0.788717
v -0.169494 0.143145 0.789352
v -0.161706 0.139998 0.788913
v -0.162812 0.140069 0.781422
v -0.156879 0.132570 0.786781
v -0.157141 0.123055 0.784255
v -0.159142 0.132919 0.778623
v -0.160345 0.124036 0.775583
v -0.156282 0.131811 0.796154
v -0.155463 0.121863 0.793790
v -0.152472 0.121096 0.803731
v -0.158651 0.111216 0.791900
v -0.155521 0.109364 0.802409
v -0.150681 0.119620 0.816303
v -0.153471 0.107447 0.815547
v -0.160088 0.097979 0.802287
v -0.157170 0.095272 0.815386
v -0.149998 0.117591 0.830926
v -0.151207 0.104970 0.830332
v -0.149560 0.102682 0.845738
v -0.152327 0.090980 0.842990
v -0.148962 0.115664 0.846389
v -0.154180 0.092462 0.829523
v -0.158817 0.079761 0.829204
v -0.160374 0.083260 0.814299
v -0.159045 0.066901 0.827950
v -0.155347 0.078594 0.842878
v -0.152009 0.067372 0.841872
v -0.150326 0.068786 0.850654
v -0.148884 0.055585 0.842996
v -0.150905 0.046821 0.858282
v -0.152918 0.055156 0.827375
v -0.146733 0.042875 0.843537
v -0.148200 0.042382 0.827371
v -0.157403 0.047355 0.810315
v -0.146878 0.032805 0.819553
v -0.144482 0.025542 0.827825
v -0.144712 0.034059 0.835350
v -0.149424 0.026027 0.840211
v -0.148540 0.019070 0.832128
v -0.144274 0.019272 0.820015
v -0.147871 0.014090 0.823737
v -0.155225 0.014988 0.833492
v -0.158040 0.020868 0.841260
v -0.166995 0.019772 0.839942
v -0.163258 0.013677 0.832372
v -0.153379 0.010086 0.825438
v -0.160552 0.009055 0.824428
v -0.157613 0.006582 0.815796
v -0.152364 0.007386 0.817490
v -0.147646 0.010382 0.816019
v -0.142294 0.011450 0.808046
v -0.147813 0.005676 0.809350
v -0.143195 0.015162 0.813003
v -0.144024 0.022069 0.807494
v -0.148499 0.028627 0.801145
v -0.146059 0.024337 0.797497
v -0.142510 0.018418 0.803101
v -0.145643 0.027142 0.812850
v -0.151645 0.032360 0.804765
v -0.156163 0.030239 0.796738
v -0.155004 0.038114 0.807437
v -0.160798 0.034795 0.798379
v -0.166131 0.041385 0.796675
v -0.167501 0.032851 0.797165
v -0.162986 0.028732 0.795461
v -0.173434 0.038916 0.793853
v -0.178348 0.044085 0.785664
v -0.179385 0.038824 0.796302
v -0.175862 0.027747 0.808681
v -0.184868 0.043563 0.787292
v -0.172086 0.030513 0.801569
v -0.185811 0.039010 0.800833
v -0.184597 0.032019 0.816327
v -0.178113 0.021774 0.823373
v -0.184012 0.027309 0.830798
v -0.192069 0.036825 0.822939
v -0.173429 0.017795 0.815726
v -0.166748 0.013019 0.808970
v -0.167922 0.010723 0.820857
v -0.162873 0.008466 0.813057
v -0.155796 0.004930 0.810852
v -0.160124 0.006548 0.808854
v -0.161793 0.007953 0.802981
v -0.154773 0.002964 0.806501
v -0.145969 0.002580 0.804212
v -0.152868 0.000070 0.801310
v -0.159222 0.003341 0.796736
v -0.151630 -0.001829 0.798341
v -0.157914 0.000905 0.793435
v -0.160158 0.006022 0.788408
v -0.156980 -0.001043 0.790785
v -0.150565 -0.003263 0.796454
v -0.142344 -0.001494 0.798392
v -0.155911 -0.002822 0.787858
v -0.149159 -0.004667 0.794703
v -0.147774 -0.005669 0.793095
v -0.142895 -0.004879 0.794059
v -0.140455 -0.002563 0.795630
v -0.140500 -0.005654 0.790537
v -0.135975 -0.002981 0.789910
v -0.133153 0.002255 0.789110
v -0.135136 0.003339 0.793222
v -0.136538 0.004938 0.795945
v -0.138606 0.006701 0.799695
v -0.143872 0.000350 0.800894
v -0.137215 0.011611 0.791602
v -0.135541 0.010520 0.788558
v -0.138947 0.013583 0.795127
v -0.142761 0.018461 0.790059
v -0.140814 0.015639 0.798975
v -0.143887 0.020972 0.793673
v -0.150519 0.022462 0.789771
v -0.149181 0.019890 0.785971
v -0.157508 0.020540 0.787902
v -0.152926 0.025919 0.793622
v -0.159915 0.024186 0.792066
v -0.163728 0.020370 0.794518
v -0.161279 0.015203 0.788774
v -0.161925 0.009219 0.792109
v -0.159258 0.011331 0.783788
v -0.155814 0.017204 0.783500
v -0.147644 0.017543 0.782931
v -0.154056 0.015000 0.780221
v -0.158013 0.009340 0.780130
v -0.153133 0.013478 0.778051
v -0.157256 0.007934 0.777922
v -0.158923 0.003824 0.784424
v -0.157783 0.002081 0.780727
v -0.156391 -0.000029 0.777256
v -0.154736 -0.004042 0.782010
v -0.147537 -0.007886 0.783521
v -0.150083 -0.006850 0.786593
v -0.149273 -0.008078 0.777485
v -0.153281 -0.004145 0.770885
v -0.147135 -0.011273 0.771377
v -0.138425 -0.011422 0.777563
v -0.141019 -0.009189 0.781515
v -0.130797 -0.007396 0.777017
v -0.133770 -0.004874 0.784110
v -0.142772 -0.008107 0.785330
v -0.138391 -0.006717 0.786139
v -0.145600 -0.006866 0.789938
v -0.126838 -0.002850 0.775207
v -0.130167 -0.000138 0.782930
v -0.131180 0.006987 0.780215
v -0.136023 0.012032 0.775156
v -0.127588 0.003442 0.773406
v -0.133604 0.009072 0.784742
v -0.133101 0.008678 0.770367
v -0.140422 0.010017 0.766986
v -0.126011 0.000563 0.768212
v -0.130589 0.004968 0.765501
v -0.137137 0.005957 0.762312
v -0.134194 -0.000601 0.757706
v -0.128238 -0.001604 0.759922
v -0.132677 -0.004994 0.755290
v -0.127562 -0.005137 0.757680
v -0.124585 -0.003936 0.762976
v -0.124409 -0.007225 0.765925
v -0.125076 -0.007296 0.759065
v -0.125607 -0.004822 0.771072
v -0.128952 -0.008198 0.773582
v -0.125901 -0.010735 0.767144
v -0.136122 -0.012714 0.773316
v -0.129657 -0.009377 0.772566
v -0.126915 -0.010837 0.768248
v -0.126041 -0.014462 0.762863
v -0.133416 -0.016176 0.767092
v -0.134990 -0.013517 0.771245
v -0.144372 -0.013451 0.767407
v -0.141582 -0.014728 0.766581
v -0.140717 -0.016115 0.763311
v -0.142652 -0.015305 0.761944
v -0.137159 -0.017961 0.757145
v -0.147393 -0.010118 0.761443
v -0.144037 -0.011724 0.757549
v -0.138929 -0.014138 0.754470
v -0.138400 -0.010795 0.753016
v -0.142137 -0.007881 0.754921
v -0.146849 -0.003677 0.758941
v -0.143533 0.002456 0.759735
v -0.139728 -0.003454 0.755474
v -0.136250 -0.007563 0.753178
v -0.130897 -0.010014 0.754148
v -0.133302 -0.010995 0.753127
v -0.133236 -0.012631 0.753327
v -0.130187 -0.012127 0.754470
v -0.133563 -0.014530 0.753961
v -0.129993 -0.014178 0.755102
v -0.126672 -0.014997 0.759051
v -0.126738 -0.013008 0.757064
v -0.129909 -0.017008 0.757562
v -0.133646 -0.017150 0.755948
v -0.129913 -0.018532 0.758440
v -0.133425 -0.018547 0.756830
v -0.136252 -0.018531 0.758105
v -0.130316 -0.018982 0.758978
v -0.126864 -0.016437 0.760083
v -0.125586 -0.013722 0.762650
v -0.124444 -0.010677 0.761659
v -0.127442 -0.010881 0.756027
v -0.128495 -0.009146 0.755452
v -0.146352 0.006775 0.763863
v -0.150903 0.000599 0.763945
v -0.153876 0.003514 0.769356
v -0.150835 -0.006879 0.766456
v -0.150324 0.010249 0.770180
v -0.143329 0.012676 0.771605
v -0.145287 0.014555 0.776233
v -0.152380 0.012376 0.775030
v -0.146554 0.015741 0.779786
v -0.156344 0.006473 0.775100
v -0.140058 0.014799 0.783521
v -0.138196 0.013679 0.779758
v -0.141609 0.016030 0.786955
v -0.152224 -0.005490 0.789866
v -0.164650 0.014869 0.798145
v -0.168780 0.019989 0.803518
v -0.167067 0.025342 0.799271
v -0.140717 0.008839 0.803651
v -0.151820 0.005310 0.812654
v -0.171658 0.015490 0.828901
v -0.176221 0.021940 0.836195
v -0.181462 0.028871 0.844045
v -0.171530 0.026274 0.847932
v -0.189938 0.034910 0.838854
v -0.175703 0.032922 0.855729
v -0.161887 0.026824 0.849811
v -0.166144 0.033191 0.858029
v -0.157399 0.037563 0.859206
v -0.152684 0.032058 0.849341
v -0.185936 0.035891 0.852245
v -0.172126 0.046292 0.786044
v -0.181762 0.045287 0.776568
v -0.175314 0.049050 0.776379
v -0.186928 0.047814 0.767679
v -0.180359 0.051588 0.766729
v -0.182499 0.052142 0.756395
v -0.179219 0.059216 0.755574
v -0.175838 0.058808 0.765576
v -0.180407 0.067987 0.755230
v -0.174151 0.070550 0.763562
v -0.172950 0.057249 0.776555
v -0.169871 0.067630 0.775883
v -0.166682 0.076659 0.787727
v -0.166587 0.078542 0.776427
v -0.168399 0.065390 0.787301
v -0.165222 0.062070 0.799365
v -0.169095 0.054902 0.787095
v -0.164768 0.051155 0.797989
v -0.161344 0.057612 0.812298
v -0.165266 0.073921 0.800203
v -0.162287 0.070321 0.813130
v -0.163609 0.086259 0.801306
v -0.164742 0.088302 0.789085
v -0.162116 0.099792 0.790626
v -0.164199 0.089751 0.777126
v -0.161190 0.100741 0.779015
v -0.168643 0.080609 0.764519
v -0.167798 0.092385 0.764737
v -0.173657 0.092187 0.755685
v -0.173455 0.098961 0.757289
v -0.163855 0.102495 0.768444
v -0.167836 0.104873 0.759692
v -0.168550 0.113506 0.760643
v -0.173125 0.101395 0.750559
v -0.169051 0.106239 0.752662
v -0.169098 0.113105 0.753093
v -0.170287 0.107150 0.745942
v -0.174157 0.102385 0.744413
v -0.175007 0.102721 0.739604
v -0.180227 0.100287 0.742850
v -0.171864 0.107584 0.740273
v -0.175375 0.102888 0.736237
v -0.172610 0.107493 0.736673
v -0.171576 0.113305 0.740299
v -0.172451 0.112863 0.736901
v -0.170141 0.113550 0.746330
v -0.173986 0.118782 0.745899
v -0.174643 0.118200 0.740084
v -0.175285 0.117531 0.736204
v -0.180746 0.120767 0.739315
v -0.188232 0.120199 0.739406
v -0.180664 0.120545 0.735670
v -0.180048 0.121388 0.745652
v -0.187572 0.121140 0.743769
v -0.182500 0.122192 0.751004
v -0.179529 0.121386 0.751492
v -0.187185 0.122026 0.749351
v -0.187072 0.121958 0.759474
v -0.192290 0.120445 0.755876
v -0.191589 0.120270 0.751931
v -0.194068 0.115920 0.746804
v -0.194392 0.116517 0.749961
v -0.195529 0.116279 0.753714
v -0.195430 0.109960 0.753009
v -0.194939 0.110859 0.748927
v -0.192734 0.106697 0.746031
v -0.191885 0.104595 0.752683
v -0.195953 0.104807 0.758680
v -0.189233 0.102606 0.749830
v -0.189323 0.102915 0.745900
v -0.197133 0.109594 0.758837
v -0.193957 0.100128 0.751912
v -0.197934 0.101081 0.757097
v -0.189331 0.099551 0.745770
v -0.189918 0.099960 0.749537
v -0.193502 0.098844 0.745157
v -0.201720 0.097298 0.756032
v -0.199746 0.096894 0.750621
v -0.198965 0.096406 0.746868
v -0.203194 0.092635 0.749763
v -0.201930 0.092608 0.745750
v -0.203734 0.086818 0.750074
v -0.205385 0.092943 0.755340
v -0.208122 0.087171 0.762921
v -0.205825 0.087123 0.755968
v -0.204617 0.097754 0.763756
v -0.207444 0.093019 0.763057
v -0.202116 0.101713 0.764019
v -0.200872 0.105009 0.764551
v -0.199966 0.109626 0.765278
v -0.197289 0.115900 0.759287
v -0.199290 0.115188 0.766047
v -0.195857 0.120117 0.767977
v -0.194049 0.120377 0.761656
v -0.189139 0.122027 0.764777
v -0.193017 0.124828 0.778213
v -0.191158 0.123077 0.770598
v -0.188207 0.125524 0.773163
v -0.185136 0.124670 0.768847
v -0.180681 0.124484 0.765101
v -0.184133 0.129422 0.770820
v -0.186433 0.129994 0.775553
v -0.184195 0.134889 0.772152
v -0.183290 0.129704 0.766271
v -0.182913 0.135506 0.763918
v -0.183270 0.131139 0.762870
v -0.183378 0.134783 0.767198
v -0.181467 0.140030 0.769020
v -0.182232 0.140186 0.773821
v -0.176841 0.143211 0.775563
v -0.182872 0.140113 0.779747
v -0.183119 0.139773 0.786555
v -0.185750 0.135192 0.777469
v -0.176670 0.142511 0.781799
v -0.187672 0.135647 0.783631
v -0.188982 0.135345 0.791874
v -0.189641 0.130403 0.781785
v -0.182877 0.139244 0.794675
v -0.169394 0.143285 0.782248
v -0.170418 0.143570 0.775824
v -0.170696 0.143674 0.771289
v -0.164693 0.140421 0.773633
v -0.161200 0.134653 0.765092
v -0.164281 0.140827 0.766353
v -0.161434 0.133735 0.771486
v -0.171031 0.143780 0.765638
v -0.177826 0.141970 0.759265
v -0.177029 0.143308 0.770165
v -0.171127 0.143817 0.759794
v -0.178164 0.142145 0.764017
v -0.182597 0.136218 0.761291
v -0.181165 0.139598 0.765275
v -0.182422 0.136595 0.757668
v -0.182610 0.129649 0.755652
v -0.182102 0.128323 0.759780
v -0.179568 0.125723 0.761513
v -0.179384 0.125860 0.758745
v -0.178432 0.125591 0.755681
v -0.177011 0.124945 0.758308
v -0.178190 0.125605 0.752270
v -0.182672 0.130108 0.752123
v -0.172889 0.124491 0.756073
v -0.167153 0.125389 0.756755
v -0.173169 0.124346 0.758710
v -0.172371 0.124570 0.753053
v -0.166561 0.125628 0.753370
v -0.172186 0.124730 0.749784
v -0.177844 0.125503 0.750178
v -0.182633 0.130086 0.750745
v -0.177207 0.125390 0.746800
v -0.182613 0.130070 0.746946
v -0.177381 0.125536 0.741499
v -0.172174 0.124425 0.741646
v -0.172102 0.124679 0.746168
v -0.167000 0.126230 0.746199
v -0.167667 0.125899 0.741985
v -0.167445 0.125432 0.737025
v -0.163491 0.130411 0.737869
v -0.163588 0.130591 0.742002
v -0.162011 0.136579 0.736597
v -0.162576 0.136521 0.741946
v -0.163186 0.130384 0.746362
v -0.166559 0.125957 0.749907
v -0.162178 0.129873 0.750273
v -0.161941 0.136151 0.746553
v -0.161245 0.136282 0.750944
v -0.165321 0.141214 0.742723
v -0.165369 0.141272 0.747554
v -0.165198 0.141379 0.751938
v -0.170900 0.143616 0.749077
v -0.170492 0.143359 0.744035
v -0.175960 0.143597 0.743724
v -0.176980 0.141690 0.737869
v -0.170941 0.143196 0.738732
v -0.165276 0.141506 0.737344
v -0.171745 0.142637 0.729189
v -0.166303 0.141145 0.729066
v -0.171671 0.142913 0.723379
v -0.162467 0.136296 0.728542
v -0.166496 0.140705 0.723072
v -0.166823 0.139755 0.716565
v -0.163616 0.135972 0.722241
v -0.170694 0.142829 0.716525
v -0.175837 0.142735 0.716119
v -0.169578 0.142219 0.711671
v -0.176080 0.142274 0.711202
v -0.179759 0.136816 0.709737
v -0.179147 0.136524 0.699738
v -0.177989 0.141307 0.715583
v -0.178095 0.140780 0.712204
v -0.180047 0.136563 0.711243
v -0.175583 0.141447 0.698311
v -0.178274 0.136853 0.697302
v -0.169669 0.142102 0.699922
v -0.173250 0.141018 0.692316
v -0.175986 0.140748 0.696668
v -0.174503 0.140498 0.692238
v -0.172512 0.139770 0.687656
v -0.177650 0.136842 0.691503
v -0.174499 0.139860 0.687841
v -0.176729 0.136746 0.686044
v -0.173854 0.135876 0.684996
v -0.175634 0.131575 0.685536
v -0.172222 0.135212 0.685147
v -0.170169 0.139256 0.687512
v -0.169556 0.140841 0.693105
v -0.168210 0.137840 0.687867
v -0.167041 0.139202 0.693038
v -0.164751 0.135736 0.692542
v -0.166532 0.135821 0.688437
v -0.170342 0.134122 0.685463
v -0.171936 0.129762 0.686021
v -0.167799 0.132676 0.686861
v -0.173891 0.130555 0.685692
v -0.177457 0.129548 0.690728
v -0.175943 0.127961 0.690371
v -0.176805 0.126735 0.697184
v -0.172698 0.125694 0.690264
v -0.178980 0.130465 0.697448
v -0.178773 0.131725 0.696176
v -0.178061 0.130962 0.690806
v -0.179835 0.129660 0.709759
v -0.180225 0.128951 0.714401
v -0.176409 0.125669 0.709185
v -0.180759 0.132842 0.711537
v -0.181313 0.132514 0.715006
v -0.180638 0.136138 0.721273
v -0.181185 0.133447 0.719939
v -0.180314 0.137057 0.715306
v -0.180578 0.130975 0.721365
v -0.180114 0.137122 0.724381
v -0.176893 0.141276 0.722961
v -0.179968 0.136870 0.729769
v -0.180538 0.136935 0.736189
v -0.176509 0.140909 0.729068
v -0.181210 0.131265 0.736247
v -0.180102 0.131567 0.727887
v -0.177186 0.126197 0.721741
v -0.177845 0.126594 0.735923
v -0.177932 0.127001 0.727102
v -0.173096 0.124442 0.736161
v -0.173647 0.124765 0.726527
v -0.167846 0.125063 0.721654
v -0.172672 0.124627 0.721222
v -0.167709 0.124948 0.727336
v -0.163681 0.129857 0.721838
v -0.162948 0.129736 0.728834
v -0.165279 0.135255 0.716124
v -0.166019 0.130349 0.715848
v -0.168665 0.126652 0.714366
v -0.164638 0.135089 0.709997
v -0.165180 0.129718 0.709690
v -0.163619 0.135895 0.698997
v -0.168169 0.125848 0.709788
v -0.164049 0.129812 0.698115
v -0.168187 0.125335 0.697294
v -0.165122 0.130610 0.691430
v -0.168601 0.126534 0.690713
v -0.169364 0.129531 0.686909
v -0.173502 0.124875 0.696926
v -0.172229 0.124631 0.709275
v -0.172487 0.125078 0.714295
v -0.176697 0.125912 0.714321
v -0.166200 0.140024 0.699571
v -0.166341 0.139288 0.711097
v -0.181830 0.128832 0.741140
v -0.183032 0.133721 0.746574
v -0.183114 0.131927 0.741841
v -0.180707 0.137527 0.738016
v -0.182036 0.133267 0.738214
v -0.181948 0.137402 0.747066
v -0.181344 0.138152 0.741877
v -0.178597 0.141267 0.739573
v -0.178753 0.142396 0.743255
v -0.180235 0.140592 0.746857
v -0.177913 0.142366 0.748712
v -0.171300 0.143772 0.752861
v -0.177859 0.141982 0.752277
v -0.182209 0.136816 0.751755
v -0.182101 0.137105 0.749132
v -0.182278 0.136669 0.754335
v -0.177755 0.141862 0.755445
v -0.171331 0.143783 0.755828
v -0.165071 0.141398 0.756010
v -0.160991 0.136002 0.755297
v -0.164794 0.141307 0.760387
v -0.161010 0.135538 0.759746
v -0.162055 0.129074 0.758178
v -0.161756 0.129411 0.754105
v -0.162608 0.128437 0.762743
v -0.167887 0.124927 0.760446
v -0.168182 0.123285 0.766133
v -0.163125 0.126782 0.768589
v -0.164299 0.113486 0.771077
v -0.160009 0.112291 0.781208
v -0.175338 0.119036 0.758434
v -0.177284 0.124910 0.759743
v -0.179517 0.121014 0.756264
v -0.175130 0.119181 0.756061
v -0.173775 0.118781 0.752120
v -0.182980 0.121676 0.758487
v -0.178372 0.140463 0.720703
v -0.177484 0.132770 0.686730
v -0.200981 0.079140 0.753905
v -0.204403 0.081209 0.757275
v -0.207520 0.081936 0.763053
v -0.207606 0.077774 0.764079
v -0.204277 0.074105 0.759491
v -0.200039 0.071451 0.755057
v -0.205204 0.069700 0.760290
v -0.206255 0.063053 0.754323
v -0.207869 0.063414 0.760471
v -0.203526 0.068217 0.753969
v -0.201234 0.068938 0.746124
v -0.205502 0.062573 0.748531
v -0.203743 0.067094 0.748780
v -0.205333 0.061698 0.743516
v -0.204964 0.057382 0.755203
v -0.204421 0.057771 0.749974
v -0.201771 0.054095 0.748606
v -0.201576 0.053074 0.755429
v -0.195982 0.048793 0.749859
v -0.195838 0.048591 0.755595
v -0.205969 0.056756 0.761324
v -0.201505 0.052104 0.761765
v -0.195461 0.048606 0.760190
v -0.189232 0.048341 0.756854
v -0.189096 0.048237 0.749798
v -0.182865 0.051703 0.749483
v -0.189781 0.048161 0.743841
v -0.196650 0.049181 0.743801
v -0.203481 0.053481 0.736209
v -0.197107 0.049025 0.737350
v -0.202312 0.054322 0.742429
v -0.205812 0.062039 0.736413
v -0.205401 0.061984 0.742144
v -0.200757 0.069438 0.735495
v -0.201234 0.068960 0.741487
v -0.193512 0.070043 0.735807
v -0.194350 0.069819 0.742284
v -0.186599 0.069971 0.742422
v -0.186779 0.070011 0.735897
v -0.196969 0.070132 0.746201
v -0.192851 0.070032 0.746827
v -0.187049 0.070094 0.749825
v -0.193338 0.070357 0.748580
v -0.186412 0.069850 0.747161
v -0.179917 0.066581 0.749727
v -0.179653 0.066114 0.744580
v -0.180178 0.065483 0.737781
v -0.180243 0.057902 0.739637
v -0.179643 0.057903 0.744962
v -0.179373 0.058401 0.749938
v -0.183485 0.051729 0.738743
v -0.183228 0.051558 0.744285
v -0.189784 0.048325 0.737389
v -0.197137 0.048920 0.732376
v -0.189661 0.048721 0.732255
v -0.184404 0.052290 0.732087
v -0.180964 0.058098 0.725437
v -0.181792 0.058148 0.731859
v -0.183821 0.051985 0.725969
v -0.189337 0.048728 0.725461
v -0.183622 0.051832 0.721854
v -0.180647 0.057684 0.722143
v -0.183403 0.052653 0.712778
v -0.180768 0.058399 0.712799
v -0.180957 0.064082 0.720803
v -0.181451 0.064691 0.712920
v -0.185080 0.068767 0.720298
v -0.181557 0.064838 0.725096
v -0.181556 0.064785 0.731288
v -0.185782 0.069343 0.725072
v -0.191289 0.070103 0.724615
v -0.191257 0.070277 0.718442
v -0.186521 0.069991 0.730707
v -0.192628 0.070000 0.730660
v -0.196483 0.069403 0.724375
v -0.198934 0.069545 0.730711
v -0.205543 0.062472 0.727969
v -0.202597 0.067162 0.727448
v -0.206120 0.062213 0.732233
v -0.201055 0.067477 0.723703
v -0.203719 0.062042 0.720143
v -0.200726 0.066793 0.720479
v -0.204397 0.062387 0.723669
v -0.204180 0.056463 0.723741
v -0.203438 0.056705 0.720209
v -0.205523 0.057069 0.727367
v -0.201766 0.052457 0.724520
v -0.201139 0.053534 0.718276
v -0.203398 0.061700 0.717417
v -0.203078 0.061739 0.713321
v -0.201042 0.054156 0.713118
v -0.195497 0.049225 0.718395
v -0.188722 0.048986 0.720380
v -0.195478 0.049676 0.713066
v -0.195924 0.048698 0.725373
v -0.203603 0.052455 0.730925
v -0.194733 0.049709 0.707221
v -0.188817 0.049363 0.713074
v -0.183550 0.053498 0.706653
v -0.188366 0.049826 0.707023
v -0.184113 0.054818 0.702278
v -0.187684 0.050950 0.701588
v -0.184252 0.054840 0.696563
v -0.193553 0.049566 0.701513
v -0.188161 0.050809 0.696736
v -0.183940 0.054291 0.692820
v -0.188285 0.050709 0.692895
v -0.194042 0.049797 0.696005
v -0.199069 0.052284 0.695104
v -0.201018 0.053839 0.702845
v -0.194582 0.050341 0.690029
v -0.190095 0.051242 0.676705
v -0.199213 0.053529 0.688951
v -0.195392 0.051419 0.677833
v -0.190823 0.052664 0.670272
v -0.196286 0.052653 0.671413
v -0.199759 0.054633 0.677345
v -0.200516 0.056022 0.676927
v -0.198786 0.054310 0.671940
v -0.197691 0.053573 0.671991
v -0.201140 0.061979 0.687997
v -0.200713 0.062231 0.679682
v -0.200723 0.062156 0.678877
v -0.197288 0.068532 0.677226
v -0.196083 0.069812 0.689132
v -0.189478 0.070408 0.694736
v -0.194333 0.070974 0.695307
v -0.189959 0.070638 0.688693
v -0.199649 0.068527 0.695740
v -0.199888 0.067084 0.692831
v -0.201708 0.061946 0.691019
v -0.201763 0.055663 0.695468
v -0.201241 0.056470 0.691008
v -0.202918 0.062167 0.696537
v -0.203172 0.063174 0.700538
v -0.202921 0.056460 0.699074
v -0.201094 0.067995 0.699956
v -0.203167 0.062512 0.704521
v -0.198274 0.069889 0.703232
v -0.190886 0.071075 0.708978
v -0.189836 0.070513 0.701245
v -0.197732 0.069237 0.709194
v -0.203058 0.061621 0.709166
v -0.191587 0.070724 0.713634
v -0.197834 0.068614 0.713641
v -0.197536 0.068707 0.718699
v -0.185715 0.069283 0.713038
v -0.185530 0.069061 0.707683
v -0.186305 0.067987 0.700308
v -0.182467 0.064723 0.706474
v -0.181694 0.059040 0.706421
v -0.183876 0.064356 0.699623
v -0.183440 0.064697 0.694826
v -0.183181 0.059633 0.701508
v -0.185990 0.068422 0.693704
v -0.186245 0.068883 0.686992
v -0.188357 0.069299 0.675829
v -0.183364 0.065195 0.688329
v -0.192210 0.070059 0.675930
v -0.196152 0.068527 0.670848
v -0.189262 0.067867 0.668894
v -0.192215 0.069033 0.669990
v -0.190950 0.063895 0.664558
v -0.196397 0.065624 0.665709
v -0.193062 0.064443 0.664297
v -0.194253 0.060004 0.663792
v -0.195399 0.055466 0.665699
v -0.197903 0.061452 0.664955
v -0.192152 0.059796 0.664093
v -0.190279 0.056209 0.666082
v -0.189202 0.059572 0.665180
v -0.192640 0.055805 0.665602
v -0.188714 0.063100 0.665360
v -0.188163 0.054312 0.669213
v -0.185238 0.059546 0.668610
v -0.186052 0.065209 0.668735
v -0.184517 0.066251 0.675964
v -0.182624 0.060197 0.675817
v -0.185599 0.053766 0.675903
v -0.182418 0.060205 0.692820
v -0.183005 0.059651 0.696034
v -0.197938 0.056038 0.666503
v -0.199208 0.061719 0.665706
v -0.197664 0.065760 0.666390
v -0.197752 0.067602 0.671789
v -0.200576 0.062593 0.671981
v -0.198004 0.067831 0.676363
v -0.198956 0.056209 0.667121
v -0.200525 0.053835 0.708323
v -0.186980 0.075998 0.749437
v -0.193074 0.077159 0.748837
v -0.197026 0.071140 0.752081
v -0.197408 0.078413 0.750627
v -0.196122 0.079145 0.745269
v -0.192571 0.077617 0.745742
v -0.186322 0.076562 0.746897
v -0.193861 0.078455 0.740359
v -0.193682 0.078468 0.736138
v -0.200164 0.083073 0.739464
v -0.186908 0.077169 0.740913
v -0.179877 0.079823 0.737079
v -0.178192 0.077907 0.748903
v -0.179238 0.079090 0.741891
v -0.186831 0.077384 0.736536
v -0.185831 0.077594 0.734195
v -0.192544 0.078050 0.732753
v -0.190873 0.077886 0.728476
v -0.199202 0.082030 0.731483
v -0.197910 0.080980 0.726669
v -0.200085 0.092042 0.731745
v -0.199986 0.083040 0.735484
v -0.200599 0.092048 0.735315
v -0.200911 0.092378 0.738896
v -0.201312 0.092634 0.742628
v -0.193253 0.098000 0.735724
v -0.193285 0.098210 0.739529
v -0.200309 0.082392 0.744025
v -0.202970 0.087359 0.745939
v -0.186886 0.098986 0.740961
v -0.186009 0.099222 0.746217
v -0.186175 0.098630 0.736596
v -0.179446 0.096265 0.741796
v -0.174350 0.090741 0.742845
v -0.178507 0.096185 0.747538
v -0.179945 0.096059 0.737574
v -0.176313 0.090440 0.735097
v -0.179522 0.095556 0.735081
v -0.175646 0.090623 0.738087
v -0.175786 0.084748 0.737879
v -0.176589 0.085176 0.735262
v -0.174669 0.083991 0.742749
v -0.173649 0.083494 0.749603
v -0.173630 0.090788 0.749149
v -0.179444 0.096879 0.749470
v -0.179437 0.099552 0.749938
v -0.186159 0.101038 0.748629
v -0.186521 0.099436 0.748165
v -0.186181 0.101189 0.746252
v -0.179342 0.099890 0.747416
v -0.187380 0.101647 0.741963
v -0.187363 0.101020 0.738209
v -0.192862 0.106779 0.742488
v -0.180553 0.100287 0.738782
v -0.180379 0.100370 0.735730
v -0.186936 0.100900 0.735026
v -0.185939 0.100444 0.731767
v -0.192327 0.105514 0.734872
v -0.179489 0.100241 0.732673
v -0.174377 0.102410 0.728277
v -0.174968 0.102860 0.732816
v -0.178788 0.100011 0.727542
v -0.174584 0.102123 0.722578
v -0.185543 0.100180 0.725569
v -0.179581 0.099698 0.721745
v -0.179713 0.099777 0.710272
v -0.186223 0.101655 0.710339
v -0.185452 0.100552 0.720089
v -0.190099 0.103338 0.724570
v -0.189938 0.105212 0.719282
v -0.189538 0.106961 0.710210
v -0.189970 0.113630 0.710537
v -0.190130 0.106249 0.702097
v -0.185928 0.100798 0.702088
v -0.185241 0.100279 0.695632
v -0.179079 0.100111 0.702467
v -0.179266 0.099841 0.696071
v -0.176331 0.101779 0.690679
v -0.179293 0.099962 0.690778
v -0.175504 0.102518 0.696244
v -0.173562 0.106987 0.691216
v -0.173166 0.108227 0.697231
v -0.176022 0.102534 0.701660
v -0.173879 0.107681 0.702042
v -0.175481 0.102701 0.708443
v -0.171302 0.107628 0.723117
v -0.173452 0.108222 0.708852
v -0.171333 0.114102 0.723049
v -0.174136 0.113988 0.703223
v -0.173173 0.112938 0.710262
v -0.175401 0.118051 0.711717
v -0.179543 0.120292 0.721606
v -0.181134 0.119869 0.704427
v -0.176539 0.118170 0.704732
v -0.174491 0.118410 0.722376
v -0.180111 0.119901 0.711280
v -0.185448 0.119158 0.719648
v -0.185602 0.118463 0.710094
v -0.185926 0.118330 0.703963
v -0.190306 0.112455 0.704170
v -0.185648 0.119330 0.696584
v -0.190741 0.112432 0.701518
v -0.188539 0.116535 0.701518
v -0.188662 0.117013 0.697760
v -0.188427 0.116975 0.693573
v -0.191089 0.112692 0.697283
v -0.187478 0.118139 0.691528
v -0.190838 0.112185 0.691030
v -0.181649 0.120332 0.697483
v -0.181667 0.120337 0.692450
v -0.191003 0.112093 0.692902
v -0.190831 0.111407 0.682498
v -0.187916 0.117597 0.682611
v -0.182694 0.119904 0.682729
v -0.182612 0.119134 0.674427
v -0.187806 0.117110 0.677811
v -0.177623 0.118371 0.682690
v -0.174242 0.113638 0.682607
v -0.174769 0.112673 0.676257
v -0.173649 0.114286 0.692281
v -0.177914 0.117353 0.674591
v -0.177011 0.118620 0.692468
v -0.173663 0.113997 0.697738
v -0.176455 0.118428 0.697810
v -0.178822 0.116129 0.668908
v -0.182150 0.117518 0.668561
v -0.185895 0.115386 0.665426
v -0.182874 0.114282 0.664626
v -0.186452 0.116749 0.670695
v -0.188644 0.115901 0.675765
v -0.187995 0.116005 0.671334
v -0.187864 0.114724 0.665065
v -0.191294 0.110322 0.671020
v -0.190964 0.110286 0.677028
v -0.190560 0.105861 0.676301
v -0.190735 0.110527 0.678864
v -0.189898 0.104720 0.677396
v -0.186470 0.102270 0.668363
v -0.188915 0.104207 0.671270
v -0.187068 0.101572 0.676282
v -0.190496 0.105357 0.681763
v -0.190038 0.105224 0.671129
v -0.189460 0.110686 0.663875
v -0.189631 0.106455 0.664923
v -0.188205 0.105738 0.665085
v -0.184174 0.109517 0.663407
v -0.187482 0.110576 0.663615
v -0.185255 0.104959 0.664698
v -0.181272 0.109006 0.663936
v -0.182514 0.104484 0.665067
v -0.180328 0.104788 0.665677
v -0.179262 0.102732 0.668690
v -0.182910 0.101345 0.668658
v -0.177628 0.101682 0.676208
v -0.182004 0.099980 0.675998
v -0.181151 0.099668 0.682692
v -0.186423 0.100828 0.683120
v -0.184743 0.099983 0.690960
v -0.189743 0.105170 0.690878
v -0.189699 0.104379 0.695591
v -0.191082 0.108069 0.700368
v -0.191400 0.107610 0.696354
v -0.190931 0.108715 0.693449
v -0.176589 0.101796 0.682339
v -0.174277 0.107178 0.676017
v -0.173621 0.106603 0.682724
v -0.176486 0.107399 0.668847
v -0.176427 0.112243 0.669066
v -0.178950 0.108330 0.665252
v -0.180264 0.113710 0.665113
v -0.178373 0.112046 0.665752
v -0.191009 0.113099 0.718201
v -0.191671 0.112386 0.720397
v -0.188267 0.117834 0.721520
v -0.193033 0.106758 0.726197
v -0.191884 0.107817 0.721066
v -0.192712 0.113307 0.725475
v -0.188435 0.118878 0.724834
v -0.193809 0.113037 0.730620
v -0.193827 0.107652 0.729482
v -0.189594 0.119288 0.729934
v -0.193824 0.113505 0.732632
v -0.187587 0.120178 0.731808
v -0.184952 0.120446 0.726762
v -0.180349 0.120466 0.731594
v -0.193933 0.113488 0.735204
v -0.188241 0.119968 0.735506
v -0.193846 0.113889 0.738645
v -0.192627 0.105998 0.738678
v -0.193800 0.114981 0.742713
v -0.191987 0.104701 0.730794
v -0.179095 0.120358 0.727835
v -0.174678 0.117756 0.732906
v -0.172173 0.113089 0.733435
v -0.173916 0.117889 0.728770
v -0.171287 0.113620 0.729020
v -0.172069 0.107533 0.732878
v -0.171267 0.107561 0.728686
v -0.172875 0.083055 0.756870
v -0.178250 0.076527 0.755307
v -0.179889 0.080444 0.734850
v -0.176303 0.084687 0.729488
v -0.175989 0.089907 0.729851
v -0.175360 0.090560 0.724362
v -0.179025 0.095634 0.723887
v -0.179076 0.095090 0.730340
v -0.184010 0.098298 0.722965
v -0.183946 0.098103 0.729549
v -0.189424 0.098634 0.722249
v -0.190954 0.098647 0.728340
v -0.184998 0.098328 0.734141
v -0.192151 0.098328 0.733107
v -0.199756 0.091103 0.726192
v -0.194828 0.097072 0.725713
v -0.199869 0.091821 0.728324
v -0.193469 0.097086 0.722275
v -0.193567 0.096087 0.717597
v -0.198442 0.090996 0.721260
v -0.191143 0.097519 0.715377
v -0.197162 0.090970 0.713667
v -0.185355 0.098340 0.715895
v -0.197463 0.091210 0.716633
v -0.198280 0.089932 0.708838
v -0.192973 0.097125 0.707387
v -0.187204 0.098466 0.709013
v -0.182590 0.096690 0.706709
v -0.187221 0.098615 0.700253
v -0.193369 0.097711 0.700911
v -0.192033 0.098998 0.691916
v -0.198515 0.089957 0.702722
v -0.196421 0.096938 0.693008
v -0.196108 0.096487 0.697803
v -0.199105 0.089629 0.699205
v -0.198486 0.083859 0.692076
v -0.198637 0.084332 0.697523
v -0.199123 0.090385 0.693130
v -0.198144 0.089903 0.687197
v -0.196280 0.095427 0.687785
v -0.193986 0.097265 0.685376
v -0.197669 0.089567 0.684000
v -0.187295 0.099063 0.694545
v -0.188191 0.099370 0.688214
v -0.196977 0.089308 0.676668
v -0.193814 0.096783 0.676595
v -0.188354 0.099163 0.677700
v -0.193644 0.095471 0.668684
v -0.188691 0.099162 0.668563
v -0.182518 0.098156 0.679392
v -0.183112 0.098598 0.671114
v -0.178011 0.093034 0.683221
v -0.182131 0.097112 0.689970
v -0.180856 0.092197 0.694995
v -0.183460 0.096360 0.695669
v -0.178921 0.092282 0.690439
v -0.179097 0.086775 0.692836
v -0.178209 0.086801 0.690004
v -0.177272 0.086783 0.682958
v -0.178077 0.093718 0.676115
v -0.177079 0.086957 0.676539
v -0.179766 0.081399 0.681889
v -0.179933 0.081824 0.688653
v -0.179614 0.081359 0.675600
v -0.183666 0.078625 0.678986
v -0.188735 0.078624 0.676931
v -0.183976 0.078956 0.671887
v -0.188954 0.079626 0.667840
v -0.188884 0.077995 0.685664
v -0.183697 0.078654 0.686902
v -0.184294 0.078636 0.692817
v -0.190105 0.077740 0.691690
v -0.194930 0.079980 0.691274
v -0.196372 0.081740 0.699882
v -0.190659 0.077651 0.698881
v -0.184264 0.078978 0.698547
v -0.191071 0.077868 0.707294
v -0.185158 0.077937 0.705192
v -0.180645 0.081310 0.705081
v -0.179255 0.080063 0.718084
v -0.181105 0.082903 0.699481
v -0.184065 0.077878 0.717128
v -0.189750 0.077647 0.715127
v -0.184879 0.078332 0.723293
v -0.195320 0.081531 0.714255
v -0.195196 0.080367 0.720858
v -0.190054 0.078159 0.721878
v -0.199972 0.084535 0.724920
v -0.198143 0.083781 0.720928
v -0.197805 0.085416 0.716703
v -0.195901 0.081671 0.707092
v -0.184988 0.078209 0.729633
v -0.179818 0.080376 0.724066
v -0.175508 0.084740 0.718093
v -0.175569 0.084414 0.724281
v -0.179833 0.080794 0.730061
v -0.175791 0.091276 0.718068
v -0.178806 0.092367 0.705853
v -0.177540 0.086356 0.706254
v -0.180225 0.096327 0.716946
v -0.180417 0.091955 0.700006
v -0.179816 0.087049 0.699540
v -0.182623 0.096037 0.701067
v -0.181122 0.082079 0.694073
v -0.195050 0.081338 0.684632
v -0.197670 0.084763 0.687501
v -0.193854 0.081750 0.675882
v -0.193069 0.083034 0.667984
v -0.188849 0.081279 0.659884
v -0.191225 0.082403 0.661619
v -0.195901 0.089751 0.670700
v -0.194202 0.084378 0.665899
v -0.192882 0.083619 0.661418
v -0.195548 0.089499 0.661396
v -0.193860 0.089131 0.655342
v -0.193177 0.085516 0.656274
v -0.191869 0.084865 0.656179
v -0.188551 0.088766 0.654105
v -0.191721 0.089081 0.654509
v -0.188858 0.084441 0.655802
v -0.185952 0.084077 0.656297
v -0.185476 0.088445 0.654702
v -0.182214 0.087960 0.656522
v -0.181696 0.092401 0.657146
v -0.184728 0.093800 0.655941
v -0.187993 0.098288 0.661929
v -0.188188 0.094082 0.655311
v -0.184034 0.097752 0.662121
v -0.179322 0.094071 0.663107
v -0.178466 0.087052 0.662884
v -0.181183 0.081878 0.663284
v -0.185310 0.080555 0.661519
v -0.183317 0.084246 0.657262
v -0.191707 0.093936 0.655472
v -0.190880 0.096954 0.661384
v -0.192687 0.095743 0.661573
v -0.193377 0.092959 0.656058
v -0.196053 0.089970 0.669236
v -0.194378 0.094590 0.667461
v -0.151615 0.089538 0.852224
v -0.154283 0.129002 0.831031
vn 0.7458 0.6453 0.1657
vn 0.3284 0.8698 0.3683
vn 0.6989 0.6225 0.3522
vn 0.3685 0.9000 0.2327
vn 0.0138 0.9590 0.2831
vn -0.3649 0.9206 0.1393
vn -0.3158 0.9334 0.1703
vn -0.0225 0.9776 0.2091
vn -0.6228 0.7795 0.0678
vn -0.6385 0.7670 0.0638
vn -0.8425 0.5385 0.0132
vn -0.8314 0.5555 0.0119
vn -0.9493 0.3143 0.0028
vn -0.9842 0.1768 0.0050
vn -0.9882 0.1532 -0.0006
vn -0.9309 0.3652 -0.0014
vn -0.9999 -0.0004 0.0125
vn -0.9996 -0.0261 0.0099
vn -0.9114 -0.4090 0.0458
vn -0.9770 -0.2134 0.0003
vn -0.8876 -0.4600 -0.0254
vn -0.7092 -0.6932 0.1287
vn -0.7894 -0.6132 0.0288
vn -0.9600 -0.2787 -0.0256
vn -0.8654 -0.4979 -0.0560
vn -0.7605 -0.6444 -0.0798
vn -0.9909 -0.1332 0.0203
vn -0.9423 -0.3345 0.0132
vn -0.8230 -0.5676 -0.0206
vn -0.6668 -0.7332 -0.1336
vn -0.6075 -0.7689 -0.1996
vn -0.4203 -0.8823 -0.2118
vn -0.5606 -0.8263 -0.0537
vn -0.8176 -0.5757 0.0082
vn -0.5857 -0.8097 -0.0357
vn -0.2586 -0.9621 -0.0867
vn -0.1902 -0.9707 -0.1471
vn -0.8324 -0.5518 -0.0517
vn -0.9801 -0.1902 -0.0575
vn -0.9765 -0.2151 -0.0132
vn -0.9880 0.0249 -0.1524
vn -0.9398 0.0634 -0.3358
vn -0.9755 -0.1175 -0.1862
vn -0.9974 -0.0166 -0.0700
vn -0.9793 -0.0305 -0.2002
vn -0.9974 -0.0703 -0.0178
vn -0.9967 0.0249 -0.0772
vn -0.9807 -0.1956 0.0014
vn -0.9845 0.0215 -0.1741
vn -0.9998 0.0170 -0.0086
vn -0.9755 0.2168 -0.0383
vn -0.9682 0.2337 -0.0897
vn -0.9239 0.3607 -0.1275
vn -0.9434 0.2816 -0.1753
vn -0.8794 0.4261 -0.2124
vn -0.9401 0.3346 -0.0652
vn -0.9314 0.3292 -0.1552
vn -0.9303 0.3388 -0.1403
vn -0.8925 0.3614 -0.2700
vn -0.9246 0.2948 -0.2414
vn -0.8762 0.4804 -0.0396
vn -0.8663 0.4889 -0.1026
vn -0.8109 0.5844 -0.0287
vn -0.8684 0.4640 -0.1748
vn -0.7238 0.6719 -0.1574
vn -0.7878 0.6072 -0.1030
vn -0.6495 0.7571 0.0703
vn -0.6725 0.7358 0.0790
vn -0.8105 0.5856 0.0136
vn -0.8176 0.5617 -0.1268
vn -0.7883 0.6002 -0.1357
vn -0.8918 0.4525 -0.0007
vn -0.6453 0.7620 0.0540
vn -0.9096 0.4154 -0.0029
vn -0.8218 0.5698 0.0087
vn -0.9574 0.2886 -0.0060
vn -0.9728 0.2316 0.0007
vn -0.9944 0.1056 -0.0044
vn -0.9982 0.0580 -0.0139
vn -0.9999 -0.0089 0.0147
vn -0.9958 -0.0894 -0.0202
vn -0.3854 0.9150 0.1194
vn -0.3865 0.9126 0.1335
vn -0.0272 0.9851 0.1697
vn -0.0103 0.9873 0.1583
vn 0.4177 0.8944 0.1601
vn 0.4668 0.8768 0.1157
vn 0.8697 0.4897 -0.0626
vn 0.8367 0.5473 0.0218
vn 0.5292 0.8460 0.0655
vn 0.0376 0.9894 0.1404
vn 0.5967 0.8004 0.0572
vn 0.0949 0.9884 0.1182
vn -0.2798 0.9524 0.1208
vn -0.3804 0.9133 0.1457
vn 0.6379 0.7700 -0.0111
vn -0.2594 0.9635 0.0660
vn 0.1340 0.9892 0.0587
vn 0.9402 0.3085 -0.1443
vn 0.6609 0.7420 -0.1121
vn 0.9175 0.3910 -0.0726
vn 0.9657 -0.0799 -0.2471
vn 0.9034 -0.0928 -0.4187
vn 0.9280 0.2618 -0.2650
vn 0.9812 0.0181 -0.1923
vn 0.9789 -0.0428 -0.1996
vn 0.9938 0.0638 -0.0907
vn 0.9514 -0.2388 -0.1945
vn 0.9320 -0.2682 -0.2439
vn 0.9538 -0.2364 -0.1853
vn 0.9319 -0.2773 -0.2339
vn 0.9908 0.1286 -0.0431
vn 0.9358 -0.2694 -0.2274
vn 0.9750 -0.1683 -0.1454
vn 0.9438 -0.2622 -0.2014
vn 0.9667 -0.2115 -0.1438
vn 0.9905 -0.1216 -0.0635
vn 0.9808 0.1930 0.0289
vn 0.9658 -0.1100 -0.2348
vn 0.9614 -0.1680 -0.2179
vn 0.9419 0.1808 -0.2832
vn 0.9390 0.2440 -0.2426
vn 0.9646 -0.0149 -0.2633
vn 0.9747 0.2160 -0.0576
vn 0.9732 0.2006 -0.1128
vn 0.8542 -0.2393 0.4615
vn 0.9851 -0.0051 0.1719
vn 0.9043 0.3018 -0.3021
vn 0.9220 0.3028 -0.2412
vn 0.9184 0.3368 -0.2074
vn 0.8703 0.2833 -0.4030
vn 0.9900 -0.0732 0.1208
vn 0.9892 -0.0031 0.1468
vn 0.6963 -0.4716 0.5411
vn 0.7290 -0.5087 0.4580
vn 0.9800 -0.1121 0.1642
vn 0.7384 -0.5630 0.3712
vn 0.2939 -0.7575 0.5830
vn 0.2329 -0.7392 0.6319
vn -0.1944 -0.8165 0.5436
vn 0.3424 -0.8323 0.4360
vn -0.1638 -0.8451 0.5090
vn -0.1682 -0.9551 0.2438
vn -0.1383 -0.9305 0.3391
vn 0.3134 -0.8699 0.3808
vn 0.6877 -0.6141 0.3872
vn 0.9145 -0.1818 0.3614
vn 0.9557 -0.1658 0.2431
vn 0.4653 -0.7485 0.4725
vn 0.9316 0.3635 -0.0018
vn 0.9332 0.3494 0.0837
vn 0.6858 0.6571 -0.3129
vn 0.9209 0.3763 -0.1021
vn 0.6867 0.6747 -0.2706
vn 0.7176 0.5941 -0.3635
vn 0.2746 0.6548 -0.7042
vn 0.3984 0.4735 -0.7855
vn 0.7841 0.4136 -0.4628
vn 0.0807 -0.6675 -0.7402
vn 0.6689 -0.0683 -0.7402
vn -0.3123 0.2857 -0.9060
vn -0.1528 -0.1601 -0.9752
vn 0.1781 -0.8976 -0.4033
vn -0.2823 -0.8147 -0.5066
vn -0.6562 -0.6020 -0.4550
vn -0.4445 -0.8231 -0.3534
vn -0.5084 -0.5226 -0.6844
vn -0.1898 -0.9400 -0.2834
vn -0.6635 -0.7061 -0.2475
vn -0.7466 -0.6204 -0.2404
vn -0.7023 -0.7108 0.0400
vn -0.7272 -0.6772 -0.1120
vn -0.7212 -0.6887 -0.0749
vn -0.5463 -0.8349 0.0674
vn -0.7627 -0.6065 -0.2246
vn -0.5404 -0.8414 -0.0047
vn -0.2005 -0.9503 0.2381
vn -0.5550 -0.8299 0.0569
vn -0.7488 -0.6628 0.0049
vn -0.2537 -0.9175 0.3064
vn 0.3766 -0.7019 0.6046
vn -0.2877 -0.8546 0.4323
vn -0.7786 -0.6147 0.1265
vn -0.7704 -0.6219 0.1405
vn -0.2823 -0.8341 0.4739
vn -0.2537 -0.8498 0.4620
vn -0.9506 -0.2588 -0.1713
vn -0.7576 -0.6393 0.1316
vn -0.7194 -0.6818 0.1329
vn 0.4022 -0.6562 0.6385
vn -0.2419 -0.8128 0.5300
vn -0.1498 -0.8686 0.4724
vn 0.2260 -0.8199 0.5260
vn 0.4426 -0.6563 0.6110
vn 0.3305 -0.8538 0.4022
vn 0.6401 -0.5900 0.4921
vn 0.8849 -0.0645 0.4614
vn 0.8668 -0.0562 0.4955
vn 0.8559 -0.0604 0.5136
vn 0.8138 0.5398 0.2152
vn 0.8854 0.4406 0.1479
vn 0.8487 -0.0849 0.5221
vn 0.3727 -0.6611 0.6512
vn 0.8481 0.5015 0.1709
vn 0.6789 0.6998 -0.2222
vn 0.6464 0.7203 -0.2518
vn 0.9080 0.3855 0.1639
vn 0.2168 0.8085 -0.5471
vn -0.4149 0.6129 -0.6725
vn 0.1874 0.8300 -0.5253
vn 0.2279 0.7363 -0.6371
vn -0.4040 0.4940 -0.7699
vn -0.8249 0.0675 -0.5613
vn -0.8587 0.1380 -0.4935
vn -0.4247 0.6399 -0.6405
vn -0.9452 -0.2686 -0.1855
vn -0.8751 0.1721 -0.4523
vn 0.1590 0.8594 -0.4859
vn -0.4071 0.6712 -0.6195
vn -0.8684 0.2111 -0.4488
vn -0.9531 -0.2519 -0.1679
vn -0.4590 0.7257 -0.5126
vn -0.8744 0.2299 -0.4273
vn -0.9459 -0.2636 -0.1891
vn -0.9114 -0.3474 -0.2207
vn -0.6893 -0.7243 -0.0131
vn -0.5088 -0.8546 0.1041
vn -0.3546 -0.9244 0.1406
vn -0.2620 -0.9552 0.1378
vn -0.8808 -0.4209 -0.2169
vn -0.5083 -0.8456 0.1632
vn 0.0975 -0.8979 0.4292
vn 0.0760 -0.9392 0.3349
vn 0.6001 -0.6277 0.4958
vn 0.5702 -0.6854 0.4529
vn 0.0683 -0.9680 0.2416
vn -0.0021 -0.9572 0.2893
vn 0.3568 -0.8642 0.3548
vn 0.9081 -0.1318 0.3974
vn 0.8946 -0.0921 0.4372
vn 0.8380 0.5146 0.1816
vn 0.4957 0.8531 -0.1626
vn 0.8226 0.5274 0.2125
vn 0.5542 0.7919 -0.2566
vn 0.8789 0.4651 0.1062
vn 0.1113 0.8328 -0.5423
vn 0.5693 0.7108 -0.4130
vn 0.9044 0.4247 -0.0411
vn 0.1799 0.7143 -0.6763
vn 0.2195 0.5882 -0.7784
vn 0.5662 0.5837 -0.5819
vn 0.2907 0.4357 -0.8518
vn 0.5450 0.4105 -0.7311
vn 0.9151 0.3390 -0.2185
vn 0.9352 -0.1188 0.3336
vn 0.9750 -0.1116 0.1922
vn 0.8613 0.1712 -0.4785
vn 0.6180 -0.6064 0.5004
vn 0.7690 -0.4737 0.4292
vn 0.5375 -0.6696 0.5126
vn 0.1437 -0.8837 0.4454
vn 0.4678 -0.6986 0.5413
vn 0.6951 -0.6513 0.3044
vn 0.1518 -0.8699 0.4694
vn 0.1380 -0.8495 0.5092
vn -0.4664 -0.8721 0.1482
vn -0.2604 -0.8999 0.3498
vn -0.5756 -0.8129 -0.0887
vn -0.3021 -0.9231 0.2381
vn -0.8118 -0.4526 -0.3689
vn -0.3691 -0.7811 -0.5036
vn -0.7131 -0.4606 -0.5285
vn -0.3812 -0.4987 -0.7784
vn -0.5371 0.0531 -0.8418
vn -0.2502 -0.0951 -0.9635
vn -0.6723 0.1094 -0.7322
vn -0.2583 0.5224 -0.8127
vn -0.1551 0.4396 -0.8847
vn 0.0329 0.2768 -0.9604
vn 0.3933 0.1568 -0.9059
vn 0.2396 0.0783 -0.9677
vn 0.1691 -0.1859 -0.9679
vn 0.4457 -0.1351 -0.8849
vn 0.1162 -0.4817 -0.8686
vn 0.4634 -0.4210 -0.7798
vn 0.7989 -0.4358 -0.4145
vn 0.4790 -0.5204 -0.7069
vn 0.7731 -0.3075 -0.5548
vn 0.4439 -0.8009 -0.4019
vn 0.1023 -0.6192 -0.7786
vn 0.0765 -0.7852 -0.6145
vn -0.2027 -0.9664 -0.1580
vn 0.2240 -0.9451 0.2380
vn 0.7768 -0.6073 -0.1666
vn 0.9144 -0.3940 0.0925
vn 0.9736 -0.1770 -0.1442
vn 0.6656 -0.0149 -0.7462
vn 0.5140 0.2013 -0.8338
vn -0.7772 0.1380 -0.6139
vn -0.3638 0.6145 -0.7000
vn -0.4629 0.6811 -0.5673
vn -0.8492 0.1615 -0.5028
vn -0.8590 -0.4444 -0.2543
vn 0.0185 0.9416 -0.3361
vn 0.0327 0.9070 -0.4198
vn -0.4991 0.7275 -0.4708
vn 0.0733 0.9231 -0.3776
vn -0.8791 0.2048 -0.4304
vn 0.4878 0.8689 -0.0838
vn 0.4662 0.8804 -0.0867
vn 0.5836 0.7940 -0.1701
vn -0.4509 -0.8554 0.2550
vn -0.9123 -0.2863 -0.2929
vn -0.8109 -0.3684 -0.4547
vn -0.7219 -0.1502 -0.6755
vn 0.8623 -0.1483 0.4842
vn 0.2134 -0.9051 0.3678
vn -0.5549 -0.7957 0.2428
vn -0.5318 -0.7854 0.3167
vn -0.2343 -0.8128 0.5334
vn -0.5251 -0.7794 0.3419
vn -0.7085 -0.6939 0.1289
vn -0.2317 -0.8527 0.4682
vn 0.1633 -0.7643 0.6239
vn 0.6489 -0.5139 0.5611
vn 0.5222 -0.5849 0.6207
vn 0.1096 -0.7793 0.6170
vn -0.4911 -0.8195 0.2954
vn 0.6931 -0.5414 -0.4759
vn 0.2058 -0.9304 -0.3035
vn 0.6937 -0.5980 -0.4015
vn 0.6230 -0.6960 -0.3569
vn 0.2037 -0.9517 -0.2298
vn 0.7047 -0.7031 -0.0951
vn 0.9501 -0.2524 -0.1832
vn 0.8782 -0.3074 -0.3664
vn 0.8777 0.1331 -0.4604
vn 0.8604 -0.2496 -0.4443
vn 0.9354 -0.2593 -0.2404
vn 0.9200 -0.2236 -0.3219
vn 0.9833 -0.1469 -0.1076
vn 0.9617 -0.2216 -0.1615
vn 0.9646 -0.1191 -0.2351
vn 0.9576 0.0692 -0.2796
vn 0.9011 0.0676 -0.4284
vn 0.9256 -0.1083 -0.3627
vn 0.9211 0.2296 -0.3143
vn 0.9769 -0.0550 -0.2063
vn 0.9643 0.0419 -0.2616
vn 0.9596 -0.1829 -0.2136
vn 0.9772 -0.2025 -0.0639
vn 0.9623 -0.2502 -0.1064
vn 0.9708 -0.2055 -0.1236
vn 0.9748 -0.1642 -0.1509
vn 0.8912 -0.1014 -0.4422
vn 0.8727 -0.2345 -0.4283
vn 0.7766 -0.3593 -0.5175
vn 0.8955 0.2010 -0.3971
vn 0.9216 -0.1741 -0.3468
vn 0.9122 -0.0746 -0.4030
vn 0.8853 0.3373 -0.3200
vn 0.9374 -0.2893 -0.1939
vn 0.5759 -0.7835 -0.2334
vn 0.6141 -0.7642 -0.1970
vn 0.9249 0.3699 -0.0881
vn 0.9305 -0.2821 -0.2337
vn 0.9319 -0.2887 -0.2197
vn 0.6443 -0.7531 -0.1332
vn 0.0964 -0.9933 -0.0642
vn 0.6737 -0.7389 0.0155
vn 0.9556 -0.2933 -0.0285
vn 0.9366 0.2562 -0.2392
vn 0.9686 0.2431 -0.0529
vn 0.6517 0.7351 -0.1870
vn 0.9359 0.3081 -0.1708
vn 0.6190 0.7790 -0.1003
vn 0.6856 0.7267 -0.0442
vn 0.1932 0.9733 -0.1238
vn -0.4257 0.8996 -0.0978
vn 0.2067 0.9731 -0.1020
vn 0.2009 0.9792 -0.0269
vn -0.3800 0.9137 -0.1442
vn -0.3330 0.9337 -0.1316
vn 0.3280 0.9444 0.0234
vn 0.1345 0.9909 -0.0095
vn -0.5300 0.8388 -0.1243
vn -0.2545 0.9614 -0.1049
vn -0.5672 0.8069 -0.1652
vn -0.8711 0.3883 -0.3008
vn -0.8841 0.3890 -0.2588
vn -0.9583 -0.1516 -0.2422
vn -0.9015 0.3698 -0.2247
vn -0.9455 -0.2017 -0.2555
vn -0.8977 -0.4208 -0.1305
vn -0.8647 -0.1783 -0.4697
vn -0.6015 -0.7977 -0.0433
vn -0.9127 -0.0607 -0.4040
vn -0.8239 0.1703 -0.5405
vn -0.4843 0.7501 -0.4503
vn -0.6806 -0.3621 -0.6369
vn -0.6465 0.6088 -0.4597
vn -0.6693 0.6641 -0.3333
vn 0.0022 0.9935 -0.1135
vn -0.3833 0.9015 -0.2008
vn -0.2411 0.7709 -0.5896
vn -0.6005 0.7477 -0.2835
vn -0.5925 0.7654 -0.2511
vn -0.8740 0.3858 -0.2955
vn -0.8415 0.3987 -0.3646
vn -0.9369 -0.1653 -0.3080
vn -0.8804 0.3538 -0.3157
vn -0.9569 -0.0277 -0.2890
vn -0.9083 0.3299 -0.2573
vn -0.9267 -0.1233 -0.3550
vn -0.7904 0.5389 -0.2914
vn -0.7819 0.4876 -0.3884
vn -0.8473 0.2905 -0.4446
vn -0.9160 0.1542 -0.3704
vn -0.8942 0.3598 -0.2663
vn -0.8843 0.4013 -0.2389
vn -0.6289 0.7567 -0.1785
vn -0.5432 0.8233 -0.1644
vn -0.6470 0.7128 -0.2706
vn -0.2983 0.9330 -0.2011
vn -0.4240 0.8694 -0.2538
vn -0.5563 0.7224 -0.4106
vn -0.6131 0.6564 -0.4395
vn -0.8937 0.1972 -0.4030
vn -0.8959 0.1788 -0.4066
vn -0.8058 0.3986 -0.4379
vn -0.9355 0.2720 -0.2257
vn -0.9765 -0.0764 -0.2017
vn -0.9698 0.2142 -0.1168
vn -0.9836 -0.1051 -0.1463
vn -0.9498 0.2702 -0.1579
vn -0.7215 0.6868 -0.0878
vn -0.7754 0.6250 -0.0897
vn -0.6247 0.7785 -0.0603
vn -0.2845 0.9582 0.0297
vn -0.8621 0.4280 -0.2714
vn -0.2584 0.9647 0.0508
vn -0.7847 0.5933 -0.1797
vn -0.5261 0.8504 -0.0039
vn -0.7194 0.6945 -0.0117
vn -0.7948 0.5198 -0.3132
vn -0.4706 0.8774 0.0938
vn 0.1675 0.9858 0.0140
vn 0.2019 0.9793 0.0116
vn 0.1871 0.9823 -0.0055
vn 0.6531 0.7567 -0.0288
vn 0.9903 0.1314 0.0455
vn 0.9776 0.1725 -0.1207
vn 0.6836 0.7282 0.0484
vn 0.1137 0.9935 -0.0073
vn -0.5378 0.8428 -0.0233
vn 0.0571 0.9984 -0.0033
vn -0.5405 0.8370 -0.0856
vn -0.3475 0.9369 -0.0384
vn -0.9364 0.3268 -0.1279
vn -0.7946 0.5966 -0.1131
vn -0.9382 0.3458 -0.0098
vn -0.9224 -0.3827 -0.0527
vn -0.9047 -0.3958 -0.1574
vn -0.8092 -0.0190 -0.5872
vn -0.4386 -0.8945 -0.0867
vn -0.5191 -0.8444 -0.1321
vn -0.3316 -0.8846 -0.3278
vn -0.0089 -0.9982 -0.0598
vn -0.9316 -0.3618 -0.0362
vn -0.4506 -0.8914 -0.0481
vn 0.0092 -0.9994 -0.0342
vn 0.3819 -0.9240 -0.0193
vn 0.1345 -0.8488 -0.5114
vn 0.4169 -0.9076 -0.0490
vn 0.0412 -0.9986 -0.0318
vn -0.4358 -0.8995 -0.0309
vn -0.4196 -0.9077 0.0044
vn -0.9312 -0.3627 -0.0351
vn -0.9342 -0.3532 0.0493
vn -0.4684 -0.8814 -0.0608
vn 0.0130 -0.9999 0.0069
vn 0.0615 -0.9981 0.0055
vn 0.5341 -0.8453 0.0139
vn 0.5174 -0.8524 -0.0757
vn 0.9008 -0.4306 0.0562
vn 0.4892 -0.8712 0.0411
vn 0.8992 -0.4372 -0.0168
vn 0.9783 0.2068 0.0143
vn 0.9833 0.1817 -0.0069
vn 0.8817 -0.4434 -0.1613
vn 0.4649 -0.8784 -0.1110
vn 0.8747 -0.4566 -0.1626
vn 0.9694 0.2119 -0.1236
vn 0.9616 0.2512 -0.1105
vn 0.6267 0.7781 -0.0420
vn 0.6365 0.7713 0.0049
vn 0.6067 0.7941 -0.0361
vn 0.1181 0.9929 0.0172
vn 0.1396 0.9898 -0.0272
vn 0.0595 0.9949 -0.0818
vn -0.2843 0.9565 -0.0651
vn -0.4726 0.8583 -0.1999
vn 0.5789 0.8112 -0.0825
vn 0.5986 0.8005 -0.0288
vn -0.0015 0.9997 -0.0261
vn 0.0909 0.9957 0.0194
vn 0.6598 0.7448 -0.0994
vn 0.9598 0.2648 -0.0931
vn 0.2632 0.9646 -0.0150
vn 0.7750 0.6309 -0.0373
vn 0.9481 0.2455 -0.2021
vn -0.3429 0.9394 -0.0049
vn -0.4864 0.8628 -0.1377
vn 0.3229 0.9460 -0.0278
vn -0.9163 0.3230 -0.2369
vn -0.9248 0.3064 -0.2256
vn -0.9408 0.3112 -0.1346
vn -0.7515 0.6596 -0.0122
vn -0.4706 0.8726 -0.1310
vn -0.7677 0.6182 -0.1686
vn -0.9251 0.3359 -0.1769
vn -0.7093 0.6810 -0.1818
vn 0.2784 0.9570 -0.0817
vn -0.1135 0.9709 -0.2110
vn -0.5580 0.8075 -0.1912
vn -0.9160 0.3741 -0.1447
vn 0.0141 0.8098 -0.5865
vn -0.3717 0.8214 -0.4326
vn -0.0956 0.2482 -0.9640
vn -0.6901 0.4041 -0.6004
vn -0.4830 -0.3651 -0.7959
vn 0.1659 0.1410 -0.9760
vn 0.3307 0.7014 -0.6314
vn 0.6019 0.5024 -0.6208
vn 0.3069 0.9252 -0.2232
vn 0.6769 0.6950 -0.2426
vn 0.9154 0.2739 -0.2952
vn 0.7820 0.2590 -0.5669
vn 0.3509 0.0435 -0.9354
vn -0.2250 -0.4475 -0.8655
vn 0.0688 -0.4897 -0.8692
vn 0.6638 -0.1289 -0.7367
vn -0.8045 -0.4996 -0.3211
vn -0.5931 -0.7046 -0.3895
vn -0.6538 -0.7483 -0.1122
vn -0.1540 -0.8839 -0.4416
vn -0.9557 -0.2588 -0.1405
vn -0.9849 -0.0021 -0.1731
vn -0.9680 -0.1319 -0.2137
vn -0.9376 -0.3103 -0.1569
vn -0.8761 -0.4813 -0.0292
vn -0.9981 -0.0222 -0.0574
vn -0.5502 -0.8345 -0.0299
vn -0.9753 0.0081 -0.2207
vn -0.9392 0.3400 -0.0484
vn -0.9430 0.3196 0.0929
vn -0.9956 -0.0200 0.0920
vn -0.9507 -0.2959 0.0926
vn -0.9382 0.3235 0.1231
vn -0.9301 0.3668 -0.0210
vn -0.5555 0.8270 0.0860
vn -0.9712 -0.2372 -0.0223
vn -0.8857 0.3944 -0.2449
vn -0.5581 0.8298 -0.0049
vn -0.9411 -0.2473 -0.2305
vn -0.5962 -0.8024 0.0255
vn -0.6683 -0.7439 -0.0078
vn -0.6004 -0.7934 -0.0998
vn -0.1066 -0.9942 -0.0124
vn -0.1736 -0.9848 0.0019
vn 0.4864 -0.8641 -0.1291
vn -0.0963 -0.9946 -0.0384
vn 0.4408 -0.8976 -0.0004
vn 0.9119 -0.3533 -0.2088
vn 0.9132 -0.4060 -0.0356
vn 0.9287 -0.3630 -0.0762
vn 0.9841 0.1580 -0.0817
vn 0.5643 -0.8251 -0.0266
vn 0.9153 -0.3859 0.1156
vn 0.9851 0.1440 0.0944
vn 0.5366 -0.8380 0.0992
vn 0.9730 0.2267 -0.0437
vn 0.9245 -0.3772 -0.0557
vn 0.8817 -0.3028 -0.3619
vn 0.4897 -0.8687 -0.0741
vn 0.4922 -0.7636 -0.4179
vn 0.4395 -0.4937 -0.7504
vn -0.1506 -0.9840 -0.0950
vn -0.0206 -0.9987 0.0460
vn 0.0176 -0.9998 0.0077
vn -0.5086 -0.8610 0.0025
vn 0.7300 0.6809 -0.0585
vn 0.7953 0.6043 0.0492
vn -0.8500 -0.5118 -0.1249
vn -0.9975 0.0408 0.0577
vn -0.9894 0.0213 -0.1435
vn -0.8622 0.4142 -0.2916
vn -0.9022 0.4094 -0.1359
vn -0.9543 0.0758 -0.2892
vn -0.9243 0.3721 0.0846
vn -0.6502 0.7018 -0.2911
vn -0.6766 0.7276 -0.1128
vn -0.7482 0.6578 0.0863
vn -0.5107 0.8541 0.0989
vn 0.0654 0.9979 0.0028
vn -0.5327 0.8455 0.0354
vn -0.9275 0.3735 0.0144
vn -0.9250 0.3557 0.1332
vn -0.9278 0.3731 -0.0083
vn -0.5402 0.8415 0.0011
vn 0.0471 0.9989 -0.0043
vn 0.6098 0.7925 -0.0080
vn 0.9690 0.2461 -0.0221
vn 0.6372 0.7706 0.0143
vn 0.9792 0.2008 0.0289
vn 0.8697 -0.4910 -0.0496
vn 0.8487 -0.5286 0.0155
vn 0.5077 -0.8381 -0.1993
vn 0.8394 -0.5419 -0.0412
vn 0.8921 -0.3320 -0.3064
vn 0.8211 -0.2208 -0.5263
vn 0.9073 -0.0024 -0.4205
vn 0.9634 -0.1387 -0.2295
vn 0.4791 0.0954 -0.8725
vn 0.6181 0.7123 -0.3325
vn -0.1177 0.0269 -0.9927
vn 0.2647 0.9157 -0.3025
vn 0.5879 0.8089 -0.0031
vn -0.1031 0.9718 -0.2120
vn -0.7736 0.6289 0.0775
vn -0.8232 -0.1508 -0.5474
vn -0.9322 -0.1161 -0.3427
vn -0.7761 -0.4326 -0.4588
vn -0.8521 -0.2314 -0.4694
vn -0.9235 -0.0603 -0.3789
vn -0.8305 0.0165 -0.5568
vn -0.7292 0.4235 -0.5374
vn -0.8580 0.2657 -0.4396
vn -0.9781 0.0857 -0.1898
vn -0.8092 0.5175 -0.2781
vn -0.9647 -0.0000 -0.2634
vn -0.5884 0.7970 -0.1360
vn -0.8180 0.5531 -0.1581
vn -0.9853 0.0732 -0.1541
vn -0.9965 0.0577 -0.0613
vn -0.8807 -0.4514 -0.1432
vn -0.9004 -0.4214 -0.1081
vn -0.6973 -0.7109 -0.0920
vn -0.8120 -0.5824 -0.0377
vn -0.3892 -0.9210 -0.0147
vn -0.3411 -0.9397 -0.0249
vn -0.6308 -0.7721 -0.0769
vn -0.8513 -0.5065 -0.1366
vn -0.2898 -0.9564 -0.0372
vn 0.1713 -0.9843 -0.0427
vn 0.2100 -0.9777 -0.0069
vn 0.7183 -0.6957 -0.0061
vn 0.1879 -0.9820 -0.0201
vn -0.4040 -0.9139 0.0393
vn -0.3522 -0.9346 0.0504
vn -0.8102 -0.5735 0.1212
vn -0.8216 -0.5614 0.0987
vn -0.9863 0.1621 0.0296
vn -0.9930 0.0956 0.0691
vn -0.5460 0.8377 0.0095
vn -0.4931 0.8699 -0.0142
vn -0.0503 0.9986 -0.0191
vn -0.0470 0.9988 0.0111
vn -0.0700 0.9895 -0.1264
vn 0.2627 0.9645 -0.0275
vn 0.0396 0.9943 -0.0994
vn 0.3098 0.9498 -0.0440
vn 0.4268 0.5765 -0.6968
vn 0.2514 0.9648 -0.0774
vn -0.1107 0.6550 -0.7475
vn 0.8297 0.5569 -0.0393
vn 0.8663 0.4972 -0.0485
vn 0.9699 -0.2382 -0.0496
vn 0.8961 0.4228 -0.1349
vn 0.9592 -0.2472 -0.1376
vn 0.7069 -0.7061 -0.0420
vn 0.9797 -0.2006 -0.0035
vn 0.7208 -0.6860 -0.0993
vn 0.2141 -0.9758 -0.0452
vn -0.2883 -0.9575 -0.0039
vn 0.7474 -0.6637 -0.0304
vn 0.2558 -0.9665 -0.0195
vn 0.7411 -0.6666 0.0797
vn 0.9773 -0.1879 0.0983
vn 0.9749 -0.2175 -0.0469
vn 0.2636 -0.9646 0.0107
vn 0.7323 -0.6808 0.0123
vn 0.9819 -0.1854 0.0380
vn 0.7553 -0.6510 -0.0761
vn 0.9843 -0.1547 -0.0854
vn 0.9187 0.3945 0.0197
vn 0.9163 0.3951 -0.0649
vn 0.5032 0.8641 0.0110
vn 0.9183 0.3925 0.0517
vn 0.9205 0.3855 -0.0638
vn 0.4598 0.8880 -0.0107
vn 0.3882 0.9208 -0.0373
vn -0.0138 0.9998 0.0162
vn -0.0072 0.9995 -0.0294
vn -0.0276 0.9994 -0.0215
vn -0.2900 0.9538 -0.0788
vn -0.4530 0.8905 -0.0419
vn -0.6460 0.7407 -0.1846
vn -0.9584 0.2664 -0.1027
vn -0.9717 0.2337 0.0343
vn -0.6862 0.7209 -0.0966
vn -0.9242 0.2354 -0.3006
vn -0.9315 0.2597 -0.2546
vn -0.6875 0.6894 -0.2280
vn -0.9292 -0.2842 -0.2362
vn -0.9320 -0.2626 -0.2498
vn -0.8187 -0.5462 -0.1773
vn -0.9563 -0.2445 -0.1602
vn -0.6932 -0.7008 -0.1684
vn -0.9522 0.2131 -0.2188
vn -0.9822 0.1870 -0.0201
vn -0.8302 -0.5533 -0.0685
vn -0.3152 -0.9442 -0.0956
vn -0.2776 -0.9576 -0.0764
vn 0.2521 -0.9668 -0.0408
vn -0.3382 -0.9389 -0.0645
vn -0.8185 -0.5742 -0.0187
vn 0.2654 -0.9621 -0.0632
vn -0.2702 -0.9617 -0.0466
vn 0.3517 -0.9314 -0.0935
vn 0.8020 -0.5740 -0.1655
vn 0.8572 -0.4998 -0.1239
vn 0.4498 -0.8895 -0.0802
vn 0.8703 -0.4906 0.0433
vn 0.4559 -0.8900 -0.0089
vn -0.1830 -0.9829 -0.0215
vn 0.8267 -0.5621 0.0248
vn 0.3687 -0.9293 -0.0233
vn -0.1669 -0.9852 -0.0386
vn -0.7960 -0.6047 0.0271
vn -0.6531 -0.7539 -0.0713
vn -0.2382 -0.9688 -0.0686
vn 0.2534 -0.9565 -0.1445
vn -0.3122 -0.9452 -0.0958
vn -0.8150 -0.5622 -0.1401
vn 0.1529 -0.9033 -0.4009
vn -0.2933 -0.9062 -0.3045
vn -0.8185 -0.5735 0.0342
vn -0.9371 -0.3459 0.0463
vn -0.8566 -0.4808 -0.1875
vn -0.9749 0.1728 0.1402
vn -0.5645 -0.7929 -0.2295
vn -0.9674 0.1766 -0.1818
vn -0.5884 0.8083 -0.0198
vn -0.9804 0.1740 0.0920
vn -0.5317 0.8385 -0.1194
vn 0.1344 0.9901 -0.0395
vn -0.9479 0.1617 -0.2744
vn 0.2629 0.9646 0.0183
vn -0.2568 0.9649 -0.0540
vn -0.7274 0.6681 -0.1568
vn -0.7687 0.6016 -0.2171
vn -0.9220 -0.3591 -0.1450
vn -0.9686 0.1610 -0.1896
vn -0.9276 -0.2916 -0.2338
vn -0.9845 0.1752 0.0057
vn -0.9500 -0.3108 -0.0291
vn -0.9741 0.1688 0.1502
vn -0.7698 0.6380 -0.0171
vn -0.4915 0.8673 0.0793
vn 0.2180 0.9759 0.0091
vn -0.5532 0.8307 0.0629
vn 0.0778 0.9969 0.0072
vn -0.9857 0.1632 0.0432
vn -0.0070 0.9982 0.0598
vn -0.5669 0.8230 0.0372
vn -0.5140 0.8526 -0.0941
vn 0.5357 0.8444 0.0075
vn 0.5961 0.7991 -0.0775
vn 0.6688 0.7427 -0.0321
vn 0.9126 0.3758 -0.1613
vn 0.9757 -0.1064 -0.1916
vn 0.9309 0.3587 -0.0690
vn 0.9917 -0.0675 -0.1091
vn 0.9229 0.3787 0.0703
vn 0.6774 0.7341 0.0477
vn 0.5896 0.8075 -0.0174
vn 0.0222 0.9942 -0.1057
vn 0.4791 0.8662 -0.1419
vn 0.8989 0.4381 0.0031
vn -0.3504 0.8905 -0.2903
vn 0.3771 0.7954 -0.4744
vn 0.0088 0.9158 -0.4016
vn -0.3312 0.5899 -0.7364
vn 0.2873 0.3703 -0.8834
vn -0.0213 0.5064 -0.8620
vn -0.1163 -0.0933 -0.9888
vn -0.2195 -0.6333 -0.7422
vn 0.2086 -0.1688 -0.9633
vn -0.4126 0.0076 -0.9109
vn 0.3896 -0.5237 -0.7576
vn 0.1389 -0.6216 -0.7709
vn 0.5066 -0.1839 -0.8424
vn 0.5692 -0.6588 -0.4919
vn 0.5250 0.2175 -0.8228
vn 0.7323 0.4331 -0.5255
vn 0.8305 -0.1548 -0.5350
vn 0.8480 0.5043 -0.1632
vn 0.9796 -0.0855 -0.1819
vn 0.9984 -0.0430 0.0355
vn 0.7362 -0.6542 -0.1732
vn 0.9968 -0.0365 0.0713
vn -0.4825 -0.5751 -0.6606
vn -0.8106 0.1016 -0.5767
vn -0.6338 0.5719 -0.5207
vn -0.7271 0.6625 -0.1802
vn -0.9782 0.1618 -0.1299
vn -0.7956 0.6058 0.0096
vn -0.7427 -0.4635 -0.4833
vn -0.8103 -0.5856 -0.0220
vn 0.2506 -0.6609 -0.7074
vn -0.2906 -0.6360 -0.7149
vn -0.4868 0.5840 -0.6496
vn -0.5964 -0.5651 -0.5701
vn -0.4611 -0.8704 -0.1728
vn -0.2640 -0.9545 -0.1390
vn 0.0342 -0.9864 -0.1610
vn -0.3877 -0.9188 -0.0737
vn 0.0459 -0.9938 -0.1015
vn -0.3665 -0.9303 -0.0173
vn -0.8675 -0.4890 -0.0914
vn 0.5759 -0.7971 -0.1817
vn 0.1075 -0.9923 -0.0609
vn 0.5282 -0.8295 -0.1816
vn 0.5240 -0.8327 -0.1788
vn -0.2819 -0.9593 -0.0157
vn 0.1895 -0.9808 -0.0461
vn -0.1959 -0.9795 -0.0479
vn -0.8319 -0.5472 -0.0922
vn -0.7900 -0.6120 -0.0368
vn -0.9085 0.3891 -0.1525
vn -0.8657 -0.4967 -0.0622
vn -0.9102 0.4048 -0.0880
vn -0.9080 0.4029 -0.1150
vn -0.8357 -0.4745 -0.2764
vn -0.8628 0.4033 -0.3048
vn -0.3652 0.9243 -0.1113
vn -0.3523 0.9323 -0.0815
vn -0.9403 -0.1169 -0.3198
vn 0.1299 0.9878 -0.0855
vn 0.2389 0.9683 -0.0727
vn 0.1641 0.9855 -0.0422
vn 0.5766 0.8104 -0.1039
vn 0.5651 0.8200 -0.0913
vn 0.6083 0.7887 -0.0894
vn 0.9298 0.3245 -0.1735
vn 0.9603 0.2661 -0.0842
vn 0.9289 0.3040 -0.2113
vn 0.6704 0.7418 -0.0181
vn 0.9155 -0.3417 -0.2123
vn 0.9104 -0.3258 -0.2548
vn 0.9334 -0.3428 -0.1064
vn 0.9370 -0.3222 -0.1352
vn 0.9296 0.3575 -0.0894
vn 0.6262 0.5946 -0.5043
vn 0.3989 -0.5882 -0.7035
vn -0.2769 -0.5406 -0.7944
vn 0.1262 0.7644 -0.6323
vn -0.3370 -0.9407 -0.0395
vn -0.4598 -0.8865 0.0526
vn 0.0592 -0.9882 -0.1413
vn 0.1461 -0.9891 -0.0168
vn -0.4045 -0.9132 0.0496
vn -0.8968 -0.4423 0.0087
vn -0.3775 -0.9258 0.0192
vn 0.1912 -0.9806 0.0429
vn 0.2183 -0.9716 0.0911
vn -0.3370 -0.9409 0.0351
vn -0.8636 -0.5041 -0.0096
vn 0.6827 -0.7271 0.0718
vn 0.2111 -0.9765 0.0437
vn 0.6799 -0.7213 0.1323
vn 0.7052 -0.7079 -0.0398
vn 0.1728 -0.9848 -0.0191
vn -0.3417 -0.9393 -0.0321
vn 0.1928 -0.9810 -0.0194
vn -0.5264 -0.8502 -0.0086
vn -0.4509 -0.8891 -0.0788
vn -0.7174 -0.6846 -0.1292
vn -0.8623 -0.4494 -0.2335
vn -0.9271 -0.3747 -0.0058
vn -0.9181 -0.3783 0.1181
vn -0.9508 0.3085 -0.0277
vn -0.4950 -0.8671 0.0564
vn -0.4117 -0.9110 0.0226
vn 0.2841 -0.9583 0.0303
vn 0.2491 -0.9680 0.0305
vn 0.7323 -0.6807 -0.0196
vn 0.2292 -0.9733 -0.0101
vn 0.7727 -0.6344 0.0200
vn 0.9755 -0.2185 -0.0269
vn 0.9816 -0.1874 0.0353
vn 0.7883 -0.6152 0.0095
vn 0.9849 -0.1724 0.0172
vn 0.7688 -0.6371 -0.0553
vn 0.9761 -0.1912 -0.1030
vn 0.9672 -0.2444 -0.0689
vn 0.9637 0.2670 -0.0062
vn 0.9587 0.2748 -0.0732
vn 0.9580 0.2601 -0.1208
vn 0.6500 0.7546 -0.0896
vn 0.1266 0.9905 -0.0536
vn 0.6440 0.7634 -0.0490
vn 0.0570 0.9978 -0.0351
vn 0.0445 0.9988 0.0226
vn 0.6563 0.7544 -0.0138
vn -0.4497 0.8820 -0.1406
vn -0.5293 0.8480 -0.0265
vn -0.5716 0.8149 0.0960
vn -0.9446 0.2935 0.1471
vn -0.9467 0.2582 0.1925
vn -0.4460 0.8943 0.0365
vn -0.7691 0.6387 0.0212
vn -0.7738 0.6125 0.1616
vn -0.6576 0.7526 -0.0350
vn -0.9597 0.2805 0.0166
vn -0.8668 0.4944 -0.0652
vn -0.9839 0.1754 -0.0353
vn -0.9778 0.1841 -0.1004
vn -0.9665 0.2325 -0.1091
vn 0.0410 0.9990 0.0203
vn -0.0116 0.9993 -0.0346
vn -0.0389 0.9965 -0.0742
vn -0.6895 0.7223 -0.0539
vn 0.5962 0.7971 -0.0957
vn -0.0255 0.9851 -0.1699
vn -0.6796 0.7288 -0.0842
vn 0.9419 0.3334 -0.0400
vn 0.9374 0.3358 -0.0919
vn 0.9337 0.3095 -0.1800
vn 0.6192 0.7639 -0.1818
vn 0.5950 0.8028 -0.0396
vn 0.9515 0.3057 0.0340
vn 0.6346 0.7727 0.0148
vn 0.5943 0.6840 -0.4230
vn 0.0484 0.9160 -0.3983
vn -0.1619 0.6786 -0.7164
vn -0.3753 0.8927 -0.2496
vn 0.0979 0.5770 -0.8109
vn -0.8236 0.5667 -0.0242
vn -0.7150 0.6855 -0.1372
vn -0.5089 0.6761 -0.5329
vn -0.9867 0.1383 0.0857
vn -0.9826 0.1588 -0.0966
vn -0.9371 -0.3422 0.0686
vn -0.9869 0.1569 0.0367
vn -0.8797 -0.4753 0.0168
vn -0.4552 -0.8241 -0.3371
vn -0.5258 -0.8479 -0.0679
vn -0.6644 -0.7214 -0.1952
vn -0.8700 -0.4774 -0.1234
vn -0.9121 -0.4091 0.0253
vn -0.6521 0.1324 -0.7465
vn -0.6570 -0.4990 -0.5651
vn -0.3903 -0.5695 -0.7234
vn 0.0286 -0.0068 -0.9996
vn -0.2092 -0.5445 -0.8123
vn -0.0836 0.0351 -0.9959
vn 0.1691 -0.5488 -0.8187
vn 0.2930 -0.0746 -0.9532
vn 0.4795 -0.4961 -0.7239
vn 0.5933 -0.6761 -0.4369
vn 0.0693 -0.9032 -0.4237
vn 0.6368 -0.7501 -0.1787
vn 0.0532 -0.9914 -0.1192
vn 0.1262 -0.9910 -0.0456
vn -0.4824 -0.8759 -0.0044
vn -0.4193 -0.9079 -0.0013
vn -0.9101 -0.4095 -0.0629
vn -0.8321 -0.5545 -0.0128
vn -0.9836 -0.1801 -0.0104
vn -0.9752 -0.1602 0.1529
vn -0.9681 -0.1649 -0.1885
vn 0.6712 -0.7384 -0.0648
vn 0.9536 -0.2296 -0.1949
vn 0.9703 -0.2330 -0.0653
vn 0.8767 -0.2254 -0.4249
vn 0.8763 0.2595 -0.4060
vn 0.6305 -0.1592 -0.7597
vn 0.7072 0.1926 -0.6802
vn 0.4582 0.3949 -0.7963
vn -0.9185 0.3033 -0.2538
vn -0.8965 0.2875 -0.3371
vn -0.6551 0.7123 -0.2519
vn -0.9246 0.3085 -0.2233
vn -0.9391 -0.2799 -0.1994
vn -0.9144 -0.2244 -0.3368
vn -0.6064 0.7714 -0.1927
vn -0.9574 0.2873 0.0281
vn -0.9629 -0.2689 0.0226
vn -0.9585 0.2592 0.1185
vn -0.6655 0.7449 -0.0473
vn -0.4092 0.9124 -0.0023
vn -0.2039 0.9734 -0.1046
vn 0.2030 0.9778 0.0523
vn -0.9626 0.2677 -0.0424
vn -0.4382 0.8977 -0.0459
vn -0.9573 0.2869 -0.0360
vn -0.9446 0.3207 -0.0698
vn -0.8769 -0.4800 0.0256
vn -0.8301 -0.5548 0.0553
vn 0.1872 0.9823 0.0067
vn 0.6684 0.7312 0.1364
vn 0.9516 0.2560 0.1701
vn 0.6499 0.7555 0.0824
vn 0.9558 0.2759 0.1017
vn 0.9499 -0.2754 0.1481
vn 0.9590 -0.2696 0.0873
vn 0.8951 -0.2628 -0.3603
vn 0.6945 -0.5178 -0.4996
vn 0.9227 -0.3773 0.0793
vn 0.6211 -0.7788 -0.0883
vn 0.9652 0.2493 0.0794
vn 0.9540 0.2967 0.0438
vn 0.6526 0.7574 0.0234
vn 0.6895 0.7225 0.0514
vn 0.2450 0.9695 -0.0072
vn 0.2837 0.9586 0.0257
vn -0.1890 0.9800 -0.0621
vn -0.3219 0.9467 0.0081
vn 0.2339 0.9723 0.0026
vn -0.3183 0.9468 -0.0467
vn -0.5867 0.7965 -0.1465
vn -0.9320 0.3623 -0.0085
vn -0.9290 0.3606 0.0832
vn -0.6074 0.7921 -0.0607
vn -0.4443 0.8946 -0.0472
vn -0.9113 0.3446 -0.2253
vn -0.6493 0.7458 -0.1490
vn -0.9740 0.1923 0.1201
vn -0.9594 0.2749 -0.0631
vn -0.9146 0.3264 -0.2388
vn 0.1604 0.9862 -0.0410
vn 0.0913 0.9958 0.0002
vn -0.5263 0.8483 0.0581
vn -0.5068 0.8525 0.1283
vn 0.5877 0.8026 -0.1019
vn 0.1730 0.9842 0.0375
vn -0.3237 0.9461 -0.0067
vn -0.7527 0.6572 -0.0385
vn -0.9728 0.1443 0.1813
vn -0.9677 0.1485 0.2036
vn -0.7577 0.6345 0.1526
vn -0.9235 -0.3737 -0.0871
vn -0.9863 0.1496 -0.0690
vn -0.9245 -0.3629 0.1167
vn -0.8089 0.5484 -0.2120
vn -0.9608 0.1160 -0.2520
vn -0.6187 0.7736 -0.1372
vn -0.9922 0.0257 -0.1219
vn -0.9731 0.0667 -0.2204
vn 0.1793 0.9830 0.0384
vn 0.0408 0.9992 0.0056
vn -0.1253 0.9920 -0.0120
vn -0.7208 0.6894 -0.0721
vn -0.7287 0.6843 -0.0260
vn -0.2010 0.9773 -0.0665
vn 0.4927 0.8692 0.0421
vn 0.4429 0.8956 -0.0414
vn 0.9076 0.4145 0.0674
vn 0.5935 0.7935 0.1346
vn 0.9217 0.3557 0.1548
vn 0.9050 0.3599 0.2269
vn 0.6824 0.7258 0.0864
vn 0.9787 -0.0924 0.1833
vn 0.9686 -0.1319 0.2110
vn 0.9869 -0.1468 0.0666
vn 0.8944 0.4458 -0.0374
vn 0.9873 -0.1529 -0.0441
vn 0.7711 -0.6360 0.0296
vn 0.7962 -0.5924 0.1231
vn 0.3146 -0.9488 -0.0283
vn 0.7393 -0.6700 -0.0675
vn -0.1832 -0.9804 -0.0722
vn -0.2587 -0.9620 -0.0873
vn -0.3193 -0.9379 -0.1357
vn 0.2493 -0.9622 -0.1095
vn 0.3849 -0.9225 0.0304
vn 0.4535 -0.8895 0.0555
vn -0.1665 -0.9857 -0.0264
vn -0.7870 -0.6100 0.0922
vn -0.6366 -0.7681 -0.0696
vn -0.2231 -0.9748 0.0045
vn 0.3446 -0.9358 -0.0739
vn 0.4566 -0.8894 -0.0217
vn -0.2982 -0.9545 0.0012
vn 0.8404 -0.5387 -0.0590
vn 0.7428 -0.6477 -0.1695
vn 0.6421 -0.7658 -0.0356
vn -0.2560 -0.9666 0.0099
vn 0.2516 -0.9677 0.0174
vn 0.2179 -0.9749 0.0448
vn -0.2087 -0.9777 -0.0233
vn -0.8160 -0.5734 -0.0733
vn -0.6296 -0.7637 -0.1429
vn -0.9242 -0.2974 -0.2395
vn -0.9593 -0.2644 -0.0988
vn -0.9435 -0.2272 -0.2411
vn -0.8288 -0.5563 0.0597
vn 0.2342 -0.9719 -0.0225
vn 0.5721 -0.8175 0.0664
vn 0.9491 -0.3006 -0.0941
vn 0.9231 -0.3798 0.0600
vn 0.6045 -0.7961 0.0289
vn 0.9293 0.3563 -0.0977
vn 0.6049 0.7933 -0.0690
vn 0.9533 -0.1826 -0.2404
vn 0.8904 0.4071 -0.2036
vn 0.9137 0.3856 -0.1287
vn 0.9874 -0.0982 -0.1241
vn 0.6689 0.7402 -0.0681
vn 0.8347 -0.5343 0.1333
vn -0.7608 -0.6235 -0.1801
vn -0.9234 -0.3098 -0.2266
vn -0.7685 -0.6262 -0.1314
vn -0.7535 -0.6528 -0.0783
vn -0.2618 -0.8975 -0.3548
vn -0.5411 -0.8050 -0.2432
vn -0.7865 -0.5939 -0.1691
vn -0.9998 0.0043 0.0173
vn -0.8517 -0.5238 -0.0166
vn -0.7669 -0.0423 -0.6404
vn -0.9886 0.0024 -0.1505
vn -0.6553 -0.5575 -0.5096
vn -0.3714 -0.6196 -0.6915
vn 0.0238 -0.0808 -0.9964
vn -0.1020 -0.6254 -0.7736
vn -0.2426 -0.0697 -0.9676
vn 0.3060 -0.0987 -0.9469
vn 0.2505 -0.6012 -0.7588
vn 0.6794 -0.1493 -0.7184
vn 0.6973 0.3063 -0.6481
vn 0.3793 0.4981 -0.7798
vn 0.8526 0.4316 -0.2945
vn -0.1089 0.9385 -0.3277
vn 0.4138 0.8535 -0.3166
vn 0.0284 0.5787 -0.8150
vn 0.9393 -0.1685 -0.2988
vn 0.6743 -0.6612 -0.3288
vn 0.2251 -0.9026 -0.3669
vn 0.5459 -0.5300 -0.6489
vn -0.3327 0.5712 -0.7504
vn -0.7917 0.5854 -0.1747
vn -0.4854 0.8394 -0.2447
vn -0.7028 0.4844 -0.5210
vn -0.8425 0.5387 0.0037
vn -0.9996 0.0068 0.0285
vn 0.8006 0.5939 0.0796
s 1
f 2//1 1//2 4//3
f 2//1 3//4 1//2
f 3//4 5//5 1//2
f 5//5 6//6 8//7
f 5//5 7//8 6//6
f 3//4 7//8 5//5
f 6//6 9//9 8//7
f 6//6 10//10 9//9
f 10//10 11//11 9//9
f 10//10 12//12 11//11
f 12//12 13//13 11//11
f 13//13 14//14 16//15
f 13//13 15//16 14//14
f 12//12 15//16 13//13
f 16//15 17//17 18//18
f 16//15 14//14 17//17
f 17//17 19//19 18//18
f 17//17 20//20 19//19
f 23//21 19//19 20//20
f 21//22 19//19 22//23
f 23//21 22//23 19//19
f 23//21 24//24 26//25
f 24//24 23//21 20//20
f 23//21 26//25 25//26
f 25//26 22//23 23//21
f 29//27 27//28 26//25
f 26//25 27//28 28//29
f 26//25 28//29 30//30
f 29//27 26//25 24//24
f 25//26 26//25 30//30
f 31//31 30//30 32//32
f 25//26 30//30 31//31
f 30//30 33//33 32//32
f 30//30 28//29 33//33
f 37//34 34//35 33//33
f 35//36 33//33 34//35
f 33//33 28//29 37//34
f 35//36 36//37 33//33
f 36//37 32//32 33//33
f 37//34 38//38 34//35
f 28//29 39//39 37//34
f 38//38 37//34 39//39
f 40//40 43//41 39//39
f 28//29 40//40 39//39
f 39//39 42//42 41//43
f 38//38 39//39 41//43
f 39//39 43//41 42//42
f 43//41 45//44 44//45
f 42//42 43//41 44//45
f 40//40 45//44 43//41
f 46//46 49//47 45//44
f 47//48 46//46 45//44
f 47//48 45//44 40//40
f 45//44 48//49 44//45
f 45//44 49//47 48//49
f 46//46 50//50 49//47
f 51//51 49//47 50//50
f 51//51 52//52 49//47
f 48//49 49//47 52//52
f 51//51 55//53 52//52
f 48//49 52//52 53//54
f 52//52 54//55 53//54
f 52//52 55//53 54//55
f 56//56 55//53 51//51
f 56//56 57//57 55//53
f 54//55 55//53 57//57
f 56//56 60//58 57//57
f 54//55 57//57 58//59
f 57//57 59//60 58//59
f 57//57 60//58 59//60
f 61//61 60//58 56//56
f 61//61 62//62 60//58
f 59//60 60//58 62//62
f 66//63 62//62 61//61
f 59//60 62//62 63//64
f 62//62 64//65 63//64
f 62//62 65//66 64//65
f 66//63 65//66 62//62
f 66//63 67//67 68//68
f 66//63 71//69 67//67
f 68//68 69//70 66//63
f 66//63 69//70 70//71
f 66//63 70//71 65//66
f 61//61 71//69 66//63
f 61//61 72//72 71//69
f 71//69 73//73 67//67
f 75//74 71//69 72//72
f 71//69 74//75 73//73
f 75//74 74//75 71//69
f 76//76 75//74 72//72
f 76//76 77//77 75//74
f 75//74 77//77 14//14
f 75//74 14//14 15//16
f 75//74 15//16 12//12
f 75//74 12//12 74//75
f 79//78 77//77 76//76
f 14//14 77//77 78//79
f 79//78 78//79 77//77
f 79//78 50//50 80//80
f 78//79 79//78 80//80
f 51//51 79//78 76//76
f 79//78 51//51 50//50
f 78//79 80//80 81//81
f 29//27 81//81 80//80
f 50//50 29//27 80//80
f 29//27 24//24 81//81
f 24//24 20//20 81//81
f 17//17 81//81 20//20
f 17//17 78//79 81//81
f 14//14 78//79 17//17
f 51//51 76//76 56//56
f 56//56 76//76 72//72
f 73//73 74//75 12//12
f 67//67 73//73 82//82
f 82//82 73//73 10//10
f 73//73 12//12 10//10
f 67//67 82//82 83//83
f 84//84 83//83 82//82
f 7//8 82//82 6//6
f 82//82 10//10 6//6
f 7//8 84//84 82//82
f 84//84 85//85 83//83
f 86//86 84//84 7//8
f 87//87 85//85 84//84
f 87//87 84//84 86//86
f 88//88 87//87 90//89
f 88//88 89//90 87//87
f 91//91 87//87 89//90
f 90//89 87//87 86//86
f 91//91 85//85 87//87
f 92//92 91//91 89//90
f 92//92 95//93 91//91
f 91//91 93//94 94//95
f 91//91 95//93 93//94
f 94//95 85//85 91//91
f 98//96 95//93 92//92
f 95//93 96//97 93//94
f 95//93 97//98 96//97
f 98//96 97//98 95//93
f 100//99 98//96 92//92
f 99//100 97//98 98//96
f 99//100 98//96 100//99
f 104//101 101//102 100//99
f 100//99 101//102 103//103
f 100//99 92//92 104//101
f 99//100 100//99 102//104
f 100//99 103//103 102//104
f 104//101 89//90 88//88
f 104//101 92//92 89//90
f 106//105 104//101 88//88
f 104//101 105//106 101//102
f 106//105 105//106 104//101
f 88//88 109//107 106//105
f 107//108 105//106 106//105
f 107//108 106//105 108//109
f 110//110 108//109 106//105
f 110//110 106//105 109//107
f 110//110 111//111 108//109
f 113//112 110//110 109//107
f 110//110 112//113 111//111
f 114//114 112//113 110//110
f 113//112 114//114 110//110
f 114//114 118//115 112//113
f 116//116 114//114 115//117
f 117//118 115//117 114//114
f 116//116 118//115 114//114
f 117//118 114//114 113//112
f 112//113 118//115 119//119
f 116//116 119//119 118//115
f 112//113 119//119 120//120
f 120//120 119//119 121//121
f 119//119 123//122 121//121
f 116//116 122//123 119//119
f 119//119 122//123 123//122
f 122//123 124//124 123//122
f 121//121 123//122 125//125
f 126//126 128//127 125//125
f 121//121 125//125 127//128
f 125//125 129//129 127//128
f 125//125 128//127 129//129
f 131//130 130//131 129//129
f 127//128 129//129 130//131
f 129//129 132//132 131//130
f 129//129 128//127 133//133
f 129//129 133//133 132//132
f 128//127 134//134 133//133
f 133//133 134//134 135//135
f 133//133 135//135 132//132
f 135//135 136//136 132//132
f 135//135 137//137 136//136
f 138//138 137//137 135//135
f 134//134 138//138 135//135
f 134//134 139//139 138//138
f 138//138 139//139 140//140
f 138//138 142//141 137//137
f 138//138 140//140 141//142
f 141//142 142//141 138//138
f 144//143 142//141 143//144
f 141//142 143//144 142//141
f 144//143 145//145 142//141
f 142//141 146//146 137//137
f 142//141 145//145 146//146
f 146//146 147//147 149//148
f 146//146 148//149 147//147
f 145//145 148//149 146//146
f 137//137 146//146 149//148
f 147//147 150//150 149//148
f 150//150 136//136 149//148
f 137//137 149//148 136//136
f 147//147 153//151 150//150
f 151//152 154//153 150//150
f 150//150 152//154 151//152
f 150//150 154//153 136//136
f 150//150 153//151 152//154
f 154//153 131//130 132//132
f 155//155 131//130 154//153
f 151//152 155//155 154//153
f 154//153 132//132 136//136
f 155//155 151//152 156//156
f 155//155 156//156 158//157
f 155//155 157//158 131//130
f 157//158 155//155 158//157
f 162//159 159//160 158//157
f 157//158 158//157 159//160
f 158//157 161//161 160//162
f 162//159 158//157 160//162
f 158//157 156//156 161//161
f 163//163 159//160 162//159
f 160//162 164//164 162//159
f 164//164 163//163 162//159
f 164//164 165//165 168//166
f 164//164 167//167 165//165
f 164//164 166//168 163//163
f 168//166 166//168 164//164
f 160//162 167//167 164//164
f 169//169 168//166 165//165
f 169//169 31//31 168//166
f 31//31 32//32 168//166
f 168//166 32//32 166//168
f 173//170 169//169 165//165
f 171//171 169//169 170//172
f 173//170 170//172 169//169
f 169//169 25//26 31//31
f 171//171 172//173 169//169
f 169//169 172//173 25//26
f 170//172 173//170 175//174
f 174//175 173//170 165//165
f 176//176 173//170 174//175
f 176//176 175//174 173//170
f 176//176 144//143 143//144
f 176//176 177//177 144//143
f 176//176 143//144 175//174
f 176//176 178//178 177//177
f 174//175 178//178 176//176
f 178//178 179//179 180//180
f 174//175 179//179 178//178
f 178//178 180//180 177//177
f 148//149 177//177 180//180
f 180//180 181//181 148//149
f 180//180 182//182 181//181
f 179//179 182//182 180//180
f 179//179 183//183 182//182
f 182//182 183//183 185//184
f 181//181 182//182 184//185
f 182//182 185//184 184//185
f 185//184 188//186 184//185
f 183//183 186//187 185//184
f 186//187 187//188 185//184
f 185//184 187//188 188//186
f 188//186 187//188 190//189
f 189//190 188//186 191//191
f 184//185 188//186 189//190
f 188//186 190//189 191//191
f 190//189 192//192 191//191
f 191//191 192//192 193//193
f 191//191 193//193 194//194
f 189//190 191//191 194//194
f 194//194 195//195 196//196
f 194//194 193//193 195//195
f 194//194 196//196 197//197
f 194//194 197//197 198//198
f 199//199 194//194 198//198
f 199//199 189//190 194//194
f 203//200 199//199 198//198
f 199//199 204//201 200//202
f 201//203 199//199 200//202
f 201//203 189//190 199//199
f 203//200 202//204 199//199
f 199//199 202//204 204//201
f 207//205 204//201 205//206
f 202//204 205//206 204//201
f 200//202 204//201 206//207
f 207//205 206//207 204//201
f 153//151 206//207 207//205
f 208//208 207//205 205//206
f 152//154 207//205 208//208
f 153//151 207//205 152//154
f 210//209 208//208 209//210
f 208//208 205//206 209//210
f 211//211 208//208 210//209
f 152//154 208//208 211//211
f 151//152 211//211 156//156
f 151//152 152//154 211//211
f 156//156 211//211 212//212
f 211//211 210//209 212//212
f 213//213 161//161 212//212
f 156//156 212//212 161//161
f 212//212 210//209 214//214
f 212//212 214//214 213//213
f 214//214 210//209 217//215
f 215//216 214//214 216//217
f 213//213 214//214 215//216
f 214//214 217//215 216//217
f 218//218 217//215 209//210
f 218//218 219//219 217//215
f 217//215 219//219 220//220
f 210//209 209//210 217//215
f 217//215 220//220 216//217
f 216//217 220//220 223//221
f 220//220 219//219 221//222
f 220//220 221//222 222//223
f 223//221 220//220 222//223
f 187//188 223//221 224//224
f 186//187 223//221 187//188
f 216//217 223//221 186//187
f 223//221 222//223 224//224
f 222//223 225//225 224//224
f 224//224 225//225 226//226
f 224//224 226//226 190//189
f 187//188 224//224 190//189
f 225//225 229//227 226//226
f 190//189 226//226 228//228
f 226//226 227//229 228//228
f 226//226 229//227 227//229
f 225//225 230//230 229//227
f 230//230 231//231 229//227
f 229//227 231//231 232//232
f 229//227 232//232 233//233
f 227//229 229//227 233//233
f 233//233 234//234 235//235
f 233//233 232//232 234//234
f 235//235 236//236 233//233
f 227//229 233//233 236//236
f 238//237 236//236 237//238
f 235//235 237//238 236//236
f 228//228 236//236 238//237
f 228//228 227//229 236//236
f 238//237 237//238 195//195
f 195//195 192//192 238//237
f 192//192 228//228 238//237
f 195//195 237//238 235//235
f 235//235 234//234 239//239
f 235//235 239//239 240//240
f 196//196 235//235 240//240
f 195//195 235//235 196//196
f 239//239 241//241 240//240
f 241//241 197//197 240//240
f 196//196 240//240 197//197
f 242//242 244//243 241//241
f 241//241 245//244 242//242
f 241//241 244//243 197//197
f 239//239 243//245 241//241
f 241//241 243//245 245//244
f 242//242 245//244 246//246
f 246//246 245//244 248//247
f 245//244 247//248 248//247
f 245//244 243//245 247//248
f 246//246 248//247 249//249
f 250//250 249//249 248//247
f 250//250 248//247 251//251
f 251//251 248//247 247//248
f 252//252 251//251 253//253
f 252//252 250//250 251//251
f 253//253 251//251 254//254
f 251//251 247//248 254//254
f 254//254 247//248 257//255
f 254//254 257//255 255//256
f 256//257 254//254 255//256
f 253//253 254//254 256//257
f 239//239 258//258 257//255
f 255//256 257//255 258//258
f 257//255 247//248 243//245
f 257//255 243//245 239//239
f 255//256 258//258 259//259
f 258//258 262//260 259//259
f 234//234 260//261 258//258
f 260//261 261//262 258//258
f 258//258 261//262 262//260
f 239//239 234//234 258//258
f 259//259 262//260 263//263
f 263//263 262//260 264//264
f 262//260 265//265 264//264
f 262//260 261//262 265//265
f 266//266 265//265 260//261
f 266//266 267//267 265//265
f 264//264 265//265 267//267
f 260//261 265//265 261//262
f 269//268 268//269 267//267
f 264//264 267//267 268//269
f 269//268 267//267 266//266
f 269//268 266//266 271//270
f 270//271 268//269 269//268
f 270//271 269//268 272//272
f 269//268 271//270 272//272
f 270//271 272//272 273//273
f 271//270 275//274 272//272
f 272//272 274//275 273//273
f 272//272 275//274 274//275
f 271//270 276//276 275//274
f 275//274 276//276 277//277
f 274//275 275//274 278//278
f 275//274 277//277 278//278
f 278//278 249//249 250//250
f 278//278 277//277 249//249
f 274//275 278//278 279//279
f 279//279 278//278 250//250
f 280//280 279//279 252//252
f 279//279 250//250 252//252
f 280//280 281//281 279//279
f 279//279 281//281 282//282
f 279//279 282//282 274//275
f 281//281 283//283 282//282
f 274//275 282//282 284//284
f 282//282 283//283 285//285
f 282//282 285//285 284//284
f 285//285 286//286 288//287
f 285//285 287//288 286//286
f 283//283 287//288 285//285
f 284//284 285//285 288//287
f 286//286 290//289 288//287
f 284//284 288//287 289//290
f 288//287 291//291 289//290
f 288//287 290//289 291//291
f 292//292 291//291 290//289
f 289//290 291//291 292//292
f 292//292 290//289 293//293
f 293//293 268//269 292//292
f 289//290 292//292 270//271
f 270//271 292//292 268//269
f 293//293 294//294 263//263
f 263//263 264//264 293//293
f 293//293 264//264 268//269
f 293//293 290//289 294//294
f 295//295 294//294 286//286
f 295//295 263//263 294//294
f 286//286 294//294 290//289
f 259//259 263//263 295//295
f 296//296 259//259 295//295
f 295//295 286//286 287//288
f 295//295 287//288 296//296
f 287//288 256//257 296//296
f 296//296 255//256 259//259
f 256//257 255//256 296//296
f 273//273 284//284 289//290
f 273//273 289//290 270//271
f 283//283 297//297 287//288
f 287//288 297//297 256//257
f 280//280 297//297 283//283
f 280//280 298//298 297//297
f 256//257 297//297 298//298
f 253//253 298//298 280//280
f 256//257 298//298 253//253
f 274//275 284//284 273//273
f 281//281 280//280 283//283
f 253//253 280//280 252//252
f 277//277 246//246 249//249
f 300//299 277//277 276//276
f 277//277 299//300 246//246
f 300//299 299//300 277//277
f 303//301 300//299 301//302
f 301//302 300//299 302//303
f 302//303 300//299 276//276
f 303//301 299//300 300//299
f 303//301 305//304 304//305
f 246//246 303//301 304//305
f 246//246 299//300 303//301
f 303//301 306//306 305//304
f 306//306 303//301 301//302
f 306//306 307//307 305//304
f 306//306 221//222 307//307
f 306//306 301//302 308//308
f 221//222 306//306 308//308
f 308//308 230//230 225//225
f 222//223 308//308 225//225
f 221//222 308//308 222//223
f 308//308 301//302 230//230
f 218//218 309//309 307//307
f 309//309 305//304 307//307
f 221//222 218//218 307//307
f 310//310 309//309 203//200
f 309//309 310//310 305//304
f 309//309 202//204 203//200
f 309//309 311//311 202//204
f 218//218 311//311 309//309
f 202//204 311//311 205//206
f 205//206 311//311 218//218
f 242//242 310//310 244//243
f 310//310 242//242 304//305
f 310//310 304//305 305//304
f 310//310 203//200 244//243
f 242//242 246//246 304//305
f 301//302 302//303 230//230
f 302//303 276//276 271//270
f 231//231 302//303 271//270
f 230//230 302//303 231//231
f 231//231 271//270 266//266
f 232//232 266//266 260//261
f 232//232 231//231 266//266
f 234//234 232//232 260//261
f 244//243 198//198 197//197
f 244//243 203//200 198//198
f 192//192 312//312 228//228
f 190//189 228//228 312//312
f 190//189 312//312 192//192
f 221//222 219//219 218//218
f 205//206 218//218 209//210
f 215//216 216//217 186//187
f 183//183 215//216 186//187
f 313//313 215//216 183//183
f 213//213 215//216 313//313
f 179//179 314//314 313//313
f 313//313 183//183 179//179
f 313//313 315//315 213//213
f 313//313 314//314 315//315
f 213//213 315//315 161//161
f 315//315 160//162 161//161
f 315//315 167//167 160//162
f 314//314 167//167 315//315
f 179//179 174//175 314//314
f 314//314 165//165 167//167
f 174//175 165//165 314//314
f 200//202 206//207 316//316
f 316//316 206//207 153//151
f 316//316 153//151 147//147
f 148//149 316//316 147//147
f 148//149 181//181 316//316
f 316//316 201//203 200//202
f 316//316 181//181 201//203
f 181//181 184//185 201//203
f 184//185 189//190 201//203
f 195//195 193//193 192//192
f 148//149 317//317 177//177
f 144//143 177//177 317//317
f 145//145 317//317 148//149
f 144//143 317//317 145//145
f 170//172 175//174 318//318
f 318//318 175//174 143//144
f 318//318 171//171 170//172
f 318//318 143//144 141//142
f 140//140 318//318 141//142
f 140//140 319//319 318//318
f 318//318 319//319 171//171
f 321//320 319//319 140//140
f 319//319 320//321 322//322
f 321//320 320//321 319//319
f 319//319 322//322 171//171
f 320//321 21//22 322//322
f 21//22 22//23 322//322
f 322//322 22//23 172//173
f 322//322 172//173 171//171
f 323//323 320//321 321//320
f 324//324 323//323 321//320
f 139//139 324//324 321//320
f 139//139 321//320 140//140
f 327//325 324//324 139//139
f 326//326 325//327 324//324
f 324//324 325//327 323//323
f 326//326 324//324 327//325
f 126//126 327//325 128//127
f 126//126 326//326 327//325
f 128//127 327//325 134//134
f 327//325 139//139 134//134
f 323//323 328//328 320//321
f 320//321 328//328 21//22
f 25//26 172//173 22//23
f 163//163 166//168 36//37
f 36//37 166//168 32//32
f 163//163 329//329 159//160
f 330//330 329//329 163//163
f 163//163 36//37 330//330
f 330//330 331//331 329//329
f 333//332 331//331 330//330
f 330//330 35//36 332//333
f 333//332 330//330 332//333
f 330//330 36//37 35//36
f 332//333 334//334 333//332
f 333//332 334//334 335//335
f 333//332 335//335 336//336
f 336//336 331//331 333//332
f 336//336 335//335 337//337
f 336//336 337//337 338//338
f 340//339 336//336 338//338
f 336//336 339//340 331//331
f 340//339 339//340 336//336
f 341//341 340//339 342//342
f 341//341 343//343 340//339
f 342//342 340//339 338//338
f 343//343 339//340 340//339
f 344//344 343//343 341//341
f 346//345 343//343 344//344
f 343//343 345//346 339//340
f 346//345 345//346 343//343
f 346//345 157//158 159//160
f 329//329 346//345 159//160
f 329//329 345//346 346//345
f 347//347 346//345 344//344
f 346//345 130//131 157//158
f 347//347 130//131 346//345
f 348//348 347//347 344//344
f 127//128 130//131 347//347
f 348//348 349//349 347//347
f 121//121 127//128 347//347
f 121//121 347//347 349//349
f 350//350 349//349 348//348
f 350//350 120//120 349//349
f 120//120 121//121 349//349
f 341//341 350//350 348//348
f 111//111 120//120 350//350
f 111//111 350//350 351//351
f 341//341 351//351 350//350
f 342//342 351//351 341//341
f 352//352 351//351 353//353
f 111//111 351//351 352//352
f 342//342 353//353 351//351
f 352//352 353//353 354//354
f 354//354 353//353 356//355
f 355//356 353//353 342//342
f 355//356 356//355 353//353
f 358//357 356//355 357//358
f 357//358 356//355 355//356
f 356//355 358//357 360//359
f 354//354 356//355 359//360
f 356//355 360//359 359//360
f 359//360 360//359 361//361
f 363//362 361//361 360//359
f 362//363 360//359 358//357
f 362//363 363//362 360//359
f 366//364 363//362 362//363
f 363//362 364//365 361//361
f 365//366 364//365 363//362
f 366//364 365//366 363//362
f 369//367 366//364 367//368
f 367//368 366//364 368//369
f 368//369 366//364 362//363
f 369//367 365//366 366//364
f 370//370 369//367 367//368
f 370//370 371//371 369//367
f 371//371 372//372 369//367
f 372//372 365//366 369//367
f 371//371 373//373 372//372
f 376//374 372//372 373//373
f 372//372 374//375 365//366
f 375//376 374//375 372//372
f 375//376 372//372 376//374
f 376//374 373//373 377//377
f 377//377 378//378 376//374
f 378//378 375//376 376//374
f 379//379 381//380 378//378
f 380//381 379//379 378//378
f 377//377 380//381 378//378
f 378//378 381//380 375//376
f 379//379 382//382 381//380
f 381//380 382//382 385//383
f 375//376 381//380 384//384
f 381//380 383//385 384//384
f 381//380 385//383 383//385
f 385//383 387//386 386//387
f 386//387 383//385 385//383
f 385//383 388//388 387//386
f 385//383 390//389 388//388
f 385//383 389//390 390//389
f 389//390 385//383 382//382
f 389//390 393//391 390//389
f 387//386 390//389 391//392
f 390//389 392//393 391//392
f 390//389 393//391 392//393
f 387//386 388//388 390//389
f 389//390 394//394 393//391
f 393//391 394//394 395//395
f 393//391 395//395 392//393
f 398//396 395//395 394//394
f 399//397 395//395 396//398
f 400//399 396//398 395//395
f 398//396 397//400 395//395
f 397//400 400//399 395//395
f 399//397 392//393 395//395
f 400//399 401//401 396//398
f 405//402 401//401 400//399
f 400//399 402//403 404//404
f 400//399 403//405 402//403
f 397//400 403//405 400//399
f 404//404 406//406 400//399
f 405//402 400//399 406//406
f 404//404 407//407 406//406
f 408//408 406//406 407//407
f 408//408 405//402 406//406
f 408//408 407//407 409//409
f 409//409 410//410 408//408
f 410//410 411//411 408//408
f 408//408 411//411 405//402
f 411//411 412//412 415//413
f 411//411 413//414 412//412
f 410//410 413//414 411//411
f 414//415 411//411 415//413
f 414//415 405//402 411//411
f 412//412 53//54 415//413
f 53//54 414//415 415//413
f 53//54 54//55 414//415
f 414//415 58//59 416//416
f 414//415 54//55 58//59
f 405//402 414//415 416//416
f 396//398 416//416 417//417
f 416//416 58//59 417//417
f 405//402 416//416 401//401
f 396//398 401//401 416//416
f 58//59 418//418 417//417
f 399//397 417//417 418//418
f 399//397 396//398 417//417
f 418//418 59//60 63//64
f 58//59 59//60 418//418
f 419//419 418//418 420//420
f 419//419 399//397 418//418
f 418//418 63//64 420//420
f 63//64 421//421 420//420
f 421//421 419//419 420//420
f 421//421 422//422 419//419
f 63//64 64//65 421//421
f 421//421 64//65 424//423
f 423//424 422//422 421//421
f 423//424 421//421 425//425
f 421//421 424//423 425//425
f 424//423 426//426 425//425
f 427//427 425//425 426//426
f 427//427 423//424 425//425
f 428//428 423//424 427//427
f 429//429 428//428 427//427
f 429//429 427//427 426//426
f 429//429 426//426 430//430
f 431//431 429//429 430//430
f 432//432 429//429 431//431
f 429//429 432//432 428//428
f 432//432 431//431 435//433
f 434//434 428//428 432//432
f 433//435 432//432 435//433
f 433//435 434//434 432//432
f 435//433 431//431 437//436
f 436//437 433//435 435//433
f 435//433 437//436 436//437
f 439//438 437//436 431//431
f 438//439 436//437 437//436
f 438//439 437//436 439//438
f 439//438 431//431 441//440
f 438//439 439//438 442//441
f 443//442 440//443 439//438
f 439//438 440//443 96//97
f 443//442 439//438 441//440
f 439//438 96//97 442//441
f 444//444 440//443 443//442
f 445//445 444//444 443//442
f 430//430 443//442 441//440
f 430//430 445//445 443//442
f 445//445 69//70 444//444
f 70//71 445//445 424//423
f 70//71 69//70 445//445
f 424//423 445//445 430//430
f 68//68 444//444 69//70
f 444//444 446//446 440//443
f 94//95 446//446 444//444
f 94//95 444//444 68//68
f 440//443 446//446 93//94
f 94//95 93//94 446//446
f 438//439 442//441 447//447
f 97//98 447//447 442//441
f 97//98 442//441 96//97
f 99//100 447//447 97//98
f 448//448 447//447 99//100
f 438//439 447//447 448//448
f 438//439 448//448 449//449
f 450//450 449//449 448//448
f 448//448 99//100 450//450
f 451//451 450//450 453//452
f 451//451 452//453 450//450
f 454//454 450//450 452//453
f 102//104 453//452 450//450
f 102//104 450//450 99//100
f 454//454 449//449 450//450
f 455//455 454//454 457//456
f 455//455 458//457 454//454
f 456//458 454//454 458//457
f 456//458 449//449 454//454
f 457//456 454//454 452//453
f 459//459 458//457 455//455
f 458//457 459//459 433//435
f 458//457 436//437 456//458
f 458//457 460//460 436//437
f 458//457 433//435 460//460
f 436//437 460//460 433//435
f 459//459 455//455 461//461
f 462//462 459//459 461//461
f 459//459 434//434 433//435
f 459//459 463//463 434//434
f 462//462 463//463 459//459
f 434//434 463//463 428//428
f 463//463 464//464 428//428
f 466//465 463//463 462//462
f 463//463 465//466 464//464
f 466//465 465//466 463//463
f 466//465 467//467 465//466
f 470//468 467//467 466//465
f 469//469 468//470 466//465
f 470//468 466//465 468//470
f 469//469 466//465 462//462
f 473//471 471//472 470//468
f 471//472 472//473 470//468
f 470//468 472//473 467//467
f 470//468 468//470 473//471
f 473//471 474//474 471//472
f 475//475 474//474 473//471
f 473//471 476//476 475//475
f 473//471 468//470 476//476
f 475//475 476//476 478//477
f 477//478 476//476 468//470
f 478//477 476//476 477//478
f 479//479 480//480 478//477
f 478//477 477//478 479//479
f 478//477 480//480 481//481
f 478//477 481//481 482//482
f 475//475 478//477 482//482
f 484//483 483//484 482//482
f 483//484 475//475 482//482
f 484//483 482//482 481//481
f 486//485 484//483 485//486
f 485//486 484//483 481//481
f 486//485 487//487 484//483
f 487//487 483//484 484//483
f 488//488 487//487 486//485
f 488//488 489//489 487//487
f 489//489 490//490 487//487
f 487//487 490//490 483//484
f 490//490 491//491 483//484
f 490//490 492//492 491//491
f 493//493 492//492 490//490
f 489//489 493//493 490//490
f 493//493 494//494 492//492
f 496//495 494//494 493//493
f 495//496 493//493 489//489
f 495//496 496//495 493//493
f 496//495 497//497 494//494
f 498//498 497//497 496//495
f 499//499 496//495 495//496
f 499//499 498//498 496//495
f 502//500 499//499 495//496
f 500//501 498//498 499//499
f 501//502 500//501 499//499
f 501//502 499//499 502//500
f 505//503 502//500 503//504
f 502//500 495//496 503//504
f 504//505 501//502 502//500
f 505//503 504//505 502//500
f 506//506 505//503 508//507
f 506//506 504//505 505//503
f 508//507 505//503 507//508
f 507//508 505//503 503//504
f 511//509 508//507 509//510
f 509//510 508//507 510//511
f 508//507 507//508 510//511
f 511//509 506//506 508//507
f 512//512 506//506 511//509
f 514//513 512//512 511//509
f 513//514 511//509 509//510
f 514//513 511//509 513//514
f 519//515 514//513 515//516
f 514//513 516//517 515//516
f 514//513 517//518 512//512
f 520//519 514//513 513//514
f 514//513 520//519 516//517
f 514//513 518//520 517//518
f 519//515 518//520 514//513
f 520//519 521//521 516//517
f 520//519 524//522 521//521
f 520//519 513//514 522//523
f 522//523 523//524 520//519
f 523//524 524//522 520//519
f 525//525 521//521 524//522
f 523//524 525//525 524//522
f 525//525 527//526 521//521
f 526//527 525//525 523//524
f 526//527 528//528 525//525
f 528//528 527//526 525//525
f 530//529 529//530 528//528
f 528//528 529//530 527//526
f 530//529 528//528 526//527
f 531//531 529//530 530//529
f 531//531 530//529 532//532
f 530//529 533//533 532//532
f 530//529 526//527 533//533
f 535//534 533//533 534//535
f 534//535 533//533 526//527
f 532//532 533//533 535//534
f 535//534 534//535 536//536
f 537//537 535//534 536//536
f 537//537 538//538 535//534
f 539//539 535//534 538//538
f 532//532 535//534 539//539
f 542//540 539//539 540//541
f 540//541 539//539 541//542
f 539//539 538//538 541//542
f 542//540 532//532 539//539
f 543//543 531//531 542//540
f 531//531 532//532 542//540
f 544//544 542//540 540//541
f 543//543 542//540 544//544
f 545//545 544//544 546//546
f 547//547 544//544 545//545
f 544//544 540//541 546//546
f 547//547 543//543 544//544
f 547//547 548//548 549//549
f 516//517 548//548 547//547
f 547//547 549//549 543//543
f 550//550 547//547 545//545
f 547//547 550//550 515//516
f 547//547 515//516 516//517
f 550//550 551//551 554//552
f 551//551 550//550 552//553
f 550//550 545//545 552//553
f 550//550 519//515 515//516
f 550//550 553//554 519//515
f 550//550 554//552 553//554
f 519//515 554//552 557//555
f 519//515 553//554 554//552
f 554//552 555//556 557//555
f 554//552 556//557 555//556
f 551//551 556//557 554//552
f 557//555 518//520 519//515
f 557//555 517//518 518//520
f 555//556 517//518 557//555
f 551//551 558//558 556//557
f 556//557 559//559 555//556
f 556//557 558//558 559//559
f 558//558 561//560 559//559
f 561//560 560//561 559//559
f 560//561 555//556 559//559
f 558//558 565//562 561//560
f 562//563 563//564 561//560
f 561//560 564//565 562//563
f 561//560 563//564 560//561
f 561//560 565//562 564//565
f 566//566 565//562 558//558
f 566//566 568//567 565//562
f 565//562 567//568 564//565
f 565//562 568//567 567//568
f 569//569 568//567 570//570
f 569//569 567//568 568//567
f 570//570 568//567 566//566
f 571//571 570//570 572//572
f 571//571 573//573 570//570
f 570//570 566//566 572//572
f 570//570 485//486 569//569
f 570//570 573//573 485//486
f 574//574 573//573 571//571
f 573//573 486//485 485//486
f 574//574 575//575 573//573
f 573//573 575//575 486//485
f 575//575 488//488 486//485
f 575//575 507//508 488//488
f 510//511 507//508 575//575
f 510//511 575//575 574//574
f 577//576 574//574 571//571
f 576//577 574//574 577//576
f 576//577 510//511 574//574
f 577//576 571//571 578//578
f 580//579 577//576 578//578
f 579//580 577//576 580//579
f 579//580 576//577 577//576
f 580//579 578//578 582//581
f 581//582 580//579 583//583
f 581//582 579//580 580//579
f 583//583 580//579 582//581
f 537//537 581//582 583//583
f 537//537 583//583 585//584
f 583//583 582//581 584//585
f 584//585 585//584 583//583
f 541//542 537//537 585//584
f 584//585 586//586 585//584
f 586//586 541//542 585//584
f 546//546 587//587 586//586
f 586//586 587//587 541//542
f 588//588 586//586 584//585
f 588//588 546//546 586//586
f 545//545 546//546 588//588
f 552//553 588//588 589//589
f 584//585 589//589 588//588
f 552//553 545//545 588//588
f 584//585 582//581 589//589
f 582//581 590//590 589//589
f 591//591 589//589 590//590
f 591//591 552//553 589//589
f 558//558 551//551 591//591
f 551//551 552//553 591//591
f 558//558 591//591 566//566
f 566//566 591//591 590//590
f 566//566 590//590 572//572
f 578//578 572//572 590//590
f 582//581 578//578 590//590
f 546//546 540//541 587//587
f 540//541 541//542 587//587
f 581//582 536//536 592//592
f 581//582 537//537 536//536
f 592//592 579//580 581//582
f 536//536 522//523 592//592
f 592//592 593//593 579//580
f 522//523 593//593 592//592
f 593//593 576//577 579//580
f 593//593 509//510 576//577
f 513//514 509//510 593//593
f 522//523 513//514 593//593
f 578//578 571//571 572//572
f 509//510 510//511 576//577
f 485//486 481//481 569//569
f 481//481 567//568 569//569
f 567//568 594//594 564//565
f 567//568 480//480 594//594
f 481//481 480//480 567//568
f 594//594 479//479 595//595
f 479//479 594//594 480//480
f 564//565 594//594 596//596
f 594//594 595//595 596//596
f 597//597 596//596 600//598
f 597//597 598//599 596//596
f 564//565 596//596 598//599
f 596//596 599//600 600//598
f 596//596 595//595 599//600
f 600//598 601//601 597//597
f 600//598 602//602 601//601
f 599//600 602//602 600//598
f 599//600 603//603 602//602
f 501//502 601//601 602//602
f 604//604 602//602 603//603
f 604//604 500//501 602//602
f 501//502 602//602 500//501
f 604//604 605//605 498//498
f 604//604 606//606 605//605
f 607//607 606//606 604//604
f 500//501 604//604 498//498
f 607//607 604//604 608//608
f 604//604 599//600 608//608
f 604//604 603//603 599//600
f 595//595 479//479 608//608
f 479//479 607//607 608//608
f 595//595 608//608 599//600
f 479//479 477//478 607//607
f 607//607 477//478 469//469
f 609//609 606//606 607//607
f 607//607 469//469 609//609
f 461//461 610//610 609//609
f 609//609 462//462 461//461
f 609//609 469//469 462//462
f 609//609 610//610 606//606
f 605//605 610//610 611//611
f 605//605 606//606 610//610
f 611//611 610//610 455//455
f 461//461 455//455 610//610
f 497//497 605//605 611//611
f 611//611 455//455 457//456
f 612//612 611//611 457//456
f 497//497 611//611 612//612
f 494//494 612//612 613//613
f 494//494 497//497 612//612
f 612//612 457//456 614//614
f 613//613 612//612 614//614
f 457//456 452//453 614//614
f 452//453 615//615 614//614
f 613//613 614//614 615//615
f 617//616 615//615 616//617
f 451//451 616//617 615//615
f 452//453 451//451 615//615
f 617//616 613//613 615//615
f 492//492 613//613 617//616
f 491//491 492//492 617//616
f 474//474 617//616 616//617
f 491//491 617//616 474//474
f 474//474 616//617 471//472
f 616//617 619//618 471//472
f 451//451 618//619 616//617
f 616//617 618//619 619//618
f 471//472 619//618 472//473
f 619//618 621//620 620//621
f 472//473 619//618 620//621
f 619//618 618//619 621//620
f 618//619 453//452 621//620
f 103//103 621//620 453//452
f 622//622 621//620 103//103
f 622//622 620//621 621//620
f 622//622 361//361 620//621
f 359//360 361//361 622//622
f 623//623 359//360 622//622
f 103//103 623//623 622//622
f 623//623 101//102 105//106
f 103//103 101//102 623//623
f 107//108 354//354 623//623
f 623//623 354//354 359//360
f 623//623 105//106 107//108
f 624//624 620//621 361//361
f 472//473 620//621 624//624
f 624//624 361//361 627//625
f 625//626 472//473 624//624
f 626//627 625//626 624//624
f 626//627 624//624 627//625
f 627//625 364//365 628//628
f 627//625 361//361 364//365
f 384//384 627//625 628//628
f 384//384 626//627 627//625
f 628//628 364//365 374//375
f 375//376 384//384 628//628
f 628//628 374//375 375//376
f 629//629 625//626 626//627
f 383//385 626//627 384//384
f 383//385 629//629 626//627
f 629//629 464//464 625//626
f 428//428 629//629 386//387
f 386//387 629//629 383//385
f 428//428 464//464 629//629
f 464//464 467//467 625//626
f 625//626 467//467 472//473
f 618//619 451//451 453//452
f 492//492 494//494 613//613
f 498//498 605//605 497//497
f 597//597 601//601 501//502
f 564//565 598//599 597//597
f 597//597 501//502 562//563
f 564//565 597//597 562//563
f 560//561 563//564 504//505
f 504//505 563//564 501//502
f 562//563 501//502 563//564
f 560//561 512//512 517//518
f 512//512 560//561 506//506
f 560//561 504//505 506//506
f 560//561 630//630 555//556
f 560//561 517//518 630//630
f 555//556 630//630 517//518
f 527//526 549//549 548//548
f 529//530 549//549 527//526
f 529//530 631//631 549//549
f 543//543 549//549 631//631
f 531//531 631//631 529//530
f 543//543 631//631 531//531
f 516//517 521//521 548//548
f 527//526 548//548 521//521
f 541//542 538//538 537//537
f 536//536 534//535 522//523
f 534//535 526//527 523//524
f 522//523 534//535 523//524
f 507//508 503//504 488//488
f 503//504 489//489 488//488
f 503//504 495//496 489//489
f 475//475 491//491 474//474
f 483//484 491//491 475//475
f 477//478 468//470 469//469
f 464//464 465//466 467//467
f 438//439 449//449 456//458
f 438//439 456//458 436//437
f 103//103 453//452 102//104
f 431//431 430//430 441//440
f 440//443 93//94 96//97
f 424//423 430//430 426//426
f 428//428 386//387 423//424
f 64//65 70//71 424//423
f 422//422 423//424 386//387
f 391//392 419//419 422//422
f 391//392 422//422 387//386
f 422//422 386//387 387//386
f 392//393 399//397 419//419
f 392//393 419//419 391//392
f 413//414 634//632 412//412
f 413//414 632//633 633//634
f 413//414 410//410 632//633
f 413//414 633//634 634//632
f 44//45 412//412 634//632
f 44//45 634//632 635//635
f 635//635 634//632 633//634
f 636//636 42//42 635//635
f 42//42 44//45 635//635
f 635//635 633//634 636//636
f 636//636 632//633 637//637
f 636//636 633//634 632//633
f 636//636 638//638 42//42
f 637//637 638//638 636//636
f 639//639 638//638 641//640
f 639//639 640//641 638//638
f 42//42 638//638 640//641
f 637//637 641//640 638//638
f 642//642 641//640 637//637
f 642//642 644//643 641//640
f 641//640 643//644 639//639
f 641//640 644//643 643//644
f 642//642 643//644 644//643
f 642//642 645//645 643//644
f 643//644 646//646 639//639
f 645//645 647//647 643//644
f 643//644 647//647 646//646
f 647//647 649//648 646//646
f 645//645 648//649 647//647
f 647//647 648//649 649//648
f 650//650 649//648 648//649
f 650//650 651//651 649//648
f 651//651 653//652 649//648
f 649//648 652//653 646//646
f 649//648 653//652 652//653
f 652//653 653//652 34//35
f 653//652 35//36 34//35
f 651//651 654//654 653//652
f 653//652 654//654 35//36
f 655//655 654//654 651//651
f 655//655 35//36 654//654
f 655//655 650//650 656//656
f 656//656 334//334 655//655
f 332//333 655//655 334//334
f 655//655 332//333 35//36
f 655//655 651//651 650//650
f 656//656 657//657 334//334
f 658//658 657//657 656//656
f 656//656 650//650 659//659
f 656//656 659//659 658//658
f 658//658 659//659 661//660
f 660//661 659//659 662//662
f 660//661 661//660 659//659
f 662//662 659//659 650//650
f 663//663 662//662 664//664
f 663//663 660//661 662//662
f 664//664 662//662 648//649
f 662//662 650//650 648//649
f 645//645 666//665 664//664
f 664//664 648//649 645//645
f 664//664 665//666 663//663
f 664//664 666//665 665//666
f 668//667 666//665 642//642
f 645//645 642//642 666//665
f 667//668 666//665 668//667
f 667//668 665//666 666//665
f 668//667 642//642 671//669
f 669//670 668//667 672//671
f 670//672 668//667 669//670
f 670//672 667//668 668//667
f 668//667 671//669 672//671
f 672//671 673//673 675//674
f 672//671 674//675 673//673
f 671//669 674//675 672//671
f 669//670 672//671 675//674
f 337//337 675//674 673//673
f 337//337 676//676 675//674
f 677//677 675//674 676//676
f 677//677 669//670 675//674
f 680//678 677//677 676//676
f 678//679 669//670 677//677
f 679//680 678//679 677//677
f 679//680 677//677 680//678
f 683//681 680//678 681//682
f 680//678 676//676 681//682
f 682//683 680//678 683//681
f 682//683 679//680 680//678
f 684//684 683//681 658//658
f 684//684 682//683 683//681
f 658//658 683//681 657//657
f 683//681 681//682 657//657
f 684//684 661//660 685//685
f 658//658 661//660 684//684
f 687//686 682//683 684//684
f 684//684 685//685 686//687
f 687//686 684//684 686//687
f 690//688 687//686 686//687
f 688//689 687//686 690//688
f 688//689 689//690 687//686
f 689//690 682//683 687//686
f 690//688 686//687 691//691
f 692//692 690//688 691//691
f 693//693 690//688 692//692
f 693//693 688//689 690//688
f 694//694 693//693 692//692
f 694//694 695//695 693//693
f 695//695 696//696 693//693
f 696//696 688//689 693//693
f 695//695 697//697 696//696
f 697//697 698//698 696//696
f 698//698 699//699 696//696
f 696//696 699//699 688//689
f 699//699 689//690 688//689
f 699//699 700//700 689//690
f 701//701 700//700 699//699
f 698//698 701//701 699//699
f 701//701 704//702 700//700
f 703//703 702//704 701//701
f 702//704 704//702 701//701
f 703//703 701//701 698//698
f 704//702 678//679 700//700
f 702//704 705//705 704//702
f 705//705 670//672 704//702
f 704//702 670//672 678//679
f 706//706 705//705 702//704
f 706//706 707//707 705//705
f 707//707 667//668 705//705
f 705//705 667//668 670//672
f 707//707 706//706 711//708
f 707//707 708//709 710//710
f 707//707 709//711 708//709
f 707//707 711//708 709//711
f 663//663 707//707 710//710
f 663//663 665//666 707//707
f 707//707 665//666 667//668
f 711//708 712//712 714//713
f 711//708 713//714 712//712
f 708//709 711//708 714//713
f 708//709 709//711 711//708
f 706//706 713//714 711//708
f 712//712 715//715 714//713
f 715//715 708//709 714//713
f 712//712 716//716 715//715
f 719//717 715//715 716//716
f 715//715 717//718 708//709
f 718//719 717//718 715//715
f 719//717 718//719 715//715
f 719//717 712//712 720//720
f 721//721 719//717 720//720
f 721//721 722//722 719//717
f 722//722 723//723 719//717
f 718//719 719//717 723//723
f 719//717 716//716 712//712
f 726//724 723//723 724//725
f 724//725 723//723 725//726
f 722//722 725//726 723//723
f 718//719 723//723 726//724
f 726//724 724//725 691//691
f 685//685 726//724 691//691
f 727//727 726//724 685//685
f 727//727 718//719 726//724
f 718//719 727//727 717//718
f 685//685 660//661 727//727
f 717//718 727//727 710//710
f 727//727 663//663 710//710
f 727//727 660//661 663//663
f 724//725 725//726 729//728
f 729//728 725//726 728//729
f 728//729 725//726 722//722
f 729//728 692//692 724//725
f 729//728 728//729 731//730
f 729//728 694//694 692//692
f 730//731 729//728 731//730
f 730//731 694//694 729//728
f 732//732 730//731 731//730
f 732//732 731//730 733//733
f 728//729 733//733 731//730
f 734//734 732//732 733//733
f 734//734 733//733 736//735
f 728//729 735//736 733//733
f 735//736 736//735 733//733
f 737//737 736//735 738//738
f 737//737 734//734 736//735
f 739//739 738//738 736//735
f 735//736 739//739 736//735
f 741//740 740//741 739//739
f 740//741 742//742 739//739
f 741//740 739//739 735//736
f 739//739 742//742 738//738
f 742//742 743//743 738//738
f 742//742 745//744 743//743
f 740//741 744//745 742//742
f 744//745 745//744 742//742
f 745//744 746//746 743//743
f 745//744 747//747 746//746
f 744//745 748//748 745//744
f 748//748 747//747 745//744
f 748//748 749//749 750//750
f 753//751 749//749 748//748
f 748//748 750//750 751//752
f 748//748 751//752 747//747
f 748//748 744//745 752//753
f 748//748 752//753 753//751
f 755//754 754//755 753//751
f 753//751 754//755 749//749
f 756//756 755//754 753//751
f 756//756 753//751 752//753
f 755//754 756//756 759//757
f 762//758 756//756 752//753
f 756//756 757//759 759//757
f 756//756 758//760 757//759
f 756//756 760//761 758//760
f 756//756 761//762 760//761
f 762//758 761//762 756//756
f 762//758 763//763 765//764
f 762//758 764//765 763//763
f 744//745 764//765 762//758
f 765//764 761//762 762//758
f 744//745 762//758 752//753
f 763//763 766//766 765//764
f 765//764 760//761 761//762
f 766//766 760//761 765//764
f 763//763 767//767 766//766
f 767//767 769//768 766//766
f 766//766 768//769 760//761
f 770//770 768//769 766//766
f 770//770 766//766 769//768
f 770//770 758//760 760//761
f 758//760 770//770 772//771
f 773//772 770//770 769//768
f 770//770 771//773 772//771
f 770//770 773//772 771//773
f 770//770 760//761 768//769
f 721//721 773//772 774//774
f 773//772 769//768 774//774
f 773//772 775//775 771//773
f 773//772 776//776 775//775
f 721//721 776//776 773//772
f 720//720 777//777 776//776
f 775//775 776//776 777//777
f 720//720 776//776 721//721
f 775//775 777//777 703//703
f 777//777 702//704 703//703
f 777//777 706//706 702//704
f 706//706 777//777 713//714
f 713//714 777//777 720//720
f 778//778 775//775 703//703
f 771//773 775//775 778//778
f 778//778 703//703 698//698
f 779//779 778//778 697//697
f 697//697 778//778 698//698
f 771//773 778//778 779//779
f 772//771 779//779 780//780
f 780//780 779//779 781//781
f 779//779 697//697 781//781
f 772//771 771//773 779//779
f 781//781 695//695 782//782
f 783//783 781//781 782//782
f 780//780 781//781 783//783
f 781//781 697//697 695//695
f 783//783 782//782 785//784
f 784//785 783//783 785//784
f 786//786 783//783 784//785
f 786//786 780//780 783//783
f 759//757 786//786 787//787
f 787//787 786//786 784//785
f 757//759 780//780 786//786
f 759//757 757//759 786//786
f 790//788 787//787 788//789
f 788//789 787//787 789//790
f 787//787 784//785 789//790
f 790//788 759//757 787//787
f 755//754 759//757 790//788
f 790//788 791//791 755//754
f 792//792 790//788 788//789
f 790//788 793//793 791//791
f 792//792 793//793 790//788
f 793//793 795//794 791//791
f 794//795 793//793 792//792
f 794//795 796//796 793//793
f 793//793 796//796 795//794
f 797//797 796//796 794//795
f 795//794 796//796 797//797
f 798//798 797//797 800//799
f 799//800 797//797 798//798
f 795//794 797//797 799//800
f 797//797 794//795 800//799
f 800//799 801//801 803//802
f 800//799 802//803 801//801
f 794//795 802//803 800//799
f 798//798 800//799 803//802
f 746//746 803//802 801//801
f 747//747 803//802 746//746
f 747//747 798//798 803//802
f 805//804 801//801 802//803
f 794//795 804//805 802//803
f 802//803 804//805 807//806
f 805//804 802//803 806//807
f 802//803 807//806 806//807
f 807//806 808//808 809//809
f 808//808 807//806 792//792
f 807//806 794//795 792//792
f 807//806 809//809 806//807
f 807//806 804//805 794//795
f 808//808 811//810 809//809
f 809//809 737//737 810//811
f 810//811 806//807 809//809
f 809//809 811//810 737//737
f 811//810 734//734 737//737
f 811//810 812//812 734//734
f 808//808 789//790 811//810
f 789//790 812//812 811//810
f 812//812 732//732 734//734
f 789//790 784//785 812//812
f 784//785 785//784 812//812
f 812//812 785//784 732//732
f 810//811 805//804 806//807
f 743//743 805//804 810//811
f 810//811 738//738 743//743
f 810//811 737//737 738//738
f 808//808 792//792 788//789
f 788//789 789//790 808//808
f 746//746 801//801 805//804
f 743//743 746//746 805//804
f 799//800 798//798 813//813
f 813//813 814//814 799//800
f 799//800 815//815 795//794
f 799//800 814//814 815//815
f 795//794 815//815 816//816
f 815//815 817//817 816//816
f 815//815 814//814 817//817
f 817//817 749//749 754//755
f 817//817 750//750 749//749
f 814//814 750//750 817//817
f 816//816 817//817 754//755
f 816//816 754//755 818//818
f 791//791 816//816 818//818
f 795//794 816//816 791//791
f 755//754 818//818 754//755
f 791//791 818//818 755//754
f 813//813 819//819 814//814
f 814//814 819//819 750//750
f 751//752 750//750 819//819
f 751//752 819//819 813//813
f 751//752 813//813 798//798
f 751//752 798//798 747//747
f 785//784 730//731 732//732
f 785//784 782//782 730//731
f 782//782 694//694 730//731
f 782//782 695//695 694//694
f 757//759 772//771 780//780
f 820//820 721//721 774//774
f 741//740 820//820 774//774
f 741//740 774//774 769//768
f 820//820 735//736 728//729
f 820//820 741//740 735//736
f 728//729 722//722 820//820
f 820//820 722//722 721//721
f 758//760 772//771 757//759
f 767//767 741//740 769//768
f 740//741 767//767 763//763
f 740//741 741//740 767//767
f 744//745 763//763 764//765
f 744//745 740//741 763//763
f 692//692 691//691 724//725
f 713//714 720//720 712//712
f 717//718 710//710 708//709
f 700//700 679//680 689//690
f 700//700 678//679 679//680
f 685//685 691//691 686//687
f 689//690 679//680 682//683
f 685//685 661//660 660//661
f 335//335 657//657 681//682
f 337//337 335//335 681//682
f 337//337 681//682 676//676
f 678//679 670//672 669//670
f 674//675 821//821 673//673
f 674//675 822//822 821//821
f 823//823 822//822 674//675
f 671//669 823//823 674//675
f 642//642 823//823 671//669
f 642//642 637//637 823//823
f 637//637 824//824 823//823
f 823//823 824//824 822//822
f 637//637 632//633 824//824
f 632//633 825//825 824//824
f 824//824 825//825 826//826
f 824//824 826//826 822//822
f 822//822 826//826 827//827
f 827//827 826//826 828//828
f 825//825 828//828 826//826
f 827//827 828//828 831//829
f 831//829 828//828 829//830
f 829//830 828//828 830//831
f 830//831 828//828 825//825
f 832//832 831//829 835//833
f 832//832 834//834 831//829
f 831//829 833//835 827//827
f 831//829 829//830 835//833
f 831//829 834//834 833//835
f 835//833 837//836 836//837
f 836//837 832//832 835//833
f 835//833 829//830 837//836
f 836//837 837//836 838//838
f 838//838 837//836 839//839
f 839//839 837//836 829//830
f 838//838 839//839 840//840
f 840//840 839//839 841//841
f 839//839 829//830 842//842
f 841//841 839//839 842//842
f 842//842 844//843 843//844
f 841//841 842//842 843//844
f 829//830 830//831 842//842
f 842//842 830//831 844//843
f 844//843 848//845 845//846
f 845//846 847//847 844//843
f 844//843 846//848 843//844
f 844//843 847//847 846//848
f 844//843 830//831 848//845
f 830//831 825//825 848//845
f 632//633 848//845 825//825
f 848//845 409//409 845//846
f 632//633 849//849 848//845
f 848//845 849//849 409//409
f 632//633 410//410 849//849
f 409//409 849//849 410//410
f 846//848 847//847 850//850
f 850//850 847//847 404//404
f 845//846 404//404 847//847
f 850//850 402//403 851//851
f 850//850 404//404 402//403
f 846//848 850//850 852//852
f 853//853 850//850 851//851
f 852//852 850//850 853//853
f 853//853 851//851 855//854
f 856//855 853//853 854//856
f 854//856 853//853 855//854
f 852//852 853//853 856//855
f 857//857 856//855 859//858
f 857//857 858//859 856//855
f 858//859 852//852 856//855
f 856//855 854//856 859//858
f 859//858 862//860 860//861
f 861//862 859//858 860//861
f 861//862 857//857 859//858
f 859//858 854//856 862//860
f 860//861 862//860 834//834
f 834//834 862//860 863//863
f 862//860 864//864 863//863
f 862//860 854//856 864//864
f 357//358 863//863 864//864
f 854//856 855//854 864//864
f 864//864 855//854 865//865
f 864//864 865//865 357//358
f 866//866 357//358 865//865
f 865//865 867//867 866//866
f 865//865 868//868 867//867
f 851//851 868//868 865//865
f 851//851 865//865 855//854
f 867//867 868//868 403//405
f 402//403 868//868 851//851
f 402//403 403//405 868//868
f 869//869 867//867 397//400
f 866//866 867//867 869//869
f 867//867 403//405 397//400
f 871//870 870//871 869//869
f 866//866 869//869 870//871
f 398//396 871//870 869//869
f 869//869 397//400 398//396
f 874//872 871//870 872//873
f 872//873 871//870 873//874
f 873//874 871//870 398//396
f 871//870 368//369 870//871
f 874//872 368//369 871//870
f 876//875 875//876 874//872
f 875//876 367//368 874//872
f 367//368 368//369 874//872
f 876//875 874//872 872//873
f 879//877 876//875 877//878
f 877//878 876//875 878//879
f 878//879 876//875 872//873
f 879//877 875//876 876//875
f 880//880 879//877 882//881
f 880//880 881//882 879//877
f 881//882 875//876 879//877
f 882//881 879//877 877//878
f 883//883 882//881 885//884
f 883//883 880//880 882//881
f 882//881 877//878 884//885
f 885//884 882//881 884//885
f 886//886 883//883 885//884
f 887//887 886//886 885//884
f 887//887 885//884 888//888
f 885//884 884//885 888//888
f 888//888 889//889 890//890
f 888//888 884//885 889//889
f 891//891 888//888 890//890
f 891//891 887//887 888//888
f 893//892 891//891 892//893
f 892//893 891//891 890//890
f 894//894 887//887 891//891
f 894//894 891//891 893//892
f 895//895 894//894 893//892
f 897//896 894//894 895//895
f 896//897 887//887 894//894
f 897//896 896//897 894//894
f 898//898 897//896 899//899
f 898//898 900//900 897//896
f 900//900 896//897 897//896
f 899//899 897//896 895//895
f 901//901 900//900 898//898
f 901//901 902//902 900//900
f 902//902 903//903 900//900
f 900//900 903//903 896//897
f 904//904 905//905 903//903
f 902//902 904//904 903//903
f 903//903 886//886 896//897
f 903//903 905//905 886//886
f 904//904 907//906 905//905
f 886//886 905//905 883//883
f 905//905 906//907 883//883
f 905//905 907//906 906//907
f 909//908 907//906 904//904
f 907//906 908//909 906//907
f 907//906 910//910 908//909
f 909//908 910//910 907//906
f 908//909 910//910 911//911
f 911//911 910//910 909//908
f 911//911 912//912 915//913
f 911//911 916//914 912//912
f 913//915 911//911 914//916
f 913//915 916//914 911//911
f 908//909 911//911 915//913
f 911//911 909//908 914//916
f 916//914 917//917 912//912
f 916//914 918//918 917//917
f 919//919 918//918 916//914
f 919//919 916//914 913//915
f 892//893 919//919 920//920
f 919//919 922//921 920//920
f 919//919 921//922 924//923
f 921//922 919//919 913//915
f 919//919 923//924 922//921
f 919//919 924//923 923//924
f 892//893 918//918 919//919
f 927//925 924//923 921//922
f 922//921 924//923 926//926
f 922//921 923//924 924//923
f 927//925 925//927 924//923
f 926//926 924//923 925//927
f 927//925 932//928 928//929
f 931//930 927//925 928//929
f 927//925 929//931 930//932
f 927//925 921//922 929//931
f 934//933 927//925 930//932
f 931//930 925//927 927//925
f 927//925 933//934 932//928
f 934//933 933//934 927//925
f 937//935 934//933 930//932
f 935//936 934//933 937//935
f 936//937 934//933 935//936
f 936//937 933//934 934//933
f 940//938 938//939 937//935
f 937//935 938//939 939//940
f 937//935 939//940 941//941
f 940//938 937//935 942//942
f 937//935 930//932 942//942
f 935//936 937//935 941//941
f 943//943 942//942 944//944
f 943//943 940//938 942//942
f 930//932 944//944 942//942
f 909//908 944//944 914//916
f 909//908 943//943 944//944
f 929//931 914//916 944//944
f 930//932 929//931 944//944
f 940//938 943//943 902//902
f 943//943 904//904 902//902
f 943//943 909//908 904//904
f 939//940 945//945 941//941
f 941//941 945//945 946//946
f 941//941 946//946 935//936
f 946//946 947//947 949//948
f 946//946 948//949 947//947
f 935//936 946//946 949//948
f 945//945 948//949 946//946
f 949//948 950//950 936//937
f 935//936 949//948 936//937
f 947//947 951//951 949//948
f 949//948 951//951 950//950
f 947//947 952//952 951//951
f 951//951 954//953 950//950
f 952//952 953//954 951//951
f 951//951 953//954 954//953
f 953//954 955//955 954//953
f 956//956 954//953 955//955
f 936//937 950//950 954//953
f 936//937 954//953 956//956
f 956//956 955//955 957//957
f 957//957 932//928 956//956
f 932//928 936//937 956//956
f 957//957 958//958 960//959
f 957//957 959//960 958//958
f 957//957 962//961 959//960
f 960//959 961//962 957//957
f 957//957 961//962 932//928
f 957//957 955//955 962//961
f 963//963 962//961 953//954
f 953//954 962//961 955//955
f 963//963 964//964 962//961
f 959//960 962//961 964//964
f 965//965 964//964 963//963
f 959//960 964//964 965//965
f 965//965 966//966 968//967
f 965//965 967//968 966//966
f 965//965 963//963 967//968
f 959//960 965//965 968//967
f 958//958 968//967 970//969
f 959//960 968//967 958//958
f 968//967 969//970 970//969
f 968//967 966//966 969//970
f 969//970 971//971 970//969
f 970//969 971//971 972//972
f 970//969 972//972 973//973
f 958//958 970//969 973//973
f 973//973 974//974 975//975
f 973//973 972//972 974//974
f 960//959 973//973 975//975
f 960//959 958//958 973//973
f 974//974 976//976 975//975
f 975//975 976//976 977//977
f 975//975 977//977 960//959
f 960//959 977//977 961//962
f 977//977 976//976 899//899
f 961//962 977//977 978//978
f 977//977 899//899 978//978
f 961//962 978//978 979//979
f 978//978 980//980 979//979
f 978//978 895//895 980//980
f 899//899 895//895 978//978
f 979//979 980//980 982//981
f 980//980 893//892 981//982
f 895//895 893//892 980//980
f 980//980 981//982 982//981
f 931//930 982//981 926//926
f 931//930 983//983 982//981
f 979//979 982//981 983//983
f 982//981 922//921 926//926
f 982//981 981//982 922//921
f 979//979 983//983 931//930
f 981//982 893//892 920//920
f 981//982 920//920 922//921
f 979//979 931//930 928//929
f 932//928 979//979 928//929
f 932//928 961//962 979//979
f 974//974 984//984 976//976
f 976//976 984//984 898//898
f 976//976 898//898 899//899
f 985//985 984//984 974//974
f 985//985 986//986 984//984
f 984//984 986//986 901//901
f 984//984 901//901 898//898
f 939//940 986//986 985//985
f 939//940 938//939 986//986
f 986//986 938//939 940//938
f 986//986 940//938 901//901
f 974//974 987//987 985//985
f 988//988 985//985 987//987
f 988//988 939//940 985//985
f 989//989 988//988 987//987
f 989//989 991//990 988//988
f 939//940 988//988 945//945
f 988//988 990//991 945//945
f 988//988 991//990 990//991
f 990//991 991//990 989//989
f 990//991 989//989 969//970
f 966//966 990//991 969//970
f 945//945 990//991 948//949
f 966//966 948//949 990//991
f 969//970 989//989 971//971
f 972//972 989//989 987//987
f 972//972 971//971 989//989
f 974//974 972//972 987//987
f 967//968 948//949 966//966
f 967//968 947//947 948//949
f 967//968 952//952 947//947
f 967//968 963//963 952//952
f 952//952 963//963 953//954
f 940//938 902//902 901//901
f 932//928 933//934 936//937
f 926//926 925//927 931//930
f 921//922 913//915 929//931
f 929//931 913//915 914//916
f 893//892 892//893 920//920
f 992//992 917//917 918//918
f 992//992 918//918 892//893
f 892//893 890//890 992//992
f 890//890 993//993 992//992
f 993//993 917//917 992//992
f 993//993 994//994 917//917
f 997//995 994//994 993//993
f 993//993 995//996 997//995
f 993//993 996//997 995//996
f 890//890 996//997 993//993
f 997//995 998//998 994//994
f 999//999 998//998 997//995
f 995//996 999//999 997//995
f 995//996 1000//1000 999//999
f 1000//1000 1002//1001 999//999
f 999//999 1001//1002 998//998
f 1003//1003 1001//1002 999//999
f 1003//1003 999//999 1002//1001
f 1003//1003 1004//1004 998//998
f 1004//1004 1003//1003 1005//1005
f 1003//1003 380//381 1005//1005
f 1003//1003 998//998 1001//1002
f 1006//1006 1003//1003 1002//1001
f 1006//1006 1007//1007 1003//1003
f 1003//1003 1007//1007 380//381
f 1008//1008 379//379 1007//1007
f 380//381 1007//1007 379//379
f 1008//1008 1007//1007 1006//1006
f 1010//1009 379//379 1008//1008
f 1006//1006 1009//1010 1008//1008
f 1009//1010 1010//1009 1008//1008
f 1010//1009 382//382 379//379
f 389//390 382//382 1010//1009
f 1010//1009 394//394 389//390
f 1010//1009 873//874 394//394
f 1009//1010 873//874 1010//1009
f 1006//1006 878//879 1009//1010
f 878//879 872//873 1009//1010
f 872//873 873//874 1009//1010
f 1011//1011 1006//1006 1002//1001
f 1011//1011 878//879 1006//1006
f 884//885 1011//1011 889//889
f 884//885 877//878 1011//1011
f 877//878 878//879 1011//1011
f 889//889 1011//1011 1000//1000
f 1000//1000 1011//1011 1002//1001
f 1004//1004 1005//1005 1012//1012
f 1012//1012 1005//1005 1013//1013
f 1005//1005 377//377 1013//1013
f 1005//1005 380//381 377//377
f 377//377 1014//1014 1013//1013
f 1014//1014 1015//1015 1013//1013
f 1012//1012 1013//1013 1015//1015
f 912//912 1012//1012 1015//1015
f 912//912 1015//1015 915//913
f 1014//1014 1016//1016 1015//1015
f 1016//1016 915//913 1015//1015
f 1016//1016 1017//1017 1018//1018
f 1016//1016 1014//1014 1017//1017
f 908//909 1016//1016 1018//1018
f 1016//1016 908//909 915//913
f 1018//1018 1017//1017 881//882
f 908//909 1018//1018 906//907
f 906//907 1018//1018 880//880
f 1018//1018 881//882 880//880
f 1014//1014 371//371 1017//1017
f 1017//1017 370//370 881//882
f 1017//1017 371//371 370//370
f 1014//1014 373//373 371//371
f 377//377 373//373 1014//1014
f 917//917 1012//1012 912//912
f 917//917 1004//1004 1012//1012
f 917//917 998//998 1004//1004
f 889//889 1000//1000 995//996
f 917//917 994//994 998//998
f 890//890 995//996 996//997
f 890//890 889//889 995//996
f 906//907 880//880 883//883
f 896//897 886//886 887//887
f 881//882 370//370 875//876
f 875//876 370//370 367//368
f 873//874 398//396 394//394
f 870//871 358//357 866//866
f 870//871 362//363 358//357
f 368//369 362//363 870//871
f 866//866 358//357 357//358
f 1019//1019 833//835 863//863
f 834//834 863//863 833//835
f 357//358 1019//1019 863//863
f 338//338 1020//1020 1019//1019
f 1019//1019 1020//1020 833//835
f 357//358 355//356 1019//1019
f 338//338 1019//1019 355//356
f 1020//1020 673//673 821//821
f 833//835 1020//1020 821//821
f 1020//1020 337//337 673//673
f 1020//1020 338//338 337//337
f 1022//1021 861//862 1021//1022
f 1021//1022 861//862 860//861
f 1023//1023 857//857 861//862
f 1023//1023 861//862 1022//1021
f 1024//1024 1023//1023 1022//1021
f 1025//1025 1023//1023 1024//1024
f 1025//1025 1026//1026 1023//1023
f 1026//1026 857//857 1023//1023
f 1027//1027 1026//1026 1025//1025
f 1027//1027 1028//1028 1026//1026
f 1028//1028 858//859 1026//1026
f 1026//1026 858//859 857//857
f 1029//1029 1028//1028 1027//1027
f 1029//1029 1030//1030 1028//1028
f 1030//1030 1031//1031 1028//1028
f 1028//1028 1031//1031 858//859
f 1031//1031 846//848 852//852
f 1031//1031 1032//1032 846//848
f 1030//1030 1032//1032 1031//1031
f 858//859 1031//1031 852//852
f 843//844 846//848 1032//1032
f 843//844 1032//1032 841//841
f 841//841 1032//1032 1030//1030
f 1030//1030 1029//1029 1036//1033
f 1030//1030 1033//1034 1035//1035
f 1030//1030 1034//1036 1033//1034
f 1030//1030 1036//1033 1034//1036
f 841//841 1030//1030 1035//1035
f 1039//1037 1036//1033 1029//1029
f 1033//1034 1036//1033 1038//1038
f 1033//1034 1034//1036 1036//1033
f 1039//1037 1037//1039 1036//1033
f 1038//1038 1036//1033 1037//1039
f 1039//1037 1043//1040 1040//1041
f 1042//1042 1039//1037 1040//1041
f 1039//1037 1027//1027 1041//1043
f 1039//1037 1029//1029 1027//1027
f 1045//1044 1039//1037 1041//1043
f 1042//1042 1037//1039 1039//1037
f 1039//1037 1044//1045 1043//1040
f 1045//1044 1044//1045 1039//1037
f 1048//1046 1044//1045 1045//1044
f 1046//1047 1045//1044 1041//1043
f 1047//1048 1045//1044 1046//1047
f 1048//1046 1045//1044 1047//1048
f 1048//1046 1049//1049 1051//1050
f 1049//1049 1048//1046 1047//1048
f 1048//1046 1053//1051 1050//1052
f 1043//1040 1048//1046 1050//1052
f 1043//1040 1044//1045 1048//1046
f 1048//1046 1051//1050 1052//1053
f 1048//1046 1052//1053 1053//1051
f 1054//1054 1053//1051 1056//1055
f 1054//1054 1055//1056 1053//1051
f 1055//1056 1050//1052 1053//1051
f 1053//1051 1051//1050 1056//1055
f 1053//1051 1052//1053 1051//1050
f 1056//1055 1058//1057 1057//1058
f 1057//1058 1054//1054 1056//1055
f 1056//1055 1051//1050 1058//1057
f 1057//1058 1058//1057 1059//1059
f 1059//1059 1058//1057 1051//1050
f 1059//1059 1063//1060 1060//1061
f 1057//1058 1059//1059 1060//1061
f 1059//1059 1061//1062 1062//1063
f 1059//1059 1049//1049 1061//1062
f 1059//1059 1051//1050 1049//1049
f 1065//1064 1059//1059 1062//1063
f 1059//1059 1064//1065 1063//1060
f 1065//1064 1064//1065 1059//1059
f 1066//1066 1065//1064 1067//1067
f 1066//1066 1064//1065 1065//1064
f 1068//1068 1065//1064 1062//1063
f 1067//1067 1065//1064 1068//1068
f 1067//1067 1068//1068 1069//1069
f 1069//1069 1068//1068 1070//1070
f 1068//1068 1062//1063 1071//1071
f 1070//1070 1068//1068 1071//1071
f 1071//1071 1072//1072 1074//1073
f 1071//1071 1073//1074 1072//1072
f 1062//1063 1073//1074 1071//1071
f 1070//1070 1071//1071 1074//1073
f 1074//1073 1072//1072 1075//1075
f 1074//1073 1075//1075 1076//1076
f 1077//1077 1074//1073 1076//1076
f 1077//1077 1070//1070 1074//1073
f 1078//1078 1077//1077 1079//1079
f 1078//1078 1070//1070 1077//1077
f 1080//1080 1077//1077 1076//1076
f 1079//1079 1077//1077 1080//1080
f 1080//1080 1076//1076 1081//1081
f 1083//1082 1080//1080 1081//1081
f 1079//1079 1080//1080 1082//1083
f 1082//1083 1080//1080 1083//1082
f 1087//1084 1084//1085 1083//1082
f 1083//1082 1084//1085 1086//1086
f 1083//1082 1086//1086 1085//1087
f 1082//1083 1083//1082 1085//1087
f 1087//1084 1083//1082 1088//1088
f 1083//1082 1081//1081 1088//1088
f 1081//1081 1089//1089 1088//1088
f 1090//1090 1088//1088 1089//1089
f 1090//1090 1087//1084 1088//1088
f 1092//1091 1091//1092 1090//1090
f 1091//1092 1087//1084 1090//1090
f 1092//1091 1090//1090 1093//1093
f 1093//1093 1090//1090 1089//1089
f 1096//1094 1093//1093 1094//1095
f 1093//1093 1089//1089 1094//1095
f 1095//1096 1092//1091 1093//1093
f 1096//1094 1095//1096 1093//1093
f 1099//1097 1096//1094 1094//1095
f 1096//1094 1097//1098 1098//1099
f 1099//1097 1097//1098 1096//1094
f 1101//1100 1095//1096 1096//1094
f 1096//1094 1098//1099 1100//1101
f 1101//1100 1096//1094 1100//1101
f 1102//1102 1101//1100 1100//1101
f 1102//1102 1105//1103 1101//1100
f 1103//1104 1095//1096 1101//1100
f 1101//1100 1104//1105 1103//1104
f 1101//1100 1105//1103 1104//1105
f 838//838 1105//1103 1102//1102
f 840//840 1105//1103 838//838
f 840//840 1104//1105 1105//1103
f 1103//1104 1104//1105 1107//1106
f 1104//1105 840//840 1106//1107
f 1104//1105 1106//1107 1107//1106
f 1042//1042 1107//1106 1038//1038
f 1042//1042 1108//1108 1107//1106
f 1103//1104 1107//1106 1108//1108
f 1107//1106 1033//1034 1038//1038
f 1107//1106 1106//1107 1033//1034
f 1103//1104 1108//1108 1042//1042
f 1106//1107 840//840 1035//1035
f 1106//1107 1035//1035 1033//1034
f 1103//1104 1042//1042 1040//1041
f 1043//1040 1103//1104 1040//1041
f 1103//1104 1109//1109 1095//1096
f 1043//1040 1109//1109 1103//1104
f 1092//1091 1109//1109 1043//1040
f 1095//1096 1109//1109 1092//1091
f 838//838 1102//1102 1110//1110
f 1111//1111 1110//1110 1102//1102
f 1098//1099 1102//1102 1100//1101
f 1098//1099 1111//1111 1102//1102
f 1112//1112 1111//1111 1098//1099
f 1112//1112 1113//1113 1111//1111
f 1113//1113 1114//1114 1111//1111
f 1111//1111 1114//1114 1110//1110
f 1114//1114 836//837 1110//1110
f 1113//1113 1022//1021 1114//1114
f 1022//1021 1021//1022 1114//1114
f 1114//1114 1021//1022 836//837
f 1115//1115 1113//1113 1112//1112
f 1115//1115 1024//1024 1113//1113
f 1024//1024 1022//1021 1113//1113
f 1118//1116 1024//1024 1115//1115
f 1117//1117 1115//1115 1112//1112
f 1117//1117 1116//1118 1115//1115
f 1116//1118 1118//1116 1115//1115
f 1118//1116 1025//1025 1024//1024
f 1041//1043 1025//1025 1118//1116
f 1046//1047 1041//1043 1118//1116
f 1116//1118 1046//1047 1118//1116
f 1119//1119 1116//1118 1117//1117
f 1097//1098 1117//1117 1112//1112
f 1120//1120 1117//1117 1097//1098
f 1119//1119 1117//1117 1120//1120
f 1072//1072 1120//1120 1075//1075
f 1072//1072 1119//1119 1120//1120
f 1075//1075 1120//1120 1099//1097
f 1120//1120 1097//1098 1099//1097
f 1073//1074 1119//1119 1072//1072
f 1073//1074 1121//1121 1119//1119
f 1121//1121 1116//1118 1119//1119
f 1121//1121 1046//1047 1116//1118
f 1047//1048 1046//1047 1121//1121
f 1061//1062 1047//1048 1121//1121
f 1061//1062 1121//1121 1073//1074
f 1097//1098 1112//1112 1098//1099
f 836//837 838//838 1110//1110
f 1075//1075 1099//1097 1122//1122
f 1122//1122 1099//1097 1094//1095
f 1076//1076 1122//1122 1081//1081
f 1076//1076 1075//1075 1122//1122
f 1122//1122 1094//1095 1089//1089
f 1081//1081 1122//1122 1089//1089
f 1092//1091 1043//1040 1050//1052
f 1055//1056 1092//1091 1050//1052
f 1091//1092 1092//1091 1055//1056
f 1091//1092 1123//1123 1087//1084
f 1123//1123 1091//1092 1054//1054
f 1091//1092 1055//1056 1054//1054
f 1123//1123 1084//1085 1087//1084
f 1123//1123 1054//1054 1124//1124
f 1123//1123 1124//1124 1057//1058
f 1123//1123 1057//1058 1060//1061
f 1063//1060 1123//1123 1060//1061
f 1123//1123 1125//1125 1084//1085
f 1063//1060 1125//1125 1123//1123
f 1084//1085 1125//1125 1126//1126
f 1126//1126 1125//1125 1063//1060
f 1126//1126 1127//1127 1086//1086
f 1126//1126 1128//1128 1127//1127
f 1126//1126 1131//1129 1128//1128
f 1084//1085 1126//1126 1086//1086
f 1126//1126 1063//1060 1129//1130
f 1129//1130 1130//1131 1126//1126
f 1126//1126 1130//1131 1131//1129
f 1133//1132 1131//1129 1132//1133
f 1132//1133 1131//1129 1130//1131
f 1133//1132 1134//1134 1131//1129
f 1128//1128 1131//1129 1134//1134
f 1135//1135 1134//1134 1133//1132
f 1128//1128 1134//1134 1135//1135
f 1135//1135 1136//1136 1138//1137
f 1135//1135 1137//1138 1136//1136
f 1135//1135 1133//1132 1137//1138
f 1128//1128 1135//1135 1138//1137
f 1138//1137 1136//1136 1140//1139
f 1127//1127 1138//1137 1139//1140
f 1128//1128 1138//1137 1127//1127
f 1138//1137 1140//1139 1139//1140
f 1139//1140 1140//1139 1141//1141
f 1140//1139 1142//1142 1141//1141
f 1140//1139 1143//1143 1142//1142
f 1136//1136 1143//1143 1140//1139
f 1147//1144 1142//1142 1143//1143
f 1143//1143 1144//1145 1146//1146
f 1143//1143 1145//1147 1144//1145
f 1136//1136 1145//1147 1143//1143
f 1147//1144 1143//1143 1146//1146
f 1147//1144 1078//1078 1079//1079
f 1078//1078 1147//1144 1146//1146
f 1141//1141 1147//1144 1148//1148
f 1141//1141 1142//1142 1147//1144
f 1147//1144 1079//1079 1148//1148
f 1149//1149 1141//1141 1148//1148
f 1082//1083 1149//1149 1148//1148
f 1082//1083 1148//1148 1079//1079
f 1085//1087 1149//1149 1082//1083
f 1085//1087 1150//1150 1149//1149
f 1150//1150 1151//1151 1149//1149
f 1149//1149 1151//1151 1141//1141
f 1150//1150 1139//1140 1151//1151
f 1139//1140 1141//1141 1151//1151
f 1086//1086 1150//1150 1085//1087
f 1127//1127 1139//1140 1150//1150
f 1086//1086 1127//1127 1150//1150
f 1078//1078 1146//1146 1069//1069
f 1146//1146 1067//1067 1069//1069
f 1146//1146 1144//1145 1067//1067
f 1137//1138 1145//1147 1136//1136
f 1137//1138 1152//1152 1145//1147
f 1144//1145 1145//1147 1152//1152
f 1152//1152 1154//1153 1153//1154
f 1144//1145 1152//1152 1153//1154
f 1137//1138 1155//1155 1152//1152
f 1152//1152 1155//1155 1154//1153
f 1155//1155 1132//1133 1154//1153
f 1155//1155 1133//1132 1132//1133
f 1137//1138 1133//1132 1155//1155
f 1153//1154 1154//1153 1157//1156
f 1154//1153 1132//1133 1156//1157
f 1154//1153 1156//1157 1157//1156
f 1066//1066 1157//1156 1156//1157
f 1153//1154 1157//1156 1066//1066
f 1132//1133 1130//1131 1156//1157
f 1129//1130 1156//1157 1130//1131
f 1066//1066 1156//1157 1129//1130
f 1067//1067 1153//1154 1066//1066
f 1067//1067 1144//1145 1153//1154
f 1063//1060 1066//1066 1129//1130
f 1057//1058 1124//1124 1054//1054
f 1069//1069 1070//1070 1078//1078
f 1062//1063 1061//1062 1073//1074
f 1063//1060 1064//1065 1066//1066
f 1049//1049 1047//1048 1061//1062
f 1038//1038 1037//1039 1042//1042
f 1041//1043 1027//1027 1025//1025
f 840//840 841//841 1035//1035
f 1021//1022 860//861 832//832
f 836//837 1021//1022 832//832
f 860//861 834//834 832//832
f 409//409 404//404 845//846
f 833//835 821//821 827//827
f 822//822 827//827 821//821
f 335//335 334//334 657//657
f 652//653 34//35 38//38
f 640//641 652//653 38//38
f 646//646 652//653 640//641
f 646//646 640//641 639//639
f 640//641 38//38 41//43
f 42//42 640//641 41//43
f 44//45 48//49 412//412
f 412//412 48//49 53//54
f 409//409 407//407 404//404
f 365//366 374//375 364//365
f 342//342 338//338 355//356
f 107//108 352//352 354//354
f 111//111 352//352 107//108
f 344//344 341//341 348//348
f 331//331 345//346 329//329
f 331//331 339//340 345//346
f 131//130 157//158 130//131
f 111//111 112//113 120//120
f 4//3 117//118 2//1
f 2//1 117//118 113//112
f 1159//1158 113//112 109//107
f 2//1 113//112 1159//1158
f 90//89 86//86 1159//1158
f 1159//1158 109//107 90//89
f 1159//1158 86//86 3//4
f 1159//1158 3//4 2//1
f 111//111 107//108 108//109
f 88//88 90//89 109//107
f 83//83 94//95 68//68
f 94//95 83//83 85//85
f 86//86 7//8 3//4
f 83//83 68//68 67//67
f 56//56 72//72 61//61
f 64//65 65//66 70//71
f 50//50 46//46 29//27
f 27//28 47//48 40//40
f 29//27 47//48 27//28
f 29//27 46//46 47//48
f 27//28 40//40 28//29
l 116 1158
