# Blender 5.2.1 LTS
# www.blender.org
o DocSeat_torso
v -0.168483 0.143331 1.196848
v -0.153004 0.138370 1.195922
v -0.154703 0.140473 1.210530
v -0.171742 0.145903 1.210849
v -0.197691 0.135189 1.211948
v -0.194367 0.131392 1.197357
v -0.218620 0.110048 1.209004
v -0.222008 0.108136 1.193682
v -0.130773 0.108361 1.209969
v -0.139643 0.125162 1.210164
v -0.140297 0.124338 1.194367
v -0.131773 0.106832 1.194080
v -0.227605 0.091362 1.208218
v -0.230982 0.088395 1.192793
v -0.224515 0.069771 1.208348
v -0.226157 0.064403 1.191907
v -0.146560 0.048870 1.209908
v -0.126276 0.090033 1.210212
v -0.124073 0.088729 1.194153
v -0.144711 0.044671 1.190951
v -0.151291 0.038182 1.202254
v -0.162060 0.030951 1.202344
v -0.153570 0.024952 1.238579
v -0.141747 0.035784 1.239369
v -0.137186 0.049312 1.240904
v -0.125714 0.098607 1.244154
v -0.128648 0.115960 1.244368
v -0.140838 0.130488 1.245871
v -0.156764 0.142039 1.247029
v -0.173332 0.147403 1.247353
v -0.201035 0.140392 1.245280
v -0.224030 0.114196 1.242386
v -0.226191 0.092787 1.241271
v -0.224104 0.070321 1.241407
v -0.206338 0.142843 1.327338
v -0.179843 0.158496 1.332937
v -0.127650 0.123406 1.307660
v -0.121682 0.103588 1.305953
v -0.112040 0.106928 1.325152
v -0.124375 0.127435 1.328002
v -0.158747 0.037547 1.184692
v -0.233077 0.085625 1.177258
v -0.230016 0.063350 1.175423
v -0.224949 0.106120 1.178915
v -0.194136 0.129666 1.182477
v -0.157581 0.140431 1.147910
v -0.169809 0.142694 1.147721
v -0.167775 0.143240 1.184307
v -0.152500 0.138551 1.183106
v -0.140425 0.125115 1.180543
v -0.153843 0.141193 1.159208
v -0.168457 0.145226 1.160511
v -0.143300 0.128072 1.154458
v -0.216554 0.050428 1.241585
v -0.215178 0.053671 1.209866
v -0.215727 0.054065 1.198867
v -0.166101 0.033247 1.191471
v -0.130675 0.107987 1.179140
v -0.139677 0.042216 1.172318
v -0.122230 0.089488 1.178511
v -0.158608 0.038369 1.168888
v -0.212494 0.048639 1.184136
v -0.206810 0.044797 1.195383
v -0.196358 0.039825 1.180093
v -0.193547 0.035507 1.191235
v -0.177995 0.032132 1.188974
v -0.178526 0.035795 1.178757
v -0.175721 0.028200 1.202058
v -0.178753 0.037870 1.166885
v -0.198145 0.040092 1.168232
v -0.216583 0.047337 1.171445
v -0.203938 0.027104 1.303684
v -0.215966 0.044099 1.303396
v -0.191486 0.030839 1.204940
v -0.205262 0.040191 1.208258
v -0.205828 0.033140 1.240582
v -0.189630 0.022631 1.239468
v -0.170891 0.020326 1.238322
v -0.184940 0.017515 1.305041
v -0.163934 0.016201 1.306074
v -0.146101 0.145828 1.331981
v -0.143660 0.141890 1.310651
v -0.188308 0.019992 1.260321
v -0.205851 0.030393 1.260450
v -0.146528 0.022417 1.305602
v -0.149524 0.022943 1.260524
v -0.168615 0.017520 1.259992
v -0.137850 0.035099 1.260889
v -0.134589 0.035106 1.305076
v -0.132277 0.051618 1.305528
v -0.134871 0.049137 1.261402
v -0.123461 0.097419 1.263459
v -0.126012 0.115305 1.264299
v -0.138259 0.131993 1.266213
v -0.203224 0.142679 1.264635
v -0.173570 0.148873 1.267777
v -0.177825 0.158050 1.310834
v -0.208015 0.144705 1.307238
v -0.224636 0.068798 1.261226
v -0.228002 0.091522 1.261472
v -0.225689 0.088649 1.304395
v -0.221658 0.066273 1.303895
v -0.225641 0.115060 1.262736
v -0.226123 0.110399 1.304893
v -0.155766 0.142904 1.267862
v -0.161871 0.154027 1.312279
v -0.217649 0.048233 1.260990
v -0.163777 0.156675 1.333419
v -0.205349 0.028427 1.282118
v -0.186714 0.018250 1.282849
v -0.165865 0.016199 1.283403
v -0.147640 0.022061 1.283308
v -0.135590 0.034902 1.283153
v -0.134531 0.050783 1.284205
v -0.122874 0.100461 1.284743
v -0.127752 0.119536 1.286186
v -0.141025 0.137674 1.288289
v -0.157818 0.149815 1.289253
v -0.174663 0.154796 1.288182
v -0.207025 0.144580 1.286375
v -0.226827 0.112405 1.283354
v -0.227664 0.090208 1.282790
v -0.223896 0.067662 1.282330
v -0.217401 0.045917 1.282032
v -0.157248 0.028253 1.219020
v -0.172979 0.024048 1.218706
v -0.190772 0.026332 1.220848
v -0.205985 0.036569 1.223096
v -0.215672 0.052488 1.224622
v -0.223373 0.070925 1.224061
v -0.224969 0.092174 1.223551
v -0.221200 0.111667 1.224287
v -0.199573 0.138441 1.226616
v -0.173707 0.148210 1.226989
v -0.157097 0.144488 1.226274
v -0.141347 0.132655 1.225447
v -0.129911 0.117704 1.225378
v -0.126216 0.098425 1.226316
v -0.138555 0.050594 1.222506
v -0.146279 0.037557 1.220009
v -0.209892 0.119896 1.180665
v -0.207871 0.121023 1.196178
v -0.208574 0.124064 1.211689
v -0.211232 0.127224 1.225596
v -0.213880 0.129969 1.244240
v -0.216248 0.131444 1.263967
v -0.218419 0.131380 1.284055
v -0.219388 0.130727 1.305100
v -0.217275 0.128871 1.325402
v -0.119874 0.070268 1.177273
v -0.125035 0.070512 1.196038
v -0.127220 0.073237 1.211760
v -0.127135 0.079121 1.226223
v -0.128752 0.080354 1.243209
v -0.130193 0.081658 1.263674
v -0.129158 0.083929 1.285031
v -0.126735 0.086133 1.305600
v -0.119668 0.088957 1.324736
v -0.125250 0.052562 1.175257
v -0.136311 0.054387 1.197516
v -0.139014 0.059816 1.214608
v -0.131690 0.063869 1.224868
v -0.134046 0.063461 1.242273
v -0.136933 0.064138 1.263579
v -0.137122 0.067088 1.285632
v -0.134239 0.068765 1.306190
v -0.193409 0.152670 1.329767
v -0.193851 0.153931 1.308980
v -0.192111 0.152798 1.287050
v -0.189736 0.149007 1.266819
v -0.186951 0.146339 1.245811
v -0.187522 0.146141 1.227045
v -0.185685 0.143841 1.210563
v -0.182186 0.140630 1.196478
v -0.181905 0.140014 1.183756
v -0.181787 0.138989 1.159256
v -0.180514 0.137223 1.148569
v -0.234460 0.083819 1.161649
v -0.226291 0.104549 1.163725
v -0.211811 0.119017 1.166261
v -0.194577 0.127651 1.169197
v -0.182368 0.140279 1.171584
v -0.167792 0.144507 1.172805
v -0.152257 0.139860 1.171499
v -0.140888 0.125972 1.168008
v -0.130488 0.109600 1.165113
v -0.121530 0.091744 1.162866
v -0.119968 0.071066 1.160565
v -0.125031 0.052614 1.158260
v -0.139142 0.040575 1.156259
v -0.218327 0.044738 1.156779
v -0.231775 0.060931 1.159501
v 0.000162 -0.041020 1.415428
v 0.018889 -0.042503 1.418355
v 0.000192 -0.033860 1.425399
v -0.018489 -0.042519 1.418362
v -0.021942 -0.032806 1.436715
v -0.032902 -0.040405 1.424027
v -0.014451 -0.035629 1.426335
v -0.048671 -0.039038 1.429209
v -0.041094 -0.033474 1.442340
v -0.034642 -0.028083 1.456493
v -0.057044 -0.031104 1.445004
v -0.050322 -0.026131 1.458088
v -0.043899 -0.019247 1.468540
v -0.064477 -0.024093 1.460472
v -0.056921 -0.016804 1.469744
v -0.068475 -0.012455 1.470785
v -0.039047 -0.010345 1.474719
v -0.050817 -0.007997 1.475033
v -0.061275 -0.003541 1.475683
v -0.055237 0.002378 1.482975
v -0.046067 -0.002201 1.482542
v -0.035627 -0.005531 1.483245
v -0.042438 0.000746 1.492991
v -0.033774 -0.003944 1.493271
v -0.050632 0.005155 1.493258
v -0.058599 0.010644 1.494623
v -0.072025 0.014457 1.487932
v -0.065364 0.017532 1.497066
v -0.064015 0.007809 1.484887
v -0.071002 0.002096 1.477952
v -0.089109 0.001063 1.474971
v -0.079999 0.009028 1.481184
v -0.079131 -0.006534 1.472439
v -0.088515 -0.015329 1.465120
v -0.076647 -0.020460 1.462693
v -0.084231 -0.023680 1.449012
v -0.071372 -0.027550 1.446933
v -0.098810 0.009990 1.478287
v -0.088448 0.017113 1.485411
v -0.079365 0.022420 1.491803
v -0.086612 0.030951 1.497319
v -0.096046 0.026309 1.490924
v -0.103175 0.034630 1.499587
v -0.107594 0.019055 1.485515
v -0.023467 -0.005856 1.493728
v -0.012394 -0.001986 1.493324
v -0.024796 -0.008480 1.484645
v -0.013159 -0.005332 1.484106
v -0.026430 -0.011094 1.475179
v -0.029666 -0.019934 1.467324
v -0.013669 -0.010936 1.475169
v 0.000228 -0.001203 1.482974
v 0.000234 -0.006262 1.472581
v -0.014753 -0.018671 1.465432
v -0.017374 -0.027564 1.453553
v 0.000240 -0.013866 1.462124
v 0.000227 -0.022594 1.450460
v 0.017817 -0.027401 1.453541
v 0.015199 -0.018444 1.465427
v 0.014115 -0.010693 1.475177
v 0.035086 -0.027846 1.456486
v 0.030112 -0.019697 1.467322
v 0.050765 -0.025893 1.458083
v 0.044343 -0.019084 1.468540
v 0.026875 -0.010877 1.475178
v 0.039492 -0.010183 1.474719
v 0.036072 -0.005421 1.483245
v 0.025243 -0.008284 1.484642
v 0.023911 -0.005698 1.493729
v 0.012850 -0.001762 1.493319
v 0.013608 -0.005088 1.484103
v 0.000221 0.000855 1.493076
v 0.034215 -0.003869 1.493276
v 0.046511 -0.002138 1.482543
v 0.042882 0.000786 1.492992
v 0.055681 0.002414 1.482976
v 0.051075 0.005184 1.493258
v 0.064459 0.007819 1.484887
v 0.059043 0.010656 1.494623
v 0.065809 0.017535 1.497066
v 0.072470 0.014451 1.487932
v 0.079808 0.022398 1.491803
v 0.080444 0.009032 1.481184
v 0.071446 0.002131 1.477952
v 0.079576 -0.006496 1.472439
v 0.061719 -0.003481 1.475683
v 0.068920 -0.012379 1.470785
v 0.057364 -0.016694 1.469743
v 0.077090 -0.020368 1.462680
v 0.051260 -0.007904 1.475033
v 0.088955 -0.015302 1.465111
v 0.084687 -0.023696 1.448953
v 0.064920 -0.023936 1.460463
v 0.071842 -0.027478 1.446877
v 0.057483 -0.030911 1.444975
v 0.049046 -0.038996 1.429220
v 0.078286 -0.032815 1.434506
v 0.041538 -0.033317 1.442317
v 0.063802 -0.036610 1.432585
v 0.022352 -0.032716 1.436709
v 0.033339 -0.040385 1.424022
v 0.000206 -0.028075 1.436333
v 0.014846 -0.035591 1.426334
v 0.089554 0.001074 1.474970
v 0.088891 0.017094 1.485411
v 0.099255 0.009994 1.478287
v 0.096489 0.026287 1.490924
v 0.108038 0.019053 1.485514
v 0.114322 0.029872 1.494245
v 0.103619 0.034625 1.499587
v 0.087055 0.030933 1.497320
v -0.063406 -0.036646 1.432582
v 0.165822 0.118981 0.918972
v 0.178055 0.122702 0.919478
v 0.190524 0.119857 0.919254
v 0.200530 0.111485 0.918351
v 0.206972 0.099923 0.917410
v 0.000169 0.071387 1.496724
v 0.029797 0.032938 1.476330
v 0.041479 0.049145 1.487446
v -0.013812 0.020269 1.462760
v -0.029290 0.037268 1.475917
v 0.014974 0.018151 1.466827
v -0.039291 0.049610 1.490204
v -0.000971 0.008796 1.457516
v -0.001922 -0.038129 1.419982
v -0.028874 -0.030377 1.439123
v -0.055121 -0.011779 1.464223
v -0.028059 -0.031936 1.446851
v -0.053277 -0.014921 1.472039
v -0.055246 -0.019360 1.472337
v -0.068825 0.012292 1.495098
v -0.071568 0.009143 1.495428
v -0.071634 0.015857 1.488058
v -0.101874 0.005316 1.487217
v -0.078111 -0.026530 1.456688
v -0.134462 -0.015667 1.457453
v -0.145186 0.004288 1.487301
v -0.190972 0.005290 1.476703
v -0.176300 -0.008488 1.456372
v -0.195060 -0.003366 1.445443
v -0.164116 -0.024255 1.423606
v -0.181275 -0.004620 1.422489
v -0.156126 -0.033872 1.389604
v -0.130156 -0.035675 1.418999
v -0.083195 -0.045827 1.420272
v -0.124125 -0.055452 1.388990
v -0.081599 -0.066021 1.387400
v -0.081300 -0.086037 1.341423
v -0.118047 -0.072130 1.340791
v -0.146247 -0.044615 1.341571
v -0.167563 -0.018736 1.347799
v -0.134862 -0.043183 1.291606
v -0.170615 0.003399 1.323075
v -0.110563 -0.069147 1.292390
v -0.141581 -0.012856 1.223406
v -0.148455 -0.010070 1.270417
v -0.126666 -0.041989 1.228761
v -0.126529 -0.045602 1.178834
v -0.108198 -0.066124 1.187812
v -0.104938 -0.065608 1.235737
v -0.077154 -0.084591 1.238380
v -0.075137 -0.075411 1.181629
v -0.056725 -0.089818 1.238051
v -0.035737 -0.098910 1.292612
v -0.078566 -0.088412 1.291988
v -0.035357 -0.092362 1.340122
v 0.001940 -0.087876 1.340153
v -0.036006 -0.069323 1.387084
v 0.002273 -0.068191 1.386521
v -0.021142 -0.057710 1.406149
v -0.036890 -0.050918 1.418832
v -0.029293 -0.036141 1.446174
v -0.001935 -0.044499 1.425101
v -0.000244 -0.047615 1.425537
v -0.002023 -0.039671 1.425691
v 0.024875 -0.036285 1.448907
v 0.050363 -0.010308 1.475968
v 0.052145 -0.013933 1.476577
v 0.024074 -0.032192 1.450075
v 0.072990 -0.024003 1.460831
v 0.042288 -0.047313 1.425514
v 0.080576 -0.042257 1.425077
v 0.077857 -0.069747 1.386648
v 0.038670 -0.069993 1.387132
v 0.035673 -0.090301 1.340561
v 0.035790 -0.099365 1.291714
v 0.076211 -0.086665 1.341652
v 0.072794 -0.090158 1.293447
v 0.114803 -0.073927 1.341477
v 0.116368 -0.059761 1.386263
v 0.148393 -0.045940 1.341201
v 0.108322 -0.072767 1.295304
v 0.156716 -0.039728 1.389232
v 0.160059 -0.024561 1.346922
v 0.161882 -0.026347 1.427572
v 0.186312 -0.009831 1.423333
v 0.175764 -0.003415 1.400427
v 0.192218 0.015627 1.392651
v 0.164002 0.015487 1.369468
v 0.165989 0.043918 1.349389
v 0.181858 0.034282 1.378321
v 0.168034 0.026977 1.300759
v 0.165013 -0.006481 1.318557
v 0.151875 -0.009870 1.280549
v 0.139860 -0.046906 1.295851
v 0.124870 -0.042085 1.236620
v 0.146360 -0.016447 1.229610
v 0.150522 -0.016355 1.255841
v 0.156177 0.008436 1.222588
v 0.155046 0.023173 1.257509
v 0.146327 0.009431 1.169132
v 0.137061 -0.016640 1.197430
v 0.138009 -0.019131 1.171811
v 0.142090 -0.024619 1.144588
v 0.158131 0.000885 1.117844
v 0.150734 0.055582 1.091666
v 0.142971 -0.026958 1.115284
v 0.154943 -0.030643 1.048141
v 0.166521 0.004182 1.052428
v 0.156200 0.058392 1.130806
v 0.136920 0.095553 1.139520
v 0.130434 0.086572 1.113173
v 0.109031 0.110949 1.114163
v 0.114640 0.120067 1.141570
v 0.107075 0.124870 1.181736
v 0.071335 0.149250 1.218765
v 0.071858 0.142312 1.180025
v 0.032423 0.160124 1.216128
v 0.075637 0.144309 1.139439
v 0.033236 0.155342 1.178434
v -0.000378 0.163899 1.213552
v 0.000122 0.158378 1.176483
v 0.033525 0.147314 1.136783
v 0.032472 0.152260 1.113417
v 0.000182 0.144839 1.134660
v -0.028694 0.144375 1.135069
v -0.000147 0.155274 1.088999
v -0.027718 0.157371 1.175850
v -0.027327 0.160555 1.212280
v -0.059363 0.145161 1.176988
v -0.065307 0.144192 1.135365
v -0.070926 0.135070 1.103812
v -0.103832 0.122825 1.121881
v -0.112088 0.123043 1.096315
v -0.111516 0.121897 1.085604
v -0.099116 0.127846 1.147289
v -0.092911 0.131248 1.175572
v -0.058660 0.151317 1.210875
v -0.094925 0.141471 1.211501
v -0.120737 0.136475 1.212008
v -0.125040 0.118823 1.175339
v -0.130346 0.089609 1.171481
v -0.132246 0.116241 1.212420
v -0.145215 0.059421 1.171378
v -0.147533 0.063712 1.215611
v -0.145394 0.017515 1.172651
v -0.151989 0.011874 1.154655
v -0.143303 0.010159 1.135170
v -0.146826 -0.025920 1.141030
v -0.129114 -0.032317 1.118141
v -0.151826 0.009841 1.117618
v -0.139445 -0.038757 1.148320
v -0.135632 -0.013745 1.175403
v -0.127897 -0.050538 1.166294
v -0.125357 -0.048028 1.139703
v -0.107898 -0.058841 1.127615
v -0.122100 -0.042082 1.120439
v -0.134603 -0.048711 1.082055
v -0.122533 -0.070180 1.083923
v -0.143425 -0.024042 1.083312
v -0.133892 -0.042256 1.066611
v -0.143393 -0.018157 1.065737
v -0.143442 -0.046533 1.050587
v -0.160299 -0.015312 1.053281
v -0.152823 -0.013616 1.051733
v -0.131484 -0.061799 1.050059
v -0.147700 -0.048706 1.051314
v -0.155458 -0.066376 0.995480
v -0.174015 -0.042900 0.998635
v -0.133285 -0.063456 1.049435
v -0.186947 -0.003049 1.003933
v -0.205718 0.011022 0.952690
v -0.194978 -0.030355 0.946676
v -0.182700 -0.054245 0.888310
v -0.203766 -0.012306 0.891245
v -0.174571 -0.065110 0.941371
v -0.128994 -0.088579 0.994017
v -0.147958 -0.094495 0.937136
v -0.120391 -0.114193 0.935253
v -0.160718 -0.088525 0.885772
v -0.099554 -0.101879 0.990312
v -0.069859 -0.104081 0.989544
v -0.055226 -0.090574 1.045641
v -0.077796 -0.094701 1.047744
v -0.053904 -0.091280 1.121784
v -0.097354 -0.088632 1.049550
v -0.112516 -0.078055 1.047645
v -0.091003 -0.082421 1.122234
v -0.041543 -0.096536 1.183234
v -0.026284 -0.088123 1.118997
v -0.035164 -0.103190 1.238121
v 0.001267 -0.099823 1.237025
v 0.003320 -0.095745 1.179508
v 0.034624 -0.101948 1.240225
v 0.003578 -0.092082 1.119022
v 0.034521 -0.088448 1.179697
v 0.036734 -0.085888 1.118345
v 0.067393 -0.087378 1.176520
v 0.069578 -0.088756 1.240637
v 0.095603 -0.066373 1.171239
v 0.102977 -0.072903 1.112983
v 0.068738 -0.079806 1.116995
v 0.080547 -0.086193 1.044577
v 0.117826 -0.074682 1.042100
v 0.042360 -0.086794 1.046256
v 0.048509 -0.098681 0.983621
v 0.093592 -0.101028 0.985224
v 0.004049 -0.092423 1.045733
v 0.003947 -0.103256 0.984293
v -0.028226 -0.087409 1.045910
v -0.034228 -0.100606 0.986414
v -0.040736 -0.120191 0.931068
v 0.003038 -0.118543 0.932109
v 0.000900 -0.124637 0.883519
v 0.050981 -0.112254 0.932386
v 0.051367 -0.113465 0.882780
v 0.098316 -0.111291 0.934901
v 0.089616 -0.105659 0.882960
v 0.051091 -0.107060 0.883816
v 0.126307 -0.094969 0.883966
v 0.128344 -0.099981 0.884006
v 0.087685 -0.099866 0.882286
v 0.000231 0.052470 1.021200
v 0.187240 -0.027044 0.887585
v -0.131058 -0.102252 0.884299
v -0.089745 -0.108892 0.883295
v -0.156748 -0.083348 0.885877
v -0.178936 -0.050471 0.888051
v 0.100778 0.159130 0.900594
v 0.053690 0.174844 0.901524
v -0.046350 -0.122352 0.883305
v -0.000913 -0.117450 0.884712
v 0.002943 0.174216 0.902598
v -0.050488 0.171502 0.904345
v 0.141464 0.138220 0.899666
v 0.173144 0.105421 0.899436
v 0.173697 -0.055735 0.888418
v 0.192685 0.006901 0.889443
v 0.153820 -0.080398 0.886905
v -0.099431 0.158934 0.905049
v -0.197721 -0.011074 0.890723
v 0.194435 0.045351 0.894204
v 0.188487 0.075446 0.897586
v 0.200119 0.045270 0.896289
v 0.195330 0.075234 0.899554
v 0.178194 0.109002 0.901209
v 0.144139 0.141000 0.899902
v 0.180362 0.111135 0.968065
v 0.164485 0.103654 1.023519
v 0.136503 0.129949 1.024080
v 0.151265 0.139979 0.964077
v 0.182454 0.067961 1.018425
v 0.197712 0.076220 0.965843
v 0.184557 0.064504 1.017043
v 0.199760 0.074175 0.966133
v 0.189510 0.035551 1.010743
v 0.203998 0.042495 0.961237
v 0.187660 -0.004633 1.003313
v 0.173924 -0.038643 0.997769
v 0.193679 -0.007291 0.945229
v 0.198929 0.006156 0.891422
v 0.181734 -0.035242 0.939650
v 0.169467 -0.062172 0.936846
v 0.190442 -0.029160 0.889061
v 0.159205 -0.061106 0.994186
v 0.145939 -0.056223 1.046529
v 0.137257 -0.081312 0.985690
v 0.121075 -0.074505 1.042091
v 0.148867 -0.085234 0.935029
v 0.132590 -0.082836 0.986222
v 0.144423 -0.087414 0.935505
v 0.156863 -0.082596 0.887124
v 0.176548 -0.057687 0.889406
v 0.141529 -0.052866 1.043203
v 0.121902 -0.049458 1.114129
v 0.128056 -0.044033 1.173260
v 0.102002 -0.072633 1.240343
v 0.160378 -0.029374 1.049088
v 0.169249 0.003972 1.051314
v 0.167960 0.058015 1.054035
v 0.166657 0.058626 1.055166
v 0.145638 0.094146 1.069241
v 0.121058 0.118819 1.073287
v 0.087838 0.139206 1.071599
v 0.079340 0.132166 1.108859
v 0.038390 0.147420 1.091372
v 0.000442 0.157473 1.068207
v 0.047548 0.155045 1.067696
v 0.003778 0.164074 1.021306
v 0.051299 0.156803 1.020194
v 0.004272 0.151670 1.055399
v 0.097497 0.146634 1.021463
v 0.054575 0.166394 0.959789
v 0.104968 0.158409 0.960506
v 0.101563 0.162040 0.900057
v 0.054056 0.177623 0.901544
v 0.001050 0.168596 0.959611
v 0.003235 0.178473 0.902834
v -0.052021 0.175907 0.904872
v -0.046988 0.165593 0.960415
v -0.103440 0.164726 0.904134
v -0.100557 0.154122 0.960672
v -0.083231 0.141148 1.018912
v -0.037230 0.145305 1.046957
v -0.082074 0.136566 1.041740
v -0.041653 0.154987 1.018943
v -0.080031 0.145164 1.056869
v -0.077235 0.142521 1.070579
v -0.035840 0.153498 1.070862
v -0.046666 -0.126507 0.883277
v -0.083317 -0.117484 0.933228
v -0.090663 -0.114192 0.883627
v -0.131537 -0.107019 0.883488
v 0.001914 -0.097558 1.292290
v -0.150835 0.026319 1.219745
v -0.161498 0.034529 1.259739
v -0.165113 0.079149 1.256579
v -0.171391 0.081923 1.294014
v -0.135015 0.131652 1.263273
v -0.162189 0.132517 1.301595
v -0.171452 0.117974 1.344071
v -0.161200 0.143334 1.368266
v -0.164394 0.152327 1.343629
v -0.143836 0.167068 1.334667
v -0.117157 0.183959 1.368851
v -0.144178 0.179932 1.380827
v -0.126774 0.170111 1.327680
v -0.164700 0.169821 1.385174
v -0.167690 0.174335 1.420528
v -0.169164 0.162455 1.393551
v -0.187284 0.161637 1.387179
v -0.180376 0.171604 1.417111
v -0.192713 0.163897 1.407768
v -0.180658 0.176308 1.450413
v -0.194688 0.169670 1.442442
v -0.208828 0.165569 1.427131
v -0.224464 0.152870 1.443359
v -0.210209 0.158341 1.459119
v -0.195613 0.162292 1.471936
v -0.221310 0.128987 1.474323
v -0.170151 0.164110 1.485066
v -0.158054 0.177986 1.459698
v -0.206465 0.130482 1.488655
v -0.214498 0.078948 1.493720
v -0.222110 0.041792 1.483193
v -0.202050 0.040041 1.496088
v -0.227798 0.081239 1.480793
v -0.235373 0.126955 1.455989
v -0.241263 0.081140 1.463953
v -0.245917 0.079535 1.454399
v -0.240412 0.045344 1.459097
v -0.237013 0.042958 1.468223
v -0.221709 0.016550 1.454717
v -0.209212 0.008907 1.466825
v -0.242522 0.026738 1.427882
v -0.242910 0.050823 1.451572
v -0.210758 0.000378 1.435752
v -0.200398 0.005960 1.413449
v -0.224606 0.012214 1.408505
v -0.190536 0.016113 1.385529
v -0.202949 0.015060 1.341529
v -0.165454 0.015242 1.330809
v -0.147274 0.020775 1.334022
v -0.163312 0.011994 1.286186
v -0.191116 0.014829 1.285132
v -0.214717 0.031924 1.244064
v -0.216726 0.031826 1.286931
v -0.190237 0.017324 1.242577
v -0.163610 0.014683 1.242587
v -0.191195 0.020351 1.203853
v -0.163650 0.018011 1.204847
v -0.216467 0.034711 1.204365
v -0.191318 0.024447 1.203055
v -0.164188 0.021238 1.204719
v -0.186044 0.025938 1.272042
v -0.158125 0.026546 1.273615
v -0.136356 0.037335 1.276276
v -0.143638 0.024106 1.206057
v -0.141377 0.021240 1.206604
v -0.121728 0.028418 1.209443
v -0.137968 0.022858 1.243503
v -0.118099 0.034666 1.244925
v -0.137250 0.020783 1.287506
v -0.117049 0.038414 1.288730
v -0.121301 0.037946 1.333497
v -0.104122 0.051862 1.290284
v -0.095050 0.081330 1.289954
v -0.091214 0.075183 1.248474
v -0.102822 0.044070 1.245689
v -0.135515 0.056806 1.335372
v -0.155950 0.040708 1.372257
v -0.185481 0.059435 1.359041
v -0.177813 0.085651 1.354287
v -0.121463 0.084385 1.333327
v -0.106317 0.113457 1.331057
v -0.152325 0.114858 1.357874
v -0.164868 0.116072 1.361657
v -0.157653 0.137476 1.364044
v -0.124321 0.137653 1.329941
v -0.103106 0.109056 1.292026
v -0.154764 0.161224 1.370017
v -0.144602 0.152646 1.294970
v -0.150087 0.153460 1.331832
v -0.118000 0.131533 1.293424
v -0.112524 0.128862 1.249527
v -0.097939 0.104316 1.248141
v -0.137832 0.149824 1.249823
v -0.161705 0.156886 1.249059
v -0.131817 0.142982 1.211910
v -0.109392 0.129017 1.211338
v -0.115483 0.126017 1.211830
v -0.091297 0.098411 1.211689
v -0.097512 0.097844 1.211988
v -0.135828 0.138569 1.211885
v -0.114730 0.119960 1.284241
v -0.135971 0.134541 1.281804
v -0.161606 0.147214 1.210493
v -0.158763 0.151104 1.211373
v -0.186342 0.155796 1.248161
v -0.186148 0.143614 1.208811
v -0.188472 0.148545 1.208843
v -0.213158 0.137761 1.247033
v -0.208542 0.134880 1.209387
v -0.222198 0.112665 1.207794
v -0.226302 0.113480 1.207855
v -0.205941 0.130887 1.208642
v -0.182473 0.145782 1.276770
v -0.220956 0.114108 1.273457
v -0.205719 0.135978 1.274615
v -0.166136 0.086063 1.335639
v -0.221508 0.059126 1.271997
v -0.122417 0.043145 1.280734
v -0.226554 0.083770 1.272129
v -0.159592 0.145107 1.279760
v -0.212650 0.038463 1.271953
v -0.107598 0.070607 1.282696
v -0.108572 0.098090 1.283464
v -0.112626 0.052685 1.282023
v -0.097211 0.069543 1.211138
v -0.105644 0.048255 1.210116
v -0.091931 0.068712 1.211784
v -0.123977 0.030857 1.210093
v -0.102368 0.045283 1.210588
v -0.214060 0.037967 1.203429
v -0.231634 0.058211 1.205816
v -0.227694 0.059652 1.203263
v -0.230814 0.087573 1.205121
v -0.235482 0.087522 1.205985
v -0.233947 0.083743 1.246262
v -0.228111 0.113105 1.244895
v -0.219552 0.141468 1.291780
v -0.233837 0.116187 1.290459
v -0.222648 0.141969 1.334331
v -0.239243 0.117912 1.338592
v -0.239308 0.083532 1.292273
v -0.230120 0.053388 1.247123
v -0.231029 0.055094 1.290276
v -0.243640 0.054906 1.352973
v -0.249881 0.085604 1.355976
v -0.244468 0.118670 1.401320
v -0.251584 0.047854 1.426530
v -0.252058 0.081890 1.420260
v -0.244093 0.120920 1.440145
v -0.246165 0.081507 1.445131
v -0.235298 0.145389 1.426477
v -0.243151 0.122053 1.445014
v -0.227838 0.144206 1.384184
v -0.213602 0.163816 1.394294
v -0.191660 0.167362 1.381681
v -0.171774 0.165964 1.335452
v -0.196517 0.160007 1.335371
v -0.191853 0.158517 1.291261
v -0.166806 0.160370 1.293587
v -0.227769 0.030906 1.344330
v -0.176632 0.139755 1.366879
v -0.164722 0.084001 1.359960
v -0.178061 0.085956 1.338377
v -0.169463 0.048876 1.353942
v -0.167191 0.018535 1.375629
v -0.179601 0.035610 1.377947
v -0.170645 0.058310 1.367880
v -0.171838 0.041977 1.303576
v -0.177550 0.022169 1.379928
v -0.190731 0.017340 1.394153
v -0.172366 0.002502 1.402991
v -0.128896 0.163340 1.488416
v -0.121499 0.179726 1.452692
v -0.144942 0.180933 1.419184
v -0.116796 0.186182 1.407941
v -0.076697 0.181728 1.446260
v -0.077162 0.191242 1.403465
v -0.076249 0.189578 1.364008
v -0.036633 0.188485 1.401418
v 0.000583 0.187392 1.360851
v -0.036951 0.181979 1.442247
v 0.001020 0.185693 1.400358
v -0.035245 0.187837 1.360912
v -0.072905 0.180214 1.319011
v -0.033740 0.181323 1.317797
v 0.000242 0.182242 1.315183
v -0.028522 0.169303 1.262458
v 0.000683 0.174057 1.261152
v 0.035512 0.169603 1.262959
v 0.039670 0.181893 1.316518
v 0.080009 0.181111 1.319308
v 0.041026 0.189838 1.360712
v 0.041976 0.189497 1.399608
v 0.082237 0.188820 1.364332
v 0.125509 0.188313 1.408461
v 0.125415 0.185496 1.369859
v 0.084330 0.191304 1.402867
v 0.122243 0.173819 1.322782
v 0.153302 0.154791 1.331554
v 0.157976 0.172972 1.376726
v 0.121229 0.153948 1.268733
v 0.075779 0.165711 1.267195
v 0.159712 0.180108 1.419576
v 0.171259 0.159713 1.388585
v 0.184430 0.156071 1.382300
v 0.183826 0.170308 1.414143
v 0.183754 0.133885 1.366831
v 0.162138 0.141674 1.367538
v 0.159504 0.103023 1.351700
v 0.169068 0.069180 1.293694
v 0.162648 0.072835 1.345285
v 0.163896 0.110621 1.295582
v 0.176916 0.102655 1.358623
v 0.174892 0.076049 1.361551
v 0.175419 0.077633 1.355931
v 0.130494 0.105477 1.362657
v 0.149652 0.130020 1.363568
v 0.112303 0.133206 1.338600
v 0.138992 0.152255 1.367369
v 0.135541 0.148991 1.339951
v 0.180419 0.164306 1.377440
v 0.168837 0.166775 1.343963
v 0.205246 0.161192 1.386514
v 0.166225 0.160564 1.305592
v 0.193663 0.161586 1.304392
v 0.136268 0.151191 1.306356
v 0.194663 0.159561 1.344193
v 0.219362 0.146950 1.347450
v 0.234473 0.118100 1.343900
v 0.238693 0.117861 1.375259
v 0.215320 0.145915 1.303680
v 0.233079 0.149638 1.410637
v 0.231919 0.116234 1.302396
v 0.229719 0.116249 1.262460
v 0.234965 0.086068 1.263820
v 0.237844 0.087695 1.303319
v 0.241946 0.089208 1.346941
v 0.233814 0.056655 1.303928
v 0.245252 0.053559 1.387996
v 0.242833 0.089006 1.373975
v 0.240827 0.055015 1.351083
v 0.226111 0.027753 1.352811
v 0.238415 0.025936 1.396054
v 0.219601 0.026315 1.302716
v 0.192774 0.012142 1.301606
v 0.230629 0.054915 1.265049
v 0.215673 0.027195 1.264830
v 0.201070 0.012772 1.349538
v 0.172370 0.011099 1.347249
v 0.181538 0.010759 1.372420
v 0.206382 0.014451 1.370815
v 0.217165 0.006827 1.393337
v 0.241955 0.025756 1.438414
v 0.201981 0.008778 1.396409
v 0.228429 0.007844 1.419486
v 0.205175 0.001328 1.413389
v 0.216985 0.008741 1.433553
v 0.200551 -0.003322 1.444671
v 0.228454 0.018244 1.451212
v 0.211881 0.010132 1.463954
v 0.225284 0.042715 1.477793
v 0.239162 0.047688 1.456100
v 0.250415 0.050259 1.443730
v 0.252059 0.091024 1.444501
v 0.242083 0.089372 1.455478
v 0.248126 0.123149 1.437898
v 0.239251 0.123806 1.451297
v 0.227457 0.127391 1.470450
v 0.230379 0.084349 1.477347
v 0.213881 0.158642 1.458170
v 0.226948 0.149481 1.439790
v 0.211262 0.165182 1.423446
v 0.196274 0.164491 1.404055
v 0.196008 0.170699 1.438184
v 0.172312 0.179104 1.450627
v 0.186794 0.163342 1.478018
v 0.140398 0.165846 1.489054
v 0.128912 0.181857 1.452040
v 0.084727 0.183335 1.446172
v 0.085081 0.166644 1.485510
v 0.042228 0.181564 1.442888
v 0.041616 0.166592 1.479878
v 0.000584 0.178832 1.440384
v 0.001190 0.164135 1.477248
v -0.035260 0.165418 1.478675
v -0.077528 0.167344 1.482091
v 0.200963 0.125348 1.495798
v 0.200200 0.040564 1.495974
v 0.188327 0.003632 1.475965
v 0.173739 -0.014608 1.456953
v 0.127749 -0.014259 1.460151
v 0.138670 0.005456 1.486201
v 0.094529 0.005603 1.490396
v 0.068334 0.013419 1.499747
v 0.066284 0.016285 1.498227
v 0.069363 0.019657 1.490600
v 0.052449 -0.007997 1.467902
v 0.024997 -0.031118 1.442764
v 0.120252 -0.035460 1.424521
v 0.175606 0.016201 1.383178
v 0.144923 0.023939 1.345086
v 0.157443 0.034631 1.375535
v 0.185082 0.053433 1.361593
v 0.127800 0.057695 1.344532
v 0.126462 0.037925 1.345231
v 0.122307 0.041101 1.302596
v 0.117892 0.037496 1.267693
v 0.135884 0.021669 1.301957
v 0.106963 0.055480 1.303761
v 0.101666 0.051054 1.267820
v 0.094347 0.072442 1.307596
v 0.092027 0.067858 1.268485
v 0.090440 0.091375 1.229095
v 0.092634 0.063532 1.229152
v 0.091288 0.095851 1.268317
v 0.108529 0.123692 1.266802
v 0.095472 0.101745 1.307005
v 0.106036 0.076351 1.343784
v 0.093833 0.104869 1.341578
v 0.110337 0.131561 1.305193
v 0.132494 0.148361 1.268480
v 0.106623 0.123297 1.227738
v 0.129098 0.143121 1.226608
v 0.160753 0.158676 1.266315
v 0.110241 0.121146 1.227665
v 0.109615 0.093744 1.278894
v 0.115170 0.114046 1.277644
v 0.094135 0.090873 1.229432
v 0.096859 0.065249 1.228738
v 0.110072 0.072956 1.279045
v 0.113658 0.057704 1.279332
v 0.162431 0.088849 1.328580
v 0.160117 0.030357 1.276225
v 0.203761 0.134832 1.275085
v 0.136518 0.037719 1.276148
v 0.122293 0.046822 1.278664
v 0.218084 0.109804 1.275560
v 0.152821 0.141000 1.276245
v 0.217358 0.060994 1.277363
v 0.178512 0.142010 1.274417
v 0.222374 0.085047 1.276835
v 0.130435 0.130632 1.276212
v 0.208245 0.043520 1.277251
v 0.184571 0.031203 1.276230
v 0.103838 0.050995 1.229172
v 0.116601 0.034610 1.227938
v 0.101948 0.047222 1.229276
v 0.187954 0.155577 1.264365
v 0.212277 0.144407 1.263895
v 0.163850 0.010307 1.302655
v 0.135179 0.021696 1.266791
v 0.163578 0.013468 1.263430
v 0.190163 0.013186 1.263441
v 0.175804 0.053992 1.367014
v -0.062785 0.165984 1.263865
v -0.106646 0.161765 1.265402
v -0.111254 0.174499 1.322699
v 0.035945 -0.084196 0.836515
v 0.102465 -0.102974 0.792585
v 0.044311 -0.073998 0.779199
v 0.099013 -0.102897 0.836528
v 0.060300 -0.083367 0.884332
v 0.024040 -0.100787 0.880864
v -0.001650 -0.094145 0.832625
v -0.048302 -0.091849 0.832677
v -0.048559 -0.088182 0.882311
v 0.002198 -0.065551 0.793452
v -0.000504 -0.102978 0.881291
v -0.000710 -0.098362 0.918351
v -0.044689 -0.095660 0.920171
v 0.025719 -0.104956 0.915775
v 0.041729 -0.095523 0.918238
v -0.002907 -0.090531 0.941503
v 0.031678 -0.102527 0.936467
v 0.051215 -0.089353 0.942245
v -0.001821 -0.088660 0.964145
v 0.031460 -0.094183 0.963567
v -0.003102 -0.087971 0.976600
v 0.028598 -0.088300 0.974678
v 0.056257 -0.086072 0.967623
v 0.074104 -0.084856 0.977082
v 0.077352 -0.089058 0.966959
v 0.077547 -0.092100 0.941988
v 0.097505 -0.081148 0.943615
v 0.110263 -0.078764 0.972791
v 0.121906 -0.073289 0.984813
v 0.150301 -0.038960 0.995459
v 0.113993 -0.072269 1.005886
v 0.126713 -0.077160 0.974403
v 0.141813 -0.037994 1.009280
v 0.137829 -0.037918 1.011082
v 0.148590 0.005993 1.016218
v 0.152971 0.006337 1.017016
v 0.141719 0.046751 1.023695
v 0.146998 0.048594 1.025549
v 0.159998 0.009229 0.998343
v 0.156697 -0.039008 0.986858
v 0.165874 0.010910 0.989150
v 0.152824 0.053386 1.005861
v 0.135247 0.100667 0.999564
v 0.155848 0.061346 0.994647
v 0.130652 0.090395 1.011150
v 0.124974 0.082391 1.030744
v 0.083246 0.109828 1.034344
v 0.120646 0.079441 1.029283
v 0.080001 0.105735 1.032607
v 0.058680 0.072254 1.012065
v 0.034801 0.119006 1.038730
v 0.039903 0.114788 1.037089
v 0.028499 0.081021 1.017389
v -0.001073 0.116488 1.037985
v -0.000769 0.084169 1.017856
v -0.000985 0.120009 1.038095
v -0.038627 0.114665 1.038562
v -0.028338 0.083803 1.017744
v -0.000376 0.008598 1.004284
v -0.057096 0.075851 1.014807
v -0.080235 0.103375 1.036378
v -0.084990 0.055305 1.009658
v -0.102567 0.027428 1.006314
v -0.106732 -0.002182 1.002180
v -0.099123 -0.027803 1.000030
v -0.135893 -0.041942 1.009706
v -0.147408 -0.004516 1.015328
v -0.151059 -0.004137 1.016048
v -0.156634 -0.000166 0.999136
v -0.139127 -0.042235 1.009332
v -0.110086 -0.068824 1.004462
v -0.113970 -0.071210 1.004890
v -0.147186 -0.042360 0.993722
v -0.127274 -0.078769 0.973532
v -0.157395 -0.043118 0.981046
v -0.164014 0.003862 0.986854
v -0.120000 -0.071499 0.987377
v -0.113107 -0.084150 0.968979
v -0.102931 -0.090412 0.969595
v -0.104680 -0.081990 0.983627
v -0.076220 -0.082674 1.000853
v -0.080783 -0.084875 0.982996
v -0.083371 -0.087317 0.967263
v -0.033485 -0.086347 0.998182
v -0.035723 -0.086664 0.978459
v -0.002441 -0.084295 0.998709
v -0.036777 -0.086535 0.965148
v -0.043061 -0.097114 0.944743
v -0.091218 -0.095761 0.946498
v -0.097990 -0.083361 0.899642
v -0.075891 -0.101459 0.919433
v -0.107748 -0.081635 0.946855
v -0.131917 -0.080642 0.950184
v -0.119670 -0.085861 0.900802
v -0.093396 -0.103377 0.835650
v -0.138918 -0.074713 0.904965
v -0.147124 -0.076064 0.844153
v -0.081887 -0.092033 0.852905
v -0.072917 -0.101581 0.882456
v -0.181709 -0.033842 0.802980
v -0.150888 -0.079303 0.796363
v -0.176168 -0.032316 0.855386
v -0.181652 0.022189 0.867504
v -0.166055 -0.028846 0.914073
v -0.161360 -0.039592 0.960144
v -0.187027 0.018251 0.814184
v -0.192862 0.017000 0.766653
v -0.164448 0.079689 0.829069
v -0.169539 0.087322 0.781344
v -0.175092 0.087285 0.747871
v -0.132009 0.123862 0.751690
v -0.134371 0.127530 0.795063
v -0.138975 0.124371 0.846685
v -0.091172 0.132200 0.803792
v -0.097389 0.143421 0.861821
v -0.056769 0.128956 0.800300
v -0.070302 0.139530 0.862966
v -0.074549 0.152935 0.913217
v -0.100798 0.144674 0.910332
v -0.101428 0.144496 0.954217
v -0.046105 0.155556 0.955689
v -0.097290 0.134972 0.983834
v -0.046356 0.143385 0.981710
v -0.089288 0.121692 1.005140
v -0.043284 0.129473 1.004095
v -0.086539 0.111107 1.021519
v -0.041148 0.120514 1.021132
v -0.083470 0.107523 1.037902
v -0.039557 0.117288 1.038482
v 0.000665 0.125230 1.019718
v 0.037600 0.124792 1.021188
v 0.001126 0.132752 1.003281
v 0.037918 0.136409 1.006924
v 0.039316 0.150779 0.982715
v 0.074042 0.142369 0.982289
v 0.068209 0.128924 1.002847
v 0.093071 0.127084 1.002919
v 0.088087 0.115922 1.016129
v 0.106371 0.115863 1.001103
v 0.115161 0.123285 0.980650
v 0.130299 0.117700 0.983739
v 0.120585 0.131118 0.950880
v 0.100557 0.138244 0.981777
v 0.103975 0.144445 0.953342
v 0.080520 0.152684 0.953948
v 0.042399 0.155314 0.917512
v 0.041264 0.156412 0.951719
v 0.081491 0.153496 0.916721
v 0.104706 0.144465 0.917380
v 0.074069 0.153970 0.870376
v 0.036661 0.139853 0.866868
v 0.045630 0.126963 0.781323
v 0.101666 0.135268 0.815958
v 0.104126 0.145892 0.870181
v 0.142791 0.111449 0.863049
v 0.144895 0.116425 0.818650
v 0.163866 0.068795 0.895126
v 0.161485 0.070833 0.849115
v 0.140848 0.110376 0.910900
v 0.142913 0.110329 0.948853
v 0.165159 0.068668 0.936329
v 0.179492 0.023940 0.879691
v 0.138459 0.100304 0.976992
v 0.167528 0.069366 0.973729
v 0.176969 0.051555 0.934981
v 0.177889 0.013973 0.968914
v 0.176482 0.019510 0.928158
v 0.175038 -0.029176 0.865167
v 0.176234 -0.023734 0.909878
v 0.165307 -0.030954 0.932703
v 0.143820 -0.074142 0.892221
v 0.092595 -0.096632 0.878936
v 0.146552 -0.075654 0.849791
v 0.109028 -0.088204 0.920169
v 0.138671 -0.073586 0.919504
v 0.136524 -0.072199 0.947115
v 0.152642 -0.059181 0.953663
v 0.164450 -0.036846 0.963285
v 0.166852 -0.009188 0.966531
v 0.120783 -0.082766 0.944588
v 0.082397 -0.082053 0.918141
v 0.055217 -0.094625 0.917969
v 0.150506 -0.077790 0.804627
v 0.153582 -0.075641 0.763157
v 0.182151 -0.029810 0.819754
v 0.105361 -0.101089 0.751300
v 0.044950 -0.071850 0.739176
v 0.154151 -0.067571 0.710077
v 0.107887 -0.092965 0.702245
v 0.046026 -0.060597 0.695619
v 0.104012 -0.074093 0.648490
v 0.043853 -0.057109 0.643135
v 0.008244 -0.017947 0.693842
v 0.005621 -0.010996 0.641785
v 0.043600 -0.056854 0.640000
v 0.041841 -0.053955 0.640000
v 0.095373 -0.071199 0.640000
v 0.017805 0.047063 0.640000
v 0.005682 -0.010646 0.640000
v 0.171417 -0.025786 0.640000
v 0.051067 0.088906 0.640000
v 0.018191 0.048834 0.642006
v 0.018373 0.048725 0.640000
v 0.018607 0.050370 0.640000
v 0.042575 0.086679 0.640000
v 0.020317 0.076917 0.640000
v 0.019010 0.075194 0.647578
v 0.007145 0.045185 0.696013
v 0.045599 0.086360 0.650841
v 0.035489 0.081760 0.696492
v 0.066396 0.112731 0.653679
v 0.045821 0.088840 0.640000
v 0.047583 0.111233 0.700226
v 0.073369 0.112544 0.640000
v 0.099566 0.124372 0.653862
v 0.068700 0.110355 0.640000
v 0.097982 0.130498 0.707698
v 0.143673 0.116196 0.656246
v 0.099340 0.121632 0.640000
v 0.132497 0.115125 0.640000
v 0.170105 0.090016 0.640000
v 0.172946 0.080428 0.640000
v 0.140302 0.114867 0.640000
v 0.146837 0.114580 0.640000
v 0.176588 0.081199 0.658588
v 0.182752 0.047096 0.640000
v 0.182380 -0.000868 0.640000
v 0.190399 0.034265 0.658605
v 0.189259 0.036030 0.640000
v 0.189163 -0.020500 0.717887
v 0.180759 -0.017621 0.659014
v 0.177514 0.074961 0.716639
v 0.185617 0.031314 0.718543
v 0.173338 0.077264 0.754900
v 0.188178 0.028118 0.788313
v 0.167020 0.072037 0.802227
v 0.182077 0.023516 0.834502
v 0.189812 -0.026405 0.776163
v 0.146980 0.113334 0.765337
v 0.144229 0.115426 0.713288
v 0.098646 0.137213 0.757044
v 0.017259 0.087008 0.734063
v 0.005526 0.040138 0.725920
v 0.022245 0.094256 0.798248
v 0.025112 0.090794 0.715868
v -0.001276 0.129179 0.866426
v 0.003732 0.042097 0.762736
v -0.000053 0.084981 0.815305
v 0.000227 0.035073 0.782059
v -0.044089 0.146083 0.865580
v -0.024220 0.108746 0.797910
v -0.028339 0.089882 0.743983
v -0.014482 0.069671 0.736318
v -0.006437 0.039125 0.766095
v 0.002937 -0.018980 0.774037
v -0.007809 -0.018783 0.760166
v -0.012294 0.051400 0.734143
v -0.008831 0.040959 0.731954
v -0.011065 -0.017059 0.726709
v -0.048944 -0.071558 0.733245
v -0.009805 -0.024420 0.683734
v -0.051733 -0.065134 0.681240
v -0.037536 -0.072415 0.780976
v -0.102089 -0.101902 0.782514
v -0.155382 -0.077212 0.749108
v -0.104317 -0.099269 0.740695
v -0.159203 -0.068196 0.699146
v -0.106764 -0.087479 0.688593
v -0.159854 -0.059928 0.641865
v -0.111364 -0.076093 0.640000
v -0.057798 -0.054993 0.640000
v -0.013294 0.025539 0.640000
v -0.047875 0.090714 0.640000
v -0.184773 -0.015154 0.640000
v -0.188757 0.035193 0.640000
v -0.145895 -0.064313 0.640000
v -0.045177 -0.046794 0.640000
v -0.053585 0.094780 0.640000
v -0.050932 -0.052480 0.640000
v -0.144437 0.115984 0.640000
v -0.178926 0.080932 0.640000
v -0.103322 0.124986 0.640000
v -0.046076 0.090793 0.647413
v -0.094430 0.124528 0.640000
v -0.093791 0.125722 0.648304
v -0.035288 0.099725 0.701719
v -0.143118 0.113835 0.654989
v -0.091516 0.132684 0.704543
v -0.134740 0.114193 0.706710
v -0.089996 0.137895 0.759801
v -0.051574 0.113732 0.748971
v -0.178453 0.088277 0.713849
v -0.183315 0.083328 0.661022
v -0.195863 0.017974 0.712870
v -0.195775 0.019701 0.655807
v -0.184850 -0.021537 0.647417
v -0.192905 0.021202 0.640000
v -0.186775 -0.029066 0.707935
v -0.184241 -0.021107 0.640000
v -0.160539 -0.058498 0.640000
v -0.159685 -0.059674 0.640000
v -0.185609 -0.033435 0.758428
v -0.170851 0.096760 0.640000
v -0.024255 0.066579 0.697519
v -0.010848 0.043602 0.692941
v -0.013748 0.051139 0.642283
v -0.014128 0.051205 0.640000
v -0.014401 0.052763 0.640000
v -0.015843 0.052932 0.640000
v -0.012172 -0.024213 0.640000
v 0.012308 -0.016591 0.765602
v 0.014336 -0.016650 0.734117
v -0.045311 0.154681 0.917141
v -0.001801 0.150363 0.916471
v -0.001094 0.149908 0.952484
v 0.001442 0.144965 0.980441
v 0.150995 -0.055824 0.655324
v 0.179032 -0.015716 0.640000
v 0.150011 -0.053831 0.640000
v 0.110208 -0.070214 0.640000
v 0.103216 -0.071967 0.640000
v 0.025562 -0.080740 0.999481
v -0.002533 -0.080273 0.999224
v 0.026519 -0.085255 0.998753
v 0.065841 -0.077050 1.000951
v 0.068957 -0.081658 1.001793
v 0.109646 -0.070204 1.005498
v 0.078012 -0.050993 0.992838
v 0.047750 -0.056736 0.988644
v 0.019434 -0.059544 0.988182
v -0.001988 -0.061362 0.986376
v -0.024779 -0.062229 0.986048
v -0.054672 -0.058381 0.988862
v -0.032227 -0.082907 0.998855
v -0.073257 -0.078956 1.000744
v -0.082290 -0.048021 0.992906
v 0.096940 -0.029244 1.001403
v 0.102894 0.002163 1.005424
v 0.098316 0.031332 1.006651
v 0.084448 0.054107 1.008012
v -0.006271 -0.088823 0.984599
v -0.015381 -0.088220 0.988573
v -0.016234 -0.088918 0.987514
v -0.005183 -0.087975 0.985768
v -0.016373 -0.088383 0.986703
v -0.006198 -0.088374 0.984227
v -0.014041 -0.085408 0.989888
v -0.003980 -0.085780 0.987490
v -0.002919 -0.084292 0.990857
v -0.011481 -0.084067 0.993067
v -0.002855 -0.084867 0.990954
v -0.011250 -0.084200 0.992905
v -0.003066 -0.085242 0.989866
v -0.003696 -0.086482 0.988121
v -0.011958 -0.085551 0.992602
v -0.013814 -0.087095 0.990592
v -0.021393 -0.088091 0.996237
v -0.023721 -0.089471 0.993415
v -0.030010 -0.086495 0.999926
v -0.033153 -0.089311 0.996058
v -0.025620 -0.091014 0.990925
v -0.035810 -0.090527 0.993020
v -0.037023 -0.090601 0.991838
v -0.044067 -0.087536 0.995108
v -0.042846 -0.086749 0.996578
v -0.040539 -0.085320 0.999237
v -0.042973 -0.087939 0.997037
v -0.037906 -0.084203 1.003159
v -0.040579 -0.086720 0.999468
v -0.038384 -0.085780 1.003469
v -0.037405 -0.085031 1.006870
v -0.036929 -0.087490 1.003453
v -0.036645 -0.082985 1.006834
v -0.028322 -0.085316 1.002389
v -0.037786 -0.082275 1.007521
v -0.038262 -0.085058 1.007772
v -0.042747 -0.084703 1.000119
v -0.043144 -0.087329 1.001356
v -0.036310 -0.087104 1.006746
v -0.029088 -0.085534 1.002612
v -0.040022 -0.089276 1.000739
v -0.029278 -0.086854 1.003130
v -0.031996 -0.088994 0.997390
v -0.035928 -0.086671 1.006083
v -0.043113 -0.092028 0.995691
v -0.034661 -0.091559 0.993718
v -0.024639 -0.090107 0.995652
v -0.026852 -0.091898 0.991871
v -0.016685 -0.089456 0.994943
v -0.019014 -0.091030 0.991148
v -0.026706 -0.090976 0.991852
v -0.034364 -0.090406 0.993257
v -0.018967 -0.090019 0.991046
v -0.025961 -0.090208 0.993023
v -0.033359 -0.088613 0.994200
v -0.038902 -0.087979 0.999323
v -0.024369 -0.088492 0.995882
v -0.031603 -0.086748 0.997037
v -0.041079 -0.089501 0.996645
v -0.042363 -0.090713 0.995197
v -0.044479 -0.088856 0.995624
v -0.045659 -0.089360 0.996053
v -0.045147 -0.087335 0.995072
v -0.034324 -0.086950 0.996013
v -0.037656 -0.089766 0.991271
v -0.026834 -0.090212 0.989289
v -0.026486 -0.091059 0.989697
v -0.024270 -0.087303 0.992557
v -0.020397 -0.085726 0.996974
v -0.028760 -0.084183 1.002140
v -0.020250 -0.086691 0.997445
v -0.029953 -0.086359 1.000600
v -0.023004 -0.087434 0.998584
v -0.016672 -0.087812 0.994439
v -0.015027 -0.086662 0.996488
v -0.014220 -0.086398 0.997888
v -0.022298 -0.086745 1.000107
v -0.022315 -0.087308 1.000523
v -0.014236 -0.087136 0.998409
v -0.005702 -0.085610 0.994007
v -0.005791 -0.084833 0.993508
v -0.001644 -0.084860 0.992318
v -0.001669 -0.085623 0.992815
v -0.008412 -0.087636 0.991630
v -0.002858 -0.087712 0.989942
v -0.010618 -0.089538 0.989114
v -0.010655 -0.088688 0.988731
v -0.003361 -0.089447 0.987167
v -0.003328 -0.088641 0.986695
v -0.003206 -0.087577 0.987593
v -0.009971 -0.087824 0.989324
v -0.002801 -0.086211 0.989450
v -0.008527 -0.086325 0.990992
v -0.002130 -0.085260 0.991309
v -0.006780 -0.085608 0.992890
v -0.018264 -0.089206 0.992059
v 0.050158 -0.088413 0.987460
v 0.050376 -0.087542 0.985454
v 0.050234 -0.086902 0.988763
v 0.050559 -0.089165 0.984592
v 0.047404 -0.090683 0.981670
v 0.046641 -0.089335 0.984854
v 0.051533 -0.086881 0.988171
v 0.051106 -0.089057 0.987675
v 0.048060 -0.091119 0.985091
v 0.042744 -0.095904 0.974332
v 0.049686 -0.093828 0.979208
v 0.041116 -0.092942 0.982005
v 0.036438 -0.097163 0.974042
v 0.035371 -0.094089 0.981943
v 0.040648 -0.091054 0.981721
v 0.035162 -0.093038 0.981462
v 0.041254 -0.092320 0.978280
v 0.035445 -0.093370 0.978060
v 0.028929 -0.093385 0.983209
v 0.029100 -0.094340 0.983464
v 0.019080 -0.093309 0.988120
v 0.017738 -0.094311 0.983857
v 0.029004 -0.096739 0.976595
v 0.016743 -0.095507 0.979087
v 0.028851 -0.097976 0.970658
v 0.036988 -0.098670 0.968493
v 0.043646 -0.097857 0.969168
v 0.036636 -0.097172 0.968482
v 0.043099 -0.095763 0.968959
v 0.028749 -0.096307 0.970545
v 0.036416 -0.095800 0.969957
v 0.028747 -0.093833 0.975929
v 0.042594 -0.094751 0.970347
v 0.028740 -0.095020 0.972347
v 0.035965 -0.094551 0.973457
v 0.041891 -0.093484 0.973742
v 0.048944 -0.092868 0.973665
v 0.048417 -0.092254 0.977187
v 0.052376 -0.091382 0.976958
v 0.051899 -0.091011 0.980541
v 0.052341 -0.089815 0.977516
v 0.051680 -0.089296 0.981188
v 0.049758 -0.089270 0.978014
v 0.048924 -0.088698 0.982124
v 0.048014 -0.087046 0.986589
v 0.040212 -0.088816 0.982741
v 0.040309 -0.085958 0.989792
v 0.048050 -0.085912 0.989155
v 0.039906 -0.088042 0.987115
v 0.031270 -0.089081 0.987833
v 0.024190 -0.089274 0.985114
v 0.032331 -0.086511 0.990441
v 0.026261 -0.087399 0.991160
v 0.030996 -0.088483 0.983946
v 0.024678 -0.089322 0.988613
v 0.014764 -0.088569 0.989958
v 0.004879 -0.085221 0.991164
v 0.016525 -0.087656 0.991905
v 0.014086 -0.088260 0.987482
v 0.004064 -0.085132 0.989687
v 0.003593 -0.085074 0.987779
v 0.003418 -0.085536 0.985770
v 0.003696 -0.085491 0.984793
v 0.015540 -0.087227 0.983940
v 0.014274 -0.087867 0.985095
v 0.024857 -0.088886 0.982080
v 0.026454 -0.088082 0.980251
v 0.031930 -0.089294 0.979763
v 0.041274 -0.089905 0.978051
v 0.033644 -0.088853 0.978103
v 0.026977 -0.086868 0.980153
v 0.034149 -0.087788 0.978022
v 0.042563 -0.089356 0.976475
v 0.044060 -0.087925 0.976670
v 0.050604 -0.089192 0.976436
v 0.050997 -0.088431 0.976645
v 0.052994 -0.090146 0.975934
v 0.053816 -0.090282 0.975715
v 0.052965 -0.091817 0.975416
v 0.049550 -0.093573 0.972211
v 0.050837 -0.095204 0.972713
v 0.053850 -0.092365 0.975305
v 0.053408 -0.091326 0.980567
v 0.053232 -0.088887 0.981012
v 0.048605 -0.084477 0.989368
v 0.050245 -0.086781 0.982310
v 0.043003 -0.085435 0.983701
v 0.033535 -0.086059 0.984860
v 0.032501 -0.084533 0.990895
v 0.041500 -0.084222 0.989978
v 0.026428 -0.085546 0.991443
v 0.016731 -0.086384 0.992049
v 0.026828 -0.085986 0.985801
v 0.015879 -0.086193 0.983633
v 0.016044 -0.085899 0.987403
v 0.003907 -0.083883 0.987369
v 0.004828 -0.084254 0.991018
v 0.003765 -0.084800 0.984548
v 0.017601 -0.092340 0.983452
v 0.017000 -0.093164 0.980600
v 0.007229 -0.089022 0.988334
v 0.006313 -0.089928 0.985810
v 0.016808 -0.094138 0.978813
v 0.006006 -0.091003 0.984760
v 0.005951 -0.091850 0.985013
v -0.000689 -0.089145 0.985912
v -0.000662 -0.089924 0.986379
v 0.007216 -0.090543 0.989172
v 0.000206 -0.088126 0.989821
v 0.001679 -0.086019 0.992959
v 0.001623 -0.085261 0.992419
v 0.009239 -0.089175 0.992668
v 0.018981 -0.092358 0.987786
v 0.009186 -0.088471 0.992011
v 0.008380 -0.088130 0.990384
v 0.018376 -0.091793 0.985887
v 0.001027 -0.085629 0.991315
v 0.000134 -0.086714 0.989114
v -0.000481 -0.088118 0.986895
v 0.028780 -0.093138 0.980292
v -0.005184 -0.083410 0.992850
v -0.005008 -0.083278 0.994046
v -0.006221 -0.087461 0.994159
v -0.002978 -0.083332 0.991712
v -0.001585 -0.086727 0.992713
v -0.003857 -0.087038 0.993135
v -0.000594 -0.083276 0.991069
v 0.005156 -0.083374 0.990419
v 0.003412 -0.086687 0.991917
v 0.006627 -0.087432 0.991908
v 0.008159 -0.082630 0.990455
v 0.006883 -0.088280 0.993873
v 0.008261 -0.082537 0.991417
v 0.005348 -0.083191 0.991933
v 0.003737 -0.087783 0.994455
v -0.000302 -0.082975 0.992903
v -0.003660 -0.088024 0.995407
v -0.001441 -0.087661 0.994435
v -0.002679 -0.083056 0.993546
v -0.006049 -0.088088 0.995868
v -0.004395 -0.090812 0.993559
v -0.006911 -0.090723 0.993884
v -0.006951 -0.089208 0.992696
v -0.007719 -0.092336 0.990053
v -0.007565 -0.090333 0.989614
v -0.004448 -0.088590 0.991790
v -0.002896 -0.089511 0.988986
v -0.002289 -0.088365 0.991400
v -0.004975 -0.089634 0.989092
v -0.008058 -0.090893 0.986142
v -0.005434 -0.090390 0.985836
v -0.003273 -0.091801 0.984417
v 0.001225 -0.089365 0.988760
v 0.001039 -0.091777 0.984308
v 0.001419 -0.092342 0.980179
v -0.003689 -0.092333 0.980004
v -0.006004 -0.090258 0.981719
v 0.002072 -0.091367 0.979666
v -0.003834 -0.089504 0.980304
v -0.003664 -0.085702 0.981771
v -0.006180 -0.088251 0.981364
v 0.002441 -0.085466 0.982802
v 0.005905 -0.085049 0.981694
v 0.005959 -0.089676 0.980866
v 0.005978 -0.090279 0.979949
v 0.005940 -0.085229 0.980967
v 0.002498 -0.085650 0.981832
v 0.002266 -0.090769 0.979489
v -0.003701 -0.085934 0.980914
v -0.003978 -0.090345 0.979680
v -0.006092 -0.085558 0.981215
v -0.008733 -0.089308 0.979828
v -0.008333 -0.085935 0.981215
v -0.006363 -0.089421 0.979825
v -0.008794 -0.092444 0.980516
v -0.003691 -0.093798 0.979347
v -0.006208 -0.092796 0.980135
v -0.008262 -0.093283 0.985540
v -0.003293 -0.094796 0.984210
v -0.005624 -0.094093 0.984991
v -0.002718 -0.092064 0.989406
v -0.005129 -0.092715 0.989656
v -0.002253 -0.090126 0.992835
v 0.002316 -0.091067 0.993387
v 0.001148 -0.093840 0.989961
v 0.005286 -0.092906 0.989440
v 0.001184 -0.095638 0.984153
v 0.005637 -0.093936 0.985058
v 0.002410 -0.094422 0.979327
v 0.005802 -0.093070 0.980203
v 0.005861 -0.091398 0.981731
v 0.005810 -0.090267 0.986199
v 0.005589 -0.089670 0.988927
v 0.005862 -0.088688 0.990902
v 0.002408 -0.088644 0.991054
v 0.005809 -0.090924 0.992751
v -0.008611 -0.090443 0.982046
v -0.008610 -0.088428 0.981252
v -0.008260 -0.085680 0.982188
v -0.006025 -0.085288 0.982489
v 0.022111 -0.104154 0.935381
v 0.035094 -0.105820 0.922838
v 0.022064 -0.105804 0.935416
v 0.024742 -0.103461 0.937835
v 0.017950 -0.103915 0.944050
v 0.021174 -0.102862 0.946563
v 0.019198 -0.102116 0.956658
v 0.023242 -0.102623 0.959860
v 0.025340 -0.103404 0.949659
v 0.025217 -0.104665 0.949705
v 0.023143 -0.103789 0.960000
v 0.028642 -0.105099 0.940730
v 0.028574 -0.106484 0.940699
v 0.040345 -0.107481 0.927666
v 0.024532 -0.105903 0.937751
v 0.021239 -0.105387 0.946780
v 0.017942 -0.105669 0.944251
v 0.019163 -0.104281 0.956824
v 0.015575 -0.103910 0.953781
v 0.017374 -0.102564 0.966583
v 0.013443 -0.101975 0.963015
v 0.015594 -0.102188 0.953534
v 0.013495 -0.100368 0.962739
v 0.017340 -0.100994 0.966225
v 0.015436 -0.097774 0.976437
v 0.011122 -0.098313 0.971579
v 0.010932 -0.099702 0.971691
v 0.015345 -0.099560 0.976738
v 0.007843 -0.096061 0.979643
v 0.010761 -0.095274 0.984252
v 0.004800 -0.091724 0.983848
v 0.004669 -0.092877 0.983687
v 0.005330 -0.092154 0.988004
v 0.008228 -0.094379 0.979689
v 0.010916 -0.093526 0.984261
v 0.005366 -0.090836 0.988018
v 0.003322 -0.090209 0.989103
v 0.007185 -0.091043 0.991360
v 0.005029 -0.090212 0.991754
v 0.005033 -0.091180 0.991885
v 0.007155 -0.092240 0.991485
v 0.013053 -0.095628 0.988370
v 0.018946 -0.098254 0.980122
v 0.018837 -0.099451 0.980390
v 0.013145 -0.094232 0.988090
v 0.021330 -0.100943 0.969571
v 0.021304 -0.102103 0.969790
v 0.003307 -0.091236 0.989125
v 0.003015 -0.092680 0.985244
v 0.003035 -0.091886 0.985258
v 0.038504 -0.107785 0.925033
v 0.035321 -0.107041 0.922652
v 0.038105 -0.105292 0.925398
v 0.040071 -0.105732 0.927943
v -0.000593 -0.086345 0.985643
v -0.005789 -0.087661 0.983688
v -0.000498 -0.087179 0.985624
v -0.001883 -0.085292 0.989068
v -0.005397 -0.085509 0.991962
v -0.007983 -0.086365 0.987663
v -0.014363 -0.091023 0.982950
v -0.016396 -0.091788 0.986696
v -0.010190 -0.087176 0.990712
v -0.016359 -0.093067 0.986747
v -0.010201 -0.088162 0.990891
v -0.005365 -0.086252 0.991974
v -0.001760 -0.086232 0.989224
v -0.007915 -0.087988 0.987791
v -0.005769 -0.088900 0.983695
v -0.011764 -0.093461 0.978416
v -0.014304 -0.092731 0.983020
v -0.016098 -0.097025 0.965670
v -0.019850 -0.097799 0.969811
v -0.024682 -0.100595 0.956903
v -0.023392 -0.097016 0.973280
v -0.020273 -0.098490 0.954532
v -0.020261 -0.096828 0.954459
v -0.022503 -0.098593 0.940936
v -0.022625 -0.100199 0.940954
v -0.027241 -0.102511 0.942652
v -0.028908 -0.103127 0.923816
v -0.032677 -0.101773 0.944962
v -0.032490 -0.099940 0.944903
v -0.035261 -0.102406 0.926953
v -0.029290 -0.097715 0.958959
v -0.029376 -0.099624 0.959204
v -0.019794 -0.095402 0.969705
v -0.024550 -0.097730 0.956612
v -0.023352 -0.095332 0.973102
v -0.026998 -0.099377 0.942551
v -0.016097 -0.095177 0.965624
v -0.011837 -0.091681 0.978285
v -0.028450 -0.099731 0.923937
v -0.023684 -0.099477 0.921544
v -0.034879 -0.100389 0.926971
v -0.035484 -0.099898 0.912415
v -0.030158 -0.100877 0.909491
v -0.026272 -0.100687 0.907684
v -0.026371 -0.101791 0.907746
v -0.023983 -0.100958 0.921585
v -0.030411 -0.102590 0.909493
v -0.035722 -0.101814 0.912341
vn 0.0890 0.9916 -0.0944
vn 0.0595 0.9828 -0.1749
vn 0.5248 0.8442 -0.1092
vn 0.5559 0.8310 -0.0197
vn -0.3918 0.8899 -0.2334
vn -0.3815 0.9047 -0.1897
vn -0.5902 0.7847 -0.1896
vn -0.6211 0.7455 -0.2418
vn -0.6588 0.7482 -0.0789
vn -0.7282 0.6563 -0.1976
vn 0.9270 0.3572 -0.1142
vn 0.9136 0.4060 0.0222
vn 0.8211 0.5708 -0.0069
vn 0.8004 0.5874 -0.1194
vn -0.8233 0.5632 0.0704
vn -0.9786 0.1232 0.1646
vn -0.9858 0.1201 0.1176
vn -0.8629 0.5034 -0.0445
vn -0.9354 -0.3258 0.1373
vn -0.8679 -0.4600 0.1873
vn 0.8635 -0.4953 -0.0956
vn 0.5958 -0.7914 0.1367
vn 0.7225 -0.6243 0.2972
vn 0.8167 -0.5619 -0.1313
vn 0.7256 -0.6754 -0.1317
vn 0.7834 -0.5585 -0.2727
vn 0.4516 -0.8604 -0.2362
vn 0.3616 -0.9002 -0.2428
vn 0.8942 -0.4372 -0.0963
vn 0.8566 -0.4126 -0.3099
vn 0.6923 0.7120 -0.1179
vn 0.8743 0.4664 -0.1343
vn 0.4277 0.9022 -0.0553
vn 0.0333 0.9984 -0.0461
vn -0.5941 0.7856 -0.1728
vn -0.3581 0.9290 -0.0935
vn -0.7386 0.6376 -0.2192
vn -0.9978 0.0633 -0.0200
vn -0.9088 0.3861 -0.1581
vn -0.9677 -0.2520 0.0053
vn 0.8160 0.5435 -0.1967
vn 0.7155 0.6645 -0.2156
vn 0.9269 0.0592 -0.3707
vn 0.9676 -0.0085 -0.2525
vn 0.3372 -0.9299 -0.1468
vn -0.9866 0.1136 0.1173
vn -0.8816 -0.4293 0.1962
vn -0.8239 0.5645 0.0500
vn -0.6000 0.7997 -0.0212
vn -0.5907 0.8054 -0.0479
vn 0.5469 0.8353 0.0556
vn 0.0346 0.9985 0.0432
vn -0.4536 0.8910 -0.0184
vn 0.8172 0.5744 0.0466
vn 0.5129 0.8542 -0.0850
vn 0.3997 0.8814 -0.2516
vn -0.1159 0.9597 -0.2561
vn -0.0750 0.9939 -0.0807
vn 0.7731 0.6282 -0.0877
vn -0.8808 -0.4681 -0.0719
vn -0.8385 -0.5449 -0.0066
vn -0.7807 -0.6197 0.0805
vn 0.2666 -0.9191 -0.2903
vn 0.8897 0.4506 0.0737
vn 0.4224 -0.8965 0.1333
vn 0.7929 -0.5703 0.2145
vn 0.1356 -0.9902 0.0319
vn 0.9938 0.1092 -0.0226
vn 0.9951 0.0975 0.0132
vn 0.9843 0.1524 0.0890
vn 0.9647 0.2415 0.1054
vn -0.6042 -0.7917 0.0905
vn -0.6704 -0.7389 -0.0679
vn -0.3520 -0.9322 -0.0846
vn -0.0469 -0.9761 -0.2123
vn -0.0309 -0.9474 -0.3185
vn -0.4143 -0.8821 -0.2244
vn 0.0020 -0.9672 -0.2542
vn -0.0366 -0.9993 -0.0093
vn -0.2383 -0.9673 0.0864
vn -0.5496 -0.8124 0.1946
vn -0.3909 -0.8914 -0.2292
vn -0.3648 -0.9099 -0.1974
vn -0.7177 -0.6806 -0.1474
vn -0.7057 -0.6918 -0.1531
vn 0.0484 -0.9727 -0.2269
vn 0.6605 0.7481 -0.0642
vn 0.5995 0.7969 -0.0743
vn -0.6704 -0.7417 -0.0222
vn -0.2931 -0.9556 -0.0313
vn -0.2637 -0.9646 0.0051
vn -0.6550 -0.7554 0.0198
vn 0.5502 -0.8350 -0.0022
vn 0.1397 -0.9902 0.0031
vn 0.1074 -0.9934 -0.0393
vn 0.5325 -0.8449 -0.0511
vn 0.9117 -0.4040 -0.0745
vn 0.9056 -0.4237 -0.0190
vn 0.9966 0.0094 -0.0817
vn 0.9966 0.0301 -0.0763
vn 0.9893 -0.1349 -0.0563
vn 0.9818 -0.1697 -0.0851
vn 0.9980 -0.0584 -0.0245
vn 0.8989 0.4363 -0.0408
vn 0.6927 0.7170 -0.0778
vn -0.3980 0.9170 -0.0254
vn -0.2879 0.9458 -0.1502
vn -0.6183 0.7789 -0.1052
vn -0.6742 0.7376 0.0371
vn -0.9973 -0.0623 0.0384
vn -0.9734 -0.2256 0.0399
vn -0.9727 -0.2268 0.0495
vn -0.9949 -0.0841 0.0549
vn -0.9749 0.2228 0.0048
vn -0.9823 0.1757 0.0652
vn -0.8326 0.5517 -0.0493
vn -0.8747 0.4818 0.0527
vn 0.4338 0.8890 -0.1465
vn 0.0978 0.9784 -0.1819
vn 0.0016 0.9972 -0.0749
vn 0.3913 0.9168 -0.0797
vn -0.9023 -0.4311 0.0078
vn -0.9016 -0.4306 0.0421
vn -0.2199 0.9593 -0.1772
vn -0.2387 0.9679 -0.0792
vn -0.5286 0.8368 -0.1429
vn -0.5380 0.8285 -0.1555
vn -0.7394 0.6541 -0.1596
vn -0.7701 0.6292 -0.1052
vn -0.9989 -0.0263 -0.0376
vn -0.9535 0.2942 -0.0657
vn -0.9319 0.3370 -0.1342
vn -0.9962 0.0085 -0.0863
vn -0.9725 -0.2307 -0.0308
vn -0.9714 -0.2288 -0.0631
vn -0.8923 -0.4440 -0.0819
vn -0.8981 -0.4365 -0.0530
vn -0.7074 -0.6978 -0.1127
vn -0.6905 -0.7198 -0.0715
vn -0.3411 -0.9296 -0.1395
vn -0.3198 -0.9441 -0.0798
vn 0.0690 -0.9839 -0.1648
vn 0.0826 -0.9916 -0.0992
vn 0.4886 -0.8505 -0.1948
vn 0.5113 -0.8508 -0.1217
vn 0.8319 -0.5204 -0.1928
vn 0.8786 -0.4638 -0.1141
vn 0.9567 -0.2746 -0.0969
vn 0.9961 -0.0823 -0.0328
vn 0.9641 -0.2600 0.0541
vn 0.9912 -0.1259 0.0407
vn 0.9100 0.4106 -0.0568
vn 0.9207 0.3829 -0.0762
vn 0.9917 -0.1179 -0.0518
vn 0.9997 0.0040 -0.0229
vn 0.6945 0.7191 -0.0227
vn 0.6934 0.7125 -0.1071
vn 0.4369 0.8874 -0.1475
vn 0.4389 0.8985 0.0014
vn 0.1140 0.9933 -0.0176
vn 0.1508 0.9732 -0.1735
vn -0.1335 0.9910 -0.0084
vn 0.2964 0.9537 -0.0505
vn -0.6922 0.7111 0.1233
vn -0.4946 0.8658 0.0763
vn -0.8905 0.4476 0.0818
vn 0.8092 0.5875 0.0023
vn 0.8715 0.4902 0.0145
vn 0.5518 0.8327 0.0469
vn -0.0073 0.9985 0.0550
vn -0.5786 0.8132 -0.0624
vn -0.5125 0.8584 -0.0214
vn -0.5450 0.8326 -0.0984
vn 0.9276 -0.3065 0.2137
vn 0.9764 -0.1231 0.1773
vn 0.9333 -0.3532 0.0647
vn 0.9788 -0.1940 0.0656
vn 0.9666 -0.2463 0.0706
vn 0.9359 -0.3512 0.0290
vn 0.9239 -0.3818 -0.0247
vn 0.9367 -0.3292 -0.1190
vn 0.8909 -0.3152 -0.3269
vn -0.5238 0.8354 -0.1665
vn -0.8340 0.5517 0.0080
vn -0.9910 0.1228 0.0526
vn -0.5806 0.8135 -0.0326
vn 0.9627 0.2704 0.0135
vn 0.9952 -0.0952 -0.0215
vn 0.8422 -0.5390 -0.0121
vn 0.4347 -0.8990 0.0526
vn -0.5572 -0.8148 0.1601
vn -0.9079 -0.4020 0.1190
vn -0.1342 -0.8192 0.5575
vn 0.0012 -0.8574 0.5146
vn 0.0008 -0.8098 0.5867
vn 0.1347 -0.8202 0.5560
vn 0.1582 -0.9129 0.3763
vn 0.0936 -0.8658 0.4915
vn 0.1609 -0.8508 0.5002
vn 0.0180 -0.9268 0.3750
vn 0.0125 -0.8919 0.4520
vn -0.0677 -0.8705 0.4876
vn 0.0352 -0.8858 0.4627
vn -0.1051 -0.9067 0.4084
vn -0.1338 -0.8460 0.5161
vn -0.0308 -0.6614 0.7494
vn -0.0783 -0.5858 0.8067
vn -0.1080 -0.5142 0.8508
vn -0.1130 -0.7189 0.6859
vn -0.1584 -0.6045 0.7807
vn -0.3376 -0.7429 0.5780
vn -0.1705 -0.5532 0.8154
vn -0.3222 -0.7960 0.5124
vn -0.2539 -0.8812 0.3988
vn -0.4440 -0.8699 0.2149
vn -0.2937 -0.9361 0.1934
vn -0.4867 -0.8281 0.2783
vn -0.5455 -0.7549 0.3640
vn -0.3437 -0.6533 0.6746
vn -0.3399 -0.7067 0.6205
vn -0.5843 -0.6657 0.4641
vn -0.1616 -0.5575 0.8143
vn -0.1770 -0.5643 0.8063
vn -0.1153 -0.4859 0.8664
vn -0.1412 -0.4829 0.8642
vn -0.2193 -0.7228 0.6553
vn -0.1933 -0.7913 0.5801
vn -0.2255 -0.8853 0.4066
vn -0.1775 -0.8968 0.4053
vn -0.0678 -0.5470 0.8344
vn -0.1537 -0.5933 0.7902
vn -0.3048 -0.6503 0.6958
vn -0.2114 -0.7601 0.6144
vn -0.0838 -0.6797 0.7287
vn -0.1338 -0.7286 0.6718
vn 0.0634 -0.6119 0.7884
vn 0.0537 -0.9794 0.1944
vn 0.2358 -0.9638 0.1247
vn 0.0040 -0.9406 0.3395
vn 0.0080 -0.8119 0.5838
vn 0.2566 -0.9041 0.3417
vn 0.2296 -0.8198 0.5246
vn 0.0436 -0.7210 0.6915
vn 0.0076 -0.9294 0.3691
vn 0.0062 -0.8448 0.5350
vn 0.2255 -0.7575 0.6127
vn 0.2078 -0.8799 0.4274
vn -0.0004 -0.8010 0.5986
vn 0.0037 -0.8992 0.4376
vn -0.2032 -0.8792 0.4309
vn -0.2259 -0.7575 0.6125
vn -0.2243 -0.8209 0.5252
vn -0.0436 -0.7210 0.6915
vn -0.0344 -0.8849 0.4644
vn 0.0652 -0.8712 0.4865
vn 0.0310 -0.6612 0.7496
vn -0.0109 -0.8130 0.5821
vn 0.1096 -0.7214 0.6838
vn 0.2492 -0.8841 0.3953
vn -0.0091 -0.9418 0.3362
vn -0.2295 -0.9654 0.1236
vn -0.0597 -0.9795 0.1924
vn -0.2511 -0.9058 0.3412
vn 0.0084 -0.9977 0.0675
vn 0.2880 -0.9382 0.1920
vn 0.3201 -0.7983 0.5102
vn 0.4418 -0.8713 0.2136
vn 0.3364 -0.7444 0.5767
vn 0.4855 -0.8290 0.2777
vn 0.3391 -0.7078 0.6197
vn 0.5447 -0.7556 0.3639
vn 0.3430 -0.6540 0.6743
vn 0.5836 -0.6660 0.4646
vn 0.3043 -0.6504 0.6960
vn 0.1766 -0.5653 0.8058
vn 0.1610 -0.5588 0.8135
vn 0.1698 -0.5548 0.8145
vn 0.1152 -0.4858 0.8664
vn 0.1081 -0.5141 0.8509
vn 0.1565 -0.6068 0.7793
vn 0.0782 -0.5858 0.8067
vn 0.1896 -0.7921 0.5802
vn 0.2172 -0.7230 0.6557
vn 0.2215 -0.8856 0.4082
vn 0.1297 -0.8474 0.5149
vn 0.1020 -0.9052 0.4127
vn 0.1721 -0.8966 0.4080
vn -0.0130 -0.8897 0.4564
vn -0.0174 -0.9245 0.3807
vn 0.0959 -0.8730 0.4782
vn 0.1689 -0.8473 0.5035
vn -0.0936 -0.8642 0.4943
vn -0.1558 -0.9117 0.3801
vn 0.0018 -0.9320 0.3625
vn -0.1592 -0.8502 0.5018
vn 0.1412 -0.4829 0.8642
vn 0.1537 -0.5937 0.7898
vn 0.0679 -0.5471 0.8343
vn 0.0844 -0.6795 0.7288
vn -0.0632 -0.6119 0.7884
vn -0.0566 -0.5952 0.8016
vn 0.1343 -0.7284 0.6719
vn 0.2112 -0.7596 0.6151
vn -0.0980 -0.8748 0.4745
vn -0.2340 -0.4962 0.8361
vn -0.2238 -0.4578 0.8604
vn 0.0124 -0.5752 0.8179
vn -0.3100 -0.5001 0.8085
vn 0.1410 -0.5288 0.8370
vn -0.1149 -0.5418 0.8326
vn 0.2871 -0.5323 0.7964
vn 0.3485 -0.5654 0.7476
vn -0.0594 0.3585 0.9316
vn 0.6282 0.2543 0.7353
vn 0.7057 0.3863 0.5939
vn 0.8007 0.1367 0.5832
vn 0.8340 0.2285 0.5022
vn 0.2685 -0.5976 0.7555
vn 0.9040 0.0848 0.4189
vn 0.2393 -0.5820 0.7772
vn 0.8863 0.0075 0.4630
vn -0.1024 -0.7097 0.6970
vn -0.1138 -0.8279 0.5492
vn -0.1293 -0.8627 0.4890
vn -0.1208 -0.7129 0.6908
vn -0.3311 -0.8827 0.3334
vn -0.3425 -0.7240 0.5987
vn -0.5226 -0.8372 0.1611
vn -0.4306 -0.8975 0.0954
vn -0.5632 -0.7671 -0.3072
vn -0.7817 -0.6221 0.0439
vn -0.2442 -0.8769 0.4140
vn -0.1333 -0.8599 0.4928
vn -0.3879 -0.8632 0.3231
vn -0.1570 -0.8811 0.4461
vn -0.2521 -0.9464 0.2017
vn -0.5694 -0.8219 0.0132
vn -0.7269 -0.6831 -0.0712
vn -0.7871 -0.5896 -0.1809
vn -0.9144 -0.3953 -0.0877
vn -0.9596 -0.2486 -0.1319
vn -0.9081 -0.3718 -0.1929
vn -0.6099 -0.7859 -0.1021
vn -0.8320 -0.5520 -0.0548
vn -0.9332 -0.3449 -0.1008
vn -0.5632 -0.8259 -0.0243
vn -0.8628 -0.4782 0.1641
vn -0.6486 -0.7607 -0.0260
vn -0.3824 -0.9196 -0.0897
vn -0.4584 -0.8887 0.0041
vn -0.3922 -0.9183 -0.0545
vn -0.1668 -0.9840 0.0621
vn -0.3532 -0.9350 -0.0324
vn -0.0319 -0.9605 0.2764
vn 0.0065 -0.9555 0.2950
vn -0.0044 -0.8823 0.4707
vn -0.0012 -0.8888 0.4583
vn -0.1020 -0.8021 0.5885
vn -0.0224 -0.8695 0.4934
vn -0.2878 -0.4137 0.8637
vn 0.3331 -0.6155 0.7143
vn -0.3443 -0.6307 0.6955
vn -0.3882 -0.5468 0.7418
vn -0.0133 0.5992 0.8005
vn -0.8519 0.2722 0.4474
vn -0.7308 0.3897 0.5603
vn -0.3076 -0.5611 0.7685
vn 0.1145 -0.8188 0.5626
vn 0.0446 -0.8627 0.5038
vn -0.0017 -0.8888 0.4583
vn 0.1423 -0.8844 0.4445
vn 0.1309 -0.8492 0.5115
vn 0.0199 -0.9616 0.2737
vn 0.0848 -0.9923 0.0903
vn 0.2170 -0.9554 0.2001
vn 0.4667 -0.8809 0.0790
vn 0.3214 -0.9469 0.0129
vn 0.7302 -0.6830 0.0203
vn 0.3282 -0.8781 0.3481
vn 0.5481 -0.8321 -0.0850
vn 0.7576 -0.6509 -0.0485
vn 0.9526 -0.3012 -0.0427
vn 0.7530 -0.5020 -0.4254
vn 0.5739 -0.7995 -0.1773
vn 0.4048 -0.8873 0.2211
vn 0.9093 -0.2625 -0.3230
vn -0.1014 -0.9645 0.2440
vn 0.9616 -0.2552 -0.1008
vn 0.9869 -0.1078 -0.1203
vn 0.9720 -0.0742 -0.2230
vn 0.8936 0.3287 0.3057
vn 0.9561 -0.2680 -0.1187
vn 0.8181 -0.5528 -0.1585
vn 0.7997 -0.5933 -0.0919
vn 0.8220 -0.5372 -0.1892
vn 0.9286 -0.3639 -0.0727
vn 0.9782 -0.1846 -0.0956
vn 0.9771 -0.1498 -0.1514
vn 0.9748 -0.2231 0.0042
vn 0.8904 -0.4496 -0.0715
vn 0.9366 -0.3199 0.1432
vn 0.8847 -0.4470 0.1325
vn 0.9754 -0.1763 0.1324
vn 0.9638 0.2424 0.1113
vn 0.9650 0.2605 -0.0311
vn 0.7826 -0.0727 0.6182
vn 0.8111 -0.5753 0.1057
vn 0.5371 -0.4097 0.7373
vn 0.7502 0.6231 -0.2211
vn 0.8153 0.5784 0.0281
vn 0.6349 0.7693 -0.0715
vn 0.5894 0.7825 -0.2007
vn 0.4725 0.8613 -0.1869
vn 0.2981 0.9212 -0.2502
vn 0.3904 0.9196 -0.0449
vn 0.1858 0.9642 -0.1891
vn 0.1684 0.9773 -0.1288
vn 0.3584 0.9279 -0.1031
vn 0.0067 0.9866 -0.1627
vn 0.0092 0.9792 -0.2028
vn 0.0196 0.9998 -0.0062
vn -0.0361 0.9991 0.0206
vn 0.0967 0.9939 0.0531
vn -0.1599 0.9730 -0.1667
vn -0.0828 0.9951 -0.0535
vn 0.0002 0.9912 0.1322
vn -0.1804 0.9698 -0.1639
vn -0.3640 0.9287 -0.0706
vn -0.2727 0.9567 -0.1016
vn -0.2510 0.9680 -0.0063
vn -0.5890 0.8043 0.0784
vn -0.5207 0.8533 0.0283
vn -0.4717 0.8801 0.0542
vn -0.5261 0.8500 -0.0260
vn -0.3958 0.8989 -0.1878
vn -0.2344 0.9400 -0.2478
vn -0.2547 0.9077 -0.3334
vn -0.7047 0.6644 -0.2488
vn -0.7674 0.6279 -0.1297
vn -0.9478 0.3166 -0.0382
vn -0.8979 0.3855 -0.2127
vn -0.9695 0.2283 -0.0893
vn -0.9609 0.1840 -0.2067
vn -0.9723 -0.1430 0.1849
vn -0.9997 -0.0172 0.0166
vn -0.9638 -0.2666 -0.0029
vn -0.9963 0.0816 0.0284
vn -0.9676 -0.1647 0.1914
vn -0.8287 -0.5526 -0.0886
vn -0.8790 -0.4660 0.1009
vn -0.7628 -0.6435 0.0640
vn -0.9446 -0.2963 0.1413
vn -0.6295 -0.7463 -0.2161
vn -0.6992 -0.6870 0.1980
vn -0.7710 -0.6341 0.0587
vn -0.8762 -0.4519 0.1676
vn -0.8134 -0.5441 0.2059
vn -0.9355 -0.3503 0.0463
vn -0.9349 -0.3097 0.1733
vn -0.9339 -0.3132 0.1724
vn -0.5552 -0.2311 0.7990
vn -0.4687 -0.1591 0.8689
vn -0.4230 -0.1822 0.8877
vn -0.4997 -0.4157 0.7599
vn -0.4481 -0.5835 0.6773
vn -0.3782 -0.5358 0.7549
vn -0.6675 -0.6885 0.2836
vn -0.8352 -0.4604 0.3007
vn -0.9149 -0.1979 0.3518
vn -0.9736 -0.1279 0.1888
vn -0.9060 -0.3984 0.1431
vn -0.6331 -0.3593 -0.6856
vn -0.7214 -0.2063 -0.6610
vn -0.7905 -0.5964 0.1396
vn -0.6283 -0.7606 0.1632
vn -0.5298 -0.7974 0.2888
vn -0.2666 -0.9517 0.1522
vn -0.1526 -0.9632 0.2214
vn -0.5246 -0.4866 -0.6986
vn -0.0131 -0.9698 0.2437
vn 0.1053 -0.9896 0.0979
vn -0.0656 -0.9927 0.1011
vn -0.0797 -0.9967 0.0139
vn -0.3880 -0.9002 0.1977
vn -0.4880 -0.7931 0.3644
vn -0.5339 -0.8270 0.1761
vn -0.2066 -0.9781 -0.0253
vn 0.0068 -0.9984 -0.0555
vn 0.0726 -0.9925 -0.0979
vn -0.2484 -0.9686 -0.0049
vn 0.0342 -0.9988 -0.0343
vn 0.1401 -0.9876 -0.0714
vn 0.1018 -0.9872 -0.1227
vn 0.0448 -0.9984 -0.0337
vn 0.3207 -0.9455 -0.0559
vn 0.1422 -0.9898 -0.0121
vn 0.4283 -0.9023 -0.0493
vn 0.5989 -0.8007 0.0105
vn 0.5558 -0.8229 0.1177
vn 0.1794 -0.9837 0.0127
vn 0.1862 -0.9677 0.1701
vn 0.3032 -0.8892 0.3427
vn 0.0909 -0.9887 0.1188
vn 0.1902 -0.9541 0.2315
vn 0.0104 -0.9949 0.1006
vn 0.0474 -0.9736 0.2233
vn 0.0316 -0.9699 0.2414
vn -0.0038 -0.9951 0.0991
vn 0.0087 -0.9684 0.2494
vn 0.0795 -0.9776 0.1949
vn -0.0277 -0.9806 0.1942
vn 0.0927 -0.9872 0.1301
vn 0.0686 -0.6904 -0.7202
vn 0.0778 -0.6702 -0.7381
vn 0.2347 -0.9700 0.0630
vn 0.0929 -0.6752 -0.7318
vn -0.0942 0.3703 -0.9241
vn -0.0474 0.3280 -0.9435
vn -0.0347 0.3203 -0.9467
vn 0.2671 -0.6527 -0.7090
vn -0.0368 0.0650 -0.9972
vn -0.1157 0.0975 -0.9885
vn -0.1143 0.0447 -0.9924
vn -0.1331 0.1081 -0.9852
vn 0.1022 0.3346 -0.9368
vn 0.1742 0.2472 -0.9532
vn 0.0462 0.2467 -0.9680
vn 0.0394 0.3458 -0.9375
vn 0.2082 0.1805 -0.9613
vn 0.1923 0.1540 -0.9692
vn -0.1624 -0.3446 -0.9246
vn -0.1683 -0.2374 -0.9567
vn -0.0824 -0.3732 -0.9241
vn -0.0156 -0.3399 -0.9403
vn -0.0569 0.3941 -0.9173
vn 0.0379 -0.3624 -0.9313
vn 0.1325 -0.3410 -0.9307
vn -0.1570 -0.0882 -0.9837
vn -0.1374 0.0310 -0.9900
vn -0.1118 0.2677 -0.9570
vn -0.1252 0.1021 -0.9869
vn 0.7994 0.0883 -0.5943
vn 0.7718 0.4027 -0.4922
vn 0.6174 0.4613 -0.6372
vn 0.8014 0.5846 0.1267
vn 0.4154 0.5887 -0.6935
vn 0.7681 0.5326 0.3555
vn 0.8262 0.4182 0.3775
vn 0.5338 0.7929 0.2939
vn 0.5432 0.8315 0.1163
vn 0.8339 0.5334 0.1417
vn 0.9344 0.3119 0.1721
vn 0.8828 0.2690 0.3852
vn 0.9357 -0.0198 0.3523
vn 0.9937 -0.0744 0.0836
vn 0.9321 -0.2358 0.2750
vn 0.8794 -0.4409 0.1797
vn 0.9497 -0.3091 0.0496
vn 0.8824 -0.1658 -0.4404
vn 0.9155 -0.3918 0.0916
vn 0.8301 -0.5458 0.1143
vn 0.8605 -0.3229 -0.3940
vn 0.7085 -0.6740 0.2092
vn 0.5801 -0.8070 0.1107
vn 0.3014 -0.3679 0.8797
vn 0.3567 -0.7086 0.6088
vn 0.4728 -0.8579 0.2013
vn 0.6906 -0.4240 -0.5859
vn 0.3397 -0.9183 0.2035
vn 0.4363 -0.8926 0.1137
vn 0.5308 -0.6639 -0.5268
vn 0.4272 -0.4643 0.7759
vn 0.7365 -0.6613 0.1423
vn 0.7851 -0.6181 0.0394
vn 0.6041 -0.7926 -0.0825
vn 0.5035 -0.2309 0.8326
vn 0.6327 -0.0788 0.7704
vn 0.8102 0.1608 0.5637
vn 0.7858 0.1710 0.5943
vn 0.7783 0.4941 0.3875
vn 0.5823 0.7460 0.3230
vn 0.4544 0.8902 0.0336
vn 0.3746 0.8933 0.2484
vn 0.2463 0.9684 0.0401
vn 0.1506 0.9844 0.0907
vn -0.0109 0.9939 -0.1101
vn -0.0634 0.9957 -0.0668
vn -0.0551 0.9798 0.1921
vn 0.1432 0.9781 0.1511
vn 0.3111 0.9282 0.2040
vn 0.1342 0.9797 0.1492
vn 0.2961 0.9459 0.1329
vn 0.2108 0.6692 -0.7126
vn 0.0738 0.7401 -0.6685
vn -0.0127 0.9882 0.1527
vn -0.0298 0.7892 -0.6134
vn -0.1097 0.7640 -0.6358
vn -0.1591 0.9695 0.1863
vn -0.2265 0.7156 -0.6608
vn -0.3075 0.9243 0.2261
vn -0.3182 0.9087 0.2702
vn -0.1744 0.9841 -0.0325
vn -0.2885 0.9555 -0.0612
vn -0.2113 0.9448 0.2503
vn -0.2951 0.9521 -0.0805
vn -0.3534 0.9073 0.2279
vn -0.1681 0.9857 -0.0102
vn -0.0453 -0.5647 -0.8241
vn -0.0880 -0.9880 0.1273
vn -0.1171 -0.6977 -0.7067
vn -0.2550 -0.6069 -0.7527
vn 0.0052 -0.9932 0.1161
vn -0.9761 -0.1276 -0.1760
vn -0.9606 -0.1613 -0.2262
vn -0.9006 0.2234 -0.3728
vn -0.9866 0.0623 -0.1510
vn -0.8535 0.4383 -0.2818
vn -0.7150 0.6108 -0.3402
vn -0.4769 0.8041 -0.3548
vn -0.9366 0.3479 -0.0413
vn -0.7846 0.4355 -0.4413
vn -0.9594 0.2217 -0.1742
vn -0.2252 0.9602 -0.1653
vn -0.3854 0.8654 -0.3203
vn -0.3477 0.9220 -0.1701
vn -0.7593 0.6061 -0.2368
vn -0.2953 0.9409 -0.1658
vn -0.5407 0.7277 -0.4221
vn 0.4134 0.9038 0.1108
vn -0.2543 0.9363 -0.2424
vn -0.1504 0.9804 -0.1274
vn -0.3842 0.9224 0.0408
vn -0.2845 0.9502 0.1273
vn -0.3807 0.9244 0.0245
vn -0.6659 0.6802 0.3065
vn -0.5939 0.7138 0.3712
vn -0.4666 0.7318 0.4967
vn -0.1126 0.9619 0.2493
vn -0.7139 0.3606 0.6002
vn -0.5853 0.3504 0.7312
vn -0.2229 0.7413 0.6331
vn -0.6098 0.0363 0.7917
vn -0.6508 -0.3205 0.6883
vn -0.4648 -0.2950 0.8348
vn -0.7341 0.0514 0.6771
vn -0.8003 0.3519 0.4854
vn -0.8428 0.0613 0.5347
vn -0.9681 0.0127 0.2503
vn -0.9245 -0.3540 0.1414
vn -0.8148 -0.3005 0.4958
vn -0.7342 -0.6218 0.2728
vn -0.5310 -0.7207 0.4457
vn -0.4418 -0.8970 0.0152
vn -0.9342 -0.2694 0.2339
vn -0.8215 -0.5603 0.1058
vn -0.1833 -0.9146 -0.3604
vn -0.5226 -0.8232 -0.2221
vn 0.3190 -0.9444 0.0796
vn 0.1709 -0.9834 0.0605
vn -0.2852 -0.9566 -0.0589
vn -0.2965 -0.9537 -0.0497
vn 0.4636 -0.8531 0.2392
vn 0.1235 -0.9923 -0.0029
vn -0.3062 -0.9502 -0.0578
vn -0.6857 -0.7273 -0.0286
vn -0.7041 -0.7043 -0.0908
vn 0.0937 -0.9940 -0.0558
vn -0.2216 -0.7030 -0.6758
vn 0.0732 -0.7138 -0.6965
vn -0.0344 0.6319 -0.7743
vn -0.5696 -0.5550 -0.6062
vn 0.1676 0.5886 -0.7909
vn 0.2223 0.8862 -0.4065
vn 0.3010 -0.6503 -0.6975
vn -0.1434 0.9000 -0.4117
vn -0.2562 0.8731 -0.4148
vn -0.1112 0.6358 -0.7638
vn 0.3938 -0.9192 -0.0064
vn 0.4093 -0.5827 -0.7021
vn 0.4662 -0.8837 0.0416
vn 0.5509 -0.8335 0.0420
vn 0.6560 -0.7523 0.0606
vn 0.8561 -0.2525 0.4510
vn 0.8616 -0.4228 0.2810
vn 0.9968 -0.0507 0.0616
vn 0.9628 -0.0613 0.2631
vn 0.6548 0.2070 0.7269
vn 0.7839 -0.6170 0.0696
vn 0.5339 0.1831 0.8255
vn 0.9839 0.1469 0.1019
vn 0.6172 -0.3245 0.7168
vn 0.9308 -0.3536 0.0924
vn 0.7932 0.2081 0.5723
vn 0.4763 -0.1783 0.8610
vn 0.5124 -0.2675 0.8160
vn -0.3368 -0.3136 0.8878
vn 0.7247 0.5812 0.3701
vn 0.8979 0.4385 0.0396
vn 0.7338 0.6778 0.0458
vn 0.6461 0.5375 0.5420
vn 0.5072 0.8618 -0.0098
vn 0.4787 0.8780 0.0028
vn 0.9335 0.3516 0.0707
vn 0.4643 0.8850 -0.0342
vn 0.7751 0.6292 0.0574
vn 0.1215 0.9874 -0.1011
vn 0.3208 0.6252 -0.7115
vn 0.5025 0.4909 -0.7117
vn -0.6413 -0.1175 -0.7582
vn -0.5566 -0.4400 -0.7047
vn -0.3175 -0.6030 -0.7318
vn 0.8342 0.2524 -0.4903
vn 0.1058 0.6595 -0.7442
vn -0.6542 -0.5913 -0.4717
vn -0.3831 -0.8213 -0.4227
vn -0.0454 -0.6957 -0.7169
vn -0.3067 0.9428 -0.1306
vn -0.1976 0.6686 -0.7169
vn 0.1846 -0.6172 -0.7649
vn -0.4666 0.5126 -0.7208
vn -0.6960 0.7068 -0.1265
vn 0.6013 -0.2498 -0.7590
vn 0.4492 -0.5366 -0.7143
vn -0.6280 0.3683 -0.6856
vn 0.2553 -0.8869 -0.3850
vn 0.6099 -0.6981 -0.3750
vn 0.8494 -0.3598 -0.3860
vn 0.0133 0.0516 -0.9986
vn 0.6392 0.6441 -0.4203
vn 0.8646 0.2977 -0.4047
vn 0.9173 -0.0011 -0.3982
vn -0.7406 0.4662 -0.4840
vn -0.4164 0.7872 -0.4549
vn -0.1175 -0.9041 -0.4109
vn -0.8583 -0.1992 -0.4729
vn -0.8694 0.0956 -0.4847
vn -0.5150 0.4197 -0.7474
vn -0.5917 0.1508 -0.7919
vn -0.2915 0.6445 -0.7069
vn 0.7345 -0.1177 -0.6683
vn 0.5476 -0.4399 -0.7118
vn 0.3726 0.4018 -0.8365
vn 0.4937 0.1685 -0.8532
vn -0.7790 -0.2610 -0.5701
vn 0.5852 -0.0108 -0.8108
vn -0.7814 0.0931 -0.6170
vn -0.9993 0.0159 -0.0345
vn -0.9190 0.3844 -0.0879
vn -0.7136 0.6920 -0.1092
vn -0.9315 0.3430 -0.1208
vn -0.7056 0.7018 -0.0983
vn -0.9119 0.3919 -0.1217
vn -0.9912 -0.0223 -0.1307
vn -0.9239 -0.3824 -0.0155
vn -0.9171 -0.3829 -0.1111
vn -0.9277 -0.3409 -0.1524
vn -0.9927 0.0325 -0.1160
vn -0.9824 -0.1517 0.1089
vn -0.9484 0.3167 -0.0143
vn -0.9965 0.0739 0.0398
vn -0.9657 0.2314 0.1182
vn -0.9891 0.0301 0.1444
vn -0.8539 0.5204 -0.0058
vn -0.9249 0.2883 0.2479
vn -0.7879 0.5921 -0.1691
vn -0.5095 0.8536 -0.1085
vn 0.1238 0.9908 0.0539
vn 0.1252 0.9900 -0.0656
vn -0.3824 0.9183 -0.1023
vn -0.3314 0.9379 -0.1029
vn 0.1407 0.9884 -0.0566
vn -0.6888 -0.7062 -0.1636
vn -0.8119 0.5257 0.2538
vn -0.9885 -0.0101 0.1506
vn -0.8016 -0.1646 -0.5748
vn -0.9945 -0.0101 -0.1043
vn -0.9087 -0.3041 -0.2860
vn -0.9905 -0.0963 -0.0983
vn -0.8228 0.0209 0.5680
vn -0.4632 -0.1618 -0.8714
vn 0.6485 -0.4114 0.6404
vn 0.3125 -0.9124 -0.2644
vn -0.7330 -0.5210 -0.4374
vn -0.0329 0.7860 0.6174
vn -0.0262 0.9640 0.2646
vn -0.1808 0.9834 -0.0153
vn -0.1174 0.9922 0.0416
vn 0.0063 0.9574 0.2886
vn -0.0255 0.9971 0.0714
vn 0.0568 0.9948 0.0845
vn -0.0623 0.9910 -0.1183
vn -0.0170 0.9981 -0.0588
vn -0.0073 0.9954 0.0950
vn 0.0211 0.9965 -0.0807
vn 0.0644 0.9564 0.2850
vn -0.0451 0.9820 -0.1836
vn -0.0904 0.9711 -0.2207
vn -0.0159 0.9866 -0.1625
vn -0.0092 0.9810 -0.1937
vn -0.1225 0.9700 -0.2102
vn 0.1203 0.9652 -0.2322
vn 0.0404 0.9806 -0.1918
vn -0.0180 0.9966 -0.0799
vn 0.1187 0.9628 -0.2428
vn -0.0552 0.9945 0.0890
vn 0.0644 0.9904 -0.1222
vn 0.1348 0.9909 0.0026
vn 0.2594 0.9487 -0.1807
vn 0.0143 0.9980 0.0620
vn 0.3602 0.8877 -0.2868
vn 0.6112 0.7488 -0.2563
vn 0.5697 0.7561 -0.3221
vn 0.8550 0.4737 -0.2110
vn 0.1895 0.9347 -0.3006
vn 0.2900 0.9507 -0.1098
vn 0.4681 0.7548 -0.4595
vn -0.7123 0.6559 0.2499
vn 0.9057 0.3890 0.1685
vn 0.2481 0.9277 -0.2791
vn 0.7593 0.2787 -0.5880
vn 0.8335 0.1933 -0.5176
vn 0.9980 0.0279 -0.0559
vn 0.9813 0.1614 -0.1048
vn 0.9451 0.0844 -0.3158
vn 0.9842 0.0083 0.1767
vn -0.7166 -0.1310 0.6850
vn -0.1224 -0.3416 -0.9318
vn -0.2681 -0.1510 0.9515
vn -0.2813 -0.0906 0.9553
vn -0.7252 0.5893 0.3560
vn -0.6018 0.4293 0.6734
vn -0.2582 0.8901 0.3756
vn -0.5233 0.8520 0.0190
vn -0.1455 0.9893 -0.0073
vn 0.3383 0.9349 -0.1074
vn 0.3135 0.9477 -0.0600
vn 0.3060 0.9482 -0.0856
vn -0.1508 0.9868 -0.0592
vn -0.4818 0.8759 -0.0270
vn 0.7153 0.6901 -0.1102
vn 0.9428 0.2809 -0.1795
vn 0.9366 0.3322 -0.1115
vn 0.9342 0.3490 -0.0740
vn 0.8022 0.5951 -0.0481
vn 0.7121 0.6963 -0.0897
vn 0.9976 0.0252 -0.0649
vn 0.9235 0.3716 -0.0950
vn 0.9955 0.0386 -0.0865
vn 0.9916 0.0809 -0.1006
vn 0.9529 -0.2893 -0.0908
vn 0.9557 -0.2553 -0.1468
vn 0.9821 -0.1643 -0.0924
vn 0.9933 0.0875 -0.0753
vn 0.7153 -0.6938 -0.0835
vn 0.8231 -0.5406 -0.1737
vn 0.6780 -0.7138 -0.1756
vn 0.2957 -0.9547 -0.0325
vn 0.2658 -0.9631 -0.0419
vn 0.7054 -0.7055 -0.0689
vn 0.9482 -0.3109 -0.0652
vn -0.2017 -0.9759 0.0832
vn 0.3345 -0.9421 -0.0212
vn -0.2756 -0.9606 0.0361
vn 0.3315 -0.9395 -0.0865
vn -0.1799 -0.9819 -0.0599
vn 0.8273 -0.5258 0.1978
vn 0.6540 -0.7431 -0.1414
vn 0.3213 -0.9101 -0.2616
vn 0.5036 -0.8592 0.0903
vn 0.5227 -0.8423 0.1319
vn 0.6590 -0.6359 0.4016
vn 0.5908 -0.6681 0.4523
vn 0.7075 -0.2786 0.6494
vn 0.7956 -0.2299 0.5605
vn 0.9375 -0.1927 0.2899
vn 0.9566 0.0588 0.2854
vn 0.9012 0.3805 0.2073
vn 0.8167 0.0497 0.5750
vn 0.8092 0.3733 0.4537
vn 0.6006 0.7104 0.3669
vn 0.7530 0.3252 0.5721
vn 0.7719 0.0271 0.6352
vn 0.7305 0.6537 0.1976
vn 0.4380 0.8989 -0.0130
vn 0.1053 0.9676 -0.2295
vn 0.3794 0.9247 0.0304
vn 0.2479 0.9523 0.1782
vn 0.0441 0.9652 0.2578
vn 0.3594 0.7312 0.5798
vn 0.0966 0.7664 0.6350
vn -0.0246 0.9598 0.2798
vn -0.0074 0.8306 0.5568
vn -0.0577 0.8714 0.4871
vn -0.0699 0.9579 0.2784
vn -0.0017 0.9609 0.2770
vn -0.0101 0.8851 0.4653
vn 0.0503 0.8731 0.4849
vn 0.0037 0.8416 0.5401
vn 0.5108 0.3152 0.7999
vn 0.4616 -0.3431 0.8181
vn 0.3279 -0.6963 0.6385
vn 0.1079 -0.8410 0.5301
vn 0.2565 -0.8648 0.4316
vn 0.1150 -0.7187 0.6857
vn 0.1019 -0.7046 0.7022
vn -0.3430 -0.5152 0.7855
vn -0.9168 0.1982 0.3466
vn -0.8804 0.0884 0.4660
vn -0.7905 0.1848 0.5839
vn -0.6670 0.2737 0.6930
vn 0.1751 -0.8646 0.4710
vn -0.5711 -0.4408 0.6925
vn -0.5372 -0.8033 0.2570
vn -0.5160 0.1353 0.8459
vn -0.9583 0.1735 0.2269
vn -0.6414 -0.1469 0.7530
vn -0.8495 -0.3654 0.3805
vn -0.7394 -0.6496 0.1767
vn -0.7333 -0.6321 0.2504
vn -0.6642 -0.7418 0.0926
vn -0.5733 -0.8158 0.0758
vn -0.9587 -0.2721 0.0823
vn -0.7564 -0.6454 0.1059
vn -0.9200 -0.3115 0.2377
vn -0.9697 0.2442 0.0085
vn -0.6825 0.1408 -0.7172
vn -0.6675 -0.2412 -0.7044
vn -0.7886 0.6145 -0.0207
vn -0.9747 0.2167 0.0550
vn -0.6867 -0.4294 0.5866
vn -0.8822 0.1379 0.4502
vn -0.7536 0.6573 -0.0120
vn -0.5271 0.8489 -0.0401
vn -0.4255 0.6458 -0.6339
vn -0.5906 0.4100 -0.6950
vn -0.1564 0.9837 -0.0892
vn 0.5049 -0.3787 -0.7757
vn 0.8412 -0.1515 -0.5191
vn 0.7203 -0.4975 -0.4833
vn 0.6021 -0.1139 -0.7903
vn 0.8393 0.1297 -0.5280
vn 0.5866 0.1347 -0.7986
vn 0.7437 0.4099 -0.5281
vn 0.0612 0.0129 -0.9980
vn 0.5341 0.6743 -0.5099
vn 0.1050 0.8459 -0.5228
vn 0.3384 0.7940 -0.5051
vn -0.2213 0.8206 -0.5270
vn -0.1523 -0.8886 -0.4328
vn -0.5587 -0.7015 -0.4425
vn -0.8314 -0.3413 -0.4384
vn -0.8842 -0.0260 -0.4665
vn 0.1675 -0.8752 -0.4538
vn 0.4887 -0.7489 -0.4476
vn -0.8227 0.2903 -0.4888
vn -0.5935 0.6124 -0.5223
vn 0.4920 0.3489 -0.7977
vn -0.4960 -0.5696 -0.6553
vn -0.5669 -0.4767 -0.6718
vn 0.2620 0.9565 -0.1281
vn 0.6742 0.7272 -0.1290
vn -0.1738 -0.9847 0.0098
vn -0.5073 -0.8615 0.0202
vn -0.1443 -0.9892 -0.0248
vn 0.2567 -0.9654 -0.0471
vn 0.3367 -0.2807 -0.8988
vn -0.1209 0.9615 -0.2467
vn -0.3449 0.8902 -0.2976
vn -0.3134 0.9155 -0.2522
vn 0.0061 -0.9836 -0.1802
vn 0.0437 -0.9983 -0.0384
vn 0.0630 -0.9966 0.0523
vn -0.4723 -0.8197 -0.3240
vn 0.0146 -0.9717 -0.2357
vn 0.0630 -0.9979 -0.0134
vn 0.2553 -0.9576 -0.1335
vn 0.1763 -0.9825 -0.0596
vn 0.0343 -0.7349 -0.6773
vn 0.0581 -0.9978 -0.0324
vn -0.1222 -0.9883 -0.0915
vn 0.1938 -0.9807 0.0270
vn -0.1204 -0.9885 0.0916
vn 0.0640 -0.9976 0.0268
vn -0.0912 -0.9731 0.2116
vn 0.2840 -0.9579 0.0424
vn 0.1228 -0.9800 0.1565
vn -0.0712 -0.9801 0.1851
vn 0.2033 -0.9711 0.1253
vn 0.0753 -0.9533 0.2926
vn -0.0331 -0.9911 0.1286
vn 0.0513 -0.9762 0.2107
vn 0.0910 -0.9692 0.2288
vn 0.0856 -0.9731 0.2138
vn 0.0845 -0.9771 0.1951
vn 0.2319 -0.9719 -0.0406
vn 0.1800 -0.9833 0.0260
vn 0.1571 -0.9642 0.2136
vn 0.3659 -0.8605 0.3544
vn 0.7694 -0.4389 0.4640
vn 0.5111 -0.3716 0.7750
vn 0.4008 -0.8742 0.2740
vn 0.2731 -0.5625 0.7804
vn -0.0743 -0.1184 0.9902
vn -0.1482 -0.1568 0.9764
vn 0.5381 -0.1740 0.8247
vn -0.2368 -0.2370 0.9422
vn 0.4604 0.0101 0.8876
vn 0.8972 -0.0625 0.4372
vn 0.8665 0.2512 0.4314
vn 0.8094 -0.4613 0.3635
vn 0.8887 -0.1143 0.4441
vn 0.3447 0.2084 0.9153
vn 0.6728 0.5614 0.4818
vn 0.6046 0.5886 0.5367
vn 0.8360 0.2762 0.4742
vn -0.0768 -0.4080 0.9098
vn 0.2118 0.3412 0.9158
vn -0.1975 -0.3281 0.9238
vn -0.0135 -0.3372 0.9413
vn -0.0042 -0.4086 0.9127
vn 0.0775 0.4459 0.8917
vn 0.0194 -0.3604 0.9326
vn 0.0035 -0.3294 0.9442
vn 0.0168 -0.3729 0.9277
vn 0.0001 -0.3585 0.9335
vn -0.0218 0.5615 0.8272
vn 0.0373 -0.3338 0.9419
vn -0.0030 -0.1914 0.9815
vn 0.0502 -0.3638 0.9301
vn 0.0947 -0.3955 0.9136
vn 0.1214 -0.2853 0.9507
vn 0.1660 -0.1997 0.9657
vn 0.1545 -0.1188 0.9808
vn 0.1629 -0.0968 0.9819
vn 0.1760 -0.0694 0.9819
vn 0.2114 -0.1551 0.9650
vn -0.5227 -0.1963 0.8296
vn -0.4501 -0.3861 0.8052
vn -0.9116 -0.0850 0.4022
vn 0.1690 0.0527 0.9842
vn -0.3198 -0.6307 0.7070
vn -0.7632 -0.4610 0.4528
vn -0.4483 -0.8336 0.3226
vn -0.4930 -0.7717 0.4018
vn -0.8075 -0.4400 0.3929
vn -0.8921 -0.0597 0.4478
vn -0.3713 -0.9087 0.1909
vn -0.2713 -0.9147 0.2994
vn -0.2349 -0.9425 0.2378
vn -0.0365 -0.9859 0.1632
vn -0.0676 -0.7568 0.6501
vn 0.0552 -0.9558 0.2887
vn -0.0241 -0.9975 0.0665
vn 0.0007 -0.7232 0.6906
vn -0.0042 -0.7188 0.6952
vn 0.0068 -0.9799 0.1994
vn -0.2833 -0.9562 0.0737
vn 0.0483 -0.9715 0.2320
vn -0.2129 -0.9758 -0.0508
vn -0.3891 -0.9212 0.0061
vn -0.3622 -0.9303 -0.0576
vn -0.1829 -0.9769 0.1109
vn -0.4878 -0.8722 0.0355
vn -0.6763 -0.7351 0.0476
vn -0.6519 -0.7518 0.0997
vn -0.0109 -0.9886 0.1501
vn -0.0780 -0.9908 0.1101
vn -0.1301 -0.9872 -0.0921
vn -0.6407 -0.7658 0.0558
vn -0.9275 -0.3612 0.0967
vn -0.9217 -0.3690 0.1195
vn -0.9945 0.0742 0.0744
vn -0.9157 -0.3936 0.0804
vn -0.8985 -0.4232 0.1170
vn -0.9904 0.0919 0.1031
vn -0.9935 0.0663 0.0927
vn -0.8778 0.4735 0.0730
vn -0.9064 0.4155 0.0760
vn -0.8445 0.5340 0.0397
vn -0.4729 0.8802 -0.0387
vn -0.6506 0.7593 0.0099
vn -0.5260 0.8504 -0.0098
vn -0.0091 0.9965 -0.0826
vn -0.1805 0.9790 -0.0944
vn 0.3952 0.9095 -0.1292
vn 0.0610 0.9728 -0.2236
vn -0.1503 0.9865 -0.0644
vn -0.3920 0.9199 -0.0104
vn -0.4124 0.8962 0.1633
vn -0.0517 0.9881 0.1446
vn -0.3950 0.8099 0.4336
vn -0.0671 0.8996 0.4316
vn -0.3438 0.7828 0.5187
vn -0.0945 0.8593 0.5027
vn -0.3568 0.8483 0.3911
vn -0.1294 0.9254 0.3561
vn -0.2284 0.4354 0.8708
vn -0.0869 0.5754 0.8133
vn -0.0553 0.9247 0.3768
vn -0.0817 0.8680 0.4898
vn 0.1224 0.8754 0.4676
vn 0.0712 0.8320 0.5502
vn 0.1823 0.8901 0.4176
vn 0.0212 0.9252 0.3789
vn 0.1715 0.8008 0.5738
vn 0.3419 0.7126 0.6126
vn 0.3400 0.7664 0.5450
vn 0.4709 0.6430 0.6040
vn 0.5600 0.7347 0.3828
vn 0.4224 0.8018 0.4228
vn 0.7337 0.6125 0.2941
vn 0.6400 0.7613 0.1039
vn 0.2037 0.9670 0.1529
vn 0.4833 0.8612 0.1575
vn -0.1034 0.9876 -0.1179
vn -0.0160 0.9935 0.1125
vn 0.1943 0.9809 0.0033
vn -0.1042 0.9830 -0.1510
vn 0.5381 0.8429 0.0041
vn -0.3879 0.8619 -0.3265
vn -0.4076 0.8931 -0.1901
vn 0.4213 0.9037 -0.0758
vn 0.2360 0.9689 -0.0749
vn 0.7796 0.6259 0.0221
vn 0.7263 0.6868 0.0296
vn 0.9154 0.3974 0.0644
vn 0.9013 0.4321 -0.0323
vn 0.7925 0.6099 -0.0068
vn 0.8538 0.5207 0.0015
vn 0.8117 0.5691 0.1312
vn 0.9921 0.1232 0.0240
vn 0.8613 0.4682 0.1972
vn 0.9718 0.2357 0.0004
vn 0.8794 0.4348 0.1938
vn 0.9686 -0.1044 0.2257
vn 0.9997 -0.0239 0.0032
vn 0.9625 -0.2635 0.0644
vn 0.9424 -0.3221 0.0905
vn 0.6417 -0.7591 0.1096
vn 0.9092 -0.4073 0.0868
vn 0.6569 -0.7483 0.0926
vn -0.0097 -0.9827 0.1851
vn 0.2177 -0.9691 0.1158
vn 0.6510 -0.7564 0.0638
vn 0.5737 -0.8158 0.0734
vn 0.7612 -0.6389 0.1111
vn 0.9416 -0.3236 0.0933
vn 0.9281 -0.2874 0.2367
vn 0.2524 -0.9642 0.0815
vn 0.1074 -0.9942 -0.0040
vn 0.2244 -0.9731 -0.0525
vn 0.6599 -0.7490 0.0598
vn 0.0316 -0.9933 -0.1114
vn 0.6622 -0.7484 -0.0370
vn 0.9398 -0.3220 0.1143
vn -0.6605 -0.7459 -0.0859
vn 0.0451 -0.9762 -0.2123
vn 0.6525 -0.7408 -0.1599
vn -0.6088 -0.7856 -0.1100
vn -0.5570 -0.8235 -0.1077
vn 0.0574 -0.9762 -0.2089
vn -0.9469 -0.3212 -0.0157
vn -0.9690 -0.2408 -0.0550
vn -0.5332 -0.4068 -0.7418
vn -0.7259 -0.1621 -0.6684
vn -0.4503 -0.6173 -0.6451
vn -0.1089 -0.6723 -0.7322
vn -0.6883 0.1272 -0.7142
vn -0.9852 0.1335 -0.1073
vn -0.3188 0.4191 -0.8501
vn 0.4530 -0.4000 -0.7967
vn -0.6003 0.1801 -0.7792
vn -0.6132 0.0257 -0.7895
vn -0.4345 0.6363 -0.6375
vn -0.5763 0.6274 -0.5237
vn -0.8639 0.5036 -0.0113
vn -0.5574 0.8302 0.0083
vn -0.9595 0.2720 -0.0727
vn -0.8047 0.5433 -0.2392
vn -0.5716 0.7961 -0.1989
vn -0.4207 0.5040 -0.7543
vn -0.3139 0.7708 -0.5544
vn -0.6035 0.7706 -0.2047
vn -0.0732 0.9893 -0.1260
vn -0.0080 0.7196 -0.6943
vn -0.2232 0.5731 -0.7885
vn -0.0096 0.9960 -0.0891
vn 0.4043 0.9138 -0.0390
vn 0.1248 0.5650 -0.8156
vn 0.6394 0.4411 -0.6298
vn 0.6247 0.2150 -0.7507
vn -0.0228 0.7072 -0.7067
vn 0.3053 0.7374 -0.6026
vn 0.8954 0.4425 -0.0493
vn 0.9854 0.1614 -0.0541
vn 0.6288 0.2570 -0.7338
vn 0.7679 0.2045 -0.6071
vn 0.6117 -0.1736 -0.7718
vn 0.9350 -0.3390 -0.1046
vn 0.9481 -0.3090 -0.0749
vn 0.9884 0.1488 0.0292
vn 0.8982 0.4370 0.0485
vn 0.9096 0.4108 0.0618
vn 0.9118 0.3994 0.0957
vn 0.9793 0.1852 0.0815
vn 0.9808 0.1656 0.1034
vn 0.9533 -0.3005 0.0312
vn 0.5677 0.8231 -0.0153
vn 0.6437 0.7652 0.0070
vn -0.1170 0.9884 -0.0973
vn -0.7808 0.6058 -0.1532
vn -0.9791 0.1652 -0.1184
vn -0.8159 0.5005 -0.2895
vn -0.7685 0.5960 -0.2329
vn -0.9647 0.1260 -0.2313
vn 0.0578 0.9078 -0.4155
vn 0.0541 0.7864 -0.6153
vn 0.6008 0.7316 -0.3222
vn -0.0192 0.4040 -0.9145
vn 0.1333 0.9189 -0.3713
vn 0.7832 0.6171 -0.0761
vn 0.9329 0.3394 -0.1203
vn 0.9513 0.2120 -0.2239
vn 0.0123 -0.3120 -0.9500
vn 0.8687 -0.2641 -0.4191
vn 0.9437 -0.3233 -0.0701
vn 0.9460 0.2998 -0.1235
vn 0.9801 0.1919 -0.0502
vn 0.8797 -0.4709 -0.0665
vn 0.6190 -0.7768 -0.1157
vn 0.5625 -0.8102 -0.1650
vn 0.4680 -0.8078 -0.3585
vn -0.0221 -0.9978 -0.0627
vn -0.6370 -0.7698 -0.0399
vn 0.0016 -0.9922 -0.1246
vn -0.6257 -0.7717 -0.1137
vn -0.0010 -0.9794 -0.2021
vn 0.3693 -0.5643 -0.7384
vn 0.2093 -0.5505 -0.8082
vn -0.6153 -0.7776 -0.1292
vn -0.2135 -0.6029 -0.7687
vn -0.0081 -0.7033 -0.7109
vn 0.6823 0.0091 -0.7310
vn 0.4772 -0.4556 -0.7515
vn 0.4749 0.5530 -0.6846
vn 0.4499 0.5256 -0.7220
vn -0.6111 -0.1100 -0.7839
vn -0.5794 0.2227 -0.7840
vn -0.4481 0.6778 -0.5829
vn -0.0724 0.7253 -0.6846
vn -0.5820 0.2057 -0.7867
vn 0.2487 0.6391 -0.7278
vn 0.7071 0.7004 -0.0970
vn 0.1944 0.9760 -0.0984
vn 0.7734 0.6214 -0.1252
vn 0.1944 0.9744 -0.1131
vn -0.4515 0.8922 -0.0126
vn -0.4544 0.8898 -0.0430
vn 0.0767 0.9941 -0.0764
vn 0.5394 0.8369 -0.0931
vn -0.8265 0.5620 0.0329
vn -0.9982 -0.0550 -0.0256
vn -0.8720 0.4892 -0.0182
vn -0.9965 0.0686 0.0483
vn -0.9212 -0.3766 -0.0979
vn -0.7207 0.0802 -0.6886
vn -0.9232 -0.3831 -0.0307
vn -0.6890 -0.2553 -0.6783
vn -0.5584 -0.3485 -0.7529
vn -0.4339 -0.5674 -0.6999
vn -0.9274 -0.3717 0.0413
vn -0.4626 0.5770 -0.6731
vn 0.8966 0.4196 -0.1419
vn 0.9604 0.2767 -0.0337
vn 0.9334 0.3552 -0.0507
vn 0.7333 -0.3555 -0.5795
vn 0.3904 0.4834 -0.7835
vn 0.6707 0.0822 -0.7371
vn 0.4285 0.8044 -0.4114
vn -0.8731 -0.3053 -0.3802
vn -0.9427 -0.3332 -0.0152
vn 0.0106 0.9871 -0.1597
vn 0.0420 0.9906 -0.1304
vn -0.0288 0.9926 0.1177
vn -0.0703 0.9251 0.3731
vn 0.6070 -0.7702 -0.1958
vn 0.4656 -0.5625 -0.6833
vn 0.5783 -0.2707 -0.7696
vn 0.1915 -0.6513 -0.7343
vn 0.0754 -0.6144 -0.7854
vn -0.0468 0.2116 0.9762
vn -0.0281 0.1989 0.9796
vn -0.0031 -0.6871 0.7265
vn -0.1022 0.2250 0.9690
vn 0.0358 -0.6416 0.7662
vn -0.1215 0.0637 0.9905
vn -0.0824 0.0835 0.9931
vn -0.1637 -0.0555 0.9849
vn -0.0463 0.1338 0.9899
vn -0.0438 0.1538 0.9871
vn 0.0298 0.1337 0.9906
vn 0.1102 0.0611 0.9920
vn 0.0260 0.2013 0.9792
vn 0.1177 0.1628 0.9796
vn 0.1595 -0.0580 0.9855
vn -0.1598 -0.1226 0.9795
vn -0.1330 -0.0994 0.9861
vn -0.1452 -0.1434 0.9790
vn -0.1142 -0.2438 0.9631
vn 0.2183 -0.9155 0.3379
vn -0.0083 -0.9953 -0.0962
vn 0.1490 -0.8800 0.4510
vn 0.0585 -0.9711 -0.2313
vn -0.2419 0.0695 -0.9678
vn -0.2266 0.0273 -0.9736
vn -0.1797 0.8894 -0.4204
vn -0.0958 0.8695 -0.4845
vn 0.1584 0.8272 0.5392
vn 0.1052 0.8547 0.5084
vn 0.2293 -0.3465 0.9096
vn 0.3397 -0.2680 0.9016
vn 0.1849 -0.7658 0.6160
vn 0.2422 -0.8931 0.3790
vn 0.1644 -0.8674 0.4696
vn 0.2907 -0.7868 0.5444
vn 0.1979 -0.9091 0.3666
vn 0.2480 -0.8404 0.4819
vn -0.0013 -0.8774 0.4797
vn -0.0415 -0.8711 0.4894
vn -0.0889 -0.9226 0.3753
vn 0.1548 -0.9631 0.2200
vn 0.5283 -0.8491 0.0010
vn 0.0189 -0.8964 -0.4428
vn -0.2498 -0.9577 -0.1431
vn 0.4555 -0.8892 -0.0429
vn 0.6545 0.1772 -0.7350
vn 0.7474 0.2404 -0.6193
vn 0.5581 -0.8248 0.0908
vn 0.8776 0.2194 -0.4263
vn 0.6792 -0.3855 0.6246
vn 0.9419 0.1809 0.2829
vn 0.2345 0.9232 -0.3044
vn 0.0238 -0.1003 0.9947
vn 0.3729 -0.3835 0.8449
vn 0.1420 0.6121 0.7780
vn -0.5798 0.8143 -0.0270
vn -0.7818 -0.2519 0.5704
vn 0.3190 -0.3616 0.8761
vn 0.1724 0.9177 0.3580
vn 0.3373 -0.3860 0.8586
vn 0.5018 0.8143 0.2917
vn -0.1412 -0.8671 0.4777
vn 0.0983 -0.9112 0.4000
vn -0.3444 -0.8571 -0.3831
vn -0.0886 -0.9090 -0.4072
vn -0.0670 -0.8740 -0.4813
vn 0.0767 -0.9010 0.4270
vn 0.2164 -0.9039 0.3690
vn 0.0389 -0.8519 -0.5223
vn -0.1429 0.3577 -0.9228
vn -0.1989 0.2582 -0.9454
vn -0.1085 0.7869 -0.6074
vn -0.2243 0.3968 -0.8901
vn -0.0674 0.8154 -0.5750
vn 0.0640 0.7483 -0.6603
vn -0.0265 0.9122 -0.4089
vn 0.1634 0.8900 -0.4257
vn -0.0506 0.9442 -0.3255
vn -0.1229 0.2504 -0.9603
vn -0.7965 -0.4063 -0.4478
vn 0.2142 -0.1024 -0.9714
vn -0.7292 -0.0310 -0.6836
vn -0.3246 0.1309 -0.9368
vn -0.0331 0.9008 -0.4330
vn -0.2228 0.1407 -0.9647
vn 0.0016 -0.9216 -0.3880
vn -0.1736 0.9015 -0.3965
vn 0.1889 0.9072 0.3759
vn 0.3557 0.8853 0.2996
vn 0.4509 -0.2283 0.8629
vn -0.0729 0.9680 -0.2402
vn -0.0373 0.9479 -0.3165
vn -0.2191 0.9113 -0.3486
vn -0.2023 0.9430 -0.2643
vn 0.0376 0.9344 0.3542
vn 0.1428 0.9367 0.3197
vn 0.2603 -0.2964 0.9189
vn 0.3608 -0.2488 0.8988
vn 0.3734 -0.2237 0.9003
vn 0.0349 0.9554 0.2931
vn 0.0393 0.9697 0.2411
vn 0.2705 -0.1925 0.9433
vn 0.2301 -0.8737 0.4286
vn 0.1491 -0.8390 0.5232
vn -0.0035 -0.9262 -0.3770
vn -0.2843 0.2208 -0.9330
vn -0.2639 0.1257 -0.9563
vn -0.0589 -0.9652 -0.2547
vn -0.1910 0.7345 -0.6512
vn -0.2466 0.7851 -0.5681
vn -0.1558 0.8796 -0.4495
vn -0.1602 0.9038 -0.3968
vn -0.2162 0.8978 -0.3837
vn -0.2072 0.9257 -0.3165
vn -0.2330 0.8497 -0.4730
vn -0.7640 0.1037 0.6368
vn -0.7713 -0.6317 0.0770
vn -0.6766 0.6358 -0.3714
vn -0.3576 -0.5347 0.7657
vn 0.6610 0.0689 0.7473
vn -0.0492 0.9361 -0.3482
vn -0.4992 0.7119 0.4940
vn -0.1612 -0.6448 0.7471
vn 0.2606 -0.5600 0.7864
vn 0.1175 -0.9297 0.3491
vn -0.0961 -0.5340 0.8400
vn 0.2584 -0.9026 0.3443
vn 0.0978 -0.9414 0.3228
vn 0.1337 -0.4174 0.8989
vn -0.0421 0.8456 0.5322
vn -0.3231 0.8022 0.5021
vn -0.1275 0.9456 -0.2993
vn -0.1051 0.9771 -0.1850
vn 0.2414 0.7942 0.5577
vn 0.2691 -0.4288 0.8624
vn 0.0124 -0.9609 0.2766
vn -0.0994 -0.9502 0.2953
vn 0.2944 -0.4242 0.8564
vn -0.4723 -0.7849 -0.4010
vn -0.0179 -0.8201 -0.5720
vn -0.3350 -0.8042 -0.4909
vn 0.3296 -0.7797 -0.5324
vn -0.1038 0.3995 -0.9108
vn 0.1209 0.4624 -0.8784
vn -0.0901 0.8611 -0.5004
vn -0.3367 0.4090 -0.8481
vn -0.0147 0.9676 -0.2522
vn -0.0990 0.8886 -0.4478
vn -0.0795 0.9535 -0.2908
vn -0.0849 0.8837 -0.4602
vn -0.1107 0.9470 -0.3015
vn -0.0982 0.9355 -0.3393
vn -0.0984 0.9549 -0.2802
vn -0.6944 0.6319 -0.3442
vn -0.7119 0.6202 -0.3294
vn -0.7828 -0.5995 -0.1666
vn -0.7525 -0.6586 -0.0050
vn -0.0981 -0.9951 0.0152
vn -0.0241 -0.9330 0.3592
vn -0.0278 -0.9720 0.2333
vn 0.0399 -0.9835 0.1764
vn 0.0892 -0.9227 0.3751
vn 0.0638 -0.5966 0.8000
vn 0.1070 -0.5314 0.8403
vn 0.0989 -0.9450 0.3119
vn 0.0320 -0.9983 0.0485
vn -0.0323 -0.9976 -0.0606
vn 0.0381 -0.9643 0.2621
vn 0.1327 -0.5169 0.8457
vn 0.1040 -0.5399 0.8353
vn -0.1594 -0.9612 0.2251
vn -0.1979 -0.9791 -0.0466
vn -0.0622 -0.5383 0.8405
vn -0.1951 -0.5241 0.8290
vn -0.2801 -0.9380 0.2040
vn -0.2717 -0.9623 0.0090
vn -0.2204 -0.9550 -0.1984
vn -0.2370 -0.5378 -0.8091
vn -0.1606 -0.6461 -0.7462
vn -0.2175 -0.9270 -0.3055
vn -0.1519 -0.9335 -0.3247
vn -0.2996 -0.4374 -0.8479
vn -0.0870 -0.9823 -0.1658
vn -0.0135 -0.9991 -0.0414
vn -0.2381 -0.4656 -0.8524
vn -0.1828 0.6541 -0.7340
vn -0.1454 0.6478 -0.7478
vn -0.0767 -0.5200 -0.8507
vn -0.0328 0.6609 -0.7497
vn -0.1381 -0.5607 -0.8164
vn 0.1425 0.6730 -0.7257
vn -0.5200 -0.1409 -0.8425
vn 0.4622 0.5043 -0.7295
vn -0.1954 0.5268 -0.8272
vn 0.6541 -0.5780 -0.4880
vn 0.2408 0.6199 -0.7468
vn 0.7977 -0.0864 -0.5968
vn 0.8055 -0.5075 0.3059
vn 0.8866 0.4615 0.0300
vn 0.4058 0.6351 0.6572
vn 0.3233 0.9224 -0.2112
vn 0.0079 0.9638 -0.2666
vn -0.0518 0.9723 -0.2281
vn 0.0300 0.7078 0.7058
vn 0.0817 0.7243 0.6846
vn 0.0325 0.6746 0.7374
vn 0.0489 0.6684 0.7422
vn -0.0237 0.9920 -0.1239
vn -0.1029 0.5862 -0.8036
vn 0.0671 0.9960 -0.0588
vn 0.1493 0.9870 -0.0595
vn 0.0637 0.6753 0.7348
vn 0.0164 0.5232 -0.8520
vn 0.0606 0.9540 -0.2935
vn -0.0522 0.8985 -0.4358
vn 0.1729 0.8909 -0.4199
vn 0.0833 0.8377 -0.5398
vn -0.4093 0.4074 -0.8164
vn -0.2397 0.2895 -0.9267
vn -0.1276 0.1821 -0.9750
vn -0.4162 -0.8376 -0.3538
vn -0.3449 -0.8826 -0.3196
vn -0.2093 -0.8867 0.4122
vn -0.2421 -0.8375 0.4898
vn 0.0240 -0.1286 0.9914
vn 0.3580 0.8798 0.3126
vn 0.1448 -0.2487 0.9577
vn 0.4241 0.7537 0.5020
vn 0.4287 0.8219 0.3752
vn 0.2817 0.9275 -0.2459
vn 0.1893 0.9784 -0.0833
vn 0.2049 0.8486 -0.4877
vn 0.2822 0.8944 -0.3472
vn 0.1298 0.7819 -0.6098
vn 0.0471 0.9967 -0.0662
vn -0.5278 0.4053 0.7464
vn -0.8764 0.0392 -0.4800
vn -0.8777 0.3048 -0.3697
vn -0.2927 -0.2833 -0.9133
vn -0.1729 0.1424 -0.9746
vn -0.1593 -0.3571 -0.9204
vn -0.3436 0.2308 -0.9103
vn -0.0631 -0.3612 -0.9304
vn -0.0455 0.0847 -0.9954
vn 0.6280 -0.1539 -0.7629
vn 0.5728 -0.4166 -0.7060
vn 0.8239 -0.2375 0.5145
vn 0.8324 0.0530 0.5516
vn 0.1264 0.3851 0.9142
vn 0.0805 -0.0034 0.9967
vn 0.1979 0.3187 0.9270
vn 0.1982 -0.0952 0.9755
vn 0.2844 -0.1699 0.9435
vn 0.2344 0.2885 0.9284
vn -0.6079 0.0661 0.7913
vn -0.8039 0.5729 -0.1596
vn 0.2219 -0.7677 0.6011
vn -0.6801 -0.4505 0.5783
vn -0.2659 0.8195 -0.5077
vn -0.7469 -0.5787 0.3274
vn -0.7766 0.6282 -0.0473
vn -0.0052 0.9193 -0.3935
vn -0.1352 0.9444 -0.2997
vn -0.1103 0.7981 -0.5923
vn -0.7522 0.6566 0.0556
vn 0.0923 0.9850 -0.1458
vn 0.1748 0.9446 -0.2779
vn 0.4217 0.6934 0.5843
vn -0.0103 0.9172 -0.3983
vn -0.0637 0.9526 -0.2975
vn -0.1877 0.8558 0.4821
vn -0.0968 -0.0620 0.9934
vn 0.3377 0.7210 0.6051
vn 0.1881 -0.1820 0.9651
vn 0.0646 -0.3953 0.9163
vn 0.1948 -0.0987 0.9759
vn 0.0003 -0.3900 0.9208
vn 0.7278 -0.2340 0.6446
vn 0.6900 0.0404 0.7227
vn 0.7446 0.0884 -0.6616
vn 0.6825 0.2406 -0.6902
vn -0.0179 0.3321 -0.9431
vn 0.0371 0.1830 -0.9824
vn 0.0263 0.3259 -0.9450
vn -0.0378 0.1810 -0.9828
vn -0.0138 0.3313 -0.9434
vn -0.0798 0.1289 -0.9884
vn -0.7505 0.1244 -0.6491
vn -0.7027 0.3303 -0.6302
vn -0.8520 -0.3826 -0.3574
vn -0.2809 -0.6283 -0.7255
vn -0.2348 -0.5892 -0.7731
vn -0.7951 -0.5975 0.1035
vn -0.1888 -0.9793 0.0730
vn -0.1954 -0.9762 0.0938
vn -0.0541 -0.8894 0.4539
vn 0.0552 -0.9278 0.3690
vn 0.0900 -0.6988 0.7096
vn -0.0384 -0.8852 0.4636
vn -0.0193 -0.6229 0.7820
vn 0.0610 -0.9954 0.0740
vn 0.7604 -0.5996 0.2496
vn 0.8006 -0.5945 0.0743
vn 0.1439 -0.6068 -0.7817
vn 0.8647 -0.3480 -0.3621
vn 0.6850 0.6620 0.3042
vn 0.6994 0.6911 -0.1824
vn 0.7355 0.6159 -0.2825
vn 0.7193 0.3705 -0.5877
vn -0.0029 0.7598 -0.6501
vn 0.7583 -0.5422 0.3619
vn -0.7546 0.4765 0.4512
vn -0.7075 0.0293 0.7061
vn -0.7213 -0.1550 0.6750
vn 0.0893 -0.3503 0.9324
vn -0.0632 0.5804 -0.8119
vn -0.6012 0.6369 -0.4826
vn 0.0688 0.9962 -0.0532
vn -0.6004 -0.6980 -0.3903
vn -0.7020 0.6411 -0.3101
vn 0.0504 0.9953 -0.0829
vn 0.1081 0.9888 -0.1025
vn 0.7671 0.6363 0.0818
vn 0.7790 0.6047 0.1657
vn 0.6461 -0.7161 0.2643
vn 0.5361 -0.7354 0.4144
vn 0.6779 -0.6991 0.2274
vn 0.7127 0.5965 0.3691
vn 0.8806 -0.4685 0.0714
vn -0.0678 -0.9969 0.0391
vn -0.0258 -0.9953 0.0937
vn -0.6898 -0.7024 -0.1753
vn -0.7555 -0.6517 -0.0668
vn -0.0757 -0.9881 0.1340
vn -0.1654 -0.9685 0.1860
vn -0.7914 -0.6091 -0.0523
vn -0.5843 0.7474 -0.3161
vn -0.6625 0.7028 -0.2591
vn 0.2980 0.9243 -0.2386
vn 0.2023 0.9654 -0.1648
vn -0.4940 0.7445 -0.4490
vn -0.8246 -0.5626 -0.0590
vn -0.8303 -0.5270 -0.1811
vn -0.2646 -0.9320 0.2475
vn -0.3143 -0.9197 0.2352
vn -0.3601 -0.8973 0.2553
vn -0.3596 0.6809 -0.6381
vn -0.3530 0.7302 -0.5849
vn -0.7164 -0.6054 -0.3466
vn 0.3486 0.9084 -0.2310
vn 0.2283 0.9505 -0.2109
vn 0.1043 0.9702 -0.2188
vn 0.3525 0.7335 0.5812
vn 0.4812 0.7001 0.5276
vn -0.0916 -0.5605 0.8231
vn -0.0113 -0.5875 0.8092
vn 0.2244 -0.6508 0.7254
vn 0.6920 0.6272 0.3573
vn 0.7908 0.5992 0.1248
vn 0.5064 -0.7078 0.4925
vn 0.6432 -0.7077 0.2923
vn 0.7792 0.6261 0.0297
vn -0.2312 -0.9441 0.2351
vn -0.6101 -0.6867 -0.3953
vn -0.4376 0.6429 -0.6287
vn 0.5040 -0.6597 -0.5575
vn 0.4981 0.7485 -0.4378
vn -0.1274 -0.4579 -0.8798
vn 0.8265 0.5522 0.1097
vn -0.1656 0.9653 -0.2018
vn 0.1511 0.5926 -0.7912
vn 0.1988 0.5930 -0.7803
vn 0.4354 -0.7393 -0.5136
vn -0.2979 0.9264 -0.2304
vn -0.3386 0.7167 0.6096
vn -0.3446 0.9143 -0.2126
vn -0.7353 0.6034 0.3084
vn -0.5375 0.6624 0.5219
vn -0.0052 -0.5803 0.8144
vn -0.3063 -0.6666 0.6796
vn -0.0399 -0.5796 0.8139
vn 0.2262 -0.9355 0.2715
vn 0.3251 -0.9012 0.2867
vn 0.6052 -0.6894 -0.3980
vn 0.7706 -0.6137 -0.1720
vn 0.3370 -0.9059 0.2564
vn 0.2021 -0.9643 0.1713
vn 0.7953 -0.5907 -0.1366
vn 0.8154 -0.5637 -0.1319
vn 0.1704 -0.9786 0.1153
vn -0.6024 -0.6527 0.4595
vn 0.5986 0.7543 -0.2698
vn 0.6686 0.7314 -0.1342
vn 0.8206 -0.5690 -0.0530
vn 0.1772 -0.9822 0.0625
vn 0.1245 -0.9922 -0.0041
vn -0.7620 -0.6181 0.1931
vn -0.6943 0.7111 0.1104
vn -0.6983 0.7124 0.0704
vn -0.7945 -0.6035 0.0675
vn -0.7089 -0.6213 0.3338
vn -0.2035 0.9684 -0.1444
vn -0.7175 0.6733 0.1785
vn -0.1541 0.9824 -0.1056
vn 0.5617 0.7393 -0.3714
vn -0.1389 0.9886 -0.0579
vn 0.4034 0.6797 -0.6126
vn -0.0742 0.9967 -0.0319
vn 0.7138 0.6886 -0.1279
vn 0.3174 0.5685 -0.7590
vn -0.6671 0.7436 0.0453
vn -0.6912 0.5919 -0.4147
vn -0.3183 0.7066 -0.6320
vn 0.4854 -0.6090 -0.6273
vn 0.7792 -0.6223 -0.0744
vn -0.2647 -0.6780 -0.6857
vn -0.8104 -0.3840 -0.4426
s 1
f 1//1 4//2 3//3
f 1//1 3//3 2//4
f 173//5 174//6 6//7
f 173//5 6//7 5//8
f 142//9 143//10 5//8
f 142//9 5//8 6//7
f 9//11 12//12 11//13
f 9//11 11//13 10//14
f 3//3 10//14 11//13
f 3//3 11//13 2//4
f 8//15 14//16 13//17
f 8//15 13//17 7//18
f 15//19 13//17 14//16
f 15//19 14//16 16//20
f 17//21 20//22 160//23
f 17//21 160//23 161//24
f 21//25 140//26 125//27
f 21//25 125//27 22//28
f 161//24 162//29 139//30
f 161//24 139//30 17//21
f 136//31 137//32 9//11
f 136//31 9//11 10//14
f 135//33 136//31 10//14
f 135//33 10//14 3//3
f 4//2 134//34 135//33
f 4//2 135//33 3//3
f 133//35 172//36 173//5
f 133//35 173//5 5//8
f 143//10 144//37 133//35
f 143//10 133//35 5//8
f 131//38 132//39 7//18
f 131//38 7//18 13//17
f 130//40 131//38 13//17
f 130//40 13//17 15//19
f 37//41 40//42 39//43
f 37//41 39//43 38//44
f 17//21 139//30 140//26
f 17//21 140//26 21//25
f 21//25 41//45 20//22
f 21//25 20//22 17//21
f 42//46 43//47 16//20
f 42//46 16//20 14//16
f 44//48 42//46 14//16
f 44//48 14//16 8//15
f 141//49 142//9 6//7
f 141//49 6//7 45//50
f 2//4 49//51 48//52
f 2//4 48//52 1//1
f 174//6 175//53 45//50
f 174//6 45//50 6//7
f 50//54 49//51 2//4
f 50//54 2//4 11//13
f 51//55 46//56 47//57
f 51//55 47//57 52//58
f 46//56 51//55 53//59
f 129//60 130//40 15//19
f 129//60 15//19 55//61
f 55//61 15//19 16//20
f 55//61 16//20 56//62
f 22//28 57//63 41//45
f 22//28 41//45 21//25
f 11//13 12//12 58//64
f 11//13 58//64 50//54
f 59//65 159//66 160//23
f 59//65 160//23 20//22
f 61//67 59//65 20//22
f 61//67 20//22 41//45
f 9//11 137//32 138//68
f 9//11 138//68 18//69
f 19//70 12//12 9//11
f 19//70 9//11 18//69
f 60//71 58//64 12//12
f 60//71 12//12 19//70
f 62//72 63//73 56//62
f 62//72 56//62 16//20
f 64//74 67//75 66//76
f 64//74 66//76 65//77
f 67//75 41//45 57//63
f 67//75 57//63 66//76
f 68//78 66//76 57//63
f 68//78 57//63 22//28
f 69//79 61//67 41//45
f 69//79 41//45 67//75
f 70//80 69//79 67//75
f 70//80 67//75 64//74
f 43//47 71//81 62//72
f 43//47 62//72 16//20
f 64//74 62//72 71//81
f 64//74 71//81 70//80
f 65//77 63//73 62//72
f 65//77 62//72 64//74
f 74//82 127//83 128//84
f 74//82 128//84 75//85
f 128//84 129//60 55//61
f 128//84 55//61 75//85
f 125//27 126//86 68//78
f 125//27 68//78 22//28
f 75//85 55//61 56//62
f 75//85 56//62 63//73
f 66//76 68//78 74//82
f 66//76 74//82 65//77
f 75//85 63//73 65//77
f 75//85 65//77 74//82
f 74//82 68//78 126//86
f 74//82 126//86 127//83
f 37//41 82//87 81//88
f 37//41 81//88 40//42
f 109//89 110//90 79//91
f 109//89 79//91 72//92
f 85//93 80//94 111//95
f 85//93 111//95 112//96
f 112//96 113//97 89//98
f 112//96 89//98 85//93
f 90//99 89//98 113//97
f 90//99 113//97 114//100
f 114//100 165//101 166//102
f 114//100 166//102 90//99
f 115//103 116//104 37//41
f 115//103 37//41 38//44
f 116//104 117//105 82//87
f 116//104 82//87 37//41
f 168//106 169//107 120//108
f 168//106 120//108 98//109
f 122//110 123//111 102//112
f 122//110 102//112 101//113
f 121//114 122//110 101//113
f 121//114 101//113 104//115
f 120//108 147//116 148//117
f 120//108 148//117 98//109
f 118//118 119//119 97//120
f 118//118 97//120 106//121
f 110//90 111//95 80//94
f 110//90 80//94 79//91
f 124//122 109//89 72//92
f 124//122 72//92 73//123
f 170//124 171//125 31//126
f 170//124 31//126 95//127
f 145//128 146//129 95//127
f 145//128 95//127 31//126
f 100//130 103//131 32//132
f 100//130 32//132 33//133
f 99//134 100//130 33//133
f 99//134 33//133 34//135
f 99//134 34//135 54//136
f 99//134 54//136 107//137
f 107//137 54//136 76//138
f 107//137 76//138 84//139
f 77//140 83//141 84//139
f 77//140 84//139 76//138
f 78//142 87//143 83//141
f 78//142 83//141 77//140
f 87//143 78//142 23//144
f 87//143 23//144 86//145
f 24//146 88//147 86//145
f 24//146 86//145 23//144
f 25//148 91//149 88//147
f 25//148 88//147 24//146
f 163//150 164//151 91//149
f 163//150 91//149 25//148
f 27//152 93//153 92//154
f 27//152 92//154 26//155
f 93//153 27//152 28//156
f 93//153 28//156 94//157
f 105//158 94//157 28//156
f 105//158 28//156 29//159
f 30//160 96//161 105//158
f 30//160 105//158 29//159
f 106//121 97//120 36//162
f 106//121 36//162 108//163
f 98//109 35//164 167//165
f 98//109 167//165 168//106
f 148//117 149//166 35//164
f 148//117 35//164 98//109
f 123//111 124//122 73//123
f 123//111 73//123 102//112
f 117//105 118//118 106//121
f 117//105 106//121 82//87
f 81//88 82//87 106//121
f 81//88 106//121 108//163
f 53//59 185//167 186//168
f 51//55 184//169 185//167
f 51//55 185//167 53//59
f 183//170 184//169 51//55
f 183//170 51//55 52//58
f 181//171 182//172 176//173
f 83//141 110//90 109//89
f 83//141 109//89 84//139
f 83//141 87//143 111//95
f 83//141 111//95 110//90
f 112//96 111//95 87//143
f 112//96 87//143 86//145
f 88//147 113//97 112//96
f 88//147 112//96 86//145
f 114//100 113//97 88//147
f 114//100 88//147 91//149
f 164//151 165//101 114//100
f 164//151 114//100 91//149
f 93//153 116//104 115//103
f 93//153 115//103 92//154
f 94//157 117//105 116//104
f 94//157 116//104 93//153
f 105//158 118//118 117//105
f 105//158 117//105 94//157
f 105//158 96//161 119//119
f 105//158 119//119 118//118
f 95//127 120//108 169//107
f 95//127 169//107 170//124
f 95//127 146//129 147//116
f 95//127 147//116 120//108
f 103//131 100//130 122//110
f 103//131 122//110 121//114
f 99//134 123//111 122//110
f 99//134 122//110 100//130
f 107//137 124//122 123//111
f 107//137 123//111 99//134
f 107//137 84//139 109//89
f 107//137 109//89 124//122
f 78//142 126//86 125//27
f 78//142 125//27 23//144
f 127//83 126//86 78//142
f 127//83 78//142 77//140
f 128//84 127//83 77//140
f 128//84 77//140 76//138
f 54//136 129//60 128//84
f 54//136 128//84 76//138
f 34//135 130//40 129//60
f 34//135 129//60 54//136
f 34//135 33//133 131//38
f 34//135 131//38 130//40
f 33//133 32//132 132//39
f 33//133 132//39 131//38
f 144//37 145//128 31//126
f 144//37 31//126 133//35
f 171//125 172//36 133//35
f 171//125 133//35 31//126
f 135//33 134//34 30//160
f 135//33 30//160 29//159
f 29//159 28//156 136//31
f 29//159 136//31 135//33
f 27//152 137//32 136//31
f 27//152 136//31 28//156
f 138//68 137//32 27//152
f 138//68 27//152 26//155
f 139//30 162//29 163//150
f 139//30 163//150 25//148
f 140//26 139//30 25//148
f 140//26 25//148 24//146
f 125//27 140//26 24//146
f 125//27 24//146 23//144
f 44//48 8//15 142//9
f 44//48 142//9 141//49
f 7//18 143//10 142//9
f 7//18 142//9 8//15
f 132//39 144//37 143//10
f 132//39 143//10 7//18
f 32//132 145//128 144//37
f 32//132 144//37 132//39
f 103//131 146//129 145//128
f 103//131 145//128 32//132
f 147//116 146//129 103//131
f 147//116 103//131 121//114
f 148//117 147//116 121//114
f 148//117 121//114 104//115
f 151//174 150//175 60//71
f 151//174 60//71 19//70
f 152//176 151//174 19//70
f 152//176 19//70 18//69
f 18//69 138//68 153//177
f 18//69 153//177 152//176
f 154//178 153//177 138//68
f 154//178 138//68 26//155
f 26//155 92//154 155//179
f 26//155 155//179 154//178
f 92//154 115//103 156//180
f 92//154 156//180 155//179
f 157//181 156//180 115//103
f 157//181 115//103 38//44
f 38//44 39//43 158//182
f 38//44 158//182 157//181
f 160//23 159//66 150//175
f 160//23 150//175 151//174
f 161//24 160//23 151//174
f 161//24 151//174 152//176
f 152//176 153//177 162//29
f 152//176 162//29 161//24
f 163//150 162//29 153//177
f 163//150 153//177 154//178
f 154//178 155//179 164//151
f 154//178 164//151 163//150
f 155//179 156//180 165//101
f 155//179 165//101 164//151
f 166//102 165//101 156//180
f 166//102 156//180 157//181
f 168//106 167//165 36//162
f 168//106 36//162 97//120
f 119//119 169//107 168//106
f 119//119 168//106 97//120
f 170//124 169//107 119//119
f 170//124 119//119 96//161
f 96//161 30//160 171//125
f 96//161 171//125 170//124
f 30//160 134//34 172//36
f 30//160 172//36 171//125
f 173//5 172//36 134//34
f 173//5 134//34 4//2
f 4//2 1//1 174//6
f 4//2 174//6 173//5
f 1//1 48//52 175//53
f 1//1 175//53 174//6
f 182//172 183//170 52//58
f 182//172 52//58 176//173
f 47//57 177//183 176//173
f 47//57 176//173 52//58
f 44//48 179//184 178//185
f 44//48 178//185 42//46
f 141//49 180//186 179//184
f 141//49 179//184 44//48
f 181//171 180//186 141//49
f 181//171 141//49 45//50
f 175//53 182//172 181//171
f 175//53 181//171 45//50
f 48//52 183//170 182//172
f 48//52 182//172 175//53
f 49//51 184//169 183//170
f 49//51 183//170 48//52
f 185//167 184//169 49//51
f 185//167 49//51 50//54
f 186//168 185//167 50//54
f 186//168 50//54 58//64
f 187//187 186//168 58//64
f 187//187 58//64 60//71
f 188//188 187//187 60//71
f 188//188 60//71 150//175
f 189//189 188//188 150//175
f 189//189 150//175 159//66
f 190//190 189//189 159//66
f 190//190 159//66 59//65
f 70//80 71//81 191//191
f 192//192 191//191 71//81
f 192//192 71//81 43//47
f 43//47 42//46 178//185
f 43//47 178//185 192//192
f 194//193 195//194 193//195
f 196//196 193//195 195//194
f 196//196 197//197 198//198
f 196//196 199//199 197//197
f 196//196 195//194 199//199
f 197//197 199//199 195//194
f 198//198 201//200 200//201
f 198//198 197//197 201//200
f 204//202 201//200 202//203
f 197//197 202//203 201//200
f 200//201 201//200 203//204
f 204//202 203//204 201//200
f 206//205 203//204 204//202
f 205//206 204//202 202//203
f 207//207 204//202 205//206
f 207//207 206//205 204//202
f 208//208 206//205 207//207
f 209//209 207//207 205//206
f 210//210 208//208 207//207
f 209//209 210//210 207//207
f 212//211 211//212 210//210
f 210//210 211//212 208//208
f 212//211 210//210 213//213
f 213//213 210//210 209//209
f 213//213 209//209 214//214
f 214//214 215//215 213//213
f 215//215 212//211 213//213
f 214//214 216//216 215//215
f 215//215 217//217 212//211
f 212//211 217//217 218//218
f 218//218 219//219 221//220
f 218//218 220//221 219//219
f 212//211 218//218 221//220
f 219//219 222//222 221//220
f 221//220 211//212 212//211
f 221//220 222//222 211//212
f 219//219 224//223 222//222
f 211//212 222//222 225//224
f 222//222 223//225 225//224
f 222//222 224//223 223//225
f 225//224 226//226 227//227
f 225//224 227//227 208//208
f 211//212 225//224 208//208
f 227//227 228//228 229//229
f 208//208 227//227 206//205
f 227//227 229//229 206//205
f 206//205 229//229 203//204
f 224//223 230//230 223//225
f 224//223 231//231 230//230
f 232//232 224//223 219//219
f 232//232 231//231 224//223
f 233//233 231//231 232//232
f 233//233 234//234 231//231
f 235//235 234//234 233//233
f 231//231 234//234 236//236
f 231//231 236//236 230//230
f 237//237 216//216 214//214
f 238//238 237//237 239//239
f 237//237 214//214 239//239
f 241//240 240//241 239//239
f 238//238 239//239 240//241
f 214//214 241//240 239//239
f 241//240 243//242 240//241
f 241//240 205//206 242//243
f 242//243 243//242 241//240
f 241//240 209//209 205//206
f 214//214 209//209 241//240
f 243//242 244//244 240//241
f 243//242 245//245 244//244
f 242//243 246//246 243//242
f 246//246 245//245 243//242
f 202//203 246//246 242//243
f 202//203 247//247 246//246
f 247//247 248//248 246//246
f 246//246 248//248 245//245
f 247//247 249//249 248//248
f 250//250 248//248 249//249
f 250//250 251//251 248//248
f 251//251 245//245 248//248
f 251//251 252//252 245//245
f 254//253 252//252 251//251
f 253//254 251//251 250//250
f 253//254 254//253 251//251
f 255//255 254//253 253//254
f 255//255 256//256 254//253
f 256//256 257//257 254//253
f 254//253 257//257 252//252
f 256//256 258//258 257//257
f 257//257 258//258 259//259
f 252//252 257//257 260//260
f 257//257 259//259 260//260
f 262//261 260//260 261//262
f 261//262 260//260 259//259
f 262//261 263//263 260//260
f 252//252 260//260 263//263
f 263//263 264//264 244//244
f 263//263 262//261 264//264
f 245//245 263//263 244//244
f 245//245 252//252 263//263
f 240//241 244//244 264//264
f 240//241 264//264 238//238
f 261//262 259//259 265//265
f 265//265 259//259 266//266
f 265//265 266//266 267//267
f 267//267 266//266 268//268
f 267//267 268//268 269//269
f 269//269 270//270 271//271
f 269//269 268//268 270//270
f 271//271 273//272 272//273
f 271//271 270//270 273//272
f 274//274 273//272 275//275
f 273//272 270//270 276//276
f 273//272 276//276 275//275
f 270//270 278//277 276//276
f 275//275 276//276 277//278
f 276//276 279//279 277//278
f 276//276 278//277 279//279
f 279//279 282//280 280//281
f 281//282 279//279 280//281
f 277//278 279//279 281//282
f 279//279 278//277 282//280
f 282//280 256//256 280//281
f 282//280 258//258 256//256
f 266//266 258//258 282//280
f 282//280 268//268 266//266
f 282//280 278//277 268//268
f 277//278 281//282 283//283
f 284//284 281//282 285//285
f 281//282 280//281 285//285
f 285//285 287//286 286//287
f 284//284 285//285 286//287
f 280//281 255//255 285//285
f 285//285 255//255 287//286
f 288//288 287//286 290//289
f 288//288 291//290 287//286
f 287//286 289//291 286//287
f 287//286 291//290 289//291
f 287//286 253//254 290//289
f 287//286 255//255 253//254
f 293//292 288//288 290//289
f 292//293 290//289 253//254
f 293//292 290//289 292//293
f 194//193 293//292 292//293
f 292//293 253//254 250//250
f 292//293 294//294 195//194
f 249//249 294//294 292//293
f 249//249 292//293 250//250
f 292//293 195//194 295//295
f 194//193 292//293 295//295
f 194//193 295//295 195//194
f 249//249 197//197 294//294
f 197//197 195//194 294//294
f 280//281 256//256 255//255
f 270//270 268//268 278//277
f 275//275 277//278 296//296
f 297//297 296//296 298//298
f 297//297 275//275 296//296
f 299//299 298//298 300//300
f 299//299 297//297 298//298
f 301//301 299//299 300//300
f 301//301 302//302 299//299
f 303//303 297//297 299//299
f 303//303 274//274 297//297
f 274//274 275//275 297//297
f 266//266 259//259 258//258
f 249//249 247//247 197//197
f 197//197 247//247 202//203
f 205//206 202//203 242//243
f 200//201 203//204 304//304
f 315//305 311//306 310//307
f 311//306 312//308 310//307
f 310//307 313//309 317//310
f 310//307 314//311 313//309
f 310//307 316//312 314//311
f 317//310 315//305 310//307
f 318//313 315//305 317//310
f 317//310 313//309 319//314
f 317//310 319//314 318//313
f 318//313 319//314 321//315
f 313//309 320//316 319//314
f 319//314 320//316 322//317
f 319//314 322//317 321//315
f 321//315 322//317 323//318
f 323//318 322//317 324//319
f 324//319 322//317 320//316
f 323//318 324//319 325//320
f 324//319 320//316 326//321
f 326//321 320//316 314//311
f 326//321 314//311 316//312
f 327//322 323//318 325//320
f 327//322 328//323 323//318
f 329//324 328//323 327//322
f 329//324 327//322 330//325
f 332//326 329//324 330//325
f 332//326 330//325 331//327
f 334//328 332//326 333//329
f 331//327 333//329 332//326
f 334//328 329//324 332//326
f 334//328 333//329 335//330
f 336//331 334//328 335//330
f 336//331 337//332 334//328
f 334//328 337//332 329//324
f 337//332 328//323 329//324
f 337//332 338//333 328//323
f 339//334 338//333 337//332
f 336//331 339//334 337//332
f 339//334 340//335 338//333
f 341//336 340//335 339//334
f 341//336 339//334 342//337
f 343//338 342//337 339//334
f 343//338 339//334 336//331
f 345//339 342//337 343//338
f 343//338 336//331 344//340
f 343//338 344//340 345//339
f 344//340 346//341 345//339
f 345//339 346//341 349//342
f 345//339 347//343 342//337
f 350//344 347//343 345//339
f 345//339 348//345 350//344
f 345//339 349//342 348//345
f 352//346 350//344 351//347
f 351//347 350//344 348//345
f 352//346 353//348 350//344
f 350//344 353//348 347//343
f 354//349 353//348 352//346
f 354//349 347//343 353//348
f 355//350 354//349 352//346
f 356//351 354//349 355//350
f 357//352 354//349 356//351
f 354//349 358//353 347//343
f 357//352 358//353 354//349
f 359//354 358//353 357//352
f 359//354 341//336 358//353
f 347//343 358//353 341//336
f 357//352 360//355 359//354
f 360//355 361//356 359//354
f 359//354 361//356 340//335
f 359//354 340//335 341//336
f 361//356 362//357 363//358
f 360//355 362//357 361//356
f 340//335 361//356 364//359
f 363//358 364//359 361//356
f 366//360 365//361 364//359
f 365//361 328//323 364//359
f 328//323 338//333 364//359
f 340//335 364//359 338//333
f 366//360 364//359 363//358
f 367//362 366//360 363//358
f 367//362 369//363 366//360
f 368//364 365//361 366//360
f 369//363 368//364 366//360
f 369//363 370//365 372//366
f 369//363 371//367 370//365
f 369//363 373//368 371//367
f 369//363 372//366 368//364
f 369//363 374//369 373//368
f 362//357 374//369 369//363
f 362//357 369//363 367//362
f 362//357 377//370 374//369
f 374//369 376//371 375//372
f 375//372 373//368 374//369
f 374//369 377//370 376//371
f 378//373 376//371 377//370
f 360//355 377//370 362//357
f 360//355 378//373 377//370
f 360//355 379//374 378//373
f 380//375 378//373 379//374
f 378//373 380//375 376//371
f 382//376 380//375 381//377
f 380//375 379//374 381//377
f 382//376 376//371 380//375
f 386//378 383//379 382//376
f 382//376 383//379 376//371
f 382//376 381//377 385//380
f 386//378 382//376 384//381
f 384//381 382//376 385//380
f 387//382 386//378 384//381
f 387//382 390//383 386//378
f 386//378 389//384 388//385
f 383//379 386//378 388//385
f 386//378 390//383 389//384
f 387//382 392//386 390//383
f 392//386 391//387 390//383
f 391//387 389//384 390//383
f 387//382 396//388 392//386
f 395//389 393//390 392//386
f 393//390 394//391 392//386
f 392//386 394//391 391//387
f 395//389 392//386 396//388
f 384//381 396//388 387//382
f 397//392 395//389 396//388
f 398//393 397//392 396//388
f 384//381 398//393 396//388
f 385//380 399//394 398//393
f 384//381 385//380 398//393
f 398//393 399//394 400//395
f 398//393 400//395 401//396
f 401//396 397//392 398//393
f 402//397 401//396 400//395
f 402//397 397//392 401//396
f 402//397 403//398 397//392
f 404//399 402//397 400//395
f 404//399 400//395 405//400
f 406//401 404//399 405//400
f 404//399 406//401 407//402
f 404//399 407//402 408//403
f 408//403 409//404 413//405
f 408//403 412//406 409//404
f 407//402 410//407 408//403
f 411//408 408//403 410//407
f 411//408 412//406 408//403
f 409//404 414//409 413//405
f 409//404 415//410 414//409
f 414//409 415//410 416//411
f 414//409 416//411 417//412
f 418//413 414//409 417//412
f 419//414 418//413 420//415
f 420//415 418//413 417//412
f 421//416 420//415 423//417
f 421//416 419//414 420//415
f 420//415 417//412 422//418
f 423//417 420//415 422//418
f 423//417 424//419 421//416
f 423//417 425//420 424//419
f 426//421 425//420 423//417
f 422//418 426//421 423//417
f 426//421 428//422 425//420
f 426//421 427//423 428//422
f 422//418 427//423 426//421
f 431//424 428//422 429//425
f 428//422 430//426 429//425
f 431//424 425//420 428//422
f 427//423 430//426 428//422
f 431//424 424//419 425//420
f 431//424 432//427 424//419
f 433//428 432//427 431//424
f 434//429 433//428 431//424
f 431//424 429//425 434//429
f 435//430 434//429 429//425
f 436//431 433//428 434//429
f 435//430 437//432 434//429
f 437//432 436//431 434//429
f 435//430 438//433 437//432
f 436//431 439//434 433//428
f 439//434 440//435 433//428
f 441//436 440//435 442//437
f 441//436 433//428 440//435
f 443//438 442//437 440//435
f 443//438 440//435 444//439
f 443//438 444//439 445//440
f 445//440 446//441 443//438
f 445//440 447//442 446//441
f 446//441 447//442 448//443
f 448//443 447//442 449//444
f 449//444 447//442 450//445
f 452//446 450//445 451//447
f 452//446 449//444 450//445
f 451//447 454//448 452//446
f 453//449 455//450 452//446
f 452//446 454//448 453//449
f 455//450 449//444 452//446
f 457//451 455//450 453//449
f 449//444 455//450 456//452
f 351//347 456//452 455//450
f 351//347 455//450 457//451
f 352//346 351//347 457//451
f 352//346 457//451 458//453
f 457//451 453//449 458//453
f 459//454 458//453 460//455
f 459//454 352//346 458//453
f 458//453 453//449 460//455
f 461//456 459//454 460//455
f 460//455 453//449 461//456
f 461//456 462//457 459//454
f 463//458 461//456 453//449
f 461//456 464//459 462//457
f 463//458 464//459 461//456
f 463//458 465//460 464//459
f 465//460 466//461 464//459
f 464//459 466//461 462//457
f 467//462 466//461 468//463
f 467//462 470//464 466//461
f 465//460 468//463 466//461
f 466//461 469//465 462//457
f 470//464 469//465 466//461
f 473//466 470//464 471//467
f 471//467 470//464 472//468
f 474//469 472//468 470//464
f 470//464 473//466 469//465
f 474//469 470//464 467//462
f 475//470 472//468 474//469
f 475//470 476//471 472//468
f 477//472 476//471 478//473
f 477//472 479//474 476//471
f 479//474 472//468 476//471
f 481//475 479//474 477//472
f 479//474 471//467 472//468
f 480//476 471//467 479//474
f 480//476 479//474 481//475
f 481//475 482//477 484//478
f 483//479 482//477 481//475
f 481//475 484//478 480//476
f 481//475 477//472 483//479
f 485//480 484//478 482//477
f 486//481 484//478 485//480
f 484//478 486//481 487//482
f 480//476 484//478 487//482
f 487//482 486//481 488//483
f 489//484 487//482 488//483
f 480//476 487//482 489//484
f 488//483 490//485 489//484
f 490//485 480//476 489//484
f 490//485 469//465 473//466
f 490//485 473//466 471//467
f 462//457 469//465 490//485
f 462//457 490//485 491//486
f 490//485 471//467 480//476
f 488//483 491//486 490//485
f 491//486 492//487 355//350
f 488//483 492//487 491//486
f 459//454 462//457 491//486
f 491//486 355//350 459//454
f 488//483 493//488 492//487
f 493//488 496//489 492//487
f 356//351 492//487 494//490
f 356//351 355//350 492//487
f 492//487 495//491 494//490
f 492//487 496//489 495//491
f 497//492 495//491 496//489
f 497//492 496//489 499//493
f 493//488 498//494 496//489
f 499//493 496//489 498//494
f 497//492 499//493 501//495
f 499//493 498//494 500//496
f 500//496 501//495 499//493
f 501//495 502//497 497//492
f 503//498 502//497 501//495
f 504//499 503//498 501//495
f 501//495 505//500 504//499
f 500//496 505//500 501//495
f 506//501 507//502 505//500
f 505//500 508//503 506//501
f 507//502 504//499 505//500
f 505//500 500//496 508//503
f 508//503 510//504 506//501
f 500//496 511//505 508//503
f 508//503 509//506 510//504
f 509//506 508//503 511//505
f 500//496 498//494 511//505
f 511//505 498//494 493//488
f 509//506 511//505 512//507
f 512//507 511//505 513//508
f 511//505 493//488 513//508
f 486//481 513//508 493//488
f 512//507 513//508 514//509
f 514//509 513//508 486//481
f 516//510 514//509 515//511
f 515//511 514//509 485//480
f 514//509 486//481 485//480
f 516//510 512//507 514//509
f 518//512 516//510 517//513
f 517//513 516//510 515//511
f 518//512 512//507 516//510
f 518//512 517//513 519//514
f 518//512 509//506 512//507
f 520//515 509//506 518//512
f 518//512 519//514 521//516
f 518//512 521//516 520//515
f 522//517 521//516 519//514
f 522//517 525//518 521//516
f 523//519 521//516 525//518
f 523//519 524//520 521//516
f 521//516 524//520 520//515
f 525//518 522//517 526//521
f 526//521 523//519 525//518
f 541//522 527//523 526//521
f 526//521 527//523 540//524
f 526//521 528//525 530//526
f 526//521 529//527 528//525
f 534//528 529//527 526//521
f 530//526 531//529 526//521
f 526//521 531//529 544//530
f 526//521 532//531 538//532
f 526//521 533//533 532//531
f 526//521 536//534 533//533
f 526//521 535//535 534//528
f 522//517 535//535 526//521
f 537//536 536//534 526//521
f 543//537 537//536 526//521
f 538//532 539//538 526//521
f 526//521 539//538 546//539
f 540//524 542//540 526//521
f 545//541 541//522 526//521
f 542//540 523//519 526//521
f 546//539 545//541 526//521
f 546//539 547//542 545//541
f 546//539 548//543 547//542
f 546//539 549//544 548//543
f 546//539 539//538 549//544
f 548//543 549//544 551//545
f 539//538 550//546 549//544
f 550//546 551//545 549//544
f 551//545 552//547 555//548
f 551//545 553//549 552//547
f 551//545 554//550 553//549
f 550//546 554//550 551//545
f 551//545 555//548 556//551
f 548//543 551//545 556//551
f 548//543 556//551 558//552
f 556//551 557//553 558//552
f 556//551 555//548 557//553
f 558//552 557//553 559//554
f 560//555 558//552 559//554
f 548//543 558//552 560//555
f 548//543 560//555 547//542
f 560//555 559//554 561//556
f 562//557 560//555 561//556
f 547//542 560//555 563//558
f 562//557 563//558 560//555
f 547//542 563//558 564//559
f 564//559 563//558 565//560
f 565//560 563//558 562//557
f 565//560 566//561 567//562
f 565//560 568//563 566//561
f 567//562 564//559 565//560
f 565//560 562//557 568//563
f 568//563 572//564 566//561
f 569//565 571//566 568//563
f 569//565 568//563 562//557
f 568//563 570//567 572//564
f 570//567 568//563 571//566
f 576//568 566//561 572//564
f 573//569 572//564 570//567
f 573//569 574//570 572//564
f 575//571 572//564 574//570
f 576//568 572//564 575//571
f 576//568 567//562 566//561
f 540//524 567//562 576//568
f 540//524 576//568 575//571
f 575//571 523//519 542//540
f 575//571 524//520 523//519
f 520//515 524//520 575//571
f 520//515 575//571 574//570
f 540//524 575//571 542//540
f 573//569 520//515 574//570
f 506//501 573//569 507//502
f 506//501 510//504 573//569
f 573//569 510//504 520//515
f 573//569 571//566 507//502
f 573//569 570//567 571//566
f 577//572 571//566 569//565
f 577//572 507//502 571//566
f 578//573 504//499 577//572
f 577//572 411//408 578//573
f 577//572 569//565 411//408
f 504//499 507//502 577//572
f 410//407 579//574 578//573
f 410//407 578//573 411//408
f 578//573 579//574 503//498
f 578//573 503//498 504//499
f 407//402 406//401 579//574
f 406//401 399//394 579//574
f 579//574 399//394 580//575
f 410//407 407//402 579//574
f 579//574 580//575 503//498
f 580//575 381//377 502//497
f 580//575 385//380 381//377
f 385//380 580//575 399//394
f 503//498 580//575 502//497
f 562//557 581//576 569//565
f 569//565 581//576 411//408
f 581//576 582//577 412//406
f 559//554 582//577 581//576
f 559//554 581//576 561//556
f 562//557 561//556 581//576
f 581//576 412//406 411//408
f 559//554 583//578 582//577
f 582//577 583//578 584//579
f 412//406 582//577 584//579
f 584//579 557//553 555//548
f 584//579 583//578 557//553
f 585//580 584//579 555//548
f 412//406 584//579 409//404
f 409//404 584//579 585//580
f 585//580 555//548 552//547
f 585//580 552//547 553//549
f 585//580 553//549 586//581
f 416//411 585//580 586//581
f 416//411 415//410 585//580
f 409//404 585//580 415//410
f 588//582 586//581 587//583
f 587//583 586//581 553//549
f 588//582 416//411 586//581
f 587//583 589//584 588//582
f 422//418 416//411 588//582
f 422//418 588//582 589//584
f 587//583 591//585 589//584
f 589//584 590//586 430//426
f 589//584 591//585 590//586
f 422//418 589//584 427//423
f 589//584 430//426 427//423
f 590//586 591//585 594//587
f 591//585 592//588 594//587
f 591//585 593//589 592//588
f 595//590 593//589 591//585
f 595//590 591//585 587//583
f 596//591 595//590 597//592
f 596//591 593//589 595//590
f 587//583 553//549 595//590
f 597//592 595//590 553//549
f 598//593 596//591 597//592
f 597//592 553//549 554//550
f 598//593 597//592 554//550
f 598//593 599//594 596//591
f 598//593 554//550 550//546
f 532//531 598//593 550//546
f 533//533 598//593 532//531
f 533//533 599//594 598//593
f 599//594 600//595 596//591
f 536//534 599//594 533//533
f 599//594 601//596 600//595
f 536//534 601//596 599//594
f 536//534 602//597 601//596
f 602//597 600//595 601//596
f 602//597 603//598 600//595
f 537//536 604//599 602//597
f 536//534 537//536 602//597
f 604//599 603//598 602//597
f 604//599 605//600 603//598
f 537//536 543//537 604//599
f 606//601 603//598 605//600
f 607//602 606//601 608//603
f 607//602 609//604 606//601
f 606//601 609//604 603//598
f 609//604 600//595 603//598
f 609//604 592//588 600//595
f 594//587 592//588 609//604
f 594//587 609//604 607//602
f 610//605 607//602 608//603
f 611//606 612//607 610//605
f 610//605 612//607 607//602
f 590//586 612//607 430//426
f 612//607 590//586 594//587
f 429//425 612//607 611//606
f 429//425 430//426 612//607
f 612//607 594//587 607//602
f 429//425 611//606 435//430
f 592//588 596//591 600//595
f 592//588 593//589 596//591
f 559//554 557//553 583//578
f 541//522 564//559 567//562
f 541//522 567//562 527//523
f 540//524 527//523 567//562
f 545//541 547//542 564//559
f 545//541 564//559 541//522
f 539//538 538//532 550//546
f 532//531 550//546 538//532
f 477//472 544//530 531//529
f 477//472 478//473 544//530
f 522//517 517//513 535//535
f 535//535 517//513 613//608
f 535//535 613//608 534//528
f 517//513 515//511 613//608
f 613//608 515//511 614//609
f 613//608 614//609 615//610
f 615//610 529//527 613//608
f 613//608 529//527 534//528
f 615//610 528//525 529//527
f 615//610 616//611 528//525
f 616//611 615//610 614//609
f 483//479 616//611 482//477
f 616//611 614//609 482//477
f 530//526 528//525 616//611
f 530//526 616//611 483//479
f 482//477 614//609 485//480
f 515//511 485//480 614//609
f 483//479 477//472 531//529
f 483//479 531//529 530//526
f 522//517 519//514 517//513
f 520//515 510//504 509//506
f 502//497 381//377 379//374
f 502//497 379//374 497//492
f 379//374 495//491 497//492
f 494//490 495//491 617//612
f 379//374 617//612 495//491
f 357//352 617//612 360//355
f 360//355 617//612 379//374
f 494//490 617//612 357//352
f 494//490 357//352 356//351
f 486//481 493//488 488//483
f 454//448 463//458 453//449
f 459//454 355//350 352//346
f 456//452 618//613 449//444
f 456//452 348//345 618//613
f 351//347 348//345 456//452
f 349//342 619//614 618//613
f 618//613 619//614 620//615
f 449//444 618//613 448//443
f 618//613 620//615 448//443
f 349//342 618//613 348//345
f 619//614 621//616 620//615
f 620//615 621//616 623//617
f 448//443 620//615 622//618
f 622//618 620//615 623//617
f 623//617 627//619 622//618
f 623//617 624//620 625//621
f 621//616 624//620 623//617
f 623//617 625//621 626//622
f 626//622 627//619 623//617
f 627//619 628//623 630//624
f 627//619 629//625 628//623
f 631//626 629//625 627//619
f 630//624 622//618 627//619
f 631//626 627//619 626//622
f 632//627 629//625 631//626
f 633//628 632//627 631//626
f 625//621 631//626 626//622
f 625//621 633//628 631//626
f 625//621 634//629 633//628
f 634//629 635//630 633//628
f 633//628 635//630 632//627
f 634//629 636//631 635//630
f 636//631 638//632 635//630
f 635//630 637//633 632//627
f 635//630 638//632 637//633
f 636//631 639//634 638//632
f 638//632 639//634 640//635
f 638//632 640//635 641//636
f 638//632 641//636 642//637
f 638//632 642//637 637//633
f 642//637 645//638 637//633
f 642//637 641//636 643//639
f 642//637 643//639 646//640
f 642//637 644//641 645//638
f 643//639 647//642 646//640
f 647//642 648//643 649//644
f 647//642 650//645 648//643
f 643//639 650//645 647//642
f 651//646 650//645 643//639
f 651//646 652//647 650//645
f 652//647 648//643 650//645
f 653//648 652//647 651//646
f 654//649 652//647 653//648
f 654//649 655//650 652//647
f 652//647 655//650 648//643
f 656//651 655//650 654//649
f 657//652 648//643 655//650
f 657//652 655//650 656//651
f 331//327 657//652 333//329
f 333//329 657//652 656//651
f 649//644 648//643 657//652
f 649//644 657//652 331//327
f 333//329 656//651 660//653
f 659//654 658//655 656//651
f 658//655 660//653 656//651
f 654//649 659//654 656//651
f 335//330 660//653 661//656
f 661//656 660//653 662//657
f 658//655 662//657 660//653
f 335//330 333//329 660//653
f 661//656 662//657 663//658
f 665//659 663//658 662//657
f 665//659 662//657 664//660
f 664//660 662//657 658//655
f 665//659 664//660 668//661
f 666//662 665//659 667//663
f 666//662 663//658 665//659
f 665//659 668//661 667//663
f 667//663 668//661 671//664
f 668//661 669//665 671//664
f 668//661 670//666 669//665
f 664//660 670//666 668//661
f 672//667 671//664 673//668
f 667//663 671//664 672//667
f 669//665 673//668 671//664
f 672//667 673//668 674//669
f 677//670 674//669 673//668
f 669//665 675//671 673//668
f 675//671 676//672 673//668
f 677//670 673//668 676//672
f 678//673 677//670 676//672
f 682//674 674//669 677//670
f 678//673 679//675 677//670
f 680//676 677//670 679//675
f 680//676 681//677 677//670
f 682//674 677//670 681//677
f 672//667 682//674 684//678
f 672//667 674//669 682//674
f 681//677 683//679 682//674
f 683//679 684//678 682//674
f 686//680 684//678 685//681
f 683//679 685//681 684//678
f 686//680 672//667 684//678
f 686//680 685//681 687//682
f 686//680 667//663 672//667
f 687//682 666//662 686//680
f 666//662 667//663 686//680
f 687//682 688//683 666//662
f 689//684 688//683 687//682
f 689//684 687//682 685//681
f 691//685 690//686 689//684
f 690//686 693//687 689//684
f 689//684 685//681 692//688
f 691//685 689//684 692//688
f 689//684 693//687 688//683
f 693//687 694//689 688//683
f 693//687 695//690 694//689
f 690//686 697//691 693//687
f 693//687 696//692 695//690
f 693//687 697//691 696//692
f 698//693 697//691 690//686
f 697//691 698//693 699//694
f 697//691 699//694 696//692
f 701//695 700//696 699//694
f 696//692 699//694 700//696
f 702//697 699//694 698//693
f 702//697 701//695 699//694
f 703//698 707//699 702//697
f 702//697 698//693 703//698
f 704//700 702//697 706//701
f 704//700 701//695 702//697
f 705//702 702//697 707//699
f 705//702 706//701 702//697
f 707//699 703//698 709//703
f 710//704 705//702 707//699
f 710//704 707//699 708//705
f 707//699 709//703 708//705
f 711//706 705//702 710//704
f 712//707 711//706 710//704
f 713//708 712//707 710//704
f 713//708 710//704 708//705
f 716//709 714//710 713//708
f 713//708 714//710 717//711
f 708//705 715//712 713//708
f 716//709 713//708 715//712
f 713//708 717//711 712//707
f 717//711 721//713 712//707
f 718//714 717//711 714//710
f 718//714 719//715 717//711
f 719//715 720//716 717//711
f 717//711 720//716 721//713
f 721//713 722//717 711//706
f 721//713 724//718 722//717
f 721//713 723//719 724//718
f 721//713 720//716 723//719
f 712//707 721//713 711//706
f 723//719 726//720 724//718
f 725//721 724//718 726//720
f 725//721 722//717 724//718
f 727//722 726//720 729//723
f 727//722 728//724 726//720
f 725//721 726//720 728//724
f 723//719 729//723 726//720
f 730//725 729//723 723//719
f 730//725 732//726 729//723
f 729//723 731//727 727//722
f 729//723 732//726 731//727
f 732//726 730//725 733//728
f 731//727 732//726 733//728
f 738//729 734//730 733//728
f 734//730 736//731 733//728
f 741//732 735//733 733//728
f 735//733 680//676 733//728
f 730//725 737//734 733//728
f 736//731 731//727 733//728
f 737//734 719//715 733//728
f 718//714 740//735 733//728
f 719//715 718//714 733//728
f 678//673 738//729 733//728
f 740//735 739//736 733//728
f 739//736 741//732 733//728
f 679//675 678//673 733//728
f 680//676 679//675 733//728
f 735//733 741//732 743//737
f 741//732 742//738 743//737
f 741//732 739//736 742//738
f 735//733 743//737 745//739
f 744//740 743//737 742//738
f 744//740 746//741 743//737
f 745//739 743//737 746//741
f 692//688 746//741 744//740
f 745//739 746//741 683//679
f 685//681 746//741 692//688
f 685//681 683//679 746//741
f 680//676 745//739 681//677
f 680//676 735//733 745//739
f 681//677 745//739 683//679
f 742//738 715//712 744//740
f 744//740 715//712 709//703
f 692//688 744//740 691//685
f 744//740 709//703 691//685
f 739//736 716//709 742//738
f 742//738 716//709 715//712
f 739//736 740//735 716//709
f 740//735 714//710 716//709
f 740//735 718//714 714//710
f 734//730 738//729 747//742
f 738//729 676//672 747//742
f 738//729 678//673 676//672
f 734//730 747//742 749//743
f 747//742 675//671 748//744
f 675//671 747//742 676//672
f 747//742 748//744 749//743
f 748//744 750//745 749//743
f 749//743 750//745 736//731
f 749//743 736//731 734//730
f 748//744 751//746 750//745
f 728//724 750//745 751//746
f 727//722 736//731 750//745
f 728//724 727//722 750//745
f 752//747 751//746 748//744
f 753//748 751//746 752//747
f 753//748 728//724 751//746
f 753//748 754//749 725//721
f 725//721 728//724 753//748
f 753//748 755//750 754//749
f 752//747 755//750 753//748
f 755//750 756//751 754//749
f 755//750 757//752 756//751
f 758//753 757//752 755//750
f 752//747 758//753 755//750
f 758//753 752//747 759//754
f 758//753 759//754 760//755
f 761//756 758//753 760//755
f 761//756 762//757 758//753
f 758//753 762//757 757//752
f 762//757 761//756 764//758
f 763//759 762//757 765//760
f 763//759 757//752 762//757
f 762//757 764//758 765//760
f 766//761 763//759 765//760
f 767//762 765//760 764//758
f 766//761 765//760 767//762
f 654//649 767//762 659//654
f 767//762 764//758 659//654
f 653//648 766//761 767//762
f 654//649 653//648 767//762
f 768//763 763//759 766//761
f 769//764 768//763 766//761
f 653//648 769//764 766//761
f 769//764 640//635 768//763
f 769//764 651//646 640//635
f 653//648 651//646 769//764
f 768//763 770//765 763//759
f 771//766 770//765 768//763
f 768//763 639//634 771//766
f 768//763 640//635 639//634
f 771//766 636//631 772//767
f 771//766 639//634 636//631
f 771//766 772//767 773//768
f 771//766 773//768 774//769
f 774//769 770//765 771//766
f 774//769 756//751 770//765
f 775//770 774//769 773//768
f 756//751 774//769 775//770
f 775//770 773//768 776//771
f 711//706 775//770 776//771
f 756//751 775//770 754//749
f 754//749 775//770 722//717
f 711//706 722//717 775//770
f 711//706 776//771 705//702
f 773//768 705//702 776//771
f 704//700 773//768 772//767
f 704//700 706//701 773//768
f 773//768 706//701 705//702
f 772//767 634//629 704//700
f 772//767 636//631 634//629
f 770//765 757//752 763//759
f 770//765 756//751 757//752
f 761//756 658//655 764//758
f 659//654 764//758 658//655
f 777//772 761//756 760//755
f 761//756 777//772 658//655
f 777//772 760//755 670//666
f 664//660 658//655 777//772
f 664//660 777//772 670//666
f 670//666 760//755 759//754
f 670//666 759//754 669//665
f 759//754 675//671 669//665
f 759//754 748//744 675//671
f 752//747 748//744 759//754
f 754//749 722//717 725//721
f 720//716 737//734 730//725
f 719//715 737//734 720//716
f 727//722 731//727 736//731
f 720//716 730//725 723//719
f 708//705 709//703 715//712
f 691//685 709//703 703//698
f 634//629 701//695 704//700
f 698//693 690//686 703//698
f 691//685 703//698 690//686
f 634//629 778//773 701//695
f 701//695 778//773 700//696
f 625//621 778//773 634//629
f 624//620 778//773 625//621
f 624//620 700//696 778//773
f 700//696 624//620 780//774
f 696//692 700//696 779//775
f 700//696 780//774 779//775
f 621//616 780//774 624//620
f 621//616 781//776 780//774
f 781//776 779//775 780//774
f 782//777 781//776 785//778
f 783//779 781//776 782//777
f 783//779 784//780 781//776
f 781//776 784//780 779//775
f 621//616 785//778 781//776
f 785//778 619//614 349//342
f 619//614 785//778 621//616
f 782//777 785//778 346//341
f 785//778 349//342 346//341
f 695//690 784//780 783//779
f 695//690 779//775 784//780
f 786//781 694//689 783//779
f 695//690 783//779 694//689
f 782//777 787//782 783//779
f 786//781 783//779 787//782
f 663//658 786//781 787//782
f 335//330 787//782 788//783
f 335//330 661//656 787//782
f 782//777 788//783 787//782
f 663//658 787//782 661//656
f 336//331 335//330 788//783
f 336//331 788//783 782//777
f 666//662 694//689 786//781
f 666//662 786//781 663//658
f 344//340 782//777 346//341
f 336//331 782//777 344//340
f 695//690 696//692 779//775
f 666//662 688//683 694//689
f 640//635 651//646 643//639
f 645//638 789//784 790//785
f 645//638 644//641 789//784
f 791//786 645//638 790//785
f 637//633 645//638 791//786
f 632//627 791//786 629//625
f 629//625 791//786 792//787
f 791//786 790//785 792//787
f 637//633 791//786 632//627
f 629//625 792//787 628//623
f 792//787 790//785 793//788
f 792//787 793//788 794//789
f 628//623 792//787 794//789
f 793//788 796//790 794//789
f 628//623 794//789 795//791
f 795//791 794//789 796//790
f 797//792 796//790 799//793
f 797//792 800//794 796//790
f 793//788 798//795 796//790
f 798//795 799//793 796//790
f 795//791 796//790 800//794
f 802//796 800//794 797//792
f 801//797 795//791 800//794
f 801//797 800//794 802//796
f 802//796 797//792 803//798
f 805//799 802//796 803//798
f 805//799 804//800 802//796
f 804//800 801//797 802//796
f 421//416 805//799 806//801
f 421//416 424//419 805//799
f 424//419 804//800 805//799
f 807//802 806//801 805//799
f 807//802 805//799 803//798
f 807//802 797//792 809//803
f 807//802 803//798 797//792
f 808//804 807//802 809//803
f 808//804 806//801 807//802
f 797//792 810//805 809//803
f 811//806 809//803 810//805
f 808//804 809//803 811//806
f 811//806 812//807 813//808
f 811//806 814//809 812//807
f 815//810 811//806 813//808
f 811//806 810//805 814//809
f 815//810 808//804 811//806
f 815//810 813//808 817//811
f 818//812 815//810 816//813
f 815//810 817//811 816//813
f 818//812 808//804 815//810
f 818//812 819//814 808//804
f 419//414 806//801 819//814
f 808//804 819//814 806//801
f 813//808 820//815 817//811
f 820//815 821//816 817//811
f 816//813 817//811 821//816
f 821//816 822//817 824//818
f 823//819 822//817 821//816
f 820//815 823//819 821//816
f 821//816 824//818 825//820
f 816//813 821//816 825//820
f 824//818 826//821 825//820
f 816//813 825//820 826//821
f 826//821 827//822 829//823
f 826//821 828//824 827//822
f 830//825 828//824 826//821
f 816//813 826//821 829//823
f 824//818 830//825 826//821
f 832//826 831//827 830//825
f 830//825 831//827 828//824
f 834//828 830//825 824//818
f 832//826 830//825 833//829
f 834//828 833//829 830//825
f 835//830 833//829 834//828
f 834//828 822//817 836//831
f 834//828 824//818 822//817
f 835//830 834//828 836//831
f 838//832 836//831 822//817
f 835//830 836//831 837//833
f 839//834 837//833 836//831
f 839//834 836//831 838//832
f 839//834 840//835 844//836
f 839//834 838//832 840//835
f 842//837 841//838 839//834
f 839//834 841//838 843//839
f 842//837 839//834 844//836
f 839//834 843//839 837//833
f 845//840 844//836 840//835
f 845//840 842//837 844//836
f 847//841 846//842 845//840
f 850//843 845//840 846//842
f 847//841 845//840 849//844
f 850//843 848//845 845//840
f 845//840 848//845 842//837
f 845//840 840//835 849//844
f 852//846 851//847 850//843
f 851//847 848//845 850//843
f 852//846 850//843 853//848
f 854//849 853//848 850//843
f 854//849 850//843 846//842
f 854//849 855//850 853//848
f 854//849 858//851 855//850
f 847//841 854//849 846//842
f 856//852 854//849 857//853
f 856//852 858//851 854//849
f 847//841 857//853 854//849
f 858//851 861//854 855//850
f 860//855 859//856 858//851
f 858//851 859//856 861//854
f 860//855 858//851 856//852
f 865//857 862//858 861//854
f 862//858 864//859 861//854
f 861//854 863//860 855//850
f 861//854 864//859 863//860
f 865//857 861//854 859//856
f 866//861 862//858 865//857
f 868//862 865//857 859//856
f 867//863 866//861 865//857
f 867//863 865//857 868//862
f 869//864 867//863 868//862
f 869//864 868//862 859//856
f 869//864 871//865 867//863
f 870//866 869//864 860//855
f 870//866 872//867 869//864
f 869//864 872//867 871//865
f 869//864 859//856 860//855
f 872//867 873//868 871//865
f 872//867 874//869 873//868
f 870//866 874//869 872//867
f 389//384 873//868 874//869
f 389//384 874//869 875//870
f 875//870 874//869 876//871
f 870//866 876//871 874//869
f 875//870 876//871 877//872
f 878//873 877//872 876//871
f 878//873 876//871 879//874
f 880//875 879//874 876//871
f 880//875 876//871 870//866
f 880//875 870//866 860//855
f 881//876 879//874 880//875
f 880//875 860//855 856//852
f 881//876 880//875 856//852
f 883//877 882//878 881//876
f 881//876 882//878 879//874
f 847//841 883//877 881//876
f 881//876 856//852 857//853
f 847//841 881//876 857//853
f 883//877 884//879 882//878
f 849//844 883//877 847//841
f 849//844 884//879 883//877
f 887//880 885//881 884//879
f 886//882 884//879 885//881
f 886//882 882//878 884//879
f 887//880 884//879 888//883
f 849//844 888//883 884//879
f 849//844 889//884 888//883
f 887//880 888//883 889//884
f 849//844 840//835 889//884
f 840//835 890//885 889//884
f 889//884 823//819 891//886
f 889//884 890//885 823//819
f 887//880 889//884 891//886
f 892//887 891//886 823//819
f 887//880 891//886 892//887
f 892//887 823//819 820//815
f 895//888 892//887 820//815
f 887//880 892//887 893//889
f 894//890 893//889 892//887
f 894//890 892//887 895//888
f 896//891 894//890 895//888
f 896//891 895//888 812//807
f 895//888 820//815 812//807
f 896//891 897//892 894//890
f 896//891 899//893 897//892
f 896//891 812//807 814//809
f 810//805 896//891 814//809
f 810//805 898//894 896//891
f 896//891 898//894 899//893
f 900//895 899//893 898//894
f 900//895 901//896 899//893
f 798//795 901//896 900//895
f 798//795 902//897 901//896
f 903//898 902//897 798//795
f 790//785 903//898 793//788
f 790//785 789//784 903//898
f 903//898 798//795 793//788
f 798//795 900//895 799//793
f 810//805 799//793 900//895
f 810//805 900//895 898//894
f 904//899 887//880 893//889
f 904//899 885//881 887//880
f 904//899 886//882 885//881
f 840//835 838//832 890//885
f 838//832 822//817 890//885
f 823//819 890//885 822//817
f 879//874 886//882 878//873
f 879//874 882//878 886//882
f 905//900 878//873 886//882
f 905//900 877//872 878//873
f 905//900 906//901 877//872
f 908//902 907//903 906//901
f 875//870 906//901 907//903
f 908//902 906//901 909//904
f 875//870 877//872 906//901
f 908//902 909//904 910//905
f 910//905 911//906 371//367
f 910//905 371//367 373//368
f 908//902 910//905 373//368
f 371//367 911//906 912//907
f 370//365 912//907 913//908
f 371//367 912//907 370//365
f 914//909 913//908 312//308
f 370//365 913//908 914//909
f 915//910 914//909 311//306
f 372//366 914//909 915//910
f 914//909 312//308 311//306
f 372//366 370//365 914//909
f 318//313 915//910 315//305
f 368//364 915//910 318//313
f 915//910 311//306 315//305
f 368//364 372//366 915//910
f 916//911 908//902 373//368
f 916//911 907//903 908//902
f 916//911 388//385 907//903
f 376//371 916//911 375//372
f 916//911 373//368 375//372
f 376//371 383//379 916//911
f 383//379 388//385 916//911
f 388//385 875//870 907//903
f 388//385 389//384 875//870
f 391//387 873//868 389//384
f 871//865 873//868 391//387
f 871//865 391//387 917//912
f 871//865 917//912 867//863
f 917//912 391//387 394//391
f 917//912 918//913 866//861
f 919//914 918//913 917//912
f 917//912 866//861 867//863
f 917//912 394//391 919//914
f 920//915 919//914 394//391
f 921//916 919//914 920//915
f 921//916 922//917 919//914
f 919//914 922//917 918//913
f 921//916 923//918 922//917
f 923//918 918//913 922//917
f 926//919 924//920 923//918
f 924//920 925//921 923//918
f 923//918 925//921 918//913
f 921//916 926//919 923//918
f 929//922 927//923 926//919
f 926//919 927//923 924//920
f 928//924 926//919 921//916
f 929//922 926//919 928//924
f 932//925 929//922 928//924
f 930//926 929//922 932//925
f 930//926 931//927 929//922
f 927//923 929//922 931//927
f 933//928 930//926 932//925
f 933//928 932//925 934//929
f 932//925 928//924 934//929
f 934//929 935//930 936//931
f 934//929 928//924 935//930
f 835//830 934//929 936//931
f 933//928 934//929 937//932
f 835//830 937//932 934//929
f 843//839 933//928 937//932
f 843//839 937//932 835//830
f 935//930 833//829 936//931
f 835//830 936//931 833//829
f 928//924 921//916 935//930
f 921//916 832//826 935//930
f 935//930 832//826 833//829
f 933//928 938//933 940//934
f 843//839 938//933 933//928
f 933//928 940//934 939//935
f 933//928 939//935 930//926
f 941//936 940//934 938//933
f 942//937 939//935 940//934
f 943//938 942//937 944//939
f 943//938 945//940 942//937
f 930//926 939//935 942//937
f 930//926 942//937 945//940
f 947//941 946//942 945//940
f 946//942 930//926 945//940
f 947//941 945//940 943//938
f 948//943 946//942 947//941
f 948//943 947//941 949//944
f 947//941 943//938 949//944
f 953//945 948//943 949//944
f 950//946 952//947 949//944
f 961//948 950//946 949//944
f 943//938 944//939 949//944
f 957//949 951//950 949//944
f 951//950 954//951 949//944
f 952//947 953//945 949//944
f 954//951 958//952 949//944
f 955//953 957//949 949//944
f 959//954 955//953 949//944
f 956//955 960//956 949//944
f 958//952 956//955 949//944
f 944//939 959//954 949//944
f 960//956 961//948 949//944
f 953//945 962//957 948//943
f 963//958 964//959 962//957
f 964//959 946//942 962//957
f 948//943 962//957 946//942
f 963//958 927//923 964//959
f 964//959 931//927 946//942
f 927//923 931//927 964//959
f 963//958 924//920 927//923
f 946//942 931//927 930//926
f 841//838 941//936 938//933
f 965//960 941//936 841//838
f 848//845 965//960 842//837
f 965//960 841//838 842//837
f 848//845 966//961 965//960
f 851//847 966//961 848//845
f 841//838 938//933 843//839
f 918//913 925//921 967//962
f 967//962 925//921 968//963
f 924//920 968//963 925//921
f 967//962 968//963 969//964
f 969//964 862//858 967//962
f 969//964 970//965 862//858
f 862//858 970//965 864//859
f 866//861 967//962 862//858
f 918//913 967//962 866//861
f 921//916 920//915 832//826
f 920//915 831//827 832//826
f 920//915 971//966 831//827
f 920//915 394//391 971//966
f 393//390 831//827 971//966
f 393//390 971//966 394//391
f 853//848 855//850 863//860
f 853//848 863//860 852//846
f 843//839 835//830 837//833
f 393//390 828//824 831//827
f 827//822 828//824 393//390
f 827//822 393//390 395//389
f 403//398 827//822 395//389
f 813//808 812//807 820//815
f 797//792 799//793 810//805
f 419//414 421//416 806//801
f 424//419 432//427 804//800
f 804//800 432//427 441//436
f 804//800 441//436 972//967
f 804//800 972//967 801//797
f 972//967 441//436 973//968
f 974//969 972//967 973//968
f 974//969 801//797 972//967
f 974//969 630//624 628//623
f 974//969 628//623 795//791
f 974//969 795//791 801//797
f 973//968 630//624 974//969
f 973//968 441//436 442//437
f 973//968 442//437 443//438
f 443//438 622//618 973//968
f 973//968 622//618 630//624
f 640//635 643//639 641//636
f 446//441 448//443 622//618
f 446//441 622//618 443//438
f 433//428 441//436 432//427
f 417//412 416//411 422//418
f 406//401 405//400 399//394
f 405//400 400//395 399//394
f 397//392 403//398 395//389
f 368//364 321//315 365//361
f 318//313 321//315 368//364
f 363//358 362//357 367//362
f 321//315 323//318 365//361
f 365//361 323//318 328//323
f 347//343 341//336 342//337
f 313//309 314//311 320//316
f 975//970 976//971 978//972
f 975//970 977//973 976//971
f 981//974 977//973 975//970
f 979//975 975//970 978//972
f 975//970 979//975 980//976
f 975//970 980//976 981//974
f 982//977 984//978 981//974
f 982//977 981//974 983//979
f 981//974 985//980 983//979
f 981//974 984//978 977//973
f 980//976 985//980 981//974
f 988//981 986//982 985//980
f 985//980 986//982 987//983
f 985//980 987//983 983//979
f 988//981 985//980 980//976
f 990//984 986//982 988//981
f 989//985 988//981 980//976
f 991//986 988//981 989//985
f 990//984 988//981 991//986
f 993//987 990//984 991//986
f 991//986 989//985 992//988
f 994//989 991//986 992//988
f 993//987 991//986 994//989
f 995//990 993//987 994//989
f 995//990 994//989 996//991
f 996//991 994//989 997//992
f 994//989 992//988 997//992
f 997//992 999//993 998//994
f 997//992 998//994 996//991
f 992//988 999//993 997//992
f 992//988 1000//995 999//993
f 999//993 1000//995 1001//996
f 999//993 1001//996 1002//997
f 999//993 1002//997 1003//998
f 999//993 1003//998 998//994
f 1003//998 1004//999 1007//1000
f 1006//1001 1004//999 1003//998
f 998//994 1003//998 1005//1002
f 1003//998 1007//1000 1005//1002
f 1002//997 1006//1001 1003//998
f 1005//1002 1007//1000 1008//1003
f 1007//1000 1009//1004 1008//1003
f 1007//1000 1010//1005 1009//1004
f 1004//999 1010//1005 1007//1000
f 1010//1005 1011//1006 1009//1004
f 1010//1005 1012//1007 1011//1006
f 1013//1008 1012//1007 1010//1005
f 1004//999 1013//1008 1010//1005
f 1013//1008 1016//1009 1012//1007
f 1013//1008 1004//999 1014//1010
f 1013//1008 1014//1010 1015//1011
f 1015//1011 1016//1009 1013//1008
f 1020//1012 1012//1007 1016//1009
f 1016//1009 1017//1013 1019//1014
f 1016//1009 1018//1015 1017//1013
f 1015//1011 1018//1015 1016//1009
f 1020//1012 1016//1009 1019//1014
f 1023//1016 1020//1012 1021//1017
f 1021//1017 1020//1012 1019//1014
f 1012//1007 1020//1012 1022//1018
f 1023//1016 1022//1018 1020//1012
f 1022//1018 1023//1016 1024//1019
f 1024//1019 1023//1016 1026//1020
f 1025//1021 1023//1016 1021//1017
f 1025//1021 1026//1020 1023//1016
f 1027//1022 1026//1020 1028//1023
f 1024//1019 1026//1020 1027//1022
f 1025//1021 1028//1023 1026//1020
f 1028//1023 1032//1024 1029//1025
f 1027//1022 1028//1023 1029//1025
f 1030//1026 1031//1027 1028//1023
f 1025//1021 1030//1026 1028//1023
f 1028//1023 1031//1027 1032//1024
f 1032//1024 1033//1028 1029//1025
f 1031//1027 1034//1029 1032//1024
f 1034//1029 1033//1028 1032//1024
f 1031//1027 1035//1030 1034//1029
f 1036//1031 1033//1028 1034//1029
f 1037//1032 1033//1028 1036//1031
f 1038//1033 1033//1028 1037//1032
f 1039//1034 1033//1028 1038//1033
f 1038//1033 1040//1035 1039//1034
f 1038//1033 1041//1036 1040//1035
f 1042//1037 1040//1035 1041//1036
f 1042//1037 1044//1038 1040//1035
f 1043//1039 1044//1038 1042//1037
f 1044//1038 1045//1040 1040//1035
f 1044//1038 1046//1041 1045//1040
f 1046//1041 1044//1038 1047//1042
f 1043//1039 1047//1042 1044//1038
f 1047//1042 1048//1043 1051//1044
f 1047//1042 1049//1045 1048//1043
f 1050//1046 1049//1045 1047//1042
f 1050//1046 1047//1042 1043//1039
f 1046//1041 1047//1042 1051//1044
f 1051//1044 1048//1043 1052//1047
f 1046//1041 1051//1044 1054//1048
f 1051//1044 1052//1047 1053//1049
f 1051//1044 1053//1049 1054//1048
f 1054//1048 1056//1050 1055//1051
f 1055//1051 1046//1041 1054//1048
f 1053//1049 1056//1050 1054//1048
f 1053//1049 1057//1052 1056//1050
f 1057//1052 1059//1053 1056//1050
f 1056//1050 1058//1054 1055//1051
f 1056//1050 1059//1053 1058//1054
f 1059//1053 1060//1055 1058//1054
f 1059//1053 995//990 1060//1055
f 1057//1052 1061//1056 1059//1053
f 1061//1056 995//990 1059//1053
f 1063//1057 1062//1058 1061//1056
f 1062//1058 993//987 1061//1056
f 1061//1056 993//987 995//990
f 1063//1057 1061//1056 1057//1052
f 1065//1059 1063//1057 1064//1060
f 1066//1061 1064//1060 1063//1057
f 1065//1059 1062//1058 1063//1057
f 1052//1047 1066//1061 1063//1057
f 1063//1057 1057//1052 1053//1049
f 1052//1047 1063//1057 1053//1049
f 1068//1062 1066//1061 1067//1063
f 1048//1043 1067//1063 1066//1061
f 1048//1043 1066//1061 1052//1047
f 1068//1062 1064//1060 1066//1061
f 1068//1062 1067//1063 1070//1064
f 1068//1062 1071//1065 1069//1066
f 1072//1067 1068//1062 1069//1066
f 1068//1062 1070//1064 1071//1065
f 1072//1067 1064//1060 1068//1062
f 1072//1067 1069//1066 982//977
f 1064//1060 1072//1067 1073//1068
f 982//977 1073//1068 1072//1067
f 1073//1068 1065//1059 1064//1060
f 982//977 983//979 1073//1068
f 983//979 1065//1059 1073//1068
f 1069//1066 1071//1065 1075//1069
f 1074//1070 1071//1065 1076//1071
f 1074//1070 1075//1069 1071//1065
f 1070//1064 1076//1071 1071//1065
f 1077//1072 1074//1070 1076//1071
f 1078//1073 1077//1072 1076//1071
f 1070//1064 1078//1073 1076//1071
f 1078//1073 1067//1063 1079//1074
f 1078//1073 1070//1064 1067//1063
f 1049//1045 1079//1074 1067//1063
f 1077//1072 1080//1075 1074//1070
f 1081//1076 1074//1070 1080//1075
f 1083//1077 1081//1076 1080//1075
f 1083//1077 1080//1075 1082//1078
f 1081//1076 1083//1077 1084//1079
f 1083//1077 1085//1080 1084//1079
f 1087//1081 1083//1077 1082//1078
f 1083//1077 1086//1082 1085//1080
f 1087//1081 1086//1082 1083//1077
f 1088//1083 1086//1082 1087//1081
f 1088//1083 1087//1081 1089//1084
f 1090//1085 1088//1083 1089//1084
f 1090//1085 1089//1084 1091//1086
f 1089//1084 1092//1087 1091//1086
f 1089//1084 1093//1088 1092//1087
f 1092//1087 1093//1088 1094//1089
f 1092//1087 1094//1089 1095//1090
f 1095//1090 1094//1089 1096//1091
f 1095//1090 1096//1091 1097//1092
f 1097//1092 1096//1091 1098//1093
f 1097//1092 1098//1093 1099//1094
f 1099//1094 1098//1093 1100//1095
f 1101//1096 1100//1095 1102//1097
f 1099//1094 1100//1095 1101//1096
f 1101//1096 1102//1097 1103//1098
f 1103//1098 1102//1097 1035//1030
f 1104//1099 1103//1098 1030//1026
f 1030//1026 1103//1098 1031//1027
f 1103//1098 1035//1030 1031//1027
f 1104//1099 1101//1096 1103//1098
f 1106//1100 1101//1096 1104//1099
f 1105//1101 1104//1099 1030//1026
f 1107//1102 1104//1099 1105//1101
f 1107//1102 1106//1100 1104//1099
f 1109//1103 1108//1104 1107//1102
f 1108//1104 1106//1100 1107//1102
f 1110//1105 1107//1102 1105//1101
f 1109//1103 1107//1102 1110//1105
f 1109//1103 1110//1105 1111//1106
f 1110//1105 1112//1107 1111//1106
f 1110//1105 1105//1101 1112//1107
f 1112//1107 1113//1108 1111//1106
f 1112//1107 1025//1021 1021//1017
f 1112//1107 1105//1101 1025//1021
f 1021//1017 1019//1014 1112//1107
f 1019//1014 1113//1108 1112//1107
f 1111//1106 1113//1108 1114//1109
f 1019//1014 1017//1013 1113//1108
f 1017//1013 1114//1109 1113//1108
f 1111//1106 1114//1109 1117//1110
f 1017//1013 1115//1111 1114//1109
f 1115//1111 1116//1112 1114//1109
f 1117//1110 1114//1109 1116//1112
f 1119//1113 1117//1110 1118//1114
f 1117//1110 1116//1112 1118//1114
f 1109//1103 1111//1106 1117//1110
f 1119//1113 1109//1103 1117//1110
f 1119//1113 1120//1115 1121//1116
f 1119//1113 1122//1117 1120//1115
f 1119//1113 1121//1116 1108//1104
f 1118//1114 1122//1117 1119//1113
f 1119//1113 1108//1104 1109//1103
f 1124//1118 1120//1115 1122//1117
f 1124//1118 1122//1117 1123//1119
f 1118//1114 1123//1119 1122//1117
f 1124//1118 1125//1120 1120//1115
f 1126//1121 1125//1120 1124//1118
f 1124//1118 1123//1119 1128//1122
f 1127//1123 1126//1121 1124//1118
f 1127//1123 1124//1118 1128//1122
f 1123//1119 1129//1124 1128//1122
f 1127//1123 1128//1122 1129//1124
f 1127//1123 1129//1124 1130//1125
f 1130//1125 1129//1124 1132//1126
f 1131//1127 1129//1124 1133//1128
f 1131//1127 1132//1126 1129//1124
f 1123//1119 1133//1128 1129//1124
f 1135//1129 1131//1127 1133//1128
f 1116//1112 1133//1128 1123//1119
f 1116//1112 1134//1130 1133//1128
f 1135//1129 1133//1128 1134//1130
f 1136//1131 1131//1127 1135//1129
f 1137//1132 1135//1129 1134//1130
f 1136//1131 1135//1129 1139//1133
f 1137//1132 1138//1134 1135//1129
f 1139//1133 1135//1129 1138//1134
f 1139//1133 1138//1134 1140//1135
f 1140//1135 1141//1136 1139//1133
f 1139//1133 1141//1136 1136//1131
f 1136//1131 1141//1136 1142//1137
f 1143//1138 1142//1137 1141//1136
f 1143//1138 1141//1136 1140//1135
f 1145//1139 1142//1137 1143//1138
f 1140//1135 1144//1140 1143//1138
f 1144//1140 1145//1139 1143//1138
f 1145//1139 1147//1141 1142//1137
f 978//972 1145//1139 1146//1142
f 978//972 1147//1141 1145//1139
f 1148//1143 1146//1142 1145//1139
f 1148//1143 1145//1139 1149//1144
f 1144//1140 1149//1144 1145//1139
f 1148//1143 1149//1144 1150//1145
f 1150//1145 1149//1144 1151//1146
f 1152//1147 1151//1146 1149//1144
f 1152//1147 1149//1144 1144//1140
f 1015//1011 1014//1010 1152//1147
f 1014//1010 1151//1146 1152//1147
f 1015//1011 1152//1147 1153//1148
f 1153//1148 1152//1147 1144//1140
f 1015//1011 1153//1148 1140//1135
f 1140//1135 1153//1148 1144//1140
f 1150//1145 1151//1146 1014//1010
f 1148//1143 1150//1145 1154//1149
f 1154//1149 1150//1145 1006//1001
f 1150//1145 1014//1010 1006//1001
f 1155//1150 1148//1143 1154//1149
f 1155//1150 1154//1149 1001//996
f 1001//996 1154//1149 1006//1001
f 980//976 1155//1150 1156//1151
f 980//976 979//975 1155//1150
f 1155//1150 1146//1142 1148//1143
f 979//975 1146//1142 1155//1150
f 1000//995 1155//1150 1001//996
f 1156//1151 1155//1150 1000//995
f 989//985 1156//1151 1000//995
f 980//976 1156//1151 989//985
f 1157//1152 1147//1141 978//972
f 1142//1137 1147//1141 1157//1152
f 1157//1152 978//972 976//971
f 1157//1152 976//971 1160//1153
f 1157//1152 1160//1153 1158//1154
f 1158//1154 1159//1155 1157//1152
f 1142//1137 1157//1152 1159//1155
f 1161//1156 1163//1157 1160//1153
f 977//973 1161//1156 1160//1153
f 1160//1153 1162//1158 1158//1154
f 1160//1153 1163//1157 1162//1158
f 977//973 1160//1153 976//971
f 1161//1156 1164//1159 1163//1157
f 1166//1160 1163//1157 1164//1159
f 1166//1160 1165//1161 1163//1157
f 1165//1161 1162//1158 1163//1157
f 1167//1162 1166//1160 1164//1159
f 1167//1162 1168//1163 1166//1160
f 1170//1164 1166//1160 1168//1163 1173//1165
f 1165//1161 1166//1160 1169//1166 1171//1167
f 1170//1164 1169//1166 1166//1160
f 1170//1164 1172//1168 1171//1167
f 1171//1167 1169//1166 1170//1164
f 1170//1164 1173//1165 1172//1168
f 1173//1165 1168//1163 1176//1169 1172//1168
f 1172//1168 1175//1170 1174//1171
f 1171//1167 1172//1168 1174//1171
f 1172//1168 1177//1172 1175//1170
f 1172//1168 1176//1169 1177//1172
f 1177//1172 1178//1173 1175//1170
f 1178//1173 1177//1172 1176//1169
f 1179//1174 1175//1170 1178//1173
f 1180//1175 1179//1174 1178//1173
f 1178//1173 1176//1169 1181//1176 1180//1175
f 1180//1175 1181//1176 1183//1177 1179//1174
f 1176//1169 1182//1178 1181//1176
f 1183//1177 1181//1176 1182//1178
f 1183//1177 1182//1178 1184//1179
f 1185//1180 1183//1177 1184//1179
f 1175//1170 1183//1177 1185//1180 1190//1181
f 1179//1174 1183//1177 1186//1182
f 1175//1170 1186//1182 1183//1177
f 1179//1174 1186//1182 1175//1170
f 1185//1180 1184//1179 1187//1183
f 1187//1183 1189//1184 1185//1180
f 1185//1180 1189//1184 1193//1185 1188//1186
f 1190//1181 1185//1180 1188//1186
f 1175//1170 1190//1181 1188//1186
f 1187//1183 1191//1187 1189//1184
f 1191//1187 1192//1188 1189//1184
f 1193//1185 1189//1184 1192//1188 1194//1189
f 1188//1186 1193//1185 1194//1189
f 1188//1186 1194//1189 1175//1170
f 1194//1189 1195//1190 1196//1191
f 1194//1189 1197//1192 1195//1190
f 1175//1170 1194//1189 1196//1191
f 1194//1189 1192//1188 1197//1192
f 1197//1192 1198//1193 1195//1190
f 1197//1192 1192//1188 1198//1193
f 1198//1193 1192//1188 1199//1194 1195//1190
f 1199//1194 1202//1195 1200//1196 1196//1191
f 1195//1190 1199//1194 1196//1191
f 1196//1191 1200//1196 1175//1170
f 1200//1196 1203//1197 1201//1198
f 1200//1196 1201//1198 1175//1170
f 1202//1195 1203//1197 1200//1196
f 1203//1197 1202//1195 1205//1199 1201//1198
f 1202//1195 1204//1200 1205//1199
f 1202//1195 1207//1201 1204//1200
f 1206//1202 1202//1195 1199//1194
f 1206//1202 1207//1201 1202//1195
f 1208//1203 1207//1201 1206//1202
f 1210//1204 1207//1201 1208//1203
f 1209//1205 1204//1200 1207//1201
f 1210//1204 1209//1205 1207//1201
f 1211//1206 1210//1204 1132//1126
f 1211//1206 1209//1205 1210//1204
f 1208//1203 1130//1125 1210//1204
f 1130//1125 1132//1126 1210//1204
f 1211//1206 1131//1127 1136//1131
f 1211//1206 1132//1126 1131//1127
f 1211//1206 1212//1207 1209//1205
f 1211//1206 1159//1155 1212//1207
f 1136//1131 1159//1155 1211//1206
f 1158//1154 1204//1200 1212//1207
f 1158//1154 1212//1207 1159//1155
f 1209//1205 1212//1207 1204//1200
f 1214//1208 1213//1209 1208//1203
f 1208//1203 1213//1209 1130//1125
f 1214//1208 1208//1203 1206//1202
f 1215//1210 1214//1208 1191//1187
f 1215//1210 1213//1209 1214//1208
f 1192//1188 1214//1208 1206//1202
f 1191//1187 1214//1208 1192//1188
f 1215//1210 1216//1211 1126//1121
f 1126//1121 1127//1123 1215//1210
f 1127//1123 1213//1209 1215//1210
f 1215//1210 1191//1187 1187//1183
f 1187//1183 1216//1211 1215//1210
f 1217//1212 1216//1211 1219//1213
f 1217//1212 1218//1214 1216//1211
f 1216//1211 1218//1214 1126//1121
f 1187//1183 1219//1213 1216//1211
f 1184//1179 1217//1212 1219//1213
f 1184//1179 1219//1213 1187//1183
f 1217//1212 1221//1215 1218//1214
f 1126//1121 1218//1214 1125//1120
f 1218//1214 1220//1216 1125//1120
f 1218//1214 1222//1217 1220//1216
f 1221//1215 1222//1217 1218//1214
f 1225//1218 1222//1217 1223//1219
f 1221//1215 1223//1219 1222//1217
f 1224//1220 1220//1216 1222//1217
f 1224//1220 1222//1217 1225//1218
f 1091//1086 1225//1218 1090//1085
f 1091//1086 1224//1220 1225//1218
f 1090//1085 1225//1218 1226//1221
f 1227//1222 1226//1221 1225//1218
f 1227//1222 1225//1218 1228//1223
f 1225//1218 1223//1219 1228//1223
f 1228//1223 1229//1224 1230//1225
f 1228//1223 1223//1219 1229//1224
f 1233//1226 1228//1223 1230//1225
f 1227//1222 1228//1223 1231//1227
f 1228//1223 1232//1228 1231//1227
f 1233//1226 1232//1228 1228//1223
f 1235//1229 1232//1228 1233//1226
f 1233//1226 1234//1230 1236//1231
f 1233//1226 1237//1232 1234//1230
f 1233//1226 1236//1231 1235//1229
f 1233//1226 1230//1225 1237//1232
f 1237//1232 1229//1224 984//978
f 1237//1232 1230//1225 1229//1224
f 982//977 1237//1232 984//978
f 1069//1066 1237//1232 982//977
f 1234//1230 1237//1232 1238//1233
f 1069//1066 1238//1233 1237//1232
f 1069//1066 1075//1069 1238//1233
f 1238//1233 1075//1069 1239//1234
f 1238//1233 1239//1234 1240//1235
f 1234//1230 1238//1233 1240//1235
f 1240//1235 1239//1234 1241//1236
f 1236//1231 1234//1230 1240//1235
f 1240//1235 1241//1236 1242//1237
f 1236//1231 1240//1235 1242//1237
f 1253//1238 1236//1231 1242//1237 1245//1239
f 1243//1240 1250//1241 1244//1242 1242//1237
f 1243//1240 1242//1237 1241//1236
f 1245//1239 1242//1237 1244//1242
f 1246//1243 1251//1244 1245//1239
f 1247//1245 1246//1243 1245//1239
f 1252//1246 1247//1245 1245//1239
f 1245//1239 1250//1241 1248//1247
f 1245//1239 1248//1247 1249//1248
f 1252//1246 1245//1239 1249//1248
f 1245//1239 1244//1242 1250//1241
f 1251//1244 1253//1238 1245//1239
f 1236//1231 1253//1238 1251//1244 1235//1229
f 1254//1249 1256//1250 1252//1246
f 1254//1249 1252//1246 1255//1251
f 1249//1248 1255//1251 1252//1246
f 1258//1252 1252//1246 1256//1250
f 1252//1246 1257//1253 1247//1245
f 1258//1252 1259//1254 1257//1253 1252//1246
f 1256//1250 1259//1254 1258//1252
f 1260//1255 1259//1254 1262//1256
f 1260//1255 1257//1253 1259//1254
f 1254//1249 1261//1257 1259//1254 1256//1250
f 1261//1257 1262//1256 1259//1254
f 1261//1257 1263//1258 1262//1256
f 1085//1080 1262//1256 1263//1258
f 1085//1080 1264//1259 1262//1256
f 1262//1256 1264//1259 1265//1260
f 1260//1255 1262//1256 1265//1260
f 1265//1260 1226//1221 1260//1255
f 1090//1085 1226//1221 1265//1260
f 1264//1259 1090//1085 1265//1260
f 1264//1259 1085//1080 1086//1082
f 1264//1259 1086//1082 1088//1083
f 1264//1259 1088//1083 1090//1085
f 1266//1261 1085//1080 1263//1258
f 1266//1261 1263//1258 1261//1257
f 1269//1262 1266//1261 1267//1263
f 1266//1261 1261//1257 1267//1263
f 1266//1261 1084//1079 1085//1080
f 1266//1261 1268//1264 1084//1079
f 1269//1262 1268//1264 1266//1261
f 1270//1265 1268//1264 1269//1262
f 1269//1262 1267//1263 1255//1251 1249//1248
f 1270//1265 1269//1262 1271//1266 1248//1247
f 1269//1262 1249//1248 1271//1266
f 1248//1247 1271//1266 1249//1248
f 1243//1240 1272//1267 1270//1265
f 1270//1265 1272//1267 1268//1264
f 1243//1240 1270//1265 1273//1268 1274//1269
f 1270//1265 1248//1247 1273//1268
f 1250//1241 1274//1269 1273//1268
f 1248//1247 1250//1241 1273//1268
f 1250//1241 1275//1270 1274//1269
f 1243//1240 1274//1269 1275//1270
f 1250//1241 1243//1240 1275//1270
f 1272//1267 1276//1271 1081//1076
f 1276//1271 1272//1267 1241//1236
f 1243//1240 1241//1236 1272//1267
f 1272//1267 1081//1076 1268//1264
f 1276//1271 1241//1236 1239//1234
f 1239//1234 1074//1070 1276//1271
f 1081//1076 1276//1271 1074//1070
f 1081//1076 1084//1079 1268//1264
f 1267//1263 1277//1272 1255//1251
f 1267//1263 1261//1257 1254//1249 1277//1272
f 1255//1251 1277//1272 1254//1249
f 1260//1255 1226//1221 1227//1222
f 1227//1222 1278//1273 1260//1255
f 1260//1255 1278//1273 1257//1253
f 1257//1253 1278//1273 1279//1274
f 1231//1227 1279//1274 1278//1273
f 1227//1222 1231//1227 1278//1273
f 1231//1227 1232//1228 1279//1274
f 1280//1275 1279//1274 1235//1229
f 1235//1229 1279//1274 1232//1228
f 1257//1253 1279//1274 1280//1275
f 1280//1275 1235//1229 1284//1276 1246//1243
f 1247//1245 1257//1253 1280//1275 1283//1277
f 1281//1278 1280//1275 1246//1243
f 1280//1275 1281//1278 1282//1279
f 1283//1277 1280//1275 1282//1279
f 1283//1277 1282//1279 1281//1278
f 1281//1278 1246//1243 1283//1277
f 1247//1245 1283//1277 1246//1243
f 1235//1229 1251//1244 1284//1276
f 1246//1243 1284//1276 1251//1244
f 1239//1234 1075//1069 1074//1070
f 1285//1280 984//978 1229//1224
f 1221//1215 1285//1280 1229//1224
f 1221//1215 1229//1224 1223//1219
f 1286//1281 1285//1280 1221//1215
f 1161//1156 1285//1280 1286//1281
f 1161//1156 977//973 1285//1280
f 1285//1280 977//973 984//978
f 1286//1281 1221//1215 1217//1212
f 1182//1178 1167//1162 1286//1281
f 1167//1162 1161//1156 1286//1281
f 1182//1178 1286//1281 1217//1212
f 1288//1282 1220//1216 1224//1220
f 1287//1283 1224//1220 1091//1086
f 1288//1282 1224//1220 1287//1283
f 1125//1120 1288//1282 1120//1115
f 1125//1120 1220//1216 1288//1282
f 1120//1115 1288//1282 1289//1284
f 1289//1284 1288//1282 1287//1283
f 1120//1115 1289//1284 1121//1116
f 1121//1116 1289//1284 1290//1285
f 1097//1092 1290//1285 1289//1284
f 1289//1284 1287//1283 1095//1090
f 1097//1092 1289//1284 1095//1090
f 1121//1116 1290//1285 1108//1104
f 1290//1285 1097//1092 1099//1094
f 1290//1285 1099//1094 1106//1100
f 1108//1104 1290//1285 1106//1100
f 1287//1283 1091//1086 1092//1087
f 1095//1090 1287//1283 1092//1087
f 1184//1179 1182//1178 1217//1212
f 1127//1123 1130//1125 1213//1209
f 1192//1188 1206//1202 1199//1194
f 1205//1199 1204//1200 1162//1158
f 1205//1199 1162//1158 1291//1286
f 1205//1199 1291//1286 1293//1287 1174//1171
f 1205//1199 1292//1288 1201//1198
f 1205//1199 1174//1171 1292//1288
f 1201//1198 1292//1288 1174//1171
f 1165//1161 1294//1289 1293//1287 1291//1286
f 1165//1161 1291//1286 1162//1158
f 1174//1171 1293//1287 1294//1289
f 1294//1289 1295//1290 1171//1167
f 1294//1289 1171//1167 1174//1171
f 1165//1161 1295//1290 1294//1289
f 1165//1161 1171//1167 1295//1290
f 1158//1154 1162//1158 1204//1200
f 1201//1198 1174//1171 1175//1170
f 1168//1163 1167//1162 1182//1178
f 1168//1163 1182//1178 1176//1169
f 1167//1162 1164//1159 1161//1156
f 1136//1131 1142//1137 1159//1155
f 979//975 978//972 1146//1142
f 1140//1135 1138//1134 1018//1015
f 1140//1135 1018//1015 1015//1011
f 1138//1134 1017//1013 1018//1015
f 1138//1134 1137//1132 1017//1013
f 1137//1132 1134//1130 1115//1111
f 1017//1013 1137//1132 1115//1111
f 1115//1111 1134//1130 1116//1112
f 1116//1112 1123//1119 1118//1114
f 1106//1100 1099//1094 1101//1096
f 1105//1101 1030//1026 1025//1021
f 1049//1045 1067//1063 1048//1043
f 983//979 987//983 1065//1059
f 1065//1059 987//983 1062//1058
f 987//983 990//984 1062//1058
f 1062//1058 990//984 993//987
f 1060//1055 1296//1291 1297//1292
f 1060//1055 1298//1293 1296//1291
f 1058//1054 1060//1055 1297//1292
f 995//990 1298//1293 1060//1055
f 1298//1293 1299//1294 1296//1291
f 1298//1293 1300//1295 1299//1294
f 996//991 1300//1295 1298//1293
f 995//990 996//991 1298//1293
f 998//994 1005//1002 1300//1295
f 1300//1295 1005//1002 1301//1296
f 1300//1295 1301//1296 1299//1294
f 996//991 998//994 1300//1295
f 1005//1002 1008//1003 1301//1296
f 1303//1297 1299//1294 1301//1296
f 1302//1298 1301//1296 1008//1003
f 1303//1297 1301//1296 1302//1298
f 1303//1297 1033//1028 1304//1299
f 1296//1291 1303//1297 1304//1299
f 1302//1298 1033//1028 1303//1297
f 1296//1291 1299//1294 1303//1297
f 1304//1299 1033//1028 1305//1300
f 1305//1300 1296//1291 1304//1299
f 1305//1300 1033//1028 1306//1301
f 1306//1301 1297//1292 1305//1300
f 1305//1300 1297//1292 1296//1291
f 1306//1301 1033//1028 1307//1302
f 1307//1302 1308//1303 1306//1301
f 1306//1301 1308//1303 1297//1292
f 1058//1054 1308//1303 1309//1304
f 1058//1054 1297//1292 1308//1303
f 1307//1302 1309//1304 1308//1303
f 1310//1305 1309//1304 1307//1302
f 1058//1054 1309//1304 1055//1051
f 1310//1305 1045//1040 1309//1304
f 1309//1304 1046//1041 1055//1051
f 1309//1304 1045//1040 1046//1041
f 1307//1302 1033//1028 1310//1305
f 1040//1035 1310//1305 1039//1034
f 1040//1035 1045//1040 1310//1305
f 1310//1305 1033//1028 1039//1034
f 1311//1306 1033//1028 1302//1298
f 1302//1298 1008//1003 1311//1306
f 1008//1003 1312//1307 1311//1306
f 1312//1307 1033//1028 1311//1306
f 1008//1003 1009//1004 1312//1307
f 1009//1004 1313//1308 1312//1307
f 1313//1308 1033//1028 1312//1307
f 1313//1308 1022//1018 1314//1309
f 1314//1309 1033//1028 1313//1308
f 1009//1004 1011//1006 1313//1308
f 1313//1308 1011//1006 1022//1018
f 1022//1018 1024//1019 1314//1309
f 1024//1019 1033//1028 1314//1309
f 1029//1025 1033//1028 1027//1022
f 1027//1022 1033//1028 1024//1019
f 1012//1007 1022//1018 1011//1006
f 1006//1001 1014//1010 1004//999
f 1001//996 1006//1001 1002//997
f 989//985 1000//995 992//988
f 987//983 986//982 990//984
f 1316//1310 1315//1311 1318//1312
f 1316//1310 1317//1313 1315//1311
f 1315//1311 1317//1313 1319//1314
f 1315//1311 1319//1314 1320//1315
f 1321//1316 1320//1315 1319//1314
f 1321//1316 1322//1317 1320//1315
f 1321//1316 1323//1318 1322//1317
f 1321//1316 1324//1319 1323//1318
f 1324//1319 1325//1320 1323//1318
f 1324//1319 1326//1321 1325//1320
f 1326//1321 1327//1322 1325//1320
f 1330//1323 1328//1324 1327//1322
f 1326//1321 1329//1325 1327//1322
f 1330//1323 1327//1322 1329//1325
f 1330//1323 1318//1312 1328//1324
f 1330//1323 1316//1310 1318//1312
f 1316//1310 1330//1323 1332//1326
f 1330//1323 1331//1327 1332//1326
f 1330//1323 1329//1325 1331//1327
f 1332//1326 1331//1327 1333//1328
f 1332//1326 1333//1328 1334//1329
f 1332//1326 1334//1329 1336//1330
f 1316//1310 1332//1326 1335//1331
f 1332//1326 1336//1330 1335//1331
f 1340//1332 1336//1330 1334//1329
f 1338//1333 1337//1334 1336//1330
f 1337//1334 1335//1331 1336//1330
f 1338//1333 1336//1330 1339//1335
f 1340//1332 1339//1335 1336//1330
f 1340//1332 1341//1336 1339//1335
f 1340//1332 1343//1337 1341//1336
f 1334//1329 1342//1338 1340//1332
f 1340//1332 1342//1338 1344//1339
f 1340//1332 1344//1339 1343//1337
f 1344//1339 1347//1340 1345//1341
f 1346//1342 1344//1339 1345//1341
f 1344//1339 1342//1338 1347//1340
f 1346//1342 1343//1337 1344//1339
f 1347//1340 1350//1343 1345//1341
f 1342//1338 1348//1344 1347//1340
f 1348//1344 1349//1345 1347//1340
f 1347//1340 1349//1345 1350//1343
f 1351//1346 1350//1343 1349//1345
f 1351//1346 1352//1347 1350//1343
f 1345//1341 1350//1343 1353//1348
f 1352//1347 1353//1348 1350//1343
f 1354//1349 1353//1348 1356//1350
f 1354//1349 1358//1351 1353//1348
f 1345//1341 1353//1348 1358//1351
f 1352//1347 1355//1352 1353//1348
f 1353//1348 1355//1352 1357//1353
f 1353//1348 1357//1353 1356//1350
f 1346//1342 1345//1341 1358//1351
f 1354//1349 1346//1342 1358//1351
f 1357//1353 1359//1354 1360//1355
f 1357//1353 1355//1352 1359//1354
f 1362//1356 1357//1353 1360//1355
f 1361//1357 1356//1350 1357//1353
f 1362//1356 1361//1357 1357//1353
f 1362//1356 1363//1358 1361//1357
f 1362//1356 1364//1359 1363//1358
f 1365//1360 1364//1359 1362//1356
f 1365//1360 1362//1356 1360//1355
f 1365//1360 1366//1361 1369//1362
f 1365//1360 1360//1355 1366//1361
f 1367//1363 1365//1360 1368//1364
f 1365//1360 1367//1363 1364//1359
f 1365//1360 1369//1362 1368//1364
f 1366//1361 1373//1365 1369//1362
f 1369//1362 1371//1366 1368//1364
f 1369//1362 1370//1367 1372//1368
f 1369//1362 1373//1365 1370//1367
f 1369//1362 1372//1368 1371//1366
f 1366//1361 1374//1369 1373//1365
f 1374//1369 1341//1336 1373//1365
f 1373//1365 1341//1336 1343//1337
f 1373//1365 1343//1337 1370//1367
f 1376//1370 1375//1371 1374//1369
f 1374//1369 1375//1371 1341//1336
f 1360//1355 1374//1369 1366//1361
f 1360//1355 1359//1354 1374//1369
f 1376//1370 1374//1369 1359//1354
f 1359//1354 1352//1347 1376//1370
f 1377//1372 1375//1371 1376//1370
f 1377//1372 1376//1370 1352//1347
f 1379//1373 1338//1333 1377//1372
f 1377//1372 1338//1333 1375//1371
f 1378//1374 1377//1372 1351//1346
f 1378//1374 1379//1373 1377//1372
f 1377//1372 1352//1347 1351//1346
f 1379//1373 1337//1334 1338//1333
f 1380//1375 1337//1334 1379//1373
f 1378//1374 1380//1375 1379//1373
f 1380//1375 1381//1376 1337//1334
f 1319//1314 1381//1376 1380//1375
f 1321//1316 1319//1314 1380//1375
f 1321//1316 1380//1375 1382//1377
f 1378//1374 1382//1377 1380//1375
f 1321//1316 1382//1377 1383//1378
f 1382//1377 1378//1374 1384//1379
f 1382//1377 1384//1379 1383//1378
f 1378//1374 1349//1345 1384//1379
f 1348//1344 1384//1379 1349//1345
f 1385//1380 1384//1379 1348//1344
f 1385//1380 1383//1378 1384//1379
f 1331//1327 1385//1380 1348//1344
f 1331//1327 1326//1321 1385//1380
f 1385//1380 1326//1321 1324//1319
f 1385//1380 1324//1319 1383//1378
f 1321//1316 1383//1378 1324//1319
f 1319//1314 1317//1313 1381//1376
f 1316//1310 1381//1376 1317//1313
f 1316//1310 1335//1331 1381//1376
f 1337//1334 1381//1376 1335//1331
f 1378//1374 1351//1346 1349//1345
f 1375//1371 1338//1333 1339//1335
f 1375//1371 1339//1335 1341//1336
f 1346//1342 1372//1368 1370//1367
f 1371//1366 1372//1368 1386//1381
f 1346//1342 1386//1381 1372//1368
f 1354//1349 1386//1381 1346//1342
f 1387//1382 1386//1381 1354//1349
f 1371//1366 1386//1381 1387//1382
f 1388//1383 1387//1382 1389//1384
f 1388//1383 1371//1366 1387//1382
f 1390//1385 1389//1384 1387//1382
f 1390//1385 1387//1382 1391//1386
f 1387//1382 1354//1349 1391//1386
f 1391//1386 1354//1349 1356//1350
f 1391//1386 1356//1350 1392//1387
f 1393//1388 1391//1386 1392//1387
f 1393//1388 1390//1385 1391//1386
f 1363//1358 1394//1389 1393//1388
f 1390//1385 1393//1388 1394//1389
f 1363//1358 1393//1388 1392//1387
f 1390//1385 1394//1389 1395//1390
f 1394//1389 1396//1391 1395//1390
f 1394//1389 1397//1392 1396//1391
f 1398//1393 1397//1392 1394//1389
f 1363//1358 1398//1393 1394//1389
f 1398//1393 1399//1394 1397//1392
f 1399//1394 1398//1393 1400//1395
f 1363//1358 1400//1395 1398//1393
f 1363//1358 1364//1359 1400//1395
f 1367//1363 1400//1395 1364//1359
f 1367//1363 1401//1396 1400//1395
f 1400//1395 1401//1396 1403//1397
f 1399//1394 1400//1395 1402//1398
f 1400//1395 1403//1397 1402//1398
f 1401//1396 1404//1399 1403//1397
f 1401//1396 1405//1400 1404//1399
f 1406//1401 1404//1399 1405//1400
f 1408//1402 1406//1401 1407//1403
f 1406//1401 1405//1400 1407//1403
f 1408//1402 1407//1403 1409//1404
f 1408//1402 1409//1404 1395//1390
f 1408//1402 1395//1390 1396//1391
f 1407//1403 1389//1384 1409//1404
f 1409//1404 1390//1385 1395//1390
f 1409//1404 1389//1384 1390//1385
f 1388//1383 1407//1403 1405//1400
f 1407//1403 1388//1383 1389//1384
f 1401//1396 1410//1405 1405//1400
f 1388//1383 1405//1400 1410//1405
f 1401//1396 1367//1363 1410//1405
f 1367//1363 1368//1364 1410//1405
f 1371//1366 1410//1405 1368//1364
f 1371//1366 1388//1383 1410//1405
f 1363//1358 1392//1387 1361//1357
f 1361//1357 1392//1387 1356//1350
f 1346//1342 1370//1367 1343//1337
f 1359//1354 1355//1352 1352//1347
f 1342//1338 1333//1328 1348//1344
f 1331//1327 1348//1344 1333//1328
f 1334//1329 1333//1328 1342//1338
f 1331//1327 1329//1325 1326//1321
f 1411//1406 1412//1407 1414//1408
f 1411//1406 1413//1409 1412//1407
f 1411//1406 1417//1410 1413//1409
f 1411//1406 1414//1408 1415//1411
f 1411//1406 1415//1411 1416//1412
f 1411//1406 1416//1412 1419//1413
f 1411//1406 1418//1414 1417//1410
f 1411//1406 1419//1413 1418//1414
f 1420//1415 1419//1413 1422//1416
f 1420//1415 1421//1417 1419//1413
f 1421//1417 1418//1414 1419//1413
f 1416//1412 1422//1416 1419//1413
f 1423//1418 1422//1416 1424//1419
f 1423//1418 1420//1415 1422//1416
f 1426//1420 1424//1419 1422//1416
f 1416//1412 1425//1421 1422//1416
f 1426//1420 1422//1416 1425//1421
f 1427//1422 1426//1420 1425//1421
f 1427//1422 1428//1423 1426//1420
f 1428//1423 1429//1424 1426//1420
f 1426//1420 1429//1424 1430//1425
f 1426//1420 1430//1425 1424//1419
f 1433//1426 1424//1419 1430//1425
f 1432//1427 1430//1425 1431//1428
f 1429//1424 1431//1428 1430//1425
f 1432//1427 1433//1426 1430//1425
f 1434//1429 1433//1426 1432//1427
f 1433//1426 1423//1418 1424//1419
f 1433//1426 1436//1430 1423//1418
f 1434//1429 1435//1431 1433//1426
f 1433//1426 1435//1431 1436//1430
f 1423//1418 1436//1430 1437//1432
f 1438//1433 1437//1432 1436//1430
f 1438//1433 1436//1430 1435//1431
f 1438//1433 1439//1434 1437//1432
f 1441//1435 1439//1434 1438//1433
f 1438//1433 1435//1431 1440//1436
f 1440//1436 1441//1435 1438//1433
f 1442//1437 1441//1435 1444//1438
f 1442//1437 1445//1439 1441//1435
f 1441//1435 1443//1440 1439//1434
f 1445//1439 1443//1440 1441//1435
f 1440//1436 1444//1438 1441//1435
f 1428//1423 1445//1439 1442//1437
f 1428//1423 1446//1441 1445//1439
f 1445//1439 1446//1441 1443//1440
f 1415//1411 1446//1441 1427//1422
f 1428//1423 1427//1422 1446//1441
f 1446//1441 1447//1442 1443//1440
f 1446//1441 1448//1443 1447//1442
f 1415//1411 1448//1443 1446//1441
f 1448//1443 1449//1444 1447//1442
f 1448//1443 1450//1445 1449//1444
f 1414//1408 1450//1445 1448//1443
f 1414//1408 1448//1443 1415//1411
f 1450//1445 1451//1446 1449//1444
f 1450//1445 1452//1447 1451//1446
f 1414//1408 1452//1447 1450//1445
f 1452//1447 1453//1448 1451//1446
f 1414//1408 1412//1407 1452//1447
f 1455//1449 1452//1447 1412//1407
f 1452//1447 1454//1450 1453//1448
f 1455//1449 1454//1450 1452//1447
f 1456//1451 1455//1449 1459//1452
f 1456//1451 1454//1450 1455//1449
f 1458//1453 1455//1449 1412//1407
f 1457//1454 1455//1449 1458//1453
f 1457//1454 1459//1452 1455//1449
f 1456//1451 1459//1452 1460//1455
f 1460//1455 1459//1452 1457//1454
f 1456//1451 1460//1455 1464//1456
f 1460//1455 1461//1457 1464//1456
f 1460//1455 1465//1458 1461//1457
f 1460//1455 1457//1454 1462//1459
f 1463//1460 1460//1455 1462//1459
f 1463//1460 1465//1458 1460//1455
f 1463//1460 1466//1461 1465//1458
f 1461//1457 1465//1458 1466//1461
f 1461//1457 1466//1461 1469//1462
f 1463//1460 1468//1463 1466//1461
f 1467//1464 1466//1461 1468//1463
f 1467//1464 1470//1465 1466//1461
f 1470//1465 1469//1462 1466//1461
f 1470//1465 1471//1466 1469//1462
f 1472//1467 1469//1462 1471//1466
f 1474//1468 1472//1467 1473//1469
f 1474//1468 1475//1470 1472//1467
f 1472//1467 1475//1470 1469//1462
f 1474//1468 1476//1471 1475//1470
f 1475//1470 1461//1457 1469//1462
f 1475//1470 1476//1471 1461//1457
f 1474//1468 1477//1472 1476//1471
f 1477//1472 1478//1473 1476//1471
f 1476//1471 1478//1473 1464//1456
f 1476//1471 1464//1456 1461//1457
f 1478//1473 1456//1451 1464//1456
f 1478//1473 1479//1474 1456//1451
f 1480//1475 1479//1474 1478//1473
f 1477//1472 1480//1475 1478//1473
f 1481//1476 1480//1475 1477//1472
f 1481//1476 1482//1477 1480//1475
f 1482//1477 1483//1478 1480//1475
f 1480//1475 1483//1478 1479//1474
f 1482//1477 1484//1479 1483//1478
f 1484//1479 1485//1480 1483//1478
f 1485//1480 1479//1474 1483//1478
f 1484//1479 1486//1481 1485//1480
f 1487//1482 1485//1480 1486//1481
f 1485//1480 1451//1446 1453//1448
f 1485//1480 1487//1482 1451//1446
f 1485//1480 1453//1448 1479//1474
f 1487//1482 1486//1481 1488//1483
f 1489//1484 1487//1482 1488//1483
f 1451//1446 1487//1482 1489//1484
f 1491//1485 1490//1486 1489//1484
f 1489//1484 1490//1486 1447//1442
f 1451//1446 1489//1484 1449//1444
f 1491//1485 1489//1484 1492//1487
f 1489//1484 1447//1442 1449//1444
f 1489//1484 1488//1483 1492//1487
f 1493//1488 1492//1487 1488//1483
f 1493//1488 1491//1485 1492//1487
f 1493//1488 1421//1417 1491//1485
f 1421//1417 1493//1488 1418//1414
f 1493//1488 1417//1410 1418//1414
f 1493//1488 1494//1489 1417//1410
f 1493//1488 1488//1483 1494//1489
f 1495//1490 1494//1489 1496//1491
f 1495//1490 1417//1410 1494//1489
f 1496//1491 1494//1489 1488//1483
f 1495//1490 1496//1491 1497//1492
f 1496//1491 1488//1483 1486//1481
f 1497//1492 1496//1491 1486//1481
f 1497//1492 1482//1477 1498//1493
f 1497//1492 1484//1479 1482//1477
f 1497//1492 1486//1481 1484//1479
f 1497//1492 1498//1493 1499//1494
f 1497//1492 1499//1494 1500//1495
f 1495//1490 1497//1492 1500//1495
f 1500//1495 1499//1494 1462//1459
f 1457//1454 1495//1490 1500//1495
f 1500//1495 1462//1459 1457//1454
f 1499//1494 1501//1496 1463//1460
f 1498//1493 1501//1496 1499//1494
f 1499//1494 1463//1460 1462//1459
f 1502//1497 1463//1460 1501//1496
f 1503//1498 1502//1497 1501//1496
f 1498//1493 1503//1498 1501//1496
f 1482//1477 1503//1498 1498//1493
f 1482//1477 1481//1476 1503//1498
f 1504//1499 1503//1498 1481//1476
f 1504//1499 1505//1500 1503//1498
f 1503//1498 1505//1500 1502//1497
f 1504//1499 1506//1501 1505//1500
f 1506//1501 1502//1497 1505//1500
f 1506//1501 1507//1502 1502//1497
f 1504//1499 1508//1503 1506//1501
f 1474//1468 1473//1469 1508//1503
f 1474//1468 1508//1503 1504//1499
f 1468//1463 1502//1497 1507//1502
f 1468//1463 1507//1502 1467//1464
f 1474//1468 1504//1499 1481//1476
f 1502//1497 1468//1463 1463//1460
f 1458//1453 1417//1410 1495//1490
f 1457//1454 1458//1453 1495//1490
f 1491//1485 1437//1432 1439//1434
f 1421//1417 1437//1432 1491//1485
f 1491//1485 1439//1434 1490//1486
f 1490//1486 1443//1440 1447//1442
f 1490//1486 1439//1434 1443//1440
f 1474//1468 1481//1476 1477//1472
f 1479//1474 1454//1450 1456//1451
f 1479//1474 1453//1448 1454//1450
f 1458//1453 1412//1407 1413//1409
f 1458//1453 1413//1409 1417//1410
f 1509//1504 1442//1437 1444//1438
f 1509//1504 1444//1438 1510//1505
f 1510//1505 1444//1438 1440//1436
f 1511//1506 1509//1504 1510//1505
f 1511//1506 1510//1505 1512//1507
f 1512//1507 1510//1505 1513//1508
f 1510//1505 1440//1436 1513//1508
f 1512//1507 1513//1508 1514//1509
f 1514//1509 1513//1508 1434//1429
f 1434//1429 1513//1508 1440//1436
f 1516//1510 1512//1507 1514//1509
f 1514//1509 1434//1429 1515//1511
f 1517//1512 1514//1509 1515//1511
f 1517//1512 1516//1510 1514//1509
f 1518//1513 1517//1512 1515//1511
f 1518//1513 1519//1514 1517//1512
f 1520//1515 1519//1514 1518//1513
f 1521//1516 1520//1515 1522//1517
f 1520//1515 1518//1513 1522//1517
f 1523//1518 1522//1517 1431//1428
f 1523//1518 1524//1519 1522//1517
f 1521//1516 1522//1517 1524//1519
f 1518//1513 1431//1428 1522//1517
f 1523//1518 1525//1520 1524//1519
f 1525//1520 1521//1516 1524//1519
f 1523//1518 1526//1521 1525//1520
f 1525//1520 1526//1521 1509//1504
f 1525//1520 1509//1504 1511//1506
f 1525//1520 1511//1506 1528//1522
f 1525//1520 1527//1523 1521//1516
f 1525//1520 1528//1522 1527//1523
f 1511//1506 1529//1524 1528//1522
f 1511//1506 1512//1507 1529//1524
f 1516//1510 1529//1524 1512//1507
f 1530//1525 1526//1521 1523//1518
f 1530//1525 1509//1504 1526//1521
f 1530//1525 1523//1518 1429//1424
f 1428//1423 1442//1437 1530//1525
f 1428//1423 1530//1525 1429//1424
f 1530//1525 1442//1437 1509//1504
f 1429//1424 1523//1518 1431//1428
f 1518//1513 1432//1427 1431//1428
f 1518//1513 1434//1429 1432//1427
f 1518//1513 1515//1511 1434//1429
f 1434//1429 1440//1436 1435//1431
f 1423//1418 1437//1432 1420//1415
f 1421//1417 1420//1415 1437//1432
f 1416//1412 1427//1422 1425//1421
f 1416//1412 1415//1411 1427//1422
f 1532//1526 1531//1527 1533//1528
f 1534//1529 1533//1528 1531//1527
f 1535//1530 1534//1529 1537//1531
f 1535//1530 1536//1532 1534//1529
f 1534//1529 1536//1532 1533//1528
f 1535//1530 1537//1531 1538//1533
f 1535//1530 1538//1533 1539//1534
f 1540//1535 1539//1534 1538//1533
f 1540//1535 1538//1533 1541//1536
f 1542//1537 1540//1535 1541//1536
f 1542//1537 1541//1536 1543//1538
f 1542//1537 1543//1538 1544//1539
f 1542//1537 1544//1539 1545//1540
f 1546//1541 1545//1540 1544//1539
f 1546//1541 1548//1542 1545//1540
f 1546//1541 1547//1543 1548//1542
f 1546//1541 1549//1544 1547//1543
f 1549//1544 1532//1526 1550//1545
f 1549//1544 1550//1545 1547//1543
f 1553//1546 1550//1545 1533//1528
f 1532//1526 1533//1528 1550//1545
f 1551//1547 1547//1543 1550//1545
f 1551//1547 1550//1545 1552//1548
f 1553//1546 1552//1548 1550//1545
f 1553//1546 1536//1532 1556//1549
f 1553//1546 1533//1528 1536//1532
f 1553//1546 1554//1550 1552//1548
f 1553//1546 1555//1551 1554//1550
f 1556//1549 1555//1551 1553//1546
f 1556//1549 1557//1552 1559//1553
f 1556//1549 1558//1554 1557//1552
f 1536//1532 1558//1554 1556//1549
f 1556//1549 1559//1553 1555//1551
f 1559//1553 1560//1555 1555//1551
f 1559//1553 1561//1556 1560//1555
f 1559//1553 1562//1557 1561//1556
f 1559//1553 1557//1552 1562//1557
f 1561//1556 1562//1557 1566//1558
f 1562//1557 1563//1559 1564//1560
f 1562//1557 1557//1552 1563//1559
f 1562//1557 1564//1560 1565//1561
f 1562//1557 1565//1561 1566//1558
f 1566//1558 1565//1561 1568//1562
f 1567//1563 1566//1558 1569//1564
f 1561//1556 1566//1558 1567//1563
f 1566//1558 1568//1562 1569//1564
f 1570//1565 1571//1566 1569//1564
f 1572//1567 1570//1565 1569//1564
f 1572//1567 1569//1564 1568//1562
f 1567//1563 1569//1564 1571//1566
f 1573//1568 1572//1567 1568//1562
f 1573//1568 1568//1562 1574//1569
f 1573//1568 1574//1569 1575//1570
f 1573//1568 1575//1570 1576//1571
f 1577//1572 1576//1571 1575//1570
f 1577//1572 1575//1570 1578//1573
f 1579//1574 1577//1572 1578//1573
f 1579//1574 1578//1573 1580//1575
f 1581//1576 1579//1574 1580//1575
f 1581//1576 1580//1575 1584//1577
f 1582//1578 1581//1576 1584//1577
f 1582//1578 1583//1579 1581//1576
f 1585//1580 1584//1577 1587//1581
f 1585//1580 1582//1578 1584//1577
f 1584//1577 1580//1575 1586//1582
f 1584//1577 1586//1582 1587//1581
f 1587//1581 1588//1583 1585//1580
f 1587//1581 1590//1584 1588//1583
f 1587//1581 1586//1582 1589//1585
f 1587//1581 1589//1585 1590//1584
f 1590//1584 1591//1586 1592//1587
f 1590//1584 1589//1585 1591//1586
f 1554//1550 1590//1584 1592//1587
f 1554//1550 1588//1583 1590//1584
f 1554//1550 1592//1587 1551//1547
f 1592//1587 1593//1588 1551//1547
f 1592//1587 1591//1586 1593//1588
f 1595//1589 1594//1590 1593//1588
f 1594//1590 1548//1542 1593//1588
f 1548//1542 1551//1547 1593//1588
f 1595//1589 1593//1588 1591//1586
f 1597//1591 1595//1589 1591//1586
f 1597//1591 1596//1592 1595//1589
f 1596//1592 1594//1590 1595//1589
f 1597//1591 1591//1586 1589//1585
f 1597//1591 1589//1585 1586//1582
f 1597//1591 1598//1593 1596//1592
f 1598//1593 1597//1591 1599//1594
f 1597//1591 1586//1582 1599//1594
f 1580//1575 1599//1594 1586//1582
f 1580//1575 1578//1573 1599//1594
f 1575//1570 1600//1595 1599//1594
f 1598//1593 1599//1594 1600//1595
f 1575//1570 1599//1594 1578//1573
f 1575//1570 1601//1596 1600//1595
f 1602//1597 1600//1595 1601//1596
f 1602//1597 1598//1593 1600//1595
f 1564//1560 1602//1597 1601//1596
f 1596//1592 1602//1597 1603//1598
f 1596//1592 1598//1593 1602//1597
f 1564//1560 1603//1598 1602//1597
f 1563//1559 1604//1599 1603//1598
f 1604//1599 1596//1592 1603//1598
f 1564//1560 1563//1559 1603//1598
f 1605//1600 1540//1535 1604//1599
f 1563//1559 1605//1600 1604//1599
f 1604//1599 1606//1601 1596//1592
f 1604//1599 1542//1537 1606//1601
f 1604//1599 1540//1535 1542//1537
f 1545//1540 1606//1601 1542//1537
f 1545//1540 1594//1590 1606//1601
f 1596//1592 1606//1601 1594//1590
f 1557//1552 1558//1554 1605//1600
f 1558//1554 1539//1534 1605//1600
f 1605//1600 1539//1534 1540//1535
f 1557//1552 1605//1600 1563//1559
f 1575//1570 1574//1569 1601//1596
f 1601//1596 1574//1569 1568//1562
f 1564//1560 1601//1596 1565//1561
f 1601//1596 1568//1562 1565//1561
f 1594//1590 1545//1540 1548//1542
f 1588//1583 1607//1602 1585//1580
f 1588//1583 1560//1555 1607//1602
f 1555//1551 1560//1555 1588//1583
f 1555//1551 1588//1583 1554//1550
f 1608//1603 1585//1580 1607//1602
f 1608//1603 1607//1602 1567//1563
f 1607//1602 1560//1555 1561//1556
f 1607//1602 1561//1556 1567//1563
f 1608//1603 1582//1578 1585//1580
f 1582//1578 1608//1603 1609//1604
f 1571//1566 1609//1604 1608//1603
f 1608//1603 1567//1563 1571//1566
f 1582//1578 1609//1604 1583//1579
f 1571//1566 1610//1605 1609//1604
f 1570//1565 1610//1605 1571//1566
f 1536//1532 1535//1530 1558//1554
f 1558//1554 1535//1530 1539//1534
f 1554//1550 1551//1547 1552//1548
f 1548//1542 1547//1543 1551//1547
f 1612//1606 1611//1607 1614//1608
f 1612//1606 1613//1609 1611//1607
f 1615//1610 1611//1607 1613//1609
f 1616//1611 1614//1608 1611//1607
f 1616//1611 1611//1607 1615//1610
f 1617//1612 1616//1611 1615//1610
f 1618//1613 1616//1611 1617//1612
f 1618//1613 1619//1614 1616//1611
f 1619//1614 1614//1608 1616//1611
f 1619//1614 1620//1615 1623//1616
f 1619//1614 1621//1617 1620//1615
f 1619//1614 1618//1613 1621//1617
f 1619//1614 1622//1618 1614//1608
f 1619//1614 1623//1616 1622//1618
f 1624//1619 1622//1618 1623//1616
f 1624//1619 1623//1616 1625//1620
f 1626//1621 1625//1620 1623//1616
f 1626//1621 1623//1616 1620//1615
f 1625//1620 1626//1621 1627//1622
f 1626//1621 1629//1623 1627//1622
f 1628//1624 1626//1621 1620//1615
f 1626//1621 1628//1624 1629//1623
f 1615//1610 1627//1622 1629//1623
f 1629//1623 1630//1625 1631//1626
f 1629//1623 1628//1624 1630//1625
f 1633//1627 1629//1623 1631//1626
f 1615//1610 1629//1623 1632//1628
f 1633//1627 1632//1628 1629//1623
f 1635//1629 1634//1630 1633//1627
f 1634//1630 1632//1628 1633//1627
f 1635//1629 1633//1627 1636//1631
f 1637//1632 1636//1631 1633//1627
f 1637//1632 1633//1627 1631//1626
f 1639//1633 1637//1632 1638//1634
f 1630//1625 1638//1634 1637//1632
f 1630//1625 1637//1632 1631//1626
f 1639//1633 1636//1631 1637//1632
f 1643//1635 1639//1633 1640//1636
f 1639//1633 1638//1634 1640//1636
f 1639//1633 1641//1637 1644//1638
f 1639//1633 1642//1639 1641//1637
f 1643//1635 1642//1639 1639//1633
f 1639//1633 1644//1638 1636//1631
f 1635//1629 1644//1638 1645//1640
f 1635//1629 1636//1631 1644//1638
f 1644//1638 1646//1641 1645//1640
f 1644//1638 1641//1637 1646//1641
f 1646//1641 1647//1642 1649//1643
f 1641//1637 1647//1642 1646//1641
f 1645//1640 1646//1641 1648//1644
f 1646//1641 1649//1643 1648//1644
f 1649//1643 1650//1645 1651//1646
f 1649//1643 1651//1646 1648//1644
f 1651//1646 1640//1636 1652//1647
f 1648//1644 1651//1646 1652//1647
f 1651//1646 1643//1635 1640//1636
f 1650//1645 1643//1635 1651//1646
f 1648//1644 1652//1647 1655//1648
f 1652//1647 1653//1649 1655//1648
f 1652//1647 1654//1650 1653//1649
f 1640//1636 1654//1650 1652//1647
f 1645//1640 1648//1644 1655//1648
f 1653//1649 1645//1640 1655//1648
f 1640//1636 1638//1634 1654//1650
f 1638//1634 1657//1651 1654//1650
f 1654//1650 1656//1652 1653//1649
f 1654//1650 1657//1651 1656//1652
f 1657//1651 1621//1617 1618//1613
f 1630//1625 1621//1617 1657//1651
f 1638//1634 1630//1625 1657//1651
f 1657//1651 1618//1613 1656//1652
f 1656//1652 1618//1613 1617//1612
f 1653//1649 1656//1652 1634//1630
f 1656//1652 1617//1612 1634//1630
f 1653//1649 1634//1630 1635//1629
f 1653//1649 1635//1629 1645//1640
f 1650//1645 1658//1653 1643//1635
f 1658//1653 1642//1639 1643//1635
f 1658//1653 1659//1654 1642//1639
f 1642//1639 1659//1654 1660//1655
f 1642//1639 1660//1655 1641//1637
f 1641//1637 1660//1655 1647//1642
f 1634//1630 1617//1612 1632//1628
f 1617//1612 1615//1610 1632//1628
f 1630//1625 1628//1624 1621//1617
f 1628//1624 1620//1615 1621//1617
f 1615//1610 1613//1609 1627//1622
f 1625//1620 1627//1622 1613//1609
f 1624//1619 1625//1620 1661//1656
f 1661//1656 1625//1620 1613//1609
f 1624//1619 1661//1656 1663//1657
f 1612//1606 1661//1656 1662//1658
f 1612//1606 1663//1657 1661//1656
f 1661//1656 1613//1609 1662//1658
f 1612//1606 1614//1608 1663//1657
f 1663//1657 1614//1608 1622//1618
f 1663//1657 1622//1618 1664//1659
f 1624//1619 1663//1657 1664//1659
f 1624//1619 1664//1659 1622//1618
f 1612//1606 1662//1658 1613//1609
f 1668//1660 1665//1661 1666//1662
f 1666//1662 1665//1661 1667//1663
f 1670//1664 1669//1665 1668//1660
f 1668//1660 1666//1662 1670//1664
f 1666//1662 1671//1666 1670//1664
f 1670//1664 1671//1666 1672//1667
f 1670//1664 1672//1667 1673//1668
f 1670//1664 1673//1668 1669//1665
f 1673//1668 1676//1669 1669//1665
f 1673//1668 1674//1670 1675//1671
f 1673//1668 1672//1667 1674//1670
f 1673//1668 1675//1671 1676//1669
f 1675//1671 1677//1672 1676//1669
f 1675//1671 1678//1673 1677//1672
f 1679//1674 1677//1672 1678//1673
f 1679//1674 1667//1663 1677//1672
f 1666//1662 1679//1674 1680//1675
f 1666//1662 1667//1663 1679//1674
f 1679//1674 1681//1676 1680//1675
f 1679//1674 1678//1673 1681//1676
f 1675//1671 1681//1676 1678//1673
f 1675//1671 1674//1670 1681//1676
f 1674//1670 1683//1677 1681//1676
f 1682//1678 1680//1675 1681//1676
f 1682//1678 1681//1676 1683//1677
f 1686//1679 1683//1677 1684//1680
f 1684//1680 1683//1677 1685//1681
f 1686//1679 1682//1678 1683//1677
f 1674//1670 1685//1681 1683//1677
f 1687//1682 1682//1678 1686//1679
f 1688//1683 1687//1682 1686//1679
f 1688//1683 1686//1679 1689//1684
f 1686//1679 1690//1685 1689//1684
f 1686//1679 1684//1680 1690//1685
f 1689//1684 1690//1685 1691//1686
f 1692//1687 1691//1686 1690//1685
f 1692//1687 1690//1685 1684//1680
f 1695//1688 1693//1689 1692//1687
f 1693//1689 1694//1690 1692//1687
f 1692//1687 1694//1690 1691//1686
f 1692//1687 1684//1680 1696//1691
f 1695//1688 1692//1687 1696//1691
f 1684//1680 1685//1681 1696//1691
f 1695//1688 1696//1691 1685//1681
f 1697//1692 1695//1688 1699//1693
f 1697//1692 1698//1694 1695//1688
f 1698//1694 1693//1689 1695//1688
f 1695//1688 1685//1681 1699//1693
f 1671//1666 1697//1692 1699//1693
f 1699//1693 1674//1670 1672//1667
f 1671//1666 1699//1693 1672//1667
f 1699//1693 1685//1681 1674//1670
f 1701//1695 1698//1694 1697//1692
f 1698//1694 1700//1696 1693//1689
f 1687//1682 1700//1696 1698//1694
f 1701//1695 1687//1682 1698//1694
f 1697//1692 1702//1697 1701//1695
f 1687//1682 1701//1695 1682//1678
f 1701//1695 1680//1675 1682//1678
f 1701//1695 1702//1697 1680//1675
f 1666//1662 1702//1697 1671//1666
f 1666//1662 1680//1675 1702//1697
f 1697//1692 1671//1666 1702//1697
f 1693//1689 1700//1696 1703//1698
f 1687//1682 1688//1683 1700//1696
f 1688//1683 1703//1698 1700//1696
f 1703//1698 1704//1699 1708//1700
f 1688//1683 1704//1699 1703//1698
f 1693//1689 1703//1698 1705//1701
f 1703//1698 1706//1702 1705//1701
f 1703//1698 1707//1703 1706//1702
f 1703//1698 1708//1700 1707//1703
f 1707//1703 1708//1700 1709//1704
f 1704//1699 1709//1704 1708//1700
f 1704//1699 1710//1705 1709//1704
f 1709//1704 1710//1705 1691//1686
f 1709//1704 1691//1686 1711//1706
f 1707//1703 1709//1704 1711//1706
f 1711//1706 1691//1686 1694//1690
f 1707//1703 1711//1706 1712//1707
f 1711//1706 1694//1690 1712//1707
f 1707//1703 1712//1707 1706//1702
f 1705//1701 1706//1702 1712//1707
f 1705//1701 1712//1707 1694//1690
f 1689//1684 1691//1686 1710//1705
f 1688//1683 1689//1684 1710//1705
f 1688//1683 1710//1705 1704//1699
f 1693//1689 1705//1701 1694//1690
l 305 306
l 306 307
l 307 308
l 308 309
