# Blender 5.2.1 LTS
# www.blender.org
o PatSupine_head
v 0.000197 -0.026951 1.378880
v 0.000217 -0.021690 1.392442
v 0.000230 -0.013311 1.403639
v 0.000184 -0.032505 1.368383
v 0.032004 -0.038770 1.367061
v 0.047084 -0.037435 1.372051
v 0.075155 -0.031503 1.377126
v 0.033683 -0.026732 1.398226
v 0.039876 -0.031984 1.384624
v 0.068968 -0.026380 1.389002
v 0.062323 -0.022979 1.402045
v 0.017103 -0.026304 1.395399
v 0.021458 -0.031407 1.379241
v 0.085397 -0.014690 1.406507
v 0.085972 0.001031 1.415971
v 0.095285 0.009594 1.419155
v 0.103716 0.018291 1.426093
v 0.109749 0.028677 1.434475
v 0.055069 -0.016026 1.410953
v 0.076392 -0.006236 1.413541
v 0.028908 -0.018909 1.408629
v 0.014591 -0.017706 1.406810
v 0.018133 -0.040803 1.361621
v 0.014252 -0.034167 1.369281
v -0.084974 -0.014716 1.406515
v -0.061898 -0.023128 1.402053
v -0.068517 -0.026448 1.389056
v -0.075966 -0.006273 1.413541
v -0.054645 -0.016132 1.410954
v -0.094858 0.009590 1.419155
v -0.103291 0.018293 1.426094
v -0.085545 0.001020 1.415972
v -0.028479 -0.019137 1.408631
v -0.033257 -0.026959 1.398233
v -0.014163 -0.017924 1.406815
v -0.016679 -0.026461 1.395411
v -0.039450 -0.032134 1.384646
v -0.046724 -0.037476 1.372041
v -0.021064 -0.031494 1.379246
v -0.031586 -0.038788 1.367066
v -0.017749 -0.040818 1.361627
v -0.013873 -0.034203 1.369282
v 0.061250 -0.035146 1.375282
v 0.055184 -0.029675 1.387176
v 0.048734 -0.024857 1.399760
v 0.042568 -0.018321 1.409798
v -0.060871 -0.035180 1.375279
v -0.054763 -0.029859 1.387204
v -0.048309 -0.025085 1.399765
v -0.042143 -0.018477 1.409798
v 0.081300 -0.022748 1.390995
v 0.074006 -0.019553 1.404173
v 0.066163 -0.011884 1.411954
v -0.080862 -0.022732 1.391052
v -0.073581 -0.019642 1.404185
v -0.065736 -0.011957 1.411954
v 0.000231 0.128673 1.453641
v 0.000211 0.000821 1.433353
v 0.000213 -0.006269 1.451073
v 0.000214 -0.012761 1.458555
v 0.000215 -0.082251 1.669625
v 0.000213 0.107802 1.604186
v 0.000216 -0.020868 1.487576
v 0.000213 -0.102456 1.587517
v 0.000213 -0.100076 1.592588
v 0.000215 -0.091939 1.606122
v 0.000213 -0.088954 1.632007
v 0.000214 0.096004 1.568660
v 0.000213 0.092711 1.513166
v 0.000213 0.104839 1.482865
v 0.000213 0.111263 1.472305
v 0.000216 -0.087586 1.615901
v 0.000266 0.137566 1.444995
v 0.000219 -0.001155 1.423655
v 0.000214 0.092978 1.557419
v 0.000215 -0.088005 1.619923
v 0.000214 -0.089047 1.627001
v 0.000221 -0.087438 1.642642
v 0.000216 -0.086290 1.651230
v 0.000213 0.112227 1.632166
v 0.000214 -0.097502 1.597874
v 0.000214 -0.018397 1.467356
v 0.072099 0.002113 1.590711
v 0.069967 0.005387 1.575506
v 0.069248 0.015755 1.569910
v 0.071194 0.012148 1.578142
v 0.054199 0.017080 1.470697
v 0.068701 0.024724 1.440182
v 0.063176 0.016835 1.437183
v 0.075540 0.032200 1.445247
v 0.088175 0.045916 1.461775
v 0.088936 0.071752 1.469812
v 0.072093 0.101798 1.467306
v 0.058357 0.113363 1.463073
v 0.013112 0.127087 1.453865
v 0.022954 -0.005469 1.433980
v 0.070808 0.048960 1.475035
v 0.063527 0.033843 1.465500
v 0.059285 0.026270 1.462327
v 0.019922 -0.002281 1.453344
v 0.050808 0.011004 1.458087
v 0.018958 -0.006024 1.461838
v 0.049655 0.010198 1.468758
v 0.005364 -0.082130 1.669476
v 0.032138 -0.073919 1.670490
v 0.078606 0.017914 1.627836
v 0.054530 0.076906 1.596482
v 0.061122 0.063539 1.595968
v 0.034959 0.097819 1.599036
v 0.010557 0.106812 1.603245
v 0.055290 0.060701 1.562548
v 0.047091 0.073130 1.567055
v 0.036230 0.084021 1.566344
v 0.029041 0.088439 1.566170
v 0.007605 0.095347 1.568109
v 0.078768 0.051088 1.600772
v 0.018230 -0.015903 1.490693
v 0.045159 -0.042358 1.520827
v 0.049180 -0.030139 1.524052
v 0.054146 0.018116 1.520437
v 0.049788 0.010297 1.519031
v 0.072359 -0.000444 1.608062
v 0.070080 -0.011286 1.605857
v 0.068752 -0.018189 1.626395
v 0.068508 -0.003577 1.571319
v 0.055345 -0.045878 1.559676
v 0.063928 -0.023736 1.564503
v 0.066617 -0.013256 1.567619
v 0.049954 -0.056421 1.558619
v 0.044709 -0.062328 1.553048
v 0.041015 -0.069371 1.560687
v 0.025967 -0.079783 1.573744
v 0.024458 -0.079447 1.568734
v 0.015127 -0.084735 1.576663
v 0.018171 -0.081204 1.571271
v 0.016253 -0.083669 1.579864
v 0.021160 -0.080766 1.575569
v 0.017788 -0.082870 1.583681
v 0.008734 -0.094600 1.590791
v 0.007081 -0.096887 1.591635
v 0.008208 -0.097124 1.586003
v 0.006686 -0.099324 1.586767
v 0.050045 -0.064609 1.600359
v 0.053479 -0.059242 1.607137
v 0.043776 -0.070348 1.596590
v 0.028581 -0.075530 1.596128
v 0.050172 -0.072317 1.624788
v 0.054012 -0.066576 1.623122
v 0.034038 -0.084607 1.629276
v 0.006989 -0.088135 1.605269
v 0.009420 -0.084893 1.604106
v 0.058908 -0.054546 1.619225
v 0.056709 -0.060449 1.620878
v 0.028170 -0.086495 1.628369
v 0.041196 -0.071732 1.602175
v 0.045952 -0.067694 1.604853
v 0.032369 -0.083990 1.625037
v 0.027391 -0.085450 1.624554
v 0.047971 -0.073416 1.621466
v 0.051986 -0.069115 1.619771
v 0.054691 -0.063831 1.618292
v 0.031032 -0.080537 1.621380
v 0.048277 -0.070435 1.617154
v 0.044643 -0.073494 1.618566
v 0.050977 -0.067091 1.615887
v 0.048132 -0.067867 1.615268
v 0.045829 -0.070334 1.616632
v 0.042418 -0.072818 1.617655
v 0.030660 -0.078362 1.620012
v 0.043279 -0.070970 1.613383
v 0.045152 -0.067878 1.611765
v 0.041002 -0.073918 1.614865
v 0.031306 -0.077604 1.616946
v 0.027346 -0.077446 1.616560
v 0.027111 -0.081479 1.621191
v 0.026958 -0.078555 1.619991
v 0.019954 -0.075686 1.612242
v 0.018406 -0.081888 1.619992
v 0.019905 -0.077825 1.617635
v 0.017246 -0.086455 1.623954
v 0.011950 -0.080124 1.615396
v 0.015534 -0.076968 1.615325
v 0.013057 -0.081368 1.617713
v 0.008250 -0.084192 1.616101
v 0.027511 -0.075275 1.601612
v 0.049494 -0.063563 1.609006
v 0.024572 -0.074849 1.601884
v 0.053449 -0.063210 1.614215
v 0.014282 -0.086233 1.585924
v 0.013336 -0.087819 1.581914
v 0.020235 -0.078677 1.593534
v 0.025472 -0.075818 1.596626
v 0.005478 -0.088540 1.632525
v 0.030137 -0.026530 1.505014
v 0.059397 0.033636 1.474770
v 0.057041 0.025458 1.472624
v 0.057422 0.026195 1.522585
v 0.057084 0.047333 1.506530
v 0.053876 0.066090 1.510260
v 0.043052 0.082932 1.512850
v 0.035148 0.088309 1.513340
v 0.008220 0.093435 1.513233
v 0.064001 0.049598 1.481303
v 0.061142 0.067580 1.485191
v 0.050132 0.086162 1.486189
v 0.041483 0.093688 1.485359
v 0.010106 0.105394 1.483569
v 0.068623 0.068637 1.479788
v 0.055078 0.089228 1.478323
v 0.045243 0.097313 1.476115
v 0.011008 0.111307 1.473194
v 0.052909 -0.055796 1.668123
v 0.005919 -0.085841 1.616054
v 0.037988 -0.070062 1.670561
v 0.046570 -0.065847 1.610272
v 0.044139 -0.068728 1.607032
v 0.039771 -0.072517 1.604414
v 0.026801 -0.075476 1.604046
v 0.023907 -0.074914 1.604360
v 0.019421 -0.074149 1.602313
v 0.019130 -0.073695 1.607245
v 0.016111 -0.074069 1.609445
v 0.011640 -0.078328 1.606769
v 0.050095 -0.065417 1.613662
v 0.057057 -0.059225 1.616443
v 0.020167 -0.076160 1.597847
v 0.016322 -0.076583 1.599957
v 0.016434 -0.080055 1.596001
v 0.038734 -0.072735 1.606643
v 0.042894 -0.069575 1.608800
v 0.031180 -0.075217 1.616746
v 0.042399 -0.069814 1.613192
v 0.045240 -0.066758 1.611455
v 0.040107 -0.072287 1.615056
v 0.020215 -0.073835 1.611420
v 0.027492 -0.075423 1.616153
v 0.026333 -0.074864 1.606506
v 0.019262 -0.072630 1.608127
v 0.016599 -0.073541 1.609367
v 0.090588 0.057410 1.467013
v 0.071013 0.058190 1.478169
v 0.063661 0.058366 1.483539
v 0.056083 0.056617 1.508356
v 0.052282 0.065881 1.566352
v 0.058270 0.069736 1.596321
v 0.082707 0.087261 1.470132
v 0.063146 0.079396 1.480041
v 0.057076 0.077199 1.486337
v 0.049673 0.075353 1.511824
v 0.042066 0.078971 1.566949
v 0.049584 0.084348 1.596745
v 0.048058 -0.061543 1.668643
v 0.045528 -0.077087 1.627865
v 0.043239 -0.077583 1.623649
v 0.040237 -0.076530 1.619949
v 0.038842 -0.075239 1.618811
v 0.038143 -0.075403 1.616089
v 0.037472 -0.072824 1.616521
v 0.032292 -0.075475 1.605904
v 0.033508 -0.075402 1.603556
v 0.034503 -0.074676 1.601162
v 0.036130 -0.073970 1.595635
v 0.035484 -0.075751 1.570194
v 0.034257 -0.075396 1.565063
v 0.042171 -0.028594 1.515621
v 0.056681 0.010230 1.434838
v 0.100643 0.057167 1.461026
v 0.097134 0.044486 1.455019
v 0.093034 0.091142 1.464576
v 0.081367 0.107821 1.461834
v 0.098901 0.073487 1.464324
v 0.065651 0.120668 1.456975
v 0.014120 0.135452 1.445101
v 0.076616 0.021502 1.432131
v 0.069571 0.013873 1.428415
v 0.024233 -0.007953 1.425256
v 0.083573 0.029695 1.437427
v 0.061881 0.007506 1.425491
v 0.055621 0.018272 1.460231
v 0.068581 0.021329 1.567070
v 0.049343 0.068125 1.556164
v 0.060926 0.046236 1.562937
v 0.041320 0.077920 1.558330
v 0.045542 0.073398 1.558302
v 0.029378 0.086186 1.555501
v 0.036347 0.081921 1.556418
v 0.007256 0.092690 1.556866
v 0.061256 0.039756 1.559726
v 0.062207 0.012836 1.546823
v 0.009070 -0.086167 1.620606
v 0.005834 -0.087097 1.620744
v 0.017055 -0.087567 1.627762
v 0.005513 -0.088472 1.625838
v 0.037132 -0.074767 1.589426
v 0.045618 -0.069780 1.589344
v 0.072688 0.000965 1.599088
v 0.070634 -0.009055 1.596696
v 0.058143 -0.052160 1.605971
v 0.029193 -0.076644 1.590944
v 0.025758 -0.077243 1.591852
v 0.078492 0.022452 1.630756
v 0.062746 -0.036112 1.636171
v 0.059057 -0.048445 1.640030
v 0.055908 -0.058385 1.641083
v 0.051967 -0.066071 1.641659
v 0.046519 -0.072116 1.642062
v 0.035217 -0.080552 1.641389
v 0.029258 -0.083242 1.640972
v 0.004802 -0.087596 1.640782
v 0.074521 0.009156 1.600801
v 0.074825 0.009163 1.609765
v 0.071038 0.016953 1.572375
v 0.075157 0.012862 1.601659
v 0.070425 0.020843 1.568699
v 0.075038 0.040067 1.573678
v 0.078507 0.047132 1.586060
v 0.080381 0.046541 1.585037
v 0.080303 0.021584 1.630845
v 0.082143 0.020843 1.629994
v 0.080510 0.017327 1.626804
v 0.075621 0.013188 1.607766
v 0.071777 0.014841 1.578693
v 0.073100 0.040677 1.573975
v 0.005079 -0.086223 1.650815
v 0.030969 -0.080012 1.650428
v 0.036323 -0.076725 1.650977
v 0.046674 -0.068598 1.651139
v 0.051992 -0.062700 1.651092
v 0.056581 -0.054615 1.651261
v 0.060424 -0.044753 1.650769
v 0.068514 -0.021438 1.638108
v 0.073926 0.007020 1.618573
v 0.076629 0.013004 1.619582
v 0.078074 0.014089 1.617891
v 0.064523 0.064037 1.612954
v 0.062504 0.069711 1.615454
v 0.012221 0.111195 1.631117
v 0.007190 -0.094071 1.596517
v 0.008997 -0.091714 1.595428
v 0.015504 -0.084438 1.589917
v 0.019132 -0.081807 1.587371
v 0.024426 -0.079740 1.584730
v 0.028263 -0.078803 1.583231
v 0.037029 -0.075608 1.580672
v 0.046092 -0.068932 1.578673
v 0.054335 -0.057205 1.577868
v 0.065453 -0.027885 1.582211
v 0.068078 -0.017171 1.585057
v 0.070109 -0.007229 1.587905
v 0.073675 0.009557 1.592084
v 0.074424 0.013206 1.593215
v 0.074994 0.027785 1.571185
v 0.070206 0.029210 1.567175
v 0.066984 0.029820 1.566625
v 0.061021 0.033934 1.557262
v 0.048736 -0.041864 1.529492
v 0.053588 -0.030899 1.532836
v 0.048017 0.009447 1.479276
v 0.017961 -0.008971 1.471663
v 0.044651 -0.002052 1.423241
v 0.041166 0.000755 1.433272
v 0.037668 0.001276 1.455293
v 0.034823 0.001598 1.466177
v 0.032638 0.000470 1.476785
v 0.041073 -0.008916 1.515190
v 0.058022 0.038079 1.504829
v 0.062122 0.041570 1.477947
v 0.067958 0.040997 1.470216
v 0.082728 0.038008 1.453451
v 0.090777 0.036204 1.446084
v 0.012336 -0.001692 1.433586
v 0.010638 -0.004989 1.452060
v 0.010472 -0.010554 1.459902
v 0.010701 -0.015286 1.468928
v 0.013063 -0.004884 1.424739
v 0.010248 -0.019433 1.488357
v 0.037431 -0.071397 1.607450
v 0.032157 -0.073767 1.606576
v 0.041755 -0.068517 1.609358
v 0.030609 -0.072864 1.618365
v 0.036512 -0.070965 1.618012
v 0.041677 -0.068262 1.613212
v 0.043965 -0.066891 1.610961
v 0.039760 -0.069498 1.616164
v 0.020886 -0.071673 1.611847
v 0.026831 -0.072934 1.617447
v 0.026272 -0.073651 1.607063
v 0.019825 -0.070130 1.608536
v 0.037009 -0.066749 1.607433
v 0.031045 -0.070098 1.606510
v 0.039804 -0.065427 1.609961
v 0.030904 -0.067212 1.616317
v 0.035409 -0.066800 1.616868
v 0.040659 -0.065572 1.612635
v 0.042019 -0.065762 1.610928
v 0.038819 -0.065886 1.615799
v 0.021001 -0.069350 1.611835
v 0.027194 -0.067788 1.615999
v 0.025040 -0.070170 1.607395
v 0.020445 -0.066064 1.610681
v 0.036856 -0.059267 1.608529
v 0.030216 -0.061529 1.607334
v 0.040245 -0.058754 1.609910
v 0.030432 -0.060380 1.613532
v 0.036228 -0.058519 1.614405
v 0.040858 -0.061104 1.612943
v 0.041381 -0.060748 1.611457
v 0.039615 -0.059720 1.614477
v 0.023534 -0.063816 1.612200
v 0.026839 -0.062231 1.613510
v 0.026432 -0.062454 1.607942
v 0.023296 -0.063390 1.608941
v 0.080146 0.016810 1.615893
v 0.078347 0.017241 1.611193
v 0.077458 0.022239 1.594003
v 0.076885 0.042288 1.576836
v 0.075095 0.043077 1.577700
v 0.072407 0.043195 1.579998
v 0.082830 0.018544 1.624143
v 0.083867 0.021169 1.626762
v 0.078203 0.037672 1.576033
v 0.079554 0.039595 1.579002
v 0.082239 0.043716 1.585530
v 0.072921 0.028507 1.568655
v 0.077007 0.039000 1.574302
v 0.078874 0.041092 1.577235
v 0.081849 0.045235 1.584807
v 0.083348 0.020639 1.628504
v 0.082020 0.017688 1.625575
v 0.079317 0.015400 1.616679
v 0.076095 0.016123 1.606811
v 0.075414 0.016633 1.601324
v 0.085182 0.047335 1.594100
v 0.084912 0.049319 1.594820
v 0.083860 0.050942 1.596025
v 0.082035 0.051706 1.597759
v 0.081108 0.037366 1.597591
v 0.083666 0.038141 1.596739
v 0.074406 0.026890 1.604377
v 0.071047 0.026931 1.601587
v 0.079727 0.036478 1.593191
v 0.082052 0.037272 1.590811
v 0.080650 0.027854 1.612412
v 0.078039 0.018988 1.610401
v 0.076874 0.025112 1.593706
v 0.075117 0.016393 1.593669
v 0.076649 0.020610 1.590067
v 0.073736 0.019552 1.575985
v 0.072518 0.020663 1.570608
v 0.074160 0.021430 1.572804
v 0.072484 0.017882 1.574205
v 0.076209 0.023633 1.589014
v 0.073703 0.018953 1.580368
v 0.072547 0.016656 1.579525
v 0.074547 0.021640 1.580813
v 0.074106 0.024771 1.587999
v 0.078338 0.032404 1.586471
v 0.078732 0.033545 1.584595
v 0.075294 0.024095 1.581377
v 0.074568 0.021921 1.577711
v 0.075300 0.024838 1.579104
v 0.074901 0.023173 1.575479
v 0.078385 0.030776 1.584682
v 0.075533 0.027016 1.574518
v 0.076399 0.026368 1.582077
v 0.074701 0.026659 1.593598
v 0.076180 0.023882 1.605197
v 0.058140 0.061194 1.580416
v 0.054598 0.066181 1.577281
v 0.049390 0.074070 1.576701
v 0.044133 0.080866 1.576536
v 0.037812 0.086988 1.576357
v 0.030300 0.091955 1.576756
v 0.008378 0.098878 1.579242
v 0.000213 0.099461 1.579916
v 0.070452 0.041057 1.576510
v 0.027736 -0.070269 1.606872
v 0.029345 -0.073839 1.606670
v 0.029425 -0.075193 1.606019
v 0.029917 -0.075705 1.603599
v 0.030835 -0.075261 1.601180
v 0.032243 -0.075010 1.595683
v 0.032973 -0.075880 1.589972
v 0.032484 -0.077505 1.581869
v 0.030819 -0.078081 1.571967
v 0.029855 -0.077688 1.566820
v 0.017605 -0.081833 1.573930
v 0.043447 -0.068589 1.565982
v 0.060137 -0.034810 1.561647
v 0.053825 -0.044046 1.549585
v 0.048408 -0.054040 1.547701
v 0.044825 -0.059268 1.545626
v 0.058775 -0.033205 1.552178
v 0.062775 -0.022254 1.555458
v 0.065659 -0.011676 1.558853
v 0.067437 -0.001616 1.562198
v 0.068368 0.007976 1.566368
v 0.062405 0.002936 1.543404
v 0.057744 -0.019098 1.536778
v 0.060582 -0.007683 1.540346
v 0.057839 0.005201 1.534874
v 0.055814 -0.005308 1.531863
v 0.052989 -0.017206 1.528217
v 0.045049 0.001414 1.517650
v 0.053670 0.015592 1.480614
v 0.056580 0.023944 1.482326
v 0.057688 0.032336 1.484368
v 0.058850 0.040885 1.486439
v 0.059839 0.049329 1.488871
v 0.059172 0.058078 1.490902
v 0.057646 0.067263 1.492735
v 0.054084 0.076681 1.494177
v 0.047359 0.085088 1.494679
v 0.038980 0.091651 1.494621
v 0.009186 0.100626 1.493545
v 0.000213 0.100140 1.493135
v 0.050182 -0.002497 1.524616
v 0.046708 -0.014300 1.521207
v 0.053143 0.007655 1.527017
v 0.055281 0.016609 1.529558
v 0.058409 0.014778 1.538100
v 0.060582 0.021227 1.550494
v 0.036526 -0.019060 1.510824
v 0.030313 -0.004473 1.497445
v 0.044280 0.006990 1.499772
v 0.055518 0.020979 1.501906
v 0.050699 0.013509 1.500630
v 0.057948 0.029404 1.503446
v 0.037152 0.001471 1.498858
v 0.024571 -0.010480 1.494274
v 0.027083 -0.002078 1.464099
v 0.025216 -0.003900 1.474372
v 0.042792 0.005555 1.467153
v 0.040356 0.005188 1.478338
v 0.060072 0.028194 1.553699
v 0.059752 0.031084 1.544425
v 0.060469 0.037710 1.547862
v 0.059235 0.049348 1.552622
v 0.039804 0.080297 1.534120
v 0.032114 0.085840 1.534169
v 0.007351 0.091030 1.534079
v 0.000214 0.090633 1.534467
v 0.046579 0.072893 1.533316
v 0.064792 -0.029777 1.623749
v 0.059077 0.035167 1.525041
v 0.051604 0.063997 1.531918
v 0.055656 0.054374 1.530590
v 0.058507 0.044584 1.528166
v 0.060349 0.042845 1.550267
v 0.073794 0.003214 1.639125
v 0.074811 0.013503 1.643406
v 0.075633 0.047298 1.588946
v 0.046936 -0.068053 1.614805
v 0.044652 -0.070249 1.616073
v 0.041594 -0.072488 1.617279
v 0.038159 -0.074802 1.618451
v 0.030820 -0.077721 1.619705
v 0.026834 -0.077580 1.619409
v 0.019487 -0.075828 1.616742
v 0.015540 -0.075182 1.614316
v 0.011209 -0.079241 1.612518
v 0.008211 -0.083592 1.612500
v 0.006175 -0.085719 1.612537
v 0.000216 -0.088226 1.612651
v 0.048386 -0.066284 1.613531
v 0.058386 -0.049016 1.578715
v 0.062115 -0.039009 1.579938
v 0.065909 -0.030398 1.591354
v 0.068480 -0.019495 1.594034
v 0.023496 -0.068575 1.613893
v 0.023202 -0.072290 1.614708
v 0.023711 -0.074963 1.614580
v 0.023642 -0.076711 1.615089
v 0.022899 -0.076693 1.618015
v 0.023121 -0.078242 1.618950
v 0.022777 -0.081970 1.620558
v 0.022227 -0.085989 1.624208
v 0.022430 -0.087027 1.627900
v 0.053892 -0.060254 1.592851
v 0.034912 -0.083335 1.633847
v 0.046644 -0.074979 1.633622
v 0.051392 -0.069425 1.632476
v 0.055206 -0.062678 1.632061
v 0.058059 -0.054940 1.630253
v 0.060525 -0.047351 1.625977
v 0.017415 -0.087370 1.632331
v 0.023013 -0.086549 1.632759
v 0.028959 -0.085408 1.633327
v 0.061252 -0.045520 1.607101
v 0.064454 -0.035940 1.610368
v 0.069006 -0.014490 1.615622
v 0.071358 -0.003326 1.617379
v 0.013732 -0.074546 1.608500
v 0.013739 -0.075691 1.612427
v 0.014262 -0.076502 1.614058
v 0.015885 -0.074461 1.610883
v 0.019436 -0.075826 1.613764
v 0.023025 -0.077050 1.615965
v 0.027038 -0.077721 1.617680
v 0.030972 -0.077754 1.618272
v 0.037933 -0.075455 1.617231
v 0.041328 -0.073487 1.616067
v 0.043869 -0.071038 1.614244
v 0.045849 -0.068284 1.612570
v 0.048151 -0.065545 1.611105
v 0.050177 -0.063393 1.610679
v 0.053754 -0.060149 1.610820
v 0.057676 -0.055014 1.611942
v 0.016134 -0.074261 1.603693
v 0.016442 -0.073646 1.605204
v 0.014989 -0.073968 1.608826
v 0.014836 -0.074275 1.610174
v 0.014729 -0.075295 1.613497
v 0.059946 -0.049816 1.613738
v 0.062656 -0.041031 1.618249
v 0.071562 -0.006722 1.627787
v 0.073450 0.003492 1.628512
v 0.054779 -0.058444 1.586013
v 0.062578 -0.041197 1.589183
v 0.046229 -0.069425 1.584589
v 0.037221 -0.075119 1.585463
v 0.032862 -0.076611 1.586310
v 0.028956 -0.077697 1.587384
v 0.025381 -0.078511 1.588661
v 0.019894 -0.080308 1.590737
v 0.016239 -0.082256 1.593370
v 0.009160 -0.088437 1.599715
v 0.006984 -0.090799 1.600959
v 0.000214 -0.094620 1.602295
v 0.058839 -0.050508 1.587866
v 0.043152 -0.067419 1.610236
v 0.044308 -0.067879 1.609853
v 0.045204 -0.066641 1.608367
v 0.047583 -0.065523 1.606723
v 0.052177 -0.061489 1.603516
v 0.057925 -0.052830 1.597689
v 0.062271 -0.043072 1.598886
v 0.065639 -0.032874 1.600950
v 0.067988 -0.022173 1.603547
v 0.066565 -0.025490 1.613253
v 0.083996 0.037161 1.604963
v 0.081106 0.035551 1.605248
v 0.071895 -0.009255 1.638849
v 0.074588 0.009454 1.628679
v 0.075089 0.016827 1.631041
v 0.078712 0.037490 1.599142
v 0.077331 0.037244 1.594939
v 0.077299 0.031848 1.587396
v 0.078955 0.019014 1.616415
v 0.081128 0.021085 1.622936
v 0.081787 0.023606 1.625135
v 0.081354 0.042119 1.586928
v 0.079092 0.038569 1.580968
v 0.078486 0.035055 1.605812
v 0.082035 0.038901 1.589807
v 0.079117 0.036245 1.584864
v 0.082189 0.027595 1.617776
v 0.080017 0.024121 1.614605
v 0.085132 0.039340 1.596289
v 0.069149 -0.022578 1.648825
v 0.075142 0.021161 1.633043
v 0.064399 -0.033921 1.649331
v 0.063863 0.049674 1.582115
v 0.058526 0.054366 1.561813
v 0.067806 0.052904 1.594275
v 0.069969 0.054361 1.606691
v 0.023312 -0.074308 1.607108
v 0.019283 -0.073752 1.604270
v 0.017173 -0.073386 1.607406
v 0.017138 -0.073392 1.606935
v 0.057353 0.054917 1.553271
v 0.053526 0.061805 1.553919
v 0.057804 0.024947 1.532006
v 0.059555 0.033646 1.535170
v 0.059851 0.042886 1.540568
v 0.057207 0.053231 1.543863
v 0.052009 0.062832 1.543727
v 0.018881 -0.086426 1.640233
v 0.020127 -0.084418 1.649497
v 0.021446 -0.079524 1.668182
v 0.024127 -0.085195 1.640505
v 0.025493 -0.082606 1.650056
v 0.026730 -0.077340 1.668661
v 0.000213 0.096061 1.503109
v 0.008582 0.096665 1.503299
v 0.036886 0.089799 1.503905
v 0.045080 0.084064 1.503543
v 0.051847 0.076246 1.502623
v 0.055712 0.066869 1.501219
v 0.057267 0.057484 1.499159
v 0.057883 0.048506 1.497078
v 0.057845 0.039684 1.495355
v 0.057775 0.030823 1.493794
v 0.056251 0.022244 1.492177
v 0.052428 0.014706 1.490934
v 0.045943 0.008778 1.489958
v 0.038471 0.003991 1.488969
v 0.031032 -0.000693 1.487259
v 0.024510 -0.005985 1.484612
v 0.017635 -0.011619 1.481654
v 0.010355 -0.016931 1.478745
v 0.000214 -0.019392 1.477615
v 0.000214 0.091922 1.545752
v 0.007105 0.091821 1.545424
v 0.030737 0.085485 1.545225
v 0.039040 0.079828 1.546605
v 0.046335 0.071794 1.546116
v 0.005587 -0.078377 1.679174
v 0.000215 -0.078585 1.679441
v 0.070903 0.054372 1.612544
v 0.081170 0.040848 1.588442
v 0.076401 0.021505 1.605509
v 0.076323 0.018900 1.606022
v 0.075423 0.021869 1.609398
v 0.073473 0.025666 1.608079
v 0.075996 0.021006 1.601239
v 0.075709 0.023504 1.601660
v 0.074159 0.025672 1.601801
v 0.048368 -0.065616 1.611899
v 0.046291 -0.068056 1.613668
v 0.043978 -0.070354 1.615234
v 0.041110 -0.072507 1.616750
v 0.037891 -0.074951 1.618025
v 0.030829 -0.077699 1.619310
v 0.026852 -0.077723 1.618932
v 0.022875 -0.076941 1.617172
v 0.019397 -0.075472 1.615409
v 0.015676 -0.074292 1.612557
v 0.014652 -0.074542 1.611880
v 0.044505 0.074432 1.552260
v 0.041825 0.077332 1.552330
v 0.008298 -0.088318 1.625935
v 0.008755 -0.088342 1.632515
v 0.009882 -0.087389 1.640848
v 0.010322 -0.085821 1.650877
v 0.010809 -0.081585 1.669262
v 0.002856 -0.088860 1.631856
v 0.002860 -0.088740 1.625754
v 0.003517 -0.087575 1.620676
v 0.003787 -0.086826 1.616069
v 0.004154 -0.087207 1.612604
v 0.004750 -0.090295 1.606017
v 0.004872 -0.092955 1.601778
v 0.005090 -0.096096 1.597179
v 0.005009 -0.098834 1.592117
v 0.004813 -0.101129 1.587227
v 0.000218 -0.088168 1.636949
v 0.002535 -0.088241 1.636497
v 0.011321 -0.077734 1.678731
v 0.022188 -0.075921 1.676413
v 0.026517 -0.074736 1.675139
v 0.074569 0.010179 1.634593
v 0.075013 0.017207 1.637006
v 0.020787 -0.065920 1.608461
v 0.022550 -0.070204 1.607853
v 0.023231 -0.073005 1.607610
v 0.012822 -0.089230 1.578510
v 0.010404 -0.094470 1.579923
v 0.010788 -0.092372 1.583971
v 0.011636 -0.090132 1.588403
v 0.012341 -0.087580 1.592579
v 0.012980 -0.084810 1.596271
v 0.013341 -0.081949 1.599004
v 0.013838 -0.077341 1.602518
v 0.014652 -0.074461 1.605681
v 0.015283 -0.073683 1.606814
v 0.015923 -0.073215 1.607715
v 0.016529 -0.073020 1.608005
v 0.018774 -0.072254 1.609341
v 0.019520 -0.070814 1.610078
v -0.082302 0.038002 1.453452
v -0.087748 0.045915 1.461775
v -0.070382 0.048959 1.475036
v -0.067533 0.040997 1.470216
v -0.068196 0.068637 1.479788
v -0.088509 0.071752 1.469812
v -0.082282 0.087261 1.470132
v -0.062720 0.079396 1.480041
v -0.090161 0.057410 1.467013
v -0.070587 0.058189 1.478170
v -0.071667 0.101798 1.467306
v -0.057931 0.113363 1.463073
v -0.044816 0.097313 1.476115
v -0.054653 0.089228 1.478323
v -0.012687 0.127087 1.453865
v -0.010583 0.111306 1.473194
v -0.063578 0.049598 1.481303
v -0.061696 0.041569 1.477948
v -0.059240 0.076354 1.617300
v -0.042428 0.091769 1.597564
v -0.037386 0.086988 1.576357
v -0.029874 0.091956 1.576756
v -0.010131 0.106810 1.603244
v -0.007952 0.098879 1.579242
v -0.011795 0.111195 1.631116
v -0.054103 0.076906 1.596484
v -0.048964 0.074072 1.576701
v -0.043707 0.080867 1.576536
v -0.049159 0.084348 1.596746
v -0.044162 -0.062140 1.553119
v -0.040580 -0.069308 1.560709
v -0.033826 -0.075394 1.565066
v -0.025535 -0.079789 1.573746
v -0.020724 -0.080765 1.575569
v -0.017748 -0.081211 1.571271
v -0.024048 -0.079446 1.568729
v -0.008310 -0.094596 1.590795
v -0.006655 -0.096885 1.591639
v -0.006259 -0.099326 1.586768
v -0.007780 -0.097127 1.586003
v -0.004387 -0.101129 1.587227
v -0.004584 -0.098834 1.592119
v -0.004450 -0.092946 1.601794
v -0.004666 -0.096091 1.597188
v -0.006762 -0.094064 1.596526
v -0.006558 -0.090788 1.600980
v -0.055434 -0.058394 1.641060
v -0.051498 -0.066082 1.641556
v -0.050932 -0.069531 1.632423
v -0.054712 -0.062706 1.632028
v -0.003739 -0.087191 1.612624
v -0.004320 -0.090270 1.606039
v -0.006553 -0.088107 1.605300
v -0.005753 -0.085700 1.612565
v -0.051474 -0.069099 1.619861
v -0.053458 -0.066612 1.623212
v -0.049642 -0.072351 1.624822
v -0.047417 -0.073399 1.621455
v -0.031900 -0.083973 1.624981
v -0.030768 -0.080551 1.621316
v -0.039949 -0.076537 1.619912
v -0.042578 -0.077521 1.623611
v -0.047935 -0.070361 1.617241
v -0.044368 -0.073481 1.618613
v -0.050682 -0.066982 1.616042
v -0.054046 -0.063995 1.618321
v -0.047925 -0.067700 1.615289
v -0.045440 -0.070225 1.616521
v -0.042270 -0.072754 1.617781
v -0.030445 -0.078382 1.619995
v -0.038628 -0.075217 1.618801
v -0.043499 -0.071009 1.614231
v -0.045474 -0.068251 1.612556
v -0.045940 -0.068014 1.613679
v -0.043649 -0.070288 1.615227
v -0.040938 -0.073462 1.616055
v -0.040812 -0.072472 1.616737
v -0.030569 -0.077723 1.619285
v -0.030683 -0.077773 1.618252
v -0.037692 -0.075430 1.617203
v -0.037641 -0.074926 1.617998
v -0.026733 -0.077754 1.617663
v -0.026552 -0.077764 1.618915
v -0.026781 -0.081491 1.621152
v -0.026600 -0.078609 1.619911
v -0.019105 -0.075888 1.613749
v -0.022678 -0.077089 1.615956
v -0.022524 -0.076978 1.617162
v -0.019027 -0.075510 1.615401
v -0.022743 -0.078275 1.618873
v -0.022338 -0.081991 1.620560
v -0.017935 -0.081884 1.619990
v -0.019493 -0.077829 1.617533
v -0.017363 -0.082870 1.583682
v -0.013856 -0.086234 1.585925
v -0.012908 -0.087820 1.581913
v -0.015827 -0.083668 1.579865
v -0.014700 -0.084741 1.576660
v -0.012393 -0.089231 1.578511
v -0.008572 -0.091705 1.595437
v -0.008735 -0.088429 1.599734
v -0.044264 -0.059086 1.545712
v -0.047810 -0.053871 1.547796
v -0.043604 -0.051013 1.527552
v -0.046062 -0.072159 1.641964
v -0.046165 -0.075113 1.633701
v -0.044962 -0.077067 1.627854
v -0.058746 0.058078 1.490902
v -0.056829 0.057481 1.499166
v -0.057458 0.048504 1.497076
v -0.059412 0.049327 1.488873
v -0.053658 0.076681 1.494177
v -0.051421 0.076246 1.502623
v -0.055285 0.066869 1.501232
v -0.057220 0.067263 1.492735
v -0.038554 0.091651 1.494621
v -0.036460 0.089799 1.503905
v -0.044655 0.084064 1.503543
v -0.046932 0.085088 1.494679
v -0.008156 0.096665 1.503299
v -0.008761 0.100626 1.493545
v -0.063237 0.058366 1.483539
v -0.060716 0.067580 1.485191
v -0.056652 0.077199 1.486337
v -0.049705 0.086162 1.486189
v -0.041057 0.093688 1.485359
v -0.009679 0.105395 1.483569
v -0.051561 -0.062708 1.651064
v -0.052483 -0.055797 1.668138
v -0.047632 -0.061544 1.668634
v -0.046237 -0.068600 1.651109
v -0.056931 -0.048574 1.667926
v -0.056166 -0.054627 1.651279
v -0.059989 -0.044748 1.650741
v -0.040855 -0.071700 1.602154
v -0.045613 -0.067636 1.604830
v -0.043803 -0.068680 1.607011
v -0.039401 -0.072494 1.604401
v -0.033198 -0.075396 1.603537
v -0.034130 -0.074661 1.601124
v -0.053152 -0.063109 1.614340
v -0.056564 -0.059259 1.616524
v -0.044813 -0.066615 1.608350
v -0.047222 -0.065455 1.606701
v -0.049190 -0.063359 1.608951
v -0.046235 -0.065727 1.610242
v -0.011918 -0.087565 1.592595
v -0.012554 -0.084808 1.596274
v -0.038341 -0.072729 1.606637
v -0.031892 -0.075484 1.605899
v -0.042494 -0.069560 1.608793
v -0.037773 -0.075396 1.616084
v -0.030938 -0.077608 1.616940
v -0.030757 -0.075218 1.616745
v -0.037056 -0.072822 1.616520
v -0.044757 -0.067856 1.611756
v -0.042870 -0.070961 1.613377
v -0.041972 -0.069814 1.613192
v -0.044814 -0.066756 1.611455
v -0.040565 -0.073916 1.614865
v -0.039683 -0.072286 1.615056
v -0.023272 -0.076736 1.615081
v -0.019611 -0.075745 1.612228
v -0.019794 -0.073836 1.611418
v -0.023287 -0.074961 1.614580
v -0.026996 -0.077465 1.616551
v -0.027070 -0.075424 1.616152
v -0.043884 -0.067878 1.609850
v -0.057845 0.069736 1.596321
v -0.054171 0.066181 1.577281
v -0.062077 0.069711 1.615455
v -0.037562 -0.070062 1.670560
v -0.035895 -0.076708 1.650984
v -0.034764 -0.080512 1.641407
v -0.034418 -0.083363 1.634017
v -0.033572 -0.084648 1.629271
v -0.029638 -0.075728 1.603576
v -0.029044 -0.075200 1.606013
v -0.030525 -0.075276 1.601143
v -0.092607 0.091142 1.464576
v -0.080940 0.107821 1.461834
v -0.098473 0.073487 1.464324
v -0.100217 0.057167 1.461027
v -0.065223 0.120668 1.456975
v -0.013694 0.135452 1.445101
v -0.096707 0.044486 1.455019
v -0.076190 0.021523 1.432131
v -0.083148 0.029712 1.437426
v -0.075113 0.032196 1.445247
v -0.068275 0.024729 1.440182
v -0.090350 0.036204 1.446084
v -0.069144 0.013879 1.428415
v -0.062749 0.016831 1.437183
v -0.048153 -0.041794 1.529549
v -0.053194 -0.043910 1.549680
v -0.044675 -0.042401 1.520789
v -0.041728 -0.028630 1.515626
v -0.048766 -0.030090 1.524108
v -0.056256 0.010219 1.434838
v -0.061454 0.007497 1.425491
v -0.045118 0.073398 1.558302
v -0.040894 0.077920 1.558330
v -0.041641 0.078972 1.566949
v -0.046664 0.073130 1.567055
v -0.035920 0.081922 1.556418
v -0.028954 0.086186 1.555501
v -0.028614 0.088437 1.566171
v -0.035804 0.084021 1.566344
v -0.006829 0.092690 1.556866
v -0.007178 0.095349 1.568109
v -0.048916 0.068125 1.556164
v -0.051856 0.065881 1.566352
v -0.015459 -0.074469 1.610883
v -0.015208 -0.074268 1.612563
v -0.015693 -0.074079 1.609443
v -0.016212 -0.073575 1.609361
v -0.016703 -0.073395 1.606938
v -0.018721 -0.073707 1.607243
v -0.018835 -0.072630 1.608127
v -0.016753 -0.073404 1.607406
v -0.012621 -0.081356 1.617733
v -0.015089 -0.076953 1.615281
v -0.049813 -0.065179 1.613590
v -0.008992 -0.084889 1.604145
v -0.011218 -0.078331 1.606795
v -0.010778 -0.079236 1.612559
v -0.007783 -0.083573 1.612541
v -0.024231 -0.074882 1.601867
v -0.027214 -0.075311 1.601582
v -0.026495 -0.075514 1.604027
v -0.023558 -0.074942 1.604346
v -0.026941 -0.085379 1.624564
v -0.021775 -0.085945 1.624235
v -0.016770 -0.086326 1.623926
v -0.027739 -0.086580 1.628378
v -0.005513 -0.085816 1.616088
v -0.005412 -0.087096 1.620738
v -0.003103 -0.087582 1.620672
v -0.003374 -0.086802 1.616087
v -0.022019 -0.086994 1.627899
v -0.016642 -0.087571 1.627762
v -0.008629 -0.086154 1.620599
v -0.007836 -0.084177 1.616133
v -0.011519 -0.080118 1.615424
v -0.005095 -0.088467 1.625836
v -0.002433 -0.088724 1.625757
v -0.005039 -0.088543 1.632527
v -0.002441 -0.088866 1.631856
v -0.035694 -0.073962 1.595610
v -0.043373 -0.070347 1.596574
v -0.049625 -0.064594 1.600341
v -0.015081 -0.084433 1.589926
v -0.018700 -0.081810 1.587383
v -0.019462 -0.080308 1.590743
v -0.015811 -0.082255 1.593372
v -0.051799 -0.061425 1.603484
v -0.053122 -0.059093 1.607067
v -0.012915 -0.081950 1.599010
v -0.013413 -0.077342 1.602517
v -0.023995 -0.079743 1.584735
v -0.027837 -0.078808 1.583232
v -0.028527 -0.077696 1.587388
v -0.024950 -0.078511 1.588666
v -0.025061 -0.075820 1.596612
v -0.028169 -0.075531 1.596104
v -0.032546 -0.075879 1.589969
v -0.036706 -0.074770 1.589424
v -0.031829 -0.075007 1.595658
v -0.025330 -0.077242 1.591849
v -0.028765 -0.076643 1.590941
v -0.015893 -0.076580 1.599958
v -0.016009 -0.080054 1.596001
v -0.019809 -0.078677 1.593533
v -0.019746 -0.076162 1.597845
v -0.019011 -0.074155 1.602310
v -0.036602 -0.075613 1.580670
v -0.036789 -0.075122 1.585466
v -0.032433 -0.076612 1.586313
v -0.032062 -0.077508 1.581869
v -0.031711 -0.073919 1.670490
v -0.030547 -0.079996 1.650437
v -0.004655 -0.086217 1.650818
v -0.004938 -0.082130 1.669476
v -0.062333 -0.036119 1.636188
v -0.058584 -0.048415 1.640016
v -0.057553 -0.054980 1.630201
v -0.060085 -0.047353 1.625976
v -0.056054 -0.060513 1.620958
v -0.058452 -0.054548 1.619311
v -0.078083 0.047132 1.586060
v -0.079955 0.046541 1.585036
v -0.076458 0.042289 1.576835
v -0.074668 0.043077 1.577700
v -0.079876 0.021584 1.630845
v -0.081716 0.020843 1.629993
v -0.078064 0.022453 1.630741
v -0.077650 0.014087 1.617890
v -0.080083 0.017327 1.626807
v -0.078179 0.017914 1.627836
v -0.076203 0.013004 1.619582
v -0.074398 0.009162 1.609766
v -0.074097 0.009156 1.600801
v -0.074734 0.012861 1.601659
v -0.075199 0.013188 1.607766
v -0.072674 0.040677 1.573977
v -0.074611 0.040066 1.573683
v -0.069779 0.029210 1.567175
v -0.066558 0.029820 1.566626
v -0.028818 -0.083211 1.640993
v -0.083833 0.053561 1.608896
v -0.085950 0.052607 1.606975
v -0.083433 0.050942 1.596027
v -0.081608 0.051706 1.597759
v -0.055188 0.018260 1.460227
v -0.058855 0.026271 1.462330
v -0.050377 0.010992 1.458085
v -0.035066 -0.075750 1.570189
v -0.030398 -0.078080 1.571964
v -0.053004 -0.030832 1.532913
v -0.057431 0.039678 1.495354
v -0.058421 0.040883 1.486440
v -0.063103 0.033842 1.465504
v -0.058964 0.033630 1.474775
v -0.056632 0.025406 1.472628
v -0.053727 0.017036 1.470691
v -0.049212 0.010189 1.468750
v -0.067690 -0.017178 1.585045
v -0.064992 -0.027885 1.582206
v -0.063356 -0.023704 1.564472
v -0.066111 -0.013239 1.567615
v -0.068069 -0.003572 1.571284
v -0.069708 -0.007235 1.587898
v -0.070211 -0.009055 1.596690
v -0.072263 0.000963 1.599087
v -0.071932 -0.000444 1.608062
v -0.069651 -0.011286 1.605852
v -0.068821 0.015755 1.569910
v -0.070614 0.016953 1.572375
v -0.071355 0.014841 1.578693
v -0.070775 0.012147 1.578142
v -0.068155 0.021329 1.567070
v -0.070000 0.020843 1.568699
v -0.073267 0.009556 1.592084
v -0.073997 0.013206 1.593217
v -0.071714 0.002111 1.590711
v -0.069537 0.005387 1.575512
v -0.044224 -0.002113 1.423240
v -0.040741 0.000716 1.433271
v -0.037233 0.001266 1.455295
v -0.032244 0.000400 1.476763
v -0.034428 0.001515 1.466161
v -0.042328 0.005592 1.467150
v -0.039895 0.005172 1.478344
v -0.064095 0.064037 1.612957
v -0.060696 0.063540 1.595967
v -0.057713 0.061194 1.580417
v -0.078341 0.051088 1.600769
v -0.011898 -0.001906 1.433591
v -0.010205 -0.005065 1.452070
v -0.010041 -0.010584 1.459905
v -0.010278 -0.015274 1.468927
v -0.022528 -0.005621 1.433979
v -0.023805 -0.008141 1.425259
v -0.012633 -0.005119 1.424742
v -0.019493 -0.002349 1.453353
v -0.017533 -0.008987 1.471661
v -0.018518 -0.006000 1.461843
v -0.026678 -0.002143 1.464097
v -0.024794 -0.003920 1.474369
v -0.009930 -0.016915 1.478741
v -0.017205 -0.011602 1.481656
v -0.033732 -0.036017 1.506740
v -0.029729 -0.026547 1.504987
v -0.037006 -0.071397 1.607451
v -0.031738 -0.073767 1.606575
v -0.041331 -0.068516 1.609358
v -0.030184 -0.072865 1.618365
v -0.036087 -0.070965 1.618012
v -0.039334 -0.069498 1.616164
v -0.041251 -0.068263 1.613212
v -0.020459 -0.071675 1.611847
v -0.022780 -0.072292 1.614707
v -0.026405 -0.072935 1.617447
v -0.043539 -0.066891 1.610961
v -0.042729 -0.067419 1.610235
v -0.018347 -0.072254 1.609342
v -0.019093 -0.070816 1.610079
v -0.028919 -0.073839 1.606670
v -0.036585 -0.066749 1.607432
v -0.030621 -0.070098 1.606510
v -0.039380 -0.065427 1.609960
v -0.030483 -0.067212 1.616316
v -0.034987 -0.066801 1.616868
v -0.040232 -0.065572 1.612635
v -0.041593 -0.065762 1.610927
v -0.038393 -0.065886 1.615798
v -0.020575 -0.069352 1.611835
v -0.023072 -0.068578 1.613892
v -0.026771 -0.067788 1.615998
v -0.027312 -0.070270 1.606872
v -0.036430 -0.059263 1.608505
v -0.029790 -0.061526 1.607313
v -0.039821 -0.058752 1.609902
v -0.030005 -0.060382 1.613544
v -0.035801 -0.058521 1.614413
v -0.040433 -0.061104 1.612943
v -0.040956 -0.060748 1.611457
v -0.039190 -0.059720 1.614476
v -0.026410 -0.062229 1.613515
v -0.026006 -0.062451 1.607925
v -0.023107 -0.063816 1.612199
v -0.022870 -0.063390 1.608938
v -0.079719 0.016810 1.615893
v -0.078890 0.015400 1.616678
v -0.075668 0.016123 1.606811
v -0.077919 0.017241 1.611193
v -0.081593 0.017688 1.625576
v -0.082404 0.018544 1.624140
v -0.083440 0.021169 1.626760
v -0.082922 0.020639 1.628504
v -0.074567 0.027785 1.571184
v -0.072493 0.028507 1.568654
v -0.076582 0.039000 1.574305
v -0.077777 0.037672 1.576035
v -0.078448 0.041092 1.577237
v -0.079127 0.039595 1.579005
v -0.081423 0.045235 1.584805
v -0.081813 0.043716 1.585529
v -0.084755 0.047335 1.594099
v -0.084487 0.049319 1.594820
v -0.086968 0.050767 1.605178
v -0.086678 0.049300 1.604998
v -0.074988 0.016633 1.601323
v -0.076906 0.037244 1.594934
v -0.079301 0.036478 1.593191
v -0.080683 0.037366 1.597590
v -0.078287 0.037490 1.599135
v -0.081627 0.037272 1.590812
v -0.083242 0.038141 1.596739
v -0.083474 0.045232 1.593408
v -0.080930 0.042119 1.586929
v -0.074693 0.016393 1.593670
v -0.072092 0.020663 1.570608
v -0.073736 0.021430 1.572803
v -0.072058 0.017882 1.574205
v -0.073310 0.019552 1.575985
v -0.084735 0.047755 1.603979
v -0.083569 0.037161 1.604963
v -0.080680 0.035551 1.605248
v -0.076448 0.025112 1.593706
v -0.077030 0.022239 1.594004
v -0.076225 0.020610 1.590068
v -0.075781 0.023633 1.589014
v -0.073277 0.018953 1.580366
v -0.072121 0.016656 1.579525
v -0.074122 0.021640 1.580810
v -0.078667 0.038569 1.580968
v -0.077912 0.032404 1.586474
v -0.078305 0.033545 1.584598
v -0.073679 0.024771 1.587996
v -0.074867 0.024095 1.581374
v -0.074142 0.021921 1.577706
v -0.074873 0.024838 1.579099
v -0.074476 0.023173 1.575475
v -0.077959 0.030776 1.584689
v -0.075108 0.027016 1.574515
v -0.076872 0.031848 1.587399
v -0.075972 0.026368 1.582074
v -0.070622 0.026931 1.601584
v -0.074274 0.026659 1.593598
v -0.054864 0.060701 1.562548
v -0.071980 0.043195 1.579999
v -0.070024 0.041057 1.576511
v -0.029377 -0.077683 1.566848
v -0.025846 -0.073651 1.607063
v -0.024615 -0.070170 1.607395
v -0.025984 -0.074892 1.606495
v -0.017180 -0.081843 1.573929
v -0.042987 -0.068533 1.566007
v -0.045642 -0.068919 1.578674
v -0.049351 -0.056263 1.558707
v -0.058128 -0.033119 1.552229
v -0.059588 -0.034736 1.561676
v -0.054731 -0.045758 1.559747
v -0.062145 -0.022215 1.555488
v -0.065121 -0.011654 1.558872
v -0.066988 -0.001609 1.562197
v -0.067939 0.007976 1.566371
v -0.061969 0.002937 1.543405
v -0.061780 0.012836 1.546823
v -0.057188 -0.019068 1.536816
v -0.060099 -0.007674 1.540355
v -0.055387 -0.005301 1.531871
v -0.057412 0.005201 1.534874
v -0.052556 -0.017178 1.528246
v -0.053156 0.015557 1.480603
v -0.056180 0.023851 1.482327
v -0.057259 0.032306 1.484369
v -0.047568 0.009408 1.479266
v -0.044626 0.001418 1.517653
v -0.049764 -0.002487 1.524627
v -0.046317 -0.014267 1.521249
v -0.040656 -0.008909 1.515200
v -0.049340 0.010305 1.519042
v -0.052698 0.007657 1.527029
v -0.054814 0.016612 1.529580
v -0.057980 0.014779 1.538101
v -0.060157 0.021227 1.550494
v -0.036093 -0.019068 1.510814
v -0.009826 -0.019426 1.488363
v -0.024072 -0.005960 1.484616
v -0.030537 -0.000696 1.487255
v -0.037954 0.003958 1.489001
v -0.055802 0.022203 1.492180
v -0.051931 0.014705 1.490928
v -0.057346 0.030799 1.493789
v -0.045496 0.008726 1.489951
v -0.057511 0.029399 1.503443
v -0.056975 0.026198 1.522597
v -0.053636 0.018141 1.520472
v -0.055060 0.020974 1.501906
v -0.050273 0.013503 1.500612
v -0.043857 0.006960 1.499750
v -0.017809 -0.015913 1.490695
v -0.036636 0.001465 1.498880
v -0.029832 -0.004505 1.497451
v -0.024136 -0.010508 1.494276
v -0.059646 0.028194 1.553699
v -0.059325 0.031084 1.544425
v -0.060595 0.033934 1.557261
v -0.060042 0.037710 1.547862
v -0.039378 0.080296 1.534119
v -0.031687 0.085839 1.534168
v -0.030310 0.085485 1.545225
v -0.038614 0.079827 1.546605
v -0.006924 0.091029 1.534079
v -0.006680 0.091821 1.545424
v -0.034723 0.088309 1.513340
v -0.042625 0.082932 1.512850
v -0.007792 0.093435 1.513233
v -0.053411 -0.059986 1.610792
v -0.057265 -0.054997 1.611971
v -0.068325 -0.018189 1.626395
v -0.068086 -0.021437 1.638108
v -0.064374 -0.029772 1.623765
v -0.057591 0.038079 1.504824
v -0.058644 0.035166 1.525042
v -0.049246 0.075353 1.511824
v -0.046152 0.072892 1.533315
v -0.051179 0.063996 1.531921
v -0.053451 0.066093 1.510273
v -0.055240 0.054372 1.530594
v -0.055642 0.056617 1.508361
v -0.058080 0.044578 1.528169
v -0.056652 0.047336 1.506527
v -0.073370 0.003214 1.639126
v -0.074385 0.013503 1.643406
v -0.059924 0.042845 1.550267
v -0.060830 0.039756 1.559725
v -0.060500 0.046235 1.562935
v -0.058808 0.049347 1.552621
v -0.075208 0.047299 1.588946
v -0.044333 -0.070196 1.616023
v -0.046634 -0.067975 1.614791
v -0.041323 -0.072473 1.617379
v -0.037921 -0.074774 1.618439
v -0.030500 -0.077742 1.619642
v -0.026542 -0.077625 1.619377
v -0.019028 -0.075802 1.616748
v -0.022536 -0.076722 1.617972
v -0.015086 -0.075151 1.614318
v -0.048047 -0.065460 1.611943
v -0.047847 -0.065372 1.611059
v -0.049878 -0.063173 1.610632
v -0.048114 -0.066164 1.613510
v -0.053786 -0.057152 1.577858
v -0.057820 -0.048960 1.578700
v -0.061581 -0.038979 1.579930
v -0.068102 -0.019509 1.594026
v -0.065494 -0.030402 1.591362
v -0.057510 -0.052838 1.597686
v -0.057727 -0.052145 1.605953
v -0.016903 -0.087381 1.632360
v -0.022501 -0.086593 1.632826
v -0.028446 -0.085519 1.633407
v -0.070932 -0.003327 1.617379
v -0.068579 -0.014495 1.615617
v -0.073495 0.007020 1.618572
v -0.014556 -0.073966 1.608827
v -0.014413 -0.074279 1.610173
v -0.013320 -0.075680 1.612407
v -0.013304 -0.074541 1.608502
v -0.014246 -0.074476 1.605677
v -0.014848 -0.073681 1.606816
v -0.015716 -0.074268 1.603691
v -0.014225 -0.074542 1.611879
v -0.013843 -0.076488 1.614017
v -0.014308 -0.075273 1.613491
v -0.045192 -0.069784 1.589346
v -0.053462 -0.060254 1.592852
v -0.059531 -0.049819 1.613773
v -0.060837 -0.045523 1.607100
v -0.064025 -0.035936 1.610372
v -0.062232 -0.041035 1.618275
v -0.071132 -0.006722 1.627787
v -0.073024 0.003492 1.628512
v -0.062103 -0.041184 1.589183
v -0.045784 -0.069427 1.584589
v -0.054300 -0.058433 1.586019
v -0.058351 -0.050498 1.587876
v -0.061841 -0.043069 1.598882
v -0.065194 -0.032874 1.600943
v -0.067556 -0.022182 1.603545
v -0.066148 -0.025488 1.613250
v -0.083344 0.030672 1.613411
v -0.080222 0.027854 1.612411
v -0.071469 -0.009255 1.638849
v -0.074162 0.009454 1.628679
v -0.074665 0.016826 1.631042
v -0.073981 0.026890 1.604372
v -0.078529 0.019014 1.616415
v -0.080702 0.021085 1.622935
v -0.079590 0.024121 1.614605
v -0.081762 0.027595 1.617777
v -0.077613 0.018988 1.610403
v -0.081361 0.023606 1.625132
v -0.085559 0.045306 1.604066
v -0.082991 0.043514 1.594431
v -0.080743 0.040848 1.588442
v -0.078060 0.035055 1.605809
v -0.085238 0.038495 1.604670
v -0.087606 0.042899 1.604165
v -0.086443 0.038877 1.616789
v -0.084783 0.033516 1.614213
v -0.084705 0.039340 1.596289
v -0.084507 0.041968 1.595734
v -0.081608 0.038901 1.589808
v -0.081435 0.030550 1.619256
v -0.078692 0.036245 1.584863
v -0.071795 -0.011110 1.649192
v -0.068722 -0.022576 1.648825
v -0.074716 0.021162 1.633041
v -0.074143 0.010179 1.634594
v -0.063969 -0.033919 1.649336
v -0.058099 0.054364 1.561813
v -0.063438 0.049674 1.582115
v -0.067380 0.052904 1.594276
v -0.069542 0.054361 1.606691
v -0.022125 -0.070204 1.607853
v -0.022806 -0.073005 1.607610
v -0.022935 -0.074332 1.607100
v -0.018860 -0.073753 1.604270
v -0.016004 -0.073644 1.605206
v -0.015491 -0.073219 1.607717
v -0.016114 -0.073041 1.608005
v -0.056928 0.054917 1.553271
v -0.053100 0.061805 1.553919
v -0.057362 0.024949 1.532017
v -0.059130 0.033647 1.535172
v -0.059423 0.042886 1.540576
v -0.056781 0.053228 1.543867
v -0.051582 0.062833 1.543727
v -0.025070 -0.082599 1.650065
v -0.019707 -0.084420 1.649508
v -0.018460 -0.086407 1.640253
v -0.023687 -0.085175 1.640527
v -0.021020 -0.079522 1.668181
v -0.026305 -0.077340 1.668659
v -0.074586 0.017207 1.637007
v -0.045910 0.071794 1.546115
v -0.030543 -0.069652 1.680567
v -0.005160 -0.078377 1.679172
v -0.070476 0.054371 1.612547
v -0.044078 0.074433 1.552260
v -0.041398 0.077332 1.552330
v -0.075282 0.023504 1.601658
v -0.075974 0.021505 1.605506
v -0.075899 0.018900 1.606019
v -0.075569 0.021006 1.601236
v -0.073735 0.025672 1.601799
v -0.075753 0.023882 1.605194
v -0.074997 0.021869 1.609399
v -0.073045 0.025666 1.608079
v -0.020360 -0.065920 1.608461
v -0.020021 -0.066065 1.610681
v -0.007866 -0.088335 1.625937
v -0.008294 -0.088351 1.632522
v -0.009460 -0.087390 1.640844
v -0.004387 -0.087591 1.640773
v -0.009900 -0.085825 1.650881
v -0.010381 -0.081582 1.669261
v -0.002119 -0.088243 1.636495
v -0.021761 -0.075922 1.676413
v -0.026090 -0.074735 1.675139
v -0.010895 -0.077733 1.678730
v -0.019398 -0.070131 1.608536
v -0.010360 -0.092375 1.583969
v -0.011212 -0.090125 1.588408
v -0.075538 0.024410 1.584791
v -0.074957 0.022599 1.585193
v -0.074636 0.019836 1.585693
v -0.073435 0.016397 1.586003
v -0.072636 0.013678 1.585411
v -0.072022 0.010551 1.584552
v -0.070683 0.003900 1.582508
v -0.068879 -0.005234 1.579602
v -0.066815 -0.014920 1.576268
v -0.064064 -0.025526 1.573329
v -0.060540 -0.036812 1.570934
v -0.056419 -0.047255 1.569395
v -0.052237 -0.056025 1.569009
v -0.044773 -0.068411 1.572170
v -0.036051 -0.075768 1.575552
v -0.031351 -0.077983 1.577081
v -0.026808 -0.079516 1.578728
v -0.022558 -0.080591 1.580621
v 0.022988 -0.080589 1.580619
v 0.027225 -0.079503 1.578732
v 0.031748 -0.077977 1.577094
v 0.036464 -0.075764 1.575560
v 0.045240 -0.068442 1.572156
v 0.052820 -0.056130 1.568991
v 0.057030 -0.047348 1.569391
v 0.061101 -0.036866 1.570932
v 0.064578 -0.025544 1.573353
v 0.067270 -0.014926 1.576284
v 0.069294 -0.005234 1.579629
v 0.071096 0.003900 1.582508
v 0.072430 0.010552 1.584552
v 0.073063 0.013678 1.585411
v 0.073861 0.016397 1.586003
v 0.075062 0.019836 1.585694
v 0.075384 0.022599 1.585195
v 0.075965 0.024410 1.584793
v 0.002555 -0.102237 1.587441
v -0.002125 -0.102234 1.587441
v 0.002584 -0.099875 1.592435
v -0.002155 -0.099875 1.592435
v 0.018288 -0.082160 1.578268
v 0.016374 -0.083117 1.575436
v -0.015948 -0.083123 1.575435
v -0.017862 -0.082158 1.578267
v 0.046839 -0.051068 1.536895
v 0.051749 -0.042173 1.539229
v 0.056660 -0.031655 1.542421
v 0.060837 -0.020589 1.546078
v 0.063771 -0.009920 1.549618
v 0.065468 0.000396 1.552799
v 0.065488 0.010686 1.556344
v 0.064500 0.018452 1.559628
v 0.063663 0.023825 1.561568
v 0.062989 0.029254 1.563916
v 0.063340 0.036706 1.567493
v 0.063962 0.041193 1.572369
v -0.046250 -0.050930 1.536998
v -0.051128 -0.042062 1.539329
v -0.056018 -0.031585 1.542494
v -0.060217 -0.020552 1.546136
v -0.063236 -0.009901 1.549644
v -0.065027 0.000400 1.552803
v -0.065062 0.010686 1.556344
v -0.064074 0.018452 1.559628
v -0.063236 0.023825 1.561568
v -0.062563 0.029254 1.563916
v -0.062916 0.036706 1.567493
v -0.063537 0.041193 1.572368
v 0.058221 0.023307 1.541285
v -0.057797 0.023307 1.541285
v 0.059307 0.054506 1.568821
v -0.058881 0.054506 1.568821
v 0.077510 0.028217 1.583367
v 0.076318 0.032099 1.576113
v 0.076143 0.033076 1.573189
v 0.074766 0.034193 1.570780
v 0.072387 0.035342 1.569513
v 0.069890 0.035624 1.569564
v -0.069466 0.035624 1.569564
v -0.071960 0.035342 1.569512
v -0.074340 0.034193 1.570780
v -0.075716 0.033076 1.573188
v -0.075893 0.032099 1.576111
v -0.077085 0.028217 1.583369
v 0.067333 0.035587 1.570090
v -0.066908 0.035587 1.570089
v 0.068509 0.038235 1.572970
v 0.071238 0.037937 1.571277
v 0.073702 0.037690 1.571384
v 0.075771 0.036653 1.572363
v 0.077049 0.035602 1.574544
v 0.077106 0.034804 1.577639
v -0.076681 0.034804 1.577642
v -0.076621 0.035602 1.574549
v -0.075346 0.036653 1.572365
v -0.073275 0.037690 1.571386
v -0.070812 0.037937 1.571277
v -0.068084 0.038235 1.572969
v 0.062587 0.048776 1.576443
v 0.057220 0.060702 1.575108
v -0.062161 0.048776 1.576443
v -0.056793 0.060702 1.575108
v 0.056224 0.060483 1.568382
v -0.055800 0.060483 1.568382
v -0.080419 0.057557 1.472598
v -0.079006 0.047258 1.468430
v -0.074759 0.039426 1.461684
v -0.068747 0.033218 1.455247
v -0.062888 0.026083 1.451137
v -0.058195 0.018180 1.448398
v -0.052779 0.010895 1.446504
v -0.039044 0.000534 1.444300
v -0.021333 -0.003111 1.443485
v -0.011028 -0.002056 1.443041
v 0.000206 -0.001232 1.442866
v 0.011470 -0.001874 1.443033
v 0.021763 -0.002934 1.443471
v 0.039471 0.000569 1.444300
v 0.053205 0.010910 1.446503
v 0.058622 0.018188 1.448398
v 0.063314 0.026087 1.451137
v 0.069174 0.033220 1.455247
v 0.075185 0.039426 1.461683
v 0.079433 0.047258 1.468430
v 0.080845 0.057557 1.472598
v 0.079010 0.069733 1.474841
v 0.072772 0.083066 1.475018
v 0.063128 0.095268 1.472497
v 0.051449 0.105064 1.469200
v 0.012093 0.119022 1.462883
v 0.000221 0.119905 1.462336
v -0.011666 0.119021 1.462883
v -0.051022 0.105064 1.469200
v -0.062700 0.095268 1.472497
v -0.072346 0.083066 1.475018
v -0.078583 0.069733 1.474842
v 0.020024 -0.081632 1.582232
v -0.019596 -0.081633 1.582234
v 0.021479 -0.080682 1.586031
v -0.021046 -0.080686 1.586043
v -0.001433 -0.087825 1.619964
v -0.001594 -0.087348 1.615983
v -0.001809 -0.087960 1.612662
v -0.002062 -0.091569 1.606151
v -0.002187 -0.094247 1.602177
v -0.002245 -0.097221 1.597628
v 0.001853 -0.087820 1.619963
v 0.002013 -0.087363 1.615975
v 0.002267 -0.087996 1.612649
v 0.002486 -0.091587 1.606140
v 0.002609 -0.094256 1.602168
v 0.002672 -0.097223 1.597624
v -0.001276 -0.088475 1.623176
v 0.000214 -0.088586 1.623318
v 0.001698 -0.088473 1.623175
v 0.021202 -0.080100 1.571034
v -0.020757 -0.080091 1.571033
v 0.022360 -0.079403 1.589605
v 0.022756 -0.077956 1.592607
v 0.022665 -0.075996 1.597182
v 0.021950 -0.074332 1.602007
v 0.021412 -0.074196 1.604365
v 0.020788 -0.073899 1.607234
v 0.020850 -0.072551 1.608061
v 0.020939 -0.070096 1.608167
v -0.020513 -0.070096 1.608166
v -0.020425 -0.072551 1.608061
v -0.020388 -0.073918 1.607229
v -0.021024 -0.074208 1.604360
v -0.021573 -0.074355 1.601997
v -0.022248 -0.075998 1.597176
v -0.022332 -0.077956 1.592604
v -0.021928 -0.079404 1.589611
v 0.043275 -0.066199 1.669209
v 0.041531 -0.072937 1.651321
v 0.040631 -0.076994 1.641903
v 0.040491 -0.079955 1.633588
v 0.039668 -0.081396 1.629059
v 0.037578 -0.081228 1.624678
v 0.035381 -0.078934 1.620931
v 0.035078 -0.077102 1.619639
v 0.034765 -0.076657 1.619409
v 0.034681 -0.076561 1.618976
v 0.034639 -0.076766 1.617881
v 0.034907 -0.076824 1.617004
v 0.034384 -0.074593 1.617010
v 0.034082 -0.072195 1.618481
v -0.033659 -0.072195 1.618481
v -0.033969 -0.074594 1.617009
v -0.034480 -0.076818 1.617004
v -0.034355 -0.076764 1.617859
v -0.034391 -0.076568 1.618955
v -0.034507 -0.076640 1.619332
v -0.034853 -0.077094 1.619588
v -0.035123 -0.078938 1.620847
v -0.036944 -0.081201 1.624529
v -0.039152 -0.081420 1.628850
v -0.039985 -0.080008 1.633739
v -0.040185 -0.077001 1.641910
v -0.041109 -0.072939 1.651337
v -0.042849 -0.066197 1.669204
v 0.013932 -0.086783 1.577677
v 0.014641 -0.085528 1.581020
v 0.015910 -0.084387 1.584887
v 0.017257 -0.083044 1.588681
v 0.017986 -0.081193 1.592000
v 0.018207 -0.079342 1.594687
v 0.018013 -0.076242 1.598829
v 0.017388 -0.074123 1.602938
v 0.017533 -0.073660 1.604493
v 0.017915 -0.073548 1.607145
v 0.018110 -0.073158 1.607504
v 0.017794 -0.073116 1.608797
v 0.017794 -0.073724 1.610098
v 0.017667 -0.074769 1.610768
v 0.017311 -0.074802 1.612289
v 0.017210 -0.074374 1.614033
v 0.017063 -0.075307 1.615599
v 0.017428 -0.077422 1.616530
v 0.015019 -0.081913 1.619148
v 0.012924 -0.086569 1.622895
v 0.012410 -0.088137 1.627164
v 0.012552 -0.088070 1.632166
v 0.014292 -0.087028 1.640551
v 0.015152 -0.085277 1.650284
v 0.016145 -0.080787 1.668641
v 0.016798 -0.077031 1.677592
v 0.031258 0.104957 1.627636
v 0.027165 0.101904 1.600502
v 0.022733 0.095494 1.577829
v 0.021563 0.091744 1.566685
v 0.021844 0.089384 1.555596
v 0.022845 0.088943 1.544847
v 0.023833 0.089539 1.534342
v 0.026215 0.091992 1.513637
v 0.027615 0.093988 1.504001
v 0.029377 0.096713 1.494450
v 0.031569 0.099873 1.484740
v 0.034333 0.104184 1.474861
v 0.038645 0.112437 1.466787
v 0.043489 0.121390 1.459760
v 0.048324 0.129398 1.452174
v -0.013504 -0.086784 1.577677
v -0.014214 -0.085527 1.581021
v -0.015485 -0.084388 1.584888
v -0.016828 -0.083046 1.588691
v -0.017556 -0.081193 1.592004
v -0.017780 -0.079342 1.594687
v -0.017596 -0.076246 1.598827
v -0.016968 -0.074128 1.602936
v -0.017101 -0.073657 1.604495
v -0.017503 -0.073560 1.607143
v -0.017697 -0.073167 1.607503
v -0.017386 -0.073126 1.608795
v -0.017402 -0.073754 1.610093
v -0.017324 -0.074828 1.610756
v -0.016930 -0.074845 1.612282
v -0.016791 -0.074384 1.614032
v -0.016587 -0.075275 1.615601
v -0.016985 -0.077408 1.616472
v -0.014559 -0.081896 1.619148
v -0.012458 -0.086451 1.622882
v -0.011988 -0.088097 1.627167
v -0.012030 -0.088078 1.632183
v -0.013869 -0.087029 1.640561
v -0.014733 -0.085284 1.650295
v -0.015718 -0.080785 1.668641
v -0.016374 -0.077032 1.677592
v -0.026740 0.101904 1.600501
v -0.022306 0.095493 1.577829
v -0.021137 0.091742 1.566686
v -0.021418 0.089385 1.555596
v -0.022420 0.088943 1.544847
v -0.023408 0.089538 1.534341
v -0.025788 0.091992 1.513637
v -0.027190 0.093988 1.504000
v -0.028952 0.096713 1.494450
v -0.031142 0.099875 1.484740
v -0.033907 0.104184 1.474861
v -0.038219 0.112439 1.466787
v -0.043065 0.121390 1.459760
v -0.047897 0.129398 1.452174
v 0.013600 -0.074950 1.610424
v 0.011185 -0.078706 1.609617
v 0.008428 -0.083892 1.608851
v 0.006547 -0.086576 1.609266
v 0.004485 -0.088438 1.609676
v 0.002399 -0.089439 1.609720
v 0.000215 -0.089727 1.609655
v -0.001967 -0.089426 1.609720
v -0.004060 -0.088411 1.609700
v -0.006110 -0.086546 1.609298
v -0.007996 -0.083878 1.608891
v -0.010754 -0.078705 1.609659
v -0.013172 -0.074946 1.610429
v 0.022188 -0.067432 1.607223
v 0.023997 -0.066609 1.606686
v 0.026757 -0.066316 1.605945
v 0.030396 -0.065704 1.605278
v 0.037361 -0.062621 1.606745
v 0.040082 -0.062506 1.609265
v 0.041298 -0.062875 1.611473
v 0.040622 -0.062872 1.612843
v 0.038983 -0.062334 1.615181
v 0.035665 -0.061639 1.616323
v 0.030835 -0.062980 1.615793
v 0.027243 -0.064319 1.615408
v 0.023635 -0.065580 1.613492
v 0.020891 -0.067582 1.611759
v 0.019047 -0.070301 1.609052
v 0.018743 -0.072121 1.608436
v 0.017981 -0.073185 1.608168
v 0.016857 -0.073055 1.607535
v 0.016424 -0.073380 1.606967
v 0.015798 -0.073704 1.605928
v 0.015257 -0.074432 1.604635
v 0.015078 -0.076957 1.601117
v 0.014849 -0.080863 1.597398
v 0.014574 -0.083388 1.594744
v 0.013897 -0.085916 1.591196
v 0.012957 -0.088154 1.587130
v 0.012060 -0.090103 1.582933
v 0.011614 -0.091837 1.579211
v -0.021761 -0.067433 1.607223
v -0.023571 -0.066609 1.606684
v -0.026331 -0.066315 1.605935
v -0.029972 -0.065702 1.605267
v -0.036938 -0.062619 1.606732
v -0.039657 -0.062506 1.609260
v -0.040873 -0.062876 1.611473
v -0.040197 -0.062873 1.612843
v -0.038558 -0.062334 1.615181
v -0.035240 -0.061640 1.616327
v -0.030411 -0.062982 1.615800
v -0.026820 -0.064320 1.615411
v -0.023211 -0.065580 1.613491
v -0.020465 -0.067584 1.611758
v -0.018621 -0.070303 1.609052
v -0.018316 -0.072121 1.608437
v -0.017565 -0.073196 1.608167
v -0.016435 -0.073076 1.607536
v -0.015987 -0.073383 1.606971
v -0.015362 -0.073701 1.605929
v -0.014853 -0.074449 1.604631
v -0.014653 -0.076957 1.601117
v -0.014423 -0.080863 1.597401
v -0.014148 -0.083386 1.594747
v -0.013475 -0.085907 1.591208
v -0.012532 -0.088150 1.587133
v -0.011632 -0.090102 1.582932
v -0.011187 -0.091839 1.579211
v 0.019938 -0.071777 1.610789
v 0.019231 -0.072923 1.610001
v 0.017669 -0.073187 1.609354
v 0.016476 -0.073114 1.608683
v 0.015572 -0.073309 1.608516
v 0.014977 -0.073556 1.607757
v 0.014148 -0.074465 1.606897
v 0.012600 -0.077784 1.604300
v 0.011698 -0.083318 1.601045
v 0.011234 -0.086532 1.597936
v 0.010694 -0.089501 1.594021
v 0.010221 -0.092282 1.589660
v 0.009525 -0.094744 1.585020
v -0.019512 -0.071779 1.610789
v -0.018807 -0.072924 1.610001
v -0.017249 -0.073202 1.609354
v -0.016064 -0.073135 1.608683
v -0.015147 -0.073315 1.608516
v -0.014548 -0.073555 1.607757
v -0.013728 -0.074468 1.606896
v -0.012177 -0.077786 1.604307
v -0.011269 -0.083317 1.601059
v -0.010807 -0.086526 1.597948
v -0.010270 -0.089490 1.594034
v -0.009796 -0.092276 1.589665
v -0.009098 -0.094746 1.585020
v 0.011434 -0.027647 1.494802
v 0.000216 -0.028575 1.494510
v -0.011014 -0.027643 1.494793
v -0.019650 -0.023729 1.497229
v -0.026351 -0.018102 1.501216
v -0.031923 -0.011461 1.505513
v -0.037155 -0.003060 1.508170
v -0.043095 0.004758 1.508940
v -0.048958 0.012253 1.509972
v -0.054171 0.019773 1.511256
v -0.057276 0.027781 1.513068
v -0.058172 0.036491 1.514799
v -0.057025 0.045858 1.516835
v -0.054964 0.055545 1.518808
v -0.051851 0.065145 1.520402
v -0.047292 0.074142 1.521752
v -0.040787 0.081520 1.522844
v -0.033089 0.086844 1.523435
v -0.024482 0.090399 1.523791
v -0.007379 0.091252 1.523193
v 0.000213 0.090649 1.523577
v 0.007806 0.091252 1.523193
v 0.024909 0.090399 1.523791
v 0.033516 0.086845 1.523435
v 0.041214 0.081520 1.522845
v 0.047718 0.074142 1.521753
v 0.052274 0.065143 1.520394
v 0.055389 0.055543 1.518807
v 0.057456 0.045860 1.516837
v 0.058608 0.036488 1.514800
v 0.057732 0.027775 1.513063
v 0.054642 0.019762 1.511247
v 0.049372 0.012257 1.509979
v 0.043514 0.004766 1.508952
v 0.037597 -0.003065 1.508165
v 0.032359 -0.011423 1.505512
v 0.026776 -0.018083 1.501230
v 0.020068 -0.023713 1.497239
v 0.075285 0.011570 1.622867
v 0.076236 0.018073 1.628046
v 0.076304 0.022567 1.630260
v 0.075730 0.052063 1.610322
v 0.074239 0.051520 1.603870
v 0.071870 0.048958 1.592184
v 0.068350 0.044793 1.581834
v 0.065965 0.043022 1.577908
v -0.074859 0.011570 1.622867
v -0.075811 0.018073 1.628046
v -0.075879 0.022570 1.630246
v -0.075305 0.052064 1.610317
v -0.073815 0.051520 1.603865
v -0.071444 0.048959 1.592182
v -0.067926 0.044793 1.581834
v -0.065539 0.043022 1.577907
v 0.067264 0.025987 1.565774
v 0.069888 0.025423 1.567108
v 0.072625 0.024696 1.568924
v 0.074470 0.024349 1.571279
v 0.075150 0.024848 1.573944
v -0.066839 0.025987 1.565775
v -0.069463 0.025423 1.567108
v -0.072198 0.024696 1.568923
v -0.074043 0.024349 1.571278
v -0.074724 0.024848 1.573940
v 0.077697 0.015367 1.612139
v 0.075206 0.024765 1.603970
v 0.072862 0.027350 1.603187
v -0.077271 0.015367 1.612139
v -0.074781 0.024765 1.603969
v -0.072435 0.027350 1.603184
v 0.076397 0.022864 1.607543
v 0.074279 0.026395 1.606103
v -0.075972 0.022864 1.607544
v -0.073854 0.026395 1.606100
v 0.078284 0.031493 1.582856
v 0.077519 0.029382 1.581360
v -0.077857 0.031493 1.582863
v -0.077094 0.029382 1.581359
v 0.078237 0.034670 1.582950
v 0.077419 0.033172 1.580701
v 0.076776 0.030780 1.578884
v 0.075450 0.025791 1.577021
v -0.077810 0.034670 1.582951
v -0.076993 0.033172 1.580705
v -0.076349 0.030780 1.578880
v -0.075024 0.025791 1.577017
v 0.077941 0.036634 1.578677
v -0.077514 0.036634 1.578678
v -0.083709 0.041115 1.593827
v -0.082306 0.042601 1.592263
v -0.082661 0.044264 1.591134
v -0.083742 0.046052 1.591069
v -0.083527 0.047757 1.590951
v -0.082232 0.049393 1.591602
v -0.080327 0.050144 1.593170
v -0.077474 0.049853 1.596000
v -0.073144 0.050390 1.597615
v -0.068403 0.053985 1.600321
v -0.062222 0.064382 1.604214
v -0.059831 0.070311 1.605684
v -0.056566 0.077261 1.606472
v -0.051918 0.084890 1.607386
v -0.029030 0.104011 1.613494
v -0.011061 0.109742 1.616541
v 0.000213 0.110808 1.617777
v 0.011487 0.109744 1.616542
v 0.029455 0.104010 1.613495
v 0.056992 0.077262 1.606470
v 0.060256 0.070310 1.605684
v 0.062648 0.064381 1.604214
v 0.068830 0.053985 1.600320
v 0.073569 0.050390 1.597619
v 0.077902 0.049853 1.596003
v 0.080752 0.050144 1.593166
v 0.082657 0.049394 1.591597
v 0.083952 0.047757 1.590948
v 0.084168 0.046052 1.591069
v 0.083088 0.044264 1.591135
v 0.082733 0.042601 1.592260
v 0.084136 0.041115 1.593821
v 0.063060 0.033155 1.565426
v 0.066617 0.033094 1.568176
v 0.068623 0.033021 1.568061
v 0.071159 0.032656 1.568103
v 0.073867 0.031760 1.569592
v 0.075584 0.030566 1.572028
v 0.075928 0.029574 1.575257
v 0.076107 0.028383 1.577857
v -0.062633 0.033155 1.565426
v -0.066190 0.033094 1.568175
v -0.068196 0.033021 1.568062
v -0.070732 0.032656 1.568103
v -0.073441 0.031760 1.569592
v -0.075158 0.030566 1.572027
v -0.075503 0.029574 1.575255
v -0.075682 0.028383 1.577850
v 0.079727 0.035029 1.586535
v -0.079301 0.035029 1.586537
v 0.076278 0.027321 1.580093
v -0.075851 0.027321 1.580089
v 0.076133 0.025609 1.584496
v -0.075706 0.025609 1.584500
v 0.076898 0.027921 1.585353
v -0.076474 0.027921 1.585355
v 0.078020 0.030329 1.585691
v -0.077594 0.030329 1.585701
v 0.075461 0.032033 1.588090
v -0.075034 0.032033 1.588086
v 0.068534 0.029283 1.598434
v -0.068109 0.029283 1.598429
v 0.074403 0.025937 1.586470
v 0.073134 0.025970 1.590177
v -0.073977 0.025937 1.586464
v -0.072708 0.025970 1.590167
v 0.075447 0.028087 1.586536
v 0.073733 0.027352 1.586654
v -0.075021 0.028087 1.586535
v -0.073307 0.027352 1.586654
v -0.079508 0.040075 1.584073
v -0.080481 0.041784 1.582395
v -0.080029 0.043074 1.581165
v -0.078479 0.044370 1.580868
v -0.076486 0.045076 1.581802
v -0.073694 0.045180 1.584308
v -0.070079 0.047081 1.586733
v -0.065682 0.051262 1.588403
v -0.059111 0.062466 1.587952
v -0.055796 0.068507 1.587135
v -0.051489 0.075709 1.586639
v -0.046246 0.082855 1.586549
v -0.039636 0.089532 1.586751
v -0.031882 0.095110 1.587616
v -0.024457 0.098843 1.588949
v -0.009068 0.102753 1.590880
v 0.000213 0.103563 1.591655
v 0.009495 0.102754 1.590881
v 0.024880 0.098842 1.588950
v 0.032308 0.095109 1.587617
v 0.040061 0.089531 1.586751
v 0.046670 0.082855 1.586549
v 0.051915 0.075708 1.586637
v 0.056223 0.068507 1.587135
v 0.059536 0.062466 1.587952
v 0.066108 0.051262 1.588402
v 0.070504 0.047081 1.586732
v 0.074120 0.045180 1.584308
v 0.076912 0.045076 1.581802
v 0.078906 0.044370 1.580870
v 0.080454 0.043074 1.581168
v 0.080906 0.041784 1.582396
v 0.079934 0.040075 1.584075
v 0.078663 0.037206 1.583654
v 0.077764 0.035522 1.581633
v -0.078237 0.037206 1.583653
v -0.077338 0.035522 1.581632
v 0.080451 0.040758 1.583638
v 0.081802 0.042659 1.586451
v 0.083675 0.044984 1.591227
v 0.084680 0.046153 1.593770
v 0.083118 0.022197 1.625605
v 0.082260 0.019624 1.623091
v 0.079851 0.018046 1.615635
v -0.080025 0.040758 1.583635
v -0.081374 0.042659 1.586451
v -0.083248 0.044984 1.591227
v -0.084252 0.046153 1.593769
v -0.086140 0.048611 1.604472
v -0.082692 0.022197 1.625603
v -0.081832 0.019624 1.623090
v -0.079427 0.018046 1.615635
v 0.079669 0.051772 1.605292
v 0.085394 0.038998 1.599430
v 0.083884 0.038044 1.600197
v 0.081490 0.037080 1.601032
v 0.078822 0.036920 1.602175
v -0.079242 0.051773 1.605288
v -0.082674 0.052913 1.602668
v -0.084655 0.052266 1.600848
v -0.085656 0.050556 1.599356
v -0.085674 0.048319 1.597862
v -0.084813 0.047040 1.597330
v -0.084073 0.046233 1.597160
v -0.084062 0.044087 1.597418
v -0.085839 0.042495 1.598216
v -0.084967 0.038998 1.599429
v -0.083460 0.038044 1.600196
v -0.081063 0.037080 1.601031
v -0.078396 0.036920 1.602170
v 0.079766 0.038853 1.585691
v 0.080574 0.037572 1.587299
v 0.080964 0.036348 1.588554
v 0.079140 0.035557 1.591191
v 0.076999 0.036332 1.592501
v -0.079340 0.038853 1.585687
v -0.080148 0.037572 1.587299
v -0.080537 0.036348 1.588554
v -0.078712 0.035557 1.591192
v -0.076572 0.036332 1.592502
v 0.078240 0.031480 1.609167
v 0.080720 0.032127 1.609398
v 0.072060 0.053529 1.619114
v 0.066966 0.061854 1.622339
v -0.066540 0.061853 1.622342
v -0.071633 0.053527 1.619119
v -0.083955 0.047923 1.611423
v -0.084557 0.045591 1.610948
v -0.088045 0.042148 1.609961
v -0.085716 0.036512 1.610018
v -0.083327 0.034500 1.609266
v -0.080292 0.032127 1.609398
v -0.077815 0.031480 1.609166
v 0.083169 0.040284 1.591920
v 0.081975 0.042086 1.590351
v 0.082311 0.043306 1.589183
v 0.082832 0.043963 1.588925
v 0.083250 0.044988 1.588367
v 0.082924 0.046670 1.587921
v 0.081576 0.048110 1.588407
v 0.079691 0.048764 1.589739
v 0.076937 0.048796 1.592753
v -0.082741 0.040284 1.591925
v -0.081548 0.042086 1.590354
v -0.081886 0.043306 1.589186
v -0.082404 0.043963 1.588925
v -0.082826 0.044987 1.588366
v -0.082499 0.046670 1.587922
v -0.081149 0.048109 1.588409
v -0.079263 0.048764 1.589739
v -0.076512 0.048796 1.592751
v 0.083754 0.039009 1.593029
v 0.082971 0.037862 1.593814
v -0.083329 0.039009 1.593030
v -0.082546 0.037862 1.593815
v -0.085251 0.040775 1.596554
v -0.085998 0.040624 1.598751
v -0.086937 0.040675 1.604018
v -0.087493 0.039378 1.609774
v -0.086004 0.036212 1.615837
v -0.083221 0.033232 1.620305
v -0.083294 0.026493 1.627560
v -0.084608 0.025293 1.628578
v -0.084382 0.025042 1.630884
v -0.083033 0.025878 1.632654
v -0.080978 0.026999 1.633272
v -0.078684 0.027993 1.632612
v -0.076560 0.028161 1.631626
v -0.074833 0.027668 1.634036
v -0.074540 0.022699 1.645273
v 0.075257 0.027667 1.634037
v 0.076985 0.028158 1.631643
v 0.079110 0.027993 1.632617
v 0.081402 0.026999 1.633272
v 0.083458 0.025879 1.632652
v 0.084809 0.025042 1.630884
v 0.085034 0.025292 1.628571
v 0.083722 0.026493 1.627553
v 0.078770 0.038086 1.582064
v 0.077800 0.036323 1.579955
v -0.078343 0.038086 1.582064
v -0.077374 0.036323 1.579955
v 0.076878 0.013432 1.613241
v -0.076452 0.013432 1.613239
v 0.077533 0.019763 1.611452
v -0.077107 0.019763 1.611454
v 0.078170 0.027350 1.611895
v 0.077736 0.023933 1.613362
v 0.078691 0.018906 1.614024
v -0.077743 0.027350 1.611894
v -0.077311 0.023933 1.613363
v -0.078264 0.018906 1.614029
v 0.074448 0.036859 1.597566
v 0.075384 0.036856 1.601625
v 0.075265 0.030940 1.608757
v -0.074023 0.036859 1.597567
v -0.074958 0.036856 1.601623
v -0.074839 0.030940 1.608757
v 0.070122 0.030656 1.601434
v 0.071738 0.030180 1.603022
v -0.069695 0.030656 1.601433
v -0.071312 0.030180 1.603023
v 0.078719 0.034244 1.588879
v 0.076962 0.034288 1.589914
v 0.074914 0.034919 1.590726
v -0.078294 0.034244 1.588883
v -0.076536 0.034288 1.589917
v -0.074487 0.034919 1.590729
v 0.080475 0.037093 1.595286
v 0.078110 0.037553 1.597040
v 0.074801 0.037004 1.599773
v -0.080051 0.037093 1.595286
v -0.077684 0.037553 1.597035
v -0.074376 0.037004 1.599774
v 0.075699 0.036122 1.603626
v -0.075272 0.036122 1.603625
v 0.072560 0.030625 1.604704
v 0.072612 0.030108 1.607070
v -0.072135 0.030625 1.604704
v -0.072185 0.030108 1.607069
v 0.075612 0.034187 1.606315
v -0.075187 0.034187 1.606314
v 0.073062 0.034490 1.604161
v 0.071976 0.034830 1.602462
v 0.071194 0.034836 1.600494
v 0.072822 0.032380 1.588394
v -0.072635 0.034490 1.604161
v -0.071551 0.034830 1.602463
v -0.070767 0.034836 1.600495
v -0.072396 0.032380 1.588396
v 0.070778 0.034956 1.597254
v -0.070351 0.034956 1.597256
v 0.074645 0.036419 1.594481
v -0.074220 0.036419 1.594483
v 0.075196 0.027246 1.610740
v 0.075801 0.022212 1.611866
v -0.074769 0.027246 1.610740
v -0.075375 0.022212 1.611867
v 0.073308 0.033121 1.605981
v -0.072880 0.033121 1.605982
v 0.077926 0.019950 1.614150
v -0.077501 0.019950 1.614150
v 0.080067 0.024684 1.621292
v 0.079500 0.021769 1.616196
v 0.078463 0.021991 1.614435
v -0.079290 0.026348 1.623358
v -0.079641 0.024684 1.621293
v -0.079072 0.021769 1.616197
v -0.078036 0.021991 1.614435
v 0.072647 0.035061 1.592738
v -0.072220 0.035061 1.592743
v 0.075934 0.030005 1.587278
v 0.074383 0.029737 1.587184
v -0.075507 0.030005 1.587278
v -0.073956 0.029737 1.587186
v 0.068958 0.032330 1.590720
v 0.069671 0.033533 1.594677
v -0.068531 0.032330 1.590724
v -0.069244 0.033533 1.594681
v 0.075028 0.013164 1.629446
v 0.075829 0.014555 1.625330
v 0.077654 0.015164 1.623851
v 0.079308 0.015450 1.622726
v 0.080801 0.016068 1.621699
v 0.081712 0.017437 1.620742
v 0.081140 0.018432 1.620301
v 0.079971 0.019674 1.620469
v 0.080140 0.022689 1.619055
v 0.081856 0.025468 1.616184
v 0.082529 0.029018 1.612527
v 0.082099 0.033276 1.609115
v 0.082385 0.035747 1.604965
v 0.082657 0.037435 1.600687
v 0.082500 0.037679 1.597083
v 0.081878 0.037343 1.594415
v 0.081124 0.036657 1.591977
v 0.080327 0.035635 1.589881
v 0.079581 0.034471 1.587769
v 0.078683 0.032867 1.585741
v -0.074601 0.013164 1.629447
v -0.075405 0.014555 1.625331
v -0.077227 0.015164 1.623851
v -0.078883 0.015450 1.622728
v -0.080376 0.016068 1.621699
v -0.081285 0.017437 1.620743
v -0.080714 0.018432 1.620301
v -0.079547 0.019674 1.620470
v -0.079715 0.022689 1.619056
v -0.081430 0.025468 1.616184
v -0.082104 0.029018 1.612528
v -0.081672 0.033276 1.609115
v -0.081959 0.035747 1.604966
v -0.082233 0.037435 1.600687
v -0.082074 0.037679 1.597083
v -0.081453 0.037343 1.594415
v -0.080697 0.036657 1.591977
v -0.079902 0.035635 1.589882
v -0.079155 0.034471 1.587770
v -0.078257 0.032867 1.585750
v 0.077062 0.022308 1.597844
v 0.076361 0.025037 1.598341
v 0.074554 0.026717 1.598424
v -0.076635 0.022308 1.597844
v -0.075935 0.025037 1.598341
v -0.074126 0.026717 1.598421
v 0.076431 0.019261 1.595307
v 0.076274 0.019462 1.598022
v -0.076004 0.019261 1.595308
v -0.075849 0.019462 1.598022
v 0.075870 0.011419 1.615071
v -0.075444 0.011419 1.615072
v 0.061594 0.047774 1.570046
v -0.061167 0.047774 1.570045
v 0.075132 0.025332 1.639069
v 0.069087 0.057287 1.619919
v 0.067109 0.058263 1.610963
v 0.065360 0.058485 1.602644
v 0.064046 0.057662 1.595529
v 0.062467 0.056624 1.588497
v 0.061058 0.055630 1.581513
v 0.060063 0.054984 1.575371
v -0.074704 0.025332 1.639070
v -0.068660 0.057285 1.619922
v -0.066683 0.058262 1.610964
v -0.064932 0.058485 1.602644
v -0.063620 0.057662 1.595529
v -0.062040 0.056624 1.588498
v -0.060634 0.055630 1.581514
v -0.059637 0.054984 1.575371
v 0.074895 0.012817 1.632808
v 0.075009 0.015458 1.633653
v -0.074468 0.012817 1.632809
v -0.074582 0.015458 1.633654
v 0.072786 0.027203 1.598017
v 0.070699 0.027225 1.596222
v 0.070165 0.029738 1.587828
v -0.072361 0.027203 1.598011
v -0.070273 0.027225 1.596218
v -0.069739 0.029738 1.587832
v 0.073582 0.026412 1.592098
v -0.073156 0.026412 1.592100
v 0.068893 0.026484 1.591085
v 0.066668 0.029653 1.594266
v -0.068468 0.026484 1.591086
v -0.066241 0.029653 1.594268
v 0.038162 -0.072402 1.563081
v 0.039866 -0.072454 1.568232
v 0.041127 -0.072626 1.573925
v 0.041688 -0.072863 1.579640
v 0.041689 -0.072828 1.584827
v 0.041383 -0.072711 1.589139
v 0.039983 -0.072428 1.595904
v 0.038002 -0.073355 1.601471
v 0.036908 -0.074219 1.603744
v 0.035868 -0.074209 1.606156
v 0.035231 -0.072863 1.606814
v 0.034502 -0.068333 1.606402
v 0.034361 -0.064001 1.605636
v 0.033474 -0.060317 1.607622
v -0.037737 -0.072367 1.563089
v -0.039433 -0.072429 1.568241
v -0.040688 -0.072611 1.573930
v -0.041248 -0.072860 1.579641
v -0.041251 -0.072831 1.584829
v -0.040954 -0.072717 1.589138
v -0.039563 -0.072423 1.595884
v -0.037600 -0.073329 1.601438
v -0.036568 -0.074204 1.603729
v -0.035487 -0.074204 1.606147
v -0.034809 -0.072863 1.606813
v -0.034078 -0.068334 1.606402
v -0.033948 -0.063994 1.605618
v -0.033047 -0.060313 1.607600
v 0.043199 -0.065892 1.557812
v 0.046590 -0.063541 1.563161
v 0.049042 -0.063072 1.570456
v 0.050256 -0.063751 1.577967
v 0.050662 -0.064676 1.584928
v 0.049916 -0.065680 1.590440
v 0.047199 -0.067744 1.598027
v 0.043750 -0.069818 1.603471
v 0.042199 -0.070707 1.605684
v 0.040851 -0.071347 1.607554
v 0.039669 -0.070055 1.608148
v 0.038427 -0.065891 1.608646
v 0.038940 -0.062368 1.607764
v 0.038821 -0.060039 1.608452
v -0.042708 -0.065756 1.557857
v -0.046064 -0.063427 1.563222
v -0.048518 -0.062998 1.570473
v -0.049750 -0.063712 1.577962
v -0.050201 -0.064669 1.584927
v -0.049489 -0.065680 1.590441
v -0.046779 -0.067743 1.598012
v -0.043429 -0.069767 1.603446
v -0.041859 -0.070665 1.605664
v -0.040456 -0.071335 1.607547
v -0.039243 -0.070055 1.608148
v -0.038003 -0.065891 1.608645
v -0.038503 -0.062368 1.607760
v -0.038396 -0.060036 1.608435
v 0.049782 -0.067706 1.615659
v 0.051924 -0.064449 1.613814
v 0.051837 -0.061879 1.610855
v 0.051126 -0.061842 1.608066
v 0.049762 -0.064004 1.605252
v 0.047964 -0.066547 1.602808
v 0.045604 -0.068878 1.600993
v 0.042564 -0.070899 1.599650
v 0.039010 -0.072511 1.598888
v 0.035368 -0.073729 1.598581
v 0.031599 -0.074542 1.598573
v 0.028070 -0.074882 1.598940
v 0.025020 -0.074935 1.599360
v 0.022332 -0.074988 1.599683
v 0.019815 -0.075040 1.600302
v 0.017667 -0.074986 1.601182
v 0.016129 -0.075180 1.602079
v 0.015153 -0.075401 1.603072
v 0.014257 -0.075613 1.604263
v 0.013365 -0.075764 1.605811
v 0.012681 -0.076012 1.607895
v 0.012476 -0.076491 1.610301
v 0.012801 -0.077291 1.612466
v 0.013515 -0.078050 1.614581
v 0.015011 -0.078696 1.616391
v 0.017033 -0.079231 1.617497
v 0.019609 -0.079686 1.618337
v 0.023232 -0.080056 1.619309
v 0.027189 -0.079940 1.620203
v 0.030874 -0.079350 1.620330
v 0.035395 -0.077910 1.620005
v 0.039763 -0.075872 1.619183
v 0.043474 -0.073139 1.618005
v 0.046947 -0.070410 1.616699
v -0.049569 -0.067506 1.615700
v -0.051864 -0.064236 1.614019
v -0.051538 -0.061614 1.610814
v -0.050835 -0.061605 1.608002
v -0.049391 -0.063924 1.605225
v -0.047573 -0.066517 1.602793
v -0.045218 -0.068858 1.600978
v -0.042210 -0.070877 1.599628
v -0.038609 -0.072489 1.598857
v -0.034922 -0.073710 1.598541
v -0.031228 -0.074545 1.598532
v -0.027741 -0.074907 1.598908
v -0.024670 -0.074962 1.599343
v -0.021948 -0.075009 1.599675
v -0.019406 -0.075046 1.600299
v -0.017266 -0.075003 1.601177
v -0.015732 -0.075203 1.602073
v -0.014746 -0.075417 1.603068
v -0.013835 -0.075613 1.604263
v -0.012944 -0.075766 1.605819
v -0.012256 -0.076011 1.607905
v -0.012049 -0.076490 1.610322
v -0.012365 -0.077287 1.612491
v -0.013073 -0.078046 1.614598
v -0.014556 -0.078688 1.616410
v -0.016596 -0.079229 1.617503
v -0.019176 -0.079689 1.618328
v -0.022833 -0.080086 1.619289
v -0.026889 -0.079984 1.620131
v -0.030629 -0.079370 1.620228
v -0.035149 -0.077906 1.619955
v -0.039511 -0.075859 1.619153
v -0.043331 -0.073090 1.618090
v -0.046722 -0.070273 1.616735
v 0.035710 -0.080108 1.622164
v 0.031333 -0.082031 1.622823
v 0.027157 -0.083268 1.622552
v 0.022392 -0.083926 1.622071
v 0.017773 -0.084192 1.621525
v 0.014023 -0.084182 1.620506
v 0.011353 -0.083677 1.618647
v 0.010098 -0.082348 1.615711
v 0.009698 -0.081543 1.612473
v 0.009794 -0.081355 1.609076
v 0.010596 -0.081348 1.605371
v 0.012144 -0.080425 1.602661
v 0.013558 -0.079520 1.600750
v 0.014947 -0.078771 1.599230
v 0.016390 -0.078182 1.597954
v 0.018130 -0.077661 1.596742
v 0.020231 -0.077259 1.595752
v 0.022785 -0.076840 1.594942
v 0.025695 -0.076452 1.594308
v 0.029005 -0.076088 1.593733
v 0.032746 -0.075497 1.593065
v 0.036752 -0.074429 1.592778
v 0.040740 -0.072618 1.592751
v 0.044757 -0.070048 1.593265
v 0.048663 -0.066680 1.594680
v 0.052081 -0.062500 1.597314
v 0.054738 -0.058193 1.601452
v 0.055737 -0.056397 1.606610
v 0.055614 -0.057997 1.611124
v 0.055099 -0.061656 1.614969
v 0.052744 -0.065941 1.616633
v 0.049956 -0.070161 1.617923
v 0.046027 -0.073696 1.619541
v 0.041173 -0.077232 1.621153
v -0.035277 -0.080065 1.622106
v -0.031014 -0.082024 1.622768
v -0.026777 -0.083308 1.622495
v -0.021960 -0.083954 1.622010
v -0.017324 -0.084189 1.621457
v -0.013587 -0.084169 1.620481
v -0.010909 -0.083657 1.618665
v -0.009677 -0.082337 1.615741
v -0.009263 -0.081528 1.612514
v -0.009367 -0.081350 1.609120
v -0.010171 -0.081348 1.605400
v -0.011721 -0.080427 1.602676
v -0.013134 -0.079520 1.600752
v -0.014522 -0.078771 1.599230
v -0.015963 -0.078182 1.597955
v -0.017704 -0.077661 1.596741
v -0.019809 -0.077259 1.595749
v -0.022368 -0.076842 1.594938
v -0.025277 -0.076453 1.594300
v -0.028583 -0.076086 1.593720
v -0.032324 -0.075494 1.593052
v -0.036319 -0.074426 1.592766
v -0.040319 -0.072620 1.592742
v -0.044339 -0.070050 1.593257
v -0.048233 -0.066682 1.594675
v -0.051652 -0.062505 1.597307
v -0.054339 -0.058169 1.601433
v -0.055347 -0.056309 1.606553
v -0.055214 -0.057942 1.611097
v -0.054707 -0.061617 1.615036
v -0.052307 -0.065924 1.616773
v -0.049545 -0.070057 1.618109
v -0.045657 -0.073703 1.619603
v -0.040725 -0.077216 1.621180
v 0.076191 0.026490 1.584985
v 0.074875 0.027029 1.586272
v -0.075764 0.026490 1.584987
v -0.074450 0.027029 1.586269
v 0.061205 -0.042575 1.659728
v 0.057055 -0.051782 1.659299
v 0.052454 -0.059481 1.659567
v 0.047330 -0.065368 1.660138
v 0.042501 -0.069852 1.660707
v 0.037506 -0.073672 1.661173
v 0.032114 -0.077125 1.660966
v 0.026531 -0.080052 1.660023
v 0.020974 -0.082104 1.659499
v 0.015517 -0.083378 1.659564
v 0.010436 -0.084049 1.660158
v 0.005201 -0.084585 1.660225
v 0.000216 -0.084778 1.660297
v -0.004775 -0.084582 1.660226
v -0.010013 -0.084051 1.660160
v -0.015095 -0.083380 1.659571
v -0.020550 -0.082102 1.659504
v -0.026107 -0.080049 1.660028
v -0.031690 -0.077121 1.660969
v -0.037080 -0.073667 1.661185
v -0.042080 -0.069851 1.660716
v -0.046902 -0.065362 1.660125
v -0.052029 -0.059482 1.659576
v -0.056631 -0.051788 1.659357
v -0.060780 -0.042575 1.659718
v -0.064798 -0.032959 1.659032
v 0.034628 -0.005204 1.423915
v 0.032846 -0.003714 1.433545
v 0.031521 -0.003392 1.444050
v 0.029220 -0.001800 1.454598
v -0.034202 -0.005310 1.423915
v -0.032423 -0.003786 1.433540
v -0.031096 -0.003478 1.444052
v -0.028791 -0.001858 1.454602
v 0.053454 0.002317 1.423657
v 0.049031 0.004977 1.433528
v 0.046474 0.005097 1.445052
v 0.044653 0.005429 1.456374
v -0.053028 0.002283 1.423656
v -0.048607 0.004949 1.433528
v -0.046048 0.005076 1.445052
v -0.044214 0.005436 1.456378
v -0.021349 0.108803 1.629653
v -0.020115 0.107478 1.615166
v -0.018339 0.104822 1.601817
v -0.016696 0.101275 1.589994
v -0.015242 0.097584 1.578611
v -0.014002 0.093908 1.567341
v -0.014031 0.091518 1.556349
v -0.014381 0.090999 1.545007
v -0.015201 0.091122 1.534227
v -0.015642 0.091893 1.523527
v -0.016401 0.093808 1.513373
v -0.017292 0.096374 1.503783
v -0.018540 0.099878 1.494183
v -0.020253 0.104082 1.484359
v -0.022171 0.109299 1.474236
v -0.024732 0.117180 1.464704
v -0.027753 0.125464 1.456331
v -0.030524 0.133685 1.447880
v 0.021775 0.108803 1.629655
v 0.020540 0.107480 1.615167
v 0.018764 0.104824 1.601819
v 0.017122 0.101276 1.589995
v 0.015668 0.097584 1.578611
v 0.014426 0.093907 1.567340
v 0.014456 0.091517 1.556349
v 0.014806 0.090999 1.545007
v 0.015628 0.091122 1.534228
v 0.016067 0.091893 1.523527
v 0.016827 0.093808 1.513373
v 0.017717 0.096374 1.503783
v 0.018967 0.099878 1.494183
v 0.020679 0.104081 1.484358
v 0.022597 0.109301 1.474236
v 0.025158 0.117180 1.464704
v 0.028179 0.125464 1.456331
v 0.030948 0.133685 1.447880
v 0.104144 0.094127 1.458372
v 0.109934 0.074179 1.458553
v 0.111145 0.056019 1.454571
v 0.106104 0.042592 1.448062
v 0.099474 0.033240 1.439604
v 0.092629 0.025236 1.431287
v 0.085335 0.016410 1.425995
v 0.077226 0.008671 1.421937
v 0.068588 0.002046 1.418834
v 0.059250 -0.003342 1.416656
v 0.049210 -0.007588 1.416032
v 0.037912 -0.009776 1.415730
v 0.025799 -0.010442 1.416171
v 0.013550 -0.010265 1.416170
v 0.000225 -0.006012 1.413678
v -0.013123 -0.010499 1.416162
v -0.025373 -0.010650 1.416172
v -0.037485 -0.009931 1.415730
v -0.048784 -0.007677 1.416032
v -0.058825 -0.003399 1.416656
v -0.068163 0.002012 1.418834
v -0.076799 0.008667 1.421937
v -0.084910 0.016428 1.425995
v -0.092204 0.025257 1.431287
v -0.099048 0.033245 1.439604
v -0.105677 0.042593 1.448062
v -0.110718 0.056019 1.454571
v -0.109507 0.074179 1.458553
v -0.103716 0.094127 1.458372
v -0.090767 0.114180 1.455072
v -0.073217 0.129851 1.448591
v 0.073644 0.129851 1.448591
v 0.091194 0.114180 1.455072
v 0.000162 0.068532 1.436855
v -0.000703 0.098788 1.460399
v 0.015172 0.097151 1.460471
v 0.025768 0.109083 1.482194
v 0.000970 0.111524 1.481160
v 0.000436 0.126502 1.463259
v 0.033675 0.124755 1.465519
v 0.072086 0.078428 1.482432
v 0.088693 0.092786 1.472018
v 0.040181 0.081663 1.454848
v 0.043220 0.071923 1.448067
v 0.044526 0.062543 1.441591
v 0.039820 0.047179 1.427948
v 0.028605 0.031620 1.417277
v 0.079779 0.039658 1.465884
v 0.082362 0.059282 1.478035
v 0.065601 0.012883 1.439757
v 0.103613 0.039588 1.457933
v 0.106877 0.069863 1.469206
v 0.090748 0.005379 1.430780
v -0.000932 0.008444 1.399215
v 0.014375 0.017425 1.408154
v 0.023880 -0.034834 1.390951
v 0.000561 0.171679 1.382769
v 0.000226 0.143617 1.441107
v 0.040596 -0.045420 1.368493
v 0.070070 -0.023043 1.402398
v 0.208306 0.008391 1.376211
v 0.219292 0.007530 1.362707
v 0.178860 -0.009438 1.366400
v 0.192529 -0.003189 1.386884
v 0.219316 0.017514 1.393164
v 0.203406 0.009727 1.405396
v 0.232277 0.024726 1.380877
v 0.155407 -0.025292 1.370469
v 0.202812 0.158575 1.366508
v 0.165419 0.171940 1.392602
v 0.188168 0.163871 1.380657
v 0.123755 0.174583 1.393958
v 0.147765 0.114704 1.456849
v 0.192924 0.120335 1.435966
v 0.040539 0.174301 1.385172
v 0.038406 0.141891 1.446263
v 0.155411 0.074780 1.458191
v 0.194911 0.078686 1.440660
v 0.192192 0.038941 1.436135
v 0.150933 0.035169 1.448633
v 0.218359 0.122295 1.411632
v 0.229681 0.118854 1.393245
v 0.221164 0.080975 1.418253
v 0.232400 0.085797 1.397259
v 0.229595 0.045780 1.397856
v 0.216273 0.041006 1.418681
v 0.238201 0.118223 1.380382
v 0.241976 0.087383 1.386721
v 0.115442 -0.034042 1.367540
v 0.166788 -0.014024 1.398675
v 0.122639 -0.013689 1.401745
v 0.180794 0.003487 1.416926
v 0.133123 0.005238 1.426753
v 0.050058 -0.013376 1.417514
v 0.240398 0.048249 1.385981
v -0.000234 -0.045710 1.368515
v 0.153324 0.172904 1.362793
v 0.217869 0.143502 1.382198
v 0.205325 0.152296 1.399843
v 0.179322 0.156808 1.418897
v 0.134782 0.159212 1.429492
v 0.039950 0.159929 1.420683
v 0.001142 0.157570 1.418158
v 0.077353 -0.040567 1.368074
v -0.020635 0.096456 1.460541
v -0.027769 0.109477 1.480923
v -0.030111 0.123792 1.466802
v -0.070869 0.085345 1.482632
v -0.087549 0.098656 1.473708
v -0.036742 0.079488 1.454996
v -0.040405 0.069125 1.449309
v -0.040162 0.061133 1.442856
v -0.037719 0.047626 1.430596
v -0.028118 0.035777 1.416880
v -0.080569 0.035137 1.461532
v -0.082264 0.061540 1.478651
v -0.068705 0.008778 1.435611
v -0.107254 0.034226 1.453591
v -0.111298 0.066893 1.470094
v -0.097799 0.005103 1.427728
v -0.013260 0.019458 1.404250
v -0.028121 -0.034695 1.388327
v -0.035415 -0.048880 1.362079
v -0.074987 -0.025469 1.398420
v -0.202328 0.000363 1.378322
v -0.174024 -0.004435 1.365589
v -0.187258 -0.003231 1.387625
v -0.212841 0.015888 1.396528
v -0.200844 0.008551 1.408152
v -0.232821 0.025668 1.370767
v -0.157551 -0.023285 1.366662
v -0.200475 0.158946 1.370046
v -0.151732 0.170867 1.401310
v -0.186900 0.162883 1.384744
v -0.116639 0.172537 1.394584
v -0.119489 0.116194 1.460404
v -0.175644 0.123553 1.445026
v -0.035473 0.174700 1.384557
v -0.033212 0.141132 1.445494
v -0.162345 0.071105 1.457680
v -0.190683 0.074673 1.443322
v -0.193968 0.038440 1.436244
v -0.154332 0.038200 1.449969
v -0.212458 0.123828 1.415350
v -0.225958 0.121877 1.397749
v -0.218687 0.077989 1.421561
v -0.231612 0.077894 1.405395
v -0.227532 0.041240 1.409494
v -0.213226 0.040120 1.423865
v -0.241977 0.078614 1.363450
v -0.124951 -0.034248 1.362239
v -0.169249 -0.008148 1.398117
v -0.129084 -0.015040 1.399155
v -0.183333 0.005078 1.417635
v -0.139379 0.004116 1.427809
v -0.053036 -0.018586 1.413443
v -0.241521 0.045940 1.369469
v -0.173162 0.164740 1.360427
v -0.139144 0.173696 1.362417
v -0.215485 0.146755 1.385625
v -0.201801 0.152007 1.400754
v -0.163345 0.157546 1.425663
v -0.123740 0.156806 1.428879
v -0.033850 0.158801 1.419528
v -0.079867 -0.043994 1.363461
v -0.050811 0.099378 1.482236
v -0.029661 0.088958 1.457403
v -0.059881 0.115997 1.470069
v -0.069529 0.135167 1.452640
v -0.074428 0.160650 1.422807
v -0.073629 0.174459 1.388409
v 0.051996 0.096276 1.482719
v 0.030130 0.091048 1.458277
v 0.066193 0.109971 1.470977
v 0.075908 0.135594 1.451915
v 0.081678 0.159978 1.426090
v 0.081338 0.176002 1.388325
v -0.001858 -0.042719 1.368097
v -0.233194 0.048790 1.393509
v -0.236318 0.078247 1.387326
v -0.234329 0.116083 1.382539
v -0.225886 0.139573 1.369418
v -0.233425 0.117171 1.387213
v -0.236080 0.076354 1.396223
v -0.230796 0.043530 1.400733
v -0.077424 0.037304 1.460005
v -0.078806 0.062220 1.476442
v -0.067965 0.084816 1.480477
v -0.049064 0.098486 1.480224
v -0.027250 0.108378 1.479181
v 0.000829 0.110426 1.479368
v 0.024988 0.108058 1.480337
v 0.050276 0.095799 1.480664
v 0.069535 0.078680 1.480211
v 0.079213 0.060426 1.475765
v 0.077283 0.041889 1.463877
v 0.063633 0.015634 1.438298
v 0.048348 -0.009896 1.416929
v 0.023111 -0.030904 1.392072
v -0.001943 -0.038084 1.368663
v -0.026938 -0.030659 1.388977
v -0.051146 -0.014324 1.413157
v -0.066072 0.011801 1.435294
v -0.081266 0.066395 1.470155
v -0.069371 0.088438 1.473858
v -0.050434 0.102180 1.474063
v -0.028614 0.112406 1.473699
v 0.000649 0.114755 1.473994
v 0.025626 0.112212 1.474780
v 0.051545 0.100038 1.474697
v 0.072090 0.083582 1.474664
v 0.081975 0.065059 1.469296
v 0.080079 0.045804 1.457127
v 0.066588 0.018871 1.430976
v 0.050351 -0.007677 1.409186
v 0.023997 -0.029872 1.385053
v -0.001845 -0.036603 1.363183
v -0.027719 -0.029161 1.381558
v -0.052916 -0.011308 1.405654
v -0.068769 0.015223 1.428536
v -0.079848 0.041496 1.453718
v -0.205919 0.075791 1.433971
v -0.198206 0.125263 1.429109
v -0.187788 0.155801 1.413059
v -0.173432 0.169256 1.392396
v -0.160982 0.167362 1.363707
v -0.000158 -0.103150 1.591193
v -0.000558 -0.109325 1.581506
v -0.000535 -0.112899 1.572828
v -0.002250 -0.088353 1.489438
v -0.002058 -0.070771 1.478447
v -0.002398 -0.096561 1.507195
v -0.001409 -0.105244 1.536904
v -0.005349 -0.102163 1.590246
v -0.011342 -0.096359 1.588255
v -0.020287 -0.089512 1.585097
v -0.036299 -0.081246 1.580591
v -0.047287 -0.070026 1.578028
v -0.006038 -0.107540 1.580938
v -0.015098 -0.099368 1.578050
v -0.024434 -0.091551 1.574008
v -0.036869 -0.081887 1.571165
v -0.046780 -0.070634 1.568271
v -0.006499 -0.110990 1.572116
v -0.018426 -0.100822 1.567602
v -0.029180 -0.090960 1.562595
v -0.038499 -0.080378 1.558780
v -0.046241 -0.069482 1.555627
v -0.011108 -0.087598 1.491732
v -0.021202 -0.083129 1.495110
v -0.028758 -0.077850 1.500290
v -0.036416 -0.066747 1.509078
v -0.042576 -0.056866 1.516460
v -0.048616 -0.047847 1.523133
v -0.051399 -0.033492 1.517728
v -0.045574 -0.040648 1.507830
v -0.036839 -0.048746 1.497329
v -0.029760 -0.056705 1.488804
v -0.021018 -0.063847 1.483049
v -0.011217 -0.068796 1.479554
v -0.041125 -0.069584 1.529644
v -0.033559 -0.080193 1.523674
v -0.027140 -0.088911 1.517931
v -0.020486 -0.095309 1.512436
v -0.008413 -0.104802 1.537387
v -0.014522 -0.102813 1.537955
v -0.024660 -0.093892 1.540273
v 0.000215 0.102927 1.683615
v -0.022608 0.098645 1.682366
v -0.034482 0.093212 1.680677
v -0.051246 0.080643 1.675844
v -0.059924 0.070498 1.671811
v -0.074605 0.036892 1.653803
v -0.075931 0.023182 1.645729
v -0.074310 0.005168 1.633915
v -0.071197 -0.012378 1.621406
v -0.067016 -0.028837 1.609813
v -0.062421 -0.041579 1.600745
v -0.055493 -0.057774 1.588953
v -0.050807 -0.065204 1.589562
v -0.044003 -0.071862 1.590814
v -0.028907 -0.080053 1.593235
v -0.016730 -0.085243 1.597295
v -0.006631 -0.091895 1.603122
v -0.003761 -0.092929 1.604404
v 0.000345 -0.093199 1.605067
v 0.000511 0.103631 1.683703
v -0.034923 0.093826 1.680766
v -0.060794 0.070915 1.671803
v -0.067570 0.060036 1.666847
v -0.076743 0.023171 1.645596
v -0.075051 0.005090 1.633657
v -0.071730 -0.012443 1.621197
v -0.067643 -0.028956 1.609538
v -0.063213 -0.041972 1.600282
v -0.056062 -0.058024 1.588761
v -0.050917 -0.065515 1.589298
v -0.044171 -0.072224 1.590620
v -0.028993 -0.080500 1.593275
v -0.016905 -0.085417 1.597311
v -0.006995 -0.092084 1.603063
v -0.003840 -0.093177 1.604447
v 0.000343 -0.093516 1.605100
v -0.067887 -0.022928 1.601210
v -0.072417 -0.006532 1.611944
v -0.075519 0.011123 1.624471
v -0.077206 0.029078 1.636080
v -0.075972 0.042375 1.643837
v -0.061518 0.075518 1.661867
v -0.052765 0.085405 1.666134
v -0.035573 0.098146 1.671084
v -0.023470 0.103542 1.672821
v 0.000505 0.107590 1.674592
v -0.017748 0.092249 1.538329
v -0.032977 0.086271 1.538213
v -0.041503 0.080226 1.538058
v -0.053346 0.065716 1.537013
v -0.058660 0.051996 1.536570
v -0.062086 0.035580 1.535151
v -0.062435 0.021350 1.534292
v -0.063003 0.004304 1.533935
v -0.060588 -0.023964 1.536597
v -0.059967 -0.030756 1.541010
v -0.058528 -0.045078 1.551818
v -0.059553 -0.047427 1.563728
v -0.060894 -0.048304 1.573579
v -0.061226 -0.048288 1.582780
v -0.065221 -0.034372 1.593193
v -0.067418 -0.022733 1.601483
v -0.071527 -0.006419 1.612314
v -0.074876 0.011346 1.624803
v -0.076336 0.029117 1.636145
v -0.067284 0.064637 1.656751
v -0.060613 0.075044 1.661777
v -0.035124 0.097493 1.671006
v 0.000213 0.106813 1.674489
v -0.017583 0.091750 1.538430
v -0.032680 0.085859 1.538321
v -0.041053 0.079902 1.538170
v -0.052868 0.065463 1.537140
v -0.058151 0.051911 1.536728
v -0.061568 0.035544 1.535451
v -0.061930 0.021344 1.534501
v -0.062141 0.004407 1.534046
v -0.060307 -0.023697 1.536801
v -0.059721 -0.030701 1.541108
v -0.058767 -0.039596 1.547341
v -0.058100 -0.045062 1.552209
v -0.059127 -0.047242 1.563804
v -0.060425 -0.048002 1.573740
v -0.060572 -0.047723 1.582610
v -0.064492 -0.034072 1.593594
v -0.060782 0.021421 1.522523
v -0.058864 0.001717 1.521779
v -0.052232 -0.001222 1.510637
v -0.043748 -0.004951 1.498296
v -0.034780 -0.010735 1.486025
v -0.027069 -0.014953 1.478053
v -0.020376 -0.017827 1.473162
v -0.011155 -0.020399 1.469645
v -0.001965 -0.021202 1.468670
v -0.017826 0.093846 1.526424
v -0.033169 0.087974 1.526319
v -0.041778 0.081946 1.526122
v -0.053494 0.067102 1.525692
v -0.058178 0.052882 1.525258
v -0.061497 0.035506 1.523772
v -0.059994 0.021474 1.522740
v -0.057889 0.002116 1.522193
v -0.051612 -0.001173 1.511039
v -0.043116 -0.004884 1.498862
v -0.034332 -0.010644 1.486508
v -0.026662 -0.014851 1.478549
v -0.020110 -0.017709 1.473661
v -0.010942 -0.020253 1.470008
v -0.002145 -0.020869 1.469217
v -0.017673 0.093276 1.526484
v -0.032852 0.087563 1.526392
v -0.041324 0.081644 1.526196
v -0.053024 0.066856 1.525775
v -0.057610 0.052752 1.525403
v -0.060847 0.035525 1.523954
v -0.060049 -0.034982 1.543590
v -0.060435 -0.035085 1.543538
v -0.048272 -0.058906 1.535206
v -0.011335 -0.096401 1.508352
v -0.028221 -0.037308 1.483744
v -0.020170 -0.040688 1.479559
v -0.011113 -0.043735 1.476990
v -0.001503 -0.044277 1.475156
v -0.061696 -0.009356 1.535187
v -0.062183 -0.009369 1.534881
v -0.051970 -0.019012 1.513088
v -0.043795 -0.025201 1.501462
v -0.036158 -0.031372 1.491683
v 0.005286 -0.102565 1.590477
v 0.013942 -0.096529 1.587015
v 0.022731 -0.090149 1.584786
v 0.030656 -0.085032 1.583165
v 0.040133 -0.077563 1.581696
v 0.048097 -0.069632 1.580472
v 0.005434 -0.108195 1.581172
v 0.017415 -0.098854 1.577229
v 0.030266 -0.087682 1.573027
v 0.038148 -0.079757 1.571314
v 0.045957 -0.070522 1.569837
v 0.006352 -0.111351 1.571971
v 0.019902 -0.101097 1.566780
v 0.031521 -0.089002 1.561601
v 0.037921 -0.081175 1.559052
v 0.045398 -0.071760 1.556293
v 0.008337 -0.086892 1.490825
v 0.018452 -0.082542 1.494533
v 0.028681 -0.075193 1.500282
v 0.036264 -0.065178 1.509647
v 0.041783 -0.055550 1.516945
v 0.048996 -0.046084 1.524782
v 0.051464 -0.033666 1.519573
v 0.043939 -0.040408 1.508162
v 0.037558 -0.046656 1.500177
v 0.030177 -0.056083 1.490916
v 0.021075 -0.062630 1.484193
v 0.008333 -0.069040 1.479194
v 0.045960 -0.062665 1.536090
v 0.038797 -0.073322 1.533325
v 0.033372 -0.082250 1.530930
v 0.026657 -0.092071 1.528518
v 0.017448 -0.096603 1.513595
v 0.007467 -0.105032 1.537563
v 0.016201 -0.102463 1.538225
v 0.025055 -0.093639 1.540328
v 0.031411 -0.085194 1.542483
v 0.038041 -0.077017 1.544053
v 0.045159 -0.068180 1.545645
v 0.024199 0.098169 1.682146
v 0.035132 0.093210 1.680601
v 0.046539 0.085296 1.677733
v 0.060708 0.070506 1.671681
v 0.069195 0.055728 1.665045
v 0.072713 0.046249 1.659436
v 0.076559 0.023197 1.645685
v 0.074691 0.005172 1.633927
v 0.071535 -0.012364 1.621689
v 0.067407 -0.029092 1.610386
v 0.063291 -0.042630 1.600900
v 0.057298 -0.056578 1.590894
v 0.051417 -0.065435 1.591614
v 0.043504 -0.072543 1.592985
v 0.030710 -0.079428 1.594036
v 0.022479 -0.083172 1.595940
v 0.015178 -0.086578 1.598505
v 0.007117 -0.091888 1.603117
v 0.003894 -0.092996 1.604450
v 0.024579 0.098811 1.682264
v 0.035635 0.093770 1.680651
v 0.047163 0.085765 1.677792
v 0.061301 0.070833 1.671765
v 0.070001 0.055951 1.664985
v 0.073555 0.046348 1.659397
v 0.077390 0.023196 1.645501
v 0.075552 0.005168 1.633635
v 0.072346 -0.012377 1.621383
v 0.068212 -0.029130 1.610049
v 0.063955 -0.042763 1.600587
v 0.058268 -0.056869 1.590034
v 0.051738 -0.065652 1.591434
v 0.043683 -0.072739 1.592917
v 0.030791 -0.079640 1.594020
v 0.022643 -0.083423 1.596020
v 0.015396 -0.086837 1.598588
v 0.003963 -0.093240 1.604528
v 0.068576 -0.023190 1.601713
v 0.072794 -0.006509 1.612272
v 0.076048 0.011201 1.624429
v 0.077800 0.029102 1.636013
v 0.073909 0.051476 1.649434
v 0.070445 0.061144 1.654935
v 0.061996 0.075454 1.661822
v 0.048124 0.089910 1.667995
v 0.036288 0.098106 1.670965
v 0.025074 0.102878 1.672913
v 0.018193 0.092283 1.538281
v 0.045811 0.078101 1.537166
v 0.055846 0.063442 1.536862
v 0.059683 0.052296 1.536731
v 0.062909 0.037081 1.535218
v 0.063563 0.021446 1.534275
v 0.063527 0.005900 1.533972
v 0.061930 -0.018280 1.536490
v 0.060295 -0.030278 1.540828
v 0.059522 -0.036405 1.544147
v 0.058821 -0.045891 1.551066
v 0.060623 -0.047785 1.565989
v 0.061719 -0.048153 1.575940
v 0.062628 -0.047966 1.583511
v 0.065643 -0.035445 1.593242
v 0.067802 -0.023008 1.602136
v 0.071883 -0.006481 1.612618
v 0.075261 0.011392 1.624816
v 0.076928 0.029118 1.636125
v 0.073020 0.051381 1.649527
v 0.069585 0.060885 1.654924
v 0.061375 0.075058 1.661709
v 0.047484 0.089376 1.667903
v 0.035788 0.097485 1.670895
v 0.024693 0.102179 1.672832
v 0.018042 0.091776 1.538394
v 0.045425 0.077682 1.537237
v 0.055303 0.063157 1.536953
v 0.059087 0.052135 1.536922
v 0.062327 0.037039 1.535447
v 0.062912 0.021446 1.534510
v 0.062875 0.005937 1.534241
v 0.061555 -0.018214 1.536704
v 0.059973 -0.030224 1.540983
v 0.059168 -0.036119 1.544286
v 0.058367 -0.045554 1.551474
v 0.060376 -0.047652 1.566097
v 0.061446 -0.047998 1.575988
v 0.061708 -0.047622 1.583785
v 0.064754 -0.035178 1.593732
v 0.061255 0.021180 1.522965
v 0.060034 0.003605 1.521208
v 0.053704 0.000784 1.510335
v 0.044450 -0.003517 1.498666
v 0.034668 -0.008913 1.487844
v 0.026385 -0.013286 1.481387
v 0.019366 -0.016662 1.476987
v 0.012684 -0.019169 1.473071
v 0.006202 -0.020532 1.470373
v 0.018250 0.093854 1.526417
v 0.046073 0.079663 1.525403
v 0.056055 0.064896 1.525048
v 0.059189 0.053675 1.525181
v 0.061528 0.038135 1.524194
v 0.060634 0.021192 1.523196
v 0.059006 0.003716 1.521470
v 0.053101 0.000834 1.510614
v 0.043920 -0.003432 1.499155
v 0.034210 -0.008838 1.488247
v 0.026053 -0.013162 1.481843
v 0.019119 -0.016509 1.477400
v 0.012510 -0.018986 1.473598
v 0.006125 -0.020387 1.470860
v 0.018100 0.093283 1.526482
v 0.045660 0.079265 1.525452
v 0.055527 0.064610 1.525126
v 0.058600 0.053536 1.525345
v 0.060927 0.038114 1.524445
v 0.007414 -0.096430 1.508528
v 0.029500 -0.034514 1.487357
v 0.019071 -0.040205 1.480530
v 0.008269 -0.043643 1.476216
v 0.062404 -0.006719 1.534898
v 0.062780 -0.006785 1.534721
v 0.053339 -0.017865 1.513525
v 0.045676 -0.023436 1.503178
v 0.037198 -0.030621 1.493817
v -0.032445 -0.084140 1.541768
v -0.039777 -0.075056 1.543480
v -0.046839 -0.063804 1.545018
v -0.059107 -0.039766 1.547231
v -0.054533 -0.059332 1.576121
v -0.053449 -0.060247 1.565921
v -0.052404 -0.057443 1.553192
v -0.053213 -0.052714 1.546353
v -0.054392 -0.048829 1.539246
v -0.054863 -0.038292 1.531717
v -0.056364 -0.027605 1.527588
v -0.057402 -0.012545 1.523445
v -0.005356 -0.111656 1.569703
v -0.007334 -0.109469 1.569708
v -0.018429 -0.100057 1.565769
v -0.029579 -0.089465 1.560244
v -0.038096 -0.079248 1.556855
v -0.045555 -0.068722 1.554373
v -0.051968 -0.056500 1.552344
v -0.058176 -0.044187 1.551201
v -0.057769 -0.044020 1.551437
v 0.007312 -0.092138 1.603109
v 0.005212 -0.112327 1.569393
v 0.055438 -0.060002 1.578968
v 0.053461 -0.060518 1.567861
v 0.052412 -0.057013 1.546860
v 0.052486 -0.051701 1.539325
v 0.055277 -0.037451 1.532263
v 0.059112 -0.011652 1.524608
v 0.022825 -0.097416 1.526620
v 0.020642 -0.097853 1.522799
v 0.022498 -0.094719 1.525558
v 0.025918 -0.089943 1.527144
v 0.032904 -0.080394 1.529721
v 0.038546 -0.071148 1.532360
v 0.046092 -0.059996 1.534944
v 0.052277 -0.049088 1.538538
v 0.038001 -0.048671 1.500145
v 0.044748 -0.042927 1.507400
v 0.052288 -0.035777 1.519514
v 0.057273 -0.029719 1.530464
v -0.000621 -0.082169 1.538809
v -0.001333 -0.057229 1.504630
v 0.042524 -0.067130 1.559684
v 0.046854 -0.029068 1.517852
v -0.040283 -0.065824 1.557058
v -0.045764 -0.031637 1.519222
v -0.061127 0.044482 1.535987
v -0.060157 0.044908 1.524506
v -0.059441 0.044849 1.524734
v -0.060623 0.044399 1.536223
v 0.017972 -0.100239 1.566098
v 0.006737 -0.109624 1.569880
v 0.030223 -0.088211 1.560012
v 0.036632 -0.080292 1.557511
v 0.044732 -0.070488 1.554512
v 0.051848 -0.058493 1.551609
v 0.052855 -0.059252 1.552541
v 0.058403 -0.043065 1.549309
v 0.058151 -0.042964 1.549639
v 0.012212 0.102215 1.683362
v 0.012449 0.106239 1.674209
v 0.012232 0.105514 1.674061
v 0.011992 0.101534 1.683247
v -0.011434 0.102590 1.683309
v -0.011811 0.106561 1.674090
v -0.011593 0.105828 1.674010
v -0.011248 0.101920 1.683234
v -0.075540 0.014866 1.640285
v -0.075989 0.020960 1.631092
v -0.076754 0.020816 1.631014
v -0.076332 0.014821 1.640092
v -0.075098 0.042259 1.643919
v -0.075409 0.037005 1.653791
v -0.022921 0.099313 1.682469
v -0.023129 0.102823 1.672756
v -0.043490 0.088466 1.678749
v -0.044285 0.092693 1.669013
v -0.043795 0.092053 1.668879
v -0.043017 0.087876 1.678619
v -0.052117 0.084838 1.666000
v -0.051868 0.081162 1.675958
v -0.066805 0.059628 1.666852
v -0.068098 0.065080 1.656810
v -0.071234 0.049024 1.661114
v -0.071691 0.054203 1.651021
v -0.072501 0.054501 1.651043
v -0.072002 0.049311 1.661100
v 0.054183 0.077943 1.674810
v 0.054973 0.082242 1.664914
v 0.055702 0.082713 1.665005
v 0.054857 0.078343 1.674829
v 0.065037 0.063588 1.668768
v 0.065573 0.068419 1.658653
v 0.066324 0.068754 1.658712
v 0.065734 0.063837 1.668724
v 0.075253 0.035103 1.652747
v 0.075636 0.040650 1.642972
v 0.076538 0.040703 1.642814
v 0.076077 0.035158 1.652633
v 0.050764 0.072456 1.536969
v 0.051016 0.073985 1.525220
v 0.050536 0.073630 1.525297
v 0.050273 0.072108 1.537053
v 0.028884 0.088234 1.538276
v 0.037987 0.083379 1.537809
v 0.038097 0.085018 1.526066
v 0.028992 0.089791 1.526472
v 0.038273 0.083881 1.537712
v 0.029203 0.088661 1.538179
v 0.029286 0.090249 1.526402
v 0.038392 0.085505 1.525996
v 0.007318 0.093584 1.538458
v -0.005100 0.093775 1.538556
v 0.007311 0.095154 1.526516
v -0.005109 0.095343 1.526600
v 0.007341 0.093018 1.538541
v -0.005110 0.093183 1.538592
v 0.007351 0.094528 1.526536
v -0.005148 0.094713 1.526582
v -0.025431 0.089289 1.538365
v -0.025545 0.090878 1.526486
v -0.025764 0.091353 1.526398
v -0.025649 0.089724 1.538282
v -0.048156 0.072884 1.537682
v -0.048410 0.074480 1.526016
v -0.048845 0.074796 1.525924
v -0.048604 0.073220 1.537549
v -0.000543 -0.112856 1.570223
v 0.031957 -0.043629 1.616704
v 0.031595 -0.043725 1.617414
v 0.031027 -0.043813 1.617975
v 0.030312 -0.043885 1.618336
v 0.029517 -0.043933 1.618458
v 0.028724 -0.043954 1.618332
v 0.028005 -0.043943 1.617969
v 0.027437 -0.043905 1.617403
v 0.027069 -0.043839 1.616692
v 0.026940 -0.043756 1.615904
v 0.027065 -0.043662 1.615116
v 0.027429 -0.043566 1.614407
v 0.027996 -0.043477 1.613845
v 0.028713 -0.043406 1.613485
v 0.029506 -0.043357 1.613363
v 0.030300 -0.043337 1.613489
v 0.031018 -0.043349 1.613853
v 0.031588 -0.043387 1.614418
v 0.031955 -0.043452 1.615129
v 0.032082 -0.043535 1.615917
v 0.034371 -0.044212 1.617410
v 0.033653 -0.044401 1.618811
v 0.032532 -0.044576 1.619922
v 0.031117 -0.044717 1.620633
v 0.029550 -0.044813 1.620876
v 0.027980 -0.044852 1.620626
v 0.026562 -0.044832 1.619908
v 0.025436 -0.044754 1.618791
v 0.024712 -0.044628 1.617387
v 0.024461 -0.044462 1.615831
v 0.024705 -0.044275 1.614276
v 0.025424 -0.044086 1.612875
v 0.026544 -0.043912 1.611764
v 0.027958 -0.043771 1.611053
v 0.029525 -0.043675 1.610810
v 0.031095 -0.043636 1.611060
v 0.032513 -0.043655 1.611778
v 0.033637 -0.043733 1.612895
v 0.034363 -0.043860 1.614299
v 0.034615 -0.044026 1.615856
v 0.036680 -0.045178 1.618036
v 0.035626 -0.045456 1.620094
v 0.033979 -0.045711 1.621726
v 0.031903 -0.045920 1.622772
v 0.029598 -0.046060 1.623128
v 0.027292 -0.046117 1.622760
v 0.025211 -0.046089 1.621705
v 0.023556 -0.045974 1.620064
v 0.022491 -0.045787 1.618000
v 0.022121 -0.045545 1.615715
v 0.022479 -0.045271 1.613431
v 0.023535 -0.044992 1.611372
v 0.025182 -0.044737 1.609740
v 0.027259 -0.044530 1.608695
v 0.029563 -0.044388 1.608339
v 0.031868 -0.044331 1.608706
v 0.033951 -0.044360 1.609761
v 0.035605 -0.044474 1.611401
v 0.036669 -0.044661 1.613465
v 0.037040 -0.044903 1.615752
v 0.038831 -0.046502 1.618564
v 0.037464 -0.046862 1.621230
v 0.035334 -0.047194 1.623342
v 0.032645 -0.047463 1.624695
v 0.029661 -0.047645 1.625156
v 0.026676 -0.047720 1.624681
v 0.023980 -0.047682 1.623314
v 0.021837 -0.047534 1.621191
v 0.020460 -0.047292 1.618519
v 0.019980 -0.046978 1.615559
v 0.020445 -0.046623 1.612601
v 0.021812 -0.046262 1.609936
v 0.023942 -0.045932 1.607823
v 0.026631 -0.045662 1.606471
v 0.029615 -0.045481 1.606009
v 0.032602 -0.045406 1.606485
v 0.035296 -0.045444 1.607851
v 0.037438 -0.045591 1.609975
v 0.038816 -0.045833 1.612647
v 0.039297 -0.046147 1.615606
v 0.040768 -0.048154 1.618982
v 0.039126 -0.048588 1.622189
v 0.036561 -0.048986 1.624730
v 0.033326 -0.049310 1.626358
v 0.029737 -0.049528 1.626913
v 0.026146 -0.049619 1.626341
v 0.022904 -0.049573 1.624696
v 0.020326 -0.049396 1.622143
v 0.018669 -0.049104 1.618928
v 0.018092 -0.048727 1.615367
v 0.018652 -0.048300 1.611809
v 0.020295 -0.047867 1.608603
v 0.022860 -0.047467 1.606061
v 0.026094 -0.047144 1.604434
v 0.029683 -0.046926 1.603879
v 0.033275 -0.046835 1.604451
v 0.036517 -0.046881 1.606095
v 0.039094 -0.047058 1.608649
v 0.040751 -0.047350 1.611864
v 0.041328 -0.047727 1.615425
v 0.042446 -0.050092 1.619280
v 0.040567 -0.050587 1.622949
v 0.037634 -0.051043 1.625857
v 0.033932 -0.051414 1.627719
v 0.029826 -0.051663 1.628354
v 0.025716 -0.051767 1.627699
v 0.022006 -0.051715 1.625818
v 0.019059 -0.051513 1.622895
v 0.017162 -0.051179 1.619219
v 0.016501 -0.050747 1.615144
v 0.017143 -0.050259 1.611074
v 0.019021 -0.049763 1.607405
v 0.021955 -0.049307 1.604497
v 0.025656 -0.048936 1.602634
v 0.029763 -0.048686 1.602000
v 0.033873 -0.048583 1.602655
v 0.037583 -0.048635 1.604535
v 0.040530 -0.048837 1.607458
v 0.042427 -0.049171 1.611136
v 0.043087 -0.049603 1.615210
v 0.043823 -0.052267 1.619451
v 0.041753 -0.052814 1.623491
v 0.038523 -0.053316 1.626694
v 0.034446 -0.053724 1.628745
v 0.029924 -0.053999 1.629444
v 0.025398 -0.054113 1.628723
v 0.021312 -0.054056 1.626652
v 0.018064 -0.053833 1.623433
v 0.015976 -0.053465 1.619382
v 0.015250 -0.052989 1.614896
v 0.015955 -0.052452 1.610412
v 0.018024 -0.051905 1.606373
v 0.021255 -0.051403 1.603169
v 0.025332 -0.050994 1.601118
v 0.029855 -0.050720 1.600419
v 0.034380 -0.050605 1.601141
v 0.038466 -0.050663 1.603212
v 0.041713 -0.050887 1.606430
v 0.043802 -0.051254 1.610482
v 0.044530 -0.051731 1.614968
v 0.044865 -0.054629 1.619489
v 0.042656 -0.055212 1.623802
v 0.039206 -0.055747 1.627220
v 0.034856 -0.056183 1.629410
v 0.030029 -0.056477 1.630157
v 0.025197 -0.056599 1.629387
v 0.020837 -0.056537 1.627175
v 0.017370 -0.056299 1.623740
v 0.015141 -0.055907 1.619416
v 0.014365 -0.055399 1.614628
v 0.015117 -0.054825 1.609842
v 0.017328 -0.054241 1.605530
v 0.020776 -0.053705 1.602111
v 0.025127 -0.053269 1.599922
v 0.029955 -0.052977 1.599175
v 0.034786 -0.052855 1.599946
v 0.039147 -0.052916 1.602156
v 0.042612 -0.053154 1.605592
v 0.044842 -0.053547 1.609915
v 0.045618 -0.054055 1.614705
v 0.045544 -0.057116 1.619395
v 0.043250 -0.057722 1.623874
v 0.039669 -0.058278 1.627424
v 0.035149 -0.058731 1.629698
v 0.030137 -0.059035 1.630473
v 0.025121 -0.059162 1.629674
v 0.020592 -0.059099 1.627378
v 0.016993 -0.058851 1.623809
v 0.014677 -0.058443 1.619319
v 0.013871 -0.057916 1.614347
v 0.014653 -0.057320 1.609377
v 0.016947 -0.056714 1.604897
v 0.020530 -0.056157 1.601348
v 0.025048 -0.055705 1.599074
v 0.030060 -0.055401 1.598298
v 0.035078 -0.055274 1.599099
v 0.039608 -0.055337 1.601394
v 0.043207 -0.055585 1.604963
v 0.045522 -0.055993 1.609452
v 0.046328 -0.056520 1.614426
v 0.045849 -0.059669 1.619171
v 0.043525 -0.060282 1.623706
v 0.039900 -0.060846 1.627300
v 0.035324 -0.061304 1.629602
v 0.030248 -0.061612 1.630387
v 0.025168 -0.061740 1.629577
v 0.020582 -0.061676 1.627253
v 0.016940 -0.061426 1.623640
v 0.014594 -0.061013 1.619094
v 0.013779 -0.060478 1.614058
v 0.014572 -0.059875 1.609027
v 0.016894 -0.059262 1.604493
v 0.020521 -0.058698 1.600898
v 0.025095 -0.058240 1.598596
v 0.030172 -0.057932 1.597811
v 0.035250 -0.057804 1.598621
v 0.039836 -0.057868 1.600946
v 0.043479 -0.058118 1.604558
v 0.045824 -0.058531 1.609104
v 0.046640 -0.059066 1.614139
v 0.045767 -0.062224 1.618821
v 0.043473 -0.062830 1.623300
v 0.039890 -0.063387 1.626850
v 0.035372 -0.063839 1.629125
v 0.030359 -0.064143 1.629900
v 0.025342 -0.064270 1.629100
v 0.020813 -0.064207 1.626804
v 0.017213 -0.063959 1.623236
v 0.014898 -0.063551 1.618745
v 0.014091 -0.063024 1.613772
v 0.014874 -0.062428 1.608802
v 0.017168 -0.061822 1.604324
v 0.020750 -0.061266 1.600774
v 0.025268 -0.060813 1.598500
v 0.030282 -0.060509 1.597725
v 0.035299 -0.060382 1.598525
v 0.039828 -0.060445 1.600821
v 0.043428 -0.060693 1.604388
v 0.045742 -0.061101 1.608879
v 0.046549 -0.061628 1.613852
v 0.045301 -0.064719 1.618355
v 0.043092 -0.065302 1.622669
v 0.039643 -0.065839 1.626087
v 0.035292 -0.066275 1.628277
v 0.030465 -0.066567 1.629023
v 0.025634 -0.066689 1.628253
v 0.021273 -0.066628 1.626042
v 0.017807 -0.066390 1.622606
v 0.015577 -0.065997 1.618283
v 0.014801 -0.065489 1.613494
v 0.015554 -0.064915 1.608709
v 0.017765 -0.064332 1.604396
v 0.021213 -0.063797 1.600978
v 0.025564 -0.063361 1.598788
v 0.030392 -0.063067 1.598042
v 0.035222 -0.062945 1.598812
v 0.039584 -0.063007 1.601023
v 0.043049 -0.063245 1.604457
v 0.045279 -0.063637 1.608782
v 0.046055 -0.064145 1.613571
v 0.044465 -0.067092 1.617785
v 0.042396 -0.067639 1.621826
v 0.039164 -0.068141 1.625028
v 0.035088 -0.068550 1.627080
v 0.030564 -0.068824 1.627779
v 0.026039 -0.068939 1.627058
v 0.021953 -0.068881 1.624986
v 0.018707 -0.068657 1.621767
v 0.016618 -0.068290 1.617717
v 0.015890 -0.067813 1.613230
v 0.016596 -0.067277 1.608748
v 0.018665 -0.066730 1.604707
v 0.021897 -0.066228 1.601505
v 0.025974 -0.065820 1.599453
v 0.030495 -0.065545 1.598754
v 0.035021 -0.065431 1.599475
v 0.039108 -0.065488 1.601547
v 0.042353 -0.065711 1.604766
v 0.044444 -0.066079 1.608816
v 0.045171 -0.066555 1.613302
v 0.043278 -0.069285 1.617124
v 0.041397 -0.069781 1.620793
v 0.038464 -0.070237 1.623701
v 0.034762 -0.070608 1.625563
v 0.030656 -0.070858 1.626198
v 0.026548 -0.070961 1.625543
v 0.022836 -0.070909 1.623662
v 0.019889 -0.070706 1.620740
v 0.017992 -0.070373 1.617061
v 0.017332 -0.069941 1.612988
v 0.017973 -0.069452 1.608918
v 0.019852 -0.068956 1.605250
v 0.022786 -0.068501 1.602342
v 0.026488 -0.068129 1.600478
v 0.030593 -0.067881 1.599844
v 0.034703 -0.067776 1.600500
v 0.038413 -0.067829 1.602380
v 0.041362 -0.068031 1.605302
v 0.043258 -0.068365 1.608980
v 0.043918 -0.068797 1.613053
v 0.041768 -0.071244 1.616388
v 0.040125 -0.071677 1.619595
v 0.037560 -0.072076 1.622137
v 0.034326 -0.072400 1.623764
v 0.030737 -0.072618 1.624319
v 0.027145 -0.072709 1.623747
v 0.023902 -0.072663 1.622103
v 0.021325 -0.072486 1.619549
v 0.019668 -0.072194 1.616334
v 0.019091 -0.071817 1.612773
v 0.019651 -0.071390 1.609216
v 0.021294 -0.070956 1.606010
v 0.023858 -0.070558 1.603468
v 0.027093 -0.070234 1.601840
v 0.030682 -0.070016 1.601285
v 0.034274 -0.069925 1.601857
v 0.037517 -0.069971 1.603501
v 0.040092 -0.070148 1.606056
v 0.041750 -0.070440 1.609270
v 0.042328 -0.070817 1.612831
v 0.039973 -0.072921 1.615596
v 0.038607 -0.073281 1.618262
v 0.036476 -0.073612 1.620374
v 0.033788 -0.073882 1.621728
v 0.030804 -0.074063 1.622189
v 0.027819 -0.074138 1.621714
v 0.025122 -0.074100 1.620347
v 0.022981 -0.073953 1.618223
v 0.021604 -0.073710 1.615551
v 0.021124 -0.073396 1.612592
v 0.021589 -0.073042 1.609634
v 0.022954 -0.072682 1.606969
v 0.025087 -0.072350 1.604856
v 0.027776 -0.072081 1.603503
v 0.030759 -0.071899 1.603042
v 0.033744 -0.071824 1.603518
v 0.036440 -0.071862 1.604884
v 0.038581 -0.072010 1.607007
v 0.039959 -0.072252 1.609680
v 0.040440 -0.072565 1.612639
v 0.037939 -0.074273 1.614767
v 0.036885 -0.074552 1.616826
v 0.035238 -0.074807 1.618457
v 0.033161 -0.075015 1.619504
v 0.030857 -0.075156 1.619860
v 0.028551 -0.075213 1.619492
v 0.026469 -0.075184 1.618436
v 0.024815 -0.075070 1.616796
v 0.023750 -0.074883 1.614733
v 0.023379 -0.074640 1.612447
v 0.023739 -0.074366 1.610162
v 0.024794 -0.074088 1.608104
v 0.026441 -0.073833 1.606472
v 0.028517 -0.073624 1.605426
v 0.030821 -0.073484 1.605070
v 0.033128 -0.073426 1.605438
v 0.035209 -0.073455 1.606494
v 0.036864 -0.073570 1.608133
v 0.037929 -0.073757 1.610197
v 0.038299 -0.073999 1.612483
v 0.036274 -0.075155 1.614117
v 0.035472 -0.075366 1.615682
v 0.034220 -0.075561 1.616922
v 0.032642 -0.075718 1.617716
v 0.030890 -0.075825 1.617988
v 0.029138 -0.075869 1.617708
v 0.027556 -0.075847 1.616906
v 0.026298 -0.075760 1.615659
v 0.025488 -0.075618 1.614090
v 0.025207 -0.075434 1.612353
v 0.025481 -0.075226 1.610617
v 0.026283 -0.075013 1.609052
v 0.027534 -0.074820 1.607812
v 0.029112 -0.074661 1.607018
v 0.030864 -0.074555 1.606747
v 0.032617 -0.074510 1.607026
v 0.034199 -0.074532 1.607828
v 0.035456 -0.074620 1.609075
v 0.036264 -0.074762 1.610644
v 0.036547 -0.074946 1.612381
v 0.033324 -0.075193 1.613158
v 0.032962 -0.075289 1.613868
v 0.032394 -0.075377 1.614430
v 0.031678 -0.075449 1.614790
v 0.030883 -0.075497 1.614913
v 0.030088 -0.075517 1.614786
v 0.029371 -0.075507 1.614422
v 0.028802 -0.075468 1.613858
v 0.028435 -0.075403 1.613147
v 0.028308 -0.075320 1.612358
v 0.028431 -0.075226 1.611572
v 0.028794 -0.075130 1.610863
v 0.029362 -0.075041 1.610300
v 0.030078 -0.074969 1.609940
v 0.030871 -0.074921 1.609817
v 0.031667 -0.074901 1.609944
v 0.032383 -0.074912 1.610307
v 0.032954 -0.074950 1.610872
v 0.033320 -0.075015 1.611584
v 0.033447 -0.075099 1.612371
v 0.029504 -0.043445 1.615933
v 0.030878 -0.075209 1.612365
v -0.031500 -0.043626 1.616704
v -0.031138 -0.043722 1.617413
v -0.030569 -0.043811 1.617975
v -0.029853 -0.043882 1.618335
v -0.029060 -0.043931 1.618458
v -0.028264 -0.043950 1.618332
v -0.027548 -0.043940 1.617968
v -0.026977 -0.043901 1.617403
v -0.026611 -0.043836 1.616692
v -0.026484 -0.043754 1.615904
v -0.026606 -0.043659 1.615116
v -0.026970 -0.043563 1.614407
v -0.027539 -0.043475 1.613845
v -0.028253 -0.043403 1.613485
v -0.029048 -0.043355 1.613363
v -0.029843 -0.043334 1.613489
v -0.030560 -0.043344 1.613853
v -0.031129 -0.043383 1.614418
v -0.031496 -0.043449 1.615129
v -0.031623 -0.043532 1.615916
v -0.033913 -0.044209 1.617410
v -0.033194 -0.044398 1.618811
v -0.032075 -0.044572 1.619922
v -0.030660 -0.044715 1.620633
v -0.029092 -0.044809 1.620876
v -0.027521 -0.044848 1.620626
v -0.026105 -0.044829 1.619908
v -0.024979 -0.044751 1.618791
v -0.024253 -0.044624 1.617387
v -0.024003 -0.044459 1.615831
v -0.024248 -0.044272 1.614275
v -0.024964 -0.044083 1.612875
v -0.026086 -0.043908 1.611764
v -0.027499 -0.043767 1.611053
v -0.029067 -0.043671 1.610810
v -0.030636 -0.043632 1.611060
v -0.032054 -0.043652 1.611778
v -0.033180 -0.043730 1.612895
v -0.033904 -0.043857 1.614299
v -0.034157 -0.044022 1.615856
v -0.036222 -0.045174 1.618036
v -0.035168 -0.045452 1.620094
v -0.033520 -0.045708 1.621726
v -0.031444 -0.045916 1.622772
v -0.029140 -0.046056 1.623128
v -0.026833 -0.046115 1.622760
v -0.024752 -0.046085 1.621705
v -0.023097 -0.045972 1.620064
v -0.022033 -0.045784 1.618000
v -0.021662 -0.045541 1.615715
v -0.022021 -0.045268 1.613431
v -0.023076 -0.044989 1.611372
v -0.024724 -0.044733 1.609740
v -0.026799 -0.044526 1.608695
v -0.029104 -0.044386 1.608339
v -0.031410 -0.044327 1.608706
v -0.033492 -0.044357 1.609761
v -0.035146 -0.044470 1.611401
v -0.036210 -0.044657 1.613465
v -0.036582 -0.044900 1.615751
v -0.038371 -0.046499 1.618564
v -0.037007 -0.046860 1.621229
v -0.034875 -0.047191 1.623342
v -0.032186 -0.047460 1.624695
v -0.029202 -0.047641 1.625156
v -0.026217 -0.047717 1.624681
v -0.023521 -0.047678 1.623314
v -0.021379 -0.047532 1.621191
v -0.020002 -0.047289 1.618519
v -0.019522 -0.046975 1.615559
v -0.019987 -0.046620 1.612601
v -0.021353 -0.046260 1.609936
v -0.023484 -0.045928 1.607823
v -0.026174 -0.045660 1.606470
v -0.029157 -0.045478 1.606009
v -0.032142 -0.045402 1.606485
v -0.034838 -0.045441 1.607851
v -0.036979 -0.045588 1.609975
v -0.038359 -0.045830 1.612646
v -0.038838 -0.046144 1.615606
v -0.040309 -0.048151 1.618982
v -0.038667 -0.048585 1.622189
v -0.036103 -0.048983 1.624730
v -0.032868 -0.049307 1.626358
v -0.029280 -0.049524 1.626913
v -0.025687 -0.049616 1.626341
v -0.022445 -0.049570 1.624696
v -0.019868 -0.049392 1.622142
v -0.018211 -0.049100 1.618928
v -0.017633 -0.048723 1.615367
v -0.018193 -0.048297 1.611809
v -0.019836 -0.047863 1.608603
v -0.022401 -0.047464 1.606061
v -0.025635 -0.047140 1.604434
v -0.029224 -0.046922 1.603879
v -0.032817 -0.046832 1.604451
v -0.036059 -0.046877 1.606094
v -0.038636 -0.047054 1.608649
v -0.040293 -0.047346 1.611864
v -0.040870 -0.047724 1.615425
v -0.041988 -0.050088 1.619280
v -0.040110 -0.050584 1.622949
v -0.037175 -0.051040 1.625857
v -0.033473 -0.051411 1.627719
v -0.029368 -0.051660 1.628354
v -0.025258 -0.051764 1.627699
v -0.021548 -0.051712 1.625818
v -0.018600 -0.051509 1.622895
v -0.016703 -0.051176 1.619219
v -0.016044 -0.050744 1.615144
v -0.016684 -0.050255 1.611074
v -0.018564 -0.049759 1.607405
v -0.021498 -0.049304 1.604497
v -0.025199 -0.048932 1.602634
v -0.029304 -0.048683 1.602000
v -0.033414 -0.048579 1.602655
v -0.037125 -0.048632 1.604535
v -0.040071 -0.048834 1.607458
v -0.041968 -0.049168 1.611136
v -0.042630 -0.049600 1.615210
v -0.043364 -0.052264 1.619450
v -0.041295 -0.052811 1.623491
v -0.038064 -0.053313 1.626693
v -0.033987 -0.053721 1.628745
v -0.029465 -0.053996 1.629444
v -0.024940 -0.054110 1.628723
v -0.020853 -0.054053 1.626651
v -0.017607 -0.053829 1.623432
v -0.015517 -0.053461 1.619382
v -0.014790 -0.052985 1.614896
v -0.015496 -0.052449 1.610412
v -0.017566 -0.051901 1.606373
v -0.020797 -0.051399 1.603169
v -0.024874 -0.050991 1.601118
v -0.029397 -0.050717 1.600419
v -0.033923 -0.050603 1.601141
v -0.038007 -0.050660 1.603212
v -0.041255 -0.050883 1.606430
v -0.043343 -0.051251 1.610482
v -0.044072 -0.051727 1.614968
v -0.044407 -0.054625 1.619489
v -0.042197 -0.055209 1.623802
v -0.038748 -0.055744 1.627220
v -0.034398 -0.056180 1.629410
v -0.029570 -0.056473 1.630156
v -0.024739 -0.056595 1.629386
v -0.020377 -0.056534 1.627175
v -0.016913 -0.056295 1.623739
v -0.014683 -0.055903 1.619415
v -0.013906 -0.055395 1.614628
v -0.014660 -0.054822 1.609842
v -0.016869 -0.054238 1.605530
v -0.020317 -0.053702 1.602111
v -0.024670 -0.053267 1.599922
v -0.029497 -0.052973 1.599175
v -0.034328 -0.052851 1.599946
v -0.038688 -0.052912 1.602156
v -0.042155 -0.053151 1.605591
v -0.044384 -0.053543 1.609915
v -0.045159 -0.054052 1.614705
v -0.045086 -0.057112 1.619395
v -0.042793 -0.057718 1.623874
v -0.039210 -0.058275 1.627424
v -0.034692 -0.058728 1.629698
v -0.029678 -0.059032 1.630473
v -0.024663 -0.059159 1.629673
v -0.020132 -0.059095 1.627377
v -0.016534 -0.058847 1.623809
v -0.014219 -0.058440 1.619319
v -0.013412 -0.057912 1.614346
v -0.014195 -0.057317 1.609377
v -0.016489 -0.056711 1.604897
v -0.020071 -0.056154 1.601347
v -0.024589 -0.055701 1.599074
v -0.029604 -0.055397 1.598298
v -0.034619 -0.055270 1.599098
v -0.039150 -0.055334 1.601394
v -0.042748 -0.055582 1.604963
v -0.045063 -0.055989 1.609452
v -0.045870 -0.056517 1.614425
v -0.045390 -0.059666 1.619171
v -0.043067 -0.060278 1.623706
v -0.039441 -0.060842 1.627300
v -0.034865 -0.061301 1.629602
v -0.029790 -0.061609 1.630386
v -0.024710 -0.061738 1.629577
v -0.020124 -0.061672 1.627253
v -0.016482 -0.061422 1.623640
v -0.014136 -0.061009 1.619094
v -0.013321 -0.060475 1.614058
v -0.014112 -0.059872 1.609027
v -0.016435 -0.059259 1.604493
v -0.020062 -0.058695 1.600898
v -0.024636 -0.058236 1.598596
v -0.029713 -0.057928 1.597811
v -0.034792 -0.057801 1.598621
v -0.039378 -0.057865 1.600946
v -0.043022 -0.058116 1.604558
v -0.045367 -0.058528 1.609104
v -0.046182 -0.059062 1.614139
v -0.045308 -0.062220 1.618821
v -0.043015 -0.062826 1.623300
v -0.039431 -0.063383 1.626850
v -0.034913 -0.063836 1.629124
v -0.029901 -0.064140 1.629900
v -0.024883 -0.064267 1.629100
v -0.020355 -0.064204 1.626804
v -0.016755 -0.063955 1.623235
v -0.014439 -0.063548 1.618745
v -0.013633 -0.063020 1.613772
v -0.014416 -0.062425 1.608802
v -0.016711 -0.061819 1.604324
v -0.020292 -0.061262 1.600774
v -0.024811 -0.060810 1.598500
v -0.029823 -0.060505 1.597725
v -0.034841 -0.060378 1.598525
v -0.039370 -0.060443 1.600821
v -0.042969 -0.060690 1.604388
v -0.045285 -0.061097 1.608878
v -0.046091 -0.061625 1.613852
v -0.044843 -0.064716 1.618355
v -0.042635 -0.065299 1.622669
v -0.039184 -0.065835 1.626087
v -0.034834 -0.066271 1.628276
v -0.030006 -0.066564 1.629023
v -0.025175 -0.066686 1.628253
v -0.020814 -0.066625 1.626042
v -0.017349 -0.066386 1.622606
v -0.015120 -0.065994 1.618283
v -0.014342 -0.065485 1.613494
v -0.015096 -0.064912 1.608708
v -0.017305 -0.064329 1.604396
v -0.020754 -0.063793 1.600978
v -0.025105 -0.063357 1.598788
v -0.029933 -0.063064 1.598042
v -0.034764 -0.062942 1.598812
v -0.039125 -0.063003 1.601023
v -0.042590 -0.063242 1.604457
v -0.044820 -0.063635 1.608782
v -0.045596 -0.064142 1.613571
v -0.044006 -0.067090 1.617785
v -0.041937 -0.067636 1.621826
v -0.038706 -0.068138 1.625028
v -0.034628 -0.068546 1.627080
v -0.030108 -0.068820 1.627779
v -0.025580 -0.068935 1.627058
v -0.021494 -0.068878 1.624986
v -0.018248 -0.068654 1.621767
v -0.016159 -0.068287 1.617717
v -0.015432 -0.067811 1.613230
v -0.016138 -0.067273 1.608748
v -0.018207 -0.066727 1.604707
v -0.021439 -0.066225 1.601505
v -0.025515 -0.065817 1.599453
v -0.030038 -0.065541 1.598754
v -0.034564 -0.065427 1.599475
v -0.038649 -0.065484 1.601547
v -0.041896 -0.065708 1.604766
v -0.043984 -0.066076 1.608816
v -0.044713 -0.066552 1.613302
v -0.042818 -0.069282 1.617124
v -0.040940 -0.069779 1.620793
v -0.038005 -0.070235 1.623701
v -0.034305 -0.070605 1.625563
v -0.030199 -0.070855 1.626198
v -0.026088 -0.070958 1.625543
v -0.022379 -0.070906 1.623662
v -0.019430 -0.070703 1.620740
v -0.017533 -0.070369 1.617061
v -0.016874 -0.069937 1.612988
v -0.017514 -0.069449 1.608918
v -0.019394 -0.068953 1.605250
v -0.022328 -0.068497 1.602342
v -0.026028 -0.068126 1.600478
v -0.030135 -0.067877 1.599844
v -0.034245 -0.067773 1.600499
v -0.037956 -0.067825 1.602380
v -0.040902 -0.068028 1.605302
v -0.042799 -0.068362 1.608980
v -0.043459 -0.068795 1.613053
v -0.041309 -0.071241 1.616388
v -0.039666 -0.071675 1.619595
v -0.037102 -0.072073 1.622137
v -0.033867 -0.072397 1.623764
v -0.030278 -0.072615 1.624319
v -0.026686 -0.072706 1.623747
v -0.023443 -0.072660 1.622103
v -0.020868 -0.072483 1.619549
v -0.019211 -0.072191 1.616334
v -0.018633 -0.071814 1.612773
v -0.019192 -0.071387 1.609216
v -0.020835 -0.070953 1.606010
v -0.023400 -0.070555 1.603468
v -0.026634 -0.070231 1.601840
v -0.030224 -0.070013 1.601285
v -0.033815 -0.069922 1.601857
v -0.037058 -0.069968 1.603501
v -0.039635 -0.070145 1.606056
v -0.041292 -0.070437 1.609270
v -0.041869 -0.070814 1.612831
v -0.039516 -0.072917 1.615596
v -0.038149 -0.073278 1.618261
v -0.036019 -0.073609 1.620374
v -0.033329 -0.073878 1.621728
v -0.030347 -0.074059 1.622189
v -0.027361 -0.074135 1.621713
v -0.024665 -0.074097 1.620347
v -0.022523 -0.073950 1.618223
v -0.021146 -0.073707 1.615551
v -0.020665 -0.073393 1.612592
v -0.021131 -0.073039 1.609634
v -0.022496 -0.072678 1.606969
v -0.024628 -0.072347 1.604856
v -0.027317 -0.072078 1.603502
v -0.030300 -0.071896 1.603042
v -0.033285 -0.071820 1.603518
v -0.035981 -0.071859 1.604884
v -0.038124 -0.072006 1.607007
v -0.039502 -0.072249 1.609679
v -0.039981 -0.072563 1.612639
v -0.037481 -0.074269 1.614767
v -0.036425 -0.074548 1.616826
v -0.034780 -0.074804 1.618457
v -0.032702 -0.075012 1.619504
v -0.030398 -0.075152 1.619859
v -0.028093 -0.075210 1.619492
v -0.026010 -0.075180 1.618436
v -0.024357 -0.075067 1.616796
v -0.023292 -0.074880 1.614733
v -0.022921 -0.074637 1.612447
v -0.023282 -0.074364 1.610162
v -0.024335 -0.074085 1.608104
v -0.025981 -0.073829 1.606472
v -0.028059 -0.073620 1.605426
v -0.030363 -0.073481 1.605070
v -0.032669 -0.073423 1.605438
v -0.034752 -0.073452 1.606493
v -0.036405 -0.073566 1.608133
v -0.037471 -0.073753 1.610197
v -0.037840 -0.073996 1.612483
v -0.035815 -0.075151 1.614117
v -0.035013 -0.075363 1.615682
v -0.033761 -0.075557 1.616922
v -0.032184 -0.075715 1.617716
v -0.030432 -0.075822 1.617988
v -0.028679 -0.075866 1.617707
v -0.027096 -0.075844 1.616906
v -0.025840 -0.075756 1.615659
v -0.025031 -0.075614 1.614090
v -0.024749 -0.075430 1.612353
v -0.025021 -0.075222 1.610617
v -0.025823 -0.075011 1.609052
v -0.027076 -0.074816 1.607812
v -0.028653 -0.074658 1.607018
v -0.030406 -0.074552 1.606747
v -0.032157 -0.074508 1.607026
v -0.033740 -0.074530 1.607828
v -0.034997 -0.074616 1.609075
v -0.035806 -0.074758 1.610644
v -0.036088 -0.074942 1.612381
v -0.032867 -0.075190 1.613158
v -0.032502 -0.075286 1.613868
v -0.031935 -0.075373 1.614430
v -0.031219 -0.075445 1.614790
v -0.030426 -0.075493 1.614913
v -0.029630 -0.075514 1.614786
v -0.028914 -0.075504 1.614422
v -0.028343 -0.075465 1.613858
v -0.027976 -0.075400 1.613147
v -0.027849 -0.075317 1.612358
v -0.027973 -0.075222 1.611571
v -0.028336 -0.075126 1.610863
v -0.028904 -0.075038 1.610300
v -0.029619 -0.074966 1.609940
v -0.030414 -0.074918 1.609817
v -0.031208 -0.074898 1.609944
v -0.031926 -0.074908 1.610307
v -0.032495 -0.074947 1.610872
v -0.032862 -0.075012 1.611584
v -0.032990 -0.075095 1.612371
v -0.029045 -0.043441 1.615933
v -0.030419 -0.075205 1.612365
v -0.042925 -0.071100 1.613060
v -0.044787 -0.068025 1.611453
v -0.037850 -0.075379 1.616007
v -0.030949 -0.077387 1.616920
v -0.027035 -0.077357 1.616429
v -0.019495 -0.075788 1.612171
v -0.046187 -0.065960 1.610196
v -0.042394 -0.069634 1.609029
v -0.043665 -0.067964 1.610019
v -0.025934 -0.075008 1.606315
v -0.018747 -0.073717 1.607157
v -0.034437 -0.076712 1.616838
v -0.038319 -0.072821 1.606660
v -0.029052 -0.075226 1.605897
v -0.048692 -0.076071 1.615386
v -0.051308 -0.071819 1.612373
v -0.041215 -0.082502 1.618974
v -0.030311 -0.085307 1.620051
v -0.035676 -0.084708 1.619984
v -0.023468 -0.085310 1.618472
v -0.013870 -0.082336 1.611988
v -0.052303 -0.068713 1.610029
v -0.046246 -0.071205 1.605704
v -0.041404 -0.075451 1.602973
v -0.048306 -0.068056 1.607870
v -0.049245 -0.066344 1.609049
v -0.025060 -0.078567 1.601712
v -0.016775 -0.077107 1.603798
v -0.029011 -0.078933 1.601160
v -0.048787 -0.066488 1.610263
v -0.047501 -0.069697 1.611674
v -0.045340 -0.073710 1.613705
v -0.039157 -0.079201 1.616764
v -0.034982 -0.081161 1.617697
v -0.030210 -0.081533 1.617831
v -0.024772 -0.081476 1.616515
v -0.016424 -0.079340 1.610952
v -0.023251 -0.076700 1.614968
v -0.021060 -0.080633 1.614414
v -0.018811 -0.084002 1.615658
v -0.037240 -0.077128 1.601802
v -0.035440 -0.074213 1.606130
v -0.021108 -0.077578 1.602351
v -0.022911 -0.074397 1.607147
v 0.043319 -0.071115 1.613067
v 0.045187 -0.068048 1.611460
v 0.038226 -0.075386 1.616013
v 0.031315 -0.077382 1.616926
v 0.027378 -0.077331 1.616439
v 0.019806 -0.075719 1.612188
v 0.046612 -0.065960 1.610196
v 0.042770 -0.069654 1.609039
v 0.044081 -0.067970 1.610022
v 0.026281 -0.074982 1.606327
v 0.019139 -0.073696 1.607162
v 0.034862 -0.076712 1.616838
v 0.038744 -0.072821 1.606660
v 0.029466 -0.075224 1.605898
v 0.049150 -0.076072 1.615386
v 0.051767 -0.071820 1.612373
v 0.041673 -0.082502 1.618974
v 0.030770 -0.085308 1.620051
v 0.036135 -0.084709 1.619984
v 0.023926 -0.085311 1.618472
v 0.014329 -0.082337 1.611988
v 0.052761 -0.068714 1.610029
v 0.046705 -0.071206 1.605704
v 0.041863 -0.075452 1.602973
v 0.048764 -0.068057 1.607870
v 0.049703 -0.066345 1.609049
v 0.025518 -0.078568 1.601712
v 0.017232 -0.077108 1.603798
v 0.029469 -0.078934 1.601160
v 0.049246 -0.066489 1.610263
v 0.047959 -0.069698 1.611674
v 0.045799 -0.073711 1.613705
v 0.039615 -0.079201 1.616764
v 0.035441 -0.081162 1.617697
v 0.030669 -0.081533 1.617831
v 0.025230 -0.081477 1.616515
v 0.016882 -0.079340 1.610952
v 0.023607 -0.076669 1.614977
v 0.021519 -0.080634 1.614414
v 0.019269 -0.084003 1.615658
v 0.037698 -0.077129 1.601802
v 0.035868 -0.074213 1.606130
v 0.021567 -0.077579 1.602351
v 0.023284 -0.074373 1.607155
v 0.041046 -0.073913 1.614685
v 0.043186 -0.076482 1.615643
v 0.046071 -0.079344 1.617633
v -0.045729 -0.079241 1.617581
v -0.042838 -0.076385 1.615591
v -0.040620 -0.073913 1.614685
v -0.018904 -0.077321 1.603032
v -0.020385 -0.073927 1.607276
v 0.019363 -0.077322 1.603032
v 0.020776 -0.073908 1.607281
v 0.033442 -0.078211 1.601123
v 0.032338 -0.075471 1.605803
v 0.044668 -0.073235 1.604290
v 0.040817 -0.071475 1.607653
v -0.032984 -0.078211 1.601123
v -0.031918 -0.075472 1.605803
v -0.044211 -0.073235 1.604290
v -0.040416 -0.071465 1.607649
v 0.006162 0.096688 1.561625
v 0.029169 0.091587 1.562904
v 0.051713 0.077539 1.569348
v 0.073092 0.060334 1.577771
v 0.085978 0.048108 1.586151
v 0.083461 0.007020 1.611226
v 0.072504 -0.021694 1.628577
v 0.064035 -0.045891 1.644433
v 0.054237 -0.062415 1.652820
v 0.026729 -0.081483 1.663862
v -0.001340 -0.086386 1.666700
v -0.009275 0.130508 1.640487
v -0.002215 0.132367 1.634161
v 0.015685 0.129620 1.643331
v 0.017411 0.131917 1.638783
v 0.044700 0.120568 1.662783
v 0.049101 0.120853 1.657551
v 0.058788 0.102628 1.683264
v 0.064733 0.101988 1.677202
v 0.064050 0.078364 1.697571
v 0.070493 0.078654 1.693012
v 0.065880 0.052740 1.709815
v 0.070562 0.050804 1.708146
v 0.067525 0.034605 1.716779
v 0.072135 0.032861 1.715210
v 0.063133 0.006734 1.728147
v 0.047010 -0.010195 1.738030
v 0.029067 -0.023840 1.743496
v 0.001705 -0.030427 1.746068
v 0.000641 -0.048067 1.727390
v 0.028526 -0.043679 1.724359
v 0.050631 -0.029892 1.719258
v 0.065616 -0.008488 1.707898
v 0.074719 0.018371 1.696762
v 0.080270 0.042346 1.683752
v 0.080140 0.071173 1.669058
v 0.072733 0.096565 1.653509
v 0.052507 0.118472 1.644093
v 0.016884 0.128119 1.629682
v -0.007855 0.126743 1.618667
v -0.000688 -0.061132 1.709234
v 0.027051 -0.058096 1.706022
v 0.054279 -0.040592 1.697838
v 0.066488 -0.020008 1.688895
v 0.075615 0.005467 1.676792
v 0.084132 0.032067 1.663016
v 0.085115 0.063521 1.646810
v 0.076647 0.085950 1.631634
v 0.059323 0.104771 1.615261
v 0.042520 0.115929 1.606188
v -0.000702 -0.074203 1.694286
v 0.027264 -0.069976 1.689986
v 0.055124 -0.050200 1.680232
v 0.068517 -0.031548 1.670096
v 0.077094 -0.005874 1.656897
v 0.087024 0.022760 1.640710
v 0.091097 0.054129 1.617289
v 0.077351 0.073349 1.604238
v 0.058547 0.093202 1.591017
v 0.041172 0.101143 1.580241
v 0.003140 0.120945 1.599043
v 0.006537 0.114993 1.586172
v 0.000999 0.100298 1.566756
v 0.009606 0.127005 1.619523
v 0.037007 0.114358 1.604739
v 0.033084 0.111270 1.587758
v -0.003248 0.128399 1.626144
v -0.002157 0.131600 1.630072
v 0.005967 0.094374 1.564509
v 0.028241 0.088599 1.565575
v 0.009342 0.094530 1.575977
v 0.050912 0.075640 1.570583
v 0.071066 0.058956 1.578483
v 0.084781 0.046454 1.587546
v 0.079628 0.006444 1.610869
v 0.069673 -0.020866 1.628720
v 0.060524 -0.044452 1.643175
v 0.052192 -0.061859 1.652715
v 0.025824 -0.079914 1.662699
v -0.001416 -0.085652 1.666243
v -0.005586 0.123332 1.618346
v -0.000339 0.088317 1.642457
v 0.000275 -0.024271 1.691170
v 0.040276 0.012109 1.681853
v 0.044776 0.044247 1.667532
v 0.018921 0.086579 1.630703
v 0.008724 0.104108 1.620501
v 0.000069 -0.060970 1.684040
v 0.029357 -0.047704 1.682157
v 0.058603 -0.009257 1.660584
v 0.075129 0.023963 1.636985
v 0.052790 0.070645 1.611999
v 0.025014 0.087713 1.601854
v 0.010999 0.098720 1.599256
v 0.003084 0.115316 1.601120
v 0.005473 0.108677 1.590461
v 0.001090 0.097839 1.570330
v 0.035460 0.070145 1.646835
v 0.021663 -0.013039 1.689767
v 0.066023 -0.042598 1.651152
v 0.055551 -0.058755 1.660025
v 0.026974 -0.080061 1.670412
v -0.001138 -0.084352 1.674290
v -0.001179 -0.076890 1.673624
v 0.032883 -0.064929 1.670269
v 0.059159 -0.038637 1.651447
v 0.068249 -0.015653 1.637299
v 0.078072 0.007899 1.621245
v 0.084769 0.041146 1.609068
v 0.067212 0.059929 1.591420
v 0.049337 0.077892 1.584232
v 0.023056 0.088106 1.578733
v 0.031576 0.097047 1.568449
v 0.055389 0.085213 1.577963
v 0.075306 0.066355 1.587834
v 0.088690 0.050863 1.595485
v 0.086347 0.011863 1.619672
v 0.076048 -0.017467 1.636896
v 0.009163 0.101911 1.566261
v 0.014928 0.114588 1.585212
v 0.018835 0.121516 1.602504
v 0.000573 0.127884 1.617275
v -0.005119 0.129262 1.623011
v -0.012444 0.097555 1.562155
v -0.030069 0.089847 1.565543
v -0.048460 0.077725 1.569950
v -0.066288 0.064759 1.576447
v -0.086155 0.026604 1.598543
v -0.080695 0.008086 1.609694
v -0.071799 -0.018989 1.626571
v -0.062744 -0.044764 1.640674
v -0.054037 -0.061876 1.650988
v -0.028117 -0.081453 1.663383
v -0.023637 0.125517 1.648145
v -0.027125 0.127815 1.644346
v -0.045113 0.113067 1.659563
v -0.047991 0.114773 1.655184
v -0.061271 0.097817 1.671263
v -0.065027 0.096173 1.668159
v -0.067998 0.080281 1.686869
v -0.072206 0.078696 1.682312
v -0.065382 0.055631 1.705420
v -0.070955 0.055267 1.701713
v -0.061111 0.034862 1.716424
v -0.066294 0.032621 1.716293
v -0.056714 0.010798 1.725299
v -0.061839 0.008347 1.725764
v -0.040884 -0.019384 1.740682
v -0.026444 -0.026292 1.743895
v -0.028520 -0.041033 1.727692
v -0.052501 -0.018060 1.720576
v -0.063749 -0.003564 1.715334
v -0.073440 0.022058 1.699763
v -0.078402 0.044033 1.683329
v -0.080412 0.069170 1.664723
v -0.076182 0.082692 1.642399
v -0.048409 0.109227 1.637668
v -0.027086 0.124616 1.635679
v -0.028312 -0.054423 1.707620
v -0.055247 -0.033830 1.699140
v -0.065011 -0.016682 1.692055
v -0.075476 0.009612 1.677601
v -0.080661 0.034004 1.662143
v -0.085017 0.058691 1.645147
v -0.078215 0.079208 1.632427
v -0.056957 0.103150 1.612601
v -0.040130 0.114936 1.605552
v -0.028838 -0.067812 1.690864
v -0.056425 -0.046092 1.679857
v -0.066845 -0.028682 1.671432
v -0.076443 -0.003588 1.654234
v -0.086560 0.019343 1.634666
v -0.090584 0.042425 1.631790
v -0.070332 0.075362 1.590408
v -0.055370 0.096656 1.597023
v -0.036939 0.106094 1.588122
v -0.010300 0.121061 1.607506
v -0.010633 0.113036 1.586864
v -0.008638 0.101664 1.565838
v -0.026578 0.116030 1.607054
v -0.023948 0.107042 1.583149
v -0.020200 0.105315 1.573710
v -0.010297 0.095907 1.562813
v -0.028162 0.088408 1.567809
v -0.048912 0.073740 1.572942
v -0.064568 0.062063 1.577538
v -0.084407 0.026158 1.598592
v -0.078124 0.008266 1.610760
v -0.069205 -0.018168 1.627557
v -0.060462 -0.042860 1.642582
v -0.052273 -0.061379 1.651246
v -0.027400 -0.079970 1.662412
v -0.021345 -0.013612 1.689599
v -0.034102 0.070096 1.647886
v -0.022730 0.086594 1.628121
v -0.015684 0.104944 1.621106
v -0.030501 -0.043200 1.682096
v -0.059542 -0.014327 1.660276
v -0.074641 0.023678 1.636423
v -0.051720 0.070251 1.614116
v -0.025727 0.086984 1.601733
v -0.017127 0.100190 1.598177
v -0.009347 0.119521 1.608180
v -0.010031 0.110443 1.588676
v -0.006800 0.098705 1.566810
v -0.044492 0.044562 1.666828
v -0.039359 0.011558 1.681423
v -0.065481 -0.040618 1.649455
v -0.055545 -0.057779 1.659205
v -0.028460 -0.079191 1.670329
v -0.037011 -0.062090 1.669530
v -0.060722 -0.037114 1.650523
v -0.069332 -0.013049 1.636343
v -0.077194 0.009033 1.619812
v -0.079866 0.044970 1.606534
v -0.060753 0.062392 1.593964
v -0.046307 0.072857 1.586479
v -0.027116 0.085209 1.578576
v -0.030825 0.096777 1.572233
v -0.049920 0.084980 1.578241
v -0.068024 0.071063 1.583652
v -0.089329 0.031048 1.607707
v -0.085526 0.013063 1.618273
v -0.075073 -0.014711 1.635198
v -0.013888 0.104625 1.569006
v -0.015981 0.116052 1.588465
v -0.015661 0.119717 1.606474
v -0.012707 0.094241 1.576123
v -0.033056 0.015733 1.734275
v -0.000881 0.018633 1.734503
v 0.030899 0.020346 1.732073
v 0.032244 0.063398 1.716252
v -0.002134 0.064321 1.720315
v -0.036804 0.060558 1.714897
v 0.030705 0.087470 1.701345
v -0.002363 0.089589 1.704737
v -0.038317 0.086302 1.698756
v 0.026187 0.113815 1.674604
v -0.000431 0.117415 1.671269
v -0.028147 0.117561 1.663880
v -0.000173 0.027111 1.691950
v -0.001215 0.053164 1.683097
v -0.056201 -0.001408 1.731908
v -0.046482 -0.009790 1.736885
v -0.044735 -0.024093 1.731551
v -0.040386 -0.034736 1.726078
v 0.086988 0.038335 1.592837
v 0.089072 0.038669 1.592507
v 0.090522 0.044164 1.600559
v 0.055484 -0.004242 1.734859
v 0.039307 -0.037332 1.721202
v -0.085013 0.027894 1.652622
v -0.089303 0.057865 1.614687
v -0.088341 0.050633 1.593931
v -0.083103 0.049415 1.584247
v -0.080860 0.048521 1.585098
v -0.091199 0.036941 1.619770
v -0.078289 0.075273 1.612989
v -0.079710 0.067795 1.612494
v -0.010089 0.131663 1.637166
v -0.010530 0.130923 1.631025
v -0.010318 0.130246 1.629058
v -0.027248 0.128136 1.639066
v -0.049319 0.115106 1.643854
v -0.074443 0.090262 1.650213
v -0.046479 0.000131 1.735659
v -0.037660 -0.015481 1.739955
v -0.024295 -0.020317 1.743581
v 0.001886 -0.024379 1.745298
v 0.026951 -0.017548 1.743559
v 0.043676 -0.005430 1.736820
v 0.048132 -0.000173 1.734666
v 0.058241 0.009622 1.730469
v 0.004453 0.126920 1.639763
v 0.001354 0.129013 1.635298
v 0.001204 0.095234 1.565732
v 0.001322 0.097250 1.563530
v 0.086653 0.057895 1.632179
v 0.091664 0.045685 1.634830
v -0.054946 -0.026823 1.709497
v 0.007257 0.130948 1.626859
v 0.020525 0.127774 1.620679
v -0.016355 0.114605 1.668074
v -0.001128 0.129994 1.637970
v 0.018981 0.112096 1.677157
v 0.043186 0.110582 1.597175
v 0.010705 0.119610 1.599861
v 0.025394 0.112140 1.582651
v -0.009065 0.128566 1.622280
v -0.009996 0.126501 1.621795
v -0.012602 0.127250 1.627733
v -0.013084 0.129134 1.630046
v -0.012062 0.129398 1.635305
v -0.012630 0.129770 1.636957
v -0.013855 0.130689 1.638858
v -0.029372 0.127232 1.626482
v -0.027534 0.123037 1.622017
v -0.026195 0.123237 1.615461
v -0.026501 0.116392 1.595355
v -0.039644 0.116084 1.615157
v -0.041676 0.119642 1.621826
v -0.039100 0.109691 1.596086
v -0.009794 0.099808 1.563228
v -0.007739 0.097888 1.563585
v -0.009394 0.103720 1.572528
v -0.014688 0.104627 1.575699
v -0.008005 0.101739 1.573176
v -0.086867 0.042412 1.588647
v -0.084714 0.041674 1.589369
v 0.037458 -0.019400 1.742564
v 0.036959 -0.011498 1.740762
v 0.016110 -0.022334 1.744691
v 0.017004 -0.028403 1.745738
v 0.030988 0.129810 1.650076
v 0.034094 0.129339 1.645023
v 0.036588 0.128677 1.638869
v 0.035750 0.120782 1.627758
v 0.054827 0.108948 1.632472
v -0.011068 -0.022890 1.745219
v -0.012032 -0.029023 1.746115
v -0.014567 -0.045555 1.727555
v -0.015791 -0.058570 1.708570
v -0.016532 -0.072001 1.692969
v -0.016091 -0.082479 1.672883
v -0.015603 -0.084863 1.665833
v -0.015465 -0.083084 1.665212
v -0.042708 -0.073590 1.658096
v -0.041374 -0.072028 1.657248
v -0.044233 -0.070032 1.665574
v -0.043072 -0.059672 1.686385
v -0.043027 -0.047734 1.704086
v -0.041454 -0.040341 1.714549
v 0.016238 -0.047072 1.726314
v 0.014111 -0.060858 1.708468
v 0.013966 -0.073644 1.693340
v 0.013013 -0.083630 1.673334
v 0.012059 -0.085230 1.666664
v 0.012182 -0.083600 1.665228
v 0.039774 -0.045339 1.713019
v 0.039416 -0.052476 1.703669
v 0.039348 -0.063442 1.686462
v 0.039557 -0.073444 1.667286
v 0.039509 -0.075532 1.660455
v 0.037844 -0.074140 1.659010
v 0.071453 0.059257 1.704824
v 0.065848 0.060801 1.707709
v 0.078245 0.061330 1.687400
v 0.090360 0.053381 1.604974
v 0.090999 0.035098 1.625918
v -0.036858 0.114017 1.661516
v -0.047766 0.098585 1.678797
v -0.015476 0.129012 1.643599
v -0.084924 0.058221 1.629803
v -0.085693 0.050618 1.637794
v 0.020411 0.131294 1.633404
v 0.031674 0.041928 1.725266
v -0.001501 0.042014 1.728866
v -0.035073 0.039716 1.724962
v -0.038261 0.094430 1.551875
v -0.038356 0.100454 1.557447
v 0.016758 0.105585 1.563800
v 0.012727 0.108628 1.569109
v -0.003099 0.100749 1.563744
v -0.002354 0.098488 1.559676
v -0.023685 0.101229 1.556385
v -0.022585 0.095454 1.550606
v -0.037429 0.093103 1.557802
v -0.039450 0.099264 1.563328
v -0.022020 0.096143 1.559908
v -0.022669 0.102156 1.564228
v -0.003611 0.096847 1.561744
v -0.005557 0.099348 1.564118
v 0.019812 0.100340 1.562914
v 0.015059 0.103721 1.568742
v 0.001851 0.098881 1.559990
v 0.001007 0.100832 1.564160
v 0.032106 0.109019 1.567011
v 0.033972 0.105744 1.568217
v 0.028457 0.111832 1.575654
v 0.027582 0.114384 1.574227
v 0.028044 0.115430 1.573478
v 0.032933 0.110866 1.566615
v 0.016688 0.106379 1.563332
v 0.012835 0.109490 1.568828
v -0.022653 0.096618 1.549531
v -0.039328 0.095076 1.551064
v -0.039442 0.101071 1.556477
v -0.023816 0.101857 1.555640
v -0.001944 0.099071 1.559331
v -0.003124 0.101454 1.563488
v -0.038134 0.092374 1.558850
v -0.038695 0.098666 1.564843
v -0.022638 0.095286 1.561233
v -0.022985 0.101307 1.565720
v -0.003738 0.096333 1.562147
v -0.005611 0.098850 1.564641
v 0.034391 0.104943 1.569014
v 0.029371 0.111027 1.576494
v 0.015208 0.102845 1.568843
v 0.019986 0.099323 1.563207
v 0.001080 0.100376 1.564332
v 0.002017 0.098053 1.560467
v -0.023243 0.099518 1.552558
v -0.038599 0.096641 1.560006
v -0.039713 0.098266 1.553489
v -0.038583 0.095484 1.562124
v -0.022870 0.098566 1.563680
v -0.002773 0.097439 1.563480
v -0.002523 0.098175 1.562806
v -0.038244 0.097357 1.554699
v -0.023072 0.098041 1.554100
v -0.002095 0.099733 1.561960
v 0.014422 0.107295 1.566637
v 0.029467 0.111591 1.571304
v 0.030886 0.108732 1.571698
v 0.017370 0.102431 1.565881
v 0.002040 0.100181 1.562004
v 0.002392 0.099135 1.562646
v 0.017644 0.101084 1.566336
v 0.032049 0.107788 1.572956
v 0.030591 0.113634 1.570582
v 0.014513 0.108454 1.566314
v -0.001836 0.100751 1.561574
v -0.022040 0.099501 1.561017
v 0.023315 0.112313 1.568551
v 0.021697 0.113981 1.571533
v -0.033400 0.098287 1.551783
v -0.033440 0.101313 1.554928
v 0.005841 0.103641 1.563393
v 0.004250 0.104395 1.565236
v -0.011963 0.100329 1.557410
v -0.013139 0.102318 1.559523
v -0.042890 0.096544 1.557690
v -0.042839 0.099524 1.560371
v -0.033203 0.097002 1.563358
v -0.033276 0.099871 1.565795
v -0.010955 0.097875 1.562885
v -0.011716 0.100302 1.564155
v 0.025854 0.103987 1.569808
v 0.023183 0.106819 1.572978
v 0.011012 0.099623 1.563950
v 0.009816 0.101220 1.565976
v 0.033731 0.109938 1.573640
v 0.030997 0.112587 1.576872
v 0.025389 0.108674 1.565239
v 0.025418 0.109742 1.564854
v 0.021495 0.112916 1.572149
v -0.032831 0.094456 1.550005
v -0.033179 0.095161 1.549292
v -0.033034 0.100555 1.555919
v 0.008369 0.101465 1.561435
v 0.008366 0.102281 1.561168
v 0.003940 0.103521 1.565418
v -0.010921 0.097153 1.555530
v -0.010895 0.098039 1.554910
v -0.013123 0.101536 1.560111
v -0.041514 0.093419 1.555204
v -0.042442 0.093515 1.554852
v -0.041745 0.099566 1.560778
v -0.032061 0.094557 1.558836
v -0.032875 0.093502 1.560117
v -0.032629 0.100976 1.564746
v -0.010465 0.096404 1.560338
v -0.010775 0.095515 1.561348
v -0.011551 0.100960 1.563248
v 0.022726 0.107647 1.572548
v 0.027889 0.102379 1.566092
v 0.028294 0.101569 1.566701
v 0.009524 0.102147 1.565702
v 0.012500 0.099075 1.560879
v 0.012647 0.098225 1.561080
v 0.035409 0.107325 1.568655
v 0.036157 0.107233 1.569480
v 0.030062 0.113174 1.575727
v -0.010804 0.098915 1.560990
v -0.041385 0.096651 1.557971
v -0.032793 0.097104 1.553196
v -0.011949 0.099106 1.558251
v 0.005523 0.102350 1.563582
v 0.023130 0.110881 1.569081
v 0.032415 0.110391 1.572212
v 0.025138 0.105305 1.569060
v 0.010691 0.100951 1.563563
v -0.031239 0.098486 1.561149
v 0.030710 0.115143 1.574639
v 0.033020 0.112986 1.571520
v 0.035248 0.110034 1.567544
v 0.034253 0.108594 1.567911
v 0.031228 0.111296 1.571517
v 0.029326 0.114218 1.574929
v 0.030560 0.113915 1.575901
v 0.031582 0.114127 1.576173
v 0.034091 0.111620 1.572872
v 0.036459 0.108824 1.568883
v 0.035285 0.107943 1.568269
v 0.032582 0.110932 1.572466
v 0.025518 0.115134 1.572520
v 0.027593 0.113401 1.569569
v 0.029812 0.110729 1.565738
v 0.029412 0.108998 1.566142
v 0.026982 0.111387 1.570192
v 0.025187 0.113775 1.573193
v -0.042022 0.098639 1.562615
v -0.041907 0.095570 1.560005
v -0.041356 0.092525 1.557114
v -0.040632 0.092862 1.556421
v -0.040674 0.096313 1.559029
v -0.041224 0.099120 1.562036
v -0.040549 0.100198 1.558987
v -0.041745 0.100512 1.558304
v -0.041908 0.097626 1.555462
v -0.041532 0.094512 1.552847
v -0.040407 0.094116 1.553440
v -0.040352 0.097188 1.556222
v -0.003953 0.095991 1.561041
v 0.001598 0.096438 1.561237
v -0.005459 0.100970 1.567845
v 0.000688 0.101407 1.567799
v -0.006117 0.105125 1.565441
v 0.000344 0.105395 1.565425
v -0.004155 0.099727 1.556964
v 0.001821 0.100158 1.557292
v -0.006066 0.104648 1.567140
v -0.004156 0.098039 1.557328
v 0.002071 0.098490 1.557443
v 0.000351 0.104955 1.567273
v -0.005835 0.102848 1.568079
v -0.004041 0.096545 1.559089
v 0.001835 0.096953 1.559267
v 0.000540 0.103197 1.568122
v 0.001029 0.104430 1.563507
v -0.005955 0.104092 1.563559
v -0.006391 0.102898 1.564883
v -0.006188 0.101290 1.565904
v -0.005331 0.099816 1.566422
v 0.001323 0.100294 1.566377
v 0.001745 0.101769 1.565863
v 0.001491 0.103290 1.564821
v 0.001599 0.103058 1.561159
v -0.005307 0.102604 1.561199
v -0.005460 0.101082 1.562327
v -0.005526 0.099612 1.563426
v -0.004908 0.098398 1.564496
v 0.001708 0.098923 1.564507
v 0.001996 0.100069 1.563457
v 0.001804 0.101510 1.562233
v 0.001931 0.101555 1.559139
v -0.004782 0.101036 1.558855
v -0.004971 0.099368 1.559690
v -0.005030 0.097908 1.561032
v -0.004477 0.096984 1.562648
v 0.001758 0.097496 1.562779
v 0.002269 0.098487 1.561252
v 0.002197 0.099942 1.559914
v -0.001355 0.104916 1.565390
v -0.000746 0.104198 1.563276
v -0.000237 0.102842 1.561092
v 0.000142 0.101518 1.559036
v 0.000404 0.100017 1.557289
v 0.000356 0.098166 1.557432
v 0.000266 0.096653 1.558937
v 0.000116 0.096129 1.561180
v 0.000009 0.097077 1.563098
v -0.000109 0.098366 1.564762
v -0.000456 0.099710 1.566480
v -0.000959 0.101213 1.567916
v -0.001387 0.103140 1.568218
v -0.001610 0.104460 1.567213
v -0.004196 0.104969 1.565369
v -0.003676 0.103988 1.563274
v -0.003433 0.102755 1.560971
v -0.003038 0.101530 1.558594
v -0.002944 0.099870 1.556546
v -0.002732 0.097784 1.556682
v -0.002410 0.096352 1.558675
v -0.002591 0.095889 1.560967
v -0.002609 0.096850 1.562969
v -0.002674 0.098174 1.564727
v -0.003064 0.099525 1.566479
v -0.003528 0.101033 1.567936
v -0.003965 0.102996 1.568243
v -0.004222 0.104529 1.567278
v 0.019284 0.099391 1.553784
v 0.020474 0.104044 1.559313
v -0.001672 0.102319 1.566029
v -0.002302 0.099280 1.561858
v 0.034154 0.096650 1.547099
v 0.036342 0.102707 1.554402
v 0.036199 0.103825 1.553485
v 0.034032 0.098371 1.545874
v 0.019204 0.100612 1.552837
v 0.020770 0.105207 1.558437
v -0.002704 0.099966 1.561179
v -0.002038 0.103113 1.565773
v -0.002579 0.100949 1.564146
v 0.019477 0.102487 1.556006
v 0.035611 0.101137 1.550023
v 0.019756 0.103520 1.555396
v -0.003134 0.101736 1.563470
v 0.009910 0.104450 1.558825
v 0.010349 0.105271 1.561635
v 0.010075 0.100812 1.557312
v 0.009877 0.101271 1.556551
v 0.010446 0.104449 1.562198
v 0.010290 0.103290 1.559530
v 0.039350 0.102622 1.551982
v 0.037924 0.097706 1.545454
v 0.037948 0.096903 1.546249
v 0.039449 0.101641 1.552733
v 0.003029 0.104083 1.561076
v 0.003733 0.105136 1.563516
v 0.004130 0.104222 1.564296
v 0.003472 0.103104 1.561773
v 0.003696 0.100536 1.559387
v 0.003275 0.101596 1.558934
v 0.039807 0.099966 1.548347
v 0.039650 0.099183 1.549107
v 0.035374 0.099964 1.550514
v -0.008046 0.099291 1.562349
v -0.007187 0.098595 1.561230
v -0.007035 0.098992 1.561095
v -0.004377 0.099998 1.565037
v -0.004083 0.099360 1.563180
v -0.038712 0.109215 1.580989
v -0.040288 0.108732 1.578370
v -0.037736 0.108260 1.577552
v -0.030655 0.109357 1.578291
v -0.021348 0.109359 1.573770
v -0.016482 0.105656 1.568192
v -0.012225 0.103971 1.566369
v -0.009962 0.101030 1.562562
v -0.008043 0.099758 1.561789
v -0.010091 0.100282 1.563317
v -0.013786 0.102713 1.563737
v -0.018173 0.104377 1.565233
v -0.023008 0.108027 1.570698
v -0.030629 0.110975 1.577439
v -0.036769 0.109539 1.581059
v -0.036868 0.111335 1.580016
v -0.038787 0.110813 1.580009
v -0.032265 0.109576 1.573929
v -0.018143 0.103548 1.566192
v -0.013899 0.101965 1.564534
v -0.008797 0.100924 1.565256
v -0.006197 0.099231 1.563186
v -0.004020 0.099085 1.563372
v -0.006672 0.102740 1.566434
v -0.006882 0.101959 1.566946
v -0.012492 0.103005 1.567081
v -0.024479 0.105537 1.568674
v -0.024636 0.106479 1.567593
v -0.033667 0.107938 1.570938
v -0.037954 0.110052 1.576049
v -0.040387 0.109826 1.577742
v -0.032035 0.107990 1.575288
v -0.021283 0.107999 1.574611
v -0.014763 0.107309 1.570707
v -0.010331 0.105378 1.568616
v -0.008605 0.101752 1.564754
v -0.006101 0.099783 1.562887
v -0.005587 0.099121 1.562136
v -0.005574 0.098777 1.562220
v -0.010508 0.104544 1.569277
v -0.016580 0.104693 1.569051
v -0.022861 0.106718 1.571826
v -0.033530 0.106826 1.571815
v -0.041495 0.108457 1.574420
v -0.039496 0.108466 1.573321
v -0.014934 0.106302 1.571314
v -0.039251 0.107472 1.574186
v -0.041276 0.107597 1.574997
v -0.004309 0.100439 1.564667
v 0.175708 0.164080 1.360000
v -0.013213 0.176877 1.360000
v -0.192114 0.158079 1.360000
v 0.222538 0.143621 1.360000
v 0.076781 -0.046342 1.360000
v -0.113005 0.177525 1.360000
v 0.177701 0.163535 1.360000
v 0.190999 -0.002256 1.360000
v 0.198811 0.002432 1.360000
v -0.241860 0.078814 1.360000
v 0.208969 0.004638 1.360000
v 0.220795 0.015959 1.360000
v 0.230532 0.024814 1.360000
v 0.233859 0.034994 1.360000
v 0.237992 0.049787 1.360000
v 0.151397 0.173206 1.360000
v -0.160669 0.166888 1.360000
v 0.153210 0.172439 1.360000
v 0.081078 0.181214 1.360000
v 0.031880 -0.049968 1.360000
v 0.000315 -0.050201 1.360000
v 0.216190 0.007640 1.360000
v 0.235132 0.116502 1.360000
v 0.226950 0.138028 1.360000
v -0.173725 0.164388 1.360000
v 0.007764 -0.039981 1.360000
v 0.000159 -0.038524 1.360000
v -0.007404 -0.039986 1.360000
v 0.201751 0.157872 1.360000
v -0.227887 0.024212 1.360000
v -0.230920 0.026206 1.360000
v -0.193817 0.004948 1.360000
v -0.035282 0.178613 1.360000
v 0.121103 0.179613 1.360000
v -0.232982 0.029717 1.360000
v -0.124501 -0.035724 1.360000
v -0.185848 0.002106 1.360000
v -0.126929 -0.034111 1.360000
v 0.165720 0.167866 1.360000
v -0.010063 -0.048363 1.360000
v 0.218126 0.007425 1.360000
v 0.238757 0.069666 1.360000
v 0.238481 0.086618 1.360000
v 0.236818 0.097740 1.360000
v 0.143872 -0.033761 1.360000
v 0.153996 -0.028946 1.360000
v -0.133095 0.174824 1.360000
v -0.172959 0.164574 1.360000
v -0.161185 0.165729 1.360000
v -0.211640 0.008322 1.360000
v 0.144729 0.174965 1.360000
v -0.240498 0.046848 1.360000
v -0.241292 0.051006 1.360000
v -0.201935 0.158410 1.360000
v -0.219537 0.144966 1.360000
v 0.224634 0.139975 1.360000
v 0.180091 -0.004128 1.360000
v 0.175913 -0.007645 1.360000
v -0.103359 0.177760 1.360000
v 0.173305 -0.015048 1.360000
v 0.183618 0.162161 1.360000
v 0.197781 0.158343 1.360000
v -0.222867 0.017598 1.360000
v -0.048247 0.178740 1.360000
v 0.040392 0.178915 1.360000
v 0.111969 0.179741 1.360000
v 0.012667 -0.050663 1.360000
v 0.213896 0.150677 1.360000
v 0.114676 -0.038831 1.360000
v 0.107001 -0.040868 1.360000
v -0.185491 0.158763 1.360000
v -0.155986 -0.025169 1.360000
v 0.154364 0.171066 1.360000
v 0.000808 0.175582 1.360000
v -0.073938 0.180775 1.360000
v 0.023673 0.177634 1.360000
v 0.055332 0.179750 1.360000
v -0.032834 -0.049994 1.360000
v -0.009413 -0.050144 1.360000
v -0.240594 0.085313 1.360000
v -0.224225 0.139310 1.360000
v -0.229319 0.129571 1.360000
v -0.234547 0.114777 1.360000
v 0.048369 -0.050323 1.360000
v 0.039796 -0.050439 1.360000
v -0.035357 -0.050085 1.360000
v -0.038372 -0.049879 1.360000
v -0.079699 -0.046120 1.360000
v -0.084396 -0.045059 1.360000
v -0.175889 -0.000103 1.360000
v -0.171470 -0.002394 1.360000
v -0.139096 0.173633 1.360000
v -0.173260 0.164598 1.360000
v -0.158787 0.167884 1.360000
v -0.169750 -0.009407 1.360000
vn -0.5590 0.4612 -0.6891
vn -0.2523 0.6328 -0.7321
vn -0.1620 0.3699 -0.9148
vn 0.4482 -0.2908 -0.8453
vn 0.3408 -0.6213 -0.7056
vn 0.7015 -0.1317 -0.7004
vn -0.0365 0.7417 -0.6697
vn -0.0185 0.8033 -0.5953
vn -0.2270 -0.8398 -0.4931
vn -0.1189 0.7348 -0.6678
vn -0.0504 0.7704 -0.6356
vn -0.2475 -0.2101 -0.9458
vn -0.1925 0.6990 -0.6887
vn -0.2286 -0.7497 -0.6211
vn 0.0190 0.7558 -0.6545
vn -0.2964 0.6037 -0.7400
vn -0.1438 0.6367 -0.7576
vn -0.0710 0.5389 -0.8394
vn -0.1393 0.6108 -0.7794
vn 0.0314 0.7634 -0.6451
vn -0.0909 -0.8763 -0.4732
vn 0.0712 0.7703 -0.6336
vn 0.2227 -0.8653 -0.4490
vn -0.0126 0.7470 -0.6647
vn -0.0661 0.7637 -0.6422
vn 0.0263 -0.8610 -0.5079
vn -0.2682 -0.6416 -0.7186
vn -0.1591 -0.4219 -0.8926
vn -0.5295 0.5311 -0.6615
vn -0.2968 0.7320 -0.6133
vn -0.0465 0.6040 -0.7957
vn -0.6760 0.0960 -0.7306
vn -0.7206 0.1509 -0.6768
vn -0.6767 0.2003 -0.7085
vn -0.5215 0.3927 -0.7576
vn -0.6831 -0.0673 -0.7273
vn -0.7264 0.0475 -0.6857
vn -0.2087 -0.5395 -0.8157
vn -0.5948 -0.3018 -0.7450
vn -0.6559 -0.1772 -0.7338
vn -0.4233 -0.4195 -0.8030
vn -0.4715 -0.4953 -0.7297
vn -0.4739 -0.5227 -0.7086
vn -0.3574 -0.6097 -0.7074
vn 0.0487 -0.8412 -0.5386
vn -0.0073 0.7740 -0.6332
vn 0.0088 0.7763 -0.6303
vn 0.1600 -0.8269 -0.5391
vn -0.0415 0.7652 -0.6425
vn 0.1666 -0.8775 -0.4497
vn -0.0496 0.7665 -0.6404
vn 0.1353 -0.8829 -0.4497
vn 0.0511 0.7745 -0.6305
vn 0.2092 0.4339 -0.8764
vn 0.2246 0.6159 -0.7551
vn 0.1344 -0.3897 -0.9111
vn 0.1270 0.7456 -0.6542
vn 0.5891 0.4977 -0.6366
vn 0.5923 0.6027 -0.5347
vn 0.6705 0.1168 -0.7327
vn 0.1647 0.6314 -0.7578
vn 0.1357 0.6207 -0.7722
vn 0.6608 0.0372 -0.7497
vn 0.6630 0.0451 -0.7473
vn 0.6885 -0.0489 -0.7236
vn 0.1712 -0.5464 -0.8198
vn 0.2278 -0.7642 -0.6034
vn 0.6253 -0.1955 -0.7555
vn 0.6027 -0.3783 -0.7026
vn 0.3738 -0.1973 -0.9063
vn 0.5902 -0.5462 -0.5945
vn 0.3663 -0.6624 -0.6534
vn 0.3026 -0.6161 -0.7272
vn -0.1554 -0.8683 -0.4712
vn 0.1005 -0.8839 -0.4568
vn -0.0103 -0.8626 -0.5057
vn -0.3464 -0.8187 -0.4580
vn 0.1741 -0.8696 -0.4620
vn 0.1827 0.6509 -0.7369
vn 0.1990 0.6002 -0.7747
vn 0.1539 0.6147 -0.7736
vn 0.0017 -0.8465 -0.5324
vn 0.1959 0.6591 -0.7261
vn 0.5036 0.5585 -0.6592
vn 0.6278 0.5442 -0.5565
vn 0.4128 0.5705 -0.7100
vn 0.2881 -0.7575 -0.5858
vn -0.0059 -0.8687 -0.4954
vn -0.3760 -0.6485 -0.6618
vn -0.5345 -0.4792 -0.6961
vn -0.5817 -0.6916 -0.4282
vn -0.2469 -0.5423 -0.8031
vn 0.2215 -0.8856 0.4082
vn 0.1896 -0.7921 0.5802
vn 0.1297 -0.8474 0.5149
vn 0.1721 -0.8966 0.4080
vn 0.1081 -0.5141 0.8509
vn 0.0782 -0.5858 0.8067
vn 0.0652 -0.8712 0.4865
vn 0.0310 -0.6612 0.7496
vn -0.0436 -0.7210 0.6915
vn -0.0344 -0.8850 0.4644
vn -0.2259 -0.7575 0.6126
vn -0.2032 -0.8792 0.4309
vn -0.0004 -0.8010 0.5986
vn 0.0037 -0.8992 0.4376
vn 0.1020 -0.9051 0.4127
vn -0.0174 -0.9245 0.3807
vn -0.0130 -0.8897 0.4564
vn 0.0959 -0.8730 0.4782
vn -0.1558 -0.9117 0.3801
vn 0.0024 -0.9320 0.3625
vn -0.0936 -0.8642 0.4943
vn -0.1342 -0.8192 0.5575
vn -0.1592 -0.8502 0.5018
vn 0.0012 -0.8574 0.5146
vn -0.1153 -0.4859 0.8664
vn -0.2194 -0.7229 0.6552
vn -0.1933 -0.7913 0.5801
vn -0.1080 -0.5142 0.8508
vn -0.0783 -0.5858 0.8067
vn -0.1338 -0.8460 0.5161
vn -0.0677 -0.8705 0.4876
vn -0.0308 -0.6614 0.7494
vn 0.0352 -0.8858 0.4627
vn 0.2078 -0.8799 0.4274
vn 0.2255 -0.7575 0.6127
vn 0.0436 -0.7210 0.6915
vn -0.1775 -0.8968 0.4053
vn -0.1051 -0.9067 0.4084
vn 0.1582 -0.9129 0.3763
vn 0.0180 -0.9268 0.3750
vn 0.0936 -0.8658 0.4915
vn 0.0125 -0.8919 0.4520
vn 0.1347 -0.8202 0.5560
vn 0.1609 -0.8508 0.5002
vn 0.1689 -0.8473 0.5035
vn -0.0980 -0.8748 0.4745
vn 0.1152 -0.4858 0.8664
vn 0.2173 -0.7231 0.6557
vn -0.2255 -0.8853 0.4066
vn 0.4219 -0.7582 0.4972
vn 0.4561 -0.5517 0.6983
vn 0.5538 -0.4358 0.7095
vn 0.5792 -0.6223 0.5266
vn 0.5203 0.0905 0.8492
vn 0.4404 0.0432 0.8968
vn 0.3451 0.2834 0.8948
vn 0.4811 0.3420 0.8072
vn 0.4828 -0.2343 0.8438
vn 0.5436 -0.1558 0.8248
vn 0.2374 0.4511 0.8603
vn 0.1856 0.5354 0.8240
vn 0.3563 0.6569 0.6645
vn 0.4093 0.5494 0.7284
vn 0.1649 0.8001 0.5768
vn 0.0709 0.7155 0.6950
vn 0.0188 0.7540 0.6566
vn 0.0164 0.8265 0.5627
vn -0.0000 0.7518 0.6594
vn -0.0000 0.8229 0.5682
vn 0.7660 -0.2774 0.5799
vn 0.8042 -0.4185 0.4220
vn -0.0000 0.9500 -0.3123
vn -0.0000 0.9468 -0.3219
vn 0.1019 0.9420 -0.3196
vn 0.0981 0.9437 -0.3159
vn 0.7266 0.6179 -0.3004
vn 0.8047 0.5224 -0.2820
vn 0.7873 0.5584 -0.2615
vn 0.7125 0.6386 -0.2907
vn 0.8473 -0.4903 0.2043
vn 0.7663 -0.5827 0.2705
vn 0.7759 -0.5685 0.2735
vn 0.8659 -0.4634 0.1885
vn 0.5675 -0.7413 0.3584
vn 0.5742 -0.7243 0.3818
vn 0.5987 -0.6596 0.4544
vn 0.5823 -0.6912 0.4279
vn 0.7583 -0.5478 0.3534
vn 0.7542 -0.5363 0.3789
vn 0.9140 -0.3938 0.0975
vn 0.8119 -0.5559 0.1785
vn 0.8141 -0.5653 0.1328
vn 0.9070 -0.4111 0.0910
vn 0.7292 -0.6245 0.2798
vn 0.5378 -0.7500 0.3850
vn 0.5850 -0.6929 0.4216
vn 0.7547 -0.5629 0.3370
vn 0.7555 -0.6048 -0.2518
vn 0.8667 -0.4978 -0.0335
vn 0.7590 -0.6501 -0.0366
vn 0.6108 -0.7396 -0.2828
vn 0.3429 -0.7522 -0.5627
vn 0.2663 -0.7232 -0.6372
vn 0.1896 -0.6772 -0.7110
vn 0.2350 -0.6840 -0.6906
vn 0.3612 -0.6288 -0.6886
vn 0.5663 -0.6555 -0.4997
vn 0.4328 -0.7429 -0.5106
vn 0.2762 -0.6702 -0.6889
vn 0.5244 -0.6038 -0.6003
vn 0.6988 -0.5696 -0.4327
vn 0.1966 -0.5625 -0.8031
vn 0.3459 -0.6103 -0.7126
vn 0.1457 -0.5626 -0.8138
vn 0.1020 -0.5362 -0.8379
vn 0.1260 -0.5652 -0.8153
vn 0.7361 -0.6753 -0.0463
vn 0.6259 -0.7014 -0.3410
vn 0.6676 -0.7187 -0.1944
vn 0.6832 -0.7300 -0.0178
vn 0.6676 -0.6860 0.2892
vn 0.6412 -0.7499 0.1628
vn 0.3644 -0.9303 0.0417
vn 0.3475 -0.9267 0.1432
vn 0.5058 -0.8093 0.2987
vn 0.5318 -0.8327 0.1543
vn -0.0600 -0.9918 -0.1125
vn 0.1300 -0.9915 0.0014
vn 0.1292 -0.9911 0.0333
vn -0.1311 -0.9848 0.1136
vn 0.1587 -0.3849 -0.9092
vn 0.0983 -0.4601 -0.8824
vn 0.1759 -0.6352 -0.7521
vn 0.1811 -0.5942 -0.7837
vn -0.3534 -0.9351 -0.0267
vn -0.1963 -0.9744 -0.1092
vn -0.3048 -0.9476 0.0954
vn -0.3489 -0.9364 -0.0382
vn 0.2078 -0.4942 -0.8441
vn 0.2091 -0.4051 -0.8900
vn 0.1475 -0.5913 -0.7928
vn 0.1517 -0.6007 -0.7850
vn 0.7042 -0.7100 0.0006
vn 0.7942 -0.6065 0.0373
vn 0.8674 -0.4971 0.0224
vn 0.8029 -0.5958 -0.0217
vn 0.8202 -0.4905 0.2943
vn 0.7972 -0.4953 0.3452
vn 0.6781 -0.6940 0.2419
vn 0.6863 -0.7042 0.1819
vn 0.6400 -0.7671 -0.0455
vn 0.4949 -0.7957 -0.3491
vn 0.9314 0.0407 0.3617
vn 0.9785 0.0878 0.1867
vn 0.9908 0.0068 0.1352
vn 0.9394 -0.1118 0.3240
vn 0.8350 0.4593 0.3030
vn 0.8414 0.4827 0.2430
vn 0.9457 0.2388 0.2205
vn 0.9180 0.2118 0.3353
vn 0.5158 0.8018 0.3019
vn 0.4899 0.8341 0.2534
vn 0.6661 0.7044 0.2451
vn 0.6745 0.6804 0.2865
vn -0.0344 0.9422 0.3333
vn -0.0135 0.9187 0.3946
vn -0.0000 0.9171 0.3987
vn -0.0000 0.9391 0.3438
vn 0.7556 -0.0457 0.6534
vn 0.7599 0.1662 0.6284
vn 0.7243 0.4220 0.5452
vn 0.6142 0.6446 0.4552
vn 0.5019 0.7604 0.4123
vn -0.0000 0.8861 0.4636
vn 0.0035 0.8886 0.4586
vn 0.1921 0.8755 0.4435
vn 0.1150 0.9440 0.3094
vn 0.1571 0.9122 0.3784
vn 0.2001 0.9274 -0.3161
vn 0.1930 0.9264 -0.3232
vn 0.8040 -0.5682 0.1756
vn 0.8014 -0.5707 0.1790
vn 0.7092 -0.6723 0.2122
vn 0.6875 -0.6916 0.2215
vn 0.8829 -0.4554 0.1145
vn 0.9021 -0.4226 0.0868
vn 0.9184 -0.3920 0.0530
vn 0.9362 -0.3515 0.0033
vn 0.5171 -0.8559 0.0019
vn 0.5979 -0.7926 0.1194
vn 0.5936 -0.7948 0.1262
vn 0.5126 -0.8548 0.0813
vn 0.4077 -0.9050 -0.1217
vn 0.4070 -0.9131 0.0245
vn 0.2019 -0.9789 -0.0300
vn 0.2482 -0.9479 -0.1995
vn 0.7579 -0.5368 -0.3708
vn 0.6322 -0.5969 -0.4941
vn 0.6826 -0.7184 0.1341
vn 0.6493 -0.7325 0.2048
vn 0.6347 -0.7683 -0.0826
vn 0.4086 -0.8041 -0.4319
vn 0.8067 -0.4926 0.3265
vn 0.8288 -0.4998 0.2517
vn 0.8175 -0.5319 0.2207
vn 0.8002 -0.5061 0.3218
vn 0.2542 -0.7546 0.6049
vn 0.1171 -0.7890 0.6032
vn 0.3026 -0.7558 0.5806
vn 0.2909 -0.7540 0.5889
vn 0.1032 -0.7210 -0.6852
vn 0.1728 -0.7020 -0.6909
vn -0.1622 0.2582 -0.9524
vn -0.4088 0.1904 -0.8925
vn 0.0137 -0.5306 -0.8475
vn 0.1652 -0.5866 -0.7929
vn -0.3688 -0.3313 -0.8685
vn 0.0031 -0.8312 -0.5560
vn 0.1450 -0.6926 -0.7066
vn -0.5420 0.0030 -0.8404
vn 0.2074 -0.7257 -0.6560
vn 0.1426 -0.7994 -0.5836
vn 0.5833 -0.3222 -0.7457
vn 0.5553 -0.0491 -0.8302
vn 0.1368 -0.6993 -0.7016
vn 0.1235 -0.6909 -0.7123
vn 0.3002 0.1328 -0.9446
vn 0.0725 0.2394 -0.9682
vn 0.3894 -0.7928 0.4689
vn 0.8498 0.4610 -0.2557
vn 0.8378 0.5001 -0.2192
vn 0.5909 0.7442 -0.3114
vn 0.6050 0.7335 -0.3098
vn 0.6358 -0.7399 0.2200
vn 0.6008 -0.7656 0.2299
vn 0.5674 -0.7774 0.2714
vn 0.5610 -0.7998 0.2136
vn 0.5359 -0.8428 -0.0508
vn 0.4126 -0.8064 -0.4236
vn 0.0036 -1.0000 -0.0082
vn 0.0179 -0.7940 0.6076
vn 0.0679 -0.9778 -0.1980
vn 0.3928 0.2620 0.8815
vn 0.3552 0.2653 0.8964
vn 0.4601 0.0217 0.8876
vn 0.4749 0.0073 0.8800
vn 0.2237 0.4404 0.8695
vn 0.2599 0.4597 0.8492
vn 0.4883 -0.2792 0.8268
vn 0.4805 -0.3108 0.8201
vn 0.1463 0.5870 0.7963
vn 0.1442 0.5398 0.8293
vn 0.0036 0.7024 0.7118
vn -0.0178 0.7360 0.6767
vn 0.0264 0.7548 0.6554
vn 0.0225 0.7213 0.6923
vn 0.0006 0.7589 0.6512
vn 0.0001 0.7157 0.6984
vn 0.3673 -0.6430 0.6720
vn 0.4121 -0.6197 0.6679
vn 0.3044 -0.6504 0.6959
vn 0.2112 -0.7597 0.6150
vn 0.3703 -0.8021 0.4685
vn 0.5247 -0.6802 0.5119
vn 0.3072 -0.8193 0.4841
vn 0.2100 -0.8076 0.5511
vn 0.3431 -0.6539 0.6744
vn 0.5836 -0.6660 0.4645
vn 0.8895 -0.3717 -0.2659
vn 0.8916 -0.3919 -0.2269
vn 0.8580 -0.4588 -0.2310
vn 0.8643 -0.4363 -0.2502
vn 0.5448 -0.7556 0.3638
vn 0.3391 -0.7078 0.6197
vn 0.7693 0.6353 -0.0678
vn 0.6954 0.7151 -0.0711
vn 0.7044 0.6785 -0.2085
vn 0.7754 0.6058 -0.1782
vn 0.5951 0.7996 -0.0804
vn 0.4661 0.8801 -0.0901
vn 0.4471 0.8584 -0.2514
vn 0.5897 0.7730 -0.2339
vn 0.0892 0.9842 -0.1529
vn -0.0000 0.9863 -0.1650
vn 0.0001 0.9621 -0.2728
vn 0.1018 0.9573 -0.2707
vn 0.2032 0.9421 -0.2667
vn 0.2032 0.9709 -0.1271
vn 0.8121 0.5788 -0.0743
vn 0.8176 0.5580 -0.1423
vn -0.0984 -0.9922 -0.0759
vn -0.3303 -0.9439 -0.0016
vn -0.1554 -0.9771 -0.1453
vn 0.1552 -0.9699 -0.1877
vn 0.0815 -0.8350 -0.5442
vn 0.2425 -0.8246 -0.5111
vn 0.3492 -0.6600 -0.6652
vn 0.3470 -0.6216 -0.7023
vn -0.0569 -0.9598 0.2749
vn -0.0844 -0.9308 0.3557
vn 0.0242 -0.8333 0.5523
vn -0.1158 -0.9150 0.3864
vn 0.4381 -0.6156 -0.6551
vn 0.4131 -0.5839 -0.6989
vn 0.2633 -0.5585 -0.7866
vn 0.2636 -0.6038 -0.7523
vn 0.5006 -0.6461 -0.5761
vn 0.8750 -0.4746 0.0955
vn 0.8708 -0.4105 0.2705
vn 0.8762 -0.4478 0.1782
vn 0.8721 -0.4890 -0.0165
vn -0.1401 -0.9899 -0.0203
vn -0.0683 -0.9890 -0.1313
vn -0.1111 -0.9930 0.0400
vn -0.1964 -0.9797 0.0397
vn 0.8244 -0.4650 0.3227
vn 0.8318 -0.5235 0.1845
vn 0.2316 -0.6674 -0.7078
vn 0.1942 -0.6442 -0.7398
vn 0.1345 -0.6580 -0.7409
vn 0.1528 -0.6632 -0.7327
vn 0.3349 -0.8034 -0.4924
vn 0.4040 -0.9130 -0.0561
vn 0.2193 -0.9737 -0.0625
vn 0.2136 -0.8298 -0.5156
vn 0.4769 -0.8695 -0.1282
vn 0.2568 -0.9297 -0.2639
vn 0.2306 -0.9559 -0.1821
vn 0.3559 -0.9344 -0.0166
vn 0.1332 -0.8628 -0.4877
vn 0.1216 -0.8577 -0.4996
vn 0.1186 -0.9888 -0.0907
vn 0.1221 -0.9845 -0.1261
vn 0.4405 -0.6729 -0.5943
vn 0.6543 -0.6527 -0.3818
vn 0.6324 -0.6162 -0.4694
vn 0.5851 -0.7665 -0.2649
vn 0.3004 -0.8571 -0.4186
vn 0.1236 -0.9826 -0.1385
vn 0.1227 -0.9861 -0.1122
vn 0.0719 -0.9960 0.0537
vn 0.0698 -0.9955 0.0638
vn 0.4135 -0.9021 0.1230
vn 0.3940 -0.9188 -0.0232
vn 0.2779 -0.9599 -0.0379
vn 0.3030 -0.9369 0.1746
vn 0.5316 -0.8440 0.0712
vn 0.6569 -0.7517 0.0592
vn 0.6131 -0.7852 0.0867
vn 0.5043 -0.8633 0.0198
vn 0.7296 -0.6619 0.1721
vn 0.6526 -0.7425 0.1509
vn 0.6192 -0.7078 0.3401
vn 0.6922 -0.6294 0.3533
vn 0.7069 -0.7065 -0.0341
vn 0.7173 -0.6786 0.1583
vn 0.7774 -0.6210 0.1001
vn 0.7552 -0.6531 -0.0559
vn 0.8186 -0.4679 0.3332
vn 0.8341 -0.3935 0.3865
vn 0.7850 -0.4302 0.4458
vn 0.7425 -0.5185 0.4241
vn 0.3234 -0.9343 0.1500
vn 0.3073 -0.9422 0.1336
vn 0.2957 -0.9289 0.2231
vn 0.3169 -0.9107 0.2651
vn 0.1223 -0.9454 0.3021
vn 0.1386 -0.9588 0.2479
vn 0.0491 -0.9971 0.0579
vn 0.0114 -0.9841 0.1773
vn 0.5450 -0.8262 0.1429
vn 0.4204 -0.8956 0.1458
vn 0.3998 -0.8683 0.2936
vn 0.5129 -0.7969 0.3193
vn 0.2298 -0.9550 0.1875
vn 0.3351 -0.9279 0.1635
vn 0.2032 -0.9564 0.2098
vn 0.1858 -0.9364 0.2977
vn 0.1802 -0.9567 0.2288
vn 0.1485 -0.9888 -0.0152
vn 0.5628 -0.6592 0.4987
vn 0.6188 -0.5882 0.5207
vn 0.4797 -0.7019 0.5265
vn 0.3755 -0.7812 0.4987
vn 0.1547 -0.9158 0.3707
vn 0.2234 -0.8678 0.4439
vn 0.3380 -0.8124 0.4751
vn 0.2440 -0.8896 0.3860
vn 0.0510 -0.9486 0.3123
vn 0.1318 -0.9014 0.4125
vn 0.4496 -0.8929 0.0239
vn 0.4075 -0.9088 0.0892
vn 0.3239 -0.9324 0.1602
vn 0.3592 -0.9291 0.0883
vn 0.5585 -0.7980 0.2266
vn 0.4712 -0.8509 0.2321
vn 0.4354 -0.8750 0.2118
vn 0.5184 -0.8250 0.2249
vn 0.0656 -0.9744 0.2150
vn -0.0001 -0.9769 0.2135
vn -0.0000 -0.9885 0.1511
vn 0.0503 -0.9865 0.1556
vn 0.9520 -0.3061 -0.0042
vn 0.9510 -0.3066 0.0391
vn 0.9488 -0.3077 0.0719
vn 0.9627 -0.2655 0.0521
vn 0.8479 -0.4908 -0.2005
vn 0.9231 -0.3843 -0.0160
vn 0.8786 -0.4378 -0.1908
vn 0.9444 -0.3275 -0.0273
vn -0.0886 0.9079 -0.4098
vn 0.3300 0.7770 -0.5360
vn 0.3250 0.7296 -0.6017
vn -0.0779 0.8828 -0.4632
vn 0.4777 -0.7849 0.3947
vn 0.4532 -0.8625 0.2253
vn 0.3371 -0.8041 0.4897
vn 0.0564 -0.6892 0.7224
vn 0.3530 -0.6112 0.7084
vn -0.0920 -0.5084 0.8562
vn -0.2543 -0.3930 0.8837
vn 0.9574 -0.2873 -0.0307
vn 0.9790 -0.1933 -0.0649
vn 0.9854 -0.1520 -0.0767
vn 0.9580 -0.2556 -0.1304
vn -0.0969 0.7090 -0.6985
vn 0.3171 0.5053 -0.8026
vn 0.3124 0.4019 -0.8607
vn -0.0552 0.5965 -0.8007
vn 0.3484 -0.9068 0.2374
vn 0.4544 -0.8476 0.2741
vn 0.8569 -0.4946 -0.1453
vn 0.8893 -0.4571 -0.0148
vn 0.8284 0.5003 -0.2520
vn 0.8518 0.4843 -0.1999
vn 0.8840 0.4236 -0.1975
vn 0.8673 0.4391 -0.2347
vn 0.1444 0.9761 -0.1622
vn 0.2706 0.9486 -0.1640
vn 0.2316 0.9364 -0.2635
vn 0.1227 0.9556 -0.2678
vn -0.0001 0.9633 -0.2685
vn -0.0000 0.9872 -0.1596
vn 0.8407 -0.5190 0.1542
vn 0.7499 -0.5977 0.2835
vn 0.6994 -0.6249 0.3470
vn 0.8291 -0.5023 0.2457
vn 0.7205 -0.6851 0.1072
vn 0.6735 -0.7118 0.1994
vn 0.2989 -0.9540 0.0226
vn 0.2837 -0.9586 0.0240
vn 0.4728 -0.8790 -0.0621
vn 0.3663 -0.9304 -0.0095
vn 0.8397 -0.0975 -0.5342
vn 0.8974 -0.2235 -0.3804
vn 0.8929 -0.3175 -0.3194
vn 0.8821 -0.2023 -0.4255
vn 0.9979 -0.0347 0.0547
vn 0.9599 -0.1912 0.2052
vn 0.7019 -0.6093 0.3689
vn 0.8864 -0.3886 0.2515
vn 0.9299 -0.3497 0.1142
vn 0.8765 -0.4791 0.0465
vn 0.6945 -0.7181 0.0447
vn 0.9753 -0.1867 -0.1180
vn 0.9634 -0.2331 -0.1322
vn 0.9612 -0.2367 -0.1420
vn 0.9748 -0.1835 -0.1267
vn 0.9798 -0.1482 -0.1345
vn 0.9790 -0.1677 -0.1160
vn 0.9809 -0.1895 -0.0443
vn 0.9780 -0.2024 -0.0511
vn 0.9743 -0.2246 0.0151
vn 0.9780 -0.2069 0.0255
vn 0.9123 -0.0959 -0.3982
vn 0.8067 -0.4211 -0.4147
vn 0.9224 -0.3083 -0.2327
vn 0.9593 -0.1604 -0.2326
vn 0.7277 -0.0482 -0.6842
vn 0.6335 -0.3221 -0.7035
vn 0.9769 -0.1646 -0.1360
vn 0.9783 -0.1632 -0.1278
vn 0.9712 -0.1429 -0.1906
vn 0.9618 -0.1919 -0.1950
vn 0.5270 0.0980 -0.8442
vn 0.4835 -0.0968 -0.8700
vn 0.9769 -0.1726 -0.1264
vn 0.9767 -0.1382 -0.1643
vn 0.0844 -0.6795 0.7288
vn 0.1537 -0.5937 0.7898
vn 0.0679 -0.5471 0.8343
vn -0.0632 -0.6119 0.7884
vn 0.1766 -0.5653 0.8058
vn 0.1412 -0.4829 0.8642
vn 0.1610 -0.5588 0.8135
vn 0.1698 -0.5548 0.8145
vn 0.1565 -0.6068 0.7793
vn 0.4418 -0.8713 0.2135
vn 0.3201 -0.7983 0.5102
vn 0.3365 -0.7444 0.5767
vn 0.4855 -0.8290 0.2776
vn 0.5588 -0.8188 0.1315
vn 0.5566 -0.8236 0.1086
vn 0.4317 -0.8932 0.1260
vn 0.4640 -0.8785 0.1138
vn 0.5176 -0.8555 -0.0150
vn 0.4475 -0.8926 0.0552
vn 0.5166 -0.8535 0.0681
vn 0.5082 -0.8608 0.0267
vn 0.5307 -0.7523 0.3904
vn -0.0566 -0.5951 0.8016
vn 0.1344 -0.7284 0.6719
vn 0.8695 0.4314 -0.2406
vn 0.8694 0.4447 -0.2153
vn 0.8822 0.4297 -0.1925
vn 0.8732 0.4317 -0.2260
vn -0.0555 -0.9878 -0.1458
vn 0.1924 -0.8934 -0.4061
vn 0.0035 -0.8526 -0.5225
vn 0.0069 -0.9608 -0.2772
vn 0.3782 -0.8038 -0.4591
vn 0.0010 -0.8268 -0.5625
vn 0.4651 -0.8448 -0.2646
vn -0.0001 -0.9469 -0.3216
vn -0.0597 -0.9795 0.1924
vn -0.0091 -0.9418 0.3362
vn 0.2492 -0.8841 0.3953
vn 0.2880 -0.9382 0.1920
vn -0.2511 -0.9058 0.3412
vn -0.2295 -0.9654 0.1235
vn 0.0084 -0.9977 0.0674
vn 0.0076 -0.9294 0.3691
vn 0.2287 -0.9652 0.1268
vn 0.2593 -0.9644 0.0523
vn 0.1980 -0.9676 -0.1564
vn -0.0201 -0.9980 0.0599
vn 0.6062 -0.7763 -0.1729
vn 0.4609 -0.8502 -0.2544
vn 0.4172 -0.9070 -0.0574
vn 0.5583 -0.8247 -0.0908
vn 0.4310 -0.8815 -0.1928
vn -0.0005 -0.9867 -0.1624
vn 0.1096 -0.7214 0.6838
vn -0.0109 -0.8130 0.5821
vn 0.6376 -0.7357 -0.2284
vn -0.2243 -0.8209 0.5252
vn 0.0062 -0.8448 0.5350
vn -0.0666 -0.2029 0.9769
vn 0.0285 -0.1853 0.9823
vn -0.2437 -0.3709 0.8961
vn -0.1811 -0.2744 0.9444
vn -0.1013 0.1062 -0.9892
vn -0.3457 0.0544 -0.9368
vn -0.6276 -0.0805 -0.7744
vn -0.6790 -0.2880 -0.6753
vn 0.7478 -0.0614 -0.6611
vn 0.6412 -0.0000 -0.7674
vn 0.3778 0.0857 -0.9219
vn 0.1103 0.1206 -0.9866
vn -0.4060 -0.8883 -0.2147
vn -0.2080 -0.5866 0.7827
vn 0.7783 -0.0808 -0.6227
vn 0.6507 -0.4027 -0.6437
vn 0.8163 -0.4328 -0.3826
vn 0.8415 -0.0982 -0.5312
vn 0.0877 -0.2092 0.9739
vn -0.2383 0.1079 0.9652
vn 0.0037 0.1358 0.9907
vn -0.5763 0.0064 0.8172
vn -0.4588 0.0672 0.8860
vn -0.0826 -0.2231 -0.9713
vn -0.7716 -0.2331 -0.5919
vn -0.8131 -0.4745 0.3371
vn -0.5921 -0.1885 -0.7835
vn 0.7359 -0.0887 -0.6712
vn 0.5960 -0.1550 -0.7879
vn 0.3473 -0.2162 -0.9125
vn 0.1435 -0.2255 -0.9636
vn 0.1390 0.1334 0.9813
vn 0.0853 -0.1048 0.9908
vn -0.1497 -0.1500 0.9773
vn 0.1737 -0.7935 0.5833
vn 0.2895 -0.7698 0.5689
vn -0.3915 -0.1369 0.9099
vn -0.6321 -0.0223 0.7745
vn -0.3806 -0.5938 0.7089
vn -0.0193 -0.7949 0.6065
vn -0.9951 -0.0027 0.0984
vn -0.8519 0.0244 -0.5232
vn -0.8825 -0.1423 -0.4484
vn -0.9809 -0.1883 -0.0482
vn -0.5845 -0.1125 -0.8036
vn -0.6222 -0.5134 -0.5911
vn 0.2206 -0.3709 -0.9021
vn 0.3847 -0.3620 -0.8491
vn 0.4305 -0.8176 -0.3824
vn 0.3500 -0.9017 -0.2538
vn -0.0377 -0.3059 -0.9513
vn 0.0054 -0.9281 -0.3722
vn 0.2405 -0.0919 0.9663
vn 0.3718 -0.7824 0.4996
vn 0.5985 -0.6942 -0.3998
vn 0.4986 -0.7441 0.4447
vn -0.6902 -0.6791 0.2498
vn 0.9106 -0.2098 -0.3560
vn 0.8439 -0.4538 -0.2863
vn 0.9490 -0.2292 -0.2167
vn 0.9626 -0.1152 -0.2452
vn 0.3124 0.6211 -0.7188
vn -0.0975 0.8070 -0.5824
vn 0.6820 -0.6976 0.2196
vn 0.6697 -0.7425 0.0161
vn 0.9457 -0.2107 -0.2475
vn 0.9535 -0.2270 -0.1985
vn 0.9590 -0.1728 -0.2248
vn 0.7636 -0.5385 0.3564
vn 0.9380 -0.1048 -0.3303
vn 0.7168 0.1235 -0.6863
vn 0.7163 0.1682 -0.6772
vn 0.9264 -0.1843 -0.3284
vn 0.7670 0.3087 -0.5625
vn 0.9342 -0.2521 -0.2525
vn 0.9196 -0.2379 -0.3125
vn 0.7184 0.2416 -0.6523
vn 0.7973 0.3359 -0.5015
vn 0.9411 -0.2463 -0.2316
vn 0.7427 -0.6483 -0.1679
vn 0.6770 -0.7360 -0.0014
vn 0.9822 -0.1860 -0.0244
vn 0.9494 -0.1873 -0.2520
vn 0.7976 0.4060 -0.4461
vn 0.8063 0.4259 -0.4104
vn 0.9558 -0.1454 -0.2556
vn 0.3458 0.8398 -0.4185
vn 0.3139 0.8300 -0.4611
vn -0.1292 0.9451 -0.3001
vn -0.1250 0.9313 -0.3421
vn 0.0820 -0.9695 0.2309
vn 0.1351 -0.9499 0.2817
vn 0.0908 -0.9861 0.1395
vn 0.0392 -0.9968 0.0696
vn 0.3587 -0.9306 0.0730
vn 0.4708 -0.8711 0.1397
vn 0.7885 -0.5915 -0.1684
vn 0.6354 -0.7646 -0.1084
vn 0.8548 -0.5099 -0.0968
vn 0.8400 -0.5388 -0.0646
vn 0.8459 -0.5279 -0.0762
vn 0.8575 -0.5047 -0.0997
vn 0.9494 -0.2993 -0.0951
vn 0.6605 -0.1932 -0.7256
vn 0.7225 -0.4100 -0.5567
vn 0.8923 -0.2029 -0.4032
vn 0.8984 -0.3447 -0.2721
vn 0.8165 -0.5039 -0.2819
vn 0.9087 -0.4012 -0.1152
vn 0.5106 -0.8563 -0.0779
vn 0.5115 -0.8494 -0.1299
vn 0.3253 -0.9276 -0.1838
vn 0.3114 -0.9500 -0.0220
vn 0.8530 0.5116 -0.1030
vn 0.9967 -0.0790 -0.0180
vn 0.9654 -0.1834 -0.1855
vn 0.9128 0.3524 -0.2064
vn 0.9332 -0.3377 -0.1225
vn 0.9009 -0.3974 -0.1742
vn 0.9310 -0.3119 -0.1896
vn 0.9428 -0.2606 -0.2078
vn 0.9892 -0.0206 -0.1449
vn 0.8665 -0.4988 -0.0207
vn 0.8499 -0.5266 -0.0182
vn 0.8734 -0.4814 -0.0736
vn 0.8927 -0.4457 -0.0665
vn 0.9132 -0.3185 -0.2541
vn 0.7740 -0.6241 0.1071
vn 0.9279 -0.3633 0.0837
vn 0.9615 -0.1504 -0.2299
vn 0.7514 0.6599 -0.0023
vn 0.9952 0.0272 0.0942
vn 0.9617 -0.2725 -0.0310
vn 0.9598 -0.2635 -0.0967
vn 0.9587 -0.2715 -0.0846
vn 0.9460 -0.3056 -0.1082
vn 0.9702 -0.2337 -0.0644
vn 0.9759 -0.2074 -0.0685
vn 0.8933 -0.4475 -0.0420
vn 0.9322 -0.3556 -0.0678
vn 0.9554 -0.2742 -0.1095
vn 0.9737 -0.1669 -0.1548
vn 0.9743 -0.1792 -0.1365
vn 0.9607 -0.0618 -0.2705
vn 0.9555 -0.1399 -0.2596
vn 0.5180 -0.5354 0.6671
vn 0.7841 -0.4744 0.4000
vn 0.4961 -0.7496 0.4381
vn 0.2488 -0.7671 0.5913
vn 0.3671 0.9175 -0.1530
vn 0.8672 0.4665 -0.1744
vn 0.4410 0.8364 -0.3255
vn -0.0611 0.8959 -0.4400
vn -0.0196 0.8533 -0.5210
vn 0.0889 0.7666 -0.6360
vn 0.2005 0.6117 -0.7652
vn 0.4512 -0.8671 -0.2110
vn 0.4757 -0.8695 -0.1327
vn 0.3524 -0.9308 -0.0968
vn 0.3279 -0.9281 -0.1762
vn 0.1333 -0.2166 0.9671
vn 0.1802 0.1144 0.9770
vn -0.0044 -0.7755 0.6313
vn 0.5708 -0.8211 -0.0087
vn 0.6669 -0.7431 -0.0554
vn 0.4901 -0.8674 -0.0860
vn 0.4242 -0.9056 0.0019
vn 0.7664 -0.6362 0.0883
vn 0.6757 -0.7372 0.0005
vn 0.2965 -0.9500 -0.0975
vn 0.6013 -0.7900 -0.1201
vn 0.5790 -0.8140 -0.0464
vn 0.5581 -0.7984 -0.2261
vn 0.5994 -0.7817 -0.1721
vn 0.7433 -0.6302 -0.2244
vn 0.7878 -0.5747 -0.2214
vn 0.7095 -0.6741 -0.2053
vn 0.6627 -0.7119 -0.2325
vn 0.9233 -0.3173 -0.2166
vn 0.9148 -0.2913 -0.2799
vn 0.9314 -0.3177 -0.1774
vn 0.8967 -0.3912 -0.2073
vn 0.9505 -0.2378 -0.2001
vn 0.9582 -0.2459 -0.1461
vn 0.9702 -0.1563 -0.1851
vn 0.9754 -0.1787 -0.1292
vn 0.9834 -0.1164 -0.1393
vn 0.9804 -0.0603 -0.1875
vn 0.9799 -0.0853 -0.1802
vn 0.9727 0.0208 -0.2313
vn 0.9629 -0.0006 -0.2698
vn 0.9489 0.1426 -0.2815
vn 0.9362 -0.2043 -0.2860
vn 0.9522 -0.1187 -0.2816
vn 0.9236 0.0380 -0.3814
vn 0.9070 -0.0675 -0.4156
vn 0.8330 -0.0337 -0.5522
vn 0.8788 0.0144 -0.4770
vn 0.8193 -0.0477 -0.5714
vn 0.9005 -0.1354 -0.4132
vn 0.8526 -0.5220 0.0235
vn 0.9614 -0.2744 0.0210
vn 0.9789 -0.1869 0.0824
vn 0.6354 -0.7713 0.0368
vn 0.8177 -0.2945 -0.4946
vn 0.7858 -0.0872 -0.6123
vn 0.7441 -0.0148 -0.6679
vn 0.7644 -0.1427 -0.6287
vn 0.8692 -0.3878 -0.3068
vn 0.8707 -0.1371 -0.4724
vn 0.9486 -0.1636 -0.2708
vn 0.9402 0.0682 -0.3337
vn 0.9317 0.1791 -0.3159
vn 0.7408 0.0306 -0.6710
vn 0.9502 0.1782 -0.2556
vn 0.9842 -0.0073 -0.1767
vn 0.9170 0.1819 -0.3551
vn 0.7100 -0.0319 -0.7035
vn -0.0003 -0.8566 -0.5159
vn 0.3494 -0.7709 -0.5326
vn 0.2488 -0.3145 -0.9161
vn -0.0005 -0.3436 -0.9391
vn 0.6638 -0.7216 -0.1967
vn 0.6163 -0.7775 -0.1253
vn 0.5610 -0.8253 -0.0643
vn 0.9466 -0.3222 0.0128
vn 0.8054 -0.5917 0.0341
vn 0.9933 -0.1156 0.0008
vn 0.6254 -0.7803 -0.0003
vn 0.9884 -0.1512 -0.0112
vn 0.9756 -0.2188 -0.0179
vn 0.8959 -0.4436 -0.0229
vn 0.9131 -0.4074 0.0182
vn 0.8215 -0.5631 -0.0893
vn 0.7891 -0.6142 0.0104
vn 0.7929 -0.5562 -0.2490
vn 0.6906 -0.7180 -0.0874
vn 0.6148 -0.5970 -0.5153
vn 0.5397 -0.2490 -0.8042
vn 0.6741 -0.6989 -0.2389
vn 0.7769 -0.4330 -0.4571
vn 0.7519 -0.2775 -0.5981
vn 0.7258 -0.5835 -0.3643
vn 0.7297 -0.5154 -0.4493
vn 0.6952 -0.2169 -0.6853
vn 0.8737 0.1641 -0.4580
vn 0.9933 -0.0734 -0.0895
vn 0.9760 0.0663 -0.2073
vn 0.9978 -0.0130 -0.0654
vn 0.9825 0.0387 -0.1820
vn 0.6616 0.7409 0.1157
vn 0.4873 0.8660 0.1119
vn 0.4803 0.8763 0.0383
vn 0.6509 0.7590 0.0156
vn 0.1640 0.9863 -0.0155
vn 0.0989 0.9943 0.0391
vn -0.0234 0.9996 -0.0166
vn 0.0428 0.9969 -0.0656
vn -0.0000 0.9991 -0.0413
vn -0.0000 0.9961 -0.0878
vn 0.4764 0.8526 0.2149
vn 0.4810 0.8597 0.1720
vn 0.6627 0.7250 0.1877
vn 0.6605 0.7159 0.2264
vn -0.0599 0.9668 0.2483
vn -0.0643 0.9915 0.1133
vn 0.0594 0.9899 0.1291
vn 0.0735 0.9704 0.2299
vn -0.0000 0.9663 0.2573
vn -0.0000 0.9943 0.1065
vn 0.6902 -0.6349 -0.3472
vn 0.7873 -0.5455 -0.2873
vn 0.9622 -0.2680 -0.0480
vn 0.9502 -0.3045 -0.0666
vn 0.9639 -0.2654 0.0197
vn 0.9996 0.0262 -0.0090
vn 0.9993 0.0098 -0.0355
vn 0.8331 0.5048 0.2262
vn 0.8254 0.5365 0.1757
vn 0.9239 0.3615 0.1256
vn 0.9388 0.2900 0.1858
vn 0.9675 0.2485 0.0468
vn 0.9814 0.1550 0.1136
vn 0.9874 0.1572 -0.0202
vn 0.9948 0.0943 0.0392
vn 0.9909 0.1144 -0.0716
vn 0.9839 0.0917 -0.1537
vn 0.9637 0.2299 -0.1356
vn 0.9640 0.2531 -0.0815
vn -0.0629 0.9194 -0.3883
vn -0.1279 0.9465 -0.2962
vn -0.1596 0.9564 -0.2447
vn 0.3972 -0.7514 -0.5269
vn 0.4699 -0.7380 -0.4843
vn 0.2941 -0.6506 -0.7002
vn 0.1912 -0.5934 -0.7819
vn 0.3402 -0.7549 -0.5608
vn 0.1197 -0.5510 -0.8259
vn 0.0668 -0.5045 -0.8608
vn 0.3016 -0.7698 -0.5625
vn 0.0404 -0.4347 -0.8997
vn 0.2230 -0.7877 -0.5742
vn -0.0301 -0.9080 -0.4180
vn 0.0939 -0.8430 -0.5296
vn 0.0409 -0.3715 -0.9275
vn 0.1293 -0.3369 -0.9326
vn 0.0593 -0.7613 -0.6457
vn -0.0485 -0.8785 -0.4752
vn 0.2439 -0.3321 -0.9112
vn 0.2854 -0.3633 -0.8869
vn 0.4986 -0.6330 -0.5923
vn 0.2997 -0.6622 -0.6868
vn 0.3632 -0.4143 -0.8345
vn 0.4954 -0.4668 -0.7326
vn 0.8110 -0.5721 -0.1224
vn 0.7890 -0.5657 -0.2397
vn 0.6514 -0.7480 0.1274
vn 0.7633 -0.6460 -0.0059
vn 0.4711 -0.8471 0.2461
vn 0.6272 -0.7207 -0.2955
vn 0.5937 -0.7222 -0.3550
vn 0.5953 -0.7229 -0.3507
vn 0.4401 -0.6997 -0.5628
vn 0.5046 -0.7364 -0.4507
vn 0.8666 -0.4729 -0.1590
vn 0.8587 -0.4665 -0.2121
vn 0.9035 -0.3780 -0.2019
vn 0.9115 -0.3807 -0.1554
vn 0.7195 -0.6736 -0.1688
vn 0.8015 -0.5634 -0.2003
vn 0.8016 -0.5795 -0.1468
vn 0.7066 -0.6993 -0.1077
vn 0.9378 -0.3013 -0.1723
vn 0.9430 -0.2990 -0.1462
vn 0.9784 -0.1997 -0.0525
vn 0.9664 -0.2477 -0.0692
vn 0.2644 -0.6646 -0.6989
vn 0.8307 -0.5543 0.0513
vn 0.8214 -0.5654 -0.0752
vn 0.1415 -0.9873 0.0718
vn 0.1686 -0.9775 0.1269
vn 0.2525 -0.9469 0.1993
vn 0.4139 -0.8816 0.2267
vn 0.9753 -0.2204 -0.0139
vn 0.9737 -0.2276 0.0033
vn 0.9526 -0.3042 0.0073
vn 0.7186 -0.6048 -0.3432
vn 0.6822 -0.7092 -0.1782
vn 0.2864 -0.9444 -0.1617
vn 0.4726 -0.8388 -0.2703
vn 0.6235 -0.6912 -0.3655
vn 0.5281 -0.8476 -0.0514
vn 0.6662 -0.7251 0.1742
vn 0.6016 -0.7383 0.3050
vn 0.4067 -0.8832 0.2336
vn 0.2896 -0.8354 0.4672
vn 0.5044 -0.7298 0.4615
vn 0.4087 -0.8750 -0.2593
vn 0.6937 -0.6172 0.3713
vn 0.7664 -0.5818 0.2722
vn 0.8354 -0.5414 0.0947
vn 0.8383 -0.5305 -0.1260
vn 0.6480 -0.5194 -0.5570
vn 0.5967 -0.6278 -0.4998
vn 0.5818 -0.8091 0.0823
vn 0.7012 -0.7106 0.0577
vn 0.8842 -0.4290 -0.1848
vn 0.9443 -0.3245 -0.0549
vn 0.4635 -0.8768 0.1282
vn 0.6199 -0.5729 -0.5362
vn 0.8871 -0.4573 -0.0634
vn 0.9330 -0.3594 -0.0181
vn 0.9627 -0.2675 0.0397
vn 0.9659 -0.2561 0.0368
vn 0.9764 -0.2072 -0.0613
vn 0.9818 -0.1870 -0.0334
vn 0.9429 -0.3248 -0.0741
vn 0.5409 -0.8406 0.0267
vn 0.3650 -0.9240 0.1141
vn 0.5038 -0.8601 0.0797
vn 0.2681 -0.9495 0.1628
vn 0.2397 -0.9426 0.2324
vn 0.2629 -0.9129 0.3123
vn 0.3384 -0.8580 0.3865
vn 0.4438 -0.7771 0.4462
vn 0.5641 -0.6716 0.4803
vn 0.6618 -0.5730 0.4834
vn 0.8186 -0.4262 0.3850
vn 0.8007 -0.4351 0.4118
vn 0.6729 -0.7393 -0.0262
vn 0.7854 -0.6159 -0.0617
vn 0.7485 -0.6629 0.0199
vn 0.6291 -0.7759 0.0463
vn 0.9110 -0.4067 -0.0686
vn 0.8644 -0.4981 -0.0691
vn 0.7921 -0.5730 -0.2105
vn 0.8248 -0.5176 -0.2276
vn 0.8451 -0.4874 -0.2198
vn -0.2247 -0.4650 0.8563
vn -0.5772 -0.1454 0.8035
vn 0.3838 -0.7189 0.5795
vn 0.6839 -0.7030 0.1951
vn 0.6462 -0.7267 0.2332
vn 0.6858 -0.7110 0.1554
vn 0.7470 -0.6592 0.0860
vn 0.7940 -0.6051 0.0589
vn 0.8393 -0.5435 0.0111
vn 0.8898 -0.4564 0.0018
vn 0.9348 -0.3549 -0.0115
vn 0.9645 -0.2640 0.0049
vn 0.9770 -0.2120 0.0241
vn 0.9718 -0.2313 0.0449
vn 0.9769 -0.2042 -0.0637
vn 0.9917 -0.1255 -0.0286
vn 0.9266 -0.3609 0.1056
vn 0.9852 -0.1702 0.0198
vn 0.9881 -0.1304 0.0818
vn 0.8315 -0.4569 0.3161
vn 0.6482 -0.4706 0.5987
vn 0.9855 -0.1006 0.1363
vn 0.7162 0.3923 -0.5772
vn 0.8497 -0.0843 -0.5205
vn 0.8926 0.0730 -0.4449
vn 0.8371 0.4336 -0.3335
vn 0.7890 0.3246 -0.5217
vn 0.8039 0.4483 -0.3908
vn 0.8891 0.3059 -0.3405
vn 0.8253 0.3255 -0.4615
vn 0.9251 0.3571 -0.1291
vn 0.8224 0.5183 -0.2345
vn 0.9294 -0.2125 -0.3017
vn 0.7533 0.2445 -0.6106
vn 0.7389 0.2277 -0.6342
vn 0.9299 -0.1126 -0.3501
vn 0.9364 -0.0361 -0.3491
vn 0.0686 -0.9675 -0.2433
vn 0.0141 -0.9450 -0.3267
vn 0.0083 -0.9949 -0.1007
vn 0.0800 -0.9966 -0.0220
vn 0.8931 -0.1047 -0.4374
vn 0.8840 0.0788 -0.4609
vn 0.8802 -0.3117 -0.3578
vn 0.9987 -0.0460 0.0203
vn 0.9615 -0.2590 -0.0920
vn 0.8745 -0.4658 -0.1353
vn 0.9318 -0.2826 0.2279
vn 0.8420 -0.4507 -0.2965
vn 0.7035 -0.6965 -0.1413
vn 0.9061 -0.0962 -0.4120
vn 0.9350 -0.0313 -0.3533
vn 0.4596 -0.3336 0.8231
vn 0.9763 -0.0877 0.1977
vn 0.9941 -0.1071 0.0151
vn 0.9481 -0.3148 -0.0445
vn 0.9327 -0.3586 -0.0393
vn 0.7765 0.2078 -0.5949
vn 0.4255 0.7583 -0.4939
vn 0.5813 0.6530 -0.4855
vn 0.8800 0.3828 -0.2812
vn 0.7802 0.5092 -0.3632
vn 0.6864 0.6244 -0.3729
vn 0.3611 0.8231 -0.4384
vn 0.2591 0.0603 0.9640
vn 0.1230 -0.2324 0.9648
vn -0.0692 -0.7919 0.6067
vn -0.0889 -0.9907 0.1031
vn -0.1875 -0.9809 0.0511
vn -0.1021 -0.8440 0.5266
vn -0.1068 -0.8819 0.4591
vn 0.0187 -0.9587 0.2839
vn -0.1014 -0.9854 0.1366
vn 0.1933 -0.9120 0.3617
vn 0.0283 -0.9855 0.1675
vn 0.1837 -0.9605 0.2089
vn 0.4072 -0.8381 0.3630
vn 0.2409 -0.8975 -0.3695
vn 0.3981 -0.8696 -0.2922
vn 0.2629 -0.9512 0.1616
vn 0.0962 -0.9945 0.0407
vn 0.3270 -0.9305 -0.1651
vn 0.3000 -0.8161 -0.4939
vn 0.8757 0.4181 -0.2415
vn 0.9037 0.3890 -0.1790
vn 0.9190 -0.3689 -0.1389
vn 0.9138 0.3964 -0.0889
vn 0.9191 0.3784 -0.1097
vn 0.8496 0.5199 -0.0887
vn 0.8502 0.5152 -0.1084
vn 0.8346 0.4756 -0.2780
vn 0.9682 -0.2430 -0.0601
vn 0.9772 -0.1767 -0.1173
vn 0.9945 -0.0796 -0.0688
vn 0.9904 0.1193 -0.0695
vn 0.9977 -0.0374 -0.0568
vn 0.9831 0.1730 -0.0593
vn 0.9441 0.3289 -0.0214
vn 0.9321 0.3553 -0.0705
vn 0.8682 0.4951 -0.0343
vn 0.8987 0.4363 0.0445
vn 0.3397 -0.9189 0.2006
vn 0.2368 -0.9526 0.1909
vn 0.1851 -0.9721 0.1444
vn 0.2636 -0.9475 0.1809
vn 0.3727 -0.8984 0.2324
vn 0.2717 -0.9346 0.2294
vn 0.9987 -0.0500 0.0045
vn 0.9988 -0.0443 0.0206
vn 0.7975 0.6032 -0.0079
vn 0.8131 0.5741 0.0961
vn 0.6173 0.7841 -0.0644
vn 0.1899 0.9817 -0.0142
vn 0.2357 0.9587 -0.1589
vn 0.6086 0.7803 -0.1440
vn 0.7573 0.6522 -0.0337
vn 0.7048 0.7090 -0.0249
vn 0.5840 -0.2808 -0.7616
vn 0.8755 0.1364 -0.4636
vn 0.9383 0.3200 0.1310
vn 0.9548 0.1309 -0.2669
vn 0.9975 -0.0356 0.0608
vn 0.8048 0.4167 -0.4226
vn 0.8987 0.3102 -0.3099
vn 0.8061 0.5346 0.2539
vn 0.8261 0.5575 0.0819
vn 0.7505 0.6603 -0.0263
vn 0.9726 0.0664 -0.2227
vn 0.8430 0.4943 0.2123
vn 0.9610 0.2636 -0.0831
vn 0.6541 -0.2054 -0.7280
vn 0.8266 0.2179 -0.5190
vn 0.4284 -0.4719 -0.7705
vn 0.9125 -0.1546 -0.3788
vn 0.9852 -0.0274 0.1695
vn 0.8642 0.4575 0.2093
vn 0.4971 0.8509 0.1699
vn 0.6766 0.7340 0.0591
vn 0.9586 -0.2707 0.0884
vn 0.9426 -0.3337 0.0129
vn 0.5961 0.7783 -0.1975
vn 0.2704 0.9619 0.0401
vn 0.9493 -0.2807 0.1416
vn 0.7271 -0.3956 0.5611
vn 0.2892 -0.1053 0.9515
vn 0.3597 -0.0449 0.9320
vn 0.6925 -0.3809 0.6126
vn 0.8867 -0.4510 -0.1015
vn 0.8031 -0.2102 -0.5576
vn 0.7693 -0.5438 -0.3353
vn 0.1035 -0.9808 -0.1654
vn 0.1824 -0.8547 -0.4861
vn 0.1121 -0.9810 -0.1586
vn 0.1026 -0.9932 0.0546
vn 0.0618 -0.9967 0.0520
vn 0.1255 -0.9833 0.1321
vn 0.0750 -0.9888 0.1292
vn 0.0414 -0.9907 0.1296
vn -0.0005 -0.9910 0.1339
vn 0.0995 -0.9810 0.1668
vn 0.1585 -0.9710 0.1790
vn 0.1880 -0.9561 0.2249
vn 0.1245 -0.9676 0.2194
vn -0.0013 -0.9979 -0.0644
vn 0.0001 -0.9974 0.0716
vn -0.0005 -0.9882 -0.1532
vn 0.1198 -0.9788 -0.1659
vn 0.1674 -0.9744 -0.1500
vn 0.2062 -0.9779 0.0340
vn 0.2364 -0.9211 0.3092
vn 0.2598 -0.8476 0.4626
vn 0.2931 -0.8063 0.5138
vn 0.3126 -0.7875 0.5311
vn 0.2968 -0.8243 0.4821
vn -0.0001 -0.9000 0.4359
vn 0.2717 -0.8656 0.4206
vn -0.0001 -0.8677 0.4971
vn -0.0001 -0.8752 0.4838
vn 0.2692 -0.8447 0.4627
vn 0.0002 -0.9901 0.1401
vn 0.0339 -0.9903 0.1349
vn -0.0001 -0.9105 0.4134
vn -0.0001 -0.9517 0.3069
vn 0.0757 -0.9483 0.3081
vn 0.0910 -0.9056 0.4143
vn 0.2101 -0.9268 0.3113
vn 0.2389 -0.8772 0.4164
vn 0.1697 -0.8933 0.4161
vn 0.1437 -0.9398 0.3101
vn 0.3794 -0.8374 0.3935
vn 0.3123 -0.8574 0.4091
vn 0.2890 -0.9053 0.3112
vn 0.3819 -0.8675 0.3189
vn -0.7594 0.0122 0.6505
vn 0.9966 -0.0762 0.0318
vn 0.4552 -0.0747 0.8873
vn 0.7174 -0.2595 0.6465
vn 0.0949 -0.3075 0.9468
vn 0.1744 -0.4996 0.8485
vn 0.8993 -0.3448 0.2690
vn 0.8914 -0.3899 0.2309
vn 0.8826 -0.4652 0.0683
vn 0.8859 -0.3547 0.2990
vn 0.8632 -0.4779 0.1630
vn 0.8924 -0.4303 0.1360
vn 0.8909 -0.4428 0.1015
vn 0.8546 -0.5035 0.1271
vn 0.8363 -0.5417 0.0848
vn 0.7852 -0.5869 0.1972
vn 0.7546 -0.5591 0.3434
vn 0.7409 -0.4942 0.4547
vn 0.6749 -0.5725 0.4655
vn 0.7144 -0.5022 0.4873
vn 0.6351 -0.6492 0.4186
vn 0.3186 -0.9167 0.2411
vn 0.5405 -0.7721 0.3343
vn 0.0806 -0.9575 0.2770
vn -0.0527 -0.9615 0.2698
vn 0.2447 -0.9294 0.2764
vn 0.9687 -0.2456 -0.0359
vn 0.7429 -0.5682 0.3539
vn -0.4219 -0.7582 0.4972
vn -0.5792 -0.6223 0.5266
vn -0.5539 -0.4358 0.7095
vn -0.4561 -0.5517 0.6983
vn -0.5203 0.0905 0.8492
vn -0.4811 0.3421 0.8072
vn -0.3451 0.2832 0.8948
vn -0.4404 0.0431 0.8968
vn -0.5436 -0.1557 0.8248
vn -0.4828 -0.2343 0.8438
vn -0.2374 0.4510 0.8604
vn -0.4093 0.5493 0.7285
vn -0.3563 0.6569 0.6645
vn -0.1857 0.5354 0.8240
vn -0.3001 0.7280 0.6164
vn -0.1522 0.6182 0.7712
vn -0.0188 0.7540 0.6566
vn -0.0164 0.8265 0.5626
vn -0.8042 -0.4187 0.4219
vn -0.7659 -0.2774 0.5801
vn -0.6051 0.7334 -0.3098
vn -0.4565 0.8323 -0.3144
vn -0.4408 0.8365 -0.3256
vn -0.5909 0.7442 -0.3115
vn -0.0981 0.9437 -0.3158
vn -0.1019 0.9421 -0.3195
vn -0.8047 0.5224 -0.2821
vn -0.7267 0.6178 -0.3004
vn -0.7126 0.6385 -0.2907
vn -0.7872 0.5585 -0.2615
vn -0.2344 -0.9688 -0.0800
vn -0.1805 -0.9736 -0.1397
vn -0.2328 -0.9628 -0.1369
vn -0.2969 -0.9499 -0.0977
vn -0.7664 -0.5826 0.2706
vn -0.7762 -0.5684 0.2728
vn -0.5740 -0.7244 0.3819
vn -0.5674 -0.7413 0.3584
vn -0.5987 -0.6591 0.4552
vn -0.7538 -0.5363 0.3796
vn -0.7585 -0.5476 0.3532
vn -0.5823 -0.6913 0.4278
vn -0.9146 -0.3930 0.0950
vn -0.9087 -0.4085 0.0855
vn -0.8152 -0.5647 0.1285
vn -0.8130 -0.5541 0.1788
vn -0.5368 -0.7508 0.3848
vn -0.7289 -0.6254 0.2784
vn -0.7538 -0.5634 0.3383
vn -0.5851 -0.6921 0.4226
vn -0.7587 -0.6014 -0.2504
vn -0.6116 -0.7410 -0.2772
vn -0.7555 -0.6535 -0.0467
vn -0.8684 -0.4942 -0.0397
vn -0.4173 -0.8008 -0.4297
vn -0.4971 -0.7959 -0.3456
vn -0.3618 -0.7651 -0.5327
vn -0.2821 -0.7348 -0.6168
vn -0.5830 -0.6535 -0.4827
vn -0.4530 -0.7449 -0.4897
vn -0.7078 -0.5749 -0.4104
vn -0.8497 -0.4938 -0.1847
vn -0.3287 -0.6529 -0.6825
vn -0.2152 -0.6121 -0.7609
vn -0.2243 -0.5755 -0.7865
vn -0.3813 -0.6158 -0.6895
vn -0.1310 -0.5562 -0.8207
vn -0.1526 -0.5556 -0.8173
vn -0.1013 -0.5220 -0.8469
vn -0.1256 -0.5444 -0.8294
vn -0.0758 -0.4888 -0.8691
vn -0.0445 -0.4319 -0.9008
vn -0.7307 -0.6800 -0.0599
vn -0.6801 -0.7323 -0.0346
vn -0.6674 -0.7152 -0.2076
vn -0.6289 -0.6965 -0.3455
vn -0.6706 -0.6920 0.2673
vn -0.6442 -0.7513 0.1434
vn -0.3681 -0.9287 0.0441
vn -0.5364 -0.8313 0.1458
vn -0.5101 -0.8148 0.2755
vn -0.3481 -0.9297 0.1206
vn 0.0554 -0.9913 -0.1194
vn 0.1284 -0.9849 0.1164
vn -0.1346 -0.9902 0.0368
vn -0.1346 -0.9908 -0.0131
vn -0.0434 -0.3640 -0.9304
vn -0.1289 -0.3283 -0.9357
vn -0.1522 -0.3924 -0.9071
vn -0.0978 -0.4507 -0.8873
vn 0.3510 -0.9360 -0.0256
vn 0.3548 -0.9346 -0.0257
vn 0.3063 -0.9464 0.1027
vn 0.1918 -0.9750 -0.1120
vn -0.2381 -0.3323 -0.9126
vn -0.2778 -0.3610 -0.8902
vn -0.1962 -0.5114 -0.8366
vn -0.1980 -0.4243 -0.8836
vn -0.5709 -0.8210 -0.0088
vn -0.6671 -0.7430 -0.0549
vn -0.8027 -0.5960 -0.0216
vn -0.7043 -0.7099 0.0006
vn -0.7968 -0.4959 0.3452
vn -0.8201 -0.4907 0.2943
vn -0.6850 -0.7069 0.1760
vn -0.6785 -0.6926 0.2449
vn -0.6359 -0.7691 -0.0641
vn -0.9313 0.0406 0.3620
vn -0.9394 -0.1116 0.3241
vn -0.9907 0.0073 0.1357
vn -0.9784 0.0876 0.1871
vn -0.8350 0.4594 0.3030
vn -0.9180 0.2116 0.3355
vn -0.9458 0.2384 0.2205
vn -0.8414 0.4828 0.2428
vn -0.5158 0.8018 0.3019
vn -0.6745 0.6804 0.2865
vn -0.6660 0.7045 0.2452
vn -0.4899 0.8341 0.2534
vn 0.0344 0.9422 0.3333
vn 0.0135 0.9188 0.3946
vn -0.7556 -0.0457 0.6535
vn -0.7599 0.1662 0.6284
vn -0.7243 0.4220 0.5453
vn -0.6142 0.6446 0.4552
vn -0.5019 0.7603 0.4123
vn -0.0035 0.8886 0.4586
vn -0.3788 0.8259 0.4176
vn -0.3545 0.8708 0.3406
vn -0.3146 0.9076 0.2779
vn -0.3155 0.8951 -0.3151
vn -0.3032 0.8944 -0.3288
vn -0.8038 -0.5689 0.1737
vn -0.6886 -0.6909 0.2202
vn -0.7094 -0.6722 0.2118
vn -0.8007 -0.5716 0.1793
vn -0.8829 -0.4554 0.1148
vn -0.9023 -0.4228 0.0841
vn -0.9187 -0.3915 0.0526
vn -0.9361 -0.3517 0.0015
vn -0.5999 -0.7910 0.1201
vn -0.5939 -0.7942 0.1286
vn -0.6850 -0.7005 0.2002
vn -0.6500 -0.7229 0.2342
vn -0.5137 -0.8541 0.0811
vn -0.5169 -0.8561 0.0003
vn -0.4084 -0.9039 -0.1268
vn -0.4102 -0.9117 0.0225
vn -0.8802 -0.4421 -0.1727
vn -0.7629 -0.5392 -0.3567
vn -0.6880 -0.7118 0.1415
vn -0.4237 -0.7969 -0.4306
vn -0.6449 -0.7606 -0.0744
vn -0.6561 -0.7244 0.2116
vn -0.8068 -0.4927 0.3260
vn -0.8287 -0.4998 0.2517
vn -0.2563 -0.7536 0.6054
vn -0.2932 -0.7540 0.5878
vn -0.3047 -0.7560 0.5793
vn -0.3842 -0.7180 0.5804
vn -0.0993 -0.7093 -0.6979
vn 0.4093 0.1888 -0.8927
vn 0.1617 0.2583 -0.9524
vn -0.1678 -0.6891 -0.7049
vn -0.0254 -0.5298 -0.8477
vn -0.0173 -0.8301 -0.5573
vn 0.3676 -0.3318 -0.8687
vn -0.1623 -0.5858 -0.7941
vn 0.5425 0.0017 -0.8400
vn -0.1426 -0.6881 -0.7114
vn -0.2178 -0.7150 -0.6643
vn -0.5583 -0.0363 -0.8288
vn -0.5909 -0.3048 -0.7470
vn -0.1557 -0.7901 -0.5929
vn -0.1395 -0.6899 -0.7104
vn -0.0728 0.2417 -0.9676
vn -0.3006 0.1392 -0.9435
vn -0.1281 -0.6820 -0.7200
vn -0.3917 -0.7903 0.4711
vn -0.8497 0.4610 -0.2558
vn -0.8378 0.5001 -0.2192
vn -0.6359 -0.7398 0.2199
vn -0.6005 -0.7661 0.2293
vn -0.5602 -0.8015 0.2094
vn -0.5650 -0.7778 0.2752
vn -0.5378 -0.8401 -0.0703
vn -0.0101 -0.9999 -0.0067
vn -0.0213 -0.7928 0.6091
vn -0.1193 -0.7881 0.6039
vn -0.2075 -0.9778 -0.0305
vn -0.0754 -0.9770 -0.1997
vn -0.2545 -0.9454 -0.2036
vn -0.3928 0.2620 0.8815
vn -0.4749 0.0074 0.8800
vn -0.4601 0.0217 0.8876
vn -0.3552 0.2654 0.8963
vn -0.2237 0.4404 0.8695
vn -0.2599 0.4597 0.8492
vn -0.4885 -0.2789 0.8268
vn -0.4805 -0.3108 0.8201
vn -0.1463 0.5870 0.7963
vn -0.1441 0.5398 0.8294
vn -0.0789 0.6281 0.7741
vn -0.0546 0.6800 0.7312
vn -0.0259 0.7551 0.6551
vn -0.0222 0.7212 0.6924
vn -0.3674 -0.6430 0.6720
vn -0.4122 -0.6197 0.6679
vn -0.3049 -0.6503 0.6958
vn -0.5253 -0.6803 0.5112
vn -0.3708 -0.8022 0.4680
vn -0.2114 -0.7602 0.6144
vn -0.3073 -0.8194 0.4839
vn -0.2101 -0.8079 0.5506
vn -0.3437 -0.6532 0.6747
vn -0.5844 -0.6657 0.4641
vn -0.8953 -0.3207 -0.3092
vn -0.8809 -0.4053 -0.2445
vn -0.8664 -0.4346 -0.2458
vn -0.8903 -0.3722 -0.2624
vn -0.5456 -0.7549 0.3640
vn -0.3399 -0.7067 0.6205
vn -0.7693 0.6353 -0.0678
vn -0.7754 0.6058 -0.1782
vn -0.7044 0.6785 -0.2085
vn -0.6954 0.7151 -0.0711
vn -0.5951 0.7996 -0.0804
vn -0.5897 0.7730 -0.2340
vn -0.4469 0.8585 -0.2514
vn -0.4660 0.8802 -0.0900
vn -0.0892 0.9842 -0.1530
vn -0.1018 0.9573 -0.2707
vn -0.3133 0.9130 -0.2613
vn -0.3275 0.9391 -0.1036
vn -0.8120 0.5789 -0.0743
vn -0.8176 0.5580 -0.1424
vn 0.3397 -0.9405 0.0014
vn 0.1713 -0.9763 -0.1324
vn -0.3569 -0.6029 -0.7135
vn -0.0780 -0.8294 -0.5532
vn 0.0847 -0.9321 0.3521
vn -0.0291 -0.8342 0.5507
vn -0.1762 -0.4976 0.8493
vn 0.1078 -0.8819 0.4589
vn -0.2513 -0.5698 -0.7824
vn -0.3576 -0.4099 -0.8391
vn -0.5159 -0.6440 -0.5648
vn -0.4587 -0.6938 -0.5552
vn -0.8236 -0.4662 0.3230
vn -0.8305 -0.5253 0.1851
vn -0.8742 -0.4757 0.0970
vn -0.8707 -0.4110 0.2702
vn 0.1408 -0.9898 -0.0210
vn 0.1970 -0.9796 0.0398
vn 0.1082 -0.9933 0.0412
vn 0.0656 -0.9890 -0.1326
vn -0.2362 -0.6785 -0.6956
vn -0.1922 -0.6557 -0.7302
vn -0.2099 -0.8344 -0.5097
vn -0.3344 -0.8029 -0.4936
vn -0.1314 -0.6659 -0.7344
vn -0.1481 -0.6690 -0.7284
vn -0.1278 -0.8665 -0.4826
vn -0.1169 -0.8631 -0.4914
vn -0.2165 -0.9733 -0.0766
vn -0.4076 -0.9105 -0.0698
vn -0.4779 -0.8686 -0.1310
vn -0.3554 -0.9345 -0.0204
vn -0.2317 -0.9553 -0.1835
vn -0.2571 -0.9290 -0.2660
vn -0.1203 -0.9830 -0.1389
vn -0.1128 -0.9881 -0.1045
vn -0.4409 -0.6738 -0.5929
vn -0.6543 -0.6522 -0.3829
vn -0.5858 -0.7651 -0.2672
vn -0.3052 -0.8556 -0.4182
vn -0.1219 -0.9828 -0.1389
vn -0.1236 -0.9861 -0.1114
vn -0.0698 -0.9956 0.0631
vn -0.0707 -0.9960 0.0537
vn -0.5039 -0.8636 0.0191
vn -0.3917 -0.9198 -0.0238
vn -0.6890 -0.7080 0.1552
vn -0.6160 -0.7830 0.0860
vn -0.6528 -0.7423 0.1512
vn -0.6193 -0.7076 0.3403
vn -0.5131 -0.7966 0.3196
vn -0.5451 -0.8260 0.1434
vn -0.7101 -0.7036 -0.0254
vn -0.7207 -0.6735 0.1643
vn -0.8350 -0.3932 0.3850
vn -0.8192 -0.4261 0.3838
vn -0.3231 -0.9343 0.1507
vn -0.3172 -0.9104 0.2656
vn -0.2957 -0.9287 0.2239
vn -0.3071 -0.9421 0.1350
vn -0.0514 -0.9973 0.0522
vn -0.0106 -0.9851 0.1716
vn -0.4001 -0.8680 0.2940
vn -0.4205 -0.8955 0.1460
vn -0.2680 -0.9494 0.1636
vn -0.2303 -0.9547 0.1885
vn -0.3347 -0.9277 0.1651
vn -0.3648 -0.9240 0.1146
vn -0.2635 -0.9127 0.3122
vn -0.1866 -0.9364 0.2973
vn -0.1809 -0.9565 0.2289
vn -0.2403 -0.9423 0.2330
vn -0.2816 -0.9588 -0.0384
vn -0.1548 -0.9878 -0.0181
vn -0.4792 -0.7026 0.5261
vn -0.3377 -0.8129 0.4746
vn -0.4436 -0.7773 0.4461
vn -0.5641 -0.6717 0.4802
vn -0.2441 -0.8898 0.3855
vn -0.3385 -0.8581 0.3862
vn -0.0477 -0.9501 0.3083
vn -0.1307 -0.9022 0.4111
vn -0.0170 -0.9582 0.2856
vn 0.1046 -0.9851 0.1367
vn -0.4511 -0.8922 0.0242
vn -0.3597 -0.9288 0.0896
vn -0.3238 -0.9323 0.1609
vn -0.4078 -0.9087 0.0891
vn -0.4719 -0.8507 0.2317
vn -0.5581 -0.7983 0.2265
vn -0.5177 -0.8258 0.2237
vn -0.4365 -0.8748 0.2103
vn -0.0654 -0.9744 0.2149
vn -0.0501 -0.9866 0.1555
vn -0.9515 -0.3076 -0.0039
vn -0.9611 -0.2709 0.0540
vn -0.9477 -0.3114 0.0700
vn -0.9506 -0.3081 0.0379
vn -0.9217 -0.3878 -0.0106
vn -0.9418 -0.3357 -0.0175
vn -0.3298 0.7771 -0.5361
vn 0.0888 0.9079 -0.4097
vn 0.0780 0.8828 -0.4632
vn -0.3250 0.7293 -0.6021
vn -0.6770 -0.7360 -0.0014
vn -0.7655 -0.6298 0.1319
vn -0.4776 -0.7849 0.3948
vn -0.4531 -0.8625 0.2253
vn -0.3531 -0.6111 0.7084
vn -0.3370 -0.8040 0.4899
vn -0.0550 -0.6885 0.7231
vn 0.0947 -0.5078 0.8563
vn 0.2574 -0.3916 0.8834
vn -0.9573 -0.2875 -0.0305
vn -0.9580 -0.2555 -0.1303
vn -0.9855 -0.1514 -0.0765
vn -0.9792 -0.1927 -0.0638
vn 0.0964 0.7091 -0.6985
vn 0.0550 0.5964 -0.8008
vn -0.3125 0.4021 -0.8606
vn -0.3174 0.5056 -0.8023
vn -0.4531 -0.8469 0.2782
vn -0.3482 -0.9056 0.2423
vn -0.8570 -0.4945 -0.1452
vn -0.8892 -0.4573 -0.0147
vn -0.0066 0.9998 0.0161
vn 0.0884 0.9865 -0.1378
vn -0.4665 0.8484 -0.2500
vn -0.6309 0.7725 -0.0717
vn -0.8284 0.5003 -0.2519
vn -0.8672 0.4391 -0.2347
vn -0.8840 0.4239 -0.1971
vn -0.8517 0.4843 -0.1999
vn -0.7508 0.6058 -0.2633
vn -0.7805 0.5942 -0.1944
vn -0.1227 0.9556 -0.2679
vn -0.1448 0.9761 -0.1622
vn -0.8404 -0.5196 0.1543
vn -0.8291 -0.5024 0.2452
vn -0.6990 -0.6251 0.3473
vn -0.7500 -0.5975 0.2837
vn -0.7195 -0.6860 0.1083
vn -0.6735 -0.7117 0.1999
vn -0.8473 -0.4903 0.2044
vn -0.2979 -0.9543 0.0225
vn -0.2828 -0.9589 0.0241
vn -0.4750 -0.8777 -0.0629
vn -0.3667 -0.9303 -0.0098
vn -0.8436 -0.1015 -0.5272
vn -0.8850 -0.2068 -0.4172
vn -0.9002 -0.2288 -0.3706
vn -0.9599 -0.1912 0.2048
vn -0.9979 -0.0349 0.0547
vn -0.7024 -0.6091 0.3684
vn -0.9294 -0.3513 0.1132
vn -0.8873 -0.3870 0.2510
vn -0.8753 -0.4814 0.0467
vn -0.6935 -0.7191 0.0448
vn -0.9748 -0.1873 -0.1215
vn -0.9735 -0.1861 -0.1327
vn -0.9595 -0.2399 -0.1477
vn -0.9616 -0.2373 -0.1380
vn -0.9790 -0.1674 -0.1164
vn -0.9792 -0.1488 -0.1380
vn -0.9811 -0.1888 -0.0422
vn -0.9781 -0.2064 0.0263
vn -0.9743 -0.2248 0.0152
vn -0.9780 -0.2027 -0.0493
vn -0.9122 -0.0958 -0.3983
vn -0.9593 -0.1595 -0.2332
vn -0.9229 -0.3068 -0.2327
vn -0.8068 -0.4206 -0.4149
vn -0.7277 -0.0484 -0.6842
vn -0.6335 -0.3222 -0.7035
vn -0.9774 -0.1622 -0.1353
vn -0.9786 -0.1613 -0.1275
vn -0.9714 -0.1405 -0.1914
vn -0.9624 -0.1897 -0.1946
vn -0.3087 0.2871 -0.9068
vn -0.5270 0.0980 -0.8442
vn -0.4834 -0.0968 -0.8700
vn -0.3757 0.1089 -0.9203
vn -0.9770 -0.1722 -0.1257
vn -0.9764 -0.1377 -0.1664
vn -0.1537 -0.5933 0.7902
vn -0.0838 -0.6797 0.7287
vn 0.0635 -0.6119 0.7884
vn -0.0678 -0.5470 0.8344
vn -0.1770 -0.5643 0.8063
vn -0.1412 -0.4829 0.8642
vn -0.1616 -0.5575 0.8143
vn -0.1705 -0.5532 0.8154
vn -0.3376 -0.7429 0.5780
vn -0.4867 -0.8281 0.2782
vn -0.5593 -0.8183 0.1327
vn -0.5575 -0.8229 0.1099
vn -0.5186 -0.8549 -0.0111
vn -0.5094 -0.8601 0.0271
vn -0.5194 -0.8519 0.0678
vn -0.4515 -0.8906 0.0547
vn -0.5306 -0.7522 0.3906
vn -0.8694 0.4447 -0.2154
vn -0.8695 0.4315 -0.2404
vn -0.8732 0.4317 -0.2260
vn -0.8822 0.4297 -0.1925
vn 0.0616 -0.9880 -0.1414
vn -0.1897 -0.8963 -0.4009
vn -0.3783 -0.8049 -0.4573
vn -0.4652 -0.8449 -0.2639
vn -0.2539 -0.8812 0.3988
vn -0.2937 -0.9361 0.1934
vn -0.4441 -0.8699 0.2148
vn -0.3222 -0.7960 0.5124
vn 0.2566 -0.9041 0.3417
vn 0.2358 -0.9638 0.1246
vn -0.4664 -0.8770 0.1154
vn -0.2340 -0.9636 0.1293
vn -0.2609 -0.9638 0.0547
vn -0.4357 -0.8912 0.1264
vn -0.6051 -0.7773 -0.1721
vn -0.5550 -0.8272 -0.0882
vn -0.4141 -0.9084 -0.0576
vn -0.4594 -0.8516 -0.2525
vn -0.4312 -0.8814 -0.1928
vn -0.1130 -0.7189 0.6859
vn -0.1584 -0.6045 0.7807
vn 0.0537 -0.9795 0.1944
vn 0.0040 -0.9406 0.3395
vn -0.1985 -0.9687 -0.1493
vn 0.0161 -0.9978 0.0645
vn -0.6375 -0.7359 -0.2282
vn 0.2296 -0.8198 0.5246
vn 0.0080 -0.8119 0.5838
vn 0.0661 -0.2039 0.9768
vn 0.1799 -0.2762 0.9441
vn 0.2413 -0.3735 0.8957
vn 0.2225 -0.4678 0.8554
vn 0.3457 0.0539 -0.9368
vn 0.1012 0.1059 -0.9892
vn 0.6790 -0.2880 -0.6753
vn 0.6276 -0.0807 -0.7743
vn -0.6412 0.0003 -0.7674
vn -0.7477 -0.0606 -0.6613
vn -0.1102 0.1206 -0.9866
vn -0.3779 0.0858 -0.9219
vn 0.2071 -0.5882 0.7818
vn 0.4056 -0.8883 -0.2153
vn -0.7781 -0.0797 -0.6231
vn -0.6549 -0.3955 -0.6440
vn -0.0881 -0.2087 0.9740
vn -0.0289 -0.1859 0.9821
vn 0.2394 0.1095 0.9647
vn 0.4603 0.0682 0.8851
vn 0.5764 0.0066 0.8171
vn 0.5769 -0.1453 0.8038
vn 0.0828 -0.2228 -0.9713
vn 0.8133 -0.4746 0.3366
vn 0.7716 -0.2332 -0.5919
vn 0.5923 -0.1883 -0.7834
vn -0.5959 -0.1548 -0.7880
vn -0.7358 -0.0885 -0.6714
vn -0.1434 -0.2250 -0.9637
vn -0.3474 -0.2157 -0.9126
vn -0.8414 -0.0980 -0.5315
vn -0.1393 0.1343 0.9811
vn -0.0036 0.1371 0.9906
vn 0.1508 -0.1479 0.9774
vn 0.3946 -0.1347 0.9089
vn 0.6333 -0.0205 0.7736
vn 0.7595 0.0130 0.6504
vn 0.9952 -0.0024 0.0978
vn 0.8519 0.0244 -0.5231
vn 0.5849 -0.1123 -0.8033
vn -0.2204 -0.3697 -0.9026
vn -0.3850 -0.3607 -0.8495
vn 0.0385 -0.3051 -0.9515
vn -0.2416 -0.0900 0.9662
vn -0.0856 -0.1027 0.9910
vn -0.3730 -0.7818 0.4997
vn -0.4997 -0.7434 0.4446
vn -0.5989 -0.6937 -0.4001
vn -0.4308 -0.8171 -0.3831
vn -0.0048 -0.9277 -0.3733
vn 0.6225 -0.5131 -0.5909
vn 0.6910 -0.6786 0.2491
vn -0.3500 -0.9014 -0.2550
vn 0.0212 -0.7948 0.6065
vn -0.1738 -0.7935 0.5832
vn 0.8825 -0.1423 -0.4483
vn 0.9810 -0.1880 -0.0488
vn -0.9107 -0.2096 -0.3559
vn -0.9626 -0.1152 -0.2451
vn -0.9490 -0.2289 -0.2167
vn -0.8440 -0.4535 -0.2863
vn 0.0971 0.8069 -0.5826
vn -0.3124 0.6212 -0.7187
vn -0.6698 -0.7424 0.0161
vn -0.9457 -0.2107 -0.2475
vn -0.9294 -0.2124 -0.3017
vn -0.7427 -0.6482 -0.1679
vn -0.9590 -0.1725 -0.2248
vn -0.9535 -0.2268 -0.1987
vn -0.6821 -0.6975 0.2195
vn -0.7638 -0.5383 0.3563
vn -0.9381 -0.1046 -0.3302
vn -0.9265 -0.1841 -0.3283
vn -0.7164 0.1685 -0.6770
vn -0.7168 0.1237 -0.6862
vn -0.7670 0.3082 -0.5627
vn -0.7184 0.2415 -0.6524
vn -0.9196 -0.2379 -0.3125
vn -0.9341 -0.2522 -0.2526
vn -0.9411 -0.2465 -0.2314
vn -0.7974 0.3356 -0.5016
vn -0.8762 0.4008 -0.2676
vn -0.9649 -0.2160 -0.1494
vn -0.9053 -0.4212 -0.0560
vn -0.9721 0.2082 -0.1083
vn -0.9823 -0.1859 -0.0244
vn -0.9438 -0.2173 -0.2490
vn -0.9495 -0.1873 -0.2519
vn -0.7975 0.4064 -0.4459
vn -0.7914 0.3755 -0.4824
vn -0.3140 0.8301 -0.4608
vn -0.3082 0.8060 -0.5053
vn 0.1246 0.9314 -0.3421
vn 0.1138 0.9165 -0.3835
vn -0.0906 -0.9861 0.1395
vn -0.0390 -0.9968 0.0697
vn -0.0083 -0.9949 -0.1007
vn -0.0800 -0.9966 -0.0220
vn -0.3114 -0.9500 -0.0219
vn -0.3587 -0.9306 0.0730
vn -0.8395 -0.5415 -0.0452
vn -0.8400 -0.5387 -0.0646
vn -0.9494 -0.2994 -0.0951
vn -0.6603 -0.1933 -0.7257
vn -0.6519 -0.0267 -0.7578
vn -0.8923 -0.2029 -0.4033
vn -0.9024 -0.1055 -0.4178
vn -0.7224 -0.4101 -0.5567
vn -0.8165 -0.5038 -0.2820
vn -0.9087 -0.4012 -0.1153
vn -0.8984 -0.3447 -0.2722
vn -0.7717 -0.6359 0.0144
vn -0.6418 -0.7663 0.0312
vn -0.3953 -0.8340 -0.3849
vn -0.3252 -0.9276 -0.1838
vn -0.0689 -0.9675 -0.2432
vn -0.1308 -0.8580 -0.4967
vn -0.8531 0.5115 -0.1030
vn -0.9128 0.3524 -0.2064
vn -0.9654 -0.1834 -0.1854
vn -0.9967 -0.0790 -0.0180
vn -0.9011 -0.3972 -0.1741
vn -0.9333 -0.3377 -0.1225
vn -0.9311 -0.3118 -0.1895
vn -0.9428 -0.2607 -0.2078
vn -0.9892 -0.0206 -0.1448
vn -0.8664 -0.4989 -0.0207
vn -0.8500 -0.5264 -0.0182
vn -0.4708 -0.8711 0.1398
vn -0.6105 -0.7764 0.1568
vn -0.2518 -0.8816 0.3992
vn -0.1350 -0.9499 0.2819
vn -0.7512 0.6601 -0.0021
vn -0.9952 0.0271 0.0945
vn -0.9598 -0.2635 -0.0966
vn -0.9616 -0.2726 -0.0310
vn -0.9587 -0.2715 -0.0845
vn -0.9460 -0.3055 -0.1081
vn -0.9701 -0.2338 -0.0644
vn -0.9759 -0.2074 -0.0685
vn -0.9277 -0.3637 0.0841
vn -0.9492 -0.2807 0.1420
vn -0.7840 -0.4743 0.4004
vn -0.9738 -0.1668 -0.1548
vn -0.9554 -0.2742 -0.1095
vn -0.9743 -0.1792 -0.1366
vn -0.9798 -0.1535 -0.1284
vn -0.9693 -0.0980 -0.2256
vn -0.9380 -0.2296 -0.2598
vn -0.9145 -0.4043 -0.0174
vn -0.1341 -0.8982 0.4187
vn -0.0821 -0.9695 0.2311
vn -0.9342 -0.1301 0.3323
vn -0.9359 -0.3474 -0.0585
vn -0.3670 0.9176 -0.1530
vn -0.8502 0.5152 -0.1085
vn -0.8599 0.4924 -0.1350
vn 0.0611 0.8959 -0.4401
vn 0.0195 0.8533 -0.5210
vn -0.2006 0.6116 -0.7653
vn -0.2550 0.4612 -0.8499
vn -0.0148 0.4421 -0.8968
vn -0.4525 -0.8665 -0.2109
vn -0.3281 -0.9282 -0.1756
vn -0.3518 -0.9308 -0.0994
vn -0.4769 -0.8685 -0.1350
vn -0.1340 -0.2144 0.9675
vn -0.1805 0.1148 0.9769
vn 0.0019 -0.7736 0.6336
vn -0.2900 -0.7696 0.5689
vn -0.6644 -0.7458 -0.0486
vn -0.6765 -0.7364 0.0005
vn -0.4909 -0.8670 -0.0855
vn -0.7668 -0.6357 0.0891
vn -0.7240 -0.6677 -0.1729
vn -0.6046 -0.7871 -0.1221
vn -0.5810 -0.8125 -0.0479
vn -0.7097 -0.6956 -0.1114
vn -0.7156 -0.6664 -0.2093
vn -0.6711 -0.7029 -0.2358
vn -0.5630 -0.7948 -0.2267
vn -0.6036 -0.7780 -0.1741
vn -0.7975 -0.5645 -0.2128
vn -0.7523 -0.6175 -0.2297
vn -0.7931 -0.5651 -0.2272
vn -0.8466 -0.4831 -0.2232
vn -0.9148 -0.2941 -0.2769
vn -0.8910 -0.3925 -0.2282
vn -0.8955 -0.3919 -0.2107
vn -0.9298 -0.3195 -0.1826
vn -0.9221 -0.3185 -0.2197
vn -0.9567 -0.2481 -0.1525
vn -0.9487 -0.2414 -0.2040
vn -0.9738 -0.1833 -0.1347
vn -0.9685 -0.1633 -0.1881
vn -0.9826 -0.1189 -0.1425
vn -0.9798 -0.0647 -0.1891
vn -0.9796 -0.0857 -0.1817
vn -0.9726 0.0199 -0.2316
vn -0.9241 0.0351 -0.3806
vn -0.9629 -0.0053 -0.2698
vn -0.9490 0.1417 -0.2815
vn -0.9318 0.1787 -0.3159
vn -0.9355 -0.2108 -0.2835
vn -0.9026 -0.1424 -0.4062
vn -0.9514 -0.1273 -0.2804
vn -0.9081 -0.0742 -0.4121
vn -0.8787 0.0144 -0.4772
vn -0.8343 -0.0362 -0.5501
vn -0.8223 -0.0520 -0.5667
vn -0.8510 -0.5245 0.0244
vn -0.9602 -0.2783 0.0218
vn -0.9791 -0.1857 0.0826
vn -0.6358 -0.7710 0.0363
vn -0.8181 -0.2943 -0.4941
vn -0.7643 -0.1429 -0.6288
vn -0.7446 -0.0157 -0.6673
vn -0.7860 -0.0868 -0.6121
vn -0.8705 -0.1343 -0.4735
vn -0.8711 -0.3846 -0.3053
vn -0.9480 -0.1627 -0.2737
vn -0.9397 0.0685 -0.3351
vn -0.7419 0.0297 -0.6698
vn -0.9170 0.1818 -0.3551
vn -0.9502 0.1781 -0.2556
vn -0.7107 -0.0312 -0.7028
vn -0.6388 0.0253 -0.7689
vn -0.6543 0.1096 -0.7483
vn -0.2484 -0.3155 -0.9159
vn -0.3493 -0.7704 -0.5334
vn -0.6639 -0.7218 -0.1954
vn -0.6173 -0.7771 -0.1225
vn -0.5596 -0.8264 -0.0630
vn -0.8053 -0.5919 0.0338
vn -0.9454 -0.3256 0.0137
vn -0.9932 -0.1165 0.0020
vn -0.6254 -0.7803 -0.0007
vn -0.9882 -0.1531 -0.0096
vn -0.9129 -0.4078 0.0188
vn -0.8963 -0.4429 -0.0207
vn -0.9750 -0.2215 -0.0172
vn -0.7905 -0.6124 0.0099
vn -0.8235 -0.5607 -0.0866
vn -0.6891 -0.7192 -0.0888
vn -0.7916 -0.5576 -0.2497
vn -0.6144 -0.5962 -0.5168
vn -0.5387 -0.2488 -0.8049
vn -0.6726 -0.6998 -0.2406
vn -0.7277 -0.5803 -0.3656
vn -0.7525 -0.2746 -0.5986
vn -0.7759 -0.4328 -0.4590
vn -0.7305 -0.5131 -0.4507
vn -0.6953 -0.2150 -0.6858
vn -0.8737 0.1641 -0.4580
vn -0.9760 0.0663 -0.2073
vn -0.6614 0.7410 0.1159
vn -0.6508 0.7591 0.0156
vn -0.4803 0.8763 0.0383
vn -0.4873 0.8660 0.1119
vn -0.3209 0.9467 0.0262
vn -0.2996 0.9500 0.0879
vn 0.0234 0.9996 -0.0166
vn -0.0428 0.9969 -0.0657
vn -0.4763 0.8526 0.2149
vn -0.6604 0.7159 0.2265
vn -0.6627 0.7250 0.1876
vn -0.4809 0.8597 0.1721
vn -0.2871 0.9336 0.2144
vn -0.2823 0.9478 0.1486
vn 0.0600 0.9668 0.2483
vn 0.0643 0.9915 0.1133
vn -0.7874 -0.5469 -0.2845
vn -0.8847 -0.4300 -0.1803
vn -0.9623 -0.2676 -0.0479
vn -0.9639 -0.2655 0.0195
vn -0.9503 -0.3043 -0.0664
vn -0.9996 0.0255 -0.0081
vn -0.9993 0.0088 -0.0354
vn -0.8329 0.5050 0.2262
vn -0.9390 0.2896 0.1856
vn -0.9240 0.3614 0.1252
vn -0.8253 0.5367 0.1757
vn -0.9676 0.2482 0.0462
vn -0.9815 0.1545 0.1133
vn -0.9874 0.1569 -0.0206
vn -0.9947 0.0946 0.0396
vn -0.9978 -0.0127 -0.0656
vn -0.9825 0.0387 -0.1820
vn -0.9839 0.0917 -0.1537
vn -0.9908 0.1145 -0.0717
vn -0.9637 0.2299 -0.1356
vn -0.9640 0.2530 -0.0815
vn 0.0631 0.9194 -0.3882
vn 0.1276 0.9465 -0.2964
vn 0.0879 0.9358 -0.3415
vn -0.4006 -0.7523 -0.5231
vn -0.4786 -0.7322 -0.4846
vn -0.3464 -0.7537 -0.5585
vn -0.3131 -0.7640 -0.5642
vn -0.2316 -0.7948 -0.5609
vn 0.0262 -0.9072 -0.4200
vn -0.1024 -0.8510 -0.5150
vn -0.0515 -0.7549 -0.6538
vn 0.0522 -0.8743 -0.4826
vn -0.2948 -0.6583 -0.6926
vn -0.7629 -0.6465 -0.0078
vn -0.8104 -0.5727 -0.1234
vn -0.6518 -0.7480 0.1252
vn -0.4684 -0.8489 0.2450
vn -0.6333 -0.7131 -0.3007
vn -0.6047 -0.7164 -0.3481
vn -0.6051 -0.7151 -0.3500
vn -0.5122 -0.7280 -0.4557
vn -0.8676 -0.4687 -0.1663
vn -0.9105 -0.3803 -0.1624
vn -0.9020 -0.3792 -0.2062
vn -0.8596 -0.4624 -0.2176
vn -0.8054 -0.5558 -0.2059
vn -0.8046 -0.5738 -0.1528
vn -0.9410 -0.3021 -0.1525
vn -0.9360 -0.3046 -0.1763
vn -0.9653 -0.2511 -0.0714
vn -0.9783 -0.2005 -0.0515
vn -0.2610 -0.6684 -0.6965
vn -0.1849 -0.8556 -0.4835
vn -0.8302 -0.5548 0.0539
vn -0.8205 -0.5669 -0.0730
vn -0.8869 -0.4577 -0.0631
vn -0.8900 -0.4559 -0.0005
vn -0.1399 -0.9876 0.0708
vn -0.1628 -0.9784 0.1277
vn -0.2504 -0.9467 0.2028
vn -0.4166 -0.8800 0.2283
vn -0.9738 -0.2274 0.0032
vn -0.9753 -0.2204 -0.0138
vn -0.9525 -0.3045 0.0073
vn -0.2836 -0.9455 -0.1603
vn -0.4034 -0.8773 -0.2599
vn -0.6754 -0.7372 -0.0209
vn -0.6798 -0.7111 -0.1795
vn -0.6261 -0.6895 -0.3641
vn -0.5267 -0.8486 -0.0499
vn -0.6661 -0.7241 0.1788
vn -0.2912 -0.8349 0.4670
vn -0.1966 -0.9094 0.3665
vn -0.2258 -0.8255 -0.5172
vn 0.1096 -0.9914 -0.0714
vn -0.7652 -0.5831 0.2729
vn -0.8355 -0.5410 0.0962
vn -0.8374 -0.5320 -0.1252
vn -0.1530 -0.9720 -0.1784
vn -0.4822 -0.8351 -0.2647
vn -0.6497 -0.5204 -0.5541
vn -0.4983 -0.4650 -0.7317
vn -0.5109 -0.6238 -0.5915
vn -0.6160 -0.6134 -0.4943
vn -0.7496 -0.6617 0.0175
vn -0.7018 -0.7100 0.0578
vn -0.7936 -0.6056 0.0589
vn -0.8399 -0.5427 0.0077
vn -0.9439 -0.3261 -0.0528
vn -0.5036 -0.8603 0.0792
vn -0.4624 -0.8772 0.1291
vn -0.5821 -0.8090 0.0822
vn -0.6298 -0.7755 0.0448
vn -0.6141 -0.5809 -0.5342
vn -0.4063 -0.5929 -0.6953
vn -0.9333 -0.3587 -0.0184
vn -0.9658 -0.2567 0.0372
vn -0.9629 -0.2670 0.0389
vn -0.9764 -0.2072 -0.0613
vn -0.9818 -0.1871 -0.0335
vn -0.9419 -0.3263 -0.0795
vn -0.5417 -0.8402 0.0254
vn -0.6746 -0.7376 -0.0295
vn -0.7875 -0.6127 -0.0674
vn -0.8654 -0.4952 -0.0766
vn -0.9110 -0.4053 -0.0758
vn -0.8592 -0.4569 -0.2304
vn -0.8283 -0.5126 -0.2261
vn -0.9350 -0.3545 -0.0133
vn -0.9642 -0.2651 0.0047
vn -0.9768 -0.2125 0.0253
vn -0.9718 -0.2314 0.0443
vn -0.6887 -0.5197 -0.5056
vn -0.4909 -0.6525 -0.5773
vn -0.2559 -0.6659 -0.7008
vn -0.4043 -0.5394 -0.7387
vn -0.9768 -0.2042 -0.0638
vn -0.9917 -0.1255 -0.0287
vn -0.9265 -0.3611 0.1056
vn -0.8315 -0.4569 0.3161
vn -0.3137 -0.9423 -0.1169
vn -0.2630 -0.9283 -0.2630
vn -0.3225 -0.9123 0.2525
vn -0.3558 -0.9332 0.0508
vn -0.7264 -0.3957 0.5619
vn -0.5170 -0.5354 0.6678
vn -0.8039 0.4483 -0.3909
vn -0.8224 0.5184 -0.2345
vn -0.6350 -0.5071 -0.5828
vn -0.8745 -0.4657 -0.1353
vn -0.9251 0.3571 -0.1290
vn -0.7391 0.2280 -0.6338
vn -0.7888 0.3247 -0.5219
vn -0.9069 -0.4162 -0.0651
vn -0.9108 0.2946 -0.2892
vn -0.8857 0.4581 -0.0759
vn -0.9170 -0.3985 0.0178
vn -0.8617 -0.5006 -0.0828
vn -0.9246 -0.1643 -0.3437
vn -0.9300 -0.1127 -0.3499
vn -0.8548 -0.5098 -0.0968
vn -0.9191 -0.2090 -0.3340
vn -0.8898 -0.1038 -0.4444
vn -0.8933 -0.1044 -0.4372
vn -0.0818 -0.8020 -0.5917
vn -0.0141 -0.9451 -0.3266
vn -0.9676 0.2212 0.1220
vn -0.9228 -0.3773 -0.0780
vn -0.9057 -0.4103 0.1066
vn -0.9561 0.0573 0.2873
vn -0.8899 0.2862 -0.3553
vn -0.9215 -0.2961 -0.2512
vn -0.8984 -0.3994 -0.1827
vn -0.9511 0.2654 -0.1581
vn -0.8754 0.1368 -0.4637
vn -0.8422 -0.4502 -0.2966
vn -0.9115 -0.1462 -0.3844
vn -0.8577 0.2321 -0.4588
vn -0.8933 -0.4475 -0.0421
vn -0.8884 0.3770 -0.2618
vn -0.8891 0.3060 -0.3405
vn -0.9615 -0.2590 -0.0920
vn -0.8504 -0.3340 -0.4065
vn -0.8820 -0.4395 -0.1698
vn -0.9318 -0.2825 0.2279
vn -0.8995 -0.3828 0.2106
vn -0.8824 -0.4701 0.0190
vn -0.7796 -0.5727 -0.2535
vn -0.6768 -0.6088 -0.4140
vn -0.7037 -0.6963 -0.1413
vn -0.5116 -0.8494 -0.1299
vn -0.5786 -0.7670 -0.2775
vn -0.6934 -0.6877 -0.2152
vn -0.8804 -0.3110 -0.3580
vn -0.6354 -0.7645 -0.1084
vn -0.5105 -0.8563 -0.0779
vn -0.8693 -0.4414 -0.2226
vn -0.7886 -0.5914 -0.1684
vn -0.9800 -0.1077 -0.1671
vn -0.9987 -0.0460 0.0202
vn -0.8253 0.3254 -0.4615
vn -0.7537 0.2445 -0.6101
vn -0.9481 -0.3147 -0.0444
vn -0.9787 -0.2030 -0.0289
vn -0.6484 -0.4698 0.5991
vn -0.4597 -0.3328 0.8234
vn -0.9941 -0.1071 0.0151
vn -0.9852 -0.1702 0.0198
vn -0.9324 -0.3593 -0.0394
vn -0.7765 0.2077 -0.5949
vn -0.8169 0.2328 -0.5278
vn -0.8134 0.3103 -0.4921
vn -0.7971 0.4493 -0.4034
vn -0.3611 0.8231 -0.4384
vn -0.4257 0.7582 -0.4938
vn -0.2247 0.9358 -0.2716
vn -0.3263 0.8742 -0.3596
vn -0.1234 -0.2303 0.9653
vn -0.2592 0.0604 0.9639
vn 0.0693 -0.7909 0.6080
vn 0.0909 -0.9906 0.1026
vn 0.1032 -0.8436 0.5269
vn 0.1898 -0.9805 0.0508
vn -0.0280 -0.9854 0.1680
vn -0.3417 -0.6513 -0.6775
vn -0.2347 -0.8945 -0.3804
vn -0.3806 -0.8748 -0.2998
vn -0.3132 -0.8065 -0.5015
vn -0.9191 0.3784 -0.1097
vn -0.9168 0.3748 -0.1376
vn -0.9193 -0.3683 -0.1386
vn -0.9138 0.3963 -0.0889
vn -0.8497 0.5198 -0.0888
vn -0.8345 0.4757 -0.2780
vn -0.8757 0.4181 -0.2416
vn -0.7802 0.5092 -0.3632
vn -0.6863 0.6244 -0.3729
vn -0.8065 0.5599 -0.1900
vn -0.8078 0.5344 -0.2486
vn -0.6415 0.7033 -0.3064
vn -0.6257 0.7502 -0.2137
vn -0.9840 -0.0076 -0.1778
vn -0.9767 -0.1784 -0.1196
vn -0.9673 -0.2460 -0.0613
vn -0.9944 -0.0802 -0.0694
vn -0.9976 -0.0384 -0.0574
vn -0.9832 0.1725 -0.0596
vn -0.9904 0.1192 -0.0695
vn -0.9442 0.3287 -0.0214
vn -0.9321 0.3552 -0.0704
vn -0.8681 0.4952 -0.0342
vn -0.8986 0.4365 0.0446
vn -0.3410 -0.9187 0.1994
vn -0.2621 -0.9473 0.1842
vn -0.1855 -0.9719 0.1449
vn -0.2381 -0.9524 0.1902
vn -0.2721 -0.9345 0.2295
vn -0.3732 -0.8982 0.2322
vn -0.9289 -0.3695 0.0258
vn -0.9987 -0.0500 0.0045
vn -0.9988 -0.0442 0.0206
vn -0.7975 0.6032 -0.0079
vn -0.8130 0.5742 0.0961
vn -0.9765 -0.0874 0.1971
vn -0.9856 -0.1000 0.1360
vn -0.9986 -0.0447 0.0296
vn -0.7048 0.7090 -0.0250
vn -0.7573 0.6522 -0.0337
vn -0.5840 -0.2802 -0.7619
vn -0.8840 0.0794 -0.4607
vn -0.9383 0.3201 0.1311
vn -0.9975 -0.0357 0.0608
vn -0.9548 0.1309 -0.2669
vn -0.6766 0.7340 0.0590
vn -0.8046 0.4166 -0.4231
vn -0.8985 0.3100 -0.3107
vn -0.8059 0.5349 0.2538
vn -0.2779 -0.7040 -0.6536
vn -0.4280 -0.4722 -0.7706
vn -0.1972 -0.6119 -0.7660
vn -0.8369 0.4337 -0.3339
vn -0.8430 0.4944 0.2121
vn -0.3579 -0.4448 -0.8210
vn -0.5589 -0.3081 -0.7699
vn -0.9852 -0.0274 0.1695
vn -0.8643 0.4574 0.2094
vn -0.4971 0.8509 0.1698
vn -0.9426 -0.3337 0.0129
vn -0.9586 -0.2707 0.0884
vn -0.9280 -0.3101 -0.2066
vn -0.5961 0.7783 -0.1974
vn -0.7161 0.3924 -0.5773
vn -0.2704 0.9619 0.0400
vn -0.6084 0.7805 -0.1439
vn -0.6172 0.7842 -0.0642
vn -0.8007 0.5847 -0.1306
vn -0.2904 -0.1042 0.9512
vn -0.3600 -0.0447 0.9319
vn -0.6928 -0.3807 0.6125
vn -0.8868 -0.4508 -0.1019
vn -0.8030 -0.2100 -0.5578
vn -0.7153 -0.6082 -0.3442
vn -0.7649 -0.5493 -0.3366
vn -0.1098 -0.9797 -0.1680
vn -0.1183 -0.9788 -0.1672
vn -0.1038 -0.9932 0.0533
vn -0.0626 -0.9967 0.0517
vn -0.1263 -0.9832 0.1317
vn -0.0414 -0.9906 0.1301
vn -0.0742 -0.9888 0.1293
vn -0.0984 -0.9811 0.1667
vn -0.1588 -0.9710 0.1786
vn -0.1881 -0.9559 0.2255
vn -0.1240 -0.9676 0.2198
vn -0.1208 -0.9790 -0.1640
vn -0.2088 -0.9775 0.0302
vn -0.0038 -0.9991 0.0431
vn -0.0002 -0.9895 -0.1447
vn -0.1685 -0.9741 -0.1510
vn -0.2380 -0.9210 0.3083
vn -0.0056 -0.9462 0.3235
vn -0.0036 -0.8737 0.4864
vn -0.2610 -0.8468 0.4635
vn -0.2943 -0.8054 0.5144
vn -0.0017 -0.8380 0.5457
vn -0.3126 -0.7871 0.5317
vn -0.0005 -0.8301 0.5576
vn -0.2965 -0.8244 0.4822
vn -0.2715 -0.8657 0.4205
vn -0.2688 -0.8447 0.4629
vn -0.0341 -0.9902 0.1356
vn -0.0911 -0.9056 0.4143
vn -0.0758 -0.9483 0.3081
vn -0.2892 -0.9053 0.3112
vn -0.2100 -0.9268 0.3114
vn -0.2388 -0.8773 0.4164
vn -0.3124 -0.8574 0.4090
vn -0.3795 -0.8373 0.3935
vn -0.3819 -0.8675 0.3188
vn -0.1436 -0.9398 0.3102
vn -0.1696 -0.8934 0.4161
vn -0.4739 -0.8160 0.3310
vn -0.4567 -0.7621 0.4589
vn -0.9881 -0.1304 0.0818
vn -0.9966 -0.0762 0.0319
vn -0.4552 -0.0746 0.8873
vn -0.7175 -0.2594 0.6465
vn -0.0951 -0.3058 0.9473
vn -0.8911 -0.3903 0.2316
vn -0.8451 -0.5018 0.1846
vn -0.8658 -0.4638 0.1880
vn -0.8631 -0.4779 0.1633
vn -0.8921 -0.4308 0.1361
vn -0.8546 -0.5035 0.1273
vn -0.8361 -0.5419 0.0850
vn -0.8826 -0.4651 0.0682
vn -0.8909 -0.4426 0.1016
vn -0.8174 -0.5321 0.2208
vn -0.7851 -0.5871 0.1974
vn -0.8003 -0.5061 0.3216
vn -0.7546 -0.5592 0.3433
vn -0.8011 -0.4348 0.4113
vn -0.7413 -0.4939 0.4545
vn -0.7857 -0.4297 0.4450
vn -0.7148 -0.5018 0.4871
vn -0.5457 -0.7665 0.3388
vn -0.6304 -0.6540 0.4182
vn -0.6885 -0.6228 0.3716
vn -0.6017 -0.7363 0.3094
vn -0.4112 -0.8804 0.2362
vn -0.3255 -0.9135 0.2441
vn -0.0739 -0.9608 0.2671
vn -0.2509 -0.9558 0.1535
vn -0.0886 -0.9954 0.0355
vn 0.0536 -0.9636 0.2620
vn -0.7471 -0.5630 0.3533
vn -0.2537 -0.9266 0.2776
vn -0.3362 -0.9274 -0.1638
vn -0.8194 -0.4274 -0.3819
vn -0.9686 -0.2459 -0.0358
vn 0.2355 -0.9687 -0.0785
vn 0.8451 -0.5020 0.1837
vn 0.8134 0.3102 -0.4920
vn 0.8168 0.2329 -0.5278
vn 0.7971 0.4493 -0.4034
vn -0.9344 0.3032 -0.1872
vn -0.9932 -0.0736 -0.0897
vn 0.9344 0.3032 -0.1871
vn 0.9791 -0.1441 -0.1433
vn 0.9626 -0.2040 -0.1784
vn 0.9798 -0.1535 -0.1283
vn 0.9257 -0.0721 -0.3713
vn 0.9024 -0.1055 -0.4177
vn 0.6521 -0.0267 -0.7577
vn 0.6828 0.0725 -0.7270
vn 0.3758 0.1088 -0.9203
vn 0.3178 0.2683 -0.9094
vn 0.0147 0.4422 -0.8968
vn 0.3087 0.2871 -0.9068
vn -0.3177 0.2684 -0.9094
vn -0.6827 0.0726 -0.7271
vn -0.9257 -0.0722 -0.3712
vn -0.9791 -0.1440 -0.1434
vn 0.2549 0.4614 -0.8498
vn -0.0891 0.7666 -0.6359
vn -0.8800 0.3828 -0.2812
vn -0.9037 0.3890 -0.1790
vn 0.8598 0.4924 -0.1350
vn 0.9168 0.3748 -0.1376
vn -0.5814 0.6529 -0.4855
vn -0.8672 0.4664 -0.1742
vn -0.4242 -0.9056 0.0015
vn 0.2313 -0.9631 -0.1373
vn 0.1807 -0.9735 -0.1401
vn 0.6632 -0.7469 -0.0484
vn 0.3156 0.8951 -0.3151
vn 0.4565 0.8323 -0.3144
vn 0.3032 0.8944 -0.3287
vn 0.3131 0.9130 -0.2614
vn 0.3274 0.9392 -0.1036
vn 0.3209 0.9467 0.0262
vn 0.2995 0.9500 0.0879
vn 0.2871 0.9336 0.2143
vn 0.2822 0.9478 0.1485
vn 0.3147 0.9076 0.2779
vn 0.3544 0.8708 0.3407
vn 0.3788 0.8259 0.4176
vn 0.3002 0.7280 0.6164
vn 0.1522 0.6182 0.7711
vn 0.0789 0.6282 0.7740
vn 0.0545 0.6800 0.7312
vn -0.8992 -0.3449 0.2693
vn -0.8674 -0.4972 0.0223
vn -0.7941 -0.6066 0.0374
vn -0.7295 -0.6619 0.1725
vn -0.6921 -0.6293 0.3534
vn -0.6621 -0.5728 0.4833
vn -0.6186 -0.5884 0.5207
vn -0.5041 -0.7305 0.4607
vn -0.4146 -0.8320 0.3686
vn -0.1872 -0.9594 0.2110
vn 0.0577 -0.9621 0.2666
vn 0.1114 -0.9195 0.3769
vn -0.3904 0.9060 -0.1636
vn -0.2704 0.9487 -0.1641
vn -0.2313 0.9366 -0.2631
vn -0.3479 0.9011 -0.2588
vn -0.2000 0.9274 -0.3162
vn -0.1931 0.9264 -0.3232
vn -0.2032 0.9421 -0.2667
vn -0.2033 0.9708 -0.1271
vn -0.1639 0.9864 -0.0155
vn -0.0989 0.9943 0.0391
vn -0.0594 0.9899 0.1291
vn -0.0736 0.9704 0.2299
vn -0.1150 0.9440 0.3094
vn -0.1571 0.9122 0.3784
vn -0.1921 0.8756 0.4432
vn -0.1649 0.8001 0.5768
vn -0.0709 0.7154 0.6951
vn -0.0037 0.7023 0.7119
vn 0.0174 0.7361 0.6766
vn 0.6753 -0.7372 -0.0229
vn 0.8878 -0.3548 0.2931
vn 0.3834 -0.5919 0.7090
vn -0.8861 -0.3542 0.2989
vn 0.6384 0.0254 -0.7693
vn -0.1815 0.9806 -0.0741
vn -0.1759 0.9712 -0.1605
vn 0.2248 0.9358 -0.2715
vn -0.7488 0.6512 -0.1236
vn -0.7506 0.6603 -0.0263
vn -0.8261 0.5576 0.0817
vn -0.9611 0.2635 -0.0832
vn 0.9692 -0.0980 -0.2260
vn 0.9144 -0.4043 -0.0174
vn 0.9377 -0.2303 -0.2600
vn -0.9615 -0.1509 -0.2298
vn -0.9350 -0.0319 -0.3532
vn -0.9608 -0.0620 -0.2703
vn -0.9557 -0.1396 -0.2593
vn -0.9626 -0.2038 -0.1783
vn 0.9279 -0.3101 -0.2068
vn -0.9582 -0.1390 -0.2501
vn -0.9320 -0.2163 -0.2907
vn -0.9061 -0.0967 -0.4119
vn -0.9367 -0.0358 -0.3484
vn -0.9368 0.0904 -0.3381
vn -0.8573 -0.5050 -0.0996
vn -0.8773 -0.4729 -0.0816
vn -0.9667 -0.1231 -0.2243
vn -0.9558 -0.1453 -0.2557
vn -0.8458 -0.5280 -0.0762
vn -0.8354 -0.5480 -0.0424
vn -0.8061 0.4263 -0.4105
vn -0.8119 0.4566 -0.3637
vn -0.3757 0.8530 -0.3623
vn -0.3457 0.8399 -0.4184
vn 0.1269 0.9625 -0.2396
vn 0.1288 0.9451 -0.3002
vn 0.1594 0.9564 -0.2447
vn 0.1757 0.9713 -0.1606
vn -0.2356 0.9588 -0.1589
vn -0.8913 0.4254 -0.1568
vn -0.8977 0.4111 -0.1585
vn -0.8702 0.4705 -0.1463
vn -0.1610 0.9857 -0.0503
vn -0.0000 0.9989 -0.0479
vn 0.1610 0.9857 -0.0502
vn 0.3030 0.9515 -0.0535
vn 0.8977 0.4111 -0.1586
vn 0.8913 0.4255 -0.1569
vn 0.8007 0.5847 -0.1307
vn 0.8064 0.5600 -0.1901
vn 0.6259 0.7501 -0.2136
vn -0.1272 0.9626 -0.2394
vn 0.3759 0.8530 -0.3621
vn 0.8122 0.4563 -0.3634
vn 0.9667 -0.1231 -0.2242
vn 0.8897 -0.1035 -0.4447
vn 0.8694 -0.4412 -0.2227
vn -0.9131 -0.3188 -0.2540
vn 0.9359 -0.3474 -0.0586
vn 0.9344 -0.1301 0.3316
vn 0.8192 -0.3717 0.4368
vn -0.3067 -0.3826 0.8715
vn -0.2236 -0.5710 0.7899
vn 0.7496 -0.4747 0.4613
vn -0.7491 -0.4751 0.4617
vn -0.8187 -0.3720 0.4375
vn 0.8497 0.2268 0.4760
vn -0.2649 -0.6030 0.7525
vn -0.0960 -0.3301 0.9391
vn -0.4028 0.0163 0.9151
vn -0.5665 -0.0504 0.8225
vn 0.3263 0.9327 -0.1534
vn 0.6105 -0.2046 0.7651
vn 0.4021 0.0177 0.9154
vn 0.6178 0.7374 0.2731
vn -0.8493 0.2265 0.4769
vn -0.6182 0.7370 0.2733
vn -0.3258 0.9329 -0.1534
vn 0.3071 -0.3827 0.8713
vn 0.3639 -0.3847 0.8483
vn 0.0950 -0.3302 0.9391
vn -0.6096 -0.2057 0.7655
vn -0.3634 -0.3855 0.8481
vn -0.6300 0.7300 -0.2649
vn 0.4854 0.8346 -0.2605
vn 0.3480 0.9011 -0.2588
vn 0.7508 0.6058 -0.2633
vn 0.8076 0.5348 -0.2486
vn 0.3264 0.8742 -0.3594
vn 0.6416 0.7032 -0.3064
vn -0.0879 0.9358 -0.3414
vn -0.1137 0.9165 -0.3836
vn 0.3081 0.8059 -0.5055
vn 0.7913 0.3754 -0.4826
vn 0.9438 -0.2173 -0.2491
vn 0.8394 -0.5417 -0.0453
vn 0.8617 -0.5007 -0.0828
vn 0.9321 -0.2162 -0.2907
vn 0.9191 -0.2089 -0.3342
vn 0.9582 -0.1387 -0.2501
vn -0.8735 -0.4813 -0.0736
vn -0.8927 -0.4457 -0.0664
vn -0.9322 -0.3556 -0.0678
vn 0.8354 -0.5480 -0.0425
vn 0.3953 -0.8340 -0.3849
vn 0.5785 -0.7670 -0.2775
vn 0.0817 -0.8019 -0.5919
vn 0.1305 -0.8580 -0.4968
vn -0.1898 0.9817 -0.0141
vn 0.1813 0.9806 -0.0741
vn 0.9245 -0.1644 -0.3440
vn 0.6104 -0.7764 0.1568
vn 0.1339 -0.8983 0.4184
vn 0.2516 -0.8818 0.3989
vn -0.7740 -0.6241 0.1072
vn -0.4962 -0.7495 0.4382
vn -0.2485 -0.7673 0.5912
vn 0.2556 -0.6659 -0.7009
vn 0.1971 -0.6119 -0.7660
vn 0.9010 0.4213 -0.1034
vn 0.8383 0.5422 -0.0571
vn -0.8383 0.5422 -0.0571
vn -0.6801 0.7303 0.0640
vn -0.8692 0.4534 0.1973
vn -0.9166 -0.3968 0.0498
vn -0.8651 -0.4938 0.0881
vn -0.9268 -0.1199 -0.3559
vn -0.6455 0.1512 -0.7486
vn -0.8283 -0.4111 0.3807
vn -0.3539 -0.4298 0.8307
vn 0.1459 -0.3081 0.9401
vn 0.3866 -0.1892 0.9026
vn -0.2606 -0.1723 0.9499
vn -0.9477 -0.0672 0.3120
vn -0.9994 -0.0052 0.0353
vn 0.2605 -0.1714 0.9501
vn 0.9473 -0.0671 0.3133
vn -0.3839 -0.1891 0.9038
vn 0.3543 -0.4295 0.8307
vn -0.1437 -0.3081 0.9404
vn 0.8283 -0.4109 0.3809
vn 0.9268 -0.1202 -0.3559
vn 0.6448 0.1510 -0.7493
vn 0.7487 0.6513 -0.1235
vn -0.7302 -0.2335 -0.6421
vn -0.8750 0.2493 -0.4150
vn 0.4042 -0.5393 -0.7387
vn 0.3579 -0.4447 -0.8211
vn 0.6350 -0.5071 -0.5828
vn 0.5590 -0.3080 -0.7699
vn 0.8884 0.3771 -0.2618
vn 0.8750 0.2497 -0.4148
vn -0.6540 -0.2056 -0.7280
vn -0.8265 0.2178 -0.5191
vn 0.2332 -0.8133 0.5330
vn 0.2242 -0.5711 0.7897
vn 0.3138 -0.9423 -0.1168
vn 0.3557 -0.9332 0.0508
vn 0.2424 -0.8679 -0.4337
vn 0.2631 -0.9282 -0.2630
vn -0.8498 -0.0838 -0.5203
vn -0.8925 0.0736 -0.4450
vn -0.7617 -0.6008 -0.2425
vn -0.6902 -0.7229 -0.0312
vn -0.9124 -0.1547 -0.3789
vn -0.6684 -0.5246 -0.5273
vn -0.6620 -0.6140 -0.4299
vn -0.9726 0.0663 -0.2227
vn 0.4021 -0.8380 0.3689
vn 0.2641 -0.6032 0.7526
vn 0.7396 -0.5541 -0.3820
vn 0.6622 -0.6139 -0.4298
vn -0.9141 0.2214 -0.3398
vn 0.3223 -0.9124 0.2523
vn -0.2330 -0.8135 0.5328
vn 0.2783 -0.7038 -0.6536
vn -0.2422 -0.8680 -0.4336
vn 0.6684 -0.5246 -0.5273
vn 0.7617 -0.6009 -0.2425
vn 0.7235 -0.5706 0.3886
vn 0.7086 -0.7044 0.0412
vn 0.9141 0.2212 -0.3398
vn 0.9961 0.0870 0.0115
vn -0.7394 -0.5542 -0.3822
vn -0.7087 -0.7043 0.0411
vn -0.4021 -0.8381 0.3687
vn 0.6901 -0.7230 -0.0313
vn 0.7302 -0.2336 -0.6421
vn 0.8504 -0.3340 -0.4065
vn -0.7236 -0.5705 0.3885
vn 0.2966 0.9443 -0.1425
vn 0.6065 0.7708 0.1951
vn 0.5662 -0.0501 0.8227
vn -0.6067 0.7706 0.1952
vn -0.9961 0.0870 0.0113
vn 0.7656 -0.6296 0.1319
vn 0.6884 -0.5200 -0.5057
vn 0.4909 -0.6526 -0.5773
vn 0.9986 -0.0446 0.0297
vn 0.9994 -0.0052 0.0353
vn 0.6801 0.7303 0.0640
vn -0.9993 0.0080 0.0361
vn -0.9010 0.4214 -0.1034
vn -0.2966 0.9443 -0.1425
vn -0.6387 -0.5990 -0.4830
vn -0.5469 -0.6102 -0.5733
vn -0.6874 -0.6383 -0.3466
vn -0.7535 -0.6555 -0.0499
vn -0.7775 -0.6200 0.1053
vn -0.7476 -0.6585 0.0863
vn -0.6586 -0.7502 0.0589
vn -0.5317 -0.8440 0.0709
vn -0.4110 -0.9031 0.1244
vn -0.3036 -0.9362 0.1769
vn -0.2061 -0.9559 0.2091
vn -0.1400 -0.9597 0.2438
vn -0.1224 -0.9468 0.2976
vn -0.1534 -0.9173 0.3675
vn -0.2228 -0.8691 0.4417
vn -0.3744 -0.7836 0.4958
vn -0.5602 -0.6637 0.4957
vn -0.6725 -0.5764 0.4642
vn -0.7419 -0.5198 0.4234
vn -0.8195 -0.4672 0.3320
vn -0.8762 -0.4477 0.1785
vn -0.8716 -0.4900 -0.0147
vn -0.7882 -0.5668 -0.2398
vn -0.6322 -0.6164 -0.4694
vn -0.4370 -0.6150 -0.6564
vn -0.2599 -0.5999 -0.7567
vn -0.1476 -0.5950 -0.7901
vn -0.1402 -0.5888 -0.7960
vn -0.1748 -0.6004 -0.7803
vn -0.1799 -0.6457 -0.7421
vn -0.2021 -0.6873 -0.6977
vn -0.2493 -0.6892 -0.6803
vn -0.2944 -0.6674 -0.6840
vn -0.3880 -0.6307 -0.6721
vn 0.7937 -0.5559 0.2470
vn 0.7159 -0.6399 0.2794
vn 0.6467 -0.7002 0.3024
vn 0.5650 -0.7584 0.3250
vn 0.4739 -0.8160 0.3310
vn -0.5649 -0.7584 0.3251
vn -0.6469 -0.7001 0.3024
vn -0.7157 -0.6401 0.2793
vn -0.7933 -0.5563 0.2474
vn -0.8581 -0.4719 0.2023
vn -0.3028 0.9515 -0.0537
vn 0.4304 0.9008 -0.0569
vn 0.3906 0.9059 -0.1635
vn 0.4621 -0.0050 0.8868
vn 0.4015 0.2603 0.8781
vn 0.4453 -0.3401 0.8283
vn 0.3154 -0.6213 0.7173
vn -0.1338 -0.7286 0.6718
vn -0.3153 -0.6214 0.7172
vn -0.4454 -0.3401 0.8282
vn -0.4621 -0.0050 0.8868
vn -0.4015 0.2602 0.8781
vn -0.2824 0.4763 0.8327
vn -0.1420 0.6324 0.7615
vn 0.2824 0.4764 0.8326
vn 0.1420 0.6324 0.7615
vn 0.2099 -0.5287 0.8225
vn 0.3043 -0.1340 0.9431
vn -0.1666 -0.3509 0.9215
vn -0.2685 -0.4917 0.8283
vn 0.5227 -0.8423 0.1319
vn 0.5036 -0.8592 0.0903
vn 0.6590 -0.6359 0.4016
vn 0.5908 -0.6681 0.4523
vn 0.4615 -0.3431 0.8181
vn 0.5238 -0.0162 0.8517
vn 0.3054 -0.0764 0.9491
vn 0.2461 -0.4162 0.8753
vn 0.7956 -0.2299 0.5605
vn 0.8167 0.0497 0.5750
vn 0.7719 0.0271 0.6352
vn 0.7076 -0.2786 0.6494
vn 0.1150 -0.7187 0.6858
vn 0.3279 -0.6963 0.6385
vn 0.2565 -0.8648 0.4316
vn 0.8092 0.3733 0.4537
vn 0.7530 0.3252 0.5721
vn 0.6006 0.7104 0.3669
vn 0.7305 0.6537 0.1976
vn 0.4572 0.8880 -0.0498
vn 0.3422 0.9380 0.0548
vn 0.5107 0.3151 0.7999
vn 0.2353 0.9529 0.1912
vn 0.3594 0.7312 0.5799
vn -0.3430 -0.5152 0.7855
vn 0.1019 -0.7046 0.7022
vn -0.3076 -0.5611 0.7685
vn 0.1145 -0.8188 0.5626
vn 0.5550 -0.8097 -0.1907
vn 0.4048 -0.8873 0.2211
vn 0.1751 -0.8646 0.4710
vn 0.1079 -0.8410 0.5301
vn 0.1309 -0.8492 0.5115
vn 0.0446 -0.8627 0.5038
vn -0.9528 -0.2610 0.1552
vn -0.9569 0.0621 0.2838
vn -0.9168 0.1982 0.3466
vn -0.8519 0.2722 0.4474
vn -0.1679 -0.5556 0.8143
vn 0.2086 -0.5603 0.8016
vn 0.1446 -0.3562 0.9232
vn -0.2803 -0.1600 0.9465
vn -0.3143 -0.0690 0.9468
vn -0.2304 -0.4269 0.8745
vn -0.1024 -0.7097 0.6970
vn 0.2393 -0.5820 0.7772
vn -0.1208 -0.7128 0.6909
vn -0.1138 -0.8279 0.5492
vn 0.2685 -0.5976 0.7555
vn -0.1293 -0.8627 0.4890
vn -0.2442 -0.8769 0.4140
vn -0.1333 -0.8599 0.4928
vn -0.8215 -0.5603 0.1058
vn 0.9202 -0.3021 0.2491
vn 0.7412 -0.6522 0.1587
vn 0.1289 -0.1419 0.9815
vn 0.9402 -0.0522 0.3366
vn 0.9041 0.0848 0.4189
vn 0.8340 0.2285 0.5022
vn -0.4418 -0.8970 0.0152
vn -0.3883 -0.5468 0.7418
vn -0.7308 0.3898 0.5603
vn 0.7057 0.3863 0.5939
vn 0.3331 -0.6155 0.7143
vn -0.0118 -0.9985 -0.0539
vn -0.0221 -0.0869 0.9960
vn 0.0950 -0.0844 0.9919
vn 0.2504 -0.9679 -0.0199
vn -0.3497 -0.5380 0.7670
vn -0.3259 -0.5470 0.7711
vn 0.0124 -0.5752 0.8179
vn -0.2238 -0.4578 0.8604
vn -0.3101 -0.5002 0.8085
vn 0.1417 -0.5924 0.7931
vn 0.2663 -0.5080 0.8192
vn 0.3197 -0.4681 0.8238
vn 0.3277 -0.5201 0.7887
vn 0.3412 -0.5686 0.7485
vn 0.3485 -0.5654 0.7476
vn 0.2871 -0.5323 0.7964
vn 0.1410 -0.5288 0.8370
vn 0.1478 -0.0898 0.9849
vn 0.5049 -0.8612 0.0589
vn -0.0479 0.7168 0.6956
vn -0.0049 0.7603 0.6495
vn -0.2339 0.3027 0.9239
vn -0.1317 0.5865 0.7992
vn 0.0108 0.7863 0.6178
vn -0.0110 0.8095 0.5871
vn -0.1579 0.4264 0.8907
vn -0.0395 0.6907 0.7221
vn 0.0503 0.8731 0.4849
vn -0.0101 0.8851 0.4653
vn 0.0037 0.8415 0.5402
vn -0.0329 0.7859 0.6175
vn 0.0644 0.9564 0.2850
vn -0.0017 0.9609 0.2770
vn 0.0063 0.9574 0.2886
vn -0.0262 0.9640 0.2646
vn -0.1599 -0.2009 0.9665
vn -0.7818 -0.6235 0.0026
vn -0.1048 -0.1026 0.9892
vn -0.2720 -0.9612 -0.0466
vn -0.1285 -0.6225 0.7720
vn -0.0034 -0.6288 0.7776
vn -0.2396 -0.5776 0.7804
vn -0.3035 -0.5532 0.7758
vn -0.2340 -0.4962 0.8361
vn -0.5480 -0.8357 -0.0367
vn -0.1491 -0.1459 0.9780
vn 0.0668 0.6992 0.7118
vn 0.2567 0.2489 0.9339
vn 0.1749 0.5238 0.8337
vn 0.2440 0.3444 0.9066
vn -0.0096 0.7633 0.6460
vn 0.0540 0.6378 0.7683
vn 0.0970 0.7664 0.6351
vn -0.0577 0.8714 0.4872
vn -0.0074 0.8306 0.5569
vn 0.0441 0.9652 0.2578
vn -0.0699 0.9579 0.2784
vn -0.0247 0.9597 0.2799
vn 0.2960 0.9487 -0.1108
vn -0.0224 -0.8695 0.4934
vn -0.1149 -0.5418 0.8326
vn -0.2878 -0.4137 0.8637
vn -0.0133 0.5992 0.8005
vn -0.3443 -0.6307 0.6955
vn -0.7342 -0.6218 0.2728
vn -0.9824 -0.1517 0.1089
vn -0.9965 0.0739 0.0398
vn -0.3807 0.9244 0.0245
vn -0.8539 0.5204 -0.0058
vn -0.6659 0.6802 0.3065
vn -0.9249 0.2883 0.2479
vn -0.8003 0.3519 0.4854
vn -0.9748 0.2107 0.0738
vn -0.9891 0.0301 0.1444
vn -0.9681 0.0127 0.2503
vn -0.8428 0.0613 0.5347
vn -0.9342 -0.2694 0.2339
vn -0.9245 -0.3540 0.1414
vn -0.8148 -0.3005 0.4958
vn 0.7011 -0.7129 -0.0155
vn 0.8273 -0.5258 0.1978
vn 0.9375 -0.1927 0.2899
vn 0.9566 0.0588 0.2854
vn 0.9012 0.3805 0.2073
vn 0.9148 -0.1171 0.3865
vn 0.8844 -0.3601 0.2969
vn 0.7107 -0.6659 0.2267
vn 0.4899 -0.8534 0.1783
vn 0.2467 -0.9602 0.1311
vn -0.0055 -0.9945 0.1043
vn -0.2497 -0.9630 0.1011
vn -0.5061 -0.8580 0.0876
vn -0.7375 -0.6691 0.0917
vn -0.9132 -0.3416 0.2223
vn -0.9285 -0.0477 0.3682
vn -0.8804 0.0884 0.4660
vn -0.7905 0.1848 0.5839
vn -0.6670 0.2736 0.6930
vn -0.0594 0.3585 0.9316
vn 0.6282 0.2543 0.7353
vn 0.8007 0.1367 0.5832
vn 0.8863 0.0075 0.4630
vn -0.5310 -0.7207 0.4457
vn -0.6508 -0.3205 0.6883
vn -0.4306 -0.8975 0.0954
vn -0.5632 -0.7671 -0.3072
vn -0.7341 0.0514 0.6771
vn -0.3668 0.3427 0.8649
vn -0.4888 -0.0148 0.8723
vn -0.7139 0.3606 0.6002
vn -0.6098 0.0362 0.7917
vn -0.5852 0.3504 0.7313
vn -0.5939 0.7138 0.3712
vn -0.2229 0.7412 0.6332
vn -0.4666 0.7318 0.4968
vn -0.1126 0.9619 0.2493
vn -0.3842 0.9224 0.0408
vn -0.2845 0.9502 0.1273
vn -0.1808 0.9834 -0.0153
vn -0.2543 0.9363 -0.2424
vn -0.2953 0.9409 -0.1658
vn -0.4648 -0.2949 0.8349
vn -0.3425 -0.7240 0.5988
vn -0.3311 -0.8827 0.3334
vn -0.5226 -0.8372 0.1611
vn 0.6885 -0.2578 0.6778
vn 0.6731 0.2075 0.7098
vn 0.4511 0.8737 -0.1823
vn 0.6248 0.5882 -0.5134
vn 0.6270 -0.3542 0.6939
vn 0.6359 -0.3192 0.7027
vn 0.7431 0.5042 -0.4399
vn 0.7616 0.4706 -0.4454
vn 0.5507 -0.6393 0.5367
vn 0.5845 -0.5854 0.5618
vn 0.6752 0.0246 -0.7373
vn 0.6050 -0.0906 -0.7911
vn 0.4296 -0.7610 0.4862
vn 0.5061 -0.6996 0.5044
vn 0.5310 -0.1890 -0.8260
vn 0.4534 -0.2839 -0.8449
vn 0.1308 -0.8552 0.5016
vn 0.2521 -0.8325 0.4934
vn 0.2656 -0.4424 -0.8566
vn 0.1482 -0.4825 -0.8633
vn 0.8723 0.4786 -0.0999
vn 0.8526 0.0722 -0.5175
vn 0.4988 -0.0045 0.8667
vn 0.5592 0.1237 0.8197
vn 0.8259 0.0026 -0.5638
vn 0.8110 -0.1139 -0.5738
vn 0.4914 -0.1694 0.8543
vn 0.4736 -0.0895 0.8762
vn 0.5788 -0.4358 -0.6893
vn 0.4701 -0.5369 -0.7005
vn 0.4153 -0.5315 0.7383
vn 0.4905 -0.4426 0.7507
vn 0.2591 -0.6621 -0.7032
vn 0.1490 -0.6739 -0.7236
vn 0.1322 -0.6837 0.7177
vn 0.2397 -0.6418 0.7284
vn -0.4685 -0.7362 0.4883
vn -0.0414 -0.8367 0.5461
vn -0.0150 -0.3819 0.9241
vn -0.3927 -0.3091 0.8662
vn -0.5092 -0.7579 0.4079
vn -0.0548 -0.8905 0.4517
vn -0.8050 -0.4308 -0.4078
vn -0.8700 -0.3698 -0.3262
vn -0.8377 -0.2207 -0.4996
vn -0.7423 -0.2338 -0.6279
vn -0.8747 -0.3625 -0.3218
vn -0.8659 -0.2326 -0.4429
vn -0.7928 -0.1238 -0.5968
vn -0.8354 -0.1158 -0.5373
vn -0.5039 0.6223 -0.5990
vn -0.4439 0.5919 -0.6727
vn -0.6738 -0.1488 -0.7238
vn -0.3551 0.5517 -0.7547
vn -0.0157 -0.1925 -0.9812
vn -0.2656 -0.1939 -0.9444
vn -0.1327 0.4266 -0.8946
vn 0.0158 0.4134 -0.9104
vn -0.7377 -0.5156 0.4358
vn -0.7538 -0.4831 0.4454
vn -0.6262 0.3406 -0.7013
vn -0.6301 0.3075 -0.7131
vn -0.6890 -0.0045 0.7248
vn -0.6127 0.1171 0.7816
vn -0.5621 0.6543 -0.5059
vn -0.6042 0.5904 -0.5351
vn -0.5274 0.2038 0.8248
vn -0.4469 0.2817 0.8491
vn -0.4239 0.7638 -0.4867
vn -0.5039 0.7126 -0.4882
vn -0.2482 0.4313 0.8674
vn -0.1323 0.4785 0.8681
vn -0.1104 0.8579 -0.5018
vn -0.2312 0.8319 -0.5045
vn -0.8438 0.1304 0.5206
vn -0.5517 0.1852 -0.8132
vn -0.5646 0.1016 -0.8191
vn -0.8732 0.0147 0.4872
vn -0.4898 0.5491 0.6772
vn -0.4384 0.5415 -0.7173
vn -0.5250 0.4371 -0.7303
vn -0.6074 0.4359 0.6642
vn -0.1594 0.6942 0.7019
vn -0.1455 0.7070 -0.6921
vn -0.2503 0.6555 -0.7125
vn -0.2673 0.6736 0.6890
vn -0.7463 0.2149 -0.6300
vn -0.6751 -0.5664 0.4726
vn 0.6407 -0.3660 0.6749
vn 0.7423 0.4524 -0.4943
vn -0.6607 0.3522 -0.6629
vn -0.7553 -0.4465 0.4798
vn 0.6732 -0.4047 0.6189
vn 0.6574 -0.3765 0.6527
vn 0.7103 0.4210 -0.5642
vn 0.7127 0.3469 -0.6097
vn -0.7363 -0.3463 0.5813
vn -0.7009 0.3773 -0.6053
vn -0.6992 0.3402 -0.6288
vn -0.7495 -0.4101 0.5196
vn 0.6250 -0.5383 0.5653
vn 0.7179 0.1378 -0.6824
vn -0.6328 0.5376 -0.5573
vn -0.7220 -0.1334 0.6789
vn -0.8635 -0.0321 0.5033
vn -0.5256 0.0489 -0.8493
vn -0.7800 0.2278 0.5829
vn -0.7073 0.3108 0.6350
vn -0.5804 0.3060 -0.7546
vn -0.5678 0.2386 -0.7879
vn 0.7661 -0.2017 -0.6103
vn 0.6855 -0.3060 -0.6606
vn 0.5528 -0.3024 0.7765
vn 0.5424 -0.2057 0.8146
vn -0.3722 0.6271 0.6842
vn -0.3416 0.6102 -0.7148
vn 0.3641 -0.6112 -0.7028
vn 0.3324 -0.5930 0.7334
vn -0.0397 0.6976 0.7153
vn -0.0359 0.7437 -0.6676
vn 0.0363 -0.6656 -0.7454
vn 0.0315 -0.7111 0.7024
vn -0.7018 -0.5193 0.4876
vn 0.2428 0.3011 0.9222
vn -0.7490 -0.5381 0.3866
vn -0.5516 -0.5599 0.6183
vn 0.1577 0.4561 0.8758
vn 0.0040 0.7157 0.6983
vn -0.0449 0.7275 0.6846
vn -0.8717 -0.0342 0.4888
vn -0.9370 0.1741 -0.3028
vn -0.7310 0.2170 -0.6470
vn 0.5587 0.8216 0.1136
vn -0.5991 0.5949 -0.5359
vn 0.6098 0.7819 0.1295
vn 0.6031 0.7904 0.1071
vn 0.4904 0.8640 0.1141
vn 0.2082 0.9663 0.1512
vn -0.0071 0.9860 0.1667
vn -0.0349 -0.3339 -0.9420
vn -0.3165 -0.3125 -0.8957
vn -0.6585 0.1992 0.7258
vn -0.6228 -0.3292 0.7097
vn -0.7049 0.5466 -0.4520
vn -0.5643 0.8083 -0.1678
vn -0.6049 -0.3384 0.7208
vn -0.6051 -0.3573 0.7114
vn -0.7751 0.4558 -0.4375
vn -0.7682 0.4795 -0.4243
vn -0.6459 -0.4097 0.6442
vn -0.6546 -0.4693 0.5927
vn -0.7413 0.2464 -0.6243
vn -0.7488 0.3446 -0.5662
vn -0.6077 -0.5651 0.5580
vn -0.5897 -0.5889 0.5527
vn -0.6452 -0.0107 -0.7639
vn -0.6903 0.0743 -0.7197
vn -0.4454 -0.7365 0.5092
vn -0.3509 -0.7928 0.4983
vn -0.3789 -0.3611 -0.8520
vn -0.4795 -0.2617 -0.8376
vn -0.1397 -0.8644 0.4830
vn -0.0142 -0.8672 0.4977
vn -0.0024 -0.4862 -0.8738
vn -0.1456 -0.4585 -0.8767
vn -0.5388 0.1206 0.8338
vn -0.4788 -0.0178 0.8778
vn -0.8673 0.0687 -0.4930
vn -0.8662 0.4898 -0.0987
vn -0.5155 -0.1077 0.8501
vn -0.5676 -0.1784 0.8037
vn -0.7806 -0.1718 -0.6010
vn -0.8498 -0.0388 -0.5257
vn -0.5554 -0.4047 0.7265
vn -0.4531 -0.5252 0.7203
vn -0.5041 -0.4925 -0.7094
vn -0.5933 -0.3987 -0.6993
vn -0.2873 -0.6427 -0.7102
vn -0.2476 -0.6377 0.7294
vn -0.1346 -0.6679 0.7319
vn -0.1524 -0.6780 -0.7191
vn 0.5810 -0.7197 0.3801
vn 0.5959 -0.7587 0.2633
vn 0.4035 -0.4404 0.8020
vn 0.4226 -0.2656 0.8665
vn 0.6648 -0.7404 0.0992
vn 0.5053 -0.5371 0.6755
vn 0.6970 -0.6957 0.1738
vn 0.7351 -0.6761 0.0504
vn 0.6196 -0.7166 -0.3203
vn 0.6696 -0.6678 -0.3251
vn -0.0188 -0.7449 -0.6669
vn 0.3036 -0.3172 -0.8984
vn 0.3120 -0.7217 -0.6179
vn 0.8163 -0.1642 -0.5538
vn 0.7583 -0.1432 -0.6359
vn 0.3830 0.5678 -0.7286
vn 0.4746 0.5977 -0.6461
vn 0.6593 -0.1225 -0.7418
vn 0.3024 0.5286 -0.7931
vn 0.2748 -0.1681 -0.9467
vn 0.1780 0.4733 -0.8627
vn 0.7744 -0.4637 0.4303
vn 0.7639 -0.4915 0.4183
vn 0.6062 0.3191 -0.7285
vn 0.6070 0.3426 -0.7171
vn 0.7386 -0.2496 0.6263
vn 0.7600 -0.3423 0.5525
vn 0.6604 0.3975 -0.6371
vn 0.6550 0.4679 -0.5933
vn 0.6550 0.0423 0.7544
vn 0.7002 -0.0593 0.7115
vn 0.6221 0.5686 -0.5383
vn 0.6043 0.6067 -0.5164
vn 0.3695 0.3632 0.8553
vn 0.4819 0.2734 0.8325
vn 0.4507 0.7450 -0.4918
vn 0.3407 0.7995 -0.4947
vn 0.0173 0.8721 -0.4890
vn 0.0048 0.4887 0.8725
vn 0.1400 0.4591 0.8773
vn 0.1334 0.8680 -0.4783
vn 0.8484 0.0453 0.5275
vn 0.5141 0.1161 -0.8498
vn 0.5764 0.1709 -0.7991
vn 0.7870 0.1663 0.5941
vn 0.5971 0.4056 0.6921
vn 0.5589 0.4121 -0.7195
vn 0.4601 0.5357 -0.7080
vn 0.5107 0.5031 0.6972
vn 0.2992 0.6613 0.6879
vn 0.2627 0.6570 -0.7066
vn 0.1508 0.7003 -0.6977
vn 0.1651 0.7070 0.6877
vn 0.6027 -0.6802 -0.4172
vn 0.6536 -0.6443 -0.3971
vn 0.7386 -0.5316 0.4147
vn 0.6715 0.2907 -0.6816
vn -0.6254 -0.3751 0.6842
vn -0.7628 0.4293 -0.4837
vn 0.6361 0.3632 -0.6807
vn 0.7705 -0.4285 0.4719
vn -0.6408 -0.5252 0.5600
vn -0.7284 0.1730 -0.6630
vn 0.7228 -0.1799 0.6672
vn 0.6381 0.5238 -0.5644
vn -0.5620 -0.6397 0.5244
vn -0.5089 -0.6935 0.5100
vn -0.5437 -0.1720 -0.8215
vn -0.5953 -0.0884 -0.7986
vn 0.5996 0.1101 0.7927
vn 0.5705 0.6534 -0.4977
vn 0.5175 0.7032 -0.4875
vn 0.5481 0.1883 0.8150
vn -0.2442 -0.8404 0.4838
vn -0.2664 -0.4246 -0.8653
vn 0.2266 0.8439 -0.4863
vn 0.2515 0.4207 0.8717
vn 0.8753 -0.0198 0.4831
vn 0.4986 0.0726 -0.8638
vn 0.6926 0.2907 0.6602
vn 0.6066 0.2668 -0.7489
vn -0.5998 -0.2645 0.7552
vn -0.6860 -0.2884 -0.6680
vn 0.3508 0.6165 -0.7049
vn 0.4168 0.5869 0.6941
vn -0.3411 -0.6024 0.7216
vn -0.4087 -0.5724 -0.7109
vn 0.0444 0.7376 -0.6738
vn 0.0559 0.7076 0.7044
vn -0.0358 -0.7002 0.7130
vn -0.0493 -0.6722 -0.7387
vn 0.6825 -0.5194 0.5143
vn -0.2611 0.3675 0.8926
vn -0.2419 0.5029 0.8298
vn -0.1909 0.6209 0.7603
vn -0.1475 0.7271 0.6705
vn 0.8937 -0.0352 0.4472
vn 0.8726 0.3130 -0.3749
vn 0.5751 0.6020 -0.5539
vn -0.5814 0.8004 0.1458
vn -0.5682 0.8134 0.1247
vn -0.5677 0.8126 0.1322
vn -0.4819 0.8692 0.1111
vn 0.2760 0.5178 -0.8097
vn -0.4089 0.9078 0.0937
vn 0.2566 0.5173 -0.8164
vn -0.3396 0.9306 0.1369
vn -0.1931 0.9645 0.1804
vn 0.7407 0.2449 -0.6256
vn -0.8435 -0.5119 -0.1626
vn -0.7838 -0.5959 -0.1746
vn -0.8564 -0.4761 -0.1998
vn -0.9697 0.2374 -0.0578
vn 0.0918 0.9951 0.0361
vn -0.8496 -0.5247 -0.0531
vn -0.7803 -0.6253 0.0096
vn -0.9428 0.3310 -0.0407
vn 0.2016 0.9675 0.1524
vn -0.8595 -0.4997 -0.1076
vn -0.8026 -0.5954 -0.0359
vn -0.9490 0.3049 -0.0801
vn 0.0647 0.8419 0.5358
vn -0.8868 -0.3313 -0.3223
vn -0.8731 -0.4339 -0.2224
vn -0.9498 0.1290 0.2851
vn -0.8082 0.2516 0.5325
vn 0.1892 0.6415 0.7435
vn 0.1668 0.5889 0.7908
vn -0.9013 -0.2799 -0.3306
vn -0.9011 -0.3677 -0.2297
vn -0.8990 -0.2250 -0.3757
vn -0.9628 0.0007 0.2701
vn 0.1430 0.3328 0.9321
vn -0.9162 -0.2131 -0.3393
vn 0.2210 0.1019 0.9699
vn -0.9263 -0.0557 0.3726
vn -0.8779 -0.1232 -0.4628
vn -0.9167 -0.1316 -0.3774
vn -0.6864 -0.6373 0.3503
vn -0.6611 -0.6314 0.4054
vn -0.5730 -0.2070 0.7930
vn 0.0411 0.7474 0.6631
vn 0.0872 0.7263 0.6818
vn -0.5078 -0.2873 0.8121
vn -0.5601 -0.7397 0.3729
vn -0.4527 -0.5473 0.7040
vn 0.2051 0.7268 0.6556
vn -0.6067 -0.7686 0.2029
vn -0.6313 -0.7275 0.2688
vn -0.7095 -0.7012 0.0697
vn -0.5359 -0.2787 -0.7970
vn -0.6155 -0.5531 -0.5615
vn -0.4697 -0.1787 -0.8646
vn -0.2352 0.4957 -0.8360
vn 0.3688 0.9205 0.1291
vn -0.0536 -0.9703 0.2359
vn -0.5460 -0.8362 0.0516
vn -0.4185 -0.9014 -0.1109
vn -0.0493 -0.9969 -0.0610
vn -0.6045 -0.7818 -0.1525
vn -0.5646 -0.8212 -0.0832
vn -0.2439 -0.9467 -0.2104
vn -0.6548 -0.7555 -0.0217
vn -0.6249 -0.7672 -0.1446
vn -0.7280 -0.6843 -0.0421
vn -0.6799 -0.7315 -0.0513
vn -0.7921 -0.6057 -0.0758
vn -0.8149 -0.5697 -0.1067
vn -0.7123 -0.6549 -0.2525
vn -0.7416 -0.5637 -0.3637
vn -0.8532 -0.5073 -0.1213
vn -0.7217 -0.6252 -0.2970
vn -0.7552 -0.5326 -0.3822
vn -0.7612 -0.4628 -0.4542
vn -0.8863 -0.4458 -0.1255
vn -0.7711 -0.4490 -0.4514
vn -0.9222 0.0459 0.3840
vn -0.9836 0.1242 0.1311
vn -0.0235 0.6415 0.7667
vn -0.0449 0.6509 0.7578
vn -0.6924 -0.6968 -0.1872
vn -0.3384 -0.7157 -0.6110
vn -0.4776 -0.8218 -0.3108
vn -0.1818 -0.9162 -0.3572
vn -0.0050 -0.9318 -0.3630
vn -0.0261 -0.9686 -0.2471
vn 0.1431 -0.9212 -0.3619
vn 0.5055 -0.1752 0.8449
vn 0.6079 -0.6689 0.4278
vn -0.1264 0.7545 0.6440
vn -0.0477 0.7480 0.6620
vn 0.5425 -0.1966 0.8167
vn 0.0461 0.7371 0.6742
vn 0.3580 -0.3020 0.8835
vn 0.6504 -0.6912 0.3149
vn 0.5153 -0.7440 -0.4253
vn 0.5538 -0.7803 -0.2905
vn 0.3996 -0.7696 0.4980
vn 0.4337 -0.8040 0.4068
vn 0.5057 -0.8620 -0.0352
vn 0.4644 -0.8807 -0.0937
vn 0.7864 -0.5310 0.3156
vn 0.7528 -0.6575 -0.0319
vn 0.8296 -0.5511 -0.0895
vn -0.1882 0.9821 0.0033
vn 0.9472 0.3022 -0.1075
vn 0.7826 -0.6215 -0.0365
vn -0.1487 0.9834 0.1035
vn 0.9637 0.2556 -0.0774
vn 0.8409 -0.5326 -0.0960
vn 0.7023 -0.6122 -0.3633
vn 0.9808 0.1515 -0.1225
vn 0.0964 0.8422 0.5305
vn 0.7511 -0.5002 -0.4308
vn 0.6923 -0.5958 -0.4070
vn 0.9156 -0.0432 0.3997
vn -0.2339 0.1110 0.9659
vn 0.8686 -0.1743 -0.4639
vn 0.9242 -0.1534 -0.3498
vn 0.5873 -0.7054 -0.3969
vn 0.5969 -0.5543 -0.5800
vn 0.9772 -0.0730 0.1994
vn -0.2116 0.4273 0.8790
vn -0.0759 0.5818 0.8098
vn 0.9981 -0.0278 0.0541
vn 0.5120 -0.1318 -0.8488
vn 0.5607 -0.2690 -0.7831
vn 0.6774 -0.6933 -0.2458
vn 0.1717 -0.9573 -0.2325
vn 0.6172 -0.7141 -0.3304
vn 0.7635 -0.5324 -0.3655
vn 0.5138 -0.8539 -0.0829
vn 0.7885 -0.4852 -0.3779
vn 0.7340 -0.6787 0.0228
vn 0.8395 -0.2829 -0.4638
vn 0.7708 -0.4039 -0.4927
vn 0.7885 -0.6142 -0.0321
vn 0.8041 -0.4476 -0.3912
vn 0.8006 -0.3723 -0.4694
vn 0.7958 -0.5966 -0.1040
vn 0.7936 -0.4330 -0.4274
vn 0.7991 -0.3577 -0.4832
vn 0.8203 -0.5499 -0.1574
vn 0.7932 -0.3980 -0.4608
vn 0.7977 -0.3438 -0.4954
vn 0.8859 -0.4389 -0.1501
vn 0.8328 -0.3043 -0.4624
vn 0.1658 0.6159 0.7702
vn 0.9967 -0.0780 0.0237
vn 0.8305 -0.2811 -0.4808
vn 0.7864 -0.4802 -0.3886
vn 0.7411 -0.1570 -0.6528
vn 0.7398 0.0252 -0.6723
vn 0.8677 -0.3991 -0.2962
vn 0.8019 -0.0560 -0.5948
vn 0.8648 -0.4129 -0.2858
vn 0.7773 0.0487 -0.6272
vn 0.8289 -0.0373 -0.5581
vn 0.8680 -0.4049 -0.2874
vn 0.8813 -0.0298 -0.4716
vn 0.8937 -0.3502 -0.2805
vn 0.8478 0.0521 -0.5278
vn -0.2335 0.2607 0.9368
vn 0.9296 -0.0190 0.3682
vn 0.9214 -0.1665 -0.3511
vn 0.6390 0.6890 0.3420
vn 0.7775 0.3778 0.5028
vn -0.6491 0.7064 0.2823
vn -0.7706 0.3754 0.5150
vn -0.0705 0.7458 0.6624
vn 0.0074 0.9674 0.2530
vn 0.7715 -0.4782 -0.4196
vn 0.6640 -0.4696 0.5819
vn 0.7275 0.2417 -0.6421
vn -0.6666 0.4661 -0.5817
vn -0.7261 -0.2452 0.6424
vn -0.3343 0.8011 -0.4964
vn -0.3552 0.3637 0.8612
vn 0.3412 -0.8042 0.4866
vn 0.3626 -0.3751 -0.8531
vn 0.1063 0.9815 0.1595
vn 0.0843 0.9756 0.2028
vn 0.2092 0.9344 0.2884
vn 0.2529 0.9460 0.2027
vn 0.0497 0.9702 0.2373
vn 0.1411 0.9237 0.3563
vn 0.0062 0.9658 0.2593
vn 0.0552 0.9149 0.3998
vn -0.0420 0.9628 0.2668
vn -0.0401 0.9091 0.4146
vn -0.0902 0.9616 0.2590
vn -0.1354 0.9068 0.3993
vn -0.1339 0.9623 0.2368
vn -0.2216 0.9081 0.3554
vn -0.1685 0.9647 0.2022
vn -0.2901 0.9129 0.2872
vn -0.1908 0.9687 0.1587
vn -0.3342 0.9208 0.2012
vn -0.1988 0.9738 0.1105
vn -0.3497 0.9309 0.1060
vn -0.1912 0.9796 0.0623
vn -0.3346 0.9423 0.0109
vn -0.1691 0.9854 0.0189
vn -0.2910 0.9538 -0.0749
vn -0.1346 0.9908 -0.0155
vn -0.2229 0.9643 -0.1429
vn -0.0911 0.9951 -0.0376
vn -0.1369 0.9729 -0.1865
vn -0.0428 0.9981 -0.0451
vn -0.0416 0.9786 -0.2013
vn 0.0055 0.9993 -0.0373
vn 0.0538 0.9811 -0.1860
vn 0.0491 0.9987 -0.0151
vn 0.1400 0.9799 -0.1420
vn 0.0838 0.9963 0.0194
vn 0.2084 0.9753 -0.0737
vn 0.1061 0.9924 0.0630
vn 0.2525 0.9675 0.0123
vn 0.1138 0.9872 0.1113
vn 0.2678 0.9575 0.1075
vn 0.3291 0.8701 0.3668
vn 0.3933 0.8873 0.2409
vn 0.2290 0.8544 0.4665
vn 0.1027 0.8415 0.5304
vn -0.0372 0.8330 0.5521
vn -0.1772 0.8295 0.5297
vn -0.3038 0.8314 0.4652
vn -0.4044 0.8386 0.3650
vn -0.4693 0.8502 0.2388
vn -0.4918 0.8651 0.0989
vn -0.4699 0.8818 -0.0409
vn -0.4058 0.8986 -0.1669
vn -0.3056 0.9140 -0.2667
vn -0.1794 0.9266 -0.3306
vn -0.0393 0.9350 -0.3524
vn 0.1008 0.9386 -0.3299
vn 0.2273 0.9369 -0.2655
vn 0.3279 0.9302 -0.1651
vn 0.3928 0.9188 -0.0388
vn 0.4152 0.9041 0.1012
vn 0.4408 0.7845 0.4362
vn 0.5240 0.8067 0.2733
vn 0.3111 0.7640 0.5652
vn 0.1478 0.7474 0.6477
vn -0.0333 0.7363 0.6758
vn -0.2146 0.7318 0.6468
vn -0.3784 0.7344 0.5635
vn -0.5087 0.7437 0.4338
vn -0.5926 0.7587 0.2705
vn -0.6219 0.7780 0.0894
vn -0.5937 0.7995 -0.0916
vn -0.5105 0.8213 -0.2548
vn -0.3808 0.8412 -0.3839
vn -0.2174 0.8573 -0.4666
vn -0.0361 0.8683 -0.4947
vn 0.1453 0.8729 -0.4657
vn 0.3091 0.8708 -0.3822
vn 0.4394 0.8621 -0.2524
vn 0.5233 0.8475 -0.0889
vn 0.5525 0.8284 0.0923
vn 0.5417 0.6795 0.4948
vn 0.6418 0.7063 0.2988
vn 0.3856 0.6550 0.6498
vn 0.1891 0.6350 0.7490
vn -0.0287 0.6217 0.7827
vn -0.2466 0.6163 0.7479
vn -0.4436 0.6193 0.6478
vn -0.6005 0.6304 0.4920
vn -0.7015 0.6486 0.2955
vn -0.7368 0.6716 0.0776
vn -0.7027 0.6975 -0.1401
vn -0.6027 0.7237 -0.3363
vn -0.4466 0.7475 -0.4916
vn -0.2500 0.7670 -0.5909
vn -0.0320 0.7801 -0.6248
vn 0.1861 0.7858 -0.5899
vn 0.3832 0.7833 -0.4895
vn 0.5399 0.7728 -0.3335
vn 0.6409 0.7553 -0.1368
vn 0.6760 0.7324 0.0811
vn 0.6292 0.5579 0.5412
vn 0.7438 0.5884 0.3170
vn 0.4506 0.5298 0.7185
vn 0.2258 0.5071 0.8318
vn -0.0233 0.4918 0.8704
vn -0.2726 0.4856 0.8306
vn -0.4979 0.4891 0.7161
vn -0.6773 0.5018 0.5380
vn -0.7931 0.5224 0.3133
vn -0.8335 0.5488 0.0640
vn -0.7944 0.5784 -0.1852
vn -0.6799 0.6083 -0.4095
vn -0.5013 0.6356 -0.5871
vn -0.2764 0.6578 -0.7006
vn -0.0271 0.6728 -0.7393
vn 0.2223 0.6793 -0.6994
vn 0.4478 0.6765 -0.5847
vn 0.6272 0.6645 -0.4063
vn 0.7428 0.6445 -0.1814
vn 0.7830 0.6183 0.0680
vn 0.7011 0.4227 0.5743
vn 0.8275 0.4560 0.3275
vn 0.5044 0.3918 0.7695
vn 0.2569 0.3667 0.8942
vn -0.0174 0.3501 0.9366
vn -0.2918 0.3432 0.8928
vn -0.5400 0.3469 0.7668
vn -0.7376 0.3608 0.5707
vn -0.8652 0.3834 0.3233
vn -0.9097 0.4125 0.0488
vn -0.8666 0.4450 -0.2256
vn -0.7404 0.4779 -0.4727
vn -0.5436 0.5081 -0.6681
vn -0.2960 0.5326 -0.7929
vn -0.0216 0.5492 -0.8354
vn 0.2530 0.5563 -0.7915
vn 0.5013 0.5531 -0.6655
vn 0.6989 0.5399 -0.4691
vn 0.8263 0.5178 -0.2214
vn 0.8707 0.4890 0.0532
vn 0.7559 0.2768 0.5933
vn 0.8908 0.3126 0.3298
vn 0.5459 0.2440 0.8015
vn 0.2816 0.2175 0.9345
vn -0.0110 0.1998 0.9798
vn -0.3038 0.1922 0.9331
vn -0.5688 0.1963 0.7987
vn -0.7798 0.2108 0.5895
vn -0.9159 0.2350 0.3254
vn -0.9635 0.2659 0.0323
vn -0.9174 0.3007 -0.2605
vn -0.7826 0.3360 -0.5241
vn -0.5725 0.3681 -0.7326
vn -0.3083 0.3944 -0.8657
vn -0.0155 0.4121 -0.9110
vn 0.2775 0.4196 -0.8643
vn 0.5424 0.4161 -0.7298
vn 0.7535 0.4020 -0.5203
vn 0.8895 0.3785 -0.2560
vn 0.9369 0.3476 0.0371
vn 0.7920 0.1243 0.5977
vn 0.9322 0.1612 0.3241
vn 0.5740 0.0903 0.8139
vn 0.2995 0.0629 0.9520
vn -0.0044 0.0446 0.9990
vn -0.3085 0.0365 0.9505
vn -0.5836 0.0406 0.8111
vn -0.8027 0.0560 0.5937
vn -0.9442 0.0807 0.3194
vn -0.9935 0.1128 0.0151
vn -0.9457 0.1490 -0.2890
vn -0.8056 0.1853 -0.5627
vn -0.5874 0.2193 -0.7790
vn -0.3130 0.2465 -0.9172
vn -0.0090 0.2648 -0.9643
vn 0.2952 0.2727 -0.9157
vn 0.5703 0.2689 -0.7762
vn 0.7895 0.2539 -0.5588
vn 0.9308 0.2299 -0.2843
vn 0.9802 0.1972 0.0200
vn 0.8088 -0.0307 0.5873
vn 0.9506 0.0065 0.3103
vn 0.5880 -0.0650 0.8063
vn 0.3101 -0.0927 0.9462
vn 0.0023 -0.1114 0.9938
vn -0.3057 -0.1194 0.9446
vn -0.5842 -0.1155 0.8034
vn -0.8060 -0.1002 0.5833
vn -0.9492 -0.0754 0.3056
vn -0.9991 -0.0433 -0.0024
vn -0.9506 -0.0062 -0.3103
vn -0.8088 0.0309 -0.5872
vn -0.5879 0.0652 -0.8063
vn -0.3101 0.0930 -0.9462
vn -0.0023 0.1114 -0.9938
vn 0.3056 0.1194 -0.9446
vn 0.5842 0.1155 -0.8034
vn 0.8061 0.1004 -0.5833
vn 0.9492 0.0752 -0.3057
vn 0.9991 0.0430 0.0024
vn 0.8056 -0.1854 0.5627
vn 0.9457 -0.1490 0.2890
vn 0.5874 -0.2192 0.7790
vn 0.3130 -0.2463 0.9173
vn 0.0090 -0.2649 0.9642
vn -0.2952 -0.2727 0.9157
vn -0.5703 -0.2688 0.7762
vn -0.7895 -0.2540 0.5587
vn -0.9309 -0.2291 0.2844
vn -0.9801 -0.1975 -0.0200
vn -0.9322 -0.1613 -0.3241
vn -0.7921 -0.1242 -0.5977
vn -0.5740 -0.0901 -0.8139
vn -0.2995 -0.0629 -0.9520
vn 0.0044 -0.0446 -0.9990
vn 0.3085 -0.0369 -0.9505
vn 0.5835 -0.0409 -0.8111
vn 0.8027 -0.0559 -0.5937
vn 0.9442 -0.0807 -0.3194
vn 0.9935 -0.1127 -0.0151
vn 0.7826 -0.3359 0.5241
vn 0.9175 -0.3007 0.2605
vn 0.5726 -0.3682 0.7325
vn 0.3082 -0.3944 0.8657
vn 0.0155 -0.4119 0.9111
vn -0.2775 -0.4194 0.8643
vn -0.5424 -0.4162 0.7298
vn -0.7535 -0.4019 0.5203
vn -0.8896 -0.3783 0.2560
vn -0.9370 -0.3475 -0.0371
vn -0.8908 -0.3126 -0.3298
vn -0.7558 -0.2769 -0.5933
vn -0.5458 -0.2442 -0.8015
vn -0.2816 -0.2177 -0.9345
vn 0.0110 -0.1997 -0.9798
vn 0.3039 -0.1924 -0.9331
vn 0.5687 -0.1963 -0.7988
vn 0.7797 -0.2110 -0.5895
vn 0.9160 -0.2349 -0.3253
vn 0.9635 -0.2659 -0.0323
vn 0.7404 -0.4780 0.4726
vn 0.8666 -0.4450 0.2256
vn 0.5436 -0.5081 0.6680
vn 0.2959 -0.5326 0.7930
vn 0.0216 -0.5492 0.8354
vn -0.2530 -0.5562 0.7916
vn -0.5012 -0.5531 0.6655
vn -0.6989 -0.5399 0.4691
vn -0.8263 -0.5179 0.2214
vn -0.8707 -0.4890 -0.0532
vn -0.8274 -0.4561 -0.3275
vn -0.7011 -0.4226 -0.5743
vn -0.5044 -0.3918 -0.7695
vn -0.2569 -0.3668 -0.8941
vn 0.0174 -0.3500 -0.9366
vn 0.2918 -0.3432 -0.8928
vn 0.5399 -0.3470 -0.7669
vn 0.7376 -0.3609 -0.5707
vn 0.8651 -0.3834 -0.3233
vn 0.9097 -0.4125 -0.0488
vn 0.6799 -0.6083 0.4095
vn 0.7944 -0.5784 0.1851
vn 0.5013 -0.6356 0.5871
vn 0.2763 -0.6579 0.7006
vn 0.0271 -0.6728 0.7393
vn -0.2223 -0.6793 0.6994
vn -0.4478 -0.6765 0.5847
vn -0.6271 -0.6645 0.4063
vn -0.7428 -0.6445 0.1813
vn -0.7830 -0.6183 -0.0680
vn -0.7437 -0.5885 -0.3171
vn -0.6291 -0.5580 -0.5412
vn -0.4506 -0.5298 -0.7185
vn -0.2258 -0.5070 -0.8319
vn 0.0233 -0.4918 -0.8704
vn 0.2726 -0.4856 -0.8306
vn 0.4980 -0.4890 -0.7162
vn 0.6773 -0.5018 -0.5380
vn 0.7931 -0.5224 -0.3132
vn 0.8335 -0.5488 -0.0640
vn 0.6026 -0.7237 0.3363
vn 0.7027 -0.6975 0.1401
vn 0.4466 -0.7476 0.4916
vn 0.2500 -0.7670 0.5909
vn 0.0320 -0.7801 0.6248
vn -0.1861 -0.7858 0.5898
vn -0.3832 -0.7833 0.4895
vn -0.5400 -0.7728 0.3334
vn -0.6409 -0.7553 0.1368
vn -0.6760 -0.7324 -0.0811
vn -0.6417 -0.7063 -0.2988
vn -0.5417 -0.6796 -0.4948
vn -0.3857 -0.6549 -0.6499
vn -0.1891 -0.6350 -0.7490
vn 0.0286 -0.6216 -0.7828
vn 0.2466 -0.6163 -0.7479
vn 0.4436 -0.6193 -0.6478
vn 0.6004 -0.6305 -0.4920
vn 0.7015 -0.6485 -0.2955
vn 0.7368 -0.6716 -0.0776
vn 0.5105 -0.8213 0.2547
vn 0.5936 -0.7995 0.0916
vn 0.3808 -0.8412 0.3840
vn 0.2174 -0.8573 0.4667
vn 0.0361 -0.8683 0.4948
vn -0.1453 -0.8729 0.4657
vn -0.3091 -0.8708 0.3822
vn -0.4394 -0.8621 0.2524
vn -0.5232 -0.8476 0.0889
vn -0.5524 -0.8284 -0.0923
vn -0.5241 -0.8066 -0.2733
vn -0.4408 -0.7845 -0.4362
vn -0.3112 -0.7640 -0.5652
vn -0.1478 -0.7474 -0.6477
vn 0.0333 -0.7363 -0.6758
vn 0.2146 -0.7319 -0.6468
vn 0.3784 -0.7344 -0.5635
vn 0.5087 -0.7437 -0.4338
vn 0.5927 -0.7586 -0.2705
vn 0.6220 -0.7779 -0.0894
vn 0.4275 -0.8849 0.1848
vn 0.4956 -0.8671 0.0511
vn 0.3212 -0.9013 0.2906
vn 0.1873 -0.9146 0.3584
vn 0.0388 -0.9235 0.3815
vn -0.1099 -0.9273 0.3578
vn -0.2441 -0.9256 0.2892
vn -0.3508 -0.9184 0.1828
vn -0.4195 -0.9064 0.0488
vn -0.4434 -0.8908 -0.0996
vn -0.4201 -0.8730 -0.2478
vn -0.3520 -0.8548 -0.3814
vn -0.2458 -0.8380 -0.4871
vn -0.1120 -0.8244 -0.5548
vn 0.0365 -0.8153 -0.5779
vn 0.1850 -0.8116 -0.5541
vn 0.3193 -0.8137 -0.4857
vn 0.4260 -0.8213 -0.3794
vn 0.4947 -0.8336 -0.2456
vn 0.5188 -0.8494 -0.0972
vn 0.2267 -0.9736 0.0250
vn 0.2589 -0.9651 -0.0384
vn 0.1764 -0.9814 0.0753
vn 0.1128 -0.9878 0.1074
vn 0.0424 -0.9921 0.1184
vn -0.0281 -0.9939 0.1070
vn -0.0918 -0.9930 0.0745
vn -0.1424 -0.9895 0.0241
vn -0.1750 -0.9838 -0.0395
vn -0.1863 -0.9763 -0.1099
vn -0.1753 -0.9679 -0.1802
vn -0.1430 -0.9593 -0.2435
vn -0.0927 -0.9514 -0.2938
vn -0.0291 -0.9450 -0.3259
vn 0.0413 -0.9407 -0.3368
vn 0.1117 -0.9389 -0.3255
vn 0.1754 -0.9399 -0.2931
vn 0.2260 -0.9434 -0.2426
vn 0.2586 -0.9492 -0.1791
vn 0.2699 -0.9567 -0.1087
vn 0.0458 -0.9928 -0.1103
vn 0.0462 -0.9927 -0.1111
vn 0.0452 -0.9929 -0.1097
vn 0.0439 -0.9931 -0.1090
vn 0.0429 -0.9931 -0.1087
vn 0.0417 -0.9932 -0.1090
vn 0.0406 -0.9931 -0.1096
vn 0.0402 -0.9931 -0.1101
vn 0.0398 -0.9930 -0.1110
vn 0.0396 -0.9929 -0.1121
vn 0.0397 -0.9927 -0.1138
vn 0.0402 -0.9926 -0.1145
vn 0.0411 -0.9925 -0.1152
vn 0.0419 -0.9924 -0.1156
vn 0.0429 -0.9924 -0.1157
vn 0.0438 -0.9923 -0.1157
vn 0.0452 -0.9923 -0.1149
vn 0.0458 -0.9924 -0.1144
vn 0.0460 -0.9925 -0.1136
vn 0.0464 -0.9926 -0.1121
vn -0.0429 0.9928 0.1122
vn 0.0429 -0.9927 -0.1123
vn -0.1063 0.9815 0.1593
vn -0.2529 0.9460 0.2027
vn -0.2092 0.9344 0.2884
vn -0.0841 0.9756 0.2027
vn -0.1411 0.9237 0.3563
vn -0.0495 0.9702 0.2373
vn -0.0552 0.9149 0.3998
vn -0.0062 0.9658 0.2593
vn 0.0401 0.9091 0.4146
vn 0.0419 0.9628 0.2668
vn 0.1355 0.9067 0.3994
vn 0.0904 0.9616 0.2590
vn 0.2216 0.9081 0.3554
vn 0.1341 0.9623 0.2367
vn 0.2901 0.9129 0.2872
vn 0.1686 0.9647 0.2023
vn 0.3342 0.9208 0.2012
vn 0.1909 0.9687 0.1586
vn 0.3496 0.9309 0.1060
vn 0.1987 0.9738 0.1105
vn 0.3347 0.9423 0.0109
vn 0.1912 0.9796 0.0623
vn 0.2910 0.9538 -0.0749
vn 0.1691 0.9854 0.0189
vn 0.2229 0.9643 -0.1430
vn 0.1346 0.9908 -0.0155
vn 0.1369 0.9729 -0.1865
vn 0.0911 0.9951 -0.0376
vn 0.0416 0.9786 -0.2013
vn 0.0428 0.9981 -0.0451
vn -0.0538 0.9811 -0.1860
vn -0.0055 0.9993 -0.0373
vn -0.1400 0.9799 -0.1422
vn -0.0492 0.9987 -0.0150
vn -0.2084 0.9753 -0.0737
vn -0.0838 0.9963 0.0195
vn -0.2526 0.9675 0.0123
vn -0.1060 0.9924 0.0629
vn -0.2678 0.9575 0.1075
vn -0.1138 0.9872 0.1113
vn -0.3934 0.8872 0.2409
vn -0.3291 0.8701 0.3668
vn -0.2289 0.8544 0.4665
vn -0.1028 0.8415 0.5303
vn 0.0372 0.8330 0.5520
vn 0.1773 0.8295 0.5297
vn 0.3038 0.8314 0.4652
vn 0.4044 0.8386 0.3650
vn 0.4693 0.8502 0.2388
vn 0.4918 0.8651 0.0989
vn 0.4699 0.8818 -0.0409
vn 0.4058 0.8986 -0.1669
vn 0.3056 0.9140 -0.2667
vn 0.1794 0.9265 -0.3306
vn 0.0393 0.9350 -0.3524
vn -0.1008 0.9386 -0.3300
vn -0.2274 0.9369 -0.2654
vn -0.3280 0.9301 -0.1651
vn -0.3927 0.9188 -0.0388
vn -0.4153 0.9040 0.1012
vn -0.5240 0.8067 0.2732
vn -0.4408 0.7845 0.4362
vn -0.3112 0.7640 0.5652
vn -0.1478 0.7474 0.6477
vn 0.0333 0.7362 0.6759
vn 0.2146 0.7319 0.6468
vn 0.3784 0.7344 0.5635
vn 0.5088 0.7436 0.4338
vn 0.5926 0.7587 0.2704
vn 0.6219 0.7780 0.0894
vn 0.5936 0.7995 -0.0916
vn 0.5105 0.8213 -0.2547
vn 0.3808 0.8412 -0.3840
vn 0.2174 0.8573 -0.4667
vn 0.0361 0.8683 -0.4948
vn -0.1452 0.8730 -0.4657
vn -0.3091 0.8708 -0.3822
vn -0.4394 0.8621 -0.2524
vn -0.5232 0.8476 -0.0889
vn -0.5524 0.8284 0.0923
vn -0.6418 0.7063 0.2988
vn -0.5416 0.6796 0.4948
vn -0.3857 0.6549 0.6499
vn -0.1891 0.6350 0.7490
vn 0.0287 0.6216 0.7828
vn 0.2466 0.6163 0.7479
vn 0.4436 0.6193 0.6478
vn 0.6004 0.6304 0.4920
vn 0.7015 0.6485 0.2955
vn 0.7368 0.6717 0.0776
vn 0.7027 0.6975 -0.1401
vn 0.6026 0.7237 -0.3363
vn 0.4466 0.7476 -0.4916
vn 0.2500 0.7670 -0.5910
vn 0.0320 0.7802 -0.6248
vn -0.1861 0.7858 -0.5899
vn -0.3832 0.7833 -0.4895
vn -0.5400 0.7728 -0.3335
vn -0.6409 0.7553 -0.1368
vn -0.6760 0.7324 0.0811
vn -0.7438 0.5884 0.3171
vn -0.6292 0.5579 0.5412
vn -0.4506 0.5298 0.7185
vn -0.2258 0.5071 0.8318
vn 0.0233 0.4918 0.8704
vn 0.2726 0.4856 0.8306
vn 0.4979 0.4891 0.7161
vn 0.6773 0.5018 0.5380
vn 0.7931 0.5224 0.3133
vn 0.8335 0.5488 0.0640
vn 0.7944 0.5785 -0.1851
vn 0.6799 0.6083 -0.4095
vn 0.5013 0.6356 -0.5871
vn 0.2764 0.6578 -0.7006
vn 0.0271 0.6727 -0.7394
vn -0.2223 0.6793 -0.6994
vn -0.4478 0.6765 -0.5847
vn -0.6272 0.6645 -0.4063
vn -0.7427 0.6446 -0.1813
vn -0.7830 0.6183 0.0680
vn -0.8274 0.4562 0.3275
vn -0.7012 0.4226 0.5743
vn -0.5044 0.3919 0.7694
vn -0.2569 0.3667 0.8942
vn 0.0174 0.3498 0.9366
vn 0.2918 0.3432 0.8928
vn 0.5400 0.3469 0.7669
vn 0.7377 0.3608 0.5707
vn 0.8652 0.3833 0.3233
vn 0.9097 0.4124 0.0488
vn 0.8666 0.4451 -0.2256
vn 0.7404 0.4780 -0.4727
vn 0.5436 0.5082 -0.6680
vn 0.2960 0.5325 -0.7930
vn 0.0215 0.5492 -0.8354
vn -0.2531 0.5562 -0.7916
vn -0.5013 0.5531 -0.6655
vn -0.6989 0.5399 -0.4691
vn -0.8264 0.5178 -0.2214
vn -0.8707 0.4890 0.0532
vn -0.8907 0.3127 0.3299
vn -0.7558 0.2770 0.5933
vn -0.5459 0.2441 0.8015
vn -0.2816 0.2176 0.9345
vn 0.0110 0.1998 0.9798
vn 0.3038 0.1925 0.9331
vn 0.5688 0.1962 0.7987
vn 0.7797 0.2109 0.5895
vn 0.9159 0.2348 0.3254
vn 0.9635 0.2658 0.0323
vn 0.9174 0.3007 -0.2605
vn 0.7826 0.3360 -0.5241
vn 0.5726 0.3682 -0.7325
vn 0.3083 0.3944 -0.8657
vn 0.0155 0.4120 -0.9111
vn -0.2775 0.4197 -0.8642
vn -0.5424 0.4160 -0.7298
vn -0.7534 0.4020 -0.5204
vn -0.8896 0.3782 -0.2560
vn -0.9370 0.3475 0.0371
vn -0.9322 0.1612 0.3241
vn -0.7920 0.1244 0.5977
vn -0.5739 0.0904 0.8139
vn -0.2995 0.0629 0.9520
vn 0.0045 0.0446 0.9990
vn 0.3085 0.0366 0.9505
vn 0.5836 0.0406 0.8110
vn 0.8027 0.0559 0.5937
vn 0.9442 0.0806 0.3194
vn 0.9935 0.1128 0.0151
vn 0.9457 0.1488 -0.2890
vn 0.8056 0.1853 -0.5627
vn 0.5874 0.2191 -0.7791
vn 0.3130 0.2465 -0.9172
vn 0.0090 0.2650 -0.9642
vn -0.2952 0.2726 -0.9157
vn -0.5703 0.2690 -0.7761
vn -0.7894 0.2543 -0.5587
vn -0.9308 0.2297 -0.2844
vn -0.9801 0.1975 0.0200
vn -0.9506 0.0064 0.3103
vn -0.8087 -0.0308 0.5874
vn -0.5879 -0.0651 0.8063
vn -0.3101 -0.0929 0.9462
vn -0.0023 -0.1114 0.9938
vn 0.3056 -0.1192 0.9447
vn 0.5841 -0.1155 0.8034
vn 0.8060 -0.1004 0.5834
vn 0.9492 -0.0754 0.3056
vn 0.9991 -0.0429 -0.0025
vn 0.9506 -0.0061 -0.3104
vn 0.8088 0.0308 -0.5873
vn 0.5879 0.0650 -0.8063
vn 0.3101 0.0929 -0.9462
vn 0.0024 0.1114 -0.9938
vn -0.3057 0.1193 -0.9446
vn -0.5841 0.1153 -0.8034
vn -0.8060 0.1004 -0.5833
vn -0.9492 0.0755 -0.3055
vn -0.9991 0.0433 0.0025
vn -0.9457 -0.1489 0.2890
vn -0.8056 -0.1855 0.5627
vn -0.5874 -0.2193 0.7790
vn -0.3130 -0.2466 0.9172
vn -0.0090 -0.2649 0.9642
vn 0.2952 -0.2726 0.9157
vn 0.5703 -0.2691 0.7761
vn 0.7895 -0.2539 0.5588
vn 0.9308 -0.2294 0.2844
vn 0.9802 -0.1971 -0.0200
vn 0.9322 -0.1612 -0.3241
vn 0.7920 -0.1243 -0.5977
vn 0.5740 -0.0901 -0.8139
vn 0.2995 -0.0629 -0.9520
vn -0.0044 -0.0445 -0.9990
vn -0.3085 -0.0369 -0.9505
vn -0.5835 -0.0407 -0.8111
vn -0.8027 -0.0560 -0.5938
vn -0.9442 -0.0805 -0.3194
vn -0.9935 -0.1128 -0.0151
vn -0.9174 -0.3008 0.2605
vn -0.7825 -0.3361 0.5241
vn -0.5725 -0.3682 0.7326
vn -0.3083 -0.3944 0.8657
vn -0.0155 -0.4119 0.9111
vn 0.2775 -0.4196 0.8642
vn 0.5425 -0.4160 0.7298
vn 0.7535 -0.4019 0.5203
vn 0.8895 -0.3785 0.2560
vn 0.9369 -0.3476 -0.0371
vn 0.8908 -0.3126 -0.3298
vn 0.7558 -0.2770 -0.5933
vn 0.5458 -0.2442 -0.8015
vn 0.2816 -0.2175 -0.9345
vn -0.0110 -0.1998 -0.9798
vn -0.3039 -0.1922 -0.9331
vn -0.5687 -0.1963 -0.7988
vn -0.7798 -0.2108 -0.5895
vn -0.9159 -0.2348 -0.3254
vn -0.9635 -0.2658 -0.0323
vn -0.8666 -0.4450 0.2256
vn -0.7403 -0.4781 0.4726
vn -0.5436 -0.5082 0.6680
vn -0.2960 -0.5326 0.7929
vn -0.0215 -0.5491 0.8355
vn 0.2530 -0.5562 0.7916
vn 0.5013 -0.5530 0.6655
vn 0.6988 -0.5400 0.4691
vn 0.8264 -0.5178 0.2214
vn 0.8707 -0.4890 -0.0532
vn 0.8274 -0.4562 -0.3275
vn 0.7011 -0.4227 -0.5743
vn 0.5044 -0.3918 -0.7695
vn 0.2569 -0.3668 -0.8941
vn -0.0174 -0.3501 -0.9366
vn -0.2918 -0.3432 -0.8928
vn -0.5399 -0.3469 -0.7669
vn -0.7376 -0.3608 -0.5708
vn -0.8652 -0.3833 -0.3233
vn -0.9097 -0.4123 -0.0488
vn -0.7944 -0.5785 0.1851
vn -0.6799 -0.6083 0.4095
vn -0.5013 -0.6357 0.5871
vn -0.2764 -0.6578 0.7006
vn -0.0271 -0.6728 0.7393
vn 0.2223 -0.6793 0.6993
vn 0.4478 -0.6764 0.5848
vn 0.6271 -0.6646 0.4062
vn 0.7428 -0.6445 0.1813
vn 0.7830 -0.6183 -0.0680
vn 0.7437 -0.5885 -0.3171
vn 0.6291 -0.5580 -0.5412
vn 0.4506 -0.5298 -0.7185
vn 0.2258 -0.5070 -0.8319
vn -0.0233 -0.4917 -0.8704
vn -0.2726 -0.4856 -0.8306
vn -0.4980 -0.4891 -0.7161
vn -0.6773 -0.5018 -0.5380
vn -0.7931 -0.5224 -0.3133
vn -0.8334 -0.5489 -0.0640
vn -0.7027 -0.6976 0.1401
vn -0.6026 -0.7237 0.3363
vn -0.4466 -0.7476 0.4916
vn -0.2500 -0.7670 0.5909
vn -0.0320 -0.7801 0.6248
vn 0.1861 -0.7857 0.5899
vn 0.3831 -0.7833 0.4895
vn 0.5399 -0.7729 0.3334
vn 0.6409 -0.7553 0.1368
vn 0.6761 -0.7323 -0.0811
vn 0.6418 -0.7063 -0.2988
vn 0.5417 -0.6796 -0.4948
vn 0.3857 -0.6549 -0.6499
vn 0.1891 -0.6350 -0.7490
vn -0.0286 -0.6216 -0.7828
vn -0.2466 -0.6163 -0.7479
vn -0.4436 -0.6193 -0.6478
vn -0.6004 -0.6305 -0.4919
vn -0.7015 -0.6485 -0.2955
vn -0.7368 -0.6716 -0.0776
vn -0.5936 -0.7995 0.0916
vn -0.5105 -0.8213 0.2547
vn -0.3808 -0.8412 0.3839
vn -0.2174 -0.8573 0.4666
vn -0.0361 -0.8683 0.4948
vn 0.1453 -0.8729 0.4657
vn 0.3091 -0.8708 0.3822
vn 0.4394 -0.8621 0.2524
vn 0.5232 -0.8475 0.0889
vn 0.5524 -0.8285 -0.0923
vn 0.5240 -0.8067 -0.2732
vn 0.4408 -0.7845 -0.4362
vn 0.3112 -0.7640 -0.5652
vn 0.1478 -0.7474 -0.6477
vn -0.0333 -0.7363 -0.6758
vn -0.2146 -0.7318 -0.6468
vn -0.3784 -0.7343 -0.5635
vn -0.5087 -0.7436 -0.4338
vn -0.5926 -0.7587 -0.2705
vn -0.6220 -0.7779 -0.0894
vn -0.4956 -0.8671 0.0511
vn -0.4275 -0.8849 0.1848
vn -0.3212 -0.9013 0.2906
vn -0.1873 -0.9146 0.3583
vn -0.0388 -0.9235 0.3816
vn 0.1099 -0.9273 0.3577
vn 0.2442 -0.9256 0.2892
vn 0.3508 -0.9184 0.1828
vn 0.4195 -0.9064 0.0488
vn 0.4434 -0.8908 -0.0996
vn 0.4201 -0.8730 -0.2478
vn 0.3520 -0.8548 -0.3813
vn 0.2459 -0.8380 -0.4871
vn 0.1120 -0.8244 -0.5548
vn -0.0365 -0.8154 -0.5778
vn -0.1850 -0.8116 -0.5541
vn -0.3192 -0.8138 -0.4857
vn -0.4260 -0.8213 -0.3795
vn -0.4948 -0.8336 -0.2456
vn -0.5187 -0.8494 -0.0972
vn -0.2589 -0.9651 -0.0384
vn -0.2267 -0.9736 0.0250
vn -0.1764 -0.9814 0.0752
vn -0.1128 -0.9878 0.1074
vn -0.0424 -0.9921 0.1184
vn 0.0282 -0.9939 0.1070
vn 0.0919 -0.9930 0.0746
vn 0.1424 -0.9895 0.0241
vn 0.1750 -0.9838 -0.0395
vn 0.1863 -0.9763 -0.1099
vn 0.1753 -0.9679 -0.1802
vn 0.1430 -0.9593 -0.2435
vn 0.0926 -0.9514 -0.2938
vn 0.0291 -0.9450 -0.3259
vn -0.0413 -0.9406 -0.3369
vn -0.1117 -0.9389 -0.3255
vn -0.1753 -0.9399 -0.2931
vn -0.2260 -0.9434 -0.2426
vn -0.2586 -0.9492 -0.1791
vn -0.2699 -0.9567 -0.1087
vn -0.0462 -0.9927 -0.1115
vn -0.0454 -0.9929 -0.1103
vn -0.0448 -0.9930 -0.1093
vn -0.0440 -0.9931 -0.1091
vn -0.0429 -0.9931 -0.1089
vn -0.0419 -0.9931 -0.1094
vn -0.0411 -0.9931 -0.1096
vn -0.0402 -0.9931 -0.1103
vn -0.0398 -0.9930 -0.1111
vn -0.0396 -0.9928 -0.1126
vn -0.0398 -0.9927 -0.1138
vn -0.0399 -0.9927 -0.1139
vn -0.0409 -0.9925 -0.1149
vn -0.0420 -0.9925 -0.1152
vn -0.0429 -0.9924 -0.1156
vn -0.0440 -0.9924 -0.1152
vn -0.0451 -0.9924 -0.1149
vn -0.0458 -0.9924 -0.1141
vn -0.0463 -0.9925 -0.1132
vn -0.0464 -0.9926 -0.1124
vn 0.0430 0.9927 0.1123
vn -0.0430 -0.9928 -0.1122
vn 0.1297 -0.4335 -0.8918
vn 0.1388 -0.3887 -0.9108
vn 0.1637 -0.4004 -0.9016
vn 0.0898 -0.4734 -0.8762
vn 0.0518 -0.4619 -0.8854
vn 0.0283 -0.4010 -0.9156
vn -0.0813 -0.5170 -0.8521
vn -0.0530 -0.5392 -0.8405
vn 0.0653 -0.2104 -0.9754
vn -0.0927 -0.1936 -0.9767
vn -0.1057 -0.3571 -0.9281
vn 0.0098 -0.3745 -0.9272
vn -0.2831 -0.3470 -0.8941
vn -0.2654 -0.5067 -0.8202
vn -0.1155 -0.5101 -0.8523
vn -0.4242 -0.3653 -0.8286
vn -0.4765 -0.3823 -0.7917
vn -0.3810 -0.5528 -0.7411
vn -0.3567 -0.5343 -0.7663
vn -0.0457 -0.5264 -0.8490
vn 0.1167 -0.4002 -0.9090
vn 0.1625 -0.4224 -0.8917
vn -0.2791 -0.6934 0.6643
vn -0.2311 -0.7220 0.6521
vn -0.2311 -0.7220 0.6522
vn -0.3097 -0.6550 0.6892
vn -0.3092 -0.6484 0.6957
vn -0.3097 -0.6549 0.6894
vn 0.0406 -0.8040 0.5932
vn -0.0032 -0.7794 0.6266
vn -0.0033 -0.7793 0.6266
vn -0.1740 -0.7831 0.5971
vn -0.1195 -0.8156 0.5662
vn 0.0201 -0.7972 0.6034
vn -0.0434 -0.8054 0.5911
vn 0.1202 -0.4775 -0.8704
vn 0.2078 -0.4433 -0.8720
vn 0.0148 -0.5411 -0.8408
vn 0.1555 -0.3760 -0.9135
vn 0.1373 -0.2731 -0.9521
vn -0.2921 -0.1761 -0.9400
vn -0.4762 -0.1822 -0.8603
vn -0.5524 -0.1964 -0.8101
vn -0.1959 -0.7382 0.6455
vn -0.1284 -0.4340 -0.8917
vn -0.0884 -0.4733 -0.8765
vn -0.1618 -0.4012 -0.9016
vn -0.1364 -0.3897 -0.9108
vn -0.0503 -0.4614 -0.8858
vn 0.0544 -0.5377 -0.8414
vn 0.0818 -0.5165 -0.8524
vn -0.0276 -0.4014 -0.9155
vn -0.0656 -0.2105 -0.9754
vn -0.0100 -0.3746 -0.9271
vn 0.1052 -0.3551 -0.9289
vn 0.0918 -0.1894 -0.9776
vn 0.1155 -0.5102 -0.8523
vn 0.2654 -0.5067 -0.8203
vn 0.2841 -0.3424 -0.8956
vn 0.4267 -0.3572 -0.8309
vn 0.3567 -0.5343 -0.7663
vn 0.3810 -0.5528 -0.7411
vn 0.4792 -0.3720 -0.7950
vn 0.0457 -0.5264 -0.8490
vn -0.1142 -0.4004 -0.9092
vn -0.1612 -0.4225 -0.8919
vn 0.2301 -0.7222 0.6523
vn 0.1951 -0.7379 0.6460
vn 0.1951 -0.7380 0.6460
vn 0.3086 -0.6548 0.6900
vn 0.3086 -0.6546 0.6901
vn 0.3079 -0.6482 0.6965
vn 0.0037 -0.7779 0.6284
vn 0.0284 -0.7503 0.6605
vn 0.0284 -0.7504 0.6604
vn 0.2782 -0.6934 0.6647
vn 0.2782 -0.6933 0.6648
vn 0.1192 -0.8151 0.5670
vn 0.0425 -0.8048 0.5920
vn -0.0209 -0.7962 0.6046
vn -0.0209 -0.7963 0.6046
vn -0.2078 -0.4433 -0.8720
vn -0.1202 -0.4775 -0.8704
vn -0.0138 -0.5401 -0.8415
vn -0.1539 -0.3766 -0.9135
vn -0.1362 -0.2743 -0.9519
vn 0.2935 -0.1663 -0.9414
vn 0.4795 -0.1650 -0.8619
vn 0.5558 -0.1744 -0.8128
vn 0.1736 -0.7825 0.5980
vn 0.1736 -0.7824 0.5981
vn -0.0401 -0.8030 0.5946
vn -0.0285 -0.7522 0.6583
vn -0.0286 -0.7522 0.6583
vn -0.3665 -0.7804 -0.5066
vn -0.3838 -0.7411 -0.5509
vn -0.6594 -0.7295 -0.1817
vn -0.5552 -0.8286 -0.0719
vn -0.6410 -0.2161 -0.7365
vn -0.5302 -0.1951 -0.8251
vn -0.8477 0.1836 -0.4977
vn -0.9301 0.1698 -0.3256
vn 0.9555 -0.2513 0.1543
vn 0.9562 -0.2091 0.2049
vn 0.9101 -0.3218 0.2609
vn 0.9119 -0.3564 0.2036
vn 0.9362 -0.3511 -0.0138
vn 0.9013 -0.4300 0.0526
vn 0.5554 -0.6081 -0.5672
vn 0.5480 -0.5809 -0.6019
vn 0.1454 -0.0542 -0.9879
vn 0.3214 -0.0259 -0.9466
vn -0.2777 -0.8585 -0.4312
vn 0.4620 -0.0283 -0.8864
vn 0.9614 -0.1430 0.2350
vn 0.9050 -0.3081 0.2934
vn 0.7495 -0.1849 -0.6356
vn 0.9666 0.1020 -0.2353
vn 0.9512 0.1886 -0.2442
vn 0.8409 -0.0357 -0.5400
vn 0.8755 0.2176 -0.4315
vn 0.7900 0.0290 -0.6124
vn -0.4420 0.4403 0.7815
vn -0.7709 0.2889 0.5677
vn -0.6746 0.2028 0.7098
vn -0.3047 0.3501 0.8858
vn -0.9681 0.0278 0.2492
vn -0.9562 -0.0966 0.2764
vn -0.9316 -0.3623 -0.0293
vn -0.3162 -0.5728 -0.7563
vn -0.2931 -0.5752 -0.7637
vn -0.9154 -0.4000 0.0445
vn -0.9379 -0.3377 -0.0794
vn -0.4092 -0.5677 -0.7143
vn -0.4790 0.6204 -0.6210
vn -0.2078 -0.0301 -0.9777
vn -0.2711 -0.0118 -0.9625
vn -0.5814 0.5748 -0.5759
vn 0.3361 -0.7979 -0.5003
vn 0.3791 -0.7618 -0.5253
vn -0.9496 -0.2772 0.1464
vn -0.9203 -0.3375 0.1981
vn -0.9135 -0.3297 -0.2383
vn -0.4943 -0.6625 -0.5627
vn -0.9531 0.1514 -0.2620
vn -0.6408 -0.2413 -0.7288
vn -0.6449 -0.4187 -0.6393
vn 0.6075 -0.5173 -0.6028
vn 0.5655 -0.1923 -0.8020
vn 0.6263 -0.3917 -0.6740
vn -0.9595 -0.1619 0.2305
vn -0.9686 0.0155 0.2482
vn -0.9609 -0.0375 0.2745
vn -0.3940 0.0127 -0.9190
vn -0.6604 0.5097 -0.5514
vn 0.5539 -0.8297 -0.0697
vn 0.6164 -0.7726 -0.1519
vn 0.3557 -0.7371 -0.5746
vn -0.9155 -0.3179 0.2465
vn -0.9653 -0.2385 0.1060
vn -0.9725 0.1279 0.1946
vn -0.9985 -0.0531 -0.0108
vn -0.9713 -0.1925 -0.1397
vn -0.9695 0.1499 0.1938
vn -0.9808 0.1901 0.0432
vn -0.9212 0.3779 0.0924
vn -0.8940 0.4063 -0.1889
vn -0.8676 0.4953 -0.0445
vn -0.9009 0.4339 0.0121
vn -0.8650 0.4961 -0.0755
vn -0.2984 0.7904 -0.5349
vn -0.0742 -0.4194 -0.9048
vn 0.9501 -0.0354 -0.3099
vn 0.4819 0.7952 -0.3680
vn -0.9570 0.2519 0.1438
vn -0.7969 0.4423 0.4114
vn -0.6866 0.6599 0.3051
vn -0.8448 0.5326 -0.0515
vn -0.8810 0.4654 -0.0858
vn -0.4815 0.8222 0.3036
vn -0.6256 0.7371 -0.2554
vn 0.7809 0.1288 0.6113
vn 0.7625 -0.0387 0.6459
vn 0.3050 0.2659 0.9145
vn 0.5110 -0.1325 0.8493
vn 0.3605 0.3368 0.8698
vn -0.2971 0.2616 0.9183
vn -0.6669 -0.0912 0.7395
vn -0.5880 -0.1001 0.8026
vn -0.2079 0.2812 0.9369
vn -0.1748 0.2001 0.9641
vn -0.5009 -0.3072 0.8091
vn -0.7928 -0.4034 0.4569
vn -0.4302 -0.9026 -0.0155
vn -0.1549 -0.0302 -0.9875
vn -0.2486 -0.9029 -0.3507
vn -0.7388 0.5567 -0.3798
vn -0.9302 -0.2983 0.2139
vn -0.9768 -0.2068 0.0559
vn -0.6668 0.6600 -0.3460
vn -0.6361 -0.7690 -0.0627
vn -0.6179 0.2464 -0.7467
vn -0.0011 0.7476 -0.6641
vn 0.9787 0.1018 0.1780
vn 0.9755 -0.0008 0.2201
vn 0.9690 -0.2030 0.1410
vn 0.9792 0.1950 0.0563
vn 0.9178 0.3721 0.1383
vn -0.8680 -0.3066 0.3906
vn -0.7111 -0.0084 0.7031
vn -0.7936 -0.4314 0.4290
vn -0.7562 0.5377 -0.3729
vn 0.0577 0.9241 -0.3777
vn 0.0548 0.9634 -0.2625
vn -0.0087 0.9638 -0.2663
vn 0.1277 0.9884 -0.0824
vn 0.2268 0.9498 -0.2156
vn -0.0633 0.6929 0.7183
vn 0.1579 0.6135 0.7738
vn -0.0390 0.8311 0.5548
vn 0.0998 0.8551 0.5087
vn -0.0341 0.8713 0.4895
vn 0.0826 0.9927 0.0876
vn 0.2032 0.9526 0.2263
vn 0.2357 0.9100 0.3410
vn 0.0005 0.9169 0.3990
vn 0.4039 0.8164 -0.4127
vn 0.1772 0.9112 -0.3718
vn 0.3305 0.8759 -0.3515
vn -0.5103 0.7161 -0.4762
vn -0.9029 -0.3440 -0.2577
vn 0.2221 0.8396 -0.4958
vn 0.0655 0.9254 -0.3732
vn 0.1790 0.9266 -0.3307
vn 0.3841 0.8484 -0.3642
vn 0.3879 0.6388 -0.6645
vn 0.6348 0.5288 -0.5634
vn 0.5052 0.6953 -0.5111
vn 0.6931 0.5923 -0.4109
vn 0.0498 0.8949 -0.4435
vn 0.0381 0.9561 -0.2905
vn -0.7388 -0.6074 -0.2920
vn -0.7710 -0.6298 0.0940
vn -0.5045 -0.8458 0.1738
vn -0.5662 -0.8217 -0.0650
vn -0.5348 -0.7653 -0.3582
vn -0.3742 0.8600 -0.3469
vn -0.2496 0.9354 0.2506
vn -0.3399 0.9373 -0.0774
vn -0.4483 0.8707 -0.2021
vn -0.3609 0.8224 -0.4397
vn -0.3580 0.8797 -0.3130
vn -0.3718 0.8900 -0.2639
vn -0.4241 0.8804 -0.2123
vn -0.1471 0.9053 -0.3984
vn -0.1018 0.9304 -0.3520
vn -0.3918 0.8648 -0.3140
vn -0.4437 0.8323 -0.3322
vn -0.2101 0.8995 -0.3831
vn -0.2622 0.9404 -0.2166
vn -0.3665 0.8225 -0.4349
vn -0.5444 0.8144 -0.2011
vn -0.6860 0.7110 -0.1544
vn -0.6661 0.6301 -0.3990
vn -0.6673 0.7112 -0.2212
vn -0.4761 0.7461 -0.4654
vn -0.4157 0.7858 -0.4580
vn -0.2417 0.8779 -0.4133
vn 0.4335 -0.6909 -0.5786
vn -0.0898 0.2131 -0.9729
vn 0.7511 -0.1184 -0.6495
vn 0.2455 0.5630 -0.7892
vn -0.1039 0.8469 -0.5216
vn 0.5437 0.7609 -0.3541
vn -0.1594 0.8644 -0.4768
vn -0.1688 0.9511 -0.2588
vn 0.6127 0.7114 -0.3443
vn -0.2430 0.8593 -0.4501
vn -0.2836 0.9003 -0.3303
vn 0.0288 0.9220 -0.3860
vn 0.5997 0.7563 -0.2615
vn 0.9983 -0.0449 0.0373
vn 0.9911 0.0293 0.1302
vn 0.9960 -0.0628 -0.0635
vn 0.8039 -0.4854 -0.3437
vn 0.6197 -0.6841 -0.3846
vn 0.6958 -0.7182 -0.0107
vn 0.8614 -0.4910 0.1300
vn 0.5554 -0.8303 -0.0453
vn 0.7342 -0.6640 0.1415
vn -0.3957 0.8283 -0.3966
vn -0.4568 0.7840 -0.4203
vn -0.2481 0.9048 -0.3461
vn 0.0132 0.9765 -0.2149
vn -0.9158 0.2334 -0.3269
vn -0.5421 -0.4828 -0.6878
vn -0.4777 -0.1276 -0.8692
vn -0.5568 -0.3381 -0.7587
vn 0.6398 -0.3413 -0.6886
vn 0.4423 -0.6881 -0.5752
vn 0.5718 -0.5335 -0.6232
vn 0.8956 -0.3720 -0.2439
vn 0.1926 0.2869 0.9384
vn 0.4848 -0.1317 0.8647
vn 0.1422 0.2712 0.9520
vn 0.1496 0.2822 0.9476
vn 0.1755 0.2535 0.9513
vn 0.0900 0.1998 0.9757
vn 0.0042 0.2623 0.9650
vn 0.0400 0.1925 0.9805
vn -0.1362 0.8110 0.5690
vn -0.2232 0.8787 0.4220
vn 0.3457 0.6757 0.6511
vn 0.2406 0.8453 0.4771
vn 0.0431 0.9227 0.3831
vn -0.0684 0.9915 0.1106
vn 0.5212 0.8328 0.1865
vn 0.6914 0.6320 0.3500
vn 0.2627 0.9590 0.1063
vn 0.2052 0.9676 -0.1468
vn 0.0396 0.9283 -0.3698
vn 0.4016 0.8661 -0.2975
vn 0.6812 0.7021 -0.2077
vn 0.4624 0.8563 -0.2300
vn 0.6635 0.7258 -0.1814
vn 0.6773 0.7060 -0.2069
vn 0.8332 0.5519 -0.0343
vn 0.8356 0.5183 -0.1819
vn 0.8418 0.5306 -0.0992
vn -0.1255 0.1927 0.9732
vn 0.0132 0.1932 0.9811
vn -0.0299 0.1899 0.9814
vn -0.2670 -0.2894 0.9192
vn 0.0178 -0.3287 0.9443
vn -0.1155 -0.4266 0.8970
vn -0.3700 -0.7077 0.6019
vn -0.1920 -0.7635 0.6166
vn -0.3940 -0.6789 -0.6196
vn 0.6116 0.0198 -0.7909
vn 0.2803 0.0138 -0.9598
vn -0.2451 -0.8851 -0.3957
vn -0.3928 -0.8013 -0.4512
vn 0.4233 0.0010 -0.9060
vn -0.8311 -0.5301 0.1684
vn -0.4350 -0.8303 0.3485
vn -0.1198 -0.9023 -0.4141
vn -0.2335 -0.8999 0.3683
vn -0.6602 -0.6952 0.2844
vn -0.2441 -0.8027 0.5442
vn -0.4292 -0.7541 0.4972
vn -0.8248 -0.4822 0.2953
vn -0.6479 -0.6443 0.4063
vn -0.8200 -0.4638 0.3353
vn -0.6406 -0.6023 0.4764
vn -0.7801 -0.4646 0.4190
vn -0.2247 -0.7696 0.5977
vn -0.4309 -0.7339 0.5251
vn -0.6437 -0.6152 0.4552
vn -0.6346 -0.6184 0.4635
vn 0.1579 0.0758 -0.9845
vn 0.1459 -0.4174 0.8969
vn 0.2693 -0.2970 0.9161
vn -0.0095 -0.7572 0.6531
vn 0.1977 -0.7479 0.6337
vn 0.4256 -0.6829 0.5938
vn -0.0433 -0.7826 0.6210
vn 0.1836 -0.7743 0.6056
vn -0.0466 -0.8291 0.5572
vn 0.1936 -0.8226 0.5347
vn -0.0367 -0.9323 0.3598
vn 0.1888 -0.9253 0.3289
vn -0.0029 -0.9284 -0.3714
vn 0.1227 -0.9347 -0.3335
vn 0.0208 0.0778 -0.9967
vn 0.0136 0.5640 -0.8256
vn -0.1147 -0.0303 -0.9929
vn 0.5300 -0.5994 0.5998
vn 0.6860 -0.5219 0.5070
vn 0.3959 -0.7243 0.5646
vn 0.7700 -0.5233 0.3651
vn 0.5636 -0.6810 0.4675
vn 0.4793 -0.6647 0.5732
vn 0.7795 -0.5475 0.3044
vn 0.4100 -0.7758 0.4796
vn 0.5952 -0.6956 0.4022
vn 0.7896 -0.5823 0.1935
vn 0.4027 -0.8619 0.3082
vn 0.6069 -0.7417 0.2855
vn 0.5361 -0.7038 -0.4661
vn 0.2514 -0.9050 -0.3432
vn 0.4109 -0.8326 -0.3715
vn -0.3952 -0.1232 -0.9103
vn -0.2111 -0.0538 -0.9760
vn -0.3177 -0.0549 -0.9466
vn 0.4589 -0.3075 0.8336
vn 0.3898 0.5190 0.7607
vn 0.7583 0.1855 0.6249
vn 0.3610 0.3084 0.8801
vn 0.1812 0.3385 0.9234
vn -0.0123 0.3314 0.9434
vn 0.2038 0.4078 0.8900
vn 0.3712 0.3776 0.8483
vn -0.0299 0.4545 0.8902
vn 0.9543 0.2434 0.1731
vn 0.7383 0.2746 0.6161
vn 0.7819 0.4138 0.4662
vn 0.9732 0.0117 0.2298
vn 0.9399 0.1788 0.2910
vn -0.5446 0.4236 -0.7239
vn 0.0129 0.3591 -0.9332
vn -0.4683 0.2745 -0.8398
vn 0.0059 0.1024 -0.9947
vn -0.2901 0.0546 -0.9554
vn 0.5874 0.4116 -0.6968
vn 0.4719 0.2530 -0.8446
vn 0.2956 0.0504 -0.9540
vn -0.8653 -0.2327 -0.4439
vn 0.8811 -0.2522 -0.4001
vn -0.6146 -0.7510 -0.2412
vn -0.5826 -0.4534 -0.6746
vn -0.4973 -0.7495 -0.4369
vn 0.0099 -0.5537 -0.8327
vn 0.0060 -0.7444 -0.6677
vn 0.5895 -0.4479 -0.6722
vn 0.5133 -0.7406 -0.4336
vn 0.6404 -0.7474 -0.1769
vn 0.0087 -0.1404 -0.9901
vn -0.8078 0.0990 -0.5810
vn -0.5257 -0.1129 -0.8431
vn 0.5279 -0.1147 -0.8415
vn 0.8149 0.0879 -0.5728
vn 0.8980 0.3196 -0.3025
vn 0.9856 -0.0315 -0.1660
vn 0.9683 -0.2485 -0.0234
vn 0.9909 -0.1328 0.0236
vn 0.9175 0.3976 -0.0072
vn 0.9607 0.2180 -0.1717
vn 0.7678 0.5160 -0.3798
vn -0.3149 0.3555 0.8800
vn -0.2684 0.3299 0.9050
vn -0.2708 0.4495 0.8512
vn -0.2525 0.6818 0.6866
vn -0.2988 0.8060 0.5109
vn -0.4598 0.7274 0.5094
vn -0.4959 0.6042 0.6237
vn -0.3465 0.7349 0.5830
vn -0.3183 0.8154 0.4835
vn -0.1864 0.8455 0.5003
vn 0.0062 0.9177 0.3973
vn -0.1893 0.9784 0.0826
vn -0.2153 0.8687 0.4462
vn -0.0641 0.9065 0.4173
vn 0.0085 0.8454 -0.5341
vn -0.1419 0.8031 -0.5787
vn -0.4001 0.9005 0.1703
vn -0.2603 0.9493 0.1761
vn -0.2152 0.7777 -0.5906
vn -0.5214 0.8361 0.1704
vn 0.0832 0.7459 -0.6609
vn -0.1222 0.6868 -0.7165
vn -0.0605 0.9965 -0.0572
vn -0.0665 0.9971 0.0360
vn -0.4326 0.5980 -0.6747
vn -0.1834 0.9776 -0.1030
vn -0.2020 0.7946 -0.5725
vn -0.4877 0.8395 0.2395
vn 0.0159 0.8344 -0.5510
vn -0.2317 0.9278 0.2923
vn 0.2043 0.7940 -0.5726
vn -0.0589 0.9820 0.1796
vn -0.4692 0.8825 -0.0312
vn -0.7996 0.3854 -0.4606
vn -0.9988 -0.0394 -0.0302
vn -0.7207 0.6439 0.2570
vn -0.7131 -0.5077 0.4835
vn -0.2098 -0.6728 0.7094
vn -0.3970 0.1490 0.9056
vn -0.6907 0.3235 0.6467
vn 0.0369 -0.6532 0.7563
vn -0.1070 0.1210 0.9869
vn 0.0477 -0.5932 0.8037
vn 0.0657 0.1697 0.9833
vn -0.0342 -0.5920 0.8052
vn 0.0606 0.1526 0.9864
vn -0.0979 -0.6256 0.7740
vn -0.0126 0.1005 0.9949
vn 0.0028 -0.8252 0.5648
vn 0.0665 -0.7628 0.6432
vn -0.2795 -0.3589 0.8905
vn -0.2901 -0.4163 0.8617
vn 0.2744 -0.6488 0.7097
vn -0.1935 -0.2086 0.9587
vn -0.0258 -0.8560 0.5163
vn -0.0207 -0.8540 0.5198
vn -0.2312 -0.3919 0.8905
vn -0.1483 -0.3364 0.9300
vn 0.6787 -0.2760 0.6806
vn 0.0628 0.1156 0.9913
vn 0.5773 0.7973 -0.1763
vn 0.2283 0.8734 -0.4302
vn -0.0860 0.9722 0.2177
vn 0.1489 0.9236 0.3531
vn 0.1412 -0.9245 -0.3542
vn 0.2654 -0.9216 -0.2832
vn 0.0954 0.2735 -0.9571
vn 0.1801 0.3289 -0.9270
vn 0.4158 -0.8878 -0.1971
vn 0.1089 0.2347 -0.9660
vn -0.2098 -0.2711 0.9394
vn -0.2288 -0.2326 0.9453
vn -0.3097 -0.1859 0.9325
vn 0.1394 -0.9861 -0.0901
vn 0.0539 -0.9985 -0.0024
vn -0.1173 -0.0805 -0.9898
vn 0.2275 0.0545 -0.9722
vn 0.1285 -0.9868 0.0981
vn -0.4314 -0.2502 -0.8668
vn 0.3709 0.2338 0.8988
vn 0.0810 0.1432 0.9864
vn -0.2042 0.0615 0.9770
vn 0.3908 -0.8961 -0.2106
vn 0.1161 0.2290 -0.9665
vn 0.2548 -0.9498 -0.1818
vn 0.2642 0.1779 -0.9479
vn -0.2200 -0.2537 0.9419
vn -0.1621 -0.3003 0.9400
vn 0.1910 -0.9751 -0.1125
vn 0.4192 0.1188 -0.9001
vn -0.3299 -0.0917 0.9396
vn -0.6281 -0.4312 -0.6477
vn 0.3968 -0.9164 0.0534
vn 0.6384 -0.6902 -0.3405
vn -0.6298 -0.7047 -0.3268
vn 0.5223 -0.3403 -0.7819
vn 0.2983 -0.2426 -0.9231
vn 0.0377 -0.9869 0.1569
vn -0.3412 -0.9399 0.0160
vn -0.1384 0.9876 -0.0745
vn 0.1917 0.9813 -0.0175
vn 0.5553 0.7545 0.3498
vn 0.5679 0.3920 0.7237
vn 0.1729 -0.2572 -0.9508
vn 0.1775 -0.9697 0.1680
vn 0.0747 -0.2985 -0.9515
vn 0.0986 -0.9811 0.1665
vn -0.0069 0.9991 -0.0421
vn -0.1794 0.9832 -0.0328
vn 0.1296 -0.2674 -0.9548
vn 0.0577 -0.9910 0.1211
vn 0.2244 -0.2160 -0.9503
vn 0.0854 -0.9932 0.0791
vn 0.2160 0.9731 0.0801
vn 0.1640 0.9864 0.0097
vn -0.6496 0.7557 0.0831
vn -0.5773 0.7902 0.2058
vn -0.4845 0.8154 0.3169
vn 0.2295 0.3379 -0.9128
vn 0.2642 0.2381 -0.9346
vn 0.4284 -0.8897 -0.1578
vn 0.3079 -0.8993 -0.3107
vn 0.2294 0.1465 -0.9622
vn 0.6496 -0.7593 -0.0394
vn -0.3093 0.8672 0.3902
vn -0.1868 0.8918 0.4121
vn 0.0643 0.3021 -0.9511
vn 0.1286 0.3423 -0.9307
vn 0.1433 -0.9160 -0.3747
vn 0.0436 -0.9304 -0.3640
vn 0.0468 -0.0815 -0.9956
vn 0.9025 -0.4263 -0.0617
vn -0.0329 -0.9029 -0.4286
vn 0.0550 -0.9266 -0.3720
vn 0.3461 0.3325 -0.8773
vn 0.6239 0.2818 -0.7289
vn -0.3611 -0.1367 0.9224
vn -0.4886 -0.0917 0.8677
vn -0.7019 0.7112 0.0389
vn -0.0257 0.8305 -0.5564
vn -0.0037 0.8669 -0.4985
vn -0.0040 0.8753 -0.4836
vn 0.1279 0.5926 -0.7953
vn -0.0183 0.5843 -0.8113
vn 0.2274 0.6298 -0.7427
vn 0.9994 0.0293 0.0206
vn 0.7008 -0.4713 0.5355
vn 0.5944 0.5709 -0.5664
vn 0.1188 0.6779 -0.7255
vn 0.1056 -0.6894 0.7166
vn -0.0848 -0.7173 0.6916
vn 0.3634 -0.6323 0.6842
vn -0.1803 -0.7704 0.6115
vn -0.0086 -0.8274 0.5616
vn 0.1848 -0.7940 0.5791
vn 0.1905 -0.7793 0.5970
vn 0.0742 -0.8227 0.5637
vn -0.0800 -0.8427 0.5323
vn -0.1990 -0.8404 0.5041
vn -0.3817 -0.8316 0.4034
vn -0.5441 0.4140 -0.7298
vn -0.2601 0.6422 -0.7210
vn -0.0917 0.7593 -0.6442
vn -0.0509 0.6419 -0.7651
vn 0.8698 0.3827 0.3114
vn 0.2530 0.6368 0.7283
vn 0.9288 0.0107 -0.3705
vn -0.1031 -0.6269 -0.7722
vn -0.8654 -0.4359 -0.2473
vn -0.7954 0.3652 0.4837
vn -0.5781 -0.6656 0.4720
vn -0.0224 -0.7573 0.6527
vn -0.0138 -0.4550 0.8904
vn -0.4094 -0.4784 0.7769
vn -0.0289 0.2011 0.9791
vn -0.6570 -0.0002 0.7539
vn -0.4110 0.9043 -0.1157
vn 0.0219 0.9955 -0.0923
vn -0.0280 0.8862 -0.4625
vn -0.6655 0.6106 -0.4292
vn -0.6397 -0.7054 -0.3054
vn -0.0328 -0.9026 -0.4292
vn -0.0178 -0.9922 0.1238
vn -0.4265 -0.9018 0.0700
vn 0.6731 -0.4561 0.5821
vn 0.9652 0.0681 0.2526
vn 0.5620 0.1834 0.8066
vn 0.4418 -0.3393 0.8305
vn -0.9654 -0.2436 0.0931
vn -0.9957 -0.0274 -0.0885
vn -0.7053 0.5558 0.4400
vn -0.6516 0.2167 -0.7269
vn -0.1014 0.3821 -0.9185
vn -0.0715 -0.4836 -0.8724
vn -0.7395 -0.3505 -0.5747
vn 0.4930 0.7266 0.4785
vn 0.9523 0.2889 0.0980
vn 0.5353 0.7991 -0.2736
vn 0.2043 0.9777 -0.0481
vn 0.0056 0.8090 0.5878
vn -0.0726 0.8560 -0.5119
vn -0.7096 0.5151 -0.4808
vn -0.9767 -0.0763 -0.2006
vn -0.9606 -0.2751 -0.0391
vn -0.6007 -0.7004 0.3855
vn -0.0450 -0.7984 0.6005
vn 0.7275 -0.4985 0.4714
vn 0.9927 0.0066 0.1204
vn 0.9836 0.1781 0.0280
vn 0.6228 0.7000 -0.3495
vn -0.0976 0.8122 -0.5751
vn -0.7437 0.4530 -0.4916
vn -0.9713 -0.1004 -0.2154
vn -0.9469 -0.3103 -0.0846
vn -0.5905 -0.7427 0.3158
vn -0.0385 -0.8487 0.5275
vn 0.7087 -0.5881 0.3897
vn 0.9921 -0.1077 0.0645
vn 0.9966 0.0796 -0.0225
vn 0.6424 0.6326 -0.4327
vn 0.5469 -0.8265 0.1331
vn 0.7216 -0.6420 -0.2590
vn 0.7399 -0.2711 -0.6157
vn 0.4512 0.3745 -0.8100
vn -0.1077 0.9898 -0.0936
vn -0.0671 0.8858 -0.4592
vn -0.0226 0.8509 -0.5248
vn 0.0199 0.8117 -0.5837
vn 0.0915 0.3972 -0.9132
vn 0.1769 -0.4374 -0.8817
vn 0.1909 -0.8771 -0.4407
vn 0.1633 -0.9773 0.1349
vn 0.1576 -0.8267 0.5402
vn 0.1739 -0.7677 0.6168
vn 0.1504 -0.7258 0.6713
vn 0.0890 -0.4386 0.8943
vn 0.0079 0.2065 0.9784
vn -0.0789 0.8120 0.5783
vn -0.1312 0.8026 -0.5819
vn 0.1285 0.9684 0.2139
vn 0.2595 0.9621 0.0833
vn -0.0259 0.8053 -0.5923
vn -0.1824 0.7990 -0.5730
vn 0.0797 0.9599 0.2688
vn -0.3316 0.7840 -0.5248
vn -0.0769 0.9468 0.3125
vn 0.5610 0.8072 -0.1839
vn -0.1410 -0.9888 0.0492
vn -0.3771 0.0474 -0.9250
vn -0.2288 0.1488 -0.9620
vn -0.0837 -0.9955 -0.0439
vn 0.2567 -0.2452 0.9349
vn 0.3362 -0.2009 0.9201
vn -0.0379 -0.9981 0.0490
vn -0.3488 -0.0518 -0.9358
vn 0.1085 -0.9924 -0.0587
vn -0.3607 -0.0193 -0.9325
vn 0.3466 -0.2300 0.9094
vn 0.2760 -0.2555 0.9266
vn 0.3632 -0.9287 0.0754
vn 0.3228 0.2601 -0.9100
vn 0.5984 -0.3982 0.6953
vn 0.3218 -0.7857 0.5284
vn 0.1803 -0.7959 0.5779
vn 0.1330 -0.7832 0.6074
vn 0.6992 0.4807 -0.5292
vn 0.6738 -0.6631 0.3259
vn -0.4484 0.7546 -0.4791
vn -0.2094 0.9107 0.3561
vn 0.3882 -0.2300 0.8924
vn 0.4282 -0.7588 0.4907
vn 0.2099 -0.9697 -0.1252
vn -0.3933 0.0114 -0.9193
vn 0.0901 -0.7912 0.6049
vn -0.6108 -0.7840 -0.1109
vn -0.5466 -0.8313 -0.1008
vn -0.3211 0.3168 -0.8925
vn -0.3869 0.3998 -0.8309
vn -0.4726 0.8363 0.2779
vn -0.0229 0.9310 0.3643
vn -0.1850 0.9307 -0.3154
vn -0.3885 -0.4875 0.7820
vn 0.0317 -0.9574 0.2869
vn 0.1969 -0.3611 0.9115
vn 0.2367 0.9241 0.2998
vn 0.3330 -0.3467 0.8768
vn 0.3251 -0.3191 0.8902
vn 0.3325 0.9160 0.2245
vn 0.4155 0.8977 0.1466
vn 0.1066 0.8534 -0.5103
vn 0.0485 0.8881 -0.4571
vn 0.2392 0.7955 -0.5567
vn -0.2118 0.2075 -0.9550
vn -0.2271 0.1931 -0.9545
vn 0.1641 0.8198 -0.5486
vn -0.4602 -0.8819 -0.1027
vn 0.2612 0.8017 -0.5377
vn 0.2651 0.8097 -0.5236
vn -0.1330 -0.9041 0.4061
vn -0.1579 -0.8769 0.4541
vn -0.1835 -0.8301 0.5265
vn -0.4042 -0.9085 -0.1065
vn -0.2794 0.1735 -0.9444
vn -0.2930 0.1699 -0.9409
vn -0.0407 0.9137 -0.4043
vn 0.0388 -0.9407 0.3371
vn -0.7376 0.6720 0.0659
vn -0.6746 -0.5835 0.4521
vn -0.3488 -0.9324 -0.0945
vn -0.2671 -0.9534 -0.1404
vn 0.2196 -0.6436 0.7332
vn -0.0969 -0.8974 0.4304
vn 0.3840 -0.3300 0.8624
vn -0.1418 -0.8308 0.5382
vn -0.0819 -0.8672 0.4911
vn -0.3294 0.1922 -0.9244
vn -0.6465 -0.7606 -0.0596
vn -0.8909 0.1726 -0.4202
vn -0.2057 -0.9462 -0.2499
vn -0.1983 -0.9547 -0.2220
vn -0.0283 -0.9091 0.4156
vn 0.3332 -0.2807 0.9001
vn 0.5239 0.8483 0.0774
vn 0.2471 0.8032 -0.5420
vn 0.5266 0.8185 -0.2296
vn 0.6388 0.7690 0.0245
vn 0.3417 -0.2757 0.8985
vn -0.4264 0.2158 -0.8784
vn 0.1228 -0.7988 0.5889
vn -0.0009 -0.8106 0.5856
vn -0.1538 -0.7997 0.5803
s 1
f 4828//1 4905//2 4860//3
f 4823//4 4820//5 4826//6
f 4870//7 4886//8 4900//9
f 4858//10 4817//11 4902//12
f 4903//13 4858//10 4902//12
f 4905//2 4903//13 4860//3
f 4870//7 4900//9 4849//14
f 4886//8 4875//15 4900//9
f 4817//11 4870//7 4902//12
f 4836//16 4904//17 4859//18
f 4902//12 4870//7 4849//14
f 4859//18 4860//3 4882//19
f 4875//15 4844//20 4898//21
f 4844//20 4813//22 4889//23
f 4885//24 4887//25 4831//26
f 4889//23 4813//22 4851//27
f 4882//19 4860//3 4901//28
f 4813//22 4885//24 4851//27
f 4866//29 4865//30 4814//31
f 4860//3 4902//12 4901//28
f 4891//32 4894//33 4882//19
f 4814//31 4882//19 4893//34
f 4893//34 4892//35 4866//29
f 4866//29 4814//31 4893//34
f 4894//33 4893//34 4882//19
f 4864//36 4821//37 4843//38
f 4846//39 4863//40 4841//41
f 4821//37 4891//32 4843//38
f 4841//41 4842//42 4846//39
f 4863//40 4864//36 4841//41
f 4874//43 4841//41 4843//38
f 4861//44 4874//43 4843//38
f 4851//27 4885//24 4878//45
f 4844//20 4889//23 4898//21
f 4830//46 4877//47 4880//48
f 4888//49 4830//46 4881//50
f 4891//32 4882//19 4901//28
f 4876//51 4888//49 4816//52
f 4901//28 4843//38 4891//32
f 4843//38 4841//41 4864//36
f 4877//47 4845//53 4884//54
f 4830//46 4880//48 4881//50
f 4884//54 4850//55 4868//56
f 4845//53 4862//57 4884//54
f 4867//58 4835//59 4834//60
f 4872//61 4873//62 4855//63
f 4854//64 4853//65 4868//56
f 4855//63 4854//64 4868//56
f 4853//65 4826//6 4820//5
f 4867//58 4834//60 4873//62
f 4833//66 4822//67 4823//4
f 4825//68 4824//69 4823//4
f 4869//70 4871//71 4857//72
f 4820//5 4819//73 4868//56
f 4868//56 4877//47 4884//54
f 4868//56 4869//70 4877//47
f 4898//21 4899//74 4875//15
f 4895//75 4896//76 4831//26
f 4895//75 4831//26 4876//51
f 4900//9 4847//77 4849//14
f 4820//5 4868//56 4853//65
f 4860//3 4903//13 4902//12
f 4836//16 4859//18 4882//19
f 4881//50 4816//52 4888//49
f 4869//70 4856//78 4880//48
f 4880//48 4877//47 4869//70
f 4862//57 4827//79 4884//54
f 4855//63 4812//80 4818//81
f 4834//60 4855//63 4873//62
f 4816//52 4895//75 4876//51
f 4878//45 4832//82 4851//27
f 4818//81 4872//61 4855//63
f 4850//55 4812//80 4868//56
f 4873//62 4840//83 4879//84
f 4879//84 4815//85 4867//58
f 4827//79 4829//86 4884//54
f 4812//80 4855//63 4868//56
f 4826//6 4825//68 4823//4
f 4823//4 4852//87 4833//66
f 4822//67 4820//5 4823//4
f 4873//62 4879//84 4867//58
f 4869//70 4857//72 4856//78
f 4899//74 4900//9 4875//15
f 4889//23 4897//88 4898//21
f 4883//89 4906//90 4902//12
f 4849//14 4883//89 4902//12
f 4832//82 4890//91 4851//27
f 4887//25 4876//51 4831//26
f 4885//24 4831//26 4878//45
f 4901//28 4848//92 4843//38
f 51//93 52//94 11//95
f 51//93 11//95 10//96
f 52//94 53//97 19//98
f 52//94 19//98 11//95
f 45//99 46//100 21//101
f 45//99 21//101 8//102
f 8//102 21//101 22//103
f 8//102 22//103 12//104
f 12//104 22//103 3//105
f 12//104 3//105 2//106
f 44//107 45//99 8//102
f 44//107 8//102 9//108
f 6//109 43//110 44//107
f 6//109 44//107 9//108
f 13//111 9//108 8//102
f 13//111 8//102 12//104
f 2//106 1//112 13//111
f 2//106 13//111 12//104
f 5//113 6//109 9//108
f 5//113 9//108 13//111
f 23//114 24//115 4//116
f 23//114 5//113 13//111
f 23//114 13//111 24//115
f 13//111 1//112 4//116
f 13//111 4//116 24//115
f 28//117 25//118 55//119
f 28//117 55//119 56//120
f 29//121 26//122 49//123
f 29//121 49//123 50//124
f 34//125 36//126 35//127
f 34//125 35//127 33//128
f 36//126 2//106 3//105
f 36//126 3//105 35//127
f 26//122 27//129 48//130
f 26//122 48//130 49//123
f 39//131 36//126 34//125
f 39//131 34//125 37//132
f 2//106 36//126 39//131
f 2//106 39//131 1//112
f 40//133 39//131 37//132
f 40//133 37//132 38//134
f 41//135 4//116 42//136
f 41//135 42//136 39//131
f 41//135 39//131 40//133
f 39//131 42//136 4//116
f 39//131 4//116 1//112
f 44//107 43//110 7//137
f 44//107 7//137 10//96
f 11//95 45//99 44//107
f 11//95 44//107 10//96
f 19//98 46//100 45//99
f 19//98 45//99 11//95
f 38//134 37//132 48//130
f 38//134 48//130 47//138
f 49//123 48//130 37//132
f 49//123 37//132 34//125
f 50//124 49//123 34//125
f 50//124 34//125 33//128
f 20//139 53//97 52//94
f 20//139 52//94 14//140
f 55//119 54//141 27//129
f 55//119 27//129 26//122
f 56//120 55//119 26//122
f 56//120 26//122 29//121
f 1591//142 1592//143 97//144
f 1591//142 97//144 368//145
f 208//146 1594//147 1595//148
f 208//146 1595//148 247//149
f 97//144 1592//143 1593//150
f 97//144 1593//150 241//151
f 1596//152 1597//153 210//154
f 1596//152 210//154 209//155
f 2579//156 2580//157 1598//158
f 2579//156 1598//158 211//159
f 1598//158 1599//160 71//161
f 1598//158 71//161 211//159
f 368//145 97//144 203//162
f 368//145 203//162 367//163
f 475//164 2020//165 2021//166
f 475//164 2021//166 474//167
f 2025//168 2026//169 470//170
f 2025//168 470//170 471//171
f 139//172 140//173 142//174
f 139//172 142//174 141//175
f 140//173 745//176 746//177
f 140//173 746//177 142//174
f 743//178 744//179 338//180
f 743//178 338//180 628//181
f 304//182 305//183 582//184
f 304//182 582//184 583//185
f 1754//186 1755//187 742//188
f 1754//186 742//188 150//189
f 160//190 148//191 147//192
f 160//190 147//192 159//193
f 2466//194 2433//195 1648//196
f 2466//194 1648//196 255//197
f 163//198 2464//199 2465//200
f 163//198 2465//200 164//201
f 165//202 2463//203 2464//199
f 165//202 2464//199 163//198
f 2398//204 2365//205 165//202
f 2398//204 165//202 163//198
f 2397//206 2398//204 163//198
f 2397//206 163//198 164//201
f 1648//196 2395//207 2396//208
f 1648//196 2396//208 255//197
f 603//209 604//210 720//211
f 603//209 720//211 721//212
f 602//213 603//209 721//212
f 602//213 721//212 722//214
f 1651//215 1652//216 601//217
f 1651//215 601//217 723//218
f 599//219 600//220 724//221
f 599//219 724//221 725//222
f 2393//223 2394//224 162//225
f 2393//223 162//225 175//226
f 597//227 598//228 726//229
f 597//227 726//229 727//230
f 2391//231 2392//232 576//233
f 2391//231 576//233 178//234
f 1672//235 189//236 190//237
f 1672//235 190//237 1671//238
f 338//180 339//239 627//240
f 338//180 627//240 628//181
f 305//183 306//241 581//242
f 305//183 581//242 582//184
f 159//193 147//192 253//243
f 159//193 253//243 254//244
f 164//201 2465//200 2466//194
f 164//201 2466//194 255//197
f 2396//208 2397//206 164//201
f 2396//208 164//201 255//197
f 723//218 601//217 602//213
f 723//218 602//213 722//214
f 510//245 690//246 691//247
f 510//245 691//247 509//248
f 512//249 688//250 689//251
f 512//249 689//251 511//252
f 514//253 686//254 687//255
f 514//253 687//255 513//256
f 685//257 515//258 516//259
f 685//257 516//259 684//260
f 241//151 242//261 203//162
f 241//151 203//162 97//144
f 204//262 208//146 247//149
f 204//262 247//149 248//263
f 205//264 209//155 210//154
f 205//264 210//154 206//265
f 211//159 71//161 70//266
f 211//159 70//266 207//267
f 2578//268 2579//156 211//159
f 2578//268 211//159 207//267
f 515//258 685//257 2576//269
f 515//258 2576//269 2577//270
f 2021//166 2568//271 2569//272
f 2021//166 2569//272 474//167
f 328//273 2507//274 2508//275
f 328//273 2508//275 327//276
f 2506//277 2507//274 328//273
f 2506//277 328//273 329//278
f 2505//279 2506//277 329//278
f 2505//279 329//278 330//280
f 155//281 2344//282 2345//283
f 155//281 2345//283 217//284
f 2316//285 2317//286 260//287
f 2316//285 260//287 261//288
f 2462//289 2463//203 165//202
f 2462//289 165//202 188//290
f 633//291 634//292 186//293
f 633//291 186//293 215//294
f 1829//295 1830//296 761//297
f 1829//295 761//297 762//298
f 260//287 2317//286 2318//299
f 260//287 2318//299 259//300
f 217//284 2345//283 2346//301
f 217//284 2346//301 229//302
f 257//303 1653//304 1654//305
f 257//303 1654//305 258//306
f 171//307 170//308 232//309
f 171//307 232//309 233//310
f 170//308 172//311 234//312
f 170//308 234//312 232//309
f 573//313 177//314 235//315
f 573//313 235//315 572//316
f 173//317 174//318 236//319
f 173//317 236//319 231//320
f 172//311 257//303 258//306
f 172//311 258//306 234//312
f 633//291 215//294 233//310
f 633//291 233//310 632//321
f 1593//150 1594//147 208//146
f 1593//150 208//146 241//151
f 204//262 242//261 241//151
f 204//262 241//151 208//146
f 511//252 689//251 690//246
f 511//252 690//246 510//245
f 2026//169 2027//322 469//323
f 2026//169 469//323 470//170
f 1595//148 1596//152 209//155
f 1595//148 209//155 247//149
f 247//149 209//155 205//264
f 247//149 205//264 248//263
f 513//256 687//255 688//250
f 513//256 688//250 512//249
f 471//171 472//324 2024//325
f 471//171 2024//325 2025//168
f 2508//275 2509//326 1643//327
f 2508//275 1643//327 327//276
f 306//241 1644//328 1645//329
f 306//241 1645//329 581//242
f 253//243 1646//330 1647//331
f 253//243 1647//331 254//244
f 480//332 260//287 259//300
f 480//332 259//300 479//333
f 481//334 261//288 260//287
f 481//334 260//287 480//332
f 269//335 246//336 92//337
f 269//335 92//337 271//338
f 93//339 246//336 269//335
f 93//339 269//335 270//340
f 240//341 267//342 271//338
f 240//341 271//338 92//337
f 272//343 94//344 93//339
f 272//343 93//339 270//340
f 2581//345 2582//346 273//347
f 2581//345 273//347 95//348
f 273//347 73//349 57//350
f 273//347 57//350 95//348
f 268//351 267//342 240//341
f 268//351 240//341 91//352
f 274//353 277//354 90//355
f 274//353 90//355 88//356
f 369//357 370//358 268//351
f 369//357 268//351 91//352
f 275//359 274//353 88//356
f 275//359 88//356 89//360
f 1514//361 490//362 491//363
f 1514//361 491//363 1513//364
f 266//365 278//366 275//359
f 266//365 275//359 89//360
f 284//367 283//368 250//369
f 284//367 250//369 112//370
f 286//371 285//372 114//373
f 286//371 114//373 113//374
f 287//375 75//376 68//377
f 287//375 68//377 115//378
f 2570//379 2571//380 287//375
f 2570//379 287//375 115//378
f 281//381 284//367 112//370
f 281//381 112//370 244//382
f 283//368 286//371 113//374
f 283//368 113//374 250//369
f 596//383 1684//384 1685//385
f 596//383 1685//385 728//386
f 1683//387 222//388 239//389
f 1683//387 239//389 1682//390
f 670//391 1679//392 1680//393
f 670//391 1680//393 669//394
f 183//395 2389//396 2390//397
f 183//395 2390//397 1688//398
f 188//290 165//202 2365//205
f 188//290 2365//205 2366//399
f 2442//400 2443//401 223//402
f 2442//400 223//402 1752//403
f 187//404 185//405 218//406
f 187//404 218//406 219//407
f 151//408 1753//409 1754//186
f 151//408 1754//186 150//189
f 162//225 2434//410 2435//411
f 162//225 2435//411 175//226
f 576//233 2436//412 2437//413
f 576//233 2437//413 178//234
f 157//414 149//415 154//416
f 157//414 154//416 158//417
f 213//418 291//419 739//420
f 213//418 739//420 740//421
f 180//422 577//423 578//424
f 180//422 578//424 292//425
f 183//395 2439//426 2440//427
f 183//395 2440//427 181//428
f 184//429 290//430 291//419
f 184//429 291//419 213//418
f 293//431 738//432 739//420
f 293//431 739//420 291//419
f 738//432 293//431 193//433
f 738//432 193//433 737//434
f 2315//435 2373//436 2374//437
f 2315//435 2374//437 262//438
f 145//439 2343//440 2371//441
f 145//439 2371//441 2372//442
f 340//443 1673//444 1674//445
f 340//443 1674//445 626//446
f 2368//447 2369//448 635//449
f 2368//447 635//449 144//450
f 1827//451 2444//452 2445//453
f 1827//451 2445//453 764//454
f 342//455 343//456 623//457
f 342//455 623//457 624//458
f 192//459 146//460 2376//461
f 192//459 2376//461 2377//462
f 341//463 1607//464 1626//465
f 341//463 1626//465 625//466
f 2453//467 2454//468 262//438
f 2453//467 262//438 482//469
f 2451//470 2452//471 146//460
f 2451//470 146//460 192//459
f 482//469 262//438 2374//437
f 482//469 2374//437 2375//472
f 227//473 2447//474 2448//475
f 227//473 2448//475 1676//476
f 1628//477 226//478 2449//479
f 1628//477 2449//479 2450//480
f 226//478 1628//477 2378//481
f 226//478 2378//481 2379//482
f 344//483 621//484 622//485
f 344//483 622//485 484//486
f 2510//487 2511//488 325//489
f 2510//487 325//489 326//490
f 2516//491 2517//492 79//493
f 2516//491 79//493 324//494
f 302//495 303//496 584//497
f 302//495 584//497 585//498
f 303//496 304//182 583//185
f 303//496 583//185 584//497
f 148//191 160//190 161//499
f 148//191 161//499 153//500
f 153//500 161//499 225//501
f 153//500 225//501 152//502
f 2032//503 2033//504 416//505
f 2032//503 416//505 417//506
f 2225//507 2226//508 320//509
f 2225//507 320//509 106//510
f 319//511 318//512 106//510
f 319//511 106//510 320//509
f 301//513 106//510 318//512
f 311//514 310//515 313//516
f 311//514 313//516 321//517
f 1556//518 1557//519 1545//520
f 1556//518 1545//520 1546//521
f 326//490 325//489 308//522
f 326//490 308//522 307//523
f 327//276 1643//327 1644//328
f 327//276 1644//328 306//241
f 305//183 328//273 327//276
f 305//183 327//276 306//241
f 329//278 328//273 305//183
f 329//278 305//183 304//182
f 330//280 329//278 304//182
f 330//280 304//182 303//496
f 321//517 2146//524 2273//525
f 321//517 2273//525 311//514
f 107//526 1953//527 1954//528
f 107//526 1954//528 245//529
f 1951//530 2566//531 2567//532
f 1951//530 2567//532 110//533
f 110//533 62//534 1950//535
f 110//533 1950//535 1951//530
f 279//536 1588//537 1589//538
f 279//536 1589//538 99//539
f 101//540 1587//541 1588//537
f 101//540 1588//537 279//536
f 338//180 744//179 745//176
f 338//180 745//176 140//173
f 339//239 338//180 140//173
f 339//239 140//173 139//172
f 1673//444 340//443 189//236
f 1673//444 189//236 1672//235
f 1487//542 1488//543 343//456
f 1487//542 343//456 342//455
f 1490//544 344//483 484//486
f 1490//544 484//486 1489//545
f 119//546 357//547 356//548
f 119//546 356//548 118//549
f 509//248 691//247 692//550
f 509//248 692//550 508//551
f 98//552 195//553 196//554
f 98//552 196//554 99//539
f 87//555 279//536 99//539
f 87//555 99//539 196//554
f 279//536 87//555 103//556
f 279//536 103//556 101//540
f 348//557 347//558 1495//559
f 348//557 1495//559 1496//560
f 1496//560 1497//561 349//562
f 1496//560 349//562 348//557
f 297//563 296//564 122//565
f 297//563 122//565 123//566
f 85//567 312//568 322//569
f 85//567 322//569 86//570
f 280//571 314//572 312//568
f 280//571 312//568 85//567
f 350//573 351//574 313//516
f 350//573 313//516 310//515
f 1499//575 1500//576 351//574
f 1499//575 351//574 350//573
f 1900//577 1901//578 314//572
f 1900//577 314//572 280//571
f 296//564 297//563 349//562
f 296//564 349//562 83//579
f 1498//580 83//579 349//562
f 1498//580 349//562 1497//561
f 2588//581 2589//582 16//583
f 2588//581 16//583 17//584
f 2589//582 2590//585 15//586
f 2589//582 15//586 16//583
f 2590//585 2591//587 20//139
f 2590//585 20//139 15//586
f 53//97 2592//588 2593//589
f 53//97 2593//589 19//98
f 361//590 360//591 2539//592
f 361//590 2539//592 2540//593
f 2541//594 2542//595 362//596
f 2541//594 362//596 1586//597
f 364//598 363//599 533//600
f 364//598 533//600 534//601
f 98//552 368//145 367//163
f 98//552 367//163 195//553
f 1590//602 1591//142 368//145
f 1590//602 368//145 98//552
f 90//355 277//354 370//358
f 90//355 370//358 369//357
f 18//603 2587//604 2588//581
f 18//603 2588//581 17//584
f 469//323 2027//322 2028//605
f 469//323 2028//605 468//606
f 1954//528 1955//607 108//608
f 1954//528 108//608 245//529
f 1584//609 372//610 59//611
f 1584//609 59//611 1583//612
f 372//610 373//613 60//614
f 372//610 60//614 59//611
f 373//613 374//615 82//616
f 373//613 82//616 60//614
f 96//617 276//618 2531//619
f 96//617 2531//619 2532//620
f 375//621 371//622 58//623
f 375//621 58//623 74//624
f 2533//625 2534//626 100//627
f 2533//625 100//627 1585//628
f 359//629 102//630 531//631
f 359//629 531//631 532//632
f 374//615 701//633 702//634
f 374//615 702//634 82//616
f 46//100 2594//635 2595//636
f 46//100 2595//636 21//101
f 371//622 375//621 276//618
f 371//622 276//618 96//617
f 372//610 1584//609 1585//628
f 372//610 1585//628 100//627
f 373//613 372//610 100//627
f 373//613 100//627 102//630
f 374//615 373//613 102//630
f 374//615 102//630 359//629
f 701//633 374//615 359//629
f 701//633 359//629 700//637
f 22//103 2596//638 2597//639
f 22//103 2597//639 3//105
f 21//101 2595//636 2596//638
f 21//101 2596//638 22//103
f 259//300 2318//299 2319//640
f 259//300 2319//640 378//641
f 229//302 2346//301 2347//642
f 229//302 2347//642 377//643
f 258//306 1654//305 1655//644
f 258//306 1655//644 381//645
f 232//309 234//312 384//646
f 232//309 384//646 382//647
f 572//316 235//315 385//648
f 572//316 385//648 571//649
f 231//320 236//319 386//650
f 231//320 386//650 380//651
f 234//312 258//306 381//645
f 234//312 381//645 384//646
f 632//321 233//310 383//652
f 632//321 383//652 631//653
f 1820//654 1821//655 769//656
f 1820//654 769//656 770//657
f 479//333 259//300 378//641
f 479//333 378//641 478//658
f 378//641 2319//640 2320//659
f 378//641 2320//659 390//660
f 377//643 2347//642 2348//661
f 377//643 2348//661 389//662
f 381//645 1655//644 393//663
f 383//652 382//647 394//664
f 383//652 394//664 395//665
f 382//647 384//646 396//666
f 382//647 396//666 394//664
f 571//649 385//648 397//667
f 571//649 397//667 570//668
f 380//651 386//650 398//669
f 380//651 398//669 392//670
f 384//646 381//645 393//663
f 384//646 393//663 396//666
f 631//653 383//652 395//665
f 385//648 1820//654 770//657
f 385//648 770//657 397//667
f 478//658 378//641 390//660
f 478//658 390//660 477//671
f 1767//672 2321//673 2322//674
f 1767//672 2322//674 402//675
f 1768//676 2349//677 2350//678
f 1768//676 2350//678 401//679
f 1770//680 1771//681 406//682
f 1770//680 406//682 407//683
f 1771//681 1772//684 408//685
f 1771//681 408//685 406//682
f 1774//686 1775//687 410//688
f 1774//686 410//688 404//689
f 1772//684 1773//690 405//691
f 1772//684 405//691 408//685
f 1766//692 1767//672 402//675
f 1766//692 402//675 411//693
f 411//693 410//688 409//694
f 411//693 409//694 412//695
f 405//691 401//679 2350//678
f 405//691 2350//678 403//696
f 404//689 402//675 2322//674
f 408//685 403//696 407//683
f 408//685 407//683 406//682
f 414//697 1910//698 431//699
f 414//697 431//699 713//700
f 417//506 416//505 315//701
f 417//506 315//701 323//702
f 429//703 2227//704 2228//705
f 429//703 2228//705 419//706
f 420//707 428//708 429//703
f 420//707 429//703 419//706
f 1543//709 1544//710 1558//711
f 1543//709 1558//711 1559//712
f 426//713 422//714 421//715
f 426//713 421//715 425//716
f 422//714 426//713 2034//717
f 422//714 2034//717 2035//718
f 1544//710 1545//520 1557//519
f 1544//710 1557//519 1558//711
f 416//505 426//713 425//716
f 416//505 425//716 315//701
f 2033//504 2034//717 426//713
f 2033//504 426//713 416//505
f 429//703 428//708 319//511
f 429//703 319//511 320//509
f 320//509 2226//508 2227//704
f 320//509 2227//704 429//703
f 1910//698 430//719 334//720
f 1910//698 334//720 2146//524
f 321//517 313//516 432//721
f 321//517 432//721 431//699
f 2101//722 2102//723 1961//724
f 2101//722 1961//724 1962//725
f 1960//726 1961//724 2102//723
f 1960//726 2102//723 2103//727
f 1959//728 1960//726 2103//727
f 1959//728 2103//727 2104//729
f 647//730 441//731 2172//732
f 647//730 2172//732 2173//733
f 2238//734 2239//735 442//736
f 2238//734 442//736 2116//737
f 2099//738 2100//739 2043//740
f 2099//738 2043//740 1963//741
f 351//574 446//742 432//721
f 351//574 432//721 313//516
f 1901//578 1902//743 449//744
f 1901//578 449//744 314//572
f 449//744 1902//743 1903//745
f 449//744 1903//745 450//746
f 449//744 451//747 312//568
f 449//744 312//568 314//572
f 451//747 449//744 450//746
f 451//747 450//746 448//748
f 438//749 2058//750 2236//751
f 438//749 2236//751 2237//752
f 445//753 415//754 447//755
f 445//753 447//755 452//756
f 451//747 448//748 453//757
f 451//747 453//757 454//758
f 454//758 322//569 312//568
f 454//758 312//568 451//747
f 446//742 351//574 1500//576
f 446//742 1500//576 1501//759
f 1501//759 1502//760 447//755
f 1501//759 447//755 446//742
f 452//756 447//755 1502//760
f 452//756 1502//760 1503//761
f 653//762 2041//763 2036//764
f 653//762 2036//764 2142//765
f 1982//766 2241//767 2242//768
f 1982//766 2242//768 458//769
f 456//770 452//756 1503//761
f 456//770 1503//761 1504//771
f 448//748 460//772 455//773
f 448//748 455//773 453//757
f 461//774 459//775 455//773
f 461//774 455//773 460//772
f 460//772 448//748 450//746
f 460//772 450//746 462//776
f 461//774 460//772 462//776
f 461//774 462//776 1927//777
f 1932//778 2143//779 1560//780
f 1559//712 1560//780 1542//781
f 1559//712 1542//781 1543//709
f 1903//745 1904//782 462//776
f 1903//745 462//776 450//746
f 1925//783 1926//784 1542//781
f 1925//783 1542//781 1560//780
f 648//785 457//786 2166//787
f 648//785 2166//787 2167//788
f 466//789 445//753 452//756
f 466//789 452//756 456//770
f 1568//790 469//323 468//606
f 470//170 469//323 244//382
f 470//170 244//382 112//370
f 471//171 470//170 112//370
f 471//171 112//370 250//369
f 250//369 113//374 472//324
f 250//369 472//324 471//171
f 473//791 472//324 113//374
f 473//791 113//374 114//373
f 474//167 2569//272 2570//379
f 474//167 2570//379 115//378
f 68//377 475//164 474//167
f 68//377 474//167 115//378
f 418//792 417//506 323//702
f 418//792 323//702 476//793
f 1555//794 1556//518 1546//521
f 1555//794 1546//521 1553//795
f 264//796 263//797 485//798
f 264//796 485//798 486//799
f 387//800 478//658 477//671
f 387//800 477//671 399//801
f 237//802 479//333 478//658
f 237//802 478//658 387//800
f 218//406 480//332 479//333
f 218//406 479//333 237//802
f 185//405 481//334 480//332
f 185//405 480//332 218//406
f 146//460 482//469 2375//472
f 146//460 2375//472 2376//461
f 2452//471 2453//467 482//469
f 2452//471 482//469 146//460
f 484//486 622//485 623//457
f 484//486 623//457 343//456
f 1489//545 484//486 343//456
f 1489//545 343//456 1488//543
f 411//693 402//675 404//689
f 411//693 404//689 410//688
f 138//803 136//804 1509//805
f 138//803 1509//805 1605//806
f 1509//805 1510//807 487//808
f 1509//805 487//808 137//809
f 2311//810 2312//811 344//483
f 2311//810 344//483 1490//544
f 2309//812 2310//813 263//797
f 2309//812 263//797 264//796
f 2337//814 2338//815 488//816
f 2337//814 488//816 131//817
f 493//818 490//362 1514//361
f 493//818 1514//361 1515//819
f 490//362 493//818 489//820
f 490//362 489//820 126//821
f 493//818 494//822 127//823
f 493//818 127//823 489//820
f 494//822 495//824 128//825
f 494//822 128//825 127//823
f 125//826 128//825 495//824
f 125//826 495//824 496//827
f 84//828 125//826 496//827
f 84//828 496//827 497//829
f 1518//830 1519//831 497//829
f 1518//830 497//829 496//827
f 1515//819 1516//832 494//822
f 1515//819 494//822 493//818
f 1516//832 1517//833 495//824
f 1516//832 495//824 494//822
f 1517//833 1518//830 496//827
f 1517//833 496//827 495//824
f 498//834 500//835 502//836
f 498//834 502//836 501//837
f 119//546 503//838 499//839
f 119//546 499//839 357//547
f 500//835 499//839 503//838
f 500//835 503//838 502//836
f 505//840 87//555 196//554
f 505//840 196//554 506//841
f 507//842 506//841 196//554
f 507//842 196//554 195//553
f 367//163 508//551 507//842
f 367//163 507//842 195//553
f 203//162 509//248 508//551
f 203//162 508//551 367//163
f 242//261 510//245 509//248
f 242//261 509//248 203//162
f 204//262 511//252 510//245
f 204//262 510//245 242//261
f 248//263 512//249 511//252
f 248//263 511//252 204//262
f 205//264 513//256 512//249
f 205//264 512//249 248//263
f 206//265 514//253 513//256
f 206//265 513//256 205//264
f 207//267 515//258 2577//270
f 207//267 2577//270 2578//268
f 516//259 515//258 207//267
f 516//259 207//267 70//266
f 505//840 358//843 103//556
f 505//840 103//556 87//555
f 504//844 517//845 518//846
f 504//844 518//846 365//847
f 517//845 504//844 121//848
f 517//845 121//848 519//849
f 520//850 521//851 501//837
f 520//850 501//837 519//849
f 521//851 289//852 498//834
f 521//851 498//834 501//837
f 350//573 310//515 296//564
f 350//573 296//564 83//579
f 1499//575 350//573 83//579
f 1499//575 83//579 1498//580
f 86//570 84//828 497//829
f 86//570 497//829 85//567
f 502//836 517//845 519//849
f 502//836 519//849 501//837
f 517//845 502//836 503//838
f 517//845 503//838 518//846
f 265//853 518//846 503//838
f 265//853 503//838 119//546
f 522//854 289//852 521//851
f 522//854 521//851 1537//855
f 1519//831 1520//856 85//567
f 1519//831 85//567 497//829
f 518//846 265//853 523//857
f 518//846 523//857 365//847
f 63//858 376//859 1846//860
f 63//858 1846//860 1847//861
f 532//632 699//862 700//637
f 532//632 700//637 359//629
f 698//863 364//598 534//601
f 698//863 534//601 697//864
f 506//841 694//865 695//866
f 506//841 695//866 505//840
f 694//865 506//841 507//842
f 694//865 507//842 693//867
f 505//840 695//866 696//868
f 505//840 696//868 358//843
f 528//869 1876//870 1877//871
f 528//869 1877//871 526//872
f 526//872 1877//871 1878//873
f 526//872 1878//873 527//874
f 527//874 1878//873 1879//875
f 527//874 1879//875 525//876
f 117//877 1883//878 1846//860
f 117//877 1846//860 376//859
f 529//879 1880//880 1881//881
f 529//879 1881//881 524//882
f 530//883 524//882 1881//881
f 530//883 1881//881 1882//884
f 1882//884 1883//878 117//877
f 1882//884 117//877 530//883
f 529//879 525//876 1879//875
f 529//879 1879//875 1880//880
f 532//632 531//631 363//599
f 532//632 363//599 364//598
f 364//598 698//863 699//862
f 364//598 699//862 532//632
f 534//601 533//600 103//556
f 534//601 103//556 358//843
f 697//864 534//601 358//843
f 697//864 358//843 696//868
f 100//627 2534//626 531//631
f 100//627 531//631 102//630
f 2542//595 533//600 363//599
f 2542//595 363//599 362//596
f 1520//856 1521//885 280//571
f 1520//856 280//571 85//567
f 1537//855 536//886 535//887
f 1537//855 535//887 522//854
f 507//842 508//551 692//550
f 507//842 692//550 693//867
f 537//888 355//889 535//887
f 537//888 535//887 536//886
f 539//890 540//891 705//892
f 539//890 705//892 706//893
f 2572//894 2573//895 541//896
f 2572//894 541//896 704//897
f 541//896 542//898 703//899
f 541//896 703//899 704//897
f 201//900 1869//901 1870//902
f 201//900 1870//902 200//903
f 202//904 1867//905 2574//906
f 202//904 2574//906 2575//907
f 202//904 69//908 1866//909
f 202//904 1866//909 1867//905
f 188//290 607//910 2461//911
f 188//290 2461//911 2462//289
f 124//912 331//913 302//495
f 124//912 302//495 544//914
f 366//915 1875//916 1876//870
f 366//915 1876//870 528//869
f 249//917 1871//918 1872//919
f 249//917 1872//919 199//920
f 1872//919 1873//921 243//922
f 1872//919 243//922 199//920
f 1874//923 1875//916 366//915
f 1874//923 366//915 198//924
f 1873//921 1874//923 198//924
f 1873//921 198//924 243//922
f 122//565 296//564 310//515
f 122//565 310//515 311//514
f 537//888 549//925 288//926
f 537//888 288//926 355//889
f 282//927 288//926 549//925
f 282//927 549//925 538//928
f 417//506 418//792 2031//929
f 417//506 2031//929 2032//503
f 2104//729 2105//930 1958//931
f 2104//729 1958//931 1959//728
f 554//932 553//933 166//934
f 554//932 166//934 167//935
f 555//936 554//932 167//935
f 555//936 167//935 168//937
f 256//938 556//939 555//936
f 256//938 555//936 168//937
f 1649//940 1650//941 556//939
f 1649//940 556//939 256//938
f 558//942 557//943 169//944
f 558//942 169//944 176//945
f 559//946 574//947 575//948
f 559//946 575//948 179//949
f 560//950 1686//951 1687//952
f 560//950 1687//952 182//953
f 2440//427 2441//954 561//955
f 2440//427 561//955 181//428
f 563//956 562//957 184//429
f 563//956 184//429 213//418
f 740//421 741//958 563//956
f 740//421 563//956 213//418
f 719//959 605//960 606//961
f 224//962 166//934 553//933
f 224//962 553//933 565//963
f 720//211 604//210 605//960
f 720//211 605//960 719//959
f 171//307 233//310 215//294
f 98//552 99//539 1589//538
f 98//552 1589//538 1590//602
f 346//964 1492//965 1493//966
f 346//964 1493//966 566//967
f 1491//968 2339//969 2340//970
f 1491//968 2340//970 345//971
f 566//967 1493//966 1494//972
f 566//967 1494//972 567//973
f 1495//559 347//558 567//973
f 1495//559 567//973 1494//972
f 348//557 569//974 568//975
f 348//557 568//975 347//558
f 569//974 348//557 349//562
f 569//974 349//562 297//563
f 386//650 571//649 570//668
f 386//650 570//668 398//669
f 236//319 572//316 571//649
f 236//319 571//649 386//650
f 174//318 573//313 572//316
f 174//318 572//316 236//319
f 726//229 598//228 599//219
f 726//229 599//219 725//222
f 575//948 574//947 558//942
f 575//948 558//942 176//945
f 2392//232 2393//223 175//226
f 2392//232 175//226 576//233
f 175//226 2435//411 2436//412
f 175//226 2436//412 576//233
f 578//424 577//423 158//417
f 578//424 158//417 154//416
f 1688//398 2438//976 2439//426
f 1688//398 2439//426 183//395
f 635//449 2459//977 2460//978
f 635//449 2460//978 144//450
f 581//242 1645//329 1646//330
f 581//242 1646//330 253//243
f 582//184 581//242 253//243
f 582//184 253//243 147//192
f 583//185 582//184 147//192
f 583//185 147//192 148//191
f 584//497 583//185 148//191
f 584//497 148//191 153//500
f 585//498 584//497 153//500
f 585//498 153//500 152//502
f 586//979 292//425 578//424
f 586//979 578//424 587//980
f 154//416 588//981 587//980
f 154//416 587//980 578//424
f 149//415 580//982 588//981
f 149//415 588//981 154//416
f 122//565 592//983 591//984
f 122//565 591//984 123//566
f 592//983 122//565 311//514
f 592//983 311//514 332//985
f 594//986 1751//987 612//988
f 594//986 612//988 729//989
f 222//388 1683//387 1684//384
f 222//388 1684//384 596//383
f 177//314 573//313 598//228
f 177//314 598//228 597//227
f 599//219 598//228 573//313
f 599//219 573//313 174//318
f 174//318 173//317 600//220
f 174//318 600//220 599//219
f 601//217 1652//216 1653//304
f 601//217 1653//304 257//303
f 602//213 601//217 257//303
f 602//213 257//303 172//311
f 172//311 170//308 603//209
f 172//311 603//209 602//213
f 170//308 171//307 604//210
f 170//308 604//210 603//209
f 605//960 604//210 171//307
f 605//960 171//307 215//294
f 606//961 605//960 215//294
f 606//961 215//294 186//293
f 144//450 607//910 2367//990
f 144//450 2367//990 2368//447
f 2460//978 2461//911 607//910
f 2460//978 607//910 144//450
f 1825//991 1826//992 765//993
f 1825//991 765//993 766//994
f 227//473 1676//476 2380//995
f 227//473 2380//995 2381//996
f 222//388 596//383 612//988
f 222//388 612//988 611//997
f 2383//998 2384//999 1827//451
f 2383//998 1827//451 764//454
f 2385//1000 2386//1001 1752//403
f 2385//1000 1752//403 223//402
f 728//386 729//989 612//988
f 728//386 612//988 596//383
f 595//1002 613//1003 560//950
f 595//1002 560//950 182//953
f 2456//1004 2457//1005 2343//440
f 2456//1004 2343//440 145//439
f 225//501 608//1006 614//1007
f 225//501 614//1007 152//502
f 2454//468 2455//1008 2315//435
f 2454//468 2315//435 262//438
f 2388//1009 2389//396 183//395
f 2388//1009 183//395 181//428
f 608//1006 298//1010 589//1011
f 608//1006 589//1011 614//1007
f 614//1007 589//1011 590//1012
f 614//1007 590//1012 615//1013
f 616//1014 124//912 591//984
f 616//1014 591//984 592//983
f 332//985 617//1015 616//1014
f 332//985 616//1014 592//983
f 615//1013 585//498 152//502
f 615//1013 152//502 614//1007
f 347//558 568//975 619//1016
f 347//558 619//1016 567//973
f 621//484 344//483 2312//811
f 621//484 2312//811 2313//1017
f 294//1018 621//484 2313//1017
f 294//1018 2313//1017 2314//1019
f 622//485 621//484 294//1018
f 622//485 294//1018 483//1020
f 623//457 622//485 483//1020
f 623//457 483//1020 299//1021
f 624//458 623//457 299//1021
f 624//458 299//1021 300//1022
f 625//466 1626//465 1627//1023
f 625//466 1627//1023 191//1024
f 626//446 1674//445 1675//1025
f 626//446 1675//1025 228//1026
f 1828//1027 1829//295 762//298
f 1828//1027 762//298 763//1028
f 628//181 627//240 151//408
f 628//181 151//408 150//189
f 742//188 743//178 628//181
f 742//188 628//181 150//189
f 620//1029 2341//1030 2342//1031
f 620//1029 2342//1031 295//1032
f 620//1029 345//971 2340//970
f 620//1029 2340//970 2341//1030
f 567//973 619//1016 630//1033
f 567//973 630//1033 566//967
f 630//1033 618//1034 346//964
f 630//1033 346//964 566//967
f 130//1035 492//1036 491//363
f 130//1035 491//363 129//1037
f 491//363 490//362 126//821
f 491//363 126//821 129//1037
f 379//1038 631//653 395//665
f 379//1038 395//665 391//1039
f 230//1040 632//321 631//653
f 230//1040 631//653 379//1038
f 216//1041 633//291 632//321
f 216//1041 632//321 230//1040
f 216//1041 156//1042 634//292
f 216//1041 634//292 633//291
f 635//449 2369//448 2370//1043
f 635//449 2370//1043 143//1044
f 143//1044 2458//1045 2459//977
f 143//1044 2459//977 635//449
f 579//1046 618//1034 630//1033
f 579//1046 630//1033 636//1047
f 298//1010 636//1047 637//1048
f 298//1010 637//1048 589//1011
f 637//1048 636//1047 630//1033
f 637//1048 630//1033 619//1016
f 590//1012 589//1011 637//1048
f 590//1012 637//1048 638//1049
f 619//1016 568//975 638//1049
f 619//1016 638//1049 637//1048
f 639//1050 638//1049 568//975
f 639//1050 568//975 569//974
f 638//1049 639//1050 640//1051
f 638//1049 640//1051 590//1012
f 544//914 302//495 585//498
f 544//914 585//498 615//1013
f 640//1051 544//914 615//1013
f 640//1051 615//1013 590//1012
f 123//566 639//1050 569//974
f 123//566 569//974 297//563
f 123//566 591//984 640//1051
f 123//566 640//1051 639//1050
f 591//984 124//912 544//914
f 591//984 544//914 640//1051
f 331//913 124//912 616//1014
f 331//913 616//1014 643//1052
f 643//1052 616//1014 617//1015
f 643//1052 617//1015 550//1053
f 332//985 1884//1054 644//1055
f 332//985 644//1055 617//1015
f 2223//1056 2224//1057 1885//1058
f 2223//1056 1885//1058 645//1059
f 1912//1060 2162//1061 2163//1062
f 1912//1060 2163//1062 439//1063
f 2046//1064 2229//1065 2230//1066
f 2046//1064 2230//1066 650//1067
f 444//1068 2047//1069 413//1070
f 444//1068 413//1070 414//697
f 650//1067 651//1071 2045//1072
f 650//1067 2045//1072 2046//1064
f 2098//1073 2099//738 1963//741
f 2098//1073 1963//741 1964//1074
f 2059//1075 2060//1076 646//1077
f 2059//1075 646//1077 437//1078
f 655//1079 2097//1080 2115//1081
f 2206//1082 2231//1083 2232//1084
f 2206//1082 2232//1084 657//1085
f 438//749 659//1086 2057//1087
f 438//749 2057//1087 2058//750
f 655//1079 2115//1081 2116//737
f 655//1079 2116//737 442//736
f 656//1088 1982//766 458//769
f 656//1088 458//769 1924//1089
f 1885//1058 1886//1090 661//1091
f 1885//1058 661//1091 645//1059
f 550//1053 617//1015 644//1055
f 550//1053 644//1055 752//1092
f 2142//765 2143//779 1932//778
f 2142//765 1932//778 653//762
f 331//913 660//1093 662//1094
f 331//913 662//1094 302//495
f 302//495 662//1094 330//280
f 302//495 330//280 303//496
f 1522//1095 1900//577 280//571
f 1522//1095 280//571 1521//885
f 1890//1096 1891//1097 1567//1098
f 1890//1096 1567//1098 663//1099
f 2029//1100 2030//1101 1890//1096
f 2029//1100 1890//1096 663//1099
f 399//801 755//1102 756//1103
f 399//801 756//1103 387//800
f 237//802 667//1104 219//407
f 237//802 219//407 218//406
f 668//1105 1630//1106 1631//1107
f 668//1105 1631//1107 221//1108
f 220//1109 1629//1110 1630//1106
f 220//1109 1630//1106 668//1105
f 1677//1111 1678//1112 610//1113
f 1677//1111 610//1113 609//1114
f 1823//1115 1824//1116 767//1117
f 1823//1115 767//1117 768//1118
f 766//994 767//1117 1824//1116
f 766//994 1824//1116 1825//991
f 1678//1112 1679//392 670//391
f 1678//1112 670//391 610//1113
f 768//1118 1681//1119 1822//1120
f 768//1118 1822//1120 1823//1115
f 1568//790 468//606 2283//1121
f 1568//790 2283//1121 2284//1122
f 519//849 121//848 120//1123
f 519//849 120//1123 520//850
f 282//927 538//928 671//1124
f 282//927 671//1124 664//1125
f 664//1125 671//1124 672//1126
f 664//1125 672//1126 111//1127
f 111//1127 672//1126 281//381
f 111//1127 281//381 244//382
f 468//606 2028//605 2282//1128
f 468//606 2282//1128 2283//1121
f 520//850 120//1123 197//1129
f 520//850 197//1129 673//1130
f 674//1131 536//886 1537//855
f 674//1131 1537//855 673//1130
f 537//888 536//886 674//1131
f 537//888 674//1131 675//1132
f 673//1130 197//1129 545//1133
f 673//1130 545//1133 674//1131
f 548//1134 675//1132 674//1131
f 548//1134 674//1131 545//1133
f 547//1135 676//1136 675//1132
f 547//1135 675//1132 548//1134
f 671//1124 676//1136 677//1137
f 671//1124 677//1137 672//1126
f 676//1136 547//1135 546//1138
f 676//1136 546//1138 677//1137
f 1870//902 1871//918 249//917
f 1870//902 249//917 200//903
f 682//1139 679//1140 678//1141
f 682//1139 678//1141 681//1142
f 2512//1143 2513//1144 679//1140
f 2512//1143 679//1140 682//1139
f 325//489 682//1139 681//1142
f 325//489 681//1142 308//522
f 2511//488 2512//1143 682//1139
f 2511//488 682//1139 325//489
f 587//980 681//1142 678//1141
f 587//980 678//1141 586//979
f 588//981 308//522 681//1142
f 588//981 681//1142 587//980
f 308//522 588//981 580//982
f 308//522 580//982 307//523
f 551//1145 550//1053 752//1092
f 551//1145 752//1092 753//1146
f 202//904 685//257 684//260
f 202//904 684//260 69//908
f 2575//907 2576//269 685//257
f 2575//907 685//257 202//904
f 687//255 686//254 201//900
f 687//255 201//900 200//903
f 688//250 687//255 200//903
f 688//250 200//903 249//917
f 689//251 688//250 249//917
f 689//251 249//917 199//920
f 690//246 689//251 199//920
f 690//246 199//920 243//922
f 691//247 690//246 243//922
f 691//247 243//922 198//924
f 692//550 691//247 198//924
f 692//550 198//924 366//915
f 693//867 692//550 366//915
f 693//867 366//915 528//869
f 526//872 694//865 693//867
f 526//872 693//867 528//869
f 695//866 694//865 526//872
f 695//866 526//872 527//874
f 696//868 695//866 527//874
f 696//868 527//874 525//876
f 529//879 697//864 696//868
f 529//879 696//868 525//876
f 524//882 698//863 697//864
f 524//882 697//864 529//879
f 699//862 698//863 524//882
f 699//862 524//882 530//883
f 700//637 699//862 530//883
f 700//637 530//883 117//877
f 376//859 701//633 700//637
f 376//859 700//637 117//877
f 702//634 701//633 376//859
f 702//634 376//859 63//858
f 704//897 703//899 75//376
f 704//897 75//376 287//375
f 2571//380 2572//894 704//897
f 2571//380 704//897 287//375
f 706//893 705//892 285//372
f 706//893 285//372 286//371
f 707//1147 543//1148 539//890
f 707//1147 539//890 706//893
f 677//1137 546//1138 543//1148
f 677//1137 543//1148 707//1147
f 710//1149 1887//1150 1888//1151
f 710//1149 1888//1151 666//1152
f 284//367 730//1153 731//1154
f 284//367 731//1154 283//368
f 672//1126 677//1137 707//1147
f 672//1126 707//1147 281//381
f 1775//687 1776//1155 409//694
f 1775//687 409//694 410//688
f 2097//1080 2098//1073 1964//1074
f 2097//1080 1964//1074 1965//1156
f 717//1157 712//1158 713//700
f 717//1157 713//700 716//1159
f 712//1158 1911//1160 467//1161
f 444//1068 1916//1162 714//1163
f 444//1068 714//1163 2148//1164
f 439//1063 2163//1062 2180//1165
f 439//1063 2180//1165 1917//1166
f 1916//1162 1917//1166 715//1167
f 1916//1162 715//1167 714//1163
f 2198//1168 2199//1169 714//1163
f 2198//1168 714//1163 715//1167
f 2158//1170 2198//1168 715//1167
f 2158//1170 715//1167 2181//1171
f 2263//1172 2264//1173 717//1157
f 2263//1172 717//1157 716//1159
f 2264//1173 2265//1174 718//1175
f 2264//1173 718//1175 717//1157
f 432//721 2270//1176 2263//1172
f 432//721 2263//1172 716//1159
f 716//1159 713//700 431//699
f 716//1159 431//699 432//721
f 446//742 447//755 415//754
f 446//742 415//754 2269//1177
f 1911//1160 1912//1060 439//1063
f 1911//1160 439//1063 467//1161
f 440//1178 718//1175 2265//1174
f 440//1178 2265//1174 2297//1179
f 463//1180 457//786 648//785
f 463//1180 648//785 1990//1181
f 281//381 707//1147 730//1153
f 281//381 730//1153 284//367
f 283//368 731//1154 706//893
f 283//368 706//893 286//371
f 412//695 1765//1182 1766//692
f 412//695 1766//692 411//693
f 1764//1183 1765//1182 412//695
f 1764//1183 412//695 754//1184
f 754//1184 412//695 409//694
f 754//1184 409//694 400//1185
f 1776//1155 1777//1186 400//1185
f 1776//1155 400//1185 409//694
f 565//963 719//959 606//961
f 565//963 606//961 224//962
f 553//933 720//211 719//959
f 553//933 719//959 565//963
f 721//212 720//211 553//933
f 721//212 553//933 554//932
f 722//214 721//212 554//932
f 722//214 554//932 555//936
f 556//939 723//218 722//214
f 556//939 722//214 555//936
f 1650//941 1651//215 723//218
f 1650//941 723//218 556//939
f 725//222 724//221 557//943
f 725//222 557//943 558//942
f 574//947 726//229 725//222
f 574//947 725//222 558//942
f 727//230 726//229 574//947
f 727//230 574//947 559//946
f 728//386 1685//385 1686//951
f 728//386 1686//951 560//950
f 560//950 613//1003 729//989
f 560//950 729//989 728//386
f 613//1003 595//1002 594//986
f 613//1003 594//986 729//989
f 188//290 2366//399 2367//990
f 188//290 2367//990 607//910
f 2387//1187 2388//1009 181//428
f 2387//1187 181//428 561//955
f 730//1153 707//1147 706//893
f 730//1153 706//893 731//1154
f 732//1188 293//431 291//419
f 732//1188 291//419 290//430
f 290//430 1689//1189 1690//1190
f 290//430 1690//1190 732//1188
f 1690//1190 1691//1191 733//1192
f 1690//1190 733//1192 732//1188
f 732//1188 733//1192 193//433
f 732//1188 193//433 293//431
f 1691//1191 1692//1193 734//1194
f 1691//1191 734//1194 733//1192
f 733//1192 734//1194 309//1195
f 733//1192 309//1195 193//433
f 79//493 78//1196 309//1195
f 79//493 309//1195 324//494
f 734//1194 735//1197 324//494
f 734//1194 324//494 309//1195
f 1692//1193 1693//1198 735//1197
f 1692//1193 735//1197 734//1194
f 1693//1198 2514//1199 2515//1200
f 1693//1198 2515//1200 735//1197
f 735//1197 2515//1200 2516//491
f 735//1197 2516//491 324//494
f 77//1201 738//432 737//434
f 77//1201 737//434 67//1202
f 738//432 77//1201 1622//1203
f 738//432 1622//1203 1623//1204
f 740//421 739//420 1615//1205
f 740//421 1615//1205 1616//1206
f 1616//1206 1617//1207 741//958
f 1616//1206 741//958 740//421
f 1755//187 1756//1208 1618//1209
f 1755//187 1618//1209 742//188
f 1618//1209 1619//1210 743//178
f 1618//1209 743//178 742//188
f 1619//1210 1620//1211 744//179
f 1619//1210 744//179 743//178
f 65//1212 1507//1213 1620//1211
f 65//1212 1620//1211 81//1214
f 1507//1213 65//1212 64//1215
f 1507//1213 64//1215 1505//1216
f 78//1196 747//1217 748//1218
f 78//1196 748//1218 309//1195
f 747//1217 67//1202 737//434
f 747//1217 737//434 748//1218
f 709//1219 61//1220 104//1221
f 709//1219 104//1221 708//1222
f 1694//1223 1695//1224 749//1225
f 1694//1223 749//1225 736//1226
f 751//1227 750//1228 680//1229
f 751//1227 680//1229 683//1230
f 736//1226 749//1225 708//1222
f 736//1226 708//1222 104//1221
f 748//1218 737//434 193//433
f 748//1218 193//433 309//1195
f 1769//1231 1770//680 407//683
f 1769//1231 407//683 403//696
f 2223//1056 2293//1232 752//1092
f 2223//1056 752//1092 644//1055
f 1633//1233 754//1184 400//1185
f 1633//1233 400//1185 388//1234
f 1632//1235 1633//1233 388//1234
f 1632//1235 388//1234 238//1236
f 387//800 756//1103 667//1104
f 387//800 667//1104 237//802
f 1632//1235 238//1236 221//1108
f 1632//1235 221//1108 1631//1107
f 383//652 232//309 382//647
f 757//1237 1670//1238 1671//238
f 757//1237 1671//238 190//237
f 1790//1239 1791//1240 757//1237
f 1790//1239 757//1237 190//237
f 1831//1241 1832//1242 759//1243
f 1831//1241 759//1243 760//1244
f 1789//1245 1790//1239 190//237
f 1789//1245 190//237 189//236
f 761//297 1830//296 1831//1241
f 761//297 1831//1241 760//1244
f 340//443 1788//1246 1789//1245
f 340//443 1789//1245 189//236
f 1787//1247 1788//1246 340//443
f 1787//1247 340//443 626//446
f 1786//1248 1787//1247 626//446
f 1786//1248 626//446 228//1026
f 1785//1249 2446//1250 2447//474
f 1785//1249 2447//474 227//473
f 2381//996 2382//1251 1785//1249
f 2381//996 1785//1249 227//473
f 1783//1252 1784//1253 609//1114
f 1783//1252 609//1114 610//1113
f 610//1113 670//391 1782//1254
f 610//1113 1782//1254 1783//1252
f 1781//1255 1782//1254 670//391
f 1781//1255 670//391 669//394
f 669//394 1680//393 1780//1256
f 669//394 1780//1256 1781//1255
f 1778//1257 1779//1258 238//1236
f 1778//1257 238//1236 388//1234
f 1777//1186 1778//1257 388//1234
f 1777//1186 388//1234 400//1185
f 1575//1259 774//1260 773//1261
f 1575//1259 773//1261 1574//1262
f 775//1263 778//1264 1603//1265
f 775//1263 1603//1265 1604//1266
f 773//1261 780//1267 1573//1268
f 773//1261 1573//1268 1574//1262
f 1602//1269 784//1270 783//1271
f 1602//1269 783//1271 1601//1272
f 1601//1272 783//1271 1747//1273
f 1601//1272 1747//1273 1748//1274
f 1600//1275 786//1276 71//161
f 1600//1275 71//161 1599//160
f 774//1260 788//1277 787//1278
f 774//1260 787//1278 773//1261
f 2016//1279 2017//1280 792//1281
f 2016//1279 792//1281 791//1282
f 475//164 794//1283 2019//1284
f 475//164 2019//1284 2020//165
f 2014//1285 2015//1286 798//1287
f 2014//1285 798//1287 797//1288
f 803//1289 806//1290 1625//1291
f 803//1289 1625//1291 804//1292
f 808//1293 809//1294 811//1295
f 808//1293 811//1295 812//1296
f 813//1297 816//1298 815//1299
f 813//1297 815//1299 814//1300
f 817//1301 820//1302 819//1303
f 817//1301 819//1303 818//1304
f 1759//1305 1760//1306 823//1307
f 1759//1305 823//1307 822//1308
f 825//1309 828//1310 827//1311
f 825//1309 827//1311 826//1312
f 1664//1313 832//1314 2500//1315
f 1664//1313 2500//1315 2467//1316
f 2498//1317 2499//1318 828//1310
f 2498//1317 828//1310 825//1309
f 2497//1319 2498//1317 825//1309
f 2497//1319 825//1309 836//1320
f 837//1321 838//1322 2432//1323
f 837//1321 2432//1323 2399//1324
f 838//1322 839//1325 2431//1326
f 838//1322 2431//1326 2432//1323
f 2429//1327 2430//1328 841//1329
f 2429//1327 841//1329 1662//1330
f 842//1331 845//1332 844//1333
f 842//1331 844//1333 843//1334
f 846//1335 847//1336 845//1332
f 846//1335 845//1332 842//1331
f 1660//1337 851//1338 850//1339
f 1660//1337 850//1339 1659//1340
f 852//1341 853//1342 848//1343
f 852//1341 848//1343 849//1344
f 840//1345 855//1346 2427//1347
f 840//1345 2427//1347 2428//1348
f 856//1349 859//1350 858//1351
f 856//1349 858//1351 857//1352
f 860//1353 863//1354 2425//1355
f 860//1353 2425//1355 2426//1356
f 864//1357 867//1358 1712//1359
f 864//1357 1712//1359 1713//1360
f 815//1299 816//1298 871//1361
f 815//1299 871//1361 870//1362
f 818//1304 819//1303 876//1363
f 818//1304 876//1363 875//1364
f 828//1310 832//1314 877//1365
f 828//1310 877//1365 827//1311
f 2499//1318 2500//1315 832//1314
f 2499//1318 832//1314 828//1310
f 839//1325 841//1329 2430//1328
f 839//1325 2430//1328 2431//1326
f 851//1338 847//1336 846//1335
f 851//1338 846//1335 850//1339
f 878//1366 881//1367 880//1368
f 878//1366 880//1368 879//1369
f 882//1370 885//1371 884//1372
f 882//1370 884//1372 883//1373
f 886//1374 889//1375 888//1376
f 886//1374 888//1376 887//1377
f 890//1378 684//260 516//259
f 890//1378 516//259 891//1379
f 780//1267 773//1261 787//1278
f 780//1267 787//1278 892//1380
f 893//1381 894//1382 778//1264
f 893//1381 778//1264 775//1263
f 895//1383 896//1384 783//1271
f 895//1383 783//1271 784//1270
f 786//1276 897//1385 70//266
f 786//1276 70//266 71//161
f 896//1384 1746//1386 1747//1273
f 896//1384 1747//1273 783//1271
f 1745//1387 886//1374 887//1377
f 1745//1387 887//1377 1744//1388
f 2017//1280 2018//1389 1738//1390
f 2017//1280 1738//1390 792//1281
f 898//1391 901//1392 2526//1393
f 898//1391 2526//1393 2527//1394
f 2527//1394 2528//1395 903//1396
f 2527//1394 903//1396 898//1391
f 2528//1395 2529//1397 904//1398
f 2528//1395 904//1398 903//1396
f 2358//1399 2359//1400 907//1401
f 2358//1399 907//1401 906//1402
f 908//1403 905//1404 2330//1405
f 908//1403 2330//1405 2331//1406
f 836//1320 912//1407 2496//1408
f 836//1320 2496//1408 2497//1319
f 913//1409 916//1410 915//1411
f 913//1409 915//1411 914//1412
f 870//1362 871//1361 1842//1413
f 870//1362 1842//1413 1843//1414
f 2331//1406 2332//1415 919//1416
f 2331//1406 919//1416 908//1403
f 2359//1400 2360//1417 921//1418
f 2359//1400 921//1418 907//1401
f 922//1419 925//1420 1657//1421
f 922//1419 1657//1421 1658//1422
f 926//1423 929//1424 928//1425
f 926//1423 928//1425 927//1426
f 927//1426 928//1425 931//1427
f 927//1426 931//1427 930//1428
f 932//1429 935//1430 934//1431
f 932//1429 934//1431 933//1432
f 923//1433 924//1434 937//1435
f 923//1433 937//1435 936//1436
f 930//1428 931//1427 925//1420
f 930//1428 925//1420 922//1419
f 913//1409 938//1437 929//1424
f 913//1409 929//1424 916//1410
f 1604//1266 1573//1268 780//1267
f 1604//1266 780//1267 775//1263
f 893//1381 775//1263 780//1267
f 893//1381 780//1267 892//1380
f 885//1371 878//1366 879//1369
f 885//1371 879//1369 884//1372
f 2013//1438 2014//1285 797//1288
f 2013//1438 797//1288 940//1439
f 1603//1265 778//1264 784//1270
f 1603//1265 784//1270 1602//1269
f 778//1264 894//1382 895//1383
f 778//1264 895//1383 784//1270
f 889//1375 882//1370 883//1373
f 889//1375 883//1373 888//1376
f 798//1287 2015//1286 2016//1279
f 798//1287 2016//1279 791//1282
f 2525//1440 2526//1393 901//1392
f 2525//1440 901//1392 1668//1441
f 875//1364 876//1363 1666//1442
f 875//1364 1666//1442 1667//1443
f 877//1365 832//1314 1664//1313
f 877//1365 1664//1313 1665//1444
f 947//1445 948//1446 920//1447
f 947//1445 920//1447 909//1448
f 949//1449 947//1445 909//1448
f 949//1449 909//1448 910//1450
f 950//1451 952//1452 776//1453
f 950//1451 776//1453 777//1454
f 781//1455 951//1456 950//1451
f 781//1455 950//1451 777//1454
f 779//1457 776//1453 952//1452
f 779//1457 952//1452 953//1458
f 954//1459 951//1456 781//1455
f 954//1459 781//1455 782//1460
f 954//1459 782//1460 1749//1461
f 954//1459 1749//1461 1750//1462
f 955//1463 785//1464 57//350
f 955//1463 57//350 73//349
f 956//1465 772//1466 779//1457
f 956//1465 779//1457 953//1458
f 957//1467 960//1468 959//1469
f 957//1467 959//1469 958//1470
f 771//1471 772//1466 956//1465
f 771//1471 956//1465 961//1472
f 962//1473 963//1474 960//1468
f 962//1473 960//1468 957//1467
f 964//1475 874//1476 1525//1477
f 964//1475 1525//1477 1526//1478
f 969//1479 963//1474 962//1473
f 969//1479 962//1473 970//1480
f 971//1481 974//1482 973//1483
f 971//1481 973//1483 972//1484
f 975//1485 978//1486 977//1487
f 975//1485 977//1487 976//1488
f 979//1489 980//1490 68//377
f 979//1489 68//377 75//376
f 976//1488 977//1487 1739//1491
f 976//1488 1739//1491 1740//1492
f 981//1493 982//1494 974//1482
f 981//1493 974//1482 971//1481
f 972//1484 973//1483 978//1486
f 972//1484 978//1486 975//1485
f 1725//1495 1726//1496 859//1350
f 1725//1495 859//1350 856//1349
f 933//1432 934//1431 1723//1497
f 933//1432 1723//1497 1724//1498
f 1720//1499 1721//1500 989//1501
f 1720//1499 989//1501 988//1502
f 2424//1503 2425//1355 863//1354
f 2424//1503 863//1354 1728//1504
f 2399//1324 2400//1505 993//1506
f 2399//1324 993//1506 837//1321
f 994//1507 1761//1508 2476//1509
f 994//1507 2476//1509 2477//1510
f 998//1511 1001//1512 1000//1513
f 998//1511 1000//1513 999//1514
f 994//1507 823//1307 1760//1306
f 994//1507 1760//1306 1761//1508
f 2468//1515 2469//1516 1002//1517
f 2468//1515 1002//1517 829//1518
f 2470//1519 2471//1520 1004//1521
f 2470//1519 1004//1521 1003//1522
f 829//1518 1002//1517 1005//1523
f 829//1518 1005//1523 946//1524
f 1006//1525 1009//1526 1008//1527
f 1006//1525 1008//1527 1007//1528
f 1004//1521 1011//1529 1010//1530
f 1004//1521 1010//1530 1003//1522
f 2473//1531 2474//1532 1013//1533
f 2473//1531 1013//1533 1012//1534
f 1013//1533 1006//1525 1007//1528
f 1013//1533 1007//1528 1012//1534
f 1015//1535 1007//1528 1008//1527
f 1015//1535 1008//1527 1016//1536
f 1016//1536 1018//1537 1017//1538
f 1016//1536 1017//1538 1015//1535
f 905//1404 2406//1539 2407//1540
f 905//1404 2407//1540 2330//1405
f 2404//1541 2405//1542 2358//1399
f 2404//1541 2358//1399 906//1402
f 1714//1543 1715//1544 1024//1545
f 1714//1543 1024//1545 1023//1546
f 915//1411 2402//1547 2403//1548
f 915//1411 2403//1548 914//1412
f 2477//1510 2478//1549 1841//1550
f 2477//1510 1841//1550 994//1507
f 1030//1551 1033//1552 1032//1553
f 1030//1551 1032//1553 1031//1554
f 2410//1555 2411//1556 998//1511
f 2410//1555 998//1511 999//1514
f 1023//1546 1024//1545 1641//1557
f 1023//1546 1641//1557 1608//1558
f 1036//1559 2487//1560 2488//1561
f 1036//1559 2488//1561 1037//1562
f 1039//1563 2485//1564 2486//1565
f 1039//1563 2486//1565 1040//1566
f 2408//1567 2409//1568 949//1449
f 2408//1567 949//1449 910//1450
f 2482//1569 2483//1570 1043//1571
f 2482//1569 1043//1571 1716//1572
f 2483//1570 2484//1573 1640//1574
f 2483//1570 1640//1574 1043//1571
f 2412//1575 2413//1576 1045//1577
f 2412//1575 1045//1577 1638//1578
f 1046//1579 1049//1580 1048//1581
f 1046//1579 1048//1581 1047//1582
f 2523//1583 2524//1584 943//1585
f 2523//1583 943//1585 1051//1586
f 2517//492 2518//1587 1052//1588
f 2517//492 1052//1588 79//493
f 1054//1589 1057//1590 1056//1591
f 1054//1589 1056//1591 1055//1592
f 1055//1592 1056//1591 820//1302
f 1055//1592 820//1302 817//1301
f 826//1312 1058//1593 836//1320
f 826//1312 836//1320 825//1309
f 1058//1593 1059//1594 912//1407
f 1058//1593 912//1407 836//1320
f 2007//1595 2008//1596 1063//1597
f 2007//1595 1063//1597 1062//1598
f 1067//1599 1070//1600 2245//1601
f 1067//1599 2245//1601 2246//1602
f 1065//1603 1068//1604 1069//1605
f 1065//1603 1069//1605 1064//1606
f 1066//1607 1064//1606 1069//1605
f 1071//1608 1074//1609 1073//1610
f 1071//1608 1073//1610 1072//1611
f 1565//1612 1547//1613 1548//1614
f 1565//1612 1548//1614 1564//1615
f 943//1585 944//1616 1079//1617
f 943//1585 1079//1617 1051//1586
f 901//1392 875//1364 1667//1443
f 901//1392 1667//1443 1668//1441
f 818//1304 875//1364 901//1392
f 818//1304 901//1392 898//1391
f 903//1396 817//1301 818//1304
f 903//1396 818//1304 898//1391
f 904//1398 1055//1592 817//1301
f 904//1398 817//1301 903//1396
f 2147//1618 2274//1619 1070//1600
f 2147//1618 1070//1600 1067//1599
f 1080//1620 2062//1621 2063//1622
f 1080//1620 2063//1622 1081//1623
f 796//1624 939//1625 1945//1626
f 796//1624 1945//1626 1946//1627
f 799//1628 796//1624 1946//1627
f 799//1628 1946//1627 1947//1629
f 793//1630 1949//1631 1950//535
f 793//1630 1950//535 62//534
f 1084//1632 1085//1633 1577//1634
f 1084//1632 1577//1634 1578//1635
f 1086//1636 1084//1632 1578//1635
f 1086//1636 1578//1635 1579//1637
f 814//1300 815//1299 808//1293
f 814//1300 808//1293 812//1296
f 815//1299 870//1362 807//1638
f 815//1299 807//1638 808//1293
f 1714//1543 1023//1546 864//1357
f 1714//1543 864//1357 1713//1360
f 1486//1639 1030//1551 1031//1554
f 1486//1639 1031//1554 1485//1640
f 1483//1641 1484//1642 1049//1580
f 1483//1641 1049//1580 1046//1579
f 968//1643 966//1644 964//1475
f 968//1643 964//1475 1089//1645
f 881//1367 1091//1646 1090//1647
f 881//1367 1090//1647 880//1368
f 1092//1648 1085//1633 1094//1649
f 1092//1648 1094//1649 1093//1650
f 1095//1651 1094//1649 1085//1633
f 1095//1651 1085//1633 1084//1632
f 1084//1632 1086//1636 1096//1652
f 1084//1632 1096//1652 1095//1651
f 1097//1653 1477//1654 1478//1655
f 1097//1653 1478//1655 1098//1656
f 1477//1654 1097//1653 1102//1657
f 1477//1654 1102//1657 1476//1658
f 1103//1659 1106//1660 1105//1661
f 1103//1659 1105//1661 1104//1662
f 1107//1663 1110//1664 1109//1665
f 1107//1663 1109//1665 1108//1666
f 1111//1667 1107//1663 1108//1666
f 1111//1667 1108//1666 1112//1668
f 1113//1669 1072//1611 1073//1610
f 1113//1669 1073//1610 1114//1670
f 1474//1671 1113//1669 1114//1670
f 1474//1671 1114//1670 1473//1672
f 1078//1673 1905//1674 1906//1675
f 1078//1673 1906//1675 1077//1676
f 1104//1662 1115//1677 1102//1657
f 1104//1662 1102//1657 1103//1659
f 1475//1678 1476//1658 1102//1657
f 1475//1678 1102//1657 1115//1677
f 2605//1679 2606//1680 31//1681
f 2605//1679 31//1681 30//1682
f 2604//1683 2605//1679 30//1682
f 2604//1683 30//1682 32//1684
f 2603//1685 2604//1683 32//1684
f 2603//1685 32//1684 28//117
f 2602//1686 2603//1685 28//117
f 2602//1686 28//117 56//120
f 2543//1687 2544//1688 969//1479
f 2543//1687 969//1479 970//1480
f 1579//1637 2545//1689 2546//1690
f 1579//1637 2546//1690 1086//1636
f 1120//1691 1123//1692 1122//1693
f 1120//1691 1122//1693 1121//1694
f 1092//1648 1093//1650 788//1277
f 1092//1648 788//1277 774//1260
f 1576//1695 1092//1648 774//1260
f 1576//1695 774//1260 1575//1259
f 959//1469 771//1471 961//1472
f 959//1469 961//1472 958//1470
f 940//1439 1126//1696 2012//1697
f 940//1439 2012//1697 2013//1438
f 1945//1626 939//1625 1125//1698
f 1945//1626 1125//1698 1944//1699
f 1582//1700 1583//612 59//611
f 1582//1700 59//611 1129//1701
f 1129//1701 59//611 60//614
f 1129//1701 60//614 1130//1702
f 1130//1702 60//614 82//616
f 1130//1702 82//616 1131//1703
f 2535//1704 2536//1705 1118//1706
f 2535//1704 1118//1706 1117//1707
f 1134//1708 74//624 58//623
f 1134//1708 58//623 1128//1709
f 1580//1710 2537//1711 2538//1712
f 1580//1710 2538//1712 1119//1713
f 1136//1714 1139//1715 1138//1716
f 1136//1714 1138//1716 1137//1717
f 1131//1703 82//616 702//634
f 1131//1703 702//634 1140//1718
f 2600//1719 2601//1720 29//121
f 2600//1719 29//121 50//124
f 1128//1709 1132//1721 1133//1722
f 1128//1709 1133//1722 1134//1708
f 1129//1701 1135//1723 1581//1724
f 1129//1701 1581//1724 1582//1700
f 1130//1702 1137//1717 1135//1723
f 1130//1702 1135//1723 1129//1701
f 1131//1703 1136//1714 1137//1717
f 1131//1703 1137//1717 1130//1702
f 1140//1718 1141//1725 1136//1714
f 1140//1718 1136//1714 1131//1703
f 35//127 3//105 2597//639
f 35//127 2597//639 2598//1726
f 33//128 35//127 2598//1726
f 33//128 2598//1726 2599//1727
f 2332//1415 2333//1728 1144//1729
f 2332//1415 1144//1729 919//1416
f 2360//1417 2361//1730 1146//1731
f 2360//1417 1146//1731 921//1418
f 925//1420 1148//1732 1656//1733
f 925//1420 1656//1733 1657//1421
f 928//1425 1150//1734 1149//1735
f 928//1425 1149//1735 931//1427
f 935//1430 1152//1736 1151//1737
f 935//1430 1151//1737 934//1431
f 924//1434 1147//1738 1153//1739
f 924//1434 1153//1739 937//1435
f 931//1427 1149//1735 1148//1732
f 931//1427 1148//1732 925//1420
f 938//1437 1155//1740 1154//1741
f 938//1437 1154//1741 929//1424
f 934//1431 1151//1737 1833//1742
f 934//1431 1833//1742 1834//1743
f 948//1446 1158//1744 1145//1745
f 948//1446 1145//1745 920//1447
f 2333//1728 2334//1746 1159//1747
f 2333//1728 1159//1747 1144//1729
f 2361//1730 2362//1748 1161//1749
f 2361//1730 1161//1749 1146//1731
f 1148//1732 1163//1750 1656//1733
f 1154//1741 1165//1751 1164//1752
f 1154//1741 1164//1752 1150//1734
f 1150//1734 1164//1752 1166//1753
f 1150//1734 1166//1753 1149//1735
f 1152//1736 1168//1754 1167//1755
f 1152//1736 1167//1755 1151//1737
f 1147//1738 1162//1756 1169//1757
f 1147//1738 1169//1757 1153//1739
f 1149//1735 1166//1753 1163//1750
f 1149//1735 1163//1750 1148//1732
f 1155//1740 1165//1751 1154//1741
f 1151//1737 1167//1755 1157//1758
f 1151//1737 1157//1758 1833//1742
f 1158//1744 1170//1759 1160//1760
f 1158//1744 1160//1760 1145//1745
f 2334//1746 2335//1761 1796//1762
f 2334//1746 1796//1762 1159//1747
f 2362//1748 2363//1763 1797//1764
f 2362//1748 1797//1764 1161//1749
f 1165//1751 1798//1765 1799//1766
f 1165//1751 1799//1766 1164//1752
f 1164//1752 1799//1766 1800//1767
f 1164//1752 1800//1767 1166//1753
f 1162//1756 1802//1768 1803//1769
f 1162//1756 1803//1769 1169//1757
f 1166//1753 1800//1767 1801//1770
f 1166//1753 1801//1770 1163//1750
f 1170//1759 1794//1771 1795//1772
f 1170//1759 1795//1772 1160//1760
f 1180//1773 1182//1774 1181//1775
f 1180//1773 1181//1775 1179//1776
f 1175//1777 1178//1778 1173//1779
f 1174//1780 1175//1777 1171//1781
f 1174//1780 1171//1781 2336//1782
f 1178//1778 1176//1783 1177//1784
f 1178//1778 1177//1784 1173//1779
f 1186//1785 1448//1786 1185//1787
f 1186//1785 1185//1787 1913//1788
f 1063//1597 1075//1789 1076//1790
f 1063//1597 1076//1790 1062//1598
f 2247//1791 2248//1792 1183//1793
f 2247//1791 1183//1793 1184//1794
f 1189//1795 1188//1796 1187//1797
f 1189//1795 1187//1797 1190//1798
f 1550//1799 1562//1800 1563//1801
f 1550//1799 1563//1801 1549//1802
f 1195//1803 1193//1804 1194//1805
f 1195//1803 1194//1805 1196//1806
f 1196//1806 2005//1807 2006//1808
f 1196//1806 2006//1808 1195//1803
f 2064//1809 2065//1810 1202//1811
f 2064//1809 1202//1811 1201//1812
f 1549//1802 1563//1801 1564//1615
f 1549//1802 1564//1615 1548//1614
f 1062//1598 1076//1790 1193//1804
f 1062//1598 1193//1804 1195//1803
f 2006//1808 2007//1595 1062//1598
f 2006//1808 1062//1598 1195//1803
f 1201//1812 1081//1623 2063//1622
f 1201//1812 2063//1622 2064//1809
f 1187//1797 1068//1604 1065//1603
f 1187//1797 1065//1603 1190//1798
f 2246//1602 2247//1791 1184//1794
f 2246//1602 1184//1794 1067//1599
f 1913//1788 2147//1618 1067//1599
f 1913//1788 1067//1599 1184//1794
f 1074//1609 1185//1787 1203//1813
f 1074//1609 1203//1813 1073//1610
f 1198//1814 2110//1815 2111//1816
f 1198//1814 2111//1816 1197//1817
f 2111//1816 2112//1818 1061//1819
f 2111//1816 1061//1819 1197//1817
f 2112//1818 2113//1820 1060//1821
f 2112//1818 1060//1821 1061//1819
f 2175//1822 2176//1823 1207//1824
f 2175//1822 1207//1824 1206//1825
f 2257//1826 2258//1827 2175//1822
f 2257//1826 2175//1822 1206//1825
f 2049//1828 2109//1829 2110//1815
f 2049//1828 2110//1815 1198//1814
f 1114//1670 1073//1610 1203//1813
f 1114//1670 1203//1813 1212//1830
f 1077//1676 1906//1675 1907//1831
f 1077//1676 1907//1831 1192//1832
f 1907//1831 1908//1833 1191//1834
f 1907//1831 1191//1834 1192//1832
f 1213//1835 1112//1668 1108//1666
f 1213//1835 1108//1666 1215//1836
f 1215//1836 1216//1837 1214//1838
f 1215//1836 1214//1838 1213//1835
f 2065//1810 2066//1839 2052//1840
f 2065//1810 2052//1840 1202//1811
f 2255//1841 2256//1842 2072//1843
f 2255//1841 2072//1843 1219//1844
f 1220//1845 1223//1846 1222//1847
f 1220//1845 1222//1847 1221//1848
f 1215//1836 1225//1849 1224//1850
f 1215//1836 1224//1850 1216//1837
f 1225//1849 1215//1836 1108//1666
f 1225//1849 1108//1666 1109//1665
f 1212//1830 1472//1851 1473//1672
f 1212//1830 1473//1672 1114//1670
f 1472//1851 1212//1830 1222//1847
f 1472//1851 1222//1847 1471//1852
f 1223//1846 1470//1853 1471//1852
f 1223//1846 1471//1852 1222//1847
f 1227//1854 2048//1855 2005//1807
f 1227//1854 2005//1807 1196//1806
f 2259//1856 2260//1857 2082//1858
f 2259//1856 2082//1858 1205//1859
f 1230//1860 1469//1861 1470//1853
f 1230//1860 1470//1853 1223//1846
f 1216//1837 1224//1850 1226//1862
f 1216//1837 1226//1862 1232//1863
f 1233//1864 1232//1863 1226//1862
f 1233//1864 1226//1862 1231//1865
f 1232//1863 1234//1866 1214//1838
f 1232//1863 1214//1838 1216//1837
f 1234//1866 1232//1863 1233//1864
f 1234//1866 1233//1864 1931//1867
f 2262//1868 1235//1869 1228//1870
f 1562//1800 1550//1799 1551//1871
f 1562//1800 1551//1871 1561//1872
f 1191//1834 1908//1833 1909//1873
f 1191//1834 1909//1873 1236//1874
f 1922//1875 1923//1876 1552//1877
f 1922//1875 1552//1877 1235//1869
f 2082//1858 2083//1878 1204//1879
f 2082//1858 1204//1879 1205//1859
f 1469//1861 1987//1880 1238//1881
f 1469//1861 1238//1881 1231//1865
f 1240//1882 1230//1860 1223//1846
f 1240//1882 1223//1846 1220//1845
f 982//1494 1241//1883 1572//1884
f 797//1288 974//1482 982//1494
f 797//1288 982//1494 940//1439
f 798//1287 973//1483 974//1482
f 798//1287 974//1482 797//1288
f 973//1483 798//1287 791//1282
f 973//1483 791//1282 978//1486
f 792//1281 977//1487 978//1486
f 792//1281 978//1486 791//1282
f 1738//1390 1739//1491 977//1487
f 1738//1390 977//1487 792//1281
f 68//377 980//1490 794//1283
f 68//377 794//1283 475//164
f 1242//1885 1243//1886 1075//1789
f 1242//1885 1075//1789 1063//1597
f 1554//1887 1975//1888 1976//1889
f 1554//1887 1976//1889 1547//1613
f 802//1890 1244//1891 1088//1892
f 802//1890 1088//1892 1087//1893
f 1245//1894 1246//1895 1170//1759
f 1245//1894 1170//1759 1158//1744
f 1247//1896 1245//1894 1158//1744
f 1247//1896 1158//1744 948//1446
f 1000//1513 1247//1896 948//1446
f 1000//1513 948//1446 947//1445
f 999//1514 1000//1513 947//1445
f 999//1514 947//1445 949//1449
f 2409//1568 2410//1555 999//1514
f 2409//1568 999//1514 949//1449
f 1040//1566 2486//1565 2487//1560
f 1040//1566 2487//1560 1036//1559
f 1049//1580 1031//1554 1032//1553
f 1049//1580 1032//1553 1048//1581
f 1484//1642 1485//1640 1031//1554
f 1484//1642 1031//1554 1049//1580
f 1244//1891 806//1290 803//1289
f 1244//1891 803//1289 1088//1892
f 1180//1773 1179//1776 1174//1780
f 1180//1773 1174//1780 1172//1897
f 805//1898 1248//1899 804//1292
f 805//1898 804//1292 1625//1291
f 1512//1900 804//1292 1248//1899
f 1512//1900 1248//1899 1511//1901
f 1482//1902 2325//1903 2326//1904
f 1482//1902 2326//1904 1250//1905
f 1249//1906 801//1907 2323//1908
f 1249//1906 2323//1908 2324//1909
f 800//1910 2351//1911 2352//1912
f 800//1910 2352//1912 1251//1913
f 1527//1914 1089//1645 964//1475
f 1527//1914 964//1475 1526//1478
f 965//1915 1254//1916 1253//1917
f 965//1915 1253//1917 1252//1918
f 1252//1918 1253//1917 1099//1919
f 1252//1918 1099//1919 1255//1920
f 1255//1920 1099//1919 1100//1921
f 1255//1920 1100//1921 1256//1922
f 1101//1923 1257//1924 1256//1922
f 1101//1923 1256//1922 1100//1921
f 1116//1925 1258//1926 1257//1924
f 1116//1925 1257//1924 1101//1923
f 1259//1927 1530//1928 1531//1929
f 1259//1927 1531//1929 1260//1930
f 1089//1645 1527//1914 1528//1931
f 1089//1645 1528//1931 1261//1932
f 1261//1932 1528//1931 1529//1933
f 1261//1932 1529//1933 1262//1934
f 1262//1934 1529//1933 1530//1928
f 1262//1934 1530//1928 1259//1927
f 1259//1927 1264//1935 1263//1936
f 1259//1927 1263//1936 1262//1934
f 968//1643 1089//1645 1261//1932
f 968//1643 1261//1932 1265//1937
f 1262//1934 1263//1936 1265//1937
f 1262//1934 1265//1937 1261//1932
f 1266//1938 1267//1939 1094//1649
f 1266//1938 1094//1649 1095//1651
f 1268//1940 1093//1650 1094//1649
f 1268//1940 1094//1649 1267//1939
f 788//1277 1093//1650 1268//1940
f 788//1277 1268//1940 1091//1646
f 787//1278 788//1277 1091//1646
f 787//1278 1091//1646 881//1367
f 892//1380 787//1278 881//1367
f 892//1380 881//1367 878//1366
f 893//1381 892//1380 878//1366
f 893//1381 878//1366 885//1371
f 894//1382 893//1381 885//1371
f 894//1382 885//1371 882//1370
f 895//1383 894//1382 882//1370
f 895//1383 882//1370 889//1375
f 896//1384 895//1383 889//1375
f 896//1384 889//1375 886//1374
f 1746//1386 896//1384 886//1374
f 1746//1386 886//1374 1745//1387
f 516//259 70//266 897//1385
f 516//259 897//1385 891//1379
f 1266//1938 1095//1651 1096//1652
f 1266//1938 1096//1652 1269//1941
f 1270//1942 1273//1943 1272//1944
f 1270//1942 1272//1944 1271//1945
f 1271//1945 1275//1946 1274//1947
f 1271//1945 1274//1947 1270//1942
f 1276//1948 1275//1946 1264//1935
f 1276//1948 1264//1935 1277//1949
f 1277//1949 1264//1935 1259//1927
f 1277//1949 1259//1927 1260//1930
f 1113//1669 1115//1677 1104//1662
f 1113//1669 1104//1662 1072//1611
f 1474//1671 1475//1678 1115//1677
f 1474//1671 1115//1677 1113//1669
f 1110//1664 1107//1663 1258//1926
f 1110//1664 1258//1926 1116//1925
f 1263//1936 1264//1935 1275//1946
f 1263//1936 1275//1946 1271//1945
f 1271//1945 1272//1944 1265//1937
f 1271//1945 1265//1937 1263//1936
f 967//1950 968//1643 1265//1937
f 967//1950 1265//1937 1272//1944
f 1260//1930 1531//1929 1532//1951
f 1260//1930 1532//1951 1278//1952
f 1272//1944 1273//1943 1279//1953
f 1272//1944 1279//1953 967//1950
f 967//1950 1279//1953 1143//1954
f 967//1950 1143//1954 1142//1955
f 63//858 1847//861 1848//1956
f 63//858 1848//1956 1280//1957
f 1139//1715 1136//1714 1141//1725
f 1139//1715 1141//1725 1281//1958
f 1282//1959 1283//1960 1123//1692
f 1282//1959 1123//1692 1120//1691
f 1267//1939 1266//1938 1285//1961
f 1267//1939 1285//1961 1284//1962
f 1284//1962 1286//1963 1268//1940
f 1284//1962 1268//1940 1267//1939
f 1266//1938 1269//1941 1287//1964
f 1266//1938 1287//1964 1285//1961
f 1288//1965 1291//1966 1855//1967
f 1288//1965 1855//1967 1856//1968
f 1291//1966 1292//1969 1854//1970
f 1291//1966 1854//1970 1855//1967
f 1292//1969 1293//1971 1853//1972
f 1292//1969 1853//1972 1854//1970
f 1294//1973 1280//1957 1848//1956
f 1294//1973 1848//1956 1849//1974
f 1295//1975 1296//1976 1851//1977
f 1295//1975 1851//1977 1852//1978
f 1297//1979 1850//1980 1851//1977
f 1297//1979 1851//1977 1296//1976
f 1849//1974 1850//1980 1297//1979
f 1849//1974 1297//1979 1294//1973
f 1295//1975 1852//1978 1853//1972
f 1295//1975 1853//1972 1293//1971
f 1139//1715 1120//1691 1121//1694
f 1139//1715 1121//1694 1138//1716
f 1120//1691 1139//1715 1281//1958
f 1120//1691 1281//1958 1282//1959
f 1123//1692 1269//1941 1096//1652
f 1123//1692 1096//1652 1122//1693
f 1283//1960 1287//1964 1269//1941
f 1283//1960 1269//1941 1123//1692
f 1138//1716 1121//1694 1119//1713
f 1138//1716 1119//1713 2538//1712
f 1122//1693 1096//1652 1086//1636
f 1122//1693 1086//1636 2546//1690
f 1278//1952 1532//1951 1533//1981
f 1278//1952 1533//1981 1298//1982
f 1268//1940 1286//1963 1090//1647
f 1268//1940 1090//1647 1091//1646
f 1302//1983 1305//1984 1304//1985
f 1302//1983 1304//1985 1303//1986
f 1303//1986 1304//1985 1741//1987
f 1303//1986 1741//1987 1742//1988
f 1306//1989 1307//1990 703//899
f 1306//1989 703//899 542//898
f 1308//1991 1309//1992 1862//1993
f 1308//1991 1862//1993 1863//1994
f 1743//1995 1308//1991 1863//1994
f 1743//1995 1863//1994 1864//1996
f 1310//1997 1865//1998 1866//909
f 1310//1997 1866//909 69//908
f 2495//1999 2496//1408 912//1407
f 2495//1999 912//1407 1312//2000
f 1313//2001 1315//2002 1054//1589
f 1313//2001 1054//1589 1314//2003
f 1316//2004 1288//1965 1856//1968
f 1316//2004 1856//1968 1857//2005
f 1318//2006 1321//2007 1860//2008
f 1318//2006 1860//2008 1861//2009
f 1859//2010 1860//2008 1321//2007
f 1859//2010 1321//2007 1323//2011
f 1857//2005 1858//2012 1325//2013
f 1857//2005 1325//2013 1316//2004
f 1858//2012 1859//2010 1323//2011
f 1858//2012 1323//2011 1325//2013
f 1105//1661 1071//1608 1072//1611
f 1105//1661 1072//1611 1104//1662
f 1301//2014 1300//2015 1329//2016
f 1301//2014 1329//2016 1328//2017
f 1330//2018 1331//2019 1328//2017
f 1330//2018 1328//2017 1329//2016
f 1063//1597 2008//1596 2009//2020
f 1063//1597 2009//2020 1242//1885
f 1060//1821 2113//1820 2114//2021
f 1060//1821 2114//2021 1332//2022
f 1333//2023 838//1322 837//1321
f 1333//2023 837//1321 1334//2024
f 1335//2025 839//1325 838//1322
f 1335//2025 838//1322 1333//2023
f 841//1329 839//1325 1335//2025
f 841//1329 1335//2025 1336//2026
f 1662//1330 841//1329 1336//2026
f 1662//1330 1336//2026 1661//2027
f 1338//2028 855//1346 840//1345
f 1338//2028 840//1345 1337//2029
f 1339//2030 863//1354 860//1353
f 1339//2030 860//1353 1340//2031
f 1727//2032 1728//1504 863//1354
f 1727//2032 863//1354 1339//2030
f 997//2033 1013//1533 2474//1532
f 997//2033 2474//1532 2475//2034
f 824//2035 1006//1525 1013//1533
f 824//2035 1013//1533 997//2033
f 1009//1526 1006//1525 824//2035
f 1009//1526 824//2035 821//2036
f 1342//2037 1344//2038 1343//2039
f 993//1506 1345//2040 1334//2024
f 993//1506 1334//2024 837//1321
f 844//1333 1342//2037 1343//2039
f 844//1333 1343//2039 843//1334
f 926//1423 916//1410 929//1424
f 1092//1648 1576//1695 1577//1634
f 1092//1648 1577//1634 1085//1633
f 1346//2041 1347//2042 1480//2043
f 1346//2041 1480//2043 1481//2044
f 2353//2045 2354//2046 1346//2041
f 2353//2045 1346//2041 1481//2044
f 1347//2042 1348//2047 1479//2048
f 1347//2042 1479//2048 1480//2043
f 1478//1655 1479//2048 1348//2047
f 1478//1655 1348//2047 1098//1656
f 1097//1653 1098//1656 1350//2049
f 1097//1653 1350//2049 1349//2050
f 1349//2050 1103//1659 1102//1657
f 1349//2050 1102//1657 1097//1653
f 1153//1739 1169//1757 1168//1754
f 1153//1739 1168//1754 1152//1736
f 937//1435 1153//1739 1152//1736
f 937//1435 1152//1736 935//1430
f 936//1436 937//1435 935//1430
f 936//1436 935//1430 932//1429
f 858//1351 853//1342 852//1341
f 858//1351 852//1341 857//1352
f 860//1353 855//1346 1338//2028
f 860//1353 1338//2028 1340//2031
f 855//1346 860//1353 2426//1356
f 855//1346 2426//1356 2427//1347
f 2469//1516 2470//1519 1003//1522
f 2469//1516 1003//1522 1002//1517
f 1010//1530 1005//1523 1002//1517
f 1010//1530 1002//1517 1003//1522
f 2471//1520 2472//2051 1730//2052
f 2471//1520 1730//2052 1004//1521
f 2493//2053 2494//2054 1352//2055
f 2493//2053 1352//2055 1351//2056
f 876//1363 877//1365 1665//1444
f 876//1363 1665//1444 1666//1442
f 819//1303 827//1311 877//1365
f 819//1303 877//1365 876//1363
f 820//1302 826//1312 827//1311
f 820//1302 827//1311 819//1303
f 1056//1591 1058//1593 826//1312
f 1056//1591 826//1312 820//1302
f 1057//1590 1059//1594 1058//1593
f 1057//1590 1058//1593 1056//1591
f 1353//2057 1354//2058 1010//1530
f 1353//2057 1010//1530 1011//1529
f 1005//1523 1010//1530 1354//2058
f 1005//1523 1354//2058 1355//2059
f 946//1524 1005//1523 1355//2059
f 946//1524 1355//2059 945//2060
f 1105//1661 1106//1660 1357//2061
f 1105//1661 1357//2061 1356//2062
f 1356//2062 1358//2063 1071//1608
f 1356//2062 1071//1608 1105//1661
f 1360//2064 1359//2065 1362//2066
f 1360//2064 1362//2066 1763//2067
f 1724//1498 1725//1495 856//1349
f 1724//1498 856//1349 933//1432
f 933//1432 856//1349 857//1352
f 933//1432 857//1352 932//1429
f 852//1341 936//1436 932//1429
f 852//1341 932//1429 857//1352
f 936//1436 852//1341 849//1344
f 936//1436 849//1344 923//1433
f 850//1339 922//1419 1658//1422
f 850//1339 1658//1422 1659//1340
f 846//1335 930//1428 922//1419
f 846//1335 922//1419 850//1339
f 930//1428 846//1335 842//1331
f 930//1428 842//1331 927//1426
f 927//1426 842//1331 843//1334
f 927//1426 843//1334 926//1423
f 1343//2039 916//1410 926//1423
f 1343//2039 926//1423 843//1334
f 1344//2038 915//1411 916//1410
f 1344//2038 916//1410 1343//2039
f 2401//2068 2402//1547 915//1411
f 2401//2068 915//1411 1344//2038
f 1312//2000 1352//2055 2494//2054
f 1312//2000 2494//2054 2495//1999
f 1362//2066 1359//2065 1838//2069
f 1362//2066 1838//2069 1839//2070
f 2413//1576 2414//2071 1718//2072
f 2413//1576 1718//2072 1045//1577
f 985//2073 1359//2065 1360//2064
f 985//2073 1360//2064 983//2074
f 1839//2070 2418//2075 2419//2076
f 1839//2070 2419//2076 1362//2066
f 2419//2076 2420//2077 1763//2067
f 2419//2076 1763//2067 1362//2066
f 984//2078 983//2074 1360//2064
f 984//2078 1360//2064 1366//2079
f 1367//2080 992//2081 1341//2082
f 1367//2080 1341//2082 1368//2083
f 2356//2084 2491//2085 2492//2086
f 2356//2084 2492//2086 1370//2087
f 912//1407 1059//1594 1371//2088
f 912//1407 1371//2088 1312//2000
f 2328//2089 2489//2090 2490//2091
f 2328//2089 2490//2091 1369//2092
f 992//2081 1367//2080 2422//2093
f 992//2081 2422//2093 2423//2094
f 1312//2000 1371//2088 1372//2095
f 1312//2000 1372//2095 1352//2055
f 1371//2088 1374//2096 1373//2097
f 1371//2088 1373//2097 1372//2095
f 1375//2098 1356//2062 1357//2061
f 1375//2098 1357//2061 1313//2001
f 1358//2063 1356//2062 1375//2098
f 1358//2063 1375//2098 1376//2099
f 1374//2096 1371//2088 1059//1594
f 1374//2096 1059//1594 1057//1590
f 1098//1656 1348//2047 1377//2100
f 1098//1656 1377//2100 1350//2049
f 2326//1904 2327//2101 1378//2102
f 2326//1904 1378//2102 1250//1905
f 2327//2101 2328//2089 1369//2092
f 2327//2101 1369//2092 1378//2102
f 1048//1581 1036//1559 1037//1562
f 1048//1581 1037//1562 1047//1582
f 1032//1553 1040//1566 1036//1559
f 1032//1553 1036//1559 1048//1581
f 1033//1552 1039//1563 1040//1566
f 1033//1552 1040//1566 1032//1553
f 1024//1545 1043//1571 1640//1574
f 1024//1545 1640//1574 1641//1557
f 1715//1544 1716//1572 1043//1571
f 1715//1544 1043//1571 1024//1545
f 871//1361 994//1507 1841//1550
f 871//1361 1841//1550 1842//1413
f 816//1298 823//1307 994//1507
f 816//1298 994//1507 871//1361
f 822//1308 823//1307 816//1298
f 822//1308 816//1298 813//1297
f 2355//2103 2356//2084 1370//2087
f 2355//2103 1370//2087 1379//2104
f 2354//2046 2355//2103 1379//2104
f 2354//2046 1379//2104 1346//2041
f 1348//2047 1347//2042 1380//2105
f 1348//2047 1380//2105 1377//2100
f 1380//2105 1347//2042 1346//2041
f 1380//2105 1346//2041 1379//2104
f 800//1910 1251//1913 873//2106
f 800//1910 873//2106 872//2107
f 873//2106 1251//1913 1254//1916
f 873//2106 1254//1916 965//1915
f 1146//1731 1161//1749 1165//1751
f 1146//1731 1165//1751 1155//1740
f 921//1418 1146//1731 1155//1740
f 921//1418 1155//1740 938//1437
f 907//1401 921//1418 938//1437
f 907//1401 938//1437 913//1409
f 907//1401 913//1409 914//1412
f 907//1401 914//1412 906//1402
f 2403//1548 2404//1541 906//1402
f 2403//1548 906//1402 914//1412
f 2492//2086 2493//2053 1351//2056
f 2492//2086 1351//2056 1370//2087
f 1370//2087 1351//2056 1380//2105
f 1370//2087 1380//2105 1379//2104
f 1352//2055 1372//2095 1381//2108
f 1352//2055 1381//2108 1351//2056
f 1381//2108 1377//2100 1380//2105
f 1381//2108 1380//2105 1351//2056
f 1373//2097 1382//2109 1381//2108
f 1373//2097 1381//2108 1372//2095
f 1377//2100 1381//2108 1382//2109
f 1377//2100 1382//2109 1350//2049
f 1383//2110 1349//2050 1350//2049
f 1383//2110 1350//2049 1382//2109
f 1382//2109 1373//2097 1384//2111
f 1382//2109 1384//2111 1383//2110
f 1315//2002 1374//2096 1057//1590
f 1315//2002 1057//1590 1054//1589
f 1384//2111 1373//2097 1374//2096
f 1384//2111 1374//2096 1315//2002
f 1106//1660 1103//1659 1349//2050
f 1106//1660 1349//2050 1383//2110
f 1106//1660 1383//2110 1384//2111
f 1106//1660 1384//2111 1357//2061
f 1357//2061 1384//2111 1315//2002
f 1357//2061 1315//2002 1313//2001
f 2253//2112 2254//2113 2095//2114
f 2253//2112 2095//2114 1386//2115
f 1314//2003 1387//2116 1375//2098
f 1314//2003 1375//2098 1313//2001
f 1387//2116 1326//2117 1376//2099
f 1387//2116 1376//2099 1375//2098
f 1358//2063 1892//2118 1070//1600
f 1358//2063 1070//1600 2274//1619
f 1892//2118 2244//2119 2245//1601
f 1892//2118 2245//1601 1070//1600
f 2176//1823 2177//2120 2160//2121
f 2176//1823 2160//2121 1207//1824
f 2083//1878 2197//2122 2159//2123
f 2083//1878 2159//2123 1204//1879
f 1235//1869 1991//2124 1237//2125
f 1235//1869 1237//2125 1228//1870
f 1183//1793 2248//1792 2249//2126
f 1183//1793 2249//2126 2055//2127
f 1393//2128 2252//2129 2253//2112
f 1393//2128 2253//2112 1386//2115
f 1395//2130 1186//1785 1183//1793
f 1395//2130 1183//1793 2055//2127
f 2053//2131 2054//2132 1188//1796
f 2053//2131 1188//1796 1189//1795
f 2067//2133 2068//2134 1397//2135
f 2067//2133 1397//2135 1217//2136
f 1211//2137 1399//2138 2107//2139
f 1211//2137 2107//2139 2108//2140
f 1399//2138 2079//2141 2080//2142
f 1399//2138 2080//2142 1407//2143
f 1400//2144 1219//1844 2072//1843
f 1400//2144 2072//1843 2073//2145
f 2092//2146 2122//2147 2123//2148
f 2092//2146 2123//2148 1403//2149
f 2069//2150 2120//2151 2121//2152
f 2069//2150 2121//2152 1402//2153
f 1934//2154 1405//2155 2119//2156
f 1934//2154 2119//2156 1406//2157
f 1196//1806 1194//1805 1933//2158
f 1196//1806 1933//2158 1227//1854
f 1391//2159 2250//2160 2251//2161
f 1391//2159 2251//2161 2211//2162
f 1385//2163 1394//2164 1408//2165
f 1385//2163 1408//2165 1404//2166
f 2093//2167 2094//2168 1385//2163
f 2093//2167 1385//2163 1404//2166
f 2070//2169 2071//2170 1218//2171
f 2070//2169 1218//2171 1401//2172
f 2117//2173 2118//2174 1209//2175
f 2117//2173 1209//2175 1405//2155
f 2080//2142 2081//2176 1208//2177
f 2080//2142 1208//2177 1407//2143
f 2209//2178 2210//2179 1392//2180
f 2209//2178 1392//2180 1396//2181
f 1387//2116 1314//2003 1411//2182
f 1387//2116 1411//2182 1410//2183
f 1069//1605 1893//2184 1894//2185
f 1069//1605 1894//2185 1066//1607
f 1326//2117 1413//2186 1388//2187
f 1326//2117 1388//2187 1376//2099
f 1314//2003 1054//1589 1414//2188
f 1314//2003 1414//2188 1411//2182
f 1054//1589 1055//1592 904//1398
f 1054//1589 904//1398 1414//2188
f 1534//2189 1974//2190 1300//2015
f 1535//2191 1536//2192 1330//2018
f 1535//2191 1330//2018 1329//2016
f 1242//1885 2009//2020 2010//2193
f 1242//1885 2010//2193 1898//2194
f 2114//2021 1942//2195 1897//2196
f 2114//2021 1897//2196 1332//2022
f 1246//1895 1245//1894 1420//2197
f 1246//1895 1420//2197 1419//2198
f 1247//1896 1000//1513 1001//1512
f 1247//1896 1001//1512 1421//2199
f 1422//2200 988//1502 1636//2201
f 1422//2200 1636//2201 1637//2202
f 1045//1577 1422//2200 1637//2202
f 1045//1577 1637//2202 1638//1578
f 1045//1577 1718//2072 1719//2203
f 1045//1577 1719//2203 1422//2200
f 985//2073 986//2204 1836//2205
f 985//2073 1836//2205 1837//2206
f 1837//2206 1838//2069 1359//2065
f 1837//2206 1359//2065 985//2073
f 1422//2200 1719//2203 1720//1499
f 1422//2200 1720//1499 988//1502
f 1834//1743 1835//2207 1723//1497
f 1834//1743 1723//1497 934//1431
f 1241//1883 1415//2208 1540//2209
f 1241//1883 1540//2209 1572//1884
f 1275//1946 1276//1948 1290//2210
f 1275//1946 1290//2210 1274//1947
f 1330//2018 1415//2208 1426//2211
f 1330//2018 1426//2211 1331//2019
f 1415//2208 1241//1883 1427//2212
f 1415//2208 1427//2212 1426//2211
f 1241//1883 982//1494 981//1493
f 1241//1883 981//1493 1427//2212
f 2290//2213 2291//2214 1416//2215
f 2290//2213 1416//2215 2011//2216
f 2288//2217 2289//2218 1417//2219
f 2288//2217 1417//2219 1943//2220
f 1538//2221 1428//2222 1276//1948
f 1538//2221 1276//1948 1277//1949
f 1276//1948 1428//2222 1289//2223
f 1276//1948 1289//2223 1290//2210
f 1428//2222 1429//2224 1317//2225
f 1428//2222 1317//2225 1289//2223
f 1324//2226 1317//2225 1429//2224
f 1324//2226 1429//2224 1430//2227
f 1322//2228 1324//2226 1430//2227
f 1322//2228 1430//2227 1431//2229
f 1426//2211 1427//2212 1432//2230
f 1426//2211 1432//2230 1431//2229
f 1431//2229 1432//2230 1320//2231
f 1431//2229 1320//2231 1322//2228
f 1861//2009 1862//1993 1309//1992
f 1861//2009 1309//1992 1318//2006
f 1433//2232 1436//2233 1435//2234
f 1433//2232 1435//2234 1434//2235
f 2521//2236 2522//2237 1433//2232
f 2521//2236 1433//2232 1434//2235
f 1051//1586 1079//1617 1436//2233
f 1051//1586 1436//2233 1433//2232
f 2522//2237 2523//1583 1051//1586
f 2522//2237 1051//1586 1433//2232
f 1354//2058 1353//2057 1435//2234
f 1354//2058 1435//2234 1436//2233
f 1355//2059 1354//2058 1436//2233
f 1355//2059 1436//2233 1079//1617
f 1079//1617 944//1616 945//2060
f 1079//1617 945//2060 1355//2059
f 2529//1397 2530//2238 1414//2188
f 2529//1397 1414//2188 904//1398
f 1327//2239 1439//2240 1413//2186
f 1327//2239 1413//2186 1326//2117
f 1310//1997 69//908 684//260
f 1310//1997 684//260 890//1378
f 887//1377 1308//1991 1743//1995
f 887//1377 1743//1995 1744//1388
f 888//1376 1309//1992 1308//1991
f 888//1376 1308//1991 887//1377
f 883//1373 1318//2006 1309//1992
f 883//1373 1309//1992 888//1376
f 884//1372 1321//2007 1318//2006
f 884//1372 1318//2006 883//1373
f 879//1369 1323//2011 1321//2007
f 879//1369 1321//2007 884//1372
f 880//1368 1325//2013 1323//2011
f 880//1368 1323//2011 879//1369
f 1090//1647 1316//2004 1325//2013
f 1090//1647 1325//2013 880//1368
f 1286//1963 1288//1965 1316//2004
f 1286//1963 1316//2004 1090//1647
f 1291//1966 1288//1965 1286//1963
f 1291//1966 1286//1963 1284//1962
f 1285//1961 1292//1969 1291//1966
f 1285//1961 1291//1966 1284//1962
f 1287//1964 1293//1971 1292//1969
f 1287//1964 1292//1969 1285//1961
f 1295//1975 1293//1971 1287//1964
f 1295//1975 1287//1964 1283//1960
f 1296//1976 1295//1975 1283//1960
f 1296//1976 1283//1960 1282//1959
f 1281//1958 1297//1979 1296//1976
f 1281//1958 1296//1976 1282//1959
f 1141//1725 1294//1973 1297//1979
f 1141//1725 1297//1979 1281//1958
f 1280//1957 1294//1973 1141//1725
f 1280//1957 1141//1725 1140//1718
f 702//634 63//858 1280//1957
f 702//634 1280//1957 1140//1718
f 1307//1990 979//1489 75//376
f 1307//1990 75//376 703//899
f 1304//1985 976//1488 1740//1492
f 1304//1985 1740//1492 1741//1987
f 1305//1984 975//1485 976//1488
f 1305//1984 976//1488 1304//1985
f 1440//2241 1305//1984 1302//1983
f 1440//2241 1302//1983 1319//2242
f 1432//2230 1440//2241 1319//2242
f 1432//2230 1319//2242 1320//2231
f 1439//2240 1412//2243 1389//2244
f 1439//2240 1389//2244 2296//2245
f 971//1481 972//1484 1445//2246
f 971//1481 1445//2246 1444//2247
f 1427//2212 981//1493 1440//2241
f 1427//2212 1440//2241 1432//2230
f 1168//1754 1169//1757 1803//1769
f 1168//1754 1803//1769 1804//2248
f 2068//2134 2069//2150 1402//2153
f 2068//2134 1402//2153 1397//2135
f 1399//2138 1407//2143 2106//2249
f 1399//2138 2106//2249 2107//2139
f 1446//2250 1449//2251 1448//1786
f 1446//2250 1448//1786 1447//2252
f 1447//2252 1448//1786 1186//1785
f 1447//2252 1186//1785 1395//2130
f 1450//2253 1446//2250 1447//2252
f 1450//2253 1447//2252 1914//2254
f 1451//2255 1447//2252 1395//2130
f 1451//2255 1395//2130 1918//2256
f 1400//2144 2185//2257 2161//2258
f 1400//2144 2161//2258 2096//2259
f 1390//2260 1451//2255 1918//2256
f 1390//2260 1918//2256 1919//2261
f 1393//2128 1386//2115 2153//2262
f 1393//2128 2153//2262 2154//2263
f 1386//2115 2095//2114 2096//2259
f 1386//2115 2096//2259 2153//2262
f 1220//1845 1221//1848 2266//2264
f 1220//1845 2266//2264 2267//2265
f 1240//1882 1220//1845 2267//2265
f 1240//1882 2267//2265 2268//2266
f 2271//2267 2272//2268 2266//2264
f 2271//2267 2266//2264 1221//1848
f 1449//2251 1203//1813 1185//1787
f 1449//2251 1185//1787 1448//1786
f 1212//1830 2271//2267 1221//1848
f 1212//1830 1221//1848 1222//1847
f 1233//1864 1231//1865 1238//1881
f 1233//1864 1238//1881 1985//2269
f 1239//2270 1450//2253 1914//2254
f 1239//2270 1914//2254 1915//2271
f 2268//2266 2300//2272 1240//1882
f 1418//2273 1443//2274 2287//2275
f 981//1493 971//1481 1444//2247
f 981//1493 1444//2247 1440//2241
f 972//1484 975//1485 1305//1984
f 972//1484 1305//1984 1445//2246
f 1793//2276 1794//1771 1170//1759
f 1793//2276 1170//1759 1246//1895
f 1246//1895 1419//2198 1792//2277
f 1246//1895 1792//2277 1793//2276
f 1454//2278 1455//2279 1181//1775
f 1454//2278 1181//1775 1182//1774
f 1167//1755 1168//1754 1804//2248
f 1167//1755 1804//2248 1805//2280
f 1345//2040 993//1506 1344//2038
f 1345//2040 1344//2038 1342//2037
f 1334//2024 1345//2040 1342//2037
f 1334//2024 1342//2037 844//1333
f 845//1332 1333//2023 1334//2024
f 845//1332 1334//2024 844//1333
f 847//1336 1335//2025 1333//2023
f 847//1336 1333//2023 845//1332
f 1336//2026 1335//2025 847//1336
f 1336//2026 847//1336 851//1338
f 1661//2027 1336//2026 851//1338
f 1661//2027 851//1338 1660//1337
f 853//1342 1338//2028 1337//2029
f 853//1342 1337//2029 848//1343
f 1340//2031 1338//2028 853//1342
f 1340//2031 853//1342 858//1351
f 859//1350 1339//2030 1340//2031
f 859//1350 1340//2031 858//1351
f 1726//1496 1727//2032 1339//2030
f 1726//1496 1339//2030 859//1350
f 1341//2082 984//2078 1366//2079
f 1341//2082 1366//2079 1368//2083
f 1368//2083 1366//2079 1361//2281
f 1368//2083 1361//2281 1367//2080
f 2400//1505 2401//2068 1344//2038
f 2400//1505 1344//2038 993//1506
f 1367//2080 1361//2281 2421//2282
f 1367//2080 2421//2282 2422//2093
f 1444//2247 1445//2246 1305//1984
f 1444//2247 1305//1984 1440//2241
f 1456//2283 1012//1534 1007//1528
f 1456//2283 1007//1528 1015//1535
f 1730//2052 1731//2284 1011//1529
f 1730//2052 1011//1529 1004//1521
f 1011//1529 1731//2284 1732//2285
f 1011//1529 1732//2285 1353//2057
f 1456//2283 1015//1535 1017//1538
f 1456//2283 1017//1538 1457//2286
f 1353//2057 1732//2285 1733//2287
f 1353//2057 1733//2287 1435//2234
f 1457//2286 1017//1538 1459//2288
f 1457//2286 1459//2288 1458//2289
f 79//493 1052//1588 1459//2288
f 79//493 1459//2288 78//1196
f 1458//2289 1459//2288 1052//1588
f 1458//2289 1052//1588 1460//2290
f 1435//2234 1733//2287 1734//2291
f 1435//2234 1734//2291 1434//2235
f 1434//2235 1734//2291 2520//2292
f 1434//2235 2520//2292 2521//2236
f 1460//2290 1052//1588 2518//1587
f 1460//2290 2518//1587 2519//2293
f 77//1201 67//1202 1018//1537
f 77//1201 1018//1537 1016//1536
f 1622//1203 77//1201 1016//1536
f 1622//1203 1016//1536 1621//2294
f 1610//2295 72//2296 76//2297
f 1610//2295 76//2297 1609//2298
f 72//2296 1610//2295 1611//2299
f 72//2296 1611//2299 564//2300
f 1757//2301 1758//2302 1612//2303
f 1757//2301 1612//2303 66//2304
f 66//2304 1612//2303 1613//2305
f 66//2304 1613//2305 629//2306
f 629//2306 1613//2305 1614//2307
f 629//2306 1614//2307 81//1214
f 814//1300 812//1296 1508//2308
f 814//1300 1508//2308 1614//2307
f 1506//2309 1508//2308 812//1296
f 1506//2309 812//1296 811//1295
f 78//1196 1459//2288 1462//2310
f 78//1196 1462//2310 747//1217
f 747//1217 1462//2310 1018//1537
f 747//1217 1018//1537 67//1202
f 709//1219 1442//2311 1053//2312
f 709//1219 1053//2312 61//1220
f 1437//2313 1735//2314 1736//2315
f 1437//2313 1736//2315 1463//2316
f 1464//2317 1438//2318 1437//2313
f 1464//2317 1437//2313 1463//2316
f 1461//2319 1053//2312 1442//2311
f 1461//2319 1442//2311 1465//2320
f 1050//2321 1438//2318 1464//2317
f 1050//2321 1464//2317 1441//2322
f 1462//2310 1459//2288 1017//1538
f 1462//2310 1017//1538 1018//1537
f 1161//1749 1797//1764 1798//1765
f 1161//1749 1798//1765 1165//1751
f 2243//2323 2295//2324 2296//2245
f 2243//2323 2296//2245 1389//2244
f 1634//2325 1466//2326 1455//2279
f 1634//2325 1455//2279 1454//2278
f 1635//2327 989//1501 1466//2326
f 1635//2327 1466//2326 1634//2325
f 1245//1894 1247//1896 1421//2199
f 1245//1894 1421//2199 1420//2197
f 1635//2327 1636//2201 988//1502
f 1635//2327 988//1502 989//1501
f 1154//1741 928//1425 929//1424
f 1711//2328 1712//1359 867//1358
f 1711//2328 867//1358 868//2329
f 810//2330 807//1638 1844//2331
f 810//2330 1844//2331 1845//2332
f 1468//2333 1817//2334 1818//2335
f 1468//2333 1818//2335 1467//2336
f 870//1362 1843//1414 1844//2331
f 870//1362 1844//2331 807//1638
f 917//2337 1816//2338 1817//2334
f 917//2337 1817//2334 1468//2333
f 917//2337 918//2339 1815//2340
f 917//2337 1815//2340 1816//2338
f 1028//2341 1814//2342 1815//2340
f 1028//2341 1815//2340 918//2339
f 2479//2343 2480//2344 1814//2342
f 2479//2343 1814//2342 1028//2341
f 1812//2345 2416//2346 2417//2347
f 1812//2345 2417//2347 1363//2348
f 1364//2349 1811//2350 1812//2345
f 1364//2349 1812//2345 1363//2348
f 1810//2351 1811//2350 1364//2349
f 1810//2351 1364//2349 1424//2352
f 1425//2353 1809//2354 1810//2351
f 1425//2353 1810//2351 1424//2352
f 1807//2355 1808//2356 1722//2357
f 1807//2355 1722//2357 1156//2358
f 1157//1758 1806//2359 1807//2355
f 1157//1758 1807//2355 1156//2358
f 1167//1755 1805//2280 1806//2359
f 1167//1755 1806//2359 1157//1758
f 383//652 233//310 232//309
f 1154//1741 1150//1734 928//1425
f 1469//1861 1231//1865 1226//1862
f 1469//1861 1226//1862 1470//1853
f 1471//1852 1470//1853 1226//1862
f 1471//1852 1226//1862 1224//1850
f 1225//1849 1472//1851 1471//1852
f 1225//1849 1471//1852 1224//1850
f 1473//1672 1472//1851 1225//1849
f 1473//1672 1225//1849 1109//1665
f 1110//1664 1474//1671 1473//1672
f 1110//1664 1473//1672 1109//1665
f 1110//1664 1116//1925 1475//1678
f 1110//1664 1475//1678 1474//1671
f 1116//1925 1101//1923 1476//1658
f 1116//1925 1476//1658 1475//1678
f 1100//1921 1477//1654 1476//1658
f 1100//1921 1476//1658 1101//1923
f 1478//1655 1477//1654 1100//1921
f 1478//1655 1100//1921 1099//1919
f 1099//1919 1253//1917 1479//2048
f 1099//1919 1479//2048 1478//1655
f 1480//2043 1479//2048 1253//1917
f 1480//2043 1253//1917 1254//1916
f 1481//2044 1480//2043 1254//1916
f 1481//2044 1254//1916 1251//1913
f 2352//1912 2353//2045 1481//2044
f 2352//1912 1481//2044 1251//1913
f 1249//1906 2324//1909 2325//1903
f 1249//1906 2325//1903 1482//1902
f 1087//1893 1088//1892 1484//1642
f 1087//1893 1484//1642 1483//1641
f 1088//1892 803//1289 1485//1640
f 1088//1892 1485//1640 1484//1642
f 804//1292 1486//1639 1485//1640
f 804//1292 1485//1640 803//1289
f 137//809 132//2360 1488//543
f 137//809 1488//543 1487//542
f 485//798 1489//545 1488//543
f 485//798 1488//543 132//2360
f 263//797 1490//544 1489//545
f 263//797 1489//545 485//798
f 2310//813 2311//810 1490//544
f 2310//813 1490//544 263//797
f 488//816 2338//815 2339//969
f 488//816 2339//969 1491//968
f 1493//966 1492//965 129//1037
f 1493//966 129//1037 126//821
f 1494//972 1493//966 126//821
f 1494//972 126//821 489//820
f 127//823 1495//559 1494//972
f 127//823 1494//972 489//820
f 1496//560 1495//559 127//823
f 1496//560 127//823 128//825
f 128//825 125//826 1497//561
f 128//825 1497//561 1496//560
f 84//828 1498//580 1497//561
f 84//828 1497//561 125//826
f 86//570 1499//575 1498//580
f 86//570 1498//580 84//828
f 86//570 322//569 1500//576
f 86//570 1500//576 1499//575
f 1501//759 1500//576 322//569
f 1501//759 322//569 454//758
f 454//758 453//757 1502//760
f 454//758 1502//760 1501//759
f 1503//761 1502//760 453//757
f 1503//761 453//757 455//773
f 1504//771 1503//761 455//773
f 1504//771 455//773 459//775
f 1605//806 1607//464 341//463
f 1605//806 341//463 138//803
f 745//176 1507//1213 1505//1216
f 745//176 1505//1216 746//177
f 64//1215 65//1212 1508//2308
f 64//1215 1508//2308 1506//2309
f 136//804 134//2361 1510//807
f 136//804 1510//807 1509//805
f 867//1358 1512//1900 1511//1901
f 867//1358 1511//1901 868//2329
f 1515//819 1514//361 356//548
f 1515//819 356//548 357//547
f 357//547 499//839 1516//832
f 357//547 1516//832 1515//819
f 499//839 500//835 1517//833
f 499//839 1517//833 1516//832
f 500//835 498//834 1518//830
f 500//835 1518//830 1517//833
f 498//834 289//852 1519//831
f 498//834 1519//831 1518//830
f 289//852 522//854 1520//856
f 289//852 1520//856 1519//831
f 522//854 535//887 1521//885
f 522//854 1521//885 1520//856
f 355//889 1522//1095 1521//885
f 355//889 1521//885 535//887
f 1523//2362 1966//2363 355//889
f 1523//2362 355//889 288//926
f 1524//2364 1523//2362 288//926
f 1524//2364 288//926 282//927
f 1526//1478 1525//1477 873//2106
f 1526//1478 873//2106 965//1915
f 1252//1918 1527//1914 1526//1478
f 1252//1918 1526//1478 965//1915
f 1528//1931 1527//1914 1252//1918
f 1528//1931 1252//1918 1255//1920
f 1529//1933 1528//1931 1255//1920
f 1529//1933 1255//1920 1256//1922
f 1530//1928 1529//1933 1256//1922
f 1530//1928 1256//1922 1257//1924
f 1531//1929 1530//1928 1257//1924
f 1531//1929 1257//1924 1258//1926
f 1532//1951 1531//1929 1258//1926
f 1532//1951 1258//1926 1107//1663
f 1533//1981 1532//1951 1107//1663
f 1533//1981 1107//1663 1111//1667
f 1534//2189 1905//1674 1078//1673
f 1974//2190 1975//1888 1554//1887
f 1974//2190 1554//1887 1535//2191
f 1330//2018 2276//2365 1540//2209
f 1330//2018 1540//2209 1415//2208
f 1537//855 521//851 520//850
f 1537//855 520//850 673//1130
f 1278//1952 1538//2221 1277//1949
f 1278//1952 1277//1949 1260//1930
f 1299//2366 1538//2221 1278//1952
f 1299//2366 1278//1952 1298//1982
f 1430//2227 1301//2014 1328//2017
f 1429//2224 1428//2222 1538//2221
f 1429//2224 1538//2221 1299//2366
f 538//928 676//1136 671//1124
f 1301//2014 1430//2227 1429//2224
f 1301//2014 1429//2224 1299//2366
f 675//1132 549//925 537//888
f 1430//2227 1328//2017 1331//2019
f 1430//2227 1331//2019 1431//2229
f 1431//2229 1331//2019 1426//2211
f 675//1132 676//1136 538//928
f 675//1132 538//928 549//925
f 282//927 2275//2367 1524//2364
f 1972//2368 1973//2369 1927//777
f 1972//2368 1927//777 464//2370
f 1971//2371 1972//2368 464//2370
f 1971//2371 464//2370 352//2372
f 352//2372 424//2373 1970//2374
f 352//2372 1970//2374 1971//2371
f 424//2373 353//2375 1969//2376
f 424//2373 1969//2376 1970//2374
f 1968//2377 1969//2376 353//2375
f 1968//2377 353//2375 354//2378
f 1547//1613 1976//1889 1977//2379
f 1547//1613 1977//2379 1548//1614
f 1977//2379 1978//2380 1549//1802
f 1977//2379 1549//1802 1548//1614
f 1978//2380 1979//2381 1550//1799
f 1978//2380 1550//1799 1549//1802
f 1551//1871 1550//1799 1979//2381
f 1551//1871 1979//2381 1980//2382
f 1552//1877 1923//1876 1985//2269
f 1552//1877 1985//2269 1238//1881
f 1967//2383 1968//2377 354//2378
f 354//2378 1522//1095 1966//2363
f 354//2378 1966//2363 1967//2383
f 1566//2384 1554//1887 1547//1613
f 1566//2384 1547//1613 1565//1612
f 1535//2191 1554//1887 1566//2384
f 1535//2191 1566//2384 1536//2192
f 476//793 323//702 1556//518
f 476//793 1556//518 1555//794
f 323//702 315//701 1557//519
f 323//702 1557//519 1556//518
f 1558//711 1557//519 315//701
f 1558//711 315//701 425//716
f 1559//712 1558//711 425//716
f 1559//712 425//716 421//715
f 1560//780 1559//712 421//715
f 1560//780 421//715 1932//778
f 1563//1801 1562//1800 1194//1805
f 1563//1801 1194//1805 1193//1804
f 1564//1615 1563//1801 1193//1804
f 1564//1615 1193//1804 1076//1790
f 1075//1789 1565//1612 1564//1615
f 1075//1789 1564//1615 1076//1790
f 1243//1886 1566//2384 1565//1612
f 1243//1886 1565//1612 1075//1789
f 1524//2364 1555//794 1553//795
f 1524//2364 1553//795 1523//2362
f 1540//2209 2276//2365 1569//2385
f 1540//2209 1569//2385 2292//2386
f 2275//2367 1567//1098 1891//1097
f 2275//2367 1891//1097 1524//2364
f 1571//2387 1568//790 2284//1122
f 1571//2387 2284//1122 1539//2388
f 1898//2194 1899//2389 1243//1886
f 1898//2194 1243//1886 1242//1885
f 2291//2214 2292//2386 1569//2385
f 2291//2214 1569//2385 1416//2215
f 111//1127 1571//2387 1539//2388
f 111//1127 1539//2388 664//1125
f 244//382 469//323 1568//790
f 244//382 1568//790 1571//2387
f 940//1439 1570//2390 1126//1696
f 244//382 1571//2387 111//1127
f 982//1494 1572//1884 1570//2390
f 982//1494 1570//2390 940//1439
f 1574//1262 1573//1268 779//1457
f 1574//1262 779//1457 772//1466
f 771//1471 1575//1259 1574//1262
f 771//1471 1574//1262 772//1466
f 959//1469 1576//1695 1575//1259
f 959//1469 1575//1259 771//1471
f 1577//1634 1576//1695 959//1469
f 1577//1634 959//1469 960//1468
f 1578//1635 1577//1634 960//1468
f 1578//1635 960//1468 963//1474
f 1579//1637 1578//1635 963//1474
f 1579//1637 963//1474 969//1479
f 969//1479 2544//1688 2545//1689
f 969//1479 2545//1689 1579//1637
f 1118//1706 2536//1705 2537//1711
f 1118//1706 2537//1711 1580//1710
f 1582//1700 1581//1724 1132//1721
f 1582//1700 1132//1721 1128//1709
f 1128//1709 58//623 1583//612
f 1128//1709 1583//612 1582//1700
f 371//622 1584//609 1583//612
f 371//622 1583//612 58//623
f 1585//628 1584//609 371//622
f 1585//628 371//622 96//617
f 2532//620 2533//625 1585//628
f 2532//620 1585//628 96//617
f 2540//593 2541//594 1586//597
f 2540//593 1586//597 361//590
f 1588//537 1587//541 266//365
f 1588//537 266//365 89//360
f 1589//538 1588//537 89//360
f 1589//538 89//360 88//356
f 1590//602 1589//538 88//356
f 1590//602 88//356 90//355
f 90//355 369//357 1591//142
f 90//355 1591//142 1590//602
f 369//357 91//352 1592//143
f 369//357 1592//143 1591//142
f 1593//150 1592//143 91//352
f 1593//150 91//352 240//341
f 240//341 92//337 1594//147
f 240//341 1594//147 1593//150
f 1595//148 1594//147 92//337
f 1595//148 92//337 246//336
f 246//336 93//339 1596//152
f 246//336 1596//152 1595//148
f 93//339 94//344 1597//153
f 93//339 1597//153 1596//152
f 2580//157 2581//345 95//348
f 2580//157 95//348 1598//158
f 95//348 57//350 1599//160
f 95//348 1599//160 1598//158
f 785//1464 1600//1275 1599//160
f 785//1464 1599//160 57//350
f 782//1460 1601//1272 1748//1274
f 782//1460 1748//1274 1749//1461
f 781//1455 1602//1269 1601//1272
f 781//1455 1601//1272 782//1460
f 777//1454 1603//1265 1602//1269
f 777//1454 1602//1269 781//1455
f 1604//1266 1603//1265 777//1454
f 1604//1266 777//1454 776//1453
f 779//1457 1573//1268 1604//1266
f 779//1457 1604//1266 776//1453
f 1606//2391 1486//1639 804//1292
f 1606//2391 804//1292 1512//1900
f 1608//1558 1030//1551 1486//1639
f 1608//1558 1486//1639 1606//2391
f 1605//806 1509//805 137//809
f 1605//806 137//809 1487//542
f 864//1357 1606//2391 1512//1900
f 864//1357 1512//1900 867//1358
f 1023//1546 1608//1558 1606//2391
f 1023//1546 1606//2391 864//1357
f 1487//542 342//455 1607//464
f 1487//542 1607//464 1605//806
f 1008//1527 1609//2298 1621//2294
f 1008//1527 1621//2294 1016//1536
f 1009//1526 1610//2295 1609//2298
f 1009//1526 1609//2298 1008//1527
f 1611//2299 1610//2295 1009//1526
f 1611//2299 1009//1526 821//2036
f 1612//2303 1758//2302 1759//1305
f 1612//2303 1759//1305 822//1308
f 1613//2305 1612//2303 822//1308
f 1613//2305 822//1308 813//1297
f 1614//2307 1613//2305 813//1297
f 1614//2307 813//1297 814//1300
f 1616//1206 1615//1205 76//2297
f 1616//1206 76//2297 72//2296
f 72//2296 564//2300 1617//1207
f 72//2296 1617//1207 1616//1206
f 1756//1208 1757//2301 66//2304
f 1756//1208 66//2304 1618//1209
f 66//2304 629//2306 1619//1210
f 66//2304 1619//1210 1618//1209
f 629//2306 81//1214 1620//1211
f 629//2306 1620//1211 1619//1210
f 739//420 738//432 1623//1204
f 739//420 1623//1204 1615//1205
f 1620//1211 1507//1213 745//176
f 1620//1211 745//176 744//179
f 1614//2307 1508//2308 65//1212
f 1614//2307 65//1212 81//1214
f 76//2297 1622//1203 1621//2294
f 76//2297 1621//2294 1609//2298
f 1623//1204 1622//1203 76//2297
f 1623//1204 76//2297 1615//1205
f 132//2360 137//809 1624//2392
f 132//2360 1624//2392 133//2393
f 135//2394 1624//2392 137//809
f 135//2394 137//809 487//808
f 1607//464 342//455 624//458
f 1607//464 624//458 1626//465
f 1627//1023 1626//465 624//458
f 1627//1023 624//458 300//1022
f 192//459 1628//477 2450//480
f 192//459 2450//480 2451//470
f 2377//462 2378//481 1628//477
f 2377//462 1628//477 192//459
f 1630//1106 1629//1110 187//404
f 1630//1106 187//404 219//407
f 1631//1107 1630//1106 219//407
f 1631//1107 219//407 667//1104
f 756//1103 1632//1235 1631//1107
f 756//1103 1631//1107 667//1104
f 756//1103 755//1102 1633//1233
f 756//1103 1633//1233 1632//1235
f 755//1102 1764//1183 754//1184
f 755//1102 754//1184 1633//1233
f 1419//2198 1634//2325 1454//2278
f 1419//2198 1454//2278 1792//2277
f 1420//2197 1635//2327 1634//2325
f 1420//2197 1634//2325 1419//2198
f 1420//2197 1421//2199 1636//2201
f 1420//2197 1636//2201 1635//2327
f 1637//2202 1636//2201 1421//2199
f 1637//2202 1421//2199 1001//1512
f 1638//1578 1637//2202 1001//1512
f 1638//1578 1001//1512 998//1511
f 2411//1556 2412//1575 1638//1578
f 2411//1556 1638//1578 998//1511
f 2484//1573 2485//1564 1039//1563
f 2484//1573 1039//1563 1640//1574
f 1641//1557 1640//1574 1039//1563
f 1641//1557 1039//1563 1033//1552
f 1608//1558 1641//1557 1033//1552
f 1608//1558 1033//1552 1030//1551
f 1643//327 2509//326 2510//487
f 1643//327 2510//487 326//490
f 1644//328 1643//327 326//490
f 1644//328 326//490 307//523
f 1645//329 1644//328 307//523
f 1645//329 307//523 580//982
f 1646//330 1645//329 580//982
f 1646//330 580//982 149//415
f 1647//331 1646//330 149//415
f 1647//331 149//415 157//414
f 2433//195 2434//410 162//225
f 2433//195 162//225 1648//196
f 162//225 2394//224 2395//207
f 162//225 2395//207 1648//196
f 169//944 557//943 1650//941
f 169//944 1650//941 1649//940
f 557//943 724//221 1651//215
f 557//943 1651//215 1650//941
f 724//221 600//220 1652//216
f 724//221 1652//216 1651//215
f 1653//304 1652//216 600//220
f 1653//304 600//220 173//317
f 1654//305 1653//304 173//317
f 1654//305 173//317 231//320
f 1655//644 1654//305 231//320
f 1655//644 231//320 380//651
f 393//663 1655//644 380//651
f 393//663 380//651 392//670
f 405//691 1773//690 1774//686
f 405//691 1774//686 404//689
f 1163//1750 1801//1770 1802//1768
f 1163//1750 1802//1768 1162//1756
f 1656//1733 1163//1750 1162//1756
f 1656//1733 1162//1756 1147//1738
f 1657//1421 1656//1733 1147//1738
f 1657//1421 1147//1738 924//1434
f 1658//1422 1657//1421 924//1434
f 1658//1422 924//1434 923//1433
f 1659//1340 1658//1422 923//1433
f 1659//1340 923//1433 849//1344
f 848//1343 1660//1337 1659//1340
f 848//1343 1659//1340 849//1344
f 1337//2029 1661//2027 1660//1337
f 1337//2029 1660//1337 848//1343
f 840//1345 1662//1330 1661//2027
f 840//1345 1661//2027 1337//2029
f 2428//1348 2429//1327 1662//1330
f 2428//1348 1662//1330 840//1345
f 829//1518 1664//1313 2467//1316
f 829//1518 2467//1316 2468//1515
f 1665//1444 1664//1313 829//1518
f 1665//1444 829//1518 946//1524
f 1666//1442 1665//1444 946//1524
f 1666//1442 946//1524 945//2060
f 1667//1443 1666//1442 945//2060
f 1667//1443 945//2060 944//1616
f 1668//1441 1667//1443 944//1616
f 1668//1441 944//1616 943//1585
f 2524//1584 2525//1440 1668//1441
f 2524//1584 1668//1441 943//1585
f 1671//238 1670//1238 134//2361
f 1671//238 134//2361 136//804
f 138//803 1672//235 1671//238
f 138//803 1671//238 136//804
f 341//463 1673//444 1672//235
f 341//463 1672//235 138//803
f 1674//445 1673//444 341//463
f 1674//445 341//463 625//466
f 1675//1025 1674//445 625//466
f 1675//1025 625//466 191//1024
f 1676//476 2448//475 2449//479
f 1676//476 2449//479 226//478
f 2379//482 2380//995 1676//476
f 2379//482 1676//476 226//478
f 220//1109 668//1105 1678//1112
f 220//1109 1678//1112 1677//1111
f 668//1105 221//1108 1679//392
f 668//1105 1679//392 1678//1112
f 1680//393 1679//392 221//1108
f 1680//393 221//1108 238//1236
f 1779//1258 1780//1256 1680//393
f 1779//1258 1680//393 238//1236
f 1821//655 1822//1120 1681//1119
f 1821//655 1681//1119 769//656
f 177//314 1683//387 1682//390
f 177//314 1682//390 235//315
f 1684//384 1683//387 177//314
f 1684//384 177//314 597//227
f 1685//385 1684//384 597//227
f 1685//385 597//227 727//230
f 1686//951 1685//385 727//230
f 1686//951 727//230 559//946
f 1687//952 1686//951 559//946
f 1687//952 559//946 179//949
f 1688//398 2390//397 2391//231
f 1688//398 2391//231 178//234
f 178//234 2437//413 2438//976
f 178//234 2438//976 1688//398
f 1690//1190 1689//1189 180//422
f 1690//1190 180//422 292//425
f 292//425 586//979 1691//1191
f 292//425 1691//1191 1690//1190
f 586//979 678//1141 1692//1193
f 586//979 1692//1193 1691//1191
f 678//1141 679//1140 1693//1198
f 678//1141 1693//1198 1692//1193
f 679//1140 2513//1144 2514//1199
f 679//1140 2514//1199 1693//1198
f 680//1229 750//1228 1695//1224
f 680//1229 1695//1224 1694//1223
f 2022//2395 2023//2396 473//791
f 2022//2395 473//791 1698//2397
f 1699//2398 1698//2397 473//791
f 1699//2398 473//791 114//373
f 285//372 1700//2399 1699//2398
f 285//372 1699//2398 114//373
f 705//892 1701//2400 1700//2399
f 705//892 1700//2399 285//372
f 540//891 1702//2401 1701//2400
f 540//891 1701//2400 705//892
f 1703//2402 1868//2403 1869//901
f 1703//2402 1869//901 201//900
f 686//254 1704//2404 1703//2402
f 686//254 1703//2402 201//900
f 1705//2405 1704//2404 686//254
f 1705//2405 686//254 514//253
f 1706//2406 1705//2405 514//253
f 1706//2406 514//253 206//265
f 206//265 210//154 1707//2407
f 206//265 1707//2407 1706//2406
f 1597//153 1708//2408 1707//2407
f 1597//153 1707//2407 210//154
f 94//344 1709//2409 1708//2408
f 94//344 1708//2408 1597//153
f 272//343 1710//2410 1709//2409
f 272//343 1709//2409 94//344
f 869//2411 866//2412 1712//1359
f 869//2411 1712//1359 1711//2328
f 1713//1360 1712//1359 866//2412
f 1713//1360 866//2412 865//2413
f 1022//2414 1714//1543 1713//1360
f 1022//2414 1713//1360 865//2413
f 1022//2414 1025//2415 1715//1544
f 1022//2414 1715//1544 1714//1543
f 1025//2415 1042//2416 1716//1572
f 1025//2415 1716//1572 1715//1544
f 2481//2417 2482//1569 1716//1572
f 2481//2417 1716//1572 1042//2416
f 2414//2071 2415//2418 1365//2419
f 2414//2071 1365//2419 1718//2072
f 1719//2203 1718//2072 1365//2419
f 1719//2203 1365//2419 1423//2420
f 1720//1499 1719//2203 1423//2420
f 1720//1499 1423//2420 987//2421
f 987//2421 990//2422 1721//1500
f 987//2421 1721//1500 1720//1499
f 1808//2356 1809//2354 1425//2353
f 1808//2356 1425//2353 1722//2357
f 1835//2207 1836//2205 986//2204
f 1835//2207 986//2204 1723//1497
f 1724//1498 1723//1497 986//2204
f 1724//1498 986//2204 985//2073
f 985//2073 983//2074 1725//1495
f 985//2073 1725//1495 1724//1498
f 983//2074 984//2078 1726//1496
f 983//2074 1726//1496 1725//1495
f 984//2078 1341//2082 1727//2032
f 984//2078 1727//2032 1726//1496
f 1341//2082 992//2081 1728//1504
f 1341//2082 1728//1504 1727//2032
f 2423//2094 2424//1503 1728//1504
f 2423//2094 1728//1504 992//2081
f 1730//2052 2472//2051 2473//1531
f 1730//2052 2473//1531 1012//1534
f 1012//1534 1456//2283 1731//2284
f 1012//1534 1731//2284 1730//2052
f 1732//2285 1731//2284 1456//2283
f 1732//2285 1456//2283 1457//2286
f 1733//2287 1732//2285 1457//2286
f 1733//2287 1457//2286 1458//2289
f 1734//2291 1733//2287 1458//2289
f 1734//2291 1458//2289 1460//2290
f 2519//2293 2520//2292 1734//2291
f 2519//2293 1734//2291 1460//2290
f 1736//2315 1735//2314 1461//2319
f 1736//2315 1461//2319 1465//2320
f 1948//2423 2548//2424 2549//2425
f 1948//2423 2549//2425 1737//2426
f 1738//1390 2018//1389 2550//2427
f 1738//1390 2550//2427 2551//2428
f 2551//2428 2552//2429 1739//1491
f 2551//2428 1739//1491 1738//1390
f 1740//1492 1739//1491 2552//2429
f 1740//1492 2552//2429 2553//2430
f 1741//1987 1740//1492 2553//2430
f 1741//1987 2553//2430 2554//2431
f 1742//1988 1741//1987 2554//2431
f 1742//1988 2554//2431 2555//2432
f 2556//2433 2557//2434 1743//1995
f 2556//2433 1743//1995 1864//1996
f 1744//1388 1743//1995 2557//2434
f 1744//1388 2557//2434 2558//2435
f 2558//2435 2559//2436 1745//1387
f 2558//2435 1745//1387 1744//1388
f 2559//2436 2560//2437 1746//1386
f 2559//2436 1746//1386 1745//1387
f 1747//1273 1746//1386 2560//2437
f 1747//1273 2560//2437 2561//2438
f 1748//1274 1747//1273 2561//2438
f 1748//1274 2561//2438 2562//2439
f 1749//1461 1748//1274 2562//2439
f 1749//1461 2562//2439 2563//2440
f 1750//1462 1749//1461 2563//2440
f 1750//1462 2563//2440 2564//2441
f 808//1293 807//1638 810//2330
f 808//1293 810//2330 809//1294
f 2386//1001 2387//1187 561//955
f 2386//1001 561//955 1752//403
f 2441//954 2442//400 1752//403
f 2441//954 1752//403 561//955
f 1754//186 1753//409 562//957
f 1754//186 562//957 563//956
f 741//958 1755//187 1754//186
f 741//958 1754//186 563//956
f 1617//1207 1756//1208 1755//187
f 1617//1207 1755//187 741//958
f 564//2300 1757//2301 1756//1208
f 564//2300 1756//1208 1617//1207
f 564//2300 1611//2299 1758//2302
f 564//2300 1758//2302 1757//2301
f 1759//1305 1758//2302 1611//2299
f 1759//1305 1611//2299 821//2036
f 821//2036 824//2035 1760//1306
f 821//2036 1760//1306 1759//1305
f 1761//1508 1760//1306 824//2035
f 1761//1508 824//2035 997//2033
f 2475//2034 2476//1509 1761//1508
f 2475//2034 1761//1508 997//2033
f 1361//2281 1763//2067 2420//2077
f 1361//2281 2420//2077 2421//2282
f 612//988 1751//987 593//2442
f 612//988 593//2442 611//997
f 1360//2064 1763//2067 1361//2281
f 1360//2064 1361//2281 1366//2079
f 399//801 1765//1182 1764//1183
f 399//801 1764//1183 755//1102
f 1766//692 1765//1182 399//801
f 1766//692 399//801 477//671
f 477//671 390//660 1767//672
f 477//671 1767//672 1766//692
f 390//660 2320//659 2321//673
f 390//660 2321//673 1767//672
f 389//662 2348//661 2349//677
f 389//662 2349//677 1768//676
f 391//1039 395//665 1770//680
f 391//1039 1770//680 1769//1231
f 395//665 394//664 1771//681
f 395//665 1771//681 1770//680
f 394//664 396//666 1772//684
f 394//664 1772//684 1771//681
f 396//666 393//663 1773//690
f 396//666 1773//690 1772//684
f 1774//686 1773//690 393//663
f 1774//686 393//663 392//670
f 392//670 398//669 1775//687
f 392//670 1775//687 1774//686
f 570//668 1776//1155 1775//687
f 570//668 1775//687 398//669
f 397//667 1777//1186 1776//1155
f 397//667 1776//1155 570//668
f 397//667 770//657 1778//1257
f 397//667 1778//1257 1777//1186
f 770//657 769//656 1779//1258
f 770//657 1779//1258 1778//1257
f 1681//1119 1780//1256 1779//1258
f 1681//1119 1779//1258 769//656
f 1781//1255 1780//1256 1681//1119
f 1781//1255 1681//1119 768//1118
f 768//1118 767//1117 1782//1254
f 768//1118 1782//1254 1781//1255
f 1783//1252 1782//1254 767//1117
f 1783//1252 767//1117 766//994
f 766//994 765//993 1784//1253
f 766//994 1784//1253 1783//1252
f 1785//1249 2382//1251 2383//998
f 1785//1249 2383//998 764//454
f 764//454 2445//453 2446//1250
f 764//454 2446//1250 1785//1249
f 763//1028 762//298 1787//1247
f 763//1028 1787//1247 1786//1248
f 761//297 1788//1246 1787//1247
f 761//297 1787//1247 762//298
f 1789//1245 1788//1246 761//297
f 1789//1245 761//297 760//1244
f 760//1244 759//1243 1790//1239
f 760//1244 1790//1239 1789//1245
f 759//1243 758//2443 1791//1240
f 759//1243 1791//1240 1790//1239
f 1793//2276 1792//2277 1454//2278
f 1793//2276 1454//2278 1182//1774
f 1182//1774 1180//1773 1794//1771
f 1182//1774 1794//1771 1793//2276
f 1795//1772 1794//1771 1180//1773
f 1795//1772 1180//1773 1172//1897
f 1796//1762 2335//1761 2336//1782
f 1796//1762 2336//1782 1171//1781
f 1797//1764 2363//1763 2364//2444
f 1797//1764 2364//2444 1173//1779
f 1798//1765 1797//1764 1173//1779
f 1798//1765 1173//1779 1177//1784
f 1799//1766 1798//1765 1177//1784
f 1799//1766 1177//1784 1176//1783
f 1800//1767 1799//1766 1176//1783
f 1800//1767 1176//1783 1178//1778
f 1801//1770 1800//1767 1178//1778
f 1801//1770 1178//1778 1175//1777
f 1802//1768 1801//1770 1175//1777
f 1802//1768 1175//1777 1174//1780
f 1803//1769 1802//1768 1174//1780
f 1803//1769 1174//1780 1179//1776
f 1804//2248 1803//1769 1179//1776
f 1804//2248 1179//1776 1181//1775
f 1805//2280 1804//2248 1181//1775
f 1805//2280 1181//1775 1455//2279
f 1806//2359 1805//2280 1455//2279
f 1806//2359 1455//2279 1466//2326
f 1807//2355 1806//2359 1466//2326
f 1807//2355 1466//2326 989//1501
f 1721//1500 1808//2356 1807//2355
f 1721//1500 1807//2355 989//1501
f 990//2422 1809//2354 1808//2356
f 990//2422 1808//2356 1721//1500
f 1810//2351 1809//2354 990//2422
f 1810//2351 990//2422 987//2421
f 1423//2420 1811//2350 1810//2351
f 1423//2420 1810//2351 987//2421
f 1812//2345 1811//2350 1423//2420
f 1812//2345 1423//2420 1365//2419
f 1365//2419 2415//2418 2416//2346
f 1365//2419 2416//2346 1812//2345
f 1814//2342 2480//2344 2481//2417
f 1814//2342 2481//2417 1042//2416
f 1815//2340 1814//2342 1042//2416
f 1815//2340 1042//2416 1025//2415
f 1816//2338 1815//2340 1025//2415
f 1816//2338 1025//2415 1022//2414
f 1817//2334 1816//2338 1022//2414
f 1817//2334 1022//2414 865//2413
f 1818//2335 1817//2334 865//2413
f 1818//2335 865//2413 866//2412
f 1819//2445 1818//2335 866//2412
f 1819//2445 866//2412 869//2411
f 235//315 1821//655 1820//654
f 235//315 1820//654 385//648
f 1682//390 1822//1120 1821//655
f 1682//390 1821//655 235//315
f 1823//1115 1822//1120 1682//390
f 1823//1115 1682//390 239//389
f 222//388 1824//1116 1823//1115
f 222//388 1823//1115 239//389
f 1825//991 1824//1116 222//388
f 1825//991 222//388 611//997
f 593//2442 1826//992 1825//991
f 593//2442 1825//991 611//997
f 1827//451 2384//999 2385//1000
f 1827//451 2385//1000 223//402
f 223//402 2443//401 2444//452
f 223//402 2444//452 1827//451
f 627//240 1829//295 1828//1027
f 627//240 1828//1027 151//408
f 339//239 1830//296 1829//295
f 339//239 1829//295 627//240
f 1831//1241 1830//296 339//239
f 1831//1241 339//239 139//172
f 141//175 1832//1242 1831//1241
f 141//175 1831//1241 139//172
f 1834//1743 1833//1742 1157//1758
f 1834//1743 1157//1758 1156//2358
f 1722//2357 1835//2207 1834//1743
f 1722//2357 1834//1743 1156//2358
f 1425//2353 1836//2205 1835//2207
f 1425//2353 1835//2207 1722//2357
f 1837//2206 1836//2205 1425//2353
f 1837//2206 1425//2353 1424//2352
f 1364//2349 1838//2069 1837//2206
f 1364//2349 1837//2206 1424//2352
f 1839//2070 1838//2069 1364//2349
f 1839//2070 1364//2349 1363//2348
f 1363//2348 2417//2347 2418//2075
f 1363//2348 2418//2075 1839//2070
f 1841//1550 2478//1549 2479//2343
f 1841//1550 2479//2343 1028//2341
f 1842//1413 1841//1550 1028//2341
f 1842//1413 1028//2341 918//2339
f 1843//1414 1842//1413 918//2339
f 1843//1414 918//2339 917//2337
f 1844//2331 1843//1414 917//2337
f 1844//2331 917//2337 1468//2333
f 1845//2332 1844//2331 1468//2333
f 1845//2332 1468//2333 1467//2336
f 1851//1977 1850//1980 1143//1954
f 1851//1977 1143//1954 1279//1953
f 1852//1978 1851//1977 1279//1953
f 1852//1978 1279//1953 1273//1943
f 1853//1972 1852//1978 1273//1943
f 1853//1972 1273//1943 1270//1942
f 1854//1970 1853//1972 1270//1942
f 1854//1970 1270//1942 1274//1947
f 1855//1967 1854//1970 1274//1947
f 1855//1967 1274//1947 1290//2210
f 1856//1968 1855//1967 1290//2210
f 1856//1968 1290//2210 1289//2223
f 1857//2005 1856//1968 1289//2223
f 1857//2005 1289//2223 1317//2225
f 1324//2226 1858//2012 1857//2005
f 1324//2226 1857//2005 1317//2225
f 1322//2228 1859//2010 1858//2012
f 1322//2228 1858//2012 1324//2226
f 1320//2231 1860//2008 1859//2010
f 1320//2231 1859//2010 1322//2228
f 1861//2009 1860//2008 1320//2231
f 1861//2009 1320//2231 1319//2242
f 1302//1983 1862//1993 1861//2009
f 1302//1983 1861//2009 1319//2242
f 1863//1994 1862//1993 1302//1983
f 1863//1994 1302//1983 1303//1986
f 1864//1996 1863//1994 1303//1986
f 1864//1996 1303//1986 1742//1988
f 2555//2432 2556//2433 1864//1996
f 2555//2432 1864//1996 1742//1988
f 1866//909 1865//1998 1306//1989
f 1866//909 1306//1989 542//898
f 1867//905 1866//909 542//898
f 1867//905 542//898 541//896
f 2573//895 2574//906 1867//905
f 2573//895 1867//905 541//896
f 1869//901 1868//2403 1702//2401
f 1869//901 1702//2401 540//891
f 1870//902 1869//901 540//891
f 1870//902 540//891 539//890
f 539//890 543//1148 1871//918
f 539//890 1871//918 1870//902
f 1872//919 1871//918 543//1148
f 1872//919 543//1148 546//1138
f 546//1138 547//1135 1873//921
f 546//1138 1873//921 1872//919
f 547//1135 548//1134 1874//923
f 547//1135 1874//923 1873//921
f 548//1134 545//1133 1875//916
f 548//1134 1875//916 1874//923
f 1876//870 1875//916 545//1133
f 1876//870 545//1133 197//1129
f 1877//871 1876//870 197//1129
f 1877//871 197//1129 120//1123
f 1878//873 1877//871 120//1123
f 1878//873 120//1123 121//848
f 1879//875 1878//873 121//848
f 1879//875 121//848 504//844
f 1880//880 1879//875 504//844
f 1880//880 504//844 365//847
f 1881//881 1880//880 365//847
f 1881//881 365//847 523//857
f 1882//884 1881//881 523//857
f 1882//884 523//857 194//2446
f 2273//525 332//985 311//514
f 1885//1058 2224//1057 2225//507
f 1885//1058 2225//507 106//510
f 106//510 301//513 1886//1090
f 106//510 1886//1090 1885//1058
f 1887//1150 2056//2447 116//2448
f 1887//1150 116//2448 1888//1151
f 2105//930 1957//2449 1958//931
f 418//792 1890//1096 2030//1101
f 418//792 2030//1101 2031//929
f 476//793 1891//1097 1890//1096
f 476//793 1890//1096 418//792
f 476//793 1555//794 1524//2364
f 476//793 1524//2364 1891//1097
f 1892//2118 1358//2063 1376//2099
f 1892//2118 1376//2099 1388//2187
f 1388//2187 2243//2323 2244//2119
f 1388//2187 2244//2119 1892//2118
f 1894//2185 1893//2184 1389//2244
f 1894//2185 1389//2244 1412//2243
f 1417//2219 1897//2196 1942//2195
f 1417//2219 1942//2195 1943//2220
f 1898//2194 2010//2193 2011//2216
f 1898//2194 2011//2216 1416//2215
f 1569//2385 1899//2389 1898//2194
f 1569//2385 1898//2194 1416//2215
f 1522//1095 354//2378 1900//577
f 354//2378 353//2375 1901//578
f 354//2378 1901//578 1900//577
f 353//2375 424//2373 1902//743
f 353//2375 1902//743 1901//578
f 1903//745 1902//743 424//2373
f 1903//745 424//2373 352//2372
f 352//2372 464//2370 1904//782
f 352//2372 1904//782 1903//745
f 1300//2015 1301//2014 1299//2366
f 1300//2015 1299//2366 1298//1982
f 1534//2189 1300//2015 1298//1982
f 1534//2189 1298//1982 1533//1981
f 1905//1674 1534//2189 1533//1981
f 1905//1674 1533//1981 1111//1667
f 1906//1675 1905//1674 1111//1667
f 1906//1675 1111//1667 1112//1668
f 1907//1831 1906//1675 1112//1668
f 1907//1831 1112//1668 1213//1835
f 1213//1835 1214//1838 1908//1833
f 1213//1835 1908//1833 1907//1831
f 1909//1873 1908//1833 1214//1838
f 1909//1873 1214//1838 1234//1866
f 431//699 1910//698 2146//524
f 431//699 2146//524 321//517
f 718//1175 1911//1160 712//1158
f 718//1175 712//1158 717//1157
f 440//1178 1912//1060 1911//1160
f 440//1178 1911//1160 718//1175
f 1183//1793 1186//1785 1913//1788
f 1183//1793 1913//1788 1184//1794
f 1914//2254 1447//2252 1451//2255
f 1915//2271 1914//2254 1451//2255
f 1915//2271 1451//2255 1390//2260
f 712//1158 444//1068 414//697
f 712//1158 414//697 713//700
f 467//1161 1916//1162 444//1068
f 467//1161 444//1068 712//1158
f 439//1063 1917//1166 1916//1162
f 439//1063 1916//1162 467//1161
f 2155//2450 2055//2127 1391//2159
f 1918//2256 1395//2130 2149//2451
f 1918//2256 2149//2451 1452//2452
f 1919//2261 1918//2256 1452//2452
f 1919//2261 1452//2452 1453//2453
f 458//769 2242//768 463//1180
f 458//769 463//1180 1920//2454
f 1541//2455 1921//2456 1920//2454
f 1541//2455 1920//2454 463//1180
f 1922//1875 1229//2457 1928//2458
f 1922//1875 1928//2458 1929//2459
f 1923//1876 1922//1875 1929//2459
f 1923//1876 1929//2459 1930//2460
f 1981//2461 1985//2269 1923//1876
f 1981//2461 1923//1876 1930//2460
f 1236//1874 1909//1873 1234//1866
f 1236//1874 1234//1866 1931//1867
f 458//769 1920//2454 1925//783
f 458//769 1925//783 1924//1089
f 1920//2454 1921//2456 1926//784
f 1920//2454 1926//784 1925//783
f 1973//2369 1984//2462 461//774
f 1973//2369 461//774 1927//777
f 1561//1872 1933//2158 1194//1805
f 1561//1872 1194//1805 1562//1800
f 1930//2460 1929//2459 1561//1872
f 1930//2460 1561//1872 1551//1871
f 1980//2382 1981//2461 1930//2460
f 1980//2382 1930//2460 1551//1871
f 422//714 653//762 1932//778
f 422//714 1932//778 421//715
f 1929//2459 1928//2458 2040//2463
f 2039//2464 2040//2463 1928//2458
f 2039//2464 1928//2458 1409//2465
f 1935//2466 1934//2154 1406//2157
f 1935//2466 1406//2157 1398//2467
f 1936//2468 1935//2466 1398//2467
f 1936//2468 1398//2467 1210//2469
f 1199//2470 1937//2471 2050//2472
f 1199//2470 2050//2472 2051//2473
f 1938//2474 1937//2471 1199//2470
f 1938//2474 1199//2470 1200//2475
f 1082//2476 1939//2477 1938//2474
f 1082//2476 1938//2474 1200//2475
f 1083//2478 1940//2479 1939//2477
f 1083//2478 1939//2477 1082//2476
f 1941//2480 1940//2479 1083//2478
f 1941//2480 1083//2478 1127//2481
f 1896//2482 1942//2195 1941//2480
f 1896//2482 1941//2480 1127//2481
f 1943//2220 1942//2195 1896//2482
f 1943//2220 1896//2482 1418//2273
f 2287//2275 2288//2217 1943//2220
f 2287//2275 1943//2220 1418//2273
f 1945//1626 1944//1699 1124//2483
f 1945//1626 1124//2483 941//2484
f 1946//1627 1945//1626 941//2484
f 1946//1627 941//2484 789//2485
f 1950//535 1949//1631 795//2486
f 1950//535 795//2486 80//2487
f 1951//530 1950//535 80//2487
f 1951//530 80//2487 337//2488
f 337//2488 2565//2489 2566//531
f 337//2488 2566//531 1951//530
f 1955//607 1954//528 336//2490
f 1955//607 336//2490 335//2491
f 2279//2492 2280//2493 1955//607
f 2279//2492 1955//607 335//2491
f 1957//2449 1956//2494 666//1152
f 1957//2449 666//1152 1888//1151
f 1958//931 1957//2449 1888//1151
f 1958//931 1888//1151 116//2448
f 1959//728 1958//931 116//2448
f 1959//728 116//2448 436//2495
f 436//2495 435//2496 1960//726
f 436//2495 1960//726 1959//728
f 435//2496 434//2497 1961//724
f 435//2496 1961//724 1960//726
f 1962//725 1961//724 434//2497
f 1962//725 434//2497 433//2498
f 1967//2383 1966//2363 1523//2362
f 1967//2383 1523//2362 1553//795
f 1553//795 1546//521 1968//2377
f 1553//795 1968//2377 1967//2383
f 1546//521 1545//520 1969//2376
f 1546//521 1969//2376 1968//2377
f 1970//2374 1969//2376 1545//520
f 1970//2374 1545//520 1544//710
f 1971//2371 1970//2374 1544//710
f 1971//2371 1544//710 1543//709
f 1543//709 1542//781 1972//2368
f 1543//709 1972//2368 1971//2371
f 1926//784 1973//2369 1972//2368
f 1926//784 1972//2368 1542//781
f 1078//1673 1975//1888 1974//2190
f 1078//1673 1974//2190 1534//2189
f 1976//1889 1975//1888 1078//1673
f 1977//2379 1976//1889 1078//1673
f 1977//2379 1078//1673 1077//1676
f 1192//1832 1978//2380 1977//2379
f 1192//1832 1977//2379 1077//1676
f 1191//1834 1979//2381 1978//2380
f 1191//1834 1978//2380 1192//1832
f 1980//2382 1979//2381 1191//1834
f 1980//2382 1191//1834 1236//1874
f 1931//1867 1981//2461 1980//2382
f 1931//1867 1980//2382 1236//1874
f 464//2370 1927//777 462//776
f 464//2370 462//776 1904//782
f 656//1088 2075//2499 2076//2500
f 656//1088 2076//2500 1982//766
f 1229//2457 1983//2501 1409//2465
f 1229//2457 1409//2465 1928//2458
f 465//2502 459//775 461//774
f 465//2502 461//774 1984//2462
f 1921//2456 1984//2462 1973//2369
f 1921//2456 1973//2369 1926//784
f 1541//2455 465//2502 1984//2462
f 1541//2455 1984//2462 1921//2456
f 1233//1864 1985//2269 1981//2461
f 1233//1864 1981//2461 1931//1867
f 465//2502 1986//2503 1504//771
f 465//2502 1504//771 459//775
f 465//2502 2501//2504 1986//2503
f 1991//2124 2217//2505 1993//2506
f 1991//2124 1993//2506 1237//2125
f 463//1180 1990//1181 1988//2507
f 463//1180 1988//2507 1541//2455
f 1989//2508 1552//1877 1238//1881
f 1989//2508 1238//1881 2503//2509
f 1991//2124 1235//1869 1552//1877
f 1991//2124 1552//1877 1989//2508
f 1986//2503 1996//2510 456//770
f 1986//2503 456//770 1504//771
f 2193//2511 2218//2512 2003//2513
f 2193//2511 2003//2513 2302//2514
f 456//770 2303//2515 466//789
f 2501//2504 2502//2516 1996//2510
f 2501//2504 1996//2510 1986//2503
f 2502//2516 2001//2517 1997//2518
f 2502//2516 1997//2518 1996//2510
f 1987//1880 1469//1861 1230//1860
f 1987//1880 1230//1860 1998//2519
f 1999//2520 1998//2519 1230//1860
f 1999//2520 1230//1860 2304//2521
f 1990//1181 2215//2522 2000//2523
f 1990//1181 2000//2523 1988//2507
f 2215//2522 2216//2524 2001//2517
f 2215//2522 2001//2517 2000//2523
f 2503//2509 2504//2525 2002//2526
f 2503//2509 2002//2526 1989//2508
f 2003//2513 2002//2526 2504//2525
f 1198//1814 2005//1807 2048//1855
f 1198//1814 2048//1855 2049//1828
f 2006//1808 2005//1807 1198//1814
f 2006//1808 1198//1814 1197//1817
f 1197//1817 1061//1819 2007//1595
f 1197//1817 2007//1595 2006//1808
f 1060//1821 2008//1596 2007//1595
f 1060//1821 2007//1595 1061//1819
f 2009//2020 2008//1596 1060//1821
f 2009//2020 1060//1821 1332//2022
f 2010//2193 2009//2020 1332//2022
f 2010//2193 1332//2022 1897//2196
f 2011//2216 2010//2193 1897//2196
f 2011//2216 1897//2196 1417//2219
f 2289//2218 2290//2213 2011//2216
f 2289//2218 2011//2216 1417//2219
f 2013//1438 2012//1697 1125//1698
f 2013//1438 1125//1698 939//1625
f 796//1624 2014//1285 2013//1438
f 796//1624 2013//1438 939//1625
f 796//1624 799//1628 2015//1286
f 796//1624 2015//1286 2014//1285
f 2016//1279 2015//1286 799//1628
f 2016//1279 799//1628 790//2527
f 2549//2425 2550//2427 2018//1389
f 2549//2425 2018//1389 1737//2426
f 2020//165 2019//1284 793//1630
f 2020//165 793//1630 62//534
f 2021//166 2020//165 62//534
f 2021//166 62//534 110//533
f 2567//532 2568//271 2021//166
f 2567//532 2021//166 110//533
f 109//2528 2023//2396 2022//2395
f 109//2528 2022//2395 1697//2529
f 107//526 2026//169 2025//168
f 107//526 2025//168 251//2530
f 107//526 245//529 2027//322
f 107//526 2027//322 2026//169
f 2028//605 2027//322 245//529
f 2028//605 245//529 108//608
f 2281//2531 2282//1128 2028//605
f 2281//2531 2028//605 108//608
f 1889//2532 2030//1101 2029//1100
f 1889//2532 2029//1100 665//2533
f 2031//929 2030//1101 1889//2532
f 2031//929 1889//2532 552//2534
f 2032//503 2031//929 552//2534
f 2032//503 552//2534 316//2535
f 316//2535 317//2536 2033//504
f 316//2535 2033//504 2032//503
f 427//2537 2034//717 2033//504
f 427//2537 2033//504 317//2536
f 2035//718 2034//717 427//2537
f 2035//718 427//2537 423//2538
f 2041//763 2042//2539 652//2540
f 2041//763 652//2540 2036//764
f 2037//2541 2074//2542 2075//2499
f 2037//2541 2075//2499 656//1088
f 656//1088 1924//1089 2038//2543
f 656//1088 2038//2543 2037//2541
f 1925//783 2038//2543 1924//1089
f 1399//2138 1211//2137 2004//2544
f 1399//2138 2004//2544 2079//2141
f 2144//2545 2145//2546 2040//2463
f 2144//2545 2040//2463 2039//2464
f 1929//2459 2040//2463 2145//2546
f 1929//2459 2145//2546 1561//1872
f 2035//718 2041//763 653//762
f 2035//718 653//762 422//714
f 423//2538 2042//2539 2041//763
f 423//2538 2041//763 2035//718
f 1962//725 2043//740 2100//739
f 1962//725 2100//739 2101//722
f 433//2498 2044//2547 2043//740
f 433//2498 2043//740 1962//725
f 2046//1064 2045//1072 420//707
f 2046//1064 420//707 419//706
f 2228//705 2229//1065 2046//1064
f 2228//705 2046//1064 419//706
f 2004//2544 2048//1855 1227//1854
f 2004//2544 1227//1854 2144//2545
f 2049//1828 2048//1855 2004//2544
f 2049//1828 2004//2544 1211//2137
f 2108//2140 2109//1829 2049//1828
f 2108//2140 2049//1828 1211//2137
f 2051//2473 2050//2472 1936//2468
f 2051//2473 1936//2468 1210//2469
f 2066//1839 2067//2133 1217//2136
f 2066//1839 1217//2136 2052//1840
f 1392//2180 2054//2132 2053//2131
f 1392//2180 2053//2131 1396//2181
f 2055//2127 2249//2126 2250//2160
f 2055//2127 2250//2160 1391//2159
f 2235//2548 2236//751 2058//750
f 2235//2548 2058//750 641//2549
f 654//2550 2060//1076 2059//1075
f 654//2550 2059//1075 642//2551
f 1896//2482 1895//2552 1443//2274
f 1896//2482 1443//2274 1418//2273
f 2061//2553 1895//2552 1896//2482
f 2061//2553 1896//2482 1127//2481
f 2062//1621 2061//2553 1127//2481
f 2062//1621 1127//2481 1083//2478
f 2063//1622 2062//1621 1083//2478
f 2063//1622 1083//2478 1082//2476
f 2064//1809 2063//1622 1082//2476
f 2064//1809 1082//2476 1200//2475
f 1199//2470 2065//1810 2064//1809
f 1199//2470 2064//1809 1200//2475
f 2051//2473 2066//1839 2065//1810
f 2051//2473 2065//1810 1199//2470
f 1210//2469 2067//2133 2066//1839
f 1210//2469 2066//1839 2051//2473
f 1398//2467 2068//2134 2067//2133
f 1398//2467 2067//2133 1210//2469
f 1406//2157 2069//2150 2068//2134
f 1406//2157 2068//2134 1398//2467
f 2119//2156 2120//2151 2069//2150
f 2119//2156 2069//2150 1406//2157
f 1209//2175 2071//2170 2070//2169
f 1209//2175 2070//2169 1405//2155
f 2256//1842 2257//1826 1206//1825
f 2256//1842 1206//1825 2072//1843
f 2073//2145 2072//1843 1206//1825
f 2073//2145 1206//1825 1207//1824
f 2074//2542 2036//764 652//2540
f 2074//2542 652//2540 711//2554
f 2075//2499 2074//2542 711//2554
f 2075//2499 711//2554 655//1079
f 2076//2500 2075//2499 655//1079
f 2076//2500 655//1079 442//736
f 442//736 2239//735 2240//2555
f 442//736 2240//2555 2076//2500
f 2078//2556 2077//2557 441//731
f 2078//2556 441//731 647//730
f 2079//2141 2004//2544 2144//2545
f 2079//2141 2144//2545 2039//2464
f 2080//2142 2079//2141 2039//2464
f 2080//2142 2039//2464 1409//2465
f 1409//2465 1983//2501 2081//2176
f 1409//2465 2081//2176 2080//2142
f 2082//1858 2260//1857 2261//2558
f 2082//1858 2261//2558 2169//2559
f 2169//2559 2170//2560 2083//1878
f 2169//2559 2083//1878 2082//1858
f 2085//2561 2084//2562 654//2550
f 2085//2561 654//2550 642//2551
f 335//2491 2087//2563 2278//2564
f 335//2491 2278//2564 2279//2492
f 2286//2565 2287//2275 1443//2274
f 2286//2565 1443//2274 2089//2566
f 1397//2135 2091//2567 2090//2568
f 1397//2135 2090//2568 1217//2136
f 1402//2153 2092//2146 2091//2567
f 1402//2153 2091//2567 1397//2135
f 2121//2152 2122//2147 2092//2146
f 2121//2152 2092//2146 1402//2153
f 1218//2171 2094//2168 2093//2167
f 1218//2171 2093//2167 1401//2172
f 1219//1844 2095//2114 2254//2113
f 1219//1844 2254//2113 2255//1841
f 2096//2259 2095//2114 1219//1844
f 2096//2259 1219//1844 1400//2144
f 2106//2249 2117//2173 1405//2155
f 2106//2249 1405//2155 1934//2154
f 711//2554 2098//1073 2097//1080
f 711//2554 2097//1080 655//1079
f 652//2540 2099//738 2098//1073
f 652//2540 2098//1073 711//2554
f 2042//2539 2100//739 2099//738
f 2042//2539 2099//738 652//2540
f 2101//722 2100//739 2042//2539
f 2101//722 2042//2539 423//2538
f 423//2538 427//2537 2102//723
f 423//2538 2102//723 2101//722
f 2103//727 2102//723 427//2537
f 2103//727 427//2537 317//2536
f 2104//729 2103//727 317//2536
f 2104//729 317//2536 316//2535
f 316//2535 552//2534 2105//930
f 316//2535 2105//930 2104//729
f 1889//2532 1957//2449 2105//930
f 1889//2532 2105//930 552//2534
f 665//2533 1956//2494 1957//2449
f 665//2533 1957//2449 1889//2532
f 108//608 1955//607 2280//2493
f 108//608 2280//2493 2281//2531
f 2107//2139 2106//2249 1934//2154
f 2107//2139 1934//2154 1935//2466
f 2108//2140 2107//2139 1935//2466
f 2108//2140 1935//2466 1936//2468
f 1936//2468 2050//2472 2109//1829
f 1936//2468 2109//1829 2108//2140
f 2110//1815 2109//1829 2050//2472
f 2110//1815 2050//2472 1937//2471
f 2111//1816 2110//1815 1937//2471
f 2111//1816 1937//2471 1938//2474
f 1938//2474 1939//2477 2112//1818
f 1938//2474 2112//1818 2111//1816
f 1939//2477 1940//2479 2113//1820
f 1939//2477 2113//1820 2112//1818
f 2114//2021 2113//1820 1940//2479
f 2114//2021 1940//2479 1941//2480
f 1941//2480 1942//2195 2114//2021
f 2115//1081 2097//1080 1965//1156
f 2115//1081 1965//1156 659//1086
f 2116//737 2115//1081 659//1086
f 2116//737 659//1086 438//749
f 1407//2143 2117//2173 2106//2249
f 1407//2143 1208//2177 2118//2174
f 1407//2143 2118//2174 2117//2173
f 1405//2155 2070//2169 2120//2151
f 1405//2155 2120//2151 2119//2156
f 2121//2152 2120//2151 2070//2169
f 2121//2152 2070//2169 1401//2172
f 1401//2172 2093//2167 2122//2147
f 1401//2172 2122//2147 2121//2152
f 2123//2148 2122//2147 2093//2167
f 2123//2148 2093//2167 1404//2166
f 1404//2166 1408//2165 2124//2569
f 1404//2166 2124//2569 2123//2148
f 1189//1795 2126//2570 2125//2571
f 1189//1795 2125//2571 2053//2131
f 1190//1798 2127//2572 2126//2570
f 1190//1798 2126//2570 1189//1795
f 1065//1603 2128//2573 2127//2572
f 1065//1603 2127//2572 1190//1798
f 1064//1606 2129//2574 2128//2573
f 1064//1606 2128//2573 1065//1603
f 2130//2575 2129//2574 1064//1606
f 2130//2575 1064//1606 1066//1607
f 1894//2185 2131//2576 2130//2575
f 1894//2185 2130//2575 1066//1607
f 2132//2577 2131//2576 1894//2185
f 2132//2577 1894//2185 1412//2243
f 1439//2240 2285//2578 2132//2577
f 1439//2240 2132//2577 1412//2243
f 2135//2579 2134//2580 661//1091
f 2135//2579 661//1091 1886//1090
f 2136//2581 2135//2579 1886//1090
f 2136//2581 1886//1090 301//513
f 318//512 319//511 2138//2582
f 318//512 2138//2582 2137//2583
f 319//511 428//708 2139//2584
f 319//511 2139//2584 2138//2582
f 428//708 420//707 2140//2585
f 428//708 2140//2585 2139//2584
f 420//707 2045//1072 2141//2586
f 420//707 2141//2586 2140//2585
f 2142//765 2036//764 2074//2542
f 2142//765 2074//2542 2037//2541
f 2037//2541 2038//2543 2143//779
f 2037//2541 2143//779 2142//765
f 1560//780 2143//779 2038//2543
f 1560//780 2038//2543 1925//783
f 1933//2158 2145//2546 2144//2545
f 1933//2158 2144//2545 1227//1854
f 1561//1872 2145//2546 1933//2158
f 413//1070 430//719 1910//698
f 413//1070 1910//698 414//697
f 1185//1787 1074//1609 2147//1618
f 1185//1787 2147//1618 1913//1788
f 2199//1169 2148//1164 714//1163
f 2152//2587 2047//1069 444//1068
f 2152//2587 444//1068 2148//1164
f 2211//2162 2212//2588 2205//2589
f 2211//2162 2205//2589 1391//2159
f 443//2590 2150//2591 2084//2562
f 443//2590 2084//2562 2085//2561
f 658//2592 2151//2593 2150//2591
f 658//2592 2150//2591 443//2590
f 649//2594 2152//2587 2204//2595
f 2153//2262 2096//2259 2161//2258
f 2153//2262 2161//2258 2200//2596
f 2154//2263 2153//2262 2200//2596
f 2154//2263 2200//2596 2201//2597
f 2201//2597 2205//2589 2212//2588
f 2201//2597 2212//2588 2154//2263
f 2167//788 2168//2598 1992//2599
f 2167//788 1992//2599 648//785
f 2173//733 2174//2600 2156//2601
f 2173//733 2156//2601 647//730
f 2060//1076 2178//2602 2157//2603
f 2060//1076 2157//2603 646//1077
f 2164//2604 2165//2605 2192//2606
f 2164//2604 2192//2606 2195//2607
f 2183//2608 2203//2609 2190//2610
f 2183//2608 2190//2610 2182//2611
f 2168//2598 2213//2612 2189//2613
f 2168//2598 2189//2613 1992//2599
f 2187//2614 2174//2600 2157//2603
f 2187//2614 2157//2603 2186//2615
f 1239//2270 1915//2271 2164//2604
f 1239//2270 2164//2604 1995//2616
f 2076//2500 2240//2555 2241//767
f 2076//2500 2241//767 1982//766
f 2167//788 2166//787 2077//2557
f 2167//788 2077//2557 2078//2556
f 2078//2556 2196//2617 2168//2598
f 2078//2556 2168//2598 2167//788
f 2169//2559 2261//2558 2262//1868
f 2169//2559 2262//1868 1228//1870
f 1237//2125 2170//2560 2169//2559
f 1237//2125 2169//2559 1228//1870
f 1237//2125 1993//2506 2171//2618
f 1237//2125 2171//2618 2170//2560
f 2237//752 2238//734 2116//737
f 2237//752 2116//737 438//749
f 2173//733 2172//732 437//1078
f 2173//733 437//1078 646//1077
f 2157//2603 2174//2600 2173//733
f 2157//2603 2173//733 646//1077
f 1205//1859 2175//1822 2258//1827
f 1205//1859 2258//1827 2259//1856
f 1204//1879 2176//1823 2175//1822
f 1204//1879 2175//1822 1205//1859
f 2159//2123 2177//2120 2176//1823
f 2159//2123 2176//1823 1204//1879
f 654//2550 2184//2619 2178//2602
f 654//2550 2178//2602 2060//1076
f 1917//1166 2180//1165 2181//1171
f 1917//1166 2181//1171 715//1167
f 2160//2121 2179//2620 2073//2145
f 2160//2121 2073//2145 1207//1824
f 2186//2615 2157//2603 2178//2602
f 2184//2619 2202//2621 2186//2615
f 2184//2619 2186//2615 2178//2602
f 1390//2260 1919//2261 2182//2611
f 1390//2260 2182//2611 2165//2605
f 2183//2608 2182//2611 1919//2261
f 2183//2608 1919//2261 1453//2453
f 2158//1170 2184//2619 654//2550
f 2158//1170 654//2550 2084//2562
f 2073//2145 2179//2620 2185//2257
f 2073//2145 2185//2257 1400//2144
f 2181//1171 2180//1165 2186//2615
f 2181//1171 2186//2615 2202//2621
f 2180//1165 2187//2614 2186//2615
f 2163//1062 2188//2622 2187//2614
f 2163//1062 2187//2614 2180//1165
f 2219//2623 2220//2624 1994//2625
f 2219//2623 1994//2625 2306//2626
f 2185//2257 2203//2609 2183//2608
f 2185//2257 2183//2608 2161//2258
f 2192//2606 2191//2627 2177//2120
f 2192//2606 2177//2120 2159//2123
f 2159//2123 2197//2122 2195//2607
f 2159//2123 2195//2607 2192//2606
f 2222//2628 2195//2607 2214//2629
f 2156//2601 2196//2617 2078//2556
f 2156//2601 2078//2556 647//730
f 2188//2622 2194//2630 2196//2617
f 2188//2622 2196//2617 2156//2601
f 2170//2560 2171//2618 2197//2122
f 2170//2560 2197//2122 2083//1878
f 2195//2607 2197//2122 2171//2618
f 2195//2607 2171//2618 2214//2629
f 2084//2562 2150//2591 2198//1168
f 2084//2562 2198//1168 2158//1170
f 2150//2591 2151//2593 2199//1169
f 2150//2591 2199//1169 2198//1168
f 2199//1169 2204//2595 2152//2587
f 2199//1169 2152//2587 2148//1164
f 2200//2596 2161//2258 2183//2608
f 2200//2596 2183//2608 1453//2453
f 2201//2597 2200//2596 1453//2453
f 2201//2597 1453//2453 1452//2452
f 2149//2451 2201//2597 1452//2452
f 2181//1171 2202//2621 2184//2619
f 2181//1171 2184//2619 2158//1170
f 2179//2620 2190//2610 2203//2609
f 2179//2620 2203//2609 2185//2257
f 2151//2593 2208//2631 2204//2595
f 2151//2593 2204//2595 2199//1169
f 2207//2632 2208//2631 2151//2593
f 2207//2632 2151//2593 658//2592
f 2149//2451 2155//2450 2205//2589
f 2149//2451 2205//2589 2201//2597
f 1391//2159 2205//2589 2155//2450
f 2230//1066 2231//1083 2206//1082
f 2230//1066 2206//1082 650//1067
f 649//2594 2204//2595 2208//2631
f 649//2594 2208//2631 2207//2632
f 1408//2165 1394//2164 2210//2179
f 1408//2165 2210//2179 2209//2178
f 2211//2162 2251//2161 2252//2129
f 2211//2162 2252//2129 1393//2128
f 2154//2263 2212//2588 2211//2162
f 2154//2263 2211//2162 1393//2128
f 2188//2622 2163//1062 2162//1061
f 2188//2622 2162//1061 2194//2630
f 2191//2627 2192//2606 2165//2605
f 2191//2627 2165//2605 2182//2611
f 2187//2614 2188//2622 2156//2601
f 2187//2614 2156//2601 2174//2600
f 2191//2627 2182//2611 2190//2610
f 2160//2121 2177//2120 2191//2627
f 2160//2121 2191//2627 2190//2610
f 2160//2121 2190//2610 2179//2620
f 2162//1061 1912//1060 440//1178
f 2162//1061 440//1178 1994//2625
f 2164//2604 1915//2271 1390//2260
f 2164//2604 1390//2260 2165//2605
f 2194//2630 2213//2612 2168//2598
f 2194//2630 2168//2598 2196//2617
f 2194//2630 2162//1061 1994//2625
f 2194//2630 1994//2625 2220//2624
f 2214//2629 2171//2618 1993//2506
f 2214//2629 1993//2506 2193//2511
f 2221//2633 2222//2628 2214//2629
f 2221//2633 2214//2629 2193//2511
f 1994//2625 2298//2634 2305//2635
f 1994//2625 2305//2635 2306//2626
f 440//1178 2297//1179 2298//2634
f 440//1178 2298//2634 1994//2625
f 1993//2506 2217//2505 2218//2512
f 1993//2506 2218//2512 2193//2511
f 1992//2599 2215//2522 1990//1181
f 1992//2599 1990//1181 648//785
f 2189//2613 2216//2524 2215//2522
f 2189//2613 2215//2522 1992//2599
f 1989//2508 2002//2526 2217//2505
f 1989//2508 2217//2505 1991//2124
f 2218//2512 2217//2505 2002//2526
f 2218//2512 2002//2526 2003//2513
f 2219//2623 2299//2636 2189//2613
f 2213//2612 2220//2624 2219//2623
f 2213//2612 2219//2623 2189//2613
f 2194//2630 2220//2624 2213//2612
f 1999//2520 2307//2637 2302//2514
f 1999//2520 2302//2514 2003//2513
f 1995//2616 2222//2628 2221//2633
f 1995//2616 2221//2633 2308//2638
f 2164//2604 2195//2607 2222//2628
f 2164//2604 2222//2628 1995//2616
f 644//1055 1884//1054 2224//1057
f 644//1055 2224//1057 2223//1056
f 2225//507 2224//1057 1884//1054
f 2225//507 1884//1054 333//2639
f 334//720 2226//508 2225//507
f 334//720 2225//507 333//2639
f 2227//704 2226//508 334//720
f 2227//704 334//720 430//719
f 2228//705 2227//704 430//719
f 2228//705 430//719 413//1070
f 413//1070 2047//1069 2229//1065
f 413//1070 2229//1065 2228//705
f 2230//1066 2229//1065 2047//1069
f 2230//1066 2047//1069 649//2594
f 649//2594 2207//2632 2231//1083
f 649//2594 2231//1083 2230//1066
f 2232//1084 2231//1083 2207//2632
f 2232//1084 2207//2632 658//2592
f 658//2592 443//2590 2233//2640
f 658//2592 2233//2640 2232//1084
f 2085//2561 2234//2641 2233//2640
f 2085//2561 2233//2640 443//2590
f 642//2551 2235//2548 2234//2641
f 642//2551 2234//2641 2085//2561
f 2059//1075 2236//751 2235//2548
f 2059//1075 2235//2548 642//2551
f 2237//752 2236//751 2059//1075
f 2237//752 2059//1075 437//1078
f 2172//732 2238//734 2237//752
f 2172//732 2237//752 437//1078
f 441//731 2239//735 2238//734
f 441//731 2238//734 2172//732
f 2240//2555 2239//735 441//731
f 2240//2555 441//731 2077//2557
f 2241//767 2240//2555 2077//2557
f 2241//767 2077//2557 2166//787
f 2242//768 2241//767 2166//787
f 2242//768 2166//787 457//786
f 2244//2119 2243//2323 1389//2244
f 2244//2119 1389//2244 1893//2184
f 2245//1601 2244//2119 1893//2184
f 2245//1601 1893//2184 1069//1605
f 2246//1602 2245//1601 1069//1605
f 2246//1602 1069//1605 1068//1604
f 1068//1604 1187//1797 2247//1791
f 1068//1604 2247//1791 2246//1602
f 1187//1797 1188//1796 2248//1792
f 1187//1797 2248//1792 2247//1791
f 2249//2126 2248//1792 1188//1796
f 2249//2126 1188//1796 2054//2132
f 2250//2160 2249//2126 2054//2132
f 2250//2160 2054//2132 1392//2180
f 2251//2161 2250//2160 1392//2180
f 2251//2161 1392//2180 2210//2179
f 2252//2129 2251//2161 2210//2179
f 2252//2129 2210//2179 1394//2164
f 2253//2112 2252//2129 1394//2164
f 2253//2112 1394//2164 1385//2163
f 2094//2168 2254//2113 2253//2112
f 2094//2168 2253//2112 1385//2163
f 2255//1841 2254//2113 2094//2168
f 2255//1841 2094//2168 1218//2171
f 2071//2170 2256//1842 2255//1841
f 2071//2170 2255//1841 1218//2171
f 1209//2175 2257//1826 2256//1842
f 1209//2175 2256//1842 2071//2170
f 2118//2174 2258//1827 2257//1826
f 2118//2174 2257//1826 1209//2175
f 2259//1856 2258//1827 2118//2174
f 2259//1856 2118//2174 1208//2177
f 1208//2177 2081//2176 2260//1857
f 1208//2177 2260//1857 2259//1856
f 2261//2558 2260//1857 2081//2176
f 2261//2558 2081//2176 1983//2501
f 2262//1868 2261//2558 1983//2501
f 2262//1868 1983//2501 1229//2457
f 432//721 446//742 2269//1177
f 432//721 2269//1177 2270//1176
f 445//753 2264//1173 2263//1172
f 445//753 2263//1172 415//754
f 466//789 2265//1174 2264//1173
f 466//789 2264//1173 445//753
f 1203//1813 1449//2251 2266//2264
f 1203//1813 2266//2264 2272//2268
f 2267//2265 2266//2264 1449//2251
f 2267//2265 1449//2251 1446//2250
f 2268//2266 2267//2265 1446//2250
f 2268//2266 1446//2250 1450//2253
f 2270//1176 2269//1177 415//754
f 2270//1176 415//754 2263//1172
f 1203//1813 2272//2268 2271//2267
f 1203//1813 2271//2267 1212//1830
f 2273//525 2146//524 334//720
f 2273//525 334//720 333//2639
f 333//2639 1884//1054 332//985
f 333//2639 332//985 2273//525
f 1074//1609 1071//1608 2274//1619
f 1074//1609 2274//1619 2147//1618
f 1358//2063 2274//1619 1071//1608
f 1899//2389 1536//2192 1566//2384
f 1899//2389 1566//2384 1243//1886
f 355//889 1966//2363 1522//1095
f 1300//2015 1974//2190 1535//2191
f 1300//2015 1535//2191 1329//2016
f 1539//2388 2275//2367 282//927
f 1539//2388 282//927 664//1125
f 1567//1098 2275//2367 1539//2388
f 1567//1098 1539//2388 2284//1122
f 1536//2192 2276//2365 1330//2018
f 1569//2385 2276//2365 1536//2192
f 1569//2385 1536//2192 1899//2389
f 753//1146 2294//2642 645//1059
f 753//1146 645//1059 661//1091
f 2277//2643 753//1146 661//1091
f 2277//2643 661//1091 2134//2580
f 2279//2492 2278//2564 2086//2644
f 2279//2492 2086//2644 710//1149
f 666//1152 2279//2492 710//1149
f 1956//2494 2280//2493 2279//2492
f 1956//2494 2279//2492 666//1152
f 2281//2531 2280//2493 1956//2494
f 2281//2531 1956//2494 665//2533
f 2029//1100 2282//1128 2281//2531
f 2029//1100 2281//2531 665//2533
f 2283//1121 2282//1128 2029//1100
f 2283//1121 2029//1100 663//1099
f 2284//1122 2283//1121 663//1099
f 2284//1122 663//1099 1567//1098
f 1327//2239 2133//2645 2285//2578
f 1327//2239 2285//2578 1439//2240
f 1124//2483 2287//2275 2286//2565
f 1124//2483 2286//2565 2088//2646
f 1944//1699 2288//2217 2287//2275
f 1944//1699 2287//2275 1124//2483
f 1125//1698 2289//2218 2288//2217
f 1125//1698 2288//2217 1944//1699
f 2012//1697 2290//2213 2289//2218
f 2012//1697 2289//2218 1125//1698
f 1126//1696 2291//2214 2290//2213
f 1126//1696 2290//2213 2012//1697
f 1570//2390 2292//2386 2291//2214
f 1570//2390 2291//2214 1126//1696
f 1572//1884 1540//2209 2292//2386
f 1572//1884 2292//2386 1570//2390
f 2293//1232 2294//2642 753//1146
f 2293//1232 753//1146 752//1092
f 2243//2323 1388//2187 1413//2186
f 2243//2323 1413//2186 2295//2324
f 2223//1056 645//1059 2294//2642
f 2223//1056 2294//2642 2293//1232
f 2296//2245 2295//2324 1413//2186
f 2296//2245 1413//2186 1439//2240
f 2297//1179 2265//1174 466//789
f 2298//2634 2297//1179 466//789
f 2298//2634 466//789 2303//2515
f 2189//2613 2299//2636 2001//2517
f 2189//2613 2001//2517 2216//2524
f 1239//2270 2300//2272 2268//2266
f 1239//2270 2268//2266 1450//2253
f 1995//2616 2301//2647 2300//2272
f 1995//2616 2300//2272 1239//2270
f 2221//2633 2302//2514 2307//2637
f 2221//2633 2307//2637 2308//2638
f 2193//2511 2302//2514 2221//2633
f 1996//2510 1997//2518 2303//2515
f 1996//2510 2303//2515 456//770
f 2298//2634 2303//2515 1997//2518
f 2298//2634 1997//2518 2305//2635
f 2304//2521 1230//1860 1240//1882
f 2300//2272 2301//2647 2304//2521
f 2300//2272 2304//2521 1240//1882
f 2305//2635 1997//2518 2001//2517
f 2305//2635 2001//2517 2299//2636
f 2306//2626 2305//2635 2299//2636
f 2306//2626 2299//2636 2219//2623
f 2301//2647 2307//2637 1999//2520
f 2301//2647 1999//2520 2304//2521
f 2308//2638 2307//2637 2301//2647
f 2308//2638 2301//2647 1995//2616
f 488//816 2310//813 2309//812
f 488//816 2309//812 131//817
f 488//816 1491//968 2311//810
f 488//816 2311//810 2310//813
f 1491//968 345//971 2312//811
f 1491//968 2312//811 2311//810
f 2313//1017 2312//811 345//971
f 2313//1017 345//971 620//1029
f 2314//1019 2313//1017 620//1029
f 2314//1019 620//1029 295//1032
f 2315//435 2455//1008 2456//1004
f 2315//435 2456//1004 145//439
f 2372//442 2373//436 2315//435
f 2372//442 2315//435 145//439
f 217//284 2317//286 2316//285
f 217//284 2316//285 155//281
f 2318//299 2317//286 217//284
f 2318//299 217//284 229//302
f 2319//640 2318//299 229//302
f 2319//640 229//302 377//643
f 2320//659 2319//640 377//643
f 2320//659 377//643 389//662
f 2321//673 2320//659 389//662
f 2321//673 389//662 1768//676
f 2322//674 2321//673 1768//676
f 2322//674 1768//676 401//679
f 2324//1909 2323//1908 802//1890
f 2324//1909 802//1890 1087//1893
f 2325//1903 2324//1909 1087//1893
f 2325//1903 1087//1893 1483//1641
f 2326//1904 2325//1903 1483//1641
f 2326//1904 1483//1641 1046//1579
f 1047//1582 2327//2101 2326//1904
f 1047//1582 2326//1904 1046//1579
f 1037//1562 2328//2089 2327//2101
f 1037//1562 2327//2101 1047//1582
f 1037//1562 2488//1561 2489//2090
f 1037//1562 2489//2090 2328//2089
f 2330//1405 2407//1540 2408//1567
f 2330//1405 2408//1567 910//1450
f 2331//1406 2330//1405 910//1450
f 2331//1406 910//1450 909//1448
f 909//1448 920//1447 2332//1415
f 909//1448 2332//1415 2331//1406
f 920//1447 1145//1745 2333//1728
f 920//1447 2333//1728 2332//1415
f 1145//1745 1160//1760 2334//1746
f 1145//1745 2334//1746 2333//1728
f 1160//1760 1795//1772 2335//1761
f 1160//1760 2335//1761 2334//1746
f 2336//1782 2335//1761 1795//1772
f 2336//1782 1795//1772 1172//1897
f 404//689 2322//674 401//679
f 404//689 401//679 405//691
f 1174//1780 2336//1782 1172//1897
f 405//691 403//696 408//685
f 1175//1777 1173//1779 2364//2444
f 1175//1777 2364//2444 1171//1781
f 130//1035 129//1037 2338//815
f 130//1035 2338//815 2337//814
f 2339//969 2338//815 129//1037
f 2339//969 129//1037 1492//965
f 2340//970 2339//969 1492//965
f 2340//970 1492//965 346//964
f 2341//1030 2340//970 346//964
f 2341//1030 346//964 618//1034
f 2342//1031 2341//1030 618//1034
f 2342//1031 618//1034 579//1046
f 2343//440 2457//1005 2458//1045
f 2343//440 2458//1045 143//1044
f 2370//1043 2371//441 2343//440
f 2370//1043 2343//440 143//1044
f 2345//283 2344//282 156//1042
f 2345//283 156//1042 216//1041
f 2346//301 2345//283 216//1041
f 2346//301 216//1041 230//1040
f 2347//642 2346//301 230//1040
f 2347//642 230//1040 379//1038
f 2348//661 2347//642 379//1038
f 2348//661 379//1038 391//1039
f 2349//677 2348//661 391//1039
f 2349//677 391//1039 1769//1231
f 2350//678 2349//677 1769//1231
f 2350//678 1769//1231 403//696
f 2352//1912 2351//1911 801//1907
f 2352//1912 801//1907 1249//1906
f 1249//1906 1482//1902 2353//2045
f 1249//1906 2353//2045 2352//1912
f 1482//1902 1250//1905 2354//2046
f 1482//1902 2354//2046 2353//2045
f 1378//2102 2355//2103 2354//2046
f 1378//2102 2354//2046 1250//1905
f 1378//2102 1369//2092 2356//2084
f 1378//2102 2356//2084 2355//2103
f 1369//2092 2490//2091 2491//2085
f 1369//2092 2491//2085 2356//2084
f 2405//1542 2406//1539 905//1404
f 2405//1542 905//1404 2358//1399
f 905//1404 908//1403 2359//1400
f 905//1404 2359//1400 2358//1399
f 908//1403 919//1416 2360//1417
f 908//1403 2360//1417 2359//1400
f 919//1416 1144//1729 2361//1730
f 919//1416 2361//1730 2360//1417
f 1144//1729 1159//1747 2362//1748
f 1144//1729 2362//1748 2361//1730
f 1159//1747 1796//1762 2363//1763
f 1159//1747 2363//1763 2362//1748
f 2364//2444 2363//1763 1796//1762
f 2364//2444 1796//1762 1171//1781
f 2366//399 2365//205 166//934
f 2366//399 166//934 224//962
f 2367//990 2366//399 224//962
f 2367//990 224//962 606//961
f 2368//447 2367//990 606//961
f 2368//447 606//961 186//293
f 186//293 634//292 2369//448
f 186//293 2369//448 2368//447
f 2370//1043 2369//448 634//292
f 2370//1043 634//292 156//1042
f 2344//282 2371//441 2370//1043
f 2344//282 2370//1043 156//1042
f 2372//442 2371//441 2344//282
f 2372//442 2344//282 155//281
f 155//281 2316//285 2373//436
f 155//281 2373//436 2372//442
f 2374//437 2373//436 2316//285
f 2374//437 2316//285 261//288
f 2375//472 2374//437 261//288
f 2375//472 261//288 481//334
f 2376//461 2375//472 481//334
f 2376//461 481//334 185//405
f 2377//462 2376//461 185//405
f 2377//462 185//405 187//404
f 1629//1110 2378//481 2377//462
f 1629//1110 2377//462 187//404
f 2379//482 2378//481 1629//1110
f 2379//482 1629//1110 220//1109
f 1677//1111 2380//995 2379//482
f 1677//1111 2379//482 220//1109
f 2381//996 2380//995 1677//1111
f 2381//996 1677//1111 609//1114
f 609//1114 1784//1253 2382//1251
f 609//1114 2382//1251 2381//996
f 2383//998 2382//1251 1784//1253
f 2383//998 1784//1253 765//993
f 765//993 1826//992 2384//999
f 765//993 2384//999 2383//998
f 2385//1000 2384//999 1826//992
f 2385//1000 1826//992 593//2442
f 1751//987 2386//1001 2385//1000
f 1751//987 2385//1000 593//2442
f 594//986 2387//1187 2386//1001
f 594//986 2386//1001 1751//987
f 595//1002 2388//1009 2387//1187
f 595//1002 2387//1187 594//986
f 182//953 2389//396 2388//1009
f 182//953 2388//1009 595//1002
f 2390//397 2389//396 182//953
f 2390//397 182//953 1687//952
f 2391//231 2390//397 1687//952
f 2391//231 1687//952 179//949
f 575//948 2392//232 2391//231
f 575//948 2391//231 179//949
f 176//945 2393//223 2392//232
f 176//945 2392//232 575//948
f 169//944 2394//224 2393//223
f 169//944 2393//223 176//945
f 2395//207 2394//224 169//944
f 2395//207 169//944 1649//940
f 2396//208 2395//207 1649//940
f 2396//208 1649//940 256//938
f 168//937 2397//206 2396//208
f 168//937 2396//208 256//938
f 167//935 2398//204 2397//206
f 167//935 2397//206 168//937
f 166//934 2365//205 2398//204
f 166//934 2398//204 167//935
f 911//2648 2400//1505 2399//1324
f 911//2648 2399//1324 835//2649
f 911//2648 1311//2650 2401//2068
f 911//2648 2401//2068 2400//1505
f 1027//2651 2402//1547 2401//2068
f 1027//2651 2401//2068 1311//2650
f 2403//1548 2402//1547 1027//2651
f 2403//1548 1027//2651 1026//2652
f 1026//2652 1021//2653 2404//1541
f 1026//2652 2404//1541 2403//1548
f 2357//2654 2405//1542 2404//1541
f 2357//2654 2404//1541 1021//2653
f 1020//2655 2406//1539 2405//1542
f 1020//2655 2405//1542 2357//2654
f 2407//1540 2406//1539 1020//2655
f 2407//1540 1020//2655 2329//2656
f 2408//1567 2407//1540 2329//2656
f 2408//1567 2329//2656 1019//2657
f 1038//2658 2409//1568 2408//1567
f 1038//2658 2408//1567 1019//2657
f 1035//2659 2410//1555 2409//1568
f 1035//2659 2409//1568 1038//2658
f 1034//2660 2411//1556 2410//1555
f 1034//2660 2410//1555 1035//2659
f 1639//2661 2412//1575 2411//1556
f 1639//2661 2411//1556 1034//2660
f 1044//2662 2413//1576 2412//1575
f 1044//2662 2412//1575 1639//2661
f 1717//2663 2414//2071 2413//1576
f 1717//2663 2413//1576 1044//2662
f 1041//2664 2415//2418 2414//2071
f 1041//2664 2414//2071 1717//2663
f 2416//2346 2415//2418 1041//2664
f 2416//2346 1041//2664 1813//2665
f 2417//2347 2416//2346 1813//2665
f 2417//2347 1813//2665 1029//2666
f 2418//2075 2417//2347 1029//2666
f 2418//2075 1029//2666 1840//2667
f 2419//2076 2418//2075 1840//2667
f 2419//2076 1840//2667 995//2668
f 1762//2669 2420//2077 2419//2076
f 1762//2669 2419//2076 995//2668
f 2421//2282 2420//2077 1762//2669
f 2421//2282 1762//2669 996//2670
f 2422//2093 2421//2282 996//2670
f 2422//2093 996//2670 1014//2671
f 2423//2094 2422//2093 1014//2671
f 2423//2094 1014//2671 991//2672
f 991//2672 1729//2673 2424//1503
f 991//2672 2424//1503 2423//2094
f 1729//2673 862//2674 2425//1355
f 1729//2673 2425//1355 2424//1503
f 2426//1356 2425//1355 862//2674
f 2426//1356 862//2674 861//2675
f 2427//1347 2426//1356 861//2675
f 2427//1347 861//2675 854//2676
f 2428//1348 2427//1347 854//2676
f 2428//1348 854//2676 830//2677
f 830//2677 1663//2678 2429//1327
f 830//2677 2429//1327 2428//1348
f 1663//2678 831//2679 2430//1328
f 1663//2678 2430//1328 2429//1327
f 2431//1326 2430//1328 831//2679
f 2431//1326 831//2679 834//2680
f 2432//1323 2431//1326 834//2680
f 2432//1323 834//2680 833//2681
f 2399//1324 2432//1323 833//2681
f 2399//1324 833//2681 835//2649
f 157//414 2434//410 2433//195
f 157//414 2433//195 1647//331
f 2435//411 2434//410 157//414
f 2435//411 157//414 158//417
f 2436//412 2435//411 158//417
f 2436//412 158//417 577//423
f 2437//413 2436//412 577//423
f 2437//413 577//423 180//422
f 2438//976 2437//413 180//422
f 2438//976 180//422 1689//1189
f 2439//426 2438//976 1689//1189
f 2439//426 1689//1189 290//430
f 2440//427 2439//426 290//430
f 2440//427 290//430 184//429
f 562//957 2441//954 2440//427
f 562//957 2440//427 184//429
f 1753//409 2442//400 2441//954
f 1753//409 2441//954 562//957
f 151//408 2443//401 2442//400
f 151//408 2442//400 1753//409
f 2444//452 2443//401 151//408
f 2444//452 151//408 1828//1027
f 2445//453 2444//452 1828//1027
f 2445//453 1828//1027 763//1028
f 2446//1250 2445//453 763//1028
f 2446//1250 763//1028 1786//1248
f 2447//474 2446//1250 1786//1248
f 2447//474 1786//1248 228//1026
f 2448//475 2447//474 228//1026
f 2448//475 228//1026 1675//1025
f 2449//479 2448//475 1675//1025
f 2449//479 1675//1025 191//1024
f 2450//480 2449//479 191//1024
f 2450//480 191//1024 1627//1023
f 2451//470 2450//480 1627//1023
f 2451//470 1627//1023 300//1022
f 300//1022 299//1021 2452//471
f 300//1022 2452//471 2451//470
f 299//1021 483//1020 2453//467
f 299//1021 2453//467 2452//471
f 483//1020 294//1018 2454//468
f 483//1020 2454//468 2453//467
f 294//1018 2314//1019 2455//1008
f 294//1018 2455//1008 2454//468
f 2456//1004 2455//1008 2314//1019
f 2456//1004 2314//1019 295//1032
f 295//1032 2342//1031 2457//1005
f 295//1032 2457//1005 2456//1004
f 2458//1045 2457//1005 2342//1031
f 2458//1045 2342//1031 579//1046
f 2459//977 2458//1045 579//1046
f 2459//977 579//1046 636//1047
f 2460//978 2459//977 636//1047
f 2460//978 636//1047 298//1010
f 608//1006 2461//911 2460//978
f 608//1006 2460//978 298//1010
f 2462//289 2461//911 608//1006
f 2462//289 608//1006 225//501
f 161//499 2463//203 2462//289
f 161//499 2462//289 225//501
f 2464//199 2463//203 161//499
f 2464//199 161//499 160//190
f 2465//200 2464//199 160//190
f 2465//200 160//190 159//193
f 2466//194 2465//200 159//193
f 2466//194 159//193 254//244
f 1647//331 2433//195 2466//194
f 1647//331 2466//194 254//244
f 2468//1515 2467//1316 1663//2678
f 2468//1515 1663//2678 830//2677
f 830//2677 854//2676 2469//1516
f 830//2677 2469//1516 2468//1515
f 854//2676 861//2675 2470//1519
f 854//2676 2470//1519 2469//1516
f 861//2675 862//2674 2471//1520
f 861//2675 2471//1520 2470//1519
f 862//2674 1729//2673 2472//2051
f 862//2674 2472//2051 2471//1520
f 2473//1531 2472//2051 1729//2673
f 2473//1531 1729//2673 991//2672
f 991//2672 1014//2671 2474//1532
f 991//2672 2474//1532 2473//1531
f 2475//2034 2474//1532 1014//2671
f 2475//2034 1014//2671 996//2670
f 1762//2669 2476//1509 2475//2034
f 1762//2669 2475//2034 996//2670
f 2477//1510 2476//1509 1762//2669
f 2477//1510 1762//2669 995//2668
f 995//2668 1840//2667 2478//1549
f 995//2668 2478//1549 2477//1510
f 2479//2343 2478//1549 1840//2667
f 2479//2343 1840//2667 1029//2666
f 1029//2666 1813//2665 2480//2344
f 1029//2666 2480//2344 2479//2343
f 2481//2417 2480//2344 1813//2665
f 2481//2417 1813//2665 1041//2664
f 1041//2664 1717//2663 2482//1569
f 1041//2664 2482//1569 2481//2417
f 1717//2663 1044//2662 2483//1570
f 1717//2663 2483//1570 2482//1569
f 1639//2661 2484//1573 2483//1570
f 1639//2661 2483//1570 1044//2662
f 1034//2660 2485//1564 2484//1573
f 1034//2660 2484//1573 1639//2661
f 2486//1565 2485//1564 1034//2660
f 2486//1565 1034//2660 1035//2659
f 2487//1560 2486//1565 1035//2659
f 2487//1560 1035//2659 1038//2658
f 2488//1561 2487//1560 1038//2658
f 2488//1561 1038//2658 1019//2657
f 2489//2090 2488//1561 1019//2657
f 2489//2090 1019//2657 2329//2656
f 2490//2091 2489//2090 2329//2656
f 2490//2091 2329//2656 1020//2655
f 2491//2085 2490//2091 1020//2655
f 2491//2085 1020//2655 2357//2654
f 2492//2086 2491//2085 2357//2654
f 2492//2086 2357//2654 1021//2653
f 1021//2653 1026//2652 2493//2053
f 1021//2653 2493//2053 2492//2086
f 1026//2652 1027//2651 2494//2054
f 1026//2652 2494//2054 2493//2053
f 2495//1999 2494//2054 1027//2651
f 2495//1999 1027//2651 1311//2650
f 911//2648 2496//1408 2495//1999
f 911//2648 2495//1999 1311//2650
f 2497//1319 2496//1408 911//2648
f 2497//1319 911//2648 835//2649
f 835//2649 833//2681 2498//1317
f 835//2649 2498//1317 2497//1319
f 833//2681 834//2680 2499//1318
f 833//2681 2499//1318 2498//1317
f 834//2680 831//2679 2500//1315
f 834//2680 2500//1315 2499//1318
f 2467//1316 2500//1315 831//2679
f 2467//1316 831//2679 1663//2678
f 463//1180 2242//768 457//786
f 1229//2457 1922//1875 1235//1869
f 1229//2457 1235//1869 2262//1868
f 1541//2455 1988//2507 2501//2504
f 1541//2455 2501//2504 465//2502
f 1988//2507 2000//2523 2502//2516
f 1988//2507 2502//2516 2501//2504
f 2000//2523 2001//2517 2502//2516
f 2503//2509 1238//1881 1987//1880
f 1987//1880 1998//2519 2504//2525
f 1987//1880 2504//2525 2503//2509
f 2003//2513 2504//2525 1998//2519
f 2003//2513 1998//2519 1999//2520
f 2508//275 2507//274 212//2682
f 2508//275 212//2682 252//2683
f 252//2683 1642//2684 2509//326
f 252//2683 2509//326 2508//275
f 2510//487 2509//326 1642//2684
f 2510//487 1642//2684 214//2685
f 105//2686 2511//488 2510//487
f 105//2686 2510//487 214//2685
f 683//1230 2512//1143 2511//488
f 683//1230 2511//488 105//2686
f 680//1229 2513//1144 2512//1143
f 680//1229 2512//1143 683//1230
f 2514//1199 2513//1144 680//1229
f 2514//1199 680//1229 1694//1223
f 2515//1200 2514//1199 1694//1223
f 2515//1200 1694//1223 736//1226
f 2516//491 2515//1200 736//1226
f 2516//491 736//1226 104//1221
f 61//1220 2517//492 2516//491
f 61//1220 2516//491 104//1221
f 61//1220 1053//2312 2518//1587
f 61//1220 2518//1587 2517//492
f 2519//2293 2518//1587 1053//2312
f 2519//2293 1053//2312 1461//2319
f 1735//2314 2520//2292 2519//2293
f 1735//2314 2519//2293 1461//2319
f 2521//2236 2520//2292 1735//2314
f 2521//2236 1735//2314 1437//2313
f 1437//2313 1438//2318 2522//2237
f 1437//2313 2522//2237 2521//2236
f 1438//2318 1050//2321 2523//1583
f 1438//2318 2523//1583 2522//2237
f 1050//2321 942//2687 2524//1584
f 1050//2321 2524//1584 2523//1583
f 1669//2688 2525//1440 2524//1584
f 1669//2688 2524//1584 942//2687
f 900//2689 2526//1393 2525//1440
f 900//2689 2525//1440 1669//2688
f 2527//1394 2526//1393 900//2689
f 2527//1394 900//2689 899//2690
f 902//2691 2528//1395 2527//1394
f 902//2691 2527//1394 899//2690
f 2593//589 2594//635 46//100
f 2593//589 46//100 19//98
f 2532//620 2531//619 360//591
f 2532//620 360//591 361//590
f 361//590 1586//597 2533//625
f 361//590 2533//625 2532//620
f 1586//597 362//596 2534//626
f 1586//597 2534//626 2533//625
f 2599//1727 2600//1719 50//124
f 2599//1727 50//124 33//128
f 1132//1721 2536//1705 2535//1704
f 1132//1721 2535//1704 1133//1722
f 2537//1711 2536//1705 1132//1721
f 2537//1711 1132//1721 1581//1724
f 2538//1712 2537//1711 1581//1724
f 2538//1712 1581//1724 1135//1723
f 2591//587 2592//588 53//97
f 2591//587 53//97 20//139
f 2540//593 2539//592 278//366
f 2540//593 278//366 266//365
f 266//365 1587//541 2541//594
f 266//365 2541//594 2540//593
f 1587//541 101//540 2542//595
f 1587//541 2542//595 2541//594
f 2601//1720 2602//1686 56//120
f 2601//1720 56//120 29//121
f 1118//1706 2544//1688 2543//1687
f 1118//1706 2543//1687 1117//1707
f 2545//1689 2544//1688 1118//1706
f 2545//1689 1118//1706 1580//1710
f 2546//1690 2545//1689 1580//1710
f 2546//1690 1580//1710 1119//1713
f 531//631 2534//626 362//596
f 531//631 362//596 363//599
f 1138//1716 2538//1712 1135//1723
f 1138//1716 1135//1723 1137//1717
f 101//540 103//556 533//600
f 101//540 533//600 2542//595
f 1122//1693 2546//1690 1119//1713
f 1122//1693 1119//1713 1121//1694
f 795//2486 1949//1631 2548//2424
f 795//2486 2548//2424 2547//2692
f 2549//2425 2548//2424 1949//1631
f 2549//2425 1949//1631 793//1630
f 2019//1284 2550//2427 2549//2425
f 2019//1284 2549//2425 793//1630
f 2551//2428 2550//2427 2019//1284
f 2551//2428 2019//1284 794//1283
f 794//1283 980//1490 2552//2429
f 794//1283 2552//2429 2551//2428
f 2553//2430 2552//2429 980//1490
f 2553//2430 980//1490 979//1489
f 2554//2431 2553//2430 979//1489
f 2554//2431 979//1489 1307//1990
f 2555//2432 2554//2431 1307//1990
f 2555//2432 1307//1990 1306//1989
f 1865//1998 2556//2433 2555//2432
f 1865//1998 2555//2432 1306//1989
f 1310//1997 2557//2434 2556//2433
f 1310//1997 2556//2433 1865//1998
f 2558//2435 2557//2434 1310//1997
f 2558//2435 1310//1997 890//1378
f 891//1379 2559//2436 2558//2435
f 891//1379 2558//2435 890//1378
f 897//1385 2560//2437 2559//2436
f 897//1385 2559//2436 891//1379
f 2561//2438 2560//2437 897//1385
f 2561//2438 897//1385 786//1276
f 2562//2439 2561//2438 786//1276
f 2562//2439 786//1276 1600//1275
f 2563//2440 2562//2439 1600//1275
f 2563//2440 1600//1275 785//1464
f 2564//2441 2563//2440 785//1464
f 2564//2441 785//1464 955//1463
f 2566//531 2565//2489 1696//2693
f 2566//531 1696//2693 1952//2694
f 2567//532 2566//531 1952//2694
f 2567//532 1952//2694 1697//2529
f 1697//2529 2022//2395 2568//271
f 1697//2529 2568//271 2567//532
f 2569//272 2568//271 2022//2395
f 2569//272 2022//2395 1698//2397
f 2570//379 2569//272 1698//2397
f 2570//379 1698//2397 1699//2398
f 1700//2399 2571//380 2570//379
f 1700//2399 2570//379 1699//2398
f 1701//2400 2572//894 2571//380
f 1701//2400 2571//380 1700//2399
f 1702//2401 2573//895 2572//894
f 1702//2401 2572//894 1701//2400
f 1868//2403 2574//906 2573//895
f 1868//2403 2573//895 1702//2401
f 2575//907 2574//906 1868//2403
f 2575//907 1868//2403 1703//2402
f 1704//2404 2576//269 2575//907
f 1704//2404 2575//907 1703//2402
f 2577//270 2576//269 1704//2404
f 2577//270 1704//2404 1705//2405
f 2578//268 2577//270 1705//2405
f 2578//268 1705//2405 1706//2406
f 1706//2406 1707//2407 2579//156
f 1706//2406 2579//156 2578//268
f 1708//2408 2580//157 2579//156
f 1708//2408 2579//156 1707//2407
f 1709//2409 2581//345 2580//157
f 1709//2409 2580//157 1708//2408
f 1710//2410 2582//346 2581//345
f 1710//2410 2581//345 1709//2409
f 649//2594 2047//1069 2152//2587
f 1395//2130 2055//2127 2155//2450
f 1395//2130 2155//2450 2149//2451
f 2584//2695 2583//2696 269//335
f 2584//2695 269//335 271//338
f 267//342 2585//2697 2584//2695
f 267//342 2584//2695 271//338
f 2586//2698 2585//2697 267//342
f 2586//2698 267//342 268//351
f 268//351 370//358 2587//604
f 268//351 2587//604 2586//2698
f 2588//581 2587//604 370//358
f 2588//581 370//358 277//354
f 277//354 274//353 2589//582
f 277//354 2589//582 2588//581
f 274//353 275//359 2590//585
f 274//353 2590//585 2589//582
f 275//359 278//366 2591//587
f 275//359 2591//587 2590//585
f 278//366 2539//592 2592//588
f 278//366 2592//588 2591//587
f 2593//589 2592//588 2539//592
f 2593//589 2539//592 360//591
f 360//591 2531//619 2594//635
f 360//591 2594//635 2593//589
f 2595//636 2594//635 2531//619
f 2595//636 2531//619 276//618
f 2596//638 2595//636 276//618
f 2596//638 276//618 375//621
f 2597//639 2596//638 375//621
f 2597//639 375//621 74//624
f 2598//1726 2597//639 74//624
f 2598//1726 74//624 1134//1708
f 2599//1727 2598//1726 1134//1708
f 2599//1727 1134//1708 1133//1722
f 2535//1704 2600//1719 2599//1727
f 2535//1704 2599//1727 1133//1722
f 1117//1707 2601//1720 2600//1719
f 1117//1707 2600//1719 2535//1704
f 2543//1687 2602//1686 2601//1720
f 2543//1687 2601//1720 1117//1707
f 970//1480 2603//1685 2602//1686
f 970//1480 2602//1686 2543//1687
f 962//1473 2604//1683 2603//1685
f 962//1473 2603//1685 970//1480
f 957//1467 2605//1679 2604//1683
f 957//1467 2604//1683 962//1473
f 958//1470 2606//1680 2605//1679
f 958//1470 2605//1679 957//1467
f 2607//2699 2606//1680 958//1470
f 2607//2699 958//1470 961//1472
f 956//1465 2608//2700 2607//2699
f 956//1465 2607//2699 961//1472
f 2609//2701 2608//2700 956//1465
f 2609//2701 956//1465 953//1458
f 953//1458 952//1452 2610//2702
f 953//1458 2610//2702 2609//2701
f 2611//2703 2610//2702 952//1452
f 2611//2703 952//1452 950//1451
f 950//1451 951//1456 2612//2704
f 950//1451 2612//2704 2611//2703
f 954//1459 2613//2705 2612//2704
f 954//1459 2612//2704 951//1456
f 272//343 270//340 2615//2706
f 272//343 2615//2706 2614//2707
f 269//335 2583//2696 2615//2706
f 269//335 2615//2706 270//340
f 2633//2708 2634//2709 2631//2710
f 2633//2708 2631//2710 2630//2711
f 2646//2712 2643//2713 2647//2714
f 2646//2712 2647//2714 2648//2715
f 2661//2716 2660//2717 2659//2718
f 2661//2716 2659//2718 2662//2719
f 2634//2709 2633//2708 2662//2719
f 2634//2709 2662//2719 2659//2718
f 2667//2720 2666//2721 2665//2722
f 2667//2720 2665//2722 2668//2723
f 2661//2716 2668//2723 2665//2722
f 2661//2716 2665//2722 2660//2717
f 2662//2719 2675//2724 2674//2725
f 2662//2719 2674//2725 2661//2716
f 2661//2716 2674//2725 2648//2715
f 2661//2716 2648//2715 2668//2723
f 2646//2712 2648//2715 2674//2725
f 2646//2712 2674//2725 2672//2726
f 2668//2723 2648//2715 2647//2714
f 2668//2723 2647//2714 2667//2720
f 2665//2722 2666//2721 2664//2727
f 2665//2722 2664//2727 2663//2728
f 2681//2729 2663//2728 2664//2727
f 2681//2729 2664//2727 2680//2730
f 2681//2729 2680//2730 2651//2731
f 2681//2729 2651//2731 2653//2732
f 2656//2733 2660//2717 2665//2722
f 2656//2733 2665//2722 2663//2728
f 2681//2729 2653//2732 2652//2734
f 2681//2729 2652//2734 2682//2735
f 2656//2733 2663//2728 2681//2729
f 2656//2733 2681//2729 2682//2735
f 2633//2708 2630//2711 2632//2736
f 2633//2708 2632//2736 2635//2737
f 2675//2724 2662//2719 2633//2708
f 2675//2724 2633//2708 2635//2737
f 2635//2737 2632//2736 2676//2738
f 2635//2737 2676//2738 2642//2739
f 2645//2740 2643//2713 2646//2712
f 2650//2741 2645//2740 2646//2712
f 2650//2741 2646//2712 2672//2726
f 2671//2742 2650//2741 2672//2726
f 2671//2742 2672//2726 2673//2743
f 2673//2743 2672//2726 2674//2725
f 2673//2743 2674//2725 2675//2724
f 2673//2743 2675//2724 2635//2737
f 2673//2743 2635//2737 2642//2739
f 2671//2742 2673//2743 2642//2739
f 2671//2742 2642//2739 2686//2744
f 4840//83 4873//62 2651//2731
f 2686//2744 2642//2739 2641//2745
f 2630//2711 2631//2710 2777//2746
f 2630//2711 2777//2746 2778//2747
f 2778//2747 2779//2748 2632//2736
f 2778//2747 2632//2736 2630//2711
f 2676//2738 2632//2736 2779//2748
f 2676//2738 2779//2748 2780//2749
f 2700//2750 2697//2751 2698//2752
f 2700//2750 2698//2752 2701//2753
f 2701//2753 2722//2754 2725//2755
f 2701//2753 2725//2755 2700//2750
f 2700//2750 2702//2756 2699//2757
f 2700//2750 2699//2757 2697//2751
f 2737//2758 2702//2756 2700//2750
f 2737//2758 2700//2750 2725//2755
f 2702//2756 2706//2759 2738//2760
f 2702//2756 2738//2760 2699//2757
f 2735//2761 2706//2759 2702//2756
f 2735//2761 2702//2756 2737//2758
f 2733//2762 2747//2763 2706//2759
f 2733//2762 2706//2759 2735//2761
f 4841//41 4874//43 2712//2764
f 4841//41 2712//2764 4842//42
f 2698//2752 2769//2765 2770//2766
f 2698//2752 2770//2766 2690//2767
f 2697//2751 2768//2768 2769//2765
f 2697//2751 2769//2765 2698//2752
f 2785//2769 2768//2768 2697//2751
f 2785//2769 2697//2751 2699//2757
f 2738//2760 2784//2770 2785//2769
f 2738//2760 2785//2769 2699//2757
f 4843//38 2707//2771 4861//44
f 2638//2772 2676//2738 2780//2749
f 2638//2772 2780//2749 2781//2773
f 2783//2774 2784//2770 2738//2760
f 2783//2774 2738//2760 2704//2775
f 2773//2776 2620//2777 2688//2778
f 2773//2776 2688//2778 2772//2779
f 2627//2780 2626//2781 2616//2782
f 2629//2783 2628//2784 2616//2782
f 2616//2782 2687//2785 2749//2786
f 2616//2782 2692//2787 2693//2788
f 2616//2782 2694//2789 2695//2790
f 2616//2782 2696//2791 2703//2792
f 2772//2779 2688//2778 2748//2793
f 2772//2779 2748//2793 2771//2794
f 2748//2793 2690//2767 2770//2766
f 2748//2793 2770//2766 2771//2794
f 2689//2795 2688//2778 2620//2777
f 2689//2795 2620//2777 2621//2796
f 2701//2753 2698//2752 2690//2767
f 2701//2753 2690//2767 2691//2797
f 2748//2793 2688//2778 2689//2795
f 2748//2793 2689//2795 2750//2798
f 2691//2797 2690//2767 2748//2793
f 2691//2797 2748//2793 2750//2798
f 2721//2799 2689//2795 2621//2796
f 2721//2799 2621//2796 2640//2800
f 2722//2754 2701//2753 2691//2797
f 2722//2754 2691//2797 2718//2801
f 2750//2798 2689//2795 2721//2799
f 2750//2798 2721//2799 2751//2802
f 2718//2801 2691//2797 2750//2798
f 2718//2801 2750//2798 2751//2802
f 2746//2803 2721//2799 2640//2800
f 2746//2803 2640//2800 2685//2804
f 2752//2805 2745//2806 2718//2801
f 2752//2805 2718//2801 2751//2802
f 2752//2805 2751//2802 2721//2799
f 2752//2805 2721//2799 2746//2803
f 2720//2807 2746//2803 2685//2804
f 2720//2807 2685//2804 2639//2808
f 2752//2805 2746//2803 2720//2807
f 2752//2805 2720//2807 2753//2809
f 2717//2810 2745//2806 2752//2805
f 2717//2810 2752//2805 2753//2809
f 2777//2746 2631//2710 2623//2811
f 2777//2746 2623//2811 2776//2812
f 2619//2813 2620//2777 2773//2776
f 2619//2813 2773//2776 2774//2814
f 2618//2815 2617//2816 2616//2782
f 2616//2782 2617//2816 2687//2785
f 2755//2817 2618//2815 2616//2782
f 2616//2782 2625//2818 2755//2817
f 2626//2781 2625//2818 2616//2782
f 2628//2784 2627//2780 2616//2782
f 2637//2819 2629//2783 2616//2782
f 2749//2786 2692//2787 2616//2782
f 2616//2782 2693//2788 2694//2789
f 2616//2782 2695//2790 2696//2791
f 2775//2820 2754//2821 2619//2813
f 2775//2820 2619//2813 2774//2814
f 2775//2820 2776//2812 2623//2811
f 2775//2820 2623//2811 2754//2821
f 2621//2796 2620//2777 2619//2813
f 2621//2796 2619//2813 2622//2822
f 2624//2823 2623//2811 2631//2710
f 2624//2823 2631//2710 2634//2709
f 2756//2824 2622//2822 2619//2813
f 2756//2824 2619//2813 2754//2821
f 2756//2824 2754//2821 2623//2811
f 2756//2824 2623//2811 2624//2823
f 2655//2825 2659//2718 2660//2717
f 2655//2825 2660//2717 2656//2733
f 2624//2823 2634//2709 2659//2718
f 2624//2823 2659//2718 2655//2825
f 2640//2800 2621//2796 2622//2822
f 2640//2800 2622//2822 2658//2826
f 2756//2824 2624//2823 2655//2825
f 2756//2824 2655//2825 2757//2827
f 2658//2826 2622//2822 2756//2824
f 2658//2826 2756//2824 2757//2827
f 2655//2825 2656//2733 2682//2735
f 2655//2825 2682//2735 2683//2828
f 2685//2804 2640//2800 2658//2826
f 2685//2804 2658//2826 2684//2829
f 2757//2827 2655//2825 2683//2828
f 2757//2827 2683//2828 2758//2830
f 2684//2829 2658//2826 2757//2827
f 2684//2829 2757//2827 2758//2830
f 2683//2828 2682//2735 2652//2734
f 2683//2828 2652//2734 2654//2831
f 2639//2808 2685//2804 2684//2829
f 2639//2808 2684//2829 2657//2832
f 2759//2833 2657//2832 2684//2829
f 2759//2833 2684//2829 2758//2830
f 2759//2833 2758//2830 2683//2828
f 2759//2833 2683//2828 2654//2831
f 2654//2831 2652//2734 2679//2834
f 4887//25 4885//24 2639//2808
f 4887//25 2639//2808 2657//2832 4876//51
f 4876//51 2657//2832 2759//2833 4888//49
f 4888//49 2759//2833 4830//46
f 2704//2775 2738//2760 2706//2759
f 2704//2775 2706//2759 2705//2835
f 2706//2759 2747//2763 2705//2835
f 2636//2836 2637//2819 2616//2782
f 2616//2782 2703//2792 2636//2836
f 2638//2772 2641//2745 2642//2739
f 2638//2772 2642//2739 2676//2738
f 2760//2837 2704//2775 2705//2835
f 2638//2772 2781//2773 2782//2838
f 2638//2772 2782//2838 2760//2837
f 4831//26 2641//2745 2638//2772 4878//45
f 4878//45 2638//2772 2678//2839 4832//82
f 2678//2839 2638//2772 2760//2837
f 4890//91 4832//82 2678//2839
f 2782//2838 2783//2774 2704//2775
f 2782//2838 2704//2775 2760//2837
f 2712//2764 2707//2771 2710//2840
f 4846//39 4842//42 2712//2764
f 4846//39 2712//2764 2739//2841 4863//40
f 4864//36 4863//40 2739//2841
f 4864//36 2739//2841 2732//2842 4821//37
f 4891//32 4821//37 2732//2842
f 4865//30 2714//2843 4814//31
f 4866//29 4892//35 2764//2844
f 2764//2844 2742//2845 2714//2843
f 2765//2846 2727//2847 2742//2845
f 2765//2846 2742//2845 2764//2844
f 2765//2846 2764//2844 2763//2848
f 2763//2848 2732//2842 2762//2849
f 2766//2850 2729//2851 2727//2847
f 2766//2850 2727//2847 2765//2846
f 2766//2850 2765//2846 2763//2848
f 2766//2850 2763//2848 2762//2849
f 2761//2852 2739//2841 2712//2764
f 2761//2852 2712//2764 2710//2840
f 2762//2849 2732//2842 2739//2841
f 2762//2849 2739//2841 2761//2852
f 2767//2853 2766//2850 2762//2849
f 2767//2853 2762//2849 2761//2852
f 2710//2840 2730//2854 2767//2853
f 2767//2853 2761//2852 2710//2840
f 2767//2853 2730//2854 2729//2851
f 2767//2853 2729//2851 2766//2850
f 4852//87 2644//2855 4833//66
f 2649//2856 2647//2714 2643//2713
f 2649//2856 2643//2713 2644//2855
f 2677//2857 2667//2720 2647//2714
f 2677//2857 2647//2714 2649//2856
f 2670//2858 2666//2721 2667//2720
f 2670//2858 2667//2720 2677//2857
f 2669//2859 2664//2727 2666//2721
f 2669//2859 2666//2721 2670//2858
f 4834//60 2669//2859 2670//2858 4855//63
f 4855//63 2670//2858 4854//64
f 4879//84 4840//83 2651//2731
f 4879//84 2651//2731 2680//2730 4815//85
f 4815//85 2680//2730 2664//2727 4867//58
f 4867//58 2664//2727 2669//2859 4835//59
f 4835//59 2669//2859 4834//60
f 2768//2768 2803//2860 2786//2861
f 2768//2768 2786//2861 2769//2765
f 2770//2766 2769//2765 2786//2861
f 2770//2766 2786//2861 2787//2862
f 2771//2794 2770//2766 2787//2862
f 2771//2794 2787//2862 2788//2863
f 2789//2864 2772//2779 2771//2794
f 2789//2864 2771//2794 2788//2863
f 2790//2865 2773//2776 2772//2779
f 2790//2865 2772//2779 2789//2864
f 2774//2814 2773//2776 2790//2865
f 2774//2814 2790//2865 2791//2866
f 2792//2867 2775//2820 2774//2814
f 2792//2867 2774//2814 2791//2866
f 2792//2867 2793//2868 2776//2812
f 2792//2867 2776//2812 2775//2820
f 2794//2869 2777//2746 2776//2812
f 2794//2869 2776//2812 2793//2868
f 2778//2747 2777//2746 2794//2869
f 2778//2747 2794//2869 2795//2870
f 2795//2870 2796//2871 2779//2748
f 2795//2870 2779//2748 2778//2747
f 2780//2749 2779//2748 2796//2871
f 2780//2749 2796//2871 2797//2872
f 2781//2773 2780//2749 2797//2872
f 2781//2773 2797//2872 2798//2873
f 2782//2838 2781//2773 2798//2873
f 2782//2838 2798//2873 2799//2874
f 2799//2874 2800//2875 2783//2774
f 2799//2874 2783//2774 2782//2838
f 2800//2875 2801//2876 2784//2770
f 2800//2875 2784//2770 2783//2774
f 2785//2769 2784//2770 2801//2876
f 2785//2769 2801//2876 2802//2877
f 2803//2860 2768//2768 2785//2769
f 2803//2860 2785//2769 2802//2877
f 2787//2862 2786//2861 2693//2788
f 2787//2862 2693//2788 2692//2787
f 2788//2863 2787//2862 2692//2787
f 2788//2863 2692//2787 2749//2786
f 2687//2785 2789//2864 2788//2863
f 2687//2785 2788//2863 2749//2786
f 2617//2816 2790//2865 2789//2864
f 2617//2816 2789//2864 2687//2785
f 2791//2866 2790//2865 2617//2816
f 2791//2866 2617//2816 2618//2815
f 2755//2817 2792//2867 2791//2866
f 2755//2817 2791//2866 2618//2815
f 2755//2817 2625//2818 2793//2868
f 2755//2817 2793//2868 2792//2867
f 2626//2781 2794//2869 2793//2868
f 2626//2781 2793//2868 2625//2818
f 2795//2870 2794//2869 2626//2781
f 2795//2870 2626//2781 2627//2780
f 2627//2780 2628//2784 2796//2871
f 2627//2780 2796//2871 2795//2870
f 2797//2872 2796//2871 2628//2784
f 2797//2872 2628//2784 2629//2783
f 2798//2873 2797//2872 2629//2783
f 2798//2873 2629//2783 2637//2819
f 2799//2874 2798//2873 2637//2819
f 2799//2874 2637//2819 2636//2836
f 2636//2836 2703//2792 2800//2875
f 2636//2836 2800//2875 2799//2874
f 2703//2792 2696//2791 2801//2876
f 2703//2792 2801//2876 2800//2875
f 2802//2877 2801//2876 2696//2791
f 2802//2877 2696//2791 2695//2790
f 2694//2789 2803//2860 2802//2877
f 2694//2789 2802//2877 2695//2790
f 2786//2861 2803//2860 2694//2789
f 2786//2861 2694//2789 2693//2788
f 4868//56 4819//73 2645//2740
f 4868//56 2645//2740 4869//70
f 4856//78 4857//72 2650//2741
f 4856//78 2650//2741 2671//2742 4880//48
f 4881//50 4880//48 2671//2742
f 4881//50 2671//2742 2686//2744 4816//52
f 4831//26 4896//76 2641//2745
f 4889//23 2705//2835 4897//88
f 4898//21 4897//88 2705//2835
f 4898//21 2705//2835 2747//2763 4899//74
f 4817//11 2717//2810 2753//2809 4870//7
f 4870//7 2753//2809 4886//8
f 4827//79 4862//57 2679//2834
f 4827//79 2679//2834 4829//86
f 4900//9 4899//74 2747//2763
f 4900//9 2747//2763 2733//2762 4847//77
f 2711//2878 2731//2879 2730//2854
f 2711//2878 2730//2854 2710//2840
f 2709//2880 2711//2878 2710//2840
f 2709//2880 2710//2840 2707//2771
f 2708//2881 2709//2880 2707//2771
f 2729//2851 2730//2854 2731//2879
f 2729//2851 2731//2879 2728//2882
f 2719//2883 2723//2884 2722//2754
f 2719//2883 2722//2754 2718//2801
f 2727//2847 2729//2851 2728//2882
f 2727//2847 2728//2882 2726//2885
f 2804//2886 2723//2884 2719//2883
f 2804//2886 2719//2883 2805//2887
f 2726//2885 2728//2882 2804//2886
f 2726//2885 2804//2886 2805//2887
f 2742//2845 2727//2847 2726//2885
f 2742//2845 2726//2885 2743//2888
f 2744//2889 2719//2883 2718//2801
f 2744//2889 2718//2801 2745//2806
f 2806//2890 2743//2888 2726//2885
f 2806//2890 2726//2885 2805//2887
f 2806//2890 2805//2887 2719//2883
f 2806//2890 2719//2883 2744//2889
f 2715//2891 2744//2889 2745//2806
f 2715//2891 2745//2806 2717//2810
f 2716//2892 2714//2843 2742//2845
f 2716//2892 2742//2845 2743//2888
f 2806//2890 2744//2889 2715//2891
f 2806//2890 2715//2891 2807//2893
f 2716//2892 2743//2888 2806//2890
f 2716//2892 2806//2890 2807//2893
f 2741//2894 2715//2891 2717//2810
f 4814//31 2714//2843 2716//2892 4882//19
f 4882//19 2716//2892 2740//2895 4836//16
f 2807//2893 2715//2891 2741//2894
f 2807//2893 2741//2894 2808//2896
f 2740//2895 2716//2892 2807//2893
f 2740//2895 2807//2893 2808//2896
f 4903//13 2741//2894 4858//10
f 4904//17 4836//16 2740//2895
f 4904//17 2740//2895 4859//18
f 4859//18 2740//2895 2808//2896 4860//3
f 4860//3 2808//2896 4828//1
f 4871//71 4869//70 2645//2740
f 4871//71 2645//2740 2650//2741 4857//72
f 2724//2897 2723//2884 2804//2886
f 2724//2897 2725//2755 2722//2754
f 2724//2897 2722//2754 2723//2884
f 2804//2886 2728//2882 2731//2879
f 2804//2886 2731//2879 2724//2897
f 2724//2897 2731//2879 2711//2878
f 2724//2897 2711//2878 2736//2898
f 2736//2898 2737//2758 2725//2755
f 2736//2898 2725//2755 2724//2897
f 2734//2899 2735//2761 2737//2758
f 2734//2899 2737//2758 2736//2898
f 2736//2898 2711//2878 2709//2880
f 2736//2898 2709//2880 2734//2899
f 4883//89 2713//2900 2708//2881 4906//90
f 4906//90 2708//2881 4902//12
f 2713//2900 2733//2762 2735//2761
f 2713//2900 2735//2761 2734//2899
f 4849//14 4847//77 2733//2762
f 4849//14 2733//2762 2713//2900 4883//89
f 2713//2900 2734//2899 2709//2880
f 2713//2900 2709//2880 2708//2881
f 2860//2901 2861//2902 2933//2903
f 2860//2901 2933//2903 2934//2904
f 2858//2905 2859//2906 2911//2907
f 2858//2905 2911//2907 2912//2908
f 2854//2909 3223//2910 2915//2911
f 2854//2909 2915//2911 2916//2912
f 3220//2913 2853//2914 3221//2915
f 3220//2913 3221//2915 3219//2916
f 3208//2917 2851//2918 3216//2919
f 3208//2917 3216//2919 3207//2920
f 2951//2921 2950//2922 2925//2923
f 2951//2921 2925//2923 2926//2924
f 2964//2925 3190//2926 3191//2927
f 2964//2925 3191//2927 2924//2928
f 3266//2929 2961//2930 2921//2931
f 3266//2929 2921//2931 3265//2932
f 3262//2933 2959//2934 2919//2935
f 3262//2933 2919//2935 3261//2936
f 2816//2937 2809//2938 2885//2939
f 2816//2937 2885//2939 2884//2940
f 2809//2938 2816//2937 2821//2941
f 2809//2938 2821//2941 2810//2942
f 2833//2943 2834//2944 2839//2945
f 2833//2943 2839//2945 2840//2946
f 2834//2944 2835//2947 2838//2948
f 2834//2944 2838//2948 2839//2945
f 2977//2949 2976//2950 2938//2951
f 2977//2949 2938//2951 2939//2952
f 2969//2953 2977//2949 2939//2952
f 2969//2953 2939//2952 2940//2954
f 2972//2955 2971//2956 2942//2957
f 2972//2955 2942//2957 2943//2958
f 2876//2959 2875//2960 2887//2961
f 2876//2959 2887//2961 2886//2962
f 2872//2963 2871//2964 2891//2965
f 2872//2963 2891//2965 3224//2966
f 3222//2967 3217//2968 3218//2969
f 3222//2967 3218//2969 2892//2970
f 3215//2971 3205//2972 3206//2973
f 3215//2971 3206//2973 2894//2974
f 3188//2975 3189//2976 2949//2977
f 3188//2975 2949//2977 2901//2978
f 2898//2979 2946//2980 3267//2981
f 2898//2979 3267//2981 3268//2982
f 2896//2983 2944//2984 3263//2985
f 2896//2983 3263//2985 3264//2986
f 2859//2906 2860//2901 2934//2904
f 2859//2906 2934//2904 2911//2907
f 2876//2959 2886//2962 2910//2987
f 2876//2959 2910//2987 2877//2988
f 2857//2989 2858//2905 2912//2908
f 2857//2989 2912//2908 2913//2990
f 2888//2991 2887//2961 2875//2960
f 2888//2991 2875//2960 2874//2992
f 2856//2993 3209//2994 3210//2995
f 2856//2993 3210//2995 2914//2996
f 2873//2997 2889//2998 3211//2999
f 2873//2997 3211//2999 3212//3000
f 3223//2910 3225//3001 3226//3002
f 3223//2910 3226//3002 2915//2911
f 2872//2963 3224//2966 3227//3003
f 2872//2963 3227//3003 3228//3004
f 2902//3005 2901//2978 2949//2977
f 2902//3005 2949//2977 2935//3006
f 2950//2922 2964//2925 2924//2928
f 2950//2922 2924//2928 2925//2923
f 2900//3007 2899//3008 2947//3009
f 2900//3007 2947//3009 2948//3010
f 2963//3011 2962//3012 2922//3013
f 2963//3011 2922//3013 2923//3014
f 2898//2979 2897//3015 2945//3016
f 2898//2979 2945//3016 2946//2980
f 2961//2930 2960//3017 2920//3018
f 2961//2930 2920//3018 2921//2931
f 2896//2983 3254//3019 3256//3020
f 2896//2983 3256//3020 2944//2984
f 2959//2934 3260//3021 3258//3022
f 2959//2934 3258//3022 2919//2935
f 3215//2971 2851//2918 3208//2917
f 3215//2971 3208//2917 3205//2972
f 3222//2967 2853//2914 3220//2913
f 3222//2967 3220//2913 3217//2968
f 2872//2963 3223//2910 2854//2909
f 2872//2963 2854//2909 2871//2964
f 3228//3004 3225//3001 3223//2910
f 3228//3004 3223//2910 2872//2963
f 3212//3000 3209//2994 2856//2993
f 3212//3000 2856//2993 2873//2997
f 2875//2960 2858//2905 2857//2989
f 2875//2960 2857//2989 2874//2992
f 2876//2959 2859//2906 2858//2905
f 2876//2959 2858//2905 2875//2960
f 2877//2988 2860//2901 2859//2906
f 2877//2988 2859//2906 2876//2959
f 2879//3023 2862//3024 2861//2902
f 2879//3023 2861//2902 2878//3025
f 2880//3026 2863//3027 2862//3024
f 2880//3026 2862//3024 2879//3023
f 2885//2939 2868//3028 2867//3029
f 2885//2939 2867//3029 2884//2940
f 2887//2961 2912//2908 2911//2907
f 2887//2961 2911//2907 2886//2962
f 2888//2991 2913//2990 2912//2908
f 2888//2991 2912//2908 2887//2961
f 2889//2998 2914//2996 3210//2995
f 2889//2998 3210//2995 3211//2999
f 3224//2966 2915//2911 3226//3002
f 3224//2966 3226//3002 3227//3003
f 2891//2965 2916//2912 2915//2911
f 2891//2965 2915//2911 3224//2966
f 3218//2969 3219//2916 3221//2915
f 3218//2969 3221//2915 2892//2970
f 3206//2973 3207//2920 3216//2919
f 3206//2973 3216//2919 2894//2974
f 2896//2983 2919//2935 3258//3022
f 2896//2983 3258//3022 3254//3019
f 3264//2986 3261//2936 2919//2935
f 3264//2986 2919//2935 2896//2983
f 2898//2979 2921//2931 2920//3018
f 2898//2979 2920//3018 2897//3015
f 3268//2982 3265//2932 2921//2931
f 3268//2982 2921//2931 2898//2979
f 2900//3007 2923//3014 2922//3013
f 2900//3007 2922//3013 2899//3008
f 2901//2978 2924//2928 3191//2927
f 2901//2978 3191//2927 3188//2975
f 2902//3005 2925//2923 2924//2928
f 2902//3005 2924//2928 2901//2978
f 2903//3030 2926//2924 2925//2923
f 2903//3030 2925//2923 2902//3005
f 2910//2987 2934//2904 2933//2903
f 2910//2987 2933//2903 2909//3031
f 2886//2962 2911//2907 2934//2904
f 2886//2962 2934//2904 2910//2987
f 2936//3032 2951//2921 2952//3033
f 2936//3032 2952//3033 2937//3034
f 2937//3034 2952//3033 2953//3035
f 2937//3034 2953//3035 2938//2951
f 2938//2951 2953//3035 2954//3036
f 2938//2951 2954//3036 2939//2952
f 2939//2952 2954//3036 2955//3037
f 2939//2952 2955//3037 2940//2954
f 2942//2957 2957//3038 2958//3039
f 2942//2957 2958//3039 2943//2958
f 3256//3020 3260//3021 2959//2934
f 3256//3020 2959//2934 2944//2984
f 2944//2984 2959//2934 3262//2933
f 2944//2984 3262//2933 3263//2985
f 2945//3016 2960//3017 2961//2930
f 2945//3016 2961//2930 2946//2980
f 2946//2980 2961//2930 3266//2929
f 2946//2980 3266//2929 3267//2981
f 2947//3009 2962//3012 2963//3011
f 2947//3009 2963//3011 2948//3010
f 3189//2976 3190//2926 2964//2925
f 3189//2976 2964//2925 2949//2977
f 2949//2977 2964//2925 2950//2922
f 2949//2977 2950//2922 2935//3006
f 2813//3040 2842//3041 2971//2956
f 2813//3040 2971//2956 2972//2955
f 2839//2945 2838//2948 2976//2950
f 2839//2945 2976//2950 2977//2949
f 2840//2946 2839//2945 2977//2949
f 2840//2946 2977//2949 2969//2953
f 3028//3042 3027//3043 3103//3044
f 3028//3042 3103//3044 3102//3045
f 3026//3046 3025//3047 3080//3048
f 3026//3046 3080//3048 3079//3049
f 3023//3050 3237//3051 3238//3052
f 3023//3050 3238//3052 3082//3053
f 3021//3054 3233//3055 3234//3056
f 3021//3054 3234//3056 3084//3057
f 3019//3058 3018//3059 3087//3060
f 3019//3058 3087//3060 3086//3061
f 3204//3062 2850//3063 2918//3064
f 3204//3062 2918//3064 3203//3065
f 3095//3066 3094//3067 3118//3068
f 3095//3066 3118//3068 3119//3069
f 3093//3070 3092//3071 3130//3072
f 3093//3070 3130//3072 3131//3073
f 3244//3074 3090//3075 3128//3076
f 3244//3074 3128//3076 3243//3077
f 3248//3078 3245//3079 3089//3080
f 3248//3078 3089//3080 3127//3081
f 2980//3082 2981//3083 3050//3084
f 2980//3082 3050//3084 3051//3085
f 2981//3083 2982//3086 3049//3087
f 2981//3083 3049//3087 3050//3084
f 2981//3083 2986//3088 2987//3089
f 2981//3083 2987//3089 2982//3086
f 2986//3088 2991//3090 2992//3091
f 2986//3088 2992//3091 2987//3089
f 2812//3092 2813//3040 3005//3093
f 2812//3092 3005//3093 2994//3094
f 3139//3095 3140//3096 3108//3097
f 3139//3095 3108//3097 3107//3098
f 3140//3096 3133//3099 3109//3100
f 3140//3096 3109//3100 3108//3097
f 3135//3101 2972//2955 2943//2958
f 3135//3101 2943//2958 3112//3102
f 3044//3103 3045//3104 3054//3105
f 3044//3103 3054//3105 3055//3106
f 3240//3107 3042//3108 3057//3109
f 3240//3107 3057//3109 3239//3110
f 3236//3111 3040//3112 3059//3113
f 3236//3111 3059//3113 3235//3114
f 3037//3115 3038//3116 3061//3117
f 3037//3115 3061//3117 3062//3118
f 2895//3119 2869//3120 3201//3121
f 2895//3119 3201//3121 3202//3122
f 3068//3123 3117//3124 3116//3125
f 3068//3123 3116//3125 3067//3126
f 3241//3127 3242//3128 3114//3129
f 3241//3127 3114//3129 3065//3130
f 3250//3131 3251//3132 3113//3133
f 3250//3131 3113//3133 3064//3134
f 2991//3090 3194//3135 3195//3136
f 2991//3090 3195//3136 2992//3091
f 3027//3043 3026//3046 3079//3049
f 3027//3043 3079//3049 3103//3044
f 3046//3137 3078//3138 3054//3105
f 3046//3137 3054//3105 3045//3104
f 3025//3047 3024//3139 3081//3140
f 3025//3047 3081//3140 3080//3048
f 3044//3103 3055//3106 3056//3141
f 3044//3103 3056//3141 3043//3142
f 3024//3139 3023//3050 3082//3053
f 3024//3139 3082//3053 3081//3140
f 3043//3142 3056//3141 3057//3109
f 3043//3142 3057//3109 3042//3108
f 3022//3143 3021//3054 3084//3057
f 3022//3143 3084//3057 3083//3144
f 3041//3145 3058//3146 3059//3113
f 3041//3145 3059//3113 3040//3112
f 3020//3147 3229//3148 3230//3149
f 3020//3147 3230//3149 3085//3150
f 3039//3151 3060//3152 3231//3153
f 3039//3151 3231//3153 3232//3154
f 3018//3059 3017//3155 3088//3156
f 3018//3059 3088//3156 3087//3060
f 3037//3115 3062//3118 3063//3157
f 3037//3115 3063//3157 3036//3158
f 3068//3123 3069//3159 3104//3160
f 3068//3123 3104//3160 3117//3124
f 3118//3068 3094//3067 3093//3070
f 3118//3068 3093//3070 3131//3073
f 3066//3161 3067//3126 3116//3125
f 3066//3161 3116//3125 3115//3162
f 3130//3072 3092//3071 3091//3163
f 3130//3072 3091//3163 3129//3164
f 3252//3165 3249//3166 3065//3130
f 3252//3165 3065//3130 3114//3129
f 3128//3076 3090//3075 3246//3167
f 3128//3076 3246//3167 3247//3168
f 3255//3169 3253//3170 3064//3134
f 3255//3169 3064//3134 3113//3133
f 3127//3081 3089//3080 3257//3171
f 3127//3081 3257//3171 3259//3172
f 3204//3062 3201//3121 2869//3120
f 3204//3062 2869//3120 2850//3063
f 3037//3115 3036//3158 3017//3155
f 3037//3115 3017//3155 3018//3059
f 3038//3116 3037//3115 3018//3059
f 3038//3116 3018//3059 3019//3058
f 3039//3151 3232//3154 3229//3148
f 3039//3151 3229//3148 3020//3147
f 3040//3112 3236//3111 3233//3055
f 3040//3112 3233//3055 3021//3054
f 3041//3145 3040//3112 3021//3054
f 3041//3145 3021//3054 3022//3143
f 3042//3108 3240//3107 3237//3051
f 3042//3108 3237//3051 3023//3050
f 3043//3142 3042//3108 3023//3050
f 3043//3142 3023//3050 3024//3139
f 3044//3103 3043//3142 3024//3139
f 3044//3103 3024//3139 3025//3047
f 3045//3104 3044//3103 3025//3047
f 3045//3104 3025//3047 3026//3046
f 3046//3137 3045//3104 3026//3046
f 3046//3137 3026//3046 3027//3043
f 3049//3087 3048//3173 3029//3174
f 3049//3087 3029//3174 3030//3175
f 3050//3084 3049//3087 3030//3175
f 3050//3084 3030//3175 3031//3176
f 3051//3085 3050//3084 3031//3176
f 3051//3085 3031//3176 3032//3177
f 3055//3106 3054//3105 3079//3049
f 3055//3106 3079//3049 3080//3048
f 3056//3141 3055//3106 3080//3048
f 3056//3141 3080//3048 3081//3140
f 3057//3109 3056//3141 3081//3140
f 3057//3109 3081//3140 3082//3053
f 3239//3110 3057//3109 3082//3053
f 3239//3110 3082//3053 3238//3052
f 3059//3113 3058//3146 3083//3144
f 3059//3113 3083//3144 3084//3057
f 3235//3114 3059//3113 3084//3057
f 3235//3114 3084//3057 3234//3056
f 3231//3153 3060//3152 3085//3150
f 3231//3153 3085//3150 3230//3149
f 3062//3118 3061//3117 3086//3061
f 3062//3118 3086//3061 3087//3060
f 3063//3157 3062//3118 3087//3060
f 3063//3157 3087//3060 3088//3156
f 2895//3119 3202//3122 3203//3065
f 2895//3119 3203//3065 2918//3064
f 3064//3134 3253//3170 3257//3171
f 3064//3134 3257//3171 3089//3080
f 3245//3079 3250//3131 3064//3134
f 3245//3079 3064//3134 3089//3080
f 3065//3130 3249//3166 3246//3167
f 3065//3130 3246//3167 3090//3075
f 3244//3074 3241//3127 3065//3130
f 3244//3074 3065//3130 3090//3075
f 3067//3126 3066//3161 3091//3163
f 3067//3126 3091//3163 3092//3071
f 3068//3123 3067//3126 3092//3071
f 3068//3123 3092//3071 3093//3070
f 3069//3159 3068//3123 3093//3070
f 3069//3159 3093//3070 3094//3067
f 3070//3178 3069//3159 3094//3067
f 3070//3178 3094//3067 3095//3066
f 3078//3138 3077//3179 3102//3045
f 3078//3138 3102//3045 3103//3044
f 3054//3105 3078//3138 3103//3044
f 3054//3105 3103//3044 3079//3049
f 3106//3180 3107//3098 3121//3181
f 3106//3180 3121//3181 3120//3182
f 3107//3098 3108//3097 3122//3183
f 3107//3098 3122//3183 3121//3181
f 3108//3097 3109//3100 3123//3184
f 3108//3097 3123//3184 3122//3183
f 3109//3100 3110//3185 3124//3186
f 3109//3100 3124//3186 3123//3184
f 3110//3185 3111//3187 3125//3188
f 3110//3185 3125//3188 3124//3186
f 3111//3187 3112//3102 3126//3189
f 3111//3187 3126//3189 3125//3188
f 3112//3102 2943//2958 2958//3039
f 3112//3102 2958//3039 3126//3189
f 3259//3172 3255//3169 3113//3133
f 3259//3172 3113//3133 3127//3081
f 3113//3133 3251//3132 3248//3078
f 3113//3133 3248//3078 3127//3081
f 3247//3168 3252//3165 3114//3129
f 3247//3168 3114//3129 3128//3076
f 3114//3129 3242//3128 3243//3077
f 3114//3129 3243//3077 3128//3076
f 3115//3162 3116//3125 3130//3072
f 3115//3162 3130//3072 3129//3164
f 3116//3125 3117//3124 3131//3073
f 3116//3125 3131//3073 3130//3072
f 3117//3124 3104//3160 3118//3068
f 3117//3124 3118//3068 3131//3073
f 2813//3040 2972//2955 3135//3101
f 2813//3040 3135//3101 3005//3093
f 3105//3190 3106//3180 3120//3182
f 3105//3190 3120//3182 3119//3069
f 3119//3069 3118//3068 3104//3160
f 3119//3069 3104//3160 3105//3190
f 2844//3191 2834//2944 2833//2943
f 2844//3191 2833//2943 2845//3192
f 2843//3193 2835//2947 2834//2944
f 2843//3193 2834//2944 2844//3191
f 2877//2988 2910//2987 2909//3031
f 2877//2988 2909//3031 2878//3025
f 2861//2902 2860//2901 2877//2988
f 2861//2902 2877//2988 2878//3025
f 2908//3194 2909//3031 2933//2903
f 2908//3194 2933//2903 2932//3195
f 3145//3196 2820//3197 2879//3023
f 3145//3196 2879//3023 2878//3025
f 3145//3196 2878//3025 2909//3031
f 3145//3196 2909//3031 2908//3194
f 2907//3198 2908//3194 2932//3195
f 2907//3198 2932//3195 2931//3199
f 3146//3200 2825//3201 2820//3197
f 3146//3200 2820//3197 3145//3196
f 3146//3200 3145//3196 2908//3194
f 3146//3200 2908//3194 2907//3198
f 2906//3202 2907//3198 2931//3199
f 2906//3202 2931//3199 2930//3203
f 2836//3204 2835//2947 2843//3193
f 2836//3204 2843//3193 2967//3205
f 2905//3206 2966//3207 2965//3208
f 2905//3206 2965//3208 2928//3209
f 3150//3210 2836//3204 2967//3205
f 3150//3210 2967//3205 3149//3211
f 3150//3210 3149//3211 2966//3207
f 3150//3210 2966//3207 2905//3206
f 2838//2948 2835//2947 2836//3204
f 2838//2948 2836//3204 2837//3212
f 2904//3213 2905//3206 2928//3209
f 2904//3213 2928//3209 2927//3214
f 3151//3215 2837//3212 2836//3204
f 3151//3215 2836//3204 3150//3210
f 3151//3215 3150//3210 2905//3206
f 3151//3215 2905//3206 2904//3213
f 2904//3213 2927//3214 2973//3216
f 2904//3213 2973//3216 2974//3217
f 2975//3218 2937//3034 2938//2951
f 2975//3218 2938//2951 2976//2950
f 2975//3218 2976//2950 2838//2948
f 2975//3218 2838//2948 2837//3212
f 2973//3216 2926//2924 2903//3030
f 2973//3216 2903//3030 2974//3217
f 3152//3219 2975//3218 2837//3212
f 3152//3219 2837//3212 3151//3215
f 3152//3219 2974//3217 2903//3030
f 3152//3219 2903//3030 2936//3032
f 2936//3032 2903//3030 2902//3005
f 2936//3032 2902//3005 2935//3006
f 2936//3032 2937//3034 2975//3218
f 2936//3032 2975//3218 3152//3219
f 2936//3032 2935//3006 2950//2922
f 2936//3032 2950//2922 2951//2921
f 3152//3219 3151//3215 2904//3213
f 3152//3219 2904//3213 2974//3217
f 2822//3220 2821//2941 2816//2937
f 2822//3220 2816//2937 2817//3221
f 2817//3221 2816//2937 2884//2940
f 2817//3221 2884//2940 2883//3222
f 2883//3222 2884//2940 2867//3029
f 2883//3222 2867//3029 2866//3223
f 2883//3222 2866//3223 2865//3224
f 2883//3222 2865//3224 2882//3225
f 2818//3226 2817//3221 2883//3222
f 2818//3226 2883//3222 2882//3225
f 2863//3027 2880//3026 2881//3227
f 2863//3027 2881//3227 2864//3228
f 2819//3229 2880//3026 2879//3023
f 2819//3229 2879//3023 2820//3197
f 2823//3230 2822//3220 2817//3221
f 2823//3230 2817//3221 2818//3226
f 2819//3229 2818//3226 2881//3227
f 2823//3230 2818//3226 2819//3229
f 2881//3227 2880//3026 2819//3229
f 2819//3229 2820//3197 2825//3201
f 2819//3229 2825//3201 2824//3231
f 2819//3229 2824//3231 2823//3230
f 2818//3226 2882//3225 2881//3227
f 2864//3228 2881//3227 2882//3225
f 2864//3228 2882//3225 2865//3224
f 2841//3232 2832//3233 2833//2943
f 2841//3232 2833//2943 2840//2946
f 2841//3232 2840//2946 2969//2953
f 2841//3232 2969//2953 2970//3234
f 2942//2957 2971//2956 2970//3234
f 2942//2957 2970//3234 2941//3235
f 2970//3234 2971//2956 2842//3041
f 2970//3234 2842//3041 2841//3232
f 2970//3234 2969//2953 2940//2954
f 2970//3234 2940//2954 2941//3235
f 2941//3235 2940//2954 2955//3037
f 2941//3235 2955//3037 2956//3236
f 2956//3236 2957//3038 2942//2957
f 2956//3236 2942//2957 2941//3235
f 2811//3237 2826//3238 3153//3239
f 2811//3237 3153//3239 3269//3240
f 3153//3239 2826//3238 3154//3241
f 2848//3242 2847//3243 3153//3239
f 2848//3242 3153//3239 3154//3241
f 2827//3244 2826//3238 2821//2941
f 2827//3244 2821//2941 2822//3220
f 2848//3242 3154//3241 3155//3245
f 3155//3245 3154//3241 2826//3238
f 3155//3245 2826//3238 2827//3244
f 2849//3246 2848//3242 3155//3245
f 2828//3247 2823//3230 2824//3231
f 2844//3191 2845//3192 2849//3246
f 2844//3191 2849//3246 3141//3248
f 2843//3193 2844//3191 3141//3248
f 2843//3193 3141//3248 3142//3249
f 2829//3250 2824//3231 2825//3201
f 2829//3250 2825//3201 2830//3251
f 2967//3205 2843//3193 3142//3249
f 2967//3205 3142//3249 3143//3252
f 3157//3253 2829//3250 2830//3251
f 3157//3253 2830//3251 3158//3254
f 3143//3252 3142//3249 3157//3253
f 3143//3252 3157//3253 3158//3254
f 3147//3255 2830//3251 2825//3201
f 3147//3255 2825//3201 3146//3200
f 3149//3211 2967//3205 3143//3252
f 3149//3211 3143//3252 3148//3256
f 3158//3254 2830//3251 3147//3255
f 3158//3254 3147//3255 3159//3257
f 3148//3256 3143//3252 3158//3254
f 3148//3256 3158//3254 3159//3257
f 3147//3255 3146//3200 2907//3198
f 3147//3255 2907//3198 2906//3202
f 3144//3258 2966//3207 3149//3211
f 3144//3258 3149//3211 3148//3256
f 3159//3257 3147//3255 2906//3202
f 3159//3257 2906//3202 3160//3259
f 3144//3258 3148//3256 3159//3257
f 3144//3258 3159//3257 3160//3259
f 2929//3260 2966//3207 3144//3258
f 2965//3208 2966//3207 2929//3260
f 2929//3260 3144//3258 3160//3259
f 2929//3260 3160//3259 3161//3261
f 3160//3259 2906//3202 2930//3203
f 3160//3259 2930//3203 3161//3261
f 2828//3247 2827//3244 2822//3220
f 2828//3247 2822//3220 2823//3230
f 2824//3231 2829//3250 2828//3247
f 3157//3253 3142//3249 3141//3248
f 3157//3253 3141//3248 3156//3262
f 3155//3245 2827//3244 2828//3247
f 3155//3245 2828//3247 3156//3262
f 3156//3262 2828//3247 2829//3250
f 3156//3262 2829//3250 3157//3253
f 2849//3246 3155//3245 3156//3262
f 3141//3248 2849//3246 3156//3262
f 2831//3263 2832//3233 2841//3232
f 2831//3263 2841//3232 2842//3041
f 2846//3264 2832//3233 2831//3263
f 2831//3263 2842//3041 2813//3040
f 2831//3263 2813//3040 2812//3092
f 2831//3263 2968//3265 2846//3264
f 2848//3242 2849//3246 2845//3192
f 2848//3242 2845//3192 2846//3264
f 2846//3264 2845//3192 2833//2943
f 2846//3264 2833//2943 2832//3233
f 2846//3264 2968//3265 2847//3243
f 2847//3243 2848//3242 2846//3264
f 2814//3266 2815//3267 2847//3243
f 2814//3266 2847//3243 2968//3265
f 2814//3266 2968//3265 2831//3263
f 2814//3266 2831//3263 2812//3092
f 2814//3266 2812//3092 2994//3094
f 2814//3266 2994//3094 3132//3268
f 3052//3269 2979//3270 2980//3082
f 3052//3269 2980//3082 3051//3085
f 3052//3269 3033//3271 3034//3272
f 3052//3269 3034//3272 3162//3273
f 3052//3269 3051//3085 3032//3177
f 3052//3269 3032//3177 3033//3271
f 3035//3274 2868//3028 2885//2939
f 3035//3274 2885//2939 3053//3275
f 3162//3273 3034//3272 3035//3274
f 3162//3273 3035//3274 3053//3275
f 2980//3082 2979//3270 2985//3276
f 2986//3088 2981//3083 2980//3082
f 2986//3088 2980//3082 2985//3276
f 3192//3277 3194//3135 2991//3090
f 3192//3277 2991//3090 2990//3278
f 2978//3279 3053//3275 2885//2939
f 2978//3279 2885//2939 2809//2938
f 3162//3273 3053//3275 2978//3279
f 3162//3273 2978//3279 2979//3270
f 2984//3280 2985//3276 2979//3270
f 2984//3280 2979//3270 2978//3279
f 2809//2938 2810//2942 2984//3280
f 2809//2938 2984//3280 2978//3279
f 2979//3270 3052//3269 3162//3273
f 2810//2942 2821//2941 2826//3238
f 2810//2942 2826//3238 2811//3237
f 2989//3281 2984//3280 2810//2942
f 2989//3281 2810//2942 2811//3237
f 3163//3282 2989//3281 2811//3237
f 3163//3282 2811//3237 3269//3240
f 2985//3276 2984//3280 2989//3281
f 2985//3276 2989//3281 2990//3278
f 2991//3090 2986//3088 2985//3276
f 2991//3090 2985//3276 2990//3278
f 3047//3283 3077//3179 3078//3138
f 3047//3283 3078//3138 3046//3137
f 3028//3042 3029//3174 3048//3173
f 3028//3042 3048//3173 3047//3283
f 3047//3283 3046//3137 3027//3043
f 3047//3283 3027//3043 3028//3042
f 3047//3283 3048//3173 2983//3284
f 3047//3283 2983//3284 3164//3285
f 2983//3284 3048//3173 3049//3087
f 2983//3284 3049//3087 2982//3086
f 3101//3286 3102//3045 3077//3179
f 3101//3286 3077//3179 3076//3287
f 3076//3287 3077//3179 3047//3283
f 3076//3287 3047//3283 3164//3285
f 2983//3284 2982//3086 2987//3089
f 2983//3284 2987//3089 2988//3288
f 3100//3289 3101//3286 3076//3287
f 3100//3289 3076//3287 3075//3290
f 3164//3285 2983//3284 2988//3288
f 3164//3285 2988//3288 3165//3291
f 3075//3290 3076//3287 3164//3285
f 3075//3290 3164//3285 3165//3291
f 2988//3288 2987//3089 2992//3091
f 2988//3288 2992//3091 2993//3292
f 3100//3289 3075//3290 3074//3293
f 3100//3289 3074//3293 3099//3294
f 3165//3291 2988//3288 2993//3292
f 3165//3291 2993//3292 3198//3295
f 3075//3290 3165//3291 3198//3295
f 3075//3290 3198//3295 3074//3293
f 2993//3292 2992//3091 3195//3136
f 2993//3292 3195//3136 3196//3296
f 3137//3297 3070//3178 3095//3066
f 3137//3297 3095//3066 3136//3298
f 3139//3095 3107//3098 3106//3180
f 3139//3095 3106//3180 3138//3299
f 3169//3300 3138//3299 3106//3180
f 3169//3300 3106//3180 3105//3190
f 3105//3190 3070//3178 3137//3297
f 3105//3190 3137//3297 3169//3300
f 3104//3160 3069//3159 3070//3178
f 3104//3160 3070//3178 3105//3190
f 3010//3301 2994//3094 2995//3302
f 3072//3303 3097//3304 3098//3305
f 3072//3303 3098//3305 3073//3306
f 3110//3185 3109//3100 3133//3099
f 3110//3185 3133//3099 3134//3307
f 2995//3302 2994//3094 3005//3093
f 2995//3302 3005//3093 3004//3308
f 3004//3308 3005//3093 3135//3101
f 3004//3308 3135//3101 3134//3307
f 3111//3187 3110//3185 3134//3307
f 3135//3101 3112//3102 3111//3187
f 3135//3101 3111//3187 3134//3307
f 3193//3309 2989//3281 3163//3282
f 2815//3267 2814//3266 3132//3268
f 2815//3267 3132//3268 3011//3310
f 3171//3311 3170//3312 3012//3313
f 3009//3314 3013//3315 3012//3313
f 3009//3314 3012//3313 3170//3312
f 3009//3314 3170//3312 3172//3316
f 3009//3314 3172//3316 3173//3317
f 3014//3318 3013//3315 3009//3314
f 3014//3318 3009//3314 3008//3319
f 3174//3320 3008//3319 3009//3314
f 3174//3320 3009//3314 3173//3317
f 3015//3321 3014//3318 3008//3319
f 3015//3321 3008//3319 3007//3322
f 3175//3323 3007//3322 3008//3319
f 3175//3323 3008//3319 3174//3320
f 3016//3324 3015//3321 3007//3322
f 3016//3324 3007//3322 3006//3325
f 3006//3325 3007//3322 3175//3323
f 3006//3325 3175//3323 3176//3326
f 3166//3327 3016//3324 3006//3325
f 3166//3327 3006//3325 3167//3328
f 3200//3329 3099//3294 3074//3293
f 3200//3329 3074//3293 3199//3330
f 3073//3306 3167//3328 3177//3331
f 3177//3331 3167//3328 3006//3325
f 3177//3331 3006//3325 3176//3326
f 3010//3301 2995//3302 2996//3332
f 2996//3332 3173//3317 3172//3316
f 2996//3332 3172//3316 3010//3301
f 3171//3311 3011//3310 3132//3268
f 3171//3311 3132//3268 3010//3301
f 3172//3316 3171//3311 3010//3301
f 2996//3332 2995//3302 3004//3308
f 2996//3332 3004//3308 3003//3333
f 3003//3333 3004//3308 3134//3307
f 3003//3333 3134//3307 3133//3099
f 3002//3334 3003//3333 3133//3099
f 3002//3334 3133//3099 3140//3096
f 3174//3320 3173//3317 2996//3332
f 3174//3320 2996//3332 2997//3335
f 3003//3333 3002//3334 3178//3336
f 2997//3335 2996//3332 3003//3333
f 2997//3335 3003//3333 3178//3336
f 3175//3323 3174//3320 2997//3335
f 3175//3323 2997//3335 2998//3337
f 3001//3338 3002//3334 3140//3096
f 3001//3338 3140//3096 3139//3095
f 3178//3336 3002//3334 3001//3338
f 3178//3336 3001//3338 3179//3339
f 2998//3337 2997//3335 3178//3336
f 2998//3337 3178//3336 3179//3339
f 3176//3326 3175//3323 2998//3337
f 3176//3326 2998//3337 2999//3340
f 2999//3340 2998//3337 3179//3339
f 2999//3340 3179//3339 3180//3341
f 3177//3331 3176//3326 2999//3340
f 3177//3331 2999//3340 3168//3342
f 3072//3303 3073//3306 3177//3331
f 3072//3303 3177//3331 3168//3342
f 3180//3341 3179//3339 3001//3338
f 3180//3341 3001//3338 3000//3343
f 3000//3343 3001//3338 3139//3095
f 3000//3343 3139//3095 3138//3299
f 3096//3344 3097//3304 3072//3303
f 3096//3344 3072//3303 3071//3345
f 3137//3297 3136//3298 3096//3344
f 3137//3297 3096//3344 3071//3345
f 3181//3346 3180//3341 3000//3343
f 3181//3346 3168//3342 2999//3340
f 3181//3346 2999//3340 3180//3341
f 3072//3303 3168//3342 3181//3346
f 3000//3343 3138//3299 3169//3300
f 3000//3343 3169//3300 3181//3346
f 3181//3346 3169//3300 3137//3297
f 3181//3346 3137//3297 3071//3345
f 3071//3345 3072//3303 3181//3346
f 3132//3268 2994//3094 3010//3301
f 2931//3199 3186//3347 2930//3203
f 2953//3035 3187//3348 2954//3036
f 3184//3349 3031//3176 3030//3175
f 3123//3184 3185//3350 3122//3183
f 2928//3209 3187//3348 2927//3214
f 3185//3350 3183//3351 3182//3352
f 3185//3350 3182//3352 3184//3349
f 3200//3329 3184//3349 3099//3294
f 3136//3298 3185//3350 3096//3344
f 3182//3352 3033//3271 3032//3177
f 3182//3352 2866//3223 2867//3029
f 3187//3348 3186//3347 3182//3352
f 3187//3348 3182//3352 3183//3351
f 2957//3038 3183//3351 2958//3039
f 3182//3352 3032//3177 3031//3176
f 3182//3352 3031//3176 3184//3349
f 3182//3352 3035//3274 3034//3272
f 3182//3352 3034//3272 3033//3271
f 3182//3352 2868//3028 3035//3274
f 3182//3352 2867//3029 2868//3028
f 3182//3352 2864//3228 2865//3224
f 3182//3352 2865//3224 2866//3223
f 3186//3347 2864//3228 3182//3352
f 3184//3349 3029//3174 3028//3042
f 3184//3349 3030//3175 3029//3174
f 3184//3349 3102//3045 3101//3286
f 3184//3349 3028//3042 3102//3045
f 3184//3349 3100//3289 3099//3294
f 3184//3349 3101//3286 3100//3289
f 3097//3304 3185//3350 3098//3305
f 3096//3344 3185//3350 3097//3304
f 3119//3069 3185//3350 3095//3066
f 3095//3066 3185//3350 3136//3298
f 3121//3181 3185//3350 3120//3182
f 3120//3182 3185//3350 3119//3069
f 3122//3183 3185//3350 3121//3181
f 3125//3188 3183//3351 3124//3186
f 2958//3039 3183//3351 3126//3189
f 3126//3189 3183//3351 3125//3188
f 3124//3186 3183//3351 3185//3350
f 3124//3186 3185//3350 3123//3184
f 2956//3236 3183//3351 2957//3038
f 2955//3037 3187//3348 3183//3351
f 2955//3037 3183//3351 2956//3236
f 2954//3036 3187//3348 2955//3037
f 2951//2921 3187//3348 2952//3033
f 2952//3033 3187//3348 2953//3035
f 2973//3216 3187//3348 2926//2924
f 2927//3214 3187//3348 2973//3216
f 2926//2924 3187//3348 2951//2921
f 2930//3203 3186//3347 3161//3261
f 3161//3261 3186//3347 2929//3260
f 2929//3260 3186//3347 2965//3208
f 2965//3208 3186//3347 3187//3348
f 2965//3208 3187//3348 2928//3209
f 2932//3195 3186//3347 2931//3199
f 2933//2903 3186//3347 2932//3195
f 2933//2903 2861//2902 3186//3347
f 3186//3347 2861//2902 2862//3024
f 3186//3347 2862//3024 2863//3027
f 3186//3347 2863//3027 2864//3228
f 2900//3007 2948//3010 3189//2976
f 2900//3007 3189//2976 3188//2975
f 2948//3010 2963//3011 3190//2926
f 2948//3010 3190//2926 3189//2976
f 3191//2927 3190//2926 2963//3011
f 3191//2927 2963//3011 2923//3014
f 3188//2975 3191//2927 2923//3014
f 3188//2975 2923//3014 2900//3007
f 3172//3316 3170//3312 3171//3311
f 3012//3313 3013//3315 3193//3309
f 3012//3313 3193//3309 3163//3282
f 3192//3277 2990//3278 2989//3281
f 3192//3277 2989//3281 3193//3309
f 3011//3310 3012//3313 3163//3282
f 3171//3311 3012//3313 3011//3310
f 3013//3315 3014//3318 3194//3135
f 3013//3315 3194//3135 3192//3277
f 3195//3136 3194//3135 3014//3318
f 3195//3136 3014//3318 3015//3321
f 3196//3296 3195//3136 3015//3321
f 3196//3296 3015//3321 3016//3324
f 3197//3353 3196//3296 3016//3324
f 3197//3353 3016//3324 3166//3327
f 3198//3295 2993//3292 3196//3296
f 3198//3295 3196//3296 3197//3353
f 3197//3353 3199//3330 3074//3293
f 3197//3353 3074//3293 3198//3295
f 3073//3306 3199//3330 3166//3327
f 3073//3306 3166//3327 3167//3328
f 3098//3305 3200//3329 3199//3330
f 3098//3305 3199//3330 3073//3306
f 3098//3305 3185//3350 3184//3349
f 3098//3305 3184//3349 3200//3329
f 3199//3330 3197//3353 3166//3327
f 3193//3309 3013//3315 3192//3277
f 3202//3122 3201//3121 3036//3158
f 3202//3122 3036//3158 3063//3157
f 3203//3065 3202//3122 3063//3157
f 3203//3065 3063//3157 3088//3156
f 3017//3155 3204//3062 3203//3065
f 3017//3155 3203//3065 3088//3156
f 3036//3158 3201//3121 3204//3062
f 3036//3158 3204//3062 3017//3155
f 3205//2972 2869//3120 2895//3119
f 3205//2972 2895//3119 3206//2973
f 2895//3119 2918//3064 3207//2920
f 2895//3119 3207//2920 3206//2973
f 2850//3063 3208//2917 3207//2920
f 2850//3063 3207//2920 2918//3064
f 3205//2972 3208//2917 2850//3063
f 3205//2972 2850//3063 2869//3120
f 3209//2994 2857//2989 2913//2990
f 3209//2994 2913//2990 3210//2995
f 3211//2999 3210//2995 2913//2990
f 3211//2999 2913//2990 2888//2991
f 3212//3000 3211//2999 2888//2991
f 3212//3000 2888//2991 2874//2992
f 2874//2992 2857//2989 3209//2994
f 2874//2992 3209//2994 3212//3000
f 2855//3354 2856//2993 2914//2996
f 2855//3354 2914//2996 3213//3355
f 2890//3356 3213//3355 2914//2996
f 2890//3356 2914//2996 2889//2998
f 2873//2997 3214//3357 2890//3356
f 2873//2997 2890//3356 2889//2998
f 2873//2997 2856//2993 2855//3354
f 2873//2997 2855//3354 3214//3357
f 3215//2971 2894//2974 2893//3358
f 3215//2971 2893//3358 2870//3359
f 2870//3359 2852//3360 2851//2918
f 2870//3359 2851//2918 3215//2971
f 3216//2919 2851//2918 2852//3360
f 3216//2919 2852//3360 2917//3361
f 2894//2974 3216//2919 2917//3361
f 2894//2974 2917//3361 2893//3358
f 3217//2968 2870//3359 2893//3358
f 3217//2968 2893//3358 3218//2969
f 2893//3358 2917//3361 3219//2916
f 2893//3358 3219//2916 3218//2969
f 2852//3360 3220//2913 3219//2916
f 2852//3360 3219//2916 2917//3361
f 3217//2968 3220//2913 2852//3360
f 3217//2968 2852//3360 2870//3359
f 2853//2914 2854//2909 2916//2912
f 2853//2914 2916//2912 3221//2915
f 2892//2970 3221//2915 2916//2912
f 2892//2970 2916//2912 2891//2965
f 3222//2967 2892//2970 2891//2965
f 3222//2967 2891//2965 2871//2964
f 2871//2964 2854//2909 2853//2914
f 2871//2964 2853//2914 3222//2967
f 3225//3001 2855//3354 3213//3355
f 3225//3001 3213//3355 3226//3002
f 3227//3003 3226//3002 3213//3355
f 3227//3003 3213//3355 2890//3356
f 3228//3004 3227//3003 2890//3356
f 3228//3004 2890//3356 3214//3357
f 3214//3357 2855//3354 3225//3001
f 3214//3357 3225//3001 3228//3004
f 3229//3148 3019//3058 3086//3061
f 3229//3148 3086//3061 3230//3149
f 3061//3117 3231//3153 3230//3149
f 3061//3117 3230//3149 3086//3061
f 3232//3154 3231//3153 3061//3117
f 3232//3154 3061//3117 3038//3116
f 3229//3148 3232//3154 3038//3116
f 3229//3148 3038//3116 3019//3058
f 3233//3055 3020//3147 3085//3150
f 3233//3055 3085//3150 3234//3056
f 3060//3152 3235//3114 3234//3056
f 3060//3152 3234//3056 3085//3150
f 3039//3151 3236//3111 3235//3114
f 3039//3151 3235//3114 3060//3152
f 3233//3055 3236//3111 3039//3151
f 3233//3055 3039//3151 3020//3147
f 3237//3051 3022//3143 3083//3144
f 3237//3051 3083//3144 3238//3052
f 3058//3146 3239//3110 3238//3052
f 3058//3146 3238//3052 3083//3144
f 3041//3145 3240//3107 3239//3110
f 3041//3145 3239//3110 3058//3146
f 3237//3051 3240//3107 3041//3145
f 3237//3051 3041//3145 3022//3143
f 3066//3161 3115//3162 3242//3128
f 3066//3161 3242//3128 3241//3127
f 3243//3077 3242//3128 3115//3162
f 3243//3077 3115//3162 3129//3164
f 3091//3163 3244//3074 3243//3077
f 3091//3163 3243//3077 3129//3164
f 3066//3161 3241//3127 3244//3074
f 3066//3161 3244//3074 3091//3163
f 3245//3079 3246//3167 3249//3166
f 3245//3079 3249//3166 3250//3131
f 3246//3167 3245//3079 3248//3078
f 3246//3167 3248//3078 3247//3168
f 3247//3168 3248//3078 3251//3132
f 3247//3168 3251//3132 3252//3165
f 3250//3131 3249//3166 3252//3165
f 3250//3131 3252//3165 3251//3132
f 3254//3019 3253//3170 3255//3169
f 3254//3019 3255//3169 3256//3020
f 3253//3170 3254//3019 3258//3022
f 3253//3170 3258//3022 3257//3171
f 3256//3020 3255//3169 3259//3172
f 3256//3020 3259//3172 3260//3021
f 3257//3171 3258//3022 3260//3021
f 3257//3171 3260//3021 3259//3172
f 2960//3017 3262//2933 3261//2936
f 2960//3017 3261//2936 2920//3018
f 3263//2985 3262//2933 2960//3017
f 3263//2985 2960//3017 2945//3016
f 3264//2986 3263//2985 2945//3016
f 3264//2986 2945//3016 2897//3015
f 2897//3015 2920//3018 3261//2936
f 2897//3015 3261//2936 3264//2986
f 2962//3012 3266//2929 3265//2932
f 2962//3012 3265//2932 2922//3013
f 3267//2981 3266//2929 2962//3012
f 3267//2981 2962//3012 2947//3009
f 3268//2982 3267//2981 2947//3009
f 3268//2982 2947//3009 2899//3008
f 2899//3008 2922//3013 3265//2932
f 2899//3008 3265//2932 3268//2982
f 3153//3239 2847//3243 2815//3267
f 3153//3239 2815//3267 3269//3240
f 3163//3282 3269//3240 2815//3267
f 3163//3282 2815//3267 3011//3310
f 3270//3362 3271//3363 3291//3364
f 3270//3362 3291//3364 3290//3365
f 3271//3363 3272//3366 3292//3367
f 3271//3363 3292//3367 3291//3364
f 3272//3366 3273//3368 3293//3369
f 3272//3366 3293//3369 3292//3367
f 3273//3368 3274//3370 3294//3371
f 3273//3368 3294//3371 3293//3369
f 3274//3370 3275//3372 3295//3373
f 3274//3370 3295//3373 3294//3371
f 3275//3372 3276//3374 3296//3375
f 3275//3372 3296//3375 3295//3373
f 3276//3374 3277//3376 3297//3377
f 3276//3374 3297//3377 3296//3375
f 3277//3376 3278//3378 3298//3379
f 3277//3376 3298//3379 3297//3377
f 3278//3378 3279//3380 3299//3381
f 3278//3378 3299//3381 3298//3379
f 3279//3380 3280//3382 3300//3383
f 3279//3380 3300//3383 3299//3381
f 3280//3382 3281//3384 3301//3385
f 3280//3382 3301//3385 3300//3383
f 3281//3384 3282//3386 3302//3387
f 3281//3384 3302//3387 3301//3385
f 3282//3386 3283//3388 3303//3389
f 3282//3386 3303//3389 3302//3387
f 3283//3388 3284//3390 3304//3391
f 3283//3388 3304//3391 3303//3389
f 3284//3390 3285//3392 3305//3393
f 3284//3390 3305//3393 3304//3391
f 3285//3392 3286//3394 3306//3395
f 3285//3392 3306//3395 3305//3393
f 3286//3394 3287//3396 3307//3397
f 3286//3394 3307//3397 3306//3395
f 3287//3396 3288//3398 3308//3399
f 3287//3396 3308//3399 3307//3397
f 3288//3398 3289//3400 3309//3401
f 3288//3398 3309//3401 3308//3399
f 3289//3400 3270//3362 3290//3365
f 3289//3400 3290//3365 3309//3401
f 3290//3365 3291//3364 3311//3402
f 3290//3365 3311//3402 3310//3403
f 3291//3364 3292//3367 3312//3404
f 3291//3364 3312//3404 3311//3402
f 3292//3367 3293//3369 3313//3405
f 3292//3367 3313//3405 3312//3404
f 3293//3369 3294//3371 3314//3406
f 3293//3369 3314//3406 3313//3405
f 3294//3371 3295//3373 3315//3407
f 3294//3371 3315//3407 3314//3406
f 3295//3373 3296//3375 3316//3408
f 3295//3373 3316//3408 3315//3407
f 3296//3375 3297//3377 3317//3409
f 3296//3375 3317//3409 3316//3408
f 3297//3377 3298//3379 3318//3410
f 3297//3377 3318//3410 3317//3409
f 3298//3379 3299//3381 3319//3411
f 3298//3379 3319//3411 3318//3410
f 3299//3381 3300//3383 3320//3412
f 3299//3381 3320//3412 3319//3411
f 3300//3383 3301//3385 3321//3413
f 3300//3383 3321//3413 3320//3412
f 3301//3385 3302//3387 3322//3414
f 3301//3385 3322//3414 3321//3413
f 3302//3387 3303//3389 3323//3415
f 3302//3387 3323//3415 3322//3414
f 3303//3389 3304//3391 3324//3416
f 3303//3389 3324//3416 3323//3415
f 3304//3391 3305//3393 3325//3417
f 3304//3391 3325//3417 3324//3416
f 3305//3393 3306//3395 3326//3418
f 3305//3393 3326//3418 3325//3417
f 3306//3395 3307//3397 3327//3419
f 3306//3395 3327//3419 3326//3418
f 3307//3397 3308//3399 3328//3420
f 3307//3397 3328//3420 3327//3419
f 3308//3399 3309//3401 3329//3421
f 3308//3399 3329//3421 3328//3420
f 3309//3401 3290//3365 3310//3403
f 3309//3401 3310//3403 3329//3421
f 3310//3403 3311//3402 3331//3422
f 3310//3403 3331//3422 3330//3423
f 3311//3402 3312//3404 3332//3424
f 3311//3402 3332//3424 3331//3422
f 3312//3404 3313//3405 3333//3425
f 3312//3404 3333//3425 3332//3424
f 3313//3405 3314//3406 3334//3426
f 3313//3405 3334//3426 3333//3425
f 3314//3406 3315//3407 3335//3427
f 3314//3406 3335//3427 3334//3426
f 3315//3407 3316//3408 3336//3428
f 3315//3407 3336//3428 3335//3427
f 3316//3408 3317//3409 3337//3429
f 3316//3408 3337//3429 3336//3428
f 3317//3409 3318//3410 3338//3430
f 3317//3409 3338//3430 3337//3429
f 3318//3410 3319//3411 3339//3431
f 3318//3410 3339//3431 3338//3430
f 3319//3411 3320//3412 3340//3432
f 3319//3411 3340//3432 3339//3431
f 3320//3412 3321//3413 3341//3433
f 3320//3412 3341//3433 3340//3432
f 3321//3413 3322//3414 3342//3434
f 3321//3413 3342//3434 3341//3433
f 3322//3414 3323//3415 3343//3435
f 3322//3414 3343//3435 3342//3434
f 3323//3415 3324//3416 3344//3436
f 3323//3415 3344//3436 3343//3435
f 3324//3416 3325//3417 3345//3437
f 3324//3416 3345//3437 3344//3436
f 3325//3417 3326//3418 3346//3438
f 3325//3417 3346//3438 3345//3437
f 3326//3418 3327//3419 3347//3439
f 3326//3418 3347//3439 3346//3438
f 3327//3419 3328//3420 3348//3440
f 3327//3419 3348//3440 3347//3439
f 3328//3420 3329//3421 3349//3441
f 3328//3420 3349//3441 3348//3440
f 3329//3421 3310//3403 3330//3423
f 3329//3421 3330//3423 3349//3441
f 3330//3423 3331//3422 3351//3442
f 3330//3423 3351//3442 3350//3443
f 3331//3422 3332//3424 3352//3444
f 3331//3422 3352//3444 3351//3442
f 3332//3424 3333//3425 3353//3445
f 3332//3424 3353//3445 3352//3444
f 3333//3425 3334//3426 3354//3446
f 3333//3425 3354//3446 3353//3445
f 3334//3426 3335//3427 3355//3447
f 3334//3426 3355//3447 3354//3446
f 3335//3427 3336//3428 3356//3448
f 3335//3427 3356//3448 3355//3447
f 3336//3428 3337//3429 3357//3449
f 3336//3428 3357//3449 3356//3448
f 3337//3429 3338//3430 3358//3450
f 3337//3429 3358//3450 3357//3449
f 3338//3430 3339//3431 3359//3451
f 3338//3430 3359//3451 3358//3450
f 3339//3431 3340//3432 3360//3452
f 3339//3431 3360//3452 3359//3451
f 3340//3432 3341//3433 3361//3453
f 3340//3432 3361//3453 3360//3452
f 3341//3433 3342//3434 3362//3454
f 3341//3433 3362//3454 3361//3453
f 3342//3434 3343//3435 3363//3455
f 3342//3434 3363//3455 3362//3454
f 3343//3435 3344//3436 3364//3456
f 3343//3435 3364//3456 3363//3455
f 3344//3436 3345//3437 3365//3457
f 3344//3436 3365//3457 3364//3456
f 3345//3437 3346//3438 3366//3458
f 3345//3437 3366//3458 3365//3457
f 3346//3438 3347//3439 3367//3459
f 3346//3438 3367//3459 3366//3458
f 3347//3439 3348//3440 3368//3460
f 3347//3439 3368//3460 3367//3459
f 3348//3440 3349//3441 3369//3461
f 3348//3440 3369//3461 3368//3460
f 3349//3441 3330//3423 3350//3443
f 3349//3441 3350//3443 3369//3461
f 3350//3443 3351//3442 3371//3462
f 3350//3443 3371//3462 3370//3463
f 3351//3442 3352//3444 3372//3464
f 3351//3442 3372//3464 3371//3462
f 3352//3444 3353//3445 3373//3465
f 3352//3444 3373//3465 3372//3464
f 3353//3445 3354//3446 3374//3466
f 3353//3445 3374//3466 3373//3465
f 3354//3446 3355//3447 3375//3467
f 3354//3446 3375//3467 3374//3466
f 3355//3447 3356//3448 3376//3468
f 3355//3447 3376//3468 3375//3467
f 3356//3448 3357//3449 3377//3469
f 3356//3448 3377//3469 3376//3468
f 3357//3449 3358//3450 3378//3470
f 3357//3449 3378//3470 3377//3469
f 3358//3450 3359//3451 3379//3471
f 3358//3450 3379//3471 3378//3470
f 3359//3451 3360//3452 3380//3472
f 3359//3451 3380//3472 3379//3471
f 3360//3452 3361//3453 3381//3473
f 3360//3452 3381//3473 3380//3472
f 3361//3453 3362//3454 3382//3474
f 3361//3453 3382//3474 3381//3473
f 3362//3454 3363//3455 3383//3475
f 3362//3454 3383//3475 3382//3474
f 3363//3455 3364//3456 3384//3476
f 3363//3455 3384//3476 3383//3475
f 3364//3456 3365//3457 3385//3477
f 3364//3456 3385//3477 3384//3476
f 3365//3457 3366//3458 3386//3478
f 3365//3457 3386//3478 3385//3477
f 3366//3458 3367//3459 3387//3479
f 3366//3458 3387//3479 3386//3478
f 3367//3459 3368//3460 3388//3480
f 3367//3459 3388//3480 3387//3479
f 3368//3460 3369//3461 3389//3481
f 3368//3460 3389//3481 3388//3480
f 3369//3461 3350//3443 3370//3463
f 3369//3461 3370//3463 3389//3481
f 3370//3463 3371//3462 3391//3482
f 3370//3463 3391//3482 3390//3483
f 3371//3462 3372//3464 3392//3484
f 3371//3462 3392//3484 3391//3482
f 3372//3464 3373//3465 3393//3485
f 3372//3464 3393//3485 3392//3484
f 3373//3465 3374//3466 3394//3486
f 3373//3465 3394//3486 3393//3485
f 3374//3466 3375//3467 3395//3487
f 3374//3466 3395//3487 3394//3486
f 3375//3467 3376//3468 3396//3488
f 3375//3467 3396//3488 3395//3487
f 3376//3468 3377//3469 3397//3489
f 3376//3468 3397//3489 3396//3488
f 3377//3469 3378//3470 3398//3490
f 3377//3469 3398//3490 3397//3489
f 3378//3470 3379//3471 3399//3491
f 3378//3470 3399//3491 3398//3490
f 3379//3471 3380//3472 3400//3492
f 3379//3471 3400//3492 3399//3491
f 3380//3472 3381//3473 3401//3493
f 3380//3472 3401//3493 3400//3492
f 3381//3473 3382//3474 3402//3494
f 3381//3473 3402//3494 3401//3493
f 3382//3474 3383//3475 3403//3495
f 3382//3474 3403//3495 3402//3494
f 3383//3475 3384//3476 3404//3496
f 3383//3475 3404//3496 3403//3495
f 3384//3476 3385//3477 3405//3497
f 3384//3476 3405//3497 3404//3496
f 3385//3477 3386//3478 3406//3498
f 3385//3477 3406//3498 3405//3497
f 3386//3478 3387//3479 3407//3499
f 3386//3478 3407//3499 3406//3498
f 3387//3479 3388//3480 3408//3500
f 3387//3479 3408//3500 3407//3499
f 3388//3480 3389//3481 3409//3501
f 3388//3480 3409//3501 3408//3500
f 3389//3481 3370//3463 3390//3483
f 3389//3481 3390//3483 3409//3501
f 3390//3483 3391//3482 3411//3502
f 3390//3483 3411//3502 3410//3503
f 3391//3482 3392//3484 3412//3504
f 3391//3482 3412//3504 3411//3502
f 3392//3484 3393//3485 3413//3505
f 3392//3484 3413//3505 3412//3504
f 3393//3485 3394//3486 3414//3506
f 3393//3485 3414//3506 3413//3505
f 3394//3486 3395//3487 3415//3507
f 3394//3486 3415//3507 3414//3506
f 3395//3487 3396//3488 3416//3508
f 3395//3487 3416//3508 3415//3507
f 3396//3488 3397//3489 3417//3509
f 3396//3488 3417//3509 3416//3508
f 3397//3489 3398//3490 3418//3510
f 3397//3489 3418//3510 3417//3509
f 3398//3490 3399//3491 3419//3511
f 3398//3490 3419//3511 3418//3510
f 3399//3491 3400//3492 3420//3512
f 3399//3491 3420//3512 3419//3511
f 3400//3492 3401//3493 3421//3513
f 3400//3492 3421//3513 3420//3512
f 3401//3493 3402//3494 3422//3514
f 3401//3493 3422//3514 3421//3513
f 3402//3494 3403//3495 3423//3515
f 3402//3494 3423//3515 3422//3514
f 3403//3495 3404//3496 3424//3516
f 3403//3495 3424//3516 3423//3515
f 3404//3496 3405//3497 3425//3517
f 3404//3496 3425//3517 3424//3516
f 3405//3497 3406//3498 3426//3518
f 3405//3497 3426//3518 3425//3517
f 3406//3498 3407//3499 3427//3519
f 3406//3498 3427//3519 3426//3518
f 3407//3499 3408//3500 3428//3520
f 3407//3499 3428//3520 3427//3519
f 3408//3500 3409//3501 3429//3521
f 3408//3500 3429//3521 3428//3520
f 3409//3501 3390//3483 3410//3503
f 3409//3501 3410//3503 3429//3521
f 3410//3503 3411//3502 3431//3522
f 3410//3503 3431//3522 3430//3523
f 3411//3502 3412//3504 3432//3524
f 3411//3502 3432//3524 3431//3522
f 3412//3504 3413//3505 3433//3525
f 3412//3504 3433//3525 3432//3524
f 3413//3505 3414//3506 3434//3526
f 3413//3505 3434//3526 3433//3525
f 3414//3506 3415//3507 3435//3527
f 3414//3506 3435//3527 3434//3526
f 3415//3507 3416//3508 3436//3528
f 3415//3507 3436//3528 3435//3527
f 3416//3508 3417//3509 3437//3529
f 3416//3508 3437//3529 3436//3528
f 3417//3509 3418//3510 3438//3530
f 3417//3509 3438//3530 3437//3529
f 3418//3510 3419//3511 3439//3531
f 3418//3510 3439//3531 3438//3530
f 3419//3511 3420//3512 3440//3532
f 3419//3511 3440//3532 3439//3531
f 3420//3512 3421//3513 3441//3533
f 3420//3512 3441//3533 3440//3532
f 3421//3513 3422//3514 3442//3534
f 3421//3513 3442//3534 3441//3533
f 3422//3514 3423//3515 3443//3535
f 3422//3514 3443//3535 3442//3534
f 3423//3515 3424//3516 3444//3536
f 3423//3515 3444//3536 3443//3535
f 3424//3516 3425//3517 3445//3537
f 3424//3516 3445//3537 3444//3536
f 3425//3517 3426//3518 3446//3538
f 3425//3517 3446//3538 3445//3537
f 3426//3518 3427//3519 3447//3539
f 3426//3518 3447//3539 3446//3538
f 3427//3519 3428//3520 3448//3540
f 3427//3519 3448//3540 3447//3539
f 3428//3520 3429//3521 3449//3541
f 3428//3520 3449//3541 3448//3540
f 3429//3521 3410//3503 3430//3523
f 3429//3521 3430//3523 3449//3541
f 3430//3523 3431//3522 3451//3542
f 3430//3523 3451//3542 3450//3543
f 3431//3522 3432//3524 3452//3544
f 3431//3522 3452//3544 3451//3542
f 3432//3524 3433//3525 3453//3545
f 3432//3524 3453//3545 3452//3544
f 3433//3525 3434//3526 3454//3546
f 3433//3525 3454//3546 3453//3545
f 3434//3526 3435//3527 3455//3547
f 3434//3526 3455//3547 3454//3546
f 3435//3527 3436//3528 3456//3548
f 3435//3527 3456//3548 3455//3547
f 3436//3528 3437//3529 3457//3549
f 3436//3528 3457//3549 3456//3548
f 3437//3529 3438//3530 3458//3550
f 3437//3529 3458//3550 3457//3549
f 3438//3530 3439//3531 3459//3551
f 3438//3530 3459//3551 3458//3550
f 3439//3531 3440//3532 3460//3552
f 3439//3531 3460//3552 3459//3551
f 3440//3532 3441//3533 3461//3553
f 3440//3532 3461//3553 3460//3552
f 3441//3533 3442//3534 3462//3554
f 3441//3533 3462//3554 3461//3553
f 3442//3534 3443//3535 3463//3555
f 3442//3534 3463//3555 3462//3554
f 3443//3535 3444//3536 3464//3556
f 3443//3535 3464//3556 3463//3555
f 3444//3536 3445//3537 3465//3557
f 3444//3536 3465//3557 3464//3556
f 3445//3537 3446//3538 3466//3558
f 3445//3537 3466//3558 3465//3557
f 3446//3538 3447//3539 3467//3559
f 3446//3538 3467//3559 3466//3558
f 3447//3539 3448//3540 3468//3560
f 3447//3539 3468//3560 3467//3559
f 3448//3540 3449//3541 3469//3561
f 3448//3540 3469//3561 3468//3560
f 3449//3541 3430//3523 3450//3543
f 3449//3541 3450//3543 3469//3561
f 3450//3543 3451//3542 3471//3562
f 3450//3543 3471//3562 3470//3563
f 3451//3542 3452//3544 3472//3564
f 3451//3542 3472//3564 3471//3562
f 3452//3544 3453//3545 3473//3565
f 3452//3544 3473//3565 3472//3564
f 3453//3545 3454//3546 3474//3566
f 3453//3545 3474//3566 3473//3565
f 3454//3546 3455//3547 3475//3567
f 3454//3546 3475//3567 3474//3566
f 3455//3547 3456//3548 3476//3568
f 3455//3547 3476//3568 3475//3567
f 3456//3548 3457//3549 3477//3569
f 3456//3548 3477//3569 3476//3568
f 3457//3549 3458//3550 3478//3570
f 3457//3549 3478//3570 3477//3569
f 3458//3550 3459//3551 3479//3571
f 3458//3550 3479//3571 3478//3570
f 3459//3551 3460//3552 3480//3572
f 3459//3551 3480//3572 3479//3571
f 3460//3552 3461//3553 3481//3573
f 3460//3552 3481//3573 3480//3572
f 3461//3553 3462//3554 3482//3574
f 3461//3553 3482//3574 3481//3573
f 3462//3554 3463//3555 3483//3575
f 3462//3554 3483//3575 3482//3574
f 3463//3555 3464//3556 3484//3576
f 3463//3555 3484//3576 3483//3575
f 3464//3556 3465//3557 3485//3577
f 3464//3556 3485//3577 3484//3576
f 3465//3557 3466//3558 3486//3578
f 3465//3557 3486//3578 3485//3577
f 3466//3558 3467//3559 3487//3579
f 3466//3558 3487//3579 3486//3578
f 3467//3559 3468//3560 3488//3580
f 3467//3559 3488//3580 3487//3579
f 3468//3560 3469//3561 3489//3581
f 3468//3560 3489//3581 3488//3580
f 3469//3561 3450//3543 3470//3563
f 3469//3561 3470//3563 3489//3581
f 3470//3563 3471//3562 3491//3582
f 3470//3563 3491//3582 3490//3583
f 3471//3562 3472//3564 3492//3584
f 3471//3562 3492//3584 3491//3582
f 3472//3564 3473//3565 3493//3585
f 3472//3564 3493//3585 3492//3584
f 3473//3565 3474//3566 3494//3586
f 3473//3565 3494//3586 3493//3585
f 3474//3566 3475//3567 3495//3587
f 3474//3566 3495//3587 3494//3586
f 3475//3567 3476//3568 3496//3588
f 3475//3567 3496//3588 3495//3587
f 3476//3568 3477//3569 3497//3589
f 3476//3568 3497//3589 3496//3588
f 3477//3569 3478//3570 3498//3590
f 3477//3569 3498//3590 3497//3589
f 3478//3570 3479//3571 3499//3591
f 3478//3570 3499//3591 3498//3590
f 3479//3571 3480//3572 3500//3592
f 3479//3571 3500//3592 3499//3591
f 3480//3572 3481//3573 3501//3593
f 3480//3572 3501//3593 3500//3592
f 3481//3573 3482//3574 3502//3594
f 3481//3573 3502//3594 3501//3593
f 3482//3574 3483//3575 3503//3595
f 3482//3574 3503//3595 3502//3594
f 3483//3575 3484//3576 3504//3596
f 3483//3575 3504//3596 3503//3595
f 3484//3576 3485//3577 3505//3597
f 3484//3576 3505//3597 3504//3596
f 3485//3577 3486//3578 3506//3598
f 3485//3577 3506//3598 3505//3597
f 3486//3578 3487//3579 3507//3599
f 3486//3578 3507//3599 3506//3598
f 3487//3579 3488//3580 3508//3600
f 3487//3579 3508//3600 3507//3599
f 3488//3580 3489//3581 3509//3601
f 3488//3580 3509//3601 3508//3600
f 3489//3581 3470//3563 3490//3583
f 3489//3581 3490//3583 3509//3601
f 3490//3583 3491//3582 3511//3602
f 3490//3583 3511//3602 3510//3603
f 3491//3582 3492//3584 3512//3604
f 3491//3582 3512//3604 3511//3602
f 3492//3584 3493//3585 3513//3605
f 3492//3584 3513//3605 3512//3604
f 3493//3585 3494//3586 3514//3606
f 3493//3585 3514//3606 3513//3605
f 3494//3586 3495//3587 3515//3607
f 3494//3586 3515//3607 3514//3606
f 3495//3587 3496//3588 3516//3608
f 3495//3587 3516//3608 3515//3607
f 3496//3588 3497//3589 3517//3609
f 3496//3588 3517//3609 3516//3608
f 3497//3589 3498//3590 3518//3610
f 3497//3589 3518//3610 3517//3609
f 3498//3590 3499//3591 3519//3611
f 3498//3590 3519//3611 3518//3610
f 3499//3591 3500//3592 3520//3612
f 3499//3591 3520//3612 3519//3611
f 3500//3592 3501//3593 3521//3613
f 3500//3592 3521//3613 3520//3612
f 3501//3593 3502//3594 3522//3614
f 3501//3593 3522//3614 3521//3613
f 3502//3594 3503//3595 3523//3615
f 3502//3594 3523//3615 3522//3614
f 3503//3595 3504//3596 3524//3616
f 3503//3595 3524//3616 3523//3615
f 3504//3596 3505//3597 3525//3617
f 3504//3596 3525//3617 3524//3616
f 3505//3597 3506//3598 3526//3618
f 3505//3597 3526//3618 3525//3617
f 3506//3598 3507//3599 3527//3619
f 3506//3598 3527//3619 3526//3618
f 3507//3599 3508//3600 3528//3620
f 3507//3599 3528//3620 3527//3619
f 3508//3600 3509//3601 3529//3621
f 3508//3600 3529//3621 3528//3620
f 3509//3601 3490//3583 3510//3603
f 3509//3601 3510//3603 3529//3621
f 3510//3603 3511//3602 3531//3622
f 3510//3603 3531//3622 3530//3623
f 3511//3602 3512//3604 3532//3624
f 3511//3602 3532//3624 3531//3622
f 3512//3604 3513//3605 3533//3625
f 3512//3604 3533//3625 3532//3624
f 3513//3605 3514//3606 3534//3626
f 3513//3605 3534//3626 3533//3625
f 3514//3606 3515//3607 3535//3627
f 3514//3606 3535//3627 3534//3626
f 3515//3607 3516//3608 3536//3628
f 3515//3607 3536//3628 3535//3627
f 3516//3608 3517//3609 3537//3629
f 3516//3608 3537//3629 3536//3628
f 3517//3609 3518//3610 3538//3630
f 3517//3609 3538//3630 3537//3629
f 3518//3610 3519//3611 3539//3631
f 3518//3610 3539//3631 3538//3630
f 3519//3611 3520//3612 3540//3632
f 3519//3611 3540//3632 3539//3631
f 3520//3612 3521//3613 3541//3633
f 3520//3612 3541//3633 3540//3632
f 3521//3613 3522//3614 3542//3634
f 3521//3613 3542//3634 3541//3633
f 3522//3614 3523//3615 3543//3635
f 3522//3614 3543//3635 3542//3634
f 3523//3615 3524//3616 3544//3636
f 3523//3615 3544//3636 3543//3635
f 3524//3616 3525//3617 3545//3637
f 3524//3616 3545//3637 3544//3636
f 3525//3617 3526//3618 3546//3638
f 3525//3617 3546//3638 3545//3637
f 3526//3618 3527//3619 3547//3639
f 3526//3618 3547//3639 3546//3638
f 3527//3619 3528//3620 3548//3640
f 3527//3619 3548//3640 3547//3639
f 3528//3620 3529//3621 3549//3641
f 3528//3620 3549//3641 3548//3640
f 3529//3621 3510//3603 3530//3623
f 3529//3621 3530//3623 3549//3641
f 3530//3623 3531//3622 3551//3642
f 3530//3623 3551//3642 3550//3643
f 3531//3622 3532//3624 3552//3644
f 3531//3622 3552//3644 3551//3642
f 3532//3624 3533//3625 3553//3645
f 3532//3624 3553//3645 3552//3644
f 3533//3625 3534//3626 3554//3646
f 3533//3625 3554//3646 3553//3645
f 3534//3626 3535//3627 3555//3647
f 3534//3626 3555//3647 3554//3646
f 3535//3627 3536//3628 3556//3648
f 3535//3627 3556//3648 3555//3647
f 3536//3628 3537//3629 3557//3649
f 3536//3628 3557//3649 3556//3648
f 3537//3629 3538//3630 3558//3650
f 3537//3629 3558//3650 3557//3649
f 3538//3630 3539//3631 3559//3651
f 3538//3630 3559//3651 3558//3650
f 3539//3631 3540//3632 3560//3652
f 3539//3631 3560//3652 3559//3651
f 3540//3632 3541//3633 3561//3653
f 3540//3632 3561//3653 3560//3652
f 3541//3633 3542//3634 3562//3654
f 3541//3633 3562//3654 3561//3653
f 3542//3634 3543//3635 3563//3655
f 3542//3634 3563//3655 3562//3654
f 3543//3635 3544//3636 3564//3656
f 3543//3635 3564//3656 3563//3655
f 3544//3636 3545//3637 3565//3657
f 3544//3636 3565//3657 3564//3656
f 3545//3637 3546//3638 3566//3658
f 3545//3637 3566//3658 3565//3657
f 3546//3638 3547//3639 3567//3659
f 3546//3638 3567//3659 3566//3658
f 3547//3639 3548//3640 3568//3660
f 3547//3639 3568//3660 3567//3659
f 3548//3640 3549//3641 3569//3661
f 3548//3640 3569//3661 3568//3660
f 3549//3641 3530//3623 3550//3643
f 3549//3641 3550//3643 3569//3661
f 3550//3643 3551//3642 3571//3662
f 3550//3643 3571//3662 3570//3663
f 3551//3642 3552//3644 3572//3664
f 3551//3642 3572//3664 3571//3662
f 3552//3644 3553//3645 3573//3665
f 3552//3644 3573//3665 3572//3664
f 3553//3645 3554//3646 3574//3666
f 3553//3645 3574//3666 3573//3665
f 3554//3646 3555//3647 3575//3667
f 3554//3646 3575//3667 3574//3666
f 3555//3647 3556//3648 3576//3668
f 3555//3647 3576//3668 3575//3667
f 3556//3648 3557//3649 3577//3669
f 3556//3648 3577//3669 3576//3668
f 3557//3649 3558//3650 3578//3670
f 3557//3649 3578//3670 3577//3669
f 3558//3650 3559//3651 3579//3671
f 3558//3650 3579//3671 3578//3670
f 3559//3651 3560//3652 3580//3672
f 3559//3651 3580//3672 3579//3671
f 3560//3652 3561//3653 3581//3673
f 3560//3652 3581//3673 3580//3672
f 3561//3653 3562//3654 3582//3674
f 3561//3653 3582//3674 3581//3673
f 3562//3654 3563//3655 3583//3675
f 3562//3654 3583//3675 3582//3674
f 3563//3655 3564//3656 3584//3676
f 3563//3655 3584//3676 3583//3675
f 3564//3656 3565//3657 3585//3677
f 3564//3656 3585//3677 3584//3676
f 3565//3657 3566//3658 3586//3678
f 3565//3657 3586//3678 3585//3677
f 3566//3658 3567//3659 3587//3679
f 3566//3658 3587//3679 3586//3678
f 3567//3659 3568//3660 3588//3680
f 3567//3659 3588//3680 3587//3679
f 3568//3660 3569//3661 3589//3681
f 3568//3660 3589//3681 3588//3680
f 3569//3661 3550//3643 3570//3663
f 3569//3661 3570//3663 3589//3681
f 3570//3663 3571//3662 3591//3682
f 3570//3663 3591//3682 3590//3683
f 3571//3662 3572//3664 3592//3684
f 3571//3662 3592//3684 3591//3682
f 3572//3664 3573//3665 3593//3685
f 3572//3664 3593//3685 3592//3684
f 3573//3665 3574//3666 3594//3686
f 3573//3665 3594//3686 3593//3685
f 3574//3666 3575//3667 3595//3687
f 3574//3666 3595//3687 3594//3686
f 3575//3667 3576//3668 3596//3688
f 3575//3667 3596//3688 3595//3687
f 3576//3668 3577//3669 3597//3689
f 3576//3668 3597//3689 3596//3688
f 3577//3669 3578//3670 3598//3690
f 3577//3669 3598//3690 3597//3689
f 3578//3670 3579//3671 3599//3691
f 3578//3670 3599//3691 3598//3690
f 3579//3671 3580//3672 3600//3692
f 3579//3671 3600//3692 3599//3691
f 3580//3672 3581//3673 3601//3693
f 3580//3672 3601//3693 3600//3692
f 3581//3673 3582//3674 3602//3694
f 3581//3673 3602//3694 3601//3693
f 3582//3674 3583//3675 3603//3695
f 3582//3674 3603//3695 3602//3694
f 3583//3675 3584//3676 3604//3696
f 3583//3675 3604//3696 3603//3695
f 3584//3676 3585//3677 3605//3697
f 3584//3676 3605//3697 3604//3696
f 3585//3677 3586//3678 3606//3698
f 3585//3677 3606//3698 3605//3697
f 3586//3678 3587//3679 3607//3699
f 3586//3678 3607//3699 3606//3698
f 3587//3679 3588//3680 3608//3700
f 3587//3679 3608//3700 3607//3699
f 3588//3680 3589//3681 3609//3701
f 3588//3680 3609//3701 3608//3700
f 3589//3681 3570//3663 3590//3683
f 3589//3681 3590//3683 3609//3701
f 3590//3683 3591//3682 3611//3702
f 3590//3683 3611//3702 3610//3703
f 3591//3682 3592//3684 3612//3704
f 3591//3682 3612//3704 3611//3702
f 3592//3684 3593//3685 3613//3705
f 3592//3684 3613//3705 3612//3704
f 3593//3685 3594//3686 3614//3706
f 3593//3685 3614//3706 3613//3705
f 3594//3686 3595//3687 3615//3707
f 3594//3686 3615//3707 3614//3706
f 3595//3687 3596//3688 3616//3708
f 3595//3687 3616//3708 3615//3707
f 3596//3688 3597//3689 3617//3709
f 3596//3688 3617//3709 3616//3708
f 3597//3689 3598//3690 3618//3710
f 3597//3689 3618//3710 3617//3709
f 3598//3690 3599//3691 3619//3711
f 3598//3690 3619//3711 3618//3710
f 3599//3691 3600//3692 3620//3712
f 3599//3691 3620//3712 3619//3711
f 3600//3692 3601//3693 3621//3713
f 3600//3692 3621//3713 3620//3712
f 3601//3693 3602//3694 3622//3714
f 3601//3693 3622//3714 3621//3713
f 3602//3694 3603//3695 3623//3715
f 3602//3694 3623//3715 3622//3714
f 3603//3695 3604//3696 3624//3716
f 3603//3695 3624//3716 3623//3715
f 3604//3696 3605//3697 3625//3717
f 3604//3696 3625//3717 3624//3716
f 3605//3697 3606//3698 3626//3718
f 3605//3697 3626//3718 3625//3717
f 3606//3698 3607//3699 3627//3719
f 3606//3698 3627//3719 3626//3718
f 3607//3699 3608//3700 3628//3720
f 3607//3699 3628//3720 3627//3719
f 3608//3700 3609//3701 3629//3721
f 3608//3700 3629//3721 3628//3720
f 3609//3701 3590//3683 3610//3703
f 3609//3701 3610//3703 3629//3721
f 3610//3703 3611//3702 3631//3722
f 3610//3703 3631//3722 3630//3723
f 3611//3702 3612//3704 3632//3724
f 3611//3702 3632//3724 3631//3722
f 3612//3704 3613//3705 3633//3725
f 3612//3704 3633//3725 3632//3724
f 3613//3705 3614//3706 3634//3726
f 3613//3705 3634//3726 3633//3725
f 3614//3706 3615//3707 3635//3727
f 3614//3706 3635//3727 3634//3726
f 3615//3707 3616//3708 3636//3728
f 3615//3707 3636//3728 3635//3727
f 3616//3708 3617//3709 3637//3729
f 3616//3708 3637//3729 3636//3728
f 3617//3709 3618//3710 3638//3730
f 3617//3709 3638//3730 3637//3729
f 3618//3710 3619//3711 3639//3731
f 3618//3710 3639//3731 3638//3730
f 3619//3711 3620//3712 3640//3732
f 3619//3711 3640//3732 3639//3731
f 3620//3712 3621//3713 3641//3733
f 3620//3712 3641//3733 3640//3732
f 3621//3713 3622//3714 3642//3734
f 3621//3713 3642//3734 3641//3733
f 3622//3714 3623//3715 3643//3735
f 3622//3714 3643//3735 3642//3734
f 3623//3715 3624//3716 3644//3736
f 3623//3715 3644//3736 3643//3735
f 3624//3716 3625//3717 3645//3737
f 3624//3716 3645//3737 3644//3736
f 3625//3717 3626//3718 3646//3738
f 3625//3717 3646//3738 3645//3737
f 3626//3718 3627//3719 3647//3739
f 3626//3718 3647//3739 3646//3738
f 3627//3719 3628//3720 3648//3740
f 3627//3719 3648//3740 3647//3739
f 3628//3720 3629//3721 3649//3741
f 3628//3720 3649//3741 3648//3740
f 3629//3721 3610//3703 3630//3723
f 3629//3721 3630//3723 3649//3741
f 3271//3363 3270//3362 3650//3742
f 3272//3366 3271//3363 3650//3742
f 3273//3368 3272//3366 3650//3742
f 3274//3370 3273//3368 3650//3742
f 3275//3372 3274//3370 3650//3742
f 3276//3374 3275//3372 3650//3742
f 3277//3376 3276//3374 3650//3742
f 3278//3378 3277//3376 3650//3742
f 3279//3380 3278//3378 3650//3742
f 3280//3382 3279//3380 3650//3742
f 3281//3384 3280//3382 3650//3742
f 3282//3386 3281//3384 3650//3742
f 3283//3388 3282//3386 3650//3742
f 3284//3390 3283//3388 3650//3742
f 3285//3392 3284//3390 3650//3742
f 3286//3394 3285//3392 3650//3742
f 3287//3396 3286//3394 3650//3742
f 3288//3398 3287//3396 3650//3742
f 3289//3400 3288//3398 3650//3742
f 3270//3362 3289//3400 3650//3742
f 3630//3723 3631//3722 3651//3743
f 3631//3722 3632//3724 3651//3743
f 3632//3724 3633//3725 3651//3743
f 3633//3725 3634//3726 3651//3743
f 3634//3726 3635//3727 3651//3743
f 3635//3727 3636//3728 3651//3743
f 3636//3728 3637//3729 3651//3743
f 3637//3729 3638//3730 3651//3743
f 3638//3730 3639//3731 3651//3743
f 3639//3731 3640//3732 3651//3743
f 3640//3732 3641//3733 3651//3743
f 3641//3733 3642//3734 3651//3743
f 3642//3734 3643//3735 3651//3743
f 3643//3735 3644//3736 3651//3743
f 3644//3736 3645//3737 3651//3743
f 3645//3737 3646//3738 3651//3743
f 3646//3738 3647//3739 3651//3743
f 3647//3739 3648//3740 3651//3743
f 3648//3740 3649//3741 3651//3743
f 3649//3741 3630//3723 3651//3743
f 3652//3744 3672//3745 3673//3746
f 3652//3744 3673//3746 3653//3747
f 3653//3747 3673//3746 3674//3748
f 3653//3747 3674//3748 3654//3749
f 3654//3749 3674//3748 3675//3750
f 3654//3749 3675//3750 3655//3751
f 3655//3751 3675//3750 3676//3752
f 3655//3751 3676//3752 3656//3753
f 3656//3753 3676//3752 3677//3754
f 3656//3753 3677//3754 3657//3755
f 3657//3755 3677//3754 3678//3756
f 3657//3755 3678//3756 3658//3757
f 3658//3757 3678//3756 3679//3758
f 3658//3757 3679//3758 3659//3759
f 3659//3759 3679//3758 3680//3760
f 3659//3759 3680//3760 3660//3761
f 3660//3761 3680//3760 3681//3762
f 3660//3761 3681//3762 3661//3763
f 3661//3763 3681//3762 3682//3764
f 3661//3763 3682//3764 3662//3765
f 3662//3765 3682//3764 3683//3766
f 3662//3765 3683//3766 3663//3767
f 3663//3767 3683//3766 3684//3768
f 3663//3767 3684//3768 3664//3769
f 3664//3769 3684//3768 3685//3770
f 3664//3769 3685//3770 3665//3771
f 3665//3771 3685//3770 3686//3772
f 3665//3771 3686//3772 3666//3773
f 3666//3773 3686//3772 3687//3774
f 3666//3773 3687//3774 3667//3775
f 3667//3775 3687//3774 3688//3776
f 3667//3775 3688//3776 3668//3777
f 3668//3777 3688//3776 3689//3778
f 3668//3777 3689//3778 3669//3779
f 3669//3779 3689//3778 3690//3780
f 3669//3779 3690//3780 3670//3781
f 3670//3781 3690//3780 3691//3782
f 3670//3781 3691//3782 3671//3783
f 3671//3783 3691//3782 3672//3745
f 3671//3783 3672//3745 3652//3744
f 3672//3745 3692//3784 3693//3785
f 3672//3745 3693//3785 3673//3746
f 3673//3746 3693//3785 3694//3786
f 3673//3746 3694//3786 3674//3748
f 3674//3748 3694//3786 3695//3787
f 3674//3748 3695//3787 3675//3750
f 3675//3750 3695//3787 3696//3788
f 3675//3750 3696//3788 3676//3752
f 3676//3752 3696//3788 3697//3789
f 3676//3752 3697//3789 3677//3754
f 3677//3754 3697//3789 3698//3790
f 3677//3754 3698//3790 3678//3756
f 3678//3756 3698//3790 3699//3791
f 3678//3756 3699//3791 3679//3758
f 3679//3758 3699//3791 3700//3792
f 3679//3758 3700//3792 3680//3760
f 3680//3760 3700//3792 3701//3793
f 3680//3760 3701//3793 3681//3762
f 3681//3762 3701//3793 3702//3794
f 3681//3762 3702//3794 3682//3764
f 3682//3764 3702//3794 3703//3795
f 3682//3764 3703//3795 3683//3766
f 3683//3766 3703//3795 3704//3796
f 3683//3766 3704//3796 3684//3768
f 3684//3768 3704//3796 3705//3797
f 3684//3768 3705//3797 3685//3770
f 3685//3770 3705//3797 3706//3798
f 3685//3770 3706//3798 3686//3772
f 3686//3772 3706//3798 3707//3799
f 3686//3772 3707//3799 3687//3774
f 3687//3774 3707//3799 3708//3800
f 3687//3774 3708//3800 3688//3776
f 3688//3776 3708//3800 3709//3801
f 3688//3776 3709//3801 3689//3778
f 3689//3778 3709//3801 3710//3802
f 3689//3778 3710//3802 3690//3780
f 3690//3780 3710//3802 3711//3803
f 3690//3780 3711//3803 3691//3782
f 3691//3782 3711//3803 3692//3784
f 3691//3782 3692//3784 3672//3745
f 3692//3784 3712//3804 3713//3805
f 3692//3784 3713//3805 3693//3785
f 3693//3785 3713//3805 3714//3806
f 3693//3785 3714//3806 3694//3786
f 3694//3786 3714//3806 3715//3807
f 3694//3786 3715//3807 3695//3787
f 3695//3787 3715//3807 3716//3808
f 3695//3787 3716//3808 3696//3788
f 3696//3788 3716//3808 3717//3809
f 3696//3788 3717//3809 3697//3789
f 3697//3789 3717//3809 3718//3810
f 3697//3789 3718//3810 3698//3790
f 3698//3790 3718//3810 3719//3811
f 3698//3790 3719//3811 3699//3791
f 3699//3791 3719//3811 3720//3812
f 3699//3791 3720//3812 3700//3792
f 3700//3792 3720//3812 3721//3813
f 3700//3792 3721//3813 3701//3793
f 3701//3793 3721//3813 3722//3814
f 3701//3793 3722//3814 3702//3794
f 3702//3794 3722//3814 3723//3815
f 3702//3794 3723//3815 3703//3795
f 3703//3795 3723//3815 3724//3816
f 3703//3795 3724//3816 3704//3796
f 3704//3796 3724//3816 3725//3817
f 3704//3796 3725//3817 3705//3797
f 3705//3797 3725//3817 3726//3818
f 3705//3797 3726//3818 3706//3798
f 3706//3798 3726//3818 3727//3819
f 3706//3798 3727//3819 3707//3799
f 3707//3799 3727//3819 3728//3820
f 3707//3799 3728//3820 3708//3800
f 3708//3800 3728//3820 3729//3821
f 3708//3800 3729//3821 3709//3801
f 3709//3801 3729//3821 3730//3822
f 3709//3801 3730//3822 3710//3802
f 3710//3802 3730//3822 3731//3823
f 3710//3802 3731//3823 3711//3803
f 3711//3803 3731//3823 3712//3804
f 3711//3803 3712//3804 3692//3784
f 3712//3804 3732//3824 3733//3825
f 3712//3804 3733//3825 3713//3805
f 3713//3805 3733//3825 3734//3826
f 3713//3805 3734//3826 3714//3806
f 3714//3806 3734//3826 3735//3827
f 3714//3806 3735//3827 3715//3807
f 3715//3807 3735//3827 3736//3828
f 3715//3807 3736//3828 3716//3808
f 3716//3808 3736//3828 3737//3829
f 3716//3808 3737//3829 3717//3809
f 3717//3809 3737//3829 3738//3830
f 3717//3809 3738//3830 3718//3810
f 3718//3810 3738//3830 3739//3831
f 3718//3810 3739//3831 3719//3811
f 3719//3811 3739//3831 3740//3832
f 3719//3811 3740//3832 3720//3812
f 3720//3812 3740//3832 3741//3833
f 3720//3812 3741//3833 3721//3813
f 3721//3813 3741//3833 3742//3834
f 3721//3813 3742//3834 3722//3814
f 3722//3814 3742//3834 3743//3835
f 3722//3814 3743//3835 3723//3815
f 3723//3815 3743//3835 3744//3836
f 3723//3815 3744//3836 3724//3816
f 3724//3816 3744//3836 3745//3837
f 3724//3816 3745//3837 3725//3817
f 3725//3817 3745//3837 3746//3838
f 3725//3817 3746//3838 3726//3818
f 3726//3818 3746//3838 3747//3839
f 3726//3818 3747//3839 3727//3819
f 3727//3819 3747//3839 3748//3840
f 3727//3819 3748//3840 3728//3820
f 3728//3820 3748//3840 3749//3841
f 3728//3820 3749//3841 3729//3821
f 3729//3821 3749//3841 3750//3842
f 3729//3821 3750//3842 3730//3822
f 3730//3822 3750//3842 3751//3843
f 3730//3822 3751//3843 3731//3823
f 3731//3823 3751//3843 3732//3824
f 3731//3823 3732//3824 3712//3804
f 3732//3824 3752//3844 3753//3845
f 3732//3824 3753//3845 3733//3825
f 3733//3825 3753//3845 3754//3846
f 3733//3825 3754//3846 3734//3826
f 3734//3826 3754//3846 3755//3847
f 3734//3826 3755//3847 3735//3827
f 3735//3827 3755//3847 3756//3848
f 3735//3827 3756//3848 3736//3828
f 3736//3828 3756//3848 3757//3849
f 3736//3828 3757//3849 3737//3829
f 3737//3829 3757//3849 3758//3850
f 3737//3829 3758//3850 3738//3830
f 3738//3830 3758//3850 3759//3851
f 3738//3830 3759//3851 3739//3831
f 3739//3831 3759//3851 3760//3852
f 3739//3831 3760//3852 3740//3832
f 3740//3832 3760//3852 3761//3853
f 3740//3832 3761//3853 3741//3833
f 3741//3833 3761//3853 3762//3854
f 3741//3833 3762//3854 3742//3834
f 3742//3834 3762//3854 3763//3855
f 3742//3834 3763//3855 3743//3835
f 3743//3835 3763//3855 3764//3856
f 3743//3835 3764//3856 3744//3836
f 3744//3836 3764//3856 3765//3857
f 3744//3836 3765//3857 3745//3837
f 3745//3837 3765//3857 3766//3858
f 3745//3837 3766//3858 3746//3838
f 3746//3838 3766//3858 3767//3859
f 3746//3838 3767//3859 3747//3839
f 3747//3839 3767//3859 3768//3860
f 3747//3839 3768//3860 3748//3840
f 3748//3840 3768//3860 3769//3861
f 3748//3840 3769//3861 3749//3841
f 3749//3841 3769//3861 3770//3862
f 3749//3841 3770//3862 3750//3842
f 3750//3842 3770//3862 3771//3863
f 3750//3842 3771//3863 3751//3843
f 3751//3843 3771//3863 3752//3844
f 3751//3843 3752//3844 3732//3824
f 3752//3844 3772//3864 3773//3865
f 3752//3844 3773//3865 3753//3845
f 3753//3845 3773//3865 3774//3866
f 3753//3845 3774//3866 3754//3846
f 3754//3846 3774//3866 3775//3867
f 3754//3846 3775//3867 3755//3847
f 3755//3847 3775//3867 3776//3868
f 3755//3847 3776//3868 3756//3848
f 3756//3848 3776//3868 3777//3869
f 3756//3848 3777//3869 3757//3849
f 3757//3849 3777//3869 3778//3870
f 3757//3849 3778//3870 3758//3850
f 3758//3850 3778//3870 3779//3871
f 3758//3850 3779//3871 3759//3851
f 3759//3851 3779//3871 3780//3872
f 3759//3851 3780//3872 3760//3852
f 3760//3852 3780//3872 3781//3873
f 3760//3852 3781//3873 3761//3853
f 3761//3853 3781//3873 3782//3874
f 3761//3853 3782//3874 3762//3854
f 3762//3854 3782//3874 3783//3875
f 3762//3854 3783//3875 3763//3855
f 3763//3855 3783//3875 3784//3876
f 3763//3855 3784//3876 3764//3856
f 3764//3856 3784//3876 3785//3877
f 3764//3856 3785//3877 3765//3857
f 3765//3857 3785//3877 3786//3878
f 3765//3857 3786//3878 3766//3858
f 3766//3858 3786//3878 3787//3879
f 3766//3858 3787//3879 3767//3859
f 3767//3859 3787//3879 3788//3880
f 3767//3859 3788//3880 3768//3860
f 3768//3860 3788//3880 3789//3881
f 3768//3860 3789//3881 3769//3861
f 3769//3861 3789//3881 3790//3882
f 3769//3861 3790//3882 3770//3862
f 3770//3862 3790//3882 3791//3883
f 3770//3862 3791//3883 3771//3863
f 3771//3863 3791//3883 3772//3864
f 3771//3863 3772//3864 3752//3844
f 3772//3864 3792//3884 3793//3885
f 3772//3864 3793//3885 3773//3865
f 3773//3865 3793//3885 3794//3886
f 3773//3865 3794//3886 3774//3866
f 3774//3866 3794//3886 3795//3887
f 3774//3866 3795//3887 3775//3867
f 3775//3867 3795//3887 3796//3888
f 3775//3867 3796//3888 3776//3868
f 3776//3868 3796//3888 3797//3889
f 3776//3868 3797//3889 3777//3869
f 3777//3869 3797//3889 3798//3890
f 3777//3869 3798//3890 3778//3870
f 3778//3870 3798//3890 3799//3891
f 3778//3870 3799//3891 3779//3871
f 3779//3871 3799//3891 3800//3892
f 3779//3871 3800//3892 3780//3872
f 3780//3872 3800//3892 3801//3893
f 3780//3872 3801//3893 3781//3873
f 3781//3873 3801//3893 3802//3894
f 3781//3873 3802//3894 3782//3874
f 3782//3874 3802//3894 3803//3895
f 3782//3874 3803//3895 3783//3875
f 3783//3875 3803//3895 3804//3896
f 3783//3875 3804//3896 3784//3876
f 3784//3876 3804//3896 3805//3897
f 3784//3876 3805//3897 3785//3877
f 3785//3877 3805//3897 3806//3898
f 3785//3877 3806//3898 3786//3878
f 3786//3878 3806//3898 3807//3899
f 3786//3878 3807//3899 3787//3879
f 3787//3879 3807//3899 3808//3900
f 3787//3879 3808//3900 3788//3880
f 3788//3880 3808//3900 3809//3901
f 3788//3880 3809//3901 3789//3881
f 3789//3881 3809//3901 3810//3902
f 3789//3881 3810//3902 3790//3882
f 3790//3882 3810//3902 3811//3903
f 3790//3882 3811//3903 3791//3883
f 3791//3883 3811//3903 3792//3884
f 3791//3883 3792//3884 3772//3864
f 3792//3884 3812//3904 3813//3905
f 3792//3884 3813//3905 3793//3885
f 3793//3885 3813//3905 3814//3906
f 3793//3885 3814//3906 3794//3886
f 3794//3886 3814//3906 3815//3907
f 3794//3886 3815//3907 3795//3887
f 3795//3887 3815//3907 3816//3908
f 3795//3887 3816//3908 3796//3888
f 3796//3888 3816//3908 3817//3909
f 3796//3888 3817//3909 3797//3889
f 3797//3889 3817//3909 3818//3910
f 3797//3889 3818//3910 3798//3890
f 3798//3890 3818//3910 3819//3911
f 3798//3890 3819//3911 3799//3891
f 3799//3891 3819//3911 3820//3912
f 3799//3891 3820//3912 3800//3892
f 3800//3892 3820//3912 3821//3913
f 3800//3892 3821//3913 3801//3893
f 3801//3893 3821//3913 3822//3914
f 3801//3893 3822//3914 3802//3894
f 3802//3894 3822//3914 3823//3915
f 3802//3894 3823//3915 3803//3895
f 3803//3895 3823//3915 3824//3916
f 3803//3895 3824//3916 3804//3896
f 3804//3896 3824//3916 3825//3917
f 3804//3896 3825//3917 3805//3897
f 3805//3897 3825//3917 3826//3918
f 3805//3897 3826//3918 3806//3898
f 3806//3898 3826//3918 3827//3919
f 3806//3898 3827//3919 3807//3899
f 3807//3899 3827//3919 3828//3920
f 3807//3899 3828//3920 3808//3900
f 3808//3900 3828//3920 3829//3921
f 3808//3900 3829//3921 3809//3901
f 3809//3901 3829//3921 3830//3922
f 3809//3901 3830//3922 3810//3902
f 3810//3902 3830//3922 3831//3923
f 3810//3902 3831//3923 3811//3903
f 3811//3903 3831//3923 3812//3904
f 3811//3903 3812//3904 3792//3884
f 3812//3904 3832//3924 3833//3925
f 3812//3904 3833//3925 3813//3905
f 3813//3905 3833//3925 3834//3926
f 3813//3905 3834//3926 3814//3906
f 3814//3906 3834//3926 3835//3927
f 3814//3906 3835//3927 3815//3907
f 3815//3907 3835//3927 3836//3928
f 3815//3907 3836//3928 3816//3908
f 3816//3908 3836//3928 3837//3929
f 3816//3908 3837//3929 3817//3909
f 3817//3909 3837//3929 3838//3930
f 3817//3909 3838//3930 3818//3910
f 3818//3910 3838//3930 3839//3931
f 3818//3910 3839//3931 3819//3911
f 3819//3911 3839//3931 3840//3932
f 3819//3911 3840//3932 3820//3912
f 3820//3912 3840//3932 3841//3933
f 3820//3912 3841//3933 3821//3913
f 3821//3913 3841//3933 3842//3934
f 3821//3913 3842//3934 3822//3914
f 3822//3914 3842//3934 3843//3935
f 3822//3914 3843//3935 3823//3915
f 3823//3915 3843//3935 3844//3936
f 3823//3915 3844//3936 3824//3916
f 3824//3916 3844//3936 3845//3937
f 3824//3916 3845//3937 3825//3917
f 3825//3917 3845//3937 3846//3938
f 3825//3917 3846//3938 3826//3918
f 3826//3918 3846//3938 3847//3939
f 3826//3918 3847//3939 3827//3919
f 3827//3919 3847//3939 3848//3940
f 3827//3919 3848//3940 3828//3920
f 3828//3920 3848//3940 3849//3941
f 3828//3920 3849//3941 3829//3921
f 3829//3921 3849//3941 3850//3942
f 3829//3921 3850//3942 3830//3922
f 3830//3922 3850//3942 3851//3943
f 3830//3922 3851//3943 3831//3923
f 3831//3923 3851//3943 3832//3924
f 3831//3923 3832//3924 3812//3904
f 3832//3924 3852//3944 3853//3945
f 3832//3924 3853//3945 3833//3925
f 3833//3925 3853//3945 3854//3946
f 3833//3925 3854//3946 3834//3926
f 3834//3926 3854//3946 3855//3947
f 3834//3926 3855//3947 3835//3927
f 3835//3927 3855//3947 3856//3948
f 3835//3927 3856//3948 3836//3928
f 3836//3928 3856//3948 3857//3949
f 3836//3928 3857//3949 3837//3929
f 3837//3929 3857//3949 3858//3950
f 3837//3929 3858//3950 3838//3930
f 3838//3930 3858//3950 3859//3951
f 3838//3930 3859//3951 3839//3931
f 3839//3931 3859//3951 3860//3952
f 3839//3931 3860//3952 3840//3932
f 3840//3932 3860//3952 3861//3953
f 3840//3932 3861//3953 3841//3933
f 3841//3933 3861//3953 3862//3954
f 3841//3933 3862//3954 3842//3934
f 3842//3934 3862//3954 3863//3955
f 3842//3934 3863//3955 3843//3935
f 3843//3935 3863//3955 3864//3956
f 3843//3935 3864//3956 3844//3936
f 3844//3936 3864//3956 3865//3957
f 3844//3936 3865//3957 3845//3937
f 3845//3937 3865//3957 3866//3958
f 3845//3937 3866//3958 3846//3938
f 3846//3938 3866//3958 3867//3959
f 3846//3938 3867//3959 3847//3939
f 3847//3939 3867//3959 3868//3960
f 3847//3939 3868//3960 3848//3940
f 3848//3940 3868//3960 3869//3961
f 3848//3940 3869//3961 3849//3941
f 3849//3941 3869//3961 3870//3962
f 3849//3941 3870//3962 3850//3942
f 3850//3942 3870//3962 3871//3963
f 3850//3942 3871//3963 3851//3943
f 3851//3943 3871//3963 3852//3944
f 3851//3943 3852//3944 3832//3924
f 3852//3944 3872//3964 3873//3965
f 3852//3944 3873//3965 3853//3945
f 3853//3945 3873//3965 3874//3966
f 3853//3945 3874//3966 3854//3946
f 3854//3946 3874//3966 3875//3967
f 3854//3946 3875//3967 3855//3947
f 3855//3947 3875//3967 3876//3968
f 3855//3947 3876//3968 3856//3948
f 3856//3948 3876//3968 3877//3969
f 3856//3948 3877//3969 3857//3949
f 3857//3949 3877//3969 3878//3970
f 3857//3949 3878//3970 3858//3950
f 3858//3950 3878//3970 3879//3971
f 3858//3950 3879//3971 3859//3951
f 3859//3951 3879//3971 3880//3972
f 3859//3951 3880//3972 3860//3952
f 3860//3952 3880//3972 3881//3973
f 3860//3952 3881//3973 3861//3953
f 3861//3953 3881//3973 3882//3974
f 3861//3953 3882//3974 3862//3954
f 3862//3954 3882//3974 3883//3975
f 3862//3954 3883//3975 3863//3955
f 3863//3955 3883//3975 3884//3976
f 3863//3955 3884//3976 3864//3956
f 3864//3956 3884//3976 3885//3977
f 3864//3956 3885//3977 3865//3957
f 3865//3957 3885//3977 3886//3978
f 3865//3957 3886//3978 3866//3958
f 3866//3958 3886//3978 3887//3979
f 3866//3958 3887//3979 3867//3959
f 3867//3959 3887//3979 3888//3980
f 3867//3959 3888//3980 3868//3960
f 3868//3960 3888//3980 3889//3981
f 3868//3960 3889//3981 3869//3961
f 3869//3961 3889//3981 3890//3982
f 3869//3961 3890//3982 3870//3962
f 3870//3962 3890//3982 3891//3983
f 3870//3962 3891//3983 3871//3963
f 3871//3963 3891//3983 3872//3964
f 3871//3963 3872//3964 3852//3944
f 3872//3964 3892//3984 3893//3985
f 3872//3964 3893//3985 3873//3965
f 3873//3965 3893//3985 3894//3986
f 3873//3965 3894//3986 3874//3966
f 3874//3966 3894//3986 3895//3987
f 3874//3966 3895//3987 3875//3967
f 3875//3967 3895//3987 3896//3988
f 3875//3967 3896//3988 3876//3968
f 3876//3968 3896//3988 3897//3989
f 3876//3968 3897//3989 3877//3969
f 3877//3969 3897//3989 3898//3990
f 3877//3969 3898//3990 3878//3970
f 3878//3970 3898//3990 3899//3991
f 3878//3970 3899//3991 3879//3971
f 3879//3971 3899//3991 3900//3992
f 3879//3971 3900//3992 3880//3972
f 3880//3972 3900//3992 3901//3993
f 3880//3972 3901//3993 3881//3973
f 3881//3973 3901//3993 3902//3994
f 3881//3973 3902//3994 3882//3974
f 3882//3974 3902//3994 3903//3995
f 3882//3974 3903//3995 3883//3975
f 3883//3975 3903//3995 3904//3996
f 3883//3975 3904//3996 3884//3976
f 3884//3976 3904//3996 3905//3997
f 3884//3976 3905//3997 3885//3977
f 3885//3977 3905//3997 3906//3998
f 3885//3977 3906//3998 3886//3978
f 3886//3978 3906//3998 3907//3999
f 3886//3978 3907//3999 3887//3979
f 3887//3979 3907//3999 3908//4000
f 3887//3979 3908//4000 3888//3980
f 3888//3980 3908//4000 3909//4001
f 3888//3980 3909//4001 3889//3981
f 3889//3981 3909//4001 3910//4002
f 3889//3981 3910//4002 3890//3982
f 3890//3982 3910//4002 3911//4003
f 3890//3982 3911//4003 3891//3983
f 3891//3983 3911//4003 3892//3984
f 3891//3983 3892//3984 3872//3964
f 3892//3984 3912//4004 3913//4005
f 3892//3984 3913//4005 3893//3985
f 3893//3985 3913//4005 3914//4006
f 3893//3985 3914//4006 3894//3986
f 3894//3986 3914//4006 3915//4007
f 3894//3986 3915//4007 3895//3987
f 3895//3987 3915//4007 3916//4008
f 3895//3987 3916//4008 3896//3988
f 3896//3988 3916//4008 3917//4009
f 3896//3988 3917//4009 3897//3989
f 3897//3989 3917//4009 3918//4010
f 3897//3989 3918//4010 3898//3990
f 3898//3990 3918//4010 3919//4011
f 3898//3990 3919//4011 3899//3991
f 3899//3991 3919//4011 3920//4012
f 3899//3991 3920//4012 3900//3992
f 3900//3992 3920//4012 3921//4013
f 3900//3992 3921//4013 3901//3993
f 3901//3993 3921//4013 3922//4014
f 3901//3993 3922//4014 3902//3994
f 3902//3994 3922//4014 3923//4015
f 3902//3994 3923//4015 3903//3995
f 3903//3995 3923//4015 3924//4016
f 3903//3995 3924//4016 3904//3996
f 3904//3996 3924//4016 3925//4017
f 3904//3996 3925//4017 3905//3997
f 3905//3997 3925//4017 3926//4018
f 3905//3997 3926//4018 3906//3998
f 3906//3998 3926//4018 3927//4019
f 3906//3998 3927//4019 3907//3999
f 3907//3999 3927//4019 3928//4020
f 3907//3999 3928//4020 3908//4000
f 3908//4000 3928//4020 3929//4021
f 3908//4000 3929//4021 3909//4001
f 3909//4001 3929//4021 3930//4022
f 3909//4001 3930//4022 3910//4002
f 3910//4002 3930//4022 3931//4023
f 3910//4002 3931//4023 3911//4003
f 3911//4003 3931//4023 3912//4004
f 3911//4003 3912//4004 3892//3984
f 3912//4004 3932//4024 3933//4025
f 3912//4004 3933//4025 3913//4005
f 3913//4005 3933//4025 3934//4026
f 3913//4005 3934//4026 3914//4006
f 3914//4006 3934//4026 3935//4027
f 3914//4006 3935//4027 3915//4007
f 3915//4007 3935//4027 3936//4028
f 3915//4007 3936//4028 3916//4008
f 3916//4008 3936//4028 3937//4029
f 3916//4008 3937//4029 3917//4009
f 3917//4009 3937//4029 3938//4030
f 3917//4009 3938//4030 3918//4010
f 3918//4010 3938//4030 3939//4031
f 3918//4010 3939//4031 3919//4011
f 3919//4011 3939//4031 3940//4032
f 3919//4011 3940//4032 3920//4012
f 3920//4012 3940//4032 3941//4033
f 3920//4012 3941//4033 3921//4013
f 3921//4013 3941//4033 3942//4034
f 3921//4013 3942//4034 3922//4014
f 3922//4014 3942//4034 3943//4035
f 3922//4014 3943//4035 3923//4015
f 3923//4015 3943//4035 3944//4036
f 3923//4015 3944//4036 3924//4016
f 3924//4016 3944//4036 3945//4037
f 3924//4016 3945//4037 3925//4017
f 3925//4017 3945//4037 3946//4038
f 3925//4017 3946//4038 3926//4018
f 3926//4018 3946//4038 3947//4039
f 3926//4018 3947//4039 3927//4019
f 3927//4019 3947//4039 3948//4040
f 3927//4019 3948//4040 3928//4020
f 3928//4020 3948//4040 3949//4041
f 3928//4020 3949//4041 3929//4021
f 3929//4021 3949//4041 3950//4042
f 3929//4021 3950//4042 3930//4022
f 3930//4022 3950//4042 3951//4043
f 3930//4022 3951//4043 3931//4023
f 3931//4023 3951//4043 3932//4024
f 3931//4023 3932//4024 3912//4004
f 3932//4024 3952//4044 3953//4045
f 3932//4024 3953//4045 3933//4025
f 3933//4025 3953//4045 3954//4046
f 3933//4025 3954//4046 3934//4026
f 3934//4026 3954//4046 3955//4047
f 3934//4026 3955//4047 3935//4027
f 3935//4027 3955//4047 3956//4048
f 3935//4027 3956//4048 3936//4028
f 3936//4028 3956//4048 3957//4049
f 3936//4028 3957//4049 3937//4029
f 3937//4029 3957//4049 3958//4050
f 3937//4029 3958//4050 3938//4030
f 3938//4030 3958//4050 3959//4051
f 3938//4030 3959//4051 3939//4031
f 3939//4031 3959//4051 3960//4052
f 3939//4031 3960//4052 3940//4032
f 3940//4032 3960//4052 3961//4053
f 3940//4032 3961//4053 3941//4033
f 3941//4033 3961//4053 3962//4054
f 3941//4033 3962//4054 3942//4034
f 3942//4034 3962//4054 3963//4055
f 3942//4034 3963//4055 3943//4035
f 3943//4035 3963//4055 3964//4056
f 3943//4035 3964//4056 3944//4036
f 3944//4036 3964//4056 3965//4057
f 3944//4036 3965//4057 3945//4037
f 3945//4037 3965//4057 3966//4058
f 3945//4037 3966//4058 3946//4038
f 3946//4038 3966//4058 3967//4059
f 3946//4038 3967//4059 3947//4039
f 3947//4039 3967//4059 3968//4060
f 3947//4039 3968//4060 3948//4040
f 3948//4040 3968//4060 3969//4061
f 3948//4040 3969//4061 3949//4041
f 3949//4041 3969//4061 3970//4062
f 3949//4041 3970//4062 3950//4042
f 3950//4042 3970//4062 3971//4063
f 3950//4042 3971//4063 3951//4043
f 3951//4043 3971//4063 3952//4044
f 3951//4043 3952//4044 3932//4024
f 3952//4044 3972//4064 3973//4065
f 3952//4044 3973//4065 3953//4045
f 3953//4045 3973//4065 3974//4066
f 3953//4045 3974//4066 3954//4046
f 3954//4046 3974//4066 3975//4067
f 3954//4046 3975//4067 3955//4047
f 3955//4047 3975//4067 3976//4068
f 3955//4047 3976//4068 3956//4048
f 3956//4048 3976//4068 3977//4069
f 3956//4048 3977//4069 3957//4049
f 3957//4049 3977//4069 3978//4070
f 3957//4049 3978//4070 3958//4050
f 3958//4050 3978//4070 3979//4071
f 3958//4050 3979//4071 3959//4051
f 3959//4051 3979//4071 3980//4072
f 3959//4051 3980//4072 3960//4052
f 3960//4052 3980//4072 3981//4073
f 3960//4052 3981//4073 3961//4053
f 3961//4053 3981//4073 3982//4074
f 3961//4053 3982//4074 3962//4054
f 3962//4054 3982//4074 3983//4075
f 3962//4054 3983//4075 3963//4055
f 3963//4055 3983//4075 3984//4076
f 3963//4055 3984//4076 3964//4056
f 3964//4056 3984//4076 3985//4077
f 3964//4056 3985//4077 3965//4057
f 3965//4057 3985//4077 3986//4078
f 3965//4057 3986//4078 3966//4058
f 3966//4058 3986//4078 3987//4079
f 3966//4058 3987//4079 3967//4059
f 3967//4059 3987//4079 3988//4080
f 3967//4059 3988//4080 3968//4060
f 3968//4060 3988//4080 3989//4081
f 3968//4060 3989//4081 3969//4061
f 3969//4061 3989//4081 3990//4082
f 3969//4061 3990//4082 3970//4062
f 3970//4062 3990//4082 3991//4083
f 3970//4062 3991//4083 3971//4063
f 3971//4063 3991//4083 3972//4064
f 3971//4063 3972//4064 3952//4044
f 3972//4064 3992//4084 3993//4085
f 3972//4064 3993//4085 3973//4065
f 3973//4065 3993//4085 3994//4086
f 3973//4065 3994//4086 3974//4066
f 3974//4066 3994//4086 3995//4087
f 3974//4066 3995//4087 3975//4067
f 3975//4067 3995//4087 3996//4088
f 3975//4067 3996//4088 3976//4068
f 3976//4068 3996//4088 3997//4089
f 3976//4068 3997//4089 3977//4069
f 3977//4069 3997//4089 3998//4090
f 3977//4069 3998//4090 3978//4070
f 3978//4070 3998//4090 3999//4091
f 3978//4070 3999//4091 3979//4071
f 3979//4071 3999//4091 4000//4092
f 3979//4071 4000//4092 3980//4072
f 3980//4072 4000//4092 4001//4093
f 3980//4072 4001//4093 3981//4073
f 3981//4073 4001//4093 4002//4094
f 3981//4073 4002//4094 3982//4074
f 3982//4074 4002//4094 4003//4095
f 3982//4074 4003//4095 3983//4075
f 3983//4075 4003//4095 4004//4096
f 3983//4075 4004//4096 3984//4076
f 3984//4076 4004//4096 4005//4097
f 3984//4076 4005//4097 3985//4077
f 3985//4077 4005//4097 4006//4098
f 3985//4077 4006//4098 3986//4078
f 3986//4078 4006//4098 4007//4099
f 3986//4078 4007//4099 3987//4079
f 3987//4079 4007//4099 4008//4100
f 3987//4079 4008//4100 3988//4080
f 3988//4080 4008//4100 4009//4101
f 3988//4080 4009//4101 3989//4081
f 3989//4081 4009//4101 4010//4102
f 3989//4081 4010//4102 3990//4082
f 3990//4082 4010//4102 4011//4103
f 3990//4082 4011//4103 3991//4083
f 3991//4083 4011//4103 3992//4084
f 3991//4083 3992//4084 3972//4064
f 3992//4084 4012//4104 4013//4105
f 3992//4084 4013//4105 3993//4085
f 3993//4085 4013//4105 4014//4106
f 3993//4085 4014//4106 3994//4086
f 3994//4086 4014//4106 4015//4107
f 3994//4086 4015//4107 3995//4087
f 3995//4087 4015//4107 4016//4108
f 3995//4087 4016//4108 3996//4088
f 3996//4088 4016//4108 4017//4109
f 3996//4088 4017//4109 3997//4089
f 3997//4089 4017//4109 4018//4110
f 3997//4089 4018//4110 3998//4090
f 3998//4090 4018//4110 4019//4111
f 3998//4090 4019//4111 3999//4091
f 3999//4091 4019//4111 4020//4112
f 3999//4091 4020//4112 4000//4092
f 4000//4092 4020//4112 4021//4113
f 4000//4092 4021//4113 4001//4093
f 4001//4093 4021//4113 4022//4114
f 4001//4093 4022//4114 4002//4094
f 4002//4094 4022//4114 4023//4115
f 4002//4094 4023//4115 4003//4095
f 4003//4095 4023//4115 4024//4116
f 4003//4095 4024//4116 4004//4096
f 4004//4096 4024//4116 4025//4117
f 4004//4096 4025//4117 4005//4097
f 4005//4097 4025//4117 4026//4118
f 4005//4097 4026//4118 4006//4098
f 4006//4098 4026//4118 4027//4119
f 4006//4098 4027//4119 4007//4099
f 4007//4099 4027//4119 4028//4120
f 4007//4099 4028//4120 4008//4100
f 4008//4100 4028//4120 4029//4121
f 4008//4100 4029//4121 4009//4101
f 4009//4101 4029//4121 4030//4122
f 4009//4101 4030//4122 4010//4102
f 4010//4102 4030//4122 4031//4123
f 4010//4102 4031//4123 4011//4103
f 4011//4103 4031//4123 4012//4104
f 4011//4103 4012//4104 3992//4084
f 3653//3747 4032//4124 3652//3744
f 3654//3749 4032//4124 3653//3747
f 3655//3751 4032//4124 3654//3749
f 3656//3753 4032//4124 3655//3751
f 3657//3755 4032//4124 3656//3753
f 3658//3757 4032//4124 3657//3755
f 3659//3759 4032//4124 3658//3757
f 3660//3761 4032//4124 3659//3759
f 3661//3763 4032//4124 3660//3761
f 3662//3765 4032//4124 3661//3763
f 3663//3767 4032//4124 3662//3765
f 3664//3769 4032//4124 3663//3767
f 3665//3771 4032//4124 3664//3769
f 3666//3773 4032//4124 3665//3771
f 3667//3775 4032//4124 3666//3773
f 3668//3777 4032//4124 3667//3775
f 3669//3779 4032//4124 3668//3777
f 3670//3781 4032//4124 3669//3779
f 3671//3783 4032//4124 3670//3781
f 3652//3744 4032//4124 3671//3783
f 4012//4104 4033//4125 4013//4105
f 4013//4105 4033//4125 4014//4106
f 4014//4106 4033//4125 4015//4107
f 4015//4107 4033//4125 4016//4108
f 4016//4108 4033//4125 4017//4109
f 4017//4109 4033//4125 4018//4110
f 4018//4110 4033//4125 4019//4111
f 4019//4111 4033//4125 4020//4112
f 4020//4112 4033//4125 4021//4113
f 4021//4113 4033//4125 4022//4114
f 4022//4114 4033//4125 4023//4115
f 4023//4115 4033//4125 4024//4116
f 4024//4116 4033//4125 4025//4117
f 4025//4117 4033//4125 4026//4118
f 4026//4118 4033//4125 4027//4119
f 4027//4119 4033//4125 4028//4120
f 4028//4120 4033//4125 4029//4121
f 4029//4121 4033//4125 4030//4122
f 4030//4122 4033//4125 4031//4123
f 4031//4123 4033//4125 4012//4104
f 4064//4126 4035//4127 4034//4128
f 4064//4126 4034//4128 4065//4129
f 4126//4130 4066//4131 4050//4132
f 4126//4130 4050//4132 4125//4133
f 4045//4134 4037//4135 4068//4136
f 4045//4134 4068//4136 4067//4137
f 4068//4136 4069//4138 4053//4139
f 4068//4136 4053//4139 4051//4140
f 4072//4141 4070//4142 4054//4143
f 4072//4141 4054//4143 4073//4144
f 4066//4131 4067//4137 4052//4145
f 4066//4131 4052//4145 4050//4132
f 4040//4146 4035//4127 4064//4126
f 4040//4146 4064//4126 4063//4147
f 4041//4148 4056//4148 4138//4149
f 4041//4148 4138//4149 4139//4150
f 4042//4151 4059//4152 4058//4153
f 4077//4154 4076//4154 4128//4155
f 4077//4154 4128//4155 4129//4156
f 4041//4148 4042//4151 4058//4153
f 4041//4148 4058//4153 4056//4148
f 4075//4157 4074//4157 4136//4158
f 4075//4157 4136//4158 4137//4158
f 4043//4159 4047//4160 4062//4160
f 4043//4159 4062//4160 4060//4159
f 4063//4147 4064//4126 4049//4161
f 4063//4147 4049//4161 4055//4162
f 4049//4161 4064//4126 4065//4129
f 4049//4161 4065//4129 4048//4163
f 4127//4164 4036//4165 4066//4131
f 4127//4164 4066//4131 4126//4130
f 4036//4165 4045//4134 4067//4137
f 4036//4165 4067//4137 4066//4131
f 4068//4136 4051//4140 4052//4145
f 4068//4136 4052//4145 4067//4137
f 4037//4135 4038//4166 4069//4138
f 4037//4135 4069//4138 4068//4136
f 4071//4167 4039//4168 4070//4142
f 4071//4167 4070//4142 4072//4141
f 4038//4166 4071//4167 4072//4141
f 4038//4166 4072//4141 4069//4138
f 4069//4138 4072//4141 4073//4144
f 4069//4138 4073//4144 4053//4139
f 4046//4169 4057//4169 4074//4157
f 4046//4169 4074//4157 4075//4157
f 4043//4159 4060//4159 4076//4154
f 4043//4159 4076//4154 4077//4154
f 4108//4170 4109//4171 4078//4172
f 4108//4170 4078//4172 4079//4173
f 4123//4174 4124//4175 4094//4176
f 4123//4174 4094//4176 4110//4177
f 4089//4178 4111//4179 4112//4180
f 4089//4178 4112//4180 4081//4181
f 4112//4180 4095//4182 4097//4183
f 4112//4180 4097//4183 4113//4184
f 4116//4185 4117//4186 4098//4187
f 4116//4185 4098//4187 4114//4188
f 4110//4177 4094//4176 4096//4189
f 4110//4177 4096//4189 4111//4179
f 4084//4190 4107//4191 4108//4170
f 4084//4190 4108//4170 4079//4173
f 4135//4192 4090//4193 4101//4194
f 4135//4192 4101//4194 4134//4192
f 4086//4195 4102//4196 4103//4197
f 4131//4198 4088//4199 4105//4200
f 4131//4198 4105//4200 4130//4198
f 4085//4201 4100//4202 4102//4196
f 4085//4201 4102//4196 4086//4195
f 4133//4203 4091//4204 4106//4204
f 4133//4203 4106//4204 4132//4203
f 4087//4205 4104//4206 4106//4204
f 4087//4205 4106//4204 4091//4204
f 4107//4191 4099//4207 4093//4208
f 4107//4191 4093//4208 4108//4170
f 4093//4208 4092//4209 4109//4171
f 4093//4208 4109//4171 4108//4170
f 4122//4210 4123//4174 4110//4177
f 4122//4210 4110//4177 4080//4211
f 4080//4211 4110//4177 4111//4179
f 4080//4211 4111//4179 4089//4178
f 4112//4180 4111//4179 4096//4189
f 4112//4180 4096//4189 4095//4182
f 4081//4181 4112//4180 4113//4184
f 4081//4181 4113//4184 4082//4212
f 4115//4213 4116//4185 4114//4188
f 4115//4213 4114//4188 4083//4214
f 4082//4212 4113//4184 4116//4185
f 4082//4212 4116//4185 4115//4213
f 4113//4184 4097//4183 4117//4186
f 4113//4184 4117//4186 4116//4185
f 4090//4193 4119//4215 4118//4216
f 4090//4193 4118//4216 4101//4194
f 4087//4205 4121//4217 4120//4217
f 4087//4205 4120//4217 4104//4206
f 4078//4172 4109//4171 4123//4174
f 4078//4172 4123//4174 4122//4210
f 4109//4171 4092//4209 4124//4175
f 4109//4171 4124//4175 4123//4174
f 4065//4129 4126//4130 4125//4133
f 4065//4129 4125//4133 4048//4163
f 4034//4128 4127//4164 4126//4130
f 4034//4128 4126//4130 4065//4129
f 4129//4156 4128//4155 4061//4218
f 4129//4156 4061//4218 4044//4219
f 4121//4217 4131//4198 4130//4198
f 4121//4217 4130//4198 4120//4217
f 4119//4215 4133//4203 4132//4203
f 4119//4215 4132//4203 4118//4216
f 4085//4201 4135//4192 4134//4192
f 4085//4201 4134//4192 4100//4202
f 4137//4158 4136//4158 4062//4160
f 4137//4158 4062//4160 4047//4160
f 4139//4150 4138//4149 4057//4169
f 4139//4150 4057//4169 4046//4169
f 4211//4220 4212//4221 4249//4222
f 4211//4220 4249//4222 4250//4223
f 4215//4224 4216//4225 4245//4226
f 4215//4224 4245//4226 4246//4227
f 4194//4228 4184//4229 4183//4230
f 4194//4228 4183//4230 4193//4231
f 4257//4232 4239//4233 4147//4234
f 4257//4232 4147//4234 4146//4235
f 4141//4236 4142//4237 4211//4220
f 4141//4236 4211//4220 4209//4238
f 4142//4237 4143//4239 4212//4221
f 4142//4237 4212//4221 4211//4220
f 4146//4235 4147//4234 4216//4225
f 4146//4235 4216//4225 4215//4224
f 4184//4229 4173//4240 4172//4241
f 4184//4229 4172//4241 4183//4230
f 4194//4228 4193//4231 4239//4233
f 4194//4228 4239//4233 4257//4232
f 4327//4242 4353//4243 4352//4244
f 4327//4242 4352//4244 4328//4245
f 4328//4245 4352//4244 4351//4246
f 4328//4245 4351//4246 4329//4247
f 4281//4248 4282//4249 4284//4250
f 4281//4248 4284//4250 4283//4251
f 4293//4252 4292//4253 4284//4250
f 4293//4252 4284//4250 4282//4249
f 4363//4254 4269//4255 4270//4256
f 4363//4254 4270//4256 4347//4257
f 4362//4258 4268//4259 4269//4255
f 4362//4258 4269//4255 4363//4254
f 4358//4260 4264//4261 4265//4262
f 4358//4260 4265//4262 4359//4263
f 4264//4261 4323//4264 4324//4265
f 4264//4261 4324//4265 4265//4262
f 4268//4259 4327//4242 4328//4245
f 4268//4259 4328//4245 4269//4255
f 4269//4255 4328//4245 4329//4247
f 4269//4255 4329//4247 4270//4256
f 4310//4266 4363//4254 4347//4257
f 4310//4266 4347//4257 4309//4267
f 4248//4268 4249//4222 4212//4221
f 4248//4268 4212//4221 4213//4269
f 4215//4224 4246//4227 4247//4270
f 4215//4224 4247//4270 4214//4271
f 4248//4268 4213//4269 4386//4272
f 4214//4271 4247//4270 4248//4268
f 4214//4271 4248//4268 4386//4272
f 4145//4273 4146//4235 4215//4224
f 4145//4273 4215//4224 4214//4271
f 4213//4269 4212//4221 4143//4239
f 4213//4269 4143//4239 4144//4274
f 4387//4275 4145//4273 4214//4271
f 4387//4275 4214//4271 4386//4272
f 4387//4275 4386//4272 4213//4269
f 4387//4275 4213//4269 4144//4274
f 4301//4276 4302//4277 4391//4278
f 4266//4279 4360//4280 4359//4263
f 4266//4279 4359//4263 4265//4262
f 4324//4265 4356//4281 4355//4282
f 4324//4265 4355//4282 4325//4283
f 4266//4279 4265//4262 4324//4265
f 4266//4279 4324//4265 4325//4283
f 4292//4253 4293//4252 4302//4277
f 4292//4253 4302//4277 4301//4276
f 4310//4266 4309//4267 4300//4284
f 4310//4266 4300//4284 4301//4276
f 4362//4258 4363//4254 4310//4266
f 4362//4258 4310//4266 4311//4285
f 4311//4285 4310//4266 4301//4276
f 4311//4285 4301//4276 4391//4278
f 4311//4285 4391//4278 4312//4286
f 4311//4285 4312//4286 4396//4287
f 4396//4287 4361//4288 4362//4258
f 4396//4287 4362//4258 4311//4285
f 4493//4289 4302//4277 4303//4290
f 4492//4291 4493//4289 4303//4290
f 4397//4292 4303//4290 4304//4293
f 4396//4287 4312//4286 4392//4294
f 4303//4290 4397//4292 4398//4295
f 4303//4290 4398//4295 4492//4291
f 4179//4296 4220//4297 4342//4298
f 4179//4296 4342//4298 4316//4299
f 4294//4300 4293//4252 4282//4249
f 4294//4300 4282//4249 4280//4301
f 4303//4290 4302//4277 4293//4252
f 4303//4290 4293//4252 4294//4300
f 4294//4300 4280//4301 4278//4302
f 4294//4300 4278//4302 4404//4303
f 4404//4303 4295//4304 4294//4300
f 4294//4300 4295//4304 4303//4290
f 4278//4302 4276//4305 4403//4306
f 4278//4302 4403//4306 4404//4303
f 4172//4241 4173//4240 4164//4307
f 4172//4241 4164//4307 4165//4308
f 4412//4309 4389//4310 4165//4308
f 4165//4308 4164//4307 4163//4311
f 4165//4308 4163//4311 4412//4309
f 4405//4312 4382//4313 4383//4314
f 4368//4315 4405//4312 4406//4316
f 4383//4314 4287//4317 4406//4316
f 4384//4318 4287//4317 4383//4314
f 4406//4316 4405//4312 4383//4314
f 4251//4319 4209//4238 4211//4220
f 4251//4319 4211//4220 4250//4223
f 4140//4320 4141//4236 4209//4238
f 4140//4320 4209//4238 4208//4321
f 4202//4322 4236//4323 4235//4324
f 4202//4322 4235//4324 4201//4325
f 4415//4326 4236//4323 4202//4322
f 4415//4326 4202//4322 4416//4327
f 4140//4320 4208//4321 4415//4326
f 4140//4320 4415//4326 4416//4327
f 4416//4327 4202//4322 4258//4328
f 4418//4329 4185//4330 4195//4331
f 4186//4332 4185//4330 4417//4333
f 4417//4333 4185//4330 4418//4329
f 4291//4334 4286//4335 4284//4250
f 4291//4334 4284//4250 4292//4253
f 4291//4334 4292//4253 4301//4276
f 4291//4334 4301//4276 4300//4284
f 4382//4313 4286//4335 4290//4336
f 4313//4337 4392//4294 4398//4295
f 4398//4295 4397//4292 4313//4337
f 4203//4338 4206//4339 4207//4340
f 4203//4338 4207//4340 4420//4341
f 4203//4338 4420//4341 4421//4342
f 4375//4343 4374//4344 4377//4345
f 4375//4343 4377//4345 4424//4346
f 4424//4346 4378//4347 4375//4343
f 4414//4348 4420//4341 4207//4340
f 4414//4348 4207//4340 4152//4349
f 4423//4350 4413//4351 4414//4348
f 4423//4350 4414//4348 4152//4349
f 4423//4350 4378//4347 4424//4346
f 4425//4352 4204//4353 4189//4354
f 4200//4355 4234//4356 4220//4297
f 4200//4355 4220//4297 4179//4296
f 4427//4357 4426//4358 4260//4359
f 4140//4320 4416//4327 4258//4328
f 4205//4360 4204//4353 4425//4352
f 4252//4361 4253//4362 4142//4237
f 4252//4361 4142//4237 4141//4236
f 4252//4361 4141//4236 4140//4320
f 4252//4361 4140//4320 4258//4328
f 4260//4359 4204//4353 4205//4360
f 4427//4357 4260//4359 4205//4360
f 4205//4360 4425//4352 4199//4363
f 4199//4363 4198//4364 4253//4362
f 4199//4363 4253//4362 4252//4361
f 4427//4357 4205//4360 4199//4363
f 4199//4363 4252//4361 4427//4357
f 4252//4361 4258//4328 4427//4357
f 4426//4358 4427//4357 4259//4365
f 4259//4365 4427//4357 4258//4328
f 4259//4365 4258//4328 4202//4322
f 4259//4365 4202//4322 4201//4325
f 4261//4366 4260//4359 4426//4358
f 4226//4367 4234//4356 4235//4324
f 4226//4367 4235//4324 4233//4368
f 4233//4368 4235//4324 4236//4323
f 4233//4368 4236//4323 4210//4369
f 4233//4368 4232//4370 4225//4371
f 4233//4368 4225//4371 4226//4367
f 4210//4369 4208//4321 4209//4238
f 4210//4369 4209//4238 4251//4319
f 4415//4326 4208//4321 4210//4369
f 4210//4369 4236//4323 4415//4326
f 4210//4369 4251//4319 4232//4370
f 4210//4369 4232//4370 4233//4368
f 4402//4372 4403//4306 4276//4305
f 4402//4372 4276//4305 4274//4373
f 4399//4374 4432//4375 4433//4376
f 4399//4374 4152//4349 4207//4340
f 4399//4374 4207//4340 4400//4377
f 4432//4375 4399//4374 4400//4377
f 4432//4375 4400//4377 4431//4378
f 4297//4379 4402//4372 4433//4376
f 4297//4379 4433//4376 4432//4375
f 4437//4380 4319//4381 4306//4382
f 4439//4383 4436//4384 4437//4380
f 4439//4383 4437//4380 4306//4382
f 4435//4385 4431//4378 4430//4386
f 4435//4385 4430//4386 4436//4384
f 4297//4379 4432//4375 4431//4378
f 4297//4379 4431//4378 4435//4385
f 4440//4387 4435//4385 4436//4384
f 4440//4387 4436//4384 4439//4383
f 4296//4388 4295//4304 4404//4303
f 4296//4388 4404//4303 4403//4306
f 4296//4388 4403//4306 4402//4372
f 4296//4388 4402//4372 4297//4379
f 4296//4388 4297//4379 4435//4385
f 4296//4388 4435//4385 4440//4387
f 4314//4389 4313//4337 4397//4292
f 4359//4263 4313//4337 4314//4389
f 4305//4390 4296//4388 4440//4387
f 4440//4387 4439//4383 4305//4390
f 4305//4390 4304//4293 4295//4304
f 4305//4390 4295//4304 4296//4388
f 4314//4389 4397//4292 4304//4293
f 4314//4389 4304//4293 4305//4390
f 4439//4383 4306//4382 4305//4390
f 4305//4390 4306//4382 4441//4391
f 4358//4260 4359//4263 4314//4389
f 4358//4260 4314//4389 4315//4392
f 4315//4392 4314//4389 4305//4390
f 4315//4392 4305//4390 4441//4391
f 4321//4393 4358//4260 4315//4392
f 4322//4394 4323//4264 4264//4261
f 4322//4394 4264//4261 4263//4395
f 4443//4396 4322//4394 4263//4395
f 4443//4396 4263//4395 4442//4397
f 4442//4397 4263//4395 4364//4398
f 4364//4398 4318//4399 4442//4397
f 4365//4400 4366//4401 4316//4299
f 4365//4400 4316//4299 4317//4402
f 4358//4260 4321//4393 4364//4398
f 4263//4395 4264//4261 4358//4260
f 4263//4395 4358//4260 4364//4398
f 4320//4403 4315//4392 4441//4391
f 4321//4393 4315//4392 4320//4403
f 4441//4391 4306//4382 4438//4404
f 4441//4391 4438//4404 4320//4403
f 4320//4403 4438//4404 4365//4400
f 4445//4405 4364//4398 4321//4393
f 4445//4405 4321//4393 4320//4403
f 4320//4403 4365//4400 4445//4405
f 4444//4406 4318//4399 4364//4398
f 4444//4406 4364//4398 4445//4405
f 4445//4405 4365//4400 4317//4402
f 4445//4405 4317//4402 4444//4406
f 4317//4402 4316//4299 4342//4298
f 4317//4402 4342//4298 4343//4407
f 4446//4408 4444//4406 4317//4402
f 4446//4408 4317//4402 4343//4407
f 4443//4396 4442//4397 4318//4399
f 4443//4396 4318//4399 4344//4409
f 4335//4410 4334//4411 4340//4412
f 4335//4410 4340//4412 4341//4413
f 4343//4407 4342//4298 4335//4410
f 4343//4407 4335//4410 4341//4413
f 4356//4281 4324//4265 4323//4264
f 4356//4281 4323//4264 4357//4414
f 4318//4399 4444//4406 4446//4408
f 4318//4399 4446//4408 4344//4409
f 4367//4415 4341//4413 4340//4412
f 4367//4415 4340//4412 4357//4414
f 4357//4414 4323//4264 4322//4394
f 4357//4414 4322//4394 4367//4415
f 4367//4415 4322//4394 4443//4396
f 4367//4415 4443//4396 4344//4409
f 4446//4408 4343//4407 4341//4413
f 4446//4408 4341//4413 4367//4415
f 4344//4409 4446//4408 4367//4415
f 4438//4404 4306//4382 4319//4381
f 4319//4381 4366//4401 4365//4400
f 4319//4381 4365//4400 4438//4404
f 4179//4296 4316//4299 4366//4401
f 4179//4296 4366//4401 4429//4416
f 4319//4381 4437//4380 4429//4416
f 4428//4417 4179//4296 4429//4416
f 4429//4416 4366//4401 4319//4381
f 4437//4380 4436//4384 4430//4386
f 4437//4380 4430//4386 4429//4416
f 4401//4418 4206//4339 4262//4419
f 4262//4419 4179//4296 4428//4417
f 4262//4419 4428//4417 4401//4418
f 4401//4418 4400//4377 4207//4340
f 4401//4418 4207//4340 4206//4339
f 4430//4386 4431//4378 4400//4377
f 4430//4386 4400//4377 4401//4418
f 4401//4418 4428//4417 4429//4416
f 4401//4418 4429//4416 4430//4386
f 4200//4355 4201//4325 4235//4324
f 4200//4355 4235//4324 4234//4356
f 4426//4358 4259//4365 4201//4325
f 4426//4358 4201//4325 4200//4355
f 4200//4355 4179//4296 4261//4366
f 4261//4366 4426//4358 4200//4355
f 4262//4419 4206//4339 4203//4338
f 4262//4419 4203//4338 4261//4366
f 4261//4366 4203//4338 4204//4353
f 4261//4366 4204//4353 4260//4359
f 4179//4296 4262//4419 4261//4366
f 4313//4337 4360//4280 4393//4420
f 4393//4420 4392//4294 4313//4337
f 4361//4288 4396//4287 4393//4420
f 4268//4259 4362//4258 4361//4288
f 4268//4259 4361//4288 4267//4421
f 4393//4420 4360//4280 4266//4279
f 4393//4420 4266//4279 4394//4422
f 4447//4423 4267//4421 4361//4288
f 4447//4423 4361//4288 4393//4420
f 4447//4423 4393//4420 4394//4422
f 4326//4424 4327//4242 4268//4259
f 4326//4424 4268//4259 4267//4421
f 4394//4422 4266//4279 4325//4283
f 4394//4422 4325//4283 4395//4425
f 4448//4426 4447//4423 4394//4422
f 4448//4426 4394//4422 4395//4425
f 4395//4425 4325//4283 4355//4282
f 4395//4425 4355//4282 4354//4427
f 4353//4243 4327//4242 4326//4424
f 4353//4243 4326//4424 4354//4427
f 4354//4427 4326//4424 4448//4426
f 4448//4426 4395//4425 4354//4427
f 4448//4426 4326//4424 4267//4421
f 4448//4426 4267//4421 4447//4423
f 4410//4428 4166//4429 4389//4310
f 4410//4428 4389//4310 4411//4430
f 4370//4431 4410//4428 4411//4430
f 4450//4432 4410//4428 4370//4431
f 4411//4430 4412//4309 4370//4431
f 4450//4432 4370//4431 4409//4433
f 4409//4433 4370//4431 4369//4434
f 4409//4433 4369//4434 4451//4435
f 4375//4343 4378//4347 4422//4436
f 4377//4345 4153//4437 4413//4351
f 4377//4345 4413//4351 4423//4350
f 4377//4345 4423//4350 4424//4346
f 4377//4345 4374//4344 4157//4438
f 4377//4345 4157//4438 4155//4439
f 4453//4440 4153//4437 4377//4345
f 4453//4440 4377//4345 4155//4439
f 4414//4348 4413//4351 4153//4437
f 4414//4348 4153//4437 4154//4441
f 4156//4442 4155//4439 4157//4438
f 4156//4442 4157//4438 4158//4443
f 4453//4440 4155//4439 4156//4442
f 4453//4440 4156//4442 4454//4444
f 4154//4441 4153//4437 4453//4440
f 4154//4441 4453//4440 4454//4444
f 4420//4341 4414//4348 4178//4445
f 4178//4445 4421//4342 4420//4341
f 4414//4348 4154//4441 4494//4446
f 4494//4446 4154//4441 4454//4444
f 4494//4446 4454//4444 4455//4447
f 4189//4354 4188//4448 4425//4352
f 4189//4354 4204//4353 4203//4338
f 4189//4354 4203//4338 4421//4342
f 4456//4449 4421//4342 4178//4445
f 4455//4447 4454//4444 4156//4442
f 4455//4447 4156//4442 4177//4450
f 4457//4451 4456//4449 4455//4447
f 4457//4451 4455//4447 4177//4450
f 4177//4450 4156//4442 4158//4443
f 4177//4450 4158//4443 4176//4452
f 4186//4332 4417//4333 4197//4453
f 4186//4332 4197//4453 4187//4454
f 4176//4452 4457//4451 4177//4450
f 4187//4454 4197//4453 4198//4364
f 4187//4454 4198//4364 4188//4448
f 4188//4448 4198//4364 4199//4363
f 4188//4448 4199//4363 4425//4352
f 4457//4451 4176//4452 4187//4454
f 4188//4448 4189//4354 4456//4449
f 4188//4448 4456//4449 4457//4451
f 4368//4315 4406//4316 4407//4455
f 4451//4435 4369//4434 4408//4456
f 4369//4434 4368//4315 4407//4455
f 4369//4434 4407//4455 4458//4457
f 4408//4456 4369//4434 4458//4457
f 4407//4455 4406//4316 4287//4317
f 4407//4455 4287//4317 4288//4458
f 4168//4459 4408//4456 4458//4457
f 4168//4459 4458//4457 4459//4460
f 4458//4457 4407//4455 4288//4458
f 4458//4457 4288//4458 4459//4460
f 4289//4461 4288//4458 4287//4317
f 4459//4460 4288//4458 4289//4461
f 4459//4460 4289//4461 4460//4462
f 4271//4463 4270//4256 4329//4247
f 4271//4463 4329//4247 4330//4464
f 4331//4465 4272//4466 4466//4467
f 4331//4465 4466//4467 4467//4468
f 4466//4467 4271//4463 4330//4464
f 4466//4467 4330//4464 4467//4468
f 4347//4257 4270//4256 4271//4463
f 4347//4257 4271//4463 4348//4469
f 4349//4470 4272//4466 4464//4471
f 4349//4470 4464//4471 4463//4472
f 4468//4473 4348//4469 4271//4463
f 4468//4473 4271//4463 4466//4467
f 4468//4473 4466//4467 4272//4466
f 4468//4473 4272//4466 4349//4470
f 4349//4470 4463//4472 4462//4474
f 4349//4470 4462//4474 4307//4475
f 4308//4476 4309//4267 4347//4257
f 4308//4476 4347//4257 4348//4469
f 4469//4477 4308//4476 4348//4469
f 4469//4477 4348//4469 4468//4473
f 4469//4477 4468//4473 4349//4470
f 4469//4477 4349//4470 4307//4475
f 4300//4284 4309//4267 4308//4476
f 4300//4284 4308//4476 4299//4478
f 4299//4478 4308//4476 4469//4477
f 4299//4478 4469//4477 4470//4479
f 4291//4334 4300//4284 4299//4478
f 4291//4334 4299//4478 4419//4480
f 4419//4480 4299//4478 4470//4479
f 4290//4336 4384//4318 4383//4314
f 4286//4335 4291//4334 4290//4336
f 4290//4336 4291//4334 4419//4480
f 4383//4314 4382//4313 4290//4336
f 4461//4481 4460//4462 4289//4461
f 4461//4481 4289//4461 4298//4482
f 4298//4482 4307//4475 4462//4474
f 4298//4482 4462//4474 4461//4481
f 4470//4479 4469//4477 4307//4475
f 4470//4479 4307//4475 4298//4482
f 4471//4483 4470//4479 4298//4482
f 4384//4318 4290//4336 4385//4484
f 4385//4484 4290//4336 4471//4483
f 4287//4317 4384//4318 4385//4484
f 4298//4482 4289//4461 4385//4484
f 4385//4484 4289//4461 4287//4317
f 4471//4483 4298//4482 4385//4484
f 4471//4483 4290//4336 4419//4480
f 4471//4483 4419//4480 4470//4479
f 4464//4471 4272//4466 4331//4465
f 4464//4471 4331//4465 4465//4485
f 4451//4435 4408//4456 4168//4459
f 4451//4435 4168//4459 4452//4486
f 4167//4487 4409//4433 4451//4435
f 4167//4487 4451//4435 4452//4486
f 4169//4488 4168//4459 4459//4460
f 4169//4488 4459//4460 4460//4462
f 4452//4486 4168//4459 4169//4488
f 4472//4489 4170//4490 4167//4487
f 4472//4489 4167//4487 4452//4486
f 4472//4489 4452//4486 4169//4488
f 4180//4491 4169//4488 4460//4462
f 4180//4491 4460//4462 4461//4481
f 4473//4492 4472//4489 4169//4488
f 4473//4492 4169//4488 4180//4491
f 4190//4493 4180//4491 4461//4481
f 4190//4493 4461//4481 4462//4474
f 4474//4494 4473//4492 4180//4491
f 4474//4494 4180//4491 4190//4493
f 4242//4495 4190//4493 4462//4474
f 4242//4495 4462//4474 4463//4472
f 4475//4496 4474//4494 4190//4493
f 4475//4496 4190//4493 4242//4495
f 4150//4497 4242//4495 4463//4472
f 4150//4497 4463//4472 4464//4471
f 4475//4496 4242//4495 4150//4497
f 4475//4496 4150//4497 4476//4498
f 4219//4499 4150//4497 4464//4471
f 4219//4499 4464//4471 4465//4485
f 4243//4500 4219//4499 4465//4485
f 4477//4501 4219//4499 4243//4500
f 4477//4501 4476//4498 4150//4497
f 4477//4501 4150//4497 4219//4499
f 4166//4429 4390//4502 4389//4310
f 4171//4503 4172//4241 4165//4308
f 4171//4503 4165//4308 4389//4310
f 4390//4502 4170//4490 4181//4504
f 4182//4505 4183//4230 4172//4241
f 4182//4505 4172//4241 4171//4503
f 4170//4490 4472//4489 4473//4492
f 4170//4490 4473//4492 4181//4504
f 4479//4506 4182//4505 4171//4503
f 4479//4506 4171//4503 4478//4507
f 4479//4506 4478//4507 4181//4504
f 4193//4231 4183//4230 4182//4505
f 4193//4231 4182//4505 4192//4508
f 4191//4509 4181//4504 4473//4492
f 4191//4509 4473//4492 4474//4494
f 4480//4510 4192//4508 4182//4505
f 4480//4510 4182//4505 4479//4506
f 4480//4510 4479//4506 4181//4504
f 4480//4510 4181//4504 4191//4509
f 4240//4511 4239//4233 4193//4231
f 4240//4511 4193//4231 4192//4508
f 4191//4509 4474//4494 4475//4496
f 4191//4509 4475//4496 4241//4512
f 4481//4513 4240//4511 4192//4508
f 4481//4513 4192//4508 4480//4510
f 4481//4513 4480//4510 4191//4509
f 4481//4513 4191//4509 4241//4512
f 4147//4234 4239//4233 4240//4511
f 4147//4234 4240//4511 4148//4514
f 4149//4515 4241//4512 4475//4496
f 4149//4515 4475//4496 4476//4498
f 4481//4513 4241//4512 4149//4515
f 4481//4513 4149//4515 4482//4516
f 4148//4514 4240//4511 4481//4513
f 4148//4514 4481//4513 4482//4516
f 4217//4517 4216//4225 4147//4234
f 4217//4517 4147//4234 4148//4514
f 4149//4515 4476//4498 4477//4501
f 4149//4515 4477//4501 4218//4518
f 4483//4519 4217//4517 4148//4514
f 4483//4519 4148//4514 4482//4516
f 4483//4519 4482//4516 4149//4515
f 4483//4519 4149//4515 4218//4518
f 4478//4507 4171//4503 4390//4502
f 4390//4502 4166//4429 4449//4520
f 4449//4520 4170//4490 4390//4502
f 4390//4502 4181//4504 4478//4507
f 4449//4520 4167//4487 4170//4490
f 4450//4432 4409//4433 4167//4487
f 4450//4432 4167//4487 4449//4520
f 4449//4520 4166//4429 4410//4428
f 4449//4520 4410//4428 4450//4432
f 4159//4521 4157//4438 4374//4344
f 4163//4311 4164//4307 4162//4522
f 4163//4311 4162//4522 4161//4523
f 4495//4524 4370//4431 4412//4309
f 4495//4524 4412//4309 4163//4311
f 4496//4525 4369//4434 4370//4431
f 4496//4525 4370//4431 4495//4524
f 4371//4526 4161//4523 4485//4527
f 4374//4344 4375//4343 4372//4528
f 4374//4344 4372//4528 4371//4526
f 4485//4527 4159//4521 4374//4344
f 4485//4527 4374//4344 4371//4526
f 4186//4332 4187//4454 4176//4452
f 4186//4332 4176//4452 4175//4529
f 4485//4527 4161//4523 4162//4522
f 4485//4527 4162//4522 4484//4530
f 4176//4452 4158//4443 4160//4531
f 4176//4452 4160//4531 4175//4529
f 4174//4532 4162//4522 4164//4307
f 4174//4532 4164//4307 4173//4240
f 4174//4532 4173//4240 4184//4229
f 4174//4532 4184//4229 4185//4330
f 4185//4330 4186//4332 4175//4529
f 4185//4330 4175//4529 4174//4532
f 4158//4443 4157//4438 4159//4521
f 4158//4443 4159//4521 4160//4531
f 4160//4531 4159//4521 4485//4527
f 4160//4531 4485//4527 4484//4530
f 4486//4533 4175//4529 4160//4531
f 4160//4531 4484//4530 4486//4533
f 4486//4533 4484//4530 4162//4522
f 4486//4533 4162//4522 4174//4532
f 4174//4532 4175//4529 4486//4533
f 4245//4226 4216//4225 4217//4517
f 4245//4226 4217//4517 4244//4534
f 4483//4519 4218//4518 4244//4534
f 4244//4534 4217//4517 4483//4519
f 4244//4534 4218//4518 4477//4501
f 4244//4534 4477//4501 4243//4500
f 4244//4534 4243//4500 4227//4535
f 4244//4534 4227//4535 4228//4536
f 4228//4536 4227//4535 4222//4537
f 4228//4536 4222//4537 4238//4538
f 4330//4464 4329//4247 4351//4246
f 4330//4464 4351//4246 4350//4539
f 4350//4539 4331//4465 4467//4468
f 4336//4540 4227//4535 4243//4500
f 4336//4540 4243//4500 4350//4539
f 4467//4468 4330//4464 4350//4539
f 4243//4500 4465//4485 4331//4465
f 4243//4500 4331//4465 4350//4539
f 4332//4541 4222//4537 4227//4535
f 4332//4541 4227//4535 4336//4540
f 4248//4268 4247//4270 4230//4542
f 4338//4543 4353//4243 4354//4427
f 4231//4544 4232//4370 4251//4319
f 4231//4544 4251//4319 4250//4223
f 4249//4222 4248//4268 4230//4542
f 4249//4222 4230//4542 4231//4544
f 4250//4223 4249//4222 4231//4544
f 4231//4544 4230//4542 4224//4545
f 4231//4544 4224//4545 4237//4546
f 4225//4371 4232//4370 4231//4544
f 4225//4371 4231//4544 4237//4546
f 4224//4545 4381//4547 4221//4548
f 4224//4545 4221//4548 4237//4546
f 4221//4548 4381//4547 4345//4549
f 4221//4548 4345//4549 4333//4550
f 4333//4550 4339//4551 4340//4412
f 4333//4550 4340//4412 4334//4411
f 4333//4550 4345//4549 4338//4543
f 4333//4550 4338//4543 4339//4551
f 4339//4551 4338//4543 4354//4427
f 4339//4551 4354//4427 4355//4282
f 4356//4281 4357//4414 4340//4412
f 4356//4281 4340//4412 4339//4551
f 4339//4551 4355//4282 4356//4281
f 4380//4552 4222//4537 4332//4541
f 4229//4553 4228//4536 4238//4538
f 4229//4553 4238//4538 4223//4554
f 4245//4226 4244//4534 4228//4536
f 4245//4226 4228//4536 4229//4553
f 4229//4553 4223//4554 4224//4545
f 4229//4553 4224//4545 4230//4542
f 4229//4553 4230//4542 4247//4270
f 4229//4553 4247//4270 4246//4227
f 4246//4227 4245//4226 4229//4553
f 4346//4555 4345//4549 4381//4547
f 4346//4555 4381//4547 4380//4552
f 4238//4538 4222//4537 4380//4552
f 4223//4554 4238//4538 4380//4552
f 4380//4552 4381//4547 4224//4545
f 4380//4552 4224//4545 4223//4554
f 4380//4552 4332//4541 4346//4555
f 4337//4556 4351//4246 4352//4244
f 4346//4555 4332//4541 4336//4540
f 4346//4555 4336//4540 4337//4556
f 4337//4556 4336//4540 4350//4539
f 4337//4556 4350//4539 4351//4246
f 4338//4543 4345//4549 4346//4555
f 4338//4543 4346//4555 4337//4556
f 4352//4244 4353//4243 4338//4543
f 4352//4244 4338//4543 4337//4556
f 4221//4548 4226//4367 4225//4371
f 4221//4548 4220//4297 4234//4356
f 4221//4548 4234//4356 4226//4367
f 4335//4410 4342//4298 4220//4297
f 4335//4410 4220//4297 4221//4548
f 4221//4548 4225//4371 4237//4546
f 4333//4550 4334//4411 4221//4548
f 4221//4548 4334//4411 4335//4410
f 4387//4275 4144//4274 4255//4557
f 4387//4275 4255//4557 4388//4558
f 4256//4559 4145//4273 4387//4275
f 4256//4559 4387//4275 4388//4558
f 4256//4559 4257//4232 4146//4235
f 4256//4559 4146//4235 4145//4273
f 4195//4331 4185//4330 4184//4229
f 4195//4331 4184//4229 4194//4228
f 4195//4331 4194//4228 4257//4232
f 4195//4331 4257//4232 4256//4559
f 4195//4331 4256//4559 4488//4560
f 4488//4560 4418//4329 4195//4331
f 4197//4453 4417//4333 4196//4561
f 4488//4560 4256//4559 4388//4558
f 4488//4560 4388//4558 4487//4562
f 4254//4563 4255//4557 4144//4274
f 4254//4563 4144//4274 4143//4239
f 4487//4562 4255//4557 4254//4563
f 4254//4563 4143//4239 4142//4237
f 4254//4563 4142//4237 4253//4362
f 4254//4563 4253//4362 4198//4364
f 4254//4563 4198//4364 4197//4453
f 4254//4563 4197//4453 4196//4561
f 4254//4563 4196//4561 4487//4562
f 4487//4562 4388//4558 4255//4557
f 4487//4562 4196//4561 4418//4329
f 4487//4562 4418//4329 4488//4560
f 4285//4564 4283//4251 4284//4250
f 4285//4564 4284//4250 4286//4335
f 4285//4564 4368//4315 4497//4565
f 4497//4565 4368//4315 4369//4434
f 4497//4565 4369//4434 4496//4525
f 4373//4566 4281//4248 4283//4251
f 4373//4566 4283//4251 4497//4565
f 4497//4565 4283//4251 4285//4564
f 4285//4564 4286//4335 4382//4313
f 4285//4564 4382//4313 4405//4312
f 4405//4312 4368//4315 4285//4564
f 4376//4567 4373//4566 4372//4528
f 4376//4567 4372//4528 4375//4343
f 4376//4567 4375//4343 4422//4436
f 4275//4568 4276//4305 4278//4302
f 4275//4568 4278//4302 4277//4569
f 4277//4569 4278//4302 4280//4301
f 4277//4569 4280//4301 4279//4570
f 4279//4570 4280//4301 4282//4249
f 4279//4570 4282//4249 4281//4248
f 4490//4571 4277//4569 4279//4570
f 4279//4570 4376//4567 4490//4571
f 4490//4571 4489//4572 4275//4568
f 4490//4571 4275//4568 4277//4569
f 4489//4572 4490//4571 4376//4567
f 4489//4572 4376//4567 4379//4573
f 4379//4573 4376//4567 4422//4436
f 4422//4436 4378//4347 4151//4574
f 4151//4574 4152//4349 4399//4374
f 4433//4376 4402//4372 4274//4373
f 4433//4376 4274//4373 4434//4575
f 4399//4374 4433//4376 4434//4575
f 4273//4576 4275//4568 4489//4572
f 4378//4347 4423//4350 4151//4574
f 4151//4574 4423//4350 4152//4349
f 4151//4574 4399//4374 4434//4575
f 4491//4577 4151//4574 4434//4575
f 4273//4576 4274//4373 4276//4305
f 4273//4576 4276//4305 4275//4568
f 4491//4577 4434//4575 4274//4373
f 4491//4577 4274//4373 4273//4576
f 4489//4572 4379//4573 4273//4576
f 4273//4576 4379//4573 4491//4577
f 4491//4577 4379//4573 4422//4436
f 4491//4577 4422//4436 4151//4574
f 4392//4294 4492//4291 4398//4295
f 4392//4294 4312//4286 4493//4289
f 4392//4294 4493//4289 4492//4291
f 4312//4286 4391//4278 4302//4277
f 4312//4286 4302//4277 4493//4289
f 4303//4290 4295//4304 4304//4293
f 4178//4445 4494//4446 4455//4447
f 4178//4445 4455//4447 4456//4449
f 4414//4348 4494//4446 4178//4445
f 4189//4354 4421//4342 4456//4449
f 4389//4310 4390//4502 4171//4503
f 4359//4263 4360//4280 4313//4337
f 4371//4526 4495//4524 4163//4311
f 4371//4526 4163//4311 4161//4523
f 4372//4528 4496//4525 4495//4524
f 4372//4528 4495//4524 4371//4526
f 4373//4566 4497//4565 4496//4525
f 4373//4566 4496//4525 4372//4528
f 4457//4451 4187//4454 4188//4448
f 4412//4309 4411//4430 4389//4310
f 4281//4248 4373//4566 4376//4567
f 4281//4248 4376//4567 4279//4570
f 4417//4333 4418//4329 4196//4561
f 4393//4420 4396//4287 4392//4294
f 4637//4578 4564//4579 4565//4580
f 4637//4578 4565//4580 4636//4581
f 4564//4579 4561//4582 4523//4583
f 4564//4579 4523//4583 4565//4580
f 4542//4584 4566//4585 4567//4586
f 4542//4584 4567//4586 4527//4587
f 4566//4585 4544//4588 4526//4589
f 4566//4585 4526//4589 4567//4586
f 4523//4583 4561//4582 4568//4590
f 4523//4583 4568//4590 4569//4591
f 4568//4590 4562//4592 4529//4593
f 4568//4590 4529//4593 4569//4591
f 4529//4593 4562//4592 4570//4594
f 4529//4593 4570//4594 4571//4595
f 4570//4594 4542//4584 4527//4587
f 4570//4594 4527//4587 4571//4595
f 4649//4596 4650//4597 4572//4598
f 4649//4596 4572//4598 4573//4599
f 4643//4600 4545//4601 4531//4602
f 4643//4600 4531//4602 4642//4603
f 4531//4602 4545//4601 4574//4604
f 4531//4602 4574//4604 4575//4605
f 4574//4604 4546//4606 4533//4607
f 4574//4604 4533//4607 4575//4605
f 4533//4607 4546//4606 4576//4608
f 4533//4607 4576//4608 4577//4609
f 4576//4608 4547//4610 4535//4611
f 4576//4608 4535//4611 4577//4609
f 4558//4612 4578//4613 4579//4614
f 4558//4612 4579//4614 4538//4615
f 4578//4613 4559//4616 4537//4617
f 4578//4613 4537//4617 4579//4614
f 4557//4618 4580//4619 4581//4620
f 4557//4618 4581//4620 4540//4621
f 4580//4619 4558//4612 4538//4615
f 4580//4619 4538//4615 4581//4620
f 4537//4617 4559//4616 4582//4622
f 4537//4617 4582//4622 4583//4623
f 4625//4624 4560//4625 4520//4626
f 4625//4624 4520//4626 4624//4627
f 4639//4628 4584//4629 4585//4630
f 4639//4628 4585//4630 4638//4631
f 4584//4629 4500//4632 4522//4633
f 4584//4629 4522//4633 4585//4630
f 4501//4634 4586//4635 4565//4580
f 4501//4634 4565//4580 4523//4583
f 4586//4635 4641//4636 4636//4581
f 4586//4635 4636//4581 4565//4580
f 4505//4637 4587//4638 4588//4639
f 4505//4637 4588//4639 4524//4640
f 4587//4638 4498//4641 4525//4642
f 4587//4638 4525//4642 4588//4639
f 4499//4643 4589//4644 4567//4586
f 4499//4643 4567//4586 4526//4589
f 4589//4644 4504//4645 4527//4587
f 4589//4644 4527//4587 4567//4586
f 4522//4633 4500//4632 4590//4646
f 4522//4633 4590//4646 4591//4647
f 4590//4646 4503//4648 4528//4649
f 4590//4646 4528//4649 4591//4647
f 4502//4650 4592//4651 4569//4591
f 4502//4650 4569//4591 4529//4593
f 4592//4651 4501//4634 4523//4583
f 4592//4651 4523//4583 4569//4591
f 4528//4649 4503//4648 4593//4652
f 4528//4649 4593//4652 4594//4653
f 4593//4652 4505//4637 4524//4640
f 4593//4652 4524//4640 4594//4653
f 4527//4587 4504//4645 4595//4654
f 4527//4587 4595//4654 4571//4595
f 4595//4654 4502//4650 4529//4593
f 4595//4654 4529//4593 4571//4595
f 4651//4655 4652//4656 4596//4657
f 4651//4655 4596//4657 4597//4658
f 4645//4659 4506//4660 4530//4661
f 4645//4659 4530//4661 4644//4662
f 4507//4663 4647//4664 4642//4603
f 4507//4663 4642//4603 4531//4602
f 4598//4665 4648//4666 4649//4596
f 4598//4665 4649//4596 4573//4599
f 4530//4661 4506//4660 4599//4667
f 4530//4661 4599//4667 4600//4668
f 4599//4667 4508//4669 4532//4670
f 4599//4667 4532//4670 4600//4668
f 4509//4671 4601//4672 4575//4605
f 4509//4671 4575//4605 4533//4607
f 4601//4672 4507//4663 4531//4602
f 4601//4672 4531//4602 4575//4605
f 4532//4670 4508//4669 4602//4673
f 4532//4670 4602//4673 4603//4674
f 4602//4673 4510//4675 4534//4676
f 4602//4673 4534//4676 4603//4674
f 4535//4611 4511//4677 4604//4678
f 4535//4611 4604//4678 4577//4609
f 4604//4678 4509//4671 4533//4607
f 4604//4678 4533//4607 4577//4609
f 4518//4679 4605//4680 4579//4614
f 4518//4679 4579//4614 4537//4617
f 4605//4680 4513//4681 4538//4615
f 4605//4680 4538//4615 4579//4614
f 4512//4682 4606//4683 4607//4684
f 4512//4682 4607//4684 4539//4685
f 4606//4683 4517//4686 4536//4687
f 4606//4683 4536//4687 4607//4684
f 4538//4615 4513//4681 4608//4688
f 4538//4615 4608//4688 4581//4620
f 4608//4688 4515//4689 4540//4621
f 4608//4688 4540//4621 4581//4620
f 4514//4690 4609//4691 4610//4692
f 4514//4690 4610//4692 4541//4693
f 4609//4691 4512//4682 4539//4685
f 4609//4691 4539//4685 4610//4692
f 4536//4687 4517//4686 4611//4694
f 4536//4687 4611//4694 4612//4695
f 4627//4696 4516//4697 4521//4698
f 4627//4696 4521//4698 4626//4699
f 4520//4626 4519//4700 4629//4701
f 4520//4626 4629//4701 4624//4627
f 4613//4702 4518//4679 4537//4617
f 4613//4702 4537//4617 4583//4623
f 4608//4688 4513//4681 4555//4703
f 4608//4688 4555//4703 4622//4704
f 4608//4688 4622//4704 4556//4705
f 4608//4688 4556//4705 4515//4689
f 4614//4706 4563//4707 4509//4671
f 4614//4706 4509//4671 4604//4678
f 4614//4706 4604//4678 4511//4677
f 4614//4706 4511//4677 4548//4708
f 4615//4709 4653//4710 4648//4666
f 4615//4709 4648//4666 4598//4665
f 4646//4711 4647//4664 4507//4663
f 4646//4711 4507//4663 4543//4712
f 4616//4713 4550//4714 4504//4645
f 4616//4713 4504//4645 4589//4644
f 4616//4713 4589//4644 4499//4643
f 4616//4713 4499//4643 4549//4715
f 4617//4716 4551//4717 4502//4650
f 4617//4716 4502//4650 4595//4654
f 4617//4716 4595//4654 4504//4645
f 4617//4716 4504//4645 4550//4714
f 4502//4650 4551//4717 4618//4718
f 4502//4650 4618//4718 4592//4651
f 4618//4718 4552//4719 4501//4634
f 4618//4718 4501//4634 4592//4651
f 4586//4635 4501//4634 4552//4719
f 4586//4635 4552//4719 4619//4720
f 4586//4635 4619//4720 4640//4721
f 4586//4635 4640//4721 4641//4636
f 4629//4701 4519//4700 4553//4722
f 4629//4701 4553//4722 4628//4723
f 4613//4702 4620//4724 4554//4725
f 4613//4702 4554//4725 4518//4679
f 4605//4680 4518//4679 4554//4725
f 4605//4680 4554//4725 4621//4726
f 4605//4680 4621//4726 4555//4703
f 4605//4680 4555//4703 4513//4681
f 4623//4727 4543//4712 4507//4663
f 4623//4727 4507//4663 4601//4672
f 4623//4727 4601//4672 4509//4671
f 4623//4727 4509//4671 4563//4707
f 4524//4640 4588//4639 4566//4585
f 4524//4640 4566//4585 4542//4584
f 4588//4639 4525//4642 4544//4588
f 4588//4639 4544//4588 4566//4585
f 4650//4597 4651//4655 4597//4658
f 4650//4597 4597//4658 4572//4598
f 4644//4662 4530//4661 4545//4601
f 4644//4662 4545//4601 4643//4600
f 4545//4601 4530//4661 4600//4668
f 4545//4601 4600//4668 4574//4604
f 4600//4668 4532//4670 4546//4606
f 4600//4668 4546//4606 4574//4604
f 4546//4606 4532//4670 4603//4674
f 4546//4606 4603//4674 4576//4608
f 4603//4674 4534//4676 4547//4610
f 4603//4674 4547//4610 4576//4608
f 4599//4667 4506//4660 4543//4712
f 4599//4667 4543//4712 4623//4727
f 4599//4667 4623//4727 4563//4707
f 4599//4667 4563//4707 4508//4669
f 4596//4657 4652//4656 4653//4710
f 4596//4657 4653//4710 4615//4709
f 4645//4659 4646//4711 4543//4712
f 4645//4659 4543//4712 4506//4660
f 4587//4638 4505//4637 4550//4714
f 4587//4638 4550//4714 4616//4713
f 4587//4638 4616//4713 4549//4715
f 4587//4638 4549//4715 4498//4641
f 4593//4652 4503//4648 4551//4717
f 4593//4652 4551//4717 4617//4716
f 4593//4652 4617//4716 4550//4714
f 4593//4652 4550//4714 4505//4637
f 4551//4717 4503//4648 4590//4646
f 4551//4717 4590//4646 4618//4718
f 4590//4646 4500//4632 4552//4719
f 4590//4646 4552//4719 4618//4718
f 4640//4721 4619//4720 4584//4629
f 4640//4721 4584//4629 4639//4628
f 4619//4720 4552//4719 4500//4632
f 4619//4720 4500//4632 4584//4629
f 4554//4725 4620//4724 4611//4694
f 4554//4725 4611//4694 4517//4686
f 4628//4723 4553//4722 4516//4697
f 4628//4723 4516//4697 4627//4696
f 4555//4703 4621//4726 4606//4683
f 4555//4703 4606//4683 4512//4682
f 4621//4726 4554//4725 4517//4686
f 4621//4726 4517//4686 4606//4683
f 4556//4705 4622//4704 4609//4691
f 4556//4705 4609//4691 4514//4690
f 4622//4704 4555//4703 4512//4682
f 4622//4704 4512//4682 4609//4691
f 4557//4618 4541//4693 4610//4692
f 4557//4618 4610//4692 4580//4619
f 4610//4692 4539//4685 4558//4612
f 4610//4692 4558//4612 4580//4619
f 4558//4612 4539//4685 4607//4684
f 4558//4612 4607//4684 4578//4613
f 4607//4684 4536//4687 4559//4616
f 4607//4684 4559//4616 4578//4613
f 4559//4616 4536//4687 4612//4695
f 4559//4616 4612//4695 4582//4622
f 4626//4699 4521//4698 4560//4625
f 4626//4699 4560//4625 4625//4624
f 4637//4578 4638//4631 4585//4630
f 4637//4578 4585//4630 4564//4579
f 4585//4630 4522//4633 4561//4582
f 4585//4630 4561//4582 4564//4579
f 4561//4582 4522//4633 4591//4647
f 4561//4582 4591//4647 4568//4590
f 4591//4647 4528//4649 4562//4592
f 4591//4647 4562//4592 4568//4590
f 4562//4592 4528//4649 4594//4653
f 4562//4592 4594//4653 4570//4594
f 4594//4653 4524//4640 4542//4584
f 4594//4653 4542//4584 4570//4594
f 4602//4673 4508//4669 4563//4707
f 4602//4673 4563//4707 4614//4706
f 4602//4673 4614//4706 4548//4708
f 4602//4673 4548//4708 4510//4675
f 4632//4728 4625//4624 4624//4627
f 4632//4728 4624//4627 4631//4729
f 4633//4730 4626//4699 4625//4624
f 4633//4730 4625//4624 4632//4728
f 4634//4731 4627//4696 4626//4699
f 4634//4731 4626//4699 4633//4730
f 4635//4732 4628//4723 4627//4696
f 4635//4732 4627//4696 4634//4731
f 4635//4732 4630//4733 4629//4701
f 4635//4732 4629//4701 4628//4723
f 4624//4627 4629//4701 4630//4733
f 4624//4627 4630//4733 4631//4729
f 4631//4729 4630//4733 4613//4702
f 4631//4729 4613//4702 4583//4623
f 4582//4622 4632//4728 4631//4729
f 4582//4622 4631//4729 4583//4623
f 4612//4695 4633//4730 4632//4728
f 4612//4695 4632//4728 4582//4622
f 4611//4694 4634//4731 4633//4730
f 4611//4694 4633//4730 4612//4695
f 4620//4724 4635//4732 4634//4731
f 4620//4724 4634//4731 4611//4694
f 4613//4702 4630//4733 4635//4732
f 4613//4702 4635//4732 4620//4724
f 4560//4625 4637//4578 4636//4581
f 4560//4625 4636//4581 4520//4626
f 4560//4625 4521//4698 4638//4631
f 4560//4625 4638//4631 4637//4578
f 4516//4697 4639//4628 4638//4631
f 4516//4697 4638//4631 4521//4698
f 4553//4722 4640//4721 4639//4628
f 4553//4722 4639//4628 4516//4697
f 4641//4636 4640//4721 4553//4722
f 4641//4636 4553//4722 4519//4700
f 4636//4581 4641//4636 4519//4700
f 4636//4581 4519//4700 4520//4626
f 4572//4598 4643//4600 4642//4603
f 4572//4598 4642//4603 4573//4599
f 4597//4658 4644//4662 4643//4600
f 4597//4658 4643//4600 4572//4598
f 4596//4657 4645//4659 4644//4662
f 4596//4657 4644//4662 4597//4658
f 4596//4657 4615//4709 4646//4711
f 4596//4657 4646//4711 4645//4659
f 4615//4709 4598//4665 4647//4664
f 4615//4709 4647//4664 4646//4711
f 4642//4603 4647//4664 4598//4665
f 4642//4603 4598//4665 4573//4599
f 4648//4666 4499//4643 4526//4589
f 4648//4666 4526//4589 4649//4596
f 4526//4589 4544//4588 4650//4597
f 4526//4589 4650//4597 4649//4596
f 4544//4588 4525//4642 4651//4655
f 4544//4588 4651//4655 4650//4597
f 4525//4642 4498//4641 4652//4656
f 4525//4642 4652//4656 4651//4655
f 4653//4710 4652//4656 4498//4641
f 4653//4710 4498//4641 4549//4715
f 4648//4666 4653//4710 4549//4715
f 4648//4666 4549//4715 4499//4643
f 4674//4734 4718//4735 4719//4736
f 4674//4734 4719//4736 4656//4737
f 4656//4737 4719//4736 4720//4738
f 4656//4737 4720//4738 4666//4739
f 4658//4740 4708//4741 4709//4742
f 4658//4740 4709//4742 4671//4743
f 4667//4744 4714//4745 4715//4746
f 4667//4744 4715//4746 4654//4747
f 4675//4748 4676//4749 4669//4750
f 4675//4748 4669//4750 4657//4751
f 4673//4752 4674//4734 4656//4737
f 4673//4752 4656//4737 4666//4739
f 4671//4743 4672//4753 4662//4754
f 4671//4743 4662//4754 4658//4740
f 4660//4755 4712//4756 4713//4757
f 4660//4755 4713//4757 4663//4758
f 4665//4759 4677//4760 4670//4761
f 4665//4759 4670//4761 4659//4762
f 4662//4754 4721//4763 4708//4741
f 4662//4754 4708//4741 4658//4740
f 4672//4753 4673//4752 4666//4739
f 4672//4753 4666//4739 4662//4754
f 4663//4758 4713//4757 4714//4745
f 4663//4758 4714//4745 4667//4744
f 4669//4750 4676//4749 4677//4760
f 4669//4750 4677//4760 4665//4759
f 4666//4739 4720//4738 4721//4763
f 4666//4739 4721//4763 4662//4754
f 4671//4743 4709//4742 4710//4764
f 4671//4743 4710//4764 4679//4765
f 4679//4765 4680//4766 4672//4753
f 4679//4765 4672//4753 4671//4743
f 4680//4766 4681//4767 4673//4752
f 4680//4766 4673//4752 4672//4753
f 4681//4767 4682//4768 4674//4734
f 4681//4767 4674//4734 4673//4752
f 4682//4768 4717//4769 4718//4735
f 4682//4768 4718//4735 4674//4734
f 4683//4770 4684//4771 4676//4749
f 4683//4770 4676//4749 4675//4748
f 4677//4760 4676//4749 4684//4771
f 4677//4760 4684//4771 4685//4772
f 4670//4761 4677//4760 4685//4772
f 4670//4761 4685//4772 4678//4773
f 4679//4765 4710//4764 4711//4774
f 4679//4765 4711//4774 4687//4775
f 4687//4775 4688//4776 4680//4766
f 4687//4775 4680//4766 4679//4765
f 4688//4776 4689//4777 4681//4767
f 4688//4776 4681//4767 4680//4766
f 4689//4777 4690//4778 4682//4768
f 4689//4777 4682//4768 4681//4767
f 4690//4778 4716//4779 4717//4769
f 4690//4778 4717//4769 4682//4768
f 4691//4780 4692//4781 4684//4771
f 4691//4780 4684//4771 4683//4770
f 4685//4772 4684//4771 4692//4781
f 4685//4772 4692//4781 4693//4782
f 4678//4773 4685//4772 4693//4782
f 4678//4773 4693//4782 4686//4783
f 4687//4775 4711//4774 4712//4756
f 4687//4775 4712//4756 4660//4755
f 4660//4755 4663//4758 4688//4776
f 4660//4755 4688//4776 4687//4775
f 4663//4758 4667//4744 4689//4777
f 4663//4758 4689//4777 4688//4776
f 4667//4744 4654//4747 4690//4778
f 4667//4744 4690//4778 4689//4777
f 4654//4747 4715//4746 4716//4779
f 4654//4747 4716//4779 4690//4778
f 4655//4784 4668//4785 4692//4781
f 4655//4784 4692//4781 4691//4780
f 4693//4782 4692//4781 4668//4785
f 4693//4782 4668//4785 4664//4786
f 4686//4783 4693//4782 4664//4786
f 4686//4783 4664//4786 4661//4787
f 4694//4788 4659//4762 4670//4761
f 4694//4788 4670//4761 4695//4789
f 4696//4790 4695//4789 4670//4761
f 4696//4790 4670//4761 4678//4773
f 4697//4791 4696//4790 4678//4773
f 4697//4791 4678//4773 4686//4783
f 4698//4792 4697//4791 4686//4783
f 4698//4792 4686//4783 4661//4787
f 4699//4793 4698//4792 4661//4787
f 4699//4793 4661//4787 4664//4786
f 4700//4794 4699//4793 4664//4786
f 4700//4794 4664//4786 4668//4785
f 4701//4795 4700//4794 4668//4785
f 4701//4795 4668//4785 4655//4784
f 4702//4796 4701//4795 4655//4784
f 4702//4796 4655//4784 4691//4780
f 4703//4797 4702//4796 4691//4780
f 4703//4797 4691//4780 4683//4770
f 4704//4798 4703//4797 4683//4770
f 4704//4798 4683//4770 4675//4748
f 4705//4799 4704//4798 4675//4748
f 4705//4799 4675//4748 4657//4751
f 4706//4800 4705//4799 4657//4751
f 4706//4800 4657//4751 4669//4750
f 4707//4801 4706//4800 4669//4750
f 4707//4801 4669//4750 4665//4759
f 4694//4788 4707//4801 4665//4759
f 4694//4788 4665//4759 4659//4762
f 4708//4741 4694//4788 4695//4789
f 4708//4741 4695//4789 4709//4742
f 4710//4764 4709//4742 4695//4789
f 4710//4764 4695//4789 4696//4790
f 4711//4774 4710//4764 4696//4790
f 4711//4774 4696//4790 4697//4791
f 4712//4756 4711//4774 4697//4791
f 4712//4756 4697//4791 4698//4792
f 4713//4757 4712//4756 4698//4792
f 4713//4757 4698//4792 4699//4793
f 4714//4745 4713//4757 4699//4793
f 4714//4745 4699//4793 4700//4794
f 4715//4746 4714//4745 4700//4794
f 4715//4746 4700//4794 4701//4795
f 4716//4779 4715//4746 4701//4795
f 4716//4779 4701//4795 4702//4796
f 4717//4769 4716//4779 4702//4796
f 4717//4769 4702//4796 4703//4797
f 4718//4735 4717//4769 4703//4797
f 4718//4735 4703//4797 4704//4798
f 4719//4736 4718//4735 4704//4798
f 4719//4736 4704//4798 4705//4799
f 4720//4738 4719//4736 4705//4799
f 4720//4738 4705//4799 4706//4800
f 4721//4763 4720//4738 4706//4800
f 4721//4763 4706//4800 4707//4801
f 4708//4741 4721//4763 4707//4801
f 4708//4741 4707//4801 4694//4788
f 4737//4802 4731//4803 4728//4804
f 4737//4802 4728//4804 4736//4805
f 4731//4803 4737//4802 4739//4806
f 4731//4803 4739//4806 4740//4807
f 4739//4806 4749//4808 4750//4809
f 4739//4806 4750//4809 4740//4807
f 4736//4805 4728//4804 4745//4810
f 4722//4811 4730//4812 4729//4813
f 4722//4811 4729//4813 4726//4814
f 4728//4804 4731//4803 4723//4815
f 4728//4804 4723//4815 4727//4816
f 4730//4812 4722//4811 4741//4817
f 4730//4812 4741//4817 4742//4818
f 4741//4817 4753//4819 4754//4820
f 4741//4817 4754//4820 4742//4818
f 4751//4821 4743//4822 4740//4807
f 4751//4821 4740//4807 4750//4809
f 4743//4822 4723//4815 4731//4803
f 4743//4822 4731//4803 4740//4807
f 4747//4823 4726//4814 4729//4813
f 4747//4823 4729//4813 4746//4824
f 4728//4804 4727//4816 4748//4825
f 4728//4804 4748//4825 4745//4810
f 4751//4821 4752//4826 4744//4827
f 4751//4821 4744//4827 4743//4822
f 4744//4827 4735//4828 4723//4815
f 4744//4827 4723//4815 4743//4822
f 4752//4826 4753//4819 4741//4817
f 4752//4826 4741//4817 4744//4827
f 4741//4817 4722//4811 4735//4828
f 4741//4817 4735//4828 4744//4827
f 4746//4824 4729//4813 4736//4805
f 4730//4812 4737//4802 4736//4805
f 4730//4812 4736//4805 4729//4813
f 4737//4802 4730//4812 4742//4818
f 4737//4802 4742//4818 4739//4806
f 4742//4818 4754//4820 4749//4808
f 4742//4818 4749//4808 4739//4806
f 4755//4829 4745//4810 4748//4825
f 4755//4829 4748//4825 4756//4830
f 4755//4829 4756//4830 4747//4823
f 4755//4829 4747//4823 4746//4824
f 4749//4808 4738//4831 4733//4832
f 4749//4808 4733//4832 4750//4809
f 4724//4833 4751//4821 4750//4809
f 4724//4833 4750//4809 4733//4832
f 4724//4833 4734//4834 4752//4826
f 4724//4833 4752//4826 4751//4821
f 4734//4834 4725//4835 4753//4819
f 4734//4834 4753//4819 4752//4826
f 4754//4820 4753//4819 4725//4835
f 4754//4820 4725//4835 4732//4836
f 4749//4808 4754//4820 4732//4836
f 4749//4808 4732//4836 4738//4831
f 4736//4805 4745//4810 4755//4829
f 4746//4824 4736//4805 4755//4829
f 4748//4825 4757//4837 4756//4830
f 4735//4828 4757//4837 4727//4816
f 4735//4828 4727//4816 4723//4815
f 4722//4811 4726//4814 4757//4837
f 4722//4811 4757//4837 4735//4828
f 4756//4830 4757//4837 4747//4823
f 4727//4816 4757//4837 4748//4825
f 4747//4823 4757//4837 4726//4814
f 4759//4838 4758//4839 4771//4840
f 4759//4838 4771//4840 4760//4841
f 4779//4842 4778//4843 4792//4844
f 4763//4845 4765//4846 4777//4847
f 4776//4848 4766//4849 4795//4850
f 4776//4848 4795//4850 4767//4851
f 4767//4851 4796//4852 4768//4853
f 4767//4851 4768//4853 4775//4854
f 4798//4855 4770//4856 4773//4857
f 4798//4855 4773//4857 4769//4858
f 4770//4856 4771//4840 4758//4839
f 4770//4856 4758//4839 4772//4859
f 4760//4841 4771//4840 4799//4860
f 4760//4841 4799//4860 4800//4861
f 4758//4839 4759//4838 4801//4862
f 4758//4839 4801//4862 4784//4863
f 4783//4864 4772//4859 4758//4839
f 4783//4864 4758//4839 4784//4863
f 4773//4857 4770//4856 4772//4859
f 4773//4857 4772//4859 4782//4865
f 4773//4857 4774//4866 4768//4853
f 4773//4857 4768//4853 4769//4858
f 4790//4867 4775//4854 4768//4853
f 4790//4867 4768//4853 4774//4866
f 4780//4868 4776//4848 4767//4851
f 4780//4868 4767//4851 4775//4854
f 4777//4847 4766//4849 4776//4848
f 4777//4847 4776//4848 4778//4843
f 4766//4849 4777//4847 4765//4846
f 4766//4849 4765//4846 4794//4869
f 4763//4845 4777//4847 4778//4843
f 4763//4845 4778//4843 4779//4842
f 4763//4845 4779//4842 4793//4870
f 4763//4845 4793//4870 4764//4871
f 4790//4867 4774//4866 4781//4872
f 4790//4867 4781//4872 4789//4873
f 4781//4872 4774//4866 4773//4857
f 4781//4872 4773//4857 4782//4865
f 4761//4874 4784//4863 4801//4862
f 4761//4874 4801//4862 4785//4875
f 4761//4874 4787//4876 4783//4864
f 4761//4874 4783//4864 4784//4863
f 4788//4877 4782//4865 4772//4859
f 4788//4877 4772//4859 4783//4864
f 4803//4878 4781//4872 4782//4865
f 4803//4878 4782//4865 4788//4877
f 4790//4867 4791//4879 4780//4868
f 4790//4867 4780//4868 4775//4854
f 4792//4844 4778//4843 4776//4848
f 4792//4844 4776//4848 4780//4868
f 4810//4880 4764//4871 4793//4870
f 4810//4880 4793//4870 4806//4881
f 4810//4880 4809//4882 4765//4846
f 4810//4880 4765//4846 4764//4871
f 4794//4869 4765//4846 4809//4882
f 4794//4869 4809//4882 4805//4883
f 4795//4850 4766//4849 4794//4869
f 4795//4850 4794//4869 4804//4884
f 4796//4852 4767//4851 4795//4850
f 4796//4852 4795//4850 4808//4885
f 4769//4858 4768//4853 4796//4852
f 4769//4858 4796//4852 4797//4886
f 4771//4840 4770//4856 4798//4855
f 4771//4840 4798//4855 4799//4860
f 4762//4887 4800//4861 4799//4860
f 4799//4860 4811//4888 4762//4887
f 4786//4889 4798//4855 4769//4858
f 4786//4889 4769//4858 4797//4886
f 4787//4876 4786//4889 4797//4886
f 4787//4876 4797//4886 4802//4890
f 4787//4876 4802//4890 4788//4877
f 4787//4876 4788//4877 4783//4864
f 4808//4885 4803//4878 4788//4877
f 4808//4885 4788//4877 4802//4890
f 4804//4884 4803//4878 4808//4885
f 4804//4884 4808//4885 4795//4850
f 4804//4884 4789//4873 4781//4872
f 4804//4884 4781//4872 4803//4878
f 4805//4883 4789//4873 4804//4884
f 4805//4883 4804//4884 4794//4869
f 4790//4867 4789//4873 4805//4883
f 4790//4867 4805//4883 4791//4879
f 4807//4891 4792//4844 4780//4868
f 4807//4891 4780//4868 4791//4879
f 4806//4881 4793//4870 4792//4844
f 4806//4881 4792//4844 4807//4891
f 4807//4891 4791//4879 4805//4883
f 4807//4891 4805//4883 4809//4882
f 4796//4852 4808//4885 4802//4890
f 4796//4852 4802//4890 4797//4886
f 4807//4891 4809//4882 4810//4880
f 4807//4891 4810//4880 4806//4881
f 4763//4845 4764//4871 4765//4846
f 4779//4842 4792//4844 4793//4870
f 4799//4860 4798//4855 4786//4889
f 4799//4860 4786//4889 4811//4888
f 4761//4874 4811//4888 4786//4889
f 4761//4874 4786//4889 4787//4876
f 2808//2896 2741//2894 4903//13 4905//2
f 2708//2881 4901//28 4902//12
f 2641//2745 4896//76 4895//75
f 2764//2844 4893//34 4894//33 2763//2848
f 2764//2844 4892//35 4893//34
f 2763//2848 4894//33 4891//32 2732//2842
f 2753//2809 4875//15 4886//8
f 2651//2731 4873//62 4872//61
f 2764//2844 2714//2843 4865//30 4866//29
f 2712//2764 4874//43 4861//44 2707//2771
f 2670//2858 4853//65 4854//64
f 2760//2837 2705//2835 4889//23 4851//27
f 2678//2839 2760//2837 4851//27 4890//91
f 2679//2834 4850//55 4884//54
f 2708//2881 4848//92 4901//28
f 2654//2831 2679//2834 4862//57 4845//53
f 2759//2833 2654//2831 4845//53 4877//47
f 2753//2809 2720//2807 4844//20 4875//15
f 2708//2881 2707//2771 4843//38 4848//92
f 41//135 4839//4892 4838//4893 4//116
f 23//114 4//116 4838//4893 4837//4894
f 2759//2833 4877//47 4830//46
f 2679//2834 4884//54 4829//86
f 2808//2896 4905//2 4828//1
f 2670//2858 2677//2857 4826//6 4853//65
f 2677//2857 4825//68 4826//6
f 2677//2857 2649//2856 4824//69 4825//68
f 2649//2856 2644//2855 4852//87 4823//4
f 2649//2856 4823//4 4824//69
f 2644//2855 4822//67 4833//66
f 2644//2855 2643//2713 4820//5 4822//67
f 2645//2740 4819//73 4820//5 2643//2713
f 2651//2731 4872//61 4818//81 2653//2732
f 2741//2894 2717//2810 4817//11 4858//10
f 2641//2745 4895//75 4816//52 2686//2744
f 2720//2807 2639//2808 4885//24 4813//22
f 2720//2807 4813//22 4844//20
f 2652//2734 2653//2732 4818//81 4812//80
f 2652//2734 4812//80 4850//55 2679//2834
