# Blender 5.2.1 LTS
# www.blender.org
o PatSupine_legs
v 0.058077 0.076703 0.123460
v 0.065610 0.090809 0.112205
v 0.058098 0.078028 0.110161
v 0.065497 0.089604 0.123132
v 0.051450 0.064486 0.112535
v 0.052751 0.063337 0.124176
v 0.050364 0.050705 0.128288
v 0.049326 0.048093 0.120920
v 0.050398 0.055906 0.119396
v 0.048857 0.055528 0.113549
v 0.047940 0.046304 0.114382
v 0.046661 0.053350 0.108077
v 0.047477 0.059176 0.102401
v 0.053937 0.073904 0.099487
v 0.045442 0.058760 0.090616
v 0.043872 0.043448 0.101557
v 0.045853 0.044827 0.108079
v 0.048743 0.036240 0.115943
v 0.047210 0.035961 0.109824
v 0.048267 0.026940 0.106135
v 0.041625 0.041916 0.092099
v 0.045433 0.022845 0.095857
v 0.052102 0.026638 0.117730
v 0.058053 0.013438 0.121332
v 0.055596 0.009760 0.110496
v 0.067179 -0.001588 0.114915
v 0.055177 0.004216 0.099806
v 0.067149 -0.007506 0.106815
v 0.069149 0.002986 0.124418
v 0.084129 0.001344 0.124306
v 0.085887 0.005802 0.133507
v 0.061723 0.017052 0.131994
v 0.072019 0.006563 0.134290
v 0.053375 0.031404 0.128857
v 0.049528 0.038184 0.122050
v 0.097252 0.011228 0.131696
v 0.096496 0.006629 0.121866
v 0.082348 -0.003905 0.115512
v 0.095700 0.000611 0.112483
v 0.105036 0.017164 0.118796
v 0.105824 0.011083 0.108582
v 0.110751 0.031718 0.116538
v 0.116019 0.048813 0.114609
v 0.111740 0.026414 0.104810
v 0.106794 0.003986 0.099440
v 0.118819 0.044990 0.101151
v 0.113092 0.019317 0.094342
v 0.115284 0.013160 0.086250
v 0.117934 0.036952 0.089838
v 0.119157 0.035693 0.080003
v 0.121086 0.053051 0.093822
v 0.120997 0.049984 0.087277
v 0.120347 0.062689 0.086460
v 0.120513 0.060902 0.080050
v 0.120995 0.048772 0.082014
v 0.119598 0.064388 0.093377
v 0.108724 0.078877 0.096568
v 0.115058 0.072912 0.091875
v 0.114987 0.072926 0.085836
v 0.118128 0.065314 0.101405
v 0.115052 0.067419 0.112900
v 0.102590 0.081793 0.109476
v 0.095508 0.087573 0.102139
v 0.096962 0.087175 0.094660
v 0.088293 0.094418 0.102772
v 0.088081 0.096208 0.094332
v 0.077614 0.098944 0.103596
v 0.077731 0.097317 0.112338
v 0.077104 0.100734 0.095152
v 0.066604 0.093877 0.103689
v 0.066211 0.095654 0.095462
v 0.061449 0.085666 0.103274
v 0.060152 0.085063 0.096380
v 0.058752 0.085259 0.087082
v 0.065235 0.097388 0.086583
v 0.051704 0.073173 0.088918
v 0.050171 0.073696 0.078416
v 0.057228 0.087089 0.077116
v 0.045098 0.058364 0.080063
v 0.048242 0.074596 0.068547
v 0.055226 0.089413 0.066940
v 0.044664 0.058001 0.070138
v 0.043229 0.038915 0.072562
v 0.041495 0.040110 0.082210
v 0.044633 0.020706 0.085874
v 0.052394 0.003778 0.089967
v 0.058023 -0.006760 0.095220
v 0.067786 -0.015805 0.101440
v 0.081523 -0.011369 0.108728
v 0.068246 -0.024986 0.096423
v 0.080836 -0.019220 0.104356
v 0.093278 -0.025359 0.097170
v 0.080841 -0.027814 0.099483
v 0.095800 -0.008240 0.104498
v 0.093115 -0.017073 0.102004
v 0.100897 -0.012611 0.098188
v 0.102958 -0.020095 0.092670
v 0.108714 -0.002371 0.092437
v 0.111328 -0.010784 0.086380
v 0.104420 -0.029435 0.086941
v 0.113359 -0.021654 0.080562
v 0.117973 0.003268 0.078877
v 0.123898 0.023909 0.070123
v 0.120078 0.052484 0.067581
v 0.113378 0.074212 0.067128
v 0.120562 0.057734 0.074910
v 0.111881 0.076816 0.076294
v 0.115780 0.071245 0.080213
v 0.097805 0.088411 0.085410
v 0.100226 0.089884 0.075659
v 0.108108 0.079834 0.085776
v 0.091300 0.103026 0.066070
v 0.103294 0.090772 0.066153
v 0.089305 0.100413 0.076027
v 0.088242 0.098191 0.085577
v 0.076397 0.102858 0.086300
v 0.076165 0.105344 0.076620
v 0.075998 0.108503 0.066226
v 0.064195 0.099915 0.076898
v 0.063270 0.102572 0.066510
v 0.093804 -0.034451 0.092004
v 0.081432 -0.036454 0.094228
v -0.057657 0.076703 0.123465
v -0.065189 0.090811 0.112212
v -0.065076 0.089604 0.123138
v -0.057677 0.078031 0.110166
v -0.051029 0.064488 0.112538
v -0.052331 0.063337 0.124179
v -0.053863 0.065690 0.138231
v -0.057710 0.077244 0.137007
v -0.051901 0.053907 0.139934
v -0.049942 0.050704 0.128288
v -0.055243 0.033826 0.142675
v -0.052954 0.031404 0.128853
v -0.064116 0.019119 0.144186
v -0.061302 0.017050 0.131988
v -0.051681 0.026639 0.117725
v -0.057631 0.013438 0.121326
v -0.071596 0.006561 0.134282
v -0.085465 0.005799 0.133499
v -0.068726 0.002986 0.124410
v -0.055172 0.009763 0.110489
v -0.066755 -0.001587 0.114906
v -0.083706 0.001343 0.124297
v -0.096830 0.011226 0.131688
v -0.096073 0.006629 0.121858
v -0.081924 -0.003905 0.115501
v -0.095278 0.000612 0.112474
v -0.095377 -0.008238 0.104487
v -0.106370 0.003990 0.099430
v -0.081101 -0.011367 0.108716
v -0.105399 0.011084 0.108573
v -0.104614 0.017164 0.118789
v -0.110330 0.031718 0.116533
v -0.111318 0.026416 0.104804
v -0.115597 0.048814 0.114607
v -0.118396 0.044993 0.101148
v -0.114631 0.067419 0.112902
v -0.113052 0.068670 0.125754
v -0.102170 0.081794 0.109480
v -0.117707 0.065316 0.101406
v -0.108302 0.078881 0.096572
v -0.119174 0.064392 0.093378
v -0.114636 0.072916 0.091877
v -0.107685 0.079838 0.085778
v -0.114565 0.072932 0.085837
v -0.120090 0.060908 0.080050
v -0.119925 0.062695 0.086460
v -0.115357 0.071251 0.080214
v -0.111457 0.076822 0.076295
v -0.120138 0.057740 0.074909
v -0.118734 0.035699 0.079998
v -0.120572 0.048778 0.082012
v -0.120575 0.049989 0.087276
v -0.117511 0.036957 0.089834
v -0.112668 0.019321 0.094335
v -0.114860 0.013164 0.086244
v -0.108291 -0.002367 0.092428
v -0.100472 -0.012608 0.098177
v -0.092691 -0.017070 0.101992
v -0.102534 -0.020092 0.092662
v -0.092853 -0.025357 0.097164
v -0.080416 -0.027811 0.099472
v -0.080412 -0.019217 0.104343
v -0.067362 -0.015803 0.101429
v -0.067822 -0.024982 0.096411
v -0.066726 -0.007503 0.106806
v -0.054755 0.004220 0.099799
v -0.045010 0.022850 0.095852
v -0.047844 0.026944 0.106131
v -0.043450 0.043452 0.101557
v -0.046788 0.035963 0.109822
v -0.045431 0.044830 0.108078
v -0.048322 0.036242 0.115940
v -0.048904 0.048094 0.120920
v -0.049107 0.038185 0.122048
v -0.047519 0.046306 0.114382
v -0.048436 0.055530 0.113551
v -0.046239 0.053353 0.108078
v -0.047055 0.059180 0.102403
v -0.045019 0.058765 0.090618
v -0.053515 0.073908 0.099491
v -0.041200 0.041922 0.092098
v -0.041071 0.040116 0.082209
v -0.044210 0.020713 0.085869
v -0.044676 0.058372 0.080065
v -0.051281 0.073180 0.088922
v -0.049747 0.073704 0.078420
v -0.058330 0.085265 0.087088
v -0.056805 0.087096 0.077122
v -0.063772 0.099920 0.076904
v -0.075742 0.105348 0.076624
v -0.064813 0.097394 0.086590
v -0.059729 0.085068 0.096387
v -0.065790 0.095659 0.095470
v -0.076684 0.100738 0.095160
v -0.075974 0.102863 0.086306
v -0.087660 0.096213 0.094339
v -0.088881 0.100416 0.076029
v -0.087820 0.098195 0.085581
v -0.097382 0.088415 0.085413
v -0.099804 0.089889 0.075660
v -0.096540 0.087180 0.094665
v -0.095086 0.087576 0.102145
v -0.089586 0.092212 0.111811
v -0.087872 0.094421 0.102779
v -0.077311 0.097319 0.112347
v -0.077194 0.098948 0.103603
v -0.066181 0.093880 0.103696
v -0.061027 0.085669 0.103281
v -0.077644 0.096611 0.123012
v -0.090277 0.091820 0.123324
v -0.101512 0.080891 0.123855
v -0.049977 0.055907 0.119398
v -0.120663 0.053054 0.093821
v -0.101900 0.085649 0.080532
v -0.097180 0.085013 0.122884
v -0.095658 0.092397 0.084898
v -0.103107 0.079575 0.116282
v -0.105385 0.076061 0.078069
v -0.091388 0.018961 0.076611
v -0.068334 0.096060 0.091472
v -0.068067 -0.016266 0.076925
v -0.075031 0.097894 0.092313
v -0.081800 0.098225 0.091428
v -0.064318 0.001855 0.076693
v -0.088676 0.096417 0.088887
v -0.108307 0.066313 0.075780
v -0.054734 0.064124 0.076077
v -0.110882 0.054304 0.074770
v -0.061130 0.015448 0.075369
v -0.073900 0.000835 0.095324
v -0.077351 -0.004068 0.098797
v -0.080391 -0.006857 0.103667
v -0.082496 -0.009286 0.108415
v -0.085881 -0.010096 0.111766
v -0.091455 -0.009836 0.112585
v -0.097376 -0.006929 0.111755
v -0.099962 -0.004019 0.108092
v -0.102234 -0.001106 0.104974
v -0.105335 0.003245 0.100318
v -0.104837 0.008973 0.098240
v -0.109703 0.007586 0.094092
v -0.114724 0.026625 0.074669
v -0.113421 0.042228 0.073828
v -0.055787 0.046198 0.074097
v -0.055491 0.077326 0.079742
v -0.057919 0.029061 0.074040
v -0.057647 0.086985 0.084746
v -0.115771 0.014832 0.075370
v -0.062593 0.092433 0.088873
v -0.112849 0.009084 0.087157
v -0.110797 0.007094 0.094041
v -0.113100 0.012626 0.105099
v -0.114040 0.023851 0.109286
v -0.115545 0.035870 0.105762
v -0.120737 0.036836 0.111603
v -0.116307 0.046907 0.102680
v -0.121082 0.047567 0.107667
v -0.125854 0.047935 0.106032
v -0.125555 0.036546 0.109978
v -0.119044 0.057236 0.109589
v -0.113962 0.056215 0.104716
v -0.111612 0.065469 0.106864
v -0.107141 0.072494 0.111500
v -0.116689 0.066858 0.111549
v -0.120583 0.068937 0.110609
v -0.112011 0.074440 0.116335
v -0.123287 0.058506 0.108277
v -0.121351 0.059289 0.101603
v -0.124648 0.047333 0.099616
v -0.127702 0.045660 0.089100
v -0.124897 0.035331 0.104025
v -0.128944 0.032166 0.091542
v -0.126031 0.021688 0.109972
v -0.129784 0.017880 0.095607
v -0.132906 0.014239 0.079940
v -0.127733 0.005097 0.102985
v -0.132611 -0.003856 0.085611
v -0.137246 -0.003841 0.061812
v -0.135613 -0.021194 0.078956
v -0.125357 -0.014501 0.103925
v -0.127569 -0.027243 0.096872
v -0.129222 -0.039221 0.090312
v -0.122479 -0.018409 0.107792
v -0.124278 -0.030999 0.100901
v -0.125111 -0.037663 0.095758
v -0.123302 -0.042476 0.096413
v -0.127249 -0.039431 0.099197
v -0.124964 -0.042757 0.099386
v -0.126276 -0.033519 0.103605
v -0.123665 -0.040905 0.101645
v -0.122916 -0.035835 0.105805
v -0.116366 -0.043154 0.102844
v -0.121052 -0.039146 0.099363
v -0.121560 -0.034678 0.103788
v -0.117097 -0.044941 0.103817
v -0.110614 -0.048342 0.107578
v -0.117166 -0.047420 0.103337
v -0.117115 -0.047120 0.100071
v -0.115174 -0.047435 0.099060
v -0.110556 -0.050209 0.103108
v -0.111254 -0.050467 0.106203
v -0.098343 -0.054036 0.108118
v -0.098202 -0.051262 0.108468
v -0.097511 -0.054515 0.106259
v -0.077581 -0.056536 0.099996
v -0.111949 -0.052989 0.102398
v -0.098097 -0.054722 0.104249
v -0.099008 -0.061437 0.101392
v -0.079093 -0.055751 0.096534
v -0.114828 -0.052243 0.097419
v -0.117626 -0.052006 0.098609
v -0.115584 -0.062106 0.093121
v -0.118126 -0.061077 0.094177
v -0.123952 -0.056527 0.090213
v -0.118321 -0.063448 0.097081
v -0.126671 -0.057664 0.093665
v -0.123475 -0.051805 0.093336
v -0.126414 -0.059479 0.093591
v -0.130112 -0.057575 0.091245
v -0.129868 -0.054295 0.093653
v -0.125118 -0.052497 0.095195
v -0.125559 -0.049448 0.096096
v -0.117729 -0.052645 0.099813
v -0.128329 -0.050149 0.095239
v -0.127187 -0.048098 0.090738
v -0.123492 -0.047748 0.093976
v -0.128668 -0.052290 0.088528
v -0.131270 -0.052134 0.085536
v -0.129554 -0.055541 0.085695
v -0.125699 -0.067486 0.086357
v -0.125107 -0.060523 0.089015
v -0.132550 -0.064836 0.081456
v -0.142850 -0.062122 0.066920
v -0.140806 -0.049374 0.070270
v -0.133382 -0.070562 0.082416
v -0.133336 -0.077405 0.077239
v -0.144942 -0.074619 0.063853
v -0.133013 -0.074394 0.081272
v -0.130716 -0.091152 0.075367
v -0.126246 -0.079289 0.082166
v -0.147116 -0.087253 0.060769
v -0.135062 -0.092833 0.072296
v -0.135491 -0.112908 0.068738
v -0.148477 -0.100595 0.058290
v -0.131279 -0.094149 0.073938
v -0.128173 -0.095789 0.078269
v -0.126903 -0.096356 0.076223
v -0.118100 -0.099444 0.078668
v -0.118405 -0.113853 0.075891
v -0.104114 -0.102488 0.078933
v -0.118627 -0.124163 0.072860
v -0.134999 -0.123690 0.067061
v -0.103633 -0.115387 0.076323
v -0.103935 -0.125534 0.074352
v -0.089886 -0.104071 0.077425
v -0.089360 -0.116773 0.075178
v -0.069287 -0.118550 0.069561
v -0.077471 -0.103618 0.075557
v -0.067797 -0.107684 0.070752
v -0.089423 -0.127077 0.073874
v -0.072544 -0.129963 0.069103
v -0.075978 -0.141054 0.068989
v -0.059423 -0.132145 0.059149
v -0.063875 -0.144174 0.059015
v -0.055278 -0.146071 0.044080
v -0.062445 -0.160101 0.044562
v -0.070306 -0.156192 0.059433
v -0.081288 -0.151323 0.069216
v -0.080801 -0.166376 0.061798
v -0.073296 -0.171095 0.047356
v -0.093999 -0.171839 0.065436
v -0.073969 -0.169526 0.039499
v -0.083428 -0.175883 0.045366
v -0.084324 -0.176128 0.052283
v -0.094670 -0.177911 0.060902
v -0.091412 -0.180779 0.052517
v -0.090002 -0.182535 0.047935
v -0.091516 -0.181890 0.053041
v -0.089172 -0.180978 0.047231
v -0.094102 -0.180293 0.058548
v -0.094831 -0.181332 0.055477
v -0.096146 -0.180915 0.053843
v -0.097442 -0.181639 0.047164
v -0.096606 -0.182918 0.048982
v -0.098015 -0.183155 0.049659
v -0.096003 -0.180496 0.059303
v -0.096910 -0.182622 0.054585
v -0.099403 -0.182747 0.055080
v -0.098642 -0.180716 0.059651
v -0.098004 -0.179026 0.063169
v -0.095412 -0.179203 0.062326
v -0.100040 -0.179604 0.058791
v -0.100603 -0.180627 0.060082
v -0.099428 -0.181776 0.053603
v -0.101143 -0.178784 0.063847
v -0.100274 -0.177504 0.063087
v -0.103475 -0.178579 0.064213
v -0.105672 -0.172949 0.066828
v -0.103717 -0.177042 0.063276
v -0.104077 -0.179506 0.058943
v -0.104102 -0.177900 0.064164
v -0.108903 -0.177156 0.064626
v -0.108811 -0.176090 0.063618
v -0.113387 -0.176638 0.063704
v -0.113244 -0.175517 0.062608
v -0.118759 -0.167562 0.064939
v -0.114483 -0.177930 0.060785
v -0.114972 -0.176981 0.058829
v -0.119291 -0.175916 0.058909
v -0.115102 -0.178225 0.059469
v -0.109867 -0.178335 0.058892
v -0.116202 -0.179580 0.057591
v -0.116533 -0.178252 0.054610
v -0.111227 -0.181395 0.055084
v -0.117029 -0.179696 0.054860
v -0.110862 -0.180148 0.054619
v -0.118914 -0.179855 0.052944
v -0.119005 -0.177999 0.050219
v -0.121751 -0.179383 0.046676
v -0.123054 -0.175703 0.042459
v -0.120405 -0.179820 0.049865
v -0.112208 -0.181995 0.049415
v -0.111848 -0.181021 0.050325
v -0.121903 -0.176585 0.047930
v -0.126662 -0.171904 0.043488
v -0.128577 -0.172879 0.044313
v -0.123900 -0.172701 0.055591
v -0.126523 -0.175353 0.041556
v -0.127795 -0.175256 0.036781
v -0.126437 -0.176571 0.039578
v -0.124398 -0.176852 0.039918
v -0.129378 -0.173085 0.037497
v -0.135032 -0.165807 0.037940
v -0.123497 -0.170213 0.033556
v -0.130106 -0.173740 0.034747
v -0.132442 -0.170289 0.033051
v -0.132289 -0.171765 0.032250
v -0.125076 -0.171902 0.029057
v -0.124650 -0.173934 0.032390
v -0.128307 -0.168527 0.026105
v -0.134106 -0.169601 0.028852
v -0.135629 -0.167648 0.029051
v -0.140811 -0.162064 0.024600
v -0.137871 -0.164267 0.023972
v -0.135537 -0.167181 0.026455
v -0.129468 -0.166111 0.023968
v -0.125875 -0.163195 0.026214
v -0.123865 -0.167620 0.029817
v -0.124859 -0.168034 0.024823
v -0.128488 -0.159213 0.023288
v -0.121711 -0.163441 0.026011
v -0.120288 -0.164220 0.021581
v -0.116340 -0.164241 0.025451
v -0.125862 -0.163908 0.021724
v -0.131934 -0.152605 0.018506
v -0.125124 -0.155769 0.015132
v -0.129995 -0.156297 0.016007
v -0.128560 -0.147877 0.009923
v -0.132479 -0.147885 0.010143
v -0.134744 -0.143163 0.012563
v -0.138240 -0.147320 0.010067
v -0.152239 -0.141717 0.012957
v -0.136871 -0.152271 0.013509
v -0.128688 -0.140939 0.011020
v -0.145715 -0.137480 0.011514
v -0.142884 -0.128008 0.009018
v -0.156434 -0.131207 0.010290
v -0.147972 -0.135101 0.006550
v -0.132165 -0.139908 0.007026
v -0.142158 -0.138079 0.006799
v -0.140493 -0.132708 0.004998
v -0.133428 -0.135060 0.005366
v -0.131245 -0.130105 0.008312
v -0.118155 -0.120931 0.005997
v -0.118034 -0.126702 0.003010
v -0.128027 -0.132175 0.004359
v -0.126429 -0.138509 0.006241
v -0.122161 -0.121656 0.002034
v -0.128673 -0.124963 0.002820
v -0.132846 -0.129095 0.004138
v -0.131375 -0.113807 0.006841
v -0.133144 -0.118200 0.001441
v -0.128596 -0.109704 0.007100
v -0.117022 -0.114806 0.007346
v -0.121967 -0.121065 0.001909
v -0.128853 -0.117837 0.001047
v -0.137388 -0.110456 0.007120
v -0.136370 -0.116411 0.001511
v -0.134742 -0.105266 0.007044
v -0.133401 -0.098563 0.007232
v -0.132451 -0.105753 0.000722
v -0.129353 -0.108063 0.000818
v -0.135738 -0.100853 0.000604
v -0.144832 -0.100339 0.007644
v -0.142056 -0.085530 0.008214
v -0.146893 -0.094835 0.000991
v -0.141280 -0.098451 0.000757
v -0.159591 -0.100106 0.008074
v -0.159103 -0.088001 0.008648
v -0.159096 -0.087031 0.027971
v -0.160735 -0.101550 0.027173
v -0.157261 -0.075168 0.008190
v -0.154704 -0.080910 0.001451
v -0.155443 -0.087962 0.001259
v -0.145415 -0.086852 0.001148
v -0.154809 -0.065156 0.008373
v -0.152398 -0.069991 0.001565
v -0.153478 -0.075358 0.001509
v -0.144563 -0.081677 0.001530
v -0.156297 -0.071151 0.029574
v -0.152036 -0.059137 0.031647
v -0.151762 -0.053205 0.009917
v -0.154760 -0.070615 0.030840
v -0.153808 -0.059514 0.030734
v -0.151028 -0.047497 0.033268
v -0.150114 -0.044163 0.011730
v -0.149323 -0.047315 0.034062
v -0.148949 -0.035181 0.013622
v -0.148067 -0.035494 0.035851
v -0.146150 -0.028605 0.016260
v -0.146435 -0.035439 0.036496
v -0.143432 -0.019017 0.038409
v -0.138123 -0.003751 0.021903
v -0.138710 -0.002987 0.040145
v -0.142086 -0.017237 0.019523
v -0.137617 -0.004004 0.040940
v -0.141944 -0.019421 0.039149
v -0.140307 -0.018845 0.059319
v -0.143855 -0.034304 0.055843
v -0.138313 -0.035925 0.074023
v -0.146743 -0.047595 0.052817
v -0.149450 -0.060157 0.049991
v -0.152283 -0.072084 0.047533
v -0.157133 -0.086816 0.043850
v -0.158616 -0.101118 0.040690
v -0.157906 -0.086393 0.029391
v -0.159381 -0.100654 0.028422
v -0.157160 -0.111551 0.040500
v -0.158571 -0.110747 0.028035
v -0.159626 -0.111651 0.026796
v -0.159114 -0.110837 0.008641
v -0.158392 -0.121764 0.026831
v -0.156896 -0.120419 0.028149
v -0.152914 -0.137595 0.028229
v -0.158601 -0.120470 0.008875
v -0.154776 -0.115310 0.001812
v -0.154035 -0.120879 0.003030
v -0.154243 -0.125378 0.004056
v -0.145750 -0.125239 0.003725
v -0.144060 -0.120184 0.002557
v -0.140272 -0.119081 0.007901
v -0.143726 -0.115512 0.001908
v -0.139710 -0.126662 0.003902
v -0.141953 -0.110733 0.001240
v -0.154260 -0.110598 0.001500
v -0.154536 -0.104629 0.001186
v -0.153558 -0.131553 0.005652
v -0.146220 -0.129565 0.004622
v -0.144778 -0.151408 0.033295
v -0.145527 -0.153334 0.032592
v -0.146938 -0.153320 0.018439
v -0.151758 -0.135977 0.029006
v -0.145777 -0.153262 0.043926
v -0.152169 -0.137713 0.040694
v -0.155953 -0.122528 0.040044
v -0.144180 -0.135841 0.056461
v -0.138662 -0.149594 0.058180
v -0.128756 -0.145890 0.065727
v -0.134512 -0.165350 0.048559
v -0.129627 -0.161132 0.062549
v -0.122881 -0.155790 0.067093
v -0.117462 -0.144549 0.069903
v -0.115908 -0.162589 0.069862
v -0.114709 -0.153316 0.070040
v -0.105883 -0.153711 0.071469
v -0.105194 -0.145378 0.071663
v -0.112580 -0.158830 0.070768
v -0.105948 -0.166091 0.071353
v -0.106207 -0.159810 0.071972
v -0.099922 -0.160626 0.072157
v -0.096853 -0.155542 0.072218
v -0.096597 -0.165636 0.070956
v -0.088261 -0.160251 0.069636
v -0.093248 -0.147468 0.072122
v -0.090159 -0.137810 0.072682
v -0.104473 -0.135820 0.072534
v -0.118226 -0.134790 0.071144
v -0.133245 -0.134081 0.066376
v -0.147145 -0.123615 0.055871
v -0.148267 -0.112296 0.056693
v -0.133569 -0.164508 0.038028
v -0.145962 -0.151931 0.014803
v -0.135164 -0.157024 0.016769
v -0.143464 -0.156310 0.017896
v -0.140016 -0.161141 0.021625
v -0.133183 -0.160759 0.019805
v -0.147295 -0.145880 0.010644
v -0.134977 0.013127 0.061296
v -0.134631 0.013128 0.042740
v -0.135523 0.014057 0.041403
v -0.132805 0.028644 0.060249
v -0.132526 0.027638 0.043424
v -0.130331 0.043353 0.042666
v -0.133559 0.028617 0.041510
v -0.134340 0.013506 0.022363
v -0.131291 0.030039 0.022157
v -0.131416 0.044520 0.041471
v -0.126245 0.057159 0.022452
v -0.127662 0.057565 0.042224
v -0.130050 0.044052 0.022020
v -0.126369 0.056211 0.043565
v -0.126426 0.057228 0.059129
v -0.122530 0.068995 0.044285
v -0.130040 0.043796 0.059277
v -0.129479 0.044275 0.075268
v -0.131632 0.029879 0.076930
v -0.126564 0.057791 0.074952
v -0.122698 0.070987 0.077028
v -0.125512 0.058596 0.089350
v -0.122420 0.070519 0.059017
v -0.117827 0.083771 0.060579
v -0.117294 0.082589 0.045058
v -0.123510 0.070472 0.043209
v -0.112620 0.096695 0.062459
v -0.118465 0.084249 0.044214
v -0.112160 0.096011 0.046103
v -0.103688 0.106932 0.048579
v -0.113408 0.097802 0.045420
v -0.103768 0.108940 0.047206
v -0.103828 0.109068 0.027613
v -0.112317 0.098141 0.024736
v -0.113588 0.099284 0.009641
v -0.117373 0.084254 0.023733
v -0.116368 0.092578 0.008742
v -0.106726 0.105028 0.008805
v -0.101843 0.101521 0.002794
v -0.100378 0.101740 0.010965
v -0.106968 0.104197 0.003458
v -0.100253 0.110235 0.004802
v -0.103394 0.107146 0.003924
v -0.098232 0.104136 0.003188
v -0.099418 0.111528 0.010131
v -0.091123 0.115889 0.011488
v -0.094289 0.108022 0.004149
v -0.092660 0.107417 0.012192
v -0.092629 0.115446 0.006434
v -0.096285 0.112447 0.005481
v -0.090293 0.109417 0.004464
v -0.087245 0.113744 0.005886
v -0.081192 0.107649 0.004294
v -0.081060 0.105901 0.009241
v -0.086017 0.105371 0.003677
v -0.089359 0.100005 0.007866
v -0.078882 0.100682 0.010254
v -0.078252 0.106878 0.003967
v -0.081617 0.103646 0.003403
v -0.077486 0.110727 0.005468
v -0.072540 0.108900 0.010333
v -0.079275 0.111687 0.013205
v -0.078024 0.114207 0.005991
v -0.071652 0.111478 0.005521
v -0.072443 0.108246 0.004583
v -0.068472 0.108059 0.004777
v -0.065010 0.112027 0.011191
v -0.069273 0.104885 0.011734
v -0.064459 0.103225 0.003618
v -0.068021 0.101904 0.003205
v -0.071901 0.105043 0.003682
v -0.062983 0.100626 0.008496
v -0.074249 0.095412 0.007160
v -0.059289 0.098659 0.003034
v -0.056137 0.106756 0.004914
v -0.054406 0.103535 0.009707
v -0.046721 0.102544 0.004685
v -0.048396 0.108214 0.006416
v -0.048389 0.108286 0.005987
v -0.044922 0.105528 0.012349
v -0.059527 0.114035 0.012450
v -0.058046 0.112824 0.032374
v -0.046148 0.104410 0.031313
v -0.037590 0.093890 0.028897
v -0.035788 0.091808 0.010699
v -0.034413 0.086478 0.010485
v -0.049448 0.083362 0.009448
v -0.040644 0.092443 0.003060
v -0.033932 0.079905 0.026737
v -0.034784 0.081582 0.046330
v -0.032510 0.062661 0.025627
v -0.032167 0.075649 0.008644
v -0.032711 0.063264 0.044341
v -0.035113 0.062487 0.045412
v -0.033371 0.048035 0.043210
v -0.035773 0.047241 0.044299
v -0.035313 0.063662 0.061362
v -0.035727 0.046707 0.059539
v -0.037769 0.030450 0.042612
v -0.035573 0.031205 0.041482
v -0.039623 0.018665 0.042122
v -0.037213 0.031702 0.058884
v -0.035836 0.047586 0.075204
v -0.037247 0.032678 0.074762
v -0.039464 0.017531 0.058880
v -0.039943 0.018458 0.075930
v -0.042551 0.001801 0.058934
v -0.043806 0.000467 0.040387
v -0.047969 -0.011561 0.038229
v -0.043237 0.001188 0.038480
v -0.047019 -0.010380 0.035981
v -0.048242 0.001391 0.023856
v -0.037598 0.019588 0.040930
v -0.041684 0.015279 0.024719
v -0.041684 0.020311 0.009930
v -0.036157 0.031389 0.025380
v -0.047284 0.009907 0.009724
v -0.053926 0.004299 0.012652
v -0.054034 0.006834 0.005904
v -0.050538 0.010477 0.004287
v -0.048193 0.015423 0.003247
v -0.058238 0.021430 0.007049
v -0.057070 0.017993 0.002809
v -0.065757 0.016998 0.002402
v -0.067081 0.020663 0.007089
v -0.063366 0.021683 0.001934
v -0.054296 0.023096 0.002160
v -0.051791 0.028559 0.002148
v -0.044676 0.020304 0.002575
v -0.062540 0.027719 0.001966
v -0.063554 0.030517 0.006412
v -0.099656 0.036367 0.005236
v -0.098989 0.025733 0.006799
v -0.063076 0.040198 0.007414
v -0.050928 0.030729 0.009704
v -0.060935 0.032711 0.002013
v -0.050249 0.034101 0.002090
v -0.060514 0.037903 0.002035
v -0.049001 0.041475 0.002076
v -0.048579 0.044043 0.009762
v -0.040037 0.032694 0.002535
v -0.037082 0.033023 0.009735
v -0.042331 0.025707 0.002554
v -0.033766 0.048404 0.009782
v -0.038484 0.038308 0.002552
v -0.033462 0.046737 0.026027
v -0.032569 0.060336 0.009372
v -0.035584 0.052755 0.002589
v -0.034708 0.059175 0.002601
v -0.046597 0.064173 0.002120
v -0.046295 0.067363 0.009831
v -0.034012 0.064643 0.002532
v -0.034023 0.074692 0.002564
v -0.046350 0.068960 0.002023
v -0.047372 0.075656 0.001891
v -0.058033 0.060967 0.002005
v -0.060734 0.057511 0.007209
v -0.061470 0.063997 0.007696
v -0.058459 0.066089 0.001991
v -0.047940 0.080643 0.001780
v -0.061387 0.070144 0.007596
v -0.058211 0.070596 0.001999
v -0.076567 0.077362 0.006473
v -0.052480 0.086267 0.001679
v -0.088096 0.083838 0.006303
v -0.085054 0.075505 0.005463
v -0.075623 0.080429 0.001664
v -0.085271 0.087487 0.006329
v -0.085454 0.088882 0.001778
v -0.088208 0.086429 0.001638
v -0.086859 0.094494 0.009465
v -0.080960 0.093290 0.002072
v -0.074824 0.092138 0.001944
v -0.082769 0.087498 0.001559
v -0.076535 0.096304 0.002438
v -0.080456 0.099519 0.002792
v -0.085220 0.096124 0.002352
v -0.086595 0.099994 0.002834
v -0.088154 0.092825 0.002034
v -0.089277 0.096684 0.002593
v -0.093779 0.092769 0.002008
v -0.095805 0.093680 0.007169
v -0.104432 0.098111 0.002283
v -0.093485 0.099842 0.002825
v -0.096226 0.095731 0.002320
v -0.105461 0.096281 0.010300
v -0.093769 0.088062 0.006400
v -0.097696 0.089847 0.008471
v -0.100839 0.090719 0.008522
v -0.105241 0.091873 0.008484
v -0.104374 0.089576 0.006216
v -0.110543 0.091349 0.006212
v -0.111323 0.090179 0.001685
v -0.107654 0.089117 0.001573
v -0.114626 0.090781 0.001918
v -0.113163 0.084585 0.001737
v -0.116212 0.085448 0.001948
v -0.119410 0.084400 0.007864
v -0.122076 0.075955 0.007817
v -0.118072 0.082796 0.001905
v -0.113949 0.083305 0.009610
v -0.119838 0.076926 0.001878
v -0.116659 0.076966 0.001715
v -0.115135 0.082082 0.001715
v -0.116614 0.075819 0.009588
v -0.120455 0.073893 0.001834
v -0.110496 0.075937 0.006447
v -0.113313 0.073140 0.001639
v -0.112323 0.076579 0.001673
v -0.110949 0.080816 0.001686
v -0.107363 0.083049 0.006418
v -0.108564 0.084498 0.001628
v -0.106000 0.081406 0.001742
v -0.102480 0.080322 0.006130
v -0.101676 0.081214 0.001695
v -0.104687 0.083333 0.001675
v -0.102937 0.086945 0.001522
v -0.099874 0.084678 0.001546
v -0.099330 0.085735 0.005940
v -0.094362 0.082931 0.004858
v -0.096100 0.081953 0.001660
v -0.097851 0.077732 0.005838
v -0.097936 0.078669 0.001729
v -0.100570 0.071885 0.004596
v -0.098929 0.071245 0.001709
v -0.095013 0.079956 0.001699
v -0.099616 0.076617 0.001781
v -0.104973 0.075249 0.001757
v -0.103185 0.079274 0.001714
v -0.108242 0.076341 0.001693
v -0.105713 0.074239 0.006133
v -0.106472 0.073169 0.001718
v -0.109282 0.074945 0.001678
v -0.103001 0.070825 0.001766
v -0.108354 0.068126 0.001732
v -0.104212 0.067692 0.001791
v -0.108828 0.067017 0.009060
v -0.102937 0.066552 0.005865
v -0.103186 0.065859 0.010659
v -0.098109 0.068861 0.008840
v -0.096558 0.071266 0.001660
v -0.096360 0.064499 0.009643
v -0.090596 0.068351 0.008147
v -0.093567 0.063798 0.009225
v -0.092196 0.070782 0.001614
v -0.088789 0.075272 0.001609
v -0.092382 0.077543 0.001614
v -0.091167 0.079797 0.005501
v -0.095491 0.058324 0.005840
v -0.061595 0.051352 0.007269
v -0.047167 0.052866 0.002180
v -0.046665 0.056273 0.009779
v -0.060016 0.043035 0.002058
v -0.059423 0.049176 0.002030
v -0.058186 0.054040 0.002020
v -0.046626 0.058091 0.002096
v -0.057906 0.057199 0.002010
v -0.048064 0.046052 0.002132
v -0.036328 0.046834 0.002545
v -0.098792 0.056454 0.001604
v -0.097645 0.047349 0.005879
v -0.111227 0.062624 0.008196
v -0.125636 0.057522 0.007914
v -0.111009 0.060226 0.001695
v -0.122724 0.055055 0.001578
v -0.116604 0.064056 0.009356
v -0.112163 0.064876 0.011204
v -0.113566 0.068817 0.006433
v -0.111457 0.069183 0.001685
v -0.117042 0.066528 0.001581
v -0.114912 0.069386 0.001592
v -0.121473 0.070875 0.001797
v -0.123329 0.071058 0.007918
v -0.122510 0.067845 0.001779
v -0.125044 0.065055 0.007900
v -0.122423 0.070174 0.023019
v -0.123716 0.048773 0.001619
v -0.127907 0.044833 0.007017
v -0.111289 0.053482 0.001554
v -0.099875 0.049828 0.001620
v -0.111345 0.051679 0.007593
v -0.111048 0.048635 0.001595
v -0.100416 0.045583 0.001623
v -0.101006 0.039548 0.001625
v -0.110684 0.041651 0.001577
v -0.110792 0.039138 0.007545
v -0.124086 0.043471 0.001587
v -0.122654 0.036287 0.001575
v -0.125564 0.032642 0.007717
v -0.122595 0.030829 0.001578
v -0.119605 0.025977 0.001646
v -0.121086 0.022356 0.008617
v -0.122793 0.010120 0.013945
v -0.116108 0.013481 0.010311
v -0.109855 0.003479 0.013501
v -0.129681 -0.005770 0.017124
v -0.134190 -0.018180 0.014941
v -0.122957 -0.013668 0.016797
v -0.113649 -0.026053 0.013667
v -0.103204 -0.006580 0.015254
v -0.116887 -0.022972 0.008920
v -0.122672 -0.015939 0.010064
v -0.124308 -0.028220 0.007028
v -0.130476 -0.020683 0.008443
v -0.129538 -0.034444 0.005229
v -0.137583 -0.028625 0.006206
v -0.140870 -0.030503 0.012458
v -0.144282 -0.036114 0.011579
v -0.139754 -0.033225 0.005217
v -0.132050 -0.038596 0.004205
v -0.129259 -0.041158 0.011410
v -0.122440 -0.032098 0.013788
v -0.128079 -0.044197 0.003416
v -0.120505 -0.032985 0.006276
v -0.134351 -0.042668 0.003510
v -0.133240 -0.048375 0.010092
v -0.136156 -0.046441 0.002927
v -0.141564 -0.036386 0.004532
v -0.138705 -0.051611 0.002401
v -0.137417 -0.056926 0.008980
v -0.133475 -0.055056 0.001956
v -0.124124 -0.047616 0.003061
v -0.128232 -0.059183 0.001655
v -0.122751 -0.049136 0.010342
v -0.127285 -0.065149 0.008349
v -0.122150 -0.066265 0.001227
v -0.114011 -0.061022 0.009335
v -0.115313 -0.073088 0.008575
v -0.113419 -0.058219 0.002096
v -0.123298 -0.060477 0.001610
v -0.129497 -0.070445 0.008450
v -0.134666 -0.066884 0.008523
v -0.113269 -0.064698 0.001493
v -0.115990 -0.078353 0.008446
v -0.115249 -0.081233 0.001482
v -0.098528 -0.090036 0.008453
v -0.119888 -0.077962 0.001186
v -0.098080 -0.084691 0.001362
v -0.097456 -0.084490 0.008453
v -0.107580 -0.081460 0.001289
v -0.107590 -0.081865 0.001286
v -0.098591 -0.087817 0.001445
v -0.128133 -0.081655 0.001116
v -0.132254 -0.087076 0.007653
v -0.127956 -0.086403 0.000887
v -0.100477 -0.079626 0.008562
v -0.103957 -0.075444 0.001247
v -0.104223 -0.076217 0.001266
v -0.098680 -0.075768 0.001342
v -0.106790 -0.068579 0.008709
v -0.095124 -0.076552 0.001309
v -0.088955 -0.082068 0.006359
v -0.090711 -0.077623 0.001245
v -0.095696 -0.067520 0.009526
v -0.084755 -0.072706 0.001427
v -0.081894 -0.081684 0.001218
v -0.089124 -0.069869 0.009116
v -0.090108 -0.077695 0.001247
v -0.081231 -0.084193 0.008248
v -0.089217 -0.086069 0.007976
v -0.091681 -0.089739 0.000732
v -0.092711 -0.085551 0.001086
v -0.092783 -0.085891 0.001096
v -0.079270 -0.090413 0.008050
v -0.089028 -0.098197 0.007142
v -0.098872 -0.102971 0.008196
v -0.091395 -0.102869 0.000077
v -0.091958 -0.096869 0.000695
v -0.086832 -0.107413 0.000000
v -0.085306 -0.097593 0.000199
v -0.088820 -0.111116 0.006596
v -0.099619 -0.117678 0.000895
v -0.099080 -0.115715 0.008168
v -0.089943 -0.122828 0.006680
v -0.091525 -0.115202 0.000216
v -0.091950 -0.109928 0.000390
v -0.078641 -0.100764 0.000361
v -0.075569 -0.101580 0.007696
v -0.075624 -0.105886 0.000394
v -0.085896 -0.113028 0.000074
v -0.087205 -0.121425 0.000940
v -0.083127 -0.121940 0.001121
v -0.079252 -0.116567 0.000604
v -0.082094 -0.123855 0.007042
v -0.076459 -0.117761 0.007134
v -0.078452 -0.128744 0.008927
v -0.075341 -0.124577 0.007418
v -0.073320 -0.117376 0.000989
v -0.072235 -0.122929 0.001624
v -0.072440 -0.130292 0.009287
v -0.061933 -0.123922 0.007818
v -0.061444 -0.112960 0.007800
v -0.045217 -0.131121 0.010690
v -0.042852 -0.115929 0.009260
v -0.057108 -0.119618 0.001454
v -0.065052 -0.123155 0.001572
v -0.062029 -0.134849 0.009062
v -0.064084 -0.138197 0.009351
v -0.067224 -0.151284 0.011948
v -0.059957 -0.138556 0.004868
v -0.068968 -0.147404 0.007409
v -0.066570 -0.140321 0.004947
v -0.062661 -0.146626 0.007525
v -0.072568 -0.134594 0.003767
v -0.073592 -0.142599 0.005730
v -0.077169 -0.139152 0.004613
v -0.076937 -0.138041 0.004321
v -0.078873 -0.136932 0.008698
v -0.078853 -0.139369 0.008116
v -0.081214 -0.138702 0.004195
v -0.083977 -0.135085 0.003445
v -0.086201 -0.142412 0.005536
v -0.090153 -0.138585 0.004321
v -0.091319 -0.135309 0.008447
v -0.094497 -0.140844 0.005394
v -0.093222 -0.141828 0.008804
v -0.092965 -0.133520 0.003390
v -0.090012 -0.128550 0.005628
v -0.100310 -0.132799 0.006986
v -0.099815 -0.125223 0.008330
v -0.092793 -0.129135 0.002559
v -0.092888 -0.129466 0.002645
v -0.101169 -0.131061 0.003640
v -0.100791 -0.126985 0.002628
v -0.113499 -0.123939 0.002519
v -0.113479 -0.123548 0.002438
v -0.099861 -0.121347 0.007467
v -0.100533 -0.119520 0.001383
v -0.091943 -0.121278 0.000956
v -0.115863 -0.113882 0.001314
v -0.115594 -0.108082 0.000918
v -0.125131 -0.110252 0.001078
v -0.116938 -0.104470 0.007683
v -0.116025 -0.102179 0.000656
v -0.115405 -0.094924 0.000924
v -0.127293 -0.106878 0.000662
v -0.099502 -0.105352 0.000642
v -0.099877 -0.112077 0.001356
v -0.116637 -0.090967 0.008047
v -0.115896 -0.088235 0.001348
v -0.098682 -0.099140 0.001007
v -0.129734 -0.101100 0.000541
v -0.098538 -0.092106 0.000843
v -0.128716 -0.094346 0.000684
v -0.101240 -0.137071 0.004978
v -0.118919 -0.134015 0.004448
v -0.101930 -0.144059 0.007196
v -0.120074 -0.134459 0.007725
v -0.102282 -0.145200 0.010484
v -0.119379 -0.140295 0.006568
v -0.103507 -0.149717 0.008970
v -0.095688 -0.147405 0.007647
v -0.097313 -0.152990 0.010188
v -0.094371 -0.148327 0.011403
v -0.092036 -0.145490 0.006894
v -0.086193 -0.143792 0.009662
v -0.092105 -0.151497 0.009198
v -0.096908 -0.154587 0.013659
v -0.104153 -0.157502 0.015804
v -0.099252 -0.158776 0.013947
v -0.104220 -0.155275 0.012353
v -0.094911 -0.158237 0.013256
v -0.100016 -0.163494 0.020474
v -0.083846 -0.151489 0.012270
v -0.096670 -0.164524 0.017983
v -0.106188 -0.165428 0.020584
v -0.106348 -0.165641 0.025403
v -0.100844 -0.164410 0.018391
v -0.102164 -0.168808 0.022916
v -0.098458 -0.169982 0.023315
v -0.102924 -0.172156 0.031144
v -0.109586 -0.172282 0.033628
v -0.109764 -0.171331 0.032439
v -0.104204 -0.179660 0.043422
v -0.087985 -0.167914 0.021000
v -0.100668 -0.176287 0.030782
v -0.087773 -0.163915 0.022140
v -0.108984 -0.174086 0.029487
v -0.103014 -0.172924 0.027615
v -0.106543 -0.178226 0.034208
v -0.101267 -0.180359 0.036921
v -0.089291 -0.173292 0.026283
v -0.088976 -0.170806 0.029823
v -0.081042 -0.178895 0.037047
v -0.089833 -0.177013 0.030891
v -0.082540 -0.177780 0.031266
v -0.080505 -0.173730 0.026370
v -0.076998 -0.172326 0.028496
v -0.073218 -0.173410 0.028634
v -0.076548 -0.172557 0.024908
v -0.079714 -0.170693 0.025523
v -0.078785 -0.168458 0.021784
v -0.074487 -0.162732 0.018664
v -0.073355 -0.167077 0.019483
v -0.066289 -0.166572 0.018909
v -0.070739 -0.171764 0.023841
v -0.065242 -0.166609 0.018691
v -0.060129 -0.162406 0.019201
v -0.061987 -0.160299 0.030692
v -0.052503 -0.146788 0.028176
v -0.050527 -0.146294 0.012882
v -0.056942 -0.151467 0.009946
v -0.061306 -0.159898 0.014243
v -0.068615 -0.161058 0.014545
v -0.065238 -0.154560 0.010464
v -0.054824 -0.144051 0.006799
v -0.045330 -0.133284 0.027555
v -0.052119 -0.136308 0.005062
v -0.043214 -0.119003 0.028201
v -0.053860 -0.145041 0.030785
v -0.046560 -0.131645 0.030203
v -0.049917 -0.133294 0.044604
v -0.045132 -0.118386 0.030558
v -0.044260 -0.106856 0.030616
v -0.042828 -0.107949 0.028011
v -0.047664 -0.121453 0.046152
v -0.046838 -0.109491 0.046595
v -0.056385 -0.120102 0.059757
v -0.055402 -0.108173 0.060707
v -0.054927 -0.095348 0.062232
v -0.047175 -0.095528 0.046953
v -0.054468 -0.083062 0.064662
v -0.066345 -0.094275 0.073685
v -0.065845 -0.080044 0.078271
v -0.070234 -0.081569 0.081033
v -0.073772 -0.081089 0.082554
v -0.075743 -0.091041 0.079188
v -0.077017 -0.097066 0.076982
v -0.075130 -0.098621 0.075390
v -0.075057 -0.101643 0.073980
v -0.078265 -0.103598 0.079922
v -0.078090 -0.099788 0.081084
v -0.085942 -0.097192 0.080559
v -0.088067 -0.100295 0.084463
v -0.102595 -0.098870 0.086208
v -0.088975 -0.103125 0.083416
v -0.088786 -0.097417 0.080682
v -0.102766 -0.096267 0.083558
v -0.087064 -0.094310 0.081411
v -0.085489 -0.089981 0.083276
v -0.083924 -0.090239 0.084017
v -0.101799 -0.089631 0.087230
v -0.097223 -0.087707 0.089820
v -0.101764 -0.088222 0.090255
v -0.107417 -0.085994 0.090337
v -0.101361 -0.085388 0.091575
v -0.116629 -0.089724 0.081138
v -0.116820 -0.093911 0.079823
v -0.119087 -0.093847 0.081260
v -0.116860 -0.085785 0.082898
v -0.109125 -0.085064 0.086905
v -0.118893 -0.081435 0.086818
v -0.117022 -0.081171 0.084734
v -0.116716 -0.076140 0.087210
v -0.118477 -0.075777 0.089206
v -0.116988 -0.074468 0.088643
v -0.101472 -0.082924 0.089065
v -0.083598 -0.079601 0.086161
v -0.099913 -0.075444 0.095252
v -0.082672 -0.078993 0.086338
v -0.081346 -0.081594 0.093102
v -0.100229 -0.074980 0.099069
v -0.110311 -0.070672 0.097641
v -0.100444 -0.070722 0.099901
v -0.096236 -0.073482 0.099434
v -0.119186 -0.075622 0.092077
v -0.118492 -0.072301 0.093712
v -0.127562 -0.072671 0.089135
v -0.127907 -0.076202 0.087981
v -0.131850 -0.071745 0.085815
v -0.131726 -0.075280 0.085498
v -0.126021 -0.075060 0.083770
v -0.118529 -0.071171 0.090898
v -0.126512 -0.071816 0.085197
v -0.117960 -0.065626 0.093037
v -0.116700 -0.070889 0.088834
v -0.116287 -0.065140 0.090666
v -0.110293 -0.069557 0.092303
v -0.118192 -0.065897 0.096135
v -0.080515 -0.078028 0.094511
v -0.079182 -0.065895 0.095455
v -0.079588 -0.069718 0.093726
v -0.096325 -0.072358 0.094626
v -0.080856 -0.071411 0.090353
v -0.082099 -0.076086 0.088680
v -0.080525 -0.068906 0.091319
v -0.079043 -0.068905 0.091792
v -0.079433 -0.071220 0.090679
v -0.080620 -0.076508 0.089205
v -0.072252 -0.071194 0.086160
v -0.074303 -0.066986 0.090142
v -0.073667 -0.067747 0.092801
v -0.069629 -0.064706 0.092880
v -0.069744 -0.063357 0.088452
v -0.065031 -0.071188 0.081635
v -0.063573 -0.059078 0.085841
v -0.069279 -0.055171 0.092646
v -0.068904 -0.046183 0.098365
v -0.062713 -0.046649 0.090782
v -0.077225 -0.052407 0.098702
v -0.069151 -0.057096 0.096869
v -0.073233 -0.048469 0.098673
v -0.076987 -0.050555 0.100017
v -0.072620 -0.049356 0.101705
v -0.069273 -0.047172 0.101709
v -0.073176 -0.047806 0.104018
v -0.072523 -0.042166 0.108594
v -0.068382 -0.040330 0.106658
v -0.067866 -0.038692 0.102929
v -0.075080 -0.038460 0.110306
v -0.065910 -0.027848 0.108042
v -0.075362 -0.036675 0.109248
v -0.061910 -0.035190 0.096573
v -0.074866 -0.029908 0.115080
v -0.067328 -0.030497 0.114682
v -0.073984 -0.030555 0.118756
v -0.075707 -0.029154 0.114186
v -0.076755 -0.035685 0.109023
v -0.091650 -0.032644 0.117914
v -0.078546 -0.029092 0.117291
v -0.091527 -0.031539 0.118715
v -0.090975 -0.027185 0.121695
v -0.095658 -0.027116 0.126968
v -0.095662 -0.026791 0.123183
v -0.096165 -0.032783 0.120169
v -0.091932 -0.033036 0.119544
v -0.092513 -0.035187 0.117852
v -0.091937 -0.034761 0.116716
v -0.096765 -0.036778 0.116238
v -0.092867 -0.037172 0.115743
v -0.096615 -0.036856 0.113172
v -0.092287 -0.035243 0.113938
v -0.092511 -0.036920 0.112711
v -0.077215 -0.038872 0.106398
v -0.078676 -0.046693 0.100804
v -0.097907 -0.049937 0.106713
v -0.076266 -0.040073 0.106759
v -0.076944 -0.047661 0.102166
v -0.076829 -0.048612 0.103323
v -0.076752 -0.051012 0.102275
v -0.085196 -0.052469 0.104204
v -0.074574 -0.046867 0.101667
v -0.073933 -0.040668 0.105432
v -0.075809 -0.040485 0.108415
v -0.082808 -0.051517 0.099996
v -0.077510 -0.053629 0.100738
v -0.078964 -0.052105 0.098381
v -0.072386 -0.060523 0.097716
v -0.074013 -0.059469 0.093754
v -0.073142 -0.063907 0.095392
v -0.077338 -0.057674 0.097514
v -0.078440 -0.065387 0.093575
v -0.074473 -0.062918 0.092139
v -0.079784 -0.064449 0.092969
v -0.100446 -0.068946 0.097604
v -0.078754 -0.050145 0.099204
v -0.100825 -0.036395 0.112145
v -0.114746 -0.042662 0.100819
v -0.115912 -0.035728 0.107509
v -0.114756 -0.035279 0.106739
v -0.115775 -0.035327 0.110124
v -0.100056 -0.034751 0.114972
v -0.100187 -0.031702 0.116397
v -0.100471 -0.035966 0.115458
v -0.100004 -0.032879 0.117916
v -0.115373 -0.032853 0.111261
v -0.123948 -0.032876 0.105285
v -0.114376 -0.030790 0.109716
v -0.115444 -0.031321 0.110350
v -0.115596 -0.023623 0.115895
v -0.122116 -0.030968 0.102942
v -0.120736 -0.020138 0.109853
v -0.123608 -0.019482 0.110465
v -0.122886 -0.020456 0.112988
v -0.116244 -0.023779 0.118710
v -0.122866 -0.018599 0.114489
v -0.116057 -0.021148 0.119950
v -0.115370 -0.019179 0.118288
v -0.123671 -0.017421 0.111836
v -0.120588 -0.017213 0.112439
v -0.122566 -0.016141 0.109328
v -0.116832 -0.011852 0.123512
v -0.121280 -0.004892 0.120005
v -0.122939 -0.001581 0.116546
v -0.123736 0.001730 0.114322
v -0.121982 0.000566 0.117455
v -0.123998 -0.002997 0.118914
v -0.123499 -0.000998 0.119419
v -0.122693 -0.002945 0.123482
v -0.120562 -0.001292 0.122539
v -0.117978 -0.007432 0.126667
v -0.118164 -0.001347 0.130574
v -0.120742 0.006122 0.128534
v -0.122727 0.005816 0.121077
v -0.124427 0.012777 0.117856
v -0.122964 0.015418 0.123300
v -0.124716 0.024301 0.115942
v -0.119645 0.025230 0.117234
v -0.118058 0.016489 0.124037
v -0.116168 0.006016 0.129768
v -0.111206 0.002917 0.134184
v -0.114613 0.007429 0.129352
v -0.113493 -0.000858 0.129532
v -0.111386 -0.002554 0.131936
v -0.115179 -0.008260 0.127163
v -0.109428 -0.013267 0.129132
v -0.117410 -0.009654 0.127493
v -0.116993 -0.011674 0.125796
v -0.122946 -0.005416 0.122308
v -0.110238 -0.015414 0.129523
v -0.111019 -0.016933 0.127841
v -0.094489 -0.021507 0.128777
v -0.094873 -0.024380 0.129475
v -0.101100 -0.024416 0.128366
v -0.101474 -0.022042 0.125534
v -0.109911 -0.015283 0.124777
v -0.114861 -0.019155 0.118776
v -0.115241 -0.012327 0.123043
v -0.090005 -0.026196 0.127879
v -0.072117 -0.019647 0.127747
v -0.074211 -0.017112 0.125353
v -0.074171 -0.015742 0.125568
v -0.070932 -0.016699 0.126348
v -0.071664 -0.009255 0.129521
v -0.066701 -0.009142 0.129866
v -0.066309 -0.017292 0.125458
v -0.067714 -0.014809 0.123728
v -0.064231 -0.013115 0.120662
v -0.059655 -0.012550 0.113317
v -0.059940 -0.003025 0.123537
v -0.063741 -0.014920 0.123182
v -0.063761 -0.017212 0.121166
v -0.063996 -0.015569 0.118298
v -0.065673 -0.025329 0.109589
v -0.068707 -0.018114 0.120635
v -0.060286 -0.023244 0.103500
v -0.052856 -0.005826 0.104468
v -0.049252 -0.015634 0.082644
v -0.043789 0.003136 0.078373
v -0.045721 -0.013655 0.058753
v -0.045029 0.008834 0.095800
v -0.051266 -0.031340 0.077670
v -0.052327 -0.045247 0.073828
v -0.046845 -0.028662 0.057455
v -0.047293 -0.043661 0.055177
v -0.048014 -0.042757 0.036384
v -0.048095 -0.025683 0.038250
v -0.047116 -0.025822 0.035763
v -0.047531 -0.042140 0.033847
v -0.051348 -0.011279 0.024959
v -0.052276 -0.024701 0.022158
v -0.059334 -0.035226 0.013317
v -0.063710 -0.024277 0.015464
v -0.049873 -0.039031 0.017658
v -0.046631 -0.052499 0.014448
v -0.054684 -0.047379 0.012522
v -0.058414 -0.045866 0.004984
v -0.055467 -0.052269 0.003985
v -0.065929 -0.057601 0.010383
v -0.064636 -0.052182 0.003853
v -0.050658 -0.062739 0.008379
v -0.043231 -0.077026 0.009726
v -0.057827 -0.072191 0.001762
v -0.060932 -0.070887 0.010375
v -0.049624 -0.065818 0.002491
v -0.047338 -0.074719 0.002009
v -0.051620 -0.059474 0.002996
v -0.045320 -0.064145 0.012403
v -0.045623 -0.056931 0.032193
v -0.043751 -0.071796 0.030420
v -0.046077 -0.071172 0.032981
v -0.045477 -0.082620 0.031718
v -0.043191 -0.083406 0.029190
v -0.043036 -0.085177 0.010472
v -0.044539 -0.094095 0.030306
v -0.042580 -0.094949 0.027770
v -0.041182 -0.094764 0.009540
v -0.042088 -0.104576 0.009185
v -0.047715 -0.096042 0.001548
v -0.047150 -0.102794 0.001431
v -0.059560 -0.109640 0.008228
v -0.046872 -0.108738 0.001444
v -0.056892 -0.114283 0.000851
v -0.046642 -0.115448 0.001765
v -0.060615 -0.101297 0.008145
v -0.055928 -0.107593 0.001055
v -0.060980 -0.108205 0.008072
v -0.063756 -0.108741 0.000652
v -0.062531 -0.107550 0.000561
v -0.071896 -0.101008 0.000861
v -0.063411 -0.102922 0.000811
v -0.064206 -0.098332 0.000993
v -0.070381 -0.093241 0.001118
v -0.061794 -0.096866 0.008318
v -0.060560 -0.083997 0.008365
v -0.071317 -0.090912 0.008294
v -0.072791 -0.099108 0.000897
v -0.074315 -0.084928 0.008439
v -0.074883 -0.078643 0.008676
v -0.071058 -0.082606 0.001434
v -0.063215 -0.082418 0.001662
v -0.072368 -0.076915 0.001487
v -0.065038 -0.073254 0.001655
v -0.075354 -0.074082 0.001467
v -0.076792 -0.064592 0.002141
v -0.078169 -0.076259 0.001375
v -0.075660 -0.077712 0.008675
v -0.077372 -0.060767 0.010090
v -0.077521 -0.057926 0.002847
v -0.065718 -0.065405 0.002111
v -0.068391 -0.056943 0.003064
v -0.079033 -0.049281 0.004476
v -0.085534 -0.064524 0.002307
v -0.086862 -0.056162 0.003364
v -0.079817 -0.045562 0.012817
v -0.090849 -0.056180 0.010308
v -0.090178 -0.063775 0.002372
v -0.093627 -0.047704 0.010421
v -0.095797 -0.047894 0.004808
v -0.089641 -0.047220 0.005443
v -0.088560 -0.050688 0.004434
v -0.080268 -0.042449 0.005690
v -0.085959 -0.042938 0.006102
v -0.081109 -0.037202 0.007057
v -0.087250 -0.038436 0.011214
v -0.105817 -0.040329 0.011235
v -0.091937 -0.027141 0.013362
v -0.081780 -0.033835 0.014786
v -0.089014 -0.026951 0.009356
v -0.086149 -0.033671 0.007992
v -0.081754 -0.021973 0.010480
v -0.081236 -0.030395 0.008513
v -0.074597 -0.027670 0.009259
v -0.072805 -0.035267 0.007615
v -0.073603 -0.027157 0.015992
v -0.070011 -0.041358 0.013425
v -0.066779 -0.042745 0.005831
v -0.068951 -0.035939 0.007417
v -0.071515 -0.042088 0.006074
v -0.069566 -0.050346 0.004324
v -0.070628 -0.028233 0.009106
v -0.064983 -0.032425 0.007980
v -0.066894 -0.026693 0.009402
v -0.062273 -0.039527 0.006415
v -0.068003 -0.020898 0.010401
v -0.073464 -0.022037 0.010136
v -0.082056 -0.017887 0.015008
v -0.077868 -0.010755 0.011052
v -0.077884 -0.006075 0.015529
v -0.079556 -0.016380 0.011053
v -0.090596 -0.022075 0.010185
v -0.085070 -0.017181 0.011238
v -0.087623 -0.011052 0.011348
v -0.089613 -0.009861 0.014216
v -0.089137 -0.007132 0.011431
v -0.094500 -0.013398 0.014243
v -0.090202 -0.002677 0.014398
v -0.093660 -0.015846 0.011443
v -0.096502 -0.015470 0.015641
v -0.111366 -0.029421 0.012934
v -0.097431 -0.012852 0.011683
v -0.101067 -0.007258 0.011752
v -0.096649 -0.003937 0.011212
v -0.097807 -0.001564 0.015729
v -0.099038 -0.000056 0.010622
v -0.103937 -0.003633 0.011382
v -0.107483 0.001851 0.010165
v -0.101598 0.005495 0.009108
v -0.095527 0.004211 0.009030
v -0.094915 0.007192 0.012516
v -0.102590 0.008424 0.013559
v -0.103758 0.009239 0.007731
v -0.109986 0.005839 0.008727
v -0.113051 0.010693 0.006820
v -0.106308 0.014927 0.004913
v -0.099192 0.012687 0.005320
v -0.097764 0.016060 0.009184
v -0.107274 0.018600 0.010056
v -0.108114 0.020540 0.002889
v -0.115049 0.015967 0.004765
v -0.117565 0.020757 0.002531
v -0.110001 0.026846 0.002089
v -0.100870 0.023708 0.001997
v -0.110817 0.029964 0.008292
v -0.110652 0.031654 0.001516
v -0.110684 0.036698 0.001579
v -0.101172 0.034441 0.001632
v -0.101404 0.028762 0.001638
v -0.100332 0.018409 0.003253
v -0.097838 0.007910 0.007686
v -0.069596 0.011871 0.010051
v -0.074090 0.001832 0.013813
v -0.060316 0.012227 0.011390
v -0.069223 0.007264 0.005761
v -0.059851 0.013092 0.003711
v -0.067158 0.012153 0.003936
v -0.061917 0.008643 0.005339
v -0.071488 0.001782 0.008018
v -0.065317 0.001858 0.008133
v -0.056790 0.002306 0.007477
v -0.060782 -0.002585 0.009001
v -0.058175 -0.004953 0.013608
v -0.066348 0.000169 0.015553
v -0.067429 -0.002557 0.009359
v -0.073805 -0.001959 0.009420
v -0.073819 -0.001808 0.009916
v -0.075365 -0.006273 0.010646
v -0.069852 -0.007316 0.010736
v -0.063410 -0.006364 0.010129
v -0.065811 -0.010967 0.010708
v -0.062491 -0.013297 0.014566
v -0.071058 -0.008700 0.017315
v -0.071927 -0.012089 0.010857
v -0.067147 -0.015052 0.010774
v -0.093530 -0.000817 0.010354
v -0.093038 -0.008948 0.011580
v -0.090579 -0.004451 0.011007
v -0.117114 -0.038049 0.012784
v -0.113441 -0.028925 0.007905
v -0.111449 -0.032636 0.007112
v -0.114071 -0.027324 0.008291
v -0.117722 -0.035969 0.005775
v -0.117914 -0.044046 0.004196
v -0.106554 -0.040372 0.005628
v -0.109388 -0.044032 0.004698
v -0.099423 -0.052666 0.003622
v -0.111390 -0.046286 0.011914
v -0.100869 -0.054712 0.010805
v -0.101645 -0.058326 0.002691
v -0.093667 -0.065610 0.002071
v -0.111940 -0.050344 0.003452
v -0.120737 -0.051828 0.002617
v -0.104803 -0.065632 0.001707
v -0.098375 -0.067452 0.002000
v -0.057175 -0.078389 0.001723
v -0.056827 -0.100894 0.000976
v -0.047738 -0.083118 0.048743
v -0.047378 -0.070719 0.050596
v -0.053825 -0.071044 0.067378
v -0.046948 -0.056988 0.034760
v -0.047215 -0.057573 0.052948
v -0.052945 -0.058441 0.070495
v -0.061664 -0.058299 0.002821
v -0.058135 -0.066119 0.005532
v -0.044969 0.017484 0.108679
v -0.040970 0.024266 0.105296
v -0.040438 0.021261 0.091462
v -0.037180 0.033622 0.089132
v -0.036396 0.032990 0.101652
v -0.037259 0.032428 0.108040
v -0.036068 0.046611 0.101339
v -0.041036 0.026273 0.111544
v -0.045086 0.027768 0.111968
v -0.044764 0.020065 0.115021
v -0.042600 0.034370 0.109770
v -0.041034 0.046786 0.109442
v -0.048297 0.047501 0.104609
v -0.050020 0.035465 0.104530
v -0.053360 0.029540 0.107516
v -0.048350 0.021996 0.115121
v -0.056702 0.023600 0.110570
v -0.057454 0.011220 0.125347
v -0.066944 0.009491 0.118174
v -0.066410 0.010046 0.109461
v -0.066948 0.008695 0.103745
v -0.070926 0.011025 0.104841
v -0.073621 0.010015 0.106980
v -0.070229 0.013234 0.110849
v -0.070998 0.010944 0.117298
v -0.076019 0.006171 0.118830
v -0.073194 0.006824 0.125038
v -0.068943 0.004344 0.126717
v -0.065349 0.002852 0.129692
v -0.070861 0.001101 0.132554
v -0.079545 -0.000608 0.140820
v -0.069515 -0.001483 0.132110
v -0.080965 0.002138 0.136676
v -0.075513 0.004040 0.129483
v -0.077458 -0.006224 0.141768
v -0.092267 -0.005185 0.146664
v -0.092563 -0.008800 0.146334
v -0.091881 -0.000324 0.143873
v -0.076479 -0.009886 0.138231
v -0.093722 -0.019616 0.137690
v -0.107196 -0.005478 0.140715
v -0.105022 -0.000913 0.142013
v -0.103597 0.003070 0.140126
v -0.109814 0.004107 0.135191
v -0.101501 0.005705 0.136958
v -0.104732 0.009505 0.131714
v -0.110589 0.009354 0.125489
v -0.111643 0.012075 0.118400
v -0.107551 0.012253 0.123448
v -0.101295 0.010317 0.125681
v -0.102759 0.014139 0.120441
v -0.108692 0.016323 0.117235
v -0.109048 0.016718 0.110040
v -0.112565 0.014426 0.111083
v -0.103705 0.016602 0.112364
v -0.104855 0.016043 0.104311
v -0.109426 0.015848 0.104451
v -0.098613 0.006526 0.130625
v -0.091116 0.001517 0.132818
v -0.091344 0.002568 0.139407
v -0.083593 0.001842 0.131074
v -0.078958 0.003721 0.124092
v -0.063410 -0.000831 0.130824
v -0.054004 0.008488 0.124564
v -0.053484 0.004029 0.118580
v -0.049162 0.060660 0.108893
v -0.053428 0.070873 0.115228
v -0.042859 0.060666 0.113472
v -0.042736 0.074478 0.118242
v -0.038213 0.061957 0.111372
v -0.046988 0.072015 0.120084
v -0.051943 0.081515 0.128133
v -0.057959 0.079685 0.122469
v -0.062242 0.085739 0.126002
v -0.065410 0.096140 0.131378
v -0.068613 0.091241 0.125980
v -0.057105 0.089018 0.132167
v -0.047915 0.084935 0.126421
v -0.053676 0.092976 0.130765
v -0.063021 0.101528 0.130663
v -0.074222 0.104160 0.126683
v -0.074811 0.099020 0.128910
v -0.074154 0.105138 0.120933
v -0.063381 0.102093 0.123474
v -0.053799 0.095691 0.124049
v -0.051353 0.100438 0.106738
v -0.060449 0.106130 0.108688
v -0.072186 0.109705 0.107721
v -0.058627 0.109421 0.088499
v -0.070604 0.113845 0.088438
v -0.082842 0.109870 0.107493
v -0.082046 0.114552 0.087937
v -0.069841 0.115750 0.070883
v -0.057286 0.110704 0.070694
v -0.048828 0.101804 0.087755
v -0.047711 0.103128 0.069796
v -0.057168 0.109950 0.052934
v -0.048627 0.102898 0.051694
v -0.069868 0.114391 0.053148
v -0.056781 0.112433 0.052243
v -0.069379 0.116848 0.052116
v -0.047170 0.104601 0.050993
v -0.069370 0.117165 0.032694
v -0.079665 0.118922 0.032498
v -0.069655 0.116520 0.012768
v -0.078898 0.118384 0.011979
v -0.064821 0.115109 0.006999
v -0.078566 0.118080 0.007188
v -0.086317 0.116234 0.006388
v -0.086710 0.116873 0.006626
v -0.087935 0.114120 0.013764
v -0.090782 0.116784 0.031207
v -0.091434 0.115318 0.049906
v -0.091752 0.112938 0.051135
v -0.079575 0.117482 0.051317
v -0.079964 0.115097 0.052735
v -0.080823 0.116404 0.069821
v -0.091764 0.114599 0.067624
v -0.105151 0.104824 0.083674
v -0.104087 0.107880 0.064014
v -0.093896 0.111559 0.085997
v -0.094499 0.107545 0.105466
v -0.104618 0.101385 0.102310
v -0.112223 0.092041 0.097904
v -0.103252 0.096333 0.120771
v -0.110272 0.088685 0.113867
v -0.111043 0.085833 0.119839
v -0.103914 0.093593 0.126133
v -0.114309 0.079432 0.109026
v -0.118422 0.070129 0.103992
v -0.115794 0.077450 0.115243
v -0.117668 0.081688 0.094280
v -0.113015 0.094262 0.080808
v -0.118337 0.082897 0.078381
v -0.123267 0.071195 0.091366
v -0.107318 0.081945 0.121139
v -0.101152 0.088751 0.128047
v -0.095232 0.099605 0.129955
v -0.093166 0.094428 0.132073
v -0.090583 0.089169 0.126871
v -0.083186 0.092150 0.125771
v -0.083700 0.098491 0.130494
v -0.076509 0.093486 0.124559
v -0.084792 0.103674 0.128476
v -0.094349 0.101101 0.124279
v -0.084220 0.102883 0.122075
v -0.039495 0.095378 0.049381
v -0.041409 0.093990 0.049978
v -0.037099 0.080574 0.047234
v -0.036523 0.080723 0.064460
v -0.040685 0.094024 0.067654
v -0.036467 0.079676 0.081795
v -0.041486 0.092107 0.085172
v -0.038202 0.078132 0.097823
v -0.043740 0.091140 0.103140
v -0.043078 0.076664 0.112463
v -0.047996 0.088235 0.120094
v -0.038550 0.063327 0.105549
v -0.035920 0.047672 0.089112
v -0.036429 0.063519 0.092068
v -0.035979 0.046510 0.107357
v -0.035596 0.063599 0.077618
v -0.072552 -0.021975 0.125839
v -0.072485 -0.021176 0.123790
v -0.066209 -0.019616 0.123986
v -0.073440 -0.026709 0.118665
v -0.074698 -0.020331 0.121471
v -0.075236 -0.024962 0.117326
v -0.073760 -0.028310 0.120486
v -0.067217 -0.028251 0.116212
v -0.064895 -0.027487 0.112649
v -0.064853 -0.029748 0.111390
v -0.088813 -0.024813 0.124281
v -0.113469 -0.022878 0.116818
v -0.114242 -0.023468 0.115443
v -0.100396 -0.031155 0.118527
v -0.098979 -0.026292 0.122129
v -0.100200 -0.031637 0.118922
v -0.069585 -0.077528 0.082166
v -0.073179 -0.077124 0.084210
v -0.072279 -0.077758 0.087926
v -0.072899 -0.081719 0.086533
v -0.081294 -0.080101 0.087223
v -0.084240 -0.083907 0.085313
v -0.095673 -0.086627 0.088064
v -0.117342 -0.095652 0.083080
v -0.127487 -0.092827 0.078931
v -0.126849 -0.091945 0.077740
v -0.103383 -0.101701 0.084734
v -0.117899 -0.098816 0.082022
v -0.063043 -0.158104 0.033524
v -0.073355 -0.172184 0.036607
v -0.081825 -0.177060 0.041923
v -0.084161 -0.156277 0.012101
v -0.074536 -0.159171 0.013096
v -0.076702 -0.164267 0.017030
v -0.086301 -0.162544 0.016541
v -0.082909 -0.151114 0.009112
v -0.071758 -0.153332 0.009470
v -0.073707 -0.144631 0.009636
v -0.080439 -0.144389 0.006461
v -0.101030 -0.181913 0.040808
v -0.091622 -0.181594 0.037316
v -0.084407 -0.181001 0.036643
v -0.088811 -0.182532 0.041575
v -0.090737 -0.180627 0.044008
v -0.092046 -0.179628 0.040850
v -0.095370 -0.181203 0.044671
v -0.092215 -0.182019 0.042963
v -0.091143 -0.182331 0.045353
v -0.095412 -0.182656 0.046939
v -0.093146 -0.182796 0.051070
v -0.100268 -0.183146 0.047152
v -0.104192 -0.181623 0.049572
v -0.104206 -0.181292 0.054104
v -0.103165 -0.182533 0.054950
v -0.104841 -0.183294 0.051972
v -0.104863 -0.182714 0.054799
v -0.104678 -0.181906 0.056489
v -0.110123 -0.179468 0.059621
v -0.104512 -0.180515 0.059251
v -0.110854 -0.180742 0.056719
v -0.111849 -0.181789 0.052113
v -0.103683 -0.180728 0.060274
v -0.105073 -0.183650 0.048997
v -0.105837 -0.182733 0.044306
v -0.113275 -0.180957 0.044646
v -0.113428 -0.178287 0.043153
v -0.115064 -0.179916 0.040094
v -0.106679 -0.180954 0.039298
v -0.121080 -0.178262 0.040967
v -0.122147 -0.176281 0.035404
v -0.115761 -0.177632 0.035672
v -0.116049 -0.172150 0.034756
v -0.117036 -0.175616 0.032890
v -0.111903 -0.176169 0.032239
v -0.117698 -0.174256 0.030957
v -0.117366 -0.169716 0.031517
v -0.111963 -0.175387 0.031388
v -0.118488 -0.172165 0.028237
v -0.113261 -0.173108 0.028748
v -0.115795 -0.169380 0.025364
v -0.120985 -0.168706 0.024940
v -0.114518 -0.165047 0.026428
v -0.114322 -0.167116 0.023361
v -0.115534 -0.163476 0.019349
v -0.116645 -0.165530 0.022181
v -0.107161 -0.170184 0.025354
v -0.115950 -0.158940 0.019741
v -0.120673 -0.159276 0.020917
v -0.116502 -0.158624 0.015482
v -0.117760 -0.153120 0.011570
v -0.120159 -0.159695 0.016620
v -0.105319 -0.160487 0.015706
v -0.118640 -0.149076 0.011625
v -0.118174 -0.147199 0.008891
v -0.123106 -0.149380 0.010514
v -0.124374 -0.152837 0.016572
v -0.122199 -0.154849 0.013650
v -0.125616 -0.144361 0.008200
v -0.118994 -0.162409 0.019250
v -0.123361 -0.170647 0.027211
v -0.103112 -0.173395 0.027561
v -0.081486 -0.139969 0.004677
v -0.065628 -0.113945 0.000690
v -0.076051 -0.114491 0.000594
v -0.077650 -0.099007 0.000467
v -0.079757 -0.092797 0.000682
v -0.114084 -0.071326 0.001194
v -0.131359 -0.073291 0.001236
v -0.133855 -0.087506 0.000769
v -0.138828 -0.085311 0.001100
v -0.139379 -0.077798 0.008396
v -0.134118 -0.071734 0.001317
v -0.141444 -0.072661 0.001572
v -0.143272 -0.077504 0.001490
v -0.138610 -0.065940 0.001465
v -0.150540 -0.065127 0.001624
v -0.148515 -0.058528 0.001892
v -0.126834 -0.073797 0.001163
v -0.149165 -0.047249 0.010449
v -0.143629 -0.039787 0.003974
v -0.145445 -0.046392 0.002882
v -0.092406 0.089134 0.001739
v -0.110761 0.100286 0.002793
v -0.038371 0.083499 0.002282
v -0.056884 0.113042 0.006796
v -0.061548 0.111806 0.006114
v -0.076660 0.102329 0.003022
v -0.072684 0.099363 0.002724
v -0.089253 0.101842 0.003099
v -0.131149 -0.163660 0.022024
v -0.125041 -0.175223 0.034676
v -0.104357 -0.179934 0.060443
v -0.109809 -0.179014 0.060749
v -0.116911 -0.048176 0.099247
v -0.115108 -0.047724 0.098511
v -0.116873 -0.049415 0.101161
v 0.102322 0.085643 0.080528
v 0.097600 0.085014 0.122878
v 0.103527 0.079575 0.116278
v 0.096081 0.092391 0.084893
v 0.105807 0.076055 0.078067
v 0.091812 0.018956 0.076619
v 0.058068 0.086978 0.084740
v 0.116195 0.014825 0.075377
v 0.063014 0.092427 0.088865
v 0.113271 0.009079 0.087166
v 0.068755 0.096054 0.091463
v 0.068492 -0.016273 0.076936
v 0.075452 0.097888 0.092305
v 0.082222 0.098220 0.091420
v 0.064741 0.001847 0.076701
v 0.089098 0.096412 0.088882
v 0.108726 0.066306 0.075786
v 0.055157 0.064116 0.076074
v 0.111304 0.054297 0.074771
v 0.061554 0.015440 0.075374
v 0.074324 0.000830 0.095333
v 0.077774 -0.004071 0.098807
v 0.080816 -0.006859 0.103677
v 0.082920 -0.009288 0.108425
v 0.086297 -0.010095 0.111779
v 0.091879 -0.009837 0.112596
v 0.097800 -0.006930 0.111765
v 0.100384 -0.004020 0.108104
v 0.102658 -0.001108 0.104985
v 0.105757 0.003242 0.100328
v 0.105261 0.008970 0.098248
v 0.110128 0.007585 0.094102
v 0.115142 0.026616 0.074674
v 0.113844 0.042220 0.073831
v 0.056210 0.046189 0.074098
v 0.055913 0.077318 0.079737
v 0.058343 0.029052 0.074044
v 0.050442 0.035462 0.104532
v 0.053782 0.029538 0.107519
v 0.057124 0.023598 0.110575
v 0.045510 0.027765 0.111972
v 0.048773 0.021994 0.115126
v 0.054426 0.008489 0.124571
v 0.057871 0.011220 0.125352
v 0.045187 0.020064 0.115026
v 0.041459 0.026271 0.111548
v 0.041393 0.024263 0.105300
v 0.045392 0.017482 0.108684
v 0.053907 0.004024 0.118584
v 0.053279 -0.005829 0.104477
v 0.060363 -0.003025 0.123546
v 0.060079 -0.012555 0.113326
v 0.060709 -0.023247 0.103512
v 0.064653 -0.013115 0.120673
v 0.064418 -0.015570 0.118308
v 0.064188 -0.017210 0.121187
v 0.066096 -0.025332 0.109601
v 0.069130 -0.018114 0.120644
v 0.072975 -0.021974 0.125851
v 0.066632 -0.019615 0.123996
v 0.072905 -0.021173 0.123804
v 0.073862 -0.026710 0.118676
v 0.075120 -0.020331 0.121482
v 0.075655 -0.024959 0.117342
v 0.074184 -0.028310 0.120499
v 0.067642 -0.028252 0.116225
v 0.067752 -0.030498 0.114696
v 0.065319 -0.027488 0.112663
v 0.074407 -0.030555 0.118770
v 0.075290 -0.029909 0.115093
v 0.096083 -0.027114 0.126982
v 0.090429 -0.026195 0.127893
v 0.076131 -0.029155 0.114200
v 0.091400 -0.027184 0.121709
v 0.078970 -0.029093 0.117304
v 0.091953 -0.031543 0.118724
v 0.092074 -0.032644 0.117926
v 0.092361 -0.034762 0.116726
v 0.077179 -0.035687 0.109034
v 0.092938 -0.035188 0.117863
v 0.092357 -0.033036 0.119556
v 0.096588 -0.032782 0.120180
v 0.099403 -0.026292 0.122142
v 0.100623 -0.031637 0.118932
v 0.100428 -0.032880 0.117924
v 0.097189 -0.036778 0.116246
v 0.096085 -0.026790 0.123197
v 0.100895 -0.035966 0.115466
v 0.093290 -0.037173 0.115752
v 0.097040 -0.036857 0.113179
v 0.092935 -0.036921 0.112719
v 0.101250 -0.036396 0.112151
v 0.098330 -0.049937 0.106716
v 0.079100 -0.046695 0.100812
v 0.077637 -0.038873 0.106407
v 0.076692 -0.040078 0.106762
v 0.077369 -0.047663 0.102175
v 0.077252 -0.048612 0.103331
v 0.098626 -0.051262 0.108470
v 0.085620 -0.052471 0.104211
v 0.098769 -0.054036 0.108118
v 0.111679 -0.050467 0.106198
v 0.111038 -0.048343 0.107575
v 0.115164 -0.042660 0.100817
v 0.117590 -0.047420 0.103334
v 0.117521 -0.044941 0.103815
v 0.116792 -0.043154 0.102843
v 0.116337 -0.035729 0.107515
v 0.124090 -0.040906 0.101635
v 0.121477 -0.039146 0.099364
v 0.121983 -0.034679 0.103795
v 0.123330 -0.035838 0.105823
v 0.116199 -0.035327 0.110132
v 0.124374 -0.032876 0.105287
v 0.126699 -0.033520 0.103613
v 0.127674 -0.039431 0.099204
v 0.124701 -0.030996 0.100881
v 0.122901 -0.018407 0.107772
v 0.125537 -0.037664 0.095763
v 0.127993 -0.027240 0.096861
v 0.122540 -0.030966 0.102930
v 0.121160 -0.020137 0.109849
v 0.115867 -0.031322 0.110355
v 0.116021 -0.023623 0.115904
v 0.114800 -0.030791 0.109725
v 0.115798 -0.032857 0.111266
v 0.100610 -0.031702 0.116407
v 0.100480 -0.034751 0.114979
v 0.115181 -0.035280 0.106745
v 0.100819 -0.031155 0.118538
v 0.114664 -0.023468 0.115452
v 0.113892 -0.022877 0.116830
v 0.116667 -0.023778 0.118720
v 0.123289 -0.018599 0.114498
v 0.123308 -0.020456 0.112991
v 0.116481 -0.021147 0.119964
v 0.101522 -0.024414 0.128381
v 0.101896 -0.022041 0.125549
v 0.111442 -0.016932 0.127855
v 0.110658 -0.015414 0.129533
v 0.095288 -0.024382 0.129486
v 0.072540 -0.019645 0.127762
v 0.094911 -0.021505 0.128791
v 0.074633 -0.017111 0.125368
v 0.074594 -0.015741 0.125582
v 0.071354 -0.016698 0.126362
v 0.072086 -0.009253 0.129533
v 0.067123 -0.009140 0.129876
v 0.066736 -0.017289 0.125474
v 0.068138 -0.014809 0.123740
v 0.064164 -0.014920 0.123194
v 0.063833 -0.000831 0.130833
v 0.069937 -0.001481 0.132120
v 0.077879 -0.006219 0.141780
v 0.076903 -0.009882 0.138242
v 0.071284 0.001103 0.132564
v 0.065771 0.002854 0.129700
v 0.069366 0.004346 0.126726
v 0.073616 0.006825 0.125047
v 0.071420 0.010947 0.117307
v 0.067367 0.009491 0.118181
v 0.066834 0.010044 0.109469
v 0.070656 0.013234 0.110857
v 0.071350 0.011022 0.104848
v 0.074045 0.010012 0.106988
v 0.076441 0.006171 0.118838
v 0.079381 0.003722 0.124100
v 0.075935 0.004041 0.129492
v 0.084015 0.001844 0.131082
v 0.091538 0.001520 0.132828
v 0.081389 0.002142 0.136686
v 0.091765 0.002572 0.139417
v 0.079971 -0.000604 0.140825
v 0.092302 -0.000320 0.143883
v 0.104026 0.003077 0.140138
v 0.105444 -0.000908 0.142023
v 0.092689 -0.005179 0.146675
v 0.092981 -0.008798 0.146341
v 0.107618 -0.005473 0.140726
v 0.094145 -0.019612 0.137703
v 0.109851 -0.013264 0.129145
v 0.111808 -0.002551 0.131947
v 0.115602 -0.008258 0.127175
v 0.117832 -0.009651 0.127505
v 0.117417 -0.011671 0.125797
v 0.118401 -0.007430 0.126679
v 0.123116 -0.002944 0.123493
v 0.123370 -0.005415 0.122319
v 0.121703 -0.004891 0.120016
v 0.124421 -0.002996 0.118926
v 0.123361 -0.001581 0.116556
v 0.123922 -0.000998 0.119431
v 0.122405 0.000567 0.117466
v 0.120984 -0.001290 0.122550
v 0.118587 -0.001345 0.130586
v 0.121164 0.006125 0.128545
v 0.123150 0.005817 0.121087
v 0.123386 0.015419 0.123308
v 0.124849 0.012777 0.117865
v 0.128156 0.005095 0.102996
v 0.124159 0.001730 0.114332
v 0.125780 -0.014501 0.103929
v 0.122990 -0.016142 0.109335
v 0.124031 -0.019482 0.110460
v 0.124094 -0.017421 0.111844
v 0.121004 -0.017217 0.112451
v 0.115793 -0.019178 0.118302
v 0.117254 -0.011851 0.123524
v 0.115666 -0.012326 0.123056
v 0.110334 -0.015282 0.124789
v 0.115284 -0.019154 0.118789
v 0.133035 -0.003857 0.085617
v 0.137674 -0.003845 0.061821
v 0.133330 0.014238 0.079944
v 0.136041 -0.021196 0.078964
v 0.130207 0.017877 0.095616
v 0.129367 0.032161 0.091548
v 0.125320 0.035329 0.104029
v 0.126451 0.021684 0.109978
v 0.125976 0.036545 0.109981
v 0.125138 0.024304 0.115954
v 0.121165 0.036837 0.111608
v 0.120068 0.025230 0.117241
v 0.118481 0.016491 0.124044
v 0.114462 0.023849 0.109292
v 0.112988 0.014425 0.111090
v 0.112066 0.012075 0.118408
v 0.109115 0.016323 0.117243
v 0.109472 0.016717 0.110048
v 0.109848 0.015846 0.104459
v 0.113523 0.012624 0.105108
v 0.111221 0.007090 0.094049
v 0.105277 0.016041 0.104318
v 0.104127 0.016601 0.112371
v 0.103182 0.014139 0.120449
v 0.101724 0.010319 0.125693
v 0.107972 0.012254 0.123457
v 0.105154 0.009504 0.131719
v 0.111012 0.009356 0.125498
v 0.110236 0.004105 0.135197
v 0.115036 0.007433 0.129362
v 0.111629 0.002921 0.134195
v 0.116589 0.006013 0.129775
v 0.113916 -0.000855 0.129543
v 0.101922 0.005710 0.136967
v 0.099036 0.006528 0.130634
v 0.115967 0.035868 0.105767
v 0.121505 0.047565 0.107670
v 0.116728 0.046905 0.102683
v 0.114384 0.056213 0.104717
v 0.119473 0.057234 0.109586
v 0.112033 0.065467 0.106863
v 0.107566 0.072497 0.111499
v 0.117110 0.066857 0.111547
v 0.120996 0.068934 0.110613
v 0.112432 0.074440 0.116332
v 0.123708 0.058504 0.108277
v 0.125071 0.047330 0.099618
v 0.121774 0.059286 0.101603
v 0.126277 0.047934 0.106034
v 0.123689 0.071191 0.091365
v 0.118844 0.070127 0.103990
v 0.128126 0.045656 0.089103
v 0.125935 0.058592 0.089350
v 0.129897 0.044271 0.075276
v 0.123121 0.070979 0.077026
v 0.126987 0.057787 0.074954
v 0.126852 0.057226 0.059132
v 0.122844 0.070515 0.059019
v 0.130463 0.043790 0.059281
v 0.130759 0.043347 0.042670
v 0.133230 0.028639 0.060254
v 0.132057 0.029874 0.076934
v 0.126796 0.056211 0.043569
v 0.122954 0.069014 0.044292
v 0.128096 0.057574 0.042225
v 0.131844 0.044519 0.041475
v 0.126675 0.057160 0.022455
v 0.130480 0.044052 0.022024
v 0.133987 0.028612 0.041516
v 0.131720 0.030037 0.022164
v 0.134772 0.013505 0.022368
v 0.125995 0.032641 0.007722
v 0.128339 0.044839 0.007020
v 0.123033 0.030829 0.001570
v 0.111216 0.039139 0.007550
v 0.120033 0.025973 0.001652
v 0.121523 0.022356 0.008620
v 0.123087 0.036288 0.001579
v 0.123223 0.010120 0.013949
v 0.130110 -0.005759 0.017125
v 0.116532 0.013479 0.010316
v 0.110287 0.003479 0.013503
v 0.107915 0.001850 0.010168
v 0.104370 -0.003633 0.011384
v 0.110419 0.005839 0.008730
v 0.123389 -0.013668 0.016800
v 0.103022 0.008423 0.013561
v 0.103636 -0.006580 0.015256
v 0.096933 -0.015471 0.015643
v 0.098238 -0.001565 0.015731
v 0.101499 -0.007259 0.011754
v 0.114081 -0.026053 0.013669
v 0.111798 -0.029419 0.012937
v 0.122872 -0.032099 0.013792
v 0.114504 -0.027324 0.008293
v 0.117312 -0.022970 0.008927
v 0.124740 -0.028217 0.007034
v 0.123106 -0.015939 0.010068
v 0.134622 -0.018180 0.014945
v 0.130908 -0.020683 0.008448
v 0.129964 -0.034443 0.005237
v 0.138017 -0.028625 0.006211
v 0.141303 -0.030503 0.012464
v 0.142519 -0.017237 0.019528
v 0.144716 -0.036114 0.011585
v 0.146582 -0.028608 0.016268
v 0.140187 -0.033225 0.005222
v 0.132484 -0.038596 0.004210
v 0.129691 -0.041158 0.011414
v 0.128512 -0.044202 0.003420
v 0.120938 -0.032986 0.006279
v 0.134784 -0.042664 0.003517
v 0.133671 -0.048378 0.010098
v 0.136589 -0.046445 0.002933
v 0.141996 -0.036390 0.004539
v 0.139144 -0.051614 0.002393
v 0.137852 -0.056924 0.008985
v 0.133908 -0.055056 0.001961
v 0.128674 -0.059180 0.001659
v 0.124559 -0.047617 0.003065
v 0.123183 -0.049132 0.010346
v 0.117547 -0.038052 0.012788
v 0.118156 -0.035969 0.005779
v 0.113874 -0.028926 0.007908
v 0.111883 -0.032636 0.007115
v 0.118347 -0.044051 0.004200
v 0.109812 -0.044034 0.004703
v 0.111822 -0.046287 0.011916
v 0.112375 -0.050344 0.003455
v 0.101303 -0.054713 0.010807
v 0.096124 -0.067516 0.009528
v 0.094094 -0.065604 0.002077
v 0.099857 -0.052667 0.003624
v 0.102081 -0.058326 0.002694
v 0.113853 -0.058220 0.002100
v 0.105236 -0.065633 0.001710
v 0.098802 -0.067446 0.002009
v 0.095559 -0.076553 0.001308
v 0.100913 -0.079630 0.008562
v 0.099116 -0.075769 0.001344
v 0.089388 -0.082068 0.006360
v 0.091138 -0.077624 0.001248
v 0.085188 -0.072707 0.001422
v 0.082329 -0.081684 0.001218
v 0.089558 -0.069870 0.009117
v 0.090547 -0.077700 0.001244
v 0.097891 -0.084493 0.008448
v 0.081665 -0.084194 0.008249
v 0.089652 -0.086070 0.007977
v 0.098962 -0.090031 0.008459
v 0.092109 -0.089742 0.000733
v 0.093137 -0.085553 0.001089
v 0.093218 -0.085892 0.001097
v 0.079700 -0.090412 0.008053
v 0.089463 -0.098198 0.007143
v 0.089256 -0.111117 0.006597
v 0.099307 -0.102971 0.008197
v 0.091822 -0.102873 0.000079
v 0.092394 -0.096870 0.000696
v 0.087269 -0.107414 0.000001
v 0.085746 -0.097601 0.000197
v 0.078082 -0.099013 0.000456
v 0.080184 -0.092800 0.000684
v 0.079077 -0.100764 0.000361
v 0.076007 -0.101584 0.007686
v 0.066064 -0.113946 0.000689
v 0.073231 -0.099109 0.000973
v 0.072333 -0.101011 0.001032
v 0.061872 -0.112954 0.007806
v 0.064189 -0.108743 0.000650
v 0.071752 -0.090913 0.008294
v 0.076059 -0.105887 0.000394
v 0.079688 -0.116568 0.000603
v 0.086333 -0.113035 0.000073
v 0.076488 -0.114492 0.000595
v 0.073754 -0.117377 0.000991
v 0.076895 -0.117762 0.007134
v 0.075777 -0.124578 0.007417
v 0.083563 -0.121941 0.001119
v 0.082528 -0.123856 0.007042
v 0.087638 -0.121411 0.000959
v 0.090369 -0.122820 0.006688
v 0.078880 -0.128746 0.008928
v 0.079308 -0.136933 0.008698
v 0.072875 -0.130293 0.009286
v 0.090458 -0.128552 0.005627
v 0.091745 -0.135299 0.008456
v 0.084420 -0.135097 0.003440
v 0.081639 -0.138690 0.004199
v 0.086637 -0.142413 0.005536
v 0.090579 -0.138587 0.004323
v 0.093646 -0.141819 0.008812
v 0.092461 -0.145491 0.006898
v 0.094807 -0.148328 0.011403
v 0.086620 -0.143783 0.009669
v 0.080884 -0.144392 0.006460
v 0.079287 -0.139370 0.008116
v 0.092538 -0.151497 0.009194
v 0.095347 -0.158235 0.013259
v 0.083346 -0.151115 0.009112
v 0.097343 -0.154587 0.013661
v 0.104585 -0.157500 0.015823
v 0.099686 -0.158777 0.013950
v 0.104653 -0.155282 0.012371
v 0.097756 -0.153020 0.010208
v 0.100451 -0.163495 0.020476
v 0.103357 -0.172156 0.031146
v 0.084282 -0.151496 0.012263
v 0.097104 -0.164525 0.017985
v 0.106628 -0.165434 0.020583
v 0.101280 -0.164411 0.018393
v 0.106782 -0.165642 0.025405
v 0.102598 -0.168808 0.022918
v 0.098892 -0.169982 0.023316
v 0.088205 -0.163919 0.022140
v 0.084583 -0.156258 0.012078
v 0.086748 -0.162555 0.016573
v 0.077132 -0.164261 0.017031
v 0.079219 -0.168451 0.021786
v 0.080148 -0.170694 0.025523
v 0.074921 -0.162733 0.018664
v 0.060558 -0.162398 0.019206
v 0.069050 -0.161059 0.014544
v 0.067659 -0.151285 0.011947
v 0.074971 -0.159172 0.013096
v 0.073793 -0.167085 0.019474
v 0.065671 -0.166611 0.018705
v 0.066723 -0.166565 0.018915
v 0.071179 -0.171768 0.023840
v 0.076982 -0.172559 0.024907
v 0.073653 -0.173411 0.028633
v 0.073788 -0.172186 0.036607
v 0.077432 -0.172327 0.028496
v 0.081476 -0.178896 0.037047
v 0.062417 -0.160294 0.030708
v 0.074401 -0.169527 0.039498
v 0.063476 -0.158103 0.033537
v 0.052935 -0.146795 0.028197
v 0.045765 -0.133286 0.027576
v 0.050967 -0.146285 0.012906
v 0.054294 -0.145043 0.030793
v 0.055708 -0.146065 0.044036
v 0.062875 -0.160112 0.044553
v 0.046993 -0.131647 0.030210
v 0.045561 -0.118387 0.030551
v 0.043641 -0.119004 0.028208
v 0.050350 -0.133296 0.044544
v 0.059853 -0.132147 0.059142
v 0.056817 -0.120105 0.059742
v 0.048091 -0.121458 0.046112
v 0.047264 -0.109494 0.046565
v 0.044693 -0.106858 0.030604
v 0.055829 -0.108177 0.060680
v 0.055359 -0.095350 0.062208
v 0.068231 -0.107691 0.070655
v 0.069689 -0.118530 0.069456
v 0.066768 -0.094278 0.073599
v 0.075482 -0.101646 0.073947
v 0.077896 -0.103627 0.075524
v 0.089787 -0.116780 0.075230
v 0.104030 -0.115358 0.076576
v 0.089851 -0.127077 0.073890
v 0.072958 -0.129956 0.068955
v 0.104334 -0.125510 0.074540
v 0.090306 -0.104070 0.077524
v 0.104553 -0.102481 0.079195
v 0.078693 -0.103600 0.079924
v 0.089406 -0.103128 0.083518
v 0.103808 -0.101693 0.084992
v 0.118318 -0.098806 0.082226
v 0.103014 -0.098864 0.086441
v 0.117783 -0.095659 0.083267
v 0.103191 -0.096250 0.083822
v 0.117263 -0.093912 0.080007
v 0.119539 -0.093845 0.081614
v 0.128576 -0.095780 0.078769
v 0.127855 -0.092794 0.079481
v 0.127307 -0.091950 0.078239
v 0.131140 -0.091144 0.075667
v 0.131683 -0.094124 0.074256
v 0.133784 -0.077405 0.077376
v 0.135453 -0.092821 0.072485
v 0.126649 -0.079284 0.082385
v 0.133448 -0.074412 0.081383
v 0.126453 -0.075059 0.083957
v 0.119317 -0.081419 0.087106
v 0.118892 -0.075770 0.089420
v 0.117282 -0.085764 0.083207
v 0.117460 -0.081176 0.084990
v 0.117138 -0.076127 0.087415
v 0.101764 -0.085369 0.091797
v 0.107825 -0.085996 0.090586
v 0.117396 -0.074472 0.088797
v 0.101917 -0.082928 0.089230
v 0.084022 -0.079602 0.086188
v 0.100350 -0.075445 0.095346
v 0.083099 -0.078995 0.086352
v 0.081772 -0.081595 0.093108
v 0.100659 -0.074987 0.099120
v 0.119621 -0.075605 0.092263
v 0.110724 -0.070665 0.097728
v 0.100868 -0.070723 0.099905
v 0.096660 -0.073482 0.099444
v 0.096757 -0.072354 0.094625
v 0.080941 -0.078030 0.094509
v 0.079608 -0.065896 0.095459
v 0.080014 -0.069719 0.093728
v 0.073572 -0.063914 0.095398
v 0.074091 -0.067747 0.092796
v 0.079468 -0.068907 0.091793
v 0.080952 -0.068908 0.091322
v 0.081283 -0.071412 0.090356
v 0.079852 -0.071222 0.090678
v 0.081047 -0.076506 0.089208
v 0.072672 -0.071188 0.086148
v 0.074723 -0.066986 0.090135
v 0.070164 -0.063360 0.088450
v 0.070056 -0.064707 0.092881
v 0.069704 -0.055174 0.092653
v 0.072812 -0.060525 0.097720
v 0.069575 -0.057098 0.096874
v 0.077934 -0.053631 0.100743
v 0.077650 -0.052409 0.098709
v 0.077405 -0.050559 0.100022
v 0.079179 -0.050147 0.099211
v 0.079394 -0.052109 0.098377
v 0.073659 -0.048471 0.098681
v 0.069328 -0.046186 0.098377
v 0.073038 -0.049359 0.101711
v 0.069698 -0.047174 0.101719
v 0.073600 -0.047808 0.104027
v 0.072948 -0.042167 0.108604
v 0.068805 -0.040332 0.106668
v 0.068290 -0.038695 0.102942
v 0.062336 -0.035195 0.096588
v 0.075503 -0.038461 0.110316
v 0.066334 -0.027850 0.108056
v 0.075784 -0.036677 0.109260
v 0.065276 -0.029749 0.111403
v 0.076234 -0.040486 0.108425
v 0.074357 -0.040670 0.105442
v 0.074991 -0.046872 0.101674
v 0.049680 -0.015641 0.082649
v 0.063140 -0.046656 0.090804
v 0.051694 -0.031359 0.077707
v 0.052755 -0.045253 0.073837
v 0.047274 -0.028666 0.057456
v 0.046147 -0.013657 0.058749
v 0.044214 0.003149 0.078354
v 0.042979 0.001802 0.058930
v 0.048399 -0.011562 0.038226
v 0.048526 -0.025685 0.038247
v 0.048446 -0.042760 0.036383
v 0.047547 -0.025824 0.035760
v 0.047962 -0.042142 0.033844
v 0.047450 -0.010380 0.035978
v 0.051778 -0.011281 0.024956
v 0.052708 -0.024708 0.022156
v 0.059767 -0.035227 0.013315
v 0.064143 -0.024278 0.015463
v 0.050310 -0.039036 0.017655
v 0.047064 -0.052500 0.014445
v 0.055116 -0.047381 0.012520
v 0.058849 -0.045867 0.004982
v 0.055902 -0.052271 0.003982
v 0.066355 -0.057606 0.010383
v 0.065070 -0.052183 0.003852
v 0.051092 -0.062740 0.008376
v 0.043665 -0.077028 0.009722
v 0.058260 -0.072192 0.001760
v 0.050058 -0.065820 0.002488
v 0.061365 -0.070889 0.010373
v 0.047773 -0.074721 0.002006
v 0.052054 -0.059476 0.002993
v 0.045755 -0.064147 0.012400
v 0.044183 -0.071798 0.030418
v 0.046054 -0.056933 0.032190
v 0.047382 -0.056996 0.034757
v 0.046509 -0.071173 0.032977
v 0.047807 -0.070720 0.050592
v 0.048170 -0.083119 0.048729
v 0.045913 -0.082623 0.031710
v 0.043620 -0.083403 0.029188
v 0.047606 -0.095529 0.046932
v 0.044969 -0.094102 0.030290
v 0.043013 -0.094950 0.027761
v 0.043260 -0.107951 0.028009
v 0.043474 -0.085168 0.010501
v 0.041608 -0.094771 0.009588
v 0.042517 -0.104583 0.009231
v 0.048151 -0.096044 0.001552
v 0.047597 -0.102793 0.001442
v 0.059996 -0.109642 0.008226
v 0.047308 -0.108740 0.001445
v 0.043287 -0.115932 0.009276
v 0.045670 -0.131144 0.010734
v 0.047076 -0.115450 0.001769
v 0.057543 -0.119620 0.001452
v 0.062369 -0.123931 0.007810
v 0.062464 -0.134851 0.009060
v 0.064520 -0.138189 0.009357
v 0.065517 -0.123158 0.001727
v 0.072674 -0.122919 0.001705
v 0.060392 -0.138557 0.004865
v 0.069396 -0.147396 0.007413
v 0.067005 -0.140322 0.004946
v 0.063089 -0.146617 0.007530
v 0.073003 -0.134595 0.003766
v 0.074028 -0.142599 0.005724
v 0.077604 -0.139153 0.004608
v 0.077380 -0.138050 0.004288
v 0.074142 -0.144632 0.009636
v 0.072193 -0.153324 0.009470
v 0.055260 -0.144054 0.006803
v 0.052555 -0.136310 0.005062
v 0.057327 -0.114285 0.000849
v 0.061048 -0.101304 0.008129
v 0.056363 -0.107594 0.001051
v 0.061416 -0.108207 0.008070
v 0.062964 -0.107551 0.000559
v 0.063856 -0.102923 0.000808
v 0.064641 -0.098333 0.000992
v 0.062229 -0.096868 0.008320
v 0.070810 -0.093236 0.001126
v 0.060994 -0.083998 0.008363
v 0.071492 -0.082608 0.001428
v 0.063654 -0.082422 0.001661
v 0.074744 -0.084924 0.008442
v 0.057610 -0.078391 0.001720
v 0.065475 -0.073258 0.001654
v 0.075787 -0.074087 0.001454
v 0.072803 -0.076908 0.001500
v 0.077227 -0.064593 0.002141
v 0.078603 -0.076259 0.001369
v 0.077805 -0.060768 0.010090
v 0.077954 -0.057927 0.002847
v 0.066153 -0.065406 0.002110
v 0.068825 -0.056944 0.003063
v 0.079466 -0.049282 0.004476
v 0.091282 -0.056180 0.010309
v 0.085974 -0.064523 0.002306
v 0.087297 -0.056163 0.003365
v 0.080251 -0.045563 0.012817
v 0.088988 -0.050686 0.004440
v 0.080700 -0.042450 0.005690
v 0.069999 -0.050348 0.004323
v 0.071948 -0.042090 0.006073
v 0.070444 -0.041359 0.013424
v 0.067212 -0.042747 0.005829
v 0.069384 -0.035940 0.007416
v 0.074041 -0.027156 0.015991
v 0.073231 -0.035270 0.007617
v 0.081542 -0.037203 0.007057
v 0.082212 -0.033836 0.014786
v 0.086582 -0.033667 0.008002
v 0.081669 -0.030399 0.008514
v 0.087684 -0.038436 0.011215
v 0.089446 -0.026952 0.009357
v 0.086392 -0.042939 0.006102
v 0.106251 -0.040329 0.011237
v 0.092369 -0.027146 0.013363
v 0.094060 -0.047705 0.010422
v 0.096231 -0.047898 0.004803
v 0.106987 -0.040372 0.005630
v 0.090076 -0.047220 0.005444
v 0.090612 -0.063776 0.002373
v 0.082192 -0.021970 0.010479
v 0.082488 -0.017888 0.015009
v 0.091028 -0.022076 0.010186
v 0.094091 -0.015844 0.011444
v 0.085502 -0.017182 0.011239
v 0.088049 -0.011050 0.011355
v 0.090046 -0.009866 0.014218
v 0.089569 -0.007132 0.011432
v 0.094932 -0.013399 0.014244
v 0.090639 -0.002679 0.014391
v 0.078316 -0.006076 0.015529
v 0.070285 -0.007317 0.010735
v 0.095347 0.007192 0.012516
v 0.071490 -0.008700 0.017314
v 0.074521 0.001830 0.013813
v 0.075798 -0.006270 0.010658
v 0.078300 -0.010756 0.011052
v 0.079988 -0.016381 0.011053
v 0.072359 -0.012090 0.010856
v 0.062916 -0.013302 0.014566
v 0.073897 -0.022038 0.010135
v 0.067580 -0.015053 0.010773
v 0.068436 -0.020899 0.010400
v 0.048673 0.001389 0.023853
v 0.058606 -0.004949 0.013606
v 0.066244 -0.010968 0.010707
v 0.063843 -0.006365 0.010127
v 0.067862 -0.002558 0.009358
v 0.074238 -0.001960 0.009419
v 0.066780 0.000168 0.015552
v 0.074250 -0.001805 0.009915
v 0.065750 0.001860 0.008147
v 0.062349 0.008642 0.005338
v 0.057216 0.002300 0.007476
v 0.061215 -0.002587 0.008999
v 0.071921 0.001785 0.008017
v 0.069655 0.007261 0.005760
v 0.060748 0.012226 0.011389
v 0.070028 0.011870 0.010050
v 0.098196 0.016059 0.009186
v 0.060276 0.013084 0.003710
v 0.067588 0.012156 0.003934
v 0.067514 0.020662 0.007087
v 0.066190 0.016990 0.002402
v 0.063795 0.021686 0.001932
v 0.063986 0.030510 0.006411
v 0.099426 0.025737 0.006800
v 0.058671 0.021428 0.007047
v 0.047716 0.009905 0.009721
v 0.057503 0.017992 0.002807
v 0.054730 0.023095 0.002157
v 0.050971 0.010476 0.004284
v 0.048626 0.015422 0.003244
v 0.045108 0.020302 0.002571
v 0.042117 0.020309 0.009927
v 0.042115 0.015281 0.024724
v 0.042768 0.025714 0.002549
v 0.051362 0.030722 0.009702
v 0.037514 0.033021 0.009732
v 0.036588 0.031387 0.025377
v 0.033892 0.046735 0.026022
v 0.036001 0.031203 0.041477
v 0.038028 0.019586 0.040926
v 0.040053 0.018667 0.042118
v 0.043668 0.001186 0.038477
v 0.044238 0.000463 0.040384
v 0.039890 0.017525 0.058879
v 0.037671 0.032671 0.074764
v 0.040370 0.018448 0.075933
v 0.037638 0.031708 0.058880
v 0.036154 0.046706 0.059536
v 0.036260 0.047578 0.075204
v 0.038200 0.030447 0.042608
v 0.036202 0.047239 0.044295
v 0.033800 0.048033 0.043205
v 0.033140 0.063262 0.044338
v 0.032940 0.062659 0.025623
v 0.032598 0.075647 0.008639
v 0.034361 0.079903 0.026732
v 0.033000 0.060334 0.009368
v 0.034197 0.048402 0.009779
v 0.036016 0.052753 0.002585
v 0.035140 0.059173 0.002597
v 0.047029 0.064172 0.002117
v 0.046727 0.067361 0.009828
v 0.034444 0.064641 0.002528
v 0.034455 0.074689 0.002560
v 0.046782 0.068958 0.002020
v 0.047803 0.075656 0.001888
v 0.058465 0.060965 0.002004
v 0.058892 0.066087 0.001980
v 0.061165 0.057509 0.007207
v 0.061901 0.063996 0.007694
v 0.061818 0.070142 0.007594
v 0.076999 0.077361 0.006473
v 0.085485 0.075504 0.005463
v 0.089220 0.075271 0.001609
v 0.091599 0.079795 0.005508
v 0.091027 0.068351 0.008148
v 0.088527 0.083837 0.006304
v 0.094199 0.088061 0.006401
v 0.088637 0.086427 0.001631
v 0.094793 0.082930 0.004859
v 0.085695 0.087483 0.006333
v 0.085881 0.088875 0.001781
v 0.087291 0.094493 0.009465
v 0.081392 0.093288 0.002064
v 0.074680 0.095411 0.007160
v 0.075256 0.092137 0.001944
v 0.083201 0.087497 0.001559
v 0.076054 0.080428 0.001663
v 0.052911 0.086265 0.001677
v 0.059721 0.098652 0.003033
v 0.041075 0.092441 0.003056
v 0.047152 0.102543 0.004682
v 0.049879 0.083360 0.009445
v 0.034842 0.086476 0.010481
v 0.036219 0.091806 0.010694
v 0.048372 0.080641 0.001777
v 0.058645 0.070599 0.001996
v 0.038804 0.083490 0.002279
v 0.045353 0.105526 0.012346
v 0.038019 0.093887 0.028893
v 0.046577 0.104408 0.031310
v 0.039921 0.095376 0.049378
v 0.035211 0.081580 0.046325
v 0.041836 0.093987 0.049974
v 0.035541 0.062484 0.045408
v 0.037527 0.080572 0.047230
v 0.036950 0.080715 0.064447
v 0.036893 0.079662 0.081786
v 0.035738 0.063658 0.061358
v 0.036018 0.063591 0.077614
v 0.041110 0.094019 0.067649
v 0.048135 0.103123 0.069790
v 0.049055 0.102889 0.051691
v 0.041908 0.092100 0.085164
v 0.038625 0.078128 0.097817
v 0.044161 0.091136 0.103132
v 0.049250 0.101797 0.087744
v 0.059049 0.109415 0.088488
v 0.057710 0.110699 0.070687
v 0.051774 0.100435 0.106728
v 0.063803 0.102093 0.123466
v 0.054219 0.095691 0.124041
v 0.060870 0.106128 0.108678
v 0.074575 0.105138 0.120924
v 0.071025 0.113840 0.088428
v 0.072608 0.109702 0.107711
v 0.083264 0.109867 0.107483
v 0.094920 0.107542 0.105457
v 0.084640 0.102883 0.122066
v 0.094772 0.101102 0.124281
v 0.094317 0.111545 0.085985
v 0.082469 0.114547 0.087929
v 0.070265 0.115740 0.070868
v 0.081249 0.116399 0.069816
v 0.092189 0.114595 0.067622
v 0.105572 0.104819 0.083667
v 0.104511 0.107877 0.064014
v 0.092178 0.112936 0.051135
v 0.080391 0.115095 0.052734
v 0.070294 0.114379 0.053137
v 0.080001 0.117479 0.051315
v 0.091860 0.115316 0.049907
v 0.104196 0.108939 0.047208
v 0.091211 0.116783 0.031208
v 0.080093 0.118919 0.032496
v 0.079328 0.118383 0.011979
v 0.069798 0.117163 0.032692
v 0.070088 0.116521 0.012757
v 0.069807 0.116840 0.052108
v 0.057207 0.112429 0.052239
v 0.057594 0.109946 0.052930
v 0.047597 0.104599 0.050990
v 0.058476 0.112823 0.032371
v 0.059957 0.114033 0.012448
v 0.048826 0.108213 0.006413
v 0.057316 0.113037 0.006803
v 0.061980 0.111804 0.006113
v 0.065440 0.112026 0.011189
v 0.065251 0.115108 0.006998
v 0.072083 0.111477 0.005520
v 0.078992 0.118074 0.007189
v 0.086748 0.116233 0.006389
v 0.087141 0.116872 0.006626
v 0.078454 0.114206 0.005991
v 0.088363 0.114119 0.013764
v 0.072970 0.108899 0.010333
v 0.079705 0.111686 0.013205
v 0.087676 0.113744 0.005887
v 0.077918 0.110727 0.005467
v 0.081485 0.105899 0.009251
v 0.081621 0.107648 0.004294
v 0.090725 0.109416 0.004465
v 0.093090 0.107417 0.012193
v 0.096716 0.112446 0.005482
v 0.093060 0.115446 0.006435
v 0.099846 0.111527 0.010133
v 0.091554 0.115888 0.011489
v 0.107157 0.105028 0.008807
v 0.104258 0.109068 0.027615
v 0.094715 0.108015 0.004151
v 0.100683 0.110235 0.004804
v 0.103825 0.107145 0.003926
v 0.098664 0.104134 0.003190
v 0.089791 0.099997 0.007869
v 0.086447 0.105364 0.003679
v 0.089684 0.101841 0.003100
v 0.100809 0.101740 0.010967
v 0.102274 0.101520 0.002796
v 0.093917 0.099841 0.002827
v 0.104862 0.098110 0.002285
v 0.096657 0.095730 0.002322
v 0.096242 0.093679 0.007170
v 0.094211 0.092768 0.002009
v 0.089707 0.096684 0.002594
v 0.098126 0.089845 0.008473
v 0.101270 0.090718 0.008524
v 0.105672 0.091872 0.008487
v 0.105890 0.096281 0.010302
v 0.114019 0.099282 0.009644
v 0.110972 0.091348 0.006215
v 0.111192 0.100285 0.002796
v 0.107400 0.104196 0.003461
v 0.116798 0.092578 0.008746
v 0.111755 0.090178 0.001688
v 0.108084 0.089117 0.001576
v 0.104805 0.089574 0.006219
v 0.115058 0.090780 0.001921
v 0.113594 0.084585 0.001740
v 0.116643 0.085447 0.001952
v 0.119841 0.084400 0.007868
v 0.122508 0.075956 0.007821
v 0.117803 0.084259 0.023738
v 0.118504 0.082796 0.001908
v 0.114381 0.083304 0.009612
v 0.120271 0.076926 0.001882
v 0.117084 0.076966 0.001721
v 0.115565 0.082081 0.001718
v 0.117045 0.075819 0.009591
v 0.112755 0.076578 0.001676
v 0.120886 0.073892 0.001836
v 0.110928 0.075936 0.006450
v 0.113744 0.073140 0.001642
v 0.115343 0.069385 0.001595
v 0.114001 0.068821 0.006436
v 0.108785 0.068131 0.001734
v 0.109260 0.067017 0.009062
v 0.111890 0.069183 0.001688
v 0.117474 0.066528 0.001584
v 0.117035 0.064056 0.009360
v 0.112593 0.064876 0.011207
v 0.111651 0.062623 0.008205
v 0.103617 0.065858 0.010661
v 0.095923 0.058323 0.005841
v 0.096790 0.064498 0.009644
v 0.103368 0.066552 0.005872
v 0.098540 0.068860 0.008842
v 0.092628 0.070782 0.001615
v 0.096989 0.071266 0.001661
v 0.099361 0.071244 0.001711
v 0.093998 0.063798 0.009226
v 0.063507 0.040191 0.007413
v 0.062026 0.051352 0.007267
v 0.047593 0.052860 0.002177
v 0.047092 0.056268 0.009778
v 0.060448 0.043034 0.002056
v 0.059856 0.049176 0.002028
v 0.058618 0.054039 0.002018
v 0.047054 0.058084 0.002094
v 0.058339 0.057197 0.002008
v 0.048496 0.046050 0.002129
v 0.036760 0.046832 0.002541
v 0.038916 0.038306 0.002548
v 0.049011 0.044041 0.009759
v 0.049433 0.041474 0.002073
v 0.040470 0.032693 0.002532
v 0.050681 0.034099 0.002088
v 0.060947 0.037895 0.002034
v 0.061368 0.032710 0.002011
v 0.098082 0.047347 0.005870
v 0.100088 0.036367 0.005238
v 0.111116 0.041650 0.001580
v 0.111110 0.036700 0.001591
v 0.101438 0.039547 0.001627
v 0.101837 0.028761 0.001640
v 0.101604 0.034441 0.001634
v 0.111076 0.031655 0.001528
v 0.111244 0.029965 0.008298
v 0.117998 0.020757 0.002534
v 0.110434 0.026846 0.002092
v 0.108547 0.020539 0.002892
v 0.101303 0.023709 0.002004
v 0.115481 0.015967 0.004769
v 0.107705 0.018601 0.010064
v 0.113484 0.010692 0.006818
v 0.106740 0.014927 0.004916
v 0.104190 0.009242 0.007733
v 0.099624 0.012686 0.005322
v 0.098270 0.007909 0.007688
v 0.100764 0.018409 0.003255
v 0.100847 0.045577 0.001627
v 0.111481 0.048631 0.001598
v 0.124519 0.043466 0.001591
v 0.111776 0.051680 0.007599
v 0.111722 0.053482 0.001552
v 0.100307 0.049828 0.001621
v 0.099217 0.056454 0.001615
v 0.111441 0.060225 0.001698
v 0.124154 0.048780 0.001621
v 0.123156 0.055055 0.001582
v 0.126061 0.057519 0.007920
v 0.122853 0.070179 0.023024
v 0.125474 0.065055 0.007904
v 0.123760 0.071058 0.007923
v 0.122942 0.067844 0.001783
v 0.121905 0.070874 0.001801
v 0.123936 0.070509 0.043220
v 0.117718 0.082592 0.045062
v 0.118892 0.084252 0.044219
v 0.112588 0.096010 0.046106
v 0.113833 0.097801 0.045422
v 0.112746 0.098141 0.024739
v 0.104115 0.106932 0.048580
v 0.113045 0.096692 0.062459
v 0.113437 0.094258 0.080804
v 0.118761 0.082891 0.078379
v 0.118251 0.083765 0.060579
v 0.118090 0.081684 0.094276
v 0.112644 0.092037 0.097898
v 0.114731 0.079431 0.109023
v 0.110685 0.088683 0.113870
v 0.116207 0.077447 0.115236
v 0.111464 0.085834 0.119834
v 0.104332 0.093592 0.126139
v 0.107738 0.081946 0.121135
v 0.101580 0.088758 0.128044
v 0.095652 0.099606 0.129948
v 0.093587 0.094429 0.132066
v 0.091005 0.089172 0.126869
v 0.083605 0.092152 0.125764
v 0.084120 0.098489 0.130482
v 0.076931 0.093486 0.124552
v 0.075231 0.099021 0.128901
v 0.069033 0.091241 0.125973
v 0.065830 0.096140 0.131369
v 0.062662 0.085739 0.125995
v 0.057525 0.089021 0.132160
v 0.058380 0.079685 0.122463
v 0.052364 0.081515 0.128126
v 0.048335 0.084935 0.126415
v 0.043160 0.074470 0.118233
v 0.047414 0.072020 0.120082
v 0.043281 0.060664 0.113470
v 0.053849 0.070871 0.115224
v 0.049584 0.060657 0.108891
v 0.048719 0.047497 0.104609
v 0.041458 0.046783 0.109442
v 0.036402 0.046506 0.107357
v 0.043022 0.034367 0.109772
v 0.038634 0.061955 0.111369
v 0.037682 0.032424 0.108043
v 0.036818 0.032987 0.101653
v 0.036492 0.046607 0.101339
v 0.036343 0.047665 0.089112
v 0.037604 0.033615 0.089135
v 0.038972 0.063324 0.105545
v 0.043500 0.076661 0.112458
v 0.036852 0.063514 0.092065
v 0.048418 0.088234 0.120087
v 0.040865 0.021258 0.091468
v 0.045452 0.008829 0.095807
v 0.054098 0.092977 0.130758
v 0.063443 0.101529 0.130654
v 0.074643 0.104161 0.126674
v 0.085212 0.103675 0.128467
v 0.103673 0.096330 0.120773
v 0.105039 0.101382 0.102302
v 0.095445 0.079956 0.001701
v 0.101001 0.071885 0.004603
v 0.098282 0.077731 0.005839
v 0.100048 0.076616 0.001782
v 0.102903 0.080320 0.006139
v 0.102108 0.081214 0.001697
v 0.098369 0.078663 0.001732
v 0.096531 0.081953 0.001662
v 0.100306 0.084677 0.001548
v 0.099767 0.085740 0.005940
v 0.103369 0.086944 0.001524
v 0.107794 0.083042 0.006421
v 0.105119 0.083326 0.001678
v 0.111381 0.080816 0.001689
v 0.108994 0.084498 0.001631
v 0.106437 0.081406 0.001733
v 0.105405 0.075249 0.001759
v 0.103616 0.079268 0.001716
v 0.108680 0.076342 0.001695
v 0.106145 0.074239 0.006135
v 0.106904 0.073168 0.001723
v 0.109714 0.074944 0.001681
v 0.103434 0.070824 0.001768
v 0.104643 0.067691 0.001793
v 0.092806 0.077543 0.001618
v 0.088586 0.092824 0.002035
v 0.092837 0.089133 0.001740
v 0.087025 0.099994 0.002834
v 0.082049 0.103645 0.003403
v 0.080888 0.099519 0.002792
v 0.079312 0.100675 0.010256
v 0.077091 0.102328 0.003022
v 0.078684 0.106877 0.003967
v 0.076966 0.096303 0.002438
v 0.072874 0.108245 0.004582
v 0.072332 0.105042 0.003681
v 0.069703 0.104883 0.011733
v 0.063413 0.100625 0.008494
v 0.064890 0.103224 0.003617
v 0.068903 0.108058 0.004776
v 0.068453 0.101903 0.003204
v 0.073116 0.099362 0.002723
v 0.056568 0.106755 0.004911
v 0.048818 0.108284 0.005984
v 0.054836 0.103534 0.009705
v 0.085651 0.096124 0.002352
v 0.052223 0.028557 0.002145
v 0.062972 0.027717 0.001965
v 0.054466 0.006832 0.005901
v 0.054357 0.004297 0.012650
v 0.093963 -0.000815 0.010355
v 0.095959 0.004211 0.009031
v 0.102032 0.005494 0.009110
v 0.099471 -0.000056 0.010624
v 0.091013 -0.004452 0.011008
v 0.097079 -0.003941 0.011214
v 0.097864 -0.012853 0.011684
v 0.093471 -0.008949 0.011581
v 0.075030 -0.027671 0.009258
v 0.067326 -0.026695 0.009401
v 0.071061 -0.028234 0.009105
v 0.065416 -0.032426 0.007979
v 0.062706 -0.039529 0.006413
v 0.076093 -0.077714 0.008675
v 0.075318 -0.078639 0.008670
v 0.057262 -0.100896 0.000973
v 0.054899 -0.083065 0.064639
v 0.054256 -0.071048 0.067377
v 0.066265 -0.080039 0.078230
v 0.065454 -0.071187 0.081616
v 0.070005 -0.077530 0.082115
v 0.070673 -0.081571 0.080976
v 0.074194 -0.081090 0.082545
v 0.073326 -0.081721 0.086533
v 0.072701 -0.077763 0.087902
v 0.081720 -0.080103 0.087226
v 0.084665 -0.083909 0.085334
v 0.084350 -0.090240 0.084048
v 0.086373 -0.097198 0.080604
v 0.085914 -0.089984 0.083329
v 0.087494 -0.094312 0.081473
v 0.077441 -0.097070 0.076959
v 0.076172 -0.091044 0.079167
v 0.075553 -0.098623 0.075359
v 0.078518 -0.099791 0.081081
v 0.088504 -0.100293 0.084557
v 0.089214 -0.097412 0.080769
v 0.102229 -0.089631 0.087443
v 0.097636 -0.087708 0.089914
v 0.102173 -0.088213 0.090463
v 0.117071 -0.089714 0.081461
v 0.096103 -0.086621 0.088149
v 0.073614 -0.077124 0.084182
v 0.053372 -0.058446 0.070502
v 0.063999 -0.059081 0.085848
v 0.047723 -0.043670 0.055188
v 0.047646 -0.057588 0.052966
v 0.062091 -0.058305 0.002820
v 0.058569 -0.066121 0.005530
v 0.077177 -0.051014 0.102282
v 0.083230 -0.051515 0.100014
v 0.078007 -0.056538 0.100000
v 0.079520 -0.055753 0.096539
v 0.077764 -0.057676 0.097518
v 0.097935 -0.054515 0.106258
v 0.098522 -0.054723 0.104253
v 0.115254 -0.052244 0.097424
v 0.099434 -0.061438 0.101396
v 0.112375 -0.052990 0.102402
v 0.118155 -0.052646 0.099819
v 0.110982 -0.050209 0.103106
v 0.117300 -0.049415 0.101165
v 0.118052 -0.052007 0.098617
v 0.124378 -0.056528 0.090222
v 0.123901 -0.051806 0.093343
v 0.118552 -0.061078 0.094183
v 0.125542 -0.052497 0.095200
v 0.127096 -0.057665 0.093674
v 0.125986 -0.049449 0.096103
v 0.130293 -0.054296 0.093660
v 0.128754 -0.050150 0.095245
v 0.127614 -0.048099 0.090744
v 0.123917 -0.047748 0.093983
v 0.129087 -0.052293 0.088533
v 0.131698 -0.052135 0.085544
v 0.129648 -0.039221 0.090318
v 0.129979 -0.055542 0.085703
v 0.130539 -0.057577 0.091256
v 0.132972 -0.064832 0.081537
v 0.126123 -0.067486 0.086400
v 0.125523 -0.060521 0.089042
v 0.126841 -0.059480 0.093603
v 0.118385 -0.065626 0.093059
v 0.118959 -0.071166 0.090998
v 0.117124 -0.070895 0.088875
v 0.116713 -0.065141 0.090670
v 0.118607 -0.065893 0.096152
v 0.110719 -0.069558 0.092329
v 0.118745 -0.063449 0.097086
v 0.116008 -0.062107 0.093124
v 0.100871 -0.068947 0.097609
v 0.080211 -0.064451 0.092974
v 0.078864 -0.065388 0.093577
v 0.074431 -0.059467 0.093768
v 0.074900 -0.062920 0.092143
v 0.118921 -0.072301 0.093831
v 0.127982 -0.072675 0.089228
v 0.133804 -0.070566 0.082515
v 0.126943 -0.071821 0.085265
v 0.132281 -0.071740 0.085912
v 0.128336 -0.076200 0.088119
v 0.132156 -0.075276 0.085618
v 0.141242 -0.049380 0.070281
v 0.143276 -0.062122 0.066947
v 0.149880 -0.060158 0.050002
v 0.145380 -0.074624 0.063874
v 0.147173 -0.047596 0.052825
v 0.149754 -0.047316 0.034070
v 0.146866 -0.035441 0.036505
v 0.144282 -0.034309 0.055851
v 0.138732 -0.035921 0.074040
v 0.140734 -0.018848 0.059328
v 0.142375 -0.019428 0.039162
v 0.138044 -0.004011 0.040950
v 0.143863 -0.019027 0.038424
v 0.148497 -0.035497 0.035860
v 0.138553 -0.003751 0.021909
v 0.139140 -0.002995 0.040155
v 0.135059 0.013122 0.042748
v 0.135951 0.014052 0.041410
v 0.132953 0.027633 0.043428
v 0.135404 0.013121 0.061305
v 0.149378 -0.035178 0.013640
v 0.151459 -0.047499 0.033277
v 0.154247 -0.059517 0.030741
v 0.152467 -0.059137 0.031655
v 0.152196 -0.053205 0.009924
v 0.150547 -0.044163 0.011738
v 0.149605 -0.047251 0.010449
v 0.144053 -0.039783 0.003991
v 0.145879 -0.046392 0.002888
v 0.156729 -0.071151 0.029580
v 0.155241 -0.065156 0.008368
v 0.148950 -0.058527 0.001899
v 0.135099 -0.066884 0.008528
v 0.134551 -0.071733 0.001303
v 0.141876 -0.072661 0.001545
v 0.139047 -0.065940 0.001470
v 0.139779 -0.077774 0.008309
v 0.129930 -0.070441 0.008444
v 0.127720 -0.065149 0.008353
v 0.113703 -0.064698 0.001496
v 0.116424 -0.078354 0.008446
v 0.122584 -0.066266 0.001231
v 0.114444 -0.061022 0.009338
v 0.115748 -0.073088 0.008578
v 0.123732 -0.060477 0.001614
v 0.121172 -0.051828 0.002621
v 0.114519 -0.071329 0.001192
v 0.104651 -0.076212 0.001277
v 0.104392 -0.075438 0.001257
v 0.107230 -0.068581 0.008712
v 0.120323 -0.077962 0.001183
v 0.098515 -0.084692 0.001364
v 0.108012 -0.081461 0.001292
v 0.108025 -0.081865 0.001289
v 0.099019 -0.087810 0.001450
v 0.128558 -0.081660 0.001103
v 0.132695 -0.087079 0.007629
v 0.128398 -0.086402 0.000868
v 0.115691 -0.081230 0.001476
v 0.129135 -0.094344 0.000661
v 0.116330 -0.088235 0.001344
v 0.098973 -0.092106 0.000845
v 0.099127 -0.099147 0.001009
v 0.117064 -0.090964 0.008031
v 0.130152 -0.101091 0.000514
v 0.133823 -0.098556 0.007213
v 0.115849 -0.094921 0.000920
v 0.099938 -0.105353 0.000646
v 0.116461 -0.102185 0.000640
v 0.100316 -0.112079 0.001362
v 0.099515 -0.115716 0.008169
v 0.092386 -0.109929 0.000391
v 0.100056 -0.117678 0.000897
v 0.117372 -0.104470 0.007677
v 0.116053 -0.108093 0.000821
v 0.129029 -0.109704 0.007094
v 0.127727 -0.106877 0.000658
v 0.125573 -0.110247 0.001035
v 0.129773 -0.108064 0.000815
v 0.135158 -0.105264 0.007009
v 0.131815 -0.113805 0.006853
v 0.117429 -0.114788 0.007200
v 0.116316 -0.113878 0.001209
v 0.118566 -0.120927 0.005799
v 0.100956 -0.119521 0.001391
v 0.100295 -0.121348 0.007469
v 0.100241 -0.125211 0.008333
v 0.101246 -0.127001 0.002748
v 0.093234 -0.129132 0.002666
v 0.101579 -0.131058 0.003756
v 0.093327 -0.129430 0.002778
v 0.100754 -0.132841 0.007066
v 0.093400 -0.133504 0.003425
v 0.118466 -0.126700 0.002993
v 0.101707 -0.137084 0.005051
v 0.119340 -0.134002 0.004433
v 0.102371 -0.144070 0.007249
v 0.094922 -0.140821 0.005434
v 0.120492 -0.134454 0.007700
v 0.102720 -0.145210 0.010514
v 0.119813 -0.140307 0.006561
v 0.103952 -0.149711 0.008991
v 0.096116 -0.147401 0.007677
v 0.118618 -0.147200 0.008892
v 0.123550 -0.149386 0.010515
v 0.119073 -0.149073 0.011630
v 0.105755 -0.160488 0.015708
v 0.124808 -0.152839 0.016576
v 0.118195 -0.153120 0.011574
v 0.120593 -0.159695 0.016624
v 0.122635 -0.154849 0.013654
v 0.116937 -0.158621 0.015487
v 0.121106 -0.159276 0.020921
v 0.116384 -0.158940 0.019744
v 0.115968 -0.163476 0.019353
v 0.107596 -0.170176 0.025356
v 0.114756 -0.167117 0.023364
v 0.109418 -0.174087 0.029489
v 0.110188 -0.171324 0.032445
v 0.103546 -0.173396 0.027563
v 0.103448 -0.172924 0.027617
v 0.116220 -0.169373 0.025367
v 0.113695 -0.173108 0.028752
v 0.117798 -0.169712 0.031523
v 0.110019 -0.172283 0.033631
v 0.112406 -0.175395 0.031370
v 0.114954 -0.165054 0.026425
v 0.116775 -0.164242 0.025454
v 0.126310 -0.163195 0.026219
v 0.121428 -0.168713 0.024925
v 0.122145 -0.163449 0.026008
v 0.119435 -0.162409 0.019254
v 0.117079 -0.165528 0.022186
v 0.120721 -0.164221 0.021585
v 0.126298 -0.163907 0.021728
v 0.125559 -0.155770 0.015140
v 0.128984 -0.147876 0.009930
v 0.129136 -0.140946 0.011029
v 0.130430 -0.156298 0.016018
v 0.132361 -0.152600 0.018564
v 0.132909 -0.147891 0.010188
v 0.135173 -0.143117 0.012675
v 0.146221 -0.137533 0.010859
v 0.138660 -0.147310 0.010060
v 0.152658 -0.141714 0.012964
v 0.137317 -0.152272 0.013500
v 0.147372 -0.153320 0.018444
v 0.146384 -0.151929 0.014811
v 0.147732 -0.145892 0.010625
v 0.135600 -0.157023 0.016774
v 0.143926 -0.156321 0.017884
v 0.141244 -0.162064 0.024606
v 0.153347 -0.137594 0.028235
v 0.145962 -0.153334 0.032598
v 0.145212 -0.151408 0.033300
v 0.134001 -0.164508 0.038032
v 0.135465 -0.165807 0.037945
v 0.129010 -0.172879 0.044317
v 0.136074 -0.167652 0.029053
v 0.129811 -0.173085 0.037500
v 0.132875 -0.170289 0.033056
v 0.132732 -0.171771 0.032226
v 0.134551 -0.169616 0.028857
v 0.128752 -0.168536 0.026104
v 0.125510 -0.171902 0.029061
v 0.124297 -0.167620 0.029820
v 0.118132 -0.174256 0.030961
v 0.123794 -0.170647 0.027215
v 0.125290 -0.168023 0.024846
v 0.118922 -0.172165 0.028241
v 0.117481 -0.175620 0.032893
v 0.112337 -0.176170 0.032242
v 0.116492 -0.172159 0.034754
v 0.125085 -0.173934 0.032395
v 0.123930 -0.170213 0.033561
v 0.130540 -0.173741 0.034752
v 0.128230 -0.175262 0.036758
v 0.125484 -0.175237 0.034672
v 0.122570 -0.176280 0.035407
v 0.123487 -0.175703 0.042463
v 0.119437 -0.177999 0.050221
v 0.122321 -0.176580 0.047934
v 0.124831 -0.176852 0.039922
v 0.126957 -0.175359 0.041535
v 0.113860 -0.178288 0.043156
v 0.122184 -0.179383 0.046680
v 0.121512 -0.178249 0.040970
v 0.116194 -0.177632 0.035675
v 0.115498 -0.179916 0.040097
v 0.106977 -0.178227 0.034210
v 0.107120 -0.180967 0.039280
v 0.104638 -0.179667 0.043395
v 0.106260 -0.182730 0.044309
v 0.104613 -0.181620 0.049572
v 0.101700 -0.180360 0.036923
v 0.100703 -0.183153 0.047126
v 0.101463 -0.181913 0.040810
v 0.089403 -0.170806 0.029824
v 0.090267 -0.177014 0.030892
v 0.092055 -0.181595 0.037317
v 0.084840 -0.181002 0.036643
v 0.089244 -0.182532 0.041576
v 0.092479 -0.179628 0.040852
v 0.089604 -0.180986 0.047205
v 0.091170 -0.180628 0.044009
v 0.092648 -0.182019 0.042964
v 0.091577 -0.182332 0.045355
v 0.093578 -0.182796 0.051071
v 0.095844 -0.182657 0.046940
v 0.090434 -0.182536 0.047936
v 0.091844 -0.180786 0.052491
v 0.091947 -0.181891 0.053042
v 0.095273 -0.181336 0.055478
v 0.094535 -0.180294 0.058549
v 0.095088 -0.177907 0.060901
v 0.096578 -0.180916 0.053844
v 0.096443 -0.180512 0.059307
v 0.097342 -0.182623 0.054587
v 0.097874 -0.181640 0.047166
v 0.097039 -0.182919 0.048983
v 0.098447 -0.183141 0.049690
v 0.104649 -0.181301 0.054108
v 0.099836 -0.182748 0.055082
v 0.103597 -0.182533 0.054952
v 0.101034 -0.180627 0.060084
v 0.104115 -0.180728 0.060276
v 0.104497 -0.179495 0.058948
v 0.103907 -0.178580 0.064215
v 0.110539 -0.179464 0.059622
v 0.110299 -0.178335 0.058895
v 0.104929 -0.180503 0.059289
v 0.104534 -0.177900 0.064166
v 0.104788 -0.179935 0.060445
v 0.105109 -0.181906 0.056492
v 0.104149 -0.177049 0.063242
v 0.106103 -0.172950 0.066831
v 0.100692 -0.177490 0.063129
v 0.109333 -0.177156 0.064629
v 0.109253 -0.176105 0.063624
v 0.113816 -0.176651 0.063680
v 0.113676 -0.175517 0.062611
v 0.119189 -0.167562 0.064943
v 0.114899 -0.177918 0.060825
v 0.115404 -0.176982 0.058832
v 0.119723 -0.175917 0.058913
v 0.115533 -0.178225 0.059473
v 0.116633 -0.179590 0.057565
v 0.116964 -0.178260 0.054580
v 0.111667 -0.181406 0.055054
v 0.111302 -0.180158 0.054585
v 0.117461 -0.179697 0.054863
v 0.119347 -0.179855 0.052948
v 0.112291 -0.181804 0.052112
v 0.112280 -0.181021 0.050329
v 0.112647 -0.182004 0.049382
v 0.105274 -0.183302 0.051948
v 0.105507 -0.183651 0.049000
v 0.105294 -0.182715 0.054801
v 0.120846 -0.179832 0.049841
v 0.113709 -0.180957 0.044649
v 0.111285 -0.180727 0.056750
v 0.124332 -0.172701 0.055595
v 0.134944 -0.165350 0.048564
v 0.130068 -0.161148 0.062556
v 0.127095 -0.171905 0.043493
v 0.129199 -0.145892 0.065733
v 0.123311 -0.155791 0.067098
v 0.139092 -0.149594 0.058185
v 0.144624 -0.135852 0.056469
v 0.146210 -0.153261 0.043932
v 0.152588 -0.137714 0.040700
v 0.156372 -0.122515 0.040052
v 0.152191 -0.135976 0.029004
v 0.157338 -0.120425 0.028138
v 0.158834 -0.121767 0.026835
v 0.159001 -0.110739 0.028032
v 0.157587 -0.111543 0.040508
v 0.159811 -0.100655 0.028431
v 0.160056 -0.111643 0.026806
v 0.159540 -0.110836 0.008578
v 0.161169 -0.101550 0.027181
v 0.160007 -0.100093 0.008007
v 0.159535 -0.087991 0.008564
v 0.154976 -0.104615 0.001010
v 0.137706 -0.110404 0.006750
v 0.145250 -0.100340 0.007367
v 0.142489 -0.085520 0.008067
v 0.147349 -0.094821 0.000772
v 0.136183 -0.100858 0.000570
v 0.141716 -0.098453 0.000636
v 0.134297 -0.087514 0.000737
v 0.139220 -0.085325 0.000943
v 0.131799 -0.073296 0.001234
v 0.145805 -0.086862 0.000960
v 0.155872 -0.087965 0.001132
v 0.155129 -0.080898 0.001349
v 0.157689 -0.075175 0.008115
v 0.152836 -0.069996 0.001535
v 0.153920 -0.075356 0.001470
v 0.144996 -0.081669 0.001443
v 0.159529 -0.087031 0.027972
v 0.158338 -0.086393 0.029394
v 0.155192 -0.070615 0.030846
v 0.157562 -0.086808 0.043867
v 0.152711 -0.072086 0.047544
v 0.147553 -0.087262 0.060786
v 0.148905 -0.100594 0.058304
v 0.159045 -0.101111 0.040697
v 0.148696 -0.112296 0.056700
v 0.135915 -0.112905 0.068951
v 0.147577 -0.123623 0.055856
v 0.135435 -0.123681 0.067309
v 0.118862 -0.113890 0.076021
v 0.127360 -0.096356 0.076738
v 0.118522 -0.099428 0.078875
v 0.119020 -0.124146 0.073053
v 0.118675 -0.134809 0.071244
v 0.117915 -0.144537 0.070053
v 0.133710 -0.134103 0.066593
v 0.104881 -0.135805 0.072666
v 0.090576 -0.137808 0.072657
v 0.105608 -0.145377 0.071706
v 0.093675 -0.147484 0.072085
v 0.106299 -0.153708 0.071471
v 0.115139 -0.153316 0.070043
v 0.113011 -0.158831 0.070771
v 0.116338 -0.162590 0.069865
v 0.106361 -0.166088 0.071352
v 0.100351 -0.160627 0.072159
v 0.097027 -0.165636 0.070958
v 0.106638 -0.159811 0.071974
v 0.081231 -0.166377 0.061798
v 0.097283 -0.155543 0.072220
v 0.088692 -0.160252 0.069636
v 0.094430 -0.171848 0.065405
v 0.073729 -0.171096 0.047355
v 0.084762 -0.176138 0.052254
v 0.083860 -0.175884 0.045366
v 0.082259 -0.177060 0.041924
v 0.070735 -0.156193 0.059432
v 0.076442 -0.141066 0.068811
v 0.081712 -0.151333 0.069017
v 0.064306 -0.144175 0.059013
v 0.143687 -0.077495 0.001423
v 0.142397 -0.110727 0.000658
v 0.144220 -0.115520 0.001367
v 0.140604 -0.119018 0.007416
v 0.136827 -0.116440 0.001317
v 0.133582 -0.118211 0.001433
v 0.140194 -0.126742 0.003429
v 0.143172 -0.127932 0.008520
v 0.133297 -0.129086 0.004098
v 0.131680 -0.130096 0.008330
v 0.140987 -0.132720 0.004585
v 0.132617 -0.139942 0.006906
v 0.133848 -0.135026 0.005307
v 0.128452 -0.132177 0.004375
v 0.126876 -0.138511 0.006252
v 0.122589 -0.121647 0.002002
v 0.129124 -0.124962 0.002825
v 0.122424 -0.121067 0.001869
v 0.129276 -0.117839 0.001064
v 0.142510 -0.138017 0.006457
v 0.146212 -0.125166 0.003220
v 0.159036 -0.120469 0.008880
v 0.154672 -0.125359 0.003972
v 0.146666 -0.129653 0.003900
v 0.148329 -0.135045 0.006069
v 0.153956 -0.131530 0.005401
v 0.156868 -0.131207 0.010295
v 0.155251 -0.115303 0.001578
v 0.154410 -0.120827 0.002839
v 0.144515 -0.120236 0.001884
v 0.154778 -0.110605 0.001260
v 0.110241 -0.179015 0.060752
v 0.101574 -0.178785 0.063849
v 0.100470 -0.179605 0.058793
v 0.098436 -0.179027 0.063171
v 0.099075 -0.180717 0.059652
v 0.095844 -0.179204 0.062327
v 0.099860 -0.181777 0.053604
v 0.095804 -0.181204 0.044672
v 0.082972 -0.177771 0.031271
v 0.089732 -0.173299 0.026284
v 0.088423 -0.167919 0.021001
v 0.101100 -0.176287 0.030784
v 0.080939 -0.173731 0.026370
v 0.126871 -0.176572 0.039583
v 0.138300 -0.164256 0.023983
v 0.135972 -0.167181 0.026460
v 0.129901 -0.166111 0.023973
v 0.131584 -0.163660 0.022029
v 0.128922 -0.159213 0.023292
v 0.133626 -0.160763 0.019811
v 0.140436 -0.161130 0.021649
v 0.126051 -0.144371 0.008189
v 0.113923 -0.123946 0.002431
v 0.113913 -0.123529 0.002348
v 0.092380 -0.121267 0.000963
v 0.091950 -0.115201 0.000220
v 0.132884 -0.105752 0.000712
v 0.127269 -0.073796 0.001159
v 0.150985 -0.065130 0.001617
v 0.123727 -0.042477 0.096420
v 0.125389 -0.042757 0.099391
v 0.117336 -0.048173 0.099253
v 0.117540 -0.047120 0.100073
v 0.115600 -0.047435 0.099044
v 0.115532 -0.047724 0.098513
v 0.082525 -0.076087 0.088683
v 0.109539 -0.085056 0.087162
v 0.057381 -0.151468 0.009944
v 0.061745 -0.159906 0.014241
v 0.065668 -0.154555 0.010467
v 0.081923 -0.139956 0.004695
v 0.067372 0.008691 0.103752
v 0.092711 -0.035244 0.113947
v 0.089237 -0.024812 0.124294
v 0.002110 -0.062929 0.761714
v 0.011816 -0.015927 0.734978
v 0.042539 -0.071038 0.748031
v 0.002820 -0.018221 0.743075
v -0.036035 -0.069518 0.749737
v 0.001493 -0.067517 0.768000
v -0.005983 -0.067143 0.768000
v 0.000073 0.059525 0.768000
v -0.039838 -0.076383 0.768000
v -0.054694 -0.079861 0.768000
v -0.139743 -0.078270 0.768000
v -0.161115 -0.052142 0.768000
v -0.172295 0.046160 0.768000
v -0.095259 -0.098292 0.768000
v -0.098005 -0.097826 0.751213
v -0.144852 -0.076130 0.764508
v -0.149167 -0.074124 0.719144
v -0.100144 -0.095297 0.711067
v -0.046987 -0.068696 0.703915
v -0.049664 -0.062529 0.653990
v -0.010622 -0.016377 0.697641
v -0.007497 -0.018032 0.729759
v -0.006180 0.037560 0.735451
v -0.008479 0.039321 0.702676
v -0.009413 -0.023443 0.656385
v -0.010415 0.041858 0.665223
v -0.048766 -0.048334 0.607730
v -0.011916 -0.023225 0.610142
v -0.013198 0.049093 0.616592
v -0.044233 0.087161 0.621516
v -0.021701 0.050580 0.565523
v -0.026508 0.082212 0.570038
v -0.057016 0.086598 0.568841
v -0.093877 0.113521 0.572508
v -0.096417 0.108324 0.542764
v -0.049258 0.103783 0.523385
v -0.027679 0.051183 0.517404
v -0.098854 0.131248 0.521964
v -0.029676 0.060132 0.468836
v -0.052964 0.116361 0.472187
v -0.042884 0.135371 0.417952
v -0.098306 0.135372 0.467724
v -0.094934 0.141179 0.413091
v -0.134319 0.127809 0.408974
v -0.141019 0.122931 0.458821
v -0.133844 0.105788 0.518859
v -0.154305 0.079520 0.482819
v -0.165487 0.081036 0.517239
v -0.155266 0.081379 0.456492
v -0.168322 0.044490 0.455256
v -0.162941 0.053654 0.398949
v -0.160535 0.092180 0.401984
v -0.133379 0.136210 0.357698
v -0.158068 0.101314 0.350537
v -0.161554 0.096361 0.289308
v -0.156763 0.057862 0.287585
v -0.163033 0.056795 0.346279
v -0.131117 0.124262 0.289063
v -0.096408 0.143670 0.291372
v -0.124887 0.122148 0.227705
v -0.096503 0.141803 0.230967
v -0.159998 0.090948 0.252434
v -0.153379 0.088225 0.226997
v -0.143277 0.086978 0.200537
v -0.124303 0.115363 0.194963
v -0.090401 0.144957 0.184010
v -0.117348 0.095430 0.162110
v -0.140111 0.053144 0.177587
v -0.150133 0.053148 0.161435
v -0.135803 0.114006 0.126139
v -0.090929 0.141486 0.151727
v -0.114164 0.135164 0.126284
v -0.085520 0.127862 0.126338
v -0.136135 0.107872 0.099633
v -0.110296 0.127189 0.091465
v -0.081318 0.137087 0.090006
v -0.045164 0.124844 0.055473
v -0.076436 0.132177 0.057069
v -0.052991 0.113877 0.125581
v -0.048766 0.122013 0.086398
v -0.024208 0.088762 0.131641
v -0.032125 0.088049 0.088115
v -0.012610 0.049143 0.119304
v -0.019668 0.052511 0.092445
v -0.029539 0.094422 0.058157
v -0.075431 0.056604 0.096354
v -0.032700 0.042693 0.073981
v -0.040682 -0.011475 0.101152
v -0.029911 0.030445 0.104449
v -0.030269 0.031207 0.126892
v -0.036899 -0.008561 0.122097
v -0.038438 -0.002303 0.137838
v -0.073614 -0.051421 0.135809
v -0.069807 -0.046616 0.162933
v -0.107329 -0.054242 0.137108
v -0.107458 -0.063299 0.112634
v -0.073059 -0.061117 0.118550
v -0.137215 -0.024370 0.120633
v -0.139280 -0.027621 0.098343
v -0.138202 0.023915 0.086717
v -0.143934 0.027275 0.110806
v -0.122303 -0.013059 0.144691
v -0.135213 0.024329 0.140922
v -0.148289 0.081007 0.103736
v -0.156246 0.073669 0.138036
v -0.138184 0.071365 0.076781
v -0.133402 0.100432 0.071890
v -0.109444 0.125470 0.063693
v -0.151646 0.008064 0.178341
v -0.120981 -0.006737 0.174705
v -0.142737 0.023069 0.200617
v -0.129018 -0.010343 0.206207
v -0.134732 0.034258 0.227820
v -0.102761 -0.039583 0.213747
v -0.098550 -0.035037 0.238150
v -0.123246 -0.001944 0.228850
v -0.097490 -0.022516 0.177405
v -0.102869 -0.039541 0.155568
v -0.055860 -0.035372 0.182570
v -0.032420 -0.003667 0.158334
v -0.037584 0.006827 0.180232
v -0.084348 -0.035907 0.212856
v -0.055379 -0.007575 0.209364
v -0.057876 -0.003061 0.233445
v -0.040072 0.023401 0.204444
v -0.017394 0.047125 0.180750
v -0.034933 0.023868 0.231338
v -0.025852 0.051929 0.203484
v -0.039525 0.083379 0.195242
v -0.024044 0.057027 0.224623
v -0.020839 0.092424 0.284258
v -0.023054 0.019007 0.288756
v -0.032599 0.088173 0.225722
v -0.046327 0.129730 0.287660
v -0.049605 0.132378 0.230835
v -0.058164 0.108797 0.189269
v -0.057421 0.113364 0.170180
v -0.022007 0.084290 0.165010
v -0.057845 0.110337 0.150734
v -0.023415 0.070294 0.155127
v -0.025119 0.044467 0.161871
v -0.011928 0.037747 0.137436
v -0.045885 0.143857 0.361908
v -0.097423 0.148377 0.361765
v -0.019843 0.084092 0.412369
v -0.021844 0.084460 0.356600
v -0.024539 0.002255 0.398175
v -0.024378 0.009486 0.354318
v -0.050214 -0.036080 0.347947
v -0.048992 -0.040131 0.394850
v -0.090039 -0.029584 0.347929
v -0.049542 -0.019165 0.288667
v -0.093035 -0.039583 0.288452
v -0.052334 -0.014670 0.260817
v -0.096756 -0.036637 0.254156
v -0.128095 -0.007233 0.257934
v -0.121655 -0.004189 0.287450
v -0.132173 -0.012007 0.345706
v -0.139413 0.020594 0.284972
v -0.141933 0.019883 0.261393
v -0.150773 0.021327 0.347162
v -0.141392 0.016630 0.396548
v -0.130908 -0.016948 0.394597
v -0.127702 -0.019716 0.450496
v -0.102951 -0.050279 0.452814
v -0.093380 -0.040381 0.397288
v -0.091553 -0.028866 0.368489
v -0.049031 -0.041172 0.504584
v -0.048453 -0.041084 0.452824
v -0.105445 -0.058628 0.502634
v -0.139572 -0.039426 0.505454
v -0.112530 -0.064189 0.553946
v -0.049206 -0.043242 0.554524
v -0.017379 -0.013142 0.559969
v -0.021701 -0.007669 0.508156
v -0.023334 -0.002707 0.459130
v -0.107323 -0.072023 0.610026
v -0.148200 -0.049648 0.558272
v -0.153460 -0.057531 0.616190
v -0.172714 -0.017325 0.563756
v -0.161604 0.035525 0.511879
v -0.176912 0.024683 0.568815
v -0.168604 -0.007830 0.510863
v -0.177457 -0.020676 0.621520
v -0.187945 0.018913 0.629575
v -0.188028 0.017255 0.684355
v -0.179304 -0.027903 0.679618
v -0.152835 -0.065468 0.671180
v -0.185148 0.016320 0.735987
v -0.178185 -0.032098 0.728091
v -0.174691 -0.032462 0.768000
v -0.173043 -0.034791 0.768000
v -0.175319 -0.028484 0.768000
v -0.181218 0.017163 0.768000
v -0.162757 0.083829 0.750090
v -0.168089 0.083794 0.717956
v -0.126729 0.118908 0.721622
v -0.171315 0.084746 0.685295
v -0.129350 0.109625 0.678442
v -0.175982 0.079995 0.634581
v -0.137393 0.109282 0.628789
v -0.087855 0.127377 0.676361
v -0.090039 0.120693 0.622372
v -0.141938 0.116684 0.577158
v -0.163388 0.073121 0.574263
v -0.033876 0.095737 0.673650
v -0.027205 0.086287 0.714224
v -0.049512 0.109183 0.719012
v -0.013903 0.066884 0.706865
v -0.023285 0.063916 0.669618
v -0.011802 0.049344 0.704777
v -0.023252 0.104396 0.765994
v 0.000218 0.033670 0.750777
v -0.023841 0.105503 0.768000
v -0.020464 0.101655 0.768000
v -0.024673 0.105346 0.768000
v -0.050577 0.121363 0.768000
v -0.087429 0.127383 0.768000
v -0.054353 0.123598 0.768000
v -0.054734 0.123861 0.768000
v -0.054469 0.123712 0.768000
v -0.086396 0.132379 0.729409
v -0.128996 0.122429 0.763260
v -0.129419 0.122139 0.768000
v -0.105541 0.124964 0.768000
v -0.160847 0.080965 0.768000
v -0.154380 0.093984 0.768000
v 0.003583 0.040413 0.732227
v 0.021355 0.090486 0.766318
v 0.013763 -0.015984 0.704752
v 0.005305 0.038532 0.696883
v 0.001007 0.069596 0.768000
v 0.019156 0.089571 0.768000
v 0.021709 0.091603 0.768000
v 0.020775 0.091347 0.768000
v 0.072813 0.126184 0.768000
v 0.049530 0.127322 0.768000
v 0.160814 0.068115 0.768000
v 0.041924 0.124586 0.768000
v 0.043804 0.121884 0.750070
v 0.094700 0.131724 0.726762
v 0.016569 0.083528 0.704700
v 0.024108 0.087162 0.687233
v 0.045680 0.106784 0.672217
v 0.095582 0.119398 0.627707
v 0.063740 0.108222 0.627532
v 0.094063 0.125278 0.679390
v 0.034069 0.078490 0.668632
v 0.006859 0.043378 0.668172
v 0.043775 0.082906 0.624807
v 0.018250 0.072186 0.621675
v 0.027669 0.084603 0.567070
v 0.044960 0.096128 0.567011
v 0.074440 0.097186 0.564004
v 0.094593 0.107396 0.567004
v 0.085881 0.128264 0.513881
v 0.043027 0.105302 0.514951
v 0.045096 0.110688 0.473070
v 0.082238 0.132744 0.472207
v 0.125424 0.106621 0.569738
v 0.127120 0.117353 0.536553
v 0.118761 0.113401 0.514039
v 0.122432 0.124380 0.468572
v 0.151695 0.096927 0.467772
v 0.123804 0.134442 0.418344
v 0.139619 0.087332 0.516767
v 0.082622 0.141229 0.420324
v 0.151956 0.104762 0.415412
v 0.160741 0.058146 0.411129
v 0.150030 0.111492 0.354857
v 0.153148 0.052304 0.463598
v 0.122203 0.132740 0.357235
v 0.123887 0.124087 0.296875
v 0.095849 0.144035 0.299874
v 0.080657 0.149533 0.360226
v 0.036648 0.130434 0.422321
v 0.038946 0.130637 0.357949
v 0.038808 0.125560 0.303778
v 0.077141 0.147328 0.302532
v 0.076951 0.148800 0.256403
v 0.086489 0.144900 0.252793
v 0.080559 0.144135 0.207352
v 0.116817 0.117924 0.248814
v 0.109382 0.114036 0.204125
v 0.117123 0.132481 0.158882
v 0.133148 0.090912 0.207001
v 0.140900 0.113692 0.162785
v 0.148413 0.061599 0.206721
v 0.151590 0.065621 0.121564
v 0.141012 0.107388 0.142079
v 0.134946 0.062628 0.163185
v 0.147790 0.020785 0.206184
v 0.135731 0.026340 0.167123
v 0.153304 0.024040 0.125960
v 0.127625 -0.029792 0.126876
v 0.113877 -0.008652 0.164018
v 0.115059 -0.019838 0.196204
v 0.121692 -0.014365 0.247092
v 0.080390 -0.043152 0.246352
v 0.081760 -0.038034 0.199544
v 0.085415 -0.035499 0.162132
v 0.051298 -0.032665 0.184690
v 0.096085 -0.038879 0.150424
v 0.030111 -0.012321 0.166215
v 0.109620 -0.045186 0.147103
v 0.090280 -0.061182 0.138183
v 0.091715 -0.070359 0.118722
v 0.045715 -0.037601 0.128901
v 0.117899 -0.047974 0.111806
v 0.093418 0.038886 0.106790
v 0.131509 -0.012805 0.102440
v 0.138667 0.016530 0.088258
v 0.135795 0.061246 0.068377
v 0.143988 0.021681 0.104738
v 0.138289 0.065392 0.091531
v 0.131150 0.103404 0.087900
v 0.142980 0.097901 0.116394
v 0.128054 0.088560 0.058436
v 0.101268 0.123912 0.055614
v 0.113246 0.122545 0.085896
v 0.078742 0.134971 0.054794
v 0.082908 0.136453 0.085258
v 0.063439 0.132703 0.109118
v 0.085977 0.130771 0.104418
v 0.044191 0.119632 0.085759
v 0.051496 0.131328 0.055840
v 0.117729 0.119030 0.109986
v 0.085677 0.133993 0.122696
v 0.084516 0.130519 0.157352
v 0.038676 0.112722 0.159637
v 0.020475 0.066085 0.161971
v 0.028927 0.067058 0.205895
v 0.051764 0.108529 0.204277
v 0.025916 0.099582 0.203918
v 0.046499 0.115485 0.112834
v 0.029513 0.087534 0.118892
v 0.025816 0.064109 0.092086
v 0.025509 0.058520 0.124442
v 0.020014 0.065350 0.142907
v 0.020230 0.024781 0.140761
v 0.022313 0.026653 0.167750
v 0.030708 0.027764 0.208199
v 0.036209 0.040380 0.255903
v 0.047799 0.003864 0.201685
v 0.014958 0.069459 0.261419
v 0.037083 0.041759 0.297217
v 0.044434 0.120121 0.257331
v 0.016254 0.081220 0.302570
v 0.019535 0.082483 0.357061
v 0.027380 0.068600 0.413851
v 0.032658 0.039356 0.354716
v 0.035858 -0.026055 0.349046
v 0.024100 0.027648 0.412583
v 0.045013 -0.013114 0.295246
v 0.021590 -0.011754 0.407096
v 0.015724 0.014371 0.464347
v 0.036106 -0.033575 0.406085
v 0.082677 -0.032212 0.347694
v 0.080503 -0.046329 0.404815
v 0.079430 -0.052047 0.453588
v 0.034386 -0.037169 0.456820
v 0.035254 -0.043166 0.510705
v 0.010887 0.006519 0.512229
v 0.024762 0.052156 0.515645
v 0.007221 -0.000143 0.563056
v 0.025898 0.060384 0.470785
v 0.037569 -0.050264 0.561340
v 0.005396 -0.010556 0.616114
v 0.022175 0.044052 0.564471
v 0.042099 -0.054825 0.617410
v 0.017463 0.046881 0.616326
v 0.044185 -0.058173 0.667794
v 0.103572 -0.089246 0.674155
v 0.007914 -0.017229 0.666088
v 0.099851 -0.071129 0.622550
v 0.147985 -0.064868 0.681674
v 0.144954 -0.053591 0.629111
v 0.140918 -0.045418 0.566282
v 0.094592 -0.057076 0.566429
v 0.083525 -0.061116 0.508311
v 0.129561 -0.030970 0.509129
v 0.152741 0.010421 0.459718
v 0.118236 -0.008843 0.454054
v 0.167426 -0.010184 0.565457
v 0.160493 -0.003848 0.516724
v 0.156923 0.023534 0.511290
v 0.161196 0.047564 0.513287
v 0.178927 0.038864 0.569344
v 0.173528 -0.016916 0.632653
v 0.164912 0.070347 0.514233
v 0.157454 0.075396 0.570634
v 0.182783 0.032894 0.632261
v 0.178191 0.030061 0.689801
v 0.181596 -0.019680 0.689171
v 0.170413 0.071963 0.687973
v 0.169524 0.077951 0.632244
v 0.148968 0.105908 0.573306
v 0.137926 0.111548 0.629996
v 0.138460 0.110809 0.684756
v 0.141101 0.108801 0.734724
v 0.166404 0.074173 0.724704
v 0.147087 0.100770 0.768000
v 0.160625 0.069392 0.768000
v 0.111312 0.123220 0.768000
v 0.139799 0.110731 0.768000
v 0.096813 0.130364 0.768000
v 0.143816 0.107430 0.545979
v 0.147439 -0.072614 0.732631
v 0.180651 0.026993 0.756780
v 0.182220 -0.025348 0.745116
v 0.178198 -0.027136 0.768000
v 0.179185 -0.005767 0.768000
v 0.039624 -0.074591 0.768000
v 0.165292 -0.043974 0.768000
v 0.163590 0.062407 0.768000
v 0.179169 0.025875 0.768000
v 0.126764 -0.083967 0.768000
v 0.140724 -0.076618 0.768000
v 0.144814 -0.074447 0.768000
v 0.101147 -0.097044 0.721248
v 0.043151 -0.068976 0.709609
v 0.098366 -0.098854 0.760882
v 0.097807 -0.098842 0.768000
v 0.087588 -0.095811 0.768000
v 0.025360 -0.078568 0.768000
v 0.099509 -0.042619 0.451906
v 0.125267 -0.004683 0.404017
v 0.119035 -0.021818 0.383792
v 0.130757 -0.004380 0.380870
v 0.143074 0.031989 0.403375
v 0.113370 -0.027422 0.402389
v 0.141100 0.016366 0.374228
v 0.127390 0.000782 0.351084
v 0.146404 0.036896 0.348048
v 0.148999 0.034987 0.370540
v 0.156589 0.061799 0.379945
v 0.153136 0.065255 0.351654
v 0.140005 0.061801 0.289936
v 0.149299 0.092521 0.294182
v 0.150510 0.062318 0.246183
v 0.133302 0.030858 0.289803
v 0.128240 -0.008173 0.289208
v 0.135456 0.027496 0.247042
v 0.131557 -0.003738 0.317324
v 0.081729 -0.041475 0.293555
v 0.108882 -0.030988 0.331630
v 0.109533 -0.031555 0.347819
v 0.102180 -0.036657 0.368943
v 0.135740 0.089773 0.248097
v 0.057341 0.002094 0.249612
v 0.017792 0.005532 0.137038
v 0.019820 0.009626 0.112150
v 0.033661 0.011319 0.081602
v 0.052963 -0.051294 0.107441
v 0.039751 -0.007084 0.142586
v 0.027514 0.065306 0.065258
v 0.033992 0.112723 0.057292
v -0.102493 -0.083980 0.661049
v -0.152501 0.006102 0.451072
v -0.151709 0.064417 0.263376
v -0.160592 0.064923 0.229584
v -0.152961 0.058979 0.203032
v -0.144577 -0.075893 0.768000
vn -0.6871 0.7166 0.1195
vn -0.8957 0.4432 0.0368
vn -0.6965 0.7170 0.0301
vn -0.8751 0.4726 0.1044
vn -0.9220 0.3548 0.1551
vn -0.9548 0.2816 0.0949
vn -0.9782 0.0565 0.2000
vn -0.9834 0.0415 0.1767
vn -0.9528 0.2032 0.2254
vn -0.9674 0.1958 0.1605
vn -0.9684 0.0410 0.2458
vn -0.9532 0.1976 0.2289
vn -0.9342 0.3138 0.1697
vn -0.9472 0.3039 0.1027
vn -0.8721 0.4682 0.1423
vn -0.9755 0.0221 0.2190
vn -0.9675 0.0160 0.2522
vn -0.9569 -0.1574 0.2441
vn -0.9498 -0.1549 0.2718
vn -0.9270 -0.2456 0.2836
vn -0.9900 0.0295 0.1378
vn -0.9376 -0.2676 0.2222
vn -0.8163 -0.4640 0.3441
vn -0.9079 -0.3061 0.2864
vn -0.7996 -0.4734 0.3694
vn -0.5134 -0.5807 0.6318
vn -0.4664 -0.7267 0.5043
vn -0.4176 -0.7872 0.4538
vn -0.8397 -0.4206 0.3434
vn 0.2167 -0.9135 0.3443
vn 0.1690 -0.8854 0.4329
vn -0.3891 -0.8365 0.3859
vn -0.7842 -0.5248 0.3312
vn -0.9249 -0.2735 0.2640
vn -0.9622 -0.1357 0.2361
vn 0.6340 -0.7270 0.2635
vn 0.6117 -0.7131 0.3425
vn 0.1122 -0.7941 0.5974
vn 0.5777 -0.6397 0.5070
vn 0.8609 -0.4536 0.2305
vn 0.8412 -0.4121 0.3501
vn 0.9361 -0.3003 0.1829
vn 0.9784 -0.1085 0.1758
vn 0.9265 -0.2835 0.2473
vn 0.8224 -0.3233 0.4681
vn 0.9289 -0.2250 0.2941
vn 0.9702 -0.1299 0.2043
vn 0.9019 -0.1368 0.4098
vn 0.9668 -0.2004 0.1586
vn 0.9823 -0.0720 0.1728
vn 0.9965 -0.0648 0.0520
vn 0.9924 -0.0179 0.1220
vn 0.9444 0.3067 0.1185
vn 0.9643 0.2646 -0.0126
vn 0.9696 0.2171 -0.1130
vn 0.9980 -0.0634 -0.0051
vn 0.6932 0.7129 0.1064
vn 0.8066 0.5876 0.0640
vn 0.9138 0.3441 0.2159
vn 0.8176 0.5757 -0.0089
vn 0.6815 0.7288 0.0672
vn 0.9150 0.3787 0.1390
vn 0.6448 0.7611 0.0706
vn 0.6455 0.7552 0.1141
vn 0.5440 0.8306 0.1190
vn 0.5531 0.8161 0.1672
vn -0.0172 0.9778 0.2087
vn -0.0432 0.9901 0.1332
vn -0.0134 0.9746 0.2236
vn -0.6662 0.7249 0.1751
vn -0.6627 0.7232 0.1943
vn -0.8535 0.5060 0.1244
vn -0.8526 0.5029 0.1422
vn -0.6665 0.7103 0.2264
vn -0.8830 0.4482 0.1396
vn -0.8541 0.4895 0.1757
vn -0.9036 0.3976 0.1597
vn -0.8517 0.4753 0.2205
vn -0.9196 0.3356 0.2043
vn -0.9695 0.2428 0.0328
vn -0.8436 0.4653 0.2681
vn -0.9870 0.1525 0.0516
vn -0.9995 -0.0011 -0.0327
vn -0.9950 -0.0505 -0.0858
vn -0.9626 -0.2642 0.0607
vn -0.9169 -0.3398 0.2093
vn -0.8325 -0.3646 0.4171
vn -0.5332 -0.4527 0.7147
vn 0.0434 -0.5974 0.8008
vn -0.0092 -0.4851 0.8744
vn -0.5358 -0.4414 0.7198
vn 0.5504 -0.4567 0.6989
vn -0.0244 -0.5023 0.8643
vn 0.4043 -0.4400 0.8019
vn 0.4263 -0.4318 0.7949
vn 0.6562 -0.3322 0.6775
vn 0.6489 -0.3170 0.6917
vn 0.8052 -0.2242 0.5490
vn 0.7841 -0.1839 0.5927
vn 0.6181 -0.3169 0.7194
vn 0.7366 -0.1800 0.6519
vn 0.8456 -0.0811 0.5276
vn 0.9234 0.0508 0.3804
vn 0.9602 0.2328 0.1545
vn 0.8298 0.5580 -0.0078
vn 0.8873 0.4458 0.1178
vn 0.9757 0.2022 -0.0848
vn 0.8540 0.5104 -0.1012
vn 0.6881 0.7219 0.0737
vn 0.6719 0.7208 0.1703
vn 0.7142 0.6661 0.2148
vn 0.5233 0.7978 0.2994
vn 0.5250 0.8061 0.2730
vn 0.7579 0.6094 0.2330
vn 0.5415 0.8115 0.2196
vn -0.0228 0.9679 0.2504
vn -0.0321 0.9589 0.2818
vn -0.6555 0.7108 0.2550
vn -0.0379 0.9473 0.3181
vn -0.6305 0.7170 0.2972
vn 0.3885 -0.4334 0.8132
vn -0.0227 -0.5056 0.8625
vn 0.6871 0.7168 0.1184
vn 0.8957 0.4432 0.0369
vn 0.8750 0.4727 0.1045
vn 0.6964 0.7170 0.0303
vn 0.9220 0.3548 0.1552
vn 0.9548 0.2816 0.0950
vn 0.9694 0.2444 0.0248
vn 0.9034 0.4282 -0.0234
vn 0.9933 0.0032 0.1158
vn 0.9834 0.0415 0.1767
vn 0.9266 -0.3187 0.1998
vn 0.9249 -0.2735 0.2641
vn 0.7842 -0.5247 0.3312
vn 0.7764 -0.5788 0.2494
vn 0.9079 -0.3062 0.2863
vn 0.7996 -0.4735 0.3693
vn 0.3891 -0.8365 0.3858
vn 0.4176 -0.7873 0.4537
vn -0.2167 -0.9136 0.3441
vn 0.8163 -0.4640 0.3440
vn -0.1690 -0.8855 0.4327
vn 0.4664 -0.7268 0.5043
vn -0.6340 -0.7271 0.2632
vn -0.6118 -0.7131 0.3423
vn -0.5777 -0.6398 0.5068
vn -0.1123 -0.7942 0.5972
vn -0.8609 -0.4537 0.2304
vn -0.0436 -0.5975 0.8007
vn -0.8225 -0.3233 0.4679
vn -0.5504 -0.4568 0.6988
vn -0.8412 -0.4122 0.3500
vn -0.9362 -0.3003 0.1828
vn -0.9265 -0.2836 0.2473
vn -0.9784 -0.1085 0.1758
vn -0.9703 -0.1299 0.2042
vn -0.9150 0.3787 0.1391
vn -0.9138 0.4020 0.0588
vn -0.6815 0.7287 0.0675
vn -0.9138 0.3440 0.2160
vn -0.9444 0.3067 0.1185
vn -0.6934 0.7127 0.1063
vn -0.8064 0.5879 0.0636
vn -0.8175 0.5758 -0.0088
vn -0.6883 0.7217 0.0736
vn -0.9696 0.2171 -0.1129
vn -0.9643 0.2646 -0.0126
vn -0.8539 0.5106 -0.1006
vn -0.9752 0.2040 -0.0862
vn -0.8294 0.5585 -0.0092
vn -0.9824 -0.0717 0.1723
vn -0.9980 -0.0635 -0.0060
vn -0.9965 -0.0649 0.0519
vn -0.9668 -0.2005 0.1585
vn -0.9287 -0.2255 0.2944
vn -0.9015 -0.1343 0.4114
vn -0.8035 -0.2188 0.5537
vn -0.6573 -0.3270 0.6790
vn -0.4237 -0.4309 0.7968
vn -0.6506 -0.3259 0.6859
vn -0.4040 -0.4538 0.7943
vn 0.0093 -0.4850 0.8745
vn 0.0265 -0.5028 0.8640
vn 0.5334 -0.4528 0.7144
vn 0.5135 -0.5807 0.6318
vn 0.5358 -0.4414 0.7198
vn 0.8398 -0.4205 0.3434
vn 0.9270 -0.2457 0.2835
vn 0.9377 -0.2676 0.2218
vn 0.9498 -0.1549 0.2719
vn 0.9755 0.0221 0.2190
vn 0.9675 0.0160 0.2523
vn 0.9569 -0.1574 0.2441
vn 0.9684 0.0410 0.2459
vn 0.9782 0.0565 0.2000
vn 0.9622 -0.1358 0.2361
vn 0.9532 0.1976 0.2289
vn 0.9528 0.2032 0.2255
vn 0.9342 0.3138 0.1698
vn 0.8721 0.4681 0.1425
vn 0.9471 0.3040 0.1027
vn 0.9900 0.0295 0.1379
vn 0.9626 -0.2641 0.0607
vn 0.9994 -0.0011 -0.0338
vn 0.9695 0.2432 0.0302
vn 0.8832 0.4478 0.1396
vn 0.9042 0.3984 0.1541
vn 0.8541 0.4895 0.1759
vn 0.8526 0.4756 0.2165
vn 0.6559 0.7115 0.2522
vn 0.6657 0.7107 0.2273
vn 0.0318 0.9598 0.2790
vn 0.8526 0.5029 0.1423
vn 0.6618 0.7241 0.1941
vn 0.0146 0.9746 0.2234
vn 0.0234 0.9677 0.2512
vn -0.5533 0.8160 0.1671
vn -0.5417 0.8114 0.2196
vn -0.5232 0.8072 0.2735
vn -0.6716 0.7211 0.1705
vn -0.7147 0.6667 0.2114
vn -0.6455 0.7553 0.1135
vn -0.6443 0.7615 0.0703
vn -0.5298 0.8460 0.0596
vn -0.5435 0.8311 0.1173
vn 0.0433 0.9901 0.1334
vn 0.0173 0.9781 0.2076
vn 0.6660 0.7252 0.1749
vn 0.8535 0.5061 0.1245
vn 0.0718 0.9972 0.0204
vn -0.5302 0.8479 0.0053
vn -0.7119 0.7019 0.0215
vn 0.9674 0.1958 0.1605
vn -0.9924 -0.0179 0.1219
vn 0.3613 -0.5684 0.7392
vn 0.4403 -0.8460 0.3007
vn 0.6197 -0.7153 0.3231
vn 0.1716 -0.7349 0.6562
vn 0.0807 0.3119 0.9467
vn 0.7411 -0.4690 0.4805
vn -0.1963 -0.7851 0.5874
vn -0.0914 -0.8086 0.5812
vn -0.2958 -0.7387 0.6056
vn -0.1620 0.8931 -0.4198
vn -0.0440 0.9969 -0.0652
vn -0.6589 0.3103 0.6852
vn -0.0198 -0.8089 0.5876
vn 0.0587 -0.7923 0.6073
vn -0.6086 0.2864 0.7400
vn 0.5168 -0.3143 0.7963
vn 0.5721 -0.2034 0.7945
vn -0.5466 -0.2326 0.8044
vn -0.5777 -0.0132 0.8161
vn -0.4780 -0.4673 0.7438
vn 0.6206 -0.0827 0.7798
vn -0.5920 0.1803 0.7855
vn -0.5707 0.7563 0.3198
vn -0.4011 0.8656 0.2997
vn -0.2746 0.9402 0.2015
vn -0.0899 0.9903 0.1061
vn 0.2587 0.9622 0.0846
vn 0.5422 0.8250 0.1590
vn 0.6510 0.7177 0.2474
vn 0.7185 0.6445 0.2615
vn 0.9448 0.2470 0.2154
vn 0.7122 0.7001 0.0512
vn -0.2304 0.9720 0.0463
vn 0.3349 0.8920 0.3036
vn 0.6626 0.0099 0.7489
vn 0.7068 0.4101 0.5764
vn -0.3841 -0.6467 0.6590
vn 0.9569 0.1306 0.2595
vn 0.0485 0.9076 -0.4170
vn 0.3482 0.8646 -0.3623
vn 0.9594 0.2398 0.1482
vn 0.2691 0.3752 0.8870
vn 0.2294 0.0429 0.9724
vn 0.9066 -0.0818 0.4140
vn 0.1789 -0.2444 0.9530
vn -0.8565 0.1442 0.4957
vn -0.8205 0.2177 0.5285
vn 0.8495 -0.2886 0.4417
vn 0.7909 -0.4476 0.4173
vn 0.0813 -0.3922 0.9163
vn 0.7188 -0.5918 0.3647
vn -0.8567 0.1369 0.4973
vn -0.8630 0.1177 0.4914
vn -0.0312 -0.5138 0.8573
vn -0.9709 0.2360 0.0412
vn -0.9889 0.1404 0.0483
vn -0.9681 0.1605 0.1924
vn -0.9923 0.0663 0.1044
vn -0.9703 0.1325 0.2026
vn -0.9735 0.0712 0.2174
vn -0.9809 0.0503 0.1881
vn -0.9654 0.0220 0.2597
vn -0.9839 0.0834 0.1581
vn -0.9616 -0.0806 0.2625
vn -0.9837 0.1472 0.1035
vn -0.9429 0.0473 0.3296
vn -0.8715 -0.1142 0.4770
vn -0.9112 -0.1380 0.3881
vn -0.9176 -0.3428 0.2012
vn -0.9832 -0.1557 0.0951
vn -0.8002 -0.1363 0.5840
vn -0.8986 0.1293 0.4193
vn -0.8099 -0.5002 0.3064
vn -0.9494 -0.2772 0.1477
vn -0.7409 -0.6347 0.2196
vn -0.2646 -0.2530 0.9306
vn -0.8315 0.2470 0.4976
vn 0.0921 -0.8965 0.4335
vn -0.2717 -0.5940 0.7572
vn 0.0988 0.1853 0.9777
vn 0.1149 -0.1326 0.9845
vn -0.2737 0.2501 0.9287
vn -0.1457 0.3168 0.9372
vn -0.5230 -0.8083 0.2705
vn -0.2694 -0.9405 0.2072
vn -0.2983 -0.8911 0.3420
vn -0.4431 -0.7555 0.4826
vn -0.5377 -0.5285 0.6569
vn 0.1371 0.1969 0.9708
vn 0.0359 -0.6683 0.7430
vn -0.1890 -0.9497 0.2497
vn -0.1608 -0.8512 0.4996
vn -0.0948 -0.8496 0.5188
vn -0.2692 -0.7771 0.5689
vn -0.0522 -0.4078 0.9116
vn -0.3809 -0.7322 0.5646
vn -0.1781 -0.7775 0.6031
vn 0.2032 0.2430 0.9485
vn -0.0824 -0.9266 0.3668
vn 0.1362 0.2496 0.9587
vn 0.2172 0.0365 0.9754
vn 0.0720 0.4647 0.8825
vn -0.0555 -0.1206 0.9912
vn 0.1602 -0.8715 0.4634
vn 0.0109 -0.5838 0.8118
vn -0.6377 -0.6551 0.4052
vn -0.8874 -0.4081 0.2144
vn -0.7518 -0.0733 0.6554
vn -0.4328 0.3720 0.8212
vn -0.6957 0.4482 0.5614
vn -0.2525 -0.8555 0.4520
vn -0.9252 0.0625 0.3742
vn -0.8256 0.2828 0.4882
vn -0.6284 0.3702 0.6842
vn -0.8633 -0.3159 0.3937
vn -0.7650 -0.1128 0.6341
vn -0.5568 -0.0957 0.8251
vn -0.7867 -0.0535 0.6151
vn -0.7077 -0.5963 0.3789
vn -0.7588 -0.2224 0.6121
vn -0.8775 0.0121 0.4794
vn -0.9008 0.0338 0.4330
vn -0.7556 0.2503 0.6053
vn -0.8407 0.0078 0.5414
vn -0.8044 -0.0135 0.5939
vn -0.7577 -0.5335 0.3760
vn -0.5231 -0.3638 0.7707
vn -0.5719 0.0078 0.8203
vn -0.5981 -0.1565 0.7860
vn -0.5815 -0.3623 0.7284
vn -0.5232 -0.1588 0.8373
vn -0.7882 -0.0733 0.6111
vn -0.6016 -0.6250 0.4974
vn -0.4621 -0.6636 0.5883
vn -0.2505 -0.2012 0.9470
vn -0.2833 -0.6834 0.6728
vn -0.0879 -0.7091 0.6996
vn -0.0072 -0.1931 0.9812
vn -0.2220 -0.1886 0.9566
vn -0.5153 -0.1581 0.8423
vn 0.0492 -0.7251 0.6869
vn -0.0416 -0.1752 0.9836
vn 0.1617 -0.1696 0.9722
vn 0.4682 -0.1405 0.8724
vn 0.4373 -0.1702 0.8831
vn 0.4211 -0.1573 0.8933
vn 0.4076 -0.5048 0.7610
vn 0.1336 -0.1314 0.9823
vn 0.6894 -0.3041 0.6575
vn 0.4104 -0.1774 0.8945
vn 0.6997 -0.2417 0.6723
vn 0.8567 -0.4306 0.2840
vn 0.7880 -0.5782 0.2116
vn 0.6438 -0.4007 0.6519
vn 0.6087 -0.7669 0.2033
vn 0.3898 -0.2185 0.8946
vn 0.5339 -0.5325 0.6568
vn 0.6838 -0.6945 0.2239
vn 0.3390 -0.5878 0.7345
vn 0.5426 -0.7648 0.3473
vn 0.6061 -0.7395 0.2929
vn 0.8092 -0.4462 0.3823
vn 0.6403 -0.5168 0.5683
vn 0.7327 -0.6805 0.0047
vn 0.6111 -0.7561 0.2344
vn 0.6395 -0.6808 0.3571
vn 0.1362 -0.8135 0.5654
vn -0.4293 -0.8432 0.3235
vn 0.4101 -0.8887 0.2052
vn 0.1007 -0.9846 -0.1430
vn -0.0164 -0.9998 -0.0115
vn -0.5084 -0.8611 -0.0011
vn 0.5725 -0.8132 0.1046
vn 0.6628 -0.7241 0.1905
vn 0.0470 -0.9578 0.2836
vn -0.3678 -0.8454 0.3874
vn 0.6717 -0.4186 0.6112
vn -0.0999 -0.5613 0.8216
vn 0.2159 -0.8073 0.5492
vn 0.6053 -0.6905 0.3960
vn 0.5259 -0.3603 0.7705
vn 0.1544 -0.7408 0.6537
vn 0.0472 -0.9578 0.2837
vn 0.2713 -0.2714 0.9234
vn -0.4662 -0.2954 0.8339
vn 0.0902 -0.1429 0.9856
vn -0.0975 -0.5795 0.8091
vn -0.0901 0.0707 0.9934
vn -0.0394 -0.8532 0.5201
vn 0.5898 -0.2993 0.7500
vn -0.0832 -0.1578 0.9840
vn -0.6316 0.0478 0.7738
vn -0.5537 -0.0421 0.8316
vn -0.6524 -0.7339 0.1894
vn -0.4771 -0.5022 0.7212
vn -0.7123 -0.3823 0.5887
vn -0.4994 -0.7511 0.4319
vn -0.6998 -0.4561 0.5498
vn -0.6660 -0.7097 0.2298
vn -0.5031 -0.0256 0.8639
vn -0.1327 -0.6451 0.7525
vn -0.7075 -0.6025 0.3695
vn -0.1016 -0.4884 0.8667
vn -0.1544 -0.6854 0.7116
vn -0.4646 -0.0894 0.8810
vn -0.7071 -0.6928 0.1413
vn -0.5603 -0.7871 0.2578
vn -0.6817 -0.7091 -0.1802
vn -0.5724 -0.4893 0.6580
vn -0.3854 -0.9194 0.0780
vn -0.1766 -0.8538 0.4897
vn -0.2102 -0.9258 0.3142
vn -0.6914 -0.6590 0.2961
vn -0.6811 -0.0898 0.7267
vn -0.7074 -0.2785 0.6496
vn -0.5101 -0.8364 0.2007
vn -0.6465 -0.6541 -0.3926
vn -0.7268 -0.6765 0.1184
vn -0.4438 -0.8834 0.1504
vn 0.2389 -0.9707 -0.0255
vn -0.7445 -0.3294 0.5807
vn -0.8114 -0.5350 0.2353
vn -0.1207 -0.9428 -0.3106
vn -0.2933 -0.9320 0.2129
vn -0.6352 -0.7625 -0.1228
vn 0.0905 -0.2905 -0.9526
vn 0.0864 -0.5990 -0.7961
vn -0.0338 -0.9842 0.1740
vn -0.5937 -0.6293 -0.5015
vn -0.6845 -0.6850 -0.2494
vn -0.6425 -0.7163 -0.2723
vn -0.4161 -0.4858 -0.7687
vn -0.1678 -0.9415 -0.2923
vn 0.3624 -0.7536 -0.5484
vn -0.1419 -0.6926 -0.7072
vn 0.1374 -0.5980 -0.7896
vn -0.5210 -0.3934 -0.7575
vn 0.0098 0.1756 -0.9844
vn -0.1601 -0.6509 -0.7421
vn -0.5775 -0.7961 -0.1808
vn 0.4673 -0.5638 -0.6810
vn -0.1175 -0.7352 -0.6676
vn -0.1430 -0.5833 -0.7996
vn 0.4674 -0.3370 -0.8173
vn -0.5814 -0.6184 -0.5288
vn -0.5086 -0.2991 -0.8074
vn 0.2477 -0.1133 -0.9622
vn -0.1212 -0.1067 -0.9869
vn 0.2256 -0.7145 -0.6623
vn 0.2415 -0.1303 -0.9616
vn -0.6157 -0.2981 -0.7294
vn -0.1693 -0.5760 -0.7997
vn -0.2269 -0.4001 -0.8880
vn -0.7976 -0.4563 -0.3945
vn -0.0623 -0.2242 -0.9726
vn -0.4604 -0.5424 -0.7027
vn 0.1040 -0.6691 -0.7359
vn 0.2489 -0.5996 -0.7606
vn -0.2928 0.1357 -0.9465
vn 0.3338 0.1076 -0.9365
vn -0.2343 -0.1562 -0.9595
vn 0.3159 -0.5791 -0.7515
vn -0.3744 -0.5999 -0.7071
vn 0.4166 -0.5117 -0.7514
vn 0.1028 0.0938 -0.9903
vn -0.1307 0.2120 -0.9685
vn -0.5153 0.0115 -0.8569
vn -0.2139 -0.5040 -0.8368
vn 0.2035 0.3700 -0.9065
vn 0.3567 0.0665 -0.9319
vn -0.4899 0.2983 -0.8191
vn -0.2006 -0.5566 -0.8062
vn -0.0894 -0.5919 -0.8011
vn -0.2485 -0.3864 -0.8883
vn 0.4848 0.0943 -0.8695
vn -0.2500 0.2642 -0.9315
vn 0.1021 0.2939 -0.9504
vn -0.0629 -0.7627 -0.6437
vn 0.5477 -0.3964 -0.7368
vn 0.1312 0.0190 -0.9912
vn -0.6496 -0.2438 -0.7202
vn -0.2694 -0.3538 -0.8957
vn -0.0320 0.0118 -0.9994
vn 0.1392 -0.4267 -0.8936
vn -0.5621 -0.2511 -0.7880
vn -0.8864 -0.0797 -0.4561
vn -0.7551 0.2597 -0.6019
vn -0.9264 0.0932 0.3649
vn -0.9083 0.1640 -0.3848
vn -0.9318 -0.0135 0.3628
vn -0.1934 0.4260 -0.8838
vn -0.6296 -0.2367 -0.7400
vn 0.5845 0.2646 -0.7671
vn -0.8813 0.2354 -0.4098
vn -0.1265 0.4641 -0.8767
vn -0.9281 0.1656 0.3334
vn -0.6082 -0.2530 -0.7524
vn 0.1389 -0.5147 -0.8460
vn -0.8173 0.1005 0.5674
vn -0.8627 0.1519 0.4823
vn -0.8597 0.1194 0.4967
vn -0.6289 0.4314 -0.6468
vn -0.8362 0.0645 0.5447
vn -0.7972 0.0565 0.6010
vn -0.8032 0.2651 -0.5334
vn -0.7845 0.3683 -0.4990
vn -0.8771 0.1768 0.4467
vn -0.7737 0.4311 -0.4642
vn -0.8385 0.1793 0.5146
vn -0.7976 0.0860 0.5970
vn -0.8216 0.1364 0.5535
vn -0.8230 0.2507 -0.5097
vn -0.7922 0.3628 -0.4907
vn -0.8907 0.1704 0.4214
vn -0.8812 0.1371 0.4524
vn -0.9717 0.1767 0.1568
vn -0.9652 0.1652 0.2029
vn -0.9215 0.0445 0.3859
vn -0.9610 0.1461 0.2348
vn -0.9539 0.1456 0.2624
vn -0.9437 0.1637 0.2873
vn -0.9494 0.1087 0.2945
vn -0.9559 -0.0348 0.2917
vn -0.9040 0.1146 0.4120
vn -0.9101 -0.0192 0.4140
vn -0.9502 -0.1211 0.2871
vn -0.8917 -0.1167 0.4374
vn -0.9172 -0.0959 0.3868
vn -0.9133 -0.1851 0.3627
vn -0.8911 -0.0909 -0.4447
vn -0.8730 -0.1751 0.4552
vn -0.8270 -0.2478 0.5047
vn -0.8825 -0.1772 -0.4356
vn -0.2412 0.1266 -0.9622
vn -0.2422 0.2539 -0.9364
vn -0.5158 -0.4837 -0.7071
vn 0.1415 -0.6193 -0.7723
vn -0.0857 -0.0871 -0.9925
vn 0.5067 0.1376 -0.8511
vn 0.1418 -0.5569 -0.8184
vn -0.3989 -0.3677 -0.8401
vn 0.4979 0.2017 -0.8434
vn -0.5051 -0.4178 -0.7552
vn -0.2181 0.3458 -0.9126
vn -0.5361 -0.5324 -0.6551
vn 0.4953 0.0464 -0.8675
vn -0.6819 -0.6165 -0.3935
vn -0.8129 -0.3504 0.4652
vn -0.8626 -0.2484 0.4407
vn -0.8056 -0.3485 0.4791
vn -0.8535 -0.4916 0.1727
vn -0.9312 -0.3009 0.2059
vn -0.9483 -0.1877 0.2560
vn -0.7551 -0.2028 0.6234
vn -0.7023 -0.2795 0.6547
vn -0.7143 -0.6672 0.2111
vn -0.4474 -0.1467 0.8822
vn -0.6144 -0.4004 0.6798
vn -0.4206 -0.1297 0.8979
vn -0.2317 -0.0917 0.9685
vn -0.2445 0.0013 0.9696
vn -0.3393 -0.2403 0.9095
vn -0.0923 -0.0474 0.9946
vn -0.1055 0.0305 0.9939
vn -0.2276 0.0039 0.9738
vn -0.1018 -0.3624 0.9264
vn -0.0987 -0.0287 0.9947
vn 0.0579 -0.0731 0.9956
vn 0.0814 -0.0397 0.9959
vn 0.1966 -0.3504 0.9157
vn 0.3525 -0.2751 0.8944
vn 0.0863 -0.0683 0.9939
vn 0.1055 -0.1056 0.9888
vn -0.0701 -0.1206 0.9902
vn -0.2200 -0.1437 0.9649
vn -0.4819 -0.1631 0.8609
vn -0.7800 -0.1477 0.6081
vn -0.7847 -0.1179 0.6085
vn -0.7207 -0.3374 0.6056
vn -0.3156 -0.7772 -0.5444
vn 0.1765 -0.2353 -0.9558
vn -0.3380 -0.4403 -0.8318
vn -0.2315 -0.8841 -0.4058
vn 0.2657 -0.7596 -0.5937
vn -0.3512 -0.2559 -0.9006
vn -0.9908 0.1243 0.0541
vn -0.9356 0.1217 0.3315
vn -0.9888 0.1469 0.0246
vn -0.9441 0.1371 0.2997
vn -0.9421 0.1413 0.3040
vn -0.9551 0.1317 0.2653
vn -0.9122 0.1892 0.3635
vn -0.8885 0.0774 -0.4524
vn -0.9758 0.0977 -0.1956
vn -0.9263 0.1815 0.3301
vn -0.8812 0.2359 0.4096
vn -0.9658 0.2550 -0.0473
vn -0.9809 0.1454 -0.1290
vn -0.8909 0.2426 0.3840
vn -0.9777 0.2100 0.0092
vn -0.9623 0.2719 -0.0108
vn -0.8627 0.2611 0.4331
vn -0.9717 0.2353 0.0194
vn -0.9808 0.1833 0.0671
vn -0.9851 0.1340 0.1074
vn -0.9488 0.3148 -0.0260
vn -0.9657 0.1875 0.1795
vn -0.9492 0.3147 -0.0033
vn -0.9317 0.3624 -0.0247
vn -0.8307 0.2790 0.4818
vn -0.8673 0.2642 0.4218
vn -0.8342 0.2716 0.4799
vn -0.8669 0.4985 -0.0087
vn -0.7860 0.3972 0.4736
vn -0.6272 0.6517 0.4265
vn -0.7813 0.3943 0.4838
vn -0.6212 0.6369 0.4566
vn -0.6373 0.7706 -0.0056
vn -0.8759 0.4807 0.0411
vn -0.6947 0.6323 -0.3429
vn -0.8129 0.4864 -0.3203
vn -0.6446 0.7388 -0.1966
vn -0.9435 0.3278 0.0490
vn -0.2964 0.8365 -0.4609
vn 0.2023 0.6837 -0.7012
vn 0.0059 0.1396 -0.9902
vn -0.1948 -0.4111 -0.8905
vn -0.0932 0.8398 -0.5349
vn -0.5629 0.1050 -0.8198
vn -0.5642 0.8057 -0.1803
vn -0.3323 0.9318 -0.1459
vn -0.0558 0.8864 -0.4595
vn 0.2053 0.7122 -0.6713
vn 0.0231 0.1202 -0.9925
vn -0.1996 -0.3950 -0.8967
vn -0.5542 0.2022 -0.8075
vn 0.2172 0.7557 -0.6178
vn 0.1365 -0.6063 -0.7834
vn 0.1420 0.1628 -0.9764
vn 0.4795 0.2746 -0.8335
vn 0.0718 0.1002 -0.9924
vn 0.1953 0.6302 -0.7515
vn 0.4815 0.6031 -0.6359
vn 0.0099 0.1420 -0.9898
vn -0.5533 0.4309 -0.7129
vn 0.1710 0.0969 -0.9805
vn -0.0534 0.2203 -0.9740
vn -0.2107 -0.3724 -0.9038
vn 0.0234 -0.5778 -0.8158
vn 0.1400 0.1694 -0.9756
vn 0.2893 0.7741 -0.5631
vn 0.0464 -0.0402 -0.9981
vn -0.6468 -0.0704 -0.7594
vn -0.1369 -0.5241 -0.8406
vn 0.0321 0.1426 -0.9893
vn 0.4497 0.5188 -0.7271
vn 0.4825 0.1284 -0.8664
vn 0.0374 0.1392 -0.9896
vn -0.1304 0.5376 -0.8330
vn 0.3677 -0.4134 -0.8330
vn 0.2144 -0.2858 -0.9340
vn 0.6507 -0.2057 -0.7309
vn 0.1451 0.7404 -0.6564
vn 0.6634 0.7020 -0.2590
vn 0.9734 0.0625 -0.2204
vn 0.4064 0.8994 -0.1611
vn 0.4518 0.8920 0.0136
vn 0.6906 0.7225 0.0324
vn 0.8951 0.4431 0.0493
vn 0.8590 0.1812 -0.4788
vn 0.9844 0.1697 0.0458
vn 0.7439 0.4903 -0.4542
vn -0.0011 0.0188 -0.9998
vn 0.5769 -0.0328 -0.8161
vn 0.8173 0.0756 0.5712
vn 0.8377 -0.0275 0.5455
vn 0.9999 -0.0006 0.0155
vn 0.9791 0.1347 -0.1526
vn 0.8426 -0.0224 0.5381
vn 0.8495 -0.1095 0.5161
vn 0.8469 -0.1268 0.5164
vn 0.8597 -0.1542 0.4870
vn 0.9997 0.0248 0.0032
vn 0.9979 -0.0650 0.0029
vn 0.9077 -0.2107 0.3628
vn 0.8608 -0.1986 0.4685
vn 0.9912 -0.1327 -0.0003
vn 0.9985 -0.0522 0.0149
vn 0.9895 -0.1434 0.0193
vn 0.9824 -0.1869 0.0065
vn 0.9747 -0.2153 0.0608
vn 0.9740 -0.2263 0.0084
vn 0.9489 -0.2783 0.1489
vn 0.9815 -0.1658 0.0959
vn 0.9479 -0.3159 0.0408
vn 0.9868 -0.1580 -0.0349
vn 0.8375 -0.3759 -0.3966
vn 0.9034 -0.3906 -0.1771
vn 0.9129 -0.2795 0.2975
vn 0.9702 -0.2321 -0.0700
vn 0.8385 -0.3785 -0.3921
vn 0.7122 -0.5199 -0.4717
vn 0.0987 -0.5122 -0.8532
vn 0.6491 -0.5596 -0.5153
vn -0.0872 -0.7511 -0.6544
vn 0.5941 -0.2080 -0.7770
vn 0.1247 -0.1313 -0.9835
vn 0.2234 0.2711 -0.9363
vn -0.4140 0.2886 -0.8633
vn -0.4362 -0.0579 -0.8980
vn -0.3695 -0.3944 -0.8414
vn -0.1279 -0.5214 -0.8437
vn -0.3549 0.4899 -0.7963
vn 0.2516 0.4671 -0.8477
vn 0.6704 0.0319 -0.7413
vn -0.3857 0.0690 -0.9201
vn 0.4215 -0.0302 -0.9063
vn -0.3249 0.0835 -0.9421
vn 0.4499 -0.1079 -0.8865
vn 0.1269 0.0034 -0.9919
vn -0.3481 -0.3812 -0.8564
vn -0.1595 -0.4848 -0.8599
vn -0.4652 0.4181 -0.7802
vn 0.1579 0.5031 -0.8497
vn 0.0669 -0.0405 -0.9969
vn 0.6955 0.1555 -0.7015
vn 0.1283 -0.4877 -0.8635
vn 0.9065 -0.2573 -0.3348
vn 0.9345 -0.1526 -0.3215
vn 0.1760 -0.4886 -0.8546
vn 0.9929 -0.1176 -0.0192
vn 0.9587 -0.0480 -0.2804
vn 0.2770 -0.4944 -0.8239
vn 0.6159 0.3281 -0.7163
vn -0.0138 0.5333 -0.8458
vn 0.0823 -0.0057 -0.9966
vn 0.3316 -0.4687 -0.8188
vn 0.5774 0.0856 -0.8120
vn 0.0787 -0.5560 -0.8274
vn -0.1546 -0.4568 -0.8760
vn 0.0245 -0.0090 -0.9997
vn -0.5074 -0.0193 -0.8615
vn -0.3624 -0.0435 -0.9310
vn -0.4575 0.0180 -0.8890
vn -0.2588 0.4921 -0.8312
vn -0.6231 0.2703 -0.7339
vn -0.4214 0.2328 -0.8765
vn -0.0273 -0.2551 -0.9665
vn 0.2368 -0.4271 -0.8727
vn -0.1200 -0.4306 -0.8946
vn 0.1229 -0.2880 -0.9497
vn 0.2582 0.0141 -0.9660
vn 0.0720 -0.3128 -0.9471
vn 0.0828 -0.6225 -0.7782
vn 0.7507 -0.0846 -0.6552
vn 0.1602 0.0556 -0.9855
vn -0.1012 -0.3996 -0.9111
vn -0.2265 0.4985 -0.8368
vn -0.5296 0.0930 -0.8431
vn 0.5896 0.0610 -0.8054
vn 0.4945 0.4106 -0.7661
vn -0.4793 -0.1197 -0.8695
vn -0.6262 0.2471 -0.7395
vn 0.5927 0.2893 -0.7516
vn 0.1610 0.5673 -0.8076
vn -0.3864 -0.2602 -0.8849
vn -0.6425 0.2172 -0.7349
vn -0.2057 -0.5064 -0.8374
vn 0.1925 -0.6111 -0.7678
vn -0.1344 -0.2546 -0.9577
vn 0.4845 0.2863 -0.8266
vn 0.1512 0.5286 -0.8353
vn -0.4667 -0.1328 -0.8744
vn -0.1166 0.1629 -0.9797
vn 0.0534 0.3119 -0.9486
vn 0.2854 0.6920 -0.6630
vn 0.2012 0.7367 -0.6456
vn -0.3707 0.5855 -0.7209
vn 0.0914 0.5984 -0.7960
vn 0.5109 0.2896 -0.8094
vn -0.1178 -0.6175 -0.7777
vn -0.5539 -0.3067 -0.7740
vn -0.9261 0.3153 -0.2071
vn -0.9334 0.2897 -0.2116
vn -0.5135 -0.3689 -0.7747
vn -0.3514 0.6053 -0.7142
vn 0.0210 -0.0269 -0.9994
vn -0.1669 -0.1346 -0.9767
vn -0.0373 -0.6504 -0.7587
vn 0.0727 0.6139 -0.7861
vn 0.3528 -0.6057 -0.7132
vn -0.3826 0.5644 -0.7315
vn 0.2863 0.5778 -0.7643
vn -0.0865 -0.0383 -0.9955
vn 0.4379 0.3100 -0.8439
vn -0.0025 0.0392 -0.9992
vn -0.1624 0.5970 -0.7856
vn 0.3302 -0.5811 -0.7438
vn -0.0070 -0.0122 -0.9999
vn -0.3241 -0.5301 -0.7836
vn -0.5957 -0.2123 -0.7747
vn -0.1257 0.5402 -0.8321
vn 0.3215 0.4747 -0.8193
vn 0.3306 0.6899 -0.6440
vn 0.6320 0.1164 -0.7662
vn 0.2909 0.4804 -0.8274
vn 0.0356 -0.0150 -0.9993
vn 0.1491 -0.6929 -0.7054
vn -0.4779 -0.0754 -0.8752
vn 0.0200 -0.1383 -0.9902
vn 0.6828 0.0494 -0.7289
vn -0.3616 0.5028 -0.7852
vn -0.2107 -0.6328 -0.7451
vn 0.3670 0.4264 -0.8267
vn -0.5636 -0.2605 -0.7839
vn -0.0057 -0.0262 -0.9996
vn -0.2282 0.6197 -0.7510
vn 0.2514 0.5325 -0.8082
vn 0.5335 0.1846 -0.8254
vn -0.1316 -0.6275 -0.7674
vn 0.2998 -0.6208 -0.7244
vn -0.1103 -0.9246 -0.3647
vn 0.0791 -0.8126 -0.5774
vn 0.0252 -0.1714 -0.9849
vn 0.0998 -0.7524 -0.6511
vn 0.2238 -0.6359 -0.7387
vn 0.0873 -0.5533 -0.8284
vn 0.0078 0.0450 -0.9990
vn -0.0318 0.1133 -0.9931
vn 0.0518 -0.4860 -0.8724
vn 0.4884 0.0432 -0.8715
vn 0.2949 0.3632 -0.8838
vn 0.3661 0.4243 -0.8282
vn 0.1854 0.4190 -0.8888
vn -0.4233 0.0678 -0.9034
vn 0.0862 0.5141 -0.8534
vn 0.0851 -0.0573 -0.9947
vn -0.4726 0.4133 -0.7783
vn -0.2655 -0.4106 -0.8723
vn -0.3110 -0.4118 -0.8566
vn -0.0244 -0.5701 -0.8212
vn -0.5548 0.3744 -0.7430
vn -0.1034 -0.5327 -0.8400
vn 0.6290 0.2558 -0.7341
vn 0.0770 0.5635 -0.8225
vn 0.4457 0.3157 -0.8377
vn 0.4107 -0.0596 -0.9098
vn 0.3461 -0.4767 -0.8081
vn -0.7739 0.4060 -0.4861
vn -0.4799 0.4183 -0.7712
vn -0.0329 0.5278 -0.8488
vn 0.1295 -0.3843 -0.9141
vn 0.2555 -0.6599 -0.7065
vn -0.5781 -0.2988 -0.7593
vn 0.2627 -0.6576 -0.7061
vn 0.5023 -0.2996 -0.8111
vn -0.5808 0.1795 -0.7940
vn -0.9523 0.2868 -0.1047
vn -0.5213 -0.3020 -0.7981
vn -0.8876 -0.0019 -0.4606
vn -0.9576 0.2877 0.0173
vn -0.2488 -0.3512 -0.9027
vn -0.8618 0.0305 -0.5064
vn 0.0162 -0.5582 -0.8295
vn -0.0330 -0.0582 -0.9978
vn 0.2365 -0.4760 -0.8471
vn -0.0290 0.5045 -0.8629
vn 0.4698 0.3169 -0.8239
vn 0.2769 -0.4248 -0.8619
vn 0.0403 -0.5173 -0.8549
vn -0.0546 0.0084 -0.9985
vn -0.2090 -0.4755 -0.8545
vn -0.4903 0.2768 -0.8264
vn -0.7679 -0.1786 -0.6152
vn -0.5668 0.1860 -0.8026
vn -0.1432 -0.6078 -0.7810
vn -0.5653 -0.3960 -0.7236
vn -0.3996 -0.2404 -0.8846
vn -0.2177 0.0515 -0.9747
vn -0.4730 -0.4759 -0.7415
vn -0.3877 -0.3946 -0.8331
vn -0.3987 0.4977 -0.7702
vn 0.1090 0.4051 -0.9078
vn 0.2126 0.7270 -0.6529
vn -0.4141 -0.2920 -0.8621
vn 0.3868 0.4302 -0.8157
vn 0.6095 0.1062 -0.7856
vn -0.2639 0.5431 -0.7971
vn 0.4045 -0.1815 -0.8964
vn -0.5287 0.0866 -0.8444
vn 0.1048 -0.3769 -0.9203
vn -0.5195 0.4861 -0.7027
vn -0.5843 0.3979 -0.7073
vn -0.0725 0.7276 -0.6821
vn 0.6657 0.2675 -0.6966
vn -0.2387 0.3776 -0.8947
vn -0.2984 0.5166 -0.8026
vn -0.4630 0.5812 -0.6692
vn -0.5463 0.4443 -0.7100
vn 0.0018 0.1396 -0.9902
vn 0.0645 -0.4212 -0.9047
vn -0.6672 0.0325 -0.7442
vn 0.6692 0.2117 -0.7123
vn 0.1129 -0.4410 -0.8904
vn -0.5931 -0.0403 -0.8041
vn -0.3039 -0.2877 -0.9082
vn 0.6016 -0.1122 -0.7909
vn 0.1943 -0.4004 -0.8955
vn 0.0594 0.0751 -0.9954
vn -0.2293 -0.3083 -0.9233
vn 0.3153 0.5837 -0.7482
vn -0.5195 -0.2848 -0.8056
vn -0.3777 -0.6867 -0.6212
vn 0.0703 0.0290 -0.9971
vn -0.0933 -0.4184 -0.9034
vn 0.0469 0.4115 -0.9102
vn -0.3137 -0.2443 -0.9176
vn 0.2301 0.4132 -0.8811
vn 0.2703 0.4276 -0.8626
vn -0.5026 0.4124 -0.7598
vn 0.0456 0.5555 -0.8303
vn -0.0245 -0.0155 -0.9996
vn -0.0817 -0.5746 -0.8143
vn 0.5153 0.0073 -0.8570
vn -0.2352 -0.3437 -0.9092
vn 0.1542 0.6651 -0.7307
vn -0.1568 0.4577 -0.8752
vn 0.1209 0.6442 -0.7553
vn 0.0128 -0.4905 -0.8713
vn -0.4781 -0.3270 -0.8152
vn 0.1079 0.0151 -0.9940
vn 0.7421 0.2704 -0.6134
vn 0.4515 0.3743 -0.8099
vn -0.0027 -0.7024 -0.7118
vn 0.3012 -0.1575 -0.9405
vn -0.3983 -0.4758 -0.7842
vn -0.1450 -0.4676 -0.8720
vn 0.4415 -0.3087 -0.8425
vn -0.4287 -0.4368 -0.7908
vn -0.0960 0.1035 -0.9900
vn 0.1601 0.0714 -0.9845
vn -0.5062 0.2170 -0.8347
vn 0.0888 -0.7125 -0.6960
vn 0.1606 -0.3524 -0.9220
vn 0.4125 0.0519 -0.9095
vn 0.2786 0.4559 -0.8453
vn 0.0963 0.2770 -0.9560
vn 0.5092 0.3957 -0.7643
vn 0.4927 -0.4795 -0.7261
vn 0.1183 0.3371 -0.9340
vn -0.0182 0.0178 -0.9997
vn 0.2427 0.4021 -0.8828
vn 0.5333 -0.3691 -0.7611
vn 0.0033 0.0139 -0.9999
vn -0.1683 -0.3702 -0.9136
vn -0.4681 0.2858 -0.8362
vn 0.0065 0.4873 -0.8732
vn -0.0659 0.0100 -0.9978
vn 0.2746 0.3497 -0.8957
vn 0.4840 -0.4135 -0.7712
vn -0.4502 -0.4425 -0.7756
vn -0.0651 -0.5051 -0.8606
vn 0.4527 -0.3460 -0.8218
vn 0.0312 -0.0274 -0.9991
vn 0.0408 0.4288 -0.9025
vn -0.4132 0.2138 -0.8852
vn 0.1998 -0.4665 -0.8617
vn 0.2575 -0.6857 -0.6808
vn 0.3813 -0.4528 -0.8060
vn -0.1820 -0.4479 -0.8754
vn -0.0686 -0.6590 -0.7490
vn 0.1615 0.0209 -0.9867
vn -0.4433 -0.2981 -0.8453
vn -0.3691 -0.5621 -0.7401
vn 0.0045 0.1090 -0.9940
vn 0.0980 -0.4115 -0.9061
vn -0.1707 -0.4494 -0.8769
vn 0.1026 0.0638 -0.9927
vn 0.4100 -0.5012 -0.7620
vn 0.7629 -0.0721 -0.6425
vn -0.1880 0.2611 -0.9468
vn 0.8449 -0.3098 -0.4361
vn -0.0012 0.0976 -0.9952
vn -0.1678 -0.4345 -0.8849
vn 0.0115 -0.3614 -0.9323
vn 0.0942 -0.5910 -0.8011
vn 0.0173 0.2348 -0.9719
vn -0.4366 0.2558 -0.8626
vn 0.5845 -0.0131 -0.8113
vn -0.3269 -0.5566 -0.7638
vn -0.5908 -0.3594 -0.7223
vn -0.5992 0.2036 -0.7743
vn 0.0458 0.2609 -0.9643
vn -0.0580 -0.2963 -0.9533
vn 0.5771 -0.0755 -0.8132
vn 0.0947 0.0932 -0.9911
vn 0.1757 -0.5982 -0.7818
vn -0.3963 0.0767 -0.9149
vn 0.2566 -0.0463 -0.9654
vn 0.3543 -0.1041 -0.9293
vn 0.5797 -0.5249 -0.6232
vn 0.1996 -0.0323 -0.9794
vn -0.0008 -0.3446 -0.9388
vn 0.3572 -0.5974 -0.7180
vn -0.1216 -0.3843 -0.9152
vn 0.1197 0.5740 -0.8101
vn 0.4153 0.1495 -0.8973
vn -0.1172 -0.6851 -0.7190
vn 0.1220 0.4564 -0.8814
vn -0.4802 -0.4745 -0.7377
vn -0.2012 0.2550 -0.9458
vn -0.1977 -0.5843 -0.7871
vn 0.3318 -0.5728 -0.7495
vn -0.1925 -0.6440 -0.7404
vn -0.2401 -0.6232 -0.7443
vn 0.0507 0.4893 -0.8706
vn -0.3948 -0.0632 -0.9166
vn 0.0841 -0.0003 -0.9965
vn -0.0305 -0.5441 -0.8385
vn 0.0207 0.5041 -0.8634
vn 0.0592 0.4864 -0.8718
vn 0.2625 -0.5464 -0.7953
vn -0.0914 -0.5405 -0.8364
vn 0.0660 -0.0276 -0.9974
vn -0.0249 -0.5153 -0.8566
vn -0.3533 0.3196 -0.8792
vn -0.0709 -0.5041 -0.8607
vn 0.0374 0.5545 -0.8313
vn -0.1929 -0.3731 -0.9075
vn -0.0316 0.1083 -0.9936
vn 0.0135 -0.6818 -0.7315
vn -0.0778 -0.6585 -0.7485
vn -0.0240 -0.5147 -0.8571
vn -0.0574 -0.4283 -0.9018
vn -0.1553 -0.0282 -0.9875
vn -0.0355 -0.0852 -0.9957
vn 0.2224 -0.2092 -0.9522
vn 0.0578 -0.4283 -0.9018
vn 0.5168 -0.6141 -0.5964
vn -0.4861 -0.3881 -0.7830
vn 0.0210 -0.4076 -0.9129
vn -0.3898 0.0449 -0.9198
vn 0.0599 -0.5110 -0.8575
vn -0.0497 -0.4565 -0.8883
vn -0.0728 -0.6642 -0.7440
vn 0.1962 -0.4396 -0.8765
vn 0.0340 -0.6983 -0.7150
vn -0.2539 -0.5417 -0.8013
vn -0.0023 -0.5425 -0.8401
vn -0.4464 -0.3527 -0.8224
vn -0.0808 -0.8165 -0.5716
vn -0.1318 -0.8935 -0.4293
vn 0.4240 -0.8265 -0.3704
vn -0.0957 -0.7390 -0.6668
vn 0.7000 -0.4887 -0.5207
vn 0.1257 -0.8917 -0.4348
vn 0.0866 -0.7101 -0.6987
vn 0.1470 -0.9272 -0.3445
vn 0.0360 -0.5875 -0.8085
vn -0.1377 -0.9757 0.1706
vn 0.0211 -0.9127 -0.4081
vn -0.1051 -0.9412 -0.3212
vn -0.0513 -0.4457 -0.8937
vn -0.0082 -0.6206 -0.7840
vn -0.5600 -0.4486 -0.6966
vn 0.8007 -0.4774 0.3618
vn -0.0443 -0.9667 -0.2522
vn -0.1059 -0.8548 -0.5080
vn 0.1281 -0.9020 -0.4124
vn -0.0767 -0.6571 -0.7498
vn 0.3835 -0.9132 -0.1379
vn 0.0961 -0.9188 -0.3827
vn 0.3739 -0.5185 -0.7690
vn 0.4247 -0.9005 -0.0938
vn -0.3128 -0.8228 -0.4745
vn 0.0669 -0.7635 -0.6424
vn 0.0061 -0.5155 -0.8569
vn 0.0792 -0.8238 -0.5614
vn -0.1650 -0.5150 -0.8412
vn 0.0876 -0.8358 -0.5421
vn -0.1171 -0.4987 -0.8588
vn 0.1020 -0.5482 -0.8301
vn 0.6400 -0.7025 -0.3115
vn 0.7760 -0.5013 0.3828
vn 0.8321 -0.4274 0.3534
vn 0.7263 -0.4730 -0.4987
vn 0.2692 -0.2542 -0.9289
vn 0.3041 -0.7318 -0.6099
vn -0.1641 -0.6039 -0.7800
vn -0.2526 -0.0515 -0.9662
vn 0.3756 -0.5296 -0.7606
vn 0.2786 0.0564 -0.9588
vn 0.9102 -0.2737 0.3108
vn 0.9488 -0.0967 0.3007
vn 0.8846 -0.2795 0.3733
vn 0.8332 -0.4443 0.3293
vn 0.8915 -0.2938 0.3449
vn 0.9226 -0.1020 0.3721
vn 0.9503 -0.0343 0.3095
vn 0.9309 -0.0207 0.3647
vn 0.9238 -0.1415 0.3558
vn 0.9400 -0.0470 0.3380
vn 0.7551 -0.1130 0.6458
vn 0.7189 -0.1659 0.6750
vn 0.7977 -0.1236 0.5902
vn 0.9515 -0.0104 0.3076
vn 0.4789 -0.3034 0.8238
vn 0.8322 -0.1561 0.5320
vn 0.6662 -0.3062 0.6799
vn 0.6325 -0.2673 0.7270
vn 0.5349 -0.5375 0.6519
vn 0.1401 -0.8821 0.4498
vn 0.3887 -0.3947 0.8325
vn 0.4997 -0.0155 0.8661
vn 0.6429 -0.1209 0.7563
vn 0.6490 0.2006 0.7339
vn 0.5716 -0.6762 0.4647
vn 0.0719 0.1321 0.9886
vn 0.1716 0.3807 0.9086
vn 0.1166 0.2622 0.9579
vn -0.0035 0.2597 0.9657
vn 0.0827 -0.7988 0.5959
vn 0.0113 0.2459 0.9692
vn 0.0117 -0.5366 0.8438
vn -0.0690 -0.3303 0.9413
vn 0.0675 -0.2290 0.9711
vn 0.3824 -0.4499 0.8070
vn -0.1177 -0.7039 0.7004
vn -0.0807 -0.6800 0.7288
vn 0.0250 0.0576 0.9980
vn -0.4890 -0.3255 0.8093
vn 0.0504 -0.5763 0.8157
vn 0.2317 0.1727 0.9573
vn 0.1770 0.3246 0.9292
vn 0.0769 -0.1872 0.9793
vn -0.6661 -0.2160 0.7139
vn 0.0499 -0.5412 0.8394
vn 0.2459 -0.3668 0.8972
vn 0.2129 -0.2043 0.9555
vn 0.3979 -0.7236 0.5641
vn 0.3101 -0.8309 0.4620
vn 0.0409 0.0679 0.9969
vn -0.0366 -0.0029 0.9993
vn -0.1164 -0.9245 0.3629
vn -0.1521 -0.6690 0.7275
vn -0.3638 -0.8051 0.4686
vn -0.0909 -0.9544 0.2844
vn -0.4898 -0.2220 0.8431
vn -0.0066 0.1787 0.9839
vn 0.0147 -0.8897 0.4564
vn 0.2910 -0.2726 0.9171
vn -0.3375 -0.8271 0.4495
vn -0.2777 0.6135 0.7392
vn -0.4070 0.5130 0.7558
vn -0.6981 0.3237 0.6387
vn -0.7206 -0.5689 0.3963
vn -0.2986 -0.8502 0.4336
vn -0.1116 0.4056 0.9072
vn -0.3786 0.5467 0.7468
vn -0.0887 -0.8789 0.4687
vn 0.1410 0.5492 0.8237
vn 0.0152 -0.8986 0.4386
vn -0.8220 -0.0965 0.5613
vn -0.4366 -0.8145 0.3822
vn 0.1161 0.5344 0.8372
vn 0.4156 0.5973 0.6859
vn 0.4706 -0.3723 0.8000
vn 0.2825 -0.8837 0.3732
vn 0.0043 -0.3493 0.9370
vn 0.1003 -0.9081 0.4066
vn 0.1826 0.4703 0.8634
vn 0.1219 -0.3760 0.9186
vn 0.2111 -0.9169 0.3386
vn 0.2141 0.5099 0.8332
vn 0.5078 -0.3701 0.7779
vn 0.5657 -0.7819 0.2620
vn 0.7579 -0.5582 0.3375
vn 0.4585 -0.8469 0.2693
vn 0.7652 -0.4675 0.4426
vn 0.6542 -0.2911 0.6981
vn 0.6838 -0.3193 0.6561
vn 0.7221 -0.2037 0.6612
vn 0.7387 -0.5300 0.4164
vn 0.4881 -0.8172 0.3064
vn 0.7753 -0.3029 0.5542
vn 0.2527 0.2663 0.9302
vn 0.7701 0.0321 0.6372
vn 0.7026 -0.6468 0.2967
vn 0.1035 -0.9206 0.3766
vn 0.4593 -0.8729 0.1643
vn 0.8270 -0.1750 0.5343
vn 0.0266 -0.4348 0.9001
vn -0.1938 -0.6698 0.7168
vn 0.7634 -0.0422 0.6446
vn 0.8104 -0.3259 0.4868
vn 0.3158 -0.0001 0.9488
vn 0.2432 0.0929 0.9655
vn 0.6465 -0.7381 0.1930
vn -0.2965 -0.8884 0.3504
vn 0.3113 -0.9350 0.1697
vn -0.2493 -0.8817 0.4006
vn -0.1485 -0.9862 0.0727
vn -0.0067 -0.9715 0.2368
vn 0.1193 -0.1135 0.9864
vn 0.6983 -0.4537 0.5537
vn 0.7170 -0.5503 0.4278
vn 0.1804 -0.9378 0.2965
vn -0.1335 -0.9453 0.2977
vn -0.1233 -0.8666 0.4835
vn -0.1428 -0.5771 0.8041
vn 0.7498 -0.4216 0.5100
vn 0.5850 -0.6192 0.5239
vn -0.1602 -0.8993 0.4069
vn 0.5925 -0.6366 0.4935
vn 0.6069 -0.7464 0.2731
vn -0.1118 -0.8598 0.4982
vn 0.4008 -0.7081 0.5813
vn 0.6266 -0.7265 0.2819
vn -0.3322 -0.7688 0.5465
vn -0.0448 0.0482 0.9978
vn -0.4963 -0.7573 0.4245
vn 0.0194 0.2437 0.9697
vn -0.2386 0.2582 0.9362
vn -0.0173 0.4106 0.9116
vn 0.4079 -0.2751 0.8706
vn 0.1982 -0.9132 0.3561
vn -0.4235 0.0708 0.9031
vn -0.4702 -0.7505 0.4644
vn -0.4093 -0.8667 0.2852
vn 0.5662 -0.3417 0.7501
vn 0.3844 0.4997 0.7762
vn 0.1102 0.3283 0.9381
vn -0.2081 -0.5727 0.7929
vn 0.0251 -0.2973 0.9545
vn -0.4390 -0.6675 0.6014
vn -0.4340 -0.6972 0.5706
vn -0.0140 0.4292 0.9031
vn -0.4506 0.2553 0.8554
vn 0.0914 0.1496 0.9845
vn 0.0195 0.2867 0.9578
vn -0.0108 -0.9043 0.4267
vn -0.5518 -0.6363 0.5391
vn 0.0697 0.0324 0.9970
vn 0.1763 -0.9112 0.3722
vn 0.1280 -0.8780 0.4613
vn -0.0714 -0.8976 0.4351
vn -0.7032 -0.5716 0.4228
vn -0.3059 0.3169 0.8978
vn -0.8941 -0.2905 0.3408
vn -0.7488 -0.3002 0.5909
vn -0.7081 -0.6103 0.3552
vn -0.5708 0.3788 0.7285
vn -0.1880 0.1252 0.9742
vn 0.0146 0.0263 0.9995
vn -0.0157 -0.9360 0.3517
vn -0.5841 -0.8102 0.0489
vn -0.7256 0.2922 0.6230
vn -0.6818 -0.7244 0.1015
vn -0.7843 -0.5567 -0.2740
vn -0.2850 -0.9415 0.1799
vn -0.6741 0.3934 0.6252
vn -0.5745 0.1690 0.8009
vn -0.5462 0.2758 0.7910
vn -0.5950 0.5391 0.5961
vn -0.7495 0.6129 0.2504
vn -0.5547 -0.7747 0.3037
vn -0.9539 0.1194 0.2754
vn -0.9836 -0.1519 0.0971
vn -0.7219 -0.6798 -0.1296
vn -0.8580 -0.3778 -0.3480
vn -0.9304 -0.1254 0.3445
vn -0.9019 0.3297 0.2789
vn -0.7531 0.6057 0.2570
vn -0.7005 0.2892 0.6524
vn -0.7903 0.2880 0.5408
vn -0.3472 0.0499 0.9365
vn -0.4761 -0.1661 0.8636
vn -0.7045 0.0844 0.7046
vn -0.9449 -0.1902 0.2663
vn -0.9664 -0.0455 0.2529
vn -0.6218 0.3238 0.7131
vn -0.7615 0.3030 0.5730
vn 0.3261 0.4962 0.8046
vn 0.3826 0.6680 0.6383
vn -0.3208 0.2273 0.9195
vn -0.0354 0.6891 0.7238
vn -0.3151 -0.2479 0.9161
vn -0.7115 0.1533 0.6858
vn -0.7988 -0.1903 0.5707
vn -0.1963 -0.0151 0.9804
vn -0.5035 -0.3086 0.8070
vn -0.3955 0.0430 0.9175
vn -0.8390 -0.5441 0.0086
vn -0.6368 -0.7624 0.1156
vn -0.2370 -0.1260 0.9633
vn -0.0180 -0.4159 0.9092
vn -0.5992 -0.7773 0.1917
vn -0.4592 -0.5193 0.7207
vn -0.0184 -0.2904 0.9567
vn -0.7591 -0.3278 0.5624
vn -0.6054 -0.7775 0.1705
vn -0.4714 -0.0581 0.8800
vn -0.4061 -0.8373 0.3662
vn 0.2557 -0.6395 0.7250
vn 0.1323 0.0649 0.9891
vn -0.0045 -0.0371 0.9993
vn 0.1418 -0.0514 0.9886
vn 0.2498 -0.5695 0.7832
vn 0.4370 -0.4365 0.7864
vn 0.5070 0.1039 0.8556
vn 0.4945 -0.4764 0.7270
vn 0.6029 0.0466 0.7964
vn 0.8634 -0.1242 0.4890
vn 0.8191 -0.5132 0.2564
vn 0.8118 -0.4164 0.4094
vn 0.7864 -0.4378 0.4358
vn 0.8488 0.2153 0.4830
vn 0.8813 -0.4704 -0.0454
vn 0.5590 -0.8291 -0.0117
vn 0.8670 0.0424 0.4965
vn 0.7978 -0.4066 0.4451
vn 0.8830 -0.3627 0.2978
vn 0.9317 -0.2671 0.2463
vn 0.9603 -0.2483 0.1268
vn 0.9861 -0.1647 0.0204
vn 0.9304 -0.3114 0.1935
vn 0.9301 -0.1917 0.3132
vn 0.9119 -0.1583 0.3787
vn 0.9958 -0.0689 0.0610
vn 0.9931 -0.0346 0.1124
vn 0.9899 0.0134 0.1412
vn 0.9913 -0.0238 0.1296
vn 0.9997 0.0171 0.0171
vn 0.9929 0.0814 0.0865
vn 0.8014 0.1249 -0.5849
vn 0.8262 -0.1414 -0.5454
vn 0.8026 0.2537 -0.5398
vn 0.5200 0.3452 -0.7813
vn 0.5289 0.1807 -0.8292
vn 0.7794 0.2530 -0.5732
vn 0.6101 0.3407 -0.7153
vn -0.1539 -0.3090 -0.9385
vn 0.6128 0.0009 -0.7902
vn 0.6590 0.2931 -0.6927
vn 0.1811 0.5224 -0.8333
vn 0.0717 0.0885 -0.9935
vn 0.8834 0.2038 -0.4219
vn 0.8532 -0.0058 -0.5216
vn 0.5936 -0.1869 -0.7828
vn -0.6072 0.3080 -0.7324
vn 0.1749 0.5640 -0.8070
vn 0.0167 0.0069 -0.9998
vn 0.6452 -0.2140 -0.7334
vn 0.9637 0.0626 0.2594
vn 0.9712 0.0979 0.2173
vn 0.9110 -0.0067 0.4123
vn 0.9301 -0.0036 0.3674
vn 0.9302 0.0228 0.3662
vn 0.9217 0.0127 0.3878
vn 0.7415 0.0687 -0.6674
vn 0.9414 0.0120 0.3371
vn 0.9074 -0.0473 -0.4176
vn 0.8030 0.3500 -0.4824
vn 0.2543 0.4933 -0.8319
vn 0.5051 -0.3729 -0.7784
vn -0.3187 0.0857 -0.9440
vn 0.3030 0.3375 -0.8912
vn -0.5202 0.3730 -0.7683
vn 0.5518 -0.4114 -0.7255
vn 0.6354 -0.0454 -0.7708
vn 0.2299 0.3428 -0.9108
vn -0.2297 -0.4890 -0.8415
vn 0.1468 -0.4948 -0.8565
vn 0.7543 -0.0693 -0.6529
vn -0.3436 -0.2389 -0.9082
vn 0.5700 0.1020 -0.8153
vn 0.4598 0.3356 -0.8221
vn -0.1723 0.6140 -0.7703
vn 0.3958 0.2587 -0.8811
vn 0.1274 -0.4272 -0.8951
vn -0.0744 0.3372 -0.9385
vn -0.7060 0.0141 -0.7081
vn -0.1994 -0.2394 -0.9502
vn -0.5825 -0.4124 -0.7004
vn -0.7288 -0.3508 -0.5880
vn 0.4651 -0.3918 -0.7938
vn -0.4644 -0.2503 -0.8495
vn 0.4408 0.2910 -0.8491
vn -0.2040 -0.5139 -0.8332
vn -0.0070 0.4823 -0.8760
vn 0.3161 -0.4360 -0.8426
vn 0.2280 -0.6646 -0.7115
vn 0.0338 -0.0724 -0.9968
vn 0.0280 -0.4424 -0.8964
vn 0.2411 -0.2038 -0.9488
vn 0.6083 0.5114 -0.6069
vn -0.0079 0.5756 -0.8177
vn 0.0511 0.1206 -0.9914
vn -0.1458 -0.3438 -0.9277
vn -0.5929 0.3198 -0.7391
vn 0.1508 0.1262 -0.9805
vn 0.7549 0.1877 -0.6284
vn 0.4757 0.4704 -0.7432
vn -0.0080 0.5283 -0.8490
vn -0.5782 0.2158 -0.7868
vn -0.1017 -0.3073 -0.9462
vn -0.0229 -0.1731 -0.9846
vn -0.3562 0.4661 -0.8098
vn -0.0237 0.5992 -0.8003
vn -0.2982 0.1537 -0.9421
vn 0.0748 0.1208 -0.9899
vn 0.4299 0.5088 -0.7458
vn -0.3296 0.0204 -0.9439
vn -0.5099 0.2751 -0.8151
vn -0.0709 -0.3010 -0.9510
vn 0.0479 0.5472 -0.8357
vn 0.0516 -0.3045 -0.9511
vn 0.6532 0.4740 -0.5904
vn 0.2754 -0.1375 -0.9515
vn -0.0172 0.1707 -0.9852
vn -0.0186 0.1859 -0.9824
vn -0.2479 -0.2728 -0.9296
vn -0.6121 0.3636 -0.7022
vn 0.2162 -0.1200 -0.9689
vn 0.5847 0.5525 -0.5940
vn 0.4644 -0.0093 -0.8856
vn -0.5646 0.4391 -0.6989
vn 0.1667 0.6446 -0.7462
vn 0.1227 0.6271 -0.7692
vn 0.3408 -0.2961 -0.8923
vn -0.1282 -0.3488 -0.9284
vn 0.0534 0.3091 -0.9495
vn -0.0840 -0.2861 -0.9545
vn -0.2683 0.4783 -0.8362
vn -0.6190 -0.0887 -0.7804
vn -0.2998 0.0539 -0.9525
vn 0.4716 0.1999 -0.8589
vn 0.6222 0.0602 -0.7806
vn 0.1452 0.5776 -0.8033
vn -0.5737 0.2455 -0.7814
vn 0.5008 0.0686 -0.8628
vn 0.6089 -0.2469 -0.7539
vn -0.1663 -0.1089 -0.9800
vn -0.4253 -0.1670 -0.8895
vn 0.4503 0.3898 -0.8033
vn -0.1610 -0.5386 -0.8271
vn -0.6172 0.0232 -0.7865
vn -0.0724 -0.0505 -0.9961
vn -0.1716 0.4199 -0.8912
vn 0.0901 -0.6298 -0.7715
vn -0.0959 -0.6532 -0.7511
vn -0.5615 -0.0667 -0.8248
vn -0.1396 0.2825 -0.9491
vn 0.3659 0.3359 -0.8679
vn -0.0499 -0.2148 -0.9754
vn 0.4156 -0.0963 -0.9044
vn 0.0634 -0.7746 -0.6292
vn -0.1145 -0.7677 -0.6305
vn -0.5431 -0.1670 -0.8229
vn -0.1045 0.1593 -0.9817
vn 0.4426 0.1674 -0.8810
vn -0.0188 -0.2192 -0.9755
vn 0.4205 -0.1739 -0.8905
vn 0.0616 -0.6642 -0.7451
vn -0.1190 -0.7055 -0.6986
vn -0.5900 -0.0383 -0.8065
vn -0.0953 0.3651 -0.9261
vn 0.5140 0.3097 -0.8000
vn -0.0403 -0.1002 -0.9942
vn 0.0751 -0.5535 -0.8294
vn 0.2961 -0.4491 -0.8430
vn -0.0642 0.5198 -0.8519
vn 0.4718 0.3791 -0.7960
vn 0.3047 -0.5393 -0.7850
vn 0.2858 -0.6693 -0.6859
vn -0.4791 -0.1171 -0.8699
vn -0.5379 -0.0018 -0.8430
vn -0.4150 0.2885 -0.8629
vn -0.1940 -0.6974 -0.6899
vn 0.0221 -0.2886 -0.9572
vn -0.4072 -0.5684 -0.7149
vn -0.4656 -0.5451 -0.6971
vn 0.2050 0.1740 -0.9632
vn -0.2152 -0.7286 -0.6503
vn 0.0355 0.5504 -0.8342
vn 0.5889 -0.1521 -0.7938
vn 0.0381 -0.7143 -0.6988
vn 0.6071 -0.3907 -0.6919
vn 0.1326 0.3622 -0.9226
vn -0.3342 0.6862 -0.6461
vn -0.5191 0.7292 -0.4459
vn -0.8240 -0.0921 -0.5590
vn -0.2785 -0.6617 -0.6961
vn 0.3843 0.0509 -0.9218
vn -0.0242 -0.5871 -0.8091
vn 0.5384 -0.1921 -0.8205
vn -0.1293 -0.1533 -0.9797
vn 0.1656 0.4585 -0.8731
vn 0.3985 0.2790 -0.8737
vn 0.2878 -0.4738 -0.8323
vn 0.2042 -0.3847 -0.9002
vn 0.5089 0.4898 -0.7079
vn -0.2794 0.6829 -0.6749
vn 0.0857 0.1280 -0.9881
vn 0.7498 0.1269 -0.6494
vn -0.0918 0.8247 -0.5581
vn 0.5949 -0.1462 -0.7904
vn -0.3348 -0.0994 -0.9370
vn -0.1111 -0.3966 -0.9112
vn 0.4556 0.5371 -0.7099
vn -0.0308 0.0338 -0.9990
vn -0.4547 -0.2250 -0.8618
vn -0.0541 0.0490 -0.9973
vn 0.4651 0.4010 -0.7892
vn 0.1460 0.5643 -0.8126
vn -0.5672 -0.1376 -0.8120
vn -0.4178 0.5586 -0.7165
vn -0.3098 -0.1949 -0.9306
vn 0.5425 0.2839 -0.7906
vn -0.2582 -0.3737 -0.8909
vn -0.5817 0.3976 -0.7096
vn 0.9641 -0.0342 0.2632
vn 0.9755 -0.0504 0.2139
vn 0.8588 -0.1760 0.4812
vn 0.9862 -0.0312 0.1623
vn 0.9688 0.0323 0.2456
vn 0.8870 -0.1624 0.4322
vn -0.5691 0.0970 -0.8165
vn -0.1008 -0.5100 -0.8543
vn 0.8963 -0.3903 0.2103
vn 0.9114 -0.3953 0.1146
vn 0.9525 -0.2917 0.0873
vn 0.9841 -0.1776 0.0094
vn 0.9725 -0.2288 0.0426
vn 0.9993 0.0269 0.0260
vn 0.7782 -0.0737 0.6237
vn 0.7382 -0.0834 0.6694
vn 0.7405 -0.0235 0.6716
vn -0.0405 0.4514 0.8914
vn -0.0824 0.2360 0.9683
vn -0.1040 -0.1153 0.9879
vn -0.7885 0.2914 0.5416
vn -0.8321 -0.0325 0.5536
vn -0.7246 0.4920 0.4825
vn -0.0207 0.5594 0.8286
vn -0.7737 0.5977 0.2099
vn -0.2668 0.8193 -0.5075
vn -0.0366 0.6114 0.7905
vn -0.2048 0.8820 0.4244
vn -0.2166 0.9744 -0.0601
vn -0.1339 0.8476 -0.5135
vn -0.7565 0.6356 -0.1540
vn -0.0863 0.9940 -0.0669
vn -0.2088 0.9281 0.3083
vn -0.7625 0.6470 0.0019
vn -0.2017 0.8961 0.3953
vn -0.0022 0.8469 0.5317
vn 0.0349 0.6101 0.7916
vn 0.2947 0.6745 0.6769
vn 0.3603 0.6311 0.6870
vn 0.5777 -0.0227 0.8159
vn 0.0433 0.9667 0.2521
vn 0.5135 -0.0063 0.8581
vn -0.0728 0.9363 0.3435
vn 0.0264 0.1003 0.9946
vn -0.0407 -0.5173 0.8549
vn 0.0951 0.6490 0.7548
vn 0.6028 -0.5257 0.6002
vn -0.0748 -0.8688 0.4895
vn -0.7067 -0.2494 0.6621
vn -0.5207 0.2303 0.8221
vn -0.3794 0.6803 0.6271
vn -0.2385 0.6430 0.7278
vn 0.1762 0.8811 0.4390
vn -0.0422 0.8749 0.4825
vn -0.1285 0.8514 0.5085
vn -0.2135 0.8690 0.4463
vn -0.0068 0.9159 0.4013
vn 0.7085 0.7000 0.0897
vn 0.6851 0.7182 0.1221
vn -0.3008 0.9111 0.2818
vn -0.3509 0.9360 -0.0264
vn 0.4010 0.9010 0.1652
vn 0.7093 0.7048 0.0095
vn 0.5066 0.7827 -0.3615
vn -0.3661 0.8541 -0.3695
vn 0.6226 0.7793 -0.0711
vn 0.2169 0.9404 -0.2620
vn 0.1620 0.9420 0.2941
vn -0.2793 0.9310 -0.2350
vn -0.6061 0.7921 -0.0722
vn 0.5054 -0.1196 0.8546
vn 0.6827 -0.0464 0.7292
vn 0.8473 -0.4101 0.3374
vn -0.8177 -0.3187 0.4794
vn -0.0324 -0.3922 0.9193
vn -0.7674 -0.5192 0.3762
vn 0.8516 -0.0055 0.5242
vn 0.8592 0.0088 0.5116
vn 0.0704 -0.5501 0.8321
vn 0.0854 -0.5260 0.8462
vn -0.7075 -0.6311 0.3180
vn -0.6412 -0.6995 0.3154
vn -0.4849 -0.8030 0.3466
vn -0.2606 -0.1653 0.9512
vn -0.0876 -0.3276 0.9407
vn 0.8146 0.1122 0.5691
vn 0.6153 0.4013 0.6785
vn 0.2237 0.6959 0.6824
vn 0.0593 0.9761 0.2092
vn 0.0062 0.8049 0.5933
vn -0.0563 -0.1355 0.9892
vn 0.4045 0.8850 0.2304
vn 0.6931 0.6852 0.2239
vn 0.7092 0.6610 0.2451
vn 0.4174 0.8733 0.2511
vn 0.4729 0.8696 0.1421
vn 0.1903 0.9684 0.1614
vn 0.1201 0.9513 0.2840
vn 0.4961 0.8678 0.0293
vn -0.1172 0.9490 0.2927
vn -0.0982 0.9815 0.1641
vn 0.2119 0.9770 0.0219
vn 0.4335 0.6985 0.5694
vn 0.7092 0.6939 0.1249
vn 0.7139 0.6996 0.0303
vn 0.6269 0.5247 0.5759
vn 0.4175 0.6936 0.5870
vn 0.1566 0.8346 0.5281
vn 0.2371 0.9715 0.0063
vn 0.1637 0.8086 0.5651
vn 0.6072 0.5238 0.5974
vn 0.2273 0.9732 -0.0353
vn -0.0218 0.9997 0.0139
vn 0.0039 0.9994 -0.0331
vn 0.0760 0.8644 -0.4971
vn 0.5279 0.2810 -0.8015
vn -0.3330 0.2905 -0.8971
vn -0.2547 -0.6316 -0.7323
vn 0.0713 0.1388 -0.9877
vn -0.3457 0.9383 0.0120
vn -0.3640 0.7964 0.4830
vn -0.3546 0.8337 0.4233
vn -0.0926 0.8780 0.4697
vn -0.0862 0.8418 0.5329
vn -0.3401 0.9403 0.0082
vn -0.0652 0.9978 0.0125
vn -0.6773 0.7273 0.1105
vn -0.3867 0.9109 0.1438
vn -0.6534 0.7570 0.0041
vn -0.6870 0.7004 0.1934
vn -0.3839 0.8883 0.2519
vn -0.8628 0.4791 0.1612
vn -0.8611 0.4833 0.1579
vn -0.6916 0.6866 0.2242
vn -0.9072 0.4071 0.1058
vn -0.8199 0.1880 0.5407
vn -0.7103 0.3798 0.5926
vn -0.8448 0.1426 0.5158
vn -0.9422 0.3267 0.0742
vn -0.9132 0.3753 0.1586
vn -0.9455 0.2774 0.1704
vn -0.8624 0.5015 0.0693
vn -0.9204 0.3903 0.0242
vn -0.1613 -0.5292 0.8330
vn -0.2474 -0.4539 0.8560
vn -0.4049 0.6746 0.6172
vn -0.0118 -0.2361 0.9717
vn 0.3863 -0.8610 0.3308
vn 0.2792 -0.8931 0.3528
vn 0.2000 -0.1179 0.9727
vn -0.0944 -0.9246 0.3691
vn -0.0814 0.8188 0.5682
vn -0.1647 0.9667 0.1960
vn -0.4013 0.8880 0.2245
vn 0.7454 0.2825 0.6038
vn 0.7628 0.2976 0.5741
vn 0.8322 0.0859 0.5478
vn 0.9801 0.1986 0.0012
vn 0.8830 0.4691 0.0172
vn 0.9779 0.1970 0.0699
vn 0.8796 0.4637 0.1062
vn 0.9632 0.1866 0.1937
vn 0.8783 0.4268 0.2155
vn 0.9515 0.2505 0.1784
vn 0.8844 0.4053 0.2314
vn 0.9828 0.1608 0.0908
vn 0.9916 0.0596 0.1145
vn 0.9995 -0.0189 0.0246
vn 0.8242 -0.0292 0.5656
vn 0.9991 0.0246 0.0354
vn 0.2782 -0.9564 0.0892
vn 0.5485 -0.8336 0.0652
vn 0.0972 -0.9942 0.0457
vn 0.4290 0.0199 0.9031
vn -0.0634 -0.9837 0.1684
vn 0.0461 0.1885 0.9810
vn 0.4273 0.2717 0.8623
vn 0.6764 0.2269 0.7007
vn 0.9242 0.2337 0.3021
vn 0.8046 -0.5896 -0.0707
vn 0.5964 -0.5413 0.5927
vn -0.1109 -0.9547 0.2761
vn -0.4977 -0.7433 0.4471
vn -0.0640 -0.8052 0.5895
vn -0.7879 -0.4272 0.4435
vn -0.7432 -0.3712 0.5566
vn 0.6664 -0.0653 0.7428
vn 0.4862 0.4716 0.7357
vn 0.6784 0.4852 0.5517
vn 0.3665 -0.8863 0.2831
vn -0.3131 -0.6426 0.6993
vn -0.0175 -0.4955 0.8684
vn 0.5412 -0.4630 0.7019
vn -0.0999 0.4550 0.8849
vn -0.4287 0.3976 0.8112
vn -0.4129 0.3133 0.8552
vn -0.1441 -0.7738 0.6168
vn -0.3537 -0.6991 0.6214
vn 0.7979 -0.5479 0.2515
vn 0.7082 -0.5910 0.3862
vn 0.6609 -0.6448 0.3839
vn -0.0004 -0.3374 -0.9414
vn 0.4670 -0.5088 -0.7232
vn -0.0039 -0.7139 -0.7002
vn 0.0029 -0.8335 -0.5526
vn -0.0323 -0.7216 -0.6916
vn 0.3988 -0.2301 -0.8877
vn -0.0105 -0.1026 -0.9947
vn -0.1179 -0.4179 -0.9008
vn -0.5162 -0.6785 -0.5227
vn 0.1076 -0.9942 -0.0038
vn 0.4193 -0.8087 -0.4126
vn -0.2090 -0.9768 0.0464
vn 0.1029 -0.9786 -0.1784
vn 0.1307 -0.9753 -0.1782
vn 0.0939 -0.9879 -0.1236
vn 0.1312 -0.8764 -0.4633
vn 0.4776 -0.8440 -0.2439
vn -0.2577 -0.9299 -0.2623
vn 0.0529 -0.9919 0.1156
vn -0.0266 -0.9986 0.0461
vn 0.2003 -0.9791 0.0365
vn 0.1065 -0.9685 0.2252
vn 0.2656 -0.9565 0.1205
vn -0.4483 -0.8938 0.0132
vn 0.2606 -0.9571 -0.1268
vn 0.4987 -0.5514 0.6687
vn -0.0321 -0.2911 0.9562
vn -0.2082 -0.9730 0.0993
vn 0.4711 -0.4342 0.7678
vn -0.2455 -0.9573 -0.1528
vn -0.5842 -0.7402 0.3329
vn 0.2539 -0.7873 -0.5619
vn 0.3175 -0.9071 0.2764
vn -0.2078 -0.8249 -0.5257
vn -0.2084 -0.9582 -0.1961
vn -0.5588 -0.8242 0.0916
vn -0.1938 -0.9777 0.0814
vn 0.2086 -0.9696 -0.1276
vn -0.4770 -0.6394 -0.6030
vn -0.1398 -0.6172 -0.7743
vn -0.1608 -0.9811 -0.1077
vn -0.1392 -0.9494 0.2815
vn 0.4540 -0.8895 -0.0517
vn 0.0379 -0.4203 -0.9066
vn -0.1302 -0.8610 -0.4917
vn 0.3541 -0.4282 -0.8314
vn -0.2454 -0.9680 -0.0520
vn 0.2726 -0.8604 -0.4305
vn 0.3433 -0.1689 -0.9239
vn -0.1481 -0.7740 -0.6156
vn -0.0314 -0.2982 -0.9540
vn -0.5502 -0.8068 -0.2154
vn -0.0761 -0.4229 -0.9030
vn 0.0357 -0.3674 -0.9294
vn -0.6456 -0.7636 -0.0130
vn 0.0262 -0.6541 -0.7559
vn -0.0431 -0.6308 -0.7747
vn -0.1717 -0.8737 -0.4553
vn -0.0616 -0.3178 -0.9462
vn -0.1447 -0.3165 -0.9375
vn -0.3294 -0.8610 -0.3876
vn -0.1340 -0.4811 -0.8664
vn -0.0680 -0.6472 -0.7592
vn -0.4293 -0.6591 -0.6174
vn -0.1056 -0.4903 -0.8651
vn -0.6133 -0.3945 -0.6842
vn -0.5247 -0.2365 -0.8178
vn -0.5575 -0.4925 -0.6683
vn -0.6395 -0.7649 0.0764
vn 0.7269 -0.6727 0.1379
vn 0.5097 -0.4852 -0.7105
vn 0.4436 0.1615 -0.8815
vn -0.0260 -0.4891 -0.8719
vn 0.7560 -0.0302 -0.6539
vn 0.2040 0.6159 -0.7610
vn -0.2845 -0.5079 -0.8131
vn 0.6237 0.2803 -0.7296
vn 0.6007 -0.0675 -0.7966
vn -0.5427 0.1620 -0.8241
vn -0.0388 0.0386 -0.9985
vn -0.4447 0.5070 -0.7384
vn 0.0914 -0.4858 -0.8693
vn 0.6143 0.1986 -0.7637
vn 0.6054 0.1966 -0.7713
vn -0.5918 -0.1788 -0.7860
vn -0.1167 0.5118 -0.8512
vn -0.2005 0.5156 -0.8330
vn -0.5424 0.0551 -0.8383
vn -0.0920 0.6232 -0.7767
vn -0.6471 -0.0825 -0.7579
vn -0.4517 -0.2785 -0.8476
vn -0.5890 -0.0174 -0.8080
vn 0.3079 0.5530 -0.7742
vn 0.2531 0.9197 -0.3003
vn -0.1446 0.6785 -0.7202
vn -0.4591 -0.1416 -0.8770
vn -0.1090 -0.4766 -0.8723
vn 0.1801 -0.6245 -0.7600
vn 0.1045 -0.2395 -0.9653
vn 0.0898 -0.6962 -0.7122
vn 0.2957 -0.9489 0.1106
vn -0.1937 -0.9786 0.0692
vn -0.2207 0.2674 0.9380
vn -0.1671 0.1760 0.9701
vn -0.2942 0.5160 0.8044
vn -0.3614 -0.5681 0.7394
vn -0.4403 -0.8459 0.3009
vn -0.1715 -0.7347 0.6564
vn -0.6196 -0.7152 0.3232
vn -0.7409 -0.4692 0.4804
vn -0.0807 0.3120 0.9466
vn 0.3840 -0.6464 0.6593
vn 0.2958 -0.7386 0.6058
vn 0.4780 -0.4671 0.7439
vn -0.7068 0.4100 0.5765
vn -0.6625 0.0099 0.7490
vn -0.3342 0.8923 0.3036
vn 0.1962 -0.7850 0.5876
vn 0.2311 0.9718 0.0464
vn 0.0914 -0.8085 0.5814
vn 0.1620 0.8930 -0.4200
vn 0.0435 0.9969 -0.0652
vn 0.6589 0.3103 0.6852
vn 0.0199 -0.8088 0.5878
vn -0.0587 -0.7922 0.6075
vn 0.6086 0.2865 0.7400
vn -0.5166 -0.3143 0.7964
vn -0.5720 -0.2035 0.7946
vn 0.5466 -0.2324 0.8045
vn 0.5777 -0.0131 0.8162
vn -0.6206 -0.0826 0.7798
vn 0.5919 0.1804 0.7855
vn 0.5706 0.7564 0.3197
vn 0.4010 0.8657 0.2996
vn 0.2742 0.9404 0.2013
vn 0.0900 0.9903 0.1059
vn -0.2586 0.9623 0.0844
vn -0.5422 0.8251 0.1589
vn -0.6509 0.7177 0.2473
vn -0.7185 0.6445 0.2614
vn -0.9448 0.2470 0.2154
vn -0.7122 0.7001 0.0513
vn 0.7885 0.2915 0.5415
vn 0.7247 0.4921 0.4824
vn 0.7737 0.5979 0.2098
vn 0.0206 0.5595 0.8286
vn 0.0405 0.4516 0.8913
vn -0.6827 -0.0462 0.7292
vn 0.0364 0.6115 0.7904
vn -0.7406 -0.0234 0.6716
vn -0.8473 -0.4101 0.3375
vn -0.7382 -0.0833 0.6694
vn -0.9114 -0.3953 0.1146
vn -0.8964 -0.3903 0.2102
vn -0.8118 -0.4164 0.4095
vn -0.8830 -0.3627 0.2978
vn -0.7864 -0.4377 0.4358
vn -0.7978 -0.4066 0.4451
vn -0.8190 -0.5133 0.2565
vn -0.8635 -0.1242 0.4888
vn -0.8670 0.0425 0.4965
vn -0.5593 -0.8289 -0.0114
vn -0.8815 -0.4702 -0.0448
vn -0.2787 -0.9563 0.0888
vn -0.0979 -0.9942 0.0454
vn -0.5487 -0.8334 0.0655
vn -0.4294 0.0198 0.9029
vn 0.0623 -0.9838 0.1681
vn -0.0473 0.1883 0.9810
vn -0.4279 0.2716 0.8620
vn -0.6764 0.2271 0.7006
vn -0.3114 -0.9350 0.1697
vn 0.1484 -0.9862 0.0730
vn -0.9242 0.2337 0.3021
vn 0.2965 -0.8884 0.3505
vn 0.2494 -0.8816 0.4006
vn -0.2557 -0.6394 0.7251
vn 0.1350 -0.9450 0.2979
vn -0.1790 -0.9387 0.2947
vn 0.0054 -0.9715 0.2368
vn -0.6980 -0.4541 0.5537
vn -0.7163 -0.5512 0.4279
vn -0.5854 -0.6183 0.5245
vn -0.5923 -0.6369 0.4936
vn -0.1191 -0.1138 0.9863
vn -0.7499 -0.4203 0.5109
vn 0.1422 -0.5774 0.8040
vn 0.4976 -0.7430 0.4476
vn 0.1254 -0.8665 0.4832
vn 0.7427 -0.3724 0.5565
vn 0.8943 -0.2903 0.3406
vn 0.1614 -0.8995 0.4060
vn 0.7082 -0.6102 0.3550
vn 0.1130 -0.8602 0.4972
vn -0.6078 -0.7469 0.2696
vn -0.4005 -0.7082 0.5814
vn 0.0450 0.0469 0.9979
vn 0.5524 -0.6340 0.5412
vn -0.0182 0.2438 0.9697
vn 0.3317 -0.7686 0.5470
vn 0.4964 -0.7565 0.4258
vn -0.1365 0.1964 0.9710
vn 0.2404 0.2586 0.9356
vn 0.0205 0.4106 0.9116
vn -0.4091 -0.2769 0.8695
vn -0.0356 -0.6683 0.7431
vn 0.4425 -0.7558 0.4827
vn 0.1453 0.3163 0.9375
vn -0.0980 0.1842 0.9780
vn -0.0693 0.0333 0.9970
vn 0.5232 -0.8081 0.2706
vn 0.2739 0.2499 0.9287
vn -0.1765 -0.9114 0.3718
vn -0.1145 -0.1335 0.9844
vn 0.2636 -0.2532 0.9308
vn -0.0925 -0.8967 0.4328
vn 0.2714 -0.5933 0.7579
vn 0.0714 -0.8975 0.4353
vn 0.5704 0.3807 0.7278
vn 0.8309 0.2467 0.4988
vn 0.9492 -0.2769 0.1493
vn 0.8987 0.1289 0.4192
vn 0.9206 -0.3398 0.1925
vn 0.7267 0.2945 0.6206
vn 0.8714 -0.1135 0.4773
vn 0.9830 -0.1573 0.0951
vn 0.5861 -0.8090 0.0451
vn 0.1897 0.1252 0.9738
vn 0.0151 -0.9366 0.3501
vn -0.0136 0.0250 0.9996
vn 0.3012 0.3145 0.9002
vn 0.7030 -0.5716 0.4233
vn 0.7484 -0.3009 0.5912
vn -0.1308 -0.8783 0.4599
vn 0.7903 -0.4244 0.4420
vn 0.0632 -0.8059 0.5887
vn 0.1069 -0.9555 0.2750
vn 0.2784 -0.9424 0.1854
vn 0.6742 0.3935 0.6250
vn 0.5465 0.2756 0.7908
vn 0.6817 -0.7243 0.1034
vn 0.4590 -0.5190 0.7211
vn 0.7592 -0.3277 0.5623
vn 0.5991 -0.7774 0.1916
vn 0.2372 -0.1263 0.9632
vn 0.0185 -0.2902 0.9568
vn -0.1323 0.0647 0.9891
vn 0.0045 -0.0371 0.9993
vn 0.0182 -0.4159 0.9092
vn -0.2496 -0.5693 0.7833
vn -0.1417 -0.0512 0.9886
vn -0.4371 -0.4363 0.7865
vn -0.5070 0.1043 0.8556
vn -0.4946 -0.4762 0.7270
vn -0.6030 0.0471 0.7963
vn -0.8488 0.2152 0.4830
vn -0.5054 -0.1194 0.8546
vn -0.5134 -0.0059 0.8581
vn -0.6028 -0.5257 0.6002
vn -0.5777 -0.0223 0.8159
vn -0.2946 0.6746 0.6768
vn -0.0350 0.6103 0.7914
vn 0.0021 0.8470 0.5316
vn 0.2017 0.8961 0.3953
vn 0.2089 0.9281 0.3082
vn 0.2045 0.8821 0.4243
vn 0.0865 0.9940 -0.0673
vn 0.2165 0.9744 -0.0603
vn 0.1340 0.8474 -0.5138
vn 0.7567 0.6354 -0.1542
vn 0.7625 0.6470 0.0018
vn 0.6062 0.7920 -0.0723
vn 0.0727 0.9364 0.3434
vn 0.2793 0.9310 -0.2352
vn -0.2169 0.9403 -0.2621
vn -0.0434 0.9667 0.2521
vn -0.3602 0.6313 0.6868
vn -0.1621 0.9420 0.2939
vn -0.0953 0.6491 0.7547
vn 0.2387 0.6433 0.7275
vn -0.0265 0.1003 0.9946
vn 0.5208 0.2302 0.8221
vn 0.0406 -0.5172 0.8549
vn 0.7066 -0.2494 0.6622
vn 0.0747 -0.8687 0.4897
vn 0.5034 -0.3088 0.8069
vn 0.7988 -0.1901 0.5708
vn 0.1963 -0.0152 0.9804
vn 0.3957 0.0426 0.9174
vn 0.3473 0.0500 0.9364
vn 0.6365 -0.7626 0.1150
vn 0.8388 -0.5443 0.0082
vn 0.7006 0.2892 0.6523
vn 0.7217 -0.6800 -0.1296
vn 0.8580 -0.3779 -0.3479
vn 0.9836 -0.1520 0.0972
vn 0.7530 0.6058 0.2569
vn 0.9020 0.3297 0.2788
vn 0.7903 0.2882 0.5408
vn 0.4759 -0.1657 0.8637
vn 0.7041 0.0848 0.7050
vn 0.9449 -0.1902 0.2663
vn 0.6217 0.3239 0.7131
vn 0.9664 -0.0454 0.2530
vn 0.9617 -0.0804 0.2622
vn 0.9304 -0.1253 0.3445
vn 0.9539 0.1196 0.2751
vn 0.9111 -0.1388 0.3882
vn 0.7839 -0.5556 -0.2772
vn 0.5946 0.5396 0.5961
vn 0.7495 0.6141 0.2473
vn 0.5547 -0.7747 0.3036
vn 0.5747 0.1690 0.8007
vn 0.4060 -0.8373 0.3663
vn 0.6053 -0.7775 0.1704
vn 0.4713 -0.0581 0.8800
vn 0.9654 0.0220 0.2598
vn 0.9837 0.1472 0.1036
vn 0.9429 0.0473 0.3298
vn 0.9839 0.0834 0.1582
vn 0.9735 0.0714 0.2173
vn 0.9702 0.1326 0.2026
vn 0.9809 0.0503 0.1881
vn 0.9923 0.0663 0.1044
vn 0.7614 0.3031 0.5731
vn 0.8205 0.2178 0.5285
vn -0.2690 0.3754 0.8870
vn -0.3263 0.4964 0.8045
vn -0.3826 0.6681 0.6382
vn -0.9595 0.2398 0.1482
vn -0.4010 0.9011 0.1651
vn 0.0067 0.9160 0.4012
vn 0.3008 0.9112 0.2815
vn 0.3509 0.9360 -0.0266
vn 0.3662 0.8540 -0.3696
vn -0.3483 0.8645 -0.3625
vn -0.0477 0.9075 -0.4173
vn -0.5065 0.7827 -0.3617
vn -0.7093 0.7048 0.0094
vn -0.6851 0.7181 0.1222
vn 0.2134 0.8690 0.4464
vn -0.7083 0.7002 0.0897
vn 0.0424 0.8750 0.4823
vn 0.1283 0.8514 0.5086
vn 0.3794 0.6804 0.6270
vn 0.0354 0.6890 0.7239
vn 0.3206 0.2276 0.9195
vn 0.7115 0.1535 0.6857
vn 0.3150 -0.2477 0.9162
vn -0.1760 0.8813 0.4385
vn -0.6224 0.7794 -0.0714
vn -0.9568 0.1306 0.2596
vn -0.2293 0.0432 0.9724
vn -0.9065 -0.0816 0.4142
vn -0.8494 -0.2886 0.4419
vn -0.1789 -0.2443 0.9531
vn -0.7908 -0.4475 0.4175
vn -0.0813 -0.3920 0.9164
vn -0.7189 -0.5917 0.3647
vn 0.8628 0.1178 0.4916
vn 0.8564 0.1370 0.4978
vn 0.0312 -0.5136 0.8575
vn 0.9889 0.1404 0.0483
vn 0.9708 0.2361 0.0414
vn 0.8566 0.1428 0.4959
vn 0.9455 0.2774 0.1705
vn 0.9657 0.1875 0.1795
vn 0.9422 0.3266 0.0746
vn 0.9681 0.1604 0.1924
vn 0.9492 0.3147 -0.0033
vn 0.9808 0.1833 0.0672
vn 0.9717 0.2352 0.0196
vn 0.9777 0.2100 0.0094
vn 0.9623 0.2719 -0.0105
vn 0.9488 0.3149 -0.0258
vn 0.9852 0.1342 0.1071
vn 0.9119 0.1894 0.3640
vn 0.8812 0.2354 0.4099
vn 0.9888 0.1470 0.0248
vn 0.8621 0.2606 0.4346
vn 0.8908 0.2422 0.3844
vn 0.9262 0.1816 0.3304
vn 0.9551 0.1317 0.2655
vn 0.9658 0.2550 -0.0471
vn 0.9809 0.1454 -0.1289
vn 0.9758 0.0977 -0.1955
vn 0.8886 0.0773 -0.4522
vn 0.7680 -0.1785 -0.6150
vn 0.8618 0.0307 -0.5063
vn 0.2093 -0.4753 -0.8546
vn 0.1421 -0.6086 -0.7807
vn 0.5662 0.1856 -0.8031
vn 0.0547 0.0084 -0.9985
vn 0.5654 -0.3963 -0.7234
vn 0.3995 -0.2403 -0.8847
vn 0.3878 -0.3945 -0.8331
vn 0.2179 0.0514 -0.9746
vn 0.4731 -0.4759 -0.7414
vn 0.0960 -0.6532 -0.7511
vn 0.5615 -0.0668 -0.8248
vn 0.0501 -0.2146 -0.9754
vn 0.4141 -0.2919 -0.8621
vn 0.1145 -0.7678 -0.6303
vn -0.1090 0.4050 -0.9078
vn -0.3867 0.4303 -0.8156
vn 0.4253 -0.1670 -0.8895
vn 0.6171 0.0232 -0.7865
vn 0.0726 -0.0504 -0.9961
vn -0.4502 0.3897 -0.8034
vn 0.0919 0.8247 -0.5581
vn 0.2984 0.5166 -0.8025
vn -0.6095 0.1062 -0.7856
vn -0.2126 0.7270 -0.6529
vn -0.4045 -0.1815 -0.8964
vn 0.3988 0.4975 -0.7703
vn 0.2638 0.5430 -0.7972
vn 0.5285 0.0865 -0.8445
vn -0.1050 -0.3768 -0.9203
vn 0.5195 0.4857 -0.7030
vn 0.7923 0.3627 -0.4906
vn 0.7740 0.4310 -0.4638
vn 0.5846 0.3982 -0.7069
vn 0.0727 0.7274 -0.6824
vn -0.6655 0.2674 -0.6968
vn 0.2386 0.3775 -0.8947
vn -0.0643 -0.4212 -0.9047
vn 0.4631 0.5811 -0.6692
vn 0.5464 0.4442 -0.7100
vn -0.0020 0.1395 -0.9902
vn 0.6672 0.0323 -0.7442
vn -0.6693 0.2123 -0.7120
vn -0.1129 -0.4406 -0.8906
vn 0.5934 -0.0401 -0.8039
vn 0.3042 -0.2877 -0.9081
vn -0.1940 -0.4004 -0.8956
vn -0.6013 -0.1122 -0.7911
vn -0.0855 0.1278 -0.9881
vn -0.0594 0.0748 -0.9954
vn -0.5947 -0.1461 -0.7905
vn -0.7497 0.1270 -0.6495
vn 0.2795 0.6827 -0.6751
vn 0.3350 -0.0998 -0.9369
vn 0.1115 -0.3967 -0.9112
vn 0.0309 0.0337 -0.9990
vn -0.1460 0.5642 -0.8126
vn 0.0542 0.0491 -0.9973
vn 0.5678 -0.1378 -0.8116
vn 0.0960 0.1034 -0.9900
vn -0.4652 0.4009 -0.7892
vn 0.4550 -0.2253 -0.8615
vn 0.0934 -0.4183 -0.9035
vn 0.3094 -0.1947 -0.9308
vn -0.5427 0.2840 -0.7905
vn -0.3015 -0.1573 -0.9404
vn -0.0137 -0.4890 -0.8722
vn 0.1472 -0.4677 -0.8715
vn 0.3980 -0.4755 -0.7845
vn -0.1210 0.6446 -0.7549
vn -0.4355 -0.3107 -0.8449
vn 0.4350 -0.4362 -0.7877
vn 0.5065 0.2170 -0.8345
vn -0.1597 0.0714 -0.9846
vn -0.0887 -0.7127 -0.6958
vn -0.1604 -0.3525 -0.9220
vn -0.4121 0.0478 -0.9099
vn -0.4894 -0.4869 -0.7235
vn 0.0244 -0.0161 -0.9996
vn -0.2792 0.4555 -0.8453
vn -0.0967 0.2767 -0.9561
vn -0.5099 0.3877 -0.7679
vn -0.1183 0.3371 -0.9340
vn -0.0031 0.0131 -0.9999
vn 0.1685 -0.3704 -0.9135
vn -0.2428 0.4020 -0.8829
vn 0.0180 0.0173 -0.9997
vn -0.5335 -0.3692 -0.7610
vn 0.4683 0.2857 -0.8361
vn -0.2038 0.6158 -0.7611
vn -0.7555 -0.0320 -0.6544
vn -0.4518 -0.3471 -0.8218
vn -0.0339 -0.0325 -0.9989
vn -0.0407 0.4287 -0.9025
vn -0.4445 0.1553 -0.8822
vn -0.1006 0.0624 -0.9930
vn 0.0743 0.3372 -0.9385
vn 0.7029 -0.0014 -0.7113
vn 0.3491 -0.2464 -0.9041
vn -0.1375 -0.4939 -0.8586
vn 0.4139 0.2131 -0.8850
vn -0.3808 -0.4531 -0.8061
vn 0.0259 -0.4891 -0.8718
vn 0.0679 -0.6591 -0.7490
vn 0.4401 -0.3032 -0.8452
vn 0.1815 -0.4476 -0.8756
vn -0.1990 -0.4663 -0.8620
vn -0.2554 -0.6860 -0.6813
vn 0.4519 -0.4424 -0.7746
vn 0.0656 -0.5048 -0.8607
vn -0.1612 0.0208 -0.9867
vn -0.0043 0.1089 -0.9940
vn -0.0453 0.2589 -0.9649
vn -0.0956 0.0919 -0.9912
vn -0.3474 -0.1160 -0.9305
vn -0.2547 -0.0465 -0.9659
vn -0.5781 -0.0783 -0.8122
vn -0.1765 -0.5988 -0.7812
vn 0.3968 0.0765 -0.9147
vn 0.4859 -0.3879 -0.7832
vn 0.0015 -0.3429 -0.9394
vn -0.0212 -0.4068 -0.9133
vn -0.0580 -0.4278 -0.9020
vn 0.0587 -0.2984 -0.9526
vn 0.0107 -0.1026 -0.9947
vn 0.3902 0.0453 -0.9196
vn -0.0593 -0.5113 -0.8574
vn 0.2540 -0.5417 -0.8013
vn 0.0322 -0.7214 -0.6918
vn 0.0732 -0.6647 -0.7435
vn 0.0503 -0.4565 -0.8883
vn -0.1956 -0.4386 -0.8772
vn -0.5164 -0.6142 -0.5968
vn -0.0337 -0.6982 -0.7152
vn -0.6998 -0.4887 -0.5210
vn -0.1253 -0.8912 -0.4360
vn 0.0800 -0.8170 -0.5710
vn 0.0016 -0.5418 -0.8405
vn 0.4464 -0.3523 -0.8225
vn 0.1319 -0.8935 -0.4292
vn 0.0958 -0.7392 -0.6667
vn -0.4243 -0.8263 -0.3704
vn 0.0082 -0.6205 -0.7841
vn -0.0033 -0.8338 -0.5520
vn -0.0003 -0.3378 -0.9412
vn -0.0785 -0.8238 -0.5614
vn -0.4674 -0.5088 -0.7229
vn -0.0071 -0.5146 -0.8574
vn -0.0664 -0.7635 -0.6423
vn -0.6400 -0.7027 -0.3108
vn -0.1041 -0.5470 -0.8307
vn 0.1642 -0.6040 -0.7799
vn 0.1642 -0.5147 -0.8415
vn 0.0037 -0.7137 -0.7005
vn -0.0121 -0.3614 -0.9323
vn 0.1141 -0.4969 -0.8603
vn -0.0888 -0.8359 -0.5416
vn -0.4246 -0.9005 -0.0938
vn 0.3134 -0.8229 -0.4739
vn -0.3831 -0.9134 -0.1379
vn -0.7081 -0.5911 0.3862
vn -0.7757 -0.5013 0.3833
vn -0.0957 -0.9189 -0.3827
vn -0.6837 -0.6947 0.2236
vn -0.7977 -0.5479 0.2518
vn -0.8319 -0.4271 0.3542
vn -0.9099 -0.2737 0.3117
vn -0.7272 -0.4726 -0.4977
vn -0.8329 -0.4439 0.3304
vn -0.8570 -0.4303 0.2835
vn -0.8840 -0.2794 0.3747
vn -0.7881 -0.5782 0.2111
vn -0.9221 -0.1019 0.3733
vn -0.9485 -0.0967 0.3016
vn -0.8916 -0.2939 0.3444
vn -0.6979 -0.2421 0.6740
vn -0.7177 -0.1661 0.6763
vn -0.9239 -0.1417 0.3555
vn -0.9400 -0.0470 0.3379
vn -0.9306 -0.0205 0.3655
vn -0.7541 -0.1130 0.6469
vn -0.7970 -0.1241 0.5911
vn -0.4699 -0.1417 0.8713
vn -0.4385 -0.1711 0.8823
vn -0.1712 -0.1724 0.9700
vn -0.4806 -0.3037 0.8227
vn -0.6682 -0.3070 0.6777
vn -0.4120 -0.5054 0.7581
vn 0.0035 -0.1957 0.9807
vn -0.0566 -0.7259 0.6854
vn 0.0366 -0.1790 0.9832
vn -0.4216 -0.1595 0.8926
vn -0.1430 -0.1363 0.9803
vn 0.0861 -0.7101 0.6988
vn 0.1422 -0.7731 0.6182
vn -0.5743 -0.6748 0.4635
vn -0.0882 -0.7981 0.5960
vn 0.3467 -0.6998 0.6245
vn 0.0841 0.4475 0.8903
vn 0.0001 0.2599 0.9656
vn -0.0160 0.2434 0.9698
vn -0.2016 0.3141 0.9277
vn -0.2548 0.1633 0.9531
vn 0.6013 -0.6244 0.4985
vn 0.4263 0.4021 0.8103
vn 0.4132 0.3235 0.8513
vn 0.5897 0.0195 0.8074
vn 0.5964 -0.3581 0.7183
vn 0.6102 -0.1526 0.7774
vn 0.7642 -0.2168 0.6074
vn 0.5278 -0.3560 0.7711
vn 0.7594 -0.5307 0.3763
vn 0.3016 -0.8484 0.4351
vn -0.2502 -0.3584 0.8994
vn -0.0822 -0.1815 0.9800
vn -0.4027 -0.7182 0.5674
vn -0.2230 -0.1938 0.9554
vn -0.0572 -0.5359 0.8424
vn 0.4845 -0.3245 0.8124
vn -0.0360 0.0603 0.9975
vn -0.0471 0.0796 0.9957
vn -0.3138 -0.8264 0.4676
vn 0.0289 -0.0011 0.9996
vn 0.1154 -0.9234 0.3660
vn 0.1488 -0.6639 0.7329
vn 0.3602 -0.8047 0.4719
vn 0.0906 -0.9541 0.2854
vn -0.0142 -0.8862 0.4631
vn 0.4856 -0.2121 0.8481
vn 0.0032 0.1852 0.9827
vn -0.2942 -0.2667 0.9178
vn -0.2822 -0.8838 0.3732
vn -0.4705 -0.3727 0.7998
vn -0.4159 0.5979 0.6852
vn -0.1153 0.5344 0.8373
vn -0.0253 -0.2978 0.9543
vn -0.1011 -0.9082 0.4062
vn -0.4590 -0.8470 0.2682
vn -0.2110 -0.9172 0.3381
vn -0.0052 -0.3494 0.9370
vn -0.1240 -0.3767 0.9180
vn -0.2149 0.5092 0.8334
vn -0.5082 -0.3716 0.7770
vn -0.5659 -0.7817 0.2622
vn -0.7651 -0.4679 0.4424
vn -0.7582 -0.5577 0.3378
vn -0.7217 -0.2032 0.6617
vn -0.7700 0.0320 0.6373
vn 0.2082 -0.5727 0.7929
vn -0.2512 0.2664 0.9306
vn -0.3838 0.4996 0.7766
vn -0.4885 -0.8172 0.3059
vn -0.1039 -0.9205 0.3767
vn 0.0110 -0.9051 0.4250
vn -0.1102 0.3272 0.9385
vn -0.7386 -0.5303 0.4162
vn -0.7028 -0.6465 0.2968
vn -0.4601 -0.8724 0.1647
vn -0.8262 -0.1760 0.5351
vn -0.0264 -0.4346 0.9002
vn 0.1897 -0.6746 0.7134
vn -0.7637 -0.0425 0.6442
vn -0.8102 -0.3260 0.4871
vn -0.6474 -0.7377 0.1914
vn -0.2435 0.0933 0.9654
vn -0.3158 -0.0003 0.9488
vn -0.8046 -0.5896 -0.0707
vn 0.4094 -0.8664 0.2859
vn 0.4706 -0.7501 0.4646
vn 0.4240 0.0713 0.9028
vn -0.9318 -0.2669 0.2462
vn -0.9301 -0.1918 0.3133
vn -0.7749 -0.3034 0.5545
vn -0.9861 -0.1647 0.0203
vn -0.9120 -0.1587 0.3783
vn -0.9958 -0.0689 0.0608
vn -0.9604 -0.2482 0.1267
vn -0.9740 -0.2263 0.0084
vn -0.9815 -0.1658 0.0958
vn -0.9913 -0.0238 0.1296
vn -0.9899 0.0137 0.1413
vn -0.9997 0.0170 0.0169
vn -0.9929 0.0814 0.0864
vn -0.8014 0.1248 -0.5850
vn -0.9868 -0.1581 -0.0348
vn -0.8262 -0.1414 -0.5454
vn -0.8026 0.2538 -0.5398
vn -0.5200 0.3452 -0.7813
vn -0.5289 0.1805 -0.8293
vn -0.7793 0.2531 -0.5732
vn -0.6100 0.3407 -0.7154
vn -0.6127 0.0010 -0.7903
vn 0.1541 -0.3090 -0.9385
vn -0.6589 0.2931 -0.6928
vn -0.1808 0.5222 -0.8334
vn -0.0712 0.0886 -0.9935
vn -0.8834 0.2039 -0.4220
vn -0.8533 -0.0062 -0.5214
vn -0.5935 -0.1869 -0.7828
vn 0.6073 0.3081 -0.7323
vn -0.0165 0.0070 -0.9998
vn -0.1748 0.5640 -0.8070
vn -0.6451 -0.2141 -0.7335
vn -0.9636 0.0631 0.2597
vn -0.9711 0.0981 0.2175
vn -0.9299 -0.0037 0.3678
vn -0.9688 0.0323 0.2456
vn -0.9641 -0.0344 0.2632
vn -0.9756 -0.0508 0.2137
vn -0.9107 -0.0070 0.4131
vn -0.9299 0.0226 0.3670
vn -0.9213 0.0127 0.3886
vn -0.9515 -0.0104 0.3076
vn -0.9411 0.0119 0.3380
vn -0.9500 -0.0341 0.3104
vn -0.9078 -0.0471 -0.4168
vn -0.7422 0.0682 -0.6667
vn -0.8037 0.3498 -0.4814
vn -0.2557 0.4931 -0.8315
vn -0.8450 -0.3100 -0.4358
vn -0.5060 -0.3731 -0.7777
vn 0.3194 0.0848 -0.9438
vn -0.3040 0.3381 -0.8906
vn -0.7641 -0.0722 -0.6411
vn -0.0969 -0.4118 -0.9061
vn -0.5523 -0.4112 -0.7252
vn 0.1705 -0.4491 -0.8771
vn 0.1880 0.2612 -0.9468
vn 0.0018 0.0971 -0.9953
vn -0.4084 -0.5056 -0.7600
vn 0.3631 -0.5669 -0.7395
vn 0.4364 0.2561 -0.8625
vn 0.1674 -0.4352 -0.8846
vn -0.0955 -0.5907 -0.8012
vn -0.5849 -0.0131 -0.8110
vn -0.0189 0.2342 -0.9720
vn 0.5902 -0.3627 -0.7212
vn 0.3251 -0.5575 -0.7639
vn 0.5997 0.2013 -0.7745
vn 0.1174 -0.4178 -0.9009
vn -0.3987 -0.2300 -0.8878
vn -0.3768 -0.5302 -0.7596
vn -0.2805 0.0570 -0.9582
vn 0.5205 0.3733 -0.7679
vn -0.6346 -0.0460 -0.7714
vn -0.2300 0.3423 -0.9110
vn 0.2287 -0.4891 -0.8417
vn -0.7510 -0.0690 -0.6566
vn -0.5616 0.1019 -0.8211
vn -0.4538 0.3304 -0.8276
vn 0.1765 0.6068 -0.7750
vn -0.3967 0.2581 -0.8809
vn -0.1277 -0.4277 -0.8948
vn 0.1998 -0.2400 -0.9500
vn 0.2583 -0.3737 -0.8908
vn -0.4408 0.2911 -0.8491
vn 0.5830 -0.4120 -0.7003
vn -0.4647 -0.3915 -0.7942
vn 0.2033 -0.5148 -0.8329
vn 0.0068 0.4822 -0.8760
vn 0.4633 -0.2505 -0.8501
vn -0.0336 -0.0724 -0.9968
vn -0.3156 -0.4365 -0.8425
vn -0.0279 -0.4423 -0.8964
vn -0.2411 -0.2039 -0.9488
vn -0.6082 0.5113 -0.6071
vn 0.0079 0.5756 -0.8177
vn -0.1508 0.1262 -0.9805
vn -0.0510 0.1206 -0.9914
vn 0.5930 0.3199 -0.7389
vn 0.1461 -0.3436 -0.9277
vn 0.1012 -0.3077 -0.9461
vn 0.0229 -0.1733 -0.9846
vn -0.2162 -0.1199 -0.9690
vn 0.0186 0.1859 -0.9824
vn -0.5846 0.5526 -0.5941
vn 0.2480 -0.2728 -0.9296
vn 0.6123 0.3635 -0.7021
vn 0.0171 0.1708 -0.9852
vn -0.2755 -0.1376 -0.9514
vn -0.0745 0.1207 -0.9899
vn 0.0238 0.5992 -0.8002
vn 0.2982 0.1537 -0.9421
vn 0.0710 -0.3011 -0.9509
vn -0.0514 -0.3048 -0.9510
vn 0.5101 0.2748 -0.8150
vn 0.3297 0.0204 -0.9439
vn 0.3562 0.4660 -0.8099
vn 0.0079 0.5281 -0.8492
vn -0.4298 0.5087 -0.7460
vn -0.4753 0.4702 -0.7436
vn -0.4555 0.5369 -0.7101
vn 0.5780 0.2154 -0.7871
vn -0.7543 0.1876 -0.6291
vn -0.0476 0.5471 -0.8357
vn -0.0532 0.3092 -0.9495
vn 0.0840 -0.2858 -0.9546
vn 0.5735 0.2457 -0.7815
vn -0.6224 0.0605 -0.7804
vn -0.1456 0.5780 -0.8030
vn -0.4719 0.1999 -0.8587
vn 0.2997 0.0538 -0.9525
vn -0.5008 0.0685 -0.8629
vn -0.6089 -0.2468 -0.7539
vn 0.1663 -0.1087 -0.9801
vn 0.2790 -0.6617 -0.6960
vn 0.1295 -0.1532 -0.9797
vn 0.8241 -0.0924 -0.5589
vn -0.4155 -0.0962 -0.9045
vn 0.5378 -0.0016 -0.8430
vn 0.2684 0.4783 -0.8362
vn 0.6191 -0.0887 -0.7803
vn -0.1655 0.4585 -0.8732
vn -0.5383 -0.1920 -0.8206
vn -0.3984 0.2789 -0.8738
vn 0.1285 -0.3488 -0.9284
vn -0.3406 -0.2962 -0.8923
vn 0.0243 -0.5869 -0.8093
vn -0.8375 -0.3758 -0.3967
vn -0.6070 -0.3907 -0.6920
vn -0.3840 0.0510 -0.9219
vn -0.1321 0.3620 -0.9228
vn 0.3322 0.6850 -0.6483
vn -0.0376 0.5487 -0.8352
vn 0.5174 0.7290 -0.4481
vn 0.2153 -0.7288 -0.6500
vn 0.4650 -0.5460 -0.6969
vn -0.2048 0.1735 -0.9633
vn -0.5885 -0.1525 -0.7940
vn -0.0372 -0.7147 -0.6985
vn 0.4148 0.2880 -0.8631
vn 0.4793 -0.1171 -0.8698
vn -0.0215 -0.2886 -0.9572
vn -0.4205 -0.1738 -0.8905
vn 0.4362 -0.0579 -0.8980
vn 0.1964 -0.6967 -0.6899
vn 0.4076 -0.5683 -0.7148
vn 0.4141 0.2884 -0.8633
vn -0.1243 -0.1314 -0.9835
vn 0.3858 0.0690 -0.9200
vn 0.3696 -0.3942 -0.8414
vn -0.4497 -0.1079 -0.8867
vn -0.0986 -0.5122 -0.8532
vn -0.7123 -0.5198 -0.4717
vn -0.5941 -0.2080 -0.7770
vn -0.2232 0.2709 -0.9364
vn 0.1280 -0.5213 -0.8437
vn -0.8384 -0.3785 -0.3922
vn -0.6704 0.0319 -0.7413
vn -0.9702 -0.2321 -0.0701
vn -0.9033 -0.3907 -0.1771
vn -0.1270 0.0039 -0.9919
vn -0.9064 -0.2574 -0.3350
vn -0.1282 -0.4875 -0.8636
vn -0.9929 -0.1174 -0.0192
vn -0.8610 -0.1986 0.4683
vn -0.9131 -0.2787 0.2977
vn -0.9479 -0.3159 0.0410
vn -0.9076 -0.2099 0.3635
vn -0.9486 -0.2792 0.1493
vn -0.9823 -0.1870 0.0062
vn -0.9746 -0.2154 0.0608
vn -0.9895 -0.1434 0.0193
vn -0.9911 -0.1329 -0.0007
vn -0.8596 -0.1545 0.4870
vn -0.9979 -0.0651 0.0027
vn -0.9985 -0.0522 0.0148
vn -0.8496 -0.1095 0.5159
vn -0.8472 -0.1267 0.5160
vn -0.9999 -0.0005 0.0154
vn -0.8376 -0.0270 0.5456
vn -0.9587 -0.0480 -0.2805
vn -0.9790 0.1347 -0.1528
vn -0.9844 0.1697 0.0457
vn -0.9345 -0.1527 -0.3216
vn -0.3315 -0.4687 -0.8188
vn -0.2769 -0.4945 -0.8239
vn -0.6158 0.3281 -0.7163
vn 0.0139 0.5333 -0.8458
vn -0.0822 -0.0057 -0.9966
vn -0.5773 0.0856 -0.8121
vn -0.0789 -0.5562 -0.8273
vn 0.1543 -0.4573 -0.8758
vn -0.0246 -0.0089 -0.9997
vn 0.5075 -0.0194 -0.8615
vn 0.4577 0.0179 -0.8889
vn 0.3625 -0.0435 -0.9310
vn -0.2581 0.0142 -0.9660
vn 0.4216 0.2330 -0.8764
vn 0.0274 -0.2550 -0.9665
vn -0.0517 -0.4860 -0.8724
vn -0.4884 0.0435 -0.8715
vn -0.3662 0.4244 -0.8281
vn -0.1226 -0.2882 -0.9497
vn 0.4666 -0.1331 -0.8744
vn -0.2911 0.4804 -0.8273
vn -0.0825 -0.6225 -0.7782
vn -0.0718 -0.3131 -0.9470
vn -0.7507 -0.0841 -0.6553
vn -0.1598 0.0557 -0.9856
vn 0.1013 -0.3994 -0.9111
vn -0.0374 0.1392 -0.9896
vn 0.2266 0.4985 -0.8367
vn 0.5301 0.0931 -0.8428
vn 0.1202 -0.4306 -0.8945
vn -0.2367 -0.4271 -0.8727
vn 0.1304 0.5375 -0.8331
vn -0.1450 0.7402 -0.6565
vn -0.5768 -0.0327 -0.8162
vn 0.0011 0.0189 -0.9998
vn -0.7438 0.4902 -0.4544
vn -0.8590 0.1812 -0.4789
vn 0.2588 0.4923 -0.8311
vn 0.6234 0.2708 -0.7335
vn -0.3078 0.5529 -0.7743
vn -0.6634 0.7020 -0.2591
vn -0.8952 0.4430 0.0486
vn -0.6906 0.7225 0.0324
vn -0.8174 0.0756 0.5711
vn -0.7449 0.2824 0.6045
vn -0.7632 0.2969 0.5739
vn -0.8322 0.0863 0.5477
vn -0.8427 -0.0226 0.5379
vn -0.9801 0.1984 0.0012
vn -0.9779 0.1969 0.0697
vn -0.8830 0.4691 0.0172
vn -0.9991 0.0247 0.0352
vn -0.9997 0.0248 0.0030
vn -0.6268 0.5246 0.5761
vn -0.7138 0.6997 0.0302
vn -0.8797 0.4636 0.1060
vn -0.9631 0.1867 0.1936
vn -0.8783 0.4269 0.2154
vn -0.7092 0.6938 0.1248
vn -0.4730 0.8696 0.1420
vn -0.4960 0.8678 0.0292
vn -0.6932 0.6851 0.2238
vn -0.4174 0.8734 0.2509
vn -0.4045 0.8851 0.2302
vn -0.7093 0.6610 0.2450
vn -0.0593 0.9761 0.2090
vn -0.1201 0.9513 0.2838
vn -0.1904 0.9684 0.1612
vn 0.1172 0.9491 0.2925
vn 0.0984 0.9815 0.1640
vn 0.3867 0.9109 0.1440
vn 0.3839 0.8884 0.2516
vn 0.4013 0.8880 0.2244
vn 0.1646 0.9667 0.1959
vn 0.3402 0.9403 0.0083
vn -0.2120 0.9770 0.0218
vn 0.0649 0.9978 0.0127
vn 0.6771 0.7275 0.1107
vn 0.6534 0.7570 0.0042
vn 0.3545 0.8337 0.4234
vn 0.0919 0.8781 0.4696
vn 0.0856 0.8419 0.5328
vn -0.1567 0.8343 0.5286
vn 0.3639 0.7964 0.4830
vn 0.6203 0.6372 0.4574
vn 0.3457 0.9383 0.0122
vn 0.0218 0.9997 0.0139
vn -0.1637 0.8083 0.5655
vn -0.0040 0.9994 -0.0334
vn -0.2272 0.9732 -0.0356
vn -0.2370 0.9715 0.0064
vn -0.4173 0.6935 0.5873
vn -0.4333 0.6985 0.5695
vn -0.6075 0.5234 0.5975
vn -0.4517 0.8921 0.0136
vn -0.4065 0.8993 -0.1612
vn -0.5277 0.2810 -0.8016
vn -0.9732 0.0626 -0.2211
vn -0.2532 0.9196 -0.3003
vn 0.1444 0.6788 -0.7200
vn -0.1402 0.1694 -0.9755
vn -0.0233 -0.5777 -0.8159
vn -0.0759 0.8642 -0.4973
vn 0.3327 0.2907 -0.8971
vn 0.2547 -0.6315 -0.7324
vn 0.2107 -0.3722 -0.9039
vn -0.0712 0.1388 -0.9878
vn 0.0534 0.2203 -0.9740
vn -0.1708 0.0968 -0.9805
vn -0.2172 0.7557 -0.6178
vn -0.4815 0.6031 -0.6360
vn -0.1417 0.1630 -0.9764
vn -0.1365 -0.6064 -0.7834
vn 0.1996 -0.3950 -0.8967
vn -0.0234 0.1198 -0.9925
vn 0.5642 0.8057 -0.1803
vn 0.0559 0.8864 -0.4595
vn 0.5543 0.2023 -0.8074
vn 0.3322 0.9318 -0.1460
vn 0.6372 0.7707 -0.0055
vn 0.6446 0.7388 -0.1966
vn 0.0930 0.8397 -0.5350
vn -0.2053 0.7121 -0.6714
vn 0.5630 0.1051 -0.8197
vn 0.1949 -0.4108 -0.8906
vn -0.0717 0.1004 -0.9924
vn -0.0059 0.1398 -0.9902
vn -0.1799 -0.6243 -0.7602
vn -0.4793 0.2746 -0.8336
vn -0.2024 0.6837 -0.7011
vn -0.4846 0.2862 -0.8266
vn 0.2057 -0.5064 -0.8374
vn -0.1923 -0.6112 -0.7678
vn 0.3864 -0.2604 -0.8848
vn -0.1611 0.5676 -0.8074
vn 0.6423 0.2173 -0.7350
vn 0.1167 0.1628 -0.9797
vn -0.0533 0.3120 -0.9486
vn -0.1512 0.5286 -0.8353
vn 0.1345 -0.2547 -0.9576
vn 0.5892 -0.0173 -0.8078
vn 0.8129 0.4864 -0.3202
vn -0.2011 0.7367 -0.6456
vn 0.2963 0.8366 -0.4608
vn 0.6947 0.6325 -0.3427
vn 0.3708 0.5855 -0.7209
vn -0.0913 0.5984 -0.7960
vn -0.5108 0.2896 -0.8095
vn -0.2853 0.6920 -0.6631
vn 0.5540 -0.3067 -0.7740
vn 0.1181 -0.6174 -0.7778
vn 0.9261 0.3153 -0.2072
vn 0.5133 -0.3691 -0.7748
vn 0.9334 0.2897 -0.2116
vn 0.9434 0.3280 0.0490
vn 0.3513 0.6052 -0.7144
vn -0.0209 -0.0266 -0.9994
vn 0.1670 -0.1345 -0.9767
vn 0.0374 -0.6505 -0.7586
vn -0.0729 0.6138 -0.7861
vn -0.3524 -0.6058 -0.7134
vn 0.0867 -0.0384 -0.9955
vn 0.3826 0.5644 -0.7315
vn -0.2863 0.5780 -0.7642
vn -0.5025 -0.2996 -0.8110
vn -0.2557 -0.6599 -0.7064
vn -0.2630 -0.6575 -0.7060
vn 0.5777 -0.2986 -0.7597
vn 0.1317 -0.6273 -0.7675
vn 0.1105 -0.9244 -0.3651
vn -0.1292 -0.3843 -0.9141
vn -0.3463 -0.4768 -0.8079
vn -0.0249 -0.1713 -0.9849
vn -0.0768 0.5633 -0.8227
vn -0.1854 0.4190 -0.8889
vn -0.0076 0.0452 -0.9990
vn -0.0788 -0.8126 -0.5774
vn -0.0996 -0.7524 -0.6512
vn -0.2236 -0.6358 -0.7387
vn -0.0873 -0.5533 -0.8284
vn 0.4782 -0.0754 -0.8750
vn 0.0319 0.1132 -0.9931
vn 0.3249 0.0836 -0.9420
vn 0.4234 0.0677 -0.9034
vn -0.0863 0.5142 -0.8533
vn 0.4726 0.4134 -0.7783
vn -0.0852 -0.0573 -0.9947
vn 0.2657 -0.4106 -0.8722
vn 0.3110 -0.4117 -0.8566
vn 0.5549 0.3744 -0.7429
vn 0.0245 -0.5701 -0.8212
vn 0.1035 -0.5326 -0.8400
vn -0.6290 0.2558 -0.7341
vn -0.1759 -0.4886 -0.8546
vn -0.0666 -0.0405 -0.9970
vn -0.1576 0.5031 -0.8497
vn -0.6953 0.1553 -0.7017
vn 0.1594 -0.4847 -0.8601
vn 0.4655 0.4181 -0.7801
vn 0.3481 -0.3810 -0.8565
vn -0.4105 -0.0596 -0.9099
vn -0.4214 -0.0305 -0.9064
vn -0.0402 -0.5173 -0.8549
vn -0.2768 -0.4249 -0.8619
vn 0.0639 0.5196 -0.8520
vn -0.4715 0.3790 -0.7963
vn -0.2955 -0.4494 -0.8430
vn -0.0752 -0.5539 -0.8292
vn 0.0404 -0.1001 -0.9942
vn 0.0951 0.3652 -0.9260
vn 0.5899 -0.0384 -0.8066
vn 0.1188 -0.7056 -0.6986
vn -0.0616 -0.6641 -0.7451
vn -0.5139 0.3099 -0.7999
vn 0.0189 -0.2189 -0.9756
vn 0.1045 0.1595 -0.9817
vn 0.5435 -0.1668 -0.8226
vn -0.0634 -0.7746 -0.6292
vn -0.4425 0.1674 -0.8810
vn -0.2855 -0.6693 -0.6859
vn -0.3049 -0.5390 -0.7851
vn 0.0291 0.5042 -0.8631
vn -0.4696 0.3167 -0.8241
vn 0.0337 -0.0584 -0.9977
vn 0.4903 0.2765 -0.8265
vn -0.2367 -0.4755 -0.8473
vn -0.0160 -0.5578 -0.8298
vn -0.4458 0.3160 -0.8375
vn 0.0328 0.5283 -0.8484
vn 0.2493 -0.3510 -0.9026
vn 0.4803 0.4189 -0.7706
vn 0.7741 0.4061 -0.4857
vn 0.9576 0.2876 0.0171
vn 0.8874 -0.0021 -0.4609
vn 0.9523 0.2868 -0.1046
vn 0.5214 -0.3020 -0.7981
vn 0.5809 0.1795 -0.7939
vn 0.8667 0.2640 0.4232
vn 0.8303 0.2792 0.4824
vn 0.8338 0.2721 0.4803
vn 0.7865 0.3966 0.4735
vn 0.7813 0.3943 0.4839
vn 0.8759 0.4808 0.0412
vn 0.6272 0.6516 0.4267
vn 0.8670 0.4983 -0.0085
vn 0.8624 0.5014 0.0694
vn 0.9204 0.3902 0.0242
vn 0.9318 0.3622 -0.0244
vn 0.9132 0.3753 0.1586
vn 0.9072 0.4070 0.1061
vn 0.8628 0.4791 0.1613
vn 0.8611 0.4834 0.1578
vn 0.8201 0.1881 0.5404
vn 0.8447 0.1427 0.5158
vn 0.7104 0.3798 0.5926
vn 0.1615 -0.5291 0.8330
vn 0.2473 -0.4538 0.8561
vn 0.4047 0.6746 0.6174
vn 0.0115 -0.2359 0.9717
vn -0.3862 -0.8610 0.3311
vn -0.2792 -0.8930 0.3529
vn -0.2007 -0.1178 0.9725
vn 0.0944 -0.9245 0.3693
vn 0.4849 -0.8029 0.3467
vn 0.0563 -0.1354 0.9892
vn 0.6412 -0.6995 0.3156
vn 0.2606 -0.1652 0.9512
vn 0.0876 -0.3274 0.9408
vn -0.0854 -0.5259 0.8462
vn 0.7075 -0.6310 0.3181
vn -0.8146 0.1122 0.5691
vn -0.8592 0.0088 0.5116
vn -0.0704 -0.5500 0.8322
vn 0.0323 -0.3920 0.9194
vn 0.7674 -0.5192 0.3763
vn 0.8177 -0.3186 0.4795
vn 0.8321 -0.0323 0.5537
vn 0.1039 -0.1152 0.9879
vn -0.7782 -0.0736 0.6237
vn -0.8242 -0.0291 0.5656
vn -0.8515 -0.0054 0.5243
vn 0.0824 0.2361 0.9682
vn -0.9725 -0.2289 0.0426
vn -0.9993 0.0269 0.0260
vn -0.9828 0.1608 0.0908
vn -0.9840 -0.1777 0.0093
vn -0.9995 -0.0189 0.0245
vn -0.9515 0.2504 0.1785
vn -0.9916 0.0596 0.1145
vn -0.8844 0.4052 0.2314
vn -0.9525 -0.2916 0.0872
vn -0.9304 -0.3114 0.1934
vn -0.6153 0.4014 0.6785
vn -0.2237 0.6961 0.6822
vn -0.0062 0.8050 0.5932
vn 0.0813 0.8189 0.5682
vn 0.6917 0.6865 0.2240
vn 0.6872 0.7002 0.1935
vn 0.3615 0.5030 -0.7850
vn -0.0347 -0.0149 -0.9993
vn -0.0200 -0.1386 -0.9901
vn -0.6826 0.0491 -0.7291
vn 0.0074 -0.0128 -0.9999
vn 0.3244 -0.5306 -0.7831
vn -0.1488 -0.6933 -0.7051
vn -0.6319 0.1163 -0.7663
vn -0.3214 0.4746 -0.8194
vn -0.3306 0.6899 -0.6440
vn 0.1260 0.5400 -0.8322
vn 0.5957 -0.2131 -0.7744
vn 0.0026 0.0390 -0.9992
vn -0.4380 0.3099 -0.8439
vn 0.1624 0.5971 -0.7856
vn -0.3300 -0.5809 -0.7441
vn 0.2102 -0.6333 -0.7448
vn 0.5638 -0.2613 -0.7835
vn -0.3672 0.4258 -0.8270
vn 0.0053 -0.0264 -0.9996
vn 0.2278 0.6196 -0.7511
vn -0.2513 0.5326 -0.8082
vn -0.5335 0.1848 -0.8254
vn -0.2997 -0.6207 -0.7245
vn -0.2951 0.3635 -0.8836
vn -0.5925 0.2899 -0.7516
vn 0.4517 -0.2782 -0.8477
vn 0.6265 0.2472 -0.7392
vn -0.1953 0.6304 -0.7513
vn -0.4944 0.4109 -0.7660
vn -0.0095 0.1423 -0.9898
vn -0.5898 0.0618 -0.8052
vn 0.4593 -0.1414 -0.8769
vn 0.5537 0.4311 -0.7124
vn -0.2892 0.7742 -0.5630
vn -0.4496 0.5188 -0.7271
vn -0.0463 -0.0403 -0.9981
vn -0.4824 0.1284 -0.8665
vn -0.0320 0.1424 -0.9893
vn 0.1370 -0.5241 -0.8406
vn 0.6469 -0.0704 -0.7593
vn 0.1091 -0.4766 -0.8723
vn -0.2145 -0.2854 -0.9341
vn -0.3675 -0.4134 -0.8331
vn -0.6508 -0.2050 -0.7310
vn 0.4795 -0.1195 -0.8694
vn -0.2515 0.4674 -0.8475
vn 0.3552 0.4900 -0.7961
vn 0.0873 -0.7511 -0.6544
vn -0.6491 -0.5597 -0.5152
vn -0.2876 -0.4736 -0.8325
vn -0.3659 0.3359 -0.8679
vn 0.1397 0.2825 -0.9491
vn -0.0900 -0.6298 -0.7716
vn -0.5086 0.4900 -0.7079
vn 0.1716 0.4199 -0.8912
vn 0.1611 -0.5385 -0.8271
vn -0.2040 -0.3846 -0.9003
vn -0.6533 0.4741 -0.5903
vn -0.1667 0.6445 -0.7462
vn 0.5644 0.4391 -0.6990
vn -0.4644 -0.0093 -0.8856
vn -0.1226 0.6270 -0.7693
vn -0.2275 -0.6652 -0.7111
vn 0.7284 -0.3517 -0.5881
vn 0.5814 0.3977 -0.7098
vn -0.8319 -0.1570 0.5322
vn -0.8586 -0.1768 0.4812
vn -0.6308 -0.2698 0.7276
vn -0.6669 -0.0680 0.7420
vn -0.6537 -0.2927 0.6979
vn -0.5353 -0.5387 0.6506
vn -0.1422 -0.8821 0.4490
vn -0.3666 -0.8864 0.2826
vn 0.3092 -0.6424 0.7013
vn -0.6795 0.4852 0.5504
vn 0.0111 -0.4969 0.8677
vn 0.0620 -0.3301 0.9419
vn -0.5040 -0.0149 0.8636
vn -0.0832 0.1324 0.9877
vn -0.0227 -0.5344 0.8449
vn -0.0748 -0.2253 0.9714
vn -0.3933 -0.3945 0.8305
vn -0.6521 0.2017 0.7308
vn -0.6457 -0.1204 0.7540
vn -0.1811 0.3816 0.9064
vn -0.1297 0.2626 0.9561
vn 0.1125 -0.7038 0.7014
vn 0.0723 -0.6796 0.7300
vn -0.3924 -0.4513 0.8015
vn -0.0611 -0.5819 0.8109
vn -0.5443 -0.4610 0.7009
vn -0.4886 0.4702 0.7350
vn -0.8869 -0.1627 0.4323
vn -0.6838 -0.3204 0.6556
vn -0.9931 -0.0346 0.1124
vn -0.9862 -0.0313 0.1625
vn 0.5693 0.0969 -0.8164
vn 0.1010 -0.5098 -0.8543
vn -0.1974 -0.9130 0.3570
vn -0.5683 -0.3454 0.7468
vn 0.1648 -0.8500 0.5004
vn 0.3809 -0.7322 0.5646
vn 0.0948 -0.8494 0.5191
vn 0.4340 -0.6983 0.5693
vn 0.1893 -0.9497 0.2494
vn 0.1778 -0.7776 0.6031
vn 0.2690 -0.7767 0.5695
vn 0.0522 -0.4078 0.9116
vn 0.0820 -0.9268 0.3665
vn 0.5378 -0.5272 0.6580
vn 0.2933 0.5158 0.8049
vn 0.2523 -0.8555 0.4521
vn -0.1369 0.2493 0.9587
vn -0.2173 0.0365 0.9754
vn -0.1600 -0.8715 0.4636
vn -0.0110 -0.5837 0.8119
vn 0.7519 -0.0728 0.6553
vn 0.0553 -0.1196 0.9913
vn 0.6959 0.4483 0.5610
vn 0.4329 0.3718 0.8212
vn 0.9248 0.0632 0.3752
vn 0.8260 0.2824 0.4878
vn 0.6282 0.3702 0.6843
vn 0.8628 -0.3146 0.3958
vn 0.7643 -0.1119 0.6351
vn 0.8001 -0.1362 0.5842
vn 0.8874 -0.4082 0.2144
vn 0.7081 -0.5951 0.3801
vn 0.7856 -0.0512 0.6167
vn 0.5555 -0.0912 0.8265
vn 0.0874 -0.8781 0.4704
vn 0.6375 -0.6550 0.4057
vn 0.1074 0.4112 0.9052
vn -0.1494 0.5523 0.8201
vn -0.0177 -0.8973 0.4411
vn 0.4364 -0.8130 0.3853
vn 0.8212 -0.0934 0.5629
vn -0.0730 0.4672 0.8811
vn -0.2036 0.2429 0.9485
vn -0.0193 0.2865 0.9579
vn -0.0921 0.1488 0.9846
vn 0.0107 0.4290 0.9033
vn 0.4397 -0.6676 0.6009
vn 0.4512 0.2556 0.8550
vn 0.2735 0.6178 0.7372
vn 0.4064 0.5183 0.7525
vn 0.7531 0.2533 0.6072
vn 0.6959 0.3287 0.6386
vn 0.3773 0.5499 0.7451
vn 0.3397 -0.8238 0.4538
vn 0.7213 -0.5659 0.3995
vn 0.9007 0.0346 0.4331
vn 0.8780 0.0135 0.4785
vn 0.9610 0.1463 0.2348
vn 0.9539 0.1457 0.2624
vn 0.8418 0.0090 0.5397
vn 0.7969 0.0565 0.6014
vn 0.7976 0.0859 0.5970
vn 0.9651 0.1653 0.2030
vn 0.9717 0.1767 0.1569
vn 0.9214 0.0447 0.3860
vn 0.8213 0.1364 0.5540
vn 0.8380 0.1791 0.5154
vn 0.8812 0.1373 0.4524
vn 0.8768 0.1777 0.4469
vn 0.8233 0.2508 -0.5092
vn 0.8908 0.1700 0.4214
vn 0.9355 0.1218 0.3316
vn 0.9421 0.1411 0.3042
vn 0.9440 0.1375 0.2999
vn 0.9908 0.1243 0.0541
vn 0.7849 0.3684 -0.4982
vn 0.8358 0.0645 0.5452
vn 0.8169 0.1006 0.5679
vn 0.8042 0.2654 -0.5318
vn 0.8594 0.1193 0.4971
vn 0.6298 0.4314 -0.6460
vn 0.5436 0.0556 -0.8375
vn 0.0914 0.6239 -0.7762
vn 0.6469 -0.0813 -0.7582
vn 0.9281 0.1656 0.3335
vn 0.8812 0.2361 -0.4095
vn 0.1160 0.5133 -0.8504
vn -0.2302 0.4141 -0.8806
vn 0.4385 0.5094 -0.7404
vn 0.0396 0.0424 -0.9983
vn -0.2706 0.4278 -0.8624
vn -0.0923 -0.4831 -0.8707
vn -0.6051 0.1997 -0.7707
vn 0.2293 -0.3080 -0.9234
vn -0.3156 0.5839 -0.7479
vn 0.5198 -0.2845 -0.8055
vn -0.0703 0.0289 -0.9971
vn -0.0474 0.4120 -0.9100
vn 0.3776 -0.6865 -0.6215
vn 0.3138 -0.2442 -0.9176
vn 0.4177 0.5586 -0.7165
vn 0.0008 -0.7012 -0.7129
vn 0.2841 -0.5081 -0.8131
vn -0.7426 0.2723 -0.6119
vn -0.4519 0.3747 -0.8096
vn 0.0819 -0.5751 -0.8140
vn -0.0461 0.5556 -0.8302
vn -0.5160 0.0079 -0.8566
vn 0.2341 -0.3430 -0.9097
vn -0.1541 0.6649 -0.7308
vn 0.1569 0.4574 -0.8753
vn 0.4779 -0.3276 -0.8151
vn -0.1084 0.0149 -0.9940
vn 0.5023 0.4120 -0.7603
vn 0.1920 -0.3739 -0.9074
vn 0.0244 -0.5155 -0.8565
vn -0.0376 0.5543 -0.8314
vn 0.0709 -0.5043 -0.8606
vn -0.0662 -0.0278 -0.9974
vn 0.3531 0.3188 -0.8796
vn -0.1310 0.0194 -0.9912
vn -0.0599 0.4862 -0.8718
vn -0.0211 0.5039 -0.8635
vn 0.0299 -0.5445 -0.8383
vn 0.0912 -0.5406 -0.8363
vn 0.0658 0.0097 -0.9978
vn -0.4838 -0.4138 -0.7712
vn -0.0089 0.4868 -0.8735
vn -0.0837 0.0001 -0.9965
vn -0.0506 0.4902 -0.8702
vn 0.0821 -0.5901 -0.8032
vn 0.3999 -0.0617 -0.9145
vn -0.2634 -0.5471 -0.7945
vn 0.0614 -0.7635 -0.6429
vn 0.2011 -0.5550 -0.8072
vn 0.2258 -0.3762 -0.8986
vn -0.2169 0.3676 -0.9043
vn 0.2402 -0.6236 -0.7439
vn 0.1900 -0.6449 -0.7403
vn -0.1002 0.0893 -0.9910
vn -0.1232 0.5710 -0.8116
vn 0.1948 -0.5841 -0.7879
vn -0.1278 0.4499 -0.8839
vn -0.4083 0.1122 -0.9059
vn -0.3424 -0.6180 -0.7077
vn 0.1116 -0.6817 -0.7231
vn 0.1214 -0.3826 -0.9159
vn 0.1301 0.2037 -0.9703
vn -0.1952 -0.0311 -0.9803
vn 0.0321 0.1055 -0.9939
vn -0.0136 -0.6810 -0.7321
vn 0.0770 -0.6571 -0.7499
vn -0.5777 -0.5236 -0.6262
vn 0.0567 -0.4275 -0.9022
vn 0.0240 -0.5150 -0.8569
vn 0.1547 -0.0290 -0.9875
vn 0.0352 -0.0851 -0.9958
vn -0.2211 -0.2083 -0.9527
vn 0.0670 -0.6482 -0.7585
vn 0.4285 -0.6600 -0.6170
vn 0.1335 -0.4813 -0.8663
vn 0.0617 -0.3165 -0.9466
vn 0.1444 -0.3159 -0.9377
vn 0.1053 -0.4907 -0.8649
vn 0.6133 -0.3944 -0.6843
vn 0.3292 -0.8610 -0.3876
vn 0.1718 -0.8736 -0.4553
vn 0.0432 -0.6309 -0.7747
vn -0.0262 -0.6541 -0.7559
vn -0.0358 -0.3674 -0.9294
vn 0.0761 -0.4225 -0.9032
vn 0.5502 -0.8068 -0.2152
vn 0.1377 -0.9756 0.1709
vn -0.8008 -0.4775 0.3616
vn -0.1467 -0.9271 -0.3449
vn -0.7268 -0.6730 0.1375
vn -0.3440 -0.1683 -0.9238
vn 0.1493 -0.7736 -0.6158
vn -0.2738 -0.8603 -0.4300
vn 0.1308 -0.8607 -0.4921
vn -0.3540 -0.4299 -0.8306
vn -0.0863 -0.7094 -0.6995
vn 0.1176 -0.7347 -0.6682
vn -0.4669 -0.5638 -0.6813
vn 0.1431 -0.6924 -0.7071
vn 0.0329 -0.2986 -0.9538
vn -0.0086 0.1758 -0.9844
vn 0.5579 -0.4927 -0.6678
vn 0.6458 -0.7634 -0.0127
vn 0.5778 -0.7959 -0.1806
vn -0.4668 -0.3369 -0.8177
vn 0.5833 -0.6173 -0.5280
vn -0.2424 -0.1126 -0.9636
vn 0.2250 -0.4112 -0.8833
vn 0.1413 -0.5808 -0.8017
vn 0.5153 -0.2969 -0.8039
vn 0.1201 -0.1511 -0.9812
vn 0.6272 -0.3294 -0.7058
vn 0.1767 -0.6090 -0.7733
vn -0.2472 -0.1245 -0.9609
vn -0.2294 -0.7142 -0.6613
vn 0.6828 -0.6163 -0.3923
vn 0.3159 -0.7782 -0.5428
vn 0.3516 -0.2538 -0.9011
vn 0.8263 -0.2475 0.5059
vn -0.1785 -0.2324 -0.9561
vn 0.3379 -0.4405 -0.8317
vn 0.6422 -0.7164 -0.2727
vn 0.8056 -0.3481 0.4794
vn 0.8127 -0.3500 0.4659
vn 0.7206 -0.3374 0.6057
vn 0.7441 -0.3294 0.5811
vn 0.7073 -0.2784 0.6498
vn 0.7276 -0.6757 0.1185
vn 0.6845 -0.6851 -0.2493
vn 0.8112 -0.5348 0.2366
vn 0.6347 -0.7632 -0.1216
vn 0.5940 -0.6296 -0.5008
vn -0.0905 -0.2902 -0.9527
vn -0.1373 -0.5978 -0.7898
vn -0.0871 -0.5991 -0.7959
vn 0.5246 -0.3937 -0.7549
vn 0.2461 -0.9679 -0.0510
vn -0.0371 -0.4207 -0.9065
vn 0.6407 -0.7640 0.0769
vn 0.1399 -0.9490 0.2826
vn -0.4528 -0.8903 -0.0478
vn 0.1610 -0.9811 -0.1075
vn 0.0330 -0.9841 0.1744
vn 0.1212 -0.9425 -0.3116
vn 0.2920 -0.9323 0.2135
vn 0.6474 -0.6537 -0.3918
vn 0.4771 -0.6398 -0.6025
vn -0.0900 -0.6960 -0.7124
vn 0.3860 -0.9192 0.0786
vn 0.5602 -0.7870 0.2584
vn 0.7080 -0.6027 0.3681
vn 0.6815 -0.7089 -0.1817
vn 0.5099 -0.8364 0.2013
vn -0.2386 -0.9708 -0.0236
vn 0.5588 -0.8243 0.0909
vn 0.2092 -0.9582 -0.1953
vn 0.1406 -0.6171 -0.7742
vn 0.1948 -0.9775 0.0812
vn -0.0355 -0.5869 -0.8088
vn -0.2081 -0.9696 -0.1284
vn -0.0205 -0.9130 -0.4074
vn -0.2525 -0.7883 -0.5611
vn -0.1981 -0.9796 0.0338
vn 0.0287 -0.9986 0.0445
vn 0.1051 -0.9411 -0.3215
vn 0.1053 -0.8551 -0.5076
vn 0.5161 -0.6784 -0.5229
vn 0.0766 -0.6570 -0.7500
vn -0.4192 -0.8088 -0.4125
vn -0.1073 -0.9942 -0.0042
vn 0.2092 -0.9768 0.0465
vn -0.1306 -0.9753 -0.1782
vn -0.1012 -0.9787 -0.1788
vn -0.6108 -0.7564 0.2342
vn -0.1312 -0.8764 -0.4633
vn -0.4764 -0.8447 -0.2441
vn -0.7328 -0.6805 0.0041
vn -0.0532 -0.9919 0.1155
vn 0.2577 -0.9299 -0.2623
vn -0.8101 -0.4447 0.3820
vn -0.6412 -0.6793 0.3570
vn -0.1356 -0.8126 0.5669
vn 0.4311 -0.8421 0.3240
vn -0.6400 -0.5168 0.5685
vn -0.4076 -0.8896 0.2059
vn -0.6608 -0.7257 0.1914
vn -0.5712 -0.8142 0.1037
vn -0.1014 -0.9845 -0.1428
vn 0.0164 -0.9998 -0.0115
vn 0.5091 -0.8607 -0.0015
vn -0.1050 -0.9683 0.2267
vn 0.4465 -0.8947 0.0141
vn -0.0464 -0.9582 0.2824
vn -0.6041 -0.6917 0.3958
vn 0.5853 -0.7393 0.3330
vn 0.0405 -0.8533 0.5198
vn -0.2649 -0.9566 0.1215
vn 0.4728 -0.2927 0.8311
vn -0.0887 -0.1392 0.9863
vn 0.0330 -0.2870 0.9574
vn -0.4738 -0.4299 0.7686
vn 0.1361 -0.6406 0.7557
vn -0.2962 -0.9488 0.1097
vn -0.5940 -0.2951 0.7484
vn -0.2690 -0.2733 0.9236
vn 0.0963 -0.5793 0.8094
vn 0.0885 0.0724 0.9934
vn 0.0837 -0.1558 0.9842
vn 0.6308 0.0438 0.7747
vn 0.5534 -0.0441 0.8317
vn 0.6518 -0.7337 0.1919
vn 0.4769 -0.5021 0.7214
vn 0.7117 -0.3831 0.5888
vn 0.4997 -0.7511 0.4316
vn 0.6987 -0.4547 0.5524
vn 0.6638 -0.7109 0.2322
vn 0.5042 -0.0264 0.8632
vn 0.1008 -0.4837 0.8694
vn 0.4607 -0.0800 0.8840
vn 0.1516 -0.6792 0.7181
vn 0.7087 -0.6911 0.1421
vn 0.2123 -0.9278 0.3066
vn 0.2459 -0.9569 -0.1543
vn 0.1779 -0.8569 0.4838
vn -0.3156 -0.9087 0.2732
vn -0.2618 -0.9566 -0.1283
vn -0.4977 -0.5492 0.6713
vn 0.5735 -0.4952 0.6526
vn 0.2079 -0.8247 -0.5260
vn 0.2071 -0.9728 0.1042
vn 0.6912 -0.6594 0.2958
vn 0.6808 -0.0904 0.7268
vn 0.7142 -0.6674 0.2109
vn 0.6143 -0.4006 0.6798
vn 0.7029 -0.2816 0.6531
vn 0.4492 -0.1534 0.8802
vn 0.4213 -0.1322 0.8972
vn 0.7577 -0.2049 0.6196
vn 0.9312 -0.3007 0.2061
vn 0.8537 -0.4914 0.1726
vn 0.8716 -0.1745 0.4581
vn 0.9482 -0.1876 0.2565
vn 0.8618 -0.2478 0.4427
vn 0.8906 -0.1166 0.4396
vn 0.9128 -0.1847 0.3643
vn 0.9164 -0.0954 0.3887
vn 0.9501 -0.1213 0.2874
vn 0.9097 -0.0193 0.4148
vn 0.8959 -0.0908 -0.4349
vn 0.7597 0.2609 -0.5956
vn 0.9315 -0.0136 0.3634
vn 0.8876 -0.0790 -0.4538
vn 0.2613 -0.3447 -0.9016
vn 0.2379 0.3528 -0.9049
vn -0.1209 0.2998 -0.9463
vn -0.1348 -0.4244 -0.8954
vn 0.0316 0.0155 -0.9994
vn 0.5518 -0.2539 -0.7944
vn -0.5529 -0.3948 -0.7338
vn -0.6077 -0.0676 -0.7913
vn 0.5332 0.1633 -0.8301
vn -0.6286 0.2793 -0.7259
vn -0.5822 0.2684 -0.7675
vn 0.6333 -0.2333 -0.7379
vn 0.1974 0.4295 -0.8812
vn 0.9084 0.1654 -0.3841
vn 0.9264 0.0931 0.3649
vn 0.1283 0.4664 -0.8752
vn 0.6088 -0.2501 -0.7529
vn -0.1372 -0.5123 -0.8478
vn 0.9039 0.1147 0.4121
vn 0.8626 0.1518 0.4825
vn 0.9495 0.1087 0.2944
vn 0.9438 0.1639 0.2871
vn 0.8060 -0.0132 0.5918
vn 0.7901 -0.0729 0.6087
vn 0.9559 -0.0351 0.2916
vn 0.5313 -0.1591 0.8321
vn 0.7874 -0.1173 0.6052
vn 0.7835 -0.1474 0.6037
vn 0.5179 -0.1585 0.8406
vn 0.2467 -0.2048 0.9472
vn 0.4558 -0.6653 0.5913
vn 0.2747 -0.6845 0.6752
vn 0.2208 -0.1905 0.9565
vn 0.2181 -0.1486 0.9645
vn 0.4840 -0.1685 0.8587
vn 0.2308 -0.0995 0.9679
vn 0.0650 -0.1256 0.9899
vn -0.1147 -0.1111 0.9872
vn 0.0872 -0.0524 0.9948
vn -0.0943 -0.0699 0.9931
vn 0.1034 0.0276 0.9943
vn 0.2444 -0.0038 0.9697
vn 0.3388 -0.2403 0.9096
vn 0.2274 0.0038 0.9738
vn 0.1014 -0.3628 0.9263
vn -0.0579 -0.0732 0.9956
vn -0.1967 -0.3511 0.9155
vn 0.0985 -0.0289 0.9947
vn -0.0849 -0.0382 0.9957
vn -0.5339 -0.5312 0.6578
vn -0.3399 -0.5871 0.7347
vn -0.3551 -0.2716 0.8945
vn -0.6084 -0.7672 0.2029
vn -0.5432 -0.7644 0.3473
vn -0.6060 -0.7396 0.2927
vn -0.6607 -0.6451 0.3838
vn -0.6428 -0.3978 0.6547
vn -0.4109 -0.1786 0.8940
vn -0.6871 -0.3031 0.6603
vn -0.3926 -0.2146 0.8943
vn -0.6113 0.2009 -0.7654
vn -0.4854 0.2071 -0.8494
vn -0.1286 -0.5601 -0.8184
vn 0.0945 -0.0844 -0.9919
vn 0.4653 0.3026 -0.8318
vn -0.3996 0.0615 -0.9146
vn 0.3648 -0.3733 -0.8530
vn 0.0568 -0.2288 -0.9718
vn -0.3508 -0.5777 -0.7370
vn 0.2268 -0.1617 -0.9604
vn 0.2621 0.1320 -0.9560
vn -0.3612 0.1052 -0.9265
vn 0.3756 -0.5980 -0.7080
vn -0.2655 -0.5948 -0.7588
vn -0.4065 -0.5054 -0.7611
vn 0.5157 0.0113 -0.8567
vn 0.2197 -0.5017 -0.8367
vn -0.4710 0.1001 -0.8764
vn 0.2553 0.2630 -0.9304
vn 0.4413 -0.5425 -0.7148
vn -0.1159 -0.6290 -0.7687
vn 0.8861 -0.1754 -0.4291
vn 0.2834 0.1288 -0.9503
vn -0.4656 0.0450 -0.8839
vn -0.0719 -0.6702 -0.7387
vn 0.8043 -0.4516 -0.3862
vn 0.5576 -0.5207 -0.6465
vn 0.2754 0.2426 -0.9302
vn 0.5336 -0.4889 -0.6901
vn -0.4845 0.1301 -0.8651
vn 0.5222 -0.4144 -0.7453
vn 0.1942 -0.9785 0.0701
vn 0.0974 -0.5629 0.8208
vn -0.5196 -0.3636 0.7732
vn -0.2138 -0.8084 0.5485
vn -0.6682 -0.4230 0.6121
vn 0.3691 -0.8447 0.3876
vn -0.2137 -0.8084 0.5485
vn -0.0466 -0.9581 0.2824
vn -0.1545 -0.7409 0.6536
vn -0.0937 -0.9879 -0.1237
vn -0.1277 -0.9022 -0.4119
vn 0.0444 -0.9668 -0.2517
vn -0.3738 -0.5191 -0.7687
vn 0.0516 -0.4459 -0.8936
vn 0.5599 -0.4485 -0.6967
vn 0.4439 -0.8831 0.1520
vn 0.4153 -0.4848 -0.7697
vn 0.1676 -0.9409 -0.2943
vn -0.3621 -0.7536 -0.5486
vn 0.1603 -0.6502 -0.7426
vn -0.1039 -0.2393 -0.9654
vn -0.2661 -0.7598 -0.5932
vn 0.2314 -0.8851 -0.4037
vn 0.5244 -0.2364 -0.8180
vn 0.4705 -0.4789 -0.7411
vn 0.1889 0.2473 -0.9503
vn -0.3322 -0.5733 -0.7490
vn -0.2748 0.3489 -0.8960
vn 0.6493 -0.2451 -0.7200
vn 0.1996 0.5159 -0.8331
vn 0.5920 -0.1776 -0.7861
vn 0.8092 -0.5011 0.3067
vn 0.7404 -0.6348 0.2210
vn 0.2973 -0.8910 0.3430
vn 0.2167 0.2694 0.9383
vn 0.2689 -0.9395 0.2123
vn 0.1657 0.1811 0.9694
vn -0.1819 0.4704 0.8635
vn 0.6627 -0.2141 0.7176
vn -0.2696 -0.2532 -0.9291
vn -0.3046 -0.7319 -0.6095
vn 0.2527 -0.0506 -0.9662
vn -0.5103 -0.4870 -0.7088
vn 0.2669 0.8192 -0.5076
vn -0.6267 -0.7265 0.2818
vn -0.5961 -0.5412 0.5931
vn -0.8731 -0.3053 -0.3802
vn 0.0343 -0.7349 -0.6773
vn 0.0123 -0.3120 -0.9500
vn -0.4723 -0.8197 -0.3240
vn -0.3420 -0.7518 0.5637
vn -0.2056 -0.9068 0.3681
vn 0.4680 -0.8078 -0.3585
vn 0.1695 -0.8286 0.5335
vn -0.0051 -0.7922 0.6103
vn 0.0331 0.3267 0.9445
vn 0.2862 -0.6456 0.7080
vn -0.6319 0.2312 0.7398
vn -0.2895 -0.6209 0.7285
vn -0.5660 -0.3866 0.7282
vn 0.0053 -0.7845 0.6201
vn -0.0221 -0.9978 -0.0627
vn -0.6420 -0.7643 0.0612
vn -0.6410 -0.7666 -0.0376
vn 0.0016 -0.9922 -0.1246
vn 0.6190 -0.7768 -0.1157
vn 0.5625 -0.8101 -0.1650
vn 0.9437 -0.3233 -0.0701
vn 0.8687 -0.2641 -0.4191
vn 0.9513 0.2120 -0.2239
vn 0.9801 0.1919 -0.0502
vn 0.8797 -0.4709 -0.0665
vn 0.9604 0.2767 -0.0337
vn 0.9334 0.3552 -0.0507
vn 0.4930 -0.8567 -0.1518
vn 0.8983 -0.4270 -0.1035
vn 0.7071 0.7004 -0.0970
vn 0.9760 0.1593 -0.1486
vn 0.4372 0.8926 0.1103
vn 0.7578 0.6514 0.0360
vn 0.3907 0.8750 0.2857
vn 0.2925 0.9467 -0.1345
vn 0.5714 0.7771 0.2639
vn 0.9712 0.2263 -0.0752
vn 0.9719 0.2145 0.0966
vn 0.0765 0.9392 0.3347
vn 0.6776 0.7098 0.1925
vn 0.6078 0.7704 0.1924
vn -0.0311 0.9852 0.1687
vn -0.7654 0.6404 0.0634
vn -0.0856 0.9844 0.1536
vn -0.6242 0.7759 0.0910
vn -0.6484 0.7604 0.0363
vn -0.9386 0.3369 -0.0745
vn -0.9783 0.1741 -0.1127
vn -0.9460 0.3169 0.0687
vn -0.9986 -0.0248 -0.0475
vn -0.9843 -0.1674 -0.0560
vn -0.9404 0.3378 0.0385
vn -0.5965 0.8026 0.0051
vn -0.9600 0.2798 -0.0123
vn -0.5925 0.8008 -0.0876
vn -0.9518 0.2939 -0.0881
vn -0.9760 -0.1977 -0.0915
vn -0.9713 -0.2334 -0.0461
vn -0.1360 0.9875 -0.0797
vn -0.6884 0.7059 -0.1667
vn -0.2857 0.9575 -0.0390
vn -0.7311 0.6260 -0.2713
vn -0.9653 0.2443 -0.0922
vn -0.8414 0.4500 -0.2993
vn -0.8415 0.4090 -0.3529
vn -0.8121 0.5706 0.1224
vn 0.0194 0.9842 -0.1760
vn -0.9501 0.1678 0.2631
vn -0.9654 0.2601 -0.0182
vn -0.0036 0.9958 -0.0919
vn -0.7467 0.5833 0.3196
vn -0.4205 0.9058 0.0512
vn -0.7916 0.5787 -0.1962
vn 0.4039 0.9147 0.0153
vn 0.1688 0.9837 0.0624
vn -0.4890 0.8495 -0.1979
vn 0.6844 0.7188 0.1220
vn 0.3916 0.6510 -0.6502
vn -0.1260 0.4469 -0.8857
vn 0.4852 0.8481 0.2130
vn 0.8948 0.4462 0.0148
vn 0.9204 0.3908 -0.0111
vn 0.9964 -0.0760 -0.0381
vn 0.9536 -0.2282 -0.1963
vn 0.6727 0.0245 -0.7395
vn 0.4684 -0.4473 -0.7619
vn -0.0614 -0.2927 -0.9542
vn 0.5862 -0.6004 -0.5440
vn 0.9345 -0.3411 -0.1022
vn 0.9247 -0.3762 0.0582
vn 0.8562 -0.4843 -0.1799
vn 0.6101 -0.7661 0.2023
vn 0.8502 -0.5240 -0.0500
vn 0.2613 -0.9157 0.3055
vn -0.4572 -0.7526 0.4739
vn 0.3639 -0.7594 -0.5394
vn -0.1377 -0.8121 -0.5671
vn -0.8795 -0.3236 0.3489
vn -0.7208 -0.3741 -0.5835
vn -0.5020 -0.1886 -0.8441
vn -0.9892 -0.1468 -0.0005
vn -0.7941 -0.5255 0.3055
vn -0.9511 -0.2956 -0.0897
vn -0.9965 0.0069 0.0836
vn -0.9648 0.1157 -0.2360
vn -0.4886 -0.0889 -0.8680
vn -0.4756 0.1311 -0.8698
vn -0.3898 0.3327 -0.8587
vn -0.9284 -0.3681 0.0497
vn -0.4969 -0.8677 -0.0117
vn -0.7949 -0.5904 0.1397
vn -0.9519 -0.2548 0.1700
vn -0.8794 -0.4703 0.0741
vn -0.8972 -0.4185 0.1407
vn -0.5764 -0.8159 0.0451
vn -0.2778 -0.9582 -0.0682
vn -0.2100 -0.9684 0.1346
vn -0.5686 -0.5738 0.5894
vn 0.5033 -0.8236 0.2616
vn 0.8870 -0.4610 0.0261
vn 0.8931 -0.3607 0.2687
vn 0.7880 -0.5238 0.3236
vn 0.4386 -0.8420 0.3141
vn 0.7265 -0.6829 -0.0767
vn 0.8711 -0.4498 0.1971
vn 0.9946 -0.0806 0.0649
vn 0.9794 -0.1041 0.1733
vn 0.8842 -0.4485 -0.1306
vn 0.8790 0.4706 0.0767
vn 0.9874 0.0345 -0.1545
vn 0.9253 -0.3546 -0.1347
vn 0.9035 0.3589 -0.2342
vn 0.9696 0.2326 -0.0757
vn 0.6011 0.7958 -0.0729
vn 0.6308 0.7536 -0.1849
vn 0.7966 0.5934 -0.1155
vn 0.6948 0.7121 0.1004
vn 0.8774 0.4687 0.1022
vn 0.5985 0.8006 -0.0299
vn 0.9949 -0.0277 0.0968
vn 0.9991 0.0366 0.0229
vn 0.9578 -0.2763 -0.0797
vn -0.1208 0.9926 0.0107
vn 0.5936 0.8047 -0.0039
vn 0.9795 0.1815 0.0874
vn 0.9799 0.1991 -0.0088
vn 0.9621 -0.2724 -0.0150
vn 0.9587 -0.2806 -0.0456
vn 0.4980 -0.8625 -0.0897
vn 0.2380 -0.9636 -0.1221
vn -0.3147 -0.9487 -0.0298
vn 0.6028 -0.7875 -0.1283
vn 0.6531 -0.7193 -0.2367
vn -0.2717 -0.9623 0.0144
vn -0.1629 -0.9727 -0.1652
vn -0.8219 -0.5685 -0.0357
vn -0.7370 -0.6758 0.0139
vn -0.9216 -0.3820 -0.0683
vn -0.6029 -0.7882 -0.1236
vn -0.9173 -0.3980 -0.0157
vn -0.8938 -0.4471 -0.0335
vn -0.7897 -0.6119 -0.0446
vn -0.9028 -0.4290 -0.0287
vn -0.7743 -0.6080 -0.1757
vn -0.2785 -0.9498 -0.1425
vn -0.2374 -0.9383 -0.2514
vn -0.2728 -0.9518 -0.1402
vn -0.1449 -0.9753 -0.1670
vn 0.5475 -0.8344 -0.0632
vn 0.5586 -0.8282 -0.0453
vn 0.0417 -0.9899 -0.1356
vn -0.6427 -0.7193 -0.2637
vn 0.5095 -0.8552 -0.0951
vn 0.9258 -0.3564 -0.1258
vn 0.9559 -0.2868 -0.0640
vn 0.9644 -0.2643 -0.0067
vn 0.0052 -0.9822 -0.1879
vn -0.6161 -0.7690 -0.1706
vn -0.6153 -0.7776 -0.1292
vn -0.9518 -0.2574 -0.1668
vn -0.9212 -0.3766 -0.0979
vn -0.9914 0.0751 -0.1075
vn -0.9466 -0.2729 -0.1714
vn -0.9864 0.0563 -0.1547
vn -0.9922 0.0684 -0.1042
vn -0.9965 0.0690 0.0477
vn -0.9232 -0.3830 -0.0307
vn -0.6257 -0.7717 -0.1137
vn -0.9236 -0.3816 0.0357
vn -0.9943 0.0690 0.0811
vn -0.5628 -0.3890 0.7293
vn -0.6720 -0.2702 0.6895
vn -0.6629 -0.1020 0.7417
vn -0.7009 0.0569 0.7110
vn -0.8778 0.4735 0.0730
vn -0.8445 0.5340 0.0397
vn -0.8265 0.5620 0.0329
vn -0.4729 0.8802 -0.0387
vn -0.4544 0.8898 -0.0430
vn -0.4515 0.8922 -0.0126
vn -0.8639 0.5006 -0.0560
vn 0.1944 0.9744 -0.1131
vn 0.1944 0.9760 -0.0984
vn -0.3552 0.9347 -0.0131
vn -0.8892 0.4516 -0.0733
vn 0.7734 0.6214 -0.1252
vn 0.7832 0.6171 -0.0761
vn 0.9329 0.3394 -0.1203
vn 0.5394 0.8369 -0.0931
vn 0.8966 0.4196 -0.1419
vn 0.9460 0.2998 -0.1235
vn 0.6008 0.7316 -0.3222
vn -0.0191 0.4040 -0.9145
vn 0.8169 0.4287 0.3859
vn 0.1683 0.6036 0.7793
vn 0.1469 0.9233 0.3550
vn 0.4658 0.7154 0.5209
vn 0.4971 0.5050 0.7056
vn 0.0131 0.6716 0.7408
vn 0.3015 0.7089 0.6376
vn 0.4928 0.5879 0.6415
vn 0.0767 0.9941 -0.0764
vn -0.5261 0.8504 -0.0098
vn -0.0638 0.6121 0.7882
vn -0.3261 0.6735 0.6633
vn -0.5810 0.4054 0.7058
vn -0.6499 0.2420 0.7204
vn -0.9647 0.1260 -0.2313
vn -0.8018 0.4593 0.3824
vn -0.9427 -0.3332 -0.0152
vn -0.6929 0.5490 0.4674
vn -0.7953 0.5329 -0.2890
vn -0.9791 0.1652 -0.1184
vn -0.5526 0.5131 0.6567
vn -0.3867 0.8134 0.4346
vn 0.6295 0.1321 0.7657
vn -0.1963 0.6593 0.7258
vn 0.0387 0.8427 0.5369
vn -0.4097 0.7028 0.5816
vn -0.4076 0.8931 -0.1901
vn 0.1496 0.8203 0.5521
vn 0.1577 0.9870 0.0318
vn -0.7808 0.6058 -0.1532
vn -0.8159 0.5005 -0.2895
vn -0.6035 0.7706 -0.2047
vn -0.8047 0.5433 -0.2392
vn -0.0732 0.9893 -0.1260
vn -0.5500 0.8121 -0.1952
vn -0.0096 0.9960 -0.0891
vn -0.9596 0.2720 -0.0727
vn -0.5574 0.8302 0.0083
vn -0.8222 0.5686 0.0272
vn -0.8639 0.5035 -0.0112
vn -0.3053 0.9161 0.2599
vn -0.2951 0.9225 0.2490
vn -0.1034 0.9693 0.2231
vn -0.2745 0.9609 0.0365
vn -0.7316 0.6772 0.0785
vn 0.1015 0.9922 0.0726
vn -0.7521 0.6429 0.1449
vn -0.0886 0.9769 0.1947
vn 0.4937 0.8482 0.1920
vn 0.3648 0.9293 -0.0581
vn 0.5642 0.8215 -0.0827
vn 0.7851 0.6188 -0.0244
vn 0.8651 0.4917 0.0991
vn 0.8881 0.4560 0.0573
vn 0.4948 0.8650 0.0830
vn -0.0519 0.9878 0.1469
vn 0.9985 -0.0051 -0.0538
vn 0.9453 0.3166 -0.0781
vn 0.9958 -0.0859 -0.0304
vn 0.5434 0.8389 -0.0325
vn 0.4428 0.8942 -0.0656
vn 0.6659 0.7289 -0.1592
vn -0.0481 0.9987 0.0154
vn -0.7368 0.6589 0.1513
vn -0.7276 0.6854 0.0270
vn -0.7344 0.6757 -0.0633
vn -0.1287 0.9911 -0.0329
vn 0.4842 0.8703 -0.0896
vn -0.1962 0.9764 -0.0906
vn 0.7016 0.6982 0.1421
vn 0.0487 0.9924 -0.1128
vn 0.7121 0.6845 -0.1563
vn 0.4371 0.8994 -0.0060
vn 0.9065 0.4052 0.1189
vn 0.7938 0.5853 0.1652
vn 0.9845 0.1605 -0.0708
vn 0.9998 -0.0186 0.0107
vn 0.9946 0.0958 0.0393
vn 0.8791 0.4739 -0.0511
vn 0.9528 -0.3013 -0.0376
vn 0.9489 -0.2379 0.2072
vn 0.8507 -0.5020 0.1561
vn 0.9792 -0.2028 0.0100
vn 0.7417 -0.5836 0.3305
vn 0.7167 -0.6926 -0.0813
vn 0.7769 -0.6292 0.0242
vn -0.3473 -0.9312 -0.1106
vn -0.2638 -0.9542 0.1410
vn -0.0937 -0.9937 -0.0613
vn -0.5499 -0.7974 0.2487
vn 0.3576 -0.7629 0.5387
vn -0.8153 -0.5701 0.1012
vn -0.3895 -0.8289 0.4014
vn 0.1096 -0.7873 0.6067
vn 0.1059 -0.7967 -0.5950
vn 0.4636 -0.5368 -0.7050
vn -0.6919 -0.6125 0.3823
vn -0.0572 -0.3198 -0.9458
vn 0.4192 -0.4441 -0.7919
vn 0.3946 -0.4123 -0.8211
vn 0.4320 -0.2647 -0.8622
vn 0.9444 -0.1858 -0.2713
vn 0.9527 0.0907 -0.2899
vn 0.8437 0.4693 -0.2607
vn 0.8503 0.4934 -0.1830
vn 0.3482 -0.0488 -0.9361
vn 0.4587 0.5732 -0.6789
vn 0.5647 0.8207 -0.0868
vn 0.0699 0.9970 0.0326
vn 0.0600 0.4414 -0.8953
vn -0.3452 0.9381 0.0297
vn -0.7533 0.6535 0.0739
vn 0.2360 0.9716 0.0175
vn 0.4926 0.8625 -0.1160
vn -0.3712 0.7121 -0.5960
vn 0.0808 0.9946 -0.0644
vn -0.7380 0.6741 0.0311
vn -0.3199 0.9474 -0.0074
vn -0.8214 0.5692 0.0353
vn -0.9772 0.1928 0.0891
vn -0.9960 0.0142 -0.0883
vn -0.8487 0.5288 0.0115
vn -0.5892 0.8077 0.0236
vn -0.9468 0.3190 -0.0426
vn -0.9877 0.1459 -0.0562
vn -0.9918 0.0832 -0.0974
vn -0.9878 0.1360 -0.0756
vn -0.9915 -0.0930 0.0906
vn -0.9973 0.0189 0.0711
vn -0.9270 -0.3115 0.2088
vn -0.8266 -0.5437 0.1454
vn -0.9956 0.0923 -0.0154
vn -0.7159 -0.5219 0.4638
vn -0.9383 -0.3419 -0.0515
vn -0.9999 -0.0072 -0.0107
vn -0.7670 0.6225 -0.1555
vn -0.9990 0.0436 0.0085
vn -0.9909 0.1322 0.0269
vn -0.9861 -0.1321 -0.1009
vn -0.9689 -0.2268 -0.0989
vn -0.7438 -0.6520 -0.1472
vn -0.8912 -0.4035 -0.2071
vn -0.9937 0.0351 -0.1063
vn -0.6129 -0.7850 -0.0899
vn -0.9963 -0.0630 -0.0585
vn -0.6746 -0.7343 -0.0759
vn -0.0160 -0.9981 -0.0601
vn 0.1064 -0.9869 -0.1213
vn 0.0630 -0.9886 -0.1371
vn -0.6467 -0.7589 -0.0762
vn -0.9954 -0.0800 -0.0527
vn -0.9895 -0.1349 -0.0525
vn -0.9573 0.2876 -0.0287
vn -0.9687 0.2478 0.0164
vn -0.5719 -0.8168 -0.0762
vn -0.5570 -0.8235 -0.1077
vn -0.9690 -0.2408 -0.0550
vn -0.9852 0.1335 -0.1073
vn -0.9706 0.2305 -0.0698
vn 0.0451 -0.9762 -0.2123
vn -0.6088 -0.7856 -0.1100
vn -0.9469 -0.3212 -0.0157
vn 0.0574 -0.9762 -0.2089
vn 0.6525 -0.7408 -0.1599
vn 0.6070 -0.7702 -0.1958
vn 0.5775 -0.7936 -0.1914
vn 0.0803 -0.9880 -0.1317
vn 0.6119 -0.7515 -0.2467
vn 0.2067 -0.9671 -0.1485
vn 0.6841 -0.7190 -0.1230
vn 0.8741 -0.4552 -0.1696
vn 0.9132 -0.3404 -0.2240
vn 0.9264 -0.3224 -0.1947
vn 0.9831 -0.0475 -0.1766
vn 0.9867 0.0805 -0.1410
vn 0.9571 -0.1572 -0.2433
vn 0.9350 -0.3390 -0.1046
vn 0.9854 0.1614 -0.0541
vn 0.9572 0.2743 -0.0925
vn 0.9180 0.3732 -0.1342
vn 0.8982 0.4370 0.0485
vn 0.9884 0.1488 0.0292
vn 0.9481 -0.3090 -0.0749
vn 0.8954 0.4425 -0.0493
vn 0.4043 0.9138 -0.0390
vn 0.6644 0.7460 -0.0449
vn 0.5677 0.8231 -0.0153
vn 0.6559 0.7548 -0.0065
vn 0.9096 0.4108 0.0618
vn 0.4789 0.6248 0.6166
vn 0.6434 0.3613 0.6749
vn 0.6848 0.1629 0.7102
vn 0.3061 0.6207 0.7218
vn 0.7943 0.5751 -0.1955
vn 0.6598 -0.7505 -0.0384
vn 0.9500 -0.3109 0.0295
vn 0.9793 0.1852 0.0815
vn 0.6620 -0.2828 0.6941
vn 0.5390 -0.4057 0.7382
vn 0.6584 0.0063 0.7527
vn 0.6871 0.0957 0.7202
vn 0.0045 -0.6983 0.7157
vn 0.6483 0.3487 0.6768
vn 0.3292 -0.6336 0.7001
vn 0.3229 -0.6322 0.7043
vn 0.4952 -0.5604 0.6638
vn 0.0316 -0.9933 -0.1114
vn 0.0437 -0.9983 -0.0384
vn -0.6605 -0.7459 -0.0859
vn -0.3236 -0.7102 0.6253
vn 0.0418 -0.7691 0.6378
vn 0.8475 -0.5264 0.0681
vn 0.6328 -0.7663 -0.1113
vn 0.8902 -0.4381 -0.1249
vn 0.7017 -0.7118 0.0311
vn 0.8027 -0.5961 0.0199
vn 0.8610 -0.5086 -0.0023
vn 0.9050 -0.4254 0.0096
vn 0.9288 -0.3690 -0.0352
vn 0.8533 -0.5213 0.0086
vn 0.9360 -0.3322 -0.1161
vn 0.9866 -0.1283 -0.1006
vn 0.9849 -0.1055 -0.1369
vn 0.9734 -0.2284 0.0187
vn 0.9434 0.3093 -0.1196
vn 0.9983 -0.0108 0.0568
vn 0.9736 -0.2163 -0.0731
vn 0.9234 -0.3561 0.1429
vn 0.8527 -0.5190 -0.0594
vn 0.8989 -0.4372 -0.0297
vn 0.0062 -1.0000 -0.0002
vn 0.4461 -0.8945 0.0299
vn 0.4994 -0.8664 0.0052
vn 0.5227 -0.8485 -0.0829
vn 0.8222 0.5444 -0.1660
vn -0.8880 -0.4552 -0.0659
vn -0.9272 -0.3689 0.0647
vn -0.9691 -0.2293 -0.0904
vn -0.4673 -0.1207 -0.8758
vn -0.3177 -0.3439 -0.8836
vn -0.4790 -0.6431 -0.5975
vn -0.5896 -0.7981 0.1242
vn -0.5026 0.2045 -0.8400
vn -0.0010 -0.9794 -0.2021
vn -0.8052 -0.5168 -0.2908
vn -0.9537 -0.3005 -0.0138
vn -0.9755 -0.2200 0.0100
vn -0.9284 0.0084 -0.3715
vn -0.4678 -0.5453 0.6955
s 1
f 2//1 1//2 4//3
f 2//1 3//4 1//2
f 1//2 3//4 5//5
f 1//2 5//5 6//6
f 6//6 8//7 7//8
f 6//6 5//5 10//9
f 6//6 9//10 8//7
f 6//6 10//9 9//10
f 8//7 10//9 11//11
f 11//11 10//9 12//12
f 8//7 9//10 10//9
f 13//13 12//12 10//9
f 13//13 10//9 5//5
f 15//14 13//13 14//15
f 14//15 13//13 5//5
f 16//16 13//13 15//14
f 17//17 13//13 16//16
f 17//17 12//12 13//13
f 11//11 12//12 17//17
f 17//17 18//18 11//11
f 17//17 19//19 18//18
f 20//20 19//19 17//17
f 20//20 17//17 16//16
f 20//20 21//21 22//22
f 20//20 16//16 21//21
f 25//23 20//20 22//22
f 23//24 19//19 20//20
f 24//25 23//24 20//20
f 24//25 20//20 25//23
f 28//26 26//27 25//23
f 25//23 26//27 29//28
f 28//26 25//23 27//29
f 25//23 22//22 27//29
f 25//23 29//28 24//25
f 31//30 29//28 30//31
f 30//31 29//28 26//27
f 31//30 33//32 29//28
f 29//28 32//33 24//25
f 29//28 33//32 32//33
f 32//33 34//34 23//24
f 32//33 23//24 24//25
f 7//8 35//35 34//34
f 34//34 18//18 23//24
f 34//34 35//35 18//18
f 18//18 35//35 8//7
f 7//8 8//7 35//35
f 30//31 36//36 31//30
f 30//31 37//37 36//36
f 38//38 37//37 30//31
f 38//38 39//39 37//37
f 39//39 40//40 37//37
f 39//39 41//41 40//40
f 42//42 40//40 41//41
f 43//43 42//42 44//44
f 42//42 41//41 44//44
f 44//44 45//45 47//46
f 44//44 41//41 45//45
f 43//43 44//44 46//47
f 46//47 44//44 47//46
f 45//45 48//48 47//46
f 48//48 49//49 47//46
f 46//47 47//46 49//49
f 48//48 50//50 49//49
f 50//50 52//51 49//49
f 51//52 46//47 49//49
f 51//52 49//49 52//51
f 56//53 52//51 53//54
f 52//51 54//55 53//54
f 52//51 55//56 54//55
f 56//53 51//52 52//51
f 50//50 55//56 52//51
f 57//57 56//53 58//58
f 57//57 60//59 56//53
f 59//60 56//53 53//54
f 59//60 58//58 56//53
f 60//59 51//52 56//53
f 62//61 61//62 60//59
f 61//62 46//47 60//59
f 62//61 60//59 57//57
f 60//59 46//47 51//52
f 57//57 63//63 62//61
f 57//57 64//64 63//63
f 65//65 63//63 64//64
f 65//65 64//64 66//66
f 66//66 67//67 65//65
f 2//1 68//68 67//67
f 66//66 69//69 67//67
f 70//70 67//67 69//69
f 2//1 67//67 70//70
f 70//70 69//69 71//71
f 71//71 72//72 70//70
f 70//70 72//72 3//4
f 70//70 3//4 2//1
f 71//71 73//73 72//72
f 3//4 72//72 73//73
f 75//74 73//73 71//71
f 3//4 73//73 14//15
f 73//73 76//75 14//15
f 75//74 74//76 73//73
f 73//73 74//76 76//75
f 74//76 77//77 76//75
f 77//77 15//14 76//75
f 15//14 14//15 76//75
f 74//76 78//78 77//77
f 80//79 77//77 78//78
f 80//79 79//80 77//77
f 77//77 79//80 15//14
f 80//79 78//78 81//81
f 80//79 82//82 79//80
f 84//83 82//82 83//84
f 84//83 79//80 82//82
f 15//14 79//80 84//83
f 84//83 85//85 22//22
f 15//14 84//83 21//21
f 84//83 22//22 21//21
f 27//29 85//85 86//86
f 27//29 22//22 85//85
f 86//86 87//87 27//29
f 87//87 28//26 27//29
f 87//87 88//88 28//26
f 88//88 89//89 28//26
f 88//88 91//90 89//89
f 90//91 91//90 88//88
f 91//90 94//92 89//89
f 90//91 93//93 91//90
f 92//94 91//90 93//93
f 92//94 95//95 91//90
f 91//90 95//95 94//92
f 92//94 96//96 95//95
f 95//95 96//96 94//92
f 92//94 97//97 96//96
f 98//98 96//96 97//97
f 94//92 96//96 98//98
f 48//48 98//98 99//99
f 45//45 98//98 48//48
f 98//98 97//97 99//99
f 94//92 98//98 45//45
f 99//99 100//100 101//101
f 99//99 97//97 100//100
f 48//48 99//99 102//102
f 103//103 48//48 102//102
f 103//103 50//50 48//48
f 104//104 50//50 103//103
f 107//105 104//104 105//106
f 104//104 106//107 50//50
f 107//105 106//107 104//104
f 107//105 54//55 106//107
f 107//105 108//108 54//55
f 111//109 108//108 107//105
f 107//105 109//110 111//109
f 107//105 110//111 109//110
f 105//106 110//111 107//105
f 111//109 59//60 108//108
f 57//57 59//60 111//109
f 111//109 109//110 64//64
f 111//109 64//64 57//57
f 110//111 112//112 114//113
f 110//111 113//114 112//112
f 105//106 113//114 110//111
f 109//110 110//111 114//113
f 109//110 114//113 115//115
f 114//113 116//116 115//115
f 114//113 117//117 116//116
f 75//74 116//116 117//117
f 119//118 117//117 118//119
f 75//74 117//117 119//118
f 81//81 119//118 120//120
f 119//118 118//119 120//120
f 119//118 74//76 75//74
f 119//118 78//78 74//76
f 81//81 78//78 119//118
f 116//116 66//66 115//115
f 116//116 69//69 66//66
f 71//71 69//69 116//116
f 71//71 116//116 75//74
f 64//64 115//115 66//66
f 64//64 109//110 115//115
f 54//55 108//108 59//60
f 50//50 106//107 54//55
f 97//97 121//121 100//100
f 93//93 122//122 121//121
f 97//97 92//94 121//121
f 93//93 121//121 92//94
f 89//89 94//92 39//39
f 45//45 39//39 94//92
f 38//38 28//26 89//89
f 89//89 39//39 38//38
f 61//62 43//43 46//47
f 54//55 59//60 53//54
f 57//57 58//58 59//60
f 50//50 54//55 55//56
f 45//45 41//41 39//39
f 30//31 26//27 38//38
f 38//38 26//27 28//26
f 23//24 18//18 19//19
f 16//16 15//14 21//21
f 18//18 8//7 11//11
f 14//15 5//5 3//4
f 124//123 123//124 126//125
f 124//123 125//126 123//124
f 123//124 127//127 126//125
f 123//124 128//128 127//127
f 123//124 129//129 128//128
f 123//124 130//130 129//129
f 128//128 129//129 131//131
f 128//128 131//131 132//132
f 132//132 131//131 133//133
f 132//132 133//133 134//134
f 133//133 136//135 134//134
f 133//133 135//136 136//135
f 136//135 137//137 134//134
f 136//135 138//138 137//137
f 139//139 138//138 136//135
f 139//139 141//140 138//138
f 140//141 141//140 139//139
f 141//140 142//142 138//138
f 140//141 144//143 141//140
f 141//140 143//144 142//142
f 144//143 143//144 141//140
f 144//143 145//145 146//146
f 144//143 140//141 145//145
f 148//147 144//143 146//146
f 144//143 147//148 143//144
f 148//147 147//148 144//143
f 153//149 148//147 146//146
f 151//150 147//148 148//147
f 148//147 150//151 149//152
f 151//150 148//147 149//152
f 148//147 152//153 150//151
f 153//149 152//153 148//147
f 154//154 152//153 153//149
f 154//154 155//155 152//153
f 156//156 155//155 154//154
f 156//156 157//157 155//155
f 158//158 157//157 156//156
f 159//159 160//160 158//158
f 160//160 161//161 158//158
f 158//158 161//161 157//157
f 157//157 161//161 163//162
f 161//161 162//163 164//164
f 160//160 162//163 161//161
f 161//161 164//164 163//162
f 163//162 164//164 166//165
f 164//164 165//166 166//165
f 164//164 162//163 165//166
f 166//165 167//167 168//168
f 166//165 169//169 167//167
f 163//162 166//165 168//168
f 165//166 169//169 166//165
f 169//169 171//170 167//167
f 165//166 170//171 169//169
f 169//169 170//171 171//170
f 171//170 172//172 173//173
f 171//170 173//173 167//167
f 167//167 173//173 174//174
f 173//173 175//175 174//174
f 173//173 172//172 175//175
f 172//172 176//176 175//175
f 155//155 175//175 176//176
f 155//155 157//157 175//175
f 157//157 174//174 175//175
f 152//153 176//176 150//151
f 152//153 155//155 176//176
f 177//177 150//151 176//176
f 172//172 177//177 176//176
f 177//177 178//178 150//151
f 149//152 178//178 179//179
f 149//152 150//151 178//178
f 149//152 179//179 180//180
f 180//180 179//179 181//181
f 180//180 181//181 182//182
f 184//183 182//182 183//184
f 184//183 180//180 182//182
f 184//183 185//185 187//186
f 186//187 185//185 184//183
f 149//152 180//180 184//183
f 186//187 184//183 183//184
f 184//183 187//186 151//150
f 149//152 184//183 151//150
f 142//142 143//144 187//186
f 143//144 151//150 187//186
f 142//142 187//186 188//188
f 190//189 188//188 189//190
f 190//189 142//142 188//188
f 138//138 190//189 137//137
f 138//138 142//142 190//189
f 192//191 190//189 191//192
f 191//192 190//189 189//190
f 137//137 190//189 192//191
f 192//191 191//192 193//193
f 194//194 192//191 193//193
f 137//137 192//191 194//194
f 194//194 193//193 197//195
f 195//196 194//194 197//195
f 195//196 196//197 194//194
f 196//197 137//137 194//194
f 197//195 193//193 199//198
f 198//199 195//196 197//195
f 197//195 199//198 198//199
f 200//200 199//198 193//193
f 198//199 199//198 200//200
f 202//201 200//200 201//202
f 200//200 203//203 201//202
f 127//127 200//200 202//201
f 200//200 193//193 191//192
f 200//200 191//192 203//203
f 198//199 200//200 127//127
f 205//204 203//203 189//190
f 191//192 189//190 203//203
f 204//205 201//202 203//203
f 205//204 204//205 203//203
f 204//205 206//206 201//202
f 206//206 207//207 201//202
f 206//206 208//208 207//207
f 208//208 209//209 207//207
f 208//208 210//210 209//209
f 209//209 210//210 211//211
f 213//212 211//211 212//213
f 209//209 211//211 213//212
f 213//212 214//214 209//209
f 213//212 215//215 214//214
f 216//216 215//215 213//212
f 216//216 213//212 217//217
f 213//212 212//213 217//217
f 218//218 217//217 220//219
f 218//218 216//216 217//217
f 217//217 219//220 220//219
f 217//217 212//213 219//220
f 219//220 221//221 220//219
f 221//221 218//218 220//219
f 221//221 222//222 170//171
f 219//220 222//222 221//221
f 221//221 170//171 165//166
f 165//166 223//223 221//221
f 221//221 223//223 218//218
f 160//160 224//224 223//223
f 218//218 223//223 224//224
f 165//166 162//163 223//223
f 160//160 223//223 162//163
f 225//225 224//224 160//160
f 225//225 226//226 224//224
f 218//218 224//224 226//226
f 227//227 226//226 225//225
f 227//227 228//228 226//226
f 226//226 228//228 216//216
f 226//226 216//216 218//218
f 124//123 228//228 227//227
f 124//123 229//229 228//228
f 228//228 229//229 215//215
f 228//228 215//215 216//216
f 126//125 229//229 124//123
f 126//125 230//230 229//229
f 229//229 214//214 215//215
f 229//229 230//230 214//214
f 202//201 230//230 126//125
f 202//201 214//214 230//230
f 125//126 124//123 227//227
f 125//126 227//227 231//231
f 160//160 232//232 225//225
f 160//160 233//233 232//232
f 159//159 233//233 160//160
f 209//209 214//214 202//201
f 209//209 202//201 207//207
f 202//201 201//202 207//207
f 127//127 202//201 126//125
f 127//127 234//234 198//199
f 198//199 234//234 195//196
f 127//127 128//128 234//234
f 234//234 128//128 132//132
f 234//234 132//132 195//196
f 132//132 196//197 195//196
f 132//132 134//134 196//197
f 196//197 134//134 137//137
f 167//167 174//174 168//168
f 174//174 163//162 168//168
f 174//174 235//235 163//162
f 157//157 235//235 174//174
f 157//157 163//162 235//235
f 143//144 147//148 151//150
f 236//236 237//237 239//238
f 236//236 238//239 237//237
f 238//239 236//236 241//240
f 240//241 236//236 239//238
f 240//241 241//240 236//236
f 242//242 244//243 241//240
f 271//244 242//242 241//240
f 252//245 243//246 241//240
f 243//246 246//247 241//240
f 244//243 245//248 241//240
f 245//248 247//249 241//240
f 251//250 241//240 246//247
f 247//249 238//239 241//240
f 240//241 248//251 241//240
f 248//251 250//252 241//240
f 249//253 241//240 266//254
f 241//240 249//253 267//255
f 241//240 250//252 265//256
f 241//240 251//250 268//257
f 253//258 252//245 241//240
f 254//259 253//258 241//240
f 255//260 254//259 241//240
f 256//261 255//260 241//240
f 257//262 256//261 241//240
f 258//263 257//262 241//240
f 259//264 258//263 241//240
f 260//265 259//264 241//240
f 261//266 260//265 241//240
f 262//267 261//266 241//240
f 263//268 262//267 241//240
f 272//269 263//268 241//240
f 241//240 264//270 270//271
f 264//270 241//240 265//256
f 268//257 266//254 241//240
f 267//255 269//272 241//240
f 269//272 271//244 241//240
f 270//271 272//269 241//240
f 276//273 272//269 270//271
f 263//268 272//269 273//274
f 274//275 273//274 272//269
f 274//275 272//269 275//276
f 276//273 275//276 272//269
f 275//276 276//273 277//277
f 279//278 277//277 276//273
f 276//273 265//256 278//279
f 279//278 276//273 278//279
f 276//273 264//270 265//256
f 270//271 264//270 276//273
f 282//280 280//281 279//278
f 279//278 280//281 281//282
f 279//278 281//282 277//277
f 279//278 283//283 282//280
f 279//278 278//279 283//283
f 282//280 283//283 284//284
f 250//252 284//284 283//283
f 278//279 250//252 283//283
f 286//285 284//284 285//286
f 248//251 285//286 284//284
f 250//252 248//251 284//284
f 282//280 284//284 286//285
f 286//285 287//287 289//288
f 288//289 287//287 286//285
f 286//285 285//286 288//289
f 286//285 289//288 282//280
f 287//287 290//290 289//288
f 289//288 290//290 291//291
f 282//280 289//288 280//281
f 289//288 291//291 280//281
f 290//290 292//292 291//291
f 292//292 293//293 291//291
f 280//281 291//291 293//293
f 293//293 294//294 296//295
f 292//292 294//294 293//293
f 281//282 293//293 295//296
f 280//281 293//293 281//282
f 293//293 296//295 295//296
f 299//297 296//295 297//298
f 297//298 296//295 294//294
f 295//296 296//295 298//299
f 299//297 298//299 296//295
f 300//300 301//301 299//297
f 300//300 299//297 297//298
f 303//302 299//297 301//301
f 298//299 299//297 302//303
f 303//302 302//303 299//297
f 305//304 302//303 303//302
f 307//305 303//302 304//306
f 304//306 303//302 301//301
f 305//304 303//302 306//307
f 307//305 306//307 303//302
f 308//308 307//305 304//306
f 308//308 309//309 307//305
f 309//309 306//307 307//305
f 308//308 310//310 309//309
f 312//311 309//309 310//310
f 309//309 311//312 306//307
f 312//311 311//312 309//309
f 312//311 316//313 313//314
f 312//311 313//314 311//312
f 312//311 314//315 315//316
f 312//311 317//317 314//315
f 312//311 315//316 316//313
f 317//317 312//311 310//310
f 314//315 317//317 318//318
f 318//318 317//317 319//319
f 317//317 310//310 319//319
f 321//320 319//319 320//321
f 320//321 319//319 310//310
f 318//318 319//319 323//322
f 319//319 321//320 322//323
f 319//319 322//323 323//322
f 325//324 323//322 324//325
f 323//322 326//326 324//325
f 325//324 318//318 323//322
f 323//322 322//323 326//326
f 324//325 326//326 327//327
f 327//327 326//326 329//328
f 322//323 328//329 326//326
f 329//328 326//326 328//329
f 330//330 331//331 329//328
f 332//332 330//330 329//328
f 327//327 329//328 331//331
f 329//328 328//329 332//332
f 330//330 332//332 334//333
f 328//329 333//334 332//332
f 332//332 333//334 335//335
f 332//332 335//335 334//333
f 336//336 335//335 333//334
f 335//335 337//337 334//333
f 338//338 335//335 336//336
f 338//338 337//337 335//335
f 339//339 338//338 336//336
f 339//339 343//340 338//338
f 340//341 337//337 338//338
f 341//342 340//341 338//338
f 341//342 338//338 342//343
f 342//343 338//338 343//340
f 333//334 343//340 339//339
f 343//340 344//344 346//345
f 344//344 343//340 345//346
f 333//334 345//346 343//340
f 343//340 346//345 342//343
f 349//347 346//345 347//348
f 346//345 348//349 347//348
f 346//345 344//344 348//349
f 349//347 342//343 346//345
f 351//350 349//347 350//351
f 349//347 304//306 350//351
f 349//347 347//348 304//306
f 351//350 342//343 349//347
f 352//352 351//350 354//353
f 352//352 353//354 351//350
f 351//350 350//351 354//353
f 353//354 341//342 351//350
f 351//350 341//342 342//343
f 358//355 354//353 355//356
f 354//353 356//357 355//356
f 352//352 354//353 357//358
f 354//353 350//351 356//357
f 357//358 354//353 358//355
f 358//355 355//356 359//359
f 363//360 358//355 359//359
f 357//358 358//355 360//361
f 360//361 358//355 362//362
f 361//363 362//362 358//355
f 358//355 364//364 361//363
f 363//360 364//364 358//355
f 367//365 364//364 365//366
f 365//366 364//364 366//367
f 363//360 366//367 364//364
f 361//363 364//364 367//365
f 368//368 361//363 367//365
f 367//365 369//369 368//368
f 369//369 367//365 365//366
f 371//370 370//371 369//369
f 370//371 368//368 369//369
f 369//369 365//366 371//370
f 371//370 372//372 370//371
f 371//370 375//373 372//372
f 375//373 371//370 373//374
f 371//370 374//375 373//374
f 371//370 365//366 374//375
f 375//373 377//376 372//372
f 375//373 373//374 376//377
f 378//378 375//373 376//377
f 375//373 378//378 377//376
f 381//379 378//378 379//380
f 383//381 379//380 378//378
f 381//379 380//382 378//378
f 380//382 377//376 378//378
f 383//381 378//378 382//383
f 378//378 376//377 382//383
f 386//384 383//381 384//385
f 384//385 383//381 382//383
f 385//386 379//380 383//381
f 386//384 385//386 383//381
f 387//387 385//386 386//384
f 388//388 387//387 386//384
f 388//388 386//384 389//389
f 389//389 386//384 384//385
f 392//390 388//388 389//389
f 389//389 384//385 390//391
f 391//392 389//389 390//391
f 392//390 389//389 391//392
f 388//388 392//390 394//393
f 393//394 392//390 391//392
f 393//394 396//395 392//390
f 395//396 394//393 392//390
f 395//396 392//390 396//395
f 396//395 398//397 395//396
f 396//395 393//394 397//398
f 396//395 397//398 398//397
f 398//397 399//399 401//400
f 398//397 400//401 399//399
f 398//397 402//402 400//401
f 401//400 395//396 398//397
f 398//397 397//398 402//402
f 400//401 402//402 403//403
f 402//402 404//404 403//403
f 402//402 397//398 404//404
f 407//405 405//406 404//404
f 404//404 405//406 406//407
f 404//404 406//407 403//403
f 407//405 404//404 409//408
f 404//404 397//398 408//409
f 409//408 404//404 408//409
f 407//405 409//408 410//410
f 409//408 411//411 410//410
f 409//408 408//409 411//411
f 413//412 412//413 411//411
f 414//414 411//411 412//413
f 413//412 411//411 408//409
f 414//414 410//410 411//411
f 414//414 415//415 410//410
f 414//414 417//416 415//415
f 414//414 416//417 410//418
f 414//414 418//419 417//416
f 414//414 412//413 418//419
f 418//419 419//420 417//416
f 418//419 421//421 419//420
f 397//398 418//419 412//413
f 418//419 420//422 421//421
f 418//419 393//394 420//422
f 393//394 418//419 397//398
f 420//422 425//423 421//421
f 422//424 421//421 423//425
f 422//424 419//420 421//421
f 424//426 423//425 421//421
f 424//426 421//421 425//423
f 426//427 425//423 427//428
f 426//427 424//426 425//423
f 420//422 427//428 425//423
f 427//428 429//429 426//427
f 420//422 428//430 427//428
f 428//430 430//431 427//428
f 427//428 430//431 429//429
f 428//430 431//432 430//431
f 435//433 430//431 431//432
f 434//434 432//435 430//431
f 432//435 433//436 430//431
f 433//436 429//429 430//431
f 434//434 430//431 435//433
f 431//432 440//437 435//433
f 435//433 436//438 438//439
f 435//433 437//440 436//438
f 435//433 439//441 437//440
f 438//439 434//434 435//433
f 435//433 440//437 439//441
f 431//432 446//442 440//437
f 440//437 441//443 443//444
f 440//437 442//445 441//443
f 446//442 442//445 440//437
f 440//437 443//444 444//446
f 440//437 444//446 445//447
f 445//447 439//441 440//437
f 431//432 449//448 446//442
f 446//442 447//449 448//450
f 446//442 449//448 447//449
f 446//442 448//450 450//451
f 442//445 446//442 450//451
f 451//452 450//451 454//453
f 451//452 452//454 450//451
f 453//455 450//451 452//454
f 453//455 442//445 450//451
f 450//451 448//450 454//453
f 454//453 448//450 455//456
f 454//453 455//456 458//457
f 456//458 451//452 454//453
f 456//458 454//453 457//459
f 454//453 459//460 457//459
f 454//453 458//457 459//460
f 459//460 462//461 460//462
f 459//460 460//462 461//463
f 459//460 461//463 457//459
f 459//460 463//464 462//461
f 463//464 459//460 458//457
f 464//465 462//461 463//464
f 463//464 458//457 464//465
f 464//465 458//457 455//456
f 465//466 464//465 455//456
f 464//465 465//466 466//467
f 464//465 466//467 467//468
f 468//469 464//465 467//468
f 468//469 469//470 464//465
f 464//465 469//470 462//461
f 462//461 469//470 470//471
f 470//471 469//470 471//472
f 471//472 469//470 473//473
f 472//474 469//470 468//469
f 472//474 476//475 469//470
f 474//476 469//470 476//475
f 474//476 475//477 469//470
f 477//478 476//475 472//474
f 476//475 478//479 474//476
f 477//478 479//480 476//475
f 476//475 479//480 478//479
f 477//478 481//481 479//480
f 479//480 480//482 478//479
f 479//480 481//481 480//482
f 477//478 482//483 481//481
f 482//483 480//482 481//481
f 482//483 485//484 483//485
f 483//485 484//486 482//483
f 484//486 487//487 482//483
f 482//483 477//478 485//484
f 482//483 486//488 480//482
f 487//487 486//488 482//483
f 489//489 487//487 484//486
f 488//490 492//491 487//487
f 488//490 487//487 490//492
f 489//489 490//492 487//487
f 487//487 491//493 486//488
f 487//487 492//491 491//493
f 488//490 493//494 492//491
f 492//491 493//494 494//495
f 492//491 494//495 491//493
f 493//494 495//496 494//495
f 495//496 491//493 494//495
f 493//494 488//490 495//496
f 488//490 502//497 495//496
f 486//488 495//496 499//498
f 495//496 486//488 491//493
f 495//496 500//499 496//500
f 496//500 497//501 495//496
f 497//501 498//502 495//496
f 495//496 498//502 499//498
f 495//496 501//503 500//499
f 501//503 495//496 503//504
f 502//497 503//504 495//496
f 503//504 504//505 510//506
f 502//497 504//505 503//504
f 506//507 503//504 505//508
f 511//509 505//508 503//504
f 506//507 496//500 503//504
f 507//510 503//504 496//500
f 507//510 508//511 503//504
f 501//503 503//504 508//511
f 503//504 510//506 509//512
f 511//509 503//504 509//512
f 514//513 505//508 511//509
f 515//514 512//515 511//509
f 513//516 511//509 512//515
f 516//517 511//509 509//512
f 514//513 511//509 513//516
f 515//514 511//509 516//517
f 517//518 516//517 518//519
f 519//520 516//517 517//518
f 521//521 518//519 516//517
f 515//514 516//517 519//520
f 520//522 516//517 509//512
f 520//522 521//521 516//517
f 522//523 524//524 521//521
f 523//525 522//523 521//521
f 523//525 521//521 520//522
f 521//521 524//524 525//526
f 521//521 525//526 526//527
f 521//521 526//527 518//519
f 527//528 526//527 525//526
f 527//528 518//519 526//527
f 517//518 518//519 527//528
f 525//526 517//518 527//528
f 525//526 524//524 517//518
f 524//524 528//529 529//530
f 532//531 528//529 524//524
f 524//524 529//530 530//532
f 531//533 524//524 530//532
f 531//533 517//518 524//524
f 522//523 532//531 524//524
f 533//534 532//531 535//535
f 533//534 536//536 532//531
f 535//535 532//531 522//523
f 532//531 534//537 528//529
f 532//531 536//536 534//537
f 534//537 536//536 537//538
f 537//538 536//536 533//534
f 537//538 533//534 539//539
f 534//537 537//538 538//540
f 537//538 540//541 538//540
f 541//542 537//538 539//539
f 537//538 541//542 540//541
f 541//542 542//543 540//541
f 544//544 542//543 541//542
f 541//542 539//539 543//545
f 544//544 541//542 543//545
f 544//544 543//545 549//546
f 544//544 545//547 547//548
f 544//544 546//549 545//547
f 544//544 548//550 546//549
f 544//544 547//548 542//543
f 544//544 549//546 548//550
f 543//545 550//551 549//546
f 549//546 550//551 300//300
f 549//546 300//300 548//550
f 543//545 551//552 550//551
f 550//551 552//553 301//301
f 300//300 550//551 301//301
f 550//551 551//552 552//553
f 551//552 356//357 552//553
f 350//351 552//553 356//357
f 304//306 301//301 552//553
f 350//351 304//306 552//553
f 551//552 553//554 356//357
f 553//554 551//552 543//545
f 553//554 543//545 539//539
f 553//554 355//356 356//357
f 553//554 554//555 355//356
f 554//555 553//554 539//539
f 554//555 539//539 533//534
f 535//535 554//555 533//534
f 554//555 359//359 355//356
f 554//555 555//556 359//359
f 535//535 555//556 554//555
f 556//557 555//556 535//535
f 555//556 556//557 363//360
f 555//556 363//360 359//359
f 556//557 557//558 366//367
f 557//558 556//557 558//559
f 556//557 535//535 558//559
f 556//557 366//367 363//360
f 557//558 558//559 559//560
f 558//559 523//525 559//560
f 535//535 522//523 558//559
f 558//559 522//523 523//525
f 560//561 557//558 559//560
f 560//561 559//560 561//562
f 559//560 562//563 561//562
f 559//560 523//525 562//563
f 564//564 562//563 563//565
f 562//563 520//522 563//565
f 561//562 562//563 564//564
f 562//563 523//525 520//522
f 561//562 564//564 565//566
f 565//566 564//564 566//567
f 566//567 564//564 489//489
f 564//564 567//568 489//489
f 564//564 563//565 567//568
f 489//489 567//568 570//569
f 567//568 563//565 568//570
f 567//568 568//570 569//571
f 571//572 567//568 569//571
f 488//490 570//569 567//568
f 571//572 488//490 567//568
f 573//573 571//572 572//574
f 572//574 571//572 569//571
f 573//573 488//490 571//572
f 563//565 573//573 572//574
f 563//565 574//575 573//573
f 509//512 573//573 574//575
f 510//506 573//573 509//512
f 573//573 575//576 488//490
f 573//573 510//506 575//576
f 488//490 575//576 502//497
f 575//576 510//506 504//505
f 502//497 575//576 504//505
f 509//512 574//575 576//577
f 576//577 574//575 577//578
f 563//565 577//578 574//575
f 576//577 577//578 578//579
f 563//565 578//579 577//578
f 578//579 509//512 576//577
f 563//565 520//522 578//579
f 578//579 520//522 509//512
f 572//574 569//571 568//570
f 563//565 572//574 568//570
f 489//489 570//569 579//580
f 580//581 579//580 570//569
f 488//490 580//581 570//569
f 488//490 490//492 580//581
f 580//581 490//492 579//580
f 489//489 579//580 490//492
f 566//567 489//489 484//486
f 566//567 484//486 583//582
f 566//567 581//583 584//584
f 566//567 582//585 581//583
f 566//567 583//582 582//585
f 565//566 566//567 584//584
f 585//586 584//584 581//583
f 585//586 586//587 584//584
f 586//587 565//566 584//584
f 586//587 587//588 565//566
f 587//588 586//587 588//589
f 586//587 589//590 588//589
f 586//587 585//586 589//590
f 589//590 585//586 591//591
f 590//592 589//590 592//593
f 588//589 589//590 590//592
f 589//590 591//591 592//593
f 590//592 592//593 593//594
f 428//430 593//594 592//593
f 449//448 428//430 592//593
f 449//448 592//593 591//591
f 594//595 593//594 596//596
f 594//595 590//592 593//594
f 428//430 595//597 593//594
f 595//597 596//596 593//594
f 598//598 594//595 596//596
f 598//598 596//596 597//599
f 597//599 596//596 599//600
f 595//597 599//600 596//596
f 599//600 595//597 600//601
f 599//600 600//601 601//602
f 597//599 599//600 601//602
f 602//603 597//599 601//602
f 600//601 602//603 601//602
f 602//603 603//604 597//599
f 604//605 603//604 602//603
f 600//601 604//605 602//603
f 420//422 604//605 600//601
f 420//422 393//394 604//605
f 604//605 605//606 603//604
f 604//605 391//392 605//606
f 604//605 393//394 391//392
f 391//392 390//391 605//606
f 605//606 390//391 606//607
f 605//606 606//607 603//604
f 390//391 607//608 606//607
f 607//608 598//598 606//607
f 606//607 598//598 597//599
f 606//607 597//599 603//604
f 384//385 382//383 607//608
f 382//383 608//609 607//608
f 607//608 608//609 598//598
f 390//391 384//385 607//608
f 382//383 376//377 608//609
f 376//377 609//610 608//609
f 608//609 594//595 598//598
f 608//609 609//610 594//595
f 610//611 594//595 609//610
f 374//375 609//610 373//374
f 376//377 373//374 609//610
f 374//375 610//611 609//610
f 611//612 610//611 374//375
f 611//612 588//589 610//611
f 610//611 590//592 594//595
f 588//589 590//592 610//611
f 365//366 611//612 374//375
f 365//366 612//613 611//612
f 612//613 587//588 611//612
f 587//588 588//589 611//612
f 365//366 366//367 612//613
f 560//561 612//613 366//367
f 612//613 560//561 587//588
f 428//430 600//601 595//597
f 428//430 420//422 600//601
f 613//614 591//591 585//586
f 447//449 591//591 613//614
f 447//449 449//448 591//591
f 613//614 581//583 582//585
f 613//614 585//586 581//583
f 613//614 582//585 455//456
f 448//450 447//449 613//614
f 448//450 613//614 455//456
f 587//588 561//562 565//566
f 587//588 560//561 561//562
f 465//466 582//585 583//582
f 484//486 614//615 583//582
f 485//484 583//582 614//615
f 485//484 477//478 583//582
f 615//616 583//582 477//478
f 615//616 616//617 583//582
f 465//466 583//582 616//617
f 465//466 616//617 617//618
f 615//616 617//618 616//617
f 465//466 617//618 618//619
f 615//616 618//619 617//618
f 477//478 618//619 615//616
f 477//478 472//474 618//619
f 465//466 618//619 472//474
f 483//485 614//615 619//620
f 483//485 485//484 614//615
f 484//486 619//620 614//615
f 483//485 619//620 484//486
f 465//466 455//456 582//585
f 560//561 366//367 557//558
f 620//621 548//550 300//300
f 620//621 621//622 548//550
f 546//549 548//550 621//622
f 623//623 621//622 620//621
f 624//624 622//625 621//622
f 546//549 621//622 622//625
f 623//623 624//624 621//622
f 624//624 626//626 622//625
f 625//627 626//626 624//624
f 625//627 624//624 623//623
f 626//626 627//628 622//625
f 626//626 628//629 627//628
f 629//630 628//629 626//626
f 625//627 629//630 626//626
f 633//631 629//630 625//627
f 629//630 630//632 632//633
f 629//630 631//634 630//632
f 633//631 631//634 629//630
f 629//630 632//633 628//629
f 636//635 634//636 633//631
f 634//636 635//637 633//631
f 635//637 631//634 633//631
f 636//635 633//631 625//627
f 639//638 636//635 637//639
f 636//635 638//640 637//639
f 625//627 623//623 636//635
f 636//635 623//623 638//640
f 639//638 634//636 636//635
f 642//641 634//636 639//638
f 641//642 639//638 637//639
f 642//641 639//638 640//643
f 640//643 639//638 641//642
f 643//644 642//641 640//643
f 642//641 643//644 644//645
f 634//636 642//641 635//637
f 642//641 644//645 635//637
f 644//645 645//646 635//637
f 644//645 647//647 645//646
f 644//645 646//648 648//649
f 644//645 643//644 646//648
f 648//649 647//647 644//645
f 646//648 649//650 648//649
f 650//651 648//649 649//650
f 648//649 650//651 647//647
f 650//651 649//650 651//652
f 650//651 651//652 652//653
f 650//651 652//653 653//654
f 653//654 647//647 650//651
f 656//655 653//654 654//656
f 653//654 657//657 654//656
f 653//654 652//653 657//657
f 653//654 655//658 647//647
f 656//655 655//658 653//654
f 657//657 660//659 654//656
f 657//657 658//660 660//659
f 657//657 659//661 658//660
f 657//657 663//662 659//661
f 657//657 661//663 662//664
f 657//657 664//665 661//663
f 657//657 662//664 663//662
f 657//657 652//653 664//665
f 664//665 665//666 668//667
f 652//653 665//666 664//665
f 664//665 666//668 661//663
f 664//665 667//669 666//668
f 664//665 670//670 667//669
f 664//665 668//667 669//671
f 664//665 669//671 670//670
f 671//672 672//673 670//670
f 668//667 671//672 670//670
f 668//667 670//670 669//671
f 673//674 670//670 672//673
f 673//674 667//669 670//670
f 674//675 673//674 675//676
f 667//669 673//674 674//675
f 675//676 673//674 678//677
f 679//678 673//674 672//673
f 678//677 673//674 676//679
f 676//679 673//674 677//680
f 677//680 673//674 680//681
f 679//678 680//681 673//674
f 679//678 681//682 680//681
f 680//681 681//682 682//683
f 680//681 682//683 683//684
f 686//685 680//681 683//684
f 677//680 680//681 684//686
f 684//686 680//681 687//687
f 685//688 687//687 680//681
f 685//688 680//681 686//685
f 687//687 688//689 691//690
f 687//687 685//688 688//689
f 684//686 687//687 690//691
f 687//687 689//692 690//691
f 687//687 691//690 689//692
f 689//692 691//690 692//693
f 692//693 691//690 693//694
f 695//695 693//694 691//690
f 691//690 688//689 694//696
f 691//690 694//696 695//695
f 694//696 698//697 695//695
f 695//695 696//698 693//694
f 695//695 699//699 696//698
f 695//695 698//697 697//700
f 699//699 695//695 697//700
f 700//701 699//699 697//700
f 699//699 700//701 701//702
f 699//699 701//702 702//703
f 703//704 699//699 702//703
f 703//704 704//705 699//699
f 704//705 696//698 699//699
f 704//705 703//704 708//706
f 704//705 708//706 705//707
f 706//708 704//705 705//707
f 707//709 704//705 706//708
f 704//705 707//709 696//698
f 703//704 709//710 708//706
f 712//711 708//706 709//710
f 712//711 710//712 708//706
f 710//712 711//713 708//706
f 705//707 708//706 711//713
f 709//710 713//714 712//711
f 712//711 713//714 715//715
f 710//712 712//711 714//716
f 712//711 715//715 714//716
f 714//716 715//715 718//717
f 716//718 715//715 713//714
f 716//718 717//719 715//715
f 718//717 715//715 717//719
f 720//720 719//721 718//717
f 714//716 718//717 719//721
f 720//720 718//717 721//722
f 718//717 717//719 721//722
f 721//722 722//723 723//724
f 721//722 717//719 722//723
f 724//725 721//722 723//724
f 720//720 721//722 724//725
f 724//725 723//724 725//726
f 726//727 724//725 725//726
f 727//728 720//720 724//725
f 727//728 724//725 726//727
f 728//729 729//730 727//728
f 728//729 727//728 726//727
f 729//730 720//720 727//728
f 728//729 730//731 729//730
f 731//732 729//730 730//731
f 729//730 731//732 733//733
f 729//730 732//734 720//720
f 729//730 733//733 732//734
f 735//735 733//733 734//736
f 734//736 733//733 736//737
f 735//735 732//734 733//733
f 736//737 733//733 731//732
f 734//736 736//737 740//738
f 736//737 731//732 737//739
f 736//737 737//739 738//740
f 736//737 738//740 739//741
f 741//742 736//737 739//741
f 740//738 736//737 741//742
f 741//742 739//741 742//743
f 743//744 741//742 742//743
f 743//744 744//745 741//742
f 745//746 741//742 744//745
f 745//746 746//747 741//742
f 740//738 741//742 746//747
f 749//748 747//749 746//747
f 746//747 747//749 748//750
f 746//747 748//750 740//738
f 749//748 746//747 745//746
f 747//749 749//748 750//751
f 750//751 749//748 745//746
f 751//752 753//753 750//751
f 752//754 751//752 750//751
f 752//754 750//751 744//745
f 747//749 750//751 754//755
f 753//753 755//756 750//751
f 750//751 745//746 744//745
f 754//755 750//751 755//756
f 754//755 755//756 756//757
f 757//758 756//757 755//756
f 753//753 757//758 755//756
f 757//758 758//759 756//757
f 753//753 758//759 757//758
f 753//753 759//760 758//759
f 759//760 760//761 758//759
f 756//757 758//759 760//761
f 756//757 760//761 762//762
f 759//760 761//763 760//761
f 761//763 762//762 760//761
f 762//762 754//755 756//757
f 761//763 734//736 762//762
f 762//762 734//736 754//755
f 763//764 761//763 764//765
f 765//766 761//763 763//764
f 764//765 761//763 759//760
f 735//735 734//736 761//763
f 765//766 735//735 761//763
f 765//766 719//721 735//735
f 765//766 714//716 719//721
f 766//767 765//766 763//764
f 710//712 714//716 765//766
f 766//767 710//712 765//766
f 766//767 763//764 767//768
f 710//712 766//767 711//713
f 766//767 767//768 768//769
f 766//767 768//769 769//770
f 766//767 769//770 770//771
f 771//772 766//767 770//771
f 711//713 766//767 771//772
f 711//713 771//772 772//773
f 773//774 772//773 771//772
f 771//772 770//771 773//774
f 775//775 774//776 773//774
f 773//774 774//776 772//773
f 770//771 775//775 773//774
f 775//775 778//777 774//776
f 770//771 776//778 775//775
f 775//775 776//778 777//779
f 775//775 777//779 778//777
f 778//777 779//780 774//776
f 778//777 781//781 779//780
f 778//777 777//779 780//782
f 778//777 780//782 781//781
f 781//781 706//708 779//780
f 781//781 780//782 706//708
f 780//782 782//783 706//708
f 782//783 780//782 777//779
f 783//784 782//783 786//785
f 783//784 706//708 782//783
f 784//786 782//783 785//787
f 782//783 784//786 787//788
f 782//783 777//779 785//787
f 787//788 786//785 782//783
f 787//788 789//789 788//790
f 790//791 787//788 788//790
f 787//788 784//786 789//789
f 791//792 787//788 790//791
f 692//693 787//788 791//792
f 792//793 787//788 692//693
f 792//793 793//794 787//788
f 787//788 793//794 786//785
f 786//785 793//794 792//793
f 783//784 786//785 792//793
f 783//784 792//793 693//694
f 692//693 693//694 792//793
f 692//693 791//792 794//795
f 795//796 794//795 791//792
f 795//796 791//792 796//797
f 791//792 790//791 796//797
f 795//796 796//797 797//798
f 790//791 797//798 796//797
f 675//676 678//677 797//798
f 795//796 797//798 678//677
f 790//791 675//676 797//798
f 676//679 794//795 795//796
f 678//677 676//679 795//796
f 676//679 692//693 794//795
f 790//791 788//790 798//799
f 799//800 790//791 798//799
f 799//800 675//676 790//791
f 801//801 799//800 800//802
f 800//802 799//800 798//799
f 801//801 675//676 799//800
f 801//801 802//803 804//804
f 801//801 805//805 802//803
f 803//806 801//801 804//804
f 803//806 675//676 801//801
f 809//807 805//805 801//801
f 800//802 806//808 801//801
f 807//809 801//801 806//808
f 808//810 801//801 807//809
f 809//807 801//801 808//810
f 809//807 810//811 811//812
f 808//810 810//811 809//807
f 811//812 805//805 809//807
f 811//812 654//656 805//805
f 811//812 656//655 654//656
f 814//813 811//812 812//814
f 811//812 813//815 812//814
f 811//812 810//811 813//815
f 814//813 656//655 811//812
f 815//816 814//813 812//814
f 815//816 816//817 814//813
f 816//817 656//655 814//813
f 817//818 816//817 815//816
f 816//817 817//818 656//655
f 656//655 817//818 655//658
f 817//818 818//819 655//658
f 821//820 818//819 817//818
f 821//820 817//818 819//821
f 819//821 817//818 820//822
f 817//818 815//816 820//822
f 824//823 821//820 822//824
f 823//825 822//824 821//820
f 823//825 821//820 819//821
f 824//823 818//819 821//820
f 828//826 824//823 822//824
f 824//823 825//827 818//819
f 824//823 827//828 825//827
f 828//826 826//829 824//823
f 827//828 824//823 826//829
f 826//829 828//826 829//830
f 829//830 828//826 822//824
f 826//829 829//830 830//831
f 829//830 822//824 823//825
f 820//822 829//830 823//825
f 820//822 830//831 829//830
f 826//829 830//831 832//832
f 830//831 820//822 815//816
f 830//831 815//816 831//833
f 830//831 831//833 813//815
f 832//832 830//831 833//834
f 830//831 834//835 833//834
f 830//831 835//836 834//835
f 830//831 836//837 835//836
f 830//831 813//815 810//811
f 830//831 810//811 836//837
f 834//835 836//837 837//838
f 834//835 835//836 836//837
f 836//837 838//839 837//838
f 836//837 810//811 838//839
f 838//839 840//840 837//838
f 806//808 839//841 838//839
f 838//839 839//841 840//840
f 807//809 838//839 810//811
f 806//808 838//839 807//809
f 840//840 841//842 842//843
f 840//840 839//841 841//842
f 840//840 834//835 837//838
f 840//840 842//843 834//835
f 841//842 834//835 842//843
f 841//842 844//844 843//845
f 841//842 843//845 846//846
f 841//842 833//834 834//835
f 833//834 841//842 846//846
f 845//847 841//842 839//841
f 841//842 845//847 844//844
f 846//846 843//845 847//848
f 846//846 847//848 848//849
f 833//834 846//846 848//849
f 847//848 832//832 848//849
f 832//832 833//834 848//849
f 847//848 849//850 832//832
f 850//851 849//850 847//848
f 843//845 850//851 847//848
f 852//852 850//851 851//853
f 850//851 853//854 851//853
f 850//851 843//845 853//854
f 850//851 826//829 849//850
f 852//852 826//829 850//851
f 853//854 854//855 851//853
f 853//854 855//856 854//855
f 843//845 855//856 853//854
f 855//856 856//857 854//855
f 855//856 857//858 856//857
f 843//845 857//858 855//856
f 843//845 844//844 857//858
f 856//857 857//858 858//859
f 859//860 857//858 844//844
f 858//859 857//858 859//860
f 864//861 859//860 860//862
f 859//860 844//844 860//862
f 858//859 859//860 861//863
f 863//864 861//863 859//860
f 863//864 859//860 862//865
f 864//861 862//865 859//860
f 862//865 864//861 865//866
f 866//867 865//866 864//861
f 866//867 864//861 860//862
f 860//862 845//847 866//867
f 845//847 867//868 866//867
f 865//866 866//867 867//868
f 784//786 867//868 839//841
f 845//847 839//841 867//868
f 784//786 785//787 867//868
f 865//866 867//868 785//787
f 862//865 865//866 785//787
f 863//864 753//753 868//869
f 863//864 868//869 861//863
f 863//864 869//870 753//753
f 869//870 863//864 862//865
f 870//871 869//870 871//872
f 870//871 873//873 869//870
f 871//872 869//870 874//874
f 872//875 869//870 873//873
f 872//875 753//753 869//870
f 874//874 869//870 776//778
f 869//870 862//865 776//778
f 874//874 769//770 875//876
f 874//874 876//877 769//770
f 871//872 874//874 875//876
f 874//874 776//778 876//877
f 769//770 876//877 776//778
f 875//876 769//770 768//769
f 875//876 768//769 767//768
f 767//768 871//872 875//876
f 877//878 873//873 870//871
f 877//878 872//875 873//873
f 877//878 870//871 878//879
f 877//878 878//879 764//765
f 764//765 759//760 877//878
f 759//760 872//875 877//878
f 763//764 878//879 870//871
f 763//764 764//765 878//879
f 759//760 753//753 872//875
f 763//764 870//871 871//872
f 767//768 763//764 871//872
f 881//880 868//869 879//881
f 879//881 868//869 880//882
f 868//869 753//753 880//882
f 868//869 858//859 861//863
f 858//859 868//869 881//880
f 885//883 881//880 882//884
f 884//885 882//884 881//880
f 881//880 879//881 883//886
f 884//885 881//880 883//886
f 886//887 881//880 885//883
f 858//859 881//880 886//887
f 886//887 885//883 887//888
f 886//887 887//888 856//857
f 856//857 858//859 886//887
f 826//829 888//889 887//888
f 827//828 826//829 887//888
f 887//888 854//855 856//857
f 887//888 888//889 854//855
f 887//888 889//890 890//891
f 887//888 885//883 889//890
f 827//828 887//888 890//891
f 825//827 827//828 890//891
f 825//827 890//891 891//892
f 891//892 890//891 889//890
f 892//893 825//827 891//892
f 893//894 892//893 891//892
f 891//892 889//890 893//894
f 893//894 894//895 892//893
f 885//883 893//894 889//890
f 885//883 894//895 893//894
f 895//896 894//895 882//884
f 894//895 895//896 892//893
f 885//883 882//884 894//895
f 631//634 895//896 630//632
f 631//634 645//646 895//896
f 895//896 882//884 630//632
f 818//819 895//896 655//658
f 645//646 655//658 895//896
f 818//819 892//893 895//896
f 892//893 818//819 825//827
f 826//829 852//852 888//889
f 854//855 888//889 852//852
f 896//897 882//884 884//885
f 883//886 896//897 884//885
f 896//897 897//898 882//884
f 897//898 896//897 898//899
f 883//886 898//899 896//897
f 897//898 898//899 900//900
f 898//899 883//886 879//881
f 898//899 879//881 899//901
f 899//901 900//900 898//899
f 897//898 900//900 901//902
f 900//900 902//903 901//902
f 900//900 880//882 902//903
f 899//901 880//882 900//900
f 903//904 902//903 880//882
f 901//902 902//903 903//904
f 903//904 880//882 751//752
f 751//752 904//905 903//904
f 901//902 903//904 904//905
f 751//752 905//906 904//905
f 905//906 907//907 904//905
f 906//908 901//902 904//905
f 906//908 904//905 907//907
f 905//906 908//909 907//907
f 897//898 906//908 907//907
f 897//898 907//907 908//909
f 632//633 897//898 908//909
f 632//633 908//909 628//629
f 627//628 628//629 908//909
f 908//909 909//910 910//911
f 909//910 908//909 905//906
f 908//909 910//911 911//912
f 908//909 911//912 912//913
f 908//909 912//913 627//628
f 627//628 912//913 915//914
f 913//915 912//913 911//912
f 913//915 914//916 912//913
f 914//916 915//914 912//913
f 547//548 915//914 916//917
f 547//548 545//547 915//914
f 915//914 917//918 916//917
f 627//628 915//914 545//547
f 917//918 915//914 914//916
f 921//919 916//917 917//918
f 919//920 918//921 917//918
f 917//918 918//921 920//922
f 917//918 914//916 919//920
f 917//918 920//922 921//919
f 921//919 923//923 916//917
f 922//924 921//919 920//922
f 922//924 923//923 921//919
f 925//925 916//917 923//923
f 924//926 923//923 922//924
f 924//926 925//925 923//923
f 925//925 926//927 916//917
f 924//926 926//927 925//925
f 926//927 547//548 916//917
f 926//927 542//543 547//548
f 927//928 542//543 926//927
f 928//929 927//928 926//927
f 926//927 929//930 928//929
f 926//927 930//931 929//930
f 924//926 930//931 926//927
f 931//932 930//931 924//926
f 933//933 930//931 931//932
f 932//934 935//935 930//931
f 932//934 930//931 933//933
f 934//936 930//931 935//935
f 934//936 929//930 930//931
f 935//935 927//928 937//937
f 927//928 935//935 936//938
f 938//939 936//938 935//935
f 935//935 937//937 934//936
f 935//935 932//934 940//940
f 938//939 935//935 939//941
f 935//935 940//940 939//941
f 940//940 941//942 942//943
f 940//940 932//934 941//942
f 942//943 939//941 940//940
f 943//944 942//943 941//942
f 943//944 944//945 942//943
f 942//943 944//945 939//941
f 952//946 945//947 944//945
f 944//945 945//947 947//948
f 952//946 944//945 946//949
f 944//945 948//950 946//949
f 953//951 944//945 947//948
f 944//945 949//952 948//950
f 943//944 949//952 944//945
f 951//953 944//945 950//954
f 953//951 950//954 944//945
f 951//953 939//941 944//945
f 964//955 953//951 954//956
f 955//957 954//956 953//951
f 961//958 955//957 953//951
f 950//954 953//951 956//959
f 953//951 962//960 956//959
f 953//951 957//961 959//962
f 953//951 958//963 957//961
f 953//951 965//964 958//963
f 953//951 959//962 960//965
f 961//958 953//951 960//965
f 953//951 963//966 962//960
f 964//955 963//966 953//951
f 953//951 947//948 965//964
f 966//967 969//968 965//964
f 965//964 967//969 966//967
f 965//964 947//948 967//969
f 970//970 965//964 968//971
f 968//971 965//964 969//968
f 958//963 965//964 971//972
f 970//970 971//972 965//964
f 977//973 971//972 972//974
f 972//974 971//972 973//975
f 970//970 973//975 971//972
f 971//972 976//976 974//977
f 974//977 975//978 971//972
f 978//979 971//972 975//978
f 977//973 976//976 971//972
f 958//963 971//972 979//980
f 978//979 979//980 971//972
f 955//957 979//980 980//981
f 980//981 979//980 984//982
f 958//963 979//980 981//983
f 979//980 982//984 981//983
f 982//984 979//980 955//957
f 979//980 983//985 984//982
f 979//980 978//979 983//985
f 985//986 984//982 986//987
f 987//988 984//982 985//986
f 986//987 984//982 990//989
f 980//981 984//982 987//988
f 984//982 988//990 990//989
f 984//982 989//991 988//990
f 989//991 984//982 983//985
f 990//989 991//992 992//993
f 990//989 994//994 991//992
f 995//995 990//989 992//993
f 1000//996 993//997 990//989
f 994//994 990//989 993//997
f 986//987 990//989 995//995
f 990//989 996//998 997//999
f 990//989 988//990 996//998
f 990//989 997//999 998//1000
f 990//989 998//1000 999//1001
f 1000//996 990//989 999//1001
f 1003//1002 1000//996 1001//1003
f 1000//996 1002//1004 1001//1003
f 1000//996 999//1001 1002//1004
f 1003//1002 993//997 1000//996
f 1006//1005 1003//1002 1004//1006
f 1004//1006 1003//1002 1001//1003
f 1005//1007 993//997 1003//1002
f 1006//1005 1005//1007 1003//1002
f 1006//1005 1007//1008 1008//1009
f 1006//1005 1004//1006 1007//1008
f 1006//1005 1009//1010 1005//1007
f 1010//1011 1006//1005 1008//1009
f 1006//1005 1010//1011 1009//1010
f 1014//1012 1010//1011 1011//1013
f 1011//1013 1010//1011 1015//1014
f 1010//1011 1012//1015 1016//1016
f 1010//1011 1013//1017 1012//1015
f 1013//1017 1010//1011 1014//1012
f 1010//1011 1017//1018 1009//1010
f 1010//1011 1008//1009 1015//1014
f 1016//1016 1017//1018 1010//1011
f 1017//1018 1022//1019 1018//1020
f 1017//1018 1018//1020 1020//1021
f 1017//1018 1023//1022 1009//1010
f 1019//1023 1017//1018 1016//1016
f 1017//1018 1019//1023 1022//1019
f 1017//1018 1020//1021 1021//1024
f 1017//1018 1021//1024 1023//1022
f 1023//1022 1024//1025 1025//1026
f 1024//1025 1023//1022 1021//1024
f 1023//1022 1025//1026 1026//1027
f 1023//1022 1026//1027 1027//1028
f 1023//1022 1027//1028 1009//1010
f 1025//1026 1028//1029 1027//1028
f 1028//1029 1029//1030 1027//1028
f 1025//1026 1027//1028 1026//1027
f 1009//1010 1027//1028 1005//1007
f 1027//1028 1030//1031 1005//1007
f 1027//1028 1029//1030 1030//1031
f 1029//1030 1031//1032 1030//1031
f 1030//1031 1031//1032 1032//1033
f 1030//1031 1032//1033 1033//1034
f 1030//1031 1033//1034 1005//1007
f 1037//1035 1005//1007 1033//1034
f 1033//1034 1034//1036 1036//1037
f 1034//1036 1033//1034 1035//1038
f 1032//1033 1035//1038 1033//1034
f 1033//1034 1036//1037 1037//1035
f 1041//1039 1037//1035 1038//1040
f 1036//1037 1038//1040 1037//1035
f 1039//1041 993//997 1037//1035
f 1039//1041 1037//1035 1040//1042
f 1037//1035 1041//1039 1040//1042
f 1005//1007 1037//1035 993//997
f 1041//1039 1038//1040 1042//1043
f 1040//1042 1041//1039 1042//1043
f 496//500 1042//1043 1038//1040
f 1040//1042 1042//1043 1043//1044
f 1043//1044 1042//1043 1044//1045
f 496//500 1044//1045 1042//1043
f 496//500 1045//1046 1044//1045
f 1043//1044 1044//1045 1045//1046
f 496//500 1043//1044 1045//1046
f 1039//1041 1040//1042 1043//1044
f 496//500 1039//1041 1043//1044
f 506//507 1039//1041 496//500
f 506//507 1046//1047 1039//1041
f 1039//1041 1046//1047 993//997
f 1048//1048 1046//1047 1047//1049
f 506//507 1047//1049 1046//1047
f 1048//1048 993//997 1046//1047
f 994//994 993//997 1048//1048
f 1047//1049 994//994 1048//1048
f 1047//1049 991//992 994//994
f 991//992 1047//1049 1049//1050
f 506//507 1049//1050 1047//1049
f 991//992 1049//1050 1050//1051
f 1050//1051 1049//1050 1051//1052
f 1051//1052 1049//1050 506//507
f 1051//1052 506//507 505//508
f 1050//1051 1051//1052 505//508
f 1052//1053 991//992 1050//1051
f 1050//1051 505//508 1052//1053
f 1052//1053 992//993 991//992
f 505//508 1053//1054 1052//1053
f 1053//1054 992//993 1052//1053
f 1056//1055 1053//1054 1054//1056
f 1054//1056 1053//1054 1055//1057
f 505//508 1055//1057 1053//1054
f 1056//1055 1057//1058 1053//1054
f 1053//1054 1057//1058 992//993
f 1057//1058 1056//1055 986//987
f 995//995 992//993 1057//1058
f 1057//1058 986//987 995//995
f 1058//1059 1056//1055 1054//1056
f 985//986 986//987 1056//1055
f 1058//1059 985//986 1056//1055
f 512//515 1059//1060 1058//1059
f 1061//1061 512//515 1058//1059
f 1058//1059 1060//1062 985//986
f 1058//1059 1059//1060 1060//1062
f 1061//1061 1058//1059 1054//1056
f 1054//1056 1055//1057 1061//1061
f 1061//1061 1055//1057 514//513
f 1061//1061 514//513 513//516
f 513//516 512//515 1061//1061
f 987//988 985//986 1060//1062
f 1062//1063 1060//1062 1059//1060
f 1060//1062 1062//1063 980//981
f 1060//1062 980//981 987//988
f 955//957 1062//1063 954//956
f 1062//1063 1059//1060 954//956
f 955//957 980//981 1062//1063
f 954//956 1059//1060 1063//1064
f 512//515 1063//1064 1059//1060
f 1063//1064 963//966 964//955
f 1063//1064 512//515 963//966
f 954//956 1063//1064 964//955
f 505//508 514//513 1055//1057
f 1036//1037 1064//1065 1038//1040
f 1038//1040 497//501 496//500
f 1038//1040 1064//1065 497//501
f 1064//1065 1065//1066 497//501
f 1064//1065 1066//1067 1065//1066
f 1034//1036 1066//1067 1064//1065
f 1034//1036 1064//1065 1036//1037
f 1066//1067 1067//1068 1065//1066
f 1066//1067 1068//1069 1067//1068
f 1035//1038 1068//1069 1066//1067
f 1035//1038 1066//1067 1034//1036
f 1068//1069 1069//1070 1067//1068
f 1068//1069 1070//1071 1069//1070
f 1071//1072 1070//1071 1068//1069
f 1071//1072 1068//1069 1035//1038
f 1073//1073 1072//1074 1071//1072
f 1072//1074 1070//1071 1071//1072
f 1073//1073 1071//1072 1035//1038
f 1035//1038 1074//1075 1073//1073
f 1074//1075 1075//1076 1073//1073
f 1075//1076 1076//1077 1073//1073
f 1076//1077 1077//1078 1073//1073
f 1072//1074 1073//1073 1077//1078
f 1077//1078 1078//1079 1080//1080
f 1078//1079 1077//1078 1079//1081
f 1082//1082 1079//1081 1077//1078
f 1077//1078 1080//1080 1072//1074
f 1076//1077 1081//1083 1077//1078
f 1077//1078 1081//1083 1082//1082
f 1083//1084 1082//1082 1081//1083
f 1084//1085 1082//1082 1083//1084
f 1089//1086 1082//1082 1084//1085
f 1082//1082 1085//1087 1087//1088
f 1082//1082 1086//1089 1085//1087
f 1086//1089 1082//1082 1088//1090
f 1082//1082 1087//1088 1079//1081
f 1082//1082 1090//1091 1088//1090
f 1089//1086 1090//1091 1082//1082
f 1090//1091 1091//1092 1092//1093
f 1099//1094 1091//1092 1090//1091
f 1092//1093 1097//1095 1090//1091
f 1093//1096 1099//1094 1090//1091
f 1100//1097 1093//1096 1090//1091
f 1094//1098 1090//1091 1096//1099
f 1094//1098 1095//1100 1090//1091
f 1100//1097 1090//1091 1095//1100
f 1096//1099 1090//1091 1089//1086
f 1097//1095 1098//1101 1090//1091
f 1098//1101 1088//1090 1090//1091
f 1095//1100 1101//1102 1100//1097
f 1100//1097 1101//1102 1102//1103
f 1100//1097 1102//1103 1093//1096
f 1105//1104 1102//1103 1101//1102
f 1104//1105 1093//1096 1102//1103
f 1104//1105 1102//1103 1103//1106
f 1105//1104 1103//1106 1102//1103
f 1107//1107 1105//1104 1106//1108
f 1101//1102 1106//1108 1105//1104
f 1105//1104 1107//1107 1103//1106
f 1103//1106 1107//1107 1108//1109
f 1109//1110 1108//1109 1107//1107
f 1110//1111 1109//1110 1107//1107
f 1107//1107 1106//1108 1110//1111
f 1112//1112 1110//1111 1111//1113
f 1111//1113 1110//1111 1096//1099
f 1094//1098 1110//1111 1106//1108
f 1113//1114 1110//1111 1112//1112
f 1113//1114 1109//1110 1110//1111
f 1094//1098 1096//1099 1110//1111
f 1115//1115 1109//1110 1113//1114
f 1112//1112 1114//1116 1113//1114
f 1114//1116 1115//1115 1113//1114
f 1109//1110 1115//1115 1108//1109
f 1116//1117 1108//1109 1115//1115
f 1116//1117 1115//1115 1114//1116
f 1116//1117 1117//1118 1108//1109
f 1116//1117 1114//1116 1112//1112
f 1117//1118 1116//1117 1112//1112
f 1118//1119 1108//1109 1117//1118
f 1119//1120 1118//1119 1117//1118
f 1119//1120 1117//1118 1120//1121
f 1121//1122 1120//1121 1117//1118
f 1121//1122 1117//1118 1122//1123
f 1123//1124 1122//1123 1117//1118
f 1123//1124 1117//1118 1112//1112
f 1122//1123 1123//1124 1124//1125
f 1123//1124 1018//1020 1124//1125
f 1123//1124 1112//1112 1018//1020
f 1121//1122 1124//1125 1018//1020
f 1122//1123 1124//1125 1121//1122
f 1121//1122 1018//1020 1120//1121
f 1022//1019 1120//1121 1018//1020
f 1022//1019 1125//1126 1120//1121
f 1127//1127 1120//1121 1125//1126
f 1126//1128 1120//1121 1012//1015
f 1126//1128 1119//1120 1120//1121
f 1127//1127 1012//1015 1120//1121
f 1127//1127 1016//1016 1012//1015
f 1125//1126 1019//1023 1127//1127
f 1127//1127 1019//1023 1016//1016
f 1013//1017 1126//1128 1012//1015
f 1013//1017 1128//1129 1126//1128
f 1130//1130 1126//1128 1128//1129
f 1129//1131 1126//1128 1130//1130
f 1129//1131 1119//1120 1126//1128
f 1131//1132 1130//1130 1132//1133
f 387//387 1130//1130 1131//1132
f 387//387 1129//1131 1130//1130
f 1130//1130 1128//1129 1132//1133
f 1132//1133 1134//1134 1133//1135
f 1135//1136 1132//1133 1133//1135
f 1131//1132 1132//1133 1135//1136
f 1132//1133 1128//1129 1134//1134
f 1135//1136 1133//1135 1136//1137
f 1135//1136 1136//1137 1138//1138
f 1131//1132 1135//1136 1137//1139
f 1135//1136 1138//1138 1137//1139
f 1136//1137 1139//1140 1138//1138
f 1137//1139 1138//1138 381//379
f 1139//1140 381//379 1138//1138
f 1136//1137 1140//1141 1139//1140
f 1139//1140 1142//1142 381//379
f 1140//1141 1141//1143 1139//1140
f 1141//1143 1142//1142 1139//1140
f 1149//1144 381//379 1142//1142
f 1141//1143 1143//1145 1142//1142
f 1142//1142 1143//1145 1144//1146
f 1145//1147 1142//1142 1144//1146
f 1145//1147 1146//1148 1142//1142
f 1146//1148 1147//1149 1142//1142
f 1142//1142 1147//1149 1148//1150
f 1149//1144 1142//1142 1148//1150
f 1149//1144 380//382 381//379
f 1149//1144 1148//1150 1151//1151
f 380//382 1149//1144 1150//1152
f 1149//1144 1151//1151 1150//1152
f 1152//1153 1151//1151 1147//1149
f 1152//1153 1153//1154 1151//1151
f 1153//1154 1150//1152 1151//1151
f 1151//1151 1148//1150 1147//1149
f 1156//1155 1153//1154 1152//1153
f 1154//1156 1153//1154 1156//1155
f 1154//1156 1155//1157 1153//1154
f 1153//1154 1155//1157 1150//1152
f 1154//1156 1156//1155 1157//1158
f 1158//1159 1157//1158 1156//1155
f 1158//1159 1156//1155 1152//1153
f 1158//1159 1152//1153 1160//1160
f 1158//1159 1159//1161 1162//1162
f 1158//1159 1160//1160 1159//1161
f 1158//1159 1161//1163 1157//1158
f 1158//1159 1163//1164 1161//1163
f 1158//1159 1162//1162 1163//1164
f 1165//1165 1163//1164 1162//1162
f 1164//1166 1163//1164 1165//1165
f 1166//1167 1163//1164 1164//1166
f 1161//1163 1163//1164 1166//1167
f 1168//1168 1167//1169 1166//1167
f 1166//1167 1167//1169 1157//1158
f 1168//1168 1166//1167 1169//1170
f 1166//1167 1157//1158 1161//1163
f 1166//1167 1164//1166 1169//1170
f 1170//1171 1172//1172 1169//1170
f 1169//1170 1164//1166 1170//1171
f 1168//1168 1169//1170 1171//1173
f 1171//1173 1169//1170 1172//1172
f 1170//1171 1164//1166 1172//1172
f 1164//1166 1173//1174 1172//1172
f 1171//1173 1172//1172 1173//1174
f 1171//1173 1173//1174 1174//1175
f 1173//1174 1175//1176 1174//1175
f 1176//1177 1175//1176 1173//1174
f 1173//1174 1165//1165 1176//1177
f 1164//1166 1165//1165 1173//1174
f 1176//1177 1165//1165 1177//1178
f 1177//1178 1178//1179 1176//1177
f 1176//1177 1178//1179 1175//1176
f 1181//1180 1175//1176 1178//1179
f 1177//1178 1179//1181 1178//1179
f 1180//1182 1178//1179 1179//1181
f 1180//1182 1181//1180 1178//1179
f 1182//1183 1181//1180 1183//1184
f 1182//1183 1185//1185 1181//1180
f 1183//1184 1181//1180 1184//1186
f 1180//1182 1184//1186 1181//1180
f 1181//1180 1185//1185 1175//1176
f 1175//1176 1185//1185 1174//1175
f 1188//1187 1174//1175 1185//1185
f 1182//1183 1186//1188 1185//1185
f 1187//1189 1185//1185 1186//1188
f 1187//1189 1188//1187 1185//1185
f 1189//1190 1188//1187 1187//1189
f 1189//1190 1190//1191 1188//1187
f 1191//1192 1188//1187 1190//1191
f 1188//1187 1191//1192 1174//1175
f 1191//1192 362//362 1171//1173
f 362//362 1191//1192 360//361
f 1191//1192 1171//1173 1174//1175
f 1191//1192 1190//1191 360//361
f 360//361 1190//1191 1189//1190
f 360//361 1189//1190 357//358
f 357//358 1189//1190 1187//1189
f 1187//1189 1186//1188 1192//1193
f 1187//1189 1192//1193 1193//1194
f 357//358 1187//1189 1193//1194
f 357//358 1193//1194 352//352
f 352//352 1193//1194 1192//1193
f 352//352 1192//1193 1194//1195
f 1194//1195 1192//1193 1195//1196
f 1192//1193 1186//1188 1195//1196
f 1194//1195 1195//1196 1196//1197
f 1196//1197 1195//1196 1197//1198
f 1186//1188 1197//1198 1195//1196
f 1197//1198 1198//1199 1196//1197
f 1186//1188 1182//1183 1197//1198
f 1197//1198 1182//1183 1198//1199
f 1198//1199 1182//1183 1183//1184
f 1198//1199 1183//1184 337//337
f 340//341 1198//1199 337//337
f 1194//1195 1198//1199 340//341
f 1196//1197 1198//1199 1194//1195
f 1194//1195 340//341 353//354
f 352//352 1194//1195 353//354
f 1184//1186 1200//1200 1183//1184
f 1180//1182 1199//1201 1184//1186
f 1202//1202 1184//1186 1199//1201
f 1184//1186 1201//1203 1200//1200
f 1201//1203 1184//1186 1202//1202
f 1202//1202 1203//1204 1205//1205
f 1204//1206 1203//1204 1202//1202
f 1202//1202 1199//1201 1204//1206
f 1201//1203 1202//1202 1205//1205
f 1205//1205 1203//1204 1207//1207
f 1205//1205 1207//1207 1206//1208
f 1206//1208 1201//1203 1205//1205
f 1203//1204 1208//1209 1207//1207
f 1209//1210 1207//1207 1208//1209
f 1207//1207 1209//1210 1210//1211
f 1207//1207 1210//1211 1206//1208
f 1212//1212 1211//1213 1210//1211
f 1211//1213 1206//1208 1210//1211
f 1212//1212 1210//1211 1213//1214
f 1209//1210 1213//1214 1210//1211
f 1213//1214 1214//1215 1215//1216
f 1213//1214 1209//1210 1214//1215
f 1216//1217 1213//1214 1215//1216
f 1212//1212 1213//1214 1216//1217
f 1216//1217 1217//1218 1221//1219
f 1218//1220 1217//1218 1216//1217
f 1218//1220 1216//1217 1215//1216
f 1221//1219 1219//1221 1216//1217
f 1219//1221 1220//1222 1216//1217
f 1212//1212 1216//1217 1220//1222
f 1221//1219 1217//1218 1224//1223
f 1221//1219 1222//1224 1219//1221
f 1223//1225 1222//1224 1221//1219
f 1221//1219 1224//1223 1223//1225
f 1224//1223 1217//1218 1228//1226
f 1223//1225 1224//1223 1225//1227
f 1226//1228 1225//1227 1224//1223
f 1226//1228 1224//1223 1227//1229
f 1224//1223 1228//1226 1227//1229
f 1217//1218 1232//1230 1228//1226
f 1228//1226 1229//1231 1227//1229
f 1228//1226 1231//1232 1229//1231
f 1228//1226 1230//1233 1233//1234
f 1232//1230 1230//1233 1228//1226
f 1228//1226 1233//1234 1231//1232
f 1234//1235 1233//1234 1230//1233
f 1231//1232 1233//1234 1236//1236
f 1234//1235 1235//1237 1233//1234
f 1233//1234 1235//1237 1236//1236
f 1239//1238 1236//1236 1235//1237
f 1231//1232 1236//1236 1237//1239
f 1237//1239 1236//1236 1238//1240
f 1238//1240 1236//1236 1239//1238
f 1238//1240 1239//1238 1240//1241
f 1239//1238 1241//1242 1240//1241
f 1235//1237 1241//1242 1239//1238
f 1242//1243 1243//1244 1241//1242
f 1235//1237 1242//1243 1241//1242
f 1244//1245 1241//1242 1243//1244
f 1240//1241 1241//1242 1245//1246
f 1244//1245 1245//1246 1241//1242
f 1245//1246 1244//1245 1246//1247
f 1246//1247 1238//1240 1245//1246
f 1245//1246 1238//1240 1240//1241
f 1246//1247 1244//1245 1248//1248
f 1246//1247 1247//1249 1238//1240
f 1247//1249 1246//1247 1249//1250
f 1246//1247 1248//1248 1249//1250
f 1249//1250 1250//1251 1252//1252
f 1249//1250 1248//1248 1250//1251
f 1247//1249 1249//1250 1251//1253
f 1249//1250 1252//1252 1251//1253
f 1251//1253 1252//1252 1253//1254
f 1254//1255 1253//1254 1252//1252
f 1250//1251 1254//1255 1252//1252
f 1254//1255 1256//1256 1253//1254
f 325//324 1254//1255 1255//1257
f 1250//1251 1255//1257 1254//1255
f 1254//1255 1257//1258 1256//1256
f 1254//1255 1258//1259 1257//1258
f 325//324 1258//1259 1254//1255
f 1260//1260 1258//1259 325//324
f 1225//1227 1258//1259 1259//1261
f 1258//1259 1225//1227 1261//1262
f 1260//1260 1259//1261 1258//1259
f 1258//1259 1261//1262 1257//1258
f 1261//1262 1256//1256 1257//1258
f 1261//1262 1262//1263 1256//1256
f 1262//1263 1261//1262 1225//1227
f 1262//1263 1263//1264 1256//1256
f 1262//1263 1225//1227 1226//1228
f 1262//1263 1226//1228 1263//1264
f 1247//1249 1263//1264 1229//1231
f 1229//1231 1263//1264 1226//1228
f 1256//1256 1263//1264 1253//1254
f 1253//1254 1263//1264 1247//1249
f 1260//1260 325//324 324//325
f 1259//1261 1260//1260 1264//1265
f 1264//1265 1260//1260 1265//1266
f 1260//1260 327//327 1265//1266
f 1260//1260 324//325 327//327
f 1264//1265 1265//1266 1266//1267
f 1266//1267 1265//1266 1219//1221
f 1219//1221 1265//1266 1220//1222
f 1265//1266 327//327 1267//1268
f 1265//1266 1267//1268 1220//1222
f 1269//1269 1267//1268 1268//1270
f 1267//1268 1270//1271 1268//1270
f 1212//1212 1267//1268 1269//1269
f 1267//1268 327//327 1270//1271
f 1212//1212 1220//1222 1267//1268
f 1270//1271 327//327 331//331
f 1271//1272 1270//1271 331//331
f 1268//1270 1270//1271 1271//1272
f 1268//1270 1271//1272 1272//1273
f 1271//1272 1269//1269 1272//1273
f 1271//1272 1200//1200 1269//1269
f 1273//1274 1200//1200 1271//1272
f 1271//1272 331//331 1273//1274
f 1274//1275 1273//1274 330//330
f 330//330 1273//1274 331//331
f 1274//1275 1200//1200 1273//1274
f 330//330 334//333 1274//1275
f 334//333 1183//1184 1274//1275
f 1274//1275 1183//1184 1200//1200
f 1269//1269 1268//1270 1272//1273
f 1269//1269 1211//1213 1212//1212
f 1201//1203 1211//1213 1269//1269
f 1269//1269 1200//1200 1201//1203
f 1219//1221 1275//1276 1266//1267
f 1266//1267 1275//1276 1264//1265
f 1259//1261 1275//1276 1222//1224
f 1219//1221 1222//1224 1275//1276
f 1259//1261 1264//1265 1275//1276
f 1223//1225 1259//1261 1222//1224
f 1259//1261 1223//1225 1225//1227
f 1276//1277 1255//1257 1250//1251
f 318//318 1255//1257 1277//1278
f 318//318 325//324 1255//1257
f 1276//1277 1277//1278 1255//1257
f 314//315 318//318 1277//1278
f 1278//1279 314//315 1277//1278
f 1278//1279 1277//1278 1279//1280
f 1276//1277 1279//1280 1277//1278
f 1279//1280 1280//1281 1278//1279
f 1281//1282 1280//1281 1279//1280
f 1279//1280 1276//1277 1281//1282
f 1285//1283 1280//1281 1281//1282
f 1281//1282 1284//1284 1282//1285
f 1285//1283 1281//1282 1282//1285
f 1283//1286 1281//1282 1276//1277
f 1283//1286 1284//1284 1281//1282
f 1286//1287 1280//1281 1285//1283
f 1288//1288 1286//1287 1285//1283
f 1287//1289 1285//1283 1282//1285
f 1288//1288 1285//1283 1287//1289
f 1289//1290 1288//1288 1287//1289
f 1291//1291 1288//1288 1289//1290
f 1288//1288 1290//1292 1286//1287
f 1291//1291 1290//1292 1288//1288
f 1293//1293 1291//1291 1289//1290
f 305//304 1290//1292 1291//1291
f 1292//1294 305//304 1291//1291
f 1291//1291 1293//1293 1292//1294
f 1293//1293 1289//1290 1294//1295
f 1294//1295 1295//1296 1293//1293
f 1292//1294 1293//1293 1295//1296
f 1297//1297 1295//1296 1296//1298
f 1294//1295 1296//1298 1295//1296
f 1297//1297 1299//1299 1295//1296
f 1292//1294 1295//1296 1298//1300
f 1298//1300 1295//1296 1299//1299
f 1299//1299 1297//1297 1301//1301
f 1299//1299 1300//1302 1298//1300
f 1299//1299 1303//1303 1300//1302
f 1299//1299 1301//1301 1302//1304
f 1299//1299 1302//1304 1303//1303
f 1306//1305 1303//1303 1302//1304
f 1300//1302 1303//1303 1304//1306
f 1303//1303 1305//1307 1304//1306
f 1307//1308 1305//1307 1303//1303
f 1307//1308 1303//1303 1306//1305
f 1307//1308 1308//1309 1309//1310
f 1306//1305 1308//1309 1307//1308
f 1305//1307 1307//1308 1309//1310
f 1310//1311 1309//1310 1308//1309
f 1309//1310 1310//1311 1311//1312
f 1309//1310 1311//1312 1312//1313
f 1305//1307 1309//1310 1313//1314
f 1309//1310 1312//1313 1313//1314
f 1314//1315 298//299 1313//1314
f 1315//1316 1314//1315 1313//1314
f 1313//1314 298//299 1304//1306
f 1315//1316 1313//1314 1312//1313
f 1305//1307 1313//1314 1304//1306
f 1316//1317 1314//1315 1315//1316
f 1317//1318 1316//1317 1315//1316
f 1317//1318 1315//1316 1318//1319
f 1319//1320 1318//1319 1315//1316
f 1312//1313 1319//1320 1315//1316
f 1319//1320 1321//1321 1318//1319
f 1312//1313 1311//1312 1319//1320
f 1319//1320 1311//1312 1322//1322
f 1322//1322 1320//1323 1319//1320
f 1320//1323 1321//1321 1319//1320
f 1323//1324 1322//1322 1324//1325
f 1322//1322 1323//1324 1320//1323
f 1311//1312 1324//1325 1322//1322
f 1323//1324 1324//1325 1325//1326
f 1311//1312 1310//1311 1324//1325
f 1325//1326 1324//1325 1326//1327
f 1326//1327 1324//1325 1310//1311
f 1326//1327 1328//1328 1327//1329
f 1327//1329 1329//1330 1326//1327
f 1310//1311 1308//1309 1326//1327
f 1326//1327 1308//1309 1328//1328
f 1325//1326 1326//1327 1329//1330
f 1329//1330 1331//1331 1325//1326
f 1327//1329 1330//1332 1329//1330
f 1329//1330 1330//1332 1333//1333
f 1329//1330 1332//1334 1331//1331
f 1329//1330 1333//1333 1332//1334
f 1334//1335 1333//1333 1330//1332
f 1334//1335 1296//1298 1333//1333
f 1294//1295 1333//1333 1296//1298
f 1242//1243 1332//1334 1333//1333
f 1294//1295 1242//1243 1333//1333
f 1334//1335 1330//1332 1335//1336
f 1335//1336 1336//1337 1334//1335
f 1334//1335 1336//1337 1296//1298
f 1297//1297 1296//1298 1336//1337
f 1297//1297 1336//1337 1337//1338
f 1335//1336 1337//1338 1336//1337
f 1330//1332 1337//1338 1335//1336
f 1330//1332 1327//1329 1337//1338
f 1301//1301 1337//1338 1327//1329
f 1297//1297 1337//1338 1301//1301
f 1338//1339 1332//1334 1242//1243
f 1338//1339 1339//1340 1332//1334
f 1340//1341 1332//1334 1339//1340
f 1340//1341 1331//1331 1332//1334
f 1342//1342 1340//1341 1339//1340
f 1341//1343 1331//1331 1340//1341
f 1342//1342 1341//1343 1340//1341
f 1342//1342 1343//1344 1341//1343
f 1342//1342 1339//1340 1345//1345
f 1342//1342 1344//1346 1343//1344
f 1344//1346 1342//1342 1346//1347
f 1342//1342 1345//1345 1346//1347
f 1344//1346 1346//1347 1347//1348
f 1345//1345 1347//1348 1346//1347
f 1352//1349 1348//1350 1347//1348
f 1347//1348 1348//1350 1349//1351
f 1344//1346 1347//1348 1349//1351
f 1345//1345 1350//1352 1347//1348
f 1351//1353 1347//1348 1350//1352
f 1351//1353 1352//1349 1347//1348
f 1354//1354 1352//1349 1351//1353
f 1353//1355 1355//1356 1352//1349
f 1354//1354 1353//1355 1352//1349
f 1355//1356 1348//1350 1352//1349
f 1355//1356 1356//1357 1348//1350
f 1355//1356 1357//1358 1356//1357
f 1232//1230 1357//1358 1355//1356
f 1230//1233 1355//1356 1353//1355
f 1232//1230 1355//1356 1230//1233
f 1358//1359 1357//1358 1359//1360
f 1357//1358 1358//1359 1360//1361
f 1361//1362 1359//1360 1357//1358
f 1357//1358 1360//1361 1356//1357
f 1232//1230 1361//1362 1357//1358
f 1218//1220 1362//1363 1361//1362
f 1362//1363 1363//1364 1361//1362
f 1218//1220 1361//1362 1232//1230
f 1361//1362 1363//1364 1359//1360
f 1363//1364 1364//1365 1365//1366
f 1362//1363 1364//1365 1363//1364
f 1363//1364 1365//1366 1366//1367
f 1366//1367 1359//1360 1363//1364
f 1365//1366 1367//1368 1366//1367
f 728//729 1366//1367 1367//1368
f 1366//1367 728//729 1359//1360
f 1368//1369 1370//1370 1367//1368
f 1365//1366 1368//1369 1367//1368
f 728//729 1367//1368 730//731
f 1369//1371 730//731 1367//1368
f 1369//1371 1367//1368 1370//1370
f 1368//1369 1373//1372 1370//1370
f 1371//1373 1370//1370 1373//1372
f 1371//1373 1372//1374 1370//1370
f 1369//1371 1370//1370 1372//1374
f 1368//1369 1374//1375 1373//1372
f 1373//1372 1375//1376 1371//1373
f 1373//1372 1374//1375 1375//1376
f 1375//1376 1379//1377 1376//1378
f 1371//1373 1375//1376 1376//1378
f 1380//1379 1375//1376 1374//1375
f 1377//1380 1375//1376 1380//1379
f 1377//1380 1378//1381 1375//1376
f 1375//1376 1378//1381 1379//1377
f 1387//1382 1381//1383 1380//1379
f 1380//1379 1381//1383 1385//1384
f 1374//1375 1387//1382 1380//1379
f 1382//1385 1380//1379 1384//1386
f 1382//1385 1383//1387 1380//1379
f 1386//1388 1380//1379 1383//1387
f 1380//1379 1385//1384 1384//1386
f 1377//1380 1380//1379 1386//1388
f 1381//1383 1387//1382 1389//1389
f 1387//1382 1374//1375 1388//1390
f 1387//1382 1388//1390 1389//1389
f 1391//1391 1389//1389 1390//1392
f 1390//1392 1389//1389 1388//1390
f 1391//1391 1392//1393 1389//1389
f 1381//1383 1389//1389 1392//1393
f 1394//1394 1392//1393 1391//1391
f 1381//1383 1392//1393 1393//1395
f 1393//1395 1392//1393 1395//1396
f 1394//1394 1395//1396 1392//1393
f 1133//1135 1395//1396 1394//1394
f 1133//1135 1134//1134 1395//1396
f 1395//1396 1134//1134 1397//1397
f 1393//1395 1395//1396 1396//1398
f 1395//1396 1397//1397 1396//1398
f 1013//1017 1397//1397 1134//1134
f 1398//1399 1397//1397 1399//1400
f 1398//1399 1396//1398 1397//1397
f 1399//1400 1397//1397 1400//1401
f 1401//1402 1400//1401 1397//1397
f 1401//1402 1397//1397 1013//1017
f 1402//1403 1401//1402 1403//1404
f 1401//1402 1402//1403 1400//1401
f 1401//1402 1013//1017 1403//1404
f 1402//1403 1403//1404 1014//1012
f 1013//1017 1014//1012 1403//1404
f 1400//1401 1402//1403 1011//1013
f 1014//1012 1011//1013 1402//1403
f 1406//1405 1404//1406 1400//1401
f 1404//1406 1405//1407 1400//1401
f 1399//1400 1400//1401 1405//1407
f 1011//1013 1406//1405 1400//1401
f 1406//1405 1407//1408 1408//1409
f 1406//1405 1011//1013 1407//1408
f 1408//1409 1404//1406 1406//1405
f 1408//1409 1409//1410 1410//1411
f 1408//1409 1407//1408 1409//1410
f 1408//1409 1410//1411 1404//1406
f 1410//1411 1409//1410 1411//1412
f 1404//1406 1410//1411 1411//1412
f 1412//1413 1413//1414 1411//1412
f 1412//1413 1411//1412 1409//1410
f 1404//1406 1411//1412 1413//1414
f 1396//1398 1404//1406 1413//1414
f 1414//1415 1393//1395 1413//1414
f 1396//1398 1413//1414 1393//1395
f 1415//1416 1414//1415 1413//1414
f 1412//1413 1415//1416 1413//1414
f 1416//1417 997//999 1415//1416
f 983//985 1415//1416 997//999
f 1416//1417 1415//1416 1412//1413
f 1417//1418 1415//1416 983//985
f 1415//1416 1417//1418 1414//1415
f 1417//1418 983//985 978//979
f 1414//1415 1417//1418 1419//1419
f 978//979 1418//1420 1417//1418
f 1417//1418 1418//1420 1419//1419
f 1414//1415 1419//1419 1420//1421
f 1421//1422 1420//1421 1419//1419
f 1421//1422 1419//1419 1418//1420
f 1421//1422 1422//1423 1420//1421
f 1423//1424 1422//1423 1421//1422
f 1423//1424 1421//1422 1418//1420
f 1423//1424 1424//1425 1422//1423
f 1424//1425 1423//1424 1425//1426
f 1426//1427 1425//1426 1423//1424
f 1426//1427 1423//1424 1418//1420
f 1426//1427 975//978 1425//1426
f 1426//1427 978//979 975//978
f 978//979 1426//1427 1418//1420
f 1424//1425 1425//1426 974//977
f 974//977 1425//1426 975//978
f 1383//1387 1424//1425 1427//1428
f 1383//1387 1422//1423 1424//1425
f 976//976 1424//1425 974//977
f 976//976 1427//1428 1424//1425
f 976//976 1428//1429 1427//1428
f 1429//1430 1427//1428 1428//1429
f 1429//1430 1383//1387 1427//1428
f 1378//1381 1429//1430 1430//1431
f 1428//1429 1430//1431 1429//1430
f 1378//1381 1383//1387 1429//1430
f 1378//1381 1430//1431 1431//1432
f 1428//1429 1431//1432 1430//1431
f 1378//1381 1431//1432 1434//1433
f 1431//1432 1432//1434 1433//1435
f 1431//1432 1428//1429 1432//1434
f 1435//1436 1431//1432 1433//1435
f 1435//1436 1434//1433 1431//1432
f 976//976 1436//1437 1435//1436
f 1438//1438 1435//1436 1436//1437
f 1435//1436 1437//1439 1439//1440
f 1438//1438 1437//1439 1435//1436
f 1432//1434 976//976 1435//1436
f 1440//1441 1434//1433 1435//1436
f 1432//1434 1435//1436 1433//1435
f 1435//1436 1439//1440 1440//1441
f 1440//1441 1441//1442 1434//1433
f 1442//1443 1441//1442 1440//1441
f 1442//1443 1440//1441 1439//1440
f 1441//1442 1442//1443 1443//1444
f 1443//1444 1442//1443 1444//1445
f 1437//1439 1442//1443 1439//1440
f 1437//1439 1444//1445 1442//1443
f 1443//1444 1444//1445 1447//1446
f 1444//1445 1437//1439 1445//1447
f 1446//1448 1444//1445 1445//1447
f 1444//1445 1446//1448 1448//1449
f 1447//1446 1444//1445 1449//1450
f 1444//1445 1448//1449 1449//1450
f 1450//1451 1449//1450 1448//1449
f 1450//1451 1451//1452 1449//1450
f 1447//1446 1449//1450 1451//1452
f 1451//1452 1450//1451 1452//1453
f 1451//1452 1452//1453 1453//1454
f 1453//1454 1447//1446 1451//1452
f 1454//1455 1453//1454 1452//1453
f 1454//1455 1455//1456 1453//1454
f 1453//1454 1455//1456 1447//1446
f 1371//1373 1455//1456 1457//1457
f 1456//1458 1455//1456 1371//1373
f 1455//1456 1378//1381 1459//1459
f 1378//1381 1455//1456 1456//1458
f 1457//1457 1455//1456 1454//1455
f 1455//1456 1443//1444 1447//1446
f 1455//1456 1458//1460 1443//1444
f 1455//1456 1459//1459 1458//1460
f 1441//1442 1458//1460 1459//1459
f 1434//1433 1459//1459 1378//1381
f 1434//1433 1441//1442 1459//1459
f 1441//1442 1443//1444 1458//1460
f 1371//1373 1457//1457 1461//1461
f 1457//1457 1454//1455 1460//1462
f 1461//1461 1457//1457 1460//1462
f 1371//1373 1461//1461 1462//1463
f 1461//1461 1460//1462 1462//1463
f 1454//1455 1462//1463 1460//1462
f 1454//1455 1372//1374 1462//1463
f 1371//1373 1462//1463 1372//1374
f 1456//1458 1371//1373 1463//1464
f 1378//1381 1456//1458 1379//1377
f 1463//1464 1379//1377 1456//1458
f 1371//1373 1376//1378 1463//1464
f 1463//1464 1376//1378 1379//1377
f 1464//1465 1372//1374 1454//1455
f 1450//1451 1454//1455 1452//1453
f 1464//1465 1454//1455 1465//1466
f 1466//1467 1465//1466 1454//1455
f 1450//1451 1466//1467 1454//1455
f 1446//1448 1466//1467 1450//1451
f 1466//1467 1446//1448 1470//1468
f 1466//1467 1467//1469 1469//1470
f 1466//1467 1468//1471 1467//1469
f 1468//1471 1466//1467 1473//1472
f 1466//1467 1469//1470 1465//1466
f 1466//1467 1470//1468 1471//1473
f 1472//1474 1466//1467 1471//1473
f 1472//1474 1473//1472 1466//1467
f 1477//1475 1473//1472 1472//1474
f 1476//1476 1473//1472 1474//1477
f 1474//1477 1473//1472 1475//1478
f 1477//1475 1475//1478 1473//1472
f 1473//1472 1476//1476 1468//1471
f 1477//1475 1472//1474 1471//1473
f 1477//1475 1471//1473 1470//1468
f 1470//1468 1478//1479 1477//1475
f 1475//1478 1477//1475 1478//1479
f 1478//1479 1479//1480 918//921
f 1478//1479 1446//1448 1479//1480
f 1470//1468 1446//1448 1478//1479
f 1475//1478 1478//1479 1480//1481
f 1478//1479 1481//1482 1480//1481
f 919//920 1478//1479 918//921
f 1478//1479 919//920 1481//1482
f 1481//1482 1483//1483 1482//1484
f 1482//1484 1480//1481 1481//1482
f 1481//1482 919//920 1483//1483
f 1476//1476 1482//1484 1483//1483
f 1476//1476 1483//1483 1484//1485
f 1483//1483 1485//1486 1484//1485
f 1483//1483 919//920 1485//1486
f 1485//1486 914//916 1486//1487
f 1487//1488 1485//1486 1486//1487
f 1487//1488 1484//1485 1485//1486
f 1485//1486 919//920 914//916
f 1484//1485 1487//1488 1488//1489
f 1486//1487 1490//1490 1487//1488
f 1489//1491 1488//1489 1487//1488
f 1489//1491 1487//1488 1490//1490
f 1489//1491 1490//1490 1491//1492
f 1490//1490 1492//1493 1491//1492
f 1486//1487 914//916 1490//1490
f 1490//1490 914//916 1492//1493
f 1492//1493 913//915 1493//1494
f 1494//1495 1492//1493 1493//1494
f 1494//1495 1491//1492 1492//1493
f 1492//1493 914//916 913//915
f 1491//1492 1494//1495 1495//1496
f 1493//1494 1497//1497 1494//1495
f 1496//1498 1495//1496 1494//1495
f 1496//1498 1494//1495 1497//1497
f 1496//1498 1497//1497 1498//1499
f 1497//1497 1499//1500 1498//1499
f 1493//1494 913//915 1497//1497
f 1497//1497 913//915 1499//1500
f 1499//1500 911//912 1500//1501
f 1499//1500 913//915 911//912
f 1499//1500 1500//1501 1501//1502
f 1499//1500 1501//1502 1498//1499
f 1498//1499 1501//1502 1502//1503
f 752//754 1502//1503 1501//1502
f 752//754 1501//1502 1503//1504
f 1500//1501 1503//1504 1501//1502
f 752//754 1503//1504 1504//1505
f 910//911 1504//1505 1503//1504
f 910//911 1503//1504 911//912
f 1500//1501 911//912 1503//1504
f 752//754 1504//1505 1507//1506
f 1504//1505 1505//1507 1506//1508
f 1505//1507 1504//1505 910//911
f 1504//1505 1506//1508 1507//1506
f 751//752 752//754 1507//1506
f 751//752 1507//1506 1506//1508
f 751//752 1506//1508 1505//1507
f 1505//1507 910//911 909//910
f 909//910 905//906 1505//1507
f 751//752 1505//1507 905//906
f 752//754 1508//1509 1502//1503
f 1498//1499 1502//1503 1508//1509
f 752//754 1496//1498 1508//1509
f 1496//1498 1498//1499 1508//1509
f 1496//1498 1509//1510 1495//1496
f 1496//1498 1489//1491 1509//1510
f 1496//1498 752//754 744//745
f 1496//1498 744//745 1510//1511
f 1489//1491 1496//1498 1510//1511
f 1489//1491 1510//1511 1511//1512
f 1511//1512 1510//1511 1513//1513
f 1510//1511 1514//1514 1512//1515
f 1513//1513 1510//1511 1512//1515
f 1510//1511 1515//1516 1514//1514
f 1515//1516 1510//1511 744//745
f 1515//1516 742//743 1514//1514
f 1515//1516 743//744 742//743
f 1515//1516 744//745 743//744
f 1514//1514 742//743 739//741
f 1514//1514 739//741 738//740
f 737//739 1514//1514 738//740
f 737//739 1512//1515 1514//1514
f 1511//1512 1513//1513 1517//1517
f 1517//1517 1513//1513 1516//1518
f 1513//1513 1512//1515 1516//1518
f 1511//1512 1517//1517 1518//1519
f 1517//1517 1516//1518 1518//1519
f 1511//1512 1518//1519 1522//1520
f 1518//1519 1516//1518 1519//1521
f 1518//1519 1519//1521 1520//1522
f 1521//1523 1518//1519 1520//1522
f 1521//1523 1522//1520 1518//1519
f 1521//1523 1523//1524 1522//1520
f 1523//1524 1524//1525 1522//1520
f 1524//1525 1525//1526 1522//1520
f 1525//1526 1511//1512 1522//1520
f 1511//1512 1525//1526 1526//1527
f 1524//1525 1526//1527 1525//1526
f 1468//1471 1511//1512 1526//1527
f 1527//1528 1468//1471 1526//1527
f 1523//1524 1526//1527 1524//1525
f 1523//1524 1527//1528 1526//1527
f 1527//1528 1523//1524 1528//1529
f 1527//1528 1528//1529 1529//1530
f 1530//1531 1527//1528 1529//1530
f 1530//1531 1531//1532 1527//1528
f 1527//1528 1531//1532 1468//1471
f 1530//1531 1532//1533 1531//1532
f 1467//1469 1531//1532 1532//1533
f 1467//1469 1468//1471 1531//1532
f 1530//1531 1533//1534 1532//1533
f 1532//1533 1469//1470 1467//1469
f 1532//1533 1465//1466 1469//1470
f 1465//1466 1532//1533 1533//1534
f 1530//1531 1464//1465 1533//1534
f 1465//1466 1533//1534 1464//1465
f 1530//1531 1372//1374 1464//1465
f 1369//1371 1372//1374 1530//1531
f 1521//1523 1530//1531 1529//1530
f 731//732 1530//1531 1521//1523
f 731//732 1369//1371 1530//1531
f 1521//1523 1529//1530 1528//1529
f 1521//1523 1528//1529 1523//1524
f 737//739 1521//1523 1520//1522
f 731//732 1521//1523 737//739
f 737//739 1520//1522 1519//1521
f 737//739 1519//1521 1516//1518
f 737//739 1516//1518 1512//1515
f 1468//1471 1489//1491 1511//1512
f 1491//1492 1495//1496 1509//1510
f 1489//1491 1491//1492 1509//1510
f 1468//1471 1476//1476 1489//1491
f 1489//1491 1476//1476 1534//1535
f 1489//1491 1534//1535 1488//1489
f 1484//1485 1488//1489 1534//1535
f 1476//1476 1484//1485 1534//1535
f 1482//1484 1535//1536 1480//1481
f 1535//1536 1482//1484 1536//1537
f 1476//1476 1536//1537 1482//1484
f 1476//1476 1474//1477 1536//1537
f 1535//1536 1536//1537 1474//1477
f 1475//1478 1480//1481 1535//1536
f 1474//1477 1475//1478 1535//1536
f 1539//1538 1537//1539 1479//1480
f 1537//1539 1538//1540 1479//1480
f 1540//1541 1479//1480 1538//1540
f 1539//1538 1479//1480 1445//1447
f 1446//1448 1445//1447 1479//1480
f 1540//1541 918//921 1479//1480
f 1540//1541 1541//1542 933//933
f 1540//1541 1538//1540 1541//1542
f 1540//1541 933//933 931//932
f 918//921 1540//1541 931//932
f 1541//1542 941//942 932//934
f 1537//1539 941//942 1541//1542
f 1541//1542 932//934 933//933
f 1537//1539 1541//1542 1538//1540
f 1537//1539 1539//1538 1542//1543
f 1539//1538 1544//1544 1542//1543
f 1539//1538 1445//1447 1543//1545
f 1539//1538 1543//1545 1544//1544
f 1438//1438 1544//1544 1543//1545
f 1546//1546 1542//1543 1544//1544
f 1438//1438 1545//1547 1544//1544
f 1547//1548 1544//1544 1545//1547
f 1547//1548 1546//1546 1544//1544
f 1547//1548 1548//1549 1550//1550
f 973//975 1548//1549 1547//1548
f 1547//1548 1550//1550 1546//1546
f 1549//1551 973//975 1547//1548
f 1549//1551 1547//1548 1545//1547
f 1550//1550 949//952 1551//1552
f 1550//1550 948//950 949//952
f 1548//1549 948//950 1550//1550
f 1550//1550 1551//1552 943//944
f 1550//1550 943//944 1546//1546
f 943//944 1551//1552 949//952
f 1549//1551 1436//1437 977//973
f 1436//1437 1549//1551 1545//1547
f 972//974 973//975 1549//1551
f 1549//1551 977//973 972//974
f 1548//1549 1552//1553 948//950
f 1553//1554 1552//1553 1548//1549
f 973//975 1553//1554 1548//1549
f 970//970 1552//1553 1553//1554
f 970//970 1553//1554 973//975
f 969//968 948//950 1552//1553
f 970//970 968//971 1552//1553
f 968//971 969//968 1552//1553
f 1546//1546 943//944 1542//1543
f 1436//1437 1545//1547 1438//1438
f 1543//1545 1437//1439 1438//1438
f 1543//1545 1445//1447 1437//1439
f 1537//1539 1542//1543 943//944
f 1537//1539 943//944 941//942
f 1446//1448 1450//1451 1448//1449
f 977//973 1436//1437 976//976
f 976//976 1432//1434 1428//1429
f 1414//1415 1420//1421 1422//1423
f 1414//1415 1422//1423 1383//1387
f 1416//1417 1409//1410 997//999
f 1412//1413 1409//1410 1416//1417
f 1414//1415 1381//1383 1393//1395
f 1381//1383 1414//1415 1554//1555
f 1554//1555 1414//1415 1383//1387
f 1381//1383 1554//1555 1385//1384
f 1382//1385 1385//1384 1554//1555
f 1554//1555 1383//1387 1382//1385
f 1407//1408 997//999 1409//1410
f 1407//1408 1011//1013 997//999
f 1399//1400 1405//1407 1555//1556
f 1404//1406 1555//1556 1405//1407
f 1404//1406 1398//1399 1555//1556
f 1399//1400 1555//1556 1398//1399
f 1404//1406 1396//1398 1398//1399
f 1136//1137 1394//1394 1140//1141
f 1136//1137 1133//1135 1394//1394
f 1140//1141 1394//1394 1391//1391
f 1556//1557 1391//1391 1390//1392
f 1140//1141 1391//1391 1556//1557
f 1141//1143 1556//1557 1557//1558
f 1140//1141 1556//1557 1141//1143
f 1556//1557 1390//1392 1557//1558
f 1141//1143 1557//1558 1558//1559
f 1560//1560 1558//1559 1557//1558
f 1557//1558 1559//1561 1560//1560
f 1557//1558 1390//1392 1559//1561
f 1561//1562 1560//1560 1364//1365
f 1364//1365 1560//1560 1559//1561
f 1560//1560 1561//1562 1558//1559
f 1561//1562 1214//1215 1558//1559
f 1561//1562 1215//1216 1214//1215
f 1561//1562 1364//1365 1362//1363
f 1215//1216 1561//1562 1362//1363
f 1559//1561 1368//1369 1365//1366
f 1559//1561 1388//1390 1368//1369
f 1364//1365 1559//1561 1365//1366
f 1390//1392 1388//1390 1559//1561
f 1143//1145 1141//1143 1558//1559
f 1143//1145 1558//1559 1214//1215
f 1368//1369 1388//1390 1374//1375
f 1562//1563 1386//1388 1563//1564
f 1562//1563 1377//1380 1386//1388
f 1386//1388 1383//1387 1563//1564
f 1563//1564 1378//1381 1562//1563
f 1563//1564 1383//1387 1378//1381
f 1377//1380 1562//1563 1378//1381
f 1382//1385 1384//1386 1385//1384
f 731//732 730//731 1369//1371
f 1215//1216 1362//1363 1218//1220
f 725//726 1360//1361 1358//1359
f 1356//1357 1360//1361 1564//1565
f 1360//1361 1565//1566 1564//1565
f 1360//1361 1566//1567 1565//1566
f 725//726 1566//1567 1360//1361
f 723//724 1567//1568 1566//1567
f 1566//1567 1567//1568 1568//1569
f 1566//1567 1568//1569 1565//1566
f 723//724 1566//1567 725//726
f 1567//1568 1570//1570 1568//1569
f 1569//1571 1568//1569 1570//1570
f 1571//1572 1568//1569 1569//1571
f 1571//1572 1565//1566 1568//1569
f 1573//1573 1571//1572 1572//1574
f 1571//1572 1574//1575 1572//1574
f 1573//1573 1565//1566 1571//1572
f 1571//1572 1569//1571 1574//1575
f 1569//1571 1575//1576 1574//1575
f 1572//1574 1574//1575 1577//1577
f 1574//1575 1575//1576 1576//1578
f 1574//1575 1576//1578 1577//1577
f 1572//1574 1577//1577 1578//1579
f 1578//1579 1577//1577 268//257
f 266//254 1577//1577 1576//1578
f 266//254 268//257 1577//1577
f 1579//1580 1578//1579 1580//1581
f 1579//1580 1572//1574 1578//1579
f 1578//1579 268//257 251//250
f 1580//1581 1578//1579 251//250
f 1580//1581 251//250 246//247
f 1584//1582 1580//1581 246//247
f 1581//1583 1580//1581 1582//1584
f 1581//1583 1579//1580 1580//1581
f 1583//1585 1582//1584 1580//1581
f 1580//1581 1584//1582 1583//1585
f 243//246 252//245 1584//1582
f 1584//1582 246//247 243//246
f 1585//1586 1583//1585 1584//1582
f 252//245 1585//1586 1584//1582
f 1585//1586 252//245 1586//1587
f 1587//1588 1585//1586 1586//1587
f 1585//1586 1587//1588 1583//1585
f 1587//1588 1582//1584 1583//1585
f 1586//1587 1588//1589 1587//1588
f 1587//1588 1588//1589 1582//1584
f 1589//1590 1588//1589 1586//1587
f 1589//1590 1590//1591 1588//1589
f 1591//1592 1582//1584 1588//1589
f 1591//1592 1588//1589 1590//1591
f 1581//1583 1591//1592 1592//1593
f 1581//1583 1582//1584 1591//1592
f 1591//1592 1593//1594 1592//1593
f 1590//1591 1593//1594 1591//1592
f 1593//1594 1594//1595 1598//1596
f 1593//1594 1596//1597 1594//1595
f 1592//1593 1593//1594 1595//1598
f 1593//1594 1598//1596 1595//1598
f 1593//1594 1597//1599 1596//1597
f 1590//1591 1597//1599 1593//1594
f 1598//1596 1599//1600 1600//1601
f 1598//1596 1601//1602 1599//1600
f 1598//1596 1600//1601 1602//1603
f 1598//1596 1594//1595 1601//1602
f 1595//1598 1598//1596 1602//1603
f 1602//1603 1600//1601 1603//1604
f 1602//1603 1603//1604 1341//1343
f 1595//1598 1602//1603 1343//1344
f 1343//1344 1602//1603 1341//1343
f 1604//1605 1603//1604 1600//1601
f 1604//1605 1325//1326 1603//1604
f 1331//1331 1603//1604 1325//1326
f 1341//1343 1603//1604 1331//1331
f 1320//1323 1604//1605 1605//1606
f 1605//1606 1604//1605 1600//1601
f 1323//1324 1325//1326 1604//1605
f 1320//1323 1323//1324 1604//1605
f 1607//1607 1605//1606 1606//1608
f 1601//1602 1606//1608 1605//1606
f 1607//1607 1320//1323 1605//1606
f 1605//1606 1600//1601 1599//1600
f 1601//1602 1605//1606 1599//1600
f 1608//1609 1607//1607 1606//1608
f 1608//1609 1609//1610 1607//1607
f 1610//1611 1607//1607 1609//1610
f 1320//1323 1607//1607 1321//1321
f 1607//1607 1610//1611 1321//1321
f 1610//1611 1609//1610 1612//1612
f 1610//1611 1318//1319 1321//1321
f 1610//1611 1611//1613 1318//1319
f 1611//1613 1610//1611 1612//1612
f 1612//1612 1613//1614 1614//1615
f 1612//1612 1609//1610 1613//1614
f 1615//1616 1612//1612 1614//1615
f 1611//1613 1612//1612 1615//1616
f 1615//1616 1616//1617 1617//1618
f 1616//1617 1615//1616 1618//1619
f 1615//1616 1617//1618 1611//1613
f 1615//1616 1614//1615 1618//1619
f 260//265 1618//1619 1614//1615
f 260//265 261//266 1618//1619
f 261//266 1619//1620 1618//1619
f 1616//1617 1618//1619 1619//1620
f 261//266 262//267 1619//1620
f 1620//1621 1616//1617 1619//1620
f 273//274 1620//1621 1619//1620
f 263//268 1619//1620 262//267
f 263//268 273//274 1619//1620
f 1617//1618 1616//1617 1620//1621
f 1617//1618 1620//1621 274//275
f 1620//1621 273//274 274//275
f 1617//1618 1317//1318 1318//1319
f 1617//1618 275//276 1317//1318
f 1617//1618 1318//1319 1611//1613
f 274//275 275//276 1617//1618
f 259//264 1614//1615 1613//1614
f 259//264 260//265 1614//1615
f 258//263 1613//1614 1621//1622
f 258//263 259//264 1613//1614
f 1609//1610 1621//1622 1613//1614
f 1609//1610 1608//1609 1621//1622
f 1608//1609 1622//1623 1621//1622
f 257//262 1621//1622 1622//1623
f 257//262 258//263 1621//1622
f 1608//1609 1623//1624 1622//1623
f 1622//1623 1623//1624 1596//1597
f 1622//1623 1596//1597 1624//1625
f 256//261 1622//1623 1624//1625
f 256//261 257//262 1622//1623
f 1624//1625 1596//1597 1597//1599
f 1624//1625 1597//1599 1625//1626
f 255//260 1624//1625 1625//1626
f 255//260 256//261 1624//1625
f 254//259 1625//1626 1589//1590
f 1590//1591 1589//1590 1625//1626
f 1590//1591 1625//1626 1597//1599
f 254//259 255//260 1625//1626
f 1594//1595 1623//1624 1601//1602
f 1594//1595 1596//1597 1623//1624
f 1623//1624 1606//1608 1601//1602
f 1623//1624 1608//1609 1606//1608
f 1595//1598 1344//1346 1626//1627
f 1592//1593 1595//1598 1626//1627
f 1595//1598 1343//1344 1344//1346
f 1627//1628 1626//1627 1349//1351
f 1626//1627 1627//1628 1581//1583
f 1626//1627 1581//1583 1592//1593
f 1344//1346 1349//1351 1626//1627
f 1627//1628 1349//1351 1628//1629
f 1628//1629 1573//1573 1627//1628
f 1579//1580 1627//1628 1573//1573
f 1579//1580 1581//1583 1627//1628
f 1628//1629 1564//1565 1573//1573
f 1356//1357 1564//1565 1628//1629
f 1348//1350 1628//1629 1349//1351
f 1348//1350 1356//1357 1628//1629
f 253//258 254//259 1589//1590
f 253//258 1589//1590 1586//1587
f 252//245 253//258 1586//1587
f 1573//1573 1572//1574 1579//1580
f 1575//1576 1629//1630 1576//1578
f 249//253 266//254 1576//1578
f 249//253 1576//1578 1629//1630
f 1575//1576 1631//1631 1629//1630
f 267//255 1629//1630 1630//1632
f 1631//1631 1630//1632 1629//1630
f 267//255 249//253 1629//1630
f 1575//1576 1633//1633 1631//1631
f 1631//1631 1632//1634 1634//1635
f 1631//1631 1633//1633 1632//1634
f 1631//1631 1634//1635 1630//1632
f 1634//1635 1635//1636 1636//1637
f 1632//1634 1635//1636 1634//1635
f 1634//1635 1636//1637 1630//1632
f 1635//1636 1637//1638 1636//1637
f 271//244 1636//1637 1637//1638
f 269//272 1630//1632 1636//1637
f 271//244 269//272 1636//1637
f 242//242 1637//1638 1639//1639
f 242//242 271//244 1637//1638
f 1638//1640 1637//1638 1640//1641
f 1638//1640 1639//1639 1637//1638
f 1635//1636 1640//1641 1637//1638
f 1640//1641 1641//1642 1642//1643
f 1640//1641 1635//1636 1641//1642
f 1640//1641 1642//1643 1643//1644
f 1640//1641 1643//1644 1638//1640
f 1643//1644 1646//1645 1644//1646
f 1643//1644 1644//1646 1645//1647
f 1643//1644 1645//1647 1638//1640
f 1643//1644 1647//1648 1646//1645
f 1642//1643 1647//1648 1643//1644
f 1649//1649 1647//1648 1648//1650
f 1642//1643 1648//1650 1647//1648
f 1650//1651 1646//1645 1647//1648
f 1649//1649 1650//1651 1647//1648
f 1649//1649 1652//1652 1650//1651
f 1653//1653 1651//1654 1650//1651
f 1650//1651 1651//1654 1646//1645
f 1653//1653 1650//1651 1652//1652
f 1657//1655 1653//1653 1652//1652
f 1653//1653 1654//1656 1651//1654
f 1653//1653 1655//1657 1654//1656
f 1656//1658 1655//1657 1653//1653
f 1657//1655 1656//1658 1653//1653
f 1656//1658 1657//1655 1660//1659
f 1658//1660 1657//1655 1652//1652
f 1658//1660 1659//1661 1657//1655
f 1659//1661 1660//1659 1657//1655
f 1659//1661 1661//1662 1660//1659
f 1661//1662 1663//1663 1660//1659
f 1656//1658 1660//1659 1662//1664
f 1663//1663 1662//1664 1660//1659
f 1666//1665 1664//1666 1663//1663
f 1663//1663 1664//1666 1662//1664
f 1661//1662 1665//1667 1663//1663
f 1665//1667 701//702 1663//1663
f 1666//1665 1663//1663 701//702
f 700//701 1666//1665 701//702
f 1668//1668 1667//1669 1666//1665
f 1667//1669 1664//1666 1666//1665
f 700//701 1668//1668 1666//1665
f 1668//1668 1669//1670 1667//1669
f 1668//1668 1671//1671 1669//1670
f 1670//1672 1668//1668 700//701
f 1670//1672 1671//1671 1668//1668
f 1673//1673 1669//1670 1671//1671
f 1671//1671 1672//1674 1673//1673
f 1671//1671 682//683 1672//1674
f 1671//1671 683//684 682//683
f 1671//1671 1670//1672 683//684
f 1673//1673 665//666 1669//1670
f 1674//1675 665//666 1673//1673
f 1674//1675 1673//1673 1672//1674
f 668//667 665//666 1674//1675
f 681//682 671//672 1674//1675
f 668//667 1674//1675 671//672
f 1674//1675 1672//1674 682//683
f 1674//1675 682//683 681//682
f 686//685 1670//1672 700//701
f 686//685 683//684 1670//1672
f 1675//1676 1667//1669 1669//1670
f 1675//1676 1669//1670 665//666
f 651//652 1675//1676 652//653
f 651//652 1676//1677 1675//1676
f 652//653 1675//1676 665//666
f 1676//1677 1667//1669 1675//1676
f 651//652 1677//1678 1676//1677
f 1676//1677 1677//1678 1679//1679
f 1676//1677 1678//1680 1667//1669
f 1676//1677 1679//1679 1678//1680
f 1681//1681 1680//1682 1679//1679
f 1680//1682 1662//1664 1679//1679
f 1681//1681 1679//1679 1677//1678
f 1678//1680 1679//1679 1662//1664
f 1681//1681 1682//1683 1684//1684
f 1681//1681 1683//1685 1682//1683
f 1683//1685 1681//1681 1677//1678
f 1655//1657 1680//1682 1681//1681
f 1655//1657 1681//1681 1684//1684
f 1684//1684 1682//1683 1686//1686
f 1684//1684 1685//1687 1654//1656
f 1684//1684 1686//1686 1685//1687
f 1684//1684 1654//1656 1655//1657
f 1682//1683 1687//1688 1686//1686
f 1686//1686 1687//1688 1689//1689
f 1685//1687 1686//1686 1688//1690
f 1686//1686 1689//1689 1688//1690
f 1687//1688 1692//1691 1689//1689
f 1690//1692 1689//1689 1692//1691
f 1691//1693 1689//1689 1690//1692
f 1691//1693 1688//1690 1689//1689
f 1694//1694 1692//1691 1693//1695
f 1695//1696 1693//1695 1692//1691
f 1687//1688 1695//1696 1692//1691
f 1690//1692 1692//1691 1694//1694
f 1695//1696 1698//1697 1693//1695
f 1696//1698 1695//1696 1687//1688
f 1696//1698 1697//1699 1695//1696
f 1697//1699 1698//1697 1695//1696
f 640//643 641//642 1698//1697
f 1697//1699 640//643 1698//1697
f 1698//1697 290//290 1693//1695
f 1698//1697 641//642 290//290
f 646//648 1697//1699 1696//1698
f 643//644 640//643 1697//1699
f 646//648 643//644 1697//1699
f 1683//1685 1696//1698 1682//1683
f 1682//1683 1696//1698 1687//1688
f 1683//1685 646//648 1696//1698
f 1699//1700 1694//1694 288//289
f 288//289 1694//1694 287//287
f 1694//1694 1693//1695 287//287
f 1699//1700 1690//1692 1694//1694
f 1699//1700 237//237 1700//1701
f 1699//1700 239//238 237//237
f 288//289 239//238 1699//1700
f 1691//1693 1690//1692 1699//1700
f 1691//1693 1699//1700 1700//1701
f 1701//1702 1691//1693 1700//1701
f 1701//1702 1700//1701 1702//1703
f 1700//1701 1703//1704 1702//1703
f 1700//1701 237//237 1703//1704
f 238//239 1703//1704 237//237
f 1702//1703 1703//1704 1704//1705
f 1703//1704 245//248 1704//1705
f 1703//1704 247//249 245//248
f 238//239 247//249 1703//1704
f 1702//1703 1704//1705 1705//1706
f 245//248 1706//1707 1704//1705
f 1706//1707 1705//1706 1704//1705
f 245//248 244//243 1706//1707
f 244//243 1639//1639 1706//1707
f 1706//1707 1645//1647 1705//1706
f 1645//1647 1706//1707 1639//1639
f 1707//1708 1702//1703 1705//1706
f 1645//1647 1707//1708 1705//1706
f 1707//1708 1701//1702 1702//1703
f 1644//1646 1709//1709 1707//1708
f 1645//1647 1644//1646 1707//1708
f 1707//1708 1708//1710 1701//1702
f 1707//1708 1709//1709 1708//1710
f 1644//1646 1646//1645 1709//1709
f 1646//1645 1654//1656 1709//1709
f 1654//1656 1708//1710 1709//1709
f 1654//1656 1685//1687 1708//1710
f 1685//1687 1688//1690 1708//1710
f 1701//1702 1708//1710 1688//1690
f 1701//1702 1688//1690 1691//1693
f 287//287 1693//1695 290//290
f 1683//1685 1677//1678 649//650
f 646//648 1683//1685 649//650
f 1680//1682 1656//1658 1662//1664
f 1656//1658 1680//1682 1655//1657
f 1667//1669 1678//1680 1664//1666
f 1678//1680 1662//1664 1664//1666
f 651//652 649//650 1677//1678
f 1665//1667 702//703 701//702
f 702//703 1665//1667 1710//1711
f 1665//1667 1711//1712 1710//1711
f 1665//1667 1661//1662 1711//1712
f 709//710 1710//1711 1711//1712
f 709//710 1711//1712 1712//1713
f 1711//1712 1713//1714 1712//1713
f 1661//1662 1714//1715 1711//1712
f 1711//1712 1714//1715 1713//1714
f 1715//1716 1714//1715 1716//1717
f 1715//1716 1713//1714 1714//1715
f 1659//1661 1716//1717 1714//1715
f 1661//1662 1659//1661 1714//1715
f 1716//1717 1717//1718 1715//1716
f 1716//1717 1718//1719 1717//1718
f 1718//1719 1716//1717 1658//1660
f 1659//1661 1658//1660 1716//1717
f 1719//1720 1717//1718 1718//1719
f 1648//1650 1718//1719 1649//1649
f 1718//1719 1658//1660 1649//1649
f 1719//1720 1718//1719 1720//1721
f 1648//1650 1720//1721 1718//1719
f 1641//1642 1720//1721 1648//1650
f 1632//1634 1720//1721 1641//1642
f 1632//1634 1719//1720 1720//1721
f 1633//1633 1719//1720 1632//1634
f 1721//1722 1717//1718 1719//1720
f 1633//1633 1721//1722 1719//1720
f 1721//1722 1723//1723 1717//1718
f 1722//1724 1721//1722 1570//1570
f 1722//1724 1723//1723 1721//1722
f 1724//1725 1721//1722 1633//1633
f 1724//1725 1570//1570 1721//1722
f 1569//1571 1724//1725 1575//1576
f 1569//1571 1570//1570 1724//1725
f 1575//1576 1724//1725 1633//1633
f 1715//1716 1723//1723 1725//1726
f 1725//1726 1723//1723 1722//1724
f 1715//1716 1717//1718 1723//1723
f 1725//1726 716//718 1713//1714
f 717//719 716//718 1725//1726
f 1725//1726 1722//1724 722//723
f 717//719 1725//1726 722//723
f 1725//1726 1713//1714 1715//1716
f 1567//1568 1722//1724 1570//1570
f 722//723 1722//1724 1567//1568
f 1713//1714 713//714 1712//1713
f 1713//1714 716//718 713//714
f 709//710 1712//1713 713//714
f 703//704 1710//1711 709//710
f 702//703 1710//1711 703//704
f 1649//1649 1658//1660 1652//1652
f 1646//1645 1651//1654 1654//1656
f 1641//1642 1648//1650 1642//1643
f 1645//1647 1639//1639 1638//1640
f 1632//1634 1641//1642 1635//1636
f 244//243 242//242 1639//1639
f 269//272 267//255 1630//1632
f 1573//1573 1564//1565 1565//1566
f 722//723 1567//1568 723//724
f 1358//1359 1359//1360 726//727
f 728//729 726//727 1359//1360
f 726//727 725//726 1358//1359
f 1726//1727 1354//1354 1728//1728
f 1726//1727 1727//1729 1354//1354
f 1354//1354 1727//1729 1729//1730
f 1354//1354 1351//1353 1728//1728
f 1354//1354 1729//1730 1353//1355
f 1729//1730 1730//1731 1731//1732
f 1729//1730 1727//1729 1730//1731
f 1731//1732 1732//1733 1729//1730
f 1733//1734 1729//1730 1732//1733
f 1733//1734 1353//1355 1729//1730
f 1733//1734 1732//1733 1235//1237
f 1733//1734 1734//1735 1353//1355
f 1234//1235 1734//1735 1733//1734
f 1733//1734 1235//1237 1234//1235
f 1734//1735 1230//1233 1353//1355
f 1734//1735 1735//1736 1230//1233
f 1234//1235 1735//1736 1734//1735
f 1230//1233 1735//1736 1234//1235
f 1235//1237 1732//1733 1338//1339
f 1736//1737 1732//1733 1731//1732
f 1736//1737 1338//1339 1732//1733
f 1736//1737 1730//1731 1726//1727
f 1731//1732 1730//1731 1736//1737
f 1736//1737 1726//1727 1338//1339
f 1726//1727 1730//1731 1727//1729
f 1339//1340 1726//1727 1728//1728
f 1339//1340 1728//1728 1345//1345
f 1350//1352 1345//1345 1728//1728
f 1350//1352 1728//1728 1351//1353
f 1338//1339 1726//1727 1339//1340
f 1235//1237 1338//1339 1242//1243
f 1306//1305 1328//1328 1308//1309
f 1302//1304 1328//1328 1306//1305
f 1327//1329 1328//1328 1302//1304
f 1327//1329 1302//1304 1301//1301
f 275//276 277//277 1317//1318
f 277//277 1316//1317 1317//1318
f 277//277 281//282 1316//1317
f 281//282 295//296 1316//1317
f 1316//1317 295//296 1314//1315
f 295//296 298//299 1314//1315
f 1300//1302 1304//1306 302//303
f 298//299 302//303 1304//1306
f 305//304 1300//1302 302//303
f 1300//1302 305//304 1292//1294
f 1300//1302 1292//1294 1298//1300
f 1242//1243 1294//1295 1737//1738
f 1294//1295 1289//1290 1737//1738
f 1242//1243 1737//1738 1740//1739
f 1738//1740 1737//1738 1289//1290
f 1738//1740 1739//1741 1737//1738
f 1737//1738 1739//1741 1740//1739
f 1740//1739 1243//1244 1242//1243
f 1244//1245 1243//1244 1740//1739
f 1739//1741 1741//1742 1740//1739
f 1244//1245 1740//1739 1741//1742
f 1282//1285 1741//1742 1739//1741
f 1282//1285 1284//1284 1741//1742
f 1284//1284 1244//1245 1741//1742
f 1738//1740 1282//1285 1739//1741
f 1289//1290 1287//1289 1738//1740
f 1738//1740 1287//1289 1282//1285
f 305//304 306//307 1290//1292
f 306//307 1286//1287 1290//1292
f 1286//1287 313//314 1280//1281
f 311//312 313//314 1286//1287
f 306//307 311//312 1286//1287
f 1248//1248 1244//1245 1284//1284
f 1248//1248 1284//1284 1283//1286
f 1250//1251 1283//1286 1276//1277
f 1250//1251 1248//1248 1283//1286
f 1278//1279 1280//1281 313//314
f 1278//1279 315//316 314//315
f 1278//1279 316//313 315//316
f 1278//1279 313//314 316//313
f 1253//1254 1247//1249 1251//1253
f 1247//1249 1229//1231 1237//1239
f 1247//1249 1237//1239 1238//1240
f 1237//1239 1229//1231 1231//1232
f 1217//1218 1218//1220 1232//1230
f 1226//1228 1227//1229 1229//1231
f 1742//1743 1143//1145 1214//1215
f 1742//1743 1214//1215 1209//1210
f 1209//1210 1743//1744 1742//1743
f 1743//1744 1744//1745 1742//1743
f 1742//1743 1744//1745 1745//1746
f 1742//1743 1745//1746 1144//1146
f 1143//1145 1742//1743 1144//1146
f 1745//1746 1180//1182 1746//1747
f 1744//1745 1180//1182 1745//1746
f 1745//1746 1746//1747 1145//1147
f 1144//1146 1745//1746 1145//1147
f 1746//1747 1747//1748 1160//1160
f 1746//1747 1177//1178 1747//1748
f 1746//1747 1180//1182 1179//1181
f 1746//1747 1179//1181 1177//1178
f 1145//1147 1746//1747 1160//1160
f 1747//1748 1159//1161 1160//1160
f 1748//1749 1159//1161 1747//1748
f 1747//1748 1162//1162 1748//1749
f 1165//1165 1162//1162 1747//1748
f 1165//1165 1747//1748 1177//1178
f 1748//1749 1162//1162 1159//1161
f 1744//1745 1199//1201 1180//1182
f 1208//1209 1199//1201 1744//1745
f 1208//1209 1744//1745 1743//1744
f 1209//1210 1208//1209 1743//1744
f 1211//1213 1201//1203 1206//1208
f 1203//1204 1204//1206 1208//1209
f 1204//1206 1199//1201 1208//1209
f 334//333 337//337 1183//1184
f 1168//1168 1171//1173 362//362
f 1167//1169 1168//1168 1749//1750
f 1168//1168 1750//1751 1749//1750
f 1168//1168 1751//1752 1750//1751
f 1168//1168 362//362 1751//1752
f 361//363 1751//1752 362//362
f 361//363 1750//1751 1751//1752
f 1749//1750 1750//1751 368//368
f 368//368 1750//1751 361//363
f 1157//1158 1167//1169 1749//1750
f 1752//1753 1749//1750 1753//1754
f 1752//1753 1154//1156 1749//1750
f 1157//1158 1749//1750 1154//1156
f 1749//1750 368//368 1753//1754
f 370//371 1753//1754 368//368
f 1753//1754 370//371 372//372
f 1753//1754 372//372 1752//1753
f 377//376 1155//1157 1752//1753
f 1154//1156 1752//1753 1155//1157
f 377//376 1752//1753 372//372
f 1160//1160 1152//1153 1147//1149
f 1160//1160 1147//1149 1146//1148
f 1145//1147 1160//1160 1146//1148
f 1150//1152 1155//1157 377//376
f 1150//1152 377//376 380//382
f 1137//1139 381//379 379//380
f 385//386 1137//1139 379//380
f 1131//1132 1137//1139 385//386
f 1013//1017 1134//1134 1128//1129
f 387//387 1131//1132 385//386
f 1754//1755 1119//1120 1129//1131
f 388//388 1754//1755 1129//1131
f 388//388 1129//1131 387//387
f 394//393 1118//1119 1754//1755
f 388//388 394//393 1754//1755
f 1754//1755 1118//1119 1119//1120
f 1125//1126 1022//1019 1019//1023
f 394//393 1755//1756 1118//1119
f 1118//1119 1755//1756 1108//1109
f 395//396 1755//1756 394//393
f 395//396 1756//1757 1755//1756
f 1103//1106 1755//1756 1756//1757
f 1103//1106 1108//1109 1755//1756
f 401//400 1756//1757 395//396
f 1756//1757 401//400 1103//1106
f 1112//1112 1757//1758 1083//1084
f 1112//1112 1759//1759 1757//1758
f 1083//1084 1758//1760 1112//1112
f 1018//1020 1112//1112 1758//1760
f 1112//1112 1111//1113 1759//1759
f 1760//1761 1757//1758 1759//1759
f 1760//1761 1759//1759 1111//1113
f 1757//1758 1760//1761 1089//1086
f 1096//1099 1089//1086 1760//1761
f 1111//1113 1096//1099 1760//1761
f 1083//1084 1761//1762 1758//1760
f 1761//1762 1762//1763 1758//1760
f 1018//1020 1758//1760 1762//1763
f 1761//1762 1764//1764 1762//1763
f 1762//1763 1763//1765 1018//1020
f 1763//1765 1762//1763 1764//1764
f 1763//1765 1764//1764 1028//1029
f 1764//1764 1075//1076 1028//1029
f 1764//1764 1076//1077 1075//1076
f 1076//1077 1764//1764 1761//1762
f 1028//1029 1024//1025 1763//1765
f 1763//1765 1024//1025 1020//1021
f 1763//1765 1020//1021 1018//1020
f 1076//1077 1761//1762 1081//1083
f 1083//1084 1081//1083 1761//1762
f 1757//1758 1089//1086 1084//1085
f 1084//1085 1083//1084 1757//1758
f 1101//1102 1094//1098 1106//1108
f 1765//1766 1104//1105 1766//1767
f 1104//1105 1765//1766 1093//1096
f 1766//1767 1104//1105 1767//1768
f 1104//1105 1103//1106 1767//1768
f 1103//1106 1768//1769 1767//1768
f 1766//1767 1767//1768 1768//1769
f 1103//1106 401//400 1768//1769
f 1769//1770 1768//1769 401//400
f 1770//1771 1768//1769 1769//1770
f 1770//1771 1766//1767 1768//1769
f 1771//1772 1766//1767 1770//1771
f 1771//1772 1770//1771 1772//1773
f 1772//1773 1770//1771 1769//1770
f 1772//1773 1769//1770 1773//1774
f 1773//1774 1774//1775 1772//1773
f 1771//1772 1772//1773 1774//1775
f 1773//1774 1775//1776 1774//1775
f 1774//1775 405//406 1771//1772
f 1774//1775 406//407 405//406
f 1775//1776 406//407 1774//1775
f 400//401 403//403 1775//1776
f 399//399 400//401 1775//1776
f 399//399 1775//1776 1773//1774
f 1775//1776 403//403 406//407
f 401//400 1773//1774 1769//1770
f 401//400 399//399 1773//1774
f 405//406 1766//1767 1771//1772
f 405//406 1776//1777 1766//1767
f 1765//1766 1766//1767 1776//1777
f 1776//1777 1777//1778 1093//1096
f 1777//1778 1776//1777 1778//1779
f 1776//1777 1093//1096 1765//1766
f 1776//1777 405//406 1778//1779
f 1782//1780 1778//1779 422//424
f 422//424 1778//1779 1779//1781
f 407//405 1779//1781 1778//1779
f 1778//1779 1780//1782 1777//1778
f 1778//1779 1781//1783 1780//1782
f 438//439 1781//1783 1778//1779
f 1782//1780 438//439 1778//1779
f 407//405 1778//1779 405//406
f 1782//1780 1783//1784 1785//1785
f 1782//1780 1784//1786 1783//1784
f 1782//1780 422//424 1784//1786
f 1782//1780 1785//1785 438//439
f 1785//1785 1783//1784 432//435
f 1785//1785 432//435 434//434
f 438//439 1785//1785 434//434
f 1783//1784 1784//1786 422//424
f 1783//1784 422//424 433//436
f 432//435 1783//1784 433//436
f 438//439 436//438 1781//1783
f 436//438 1780//1782 1781//1783
f 436//438 1786//1787 1780//1782
f 1780//1782 445//447 1777//1778
f 1780//1782 1786//1787 445//447
f 1786//1787 436//438 437//440
f 445//447 1786//1787 439//441
f 1786//1787 437//440 439//441
f 410//410 1779//1781 407//405
f 1779//1781 410//410 415//415
f 1779//1781 415//415 1787//1788
f 422//424 1779//1781 1787//1788
f 417//416 1787//1788 415//415
f 417//416 419//420 1787//1788
f 422//424 1787//1788 419//420
f 1789//1789 1777//1778 1788//1790
f 445//447 1788//1790 1777//1778
f 1789//1789 1093//1096 1777//1778
f 444//446 1789//1789 1788//1790
f 1789//1789 1790//1791 1791//1792
f 444//446 1790//1791 1789//1789
f 1789//1789 1791//1792 1093//1096
f 1794//1793 1791//1792 442//445
f 1791//1792 441//443 442//445
f 1794//1793 1792//1794 1791//1792
f 1791//1792 1792//1794 1793//1795
f 1791//1792 1790//1791 441//443
f 1791//1792 1793//1795 1093//1096
f 1795//1796 1794//1793 442//445
f 1796//1797 1794//1793 1795//1796
f 1796//1797 1792//1794 1794//1793
f 1792//1794 1796//1797 1099//1094
f 1099//1094 1796//1797 1797//1798
f 1795//1796 1797//1798 1796//1797
f 1795//1796 456//458 1797//1798
f 1797//1798 456//458 461//463
f 1797//1798 461//463 1798//1799
f 1091//1092 1797//1798 1798//1799
f 1099//1094 1797//1798 1091//1092
f 1091//1092 1798//1799 1799//1800
f 460//462 1798//1799 461//463
f 460//462 1800//1801 1798//1799
f 1800//1801 1799//1800 1798//1799
f 1801//1802 1802//1803 1800//1801
f 470//471 1801//1802 1800//1801
f 470//471 1800//1801 460//462
f 1800//1801 1802//1803 1799//1800
f 1801//1802 1092//1093 1802//1803
f 1091//1092 1802//1803 1092//1093
f 1091//1092 1799//1800 1802//1803
f 470//471 1803//1804 1801//1802
f 1801//1802 1804//1805 1092//1093
f 1801//1802 1803//1804 1804//1805
f 1805//1806 1804//1805 1803//1804
f 1805//1806 1092//1093 1804//1805
f 1807//1807 1805//1806 475//477
f 1806//1808 475//477 1805//1806
f 1805//1806 1803//1804 1806//1808
f 1805//1806 1807//1807 1092//1093
f 475//477 1808//1809 1807//1807
f 1092//1093 1807//1807 1808//1809
f 1811//1810 1808//1809 1809//1811
f 1809//1811 1808//1809 1810//1812
f 475//477 1810//1812 1808//1809
f 1811//1810 1097//1095 1808//1809
f 1092//1093 1808//1809 1097//1095
f 1812//1813 1811//1810 1809//1811
f 1097//1095 1811//1810 1088//1090
f 1086//1089 1088//1090 1811//1810
f 1812//1813 1086//1089 1811//1810
f 1813//1814 1812//1813 1809//1811
f 1813//1814 1814//1815 1812//1813
f 1812//1813 1085//1087 1086//1089
f 1812//1813 1814//1815 1085//1087
f 1817//1816 1814//1815 1815//1817
f 1815//1817 1814//1815 1816//1818
f 1813//1814 1816//1818 1814//1815
f 1817//1816 1085//1087 1814//1815
f 1818//1819 1817//1816 1815//1817
f 1085//1087 1817//1816 1079//1081
f 1078//1079 1079//1081 1817//1816
f 1818//1819 1078//1079 1817//1816
f 1080//1080 1078//1079 1818//1819
f 1080//1080 1818//1819 1819//1820
f 1818//1819 1820//1821 1819//1820
f 1818//1819 1821//1822 1820//1821
f 1821//1822 1818//1819 1815//1817
f 1821//1822 486//488 1820//1821
f 486//488 1821//1822 478//479
f 1813//1814 478//479 1821//1822
f 1821//1822 1815//1817 1822//1823
f 1821//1822 1822//1823 1816//1818
f 1821//1822 1816//1818 1813//1814
f 1815//1817 1816//1818 1822//1823
f 1069//1070 1820//1821 1823//1824
f 1069//1070 1819//1820 1820//1821
f 486//488 1823//1824 1820//1821
f 1069//1070 1823//1824 486//488
f 1070//1071 1819//1820 1069//1070
f 1070//1071 1080//1080 1819//1820
f 1813//1814 1809//1811 1824//1825
f 474//476 1813//1814 475//477
f 475//477 1813//1814 1824//1825
f 1813//1814 474//476 478//479
f 1809//1811 1810//1812 1824//1825
f 475//477 1824//1825 1810//1812
f 1806//1808 473//473 475//477
f 1806//1808 1825//1826 471//472
f 1806//1808 1803//1804 1825//1826
f 471//472 473//473 1806//1808
f 470//471 471//472 1825//1826
f 470//471 1825//1826 1803//1804
f 1795//1796 442//445 456//458
f 1093//1096 1793//1795 1099//1094
f 1792//1794 1099//1094 1793//1795
f 1790//1791 443//444 441//443
f 1790//1791 444//446 443//444
f 445//447 444//446 1788//1790
f 1095//1100 1094//1098 1101//1102
f 1826//1827 1088//1090 1098//1101
f 1826//1827 1098//1101 1097//1095
f 1097//1095 1088//1090 1826//1827
f 1085//1087 1079//1081 1087//1088
f 1072//1074 1080//1080 1070//1071
f 1028//1029 1075//1076 1031//1032
f 1074//1075 1031//1032 1075//1076
f 1032//1033 1074//1075 1035//1038
f 1074//1075 1032//1033 1031//1032
f 1067//1068 1069//1070 486//488
f 1065//1066 1067//1068 486//488
f 497//501 1065//1066 499//498
f 1065//1066 486//488 499//498
f 1028//1029 1031//1032 1827//1828
f 1029//1030 1827//1828 1031//1032
f 1028//1029 1827//1828 1029//1030
f 1028//1029 1025//1026 1024//1025
f 1024//1025 1021//1024 1020//1021
f 1007//1008 1015//1014 1008//1009
f 1007//1008 1828//1829 1015//1014
f 1011//1013 1015//1014 1828//1829
f 997//999 1828//1829 998//1000
f 1829//1830 998//1000 1828//1829
f 1829//1830 1828//1829 1007//1008
f 997//999 1011//1013 1828//1829
f 998//1000 1829//1830 1002//1004
f 1004//1006 1002//1004 1829//1830
f 1829//1830 1007//1008 1004//1006
f 1004//1006 1001//1003 1002//1004
f 998//1000 1002//1004 999//1001
f 997//999 996//998 1830//1831
f 983//985 997//999 1830//1831
f 1830//1831 989//991 1831//1832
f 1830//1831 996//998 989//991
f 983//985 1830//1831 1831//1832
f 989//991 983//985 1831//1832
f 996//998 988//990 989//991
f 981//983 982//984 961//958
f 982//984 955//957 961//958
f 958//963 981//983 957//961
f 981//983 961//958 957//961
f 969//968 946//949 948//950
f 966//967 952//946 969//968
f 969//968 952//946 946//949
f 966//967 967//969 1832//1833
f 967//969 947//948 1832//1833
f 966//967 1832//1833 952//946
f 945//947 952//946 1832//1833
f 947//948 945//947 1832//1833
f 962//960 963//966 950//954
f 963//966 1833//1834 950//954
f 963//966 1834//1835 1833//1834
f 512//515 1834//1835 963//966
f 512//515 515//514 1834//1835
f 1835//1836 1833//1834 1834//1835
f 519//520 1834//1835 515//514
f 519//520 1835//1836 1834//1835
f 1836//1837 1835//1836 517//518
f 1836//1837 1837//1838 1835//1836
f 519//520 517//518 1835//1836
f 1835//1836 1837//1838 1833//1834
f 1837//1838 950//954 1833//1834
f 1837//1838 951//953 950//954
f 1837//1838 1836//1837 951//953
f 951//953 1836//1837 1838//1839
f 528//529 1838//1839 1836//1837
f 528//529 1836//1837 1839//1840
f 1836//1837 517//518 531//533
f 1836//1837 531//533 1839//1840
f 528//529 1839//1840 529//530
f 1839//1840 530//532 529//530
f 1839//1840 531//533 530//532
f 951//953 1838//1839 1840//1841
f 528//529 1841//1842 1838//1839
f 1841//1842 1840//1841 1838//1839
f 528//529 1842//1843 1841//1842
f 1841//1842 1842//1843 1840//1841
f 528//529 534//537 1842//1843
f 1842//1843 951//953 1840//1841
f 1842//1843 534//537 951//953
f 1843//1844 956//959 962//960
f 962//960 950//954 1843//1844
f 950//954 956//959 1843//1844
f 957//961 961//958 960//965
f 957//961 960//965 959//962
f 534//537 939//941 951//953
f 534//537 1844//1845 939//941
f 938//939 939//941 1844//1845
f 927//928 1844//1845 538//540
f 1845//1846 1844//1845 927//928
f 538//540 1844//1845 534//537
f 1845//1846 1846//1847 1844//1845
f 938//939 1844//1845 1846//1847
f 1846//1847 936//938 938//939
f 1846//1847 1845//1846 936//938
f 927//928 936//938 1845//1846
f 928//929 937//937 927//928
f 928//929 934//936 937//937
f 928//929 929//930 934//936
f 931//932 922//924 920//922
f 931//932 924//926 922//924
f 931//932 920//922 918//921
f 927//928 540//541 542//543
f 927//928 538//540 540//541
f 897//898 901//902 906//908
f 879//881 880//882 899//901
f 632//633 882//884 897//898
f 632//633 630//632 882//884
f 751//752 880//882 753//753
f 776//778 862//865 785//787
f 860//862 844//844 845//847
f 854//855 852//852 851//853
f 826//829 832//832 849//850
f 784//786 839//841 806//808
f 812//814 831//833 815//816
f 812//814 813//815 831//833
f 819//821 820//822 823//825
f 807//809 810//811 808//810
f 789//789 806//808 1847//1848
f 789//789 784//786 806//808
f 800//802 1847//1848 806//808
f 789//789 1847//1848 798//799
f 800//802 798//799 1847//1848
f 805//805 654//656 1848//1849
f 805//805 1848//1849 802//803
f 658//660 1848//1849 660//659
f 658//660 802//803 1848//1849
f 654//656 660//659 1848//1849
f 803//806 804//804 802//803
f 659//661 803//806 658//660
f 803//806 802//803 658//660
f 659//661 675//676 803//806
f 789//789 798//799 788//790
f 776//778 785//787 777//779
f 783//784 696//698 707//709
f 707//709 706//708 783//784
f 783//784 693//694 696//698
f 774//776 779//780 1849//1850
f 705//707 1849//1850 779//780
f 705//707 779//780 706//708
f 774//776 1849//1850 772//773
f 705//707 772//773 1849//1850
f 769//770 776//778 770//771
f 705//707 711//713 772//773
f 754//755 734//736 748//750
f 754//755 748//750 747//749
f 734//736 740//738 748//750
f 735//735 719//721 732//734
f 720//720 732//734 719//721
f 700//701 697//700 1850//1851
f 700//701 1850//1851 1851//1852
f 700//701 1851//1852 686//685
f 694//696 1851//1852 1850//1851
f 1851//1852 694//696 688//689
f 1851//1852 688//689 685//688
f 685//688 686//685 1851//1852
f 698//697 1850//1851 697//700
f 694//696 1850//1851 698//697
f 692//693 676//679 1852//1853
f 692//693 1852//1853 1853//1854
f 689//692 692//693 1853//1854
f 689//692 1853//1854 1852//1853
f 676//679 677//680 1852//1853
f 689//692 1852//1853 690//691
f 1852//1853 684//686 690//691
f 1852//1853 677//680 684//686
f 681//682 679//678 671//672
f 671//672 679//678 672//673
f 675//676 659//661 663//662
f 675//676 663//662 1854//1855
f 674//675 675//676 1854//1855
f 674//675 1854//1855 663//662
f 667//669 674//675 666//668
f 674//675 663//662 666//668
f 666//668 662//664 661//663
f 666//668 663//662 662//664
f 645//646 647//647 655//658
f 635//637 645//646 631//634
f 641//642 637//639 292//292
f 290//290 641//642 292//292
f 297//298 294//294 638//640
f 638//640 620//621 297//298
f 638//640 292//292 637//639
f 638//640 294//294 292//292
f 638//640 623//623 620//621
f 546//549 622//625 627//628
f 546//549 627//628 545//547
f 300//300 297//298 620//621
f 507//510 501//503 508//511
f 507//510 500//499 501//503
f 496//500 500//499 507//510
f 497//501 499//498 498//502
f 486//488 478//479 480//482
f 466//467 472//474 1855//1856
f 466//467 465//466 472//474
f 472//474 468//469 1855//1856
f 1855//1856 467//468 466//467
f 1855//1856 468//469 467//468
f 460//462 462//461 470//471
f 456//458 457//459 461//463
f 456//458 1856//1857 451//452
f 442//445 1856//1857 456//458
f 453//455 451//452 1856//1857
f 442//445 453//455 1856//1857
f 453//455 452//454 451//452
f 428//430 449//448 431//432
f 1857//1858 433//436 422//424
f 1857//1858 1858//1859 433//436
f 433//436 1858//1859 429//429
f 1858//1859 426//427 429//429
f 1858//1859 424//426 426//427
f 424//426 1858//1859 1857//1858
f 422//424 423//425 1857//1858
f 424//426 1857//1858 423//425
f 397//398 412//413 413//412
f 413//412 408//409 397//398
f 353//354 340//341 341//342
f 347//348 348//349 308//308
f 308//308 348//349 1859//1860
f 344//344 1859//1860 348//349
f 321//320 320//321 1859//1860
f 308//308 1859//1860 320//321
f 321//320 1859//1860 1860//1861
f 1859//1860 1861//1862 1860//1861
f 344//344 1861//1862 1859//1860
f 1861//1862 328//329 322//323
f 1861//1862 345//346 328//329
f 344//344 345//346 1861//1862
f 322//323 1860//1861 1861//1862
f 322//323 321//320 1860//1861
f 347//348 308//308 304//306
f 328//329 345//346 333//334
f 336//336 333//334 339//339
f 320//321 310//310 308//308
f 288//289 285//286 239//238
f 248//251 240//241 285//286
f 240//241 239//238 285//286
f 278//279 265//256 250//252
f 1862//1863 1863//1864 1865//1865
f 1862//1863 1864//1866 1863//1864
f 1866//1867 1864//1866 1862//1863
f 1865//1865 1867//1868 1862//1863
f 1866//1867 1862//1863 1867//1868
f 1868//1869 1867//1868 1870//1870
f 1897//1871 1867//1868 1868//1869
f 1867//1868 1869//1872 1894//1873
f 1869//1872 1867//1868 1871//1874
f 1870//1870 1867//1868 1872//1875
f 1871//1874 1867//1868 1893//1876
f 1872//1875 1867//1868 1874//1877
f 1882//1878 1867//1868 1873//1879
f 1873//1879 1867//1868 1876//1880
f 1874//1877 1867//1868 1875//1881
f 1875//1881 1867//1868 1877//1882
f 1881//1883 1876//1880 1867//1868
f 1877//1882 1867//1868 1865//1865
f 1866//1867 1867//1868 1878//1884
f 1878//1884 1867//1868 1880//1885
f 1879//1886 1896//1887 1867//1868
f 1867//1868 1897//1871 1879//1886
f 1867//1868 1895//1888 1880//1885
f 1867//1868 1898//1889 1881//1883
f 1883//1890 1867//1868 1882//1878
f 1884//1891 1867//1868 1883//1890
f 1885//1892 1867//1868 1884//1891
f 1886//1893 1867//1868 1885//1892
f 1887//1894 1867//1868 1886//1893
f 1888//1895 1867//1868 1887//1894
f 1889//1896 1867//1868 1888//1895
f 1890//1897 1867//1868 1889//1896
f 1891//1898 1867//1868 1890//1897
f 1892//1899 1867//1868 1891//1898
f 1893//1876 1867//1868 1892//1899
f 1894//1873 1895//1888 1867//1868
f 1898//1889 1867//1868 1896//1887
f 1896//1887 1899//1900 1898//1889
f 1900//1901 1898//1889 1899//1900
f 1900//1901 1881//1883 1898//1889
f 1901//1902 1881//1883 1900//1901
f 1903//1903 1901//1902 1900//1901
f 1903//1903 1900//1901 1902//1904
f 1902//1904 1900//1901 1899//1900
f 1903//1903 1904//1905 1905//1906
f 1903//1903 1906//1907 1904//1905
f 1905//1906 1901//1902 1903//1903
f 1906//1907 1903//1903 1902//1904
f 1910//1908 1904//1905 1906//1907
f 1906//1907 1902//1904 1907//1909
f 1906//1907 1907//1909 1908//1910
f 1906//1907 1908//1910 1909//1911
f 1910//1908 1906//1907 1909//1911
f 1913//1912 1910//1908 1911//1913
f 1911//1913 1910//1908 1909//1911
f 1904//1905 1910//1908 1912//1914
f 1913//1912 1912//1914 1910//1908
f 1914//1915 1913//1912 1911//1913
f 1914//1915 1916//1916 1913//1912
f 1915//1917 1912//1914 1913//1912
f 1916//1916 1915//1917 1913//1912
f 1918//1918 1916//1916 1914//1915
f 1919//1919 1917//1920 1916//1916
f 1917//1920 1915//1917 1916//1916
f 1919//1919 1916//1916 1918//1918
f 1920//1921 1919//1919 1922//1922
f 1920//1921 1921//1923 1919//1919
f 1919//1919 1921//1923 1917//1920
f 1919//1919 1923//1924 1922//1922
f 1919//1919 1918//1918 1923//1924
f 1923//1924 1924//1925 1922//1922
f 1923//1924 1925//1926 1924//1925
f 1925//1926 1923//1924 1926//1927
f 1927//1928 1926//1927 1923//1924
f 1927//1928 1923//1924 1918//1918
f 1927//1928 1928//1929 1930//1930
f 1928//1929 1927//1928 1929//1931
f 1927//1928 1930//1930 1926//1927
f 1927//1928 1918//1918 1929//1931
f 1931//1932 1934//1933 1930//1930
f 1928//1929 1931//1932 1930//1930
f 1930//1930 1933//1934 1926//1927
f 1930//1930 1932//1935 1933//1934
f 1930//1930 1935//1936 1932//1935
f 1936//1937 1930//1930 1934//1933
f 1930//1930 1936//1937 1935//1936
f 1938//1938 1937//1939 1936//1937
f 1936//1937 1937//1939 1935//1936
f 1938//1938 1936//1937 1934//1933
f 1941//1940 1938//1938 1939//1941
f 1939//1941 1938//1938 1940//1942
f 1940//1942 1938//1938 1934//1933
f 1941//1940 1942//1943 1938//1938
f 1942//1943 1937//1939 1938//1938
f 1943//1944 1935//1936 1942//1943
f 1942//1943 1941//1940 1943//1944
f 1937//1939 1942//1943 1935//1936
f 1943//1944 1944//1945 1948//1946
f 1943//1944 1945//1947 1944//1945
f 1946//1948 1945//1947 1943//1944
f 1947//1949 1946//1948 1943//1944
f 1941//1940 1947//1949 1943//1944
f 1943//1944 1948//1946 1935//1936
f 1932//1935 1935//1936 1948//1946
f 1944//1945 1932//1935 1948//1946
f 1947//1949 1949//1950 1946//1948
f 1951//1951 1949//1950 1947//1949
f 1941//1940 1950//1952 1947//1949
f 1950//1952 1951//1951 1947//1949
f 1950//1952 1952//1953 1951//1951
f 1951//1951 1952//1953 1955//1954
f 1953//1955 1951//1951 1954//1956
f 1951//1951 1953//1955 1949//1950
f 1951//1951 1955//1954 1954//1956
f 1955//1954 1952//1953 1956//1957
f 1955//1954 1956//1957 1957//1958
f 1960//1959 1954//1956 1955//1954
f 1955//1954 1957//1958 1958//1960
f 1955//1954 1958//1960 1959//1961
f 1960//1959 1955//1954 1959//1961
f 1961//1962 1960//1959 1959//1961
f 1961//1962 1962//1963 1960//1959
f 1960//1959 1962//1963 1963//1964
f 1960//1959 1963//1964 1964//1965
f 1964//1965 1954//1956 1960//1959
f 1968//1966 1965//1967 1964//1965
f 1964//1965 1965//1967 1954//1956
f 1964//1965 1966//1968 1967//1969
f 1964//1965 1963//1964 1966//1968
f 1968//1966 1964//1965 1967//1969
f 1969//1970 1965//1967 1968//1966
f 1969//1970 1968//1966 1971//1971
f 1970//1972 1968//1966 1967//1969
f 1970//1972 1971//1971 1968//1966
f 1969//1970 1971//1971 1972//1973
f 1970//1972 1972//1973 1971//1971
f 1969//1970 1972//1973 1973//1974
f 1970//1972 1973//1974 1972//1973
f 1969//1970 1973//1974 1974//1975
f 1975//1976 1974//1975 1973//1974
f 1976//1977 1975//1976 1973//1974
f 1970//1972 1976//1977 1973//1974
f 1970//1972 1977//1978 1976//1977
f 1977//1978 1978//1979 1976//1977
f 1978//1979 1975//1976 1976//1977
f 1979//1980 1982//1981 1978//1979
f 1979//1980 1978//1979 1981//1982
f 1977//1978 1980//1983 1978//1979
f 1980//1983 1981//1982 1978//1979
f 1978//1979 1982//1981 1975//1976
f 1979//1980 1983//1984 1982//1981
f 1983//1984 1984//1985 1982//1981
f 1984//1985 1975//1976 1982//1981
f 1983//1984 1985//1986 1984//1985
f 1985//1986 1986//1987 1984//1985
f 1984//1985 1986//1987 1987//1988
f 1984//1985 1987//1988 1975//1976
f 1987//1988 1989//1989 1974//1975
f 1975//1976 1987//1988 1974//1975
f 1987//1988 1988//1990 1989//1989
f 1986//1987 1988//1990 1987//1988
f 1989//1989 1990//1991 1974//1975
f 1989//1989 1988//1990 1946//1948
f 1990//1991 1989//1989 1953//1955
f 1949//1950 1989//1989 1946//1948
f 1949//1950 1953//1955 1989//1989
f 1953//1955 1965//1967 1990//1991
f 1969//1970 1990//1991 1965//1967
f 1990//1991 1969//1970 1974//1975
f 1988//1990 1991//1992 1945//1947
f 1992//1993 1991//1992 1988//1990
f 1992//1993 1988//1990 1986//1987
f 1988//1990 1945//1947 1946//1948
f 1992//1993 1985//1986 1993//1994
f 1992//1993 1993//1994 1991//1992
f 1985//1986 1992//1993 1986//1987
f 1932//1935 1993//1994 1994//1995
f 1994//1995 1993//1994 1985//1986
f 1993//1994 1944//1945 1991//1992
f 1932//1935 1944//1945 1993//1994
f 1994//1995 1995//1996 1997//1997
f 1994//1995 1996//1998 1995//1996
f 1996//1998 1994//1995 1985//1986
f 1994//1995 1997//1997 1998//1999
f 1994//1995 1998//1999 1932//1935
f 1999//2000 2000//2001 1998//1999
f 1999//2000 1998//1999 1997//1997
f 2001//2002 1998//1999 2000//2001
f 2001//2002 2002//2003 1998//1999
f 1932//1935 1998//1999 2002//2003
f 1933//1934 1932//1935 2002//2003
f 1933//1934 2002//2003 2003//2004
f 2005//2005 2003//2004 2002//2003
f 2001//2002 2004//2006 2002//2003
f 2005//2005 2002//2003 2004//2006
f 2006//2007 2005//2005 2004//2006
f 2007//2008 2005//2005 2006//2007
f 2007//2008 2003//2004 2005//2005
f 2007//2008 2006//2007 2008//2009
f 2007//2008 2010//2010 2003//2004
f 2007//2008 2008//2009 2009//2011
f 2009//2011 2011//2012 2007//2008
f 2007//2008 2011//2012 2010//2010
f 2010//2010 2011//2012 1915//1917
f 2009//2011 1915//1917 2011//2012
f 2012//2013 1921//1923 2010//2010
f 2003//2004 2010//2010 1921//1923
f 2010//2010 1915//1917 2012//2013
f 2012//2013 1917//1920 1921//1923
f 1917//1920 2012//2013 1915//1917
f 2009//2011 2013//2014 1912//1914
f 2014//2015 2013//2014 2009//2011
f 2014//2015 2009//2011 2008//2009
f 2009//2011 1912//1914 1915//1917
f 2014//2015 2016//2016 2015//2017
f 2017//2018 2014//2015 2015//2017
f 2014//2015 2008//2009 2016//2016
f 2018//2019 2013//2014 2014//2015
f 2018//2019 2014//2015 2017//2018
f 2013//2014 2018//2019 1905//1906
f 1905//1906 2018//2019 2019//2020
f 2019//2020 2018//2019 2017//2018
f 2020//2021 2019//2020 2017//2018
f 2019//2020 2020//2021 2021//2022
f 2019//2020 2021//2022 2022//2023
f 1905//1906 2019//2020 2022//2023
f 1905//1906 2022//2023 1901//1902
f 2024//2024 2022//2023 2021//2022
f 2024//2024 2023//2025 2022//2023
f 2023//2025 1901//1902 2022//2023
f 2025//2026 2023//2025 2024//2024
f 2024//2024 2026//2027 2025//2026
f 2026//2027 2024//2024 2021//2022
f 1883//1890 2026//2027 2027//2028
f 2027//2028 2026//2027 2021//2022
f 1882//1878 2026//2027 1883//1890
f 2025//2026 2026//2027 1882//1878
f 2027//2028 2021//2022 2020//2021
f 2020//2021 2028//2029 2027//2028
f 1884//1891 2027//2028 2028//2029
f 1883//1890 2027//2028 1884//1891
f 2020//2021 2029//2030 2028//2029
f 2030//2031 2028//2029 2029//2030
f 1884//1891 2028//2029 1885//1892
f 1885//1892 2028//2029 2030//2031
f 1886//1893 2030//2031 2031//2032
f 2031//2032 2030//2031 2032//2033
f 2030//2031 2029//2030 2032//2033
f 1885//1892 2030//2031 1886//1893
f 2017//2018 2032//2033 2029//2030
f 2017//2018 2034//2034 2032//2033
f 2031//2032 2032//2033 2033//2035
f 2034//2034 2033//2035 2032//2033
f 2015//2017 2035//2036 2034//2034
f 2034//2034 2035//2036 2033//2035
f 2017//2018 2015//2017 2034//2034
f 2033//2035 2035//2036 2036//2037
f 2015//2017 2038//2038 2035//2036
f 2035//2036 2037//2039 2036//2037
f 2035//2036 2038//2038 2037//2039
f 2015//2017 2039//2040 2038//2038
f 2037//2039 2038//2038 2039//2040
f 2037//2039 2039//2040 2040//2041
f 2040//2041 2039//2040 2041//2042
f 2016//2016 2041//2042 2039//2040
f 2015//2017 2016//2016 2039//2040
f 2040//2041 2041//2042 2042//2043
f 2004//2006 2042//2043 2041//2042
f 2006//2007 2004//2006 2041//2042
f 2016//2016 2006//2007 2041//2042
f 2043//2044 2040//2041 2042//2043
f 2043//2044 2042//2043 2044//2045
f 2001//2002 2042//2043 2004//2006
f 2042//2043 2045//2046 2044//2045
f 2042//2043 2001//2002 2045//2046
f 2045//2046 2047//2047 2044//2045
f 2045//2046 2046//2048 2049//2049
f 2046//2048 2045//2046 2001//2002
f 2047//2047 2045//2046 2048//2050
f 2045//2046 2049//2049 2048//2050
f 2050//2051 2051//2052 2049//2049
f 2046//2048 2050//2051 2049//2049
f 2051//2052 2048//2050 2049//2049
f 2051//2052 2050//2051 2052//2053
f 2053//2054 2051//2052 2052//2053
f 2051//2052 2053//2054 2048//2050
f 2053//2054 2052//2053 2054//2055
f 2053//2054 2055//2056 2048//2050
f 2054//2055 2055//2056 2053//2054
f 2047//2047 2048//2050 2055//2056
f 2055//2056 2056//2057 2047//2047
f 2055//2056 2057//2058 2056//2057
f 2054//2055 2058//2059 2055//2056
f 2055//2056 2058//2059 2057//2058
f 2059//2060 2058//2059 2060//2061
f 2059//2060 2057//2058 2058//2059
f 2060//2061 2058//2059 2061//2062
f 2058//2059 2062//2063 2061//2062
f 2054//2055 2062//2063 2058//2059
f 2064//2064 2062//2063 2052//2053
f 2052//2053 2062//2063 2054//2055
f 2064//2064 2063//2065 2062//2063
f 2061//2062 2062//2063 2063//2065
f 1979//1980 2063//2065 2064//2064
f 2064//2064 2065//2066 1979//1980
f 2067//2067 2064//2064 2052//2053
f 2064//2064 2066//2068 2065//2066
f 2067//2067 2066//2068 2064//2064
f 2067//2067 2050//2051 2069//2069
f 2067//2067 2052//2053 2050//2051
f 2068//2070 1995//1996 2067//2067
f 2067//2067 2069//2069 2068//2070
f 2066//2068 2067//2067 1995//1996
f 2068//2070 2069//2069 2070//2071
f 2069//2069 2046//2048 2070//2071
f 2046//2048 2069//2069 2050//2051
f 2000//2001 2071//2072 2070//2071
f 2071//2072 2072//2073 2070//2071
f 2068//2070 2070//2071 2072//2073
f 2000//2001 2070//2071 2046//2048
f 1999//2000 1997//1997 2072//2073
f 2071//2072 1999//2000 2072//2073
f 2068//2070 2072//2073 1997//1997
f 1999//2000 2071//2072 2000//2001
f 2068//2070 1997//1997 1995//1996
f 2065//2066 2066//2068 1995//1996
f 2065//2066 1983//1984 1979//1980
f 1983//1984 2065//2066 1996//1998
f 2065//2066 1995//1996 1996//1998
f 1981//1982 2073//2074 2063//2065
f 2061//2062 2063//2065 2073//2074
f 1979//1980 1981//1982 2063//2065
f 2074//2075 2073//2074 2076//2076
f 2074//2075 2075//2077 2073//2074
f 2073//2074 2075//2077 2077//2078
f 1981//1982 2076//2076 2073//2074
f 2073//2074 2077//2078 2061//2062
f 2075//2077 2078//2079 2077//2078
f 2080//2080 2061//2062 2077//2078
f 2079//2081 2077//2078 2078//2079
f 2079//2081 2080//2080 2077//2078
f 2080//2080 2060//2061 2061//2062
f 2082//2082 2060//2061 2080//2080
f 2081//2083 2080//2080 2079//2081
f 2081//2083 2082//2082 2080//2080
f 2083//2084 2082//2082 2081//2083
f 2083//2084 2084//2085 2082//2082
f 2084//2085 2059//2060 2082//2082
f 2082//2082 2059//2060 2060//2061
f 2084//2085 2085//2086 2059//2060
f 2086//2087 2084//2085 2083//2084
f 2087//2088 2085//2086 2084//2085
f 2087//2088 2084//2085 2086//2087
f 2087//2088 2088//2089 2085//2086
f 2089//2090 2088//2089 2087//2088
f 2089//2090 2087//2088 2090//2091
f 2087//2088 2091//2092 2090//2091
f 2087//2088 2092//2093 2091//2092
f 2092//2093 2087//2088 2086//2087
f 2092//2093 1871//1874 2093//2094
f 2092//2093 2086//2087 1871//1874
f 2091//2092 2092//2093 2093//2094
f 1893//1876 2093//2094 1871//1874
f 1893//1876 2094//2095 2093//2094
f 2093//2094 2094//2095 2091//2092
f 2090//2091 2094//2095 2095//2096
f 1891//1898 2095//2096 2094//2095
f 1891//1898 2094//2095 1892//1899
f 2091//2092 2094//2095 2090//2091
f 1893//1876 1892//1899 2094//2095
f 1890//1897 2095//2096 1891//1898
f 1890//1897 2096//2097 2095//2096
f 2090//2091 2095//2096 2089//2090
f 2089//2090 2095//2096 2096//2097
f 2098//2098 2096//2097 2097//2099
f 1889//1896 2097//2099 2096//2097
f 2089//2090 2096//2097 2098//2098
f 1889//1896 2096//2097 1890//1897
f 2098//2098 2097//2099 2099//2100
f 2100//2101 2098//2098 2099//2100
f 2088//2089 2089//2090 2098//2098
f 2088//2089 2098//2098 2100//2101
f 2100//2101 2099//2100 2101//2102
f 2101//2102 2102//2103 2100//2101
f 2100//2101 2085//2086 2088//2089
f 2100//2101 2102//2103 2085//2086
f 2104//2104 2085//2086 2102//2103
f 2103//2105 2102//2103 2101//2102
f 2103//2105 2104//2104 2102//2103
f 2057//2058 2059//2060 2104//2104
f 2104//2104 2059//2060 2085//2086
f 2057//2058 2104//2104 2056//2057
f 2104//2104 2105//2106 2056//2057
f 2105//2106 2104//2104 2103//2105
f 2043//2044 2044//2045 2105//2106
f 2105//2106 2103//2105 2043//2044
f 2056//2057 2105//2106 2044//2045
f 2101//2102 2037//2039 2103//2105
f 2103//2105 2040//2041 2043//2044
f 2103//2105 2037//2039 2040//2041
f 2106//2107 2101//2102 2099//2100
f 2106//2107 2036//2037 2101//2102
f 2101//2102 2036//2037 2037//2039
f 2106//2107 2031//2032 2033//2035
f 2106//2107 2107//2108 2031//2032
f 2033//2035 2036//2037 2106//2107
f 2099//2100 2107//2108 2106//2107
f 1887//1894 2031//2032 2107//2108
f 1887//1894 2107//2108 1888//1895
f 1888//1895 2107//2108 2097//2099
f 2099//2100 2097//2099 2107//2108
f 1888//1895 2097//2099 1889//1896
f 2108//2109 1871//1874 2086//2087
f 2086//2087 2083//2084 2108//2109
f 2109//2110 2108//2109 2083//2084
f 2109//2110 2110//2111 2108//2109
f 1869//1872 2108//2109 1894//1873
f 2108//2109 1869//1872 1871//1874
f 2108//2109 2110//2111 1895//1888
f 2108//2109 1895//1888 1894//1873
f 2109//2110 2111//2112 2110//2111
f 2110//2111 2111//2112 1880//1885
f 2110//2111 1880//1885 1895//1888
f 2109//2110 2112//2113 2111//2112
f 2112//2113 2113//2114 2111//2112
f 1880//1885 2111//2112 2113//2114
f 2115//2115 2114//2116 2113//2114
f 1878//1884 2113//2114 2114//2116
f 1880//1885 2113//2114 1878//1884
f 2112//2113 2115//2115 2113//2114
f 2115//2115 2118//2117 2116//2118
f 2117//2119 2115//2115 2116//2118
f 2115//2115 2117//2119 2114//2116
f 2115//2115 2112//2113 2118//2117
f 2118//2117 2119//2120 2120//2121
f 2118//2117 2121//2122 2119//2120
f 2116//2118 2118//2117 2120//2121
f 2112//2113 2121//2122 2118//2117
f 2121//2122 2079//2081 2119//2120
f 2121//2122 2081//2083 2079//2081
f 2109//2110 2081//2083 2121//2122
f 2112//2113 2109//2110 2121//2122
f 2122//2123 2120//2121 2125//2124
f 2122//2123 2123//2125 2120//2121
f 2120//2121 2119//2120 2124//2126
f 2116//2118 2120//2121 2123//2125
f 2120//2121 2124//2126 2125//2124
f 2127//2127 2122//2123 2125//2124
f 2125//2124 2126//2128 2128//2129
f 2125//2124 2124//2126 2126//2128
f 2127//2127 2125//2124 2128//2129
f 2128//2129 2131//2130 2129//2131
f 2130//2132 2128//2129 2129//2131
f 2128//2129 2126//2128 2131//2130
f 2130//2132 2127//2127 2128//2129
f 2131//2130 2126//2128 2134//2133
f 2131//2130 2132//2134 2135//2135
f 2132//2134 2131//2130 2133//2136
f 2131//2130 2134//2133 2133//2136
f 2131//2130 2135//2135 2129//2131
f 2129//2131 2135//2135 2136//2137
f 2136//2137 2135//2135 2137//2138
f 2135//2135 2138//2139 2137//2138
f 2135//2135 2132//2134 2138//2139
f 2132//2134 2141//2140 2138//2139
f 2138//2139 2139//2141 2137//2138
f 2138//2139 2140//2142 2139//2141
f 2138//2139 2142//2143 2140//2142
f 2138//2139 2141//2140 2142//2143
f 2141//2140 2143//2144 2142//2143
f 2143//2144 2144//2145 2142//2143
f 2140//2142 2142//2143 2144//2145
f 2145//2146 2144//2145 2150//2147
f 2140//2142 2144//2145 2145//2146
f 2144//2145 2148//2148 2146//2149
f 2146//2149 2147//2150 2144//2145
f 2147//2150 2150//2147 2144//2145
f 2144//2145 2149//2151 2148//2148
f 2144//2145 2151//2152 2149//2151
f 2144//2145 2143//2144 2151//2152
f 2154//2153 2151//2152 2152//2154
f 2143//2144 2152//2154 2151//2152
f 2153//2155 2149//2151 2151//2152
f 2153//2155 2151//2152 2154//2153
f 2156//2156 2155//2157 2154//2153
f 2155//2157 2159//2158 2154//2153
f 2156//2156 2154//2153 2160//2159
f 2159//2158 2157//2160 2154//2153
f 2157//2160 2153//2155 2154//2153
f 2158//2161 2154//2153 2152//2154
f 2158//2161 2160//2159 2154//2153
f 2160//2159 2164//2162 2161//2163
f 2161//2163 2163//2164 2160//2159
f 2162//2165 2156//2156 2160//2159
f 2163//2164 2162//2165 2160//2159
f 2160//2159 2158//2161 2164//2162
f 2161//2163 2164//2162 2165//2166
f 2167//2167 2165//2166 2164//2162
f 2164//2162 2166//2168 2167//2167
f 2166//2168 2164//2162 2168//2169
f 2158//2161 2168//2169 2164//2162
f 2158//2161 2170//2170 2168//2169
f 2166//2168 2168//2169 2169//2171
f 2169//2171 2168//2169 2170//2170
f 2170//2170 2158//2161 2171//2172
f 2170//2170 2171//2172 2172//2173
f 2169//2171 2170//2170 2172//2173
f 2174//2174 2172//2173 2171//2172
f 2173//2175 2169//2171 2172//2173
f 2173//2175 2172//2173 2174//2174
f 2173//2175 2174//2174 2175//2176
f 2174//2174 2171//2172 2175//2176
f 2175//2176 2176//2177 2178//2178
f 2175//2176 2171//2172 2176//2177
f 2177//2179 2175//2176 2178//2178
f 2179//2180 2175//2176 2177//2179
f 2175//2176 2179//2180 2180//2181
f 2175//2176 2180//2181 2181//2182
f 2173//2175 2175//2176 2181//2182
f 2184//2183 2181//2182 2180//2181
f 2166//2168 2173//2175 2181//2182
f 2183//2184 2166//2168 2181//2182
f 2182//2185 2181//2182 2185//2186
f 2182//2185 2183//2184 2181//2182
f 2184//2183 2185//2186 2181//2182
f 2185//2186 2187//2187 2177//2179
f 2177//2179 2186//2188 2185//2186
f 2188//2189 2185//2186 2186//2188
f 2185//2186 2184//2183 2187//2187
f 2185//2186 2190//2190 2182//2185
f 2188//2189 2189//2191 2185//2186
f 2185//2186 2189//2191 2190//2190
f 2191//2192 2190//2190 2189//2191
f 2190//2190 2191//2192 2192//2193
f 2190//2190 2192//2193 2182//2185
f 2194//2194 2192//2193 2193//2195
f 2193//2195 2192//2193 2191//2192
f 2194//2194 2195//2196 2192//2193
f 2195//2196 2182//2185 2192//2193
f 2194//2194 2196//2197 2195//2196
f 2167//2167 2195//2196 2196//2197
f 2167//2167 2183//2184 2195//2196
f 2195//2196 2183//2184 2182//2185
f 2167//2167 2196//2197 2165//2166
f 2194//2194 2165//2166 2196//2197
f 2197//2198 2165//2166 2194//2194
f 2194//2194 2193//2195 2198//2199
f 2194//2194 2198//2199 2197//2198
f 2197//2198 2198//2199 2199//2200
f 2200//2201 2198//2199 2193//2195
f 2200//2201 2199//2200 2198//2199
f 2201//2202 2200//2201 2193//2195
f 2202//2203 2200//2201 2201//2202
f 2202//2203 2199//2200 2200//2201
f 2204//2204 2202//2203 2203//2205
f 2203//2205 2202//2203 2206//2206
f 2204//2204 2205//2207 2202//2203
f 2202//2203 2205//2207 2199//2200
f 2202//2203 2201//2202 2206//2206
f 2206//2206 2201//2202 2207//2208
f 2206//2206 2207//2208 2208//2209
f 2209//2210 2206//2206 2208//2209
f 2203//2205 2206//2206 2209//2210
f 2210//2211 2203//2205 2209//2210
f 2210//2211 2209//2210 2208//2209
f 2210//2211 2211//2212 2213//2213
f 2210//2211 2212//2214 2211//2212
f 2210//2211 2208//2209 2212//2214
f 2210//2211 2213//2213 2203//2205
f 2219//2215 2213//2213 2211//2212
f 2218//2216 2214//2217 2213//2213
f 2214//2217 2203//2205 2213//2213
f 2213//2213 2215//2218 2217//2219
f 2215//2218 2213//2213 2216//2220
f 2220//2221 2216//2220 2213//2213
f 2218//2216 2213//2213 2217//2219
f 2219//2215 2221//2222 2213//2213
f 2220//2221 2213//2213 2221//2222
f 2225//2223 2222//2224 2221//2222
f 2222//2224 2223//2225 2221//2222
f 2223//2225 2227//2226 2221//2222
f 2219//2215 2224//2227 2221//2222
f 2221//2222 2224//2227 2225//2223
f 2221//2222 2226//2228 2220//2221
f 2221//2222 2227//2226 2226//2228
f 2227//2226 2228//2229 2232//2230
f 2230//2231 2228//2229 2227//2226
f 2229//2232 2230//2231 2227//2226
f 2231//2233 2229//2232 2227//2226
f 2223//2225 2231//2233 2227//2226
f 2227//2226 2232//2230 2233//2234
f 2233//2234 2226//2228 2227//2226
f 2233//2234 2235//2235 2226//2228
f 2234//2236 2233//2234 2236//2237
f 2234//2236 2235//2235 2233//2234
f 2236//2237 2233//2234 2232//2230
f 2228//2229 2236//2237 2232//2230
f 2228//2229 2237//2238 2236//2237
f 2237//2238 2234//2236 2236//2237
f 2228//2229 2244//2239 2237//2238
f 2237//2238 2238//2240 2241//2241
f 2237//2238 2244//2239 2238//2240
f 2226//2228 2237//2238 2243//2242
f 2226//2228 2234//2236 2237//2238
f 2239//2243 2243//2242 2237//2238
f 2239//2243 2237//2238 2240//2244
f 2242//2245 2240//2244 2237//2238
f 2242//2245 2237//2238 2241//2241
f 2228//2229 2246//2246 2244//2239
f 2244//2239 2245//2247 2247//2248
f 2244//2239 2246//2246 2245//2247
f 2247//2248 2238//2240 2244//2239
f 2249//2249 2247//2248 2245//2247
f 2247//2248 2248//2250 2238//2240
f 2247//2248 2249//2249 2248//2250
f 2250//2251 2248//2250 2249//2249
f 2250//2251 2249//2249 2252//2252
f 2249//2249 2251//2253 2252//2252
f 2249//2249 2245//2247 2251//2253
f 2252//2252 2253//2254 2254//2255
f 2252//2252 2251//2253 2253//2254
f 2255//2256 2252//2252 2254//2255
f 2250//2251 2252//2252 2255//2256
f 2257//2257 2255//2256 2256//2258
f 2256//2258 2255//2256 2260//2259
f 2250//2251 2255//2256 2257//2257
f 2255//2256 2254//2255 2258//2260
f 2258//2260 2259//2261 2255//2256
f 2260//2259 2255//2256 2259//2261
f 2256//2258 2260//2259 2261//2262
f 2261//2262 2260//2259 2262//2263
f 2260//2259 2263//2264 2262//2263
f 2260//2259 2259//2261 2263//2264
f 2265//2265 2262//2263 2263//2264
f 2263//2264 2264//2266 2265//2265
f 2263//2264 2259//2261 2264//2266
f 2265//2265 2267//2267 2262//2263
f 2264//2266 2266//2268 2265//2265
f 2265//2265 2266//2268 2267//2267
f 2269//2269 2262//2263 2267//2267
f 2268//2270 2267//2267 2270//2271
f 2268//2270 2269//2269 2267//2267
f 2267//2267 2266//2268 2270//2271
f 2270//2271 2273//2272 2271//2273
f 2270//2271 2271//2273 2272//2274
f 2270//2271 2272//2274 2268//2270
f 2270//2271 2266//2268 2273//2272
f 2273//2272 2276//2275 2274//2276
f 2274//2276 2275//2277 2273//2272
f 2277//2278 2273//2272 2266//2268
f 2278//2279 2273//2272 2275//2277
f 2273//2272 2277//2278 2276//2275
f 2273//2272 2278//2279 2271//2273
f 2278//2279 2285//2280 2279//2281
f 2286//2282 2278//2279 2279//2281
f 2280//2283 2271//2273 2278//2279
f 2281//2284 2280//2283 2278//2279
f 2286//2282 2281//2284 2278//2279
f 2278//2279 2282//2285 2284//2286
f 2278//2279 2283//2287 2282//2285
f 2278//2279 2275//2277 2283//2287
f 2284//2286 2285//2280 2278//2279
f 2287//2288 2286//2282 2279//2281
f 2287//2288 2289//2289 2286//2282
f 2288//2290 2286//2282 2289//2289
f 2288//2290 2281//2284 2286//2282
f 2291//2291 2289//2289 2287//2288
f 2289//2289 2290//2292 2288//2290
f 2289//2289 2291//2291 2290//2292
f 2293//2293 2290//2292 2291//2291
f 2291//2291 2287//2288 2292//2294
f 2293//2293 2291//2291 2292//2294
f 2294//2295 2293//2293 2299//2296
f 2295//2297 2293//2293 2294//2295
f 2298//2298 2293//2293 2292//2294
f 2293//2293 2288//2290 2290//2292
f 2293//2293 2280//2283 2288//2290
f 2280//2283 2293//2293 2297//2299
f 2295//2297 2296//2300 2293//2293
f 2296//2300 2297//2299 2293//2293
f 2293//2293 2298//2298 2300//2301
f 2299//2296 2293//2293 2300//2301
f 2299//2296 2300//2301 2301//2302
f 2300//2301 2298//2298 2301//2302
f 2299//2296 2301//2302 2303//2303
f 2301//2302 2298//2298 2302//2304
f 2302//2304 2303//2303 2301//2302
f 2306//2305 2304//2306 2303//2303
f 2307//2307 2303//2303 2304//2306
f 2299//2296 2303//2303 2294//2295
f 2307//2307 2294//2295 2303//2303
f 2302//2304 2305//2308 2303//2303
f 2306//2305 2303//2303 2305//2308
f 2308//2309 2307//2307 2304//2306
f 2308//2309 2309//2310 2307//2307
f 2309//2310 2310//2311 2307//2307
f 2310//2311 2294//2295 2307//2307
f 2311//2312 2312//2313 2310//2311
f 2313//2314 2311//2312 2310//2311
f 2310//2311 2312//2313 2294//2295
f 2309//2310 2313//2314 2310//2311
f 2314//2315 2316//2316 2313//2314
f 2315//2317 2314//2315 2313//2314
f 2315//2317 2313//2314 2309//2310
f 2313//2314 2316//2316 2311//2312
f 2316//2316 2317//2318 2318//2319
f 2319//2320 2317//2318 2316//2316
f 2316//2316 2318//2319 2311//2312
f 2314//2315 2319//2320 2316//2316
f 2314//2315 2320//2321 2319//2320
f 2319//2320 2320//2321 2321//2322
f 2319//2320 2321//2322 2322//2323
f 2319//2320 2322//2323 2317//2318
f 2322//2323 2323//2324 2324//2325
f 2322//2323 2325//2326 2323//2324
f 2322//2323 2324//2325 2317//2318
f 2322//2323 2321//2322 2325//2326
f 2323//2324 2325//2326 2326//2327
f 2321//2322 2327//2328 2325//2326
f 2326//2327 2325//2326 2327//2328
f 2321//2322 2328//2329 2327//2328
f 2327//2328 2328//2329 2332//2330
f 2326//2327 2327//2328 2329//2331
f 2330//2332 2329//2331 2327//2328
f 2330//2332 2327//2328 2331//2333
f 2327//2328 2332//2330 2331//2333
f 2333//2334 2337//2335 2332//2330
f 2332//2330 2336//2336 2333//2334
f 2335//2337 2332//2330 2328//2329
f 2331//2333 2332//2330 2337//2335
f 2335//2337 2334//2338 2332//2330
f 2332//2330 2334//2338 2336//2336
f 2333//2334 2338//2339 2337//2335
f 2337//2335 2338//2339 2341//2340
f 2339//2341 2331//2333 2337//2335
f 2339//2341 2337//2335 2340//2342
f 2337//2335 2341//2340 2340//2342
f 2342//2343 2341//2340 2338//2339
f 2341//2340 2342//2343 2344//2344
f 2343//2345 2340//2342 2341//2340
f 2341//2340 2344//2344 2343//2345
f 2345//2346 2344//2344 2346//2347
f 2345//2346 2343//2345 2344//2344
f 2346//2347 2344//2344 2347//2348
f 2344//2344 2342//2343 2348//2349
f 2347//2348 2344//2344 2349//2350
f 2344//2344 2348//2349 2349//2350
f 2347//2348 2349//2350 2350//2351
f 2351//2352 2350//2351 2349//2350
f 2348//2349 2351//2352 2349//2350
f 2351//2352 2352//2353 2354//2354
f 2348//2349 2352//2353 2351//2352
f 2351//2352 2353//2355 2355//2356
f 2353//2355 2351//2352 2354//2354
f 2351//2352 2355//2356 2350//2351
f 2356//2357 2355//2356 2353//2355
f 2355//2356 2356//2357 2357//2358
f 2357//2358 2358//2359 2355//2356
f 2347//2348 2350//2351 2355//2356
f 2347//2348 2355//2356 2358//2359
f 2347//2348 2358//2359 2360//2360
f 2357//2358 2359//2361 2358//2359
f 2358//2359 2359//2361 2362//2362
f 2358//2359 2361//2363 2360//2360
f 2358//2359 2362//2362 2361//2363
f 2364//2364 2362//2362 2363//2365
f 2362//2362 2366//2366 2363//2365
f 2364//2364 2361//2363 2362//2362
f 2362//2362 2359//2361 2365//2367
f 2366//2366 2362//2362 2365//2367
f 2366//2366 2367//2368 2363//2365
f 2367//2368 2366//2366 2368//2369
f 2366//2366 2365//2367 2368//2369
f 2371//2370 2368//2369 2365//2367
f 2367//2368 2368//2369 2369//2371
f 2370//2372 2369//2371 2368//2369
f 2370//2372 2368//2369 2371//2370
f 2371//2370 2365//2367 2372//2373
f 2373//2374 2371//2370 2372//2373
f 2373//2374 2374//2375 2371//2370
f 2374//2375 2375//2376 2371//2370
f 2370//2372 2371//2370 2375//2376
f 2379//2377 2376//2378 2375//2376
f 2376//2378 2377//2379 2375//2376
f 2375//2376 2374//2375 2378//2380
f 2370//2372 2375//2376 2377//2379
f 2375//2376 2378//2380 2379//2377
f 2380//2381 2379//2377 2378//2380
f 2379//2377 2383//2382 2376//2378
f 2379//2377 2380//2381 2381//2383
f 2381//2383 2382//2384 2379//2377
f 2382//2384 2383//2382 2379//2377
f 2376//2378 2383//2382 2384//2385
f 2383//2382 2385//2386 2384//2385
f 2383//2382 2382//2384 2385//2386
f 2384//2385 2385//2386 2386//2387
f 2387//2388 2386//2387 2385//2386
f 2385//2386 2388//2389 2387//2388
f 2385//2386 2382//2384 2388//2389
f 2387//2388 2388//2389 2389//2390
f 2390//2391 2389//2390 2388//2389
f 2390//2391 2388//2389 2381//2383
f 2381//2383 2388//2389 2382//2384
f 2390//2391 2391//2392 2389//2390
f 2390//2391 2393//2393 2391//2392
f 2390//2391 2392//2394 2393//2393
f 2390//2391 2380//2381 2392//2394
f 2380//2381 2390//2391 2381//2383
f 2395//2395 2391//2392 2393//2393
f 2394//2396 2393//2393 2392//2394
f 2395//2395 2393//2393 2394//2396
f 2399//2397 2395//2395 2396//2398
f 2395//2395 2397//2399 2396//2398
f 2395//2395 2398//2400 2397//2399
f 2398//2400 2395//2395 2394//2396
f 2399//2397 2391//2392 2395//2395
f 2391//2392 2399//2397 2400//2401
f 2399//2397 2402//2402 2400//2401
f 2401//2403 2399//2397 2396//2398
f 2399//2397 2401//2403 2402//2402
f 2402//2402 2406//2404 2400//2401
f 2401//2403 2403//2405 2402//2402
f 2404//2406 2402//2402 2403//2405
f 2404//2406 2405//2407 2402//2402
f 2402//2402 2405//2407 2406//2404
f 2400//2401 2406//2404 2407//2408
f 2407//2408 2406//2404 2409//2409
f 2406//2404 1931//1932 2409//2409
f 2406//2404 2410//2410 1931//1932
f 2406//2404 2408//2411 2410//2410
f 2406//2404 2405//2407 2408//2411
f 2410//2410 1934//1933 1931//1932
f 1940//1942 2410//2410 2408//2411
f 2410//2410 1940//1942 1934//1933
f 2407//2408 2409//2409 1914//1915
f 2409//2409 1918//1918 1914//1915
f 1928//1929 2409//2409 1931//1932
f 1929//1931 2409//2409 2411//2412
f 2409//2409 1928//1929 2411//2412
f 1929//1931 1918//1918 2409//2409
f 1928//1929 1929//1931 2411//2412
f 2404//2406 2408//2411 2405//2407
f 2408//2411 2404//2406 2412//2413
f 1939//1941 2408//2411 2412//2413
f 1939//1941 1940//1942 2408//2411
f 2413//2414 2412//2413 2404//2406
f 2413//2414 1957//1958 2412//2413
f 1957//1958 1956//1957 2412//2413
f 1956//1957 1939//1941 2412//2413
f 2413//2414 2403//2405 2414//2415
f 2414//2415 1957//1958 2413//2414
f 2413//2414 2404//2406 2403//2405
f 1959//1961 1958//1960 2414//2415
f 2414//2415 1958//1960 1957//1958
f 1959//1961 2414//2415 2403//2405
f 2407//2408 2415//2416 2417//2417
f 2407//2408 1914//1915 2415//2416
f 2400//2401 2407//2408 2416//2418
f 2416//2418 2407//2408 2417//2417
f 2417//2417 2415//2416 2420//2419
f 2416//2418 2417//2417 2418//2420
f 2418//2420 2417//2417 2419//2421
f 2417//2417 2420//2419 2419//2421
f 2421//2422 2420//2419 2415//2416
f 2421//2422 2422//2423 2420//2419
f 2423//2424 2420//2419 2422//2423
f 2424//2425 2420//2419 2423//2424
f 2424//2425 2419//2421 2420//2419
f 2425//2426 2424//2425 2426//2427
f 2419//2421 2424//2425 2425//2426
f 2423//2424 2426//2427 2424//2425
f 2427//2428 2426//2427 2430//2429
f 2425//2426 2426//2427 2427//2428
f 2423//2424 2428//2430 2426//2427
f 2429//2431 2426//2427 2428//2430
f 2429//2431 2430//2429 2426//2427
f 2427//2428 2430//2429 2433//2432
f 2431//2433 2430//2429 2432//2434
f 2431//2433 2433//2432 2430//2429
f 2429//2431 2432//2434 2430//2429
f 2427//2428 2433//2432 2434//2435
f 2433//2432 2431//2433 2435//2436
f 2433//2432 2435//2436 2434//2435
f 2435//2436 2436//2437 2439//2438
f 2431//2433 2436//2437 2435//2436
f 2440//2439 2434//2435 2435//2436
f 2437//2440 2440//2439 2435//2436
f 2437//2440 2435//2436 2438//2441
f 2435//2436 2439//2438 2438//2441
f 2447//2442 2440//2439 2441//2443
f 2440//2439 2445//2444 2441//2443
f 2434//2435 2440//2439 2447//2442
f 2442//2445 2440//2439 2444//2446
f 2442//2445 2443//2447 2440//2439
f 2440//2439 2443//2447 2445//2444
f 2446//2448 2444//2446 2440//2439
f 2437//2440 2446//2448 2440//2439
f 2447//2442 2448//2449 2449//2450
f 2441//2443 2448//2449 2447//2442
f 2447//2442 2449//2450 2434//2435
f 2451//2451 2449//2450 2448//2449
f 2427//2428 2434//2435 2449//2450
f 2450//2452 2427//2428 2449//2450
f 2451//2451 2450//2452 2449//2450
f 2453//2453 2452//2454 2451//2451
f 2452//2454 2450//2452 2451//2451
f 2453//2453 2451//2451 2454//2455
f 2454//2455 2451//2451 2448//2449
f 2454//2455 2448//2449 2455//2456
f 2457//2457 2454//2455 2455//2456
f 2456//2458 2453//2453 2454//2455
f 2456//2458 2454//2455 2457//2457
f 2323//2324 2457//2457 2324//2325
f 2323//2324 2456//2458 2457//2457
f 2324//2325 2457//2457 2458//2459
f 2457//2457 2455//2456 2458//2459
f 2324//2325 2458//2459 2459//2460
f 2458//2459 2462//2461 2459//2460
f 2460//2462 2458//2459 2455//2456
f 2460//2462 2461//2463 2458//2459
f 2458//2459 2461//2463 2462//2461
f 2463//2464 2462//2461 2461//2463
f 2467//2465 2459//2460 2462//2461
f 2463//2464 2464//2466 2462//2461
f 2464//2466 2465//2467 2462//2461
f 2466//2468 2462//2461 2465//2467
f 2466//2468 2467//2465 2462//2461
f 2467//2465 2311//2312 2318//2319
f 2467//2465 2468//2469 2311//2312
f 2467//2465 2318//2319 2459//2460
f 2471//2470 2468//2469 2467//2465
f 2466//2468 2469//2471 2467//2465
f 2467//2465 2469//2471 2470//2472
f 2467//2465 2470//2472 2471//2470
f 2472//2473 2471//2470 2473//2474
f 2471//2470 2472//2473 2468//2469
f 2471//2470 2257//2257 2473//2474
f 2470//2472 2241//2241 2471//2470
f 2241//2241 2474//2475 2471//2470
f 2250//2251 2257//2257 2471//2470
f 2471//2470 2475//2476 2250//2251
f 2471//2470 2474//2475 2475//2476
f 2248//2250 2475//2476 2474//2475
f 2250//2251 2475//2476 2248//2250
f 2241//2241 2238//2240 2474//2475
f 2248//2250 2474//2475 2238//2240
f 2476//2477 2472//2473 2473//2474
f 2473//2474 2479//2478 2476//2477
f 2473//2474 2477//2479 2296//2300
f 2473//2474 2478//2480 2477//2479
f 2473//2474 2480//2481 2478//2480
f 2473//2474 2296//2300 2479//2478
f 2473//2474 2257//2257 2480//2481
f 2480//2481 2482//2482 2481//2483
f 2481//2483 2478//2480 2480//2481
f 2480//2481 2483//2484 2482//2482
f 2480//2481 2256//2258 2483//2484
f 2480//2481 2257//2257 2256//2258
f 2482//2482 2483//2484 2256//2258
f 2269//2269 2481//2483 2482//2482
f 2482//2482 2256//2258 2269//2269
f 2481//2483 2477//2479 2478//2480
f 2484//2485 2477//2479 2481//2483
f 2269//2269 2484//2485 2481//2483
f 2484//2485 2268//2270 2485//2486
f 2484//2485 2269//2269 2268//2270
f 2485//2486 2296//2300 2484//2485
f 2484//2485 2296//2300 2477//2479
f 2272//2274 2485//2486 2268//2270
f 2272//2274 2297//2299 2485//2486
f 2296//2300 2485//2486 2297//2299
f 2479//2478 2312//2313 2486//2487
f 2479//2478 2296//2300 2312//2313
f 2486//2487 2476//2477 2479//2478
f 2487//2488 2486//2487 2312//2313
f 2486//2487 2487//2488 2476//2477
f 2487//2488 2312//2313 2468//2469
f 2487//2488 2468//2469 2472//2473
f 2487//2488 2472//2473 2476//2477
f 2488//2489 2470//2472 2469//2471
f 2470//2472 2488//2489 2241//2241
f 2488//2489 2469//2471 2466//2468
f 2466//2468 2465//2467 2488//2489
f 2465//2467 2241//2241 2488//2489
f 2311//2312 2468//2469 2312//2313
f 2491//2490 2465//2467 2489//2491
f 2489//2491 2465//2467 2490//2492
f 2464//2466 2490//2492 2465//2467
f 2241//2241 2465//2467 2491//2490
f 2492//2493 2491//2490 2489//2491
f 2491//2490 2492//2493 2242//2245
f 2491//2490 2242//2245 2241//2241
f 2492//2493 2240//2244 2242//2245
f 2492//2493 2493//2494 2240//2244
f 2492//2493 2489//2491 2493//2494
f 2493//2494 2494//2495 2240//2244
f 2489//2491 2494//2495 2493//2494
f 2496//2496 2240//2244 2494//2495
f 2489//2491 2495//2497 2494//2495
f 2496//2496 2494//2495 2495//2497
f 2496//2496 2239//2243 2240//2244
f 2239//2243 2496//2496 2243//2242
f 2496//2496 2495//2497 2243//2242
f 2243//2242 2495//2497 2497//2498
f 2461//2463 2495//2497 2489//2491
f 2461//2463 2460//2462 2495//2497
f 2497//2498 2495//2497 2460//2462
f 2243//2242 2497//2498 2500//2499
f 2497//2498 2460//2462 2441//2443
f 2441//2443 2501//2500 2497//2498
f 2497//2498 2444//2446 2502//2501
f 2501//2500 2444//2446 2497//2498
f 2497//2498 2498//2502 2500//2499
f 2497//2498 2499//2503 2498//2502
f 2497//2498 2502//2501 2499//2503
f 2503//2504 2502//2501 2505//2505
f 2503//2504 2504//2506 2502//2501
f 2504//2506 2499//2503 2502//2501
f 2444//2446 2505//2505 2502//2501
f 2444//2446 2507//2507 2505//2505
f 2505//2505 2506//2508 2503//2504
f 2505//2505 2215//2218 2506//2508
f 2217//2219 2215//2218 2505//2505
f 2217//2219 2505//2505 2507//2507
f 2217//2219 2507//2507 2508//2509
f 2509//2510 2508//2509 2507//2507
f 2509//2510 2507//2507 2444//2446
f 2438//2441 2510//2511 2509//2510
f 2508//2509 2509//2510 2510//2511
f 2438//2441 2509//2510 2444//2446
f 2438//2441 2511//2512 2510//2511
f 2508//2509 2510//2511 2511//2512
f 2512//2513 2511//2512 2515//2514
f 2512//2513 2514//2515 2511//2512
f 2438//2441 2515//2514 2511//2512
f 2511//2512 2513//2516 2508//2509
f 2511//2512 2514//2515 2513//2516
f 2516//2517 2512//2513 2515//2514
f 2516//2517 2515//2514 2517//2518
f 2515//2514 2518//2519 2517//2518
f 2515//2514 2438//2441 2518//2519
f 2520//2520 2519//2521 2518//2519
f 2517//2518 2518//2519 2519//2521
f 2520//2520 2518//2519 2438//2441
f 2431//2433 2522//2522 2520//2520
f 2521//2523 2431//2433 2520//2520
f 2438//2441 2521//2523 2520//2520
f 2522//2522 2523//2524 2520//2520
f 2523//2524 2524//2525 2520//2520
f 2524//2525 2526//2526 2520//2520
f 2520//2520 2525//2527 2519//2521
f 2520//2520 2526//2526 2525//2527
f 2525//2527 2526//2526 2529//2528
f 2526//2526 2527//2529 2529//2528
f 2526//2526 2528//2530 2527//2529
f 2524//2525 2528//2530 2526//2526
f 2529//2528 2530//2531 2533//2532
f 2529//2528 2527//2529 2530//2531
f 2525//2527 2529//2528 2531//2533
f 2534//2534 2531//2533 2529//2528
f 2529//2528 2532//2535 2534//2534
f 2533//2532 2532//2535 2529//2528
f 2535//2536 2512//2513 2534//2534
f 2536//2537 2535//2536 2534//2534
f 2536//2537 2534//2534 2532//2535
f 2534//2534 2537//2538 2531//2533
f 2512//2513 2537//2538 2534//2534
f 2531//2533 2537//2538 2516//2517
f 2512//2513 2516//2517 2537//2538
f 2197//2198 2536//2537 2532//2535
f 2197//2198 2199//2200 2536//2537
f 2535//2536 2536//2537 2199//2200
f 2538//2539 2535//2536 2205//2207
f 2535//2536 2199//2200 2205//2207
f 2535//2536 2538//2539 2512//2513
f 2538//2539 2205//2207 2204//2204
f 2204//2204 2218//2216 2538//2539
f 2218//2216 2217//2219 2538//2539
f 2217//2219 2512//2513 2538//2539
f 2161//2163 2165//2166 2533//2532
f 2533//2532 2165//2166 2532//2535
f 2533//2532 2539//2540 2540//2541
f 2533//2532 2530//2531 2539//2540
f 2540//2541 2541//2542 2533//2532
f 2541//2542 2161//2163 2533//2532
f 2541//2542 2542//2543 2161//2163
f 2542//2543 2541//2542 2543//2544
f 2540//2541 2543//2544 2541//2542
f 2544//2545 2543//2544 2540//2541
f 2542//2543 2543//2544 2544//2545
f 2542//2543 2544//2545 2545//2546
f 2544//2545 2540//2541 2545//2546
f 2549//2547 2545//2546 2540//2541
f 2548//2548 2546//2549 2545//2546
f 2546//2549 2547//2550 2545//2546
f 2542//2543 2545//2546 2547//2550
f 2545//2546 2549//2547 2548//2548
f 2550//2551 2549//2547 2552//2552
f 2550//2551 2554//2553 2549//2547
f 2549//2547 2551//2554 2548//2548
f 2549//2547 2553//2555 2551//2554
f 2555//2556 2552//2552 2549//2547
f 2549//2547 2554//2553 2553//2555
f 2540//2541 2555//2556 2549//2547
f 2540//2541 2556//2557 2555//2556
f 2557//2558 2555//2556 2556//2557
f 2555//2556 2557//2558 2552//2552
f 2558//2559 2552//2552 2557//2558
f 2558//2559 2557//2558 2560//2560
f 2557//2558 2556//2557 2559//2561
f 2559//2561 2560//2560 2557//2558
f 2558//2559 2560//2560 2561//2562
f 2559//2561 2561//2562 2560//2560
f 2558//2559 2561//2562 2432//2434
f 2561//2562 2523//2524 2432//2434
f 2561//2562 2559//2561 2523//2524
f 2540//2541 2523//2524 2559//2561
f 2540//2541 2559//2561 2556//2557
f 2558//2559 2550//2551 2552//2552
f 2558//2559 2564//2563 2550//2551
f 2562//2564 2558//2559 2429//2431
f 2562//2564 2563//2565 2558//2559
f 2429//2431 2558//2559 2432//2434
f 2563//2565 2564//2563 2558//2559
f 2550//2551 2564//2563 2565//2566
f 2563//2565 2565//2566 2564//2563
f 2550//2551 2565//2566 2566//2567
f 2563//2565 2566//2567 2565//2566
f 2566//2567 2554//2553 2550//2551
f 2566//2567 2567//2568 2554//2553
f 2566//2567 2568//2569 2567//2568
f 2563//2565 2568//2569 2566//2567
f 2567//2568 2568//2569 2569//2570
f 2569//2570 2568//2569 2553//2555
f 2553//2555 2568//2569 2570//2571
f 2563//2565 2570//2571 2568//2569
f 2553//2555 2570//2571 2574//2572
f 2574//2572 2570//2571 2571//2573
f 2570//2571 2572//2574 2571//2573
f 2570//2571 2573//2575 2572//2574
f 2563//2565 2573//2575 2570//2571
f 2574//2572 2571//2573 2575//2576
f 2553//2555 2574//2572 2575//2576
f 2553//2555 2575//2576 2577//2577
f 2575//2576 2571//2573 2576//2578
f 2575//2576 2576//2578 2577//2577
f 2551//2554 2577//2577 2578//2579
f 2551//2554 2553//2555 2577//2577
f 2578//2579 2577//2577 2581//2580
f 2577//2577 2576//2578 2579//2581
f 2577//2577 2579//2581 2580//2582
f 2580//2582 2581//2580 2577//2577
f 2580//2582 2582//2583 2581//2580
f 2582//2583 2586//2584 2581//2580
f 2584//2585 2581//2580 2583//2586
f 2583//2586 2581//2580 2586//2584
f 2585//2587 2581//2580 2584//2585
f 2578//2579 2581//2580 2585//2587
f 2591//2588 2586//2584 2587//2589
f 2586//2584 2590//2590 2587//2589
f 2586//2584 2588//2591 2590//2590
f 2582//2583 2588//2591 2586//2584
f 2583//2586 2586//2584 2589//2592
f 2591//2588 2589//2592 2586//2584
f 2593//2593 2591//2588 2587//2589
f 2593//2593 2592//2594 2591//2588
f 2589//2592 2591//2588 2592//2594
f 2598//2595 2593//2593 2594//2596
f 2593//2593 2587//2589 2594//2596
f 2596//2597 2592//2594 2593//2593
f 2597//2598 2595//2599 2593//2593
f 2595//2599 2596//2597 2593//2593
f 2598//2595 2597//2598 2593//2593
f 2599//2600 2597//2598 2598//2595
f 2599//2600 2598//2595 2600//2601
f 2598//2595 2601//2602 2600//2601
f 2598//2595 2594//2596 2601//2602
f 2603//2603 2602//2604 2601//2602
f 2602//2604 2600//2601 2601//2602
f 2603//2603 2601//2602 2594//2596
f 2603//2603 2604//2605 2602//2604
f 2423//2424 2604//2605 2603//2603
f 2603//2603 2594//2596 2562//2564
f 2562//2564 2428//2430 2603//2603
f 2423//2424 2603//2603 2428//2430
f 2604//2605 2422//2423 2605//2606
f 2423//2424 2422//2423 2604//2605
f 2604//2605 2605//2606 2602//2604
f 2422//2423 2607//2607 2605//2606
f 2605//2606 2606//2608 2608//2609
f 2605//2606 2607//2607 2606//2608
f 2602//2604 2605//2606 2608//2609
f 2611//2610 2608//2609 2609//2611
f 2608//2609 2610//2612 2609//2611
f 2608//2609 2606//2608 2610//2612
f 2602//2604 2608//2609 2611//2610
f 2611//2610 2609//2611 2612//2613
f 2613//2614 2611//2610 2612//2613
f 2602//2604 2611//2610 2600//2601
f 2613//2614 2600//2601 2611//2610
f 2615//2615 2613//2614 2614//2616
f 2614//2616 2613//2614 2612//2613
f 2599//2600 2600//2601 2613//2614
f 2615//2615 2599//2600 2613//2614
f 2618//2617 2599//2600 2615//2615
f 2615//2615 2616//2618 2618//2617
f 2615//2615 2617//2619 2616//2618
f 2614//2616 2617//2619 2615//2615
f 2618//2617 2619//2620 2599//2600
f 2616//2618 2624//2621 2618//2617
f 2618//2617 2620//2622 2619//2620
f 2618//2617 2621//2623 2620//2622
f 2618//2617 2622//2624 2621//2623
f 2618//2617 2623//2625 2622//2624
f 2624//2621 2623//2625 2618//2617
f 2616//2618 2625//2626 2624//2621
f 2626//2627 2624//2621 2625//2626
f 2624//2621 2626//2627 2623//2625
f 2628//2628 2626//2627 2627//2629
f 2626//2627 2625//2626 2627//2629
f 2623//2625 2626//2627 2628//2628
f 2628//2628 2629//2630 2631//2631
f 2628//2628 2627//2629 2629//2630
f 2623//2625 2628//2628 2630//2632
f 2628//2628 2631//2631 2630//2632
f 2630//2632 2631//2631 2634//2633
f 2629//2630 2632//2634 2631//2631
f 2633//2635 2631//2631 2632//2634
f 2633//2635 2634//2633 2631//2631
f 2637//2636 2634//2633 2635//2637
f 2635//2637 2634//2633 2636//2638
f 2638//2639 2636//2638 2634//2633
f 2638//2639 2634//2633 2633//2635
f 2630//2632 2634//2633 2637//2636
f 2638//2639 2639//2640 2641//2641
f 2640//2642 2639//2640 2638//2639
f 2633//2635 2642//2643 2638//2639
f 2642//2643 2640//2642 2638//2639
f 2638//2639 2641//2641 2636//2638
f 2642//2643 2643//2644 2640//2642
f 2644//2645 2643//2644 2642//2643
f 2645//2646 2644//2645 2642//2643
f 2646//2647 2645//2646 2642//2643
f 2647//2648 2646//2647 2642//2643
f 2647//2648 2642//2643 2648//2649
f 2642//2643 2649//2650 2648//2649
f 2642//2643 2633//2635 2649//2650
f 2649//2650 2647//2648 2648//2649
f 2650//2651 2647//2648 2649//2650
f 2650//2651 2649//2650 2633//2635
f 2650//2651 2651//2652 2647//2648
f 2650//2651 2653//2653 2651//2652
f 2650//2651 2652//2654 2653//2653
f 2652//2654 2650//2651 2654//2655
f 2650//2651 2633//2635 2654//2655
f 2654//2655 2655//2656 2656//2657
f 2655//2656 2654//2655 2657//2658
f 2652//2654 2654//2655 2656//2657
f 2658//2659 2657//2658 2654//2655
f 2658//2659 2654//2655 2632//2634
f 2632//2634 2654//2655 2633//2635
f 2629//2630 2658//2659 2632//2634
f 2629//2630 2657//2658 2658//2659
f 2655//2656 2657//2658 2659//2660
f 2629//2630 2627//2629 2657//2658
f 2627//2629 2659//2660 2657//2658
f 2655//2656 2659//2660 2625//2626
f 2627//2629 2625//2626 2659//2660
f 2656//2657 2655//2656 2617//2619
f 2656//2657 2660//2661 2653//2653
f 2661//2662 2660//2661 2656//2657
f 2656//2657 2653//2653 2652//2654
f 2656//2657 2617//2619 2661//2662
f 2661//2662 2662//2663 2660//2661
f 2661//2662 2617//2619 2664//2664
f 2662//2663 2661//2662 2663//2665
f 2661//2662 2664//2664 2663//2665
f 2664//2664 2665//2666 2663//2665
f 2664//2664 2667//2667 2665//2666
f 2664//2664 2614//2616 2666//2668
f 2614//2616 2664//2664 2617//2619
f 2664//2664 2666//2668 2667//2667
f 2665//2666 2667//2667 2668//2669
f 2668//2669 2667//2667 2666//2668
f 2669//2670 2672//2671 2668//2669
f 2671//2672 2669//2670 2668//2669
f 2668//2669 2666//2668 2670//2673
f 2671//2672 2668//2669 2670//2673
f 2665//2666 2668//2669 2672//2671
f 2674//2674 2665//2666 2672//2671
f 2674//2674 2672//2671 2673//2675
f 2673//2675 2672//2671 2675//2676
f 2669//2670 2675//2676 2672//2671
f 2675//2676 2669//2670 2676//2677
f 2675//2676 2676//2677 2677//2678
f 2677//2678 2678//2679 2675//2676
f 2673//2675 2675//2676 2678//2679
f 2678//2679 2679//2680 2680//2681
f 2681//2682 2679//2680 2678//2679
f 2678//2679 2680//2681 2673//2675
f 2677//2678 2681//2682 2678//2679
f 2681//2682 2684//2683 2679//2680
f 2681//2682 2682//2684 2684//2683
f 2681//2682 2683//2685 2682//2684
f 2683//2685 2681//2682 2677//2678
f 2684//2683 2682//2684 2685//2686
f 2684//2683 2685//2686 2687//2687
f 2686//2688 2679//2680 2684//2683
f 2686//2688 2684//2683 2687//2687
f 2686//2688 2687//2687 2688//2689
f 2685//2686 2688//2689 2687//2687
f 2686//2688 2688//2689 2693//2690
f 2692//2691 2688//2689 2689//2692
f 2688//2689 2691//2693 2689//2692
f 2685//2686 2690//2694 2688//2689
f 2688//2689 2690//2694 2691//2693
f 2692//2691 2693//2690 2688//2689
f 2693//2690 2692//2691 2696//2695
f 2694//2696 2686//2688 2693//2690
f 2694//2696 2693//2690 2695//2697
f 2693//2690 2696//2695 2695//2697
f 2696//2695 2692//2691 2697//2698
f 2696//2695 2697//2698 2698//2699
f 2698//2699 2699//2700 2696//2695
f 2696//2695 2699//2700 2700//2701
f 2696//2695 2700//2701 2695//2697
f 2702//2702 2701//2703 2700//2701
f 2695//2697 2700//2701 2701//2703
f 2703//2704 2702//2702 2700//2701
f 2703//2704 2700//2701 2699//2700
f 2704//2705 2705//2706 2703//2704
f 2704//2705 2703//2704 2699//2700
f 2703//2704 2705//2706 2706//2707
f 2703//2704 2706//2707 2702//2702
f 2706//2707 2710//2708 2702//2702
f 2705//2706 2707//2709 2706//2707
f 2709//2710 2706//2707 2707//2709
f 2709//2710 2708//2711 2706//2707
f 2706//2707 2708//2711 2710//2708
f 2702//2702 2710//2708 2701//2703
f 2711//2712 2701//2703 2710//2708
f 2708//2711 2711//2712 2710//2708
f 2711//2712 2712//2713 2701//2703
f 2674//2674 2712//2713 2711//2712
f 2674//2674 2711//2712 2713//2714
f 2713//2714 2711//2712 2714//2715
f 2708//2711 2714//2715 2711//2712
f 2660//2661 2714//2715 2715//2716
f 2660//2661 2662//2663 2714//2715
f 2713//2714 2714//2715 2662//2663
f 2715//2716 2714//2715 2708//2711
f 2720//2717 2715//2716 2709//2710
f 2715//2716 2708//2711 2709//2710
f 2715//2716 2716//2718 2660//2661
f 2715//2716 2717//2719 2716//2718
f 2715//2716 2718//2720 2717//2719
f 2715//2716 2719//2721 2718//2720
f 2719//2721 2715//2716 2720//2717
f 2719//2721 2720//2717 2721//2722
f 2722//2723 2721//2722 2720//2717
f 2720//2717 2709//2710 2722//2723
f 2724//2724 2722//2723 2707//2709
f 2709//2710 2707//2709 2722//2723
f 2722//2723 2723//2725 2725//2726
f 2722//2723 2724//2724 2723//2725
f 2722//2723 2725//2726 2721//2722
f 2726//2727 2725//2726 2723//2725
f 2726//2727 2728//2728 2725//2726
f 2727//2729 2725//2726 2728//2728
f 2727//2729 2721//2722 2725//2726
f 2728//2728 2726//2727 2729//2730
f 2730//2731 2727//2729 2728//2728
f 2728//2728 2729//2730 2730//2731
f 2730//2731 2731//2732 2727//2729
f 2730//2731 2732//2733 2731//2732
f 2729//2730 2732//2733 2730//2731
f 2731//2732 2732//2733 2733//2734
f 2729//2730 2733//2734 2732//2733
f 2731//2732 2733//2734 2734//2735
f 2737//2736 2734//2735 2733//2734
f 2736//2737 2733//2734 2729//2730
f 2736//2737 2735//2738 2733//2734
f 2737//2736 2733//2734 2735//2738
f 2737//2736 2736//2737 2738//2739
f 2740//2740 2737//2736 2738//2739
f 2739//2741 2742//2742 2737//2736
f 2739//2741 2737//2736 2740//2740
f 2737//2736 2741//2743 2734//2735
f 2737//2736 2742//2742 2741//2743
f 2737//2736 2735//2738 2736//2737
f 2739//2741 2743//2744 2742//2742
f 2741//2743 2742//2742 2743//2744
f 2741//2743 2743//2744 2744//2745
f 2739//2741 2744//2745 2743//2744
f 2745//2746 2744//2745 2748//2747
f 2745//2746 2747//2748 2744//2745
f 2746//2749 2741//2743 2744//2745
f 2739//2741 2748//2747 2744//2745
f 2746//2749 2744//2745 2747//2748
f 2748//2747 2749//2750 2750//2751
f 2739//2741 2749//2750 2748//2747
f 2748//2747 2750//2751 2745//2746
f 2750//2751 2749//2750 2751//2752
f 2750//2751 2751//2752 2752//2753
f 2750//2751 2752//2753 2753//2754
f 2750//2751 2753//2754 2745//2746
f 2753//2754 2755//2755 2745//2746
f 2753//2754 2754//2756 2755//2755
f 2754//2756 2753//2754 2639//2640
f 2756//2757 2639//2640 2753//2754
f 2757//2758 2756//2757 2753//2754
f 2758//2759 2757//2758 2753//2754
f 2758//2759 2753//2754 2759//2760
f 2753//2754 2751//2752 2759//2760
f 2753//2754 2752//2753 2751//2752
f 2759//2760 2762//2761 2760//2762
f 2761//2763 2759//2760 2760//2762
f 2759//2760 2751//2752 2762//2761
f 2761//2763 2758//2759 2759//2760
f 2749//2750 2762//2761 2751//2752
f 2749//2750 2763//2764 2762//2761
f 2760//2762 2762//2761 2763//2764
f 2739//2741 2763//2764 2749//2750
f 2739//2741 2760//2762 2763//2764
f 2761//2763 2760//2762 2764//2765
f 2768//2766 2761//2763 2764//2765
f 2768//2766 2765//2767 2761//2763
f 2761//2763 2765//2767 2766//2768
f 2761//2763 2766//2768 2767//2769
f 2758//2759 2761//2763 2767//2769
f 2770//2770 2768//2766 2764//2765
f 2769//2771 2768//2766 2770//2770
f 2769//2771 2765//2767 2768//2766
f 2770//2770 2764//2765 2771//2772
f 2771//2772 2769//2771 2770//2770
f 2776//2773 2771//2772 2772//2774
f 2771//2772 2773//2775 2772//2774
f 2764//2765 2773//2775 2771//2772
f 2776//2773 2774//2776 2771//2772
f 2774//2776 2775//2777 2771//2772
f 2771//2772 2775//2777 2769//2771
f 2779//2778 2776//2773 2772//2774
f 2779//2778 2777//2779 2776//2773
f 2778//2780 2776//2773 2777//2779
f 2778//2780 2774//2776 2776//2773
f 2780//2781 2779//2778 2782//2782
f 2780//2781 2777//2779 2779//2778
f 2779//2778 2772//2774 2781//2783
f 2779//2778 2781//2783 2783//2784
f 2783//2784 2782//2782 2779//2778
f 2781//2783 2784//2785 2783//2784
f 2783//2784 2784//2785 2785//2786
f 2783//2784 2785//2786 2782//2782
f 2785//2786 2784//2785 2789//2787
f 2782//2782 2785//2786 2788//2788
f 2785//2786 2786//2789 2788//2788
f 2785//2786 2787//2790 2786//2789
f 2791//2791 2787//2790 2785//2786
f 2785//2786 2789//2787 2790//2792
f 2791//2791 2785//2786 2790//2792
f 2793//2793 2791//2791 2792//2794
f 2791//2791 2790//2792 2792//2794
f 2787//2790 2791//2791 2793//2793
f 2793//2793 2792//2794 2794//2795
f 2794//2795 2795//2796 2793//2793
f 2787//2790 2793//2793 2796//2797
f 2793//2793 2795//2796 2797//2798
f 2793//2793 2797//2798 2796//2797
f 2798//2799 2797//2798 2637//2636
f 2798//2799 2799//2800 2797//2798
f 2797//2798 2799//2800 2800//2801
f 2797//2798 2800//2801 2796//2797
f 2801//2802 2797//2798 2795//2796
f 2801//2802 2637//2636 2797//2798
f 2801//2802 2794//2795 2802//2803
f 2801//2802 2795//2796 2794//2795
f 2801//2802 2802//2803 2803//2804
f 2803//2804 2637//2636 2801//2802
f 2804//2805 2803//2804 2807//2806
f 2804//2805 2805//2807 2803//2804
f 2805//2807 2808//2808 2803//2804
f 2806//2809 2803//2804 2802//2803
f 2806//2809 2807//2806 2803//2804
f 2808//2808 2630//2632 2803//2804
f 2803//2804 2630//2632 2637//2636
f 2808//2808 2622//2624 2810//2810
f 2808//2808 2809//2811 2622//2624
f 2805//2807 2809//2811 2808//2808
f 2808//2808 2810//2810 2630//2632
f 2622//2624 2630//2632 2810//2810
f 2809//2811 2621//2623 2622//2624
f 2809//2811 2620//2622 2621//2623
f 2620//2622 2809//2811 2805//2807
f 2811//2812 2804//2805 2807//2806
f 2811//2812 2807//2806 2806//2809
f 2811//2812 2812//2813 2804//2805
f 2811//2812 2813//2814 2812//2813
f 2813//2814 2811//2812 2814//2815
f 2814//2815 2811//2812 2806//2809
f 2814//2815 2815//2816 2816//2817
f 2802//2803 2815//2816 2814//2815
f 2813//2814 2814//2815 2597//2598
f 2814//2815 2816//2817 2597//2598
f 2814//2815 2806//2809 2802//2803
f 2597//2598 2816//2817 2595//2599
f 2817//2818 2595//2599 2816//2817
f 2817//2818 2816//2817 2815//2816
f 2818//2819 2817//2818 2815//2816
f 2818//2819 2819//2820 2817//2818
f 2596//2597 2817//2818 2819//2820
f 2595//2599 2817//2818 2596//2597
f 2596//2597 2819//2820 2584//2585
f 2802//2803 2584//2585 2819//2820
f 2802//2803 2819//2820 2818//2819
f 2802//2803 2818//2819 2815//2816
f 2619//2620 2812//2813 2813//2814
f 2619//2620 2813//2814 2597//2598
f 2619//2620 2804//2805 2812//2813
f 2619//2620 2805//2807 2804//2805
f 2620//2622 2805//2807 2619//2620
f 2794//2795 2820//2821 2802//2803
f 2821//2822 2802//2803 2820//2821
f 2821//2822 2584//2585 2802//2803
f 2821//2822 2822//2823 2147//2150
f 2821//2822 2824//2824 2822//2823
f 2821//2822 2823//2825 2826//2826
f 2821//2822 2147//2150 2823//2825
f 2585//2587 2584//2585 2821//2822
f 2824//2824 2821//2822 2820//2821
f 2821//2822 2825//2827 2585//2587
f 2821//2822 2826//2826 2825//2827
f 2827//2828 2826//2826 2823//2825
f 2827//2828 2825//2827 2826//2826
f 2823//2825 2148//2148 2827//2828
f 2148//2148 2828//2829 2827//2828
f 2585//2587 2825//2827 2827//2828
f 2585//2587 2827//2828 2828//2829
f 2585//2587 2828//2829 2830//2830
f 2148//2148 2149//2151 2828//2829
f 2829//2831 2828//2829 2149//2151
f 2829//2831 2830//2830 2828//2829
f 2833//2832 2831//2833 2830//2830
f 2831//2833 2832//2834 2830//2830
f 2585//2587 2830//2830 2832//2834
f 2833//2832 2830//2830 2829//2831
f 2834//2835 2831//2833 2833//2832
f 2834//2835 2833//2832 2153//2155
f 2833//2832 2149//2151 2153//2155
f 2833//2832 2829//2831 2149//2151
f 2578//2579 2831//2833 2834//2835
f 2578//2579 2834//2835 2836//2836
f 2835//2837 2834//2835 2153//2155
f 2835//2837 2836//2836 2834//2835
f 2836//2836 2157//2160 2837//2838
f 2836//2836 2835//2837 2157//2160
f 2837//2838 2838//2839 2836//2836
f 2578//2579 2836//2836 2838//2839
f 2578//2579 2838//2839 2839//2840
f 2837//2838 2839//2840 2838//2839
f 2578//2579 2839//2840 2551//2554
f 2551//2554 2839//2840 2837//2838
f 2551//2554 2837//2838 2159//2158
f 2159//2158 2837//2838 2157//2160
f 2157//2160 2835//2837 2153//2155
f 2831//2833 2840//2841 2832//2834
f 2585//2587 2832//2834 2840//2841
f 2578//2579 2840//2841 2831//2833
f 2585//2587 2840//2841 2578//2579
f 2842//2842 2822//2823 2824//2824
f 2824//2824 2820//2821 2841//2843
f 2842//2842 2824//2824 2841//2843
f 2145//2146 2842//2842 2844//2844
f 2145//2146 2843//2845 2842//2842
f 2843//2845 2822//2823 2842//2842
f 2844//2844 2842//2842 2841//2843
f 2846//2846 2845//2847 2844//2844
f 2145//2146 2844//2844 2845//2847
f 2844//2844 2841//2843 2820//2821
f 2846//2846 2844//2844 2820//2821
f 2845//2847 2846//2846 2847//2848
f 2847//2848 2846//2846 2820//2821
f 2845//2847 2847//2848 2848//2849
f 2792//2794 2847//2848 2794//2795
f 2792//2794 2848//2849 2847//2848
f 2847//2848 2820//2821 2794//2795
f 2848//2849 2849//2850 2845//2847
f 2848//2849 2850//2851 2849//2850
f 2850//2851 2848//2849 2792//2794
f 2850//2851 2792//2794 2851//2852
f 2849//2850 2850//2851 2851//2852
f 2852//2853 2851//2852 2853//2854
f 2852//2853 2139//2141 2851//2852
f 2140//2142 2851//2852 2139//2141
f 2790//2792 2853//2854 2851//2852
f 2849//2850 2851//2852 2145//2146
f 2790//2792 2851//2852 2792//2794
f 2140//2142 2145//2146 2851//2852
f 2853//2854 2854//2855 2852//2853
f 2855//2856 2854//2855 2853//2854
f 2790//2792 2855//2856 2853//2854
f 2856//2857 2855//2856 2789//2787
f 2855//2856 2856//2857 2854//2855
f 2790//2792 2789//2787 2855//2856
f 2856//2857 2789//2787 2784//2785
f 2781//2783 2856//2857 2784//2785
f 2854//2855 2856//2857 2781//2783
f 2772//2774 2852//2853 2854//2855
f 2854//2855 2781//2783 2772//2774
f 2137//2138 2852//2853 2857//2858
f 2137//2138 2139//2141 2852//2853
f 2772//2774 2773//2775 2852//2853
f 2857//2858 2852//2853 2773//2775
f 2136//2137 2137//2138 2857//2858
f 2858//2859 2136//2137 2857//2858
f 2858//2859 2857//2858 2859//2860
f 2857//2858 2773//2775 2859//2860
f 2860//2861 2859//2860 2861//2862
f 2860//2861 2858//2859 2859//2860
f 2862//2863 2861//2862 2859//2860
f 2862//2863 2859//2860 2773//2775
f 2861//2862 2862//2863 2740//2740
f 2764//2765 2760//2762 2862//2863
f 2862//2863 2760//2762 2739//2741
f 2862//2863 2739//2741 2740//2740
f 2764//2765 2862//2863 2773//2775
f 2861//2862 2863//2864 2860//2861
f 2861//2862 2704//2705 2863//2864
f 2861//2862 2740//2740 2704//2705
f 2864//2865 2860//2861 2863//2864
f 2704//2705 2699//2700 2863//2864
f 2698//2699 2863//2864 2699//2700
f 2864//2865 2863//2864 2698//2699
f 2864//2865 2865//2866 2866//2867
f 2698//2699 2865//2866 2864//2865
f 2858//2859 2860//2861 2864//2865
f 2864//2865 2866//2867 2867//2868
f 2858//2859 2864//2865 2867//2868
f 2867//2868 2127//2127 2130//2132
f 2867//2868 2866//2867 2127//2127
f 2130//2132 2858//2859 2867//2868
f 2866//2867 2122//2123 2127//2127
f 2866//2867 2868//2869 2122//2123
f 2865//2866 2868//2869 2866//2867
f 2868//2869 2123//2125 2122//2123
f 2868//2869 2870//2870 2123//2125
f 2865//2866 2869//2871 2868//2869
f 2869//2871 2870//2870 2868//2869
f 2869//2871 2871//2872 2870//2870
f 2873//2873 2870//2870 2871//2872
f 2872//2874 2123//2125 2870//2870
f 2873//2873 2872//2874 2870//2870
f 2874//2875 2873//2873 2871//2872
f 2874//2875 2875//2876 2873//2873
f 2875//2876 2872//2874 2873//2873
f 2875//2876 2876//2877 1863//1864
f 2874//2875 2876//2877 2875//2876
f 2875//2876 1863//1864 1864//1866
f 2117//2119 2875//2876 1864//1866
f 2875//2876 2117//2119 2872//2874
f 2877//2878 2876//2877 2874//2875
f 2877//2878 2878//2879 2876//2877
f 2876//2877 2878//2879 2879//2880
f 2876//2877 2879//2880 1863//1864
f 1865//1865 1863//1864 2879//2880
f 2878//2879 2880//2881 2879//2880
f 2879//2880 1875//1881 1877//1882
f 2879//2880 2880//2881 1875//1881
f 1865//1865 2879//2880 1877//1882
f 2878//2879 2881//2882 2880//2881
f 1875//1881 2880//2881 2882//2883
f 2882//2883 2880//2881 2881//2882
f 1875//1881 2882//2883 1874//1877
f 1874//1877 2882//2883 2884//2884
f 2882//2883 2881//2882 2883//2885
f 2883//2885 2884//2884 2882//2883
f 1874//1877 2884//2884 1872//1875
f 1872//1875 2884//2884 2886//2886
f 2885//2887 2886//2886 2884//2884
f 2883//2885 2885//2887 2884//2884
f 2885//2887 2887//2888 2886//2886
f 2889//2889 2886//2886 2887//2888
f 1872//1875 2886//2886 1870//1870
f 1870//1870 2886//2886 2888//2890
f 2889//2889 2888//2890 2886//2886
f 2887//2888 2890//2891 2889//2889
f 2891//2892 2889//2889 2890//2891
f 2891//2892 2892//2893 2889//2889
f 2892//2893 2888//2890 2889//2889
f 2893//2894 2892//2893 2891//2892
f 2893//2894 2894//2895 2892//2893
f 2892//2893 2894//2895 2888//2890
f 1868//1869 2894//2895 1897//1871
f 1868//1869 2888//2890 2894//2895
f 2893//2894 2895//2896 2894//2895
f 1897//1871 2894//2895 2895//2896
f 1897//1871 2895//2896 1879//1886
f 1879//1886 2895//2896 2896//2897
f 2897//2898 2896//2897 2895//2896
f 2897//2898 2895//2896 2893//2894
f 2901//2899 2897//2898 2898//2900
f 2897//2898 2900//2901 2898//2900
f 2899//2902 2896//2897 2897//2898
f 2901//2899 2899//2902 2897//2898
f 2897//2898 2893//2894 2900//2901
f 1907//1909 2899//2902 2901//2899
f 1907//1909 2901//2899 2902//2903
f 2901//2899 2903//2904 2902//2903
f 2901//2899 2898//2900 2903//2904
f 2898//2900 2906//2905 2903//2904
f 2905//2906 2903//2904 2904//2907
f 2904//2907 2903//2904 2906//2905
f 2905//2906 2902//2903 2903//2904
f 2898//2900 2900//2901 2906//2905
f 2900//2901 2907//2908 2906//2905
f 2906//2905 2907//2908 2676//2677
f 2906//2905 2676//2677 2908//2909
f 2904//2907 2906//2905 2908//2909
f 2669//2670 2671//2672 2908//2909
f 2671//2672 2904//2907 2908//2909
f 2669//2670 2908//2909 2676//2677
f 2907//2908 2909//2910 2677//2678
f 2891//2892 2909//2910 2907//2908
f 2900//2901 2891//2892 2907//2908
f 2907//2908 2677//2678 2676//2677
f 2683//2685 2677//2678 2909//2910
f 2890//2891 2683//2685 2909//2910
f 2891//2892 2890//2891 2909//2910
f 2910//2911 2902//2903 2905//2906
f 2610//2612 2905//2906 2904//2907
f 2606//2608 2910//2911 2905//2906
f 2610//2612 2606//2608 2905//2906
f 2910//2911 1908//1910 2902//2903
f 2911//2912 1908//1910 2910//2911
f 2606//2608 2607//2607 2910//2911
f 2607//2607 2911//2912 2910//2911
f 2415//2416 2911//2912 2421//2422
f 2415//2416 1911//1913 2911//2912
f 2607//2607 2421//2422 2911//2912
f 1911//1913 1909//1911 2911//2912
f 2911//2912 1909//1911 1908//1910
f 2671//2672 2610//2612 2904//2907
f 1907//1909 2902//2903 1908//1910
f 2893//2894 2891//2892 2900//2901
f 1907//1909 1902//1904 2899//2902
f 1902//1904 1899//1900 2899//2902
f 2899//2902 1899//1900 2896//2897
f 1896//1887 2896//2897 1899//1900
f 1879//1886 2896//2897 1896//1887
f 2887//2888 2912//2913 2890//2891
f 2890//2891 2912//2913 2683//2685
f 2887//2888 2913//2914 2912//2913
f 2912//2913 2913//2914 2682//2684
f 2912//2913 2682//2684 2683//2685
f 2887//2888 2885//2887 2913//2914
f 2913//2914 2914//2915 2685//2686
f 2913//2914 2883//2885 2914//2915
f 2913//2914 2885//2887 2883//2885
f 2913//2914 2685//2686 2682//2684
f 2883//2885 2915//2916 2914//2915
f 2914//2915 2690//2694 2685//2686
f 2914//2915 2915//2916 2690//2694
f 2915//2916 2877//2878 2691//2693
f 2915//2916 2878//2879 2877//2878
f 2915//2916 2881//2882 2878//2879
f 2883//2885 2881//2882 2915//2916
f 2915//2916 2691//2693 2690//2694
f 1870//1870 2888//2890 1868//1869
f 2877//2878 2916//2917 2691//2693
f 2877//2878 2874//2875 2916//2917
f 2874//2875 2871//2872 2916//2917
f 2917//2918 2916//2917 2871//2872
f 2689//2692 2916//2917 2917//2918
f 2689//2692 2691//2693 2916//2917
f 2692//2691 2689//2692 2917//2918
f 2917//2918 2871//2872 2869//2871
f 2692//2691 2917//2918 2697//2698
f 2697//2698 2917//2918 2869//2871
f 2117//2119 2116//2118 2872//2874
f 2872//2874 2116//2118 2123//2125
f 2697//2698 2869//2871 2865//2866
f 2698//2699 2697//2698 2865//2866
f 2130//2132 2136//2137 2858//2859
f 2145//2146 2845//2847 2849//2850
f 2843//2845 2150//2147 2822//2823
f 2145//2146 2150//2147 2843//2845
f 2823//2825 2146//2149 2148//2148
f 2146//2149 2823//2825 2147//2150
f 2147//2150 2822//2823 2150//2147
f 2799//2800 2918//2919 2800//2801
f 2920//2920 2800//2801 2918//2919
f 2919//2921 2796//2797 2800//2801
f 2920//2920 2919//2921 2800//2801
f 2920//2920 2921//2922 2919//2921
f 2922//2923 2921//2922 2920//2920
f 2920//2920 2923//2924 2922//2923
f 2920//2920 2924//2925 2923//2924
f 2925//2926 2924//2925 2920//2920
f 2925//2926 2920//2920 2641//2641
f 2918//2919 2641//2641 2920//2920
f 2925//2926 2923//2924 2924//2925
f 2925//2926 2926//2927 2923//2924
f 2927//2928 2926//2927 2925//2926
f 2927//2928 2925//2926 2641//2641
f 2928//2929 2926//2927 2927//2928
f 2639//2640 2927//2928 2641//2641
f 2928//2929 2927//2928 2767//2769
f 2756//2757 2767//2769 2927//2928
f 2639//2640 2756//2757 2927//2928
f 2923//2924 2928//2929 2930//2930
f 2923//2924 2926//2927 2928//2929
f 2929//2931 2928//2929 2767//2769
f 2929//2931 2930//2930 2928//2929
f 2929//2931 2923//2924 2930//2930
f 2782//2782 2929//2931 2931//2932
f 2775//2777 2931//2932 2929//2931
f 2782//2782 2933//2933 2929//2931
f 2929//2931 2769//2771 2775//2777
f 2929//2931 2932//2934 2769//2771
f 2929//2931 2766//2768 2932//2934
f 2933//2933 2922//2923 2929//2931
f 2929//2931 2922//2923 2923//2924
f 2929//2931 2767//2769 2766//2768
f 2934//2935 2933//2933 2936//2936
f 2934//2935 2935//2937 2933//2933
f 2933//2933 2935//2937 2922//2923
f 2782//2782 2936//2936 2933//2933
f 2937//2938 2934//2935 2936//2936
f 2937//2938 2936//2936 2782//2782
f 2939//2939 2938//2940 2937//2938
f 2937//2938 2938//2940 2940//2941
f 2919//2921 2934//2935 2937//2938
f 2937//2938 2940//2941 2919//2921
f 2939//2939 2937//2938 2782//2782
f 2940//2941 2786//2789 2941//2942
f 2940//2941 2938//2940 2786//2789
f 2919//2921 2940//2941 2941//2942
f 2941//2942 2786//2789 2787//2790
f 2941//2942 2787//2790 2796//2797
f 2919//2921 2941//2942 2796//2797
f 2786//2789 2939//2939 2788//2788
f 2786//2789 2938//2940 2939//2939
f 2782//2782 2788//2788 2939//2939
f 2922//2923 2935//2937 2921//2922
f 2921//2922 2935//2937 2934//2935
f 2921//2922 2934//2935 2919//2921
f 2765//2767 2769//2771 2932//2934
f 2765//2767 2932//2934 2766//2768
f 2931//2932 2777//2779 2780//2781
f 2931//2932 2778//2780 2777//2779
f 2775//2777 2778//2780 2931//2932
f 2782//2782 2931//2932 2780//2781
f 2799//2800 2942//2943 2918//2919
f 2918//2919 2942//2943 2636//2638
f 2918//2919 2636//2638 2641//2641
f 2635//2637 2636//2638 2942//2943
f 2942//2943 2798//2799 2635//2637
f 2942//2943 2799//2800 2798//2799
f 2637//2636 2635//2637 2798//2799
f 2774//2776 2778//2780 2775//2777
f 2756//2757 2757//2758 2767//2769
f 2757//2758 2758//2759 2767//2769
f 2755//2755 2644//2645 2745//2746
f 2755//2755 2943//2944 2644//2645
f 2754//2756 2943//2944 2755//2755
f 2640//2642 2643//2644 2943//2944
f 2644//2645 2943//2944 2643//2644
f 2640//2642 2943//2944 2944//2945
f 2754//2756 2944//2945 2943//2944
f 2640//2642 2944//2945 2639//2640
f 2754//2756 2639//2640 2944//2945
f 2746//2749 2747//2748 2745//2746
f 2746//2749 2745//2746 2731//2732
f 2734//2735 2741//2743 2746//2749
f 2734//2735 2746//2749 2731//2732
f 2644//2645 2945//2946 2745//2746
f 2745//2746 2945//2946 2946//2947
f 2745//2746 2946//2947 2731//2732
f 2946//2947 2947//2948 2948//2949
f 2947//2948 2946//2947 2945//2946
f 2946//2947 2948//2949 2731//2732
f 2948//2949 2947//2948 2951//2950
f 2646//2647 2949//2951 2948//2949
f 2948//2949 2951//2950 2646//2647
f 2948//2949 2950//2952 2731//2732
f 2948//2949 2949//2951 2950//2952
f 2947//2948 2645//2646 2951//2950
f 2646//2647 2951//2950 2645//2646
f 2950//2952 2727//2729 2731//2732
f 2950//2952 2952//2953 2727//2729
f 2949//2951 2952//2953 2950//2952
f 2952//2953 2953//2954 2954//2955
f 2949//2951 2953//2954 2952//2953
f 2952//2953 2954//2955 2727//2729
f 2954//2955 2953//2954 2958//2956
f 2954//2955 2955//2957 2956//2958
f 2954//2955 2958//2956 2955//2957
f 2957//2959 2727//2729 2954//2955
f 2954//2955 2956//2958 2957//2959
f 2958//2956 2646//2647 2955//2957
f 2958//2956 2959//2960 2646//2647
f 2958//2956 2949//2951 2959//2960
f 2958//2956 2953//2954 2949//2951
f 2646//2647 2959//2960 2949//2951
f 2957//2959 2719//2721 2727//2729
f 2957//2959 2718//2720 2719//2721
f 2718//2720 2957//2959 2956//2958
f 2955//2957 2960//2961 2956//2958
f 2718//2720 2956//2958 2960//2961
f 2955//2957 2962//2962 2960//2961
f 2960//2961 2717//2719 2718//2720
f 2960//2961 2961//2963 2717//2719
f 2960//2961 2962//2962 2961//2963
f 2660//2661 2716//2718 2962//2962
f 2962//2962 2653//2653 2660//2661
f 2962//2962 2955//2957 2651//2652
f 2962//2962 2651//2652 2653//2653
f 2962//2962 2716//2718 2961//2963
f 2961//2963 2716//2718 2717//2719
f 2646//2647 2651//2652 2955//2957
f 2947//2948 2945//2946 2963//2964
f 2947//2948 2963//2964 2645//2646
f 2645//2646 2963//2964 2644//2645
f 2644//2645 2963//2964 2945//2946
f 2704//2705 2740//2740 2705//2706
f 2740//2740 2738//2739 2705//2706
f 2705//2706 2738//2739 2707//2709
f 2736//2737 2726//2727 2738//2739
f 2726//2727 2724//2724 2738//2739
f 2724//2724 2707//2709 2738//2739
f 2736//2737 2729//2730 2726//2727
f 2719//2721 2721//2722 2727//2729
f 2726//2727 2723//2725 2724//2724
f 2662//2663 2663//2665 2713//2714
f 2713//2714 2663//2665 2665//2666
f 2713//2714 2665//2666 2674//2674
f 2694//2696 2701//2703 2712//2713
f 2673//2675 2680//2681 2712//2713
f 2694//2696 2712//2713 2680//2681
f 2673//2675 2712//2713 2674//2674
f 2695//2697 2701//2703 2694//2696
f 2680//2681 2686//2688 2694//2696
f 2680//2681 2679//2680 2686//2688
f 2609//2611 2671//2672 2670//2673
f 2609//2611 2610//2612 2671//2672
f 2670//2673 2612//2613 2609//2611
f 2670//2673 2666//2668 2612//2613
f 2614//2616 2612//2613 2666//2668
f 2655//2656 2625//2626 2616//2618
f 2655//2656 2616//2618 2617//2619
f 2646//2647 2647//2648 2651//2652
f 2622//2624 2623//2625 2630//2632
f 2599//2600 2619//2620 2597//2598
f 2422//2423 2421//2422 2607//2607
f 2964//2965 2596//2597 2584//2585
f 2596//2597 2964//2965 2592//2594
f 2965//2966 2589//2592 2964//2965
f 2589//2592 2592//2594 2964//2965
f 2964//2965 2584//2585 2965//2966
f 2584//2585 2583//2586 2965//2966
f 2965//2966 2583//2586 2589//2592
f 2587//2589 2562//2564 2594//2596
f 2587//2589 2590//2590 2966//2967
f 2579//2581 2966//2967 2590//2590
f 2579//2581 2590//2590 2588//2591
f 2587//2589 2966//2967 2967//2968
f 2967//2968 2966//2967 2579//2581
f 2967//2968 2573//2575 2563//2565
f 2967//2968 2572//2574 2573//2575
f 2967//2968 2571//2573 2572//2574
f 2967//2968 2579//2581 2576//2578
f 2587//2589 2967//2968 2562//2564
f 2562//2564 2967//2968 2563//2565
f 2967//2968 2576//2578 2571//2573
f 2580//2582 2579//2581 2588//2591
f 2580//2582 2588//2591 2582//2583
f 2553//2555 2554//2553 2569//2570
f 2567//2568 2569//2570 2554//2553
f 2562//2564 2429//2431 2428//2430
f 2551//2554 2968//2969 2548//2548
f 2551//2554 2969//2970 2968//2969
f 2551//2554 2970//2971 2969//2970
f 2551//2554 2159//2158 2970//2971
f 2970//2971 2156//2156 2971//2972
f 2970//2971 2155//2157 2156//2156
f 2155//2157 2970//2971 2159//2158
f 2971//2972 2969//2970 2970//2971
f 2548//2548 2971//2972 2162//2165
f 2548//2548 2968//2969 2971//2972
f 2162//2165 2971//2972 2156//2156
f 2971//2972 2968//2969 2969//2970
f 2548//2548 2972//2973 2546//2549
f 2548//2548 2973//2974 2972//2973
f 2548//2548 2162//2165 2973//2974
f 2973//2974 2974//2975 2975//2976
f 2973//2974 2163//2164 2974//2975
f 2163//2164 2973//2974 2162//2165
f 2975//2976 2972//2973 2973//2974
f 2547//2550 2975//2976 2974//2975
f 2975//2976 2546//2549 2972//2973
f 2546//2549 2975//2976 2547//2550
f 2161//2163 2974//2975 2163//2164
f 2547//2550 2974//2975 2161//2163
f 2547//2550 2161//2163 2542//2543
f 2539//2540 2523//2524 2540//2541
f 2539//2540 2527//2529 2528//2530
f 2539//2540 2530//2531 2527//2529
f 2528//2530 2976//2977 2539//2540
f 2539//2540 2976//2977 2523//2524
f 2523//2524 2976//2977 2524//2525
f 2528//2530 2524//2525 2976//2977
f 2197//2198 2532//2535 2165//2166
f 2531//2533 2516//2517 2517//2518
f 2517//2518 2525//2527 2531//2533
f 2517//2518 2519//2521 2525//2527
f 2523//2524 2977//2978 2432//2434
f 2523//2524 2978//2979 2977//2978
f 2522//2522 2978//2979 2523//2524
f 2979//2980 2977//2978 2978//2979
f 2979//2980 2978//2979 2522//2522
f 2431//2433 2977//2978 2979//2980
f 2431//2433 2979//2980 2522//2522
f 2431//2433 2432//2434 2977//2978
f 2438//2441 2439//2438 2521//2523
f 2980//2981 2521//2523 2439//2438
f 2521//2523 2980//2981 2431//2433
f 2431//2433 2980//2981 2436//2437
f 2980//2981 2439//2438 2436//2437
f 2513//2516 2514//2515 2512//2513
f 2513//2516 2512//2513 2217//2219
f 2217//2219 2508//2509 2513//2516
f 2981//2982 2503//2504 2506//2508
f 2215//2218 2216//2220 2506//2508
f 2981//2982 2506//2508 2216//2220
f 2981//2982 2982//2983 2503//2504
f 2981//2982 2216//2220 2220//2221
f 2220//2221 2982//2983 2981//2982
f 2500//2499 2498//2502 2982//2983
f 2504//2506 2982//2983 2498//2502
f 2220//2221 2500//2499 2982//2983
f 2503//2504 2982//2983 2504//2506
f 2504//2506 2498//2502 2499//2503
f 2441//2443 2445//2444 2501//2500
f 2442//2445 2501//2500 2445//2444
f 2501//2500 2442//2445 2444//2446
f 2500//2499 2220//2221 2226//2228
f 2500//2499 2226//2228 2243//2242
f 2489//2491 2490//2492 2983//2984
f 2464//2466 2983//2984 2490//2492
f 2489//2491 2983//2984 2463//2464
f 2464//2466 2463//2464 2983//2984
f 2489//2491 2463//2464 2461//2463
f 2441//2443 2460//2462 2455//2456
f 2317//2318 2324//2325 2459//2460
f 2317//2318 2459//2460 2318//2319
f 2323//2324 2326//2327 2456//2458
f 2456//2458 2326//2327 2984//2985
f 2456//2458 2984//2985 2453//2453
f 2984//2985 2452//2454 2453//2453
f 2984//2985 2985//2986 2452//2454
f 2986//2987 2985//2986 2984//2985
f 2984//2985 2329//2331 2986//2987
f 2984//2985 2326//2327 2329//2331
f 2988//2988 2987//2989 2986//2987
f 2986//2987 2987//2989 2985//2986
f 2986//2987 2989//2990 2988//2988
f 2329//2331 2989//2990 2986//2987
f 2990//2991 2989//2990 2329//2331
f 2989//2990 2990//2991 2991//2992
f 2988//2988 2989//2990 2991//2992
f 2991//2992 2993//2993 2370//2372
f 2992//2994 2991//2992 2370//2372
f 2991//2992 2990//2991 2993//2993
f 2988//2988 2991//2992 2992//2994
f 2993//2993 2994//2995 2367//2368
f 2993//2993 2995//2996 2994//2995
f 2993//2993 2369//2371 2370//2372
f 2993//2993 2367//2368 2369//2371
f 2990//2991 2995//2996 2993//2993
f 2995//2996 2999//2997 2996//2998
f 2998//2999 2995//2996 2996//2998
f 2994//2995 2995//2996 2997//3000
f 2998//2999 2997//3000 2995//2996
f 2995//2996 3000//3001 2999//2997
f 2990//2991 3000//3001 2995//2996
f 2990//2991 2329//2331 3000//3001
f 3000//3001 2329//2331 2999//2997
f 2996//2998 2999//2997 3002//3002
f 2329//2331 3001//3003 2999//2997
f 3002//3002 2999//2997 3001//3003
f 2330//2332 3002//3002 3001//3003
f 2330//2332 2339//2341 3002//3002
f 2996//2998 3002//3002 3003//3004
f 3003//3004 3002//3002 2339//2341
f 2343//2345 3004//3005 3003//3004
f 3004//3005 2996//2998 3003//3004
f 2343//2345 3003//3004 2340//2342
f 3003//3004 2339//2341 2340//2342
f 2343//2345 2345//2346 3004//3005
f 2998//2999 3004//3005 2345//2346
f 2998//2999 2996//2998 3004//3005
f 2330//2332 3001//3003 2329//2331
f 2998//2999 2345//2346 3005//3006
f 2998//2999 3005//3006 3007//3007
f 2998//2999 3006//3008 2997//3000
f 2998//2999 3007//3007 3006//3008
f 3005//3006 3008//3009 3007//3007
f 3008//3009 2364//2364 3007//3007
f 2363//2365 3006//3008 3007//3007
f 2364//2364 2363//2365 3007//3007
f 3008//3009 2345//2346 2346//2347
f 3008//3009 3005//3006 2345//2346
f 3008//3009 2360//2360 2364//2364
f 2347//2348 2360//2360 3008//3009
f 2347//2348 3008//3009 2346//2347
f 2994//2995 3009//3010 3006//3008
f 3009//3010 2997//3000 3006//3008
f 2363//2365 2994//2995 3006//3008
f 3009//3010 2994//2995 2997//3000
f 2363//2365 2367//2368 2994//2995
f 2992//2994 2370//2372 2377//2379
f 2386//2387 2992//2994 2377//2379
f 2386//2387 3010//3011 2992//2994
f 3010//3011 2988//2988 2992//2994
f 2387//2388 3010//3011 2386//2387
f 2387//2388 2988//2988 3010//3011
f 2988//2988 2387//2388 2987//2989
f 3011//3012 2987//2989 3012//3013
f 3011//3012 2985//2986 2987//2989
f 2389//2390 3012//3013 2987//2989
f 2389//2390 2987//2989 2387//2388
f 3012//3013 2418//2420 3011//3012
f 3012//3013 2416//2418 2418//2420
f 2416//2418 3012//3013 2391//2392
f 2391//2392 3012//3013 2389//2390
f 3011//3012 3013//3014 3014//3015
f 3011//3012 2418//2420 3013//3014
f 3014//3015 2985//2986 3011//3012
f 3014//3015 2452//2454 2985//2986
f 2452//2454 3014//3015 2450//2452
f 3013//3014 2450//2452 3014//3015
f 3013//3014 2425//2426 2450//2452
f 2419//2421 2425//2426 3013//3014
f 2418//2420 2419//2421 3013//3014
f 2441//2443 2455//2456 2448//2449
f 2450//2452 2425//2426 2427//2428
f 3015//3016 2446//2448 2437//2440
f 3015//3016 3016//3017 2446//2448
f 2446//2448 3016//3017 2444//2446
f 3016//3017 2438//2441 2444//2446
f 3016//3017 3015//3016 2438//2441
f 2437//2440 2438//2441 3015//3016
f 2442//2445 2445//2444 2443//2447
f 2416//2418 2391//2392 2400//2401
f 1914//1915 1911//1913 2415//2416
f 3017//3018 2403//2405 2401//2403
f 2403//2405 3017//3018 1959//1961
f 2401//2403 2396//2398 3017//3018
f 3017//3018 2396//2398 2397//2399
f 3017//3018 2397//2399 3018//3019
f 3017//3018 3018//3019 1961//1962
f 1961//1962 1959//1961 3017//3018
f 2398//2400 3018//3019 2397//2399
f 3018//3019 2398//2400 2394//2396
f 3018//3019 2394//2396 1961//1962
f 2394//2396 2392//2394 3019//3020
f 1961//1962 2394//2396 3019//3020
f 3019//3020 3020//3021 3023//3022
f 3021//3023 3020//3021 3019//3020
f 2392//2394 3021//3023 3019//3020
f 1962//1963 3019//3020 3022//3024
f 3019//3020 3023//3022 3022//3024
f 1961//1962 3019//3020 1962//1963
f 3023//3022 3024//3025 3026//3026
f 3024//3025 3023//3022 3025//3027
f 3025//3027 3023//3022 3020//3021
f 3023//3022 3026//3026 3022//3024
f 3026//3026 3024//3025 3030//3028
f 3028//3029 3022//3024 3026//3026
f 3029//3030 3026//3026 3027//3031
f 3026//3026 3030//3028 3027//3031
f 3029//3030 3028//3029 3026//3026
f 3024//3025 3033//3032 3030//3028
f 3031//3033 3030//3028 3033//3032
f 3031//3033 3032//3034 3030//3028
f 3030//3028 3032//3034 3034//3035
f 3030//3028 3034//3035 3027//3031
f 3037//3036 3034//3035 3035//3037
f 3032//3034 3035//3037 3034//3035
f 3034//3035 3038//3038 3036//3039
f 3036//3039 3027//3031 3034//3035
f 3034//3035 3037//3036 3038//3038
f 3041//3040 3039//3041 3038//3038
f 3038//3038 3039//3041 3040//3042
f 3038//3038 3040//3042 3036//3039
f 3041//3040 3038//3038 3037//3036
f 3044//3043 3042//3044 3041//3040
f 3041//3040 3042//3044 3043//3045
f 3041//3040 3043//3045 3039//3041
f 3044//3043 3041//3040 3037//3036
f 3044//3043 3037//3036 3045//3046
f 3048//3047 3044//3043 3045//3046
f 3044//3043 3046//3048 3042//3044
f 3047//3049 3046//3048 3044//3043
f 3047//3049 3044//3043 3048//3047
f 3047//3049 3048//3047 3050//3050
f 3048//3047 3045//3046 3049//3051
f 3050//3050 3048//3047 3049//3051
f 3047//3049 3050//3050 3051//3052
f 3050//3050 3052//3053 3051//3052
f 3050//3050 3053//3054 3052//3053
f 3053//3054 3050//3050 3054//3055
f 3050//3050 3049//3051 3054//3055
f 3055//3056 3053//3054 3054//3055
f 3055//3056 3054//3055 2373//2374
f 3054//3055 2374//2375 2373//2374
f 3054//3055 3056//3057 2374//2375
f 3049//3051 3056//3057 3054//3055
f 3057//3058 2374//2375 3056//3057
f 3049//3051 3035//3037 3056//3057
f 3035//3037 3033//3032 3056//3057
f 3033//3032 3057//3058 3056//3057
f 3024//3025 3057//3058 3033//3032
f 3025//3027 3057//3058 3024//3025
f 3025//3027 3058//3059 3057//3058
f 3057//3058 3058//3059 2374//2375
f 3058//3059 3059//3060 2378//2380
f 3058//3059 3025//3027 3059//3060
f 3058//3059 2378//2380 2374//2375
f 3059//3060 3060//3061 2378//2380
f 3060//3061 3059//3060 3020//3021
f 3025//3027 3020//3021 3059//3060
f 3060//3061 3020//3021 3021//3023
f 3061//3062 3060//3061 3021//3023
f 3061//3062 3062//3063 3060//3061
f 3060//3061 3062//3063 2380//2381
f 3060//3061 2380//2381 2378//2380
f 2380//2381 3062//3063 3061//3062
f 2392//2394 3061//3062 3021//3023
f 2380//2381 3061//3062 2392//2394
f 3053//3054 3055//3056 3052//3053
f 3063//3064 3055//3056 2373//2374
f 3063//3064 3052//3053 3055//3056
f 3064//3065 3063//3064 2372//2373
f 2373//2374 2372//2373 3063//3064
f 3064//3065 3051//3052 3063//3064
f 3051//3052 3052//3053 3063//3064
f 3065//3066 3064//3065 3067//3067
f 3065//3066 3066//3068 3064//3065
f 3064//3065 3066//3068 3051//3052
f 3067//3067 3064//3065 3068//3069
f 3064//3065 2372//2373 3068//3069
f 3068//3069 2372//2373 2359//2361
f 3067//3067 3068//3069 3069//3070
f 2357//2358 3069//3070 3068//3069
f 3068//3069 2359//2361 2357//2358
f 2356//2357 3067//3067 3069//3070
f 2357//2358 2356//2357 3069//3070
f 2356//2357 3065//3066 3067//3067
f 3065//3066 3047//3049 3066//3068
f 3047//3049 3051//3052 3066//3068
f 3065//3066 2353//2355 3046//3048
f 3065//3066 2356//2357 2353//2355
f 3047//3049 3065//3066 3046//3048
f 3045//3046 3035//3037 3049//3051
f 3046//3048 3070//3071 3042//3044
f 3046//3048 3071//3072 3070//3071
f 2353//2355 3071//3072 3046//3048
f 3074//3073 3071//3072 3072//3074
f 3072//3074 3071//3072 3073//3075
f 2353//2355 3073//3075 3071//3072
f 3074//3073 3070//3071 3071//3072
f 3074//3073 3075//3076 3076//3077
f 3072//3074 3075//3076 3074//3073
f 3074//3073 3076//3077 3077//3078
f 3077//3078 3070//3071 3074//3073
f 3079//3079 3078//3080 3077//3078
f 3077//3078 3078//3080 3070//3071
f 3076//3077 3079//3079 3077//3078
f 3079//3079 2076//2076 3078//3080
f 3076//3077 3080//3081 3079//3079
f 2074//2075 2076//2076 3079//3079
f 3080//3081 2074//2075 3079//3079
f 3082//3082 3081//3083 3080//3081
f 3080//3081 3081//3083 2074//2075
f 3082//3082 3080//3081 3076//3077
f 3082//3082 3083//3084 2178//2178
f 3082//3082 3076//3077 3083//3084
f 3082//3082 3084//3085 3085//3086
f 3082//3082 2176//2177 3084//3085
f 3082//3082 2178//2178 2176//2177
f 3082//3082 3085//3086 3081//3083
f 3085//3086 3084//3085 2143//2144
f 3085//3086 3086//3087 3081//3083
f 3085//3086 3087//3088 3086//3087
f 3085//3086 2143//2144 3087//3088
f 3088//3089 3086//3087 3087//3088
f 2141//2140 3087//3088 2143//2144
f 3088//3089 3087//3088 2141//2140
f 2133//2136 3086//3087 3088//3089
f 2132//2134 3088//3089 2141//2140
f 2132//2134 2133//2136 3088//3089
f 3089//3090 3081//3083 3086//3087
f 2133//2136 3089//3090 3086//3087
f 3089//3090 2074//2075 3081//3083
f 2074//2075 3089//3090 2075//2077
f 2134//2133 3089//3090 2133//2136
f 2134//2133 2075//2077 3089//3090
f 2143//2144 3084//3085 2152//2154
f 2176//2177 2152//2154 3084//3085
f 3083//3084 3090//3091 2178//2178
f 3091//3092 3090//3091 3083//3084
f 3083//3084 3075//3076 3091//3092
f 3083//3084 3076//3077 3075//3076
f 3091//3092 3075//3076 3093//3093
f 3091//3092 3095//3094 3090//3091
f 3091//3092 3093//3093 3092//3095
f 3094//3096 3091//3092 3092//3095
f 3094//3096 3095//3094 3091//3092
f 2177//2179 3095//3094 3096//3097
f 3095//3094 3094//3096 3096//3097
f 2177//2179 3090//3091 3095//3094
f 3097//3098 3096//3097 3098//3099
f 3097//3098 2177//2179 3096//3097
f 2188//2189 3098//3099 3096//3097
f 2188//2189 3096//3097 2189//2191
f 3094//3096 2189//2191 3096//3097
f 3098//3099 2188//2189 2186//2188
f 3098//3099 2186//2188 3097//3098
f 2177//2179 3097//3098 2186//2188
f 3099//3100 3094//3096 3092//3095
f 3099//3100 3100//3101 3094//3096
f 3100//3101 3101//3102 3094//3096
f 3101//3102 3102//3103 3094//3096
f 3094//3096 3102//3103 2189//2191
f 3103//3104 3102//3103 3106//3105
f 3103//3104 3107//3106 3102//3103
f 3102//3103 3104//3107 3106//3105
f 3102//3103 3105//3108 3104//3107
f 3101//3102 3105//3108 3102//3103
f 3102//3103 3108//3109 2189//2191
f 3102//3103 3107//3106 3108//3109
f 3109//3110 3108//3109 3111//3111
f 3109//3110 3112//3112 3108//3109
f 3110//3113 3108//3109 3107//3106
f 3110//3113 3113//3114 3108//3109
f 3108//3109 3113//3114 3111//3111
f 3108//3109 3112//3112 2207//2208
f 3108//3109 2207//2208 3114//3115
f 2193//2195 3108//3109 3114//3115
f 2193//2195 2191//2192 3108//3109
f 2191//2192 2189//2191 3108//3109
f 2201//2202 3114//3115 2207//2208
f 2201//2202 3115//3116 3114//3115
f 2193//2195 3114//3115 3115//3116
f 2201//2202 2193//2195 3115//3116
f 3110//3113 2211//2212 3113//3114
f 3117//3117 3116//3118 3113//3114
f 3113//3114 3116//3118 3111//3111
f 2211//2212 3117//3117 3113//3114
f 3118//3119 3116//3118 3117//3117
f 2211//2212 3118//3119 3117//3117
f 3118//3119 3119//3120 3109//3110
f 3118//3119 3109//3110 3116//3118
f 3118//3119 2211//2212 3119//3120
f 2212//2214 3119//3120 2211//2212
f 3119//3120 3112//3112 3109//3110
f 3119//3120 2207//2208 3112//3112
f 3119//3120 2208//2209 2207//2208
f 2212//2214 2208//2209 3119//3120
f 3111//3111 3116//3118 3109//3110
f 3124//3121 3110//3113 2222//2224
f 2222//2224 3110//3113 3128//3122
f 3107//3106 3120//3123 3110//3113
f 3110//3113 3120//3123 3125//3124
f 3110//3113 3121//3125 2219//2215
f 3110//3113 3122//3126 3121//3125
f 3110//3113 3123//3127 3122//3126
f 3110//3113 2219//2215 2211//2212
f 3124//3121 3123//3127 3110//3113
f 3110//3113 3125//3124 3126//3128
f 3127//3129 3110//3113 3126//3128
f 3127//3129 3128//3122 3110//3113
f 3128//3122 3129//3130 3130//3131
f 3128//3122 3127//3129 3129//3130
f 3131//3132 3128//3122 3130//3131
f 2222//2224 3128//3122 3131//3132
f 3131//3132 3130//3131 3132//3133
f 3132//3133 2223//2225 3131//3132
f 2222//2224 3131//3132 2223//2225
f 3133//3134 3132//3133 3130//3131
f 3133//3134 2229//2232 3132//3133
f 2231//2233 3132//3133 2229//2232
f 3132//3133 2231//2233 2223//2225
f 3134//3135 3133//3134 3135//3136
f 3134//3135 3136//3137 3133//3134
f 3135//3136 3133//3134 3130//3131
f 3133//3134 3137//3138 2229//2232
f 3133//3134 3136//3137 3137//3138
f 3137//3138 3136//3137 3138//3139
f 3137//3138 3138//3139 3139//3140
f 3139//3140 2230//2231 3137//3138
f 2229//2232 3137//3138 2230//2231
f 3138//3139 3140//3141 3139//3140
f 3141//3142 3139//3140 3140//3141
f 3139//3140 3141//3142 2230//2231
f 2230//2231 3141//3142 2228//2229
f 3141//3142 3140//3141 2228//2229
f 2228//2229 3140//3141 3142//3143
f 3143//3144 3142//3143 3140//3141
f 3138//3139 3143//3144 3140//3141
f 3143//3144 3144//3145 3142//3143
f 3144//3145 3143//3144 3145//3146
f 3145//3146 3143//3144 3138//3139
f 3144//3145 3145//3146 3147//3147
f 3145//3146 3146//3148 3148//3149
f 3145//3146 3138//3139 3146//3148
f 3147//3147 3145//3146 3151//3150
f 3148//3149 3149//3151 3145//3146
f 3149//3151 3150//3152 3145//3146
f 3151//3150 3145//3146 3150//3152
f 3147//3147 3151//3150 3152//3153
f 3151//3150 3154//3154 3152//3153
f 3151//3150 3150//3152 3153//3155
f 3151//3150 3153//3155 3156//3156
f 3151//3150 3155//3157 3154//3154
f 3151//3150 3156//3156 3155//3157
f 3156//3156 2254//2255 3155//3157
f 3156//3156 2258//2260 2254//2255
f 3153//3155 3157//3158 3156//3156
f 3156//3156 3158//3159 2258//2260
f 3156//3156 3157//3158 3158//3159
f 2258//2260 3158//3159 3160//3160
f 3158//3159 3157//3158 3159//3161
f 3158//3159 3159//3161 3160//3160
f 3160//3160 3161//3162 2258//2260
f 3160//3160 3159//3161 3161//3162
f 3161//3162 3153//3155 3163//3163
f 3153//3155 3161//3162 3159//3161
f 3162//3164 3161//3162 3164//3165
f 3162//3164 2258//2260 3161//3162
f 3161//3162 3163//3163 3164//3165
f 3164//3165 3163//3163 3165//3166
f 3164//3165 3165//3166 3166//3167
f 3167//3168 3164//3165 3166//3167
f 3167//3168 3162//3164 3164//3165
f 2264//2266 3167//3168 3166//3167
f 3167//3168 2264//2266 2259//2261
f 2259//2261 3162//3164 3167//3168
f 2264//2266 3166//3167 3169//3169
f 3166//3167 3165//3166 3168//3170
f 3166//3167 3168//3170 3169//3169
f 3169//3169 3170//3171 3171//3172
f 3169//3169 3168//3170 3170//3171
f 3172//3173 3169//3169 3171//3172
f 3172//3173 2264//2266 3169//3169
f 2266//2268 2264//2266 3172//3173
f 2266//2268 3172//3173 2277//2278
f 2277//2278 3172//3173 3171//3172
f 3171//3172 3170//3171 3173//3174
f 3171//3172 3173//3174 2276//2275
f 2277//2278 3171//3172 2276//2275
f 3170//3171 3174//3175 3173//3174
f 3175//3176 3173//3174 3174//3175
f 2276//2275 3173//3174 3175//3176
f 3175//3176 3176//3177 2274//2276
f 3175//3176 3178//3178 3176//3177
f 3175//3176 3174//3175 3177//3179
f 3177//3179 3178//3178 3175//3176
f 2276//2275 3175//3176 2274//2276
f 3177//3179 3180//3180 3178//3178
f 3178//3178 3179//3181 3181//3182
f 3178//3178 3180//3180 3179//3181
f 3176//3177 3178//3178 3181//3182
f 3182//3183 3181//3182 3179//3181
f 3176//3177 3181//3182 2282//2285
f 3183//3184 2282//2285 3181//3182
f 3182//3183 3183//3184 3181//3182
f 3183//3184 3184//3185 3185//3186
f 3182//3183 3184//3185 3183//3184
f 3183//3184 3185//3186 2284//2286
f 3183//3184 2284//2286 2282//2285
f 3185//3186 3184//3185 3186//3187
f 3185//3186 3186//3187 3187//3188
f 3187//3188 2285//2280 3185//3186
f 2284//2286 3185//3186 2285//2280
f 3187//3188 2279//2281 3190//3189
f 3188//3190 2279//2281 3187//3188
f 3188//3190 3187//3188 3186//3187
f 3187//3188 3189//3191 2285//2280
f 3189//3191 3187//3188 3190//3189
f 3190//3189 2279//2281 2285//2280
f 3189//3191 3190//3189 2285//2280
f 3191//3192 3188//3190 3196//3193
f 3191//3192 3192//3194 3188//3190
f 3193//3195 3188//3190 3192//3194
f 3193//3195 3195//3196 3188//3190
f 2279//2281 3188//3190 3194//3197
f 3194//3197 3188//3190 3195//3196
f 3188//3190 3186//3187 3196//3193
f 3196//3193 3197//3198 3191//3192
f 3197//3198 3196//3193 3186//3187
f 3203//3199 3198//3200 3197//3198
f 3199//3201 3197//3198 3200//3202
f 3199//3201 3191//3192 3197//3198
f 3197//3198 3201//3203 3182//3183
f 3197//3198 3202//3204 3201//3203
f 3197//3198 3186//3187 3202//3204
f 3203//3199 3197//3198 3182//3183
f 3203//3199 3204//3205 3198//3200
f 3204//3205 3203//3199 3205//3206
f 3182//3183 3205//3206 3203//3199
f 3208//3207 3205//3206 3206//3208
f 3207//3209 3206//3208 3205//3206
f 3207//3209 3205//3206 3177//3179
f 3182//3183 3177//3179 3205//3206
f 3204//3205 3205//3206 3208//3207
f 3209//3210 3204//3205 3208//3207
f 3209//3210 3208//3207 3210//3211
f 3208//3207 3206//3208 3210//3211
f 3209//3210 3210//3211 3211//3212
f 3211//3212 3210//3211 3206//3208
f 3214//3213 3211//3212 3212//3214
f 3212//3214 3211//3212 3207//3209
f 3211//3212 3213//3215 3215//3216
f 3213//3215 3211//3212 3214//3213
f 3211//3212 3215//3216 3209//3210
f 3211//3212 3206//3208 3207//3209
f 3215//3216 3216//3217 3209//3210
f 3215//3216 3217//3218 3216//3217
f 3213//3215 3217//3218 3215//3216
f 3214//3213 3216//3217 3217//3218
f 3213//3215 3218//3219 3217//3218
f 3214//3213 3217//3218 3218//3219
f 3213//3215 3214//3213 3218//3219
f 3222//3220 3216//3217 3214//3213
f 3219//3221 3209//3210 3216//3217
f 3219//3221 3216//3217 3220//3222
f 3221//3223 3220//3222 3216//3217
f 3221//3223 3216//3217 3223//3224
f 3222//3220 3223//3224 3216//3217
f 3222//3220 3224//3225 3223//3224
f 3225//3226 3223//3224 3224//3225
f 3225//3226 3226//3227 3223//3224
f 3221//3223 3223//3224 3226//3227
f 3227//3228 3226//3227 3225//3226
f 3229//3229 3226//3227 3227//3228
f 3221//3223 3226//3227 3228//3230
f 3228//3230 3226//3227 3230//3231
f 3229//3229 3230//3231 3226//3227
f 3229//3229 3231//3232 3230//3231
f 3232//3233 3230//3231 3231//3232
f 3232//3233 3228//3230 3230//3231
f 3231//3232 3233//3234 3232//3233
f 3228//3230 3232//3233 3233//3234
f 3233//3234 3235//3235 3198//3200
f 3228//3230 3233//3234 3198//3200
f 3234//3236 3235//3235 3233//3234
f 3231//3232 3234//3236 3233//3234
f 3235//3235 3238//3237 3198//3200
f 3235//3235 3193//3195 3239//3238
f 3235//3235 3236//3239 3193//3195
f 3235//3235 3234//3236 3236//3239
f 3235//3235 3237//3240 3238//3237
f 3235//3235 3239//3238 3237//3240
f 3191//3192 3199//3201 3239//3238
f 3199//3201 3237//3240 3239//3238
f 3193//3195 3192//3194 3239//3238
f 3191//3192 3239//3238 3192//3194
f 3238//3237 3200//3202 3198//3200
f 3238//3237 3199//3201 3200//3202
f 3199//3201 3238//3237 3237//3240
f 3193//3195 3236//3239 3195//3196
f 3234//3236 3240//3241 3236//3239
f 3236//3239 3240//3241 3241//3242
f 3236//3239 3241//3242 3195//3196
f 3194//3197 3195//3196 3241//3242
f 3194//3197 3241//3242 3240//3241
f 3194//3197 3240//3241 3242//3243
f 3242//3243 3240//3241 3243//3244
f 3234//3236 3243//3244 3240//3241
f 3242//3243 3243//3244 3244//3245
f 3244//3245 3243//3244 3245//3246
f 3231//3232 3245//3246 3243//3244
f 3231//3232 3243//3244 3234//3236
f 3244//3245 3245//3246 3229//3229
f 3229//3229 3245//3246 3231//3232
f 3244//3245 3229//3229 3246//3247
f 3248//3248 3242//3243 3244//3245
f 3244//3245 3246//3247 3247//3249
f 3249//3250 3244//3245 3247//3249
f 3248//3248 3244//3245 3249//3250
f 3251//3251 3250//3252 3249//3250
f 3250//3252 3255//3253 3249//3250
f 3249//3250 3253//3254 3251//3251
f 3249//3250 3247//3249 3252//3255
f 3252//3255 3253//3254 3249//3250
f 3256//3256 3249//3250 3254//3257
f 3254//3257 3249//3250 3255//3253
f 3248//3248 3249//3250 3256//3256
f 3257//3258 3248//3248 3256//3256
f 3257//3258 3256//3256 3258//3259
f 3256//3256 3254//3257 3258//3259
f 3258//3259 3259//3260 3257//3258
f 3258//3259 3260//3261 3259//3260
f 3254//3257 3260//3261 3258//3259
f 3254//3257 3261//3262 3260//3261
f 3261//3262 3259//3260 3260//3261
f 3262//3263 3261//3262 3254//3257
f 3262//3263 3263//3264 3261//3262
f 3265//3265 3261//3262 3263//3264
f 3264//3266 3261//3262 3267//3267
f 3264//3266 2279//2281 3261//3262
f 3261//3262 2279//2281 3259//3260
f 3265//3265 3266//3268 3261//3262
f 3268//3269 3261//3262 3266//3268
f 3268//3269 3267//3267 3261//3262
f 3268//3269 2306//2305 3267//3267
f 3268//3269 3270//3270 2306//2305
f 3266//3268 3269//3271 3268//3269
f 3269//3271 3270//3270 3268//3269
f 2306//2305 3270//3270 3271//3272
f 3269//3271 3271//3272 3270//3270
f 3272//3273 3271//3272 3269//3271
f 3272//3273 3274//3274 3271//3272
f 2306//2305 3271//3272 3273//3275
f 3274//3274 3273//3275 3271//3272
f 3275//3276 3274//3274 3272//3273
f 3275//3276 3276//3277 3274//3274
f 3273//3275 3274//3274 3276//3277
f 3279//3278 3276//3277 3277//3279
f 3276//3277 3278//3280 3277//3279
f 3276//3277 3275//3276 3278//3280
f 3273//3275 3276//3277 3279//3278
f 3280//3281 3279//3278 3281//3282
f 3280//3281 3273//3275 3279//3278
f 3279//3278 3277//3279 3281//3282
f 3280//3281 3281//3282 3283//3283
f 3281//3282 3277//3279 3282//3284
f 3281//3282 3282//3284 3283//3283
f 3280//3281 3283//3283 3284//3285
f 3283//3283 3285//3286 3284//3285
f 3283//3283 3282//3284 3285//3286
f 3285//3286 3286//3287 3284//3285
f 3287//3288 3286//3287 3285//3286
f 3290//3289 3287//3288 3285//3286
f 3290//3289 3285//3286 3288//3290
f 3285//3286 3289//3291 3288//3290
f 3285//3286 3282//3284 3289//3291
f 3290//3289 3291//3292 3293//3293
f 3290//3289 3288//3290 3291//3292
f 3290//3289 3292//3294 3287//3288
f 3292//3294 3290//3289 3293//3293
f 3293//3293 3294//3295 3292//3294
f 3293//3293 3295//3296 3294//3295
f 3296//3297 3295//3296 3293//3293
f 3296//3297 3293//3293 3291//3292
f 3303//3298 3296//3297 3291//3292
f 3296//3297 3297//3299 3295//3296
f 3296//3297 3304//3300 3297//3299
f 3298//3301 3296//3297 3300//3302
f 3298//3301 3299//3303 3296//3297
f 3302//3304 3296//3297 3299//3303
f 3303//3298 3300//3302 3296//3297
f 3296//3297 3301//3305 3304//3300
f 3296//3297 3302//3304 3301//3305
f 3306//3306 3304//3300 3305//3307
f 3305//3307 3304//3300 3308//3308
f 3306//3306 3297//3299 3304//3300
f 3307//3309 3304//3300 3301//3305
f 3307//3309 3308//3308 3304//3300
f 3309//3310 3308//3308 3307//3309
f 3309//3310 3310//3311 3308//3308
f 3305//3307 3308//3308 3310//3311
f 3310//3311 3309//3310 3312//3312
f 3305//3307 3310//3311 3311//3313
f 3311//3313 3310//3311 3313//3314
f 3310//3311 3312//3312 3313//3314
f 3311//3313 3313//3314 3314//3315
f 3317//3316 3314//3315 3313//3314
f 3316//3317 3313//3314 3315//3318
f 3315//3318 3313//3314 3299//3303
f 3299//3303 3313//3314 3312//3312
f 3316//3317 3317//3316 3313//3314
f 3314//3315 3317//3316 3250//3252
f 3317//3316 3318//3319 3320//3320
f 3317//3316 3319//3321 3318//3319
f 3319//3321 3317//3316 3316//3317
f 3317//3316 3320//3320 3321//3322
f 3317//3316 3321//3322 3250//3252
f 3323//3323 3250//3252 3321//3322
f 3323//3323 3321//3322 3322//3324
f 3322//3324 3321//3322 3320//3320
f 3250//3252 3323//3323 3324//3325
f 3323//3323 3326//3326 3324//3325
f 3325//3327 3323//3323 3322//3324
f 3325//3327 3263//3264 3323//3323
f 3323//3323 3263//3264 3326//3326
f 3324//3325 3326//3326 3262//3263
f 3262//3263 3326//3326 3263//3264
f 3318//3319 3325//3327 3322//3324
f 3291//3292 3325//3327 3327//3328
f 3291//3292 3263//3264 3325//3327
f 3318//3319 3327//3328 3325//3327
f 3319//3321 3291//3292 3327//3328
f 3319//3321 3327//3328 3318//3319
f 3250//3252 3324//3325 3328//3329
f 3329//3330 3328//3329 3324//3325
f 3324//3325 3262//3263 3329//3330
f 3329//3330 3255//3253 3328//3329
f 3254//3257 3255//3253 3329//3330
f 3262//3263 3254//3257 3329//3330
f 3250//3252 3328//3329 3255//3253
f 3322//3324 3320//3320 3318//3319
f 3303//3298 3291//3292 3319//3321
f 3319//3321 3316//3317 3330//3331
f 3303//3298 3319//3321 3330//3331
f 3303//3298 3330//3331 3298//3301
f 3330//3331 3315//3318 3298//3301
f 3330//3331 3316//3317 3315//3318
f 3315//3318 3299//3303 3298//3301
f 3311//3313 3314//3315 3331//3332
f 3314//3315 3251//3251 3331//3332
f 3314//3315 3250//3252 3251//3251
f 3334//3333 3332//3334 3331//3332
f 3331//3332 3332//3334 3333//3335
f 3331//3332 3333//3335 3311//3313
f 3251//3251 3334//3333 3331//3332
f 3334//3333 3225//3226 3332//3334
f 3227//3228 3225//3226 3334//3333
f 3251//3251 3227//3228 3334//3333
f 3337//3336 3333//3335 3332//3334
f 3335//3337 3333//3335 3337//3336
f 3335//3337 3336//3338 3333//3335
f 3311//3313 3333//3335 3336//3338
f 3338//3339 3335//3337 3337//3336
f 3340//3340 3338//3339 3337//3336
f 3337//3336 3332//3334 3339//3341
f 3340//3340 3337//3336 3339//3341
f 3340//3340 3343//3342 3341//3343
f 3341//3343 3338//3339 3340//3340
f 3339//3341 3342//3344 3340//3340
f 3340//3340 3342//3344 3343//3342
f 3341//3343 3343//3342 3345//3345
f 3343//3342 3342//3344 3222//3220
f 3343//3342 3222//3220 3344//3346
f 3345//3345 3343//3342 3344//3346
f 3345//3345 3344//3346 3348//3347
f 3341//3343 3345//3345 3346//3348
f 3346//3348 3345//3345 3347//3349
f 3347//3349 3345//3345 3348//3347
f 3344//3346 3349//3350 3348//3347
f 3348//3347 3349//3350 3351//3351
f 3347//3349 3348//3347 3350//3352
f 3348//3347 3351//3351 3350//3352
f 3350//3352 3351//3351 3352//3353
f 3351//3351 3355//3354 3352//3353
f 3349//3350 3353//3355 3351//3351
f 3353//3355 3354//3356 3351//3351
f 3351//3351 3354//3356 3355//3354
f 3352//3353 3355//3354 3357//3357
f 3356//3358 3357//3357 3355//3354
f 3359//3359 3356//3358 3355//3354
f 3358//3360 3355//3354 3149//3151
f 3358//3360 3359//3359 3355//3354
f 3355//3354 3354//3356 3149//3151
f 3359//3359 3360//3361 3361//3362
f 3359//3359 3358//3360 3360//3361
f 3359//3359 3361//3362 3356//3358
f 3361//3362 3362//3363 3103//3104
f 3106//3105 3361//3362 3103//3104
f 3361//3362 3360//3361 3362//3363
f 3106//3105 3356//3358 3361//3362
f 3126//3128 3362//3363 3360//3361
f 3126//3128 3107//3106 3362//3363
f 3103//3104 3362//3363 3107//3106
f 3135//3136 3360//3361 3358//3360
f 3135//3136 3126//3128 3360//3361
f 3358//3360 3149//3151 3135//3136
f 3356//3358 3363//3364 3357//3357
f 3363//3364 3364//3365 3357//3357
f 3352//3353 3357//3357 3364//3365
f 3363//3364 3365//3366 3364//3365
f 3352//3353 3364//3365 3365//3366
f 3365//3366 3363//3364 3356//3358
f 3352//3353 3365//3366 3366//3367
f 3365//3366 3356//3358 3366//3367
f 3370//3368 3352//3353 3366//3367
f 3099//3100 3366//3367 3100//3101
f 3370//3368 3366//3367 3099//3100
f 3366//3367 3367//3369 3100//3101
f 3366//3367 3368//3370 3367//3369
f 3369//3371 3368//3370 3366//3367
f 3369//3371 3366//3367 3356//3358
f 3371//3372 3350//3352 3370//3368
f 3372//3373 3371//3372 3370//3368
f 3372//3373 3370//3368 3099//3100
f 3350//3352 3352//3353 3370//3368
f 3373//3374 3372//3373 3374//3375
f 3373//3374 3371//3372 3372//3373
f 3093//3093 3372//3373 3099//3100
f 3372//3373 3072//3074 3374//3375
f 3372//3373 3093//3093 3072//3074
f 3374//3375 3375//3376 3373//3374
f 3374//3375 3073//3075 3375//3376
f 3072//3074 3073//3075 3374//3375
f 3373//3374 3375//3376 3376//3377
f 3375//3376 3073//3075 2353//2355
f 3375//3376 2354//2354 3376//3377
f 3375//3376 2353//2355 2354//2354
f 3373//3374 3376//3377 3377//3378
f 3379//3379 3376//3377 2354//2354
f 3346//3348 3377//3378 3376//3377
f 3346//3348 3376//3377 3378//3380
f 3379//3379 3378//3380 3376//3377
f 2352//2353 3379//3379 2354//2354
f 3379//3379 3380//3381 3378//3380
f 3379//3379 3381//3382 3380//3381
f 3382//3383 3381//3382 3379//3379
f 3383//3384 3382//3383 3379//3379
f 3383//3384 3379//3379 2352//2353
f 3382//3383 3383//3384 3384//3385
f 3384//3385 3383//3384 2348//2349
f 2352//2353 2348//2349 3383//3384
f 3384//3385 2348//2349 2342//2343
f 2342//2343 2338//2339 3384//3385
f 3382//3383 3384//3385 2338//2339
f 3382//3383 2338//2339 2333//2334
f 2333//2334 3385//3386 3382//3383
f 3382//3383 3385//3386 3381//3382
f 3381//3382 3385//3386 3386//3387
f 2336//2336 3386//3387 3385//3386
f 2333//2334 2336//2336 3385//3386
f 3388//3388 3386//3387 3387//3389
f 3389//3390 3387//3389 3386//3387
f 3381//3382 3386//3387 3388//3388
f 2336//2336 3389//3390 3386//3387
f 2334//2338 3389//3390 2336//2336
f 2334//2338 3390//3391 3389//3390
f 3390//3391 3391//3392 3389//3390
f 3389//3390 3391//3392 3387//3389
f 3392//3393 3393//3394 3391//3392
f 3390//3391 3392//3393 3391//3392
f 3391//3392 3394//3395 3387//3389
f 3391//3392 3393//3394 3394//3395
f 3396//3396 3394//3395 3395//3397
f 3393//3394 3395//3397 3394//3395
f 3396//3396 3336//3338 3394//3395
f 3387//3389 3394//3395 3336//3338
f 3395//3397 3397//3398 3396//3396
f 3311//3313 3336//3338 3396//3396
f 3311//3313 3396//3396 3397//3398
f 3397//3398 3398//3399 3399//3400
f 3397//3398 3400//3401 3398//3399
f 3395//3397 3400//3401 3397//3398
f 3311//3313 3397//3398 3305//3307
f 3305//3307 3397//3398 3399//3400
f 3393//3394 3400//3401 3395//3397
f 3398//3399 3400//3401 3393//3394
f 3399//3400 3398//3399 3402//3402
f 3399//3400 3401//3403 3404//3404
f 3399//3400 3403//3405 3401//3403
f 3305//3307 3399//3400 3404//3404
f 3399//3400 3402//3402 3403//3405
f 3306//3306 3305//3307 3404//3404
f 3404//3404 3401//3403 3405//3406
f 3404//3404 3405//3406 3406//3407
f 3406//3407 3284//3285 3404//3404
f 3404//3404 3284//3285 3306//3306
f 3406//3407 3280//3281 3284//3285
f 3406//3407 3407//3408 3280//3281
f 3407//3408 3406//3407 3405//3406
f 3273//3275 3407//3408 3408//3409
f 3407//3408 2304//2306 3408//3409
f 3273//3275 3280//3281 3407//3408
f 3407//3408 3405//3406 2308//2309
f 3407//3408 2308//2309 2304//2306
f 3408//3409 2306//2305 3273//3275
f 2306//2305 3408//3409 2304//2306
f 3405//3406 3409//3410 2315//2317
f 3405//3406 3401//3403 3409//3410
f 2315//2317 2308//2309 3405//3406
f 3409//3410 3410//3411 3412//3412
f 3409//3410 3411//3413 3410//3411
f 3401//3403 3411//3413 3409//3410
f 2315//2317 3409//3410 3412//3412
f 2314//2315 3412//3412 2320//2321
f 2315//2317 3412//3412 2314//2315
f 3412//3412 2335//2337 2320//2321
f 3412//3412 3410//3411 2335//2337
f 3401//3403 3403//3405 3411//3413
f 3411//3413 3390//3391 3410//3411
f 3403//3405 3392//3393 3411//3413
f 3411//3413 3392//3393 3390//3391
f 3410//3411 2334//2338 2335//2337
f 3410//3411 3390//3391 2334//2338
f 3403//3405 3402//3402 3392//3393
f 3392//3393 3402//3402 3393//3394
f 3398//3399 3393//3394 3402//3402
f 3338//3339 3388//3388 3335//3337
f 3380//3381 3388//3388 3338//3339
f 3380//3381 3381//3382 3388//3388
f 3388//3388 3387//3389 3335//3337
f 3387//3389 3336//3338 3335//3337
f 3378//3380 3380//3381 3341//3343
f 3341//3343 3380//3381 3338//3339
f 3378//3380 3341//3343 3346//3348
f 3377//3378 3371//3372 3373//3374
f 3377//3378 3347//3349 3371//3372
f 3346//3348 3347//3349 3377//3378
f 3371//3372 3347//3349 3350//3352
f 3106//3105 3413//3414 3369//3371
f 3413//3414 3368//3370 3369//3371
f 3106//3105 3369//3371 3356//3358
f 3413//3414 3367//3369 3368//3370
f 3100//3101 3367//3369 3413//3414
f 3100//3101 3413//3414 3106//3105
f 3354//3356 3414//3415 3415//3416
f 3353//3355 3414//3415 3354//3356
f 3354//3356 3415//3416 3416//3417
f 3417//3418 3354//3356 3416//3417
f 3150//3152 3354//3356 3417//3418
f 3149//3151 3354//3356 3150//3152
f 3150//3152 3417//3418 3418//3419
f 3419//3420 3418//3419 3417//3418
f 3416//3417 3419//3420 3417//3418
f 3420//3421 3421//3422 3419//3420
f 3416//3417 3420//3421 3419//3420
f 3421//3422 3418//3419 3419//3420
f 3420//3421 3422//3423 3421//3422
f 3421//3422 3150//3152 3418//3419
f 3421//3422 3422//3423 3150//3152
f 3423//3424 3422//3423 3420//3421
f 3423//3424 3425//3425 3422//3423
f 3207//3209 3427//3426 3422//3423
f 3422//3423 3424//3427 3207//3209
f 3422//3423 3425//3425 3424//3427
f 3422//3423 3153//3155 3428//3428
f 3153//3155 3422//3423 3163//3163
f 3163//3163 3422//3423 3426//3429
f 3422//3423 3427//3426 3426//3429
f 3422//3423 3428//3428 3429//3430
f 3429//3430 3150//3152 3422//3423
f 3430//3431 3429//3430 3428//3428
f 3430//3431 3431//3432 3429//3430
f 3429//3430 3431//3432 3150//3152
f 3430//3431 3150//3152 3431//3432
f 3153//3155 3430//3431 3428//3428
f 3430//3431 3153//3155 3150//3152
f 3163//3163 3426//3429 3427//3426
f 3163//3163 3427//3426 3165//3166
f 3165//3166 3427//3426 3207//3209
f 3432//3433 3424//3427 3425//3425
f 3432//3433 3425//3425 3423//3424
f 3420//3421 3212//3214 3432//3433
f 3212//3214 3424//3427 3432//3433
f 3420//3421 3432//3433 3423//3424
f 3212//3214 3207//3209 3424//3427
f 3416//3417 3433//3434 3420//3421
f 3433//3434 3434//3435 3420//3421
f 3420//3421 3434//3435 3435//3436
f 3420//3421 3435//3436 3436//3437
f 3420//3421 3436//3437 3437//3438
f 3420//3421 3437//3438 3212//3214
f 3439//3439 3437//3438 3438//3440
f 3436//3437 3438//3440 3437//3438
f 3439//3439 3212//3214 3437//3438
f 3222//3220 3439//3439 3344//3346
f 3344//3346 3439//3439 3434//3435
f 3222//3220 3214//3213 3439//3439
f 3439//3439 3214//3213 3212//3214
f 3439//3439 3435//3436 3434//3435
f 3439//3439 3438//3440 3435//3436
f 3436//3437 3435//3436 3438//3440
f 3344//3346 3434//3435 3349//3350
f 3434//3435 3440//3441 3349//3350
f 3434//3435 3441//3442 3440//3441
f 3433//3434 3441//3442 3434//3435
f 3442//3443 3441//3442 3433//3434
f 3442//3443 3440//3441 3441//3442
f 3349//3350 3440//3441 3442//3443
f 3416//3417 3442//3443 3433//3434
f 3349//3350 3442//3443 3416//3417
f 3349//3350 3416//3417 3415//3416
f 3414//3415 3443//3444 3415//3416
f 3349//3350 3415//3416 3443//3444
f 3349//3350 3443//3444 3353//3355
f 3414//3415 3353//3355 3443//3444
f 3222//3220 3342//3344 3224//3225
f 3339//3341 3224//3225 3342//3344
f 3225//3226 3224//3225 3339//3341
f 3225//3226 3339//3341 3332//3334
f 3299//3303 3312//3312 3444//3445
f 3444//3445 3312//3312 3309//3310
f 3444//3445 3309//3310 3307//3309
f 3307//3309 3302//3304 3444//3445
f 3302//3304 3299//3303 3444//3445
f 3307//3309 3301//3305 3302//3304
f 3284//3285 3447//3446 3306//3306
f 3306//3306 3445//3447 3297//3299
f 3446//3448 3445//3447 3306//3306
f 3446//3448 3306//3306 3447//3446
f 3284//3285 3449//3449 3447//3446
f 3446//3448 3447//3446 3448//3450
f 3449//3449 3448//3450 3447//3446
f 3449//3449 3284//3285 3286//3287
f 3449//3449 3286//3287 3448//3450
f 3287//3288 3448//3450 3286//3287
f 3446//3448 3448//3450 3292//3294
f 3287//3288 3292//3294 3448//3450
f 3446//3448 3292//3294 3294//3295
f 3446//3448 3294//3295 3445//3447
f 3446//3451 3292//3452 3450//3453
f 3445//3447 3294//3295 3295//3296
f 3445//3447 3295//3296 3297//3299
f 3303//3298 3298//3301 3300//3302
f 3263//3264 3291//3292 3265//3265
f 3265//3265 3291//3292 3288//3290
f 3277//3279 3289//3291 3282//3284
f 3277//3279 3278//3280 3289//3291
f 3278//3280 3288//3290 3289//3291
f 3278//3280 3451//3454 3288//3290
f 3288//3290 3451//3454 3269//3271
f 3288//3290 3269//3271 3265//3265
f 3451//3454 3272//3273 3269//3271
f 3451//3454 3275//3276 3272//3273
f 3451//3454 3278//3280 3275//3276
f 3266//3268 3265//3265 3269//3271
f 3452//3455 3267//3267 2306//2305
f 3264//3266 3267//3267 3453//3456
f 3452//3455 3453//3456 3267//3267
f 3453//3456 3456//3457 3454//3458
f 3455//3459 3453//3456 3454//3458
f 3455//3459 3264//3266 3453//3456
f 3453//3456 3452//3455 3456//3457
f 2305//2308 2292//2294 3456//3457
f 3454//3458 3456//3457 2292//2294
f 2305//2308 3456//3457 3452//3455
f 3264//3266 3455//3459 2279//2281
f 3454//3458 2279//2281 3455//3459
f 3454//3458 2287//2288 2279//2281
f 3454//3458 2292//2294 2287//2288
f 3452//3455 2306//2305 2305//2308
f 3259//3260 3242//3243 3257//3258
f 3259//3260 3194//3197 3242//3243
f 3259//3260 2279//2281 3194//3197
f 3248//3248 3257//3258 3242//3243
f 3246//3247 3229//3229 3253//3254
f 3253//3254 3229//3229 3227//3228
f 3251//3251 3253//3254 3227//3228
f 3246//3247 3253//3254 3457//3460
f 3252//3255 3457//3460 3253//3254
f 3252//3255 3246//3247 3457//3460
f 3252//3255 3247//3249 3246//3247
f 3228//3230 3458//3461 3221//3223
f 3228//3230 3459//3462 3458//3461
f 3460//3463 3459//3462 3228//3230
f 3460//3463 3228//3230 3198//3200
f 3462//3464 3461//3465 3460//3463
f 3461//3465 3459//3462 3460//3463
f 3462//3464 3460//3463 3198//3200
f 3221//3223 3462//3464 3463//3466
f 3209//3210 3463//3466 3462//3464
f 3462//3464 3198//3200 3204//3205
f 3209//3210 3462//3464 3204//3205
f 3458//3461 3462//3464 3221//3223
f 3458//3461 3461//3465 3462//3464
f 3209//3210 3219//3221 3463//3466
f 3219//3221 3464//3467 3463//3466
f 3221//3223 3463//3466 3464//3467
f 3219//3221 3220//3222 3464//3467
f 3221//3223 3464//3467 3220//3222
f 3461//3465 3458//3461 3459//3462
f 3165//3166 3207//3209 3168//3170
f 3168//3170 3207//3209 3170//3171
f 3170//3171 3207//3209 3465//3468
f 3207//3209 3174//3175 3465//3468
f 3177//3179 3174//3175 3207//3209
f 3170//3171 3465//3468 3174//3175
f 3184//3185 3202//3204 3186//3187
f 3184//3185 3201//3203 3202//3204
f 3182//3183 3201//3203 3184//3185
f 3177//3179 3182//3183 3179//3181
f 3177//3179 3179//3181 3180//3180
f 2282//2285 2275//2277 3176//3177
f 2274//2276 3176//3177 2275//2277
f 2259//2261 2258//2260 3162//3164
f 3153//3155 3159//3161 3466//3469
f 3157//3158 3466//3469 3159//3161
f 3153//3155 3466//3469 3467//3470
f 3157//3158 3467//3470 3466//3469
f 3153//3155 3467//3470 3157//3158
f 3468//3471 3154//3154 3155//3157
f 3468//3471 3155//3157 2254//2255
f 3469//3472 3468//3471 2254//2255
f 3154//3154 3468//3471 3469//3472
f 3469//3472 2254//2255 2228//2229
f 2228//2229 3142//3143 3469//3472
f 3154//3154 3469//3472 3142//3143
f 3142//3143 3152//3153 3154//3154
f 3142//3143 3144//3145 3152//3153
f 3144//3145 3147//3147 3152//3153
f 3470//3473 3135//3136 3149//3151
f 3148//3149 3470//3473 3149//3151
f 3470//3473 3134//3135 3135//3136
f 3134//3135 3470//3473 3148//3149
f 3134//3135 3148//3149 3146//3148
f 3136//3137 3134//3135 3146//3148
f 3136//3137 3146//3148 3138//3139
f 3135//3136 3130//3131 3129//3130
f 3129//3130 3126//3128 3135//3136
f 3129//3130 3127//3129 3126//3128
f 3125//3124 3107//3106 3126//3128
f 3471//3474 3125//3124 3120//3123
f 3125//3124 3471//3474 3107//3106
f 3107//3106 3471//3474 3120//3123
f 2224//2227 3121//3125 3124//3121
f 3121//3125 3123//3127 3124//3121
f 2224//2227 3124//3121 2225//2223
f 2225//2223 3124//3121 2222//2224
f 3121//3125 3122//3126 3123//3127
f 2219//2215 3121//3125 2224//2227
f 3100//3101 3106//3105 3104//3107
f 3472//3475 3104//3107 3105//3108
f 3472//3475 3105//3108 3101//3102
f 3100//3101 3104//3107 3472//3475
f 3100//3101 3472//3475 3101//3102
f 3093//3093 3099//3100 3092//3095
f 3072//3074 3093//3093 3075//3076
f 2177//2179 2178//2178 3090//3091
f 3042//3044 3070//3071 3078//3080
f 3043//3045 3078//3080 2076//2076
f 3042//3044 3078//3080 3043//3045
f 3045//3046 3037//3036 3035//3037
f 3039//3041 3043//3045 3473//3476
f 3473//3476 3043//3045 1980//1983
f 1980//1983 3043//3045 1981//1982
f 3043//3045 2076//2076 1981//1982
f 3473//3476 1977//1978 3474//3477
f 3473//3476 1980//1983 1977//1978
f 3476//3478 3473//3476 3474//3477
f 3473//3476 3475//3479 3040//3042
f 3473//3476 3476//3478 3475//3479
f 3039//3041 3473//3476 3040//3042
f 3477//3480 3475//3479 3476//3478
f 3476//3478 3474//3477 1966//1968
f 3477//3480 3476//3478 1966//1968
f 1966//1968 3028//3029 3477//3480
f 3028//3029 3478//3481 3477//3480
f 3477//3480 3478//3481 3475//3479
f 3475//3479 3478//3481 3029//3030
f 3028//3029 3029//3030 3478//3481
f 3036//3039 3040//3042 3475//3479
f 3036//3039 3475//3479 3029//3030
f 1967//1969 1966//1968 3474//3477
f 1967//1969 3474//3477 1970//1972
f 1970//1972 3474//3477 1977//1978
f 3036//3039 3029//3030 3027//3031
f 3035//3037 3031//3033 3033//3032
f 3032//3034 3031//3033 3035//3037
f 1966//1968 1963//1964 3028//3029
f 1963//1964 3022//3024 3028//3029
f 1963//1964 1962//1963 3022//3024
f 2384//2385 2386//2387 3479//3482
f 3479//3482 2386//2387 2377//2379
f 2376//2378 3479//3482 2377//2379
f 3479//3482 2376//2378 2384//2385
f 2365//2367 2359//2361 2372//2373
f 2360//2360 3480//3483 2364//2364
f 3480//3483 2361//2363 2364//2364
f 3480//3483 2360//2360 2361//2363
f 2331//2333 2339//2341 2330//2332
f 2320//2321 2335//2337 2328//2329
f 2320//2321 2328//2329 2321//2322
f 2315//2317 2309//2310 2308//2309
f 3481//3484 2294//2295 2312//2313
f 3481//3484 2312//2313 2296//2300
f 3481//3484 3482//3485 2294//2295
f 3482//3485 3481//3484 3483//3486
f 3481//3484 2296//2300 3483//3486
f 3482//3485 3483//3486 2295//2297
f 2295//2297 3483//3486 2296//2300
f 2295//2297 2294//2295 3482//3485
f 2292//2294 2305//2308 2302//2304
f 2298//2298 2292//2294 2302//2304
f 2280//2283 2297//2299 2272//2274
f 2281//2284 2288//2290 2280//2283
f 2282//2285 2283//2287 2275//2277
f 2280//2283 2272//2274 2271//2273
f 2269//2269 3484//3487 2262//2263
f 2269//2269 2261//2262 3484//3487
f 2269//2269 2256//2258 2261//2262
f 2261//2262 2262//2263 3484//3487
f 2253//2254 2228//2229 2254//2255
f 2253//2254 2246//2246 2228//2229
f 2253//2254 2245//2247 2246//2246
f 2253//2254 2251//2253 2245//2247
f 2226//2228 2235//2235 2234//2236
f 2204//2204 2214//2217 2218//2216
f 2214//2217 2204//2204 2203//2205
f 2179//2180 2177//2179 2187//2187
f 2179//2180 2187//2187 2184//2183
f 2179//2180 2184//2183 2180//2181
f 2167//2167 2166//2168 2183//2184
f 2176//2177 2171//2172 2152//2154
f 2166//2168 2169//2171 2173//2175
f 2152//2154 2171//2172 2158//2161
f 2129//2131 2136//2137 2130//2132
f 2075//2077 2134//2133 2078//2079
f 2134//2133 2124//2126 2078//2079
f 2134//2133 2126//2128 2124//2126
f 2124//2126 2079//2081 2078//2079
f 2124//2126 2119//2120 2079//2081
f 2117//2119 1864//1866 2114//2116
f 1866//1867 2114//2116 1864//1866
f 1878//1884 2114//2116 1866//1867
f 2109//2110 2083//2084 2081//2083
f 2056//2057 2044//2045 2047//2047
f 2046//2048 2001//2002 2000//2001
f 1886//1893 2031//2032 1887//1894
f 2020//2021 2017//2018 2029//2030
f 2025//2026 3485//3488 2023//2025
f 1882//1878 3485//3488 2025//2026
f 1901//1902 2023//2025 3485//3488
f 3485//3488 1876//1880 1901//1902
f 1873//1879 3485//3488 1882//1878
f 3485//3488 1873//1879 1876//1880
f 2008//2009 2006//2007 2016//2016
f 1904//1905 1912//1914 2013//2014
f 2013//2014 1905//1906 1904//1905
f 2003//2004 1921//1923 1920//1921
f 1933//1934 2003//2004 1920//1921
f 1996//1998 1985//1986 1983//1984
f 1991//1992 1944//1945 1945//1947
f 1953//1955 1954//1956 1965//1967
f 3486//3489 1956//1957 1952//1953
f 1956//1957 3486//3489 1939//1941
f 1950//1952 3486//3489 1952//1953
f 1939//1941 3486//3489 1950//1952
f 1939//1941 1950//1952 1941//1940
f 3487//3490 1926//1927 1933//1934
f 3487//3490 1933//1934 1920//1921
f 3487//3490 1925//1926 1926//1927
f 1925//1926 3487//3490 1924//1925
f 3487//3490 1920//1921 1924//1925
f 1920//1921 1922//1922 1924//1925
f 1901//1902 1876//1880 1881//1883
f 3489//3491 3488//3492 3491//3493
f 3489//3491 3490//3494 3488//3492
f 3493//3495 3488//3492 3490//3494 3912//3496
f 3492//3497 3491//3493 3488//3492
f 3496//3498 3492//3497 3488//3492 3494//3499
f 3494//3499 3488//3492 3493//3495
f 3494//3499 3493//3495 3495//3500
f 3496//3498 3494//3499 3495//3500
f 3497//3501 3496//3498 3495//3500
f 3497//3501 3492//3497 3496//3498
f 3497//3501 3495//3500 3500//3502
f 3498//3503 3497//3501 3499//3504
f 3498//3503 3501//3505 3497//3501
f 3497//3501 3500//3502 3499//3504
f 3501//3505 3502//3506 3492//3497 3497//3501
f 3498//3503 3503//3507 3502//3506 3501//3505
f 3502//3506 3503//3507 3504//3508
f 3502//3506 3504//3508 3505//3509
f 3506//3510 3502//3506 3505//3509
f 3506//3510 3492//3497 3502//3506
f 3507//3511 3506//3510 3505//3509
f 3508//3512 3506//3510 3507//3511
f 3508//3512 3492//3497 3506//3510
f 3508//3512 3509//3513 3492//3497
f 3508//3512 3510//3514 3509//3513
f 3508//3512 3511//3515 3510//3514
f 3512//3516 3511//3515 3508//3512
f 3508//3512 3507//3511 3512//3516
f 3512//3516 3513//3517 3511//3515
f 3516//3518 3513//3517 3512//3516
f 3507//3511 3514//3519 3512//3516
f 3512//3516 3514//3519 3515//3520
f 3516//3518 3512//3516 3515//3520
f 3517//3521 3513//3517 3516//3518
f 3518//3522 3516//3518 3515//3520
f 3520//3523 3517//3521 3516//3518
f 3516//3518 3518//3522 3519//3524
f 3520//3523 3516//3518 3519//3524
f 3522//3525 3521//3526 3520//3523
f 3521//3526 3517//3521 3520//3523
f 3522//3525 3520//3523 3523//3527
f 3523//3527 3520//3523 3519//3524
f 3523//3527 3524//3528 3526//3529
f 3519//3524 3524//3528 3523//3527
f 3522//3525 3523//3527 3525//3530
f 3527//3531 3525//3530 3523//3527
f 3523//3527 3526//3529 3527//3531
f 3526//3529 3528//3532 3527//3531
f 3528//3532 3529//3533 3527//3531
f 3527//3531 3529//3533 3525//3530
f 3525//3530 3529//3533 3532//3534
f 3528//3532 3530//3535 3529//3533
f 3531//3536 3529//3533 3530//3535
f 3531//3536 3532//3534 3529//3533
f 3525//3530 3532//3534 3533//3537
f 3532//3534 3535//3538 3533//3537
f 3534//3539 3532//3534 3536//3540
f 3534//3539 3535//3538 3532//3534
f 3536//3540 3532//3534 3531//3536
f 3537//3541 3534//3539 3536//3540
f 3538//3542 3537//3541 3536//3540
f 3538//3542 3536//3540 3539//3543
f 3536//3540 3531//3536 3539//3543
f 3539//3543 3540//3544 3541//3545
f 3539//3543 3531//3536 3540//3544
f 3541//3545 3538//3542 3539//3543
f 3541//3545 3540//3544 3545//3546
f 3541//3545 3542//3547 3543//3548
f 3541//3545 3545//3546 3542//3547
f 3543//3548 3544//3549 3541//3545
f 3541//3545 3544//3549 3538//3542
f 3540//3544 3546//3550 3545//3546
f 3547//3551 3545//3546 3546//3550
f 3542//3547 3545//3546 3547//3551
f 3547//3551 3546//3550 3548//3552
f 3552//3553 3547//3551 3548//3552
f 3549//3554 3542//3547 3547//3551
f 3549//3554 3547//3551 3550//3555
f 3550//3555 3547//3551 3551//3556
f 3551//3556 3547//3551 3552//3553
f 3551//3556 3552//3553 3554//3557
f 3553//3558 3552//3553 3548//3552
f 3554//3557 3552//3553 3553//3558
f 3556//3559 3555//3560 3554//3557
f 3551//3556 3554//3557 3555//3560
f 3554//3557 3553//3558 3558//3561
f 3556//3559 3554//3557 3557//3562
f 3559//3563 3557//3562 3554//3557
f 3554//3557 3558//3561 3559//3563
f 3559//3563 3561//3564 3557//3562
f 3558//3561 3560//3565 3559//3563
f 3559//3563 3560//3565 3563//3566
f 3562//3567 3561//3564 3559//3563
f 3563//3566 3562//3567 3559//3563
f 3567//3568 3564//3569 3563//3566
f 3565//3570 3563//3566 3564//3569
f 3566//3571 3563//3566 3560//3565
f 3565//3570 3562//3567 3563//3566
f 3563//3566 3566//3571 3567//3568
f 3567//3568 3568//3572 3569//3573
f 3566//3571 3568//3572 3567//3568
f 3569//3573 3564//3569 3567//3568
f 3569//3573 3568//3572 3570//3574
f 3569//3573 3570//3574 3571//3575
f 3571//3575 3572//3576 3569//3573
f 3569//3573 3572//3576 3564//3569
f 3571//3575 3574//3577 3572//3576
f 3573//3578 3564//3569 3572//3576
f 3573//3578 3572//3576 3574//3577
f 3575//3579 3574//3577 3576//3580
f 3573//3578 3574//3577 3575//3579
f 3571//3575 3576//3580 3574//3577
f 3575//3579 3576//3580 3578//3581
f 3577//3582 3576//3580 3571//3575
f 3576//3580 3577//3582 3578//3581
f 3578//3581 3580//3583 3575//3579
f 3578//3581 3577//3582 3579//3584
f 3579//3584 3580//3583 3578//3581
f 3579//3584 3581//3585 3580//3583
f 3581//3585 3582//3586 3580//3583
f 3575//3579 3580//3583 3584//3587
f 3580//3583 3582//3586 3583//3588
f 3580//3583 3583//3588 3584//3587
f 3584//3587 3573//3578 3575//3579
f 3584//3587 3583//3588 3573//3578
f 3585//3589 3583//3588 3582//3586
f 3585//3589 3586//3590 3583//3588
f 3583//3588 3586//3590 3573//3578
f 3573//3578 3586//3590 3587//3591
f 3588//3592 3587//3591 3586//3590
f 3586//3590 3585//3589 3588//3592
f 3588//3592 3589//3593 3590//3594
f 3588//3592 3585//3589 3589//3593
f 3588//3592 3590//3594 3592//3595
f 3591//3596 3587//3591 3588//3592
f 3588//3592 3592//3595 3591//3596
f 3592//3595 3557//3562 3561//3564
f 3557//3562 3592//3595 3556//3559
f 3590//3594 3556//3559 3592//3595
f 3592//3595 3561//3564 3591//3596
f 3591//3596 3593//3597 3587//3591
f 3591//3596 3594//3598 3593//3597
f 3591//3596 3561//3564 3594//3598
f 3593//3597 3594//3598 3573//3578
f 3595//3599 3594//3598 3561//3564
f 3594//3598 3595//3599 3573//3578
f 3565//3570 3595//3599 3562//3567
f 3595//3599 3561//3564 3562//3567
f 3573//3578 3595//3599 3565//3570
f 3587//3591 3593//3597 3573//3578
f 3596//3600 3556//3559 3590//3594
f 3590//3594 3589//3593 3596//3600
f 3596//3600 3589//3593 3597//3601
f 3596//3600 3597//3601 3599//3602
f 3599//3602 3598//3603 3596//3600
f 3598//3603 3555//3560 3596//3600
f 3596//3600 3555//3560 3556//3559
f 3603//3604 3600//3605 3599//3602
f 3599//3602 3600//3605 3598//3603
f 3597//3601 3604//3606 3599//3602
f 3599//3602 3604//3606 3601//3607
f 3601//3607 3602//3608 3599//3602
f 3599//3602 3602//3608 3603//3604
f 3604//3606 3589//3593 3605//3609
f 3604//3606 3597//3601 3589//3593
f 3604//3606 3605//3609 3581//3585
f 3601//3607 3604//3606 3606//3610
f 3604//3606 3581//3585 3606//3610
f 3606//3610 3579//3584 3607//3611
f 3607//3611 3608//3612 3606//3610
f 3610//3613 3606//3610 3608//3612
f 3606//3610 3581//3585 3579//3584
f 3606//3610 3609//3614 3601//3607
f 3609//3614 3606//3610 3610//3613
f 3610//3613 3602//3608 3609//3614
f 3610//3613 3611//3615 3602//3608
f 3610//3613 3608//3612 3612//3616
f 3612//3616 3611//3615 3610//3613
f 3615//3617 3612//3616 3613//3618
f 3613//3618 3612//3616 3608//3612
f 3612//3616 3614//3619 3611//3615
f 3612//3616 3615//3617 3614//3619
f 3613//3618 3616//3620 3615//3617
f 3615//3617 3617//3621 3614//3619
f 3616//3620 3617//3621 3615//3617
f 3617//3621 3619//3622 3614//3619
f 3617//3621 3620//3623 3618//3624
f 3618//3624 3619//3622 3617//3621
f 3616//3620 3620//3623 3617//3621
f 3621//3625 3620//3623 3622//3626
f 3621//3625 3618//3624 3620//3623
f 3623//3627 3622//3626 3620//3623
f 3623//3627 3620//3623 3616//3620
f 3553//3558 3622//3626 3623//3627
f 3616//3620 3624//3628 3623//3627
f 3623//3627 3624//3628 3553//3558
f 3625//3629 3624//3628 3616//3620
f 3625//3629 3626//3630 3624//3628
f 3553//3558 3624//3628 3626//3630
f 3566//3571 3626//3630 3625//3629
f 3558//3561 3626//3630 3560//3565
f 3560//3565 3626//3630 3566//3571
f 3553//3558 3626//3630 3558//3561
f 3628//3631 3627//3632 3625//3629
f 3627//3632 3568//3572 3625//3629
f 3566//3571 3625//3629 3568//3572
f 3625//3629 3616//3620 3613//3618
f 3628//3631 3625//3629 3613//3618
f 3629//3633 3570//3574 3628//3631
f 3628//3631 3570//3574 3627//3632
f 3628//3631 3607//3611 3629//3633
f 3628//3631 3613//3618 3608//3612
f 3628//3631 3608//3612 3607//3611
f 3577//3582 3570//3574 3629//3633
f 3577//3582 3629//3633 3607//3611
f 3570//3574 3568//3572 3627//3632
f 3548//3552 3621//3625 3622//3626
f 3548//3552 3622//3626 3553//3558
f 3548//3552 3546//3550 3621//3625
f 3621//3625 3546//3550 3631//3634
f 3618//3624 3621//3625 3630//3635
f 3621//3625 3631//3634 3630//3635
f 3540//3544 3631//3634 3546//3550
f 3540//3544 3530//3535 3631//3634
f 3530//3535 3630//3635 3631//3634
f 3632//3636 3630//3635 3528//3532
f 3632//3636 3633//3637 3630//3635
f 3618//3624 3630//3635 3633//3637
f 3530//3535 3528//3532 3630//3635
f 3633//3637 3634//3638 3635//3639
f 3633//3637 3632//3636 3634//3638
f 3618//3624 3633//3637 3635//3639
f 3634//3638 3636//3640 3635//3639
f 3619//3622 3635//3639 3636//3640
f 3618//3624 3635//3639 3619//3622
f 3634//3638 3637//3641 3636//3640
f 3636//3640 3637//3641 3638//3642
f 3639//3643 3636//3640 3638//3642
f 3619//3622 3636//3640 3639//3643
f 3641//3644 3619//3622 3639//3643
f 3641//3644 3639//3643 3640//3645
f 3639//3643 3638//3642 3640//3645
f 3614//3619 3641//3644 3611//3615
f 3602//3608 3611//3615 3641//3644
f 3641//3644 3640//3645 3642//3646
f 3602//3608 3641//3644 3642//3646
f 3614//3619 3619//3622 3641//3644
f 3642//3646 3643//3647 3603//3604
f 3642//3646 3644//3648 3643//3647
f 3642//3646 3603//3604 3602//3608
f 3642//3646 3640//3645 3644//3648
f 3644//3648 3647//3649 3643//3647
f 3638//3642 3645//3650 3644//3648
f 3644//3648 3645//3650 3648//3651
f 3644//3648 3646//3652 3647//3649
f 3644//3648 3648//3651 3646//3652
f 3640//3645 3638//3642 3644//3648
f 3645//3650 3650//3653 3648//3651
f 3646//3652 3648//3651 3544//3549
f 3649//3654 3544//3549 3648//3651
f 3648//3651 3650//3653 3649//3654
f 3650//3653 3651//3655 3649//3654
f 3652//3656 3651//3655 3650//3653
f 3652//3656 3650//3653 3653//3657
f 3654//3658 3653//3657 3650//3653
f 3654//3658 3650//3653 3645//3650
f 3654//3658 3637//3641 3653//3657
f 3638//3642 3637//3641 3654//3658
f 3654//3658 3645//3650 3638//3642
f 3637//3641 3652//3656 3653//3657
f 3657//3659 3651//3655 3652//3656
f 3655//3660 3652//3656 3656//3661
f 3655//3660 3657//3659 3652//3656
f 3656//3661 3652//3656 3637//3641
f 3659//3662 3658//3663 3657//3659
f 3657//3659 3658//3663 3651//3655
f 3657//3659 3660//3664 3659//3662
f 3657//3659 3655//3660 3660//3664
f 3515//3520 3514//3519 3660//3664
f 3659//3662 3660//3664 3514//3519
f 3661//3665 3660//3664 3655//3660
f 3515//3520 3660//3664 3661//3665
f 3661//3665 3655//3660 3662//3666
f 3518//3522 3661//3665 3662//3666
f 3518//3522 3515//3520 3661//3665
f 3662//3666 3655//3660 3656//3661
f 3518//3522 3662//3666 3524//3528
f 3663//3667 3524//3528 3662//3666
f 3662//3666 3656//3661 3663//3667
f 3663//3667 3637//3641 3634//3638
f 3663//3667 3656//3661 3637//3641
f 3663//3667 3526//3529 3524//3528
f 3634//3638 3526//3529 3663//3667
f 3514//3519 3664//3668 3659//3662
f 3664//3668 3665//3669 3659//3662
f 3659//3662 3665//3669 3658//3663
f 3664//3668 3666//3670 3665//3669
f 3666//3670 3667//3671 3665//3669
f 3667//3671 3658//3663 3665//3669
f 3666//3670 3671//3672 3667//3671
f 3667//3671 3668//3673 3670//3674
f 3667//3671 3669//3675 3668//3673
f 3671//3672 3669//3675 3667//3671
f 3667//3671 3670//3674 3658//3663
f 3671//3672 3672//3676 3669//3675
f 3671//3672 3673//3677 3672//3676
f 3671//3672 3674//3678 3673//3677
f 3666//3670 3674//3678 3671//3672
f 3666//3670 3675//3679 3674//3678
f 3677//3680 3674//3678 3675//3679
f 3674//3678 3676//3681 3673//3677
f 3674//3678 3677//3680 3676//3681
f 3504//3508 3679//3682 3678//3683 3677//3680
f 3677//3680 3675//3679 3504//3508
f 3676//3681 3677//3680 3678//3683 3680//3684
f 3680//3684 3678//3683 3679//3682
f 3676//3681 3680//3684 3681//3685
f 3680//3684 3499//3504 3681//3685
f 3679//3682 3499//3504 3680//3684
f 3500//3502 3681//3685 3499//3504
f 3682//3686 3676//3681 3681//3685 3500//3502
f 3504//3508 3503//3507 3499//3504 3679//3682
f 3676//3681 3682//3686 3683//3687
f 3676//3681 3683//3687 3673//3677
f 3685//3688 3683//3687 3684//3689
f 3682//3686 3684//3689 3683//3687
f 3685//3688 3673//3677 3683//3687
f 3685//3688 3686//3690 3688//3691
f 3685//3688 3684//3689 3686//3690
f 3672//3676 3685//3688 3687//3692
f 3685//3688 3688//3691 3687//3692
f 3672//3676 3673//3677 3685//3688
f 3688//3691 3686//3690 3689//3693
f 3688//3691 3689//3693 3690//3694
f 3691//3695 3688//3691 3690//3694
f 3687//3692 3688//3691 3691//3695
f 3691//3695 3690//3694 3521//3526
f 3691//3695 3521//3526 3522//3525
f 3687//3692 3691//3695 3692//3696
f 3692//3696 3691//3695 3533//3537
f 3533//3537 3691//3695 3525//3530
f 3691//3695 3522//3525 3525//3530
f 3692//3696 3535//3538 3669//3675
f 3533//3537 3535//3538 3692//3696
f 3672//3676 3687//3692 3692//3696
f 3672//3676 3692//3696 3669//3675
f 3521//3526 3690//3694 3517//3521
f 3693//3697 3690//3694 3689//3693
f 3693//3697 3517//3521 3690//3694
f 3693//3697 3694//3698 3696//3699
f 3695//3700 3694//3698 3693//3697
f 3693//3697 3689//3693 3695//3700
f 3693//3697 3697//3701 3517//3521
f 3696//3699 3697//3701 3693//3697
f 3696//3699 3698//3702 3697//3701
f 3698//3702 3513//3517 3697//3701
f 3517//3521 3697//3701 3513//3517
f 3698//3702 3511//3515 3513//3517
f 3510//3514 3511//3515 3698//3702
f 3696//3699 3510//3514 3698//3702
f 3696//3699 3694//3698 3699//3703
f 3696//3699 3699//3703 3510//3514
f 3699//3703 3700//3704 3510//3514
f 3699//3703 3702//3705 3495//3500 3700//3704
f 3703//3706 3701//3707 3699//3703
f 3701//3707 3702//3705 3699//3703
f 3704//3708 3699//3703 3694//3698 3706//3709
f 3703//3706 3699//3703 3704//3708
f 3495//3500 3704//3708 3705//3710
f 3703//3706 3704//3708 3495//3500
f 3704//3708 3706//3709 3705//3710
f 3707//3711 3705//3710 3706//3709
f 3706//3709 3708//3712 3707//3711
f 3706//3709 3694//3698 3695//3700 3708//3712
f 3709//3713 3707//3711 3708//3712 3695//3700
f 3709//3713 3705//3710 3707//3711
f 3684//3689 3709//3713 3689//3693
f 3709//3713 3684//3689 3710//3714
f 3709//3713 3710//3714 3712//3715 3705//3710
f 3689//3693 3709//3713 3695//3700
f 3682//3686 3710//3714 3684//3689
f 3711//3716 3710//3714 3682//3686 3714//3717
f 3712//3715 3710//3714 3711//3716
f 3714//3717 3713//3718 3712//3715
f 3705//3710 3712//3715 3713//3718
f 3712//3715 3711//3716 3714//3717
f 3714//3717 3682//3686 3713//3718
f 3682//3686 3500//3502 3713//3718
f 3495//3500 3705//3710 3713//3718
f 3713//3718 3500//3502 3495//3500
f 3495//3500 3702//3705 3703//3706
f 3702//3705 3701//3707 3703//3706
f 3510//3514 3700//3704 3491//3493
f 3715//3719 3491//3493 3700//3704
f 3715//3719 3700//3704 3495//3500 3719//3720
f 3717//3721 3489//3491 3715//3719
f 3715//3719 3489//3491 3491//3493
f 3715//3719 3719//3720 3720//3722 3716//3723
f 3718//3724 3715//3719 3716//3723
f 3717//3721 3715//3719 3718//3724
f 3720//3722 3719//3720 3495//3500
f 3721//3725 3720//3722 3495//3500
f 3721//3725 3722//3726 3720//3722
f 3716//3723 3720//3722 3722//3726
f 3716//3723 3722//3726 3721//3725
f 3725//3727 3723//3728 3721//3725
f 3723//3728 3724//3729 3721//3725
f 3724//3729 3726//3730 3721//3725
f 3727//3731 3716//3723 3721//3725 3726//3730
f 3495//3500 3725//3727 3721//3725
f 3727//3731 3726//3730 3724//3729
f 3727//3731 3723//3728 3893//3732 3728//3733
f 3728//3733 3729//3734 3727//3731
f 3723//3728 3727//3731 3724//3729
f 3729//3734 3716//3723 3727//3731
f 3718//3724 3729//3734 3730//3735
f 3718//3724 3716//3723 3729//3734
f 3731//3736 3729//3734 3728//3733
f 3731//3736 3730//3735 3729//3734
f 3735//3737 3730//3735 3731//3736
f 3731//3736 3732//3738 3733//3739
f 3731//3736 3734//3740 3732//3738
f 3728//3733 3734//3740 3731//3736
f 3733//3739 3735//3737 3731//3736
f 3735//3737 3718//3724 3730//3735
f 3735//3737 3736//3741 3718//3724
f 3737//3742 3736//3741 3735//3737
f 3733//3739 3737//3742 3735//3737
f 3739//3743 3738//3744 3737//3742
f 3737//3742 3738//3744 3736//3741
f 3739//3743 3737//3742 3740//3745
f 3741//3746 3740//3745 3737//3742
f 3741//3746 3737//3742 3733//3739
f 3743//3747 3740//3745 3741//3746
f 3741//3746 3733//3739 3742//3748
f 3741//3746 3742//3748 3743//3747
f 3743//3747 3744//3749 3740//3745
f 3743//3747 3742//3748 3747//3750
f 3745//3751 3744//3749 3743//3747
f 3745//3751 3743//3747 3746//3752
f 3743//3747 3750//3753 3746//3752
f 3743//3747 3747//3750 3748//3754
f 3748//3754 3749//3755 3743//3747
f 3743//3747 3749//3755 3750//3753
f 3753//3756 3751//3757 3750//3753
f 3750//3753 3751//3757 3755//3758
f 3753//3756 3750//3753 3749//3755
f 3750//3753 3752//3759 3754//3760
f 3750//3753 3755//3758 3752//3759
f 3750//3753 3754//3760 3746//3752
f 3755//3758 3751//3757 3758//3761
f 3757//3762 3755//3758 3756//3763
f 3755//3758 3758//3761 3756//3763
f 3755//3758 3757//3762 3759//3764
f 3752//3759 3755//3758 3759//3764
f 3759//3764 3754//3760 3752//3759
f 3761//3765 3759//3764 3760//3766
f 3760//3766 3759//3764 3757//3762
f 3761//3765 3762//3767 3759//3764
f 3759//3764 3762//3767 3754//3760
f 3762//3767 3763//3768 3754//3760
f 3762//3767 3764//3769 3763//3768
f 3765//3770 3764//3769 3762//3767
f 3765//3770 3762//3767 3766//3771
f 3761//3765 3766//3771 3762//3767
f 3768//3772 3766//3771 3761//3765
f 3768//3772 3767//3773 3766//3771
f 3767//3773 3765//3770 3766//3771
f 3768//3772 3771//3774 3769//3775
f 3769//3775 3767//3773 3768//3772
f 3768//3772 3761//3765 3760//3766
f 3768//3772 3760//3766 3770//3776
f 3768//3772 3770//3776 3771//3774
f 3771//3774 3772//3777 3769//3775
f 3771//3774 3774//3778 3772//3777
f 3770//3776 3773//3779 3771//3774
f 3771//3774 3773//3779 3774//3778
f 3774//3778 3773//3779 3775//3780
f 3775//3780 3778//3781 3774//3778
f 3776//3782 3774//3778 3778//3781
f 3776//3782 3777//3783 3774//3778
f 3774//3778 3777//3783 3772//3777
f 3778//3781 3775//3780 3779//3784
f 3776//3782 3778//3781 3780//3785
f 3778//3781 3779//3784 3780//3785
f 3782//3786 3781//3787 3780//3785
f 3776//3782 3780//3785 3781//3787
f 3780//3785 3783//3788 3782//3786
f 3780//3785 3779//3784 3784//3789
f 3780//3785 3784//3789 3783//3788
f 3785//3790 3784//3789 3779//3784
f 3784//3789 3785//3790 3786//3791
f 3784//3789 3786//3791 3787//3792
f 3784//3789 3787//3792 3788//3793
f 3784//3789 3788//3793 3783//3788
f 3788//3793 3787//3792 3789//3794
f 3783//3788 3788//3793 3792//3795
f 3789//3794 3791//3796 3788//3793
f 3792//3795 3788//3793 3790//3797
f 3790//3797 3788//3793 3791//3796
f 3792//3795 3793//3798 3782//3786
f 3792//3795 3790//3797 3793//3798
f 3782//3786 3783//3788 3792//3795
f 3793//3798 3794//3799 3796//3800
f 3795//3801 3794//3799 3793//3798
f 3790//3797 3795//3801 3793//3798
f 3793//3798 3796//3800 3782//3786
f 3796//3800 3797//3802 3798//3803
f 3796//3800 3794//3799 3797//3802
f 3796//3800 3798//3803 3782//3786
f 3799//3804 3798//3803 3797//3802
f 3782//3786 3798//3803 3799//3804
f 3797//3802 3800//3805 3799//3804
f 3801//3806 3799//3804 3800//3805
f 3782//3786 3799//3804 3801//3806
f 3776//3782 3801//3806 3802//3807
f 3801//3806 3800//3805 3802//3807
f 3801//3806 3781//3787 3782//3786
f 3776//3782 3781//3787 3801//3806
f 3802//3807 3803//3808 3804//3809
f 3802//3807 3805//3810 3803//3808
f 3802//3807 3804//3809 3776//3782
f 3802//3807 3800//3805 3805//3810
f 3805//3810 3800//3805 3797//3802
f 3806//3811 3805//3810 3797//3802
f 3803//3808 3805//3810 3806//3811
f 3806//3811 3807//3812 3803//3808
f 3807//3812 3806//3811 3809//3813
f 3808//3814 3806//3811 3797//3802
f 3809//3813 3806//3811 3808//3814
f 3810//3815 3809//3813 3812//3816
f 3809//3813 3810//3815 3811//3817
f 3809//3813 3814//3818 3807//3812
f 3809//3813 3811//3817 3814//3818
f 3808//3814 3813//3819 3809//3813
f 3809//3813 3813//3819 3812//3816
f 3772//3777 3814//3818 3815//3820
f 3772//3777 3804//3809 3814//3818
f 3814//3818 3803//3808 3807//3812
f 3814//3818 3804//3809 3803//3808
f 3815//3820 3814//3818 3811//3817
f 3817//3821 3816//3822 3815//3820
f 3815//3820 3816//3822 3772//3777
f 3815//3820 3811//3817 3810//3815
f 3817//3821 3815//3820 3810//3815
f 3822//3823 3818//3824 3817//3821
f 3817//3821 3818//3824 3819//3825
f 3817//3821 3819//3825 3821//3826
f 3816//3822 3817//3821 3820//3827
f 3817//3821 3821//3826 3820//3827
f 3822//3823 3817//3821 3810//3815
f 3812//3816 3822//3823 3810//3815
f 3823//3828 3818//3824 3822//3823
f 3823//3828 3822//3823 3812//3816
f 3812//3816 3824//3829 3823//3828
f 3823//3828 3824//3829 3825//3830
f 3823//3828 3825//3830 3826//3831
f 3823//3828 3826//3831 3818//3824
f 3828//3832 3818//3824 3826//3831
f 3826//3831 3825//3830 3827//3833
f 3826//3831 3827//3833 3828//3832
f 3827//3833 3791//3796 3828//3832
f 3791//3796 3829//3834 3828//3832
f 3828//3832 3829//3834 3818//3824
f 3829//3834 3830//3835 3832//3836
f 3831//3837 3830//3835 3829//3834
f 3831//3837 3829//3834 3791//3796
f 3818//3824 3829//3834 3819//3825
f 3829//3834 3832//3836 3819//3825
f 3832//3836 3833//3838 3835//3839
f 3832//3836 3830//3835 3833//3838
f 3820//3827 3821//3826 3832//3836
f 3832//3836 3834//3840 3820//3827
f 3835//3839 3834//3840 3832//3836
f 3819//3825 3832//3836 3821//3826
f 3764//3769 3835//3839 3836//3841
f 3764//3769 3765//3770 3835//3839
f 3836//3841 3835//3839 3833//3838
f 3835//3839 3765//3770 3834//3840
f 3836//3841 3763//3768 3764//3769
f 3836//3841 3837//3842 3763//3768
f 3838//3843 3837//3842 3836//3841
f 3836//3841 3833//3838 3838//3843
f 3842//3844 3838//3843 3839//3845
f 3838//3843 3841//3846 3839//3845
f 3838//3843 3840//3847 3837//3842
f 3842//3844 3840//3847 3838//3843
f 3838//3843 3833//3838 3841//3846
f 3844//3848 3843//3849 3842//3844
f 3843//3849 3840//3847 3842//3844
f 3839//3845 3844//3848 3842//3844
f 3844//3848 3848//3850 3843//3849
f 3845//3851 3844//3848 3839//3845
f 3845//3851 3846//3852 3844//3848
f 3847//3853 3844//3848 3846//3852
f 3847//3853 3848//3850 3844//3848
f 3847//3853 3849//3854 3848//3850
f 3848//3850 3849//3854 3850//3855
f 3848//3850 3850//3855 3843//3849
f 3852//3856 3850//3855 3849//3854
f 3851//3857 3850//3855 3852//3856
f 3850//3855 3851//3857 3853//3858
f 3850//3855 3853//3858 3843//3849
f 3745//3751 3853//3858 3851//3857
f 3853//3858 3745//3751 3763//3768
f 3853//3858 3763//3768 3837//3842
f 3840//3847 3853//3858 3837//3842
f 3840//3847 3843//3849 3853//3858
f 3852//3856 3849//3854 3854//3859
f 3852//3856 3854//3859 3857//3860
f 3852//3856 3855//3861 3858//3862
f 3852//3856 3857//3860 3855//3861
f 3851//3857 3852//3856 3856//3863
f 3852//3856 3858//3862 3856//3863
f 3855//3861 3736//3741 3858//3862
f 3858//3862 3736//3741 3738//3744
f 3739//3743 3858//3862 3738//3744
f 3739//3743 3856//3863 3858//3862
f 3857//3860 3860//3864 3859//3865
f 3861//3866 3857//3860 3859//3865
f 3857//3860 3862//3867 3860//3864
f 3861//3866 3855//3861 3857//3860
f 3862//3867 3857//3860 3854//3859
f 3862//3867 3863//3868 3860//3864
f 3862//3867 3864//3869 3863//3868
f 3862//3867 3865//3870 3864//3869
f 3862//3867 3866//3871 3865//3870
f 3862//3867 3854//3859 3866//3871
f 3868//3872 3865//3870 3866//3871
f 3849//3854 3866//3871 3854//3859
f 3849//3854 3867//3873 3866//3871
f 3868//3872 3866//3871 3867//3873
f 3870//3874 3868//3872 3867//3873
f 3869//3875 3868//3872 3870//3874
f 3869//3875 3872//3876 3868//3872
f 3871//3877 3868//3872 3872//3876
f 3871//3877 3865//3870 3868//3872
f 3871//3877 3872//3876 3873//3878
f 3869//3875 3873//3878 3872//3876
f 3869//3875 3758//3761 3873//3878
f 3875//3879 3873//3878 3874//3880
f 3874//3880 3873//3878 3758//3761
f 3875//3879 3871//3877 3873//3878
f 3876//3881 3871//3877 3875//3879
f 3875//3879 3879//3882 3876//3881
f 3874//3880 3877//3883 3875//3879
f 3878//3884 3875//3879 3877//3883
f 3879//3882 3875//3879 3878//3884
f 3882//3885 3880//3886 3879//3882
f 3879//3882 3880//3886 3881//3887
f 3879//3882 3881//3887 3876//3881
f 3882//3885 3879//3882 3883//3888
f 3883//3888 3879//3882 3878//3884
f 3885//3889 3882//3885 3883//3888
f 3884//3890 3883//3888 3878//3884
f 3884//3890 3885//3889 3883//3888
f 3734//3740 3886//3891 3885//3889
f 3885//3889 3886//3891 3882//3885
f 3734//3740 3885//3889 3732//3738
f 3747//3750 3885//3889 3884//3890
f 3742//3748 3885//3889 3747//3750
f 3742//3748 3732//3738 3885//3889
f 3728//3733 3886//3891 3734//3740
f 3728//3733 3887//3892 3886//3891
f 3886//3891 3887//3892 3888//3893
f 3886//3891 3888//3893 3882//3885
f 3888//3893 3887//3892 3892//3894 3889//3895
f 3888//3893 3889//3895 3890//3896
f 3888//3893 3880//3886 3882//3885
f 3725//3727 3880//3886 3888//3893 3890//3896
f 3890//3896 3889//3895 3891//3897
f 3725//3727 3890//3896 3891//3897
f 3725//3727 3891//3897 3723//3728
f 3891//3897 3893//3732 3723//3728
f 3889//3895 3892//3894 3891//3897
f 3891//3897 3887//3892 3728//3733 3893//3732
f 3891//3897 3892//3894 3887//3892
f 3894//3898 3747//3750 3884//3890
f 3884//3890 3878//3884 3894//3898
f 3894//3898 3748//3754 3747//3750
f 3753//3756 3748//3754 3894//3898
f 3753//3756 3894//3898 3878//3884
f 3895//3899 3881//3887 3897//3900
f 3895//3899 3863//3868 3881//3887
f 3896//3901 3881//3887 3880//3886
f 3896//3901 3897//3900 3881//3887
f 3876//3881 3881//3887 3863//3868
f 3895//3899 3897//3900 3898//3902 3901//3903
f 3899//3904 3897//3900 3896//3901 3903//3905
f 3899//3904 3898//3902 3897//3900
f 3901//3903 3899//3904 3900//3906
f 3899//3904 3902//3907 3900//3906
f 3901//3903 3898//3902 3899//3904
f 3899//3904 3903//3905 3902//3907
f 3903//3905 3896//3901 3902//3907
f 3900//3906 3902//3907 3495//3500
f 3902//3907 3896//3901 3880//3886 3725//3727
f 3902//3907 3725//3727 3495//3500
f 3904//3908 3905//3909 3901//3903
f 3900//3906 3904//3908 3901//3903
f 3905//3909 3906//3910 3901//3903
f 3895//3899 3901//3903 3906//3910
f 3905//3909 3907//3911 3895//3899 3906//3910
f 3904//3908 3909//3912 3907//3911 3905//3909
f 3907//3911 3863//3868 3895//3899
f 3490//3494 3907//3911 3909//3912
f 3490//3494 3908//3913 3907//3911
f 3908//3913 3860//3864 3907//3911
f 3907//3911 3860//3864 3863//3868
f 3900//3906 3490//3494 3909//3912 3911//3914
f 3911//3914 3909//3912 3910//3915
f 3904//3908 3910//3915 3909//3912
f 3911//3914 3910//3915 3904//3908
f 3900//3906 3911//3914 3904//3908
f 3908//3913 3859//3865 3860//3864
f 3861//3866 3859//3865 3908//3913
f 3861//3866 3908//3913 3717//3721
f 3908//3913 3489//3491 3717//3721
f 3908//3913 3490//3494 3489//3491
f 3493//3495 3900//3906 3495//3500
f 3493//3495 3912//3496 3900//3906
f 3912//3496 3490//3494 3900//3906
f 3878//3884 3877//3883 3753//3756
f 3877//3883 3758//3761 3751//3757
f 3758//3761 3877//3883 3874//3880
f 3753//3756 3877//3883 3751//3757
f 3876//3881 3863//3868 3864//3869
f 3876//3881 3864//3869 3865//3870
f 3876//3881 3865//3870 3871//3877
f 3914//3916 3869//3875 3870//3874
f 3870//3874 3867//3873 3913//3917
f 3914//3916 3870//3874 3913//3917
f 3869//3875 3914//3916 3917//3918
f 3914//3916 3918//3919 3915//3920
f 3915//3920 3916//3921 3914//3916
f 3914//3916 3916//3921 3919//3922
f 3919//3922 3917//3918 3914//3916
f 3914//3916 3913//3917 3918//3919
f 3919//3922 3922//3923 3917//3918
f 3920//3924 3919//3922 3916//3921
f 3920//3924 3921//3925 3919//3922
f 3922//3923 3919//3922 3921//3925
f 3923//3926 3917//3918 3922//3923
f 3923//3926 3922//3923 3921//3925
f 3923//3926 3756//3763 3917//3918
f 3757//3762 3756//3763 3923//3926
f 3923//3926 3921//3925 3924//3927
f 3923//3926 3924//3927 3757//3762
f 3921//3925 3925//3928 3924//3927
f 3757//3762 3924//3927 3925//3928
f 3757//3762 3925//3928 3926//3929
f 3926//3929 3925//3928 3927//3930
f 3927//3930 3925//3928 3928//3931
f 3921//3925 3928//3931 3925//3928
f 3928//3931 3785//3790 3930//3932
f 3928//3931 3929//3933 3785//3790
f 3931//3934 3929//3933 3928//3931
f 3927//3930 3928//3931 3930//3932
f 3921//3925 3931//3934 3928//3931
f 3932//3935 3929//3933 3931//3934
f 3932//3935 3931//3934 3933//3936
f 3934//3937 3933//3936 3931//3934
f 3920//3924 3931//3934 3921//3925
f 3934//3937 3931//3934 3920//3924
f 3934//3937 3845//3851 3933//3936
f 3935//3938 3845//3851 3934//3937
f 3935//3938 3934//3937 3920//3924
f 3846//3852 3845//3851 3935//3938
f 3920//3924 3915//3920 3935//3938
f 3935//3938 3918//3919 3846//3852
f 3915//3920 3918//3919 3935//3938
f 3933//3936 3845//3851 3932//3935
f 3932//3935 3845//3851 3839//3845
f 3839//3845 3841//3846 3932//3935
f 3786//3791 3929//3933 3932//3935
f 3932//3935 3841//3846 3786//3791
f 3927//3930 3930//3932 3779//3784
f 3785//3790 3779//3784 3930//3932
f 3786//3791 3785//3790 3929//3933
f 3926//3929 3927//3930 3936//3939
f 3936//3939 3927//3930 3775//3780
f 3927//3930 3779//3784 3775//3780
f 3770//3776 3926//3929 3936//3939
f 3770//3776 3936//3939 3773//3779
f 3936//3939 3775//3780 3773//3779
f 3770//3776 3760//3766 3926//3929
f 3760//3766 3757//3762 3926//3929
f 3920//3924 3916//3921 3915//3920
f 3846//3852 3918//3919 3913//3917
f 3756//3763 3869//3875 3917//3918
f 3913//3917 3867//3873 3847//3853
f 3846//3852 3913//3917 3847//3853
f 3756//3763 3758//3761 3869//3875
f 3847//3853 3867//3873 3849//3854
f 3736//3741 3861//3866 3717//3721
f 3855//3861 3861//3866 3736//3741
f 3744//3749 3851//3857 3856//3863
f 3744//3749 3856//3863 3739//3743
f 3745//3751 3851//3857 3744//3749
f 3841//3846 3833//3838 3937//3940
f 3841//3846 3937//3940 3786//3791
f 3937//3940 3787//3792 3786//3791
f 3833//3838 3830//3835 3937//3940
f 3787//3792 3937//3940 3831//3837
f 3831//3837 3937//3940 3830//3835
f 3820//3827 3834//3840 3767//3773
f 3767//3773 3834//3840 3765//3770
f 3789//3794 3787//3792 3831//3837
f 3789//3794 3831//3837 3791//3796
f 3938//3941 3791//3796 3827//3833
f 3825//3830 3939//3942 3827//3833
f 3827//3833 3939//3942 3938//3941
f 3943//3943 3940//3944 3939//3942
f 3940//3944 3941//3945 3939//3942
f 3942//3946 3939//3942 3795//3801
f 3939//3942 3941//3945 3795//3801
f 3942//3946 3938//3941 3939//3942
f 3943//3943 3939//3942 3824//3829
f 3825//3830 3824//3829 3939//3942
f 3797//3802 3940//3944 3943//3943
f 3943//3943 3944//3947 3797//3802
f 3812//3816 3944//3947 3943//3943
f 3812//3816 3943//3943 3824//3829
f 3944//3947 3813//3819 3797//3802
f 3813//3819 3944//3947 3812//3816
f 3942//3946 3791//3796 3938//3941
f 3790//3797 3791//3796 3942//3946
f 3790//3797 3942//3946 3795//3801
f 3795//3801 3941//3945 3794//3799
f 3794//3799 3941//3945 3797//3802
f 3797//3802 3941//3945 3940//3944
f 3816//3822 3820//3827 3769//3775
f 3820//3827 3767//3773 3769//3775
f 3769//3775 3772//3777 3816//3822
f 3797//3802 3813//3819 3808//3814
f 3772//3777 3777//3783 3804//3809
f 3804//3809 3777//3783 3776//3782
f 3754//3760 3763//3768 3745//3751
f 3754//3760 3745//3751 3746//3752
f 3753//3756 3749//3755 3748//3754
f 3740//3745 3744//3749 3739//3743
f 3733//3739 3732//3738 3742//3748
f 3736//3741 3717//3721 3718//3724
f 3684//3689 3689//3693 3686//3690
f 3505//3509 3675//3679 3945//3948
f 3505//3509 3504//3508 3675//3679
f 3666//3670 3945//3948 3675//3679
f 3507//3511 3505//3509 3945//3948
f 3514//3519 3507//3511 3945//3948
f 3666//3670 3664//3668 3945//3948
f 3514//3519 3945//3948 3664//3668
f 3670//3674 3668//3673 3537//3541
f 3537//3541 3946//3949 3670//3674
f 3946//3949 3658//3663 3670//3674
f 3946//3949 3537//3541 3538//3542
f 3946//3949 3651//3655 3658//3663
f 3651//3655 3946//3949 3649//3654
f 3946//3949 3538//3542 3649//3654
f 3535//3538 3668//3673 3669//3675
f 3537//3541 3668//3673 3534//3539
f 3534//3539 3668//3673 3535//3538
f 3649//3654 3538//3542 3544//3549
f 3543//3548 3647//3649 3646//3652
f 3947//3950 3647//3649 3543//3548
f 3947//3950 3600//3605 3647//3649
f 3647//3649 3600//3605 3603//3604
f 3647//3649 3603//3604 3643//3647
f 3542//3547 3947//3950 3543//3548
f 3947//3950 3542//3547 3549//3554
f 3600//3605 3947//3950 3948//3951
f 3948//3951 3947//3950 3549//3554
f 3948//3951 3549//3554 3550//3555
f 3598//3603 3600//3605 3948//3951
f 3948//3951 3949//3952 3598//3603
f 3551//3556 3949//3952 3948//3951
f 3551//3556 3948//3951 3550//3555
f 3551//3556 3555//3560 3949//3952
f 3949//3952 3555//3560 3598//3603
f 3646//3652 3544//3549 3543//3548
f 3634//3638 3632//3636 3526//3529
f 3526//3529 3632//3636 3528//3532
f 3609//3614 3602//3608 3601//3607
f 3577//3582 3607//3611 3579//3584
f 3605//3609 3582//3586 3581//3585
f 3589//3593 3582//3586 3605//3609
f 3582//3586 3589//3593 3585//3589
f 3571//3575 3570//3574 3577//3582
f 3565//3570 3564//3569 3573//3578
f 3540//3544 3531//3536 3530//3535
f 3519//3524 3518//3522 3524//3528
f 3510//3514 3491//3493 3509//3513
f 3492//3497 3509//3513 3491//3493
f 3498//3503 3950//3953 3503//3507
f 3499//3504 3503//3507 3950//3953
f 3499//3504 3950//3953 3498//3503
