# Blender 4.0.2
# www.blender.org
o NeedleHolder
v 0.351449 0.934859 0.936110
v 0.352100 0.935417 0.936163
v 0.351662 0.935269 0.936147
v 0.368185 0.933394 0.936110
v 0.367641 0.934057 0.936163
v 0.368048 0.933835 0.936147
v 0.351434 0.934680 0.934807
v 0.352082 0.935201 0.934590
v 0.351644 0.935064 0.934656
v 0.368170 0.933215 0.934807
v 0.367622 0.933841 0.934590
v 0.368030 0.933630 0.934656
v 0.351370 0.933955 0.933712
v 0.352005 0.934326 0.933266
v 0.351571 0.934234 0.933401
v 0.368106 0.932491 0.933712
v 0.367546 0.932966 0.933266
v 0.367957 0.932801 0.933401
v 0.351272 0.932829 0.933040
v 0.351886 0.932965 0.932454
v 0.351458 0.932945 0.932632
v 0.368008 0.931365 0.933040
v 0.367427 0.931605 0.932454
v 0.367844 0.931511 0.932632
v 0.351158 0.931524 0.932926
v 0.351748 0.931388 0.932316
v 0.351328 0.931450 0.932501
v 0.367894 0.930060 0.932926
v 0.367289 0.930028 0.932316
v 0.367713 0.930017 0.932501
v 0.351050 0.930299 0.933391
v 0.351618 0.929908 0.932878
v 0.351205 0.930047 0.933033
v 0.367786 0.928835 0.933391
v 0.367159 0.928548 0.932878
v 0.367591 0.928614 0.933033
v 0.350971 0.929396 0.934343
v 0.351523 0.928817 0.934029
v 0.351114 0.929013 0.934124
v 0.367707 0.927932 0.934343
v 0.367064 0.927457 0.934029
v 0.367500 0.927580 0.934124
v 0.350936 0.928994 0.935595
v 0.351481 0.928331 0.935541
v 0.351074 0.928554 0.935557
v 0.367672 0.927530 0.935595
v 0.367021 0.926972 0.935541
v 0.367460 0.927120 0.935557
v 0.350952 0.929173 0.936897
v 0.351499 0.928548 0.937115
v 0.351092 0.928759 0.937049
v 0.367688 0.927709 0.936897
v 0.367040 0.927188 0.937115
v 0.367478 0.927325 0.937049
v 0.351015 0.929898 0.937993
v 0.351576 0.929423 0.938439
v 0.351165 0.929588 0.938304
v 0.367751 0.928434 0.937993
v 0.367117 0.928063 0.938439
v 0.367551 0.928154 0.938304
v 0.351114 0.931024 0.938665
v 0.351695 0.930784 0.939250
v 0.351277 0.930878 0.939073
v 0.367850 0.929560 0.938665
v 0.367236 0.929424 0.939250
v 0.367663 0.929444 0.939073
v 0.351228 0.932329 0.938779
v 0.351833 0.932360 0.939389
v 0.351408 0.932372 0.939204
v 0.367964 0.930865 0.938779
v 0.367374 0.931001 0.939389
v 0.367794 0.930938 0.939204
v 0.351335 0.933554 0.938314
v 0.351963 0.933841 0.938827
v 0.351531 0.933775 0.938671
v 0.368071 0.932090 0.938314
v 0.367503 0.932481 0.938827
v 0.367917 0.932341 0.938671
v 0.351414 0.934457 0.937361
v 0.352058 0.934932 0.937676
v 0.351621 0.934809 0.937580
v 0.368150 0.932993 0.937361
v 0.367599 0.933572 0.937676
v 0.368007 0.933375 0.937580
v 0.351193 0.931927 0.942152
v 0.351193 0.931927 0.929552
v 0.353300 0.934827 0.940874
v 0.352687 0.933984 0.941471
v 0.353013 0.934431 0.941229
v 0.354753 0.935854 0.939002
v 0.353827 0.936527 0.939002
v 0.354150 0.935997 0.939427
v 0.354336 0.936252 0.939002
v 0.355250 0.936536 0.935852
v 0.354323 0.937209 0.935852
v 0.354829 0.936931 0.935852
v 0.353827 0.936527 0.932702
v 0.354753 0.935854 0.932702
v 0.354150 0.935997 0.932278
v 0.354336 0.936252 0.932702
v 0.352687 0.933984 0.930234
v 0.353300 0.934827 0.930831
v 0.353013 0.934431 0.930476
v 0.353611 0.932712 0.941471
v 0.354602 0.933034 0.940874
v 0.354137 0.932883 0.941229
v 0.356382 0.933011 0.939002
v 0.356028 0.934099 0.939002
v 0.355978 0.933481 0.939427
v 0.356278 0.933579 0.939002
v 0.357184 0.933271 0.935852
v 0.356831 0.934360 0.935852
v 0.357076 0.933838 0.935852
v 0.356028 0.934099 0.932702
v 0.356382 0.933011 0.932702
v 0.355978 0.933481 0.932278
v 0.356278 0.933579 0.932702
v 0.354602 0.933034 0.930831
v 0.353611 0.932712 0.930234
v 0.354137 0.932883 0.930476
v 0.353611 0.931141 0.941471
v 0.354602 0.930819 0.940874
v 0.354137 0.930970 0.941229
v 0.356028 0.929754 0.939002
v 0.356382 0.930843 0.939002
v 0.355978 0.930372 0.939427
v 0.356278 0.930274 0.939002
v 0.356831 0.929493 0.935852
v 0.357184 0.930582 0.935852
v 0.357076 0.930015 0.935852
v 0.356382 0.930843 0.932702
v 0.356028 0.929754 0.932702
v 0.355978 0.930372 0.932278
v 0.356278 0.930274 0.932702
v 0.354602 0.930819 0.930831
v 0.353611 0.931141 0.930234
v 0.354137 0.930970 0.930476
v 0.352687 0.929869 0.941471
v 0.353300 0.929026 0.940874
v 0.353013 0.929422 0.941229
v 0.353827 0.927327 0.939002
v 0.354753 0.928000 0.939002
v 0.354150 0.927856 0.939427
v 0.354336 0.927601 0.939002
v 0.354323 0.926644 0.935852
v 0.355250 0.927317 0.935852
v 0.354829 0.926922 0.935852
v 0.354753 0.928000 0.932702
v 0.353827 0.927327 0.932702
v 0.354150 0.927856 0.932278
v 0.354336 0.927601 0.932702
v 0.353300 0.929026 0.930831
v 0.352687 0.929869 0.930234
v 0.353013 0.929422 0.930476
v 0.351193 0.929384 0.941471
v 0.351193 0.928342 0.940874
v 0.351193 0.928831 0.941229
v 0.350620 0.926657 0.939002
v 0.351765 0.926657 0.939002
v 0.351193 0.926895 0.939427
v 0.351193 0.926580 0.939002
v 0.350620 0.925813 0.935852
v 0.351765 0.925813 0.935852
v 0.351193 0.925741 0.935852
v 0.351765 0.926657 0.932702
v 0.350620 0.926657 0.932702
v 0.351193 0.926895 0.932278
v 0.351193 0.926580 0.932702
v 0.351193 0.928342 0.930831
v 0.351193 0.929384 0.930234
v 0.351193 0.928831 0.930476
v 0.349698 0.929869 0.941471
v 0.349086 0.929026 0.940874
v 0.349373 0.929422 0.941229
v 0.347632 0.928000 0.939002
v 0.348558 0.927327 0.939002
v 0.348235 0.927856 0.939427
v 0.348050 0.927601 0.939002
v 0.347136 0.927317 0.935852
v 0.348062 0.926644 0.935852
v 0.347557 0.926922 0.935852
v 0.348558 0.927327 0.932702
v 0.347632 0.928000 0.932702
v 0.348235 0.927856 0.932278
v 0.348050 0.927601 0.932702
v 0.349086 0.929026 0.930831
v 0.349698 0.929869 0.930234
v 0.349373 0.929422 0.930476
v 0.348774 0.931141 0.941471
v 0.347783 0.930819 0.940874
v 0.348248 0.930970 0.941229
v 0.346004 0.930843 0.939002
v 0.346358 0.929754 0.939002
v 0.346407 0.930372 0.939427
v 0.346107 0.930274 0.939002
v 0.345201 0.930582 0.935852
v 0.345555 0.929493 0.935852
v 0.345310 0.930015 0.935852
v 0.346358 0.929754 0.932702
v 0.346004 0.930843 0.932702
v 0.346407 0.930372 0.932278
v 0.346107 0.930274 0.932702
v 0.347783 0.930819 0.930831
v 0.348774 0.931141 0.930234
v 0.348248 0.930970 0.930476
v 0.348774 0.932712 0.941471
v 0.347783 0.933034 0.940874
v 0.348248 0.932883 0.941229
v 0.346358 0.934099 0.939002
v 0.346004 0.933011 0.939002
v 0.346407 0.933481 0.939427
v 0.346107 0.933579 0.939002
v 0.345555 0.934360 0.935852
v 0.345201 0.933271 0.935852
v 0.345310 0.933838 0.935852
v 0.346004 0.933011 0.932702
v 0.346358 0.934099 0.932702
v 0.346407 0.933481 0.932278
v 0.346107 0.933579 0.932702
v 0.347783 0.933034 0.930831
v 0.348774 0.932712 0.930234
v 0.348248 0.932883 0.930476
v 0.349698 0.933984 0.941471
v 0.349086 0.934827 0.940874
v 0.349373 0.934431 0.941229
v 0.348558 0.936527 0.939002
v 0.347632 0.935854 0.939002
v 0.348235 0.935997 0.939427
v 0.348050 0.936252 0.939002
v 0.348062 0.937209 0.935852
v 0.347136 0.936536 0.935852
v 0.347557 0.936931 0.935852
v 0.347632 0.935854 0.932702
v 0.348558 0.936527 0.932702
v 0.348235 0.935997 0.932278
v 0.348050 0.936252 0.932702
v 0.349086 0.934827 0.930831
v 0.349698 0.933984 0.930234
v 0.349373 0.934431 0.930476
v 0.351193 0.934469 0.941471
v 0.351193 0.935511 0.940874
v 0.351193 0.935023 0.941229
v 0.351765 0.937196 0.939002
v 0.350620 0.937196 0.939002
v 0.351193 0.936958 0.939427
v 0.351193 0.937274 0.939002
v 0.351765 0.938041 0.935852
v 0.350620 0.938041 0.935852
v 0.351193 0.938112 0.935852
v 0.350620 0.937196 0.932702
v 0.351765 0.937196 0.932702
v 0.351193 0.936958 0.932278
v 0.351193 0.937274 0.932702
v 0.351193 0.935511 0.930831
v 0.351193 0.934469 0.930234
v 0.351193 0.935023 0.930476
v 0.351504 0.935484 0.935540
v 0.350960 0.936147 0.935486
v 0.351366 0.935925 0.935503
v 0.291732 0.940713 0.935540
v 0.292383 0.941272 0.935486
v 0.291945 0.941124 0.935503
v 0.351485 0.935267 0.937120
v 0.350937 0.935893 0.937338
v 0.351345 0.935682 0.937272
v 0.291713 0.940496 0.937120
v 0.292361 0.941017 0.937338
v 0.291923 0.940880 0.937272
v 0.351408 0.934388 0.938449
v 0.350847 0.934863 0.938895
v 0.351259 0.934698 0.938760
v 0.291636 0.939617 0.938449
v 0.292271 0.939988 0.938895
v 0.291837 0.939896 0.938760
v 0.351289 0.933022 0.939264
v 0.350707 0.933262 0.939850
v 0.351125 0.933168 0.939672
v 0.291517 0.938251 0.939264
v 0.292131 0.938387 0.939850
v 0.291703 0.938367 0.939672
v 0.351150 0.931439 0.939403
v 0.350545 0.931407 0.940013
v 0.350970 0.931395 0.939828
v 0.291378 0.936668 0.939403
v 0.291969 0.936532 0.940013
v 0.291548 0.936594 0.939828
v 0.351020 0.929952 0.938839
v 0.350393 0.929665 0.939352
v 0.350824 0.929731 0.939196
v 0.291248 0.935181 0.938839
v 0.291816 0.934790 0.939352
v 0.291403 0.934930 0.939196
v 0.350924 0.928857 0.937683
v 0.350280 0.928382 0.937998
v 0.350717 0.928505 0.937902
v 0.291152 0.934086 0.937683
v 0.291704 0.933507 0.937998
v 0.291295 0.933703 0.937902
v 0.350882 0.928369 0.936165
v 0.350230 0.927811 0.936218
v 0.350669 0.927959 0.936202
v 0.291110 0.933599 0.936165
v 0.291654 0.932936 0.936218
v 0.291248 0.933158 0.936202
v 0.350901 0.928587 0.934584
v 0.350253 0.928065 0.934367
v 0.350690 0.928202 0.934433
v 0.291129 0.933816 0.934584
v 0.291676 0.933190 0.934367
v 0.291269 0.933401 0.934433
v 0.350977 0.929465 0.933255
v 0.350343 0.929095 0.932809
v 0.350777 0.929186 0.932945
v 0.291206 0.934695 0.933255
v 0.291766 0.934220 0.932809
v 0.291355 0.934385 0.932945
v 0.351097 0.930832 0.932440
v 0.350483 0.930696 0.931855
v 0.350910 0.930716 0.932032
v 0.291325 0.936061 0.932440
v 0.291907 0.935821 0.931855
v 0.291489 0.935915 0.932032
v 0.351235 0.932415 0.932301
v 0.350645 0.932551 0.931692
v 0.351065 0.932489 0.931877
v 0.291464 0.937644 0.932301
v 0.292069 0.937676 0.931692
v 0.291644 0.937687 0.931877
v 0.351366 0.933901 0.932866
v 0.350797 0.934293 0.932353
v 0.351211 0.934153 0.932508
v 0.291594 0.939131 0.932866
v 0.292221 0.939417 0.932353
v 0.291790 0.939352 0.932508
v 0.351461 0.934997 0.934021
v 0.350910 0.935576 0.933707
v 0.351318 0.935379 0.933802
v 0.291690 0.940226 0.934021
v 0.292333 0.940701 0.933707
v 0.291897 0.940578 0.933802
v 0.368137 0.932349 0.936013
v 0.368782 0.932908 0.935909
v 0.368353 0.932759 0.936003
v 0.379294 0.931373 0.933013
v 0.378784 0.932033 0.933220
v 0.379172 0.931812 0.933094
v 0.367910 0.932252 0.935202
v 0.368482 0.932780 0.934836
v 0.368075 0.932640 0.935010
v 0.379068 0.931276 0.932202
v 0.378485 0.931905 0.932147
v 0.378895 0.931694 0.932101
v 0.367688 0.931801 0.934519
v 0.368187 0.932183 0.933933
v 0.367802 0.932088 0.934174
v 0.378845 0.930825 0.931519
v 0.378190 0.931308 0.931244
v 0.378622 0.931141 0.931265
v 0.367512 0.931085 0.934101
v 0.367955 0.931236 0.933380
v 0.367588 0.931210 0.933661
v 0.378670 0.930109 0.931101
v 0.377958 0.930361 0.930691
v 0.378407 0.930264 0.930752
v 0.367420 0.930246 0.934030
v 0.367833 0.930125 0.933286
v 0.367474 0.930182 0.933574
v 0.378577 0.929269 0.931030
v 0.377835 0.929250 0.930596
v 0.378294 0.929235 0.930665
v 0.367428 0.929449 0.934319
v 0.367844 0.929071 0.933669
v 0.367484 0.929206 0.933929
v 0.378585 0.928473 0.931319
v 0.377846 0.928196 0.930979
v 0.378304 0.928259 0.931020
v 0.367535 0.928853 0.934913
v 0.367986 0.928283 0.934454
v 0.367616 0.928476 0.934656
v 0.378693 0.927877 0.931913
v 0.377988 0.927408 0.931764
v 0.378435 0.927529 0.931747
v 0.367721 0.928576 0.935692
v 0.368231 0.927916 0.935485
v 0.367843 0.928136 0.935610
v 0.378878 0.927600 0.932692
v 0.378233 0.927041 0.932795
v 0.378662 0.927190 0.932701
v 0.367947 0.928672 0.936503
v 0.368531 0.928044 0.936558
v 0.368120 0.928255 0.936604
v 0.379105 0.927696 0.933503
v 0.378533 0.927169 0.933869
v 0.378940 0.927308 0.933695
v 0.368170 0.929124 0.937185
v 0.368825 0.928640 0.937461
v 0.368394 0.928807 0.937440
v 0.379328 0.928147 0.934185
v 0.378828 0.927765 0.934771
v 0.379213 0.927861 0.934531
v 0.368345 0.929840 0.937603
v 0.369057 0.929588 0.938014
v 0.368608 0.929685 0.937952
v 0.379503 0.928864 0.934603
v 0.379060 0.928713 0.935324
v 0.379427 0.928738 0.935043
v 0.368438 0.930679 0.937675
v 0.369180 0.930699 0.938108
v 0.368722 0.930713 0.938040
v 0.379595 0.929703 0.934675
v 0.379182 0.929824 0.935419
v 0.379541 0.929767 0.935131
v 0.368430 0.931476 0.937385
v 0.369169 0.931753 0.937725
v 0.368712 0.931689 0.937685
v 0.379587 0.930500 0.934385
v 0.379172 0.930878 0.935036
v 0.379531 0.930743 0.934776
v 0.368322 0.932072 0.936792
v 0.369027 0.932541 0.936940
v 0.368580 0.932419 0.936958
v 0.379480 0.931095 0.933792
v 0.379029 0.931666 0.934251
v 0.379399 0.931473 0.934049
v 0.301719 0.936633 0.935852
v 0.301719 0.937679 0.935852
v 0.301838 0.937156 0.935852
v 0.301523 0.936293 0.935852
v 0.300606 0.935770 0.935852
v 0.301126 0.935923 0.935852
v 0.299319 0.936293 0.935852
v 0.300237 0.935770 0.935852
v 0.299716 0.935923 0.935852
v 0.299123 0.936633 0.935852
v 0.299123 0.937679 0.935852
v 0.299004 0.937156 0.935852
v 0.300237 0.938542 0.935852
v 0.299319 0.938019 0.935852
v 0.299716 0.938388 0.935852
v 0.300606 0.938542 0.935852
v 0.301523 0.938019 0.935852
v 0.301126 0.938388 0.935852
v 0.300699 0.937679 0.940320
v 0.300699 0.936633 0.940320
v 0.300806 0.937156 0.940372
v 0.300523 0.936293 0.940235
v 0.299696 0.935770 0.939837
v 0.300165 0.935923 0.940063
v 0.299363 0.935770 0.939677
v 0.298537 0.936293 0.939279
v 0.298895 0.935923 0.939451
v 0.298360 0.936633 0.939194
v 0.298360 0.937679 0.939194
v 0.298253 0.937156 0.939142
v 0.298537 0.938019 0.939279
v 0.299364 0.938542 0.939677
v 0.298895 0.938388 0.939451
v 0.299696 0.938542 0.939837
v 0.300523 0.938019 0.940235
v 0.300165 0.938388 0.940063
v 0.297842 0.937679 0.943904
v 0.297842 0.936633 0.943904
v 0.297916 0.937156 0.943997
v 0.297719 0.936293 0.943750
v 0.297148 0.935770 0.943033
v 0.297472 0.935923 0.943440
v 0.296917 0.935770 0.942744
v 0.296345 0.936293 0.942027
v 0.296593 0.935923 0.942338
v 0.296223 0.936633 0.941874
v 0.296223 0.937679 0.941874
v 0.296149 0.937156 0.941781
v 0.296345 0.938019 0.942027
v 0.296917 0.938542 0.942744
v 0.296593 0.938388 0.942338
v 0.297148 0.938542 0.943033
v 0.297719 0.938019 0.943750
v 0.297472 0.938388 0.943440
v 0.293713 0.937679 0.945892
v 0.293713 0.936633 0.945892
v 0.293739 0.937156 0.946008
v 0.293465 0.935770 0.944807
v 0.293669 0.936293 0.945701
v 0.293581 0.935923 0.945314
v 0.293383 0.935770 0.944447
v 0.293179 0.936293 0.943552
v 0.293267 0.935923 0.943939
v 0.293135 0.936633 0.943361
v 0.293135 0.937679 0.943361
v 0.293108 0.937156 0.943245
v 0.293179 0.938019 0.943552
v 0.293383 0.938542 0.944447
v 0.293267 0.938388 0.943939
v 0.293465 0.938542 0.944807
v 0.293669 0.938019 0.945701
v 0.293581 0.938388 0.945314
v 0.289130 0.937679 0.945892
v 0.289130 0.936633 0.945892
v 0.289103 0.937156 0.946008
v 0.289173 0.936293 0.945701
v 0.289377 0.935770 0.944807
v 0.289262 0.935923 0.945314
v 0.289664 0.936293 0.943552
v 0.289459 0.935770 0.944447
v 0.289575 0.935923 0.943939
v 0.289707 0.936633 0.943361
v 0.289707 0.937679 0.943361
v 0.289734 0.937156 0.943245
v 0.289664 0.938019 0.943552
v 0.289459 0.938542 0.944447
v 0.289575 0.938388 0.943939
v 0.289173 0.938019 0.945701
v 0.289377 0.938542 0.944807
v 0.289262 0.938388 0.945314
v 0.285000 0.937679 0.943904
v 0.285000 0.936633 0.943904
v 0.284926 0.937156 0.943997
v 0.285123 0.936293 0.943750
v 0.285695 0.935770 0.943033
v 0.285370 0.935923 0.943440
v 0.285925 0.935770 0.942744
v 0.286497 0.936293 0.942027
v 0.286249 0.935923 0.942338
v 0.286619 0.936633 0.941874
v 0.286619 0.937679 0.941874
v 0.286693 0.937156 0.941781
v 0.286497 0.938019 0.942027
v 0.285925 0.938542 0.942744
v 0.286249 0.938388 0.942338
v 0.285695 0.938542 0.943033
v 0.285123 0.938019 0.943750
v 0.285370 0.938388 0.943440
v 0.282143 0.937679 0.940320
v 0.282143 0.936633 0.940320
v 0.282036 0.937156 0.940372
v 0.282320 0.936293 0.940235
v 0.283146 0.935770 0.939837
v 0.282677 0.935923 0.940063
v 0.283479 0.935770 0.939677
v 0.284305 0.936293 0.939279
v 0.283947 0.935923 0.939451
v 0.284482 0.936633 0.939194
v 0.284482 0.937679 0.939194
v 0.284589 0.937156 0.939142
v 0.284305 0.938019 0.939279
v 0.283479 0.938542 0.939677
v 0.283947 0.938388 0.939451
v 0.283146 0.938542 0.939837
v 0.282320 0.938019 0.940235
v 0.282677 0.938388 0.940063
v 0.281123 0.937679 0.935852
v 0.281123 0.936633 0.935852
v 0.281004 0.937156 0.935852
v 0.281319 0.936293 0.935852
v 0.282237 0.935770 0.935852
v 0.281716 0.935923 0.935852
v 0.282606 0.935770 0.935852
v 0.283523 0.936293 0.935852
v 0.283126 0.935923 0.935852
v 0.283719 0.936633 0.935852
v 0.283719 0.937679 0.935852
v 0.283838 0.937156 0.935852
v 0.283523 0.938019 0.935852
v 0.282606 0.938542 0.935852
v 0.283126 0.938388 0.935852
v 0.282237 0.938542 0.935852
v 0.281319 0.938019 0.935852
v 0.281716 0.938388 0.935852
v 0.282143 0.937679 0.931384
v 0.282143 0.936633 0.931384
v 0.282036 0.937156 0.931333
v 0.282320 0.936293 0.931469
v 0.283146 0.935770 0.931867
v 0.282677 0.935923 0.931642
v 0.283479 0.935770 0.932027
v 0.284305 0.936293 0.932425
v 0.283947 0.935923 0.932253
v 0.284482 0.936633 0.932511
v 0.284482 0.937679 0.932511
v 0.284589 0.937156 0.932562
v 0.284305 0.938019 0.932425
v 0.283479 0.938542 0.932027
v 0.283947 0.938388 0.932253
v 0.283146 0.938542 0.931867
v 0.282320 0.938019 0.931469
v 0.282677 0.938388 0.931642
v 0.285000 0.937679 0.927801
v 0.285000 0.936633 0.927801
v 0.284926 0.937156 0.927708
v 0.285123 0.936293 0.927954
v 0.285695 0.935770 0.928672
v 0.285370 0.935923 0.928265
v 0.285925 0.935770 0.928960
v 0.286497 0.936293 0.929677
v 0.286249 0.935923 0.929367
v 0.286619 0.936633 0.929831
v 0.286619 0.937679 0.929831
v 0.286693 0.937156 0.929924
v 0.286497 0.938019 0.929677
v 0.285925 0.938542 0.928960
v 0.286249 0.938388 0.929367
v 0.285695 0.938542 0.928672
v 0.285123 0.938019 0.927954
v 0.285370 0.938388 0.928265
v 0.289130 0.937679 0.925812
v 0.289130 0.936633 0.925812
v 0.289103 0.937156 0.925696
v 0.289173 0.936293 0.926004
v 0.289377 0.935770 0.926898
v 0.289262 0.935923 0.926391
v 0.289459 0.935770 0.927258
v 0.289664 0.936293 0.928152
v 0.289575 0.935923 0.927765
v 0.289707 0.936633 0.928344
v 0.289707 0.937679 0.928344
v 0.289734 0.937156 0.928459
v 0.289664 0.938019 0.928152
v 0.289459 0.938542 0.927258
v 0.289575 0.938388 0.927765
v 0.289377 0.938542 0.926898
v 0.289173 0.938019 0.926004
v 0.289262 0.938388 0.926391
v 0.293713 0.937679 0.925812
v 0.293713 0.936633 0.925812
v 0.293739 0.937156 0.925696
v 0.293669 0.936293 0.926004
v 0.293465 0.935770 0.926898
v 0.293581 0.935923 0.926391
v 0.293383 0.935770 0.927258
v 0.293179 0.936293 0.928152
v 0.293267 0.935923 0.927765
v 0.293135 0.936633 0.928344
v 0.293135 0.937679 0.928344
v 0.293108 0.937156 0.928459
v 0.293179 0.938019 0.928152
v 0.293383 0.938542 0.927258
v 0.293267 0.938388 0.927765
v 0.293465 0.938542 0.926898
v 0.293669 0.938019 0.926004
v 0.293581 0.938388 0.926391
v 0.297842 0.937679 0.927801
v 0.297842 0.936633 0.927801
v 0.297916 0.937156 0.927708
v 0.297719 0.936293 0.927954
v 0.297148 0.935770 0.928672
v 0.297472 0.935923 0.928265
v 0.296917 0.935770 0.928960
v 0.296345 0.936293 0.929677
v 0.296593 0.935923 0.929367
v 0.296223 0.936633 0.929831
v 0.296223 0.937679 0.929831
v 0.296149 0.937156 0.929924
v 0.296345 0.938019 0.929677
v 0.296917 0.938542 0.928960
v 0.296593 0.938388 0.929367
v 0.297148 0.938542 0.928672
v 0.297719 0.938019 0.927954
v 0.297472 0.938388 0.928265
v 0.300699 0.937679 0.931384
v 0.300699 0.936633 0.931384
v 0.300806 0.937156 0.931333
v 0.299696 0.935770 0.931867
v 0.300523 0.936293 0.931469
v 0.300165 0.935923 0.931641
v 0.299363 0.935770 0.932027
v 0.298537 0.936293 0.932425
v 0.298895 0.935923 0.932253
v 0.298360 0.937679 0.932511
v 0.298360 0.936633 0.932511
v 0.298253 0.937156 0.932562
v 0.298537 0.938019 0.932425
v 0.299363 0.938542 0.932027
v 0.298895 0.938388 0.932253
v 0.300523 0.938019 0.931469
v 0.299696 0.938542 0.931867
v 0.300165 0.938388 0.931641
v 0.350882 0.935484 0.936165
v 0.350230 0.936042 0.936218
v 0.350669 0.935894 0.936202
v 0.291110 0.930255 0.936165
v 0.291654 0.930918 0.936218
v 0.291248 0.930695 0.936202
v 0.350924 0.934997 0.937683
v 0.350280 0.935471 0.937998
v 0.350717 0.935349 0.937902
v 0.291152 0.929767 0.937683
v 0.291704 0.930347 0.937998
v 0.291295 0.930150 0.937902
v 0.351020 0.933901 0.938839
v 0.350393 0.934188 0.939352
v 0.350824 0.934122 0.939196
v 0.291248 0.928672 0.938839
v 0.291816 0.929063 0.939352
v 0.291403 0.928923 0.939196
v 0.351150 0.932415 0.939403
v 0.350545 0.932446 0.940013
v 0.350970 0.932458 0.939828
v 0.291378 0.927185 0.939403
v 0.291969 0.927321 0.940013
v 0.291548 0.927259 0.939828
v 0.351289 0.930831 0.939264
v 0.350707 0.930591 0.939850
v 0.351125 0.930685 0.939672
v 0.291517 0.925602 0.939264
v 0.292131 0.925466 0.939850
v 0.291703 0.925486 0.939672
v 0.351408 0.929465 0.938449
v 0.350847 0.928990 0.938895
v 0.351259 0.929155 0.938760
v 0.291636 0.924236 0.938449
v 0.292271 0.923866 0.938895
v 0.291837 0.923957 0.938760
v 0.351485 0.928586 0.937120
v 0.350937 0.927961 0.937338
v 0.351345 0.928172 0.937272
v 0.291713 0.923357 0.937120
v 0.292361 0.922836 0.937338
v 0.291923 0.922973 0.937272
v 0.351504 0.928369 0.935540
v 0.350960 0.927706 0.935486
v 0.351366 0.927928 0.935503
v 0.291732 0.923140 0.935540
v 0.292383 0.922581 0.935486
v 0.291945 0.922730 0.935503
v 0.351461 0.928856 0.934021
v 0.350910 0.928277 0.933707
v 0.351318 0.928474 0.933802
v 0.291690 0.923627 0.934021
v 0.292333 0.923152 0.933707
v 0.291897 0.923275 0.933802
v 0.351366 0.929952 0.932866
v 0.350797 0.929561 0.932353
v 0.351211 0.929700 0.932508
v 0.291594 0.924723 0.932866
v 0.292221 0.924436 0.932353
v 0.291790 0.924502 0.932508
v 0.351235 0.931438 0.932301
v 0.350645 0.931302 0.931692
v 0.351066 0.931365 0.931877
v 0.291464 0.926209 0.932301
v 0.292069 0.926178 0.931692
v 0.291644 0.926166 0.931877
v 0.351097 0.933022 0.932440
v 0.350483 0.933157 0.931855
v 0.350910 0.933137 0.932032
v 0.291325 0.927792 0.932440
v 0.291907 0.928032 0.931855
v 0.291489 0.927939 0.932032
v 0.350977 0.934388 0.933255
v 0.350343 0.934758 0.932809
v 0.350777 0.934667 0.932945
v 0.291206 0.929158 0.933255
v 0.291766 0.929633 0.932809
v 0.291355 0.929468 0.932945
v 0.350901 0.935267 0.934584
v 0.350253 0.935788 0.934367
v 0.350691 0.935651 0.934433
v 0.291129 0.930037 0.934584
v 0.291676 0.930663 0.934367
v 0.291269 0.930452 0.934433
v 0.350936 0.934859 0.935595
v 0.351481 0.935522 0.935541
v 0.351074 0.935300 0.935557
v 0.367672 0.936323 0.935595
v 0.367021 0.936881 0.935541
v 0.367460 0.936733 0.935557
v 0.350971 0.934457 0.934343
v 0.351523 0.935036 0.934029
v 0.351114 0.934840 0.934124
v 0.367707 0.935921 0.934343
v 0.367064 0.936396 0.934029
v 0.367500 0.936273 0.934124
v 0.351050 0.933554 0.933391
v 0.351618 0.933946 0.932878
v 0.351205 0.933806 0.933033
v 0.367786 0.935018 0.933391
v 0.367159 0.935305 0.932878
v 0.367591 0.935239 0.933033
v 0.351158 0.932329 0.932925
v 0.351748 0.932465 0.932316
v 0.351328 0.932403 0.932501
v 0.367894 0.933793 0.932925
v 0.367289 0.933825 0.932316
v 0.367713 0.933836 0.932501
v 0.351272 0.931024 0.933040
v 0.351886 0.930888 0.932454
v 0.351458 0.930908 0.932632
v 0.368008 0.932488 0.933040
v 0.367427 0.932248 0.932454
v 0.367844 0.932342 0.932632
v 0.351370 0.929898 0.933712
v 0.352005 0.929528 0.933266
v 0.351571 0.929619 0.933401
v 0.368106 0.931362 0.933712
v 0.367546 0.930887 0.933266
v 0.367957 0.931052 0.933401
v 0.351434 0.929174 0.934807
v 0.352082 0.928652 0.934590
v 0.351644 0.928789 0.934656
v 0.368170 0.930638 0.934807
v 0.367622 0.930012 0.934590
v 0.368030 0.930223 0.934656
v 0.351449 0.928995 0.936110
v 0.352100 0.928436 0.936163
v 0.351662 0.928584 0.936147
v 0.368185 0.930459 0.936110
v 0.367641 0.929796 0.936163
v 0.368048 0.930018 0.936147
v 0.351414 0.929396 0.937361
v 0.352058 0.928921 0.937676
v 0.351621 0.929044 0.937580
v 0.368150 0.930860 0.937361
v 0.367599 0.930281 0.937676
v 0.368007 0.930478 0.937580
v 0.351335 0.930299 0.938314
v 0.351963 0.930012 0.938827
v 0.351531 0.930078 0.938671
v 0.368071 0.931763 0.938314
v 0.367503 0.931372 0.938827
v 0.367917 0.931512 0.938671
v 0.351228 0.931524 0.938779
v 0.351833 0.931493 0.939389
v 0.351408 0.931481 0.939204
v 0.367964 0.932989 0.938779
v 0.367374 0.932852 0.939389
v 0.367794 0.932915 0.939204
v 0.351114 0.932829 0.938665
v 0.351695 0.933070 0.939250
v 0.351277 0.932976 0.939073
v 0.367850 0.934293 0.938665
v 0.367236 0.934429 0.939250
v 0.367663 0.934409 0.939073
v 0.351015 0.933955 0.937993
v 0.351576 0.934430 0.938439
v 0.351165 0.934265 0.938304
v 0.367751 0.935420 0.937993
v 0.367117 0.935790 0.938439
v 0.367551 0.935699 0.938304
v 0.350952 0.934680 0.936897
v 0.351499 0.935305 0.937115
v 0.351092 0.935095 0.937049
v 0.367688 0.936144 0.936897
v 0.367040 0.936665 0.937115
v 0.367478 0.936528 0.937049
v 0.367721 0.935277 0.935692
v 0.368231 0.935937 0.935485
v 0.367843 0.935717 0.935610
v 0.378878 0.936253 0.932692
v 0.378233 0.936812 0.932795
v 0.378662 0.936663 0.932701
v 0.367535 0.935000 0.934913
v 0.367986 0.935571 0.934454
v 0.367616 0.935377 0.934656
v 0.378693 0.935976 0.931913
v 0.377988 0.936446 0.931764
v 0.378435 0.936324 0.931747
v 0.367428 0.934404 0.934319
v 0.367844 0.934782 0.933669
v 0.367484 0.934647 0.933929
v 0.378585 0.935380 0.931319
v 0.377846 0.935657 0.930979
v 0.378304 0.935594 0.931020
v 0.367420 0.933608 0.934030
v 0.367833 0.933728 0.933286
v 0.367474 0.933671 0.933574
v 0.378577 0.934584 0.931030
v 0.377835 0.934603 0.930596
v 0.378294 0.934618 0.930665
v 0.367512 0.932768 0.934101
v 0.367955 0.932617 0.933380
v 0.367588 0.932643 0.933661
v 0.378670 0.933744 0.931101
v 0.377958 0.933493 0.930691
v 0.378407 0.933589 0.930752
v 0.367688 0.932052 0.934519
v 0.368187 0.931670 0.933933
v 0.367802 0.931765 0.934174
v 0.378845 0.933028 0.931519
v 0.378190 0.932545 0.931244
v 0.378622 0.932712 0.931265
v 0.367910 0.931601 0.935202
v 0.368482 0.931073 0.934836
v 0.368075 0.931213 0.935010
v 0.379068 0.932577 0.932202
v 0.378485 0.931948 0.932147
v 0.378895 0.932159 0.932101
v 0.368137 0.931504 0.936013
v 0.368782 0.930945 0.935909
v 0.368353 0.931094 0.936003
v 0.379294 0.932481 0.933013
v 0.378784 0.931821 0.933220
v 0.379172 0.932041 0.933094
v 0.368322 0.931782 0.936792
v 0.369027 0.931312 0.936940
v 0.368580 0.931434 0.936958
v 0.379480 0.932758 0.933792
v 0.379029 0.932187 0.934251
v 0.379399 0.932380 0.934049
v 0.368430 0.932377 0.937385
v 0.369169 0.932100 0.937725
v 0.368712 0.932164 0.937685
v 0.379587 0.933353 0.934385
v 0.379171 0.932976 0.935036
v 0.379531 0.933111 0.934776
v 0.368438 0.933174 0.937675
v 0.369180 0.933154 0.938108
v 0.368722 0.933140 0.938040
v 0.379595 0.934150 0.934675
v 0.379182 0.934030 0.935419
v 0.379541 0.934086 0.935131
v 0.368345 0.934013 0.937603
v 0.369057 0.934265 0.938014
v 0.368608 0.934169 0.937952
v 0.379503 0.934990 0.934603
v 0.379060 0.935140 0.935324
v 0.379427 0.935115 0.935043
v 0.368170 0.934730 0.937185
v 0.368825 0.935213 0.937461
v 0.368394 0.935046 0.937440
v 0.379327 0.935706 0.934185
v 0.378828 0.936088 0.934771
v 0.379213 0.935992 0.934531
v 0.367947 0.935181 0.936503
v 0.368531 0.935810 0.936558
v 0.368120 0.935598 0.936604
v 0.379105 0.936157 0.933503
v 0.378533 0.936685 0.933869
v 0.378940 0.936545 0.933695
v 0.301719 0.926174 0.935852
v 0.301719 0.927220 0.935852
v 0.301838 0.926697 0.935852
v 0.301523 0.925834 0.935852
v 0.300606 0.925312 0.935852
v 0.301126 0.925465 0.935852
v 0.299319 0.925834 0.935852
v 0.300237 0.925312 0.935852
v 0.299716 0.925465 0.935852
v 0.299123 0.926174 0.935852
v 0.299123 0.927220 0.935852
v 0.299004 0.926697 0.935852
v 0.300237 0.928083 0.935852
v 0.299319 0.927560 0.935852
v 0.299716 0.927930 0.935852
v 0.300606 0.928083 0.935852
v 0.301523 0.927560 0.935852
v 0.301126 0.927930 0.935852
v 0.300699 0.927220 0.940320
v 0.300699 0.926174 0.940320
v 0.300806 0.926697 0.940372
v 0.300523 0.925834 0.940235
v 0.299696 0.925312 0.939837
v 0.300165 0.925465 0.940063
v 0.299364 0.925312 0.939677
v 0.298537 0.925834 0.939279
v 0.298895 0.925465 0.939451
v 0.298360 0.926174 0.939194
v 0.298360 0.927220 0.939194
v 0.298253 0.926697 0.939142
v 0.298537 0.927560 0.939279
v 0.299364 0.928083 0.939677
v 0.298895 0.927930 0.939451
v 0.299696 0.928083 0.939837
v 0.300523 0.927560 0.940235
v 0.300165 0.927930 0.940063
v 0.297842 0.927220 0.943904
v 0.297842 0.926174 0.943904
v 0.297916 0.926697 0.943997
v 0.297720 0.925834 0.943750
v 0.297148 0.925312 0.943033
v 0.297472 0.925465 0.943440
v 0.296917 0.925312 0.942744
v 0.296345 0.925834 0.942027
v 0.296593 0.925465 0.942338
v 0.296223 0.926174 0.941874
v 0.296223 0.927220 0.941874
v 0.296149 0.926697 0.941781
v 0.296345 0.927560 0.942027
v 0.296917 0.928083 0.942744
v 0.296593 0.927930 0.942338
v 0.297148 0.928083 0.943033
v 0.297720 0.927560 0.943750
v 0.297472 0.927930 0.943440
v 0.293713 0.927220 0.945892
v 0.293713 0.926174 0.945892
v 0.293739 0.926697 0.946008
v 0.293465 0.925312 0.944807
v 0.293669 0.925834 0.945701
v 0.293581 0.925465 0.945314
v 0.293383 0.925312 0.944447
v 0.293179 0.925834 0.943552
v 0.293267 0.925465 0.943939
v 0.293135 0.926174 0.943361
v 0.293135 0.927220 0.943361
v 0.293108 0.926697 0.943245
v 0.293179 0.927560 0.943552
v 0.293383 0.928083 0.944447
v 0.293267 0.927930 0.943939
v 0.293465 0.928083 0.944807
v 0.293669 0.927560 0.945701
v 0.293581 0.927930 0.945314
v 0.289130 0.927220 0.945892
v 0.289130 0.926174 0.945892
v 0.289103 0.926697 0.946008
v 0.289173 0.925834 0.945701
v 0.289377 0.925312 0.944807
v 0.289262 0.925465 0.945314
v 0.289664 0.925834 0.943552
v 0.289459 0.925312 0.944447
v 0.289575 0.925465 0.943939
v 0.289707 0.926174 0.943361
v 0.289707 0.927220 0.943361
v 0.289734 0.926697 0.943245
v 0.289664 0.927560 0.943552
v 0.289459 0.928083 0.944447
v 0.289575 0.927930 0.943939
v 0.289173 0.927560 0.945701
v 0.289377 0.928083 0.944807
v 0.289262 0.927930 0.945314
v 0.285000 0.927220 0.943904
v 0.285000 0.926174 0.943904
v 0.284926 0.926697 0.943997
v 0.285123 0.925834 0.943750
v 0.285695 0.925312 0.943033
v 0.285370 0.925465 0.943440
v 0.285925 0.925312 0.942744
v 0.286497 0.925834 0.942027
v 0.286249 0.925465 0.942338
v 0.286619 0.926174 0.941874
v 0.286619 0.927220 0.941874
v 0.286693 0.926697 0.941781
v 0.286497 0.927560 0.942027
v 0.285925 0.928083 0.942744
v 0.286249 0.927930 0.942338
v 0.285695 0.928083 0.943033
v 0.285123 0.927560 0.943750
v 0.285370 0.927930 0.943440
v 0.282143 0.927220 0.940320
v 0.282143 0.926174 0.940320
v 0.282036 0.926697 0.940372
v 0.282320 0.925834 0.940235
v 0.283146 0.925312 0.939837
v 0.282677 0.925465 0.940063
v 0.283479 0.925312 0.939677
v 0.284305 0.925834 0.939279
v 0.283947 0.925465 0.939451
v 0.284482 0.926174 0.939194
v 0.284482 0.927220 0.939194
v 0.284589 0.926697 0.939142
v 0.284305 0.927560 0.939279
v 0.283479 0.928083 0.939677
v 0.283947 0.927930 0.939451
v 0.283146 0.928083 0.939837
v 0.282320 0.927560 0.940235
v 0.282677 0.927930 0.940063
v 0.281123 0.927220 0.935852
v 0.281123 0.926174 0.935852
v 0.281004 0.926697 0.935852
v 0.281319 0.925834 0.935852
v 0.282237 0.925312 0.935852
v 0.281716 0.925465 0.935852
v 0.282606 0.925312 0.935852
v 0.283523 0.925834 0.935852
v 0.283126 0.925465 0.935852
v 0.283719 0.926174 0.935852
v 0.283719 0.927220 0.935852
v 0.283838 0.926697 0.935852
v 0.283523 0.927560 0.935852
v 0.282606 0.928083 0.935852
v 0.283126 0.927930 0.935852
v 0.282237 0.928083 0.935852
v 0.281319 0.927560 0.935852
v 0.281716 0.927930 0.935852
v 0.282143 0.927220 0.931384
v 0.282143 0.926174 0.931384
v 0.282036 0.926697 0.931333
v 0.282320 0.925834 0.931469
v 0.283146 0.925312 0.931867
v 0.282677 0.925465 0.931642
v 0.283479 0.925312 0.932027
v 0.284305 0.925834 0.932425
v 0.283947 0.925465 0.932253
v 0.284482 0.926174 0.932511
v 0.284482 0.927220 0.932511
v 0.284589 0.926697 0.932562
v 0.284305 0.927560 0.932425
v 0.283479 0.928083 0.932027
v 0.283947 0.927930 0.932253
v 0.283146 0.928083 0.931867
v 0.282320 0.927560 0.931469
v 0.282677 0.927930 0.931642
v 0.285000 0.927220 0.927801
v 0.285000 0.926174 0.927801
v 0.284926 0.926697 0.927708
v 0.285123 0.925834 0.927954
v 0.285695 0.925312 0.928672
v 0.285370 0.925465 0.928265
v 0.285925 0.925312 0.928960
v 0.286497 0.925834 0.929677
v 0.286249 0.925465 0.929367
v 0.286619 0.926174 0.929831
v 0.286619 0.927220 0.929831
v 0.286693 0.926697 0.929924
v 0.286497 0.927560 0.929677
v 0.285925 0.928083 0.928960
v 0.286249 0.927930 0.929367
v 0.285695 0.928083 0.928672
v 0.285123 0.927560 0.927954
v 0.285370 0.927930 0.928265
v 0.289130 0.927220 0.925812
v 0.289130 0.926174 0.925812
v 0.289103 0.926697 0.925696
v 0.289173 0.925834 0.926004
v 0.289377 0.925312 0.926898
v 0.289262 0.925465 0.926391
v 0.289459 0.925312 0.927258
v 0.289664 0.925834 0.928152
v 0.289575 0.925465 0.927765
v 0.289707 0.926174 0.928344
v 0.289707 0.927220 0.928344
v 0.289734 0.926697 0.928459
v 0.289664 0.927560 0.928152
v 0.289459 0.928083 0.927258
v 0.289575 0.927930 0.927765
v 0.289377 0.928083 0.926898
v 0.289173 0.927560 0.926004
v 0.289262 0.927930 0.926391
v 0.293713 0.927220 0.925812
v 0.293713 0.926174 0.925812
v 0.293739 0.926697 0.925696
v 0.293669 0.925834 0.926004
v 0.293465 0.925312 0.926898
v 0.293581 0.925465 0.926391
v 0.293383 0.925312 0.927258
v 0.293179 0.925834 0.928152
v 0.293267 0.925465 0.927765
v 0.293135 0.926174 0.928344
v 0.293135 0.927220 0.928344
v 0.293108 0.926697 0.928459
v 0.293179 0.927560 0.928152
v 0.293383 0.928083 0.927258
v 0.293267 0.927930 0.927765
v 0.293465 0.928083 0.926898
v 0.293669 0.927560 0.926004
v 0.293581 0.927930 0.926391
v 0.297842 0.927220 0.927801
v 0.297842 0.926174 0.927801
v 0.297916 0.926697 0.927708
v 0.297720 0.925834 0.927954
v 0.297148 0.925312 0.928672
v 0.297472 0.925465 0.928265
v 0.296917 0.925312 0.928960
v 0.296345 0.925834 0.929677
v 0.296593 0.925465 0.929367
v 0.296223 0.926174 0.929831
v 0.296223 0.927220 0.929831
v 0.296149 0.926697 0.929924
v 0.296345 0.927560 0.929677
v 0.296917 0.928083 0.928960
v 0.296593 0.927930 0.929367
v 0.297148 0.928083 0.928672
v 0.297720 0.927560 0.927954
v 0.297472 0.927930 0.928265
v 0.300699 0.927220 0.931384
v 0.300699 0.926174 0.931384
v 0.300806 0.926697 0.931333
v 0.299696 0.925312 0.931867
v 0.300523 0.925834 0.931469
v 0.300165 0.925465 0.931641
v 0.299364 0.925312 0.932027
v 0.298537 0.925834 0.932425
v 0.298895 0.925465 0.932253
v 0.298360 0.927220 0.932511
v 0.298360 0.926174 0.932511
v 0.298253 0.926697 0.932562
v 0.298537 0.927560 0.932425
v 0.299364 0.928083 0.932027
v 0.298895 0.927930 0.932253
v 0.300523 0.927560 0.931469
v 0.299696 0.928083 0.931867
v 0.300165 0.927930 0.931641
vn 0.0830 0.9482 0.3066
vn 0.0445 0.5088 -0.8597
vn 0.0076 0.0868 -0.9962
vn -0.0308 -0.3524 -0.9354
vn -0.0631 -0.7218 -0.6893
vn -0.0830 -0.9482 -0.3066
vn -0.0863 -0.9868 0.1367
vn -0.0726 -0.8300 0.5530
vn -0.0445 -0.5088 0.8597
vn -0.0076 -0.0868 0.9962
vn 0.0308 0.3524 0.9354
vn 0.0631 0.7218 0.6893
vn 0.0726 0.8300 -0.5530
vn 0.9962 -0.0872 -0.0000
vn 0.0863 0.9868 -0.1367
vn -0.3132 0.9413 -0.1256
vn -0.8849 0.4627 -0.0530
vn 0.4719 0.8727 -0.1256
vn 0.9518 0.3020 -0.0530
vn -0.3258 0.7972 -0.5082
vn -0.8902 0.4020 -0.2143
vn 0.4593 0.7285 -0.5082
vn 0.9465 0.2413 -0.2143
vn -0.3516 0.5020 -0.7902
vn -0.9011 0.2775 -0.3331
vn 0.4334 0.4333 -0.7902
vn 0.9356 0.1168 -0.3331
vn -0.3856 0.1141 -0.9156
vn -0.9154 0.1140 -0.3860
vn 0.3995 0.0455 -0.9156
vn 0.9213 -0.0467 -0.3860
vn -0.4209 -0.2895 -0.8597
vn -0.9303 -0.0562 -0.3624
vn 0.3642 -0.3582 -0.8597
vn 0.9064 -0.2169 -0.3624
vn -0.4506 -0.6290 -0.6335
vn -0.9428 -0.1993 -0.2671
vn 0.3345 -0.6977 -0.6335
vn 0.8939 -0.3600 -0.2671
vn -0.4688 -0.8371 -0.2818
vn -0.9505 -0.2871 -0.1188
vn 0.3163 -0.9058 -0.2818
vn 0.8862 -0.4478 -0.1188
vn -0.4719 -0.8727 0.1256
vn -0.9518 -0.3020 0.0530
vn 0.3132 -0.9413 0.1256
vn 0.8849 -0.4627 0.0530
vn -0.4593 -0.7285 0.5082
vn -0.9465 -0.2413 0.2143
vn 0.3258 -0.7972 0.5082
vn 0.8902 -0.4020 0.2143
vn -0.4334 -0.4333 0.7902
vn -0.9356 -0.1168 0.3331
vn 0.3516 -0.5020 0.7902
vn 0.9011 -0.2775 0.3331
vn -0.3995 -0.0455 0.9156
vn -0.9213 0.0467 0.3860
vn 0.3856 -0.1141 0.9156
vn 0.9154 -0.1140 0.3860
vn -0.3642 0.3582 0.8597
vn -0.9064 0.2169 0.3624
vn 0.4209 0.2895 0.8597
vn 0.9303 0.0562 0.3624
vn -0.3345 0.6977 0.6335
vn -0.8939 0.3600 0.2671
vn 0.4506 0.6290 0.6335
vn 0.9428 0.1993 0.2671
vn -0.3163 0.9058 0.2818
vn -0.8862 0.4478 0.1188
vn 0.4688 0.8371 0.2818
vn 0.9505 0.2871 0.1188
vn -0.9962 0.0872 -0.0000
vn 0.7840 0.5696 0.2469
vn 0.2194 0.1594 -0.9625
vn 0.7840 0.5696 -0.2469
vn 0.2239 0.6892 0.6892
vn 0.7246 -0.0000 0.6892
vn 0.5862 0.4259 -0.6892
vn 0.2239 0.6892 -0.6892
vn 0.2994 0.9216 0.2469
vn 0.0838 0.2579 0.9625
vn 0.0838 0.2579 -0.9625
vn 0.2994 0.9216 -0.2469
vn 0.2194 0.1594 0.9625
vn 0.2712 -0.0000 -0.9625
vn 0.9690 -0.0000 -0.2469
vn 0.9690 -0.0000 0.2469
vn 0.5862 -0.4259 0.6892
vn 0.7246 -0.0000 -0.6892
vn 0.2712 -0.0000 0.9625
vn 0.7840 -0.5696 -0.2469
vn 0.7840 -0.5696 0.2469
vn 0.2239 -0.6892 0.6892
vn 0.5862 -0.4259 -0.6892
vn 0.2194 -0.1594 0.9625
vn 0.2194 -0.1594 -0.9625
vn 0.2994 -0.9216 0.2469
vn -0.2239 -0.6892 0.6892
vn 0.2239 -0.6892 -0.6892
vn 0.0838 -0.2579 0.9625
vn 0.0838 -0.2579 -0.9625
vn 0.2994 -0.9216 -0.2469
vn -0.5862 -0.4259 0.6892
vn -0.2239 -0.6892 -0.6892
vn -0.0838 -0.2579 0.9625
vn -0.0838 -0.2579 -0.9625
vn -0.2994 -0.9216 -0.2469
vn -0.2994 -0.9216 0.2469
vn -0.2712 -0.0000 0.9625
vn -0.5862 -0.4259 -0.6892
vn -0.2194 -0.1594 0.9625
vn -0.2194 -0.1594 -0.9625
vn -0.7840 -0.5696 -0.2469
vn -0.7840 -0.5696 0.2469
vn -0.5862 0.4259 0.6892
vn -0.7246 -0.0000 -0.6892
vn -0.9690 -0.0000 0.2469
vn -0.2712 -0.0000 -0.9625
vn -0.9690 -0.0000 -0.2469
vn -0.7246 -0.0000 0.6892
vn -0.5862 0.4259 -0.6892
vn -0.2194 0.1594 0.9625
vn -0.2194 0.1594 -0.9625
vn -0.7840 0.5696 -0.2469
vn -0.7840 0.5696 0.2469
vn -0.2239 0.6892 0.6892
vn -0.0838 0.2579 0.9625
vn -0.0838 0.2579 -0.9625
vn -0.2994 0.9216 -0.2469
vn -0.2994 0.9216 0.2469
vn -0.2239 0.6892 -0.6892
vn 0.5559 0.5825 0.5930
vn 0.3822 0.7087 0.5930
vn 0.3822 0.7087 -0.5930
vn 0.5559 0.5825 -0.5930
vn 0.7921 0.1444 0.5930
vn 0.7257 0.3487 0.5930
vn 0.7257 0.3487 -0.5930
vn 0.7921 0.1444 -0.5930
vn 0.7257 -0.3487 0.5930
vn 0.7921 -0.1444 0.5930
vn 0.7921 -0.1444 -0.5930
vn 0.7257 -0.3487 -0.5930
vn 0.3822 -0.7087 0.5930
vn 0.5559 -0.5825 0.5930
vn 0.5559 -0.5825 -0.5930
vn 0.3822 -0.7087 -0.5930
vn -0.1074 -0.7980 0.5930
vn 0.1074 -0.7980 0.5930
vn 0.1074 -0.7980 -0.5930
vn -0.1074 -0.7980 -0.5930
vn -0.5559 -0.5825 0.5930
vn -0.3822 -0.7087 0.5930
vn -0.3822 -0.7087 -0.5930
vn -0.5559 -0.5825 -0.5930
vn -0.7921 -0.1444 0.5930
vn -0.7257 -0.3487 0.5930
vn -0.7257 -0.3487 -0.5930
vn -0.7921 -0.1444 -0.5930
vn -0.7257 0.3487 0.5930
vn -0.7921 0.1444 0.5930
vn -0.7921 0.1444 -0.5930
vn -0.7257 0.3487 -0.5930
vn -0.3822 0.7087 0.5930
vn -0.5559 0.5825 0.5930
vn -0.5559 0.5825 -0.5930
vn -0.3822 0.7087 -0.5930
vn 0.1074 0.7980 0.5930
vn -0.1074 0.7980 0.5930
vn -0.1074 0.7980 -0.5930
vn 0.1074 0.7980 -0.5930
vn 0.6673 0.6992 0.2567
vn 0.4587 0.8507 0.2567
vn 0.6613 0.7053 -0.2555
vn 0.4664 0.8469 -0.2555
vn 0.9508 0.1734 0.2567
vn 0.8711 0.4186 0.2567
vn 0.9496 0.1819 -0.2555
vn 0.8751 0.4110 -0.2555
vn 0.3385 0.2459 -0.9083
vn 0.4911 0.3568 -0.7946
vn 0.4911 0.3568 0.7946
vn 0.3385 0.2459 0.9083
vn 0.8711 -0.4186 0.2567
vn 0.9508 -0.1734 0.2567
vn 0.8751 -0.4110 -0.2555
vn 0.9496 -0.1819 -0.2555
vn 0.4184 -0.0000 -0.9083
vn 0.6071 -0.0000 -0.7946
vn 0.6071 -0.0000 0.7946
vn 0.4184 -0.0000 0.9083
vn 0.4587 -0.8507 0.2567
vn 0.6673 -0.6992 0.2567
vn 0.4664 -0.8469 -0.2555
vn 0.6613 -0.7053 -0.2555
vn 0.4911 -0.3568 0.7946
vn 0.3385 -0.2459 0.9083
vn 0.4911 -0.3568 -0.7946
vn 0.3385 -0.2459 -0.9083
vn -0.1289 -0.9579 0.2567
vn 0.1289 -0.9579 0.2567
vn -0.1205 -0.9593 -0.2555
vn 0.1205 -0.9593 -0.2555
vn 0.1876 -0.5774 0.7946
vn 0.1293 -0.3979 0.9083
vn 0.1876 -0.5774 -0.7946
vn 0.1293 -0.3979 -0.9083
vn -0.6673 -0.6992 0.2567
vn -0.4587 -0.8507 0.2567
vn -0.6613 -0.7053 -0.2555
vn -0.4664 -0.8469 -0.2555
vn -0.1876 -0.5774 -0.7946
vn -0.1293 -0.3979 -0.9083
vn -0.1293 -0.3979 0.9083
vn -0.1876 -0.5774 0.7946
vn -0.9508 -0.1734 0.2567
vn -0.8711 -0.4186 0.2567
vn -0.9496 -0.1819 -0.2555
vn -0.8751 -0.4110 -0.2555
vn -0.4911 -0.3568 -0.7946
vn -0.3385 -0.2459 -0.9083
vn -0.3385 -0.2459 0.9083
vn -0.4911 -0.3568 0.7946
vn -0.8711 0.4186 0.2567
vn -0.9508 0.1734 0.2567
vn -0.8751 0.4110 -0.2555
vn -0.9496 0.1819 -0.2555
vn -0.6071 -0.0000 -0.7946
vn -0.4184 -0.0000 -0.9083
vn -0.4184 -0.0000 0.9083
vn -0.6071 -0.0000 0.7946
vn -0.4587 0.8507 0.2567
vn -0.6673 0.6992 0.2567
vn -0.4664 0.8469 -0.2555
vn -0.6613 0.7053 -0.2555
vn -0.3385 0.2459 0.9083
vn -0.4911 0.3568 0.7946
vn -0.3385 0.2459 -0.9083
vn -0.4911 0.3568 -0.7946
vn 0.1289 0.9579 0.2567
vn -0.1289 0.9579 0.2567
vn 0.1205 0.9593 -0.2555
vn -0.1205 0.9593 -0.2555
vn -0.1293 0.3979 0.9083
vn -0.1876 0.5774 0.7946
vn -0.1293 0.3979 -0.9083
vn -0.1876 0.5774 -0.7946
vn 0.1293 0.3979 0.9083
vn 0.1876 0.5774 0.7946
vn 0.1293 0.3979 -0.9083
vn 0.1876 0.5774 -0.7946
vn 0.5862 0.4259 0.6892
vn 0.0830 0.9482 -0.3066
vn 0.0445 0.5088 0.8597
vn 0.0076 0.0868 0.9962
vn -0.0308 -0.3524 0.9354
vn -0.0631 -0.7218 0.6893
vn -0.0830 -0.9482 0.3066
vn -0.0863 -0.9868 -0.1367
vn -0.0726 -0.8300 -0.5530
vn -0.0445 -0.5088 -0.8597
vn -0.0076 -0.0868 -0.9962
vn 0.0308 0.3524 -0.9354
vn 0.0631 0.7218 -0.6893
vn 0.0726 0.8300 0.5530
vn 0.0863 0.9868 0.1367
vn 0.4719 0.8727 0.1256
vn 0.9518 0.3020 0.0530
vn -0.3132 0.9413 0.1256
vn -0.8849 0.4627 0.0530
vn 0.4593 0.7285 0.5082
vn 0.9465 0.2413 0.2143
vn -0.3258 0.7972 0.5082
vn -0.8902 0.4020 0.2143
vn 0.4334 0.4333 0.7902
vn 0.9356 0.1168 0.3331
vn -0.3516 0.5020 0.7902
vn -0.9011 0.2775 0.3331
vn 0.3995 0.0455 0.9156
vn 0.9213 -0.0467 0.3860
vn -0.3856 0.1141 0.9156
vn -0.9154 0.1140 0.3860
vn 0.3642 -0.3582 0.8597
vn 0.9064 -0.2169 0.3624
vn -0.4209 -0.2895 0.8597
vn -0.9303 -0.0562 0.3624
vn 0.3345 -0.6977 0.6335
vn 0.8939 -0.3600 0.2671
vn -0.4506 -0.6290 0.6335
vn -0.9428 -0.1993 0.2671
vn 0.3163 -0.9058 0.2818
vn 0.8862 -0.4478 0.1188
vn -0.4688 -0.8371 0.2818
vn -0.9505 -0.2871 0.1188
vn 0.3132 -0.9413 -0.1256
vn 0.8849 -0.4627 -0.0530
vn -0.4719 -0.8727 -0.1256
vn -0.9518 -0.3020 -0.0530
vn 0.3258 -0.7972 -0.5082
vn 0.8902 -0.4020 -0.2143
vn -0.4593 -0.7285 -0.5082
vn -0.9465 -0.2413 -0.2143
vn 0.3516 -0.5020 -0.7902
vn 0.9011 -0.2775 -0.3331
vn -0.4334 -0.4333 -0.7902
vn -0.9356 -0.1168 -0.3331
vn 0.3855 -0.1141 -0.9156
vn 0.9154 -0.1140 -0.3860
vn -0.3995 -0.0455 -0.9156
vn -0.9213 0.0467 -0.3860
vn 0.4209 0.2895 -0.8597
vn 0.9303 0.0562 -0.3624
vn -0.3642 0.3582 -0.8597
vn -0.9064 0.2169 -0.3624
vn 0.4506 0.6290 -0.6335
vn 0.9428 0.1993 -0.2671
vn -0.3345 0.6977 -0.6335
vn -0.8939 0.3600 -0.2671
vn 0.4688 0.8371 -0.2818
vn 0.9505 0.2871 -0.1188
vn -0.3163 0.9058 -0.2818
vn -0.8862 0.4478 -0.1188
vn 0.1620 0.9413 0.2962
vn -0.1771 0.5282 -0.8305
vn -0.2492 0.1093 -0.9623
vn -0.2719 -0.3313 -0.9035
vn -0.2408 -0.7062 -0.6658
vn -0.1620 -0.9413 -0.2962
vn -0.0511 -0.9899 0.1321
vn 0.0699 -0.8425 0.5342
vn 0.1771 -0.5282 0.8305
vn 0.2492 -0.1093 0.9623
vn 0.2719 0.3313 0.9035
vn 0.2408 0.7062 0.6658
vn -0.0699 0.8425 -0.5342
vn 0.9623 -0.0842 -0.2587
vn 0.0511 0.9899 -0.1321
vn -0.3322 0.9430 -0.0194
vn -0.8673 0.4612 0.1874
vn 0.4261 0.8767 -0.2233
vn 0.9069 0.3060 -0.2897
vn -0.4434 0.8075 -0.3890
vn -0.9142 0.4041 0.0316
vn 0.3149 0.7412 -0.5929
vn 0.8600 0.2488 -0.4455
vn -0.5419 0.5186 -0.6613
vn -0.9557 0.2823 -0.0833
vn 0.2164 0.4523 -0.8652
vn 0.8185 0.1271 -0.5603
vn -0.6082 0.1336 -0.7825
vn -0.9836 0.1200 -0.1343
vn 0.1501 0.0673 -0.9864
vn 0.7906 -0.0353 -0.6114
vn -0.6291 -0.2713 -0.7285
vn -0.9925 -0.0508 -0.1116
vn 0.1292 -0.3376 -0.9324
vn 0.7817 -0.2060 -0.5886
vn -0.6005 -0.6159 -0.5100
vn -0.9804 -0.1960 -0.0194
vn 0.1578 -0.6823 -0.7139
vn 0.7938 -0.3512 -0.4965
vn -0.5281 -0.8320 -0.1703
vn -0.9499 -0.2871 0.1238
vn 0.2303 -0.8983 -0.3742
vn 0.8243 -0.4423 -0.3533
vn -0.4261 -0.8767 0.2233
vn -0.9069 -0.3060 0.2897
vn 0.3322 -0.9430 0.0194
vn 0.8673 -0.4612 -0.1874
vn -0.3149 -0.7412 0.5929
vn -0.8600 -0.2488 0.4455
vn 0.4434 -0.8075 0.3890
vn 0.9142 -0.4041 -0.0316
vn -0.2164 -0.4523 0.8652
vn -0.8185 -0.1271 0.5603
vn 0.5419 -0.5186 0.6613
vn 0.9557 -0.2823 0.0833
vn -0.1501 -0.0673 0.9864
vn -0.7905 0.0353 0.6114
vn 0.6082 -0.1336 0.7825
vn 0.9836 -0.1200 0.1343
vn -0.1292 0.3376 0.9324
vn -0.7817 0.2060 0.5886
vn 0.6291 0.2713 0.7285
vn 0.9925 0.0508 0.1116
vn -0.1578 0.6823 0.7139
vn -0.7938 0.3512 0.4965
vn 0.6005 0.6159 0.5100
vn 0.9804 0.1960 0.0194
vn -0.2303 0.8983 0.3742
vn -0.8243 0.4423 0.3533
vn 0.5280 0.8320 0.1703
vn 0.9499 0.2871 -0.1238
vn -0.9623 0.0842 0.2587
vn 0.8496 0.4905 0.1939
vn -0.8496 -0.4905 0.1939
vn -0.8496 0.4905 0.1939
vn -0.0000 1.0000 -0.0000
vn 0.6813 -0.4905 0.5433
vn 0.8496 0.4905 -0.1939
vn 0.6813 0.4905 0.5433
vn -0.6813 -0.4905 -0.5433
vn -0.6813 0.4905 -0.5433
vn 0.3781 -0.4905 0.7851
vn -0.0000 -1.0000 -0.0000
vn 0.3781 0.4905 0.7851
vn -0.3781 -0.4905 -0.7851
vn -0.3781 0.4905 -0.7851
vn -0.0000 -0.4905 0.8714
vn -0.0000 0.4905 0.8714
vn -0.0000 -0.4905 -0.8714
vn -0.0000 0.4905 -0.8714
vn -0.3781 -0.4905 0.7851
vn -0.3781 0.4905 0.7851
vn 0.3781 -0.4905 -0.7851
vn 0.3781 0.4905 -0.7851
vn -0.6813 -0.4905 0.5433
vn -0.6813 0.4905 0.5433
vn 0.6813 -0.4905 -0.5433
vn 0.6813 0.4905 -0.5433
vn 0.8496 -0.4905 -0.1939
vn -0.8496 -0.4905 -0.1939
vn -0.8496 0.4905 -0.1939
vn 0.8496 -0.4905 0.1939
vn 0.9518 0.2164 0.2172
vn 0.9518 -0.2164 0.2173
vn -0.2817 -0.9573 -0.0643
vn -0.6735 -0.7230 -0.1537
vn -0.6735 0.7230 -0.1537
vn -0.2817 0.9573 -0.0643
vn 0.7633 0.2164 0.6087
vn 0.7633 -0.2164 0.6087
vn -0.2259 -0.9573 -0.1802
vn -0.5401 -0.7230 -0.4307
vn -0.5401 0.7230 -0.4307
vn -0.2259 0.9573 -0.1802
vn 0.4236 0.2164 0.8796
vn 0.4236 -0.2164 0.8796
vn -0.1254 -0.9573 -0.2604
vn -0.2997 -0.7230 -0.6224
vn -0.2997 0.7230 -0.6224
vn -0.1254 0.9573 -0.2604
vn -0.0000 0.2164 0.9763
vn -0.0000 -0.2164 0.9763
vn -0.0000 0.7230 -0.6908
vn -0.0000 0.9573 -0.2890
vn -0.4236 0.2164 0.8796
vn -0.4236 -0.2163 0.8796
vn 0.1254 -0.9573 -0.2604
vn 0.2997 -0.7230 -0.6224
vn 0.2997 0.7230 -0.6224
vn 0.1254 0.9573 -0.2604
vn -0.7633 0.2164 0.6087
vn -0.7633 -0.2164 0.6087
vn 0.2259 -0.9573 -0.1802
vn 0.5401 -0.7230 -0.4307
vn 0.5401 0.7230 -0.4307
vn 0.2259 0.9573 -0.1802
vn -0.9518 0.2163 0.2173
vn -0.9518 -0.2163 0.2173
vn 0.2817 -0.9573 -0.0643
vn 0.6735 -0.7230 -0.1537
vn 0.6735 0.7230 -0.1537
vn 0.2817 0.9573 -0.0643
vn -0.9518 0.2164 -0.2172
vn -0.9518 -0.2164 -0.2173
vn 0.2817 -0.9573 0.0643
vn 0.6735 -0.7230 0.1537
vn 0.6735 0.7230 0.1537
vn 0.2817 0.9573 0.0643
vn -0.7633 0.2164 -0.6087
vn -0.7633 -0.2164 -0.6087
vn 0.2259 -0.9573 0.1802
vn 0.5401 -0.7230 0.4307
vn 0.5401 0.7230 0.4307
vn 0.2259 0.9573 0.1802
vn -0.4236 0.2164 -0.8796
vn -0.4236 -0.2164 -0.8796
vn 0.1254 -0.9573 0.2604
vn 0.2997 -0.7230 0.6224
vn 0.2997 0.7230 0.6224
vn 0.1254 0.9573 0.2604
vn -0.0000 0.2164 -0.9763
vn -0.0000 -0.2164 -0.9763
vn -0.0000 -0.9573 0.2890
vn -0.0000 -0.7230 0.6908
vn -0.0000 0.7230 0.6908
vn -0.0000 0.9573 0.2890
vn 0.4236 0.2164 -0.8796
vn 0.4236 -0.2164 -0.8796
vn -0.1254 -0.9573 0.2604
vn -0.2997 -0.7230 0.6224
vn -0.2997 0.7230 0.6224
vn -0.1254 0.9573 0.2604
vn 0.7633 0.2164 -0.6087
vn 0.7633 -0.2164 -0.6087
vn -0.2259 -0.9573 0.1802
vn -0.5401 -0.7230 0.4307
vn -0.5401 0.7230 0.4307
vn -0.2259 0.9573 0.1802
vn -0.9518 0.2164 0.2173
vn -0.9518 -0.2164 0.2173
vn -0.9518 0.2164 -0.2173
vn -0.0000 -0.9573 -0.2890
vn -0.0000 -0.7230 -0.6908
vn -0.6735 -0.7230 0.1537
vn -0.2817 -0.9573 0.0643
vn 0.9518 -0.2164 -0.2172
vn 0.9518 0.2164 -0.2173
vn -0.2817 0.9573 0.0643
vn -0.6735 0.7230 0.1537
vn 0.9518 -0.2164 0.2172
vn 0.9518 0.2164 0.2173
vn -0.5401 0.7231 -0.4307
vn -0.4236 -0.2164 0.8796
vn 0.9518 -0.2164 -0.2173
vn -0.0863 0.9868 -0.1367
vn -0.0308 0.3524 0.9354
vn 0.0076 -0.0868 0.9962
vn 0.0445 -0.5088 0.8597
vn 0.0726 -0.8300 0.5530
vn 0.0863 -0.9868 0.1367
vn 0.0830 -0.9482 -0.3066
vn 0.0631 -0.7218 -0.6893
vn 0.0308 -0.3524 -0.9354
vn -0.0076 0.0868 -0.9962
vn -0.0445 0.5088 -0.8597
vn -0.0726 0.8300 -0.5530
vn -0.0631 0.7218 0.6893
vn -0.9962 -0.0872 -0.0000
vn -0.0830 0.9482 0.3066
vn 0.3163 0.9058 0.2818
vn 0.8862 0.4477 0.1188
vn -0.4688 0.8371 0.2818
vn -0.9505 0.2871 0.1188
vn 0.3345 0.6977 0.6335
vn 0.8939 0.3600 0.2671
vn -0.4506 0.6290 0.6335
vn -0.9428 0.1993 0.2671
vn 0.3642 0.3582 0.8597
vn 0.9064 0.2169 0.3624
vn -0.4209 0.2895 0.8597
vn -0.9303 0.0562 0.3624
vn 0.3995 -0.0455 0.9156
vn 0.9213 0.0467 0.3860
vn -0.3856 -0.1141 0.9156
vn -0.9154 -0.1140 0.3860
vn 0.4334 -0.4333 0.7902
vn 0.9356 -0.1168 0.3331
vn -0.3516 -0.5020 0.7902
vn -0.9011 -0.2775 0.3332
vn 0.4593 -0.7285 0.5082
vn 0.9465 -0.2413 0.2143
vn -0.3258 -0.7972 0.5082
vn -0.8902 -0.4020 0.2143
vn 0.4719 -0.8727 0.1256
vn 0.9518 -0.3020 0.0530
vn -0.3132 -0.9413 0.1256
vn -0.8849 -0.4627 0.0530
vn 0.4688 -0.8371 -0.2818
vn 0.9505 -0.2871 -0.1188
vn -0.3163 -0.9058 -0.2818
vn -0.8862 -0.4477 -0.1188
vn 0.4506 -0.6290 -0.6335
vn 0.9428 -0.1993 -0.2671
vn -0.3345 -0.6977 -0.6335
vn -0.8939 -0.3600 -0.2671
vn 0.4209 -0.2895 -0.8597
vn 0.9303 -0.0562 -0.3624
vn -0.3642 -0.3582 -0.8597
vn -0.9064 -0.2169 -0.3624
vn 0.3855 0.1141 -0.9156
vn 0.9154 0.1140 -0.3860
vn -0.3995 0.0455 -0.9156
vn -0.9213 -0.0467 -0.3860
vn 0.3516 0.5020 -0.7902
vn 0.9011 0.2775 -0.3331
vn -0.4335 0.4333 -0.7902
vn -0.9356 0.1168 -0.3331
vn 0.3258 0.7972 -0.5082
vn 0.8902 0.4020 -0.2143
vn -0.4593 0.7285 -0.5082
vn -0.9465 0.2413 -0.2143
vn 0.3132 0.9413 -0.1256
vn 0.8849 0.4627 -0.0530
vn -0.4719 0.8727 -0.1256
vn -0.9518 0.3020 -0.0530
vn 0.9962 0.0872 -0.0000
vn -0.0863 0.9868 0.1367
vn -0.0308 0.3524 -0.9354
vn 0.0076 -0.0868 -0.9962
vn 0.0445 -0.5088 -0.8597
vn 0.0726 -0.8300 -0.5530
vn 0.0863 -0.9868 -0.1367
vn 0.0830 -0.9482 0.3066
vn 0.0631 -0.7218 0.6893
vn 0.0308 -0.3524 0.9354
vn -0.0076 0.0868 0.9962
vn -0.0445 0.5088 0.8597
vn -0.0726 0.8300 0.5530
vn -0.0631 0.7218 -0.6893
vn -0.0830 0.9482 -0.3066
vn -0.4688 0.8371 -0.2818
vn -0.9505 0.2871 -0.1188
vn 0.3163 0.9058 -0.2818
vn 0.8862 0.4478 -0.1188
vn -0.4506 0.6290 -0.6335
vn -0.9428 0.1993 -0.2671
vn 0.3345 0.6977 -0.6335
vn 0.8939 0.3600 -0.2671
vn -0.4209 0.2895 -0.8597
vn -0.9303 0.0562 -0.3624
vn 0.3642 0.3582 -0.8597
vn 0.9064 0.2169 -0.3624
vn -0.3856 -0.1141 -0.9156
vn -0.9154 -0.1140 -0.3860
vn 0.3995 -0.0455 -0.9156
vn 0.9213 0.0467 -0.3860
vn -0.3516 -0.5020 -0.7902
vn -0.9011 -0.2775 -0.3331
vn 0.4334 -0.4333 -0.7902
vn 0.9356 -0.1168 -0.3331
vn -0.3258 -0.7972 -0.5082
vn -0.8902 -0.4020 -0.2143
vn 0.4593 -0.7285 -0.5082
vn 0.9465 -0.2413 -0.2143
vn -0.3132 -0.9413 -0.1256
vn -0.8849 -0.4627 -0.0530
vn 0.4719 -0.8727 -0.1256
vn 0.9518 -0.3020 -0.0530
vn -0.3163 -0.9058 0.2818
vn -0.8862 -0.4478 0.1188
vn 0.4688 -0.8371 0.2818
vn 0.9505 -0.2871 0.1188
vn -0.3345 -0.6977 0.6335
vn -0.8939 -0.3600 0.2671
vn 0.4506 -0.6290 0.6335
vn 0.9428 -0.1993 0.2671
vn -0.3642 -0.3582 0.8597
vn -0.9064 -0.2169 0.3624
vn 0.4209 -0.2895 0.8597
vn 0.9303 -0.0562 0.3624
vn -0.3995 0.0455 0.9156
vn -0.9213 -0.0467 0.3860
vn 0.3856 0.1141 0.9156
vn 0.9154 0.1140 0.3860
vn -0.4334 0.4333 0.7902
vn -0.9356 0.1168 0.3331
vn 0.3516 0.5020 0.7902
vn 0.9011 0.2775 0.3331
vn -0.4593 0.7285 0.5082
vn -0.9465 0.2413 0.2143
vn 0.3258 0.7972 0.5082
vn 0.8902 0.4020 0.2143
vn -0.4719 0.8727 0.1256
vn -0.9518 0.3020 0.0530
vn 0.3132 0.9413 0.1256
vn 0.8849 0.4627 0.0530
vn -0.0511 0.9899 0.1321
vn -0.2719 0.3313 -0.9035
vn -0.2492 -0.1093 -0.9623
vn -0.1771 -0.5282 -0.8305
vn -0.0699 -0.8425 -0.5342
vn 0.0511 -0.9899 -0.1321
vn 0.1620 -0.9413 0.2962
vn 0.2408 -0.7062 0.6658
vn 0.2719 -0.3313 0.9035
vn 0.2492 0.1093 0.9623
vn 0.1771 0.5282 0.8305
vn 0.0699 0.8425 0.5342
vn -0.2408 0.7062 -0.6658
vn 0.9623 0.0842 -0.2587
vn -0.1620 0.9413 -0.2962
vn -0.5281 0.8320 -0.1703
vn -0.9499 0.2871 0.1238
vn 0.2303 0.8983 -0.3742
vn 0.8243 0.4423 -0.3533
vn -0.6005 0.6159 -0.5100
vn -0.9804 0.1960 -0.0194
vn 0.1578 0.6823 -0.7139
vn 0.7938 0.3512 -0.4965
vn -0.6291 0.2713 -0.7285
vn -0.9925 0.0508 -0.1116
vn 0.1292 0.3376 -0.9324
vn 0.7817 0.2060 -0.5886
vn -0.6082 -0.1336 -0.7825
vn -0.9836 -0.1200 -0.1343
vn 0.1501 -0.0673 -0.9864
vn 0.7906 0.0353 -0.6114
vn -0.5419 -0.5186 -0.6613
vn -0.9557 -0.2823 -0.0833
vn 0.2164 -0.4523 -0.8652
vn 0.8185 -0.1271 -0.5603
vn -0.4434 -0.8075 -0.3890
vn -0.9142 -0.4041 0.0316
vn 0.3149 -0.7412 -0.5929
vn 0.8600 -0.2488 -0.4455
vn -0.3322 -0.9430 -0.0194
vn -0.8673 -0.4612 0.1874
vn 0.4261 -0.8767 -0.2233
vn 0.9069 -0.3060 -0.2897
vn -0.2303 -0.8983 0.3742
vn -0.8243 -0.4423 0.3533
vn 0.5280 -0.8320 0.1703
vn 0.9499 -0.2871 -0.1238
vn -0.1578 -0.6823 0.7139
vn -0.7938 -0.3512 0.4965
vn 0.6005 -0.6159 0.5100
vn 0.9804 -0.1960 0.0195
vn -0.1292 -0.3376 0.9324
vn -0.7817 -0.2060 0.5886
vn 0.6291 -0.2713 0.7285
vn 0.9925 -0.0508 0.1116
vn -0.1501 0.0673 0.9864
vn -0.7906 -0.0353 0.6114
vn 0.6082 0.1336 0.7825
vn 0.9837 0.1200 0.1343
vn -0.2164 0.4523 0.8652
vn -0.8185 0.1271 0.5603
vn 0.5419 0.5186 0.6613
vn 0.9557 0.2823 0.0833
vn -0.3149 0.7412 0.5929
vn -0.8600 0.2488 0.4455
vn 0.4434 0.8075 0.3890
vn 0.9142 0.4041 -0.0316
vn -0.4261 0.8767 0.2233
vn -0.9069 0.3060 0.2897
vn 0.3322 0.9430 0.0194
vn 0.8673 0.4612 -0.1874
vn -0.9623 -0.0842 0.2587
vn -0.9518 -0.2164 -0.2172
vn -0.9518 0.2164 0.2172
vn -0.2239 -0.6892 0.6891
vn -0.5862 0.4259 0.6891
vn 0.6613 0.7053 0.2555
vn 0.4664 0.8469 0.2555
vn 0.6673 0.6992 -0.2567
vn 0.4587 0.8507 -0.2567
vn 0.9496 0.1819 0.2555
vn 0.8751 0.4110 0.2555
vn 0.9508 0.1734 -0.2567
vn 0.8711 0.4186 -0.2567
vn 0.8751 -0.4110 0.2555
vn 0.9496 -0.1819 0.2555
vn 0.8711 -0.4186 -0.2567
vn 0.9508 -0.1734 -0.2567
vn 0.4664 -0.8469 0.2555
vn 0.6613 -0.7053 0.2555
vn 0.4587 -0.8507 -0.2567
vn 0.6673 -0.6992 -0.2567
vn -0.1205 -0.9593 0.2555
vn 0.1205 -0.9593 0.2555
vn -0.1289 -0.9579 -0.2567
vn 0.1289 -0.9579 -0.2567
vn -0.6613 -0.7053 0.2555
vn -0.4664 -0.8469 0.2555
vn -0.6673 -0.6992 -0.2567
vn -0.4587 -0.8507 -0.2567
vn -0.9496 -0.1819 0.2555
vn -0.8751 -0.4110 0.2555
vn -0.9508 -0.1734 -0.2567
vn -0.8711 -0.4186 -0.2567
vn -0.8751 0.4110 0.2555
vn -0.9496 0.1819 0.2555
vn -0.8711 0.4186 -0.2567
vn -0.9508 0.1734 -0.2567
vn -0.4664 0.8469 0.2555
vn -0.6613 0.7053 0.2555
vn -0.4587 0.8507 -0.2567
vn -0.6673 0.6992 -0.2567
vn 0.1205 0.9593 0.2555
vn -0.1205 0.9593 0.2555
vn 0.1289 0.9579 -0.2567
vn -0.1289 0.9579 -0.2567
vn -0.9962 0.0871 -0.0000
vn -0.9429 -0.1993 0.2670
vn 0.8862 -0.4477 0.1188
vn 0.9623 -0.0842 -0.2588
vn 0.7905 -0.0353 -0.6114
vn -0.5280 -0.8320 -0.1703
vn 0.9142 -0.4040 -0.0316
vn -0.7906 0.0353 0.6114
vn 0.4236 -0.2163 0.8796
vn -0.7633 0.2163 0.6087
vn -0.7633 -0.2163 0.6087
vn 0.9518 0.2164 -0.2172
vn -0.6735 0.7231 -0.1537
vn -0.9962 -0.0871 -0.0000
vn -0.9505 0.2870 0.1188
vn -0.9011 -0.2775 0.3331
vn -0.8862 -0.4478 -0.1188
vn -0.8939 -0.3600 -0.2670
vn -0.4334 0.4333 -0.7902
vn 0.9623 0.0842 -0.2588
vn 0.7905 0.0353 -0.6114
vn 0.9836 0.1199 0.1343
vn -0.9518 -0.2164 0.2172
vn 0.6735 0.7231 0.1537
vn -0.6735 -0.7231 -0.1537
s 0
f 83//1 2//1 80//1
f 17//2 20//2 14//2
f 23//3 26//3 20//3
f 29//4 32//4 26//4
f 35//5 38//5 32//5
f 41//6 44//6 38//6
f 47//7 50//7 44//7
f 53//8 56//8 50//8
f 59//9 62//9 56//9
f 65//10 68//10 62//10
f 71//11 74//11 68//11
f 77//12 80//12 74//12
f 11//13 14//13 8//13
f 76//14 52//14 28//14
f 5//15 8//15 2//15
f 8//16 3//16 2//16
f 3//17 7//17 1//17
f 5//18 12//18 11//18
f 12//19 4//19 10//19
f 14//20 9//20 8//20
f 9//21 13//21 7//21
f 11//22 18//22 17//22
f 12//23 16//23 18//23
f 20//24 15//24 14//24
f 21//25 13//25 15//25
f 23//26 18//26 24//26
f 18//27 22//27 24//27
f 26//28 21//28 20//28
f 27//29 19//29 21//29
f 23//30 30//30 29//30
f 24//31 28//31 30//31
f 26//32 33//32 27//32
f 33//33 25//33 27//33
f 29//34 36//34 35//34
f 30//35 34//35 36//35
f 38//36 33//36 32//36
f 39//37 31//37 33//37
f 35//38 42//38 41//38
f 42//39 34//39 40//39
f 44//40 39//40 38//40
f 39//41 43//41 37//41
f 41//42 48//42 47//42
f 48//43 40//43 46//43
f 50//44 45//44 44//44
f 45//45 49//45 43//45
f 47//46 54//46 53//46
f 54//47 46//47 52//47
f 56//48 51//48 50//48
f 51//49 55//49 49//49
f 53//50 60//50 59//50
f 54//51 58//51 60//51
f 62//52 57//52 56//52
f 63//53 55//53 57//53
f 65//54 60//54 66//54
f 60//55 64//55 66//55
f 68//56 63//56 62//56
f 69//57 61//57 63//57
f 65//58 72//58 71//58
f 66//59 70//59 72//59
f 68//60 75//60 69//60
f 75//61 67//61 69//61
f 71//62 78//62 77//62
f 72//63 76//63 78//63
f 80//64 75//64 74//64
f 81//65 73//65 75//65
f 77//66 84//66 83//66
f 84//67 76//67 82//67
f 2//68 81//68 80//68
f 81//69 1//69 79//69
f 83//70 6//70 5//70
f 6//71 82//71 4//71
f 19//72 43//72 67//72
f 90//73 112//73 94//73
f 86//74 101//74 119//74
f 98//75 112//75 114//75
f 245//76 87//76 91//76
f 109//77 122//77 125//77
f 99//78 114//78 118//78
f 252//79 97//79 102//79
f 243//80 95//80 247//80
f 240//81 85//81 88//81
f 86//82 255//82 101//82
f 251//83 95//83 97//83
f 88//84 85//84 104//84
f 86//85 119//85 136//85
f 115//86 129//86 131//86
f 107//87 129//87 111//87
f 126//88 139//88 142//88
f 116//89 131//89 135//89
f 104//90 85//90 121//90
f 128//91 148//91 132//91
f 124//92 146//92 128//92
f 143//93 156//93 159//93
f 133//94 148//94 152//94
f 121//95 85//95 138//95
f 86//96 136//96 153//96
f 141//97 163//97 145//97
f 160//98 173//98 176//98
f 150//99 165//99 169//99
f 138//100 85//100 155//100
f 86//101 153//101 170//101
f 149//102 163//102 165//102
f 177//103 190//103 193//103
f 167//104 182//104 186//104
f 155//105 85//105 172//105
f 86//106 170//106 187//106
f 162//107 182//107 166//107
f 162//108 176//108 180//108
f 189//109 85//109 206//109
f 184//110 199//110 203//110
f 172//111 85//111 189//111
f 86//112 187//112 204//112
f 183//113 197//113 199//113
f 175//114 197//114 179//114
f 211//115 224//115 227//115
f 201//116 216//116 220//116
f 192//117 214//117 196//117
f 86//118 204//118 221//118
f 200//119 214//119 216//119
f 194//120 207//120 210//120
f 218//121 233//121 237//121
f 206//122 85//122 223//122
f 86//123 221//123 238//123
f 213//124 233//124 217//124
f 213//125 227//125 231//125
f 228//126 241//126 244//126
f 223//127 85//127 240//127
f 86//128 238//128 255//128
f 230//129 250//129 234//129
f 226//130 248//130 230//130
f 235//131 250//131 254//131
f 90//132 93//132 92//132
f 93//133 91//133 92//133
f 97//134 100//134 99//134
f 100//135 98//135 99//135
f 107//136 110//136 109//136
f 110//137 108//137 109//137
f 114//138 117//138 116//138
f 117//139 115//139 116//139
f 124//140 127//140 126//140
f 127//141 125//141 126//141
f 131//142 134//142 133//142
f 134//143 132//143 133//143
f 141//144 144//144 143//144
f 144//145 142//145 143//145
f 148//146 151//146 150//146
f 151//147 149//147 150//147
f 158//148 161//148 160//148
f 161//149 159//149 160//149
f 165//150 168//150 167//150
f 168//151 166//151 167//151
f 175//152 178//152 177//152
f 178//153 176//153 177//153
f 182//154 185//154 184//154
f 185//155 183//155 184//155
f 192//156 195//156 194//156
f 195//157 193//157 194//157
f 199//158 202//158 201//158
f 202//159 200//159 201//159
f 209//160 212//160 211//160
f 212//161 210//161 211//161
f 216//162 219//162 218//162
f 219//163 217//163 218//163
f 226//164 229//164 228//164
f 229//165 227//165 228//165
f 233//166 236//166 235//166
f 236//167 234//167 235//167
f 243//168 246//168 245//168
f 246//169 244//169 245//169
f 250//170 253//170 252//170
f 253//171 251//171 252//171
f 94//172 93//172 90//172
f 93//173 95//173 91//173
f 94//174 100//174 96//174
f 100//175 95//175 96//175
f 111//176 110//176 107//176
f 110//177 112//177 108//177
f 111//178 117//178 113//178
f 117//179 112//179 113//179
f 119//180 103//180 120//180
f 120//181 102//181 118//181
f 87//182 106//182 105//182
f 106//183 88//183 104//183
f 128//184 127//184 124//184
f 127//185 129//185 125//185
f 128//186 134//186 130//186
f 134//187 129//187 130//187
f 136//188 120//188 137//188
f 120//189 135//189 137//189
f 122//190 106//190 123//190
f 106//191 121//191 123//191
f 145//192 144//192 141//192
f 144//193 146//193 142//193
f 145//194 151//194 147//194
f 151//195 146//195 147//195
f 122//196 140//196 139//196
f 140//197 121//197 138//197
f 152//198 137//198 135//198
f 154//199 136//199 137//199
f 162//200 161//200 158//200
f 161//201 163//201 159//201
f 162//202 168//202 164//202
f 168//203 163//203 164//203
f 139//204 157//204 156//204
f 140//205 155//205 157//205
f 169//206 154//206 152//206
f 154//207 170//207 153//207
f 179//208 178//208 175//208
f 178//209 180//209 176//209
f 179//210 185//210 181//210
f 185//211 180//211 181//211
f 186//212 171//212 169//212
f 171//213 187//213 170//213
f 172//214 157//214 155//214
f 174//215 156//215 157//215
f 196//216 195//216 192//216
f 195//217 197//217 193//217
f 196//218 202//218 198//218
f 202//219 197//219 198//219
f 186//220 205//220 188//220
f 188//221 204//221 187//221
f 172//222 191//222 174//222
f 191//223 173//223 174//223
f 213//224 212//224 209//224
f 212//225 214//225 210//225
f 213//226 219//226 215//226
f 219//227 214//227 215//227
f 220//228 205//228 203//228
f 205//229 221//229 204//229
f 206//230 191//230 189//230
f 208//231 190//231 191//231
f 230//232 229//232 226//232
f 229//233 231//233 227//233
f 230//234 236//234 232//234
f 236//235 231//235 232//235
f 223//236 208//236 206//236
f 225//237 207//237 208//237
f 238//238 222//238 239//238
f 239//239 220//239 237//239
f 247//240 246//240 243//240
f 246//241 248//241 244//241
f 247//242 253//242 249//242
f 253//243 248//243 249//243
f 240//244 225//244 223//244
f 242//245 224//245 225//245
f 255//246 239//246 256//246
f 239//247 254//247 256//247
f 88//248 242//248 240//248
f 242//249 87//249 241//249
f 101//250 256//250 103//250
f 256//251 102//251 103//251
f 92//252 105//252 108//252
f 339//253 258//253 336//253
f 273//254 276//254 270//254
f 279//255 282//255 276//255
f 285//256 288//256 282//256
f 291//257 294//257 288//257
f 297//258 300//258 294//258
f 303//259 306//259 300//259
f 306//260 315//260 312//260
f 315//261 318//261 312//261
f 318//262 327//262 324//262
f 327//263 330//263 324//263
f 333//264 336//264 330//264
f 267//265 270//265 264//265
f 332//72 308//72 284//72
f 261//266 264//266 258//266
f 258//267 265//267 259//267
f 265//268 257//268 259//268
f 261//269 268//269 267//269
f 262//270 266//270 268//270
f 270//271 265//271 264//271
f 271//272 263//272 265//272
f 273//273 268//273 274//273
f 268//274 272//274 274//274
f 276//275 271//275 270//275
f 277//276 269//276 271//276
f 273//277 280//277 279//277
f 280//278 272//278 278//278
f 276//279 283//279 277//279
f 283//280 275//280 277//280
f 285//281 280//281 286//281
f 286//282 278//282 284//282
f 288//283 283//283 282//283
f 289//284 281//284 283//284
f 291//285 286//285 292//285
f 286//286 290//286 292//286
f 294//287 289//287 288//287
f 295//288 287//288 289//288
f 291//289 298//289 297//289
f 298//290 290//290 296//290
f 300//291 295//291 294//291
f 301//292 293//292 295//292
f 303//293 298//293 304//293
f 298//294 302//294 304//294
f 300//295 307//295 301//295
f 307//296 299//296 301//296
f 303//297 310//297 309//297
f 304//298 308//298 310//298
f 312//299 307//299 306//299
f 307//300 311//300 305//300
f 309//301 316//301 315//301
f 310//302 314//302 316//302
f 312//303 319//303 313//303
f 319//304 311//304 313//304
f 321//305 316//305 322//305
f 322//306 314//306 320//306
f 324//307 319//307 318//307
f 325//308 317//308 319//308
f 321//309 328//309 327//309
f 328//310 320//310 326//310
f 324//311 331//311 325//311
f 331//312 323//312 325//312
f 327//313 334//313 333//313
f 328//314 332//314 334//314
f 330//315 337//315 331//315
f 337//316 329//316 331//316
f 339//317 334//317 340//317
f 340//318 332//318 338//318
f 258//319 337//319 336//319
f 259//320 335//320 337//320
f 339//321 262//321 261//321
f 340//322 260//322 262//322
f 275//14 299//14 323//14
f 420//323 345//323 342//323
f 357//324 360//324 354//324
f 363//325 366//325 360//325
f 369//326 372//326 366//326
f 375//327 378//327 372//327
f 381//328 384//328 378//328
f 387//329 390//329 384//329
f 393//330 396//330 390//330
f 399//331 402//331 396//331
f 405//332 408//332 402//332
f 411//333 414//333 408//333
f 417//334 420//334 414//334
f 348//335 357//335 354//335
f 416//336 392//336 368//336
f 345//337 348//337 342//337
f 342//338 349//338 343//338
f 343//339 347//339 341//339
f 345//340 352//340 351//340
f 346//341 350//341 352//341
f 348//342 355//342 349//342
f 355//343 347//343 349//343
f 351//344 358//344 357//344
f 352//345 356//345 358//345
f 354//346 361//346 355//346
f 361//347 353//347 355//347
f 363//348 358//348 364//348
f 364//349 356//349 362//349
f 366//350 361//350 360//350
f 367//351 359//351 361//351
f 369//352 364//352 370//352
f 364//353 368//353 370//353
f 372//354 367//354 366//354
f 367//355 371//355 365//355
f 369//356 376//356 375//356
f 370//357 374//357 376//357
f 378//358 373//358 372//358
f 373//359 377//359 371//359
f 381//360 376//360 382//360
f 376//361 380//361 382//361
f 384//362 379//362 378//362
f 385//363 377//363 379//363
f 381//364 388//364 387//364
f 382//365 386//365 388//365
f 390//366 385//366 384//366
f 385//367 389//367 383//367
f 393//368 388//368 394//368
f 394//369 386//369 392//369
f 396//370 391//370 390//370
f 391//371 395//371 389//371
f 393//372 400//372 399//372
f 394//373 398//373 400//373
f 402//374 397//374 396//374
f 403//375 395//375 397//375
f 399//376 406//376 405//376
f 406//377 398//377 404//377
f 408//378 403//378 402//378
f 409//379 401//379 403//379
f 405//380 412//380 411//380
f 406//381 410//381 412//381
f 408//382 415//382 409//382
f 415//383 407//383 409//383
f 417//384 412//384 418//384
f 412//385 416//385 418//385
f 420//386 415//386 414//386
f 415//387 419//387 413//387
f 423//388 418//388 424//388
f 418//389 422//389 424//389
f 342//390 421//390 420//390
f 421//391 341//391 419//391
f 345//392 424//392 346//392
f 346//393 422//393 344//393
f 359//394 383//394 407//394
f 459//395 426//395 441//395
f 666//396 434//396 669//396
f 435//397 671//397 668//397
f 672//398 440//398 675//398
f 462//399 446//399 444//399
f 674//400 426//400 659//400
f 459//401 461//401 443//401
f 450//402 470//402 452//402
f 453//403 473//403 455//403
f 474//398 458//398 456//398
f 480//404 464//404 462//404
f 447//405 467//405 449//405
f 477//406 479//406 461//406
f 486//407 470//407 468//407
f 489//408 473//408 471//408
f 492//398 476//398 474//398
f 498//409 483//409 480//409
f 465//405 485//405 467//405
f 495//410 497//410 479//410
f 503//411 488//411 486//411
f 507//412 491//412 489//412
f 510//398 494//398 492//398
f 498//413 518//413 500//413
f 482//405 504//405 485//405
f 531//414 497//414 512//414
f 503//415 524//415 506//415
f 525//416 509//416 507//416
f 528//398 513//398 510//398
f 516//417 536//417 518//417
f 501//405 521//405 504//405
f 549//418 515//418 531//418
f 540//419 524//419 522//419
f 525//420 545//420 527//420
f 546//398 530//398 528//398
f 552//396 536//396 534//396
f 537//405 521//405 519//405
f 567//397 533//397 549//397
f 540//421 560//421 542//421
f 543//400 563//400 545//400
f 564//398 548//398 546//398
f 570//422 554//422 552//422
f 555//405 539//405 537//405
f 567//423 569//423 551//423
f 558//424 578//424 560//424
f 579//395 563//395 561//395
f 582//398 566//398 564//398
f 570//402 590//402 572//402
f 573//405 557//405 555//405
f 603//403 569//403 585//403
f 594//399 578//399 576//399
f 597//401 581//401 579//401
f 600//398 584//398 582//398
f 588//407 608//407 590//407
f 591//405 575//405 573//405
f 621//408 587//408 603//408
f 612//404 596//404 594//404
f 597//406 617//406 599//406
f 600//398 620//398 602//398
f 639//412 605//412 621//412
f 609//405 593//405 591//405
f 627//405 611//405 609//405
f 630//409 614//409 612//409
f 615//410 635//410 617//410
f 636//398 620//398 618//398
f 642//415 626//415 624//415
f 624//411 608//411 606//411
f 657//416 623//416 639//416
f 630//413 650//413 632//413
f 633//414 653//414 635//414
f 636//398 656//398 638//398
f 660//419 644//419 642//419
f 645//405 629//405 627//405
f 657//420 659//420 641//420
f 648//417 669//417 650//417
f 651//418 671//418 653//418
f 654//398 675//398 656//398
f 662//405 647//405 645//405
f 425//424 446//424 428//424
f 447//405 432//405 429//405
f 431//422 452//422 434//422
f 453//423 438//423 435//423
f 456//398 440//398 437//398
f 429//405 665//405 662//405
f 426//425 445//425 427//425
f 427//426 444//426 425//426
f 449//427 433//427 432//427
f 451//428 431//428 433//428
f 455//429 439//429 438//429
f 439//430 456//430 437//430
f 461//431 445//431 443//431
f 445//432 462//432 444//432
f 467//433 451//433 449//433
f 469//434 450//434 451//434
f 473//435 457//435 455//435
f 457//436 474//436 456//436
f 479//437 463//437 461//437
f 463//438 480//438 462//438
f 485//439 469//439 467//439
f 487//440 468//440 469//440
f 491//441 475//441 473//441
f 475//442 492//442 474//442
f 479//443 499//443 481//443
f 499//444 480//444 481//444
f 491//445 511//445 493//445
f 493//446 510//446 492//446
f 515//447 499//447 497//447
f 517//448 498//448 499//448
f 521//449 505//449 504//449
f 505//450 522//450 503//450
f 509//451 529//451 511//451
f 511//452 528//452 510//452
f 533//453 517//453 515//453
f 517//454 534//454 516//454
f 521//455 541//455 523//455
f 541//456 522//456 523//456
f 545//457 529//457 527//457
f 547//458 528//458 529//458
f 533//459 553//459 535//459
f 553//460 534//460 535//460
f 539//461 559//461 541//461
f 559//462 540//462 541//462
f 545//463 565//463 547//463
f 565//464 546//464 547//464
f 569//465 553//465 551//465
f 571//466 552//466 553//466
f 575//467 559//467 557//467
f 577//468 558//468 559//468
f 563//469 583//469 565//469
f 583//470 564//470 565//470
f 569//471 589//471 571//471
f 589//472 570//472 571//472
f 593//473 577//473 575//473
f 595//474 576//474 577//474
f 581//475 601//475 583//475
f 601//476 582//476 583//476
f 587//477 607//477 589//477
f 607//478 588//478 589//478
f 611//479 595//479 593//479
f 595//480 612//480 594//480
f 617//481 601//481 599//481
f 619//482 600//482 601//482
f 605//483 625//483 607//483
f 625//484 606//484 607//484
f 629//485 613//485 611//485
f 613//486 630//486 612//486
f 635//487 619//487 617//487
f 637//488 618//488 619//488
f 641//489 625//489 623//489
f 625//490 642//490 624//490
f 629//491 649//491 631//491
f 649//492 630//492 631//492
f 653//493 637//493 635//493
f 655//494 636//494 637//494
f 659//495 643//495 641//495
f 643//496 660//496 642//496
f 647//497 667//497 649//497
f 649//498 666//498 648//498
f 653//499 673//499 655//499
f 673//500 654//500 655//500
f 500//486 484//486 483//486
f 484//485 501//485 482//485
f 429//461 664//461 430//461
f 664//462 428//462 430//462
f 530//494 514//494 513//494
f 514//493 531//493 512//493
f 435//501 670//501 436//501
f 436//502 669//502 434//502
f 441//463 676//463 442//463
f 676//464 440//464 442//464
f 428//468 448//468 430//468
f 448//467 429//467 430//467
f 434//466 454//466 436//466
f 436//503 453//503 435//503
f 458//470 442//470 440//470
f 460//469 441//469 442//469
f 446//474 466//474 448//474
f 466//473 447//473 448//473
f 470//472 454//472 452//472
f 454//471 471//471 453//471
f 458//476 478//476 460//476
f 460//475 477//475 459//475
f 464//480 484//480 466//480
f 484//479 465//479 466//479
f 470//478 490//478 472//478
f 472//477 489//477 471//477
f 476//482 496//482 478//482
f 478//481 495//481 477//481
f 506//484 490//484 488//484
f 490//483 507//483 489//483
f 513//488 496//488 494//488
f 514//487 495//487 496//487
f 518//492 502//492 500//492
f 520//491 501//491 502//491
f 524//490 508//490 506//490
f 526//489 507//489 508//489
f 504//504 487//504 485//504
f 487//505 503//505 486//505
f 518//498 538//498 520//498
f 520//497 537//497 519//497
f 542//496 526//496 524//496
f 544//495 525//495 526//495
f 530//500 550//500 532//500
f 550//499 531//499 532//499
f 536//506 556//506 538//506
f 538//507 555//507 537//507
f 542//508 562//508 544//508
f 562//509 543//509 544//509
f 566//510 550//510 548//510
f 568//511 549//511 550//511
f 572//428 556//428 554//428
f 556//427 573//427 555//427
f 578//512 562//512 560//512
f 562//513 579//513 561//513
f 584//430 568//430 566//430
f 586//429 567//429 568//429
f 590//434 574//434 572//434
f 574//433 591//433 573//433
f 596//432 580//432 578//432
f 580//431 597//431 579//431
f 602//436 586//436 584//436
f 586//514 603//514 585//514
f 590//440 610//440 592//440
f 592//439 609//439 591//439
f 596//438 616//438 598//438
f 598//437 615//437 597//437
f 602//442 622//442 604//442
f 604//441 621//441 603//441
f 608//505 628//505 610//505
f 628//504 609//504 610//504
f 632//444 616//444 614//444
f 634//443 615//443 616//443
f 638//446 622//446 620//446
f 622//445 639//445 621//445
f 626//450 646//450 628//450
f 628//449 645//449 627//449
f 650//515 634//515 632//515
f 652//447 633//447 634//447
f 638//452 658//452 640//452
f 640//451 657//451 639//451
f 663//456 646//456 644//456
f 646//455 662//455 645//455
f 650//454 670//454 652//454
f 670//453 651//453 652//453
f 675//458 658//458 656//458
f 676//457 657//457 658//457
f 660//516 427//516 425//516
f 427//509 659//509 426//509
f 666//506 433//506 431//506
f 433//507 665//507 432//507
f 437//510 673//510 439//510
f 439//511 671//511 438//511
f 660//421 428//421 663//421
f 759//517 678//517 756//517
f 693//518 696//518 690//518
f 696//519 705//519 702//519
f 702//520 711//520 708//520
f 711//521 714//521 708//521
f 717//522 720//522 714//522
f 720//523 729//523 726//523
f 726//524 735//524 732//524
f 735//525 738//525 732//525
f 738//526 747//526 744//526
f 747//527 750//527 744//527
f 750//528 759//528 756//528
f 684//529 693//529 690//529
f 752//530 728//530 704//530
f 678//531 687//531 684//531
f 684//532 679//532 678//532
f 685//533 677//533 679//533
f 681//534 688//534 687//534
f 682//535 686//535 688//535
f 690//536 685//536 684//536
f 691//537 683//537 685//537
f 687//538 694//538 693//538
f 688//539 692//539 694//539
f 696//540 691//540 690//540
f 697//541 689//541 691//541
f 699//542 694//542 700//542
f 694//543 698//543 700//543
f 696//544 703//544 697//544
f 703//545 695//545 697//545
f 699//546 706//546 705//546
f 700//547 704//547 706//547
f 702//548 709//548 703//548
f 703//549 707//549 701//549
f 711//550 706//550 712//550
f 712//551 704//551 710//551
f 714//552 709//552 708//552
f 715//553 707//553 709//553
f 711//554 718//554 717//554
f 712//555 716//555 718//555
f 720//556 715//556 714//556
f 721//557 713//557 715//557
f 723//558 718//558 724//558
f 724//559 716//559 722//559
f 720//560 727//560 721//560
f 721//561 725//561 719//561
f 723//562 730//562 729//562
f 724//563 728//563 730//563
f 726//564 733//564 727//564
f 733//565 725//565 727//565
f 729//566 736//566 735//566
f 730//567 734//567 736//567
f 738//568 733//568 732//568
f 739//569 731//569 733//569
f 741//570 736//570 742//570
f 742//571 734//571 740//571
f 738//572 745//572 739//572
f 745//573 737//573 739//573
f 741//574 748//574 747//574
f 742//575 746//575 748//575
f 744//576 751//576 745//576
f 751//577 743//577 745//577
f 747//578 754//578 753//578
f 748//579 752//579 754//579
f 750//580 757//580 751//580
f 757//581 749//581 751//581
f 759//582 754//582 760//582
f 760//583 752//583 758//583
f 756//584 679//584 757//584
f 679//585 755//585 757//585
f 681//586 760//586 682//586
f 760//587 680//587 682//587
f 695//588 719//588 743//588
f 843//589 762//589 840//589
f 777//590 780//590 774//590
f 783//591 786//591 780//591
f 789//592 792//592 786//592
f 795//593 798//593 792//593
f 801//594 804//594 798//594
f 807//595 810//595 804//595
f 813//596 816//596 810//596
f 816//597 825//597 822//597
f 825//598 828//598 822//598
f 828//599 837//599 834//599
f 834//600 843//600 840//600
f 771//601 774//601 768//601
f 836//588 812//588 788//588
f 765//602 768//602 762//602
f 768//603 763//603 762//603
f 763//604 767//604 761//604
f 771//605 766//605 772//605
f 772//606 764//606 770//606
f 774//607 769//607 768//607
f 769//608 773//608 767//608
f 777//609 772//609 778//609
f 778//610 770//610 776//610
f 780//611 775//611 774//611
f 781//612 773//612 775//612
f 783//613 778//613 784//613
f 784//614 776//614 782//614
f 786//615 781//615 780//615
f 781//616 785//616 779//616
f 789//617 784//617 790//617
f 784//618 788//618 790//618
f 792//619 787//619 786//619
f 787//620 791//620 785//620
f 789//621 796//621 795//621
f 790//622 794//622 796//622
f 798//623 793//623 792//623
f 799//624 791//624 793//624
f 795//625 802//625 801//625
f 796//626 800//626 802//626
f 798//627 805//627 799//627
f 799//628 803//628 797//628
f 801//629 808//629 807//629
f 802//630 806//630 808//630
f 810//631 805//631 804//631
f 805//632 809//632 803//632
f 813//633 808//633 814//633
f 808//634 812//634 814//634
f 810//635 817//635 811//635
f 817//636 809//636 811//636
f 813//637 820//637 819//637
f 814//638 818//638 820//638
f 816//639 823//639 817//639
f 823//640 815//640 817//640
f 825//641 820//641 826//641
f 820//642 824//642 826//642
f 828//643 823//643 822//643
f 823//644 827//644 821//644
f 831//645 826//645 832//645
f 832//646 824//646 830//646
f 834//647 829//647 828//647
f 829//648 833//648 827//648
f 837//649 832//649 838//649
f 832//650 836//650 838//650
f 840//651 835//651 834//651
f 835//652 839//652 833//652
f 843//653 838//653 844//653
f 838//654 842//654 844//654
f 762//655 841//655 840//655
f 763//656 839//656 841//656
f 765//657 844//657 766//657
f 844//658 764//658 766//658
f 779//530 803//530 827//530
f 924//659 849//659 846//659
f 861//660 864//660 858//660
f 864//661 873//661 870//661
f 873//662 876//662 870//662
f 879//663 882//663 876//663
f 885//664 888//664 882//664
f 891//665 894//665 888//665
f 897//666 900//666 894//666
f 903//667 906//667 900//667
f 909//668 912//668 906//668
f 912//669 921//669 918//669
f 921//670 924//670 918//670
f 852//671 861//671 858//671
f 920//672 896//672 872//672
f 849//673 852//673 846//673
f 846//674 853//674 847//674
f 847//675 851//675 845//675
f 849//676 856//676 855//676
f 856//677 848//677 854//677
f 852//678 859//678 853//678
f 859//679 851//679 853//679
f 861//680 856//680 862//680
f 856//681 860//681 862//681
f 864//682 859//682 858//682
f 865//683 857//683 859//683
f 867//684 862//684 868//684
f 862//685 866//685 868//685
f 870//686 865//686 864//686
f 865//687 869//687 863//687
f 867//688 874//688 873//688
f 874//689 866//689 872//689
f 876//690 871//690 870//690
f 871//691 875//691 869//691
f 873//692 880//692 879//692
f 874//693 878//693 880//693
f 882//694 877//694 876//694
f 883//695 875//695 877//695
f 879//696 886//696 885//696
f 886//697 878//697 884//697
f 888//698 883//698 882//698
f 883//699 887//699 881//699
f 891//700 886//700 892//700
f 886//701 890//701 892//701
f 894//702 889//702 888//702
f 895//703 887//703 889//703
f 891//704 898//704 897//704
f 892//705 896//705 898//705
f 894//706 901//706 895//706
f 901//707 893//707 895//707
f 903//708 898//708 904//708
f 898//709 902//709 904//709
f 906//710 901//710 900//710
f 907//711 899//711 901//711
f 909//712 904//712 910//712
f 904//713 908//713 910//713
f 912//714 907//714 906//714
f 913//715 905//715 907//715
f 909//716 916//716 915//716
f 916//717 908//717 914//717
f 912//718 919//718 913//718
f 913//719 917//719 911//719
f 915//720 922//720 921//720
f 922//721 914//721 920//721
f 924//722 919//722 918//722
f 925//723 917//723 919//723
f 921//724 928//724 927//724
f 928//725 920//725 926//725
f 846//726 925//726 924//726
f 847//727 923//727 925//727
f 849//728 928//728 850//728
f 928//729 848//729 850//729
f 863//730 887//730 911//730
f 945//395 947//395 930//395
f 1170//396 938//396 1173//396
f 939//397 1175//397 1172//397
f 1176//398 944//398 1179//398
f 966//399 950//399 948//399
f 1178//400 930//400 1163//400
f 963//401 965//401 947//401
f 954//402 974//402 956//402
f 975//403 959//403 957//403
f 960//398 980//398 962//398
f 984//404 968//404 966//404
f 951//405 971//405 953//405
f 981//406 983//406 965//406
f 972//407 992//407 974//407
f 975//408 995//408 977//408
f 996//398 980//398 978//398
f 1002//409 987//409 984//409
f 986//405 971//405 969//405
f 999//410 1001//410 983//410
f 990//411 1010//411 992//411
f 1011//412 995//412 993//412
f 1014//398 998//398 996//398
f 1002//413 1022//413 1004//413
f 986//405 1008//405 989//405
f 1016//414 1019//414 1001//414
f 1007//415 1028//415 1010//415
f 1029//416 1013//416 1011//416
f 1032//398 1017//398 1014//398
f 1020//417 1040//417 1022//417
f 1005//405 1025//405 1008//405
f 1053//418 1019//418 1035//418
f 1044//419 1028//419 1026//419
f 1047//420 1031//420 1029//420
f 1050//398 1034//398 1032//398
f 1038//396 1058//396 1040//396
f 1041//405 1025//405 1023//405
f 1071//397 1037//397 1053//397
f 1044//421 1064//421 1046//421
f 1047//400 1067//400 1049//400
f 1050//398 1070//398 1052//398
f 1074//422 1058//422 1056//422
f 1059//405 1043//405 1041//405
f 1089//423 1055//423 1071//423
f 1080//424 1064//424 1062//424
f 1083//395 1067//395 1065//395
f 1086//398 1070//398 1068//398
f 1092//402 1076//402 1074//402
f 1059//405 1079//405 1061//405
f 1089//403 1091//403 1073//403
f 1098//399 1082//399 1080//399
f 1083//401 1103//401 1085//401
f 1104//398 1088//398 1086//398
f 1110//407 1094//407 1092//407
f 1095//405 1079//405 1077//405
f 1107//408 1109//408 1091//408
f 1116//404 1100//404 1098//404
f 1101//406 1121//406 1103//406
f 1104//398 1124//398 1106//398
f 1143//412 1109//412 1125//412
f 1095//405 1115//405 1097//405
f 1113//405 1133//405 1115//405
f 1116//409 1136//409 1118//409
f 1119//410 1139//410 1121//410
f 1140//398 1124//398 1122//398
f 1128//415 1148//415 1130//415
f 1110//411 1130//411 1112//411
f 1161//416 1127//416 1143//416
f 1134//413 1154//413 1136//413
f 1137//414 1157//414 1139//414
f 1158//398 1142//398 1140//398
f 1146//419 1167//419 1148//419
f 1149//405 1133//405 1131//405
f 1161//420 1163//420 1145//420
f 1152//417 1173//417 1154//417
f 1172//418 1157//418 1155//418
f 1176//398 1160//398 1158//398
f 1149//405 1169//405 1151//405
f 929//424 950//424 932//424
f 933//405 953//405 936//405
f 954//422 938//422 935//422
f 939//423 959//423 942//423
f 960//398 944//398 941//398
f 933//405 1169//405 1166//405
f 947//425 931//425 930//425
f 949//512 929//512 931//512
f 936//427 955//427 937//427
f 937//428 954//428 935//428
f 959//429 943//429 942//429
f 961//430 941//430 943//430
f 947//431 967//431 949//431
f 949//432 966//432 948//432
f 971//433 955//433 953//433
f 973//434 954//434 955//434
f 977//435 961//435 959//435
f 979//436 960//436 961//436
f 983//437 967//437 965//437
f 967//438 984//438 966//438
f 971//439 991//439 973//439
f 991//440 972//440 973//440
f 977//441 997//441 979//441
f 997//442 978//442 979//442
f 1001//443 985//443 983//443
f 1003//444 984//444 985//444
f 995//445 1015//445 997//445
f 997//446 1014//446 996//446
f 1019//447 1003//447 1001//447
f 1003//515 1020//515 1002//515
f 1008//449 1027//449 1009//449
f 1009//450 1026//450 1007//450
f 1013//451 1033//451 1015//451
f 1015//452 1032//452 1014//452
f 1019//453 1039//453 1021//453
f 1021//454 1038//454 1020//454
f 1025//455 1045//455 1027//455
f 1027//456 1044//456 1026//456
f 1049//457 1033//457 1031//457
f 1033//458 1050//458 1032//458
f 1037//459 1057//459 1039//459
f 1057//460 1038//460 1039//460
f 1043//461 1063//461 1045//461
f 1063//462 1044//462 1045//462
f 1049//463 1069//463 1051//463
f 1069//464 1050//464 1051//464
f 1055//465 1075//465 1057//465
f 1075//731 1056//731 1057//731
f 1079//467 1063//467 1061//467
f 1063//468 1080//468 1062//468
f 1067//469 1087//469 1069//469
f 1087//470 1068//470 1069//470
f 1073//471 1093//471 1075//471
f 1093//472 1074//472 1075//472
f 1079//473 1099//473 1081//473
f 1099//474 1080//474 1081//474
f 1085//475 1105//475 1087//475
f 1105//476 1086//476 1087//476
f 1091//477 1111//477 1093//477
f 1111//478 1092//478 1093//478
f 1115//479 1099//479 1097//479
f 1099//480 1116//480 1098//480
f 1121//481 1105//481 1103//481
f 1105//482 1122//482 1104//482
f 1109//483 1129//483 1111//483
f 1129//484 1110//484 1111//484
f 1115//485 1135//485 1117//485
f 1117//486 1134//486 1116//486
f 1139//487 1123//487 1121//487
f 1123//488 1140//488 1122//488
f 1127//489 1147//489 1129//489
f 1147//490 1128//490 1129//490
f 1133//491 1153//491 1135//491
f 1135//492 1152//492 1134//492
f 1157//493 1141//493 1139//493
f 1159//494 1140//494 1141//494
f 1145//495 1165//495 1147//495
f 1147//496 1164//496 1146//496
f 1169//497 1153//497 1151//497
f 1171//498 1152//498 1153//498
f 1175//499 1159//499 1157//499
f 1177//500 1158//500 1159//500
f 987//486 1006//486 988//486
f 1006//485 986//485 988//485
f 1166//461 934//461 933//461
f 1168//462 932//462 934//462
f 1034//494 1018//494 1017//494
f 1036//493 1016//493 1018//493
f 1172//732 940//732 939//732
f 1174//502 938//502 940//502
f 1178//463 946//463 945//463
f 1180//464 944//464 946//464
f 932//468 952//468 934//468
f 952//467 933//467 934//467
f 938//466 958//466 940//466
f 958//465 939//465 940//465
f 962//470 946//470 944//470
f 964//469 945//469 946//469
f 968//474 952//474 950//474
f 970//473 951//473 952//473
f 974//472 958//472 956//472
f 958//471 975//471 957//471
f 980//476 964//476 962//476
f 982//475 963//475 964//475
f 968//480 988//480 970//480
f 970//479 986//479 969//479
f 974//478 994//478 976//478
f 976//477 993//477 975//477
f 998//482 982//482 980//482
f 982//481 999//481 981//481
f 992//484 1012//484 994//484
f 1012//483 993//483 994//483
f 1017//488 1000//488 998//488
f 1018//487 999//487 1000//487
f 1022//492 1006//492 1004//492
f 1006//491 1023//491 1005//491
f 1010//490 1030//490 1012//490
f 1012//489 1029//489 1011//489
f 1008//504 991//504 989//504
f 991//505 1007//505 990//505
f 1040//498 1024//498 1022//498
f 1024//497 1041//497 1023//497
f 1046//496 1030//496 1028//496
f 1048//495 1029//495 1030//495
f 1034//500 1054//500 1036//500
f 1054//499 1035//499 1036//499
f 1040//506 1060//506 1042//506
f 1060//507 1041//507 1042//507
f 1064//508 1048//508 1046//508
f 1048//509 1065//509 1047//509
f 1052//510 1072//510 1054//510
f 1072//511 1053//511 1054//511
f 1076//428 1060//428 1058//428
f 1078//427 1059//427 1060//427
f 1082//512 1066//512 1064//512
f 1066//513 1083//513 1065//513
f 1070//430 1090//430 1072//430
f 1072//429 1089//429 1071//429
f 1076//434 1096//434 1078//434
f 1078//433 1095//433 1077//433
f 1100//432 1084//432 1082//432
f 1084//431 1101//431 1083//431
f 1088//436 1108//436 1090//436
f 1090//514 1107//514 1089//514
f 1112//440 1096//440 1094//440
f 1114//439 1095//439 1096//439
f 1100//438 1120//438 1102//438
f 1120//437 1101//437 1102//437
f 1124//442 1108//442 1106//442
f 1108//441 1125//441 1107//441
f 1112//505 1132//505 1114//505
f 1132//504 1113//504 1114//504
f 1136//444 1120//444 1118//444
f 1138//443 1119//443 1120//443
f 1124//446 1144//446 1126//446
f 1126//445 1143//445 1125//445
f 1148//450 1132//450 1130//450
f 1132//449 1149//449 1131//449
f 1154//515 1138//515 1136//515
f 1138//447 1155//447 1137//447
f 1160//452 1144//452 1142//452
f 1144//451 1161//451 1143//451
f 1167//456 1150//456 1148//456
f 1168//455 1149//455 1150//455
f 1154//454 1174//454 1156//454
f 1156//453 1172//453 1155//453
f 1179//458 1162//458 1160//458
f 1162//457 1178//457 1161//457
f 929//516 1165//516 931//516
f 931//509 1163//509 930//509
f 1170//506 937//506 935//506
f 937//507 1169//507 936//507
f 941//510 1177//510 943//510
f 1177//511 942//511 943//511
f 929//421 1167//421 1164//421
f 83//1 5//1 2//1
f 17//2 23//2 20//2
f 23//3 29//3 26//3
f 29//4 35//4 32//4
f 35//5 41//5 38//5
f 41//6 47//6 44//6
f 47//7 53//7 50//7
f 53//8 59//8 56//8
f 59//9 65//9 62//9
f 65//10 71//10 68//10
f 71//11 77//11 74//11
f 77//12 83//12 80//12
f 11//13 17//13 14//13
f 16//14 10//14 4//14
f 4//14 82//14 76//14
f 76//14 70//14 64//14
f 64//14 58//14 52//14
f 52//14 46//14 40//14
f 40//14 34//14 28//14
f 28//14 22//14 16//14
f 16//14 4//14 76//14
f 76//14 64//14 52//14
f 52//14 40//14 28//14
f 28//14 16//14 76//14
f 5//15 11//15 8//15
f 8//16 9//16 3//16
f 3//17 9//17 7//17
f 5//18 6//18 12//18
f 12//19 6//19 4//19
f 14//20 15//20 9//20
f 9//21 15//21 13//21
f 11//22 12//22 18//22
f 12//23 10//23 16//23
f 20//24 21//24 15//24
f 21//25 19//25 13//25
f 23//26 17//26 18//26
f 18//27 16//27 22//27
f 26//28 27//28 21//28
f 27//29 25//29 19//29
f 23//30 24//30 30//30
f 24//31 22//31 28//31
f 26//32 32//32 33//32
f 33//33 31//33 25//33
f 29//34 30//34 36//34
f 30//35 28//35 34//35
f 38//36 39//36 33//36
f 39//37 37//37 31//37
f 35//38 36//38 42//38
f 42//39 36//39 34//39
f 44//40 45//40 39//40
f 39//41 45//41 43//41
f 41//42 42//42 48//42
f 48//43 42//43 40//43
f 50//44 51//44 45//44
f 45//45 51//45 49//45
f 47//46 48//46 54//46
f 54//47 48//47 46//47
f 56//48 57//48 51//48
f 51//49 57//49 55//49
f 53//50 54//50 60//50
f 54//51 52//51 58//51
f 62//52 63//52 57//52
f 63//53 61//53 55//53
f 65//54 59//54 60//54
f 60//55 58//55 64//55
f 68//56 69//56 63//56
f 69//57 67//57 61//57
f 65//58 66//58 72//58
f 66//59 64//59 70//59
f 68//60 74//60 75//60
f 75//61 73//61 67//61
f 71//62 72//62 78//62
f 72//63 70//63 76//63
f 80//64 81//64 75//64
f 81//65 79//65 73//65
f 77//66 78//66 84//66
f 84//67 78//67 76//67
f 2//68 3//68 81//68
f 81//69 3//69 1//69
f 83//70 84//70 6//70
f 6//71 84//71 82//71
f 79//72 1//72 7//72
f 7//72 13//72 19//72
f 19//72 25//72 31//72
f 31//72 37//72 43//72
f 43//72 49//72 55//72
f 55//72 61//72 67//72
f 67//72 73//72 79//72
f 79//72 7//72 19//72
f 19//72 31//72 43//72
f 43//72 55//72 67//72
f 67//72 79//72 19//72
f 90//73 108//73 112//73
f 98//75 94//75 112//75
f 91//76 243//76 245//76
f 245//76 241//76 87//76
f 87//76 92//76 91//76
f 125//77 107//77 109//77
f 109//77 105//77 122//77
f 122//77 126//77 125//77
f 118//78 102//78 99//78
f 99//78 98//78 114//78
f 114//78 116//78 118//78
f 102//79 254//79 252//79
f 252//79 251//79 97//79
f 97//79 99//79 102//79
f 243//80 91//80 95//80
f 251//83 247//83 95//83
f 115//86 111//86 129//86
f 107//87 125//87 129//87
f 142//88 124//88 126//88
f 126//88 122//88 139//88
f 139//88 143//88 142//88
f 135//89 118//89 116//89
f 116//89 115//89 131//89
f 131//89 133//89 135//89
f 128//91 146//91 148//91
f 124//92 142//92 146//92
f 159//93 141//93 143//93
f 143//93 139//93 156//93
f 156//93 160//93 159//93
f 152//94 135//94 133//94
f 133//94 132//94 148//94
f 148//94 150//94 152//94
f 141//97 159//97 163//97
f 176//98 158//98 160//98
f 160//98 156//98 173//98
f 173//733 177//733 176//733
f 169//99 152//99 150//99
f 150//99 149//99 165//99
f 165//99 167//99 169//99
f 149//102 145//102 163//102
f 193//103 175//103 177//103
f 177//103 173//103 190//103
f 190//103 194//103 193//103
f 186//104 169//104 167//104
f 167//104 166//104 182//104
f 182//104 184//104 186//104
f 162//107 180//107 182//107
f 162//108 158//108 176//108
f 203//110 186//110 184//110
f 184//110 183//110 199//110
f 199//110 201//110 203//110
f 183//113 179//113 197//113
f 175//114 193//114 197//114
f 227//734 209//734 211//734
f 211//115 207//115 224//115
f 224//115 228//115 227//115
f 220//116 203//116 201//116
f 201//116 200//116 216//116
f 216//116 218//116 220//116
f 192//117 210//117 214//117
f 200//119 196//119 214//119
f 210//120 192//120 194//120
f 194//120 190//120 207//120
f 207//120 211//120 210//120
f 237//121 220//121 218//121
f 218//121 217//121 233//121
f 233//121 235//121 237//121
f 213//124 231//124 233//124
f 213//125 209//125 227//125
f 244//126 226//126 228//126
f 228//126 224//126 241//126
f 241//126 245//126 244//126
f 230//129 248//129 250//129
f 226//130 244//130 248//130
f 254//131 237//131 235//131
f 235//131 234//131 250//131
f 250//131 252//131 254//131
f 94//735 96//735 93//735
f 93//736 96//736 95//736
f 94//737 98//737 100//737
f 100//738 97//738 95//738
f 111//739 113//739 110//739
f 110//740 113//740 112//740
f 111//741 115//741 117//741
f 117//742 114//742 112//742
f 119//180 101//180 103//180
f 120//181 103//181 102//181
f 87//182 89//182 106//182
f 106//183 89//183 88//183
f 128//743 130//743 127//743
f 127//744 130//744 129//744
f 128//745 132//745 134//745
f 134//746 131//746 129//746
f 136//188 119//188 120//188
f 120//189 118//189 135//189
f 122//190 105//190 106//190
f 106//191 104//191 121//191
f 145//747 147//747 144//747
f 144//748 147//748 146//748
f 145//749 149//749 151//749
f 151//750 148//750 146//750
f 122//196 123//196 140//196
f 140//197 123//197 121//197
f 152//198 154//198 137//198
f 154//199 153//199 136//199
f 162//751 164//751 161//751
f 161//752 164//752 163//752
f 162//753 166//753 168//753
f 168//754 165//754 163//754
f 139//204 140//204 157//204
f 140//205 138//205 155//205
f 169//206 171//206 154//206
f 154//207 171//207 170//207
f 179//755 181//755 178//755
f 178//756 181//756 180//756
f 179//757 183//757 185//757
f 185//758 182//758 180//758
f 186//212 188//212 171//212
f 171//213 188//213 187//213
f 172//214 174//214 157//214
f 174//215 173//215 156//215
f 196//759 198//759 195//759
f 195//760 198//760 197//760
f 196//761 200//761 202//761
f 202//762 199//762 197//762
f 186//220 203//220 205//220
f 188//221 205//221 204//221
f 172//222 189//222 191//222
f 191//223 190//223 173//223
f 213//763 215//763 212//763
f 212//764 215//764 214//764
f 213//765 217//765 219//765
f 219//766 216//766 214//766
f 220//228 222//228 205//228
f 205//229 222//229 221//229
f 206//230 208//230 191//230
f 208//231 207//231 190//231
f 230//767 232//767 229//767
f 229//768 232//768 231//768
f 230//769 234//769 236//769
f 236//770 233//770 231//770
f 223//236 225//236 208//236
f 225//237 224//237 207//237
f 238//238 221//238 222//238
f 239//239 222//239 220//239
f 247//771 249//771 246//771
f 246//772 249//772 248//772
f 247//773 251//773 253//773
f 253//774 250//774 248//774
f 240//244 242//244 225//244
f 242//245 241//245 224//245
f 255//246 238//246 239//246
f 239//247 237//247 254//247
f 88//248 89//248 242//248
f 242//249 89//249 87//249
f 101//250 255//250 256//250
f 256//251 254//251 102//251
f 108//252 90//252 92//252
f 92//252 87//252 105//252
f 105//252 109//252 108//252
f 339//253 261//253 258//253
f 273//254 279//254 276//254
f 279//255 285//255 282//255
f 285//256 291//256 288//256
f 291//257 297//257 294//257
f 297//258 303//258 300//258
f 303//259 309//259 306//259
f 306//260 309//260 315//260
f 315//261 321//261 318//261
f 318//262 321//262 327//262
f 327//263 333//263 330//263
f 333//264 339//264 336//264
f 267//265 273//265 270//265
f 272//775 266//775 260//775
f 260//775 338//775 332//775
f 332//72 326//72 320//72
f 320//72 314//72 308//72
f 308//72 302//72 296//72
f 296//72 290//72 284//72
f 284//72 278//72 272//72
f 272//72 260//72 332//72
f 332//72 320//72 308//72
f 308//72 296//72 284//72
f 284//72 272//72 332//72
f 261//266 267//266 264//266
f 258//267 264//267 265//267
f 265//268 263//268 257//268
f 261//269 262//269 268//269
f 262//270 260//270 266//270
f 270//271 271//271 265//271
f 271//272 269//272 263//272
f 273//273 267//273 268//273
f 268//274 266//274 272//274
f 276//275 277//275 271//275
f 277//276 275//276 269//276
f 273//277 274//277 280//277
f 280//278 274//278 272//278
f 276//279 282//279 283//279
f 283//280 281//280 275//280
f 285//281 279//281 280//281
f 286//282 280//282 278//282
f 288//283 289//283 283//283
f 289//284 287//284 281//284
f 291//285 285//285 286//285
f 286//286 284//286 290//286
f 294//287 295//287 289//287
f 295//288 293//288 287//288
f 291//289 292//289 298//289
f 298//776 292//776 290//776
f 300//291 301//291 295//291
f 301//777 299//777 293//777
f 303//293 297//293 298//293
f 298//294 296//294 302//294
f 300//295 306//295 307//295
f 307//296 305//296 299//296
f 303//297 304//297 310//297
f 304//298 302//298 308//298
f 312//299 313//299 307//299
f 307//300 313//300 311//300
f 309//301 310//301 316//301
f 310//302 308//302 314//302
f 312//303 318//303 319//303
f 319//304 317//304 311//304
f 321//305 315//305 316//305
f 322//306 316//306 314//306
f 324//307 325//307 319//307
f 325//308 323//308 317//308
f 321//309 322//309 328//309
f 328//310 322//310 320//310
f 324//311 330//311 331//311
f 331//312 329//312 323//312
f 327//313 328//313 334//313
f 328//314 326//314 332//314
f 330//315 336//315 337//315
f 337//316 335//316 329//316
f 339//317 333//317 334//317
f 340//318 334//318 332//318
f 258//319 259//319 337//319
f 259//320 257//320 335//320
f 339//321 340//321 262//321
f 340//322 338//322 260//322
f 335//14 257//14 263//14
f 263//14 269//14 275//14
f 275//14 281//14 287//14
f 287//14 293//14 299//14
f 299//14 305//14 311//14
f 311//14 317//14 323//14
f 323//14 329//14 335//14
f 335//14 263//14 275//14
f 275//14 287//14 299//14
f 299//14 311//14 323//14
f 323//14 335//14 275//14
f 420//323 423//323 345//323
f 357//324 363//324 360//324
f 363//325 369//325 366//325
f 369//326 375//326 372//326
f 375//327 381//327 378//327
f 381//328 387//328 384//328
f 387//329 393//329 390//329
f 393//330 399//330 396//330
f 399//331 405//331 402//331
f 405//332 411//332 408//332
f 411//333 417//333 414//333
f 417//334 423//334 420//334
f 348//335 351//335 357//335
f 356//336 350//336 344//336
f 344//336 422//336 416//336
f 416//778 410//778 404//778
f 404//336 398//336 392//336
f 392//336 386//336 380//336
f 380//336 374//336 368//336
f 368//336 362//336 356//336
f 356//336 344//336 416//336
f 416//336 404//336 392//336
f 392//336 380//336 368//336
f 368//336 356//336 416//336
f 345//337 351//337 348//337
f 342//338 348//338 349//338
f 343//339 349//339 347//339
f 345//340 346//340 352//340
f 346//341 344//341 350//341
f 348//342 354//342 355//342
f 355//343 353//343 347//343
f 351//344 352//344 358//344
f 352//345 350//345 356//345
f 354//346 360//346 361//346
f 361//347 359//347 353//347
f 363//348 357//348 358//348
f 364//349 358//349 356//349
f 366//350 367//350 361//350
f 367//351 365//351 359//351
f 369//352 363//352 364//352
f 364//779 362//779 368//779
f 372//354 373//354 367//354
f 367//355 373//355 371//355
f 369//356 370//356 376//356
f 370//357 368//357 374//357
f 378//358 379//358 373//358
f 373//359 379//359 377//359
f 381//360 375//360 376//360
f 376//361 374//361 380//361
f 384//780 385//780 379//780
f 385//363 383//363 377//363
f 381//364 382//364 388//364
f 382//365 380//365 386//365
f 390//366 391//366 385//366
f 385//367 391//367 389//367
f 393//368 387//368 388//368
f 394//369 388//369 386//369
f 396//370 397//370 391//370
f 391//371 397//371 395//371
f 393//372 394//372 400//372
f 394//781 392//781 398//781
f 402//374 403//374 397//374
f 403//375 401//375 395//375
f 399//376 400//376 406//376
f 406//377 400//377 398//377
f 408//378 409//378 403//378
f 409//782 407//782 401//782
f 405//380 406//380 412//380
f 406//381 404//381 410//381
f 408//382 414//382 415//382
f 415//383 413//383 407//383
f 417//384 411//384 412//384
f 412//385 410//385 416//385
f 420//386 421//386 415//386
f 415//387 421//387 419//387
f 423//388 417//388 418//388
f 418//389 416//389 422//389
f 342//390 343//390 421//390
f 421//391 343//391 341//391
f 345//392 423//392 424//392
f 346//393 424//393 422//393
f 419//394 341//394 347//394
f 347//394 353//394 359//394
f 359//394 365//394 371//394
f 371//394 377//394 383//394
f 383//394 389//394 395//394
f 395//394 401//394 407//394
f 407//394 413//394 419//394
f 419//394 347//394 359//394
f 359//394 371//394 383//394
f 383//394 395//394 407//394
f 407//394 419//394 359//394
f 459//395 443//395 426//395
f 666//396 431//396 434//396
f 435//397 438//397 671//397
f 672//398 437//398 440//398
f 462//399 464//399 446//399
f 674//400 441//400 426//400
f 459//401 477//401 461//401
f 450//402 468//402 470//402
f 453//403 471//403 473//403
f 474//398 476//398 458//398
f 480//404 483//404 464//404
f 447//405 465//405 467//405
f 477//406 495//406 479//406
f 486//407 488//407 470//407
f 489//408 491//408 473//408
f 492//398 494//398 476//398
f 498//409 500//409 483//409
f 465//405 482//405 485//405
f 495//410 512//410 497//410
f 503//411 506//411 488//411
f 507//412 509//412 491//412
f 510//398 513//398 494//398
f 498//413 516//413 518//413
f 482//405 501//405 504//405
f 531//414 515//414 497//414
f 503//415 522//415 524//415
f 525//416 527//416 509//416
f 528//398 530//398 513//398
f 516//417 534//417 536//417
f 501//405 519//405 521//405
f 549//418 533//418 515//418
f 540//419 542//419 524//419
f 525//420 543//420 545//420
f 546//398 548//398 530//398
f 552//396 554//396 536//396
f 537//405 539//405 521//405
f 567//397 551//397 533//397
f 540//421 558//421 560//421
f 543//400 561//400 563//400
f 564//398 566//398 548//398
f 570//422 572//422 554//422
f 555//405 557//405 539//405
f 567//423 585//423 569//423
f 558//424 576//424 578//424
f 579//395 581//395 563//395
f 582//398 584//398 566//398
f 570//402 588//402 590//402
f 573//405 575//405 557//405
f 603//403 587//403 569//403
f 594//399 596//399 578//399
f 597//401 599//401 581//401
f 600//398 602//398 584//398
f 588//407 606//407 608//407
f 591//405 593//405 575//405
f 621//408 605//408 587//408
f 612//404 614//404 596//404
f 597//406 615//406 617//406
f 600//398 618//398 620//398
f 639//412 623//412 605//412
f 609//405 611//405 593//405
f 627//405 629//405 611//405
f 630//409 632//409 614//409
f 615//410 633//410 635//410
f 636//398 638//398 620//398
f 642//415 644//415 626//415
f 624//411 626//411 608//411
f 657//416 641//416 623//416
f 630//413 648//413 650//413
f 633//414 651//414 653//414
f 636//398 654//398 656//398
f 660//419 663//419 644//419
f 645//405 647//405 629//405
f 657//420 674//420 659//420
f 648//417 666//417 669//417
f 651//418 668//418 671//418
f 654//398 672//398 675//398
f 662//405 665//405 647//405
f 425//424 444//424 446//424
f 447//405 449//405 432//405
f 431//422 450//422 452//422
f 453//423 455//423 438//423
f 456//398 458//398 440//398
f 429//405 432//405 665//405
f 426//425 443//425 445//425
f 427//512 445//512 444//512
f 449//427 451//427 433//427
f 451//428 450//428 431//428
f 455//429 457//429 439//429
f 439//430 457//430 456//430
f 461//431 463//431 445//431
f 445//432 463//432 462//432
f 467//433 469//433 451//433
f 469//434 468//434 450//434
f 473//435 475//435 457//435
f 457//436 475//436 474//436
f 479//437 481//437 463//437
f 463//783 481//783 480//783
f 485//439 487//439 469//439
f 487//440 486//440 468//440
f 491//441 493//441 475//441
f 475//442 493//442 492//442
f 479//443 497//443 499//443
f 499//444 498//444 480//444
f 491//445 509//445 511//445
f 493//446 511//446 510//446
f 515//447 517//447 499//447
f 517//515 516//515 498//515
f 521//449 523//449 505//449
f 505//450 523//450 522//450
f 509//451 527//451 529//451
f 511//452 529//452 528//452
f 533//784 535//784 517//784
f 517//785 535//785 534//785
f 521//455 539//455 541//455
f 541//456 540//456 522//456
f 545//457 547//457 529//457
f 547//458 546//458 528//458
f 533//732 551//732 553//732
f 553//502 552//502 534//502
f 539//461 557//461 559//461
f 559//462 558//462 540//462
f 545//463 563//463 565//463
f 565//464 564//464 546//464
f 569//465 571//465 553//465
f 571//731 570//731 552//731
f 575//467 577//467 559//467
f 577//468 576//468 558//468
f 563//469 581//469 583//469
f 583//470 582//470 564//470
f 569//471 587//471 589//471
f 589//472 588//472 570//472
f 593//473 595//473 577//473
f 595//474 594//474 576//474
f 581//475 599//475 601//475
f 601//476 600//476 582//476
f 587//477 605//477 607//477
f 607//478 606//478 588//478
f 611//479 613//479 595//479
f 595//480 613//480 612//480
f 617//481 619//481 601//481
f 619//482 618//482 600//482
f 605//483 623//483 625//483
f 625//484 624//484 606//484
f 629//485 631//485 613//485
f 613//486 631//486 630//486
f 635//487 637//487 619//487
f 637//488 636//488 618//488
f 641//489 643//489 625//489
f 625//490 643//490 642//490
f 629//491 647//491 649//491
f 649//492 648//492 630//492
f 653//493 655//493 637//493
f 655//494 654//494 636//494
f 659//495 661//495 643//495
f 643//496 661//496 660//496
f 647//497 665//497 667//497
f 649//498 667//498 666//498
f 653//499 671//499 673//499
f 673//500 672//500 654//500
f 500//486 502//486 484//486
f 484//485 502//485 501//485
f 429//461 662//461 664//461
f 664//462 663//462 428//462
f 530//494 532//494 514//494
f 514//493 532//493 531//493
f 435//501 668//501 670//501
f 436//502 670//502 669//502
f 441//463 674//463 676//463
f 676//464 675//464 440//464
f 428//468 446//468 448//468
f 448//467 447//467 429//467
f 434//731 452//731 454//731
f 436//503 454//503 453//503
f 458//470 460//470 442//470
f 460//469 459//469 441//469
f 446//474 464//474 466//474
f 466//473 465//473 447//473
f 470//472 472//472 454//472
f 454//471 472//471 471//471
f 458//476 476//476 478//476
f 460//475 478//475 477//475
f 464//480 483//480 484//480
f 484//479 482//479 465//479
f 470//478 488//478 490//478
f 472//477 490//477 489//477
f 476//482 494//482 496//482
f 478//481 496//481 495//481
f 506//484 508//484 490//484
f 490//483 508//483 507//483
f 513//488 514//488 496//488
f 514//487 512//487 495//487
f 518//492 520//492 502//492
f 520//491 519//491 501//491
f 524//490 526//490 508//490
f 526//489 525//489 507//489
f 504//504 505//504 487//504
f 487//505 505//505 503//505
f 518//498 536//498 538//498
f 520//497 538//497 537//497
f 542//496 544//496 526//496
f 544//495 543//495 525//495
f 530//500 548//500 550//500
f 550//499 549//499 531//499
f 536//506 554//506 556//506
f 538//507 556//507 555//507
f 542//508 560//508 562//508
f 562//786 561//786 543//786
f 566//510 568//510 550//510
f 568//511 567//511 549//511
f 572//428 574//428 556//428
f 556//427 574//427 573//427
f 578//426 580//426 562//426
f 562//513 580//513 579//513
f 584//430 586//430 568//430
f 586//787 585//787 567//787
f 590//434 592//434 574//434
f 574//433 592//433 591//433
f 596//432 598//432 580//432
f 580//431 598//431 597//431
f 602//436 604//436 586//436
f 586//435 604//435 603//435
f 590//440 608//440 610//440
f 592//439 610//439 609//439
f 596//438 614//438 616//438
f 598//437 616//437 615//437
f 602//442 620//442 622//442
f 604//441 622//441 621//441
f 608//505 626//505 628//505
f 628//504 627//504 609//504
f 632//444 634//444 616//444
f 634//443 633//443 615//443
f 638//446 640//446 622//446
f 622//445 640//445 639//445
f 626//450 644//450 646//450
f 628//449 646//449 645//449
f 650//515 652//515 634//515
f 652//447 651//447 633//447
f 638//452 656//452 658//452
f 640//451 658//451 657//451
f 663//456 664//456 646//456
f 646//455 664//455 662//455
f 650//454 669//454 670//454
f 670//453 668//453 651//453
f 675//458 676//458 658//458
f 676//457 674//457 657//457
f 660//508 661//508 427//508
f 427//509 661//509 659//509
f 666//506 667//506 433//506
f 433//507 667//507 665//507
f 437//510 672//510 673//510
f 439//511 673//511 671//511
f 660//421 425//421 428//421
f 759//517 681//517 678//517
f 693//518 699//518 696//518
f 696//519 699//519 705//519
f 702//520 705//520 711//520
f 711//521 717//521 714//521
f 717//522 723//522 720//522
f 720//523 723//523 729//523
f 726//524 729//524 735//524
f 735//525 741//525 738//525
f 738//526 741//526 747//526
f 747//527 753//527 750//527
f 750//528 753//528 759//528
f 684//529 687//529 693//529
f 692//530 686//530 680//530
f 680//530 758//530 752//530
f 752//530 746//530 740//530
f 740//530 734//530 728//530
f 728//788 722//788 716//788
f 716//788 710//788 704//788
f 704//530 698//530 692//530
f 692//530 680//530 752//530
f 752//530 740//530 728//530
f 728//530 716//530 704//530
f 704//530 692//530 752//530
f 678//531 681//531 687//531
f 684//532 685//532 679//532
f 685//533 683//533 677//533
f 681//534 682//534 688//534
f 682//789 680//789 686//789
f 690//536 691//536 685//536
f 691//537 689//537 683//537
f 687//538 688//538 694//538
f 688//539 686//539 692//539
f 696//540 697//540 691//540
f 697//541 695//541 689//541
f 699//542 693//542 694//542
f 694//543 692//543 698//543
f 696//544 702//544 703//544
f 703//545 701//545 695//545
f 699//546 700//546 706//546
f 700//547 698//547 704//547
f 702//548 708//548 709//548
f 703//549 709//549 707//549
f 711//550 705//550 706//550
f 712//790 706//790 704//790
f 714//552 715//552 709//552
f 715//553 713//553 707//553
f 711//554 712//554 718//554
f 712//555 710//555 716//555
f 720//556 721//556 715//556
f 721//557 719//557 713//557
f 723//558 717//558 718//558
f 724//559 718//559 716//559
f 720//560 726//560 727//560
f 721//561 727//561 725//561
f 723//562 724//562 730//562
f 724//791 722//791 728//791
f 726//564 732//564 733//564
f 733//565 731//565 725//565
f 729//566 730//566 736//566
f 730//792 728//792 734//792
f 738//568 739//568 733//568
f 739//569 737//569 731//569
f 741//570 735//570 736//570
f 742//571 736//571 734//571
f 738//572 744//572 745//572
f 745//573 743//573 737//573
f 741//574 742//574 748//574
f 742//575 740//575 746//575
f 744//576 750//576 751//576
f 751//577 749//577 743//577
f 747//793 748//793 754//793
f 748//579 746//579 752//579
f 750//580 756//580 757//580
f 757//581 755//581 749//581
f 759//582 753//582 754//582
f 760//583 754//583 752//583
f 756//584 678//584 679//584
f 679//585 677//585 755//585
f 681//586 759//586 760//586
f 760//587 758//587 680//587
f 755//588 677//588 683//588
f 683//588 689//588 695//588
f 695//588 701//588 707//588
f 707//588 713//588 719//588
f 719//588 725//588 731//588
f 731//588 737//588 743//588
f 743//588 749//588 755//588
f 755//588 683//588 695//588
f 695//588 707//588 719//588
f 719//588 731//588 743//588
f 743//588 755//588 695//588
f 843//589 765//589 762//589
f 777//590 783//590 780//590
f 783//591 789//591 786//591
f 789//592 795//592 792//592
f 795//593 801//593 798//593
f 801//594 807//594 804//594
f 807//595 813//595 810//595
f 813//596 819//596 816//596
f 816//597 819//597 825//597
f 825//598 831//598 828//598
f 828//599 831//599 837//599
f 834//600 837//600 843//600
f 771//601 777//601 774//601
f 776//588 770//588 764//588
f 764//588 842//588 836//588
f 836//588 830//588 824//588
f 824//588 818//588 812//588
f 812//588 806//588 800//588
f 800//588 794//588 788//588
f 788//588 782//588 776//588
f 776//588 764//588 836//588
f 836//588 824//588 812//588
f 812//588 800//588 788//588
f 788//588 776//588 836//588
f 765//602 771//602 768//602
f 768//603 769//603 763//603
f 763//604 769//604 767//604
f 771//605 765//605 766//605
f 772//606 766//606 764//606
f 774//607 775//607 769//607
f 769//608 775//608 773//608
f 777//609 771//609 772//609
f 778//610 772//610 770//610
f 780//611 781//611 775//611
f 781//612 779//612 773//612
f 783//613 777//613 778//613
f 784//614 778//614 776//614
f 786//615 787//615 781//615
f 781//616 787//616 785//616
f 789//617 783//617 784//617
f 784//618 782//618 788//618
f 792//619 793//619 787//619
f 787//620 793//620 791//620
f 789//621 790//621 796//621
f 790//622 788//622 794//622
f 798//623 799//623 793//623
f 799//624 797//624 791//624
f 795//625 796//625 802//625
f 796//626 794//626 800//626
f 798//627 804//627 805//627
f 799//628 805//628 803//628
f 801//629 802//629 808//629
f 802//630 800//630 806//630
f 810//631 811//631 805//631
f 805//632 811//632 809//632
f 813//633 807//633 808//633
f 808//634 806//634 812//634
f 810//635 816//635 817//635
f 817//636 815//636 809//636
f 813//637 814//637 820//637
f 814//638 812//638 818//638
f 816//639 822//639 823//639
f 823//640 821//640 815//640
f 825//641 819//641 820//641
f 820//642 818//642 824//642
f 828//643 829//643 823//643
f 823//644 829//644 827//644
f 831//645 825//645 826//645
f 832//646 826//646 824//646
f 834//647 835//647 829//647
f 829//648 835//648 833//648
f 837//649 831//649 832//649
f 832//650 830//650 836//650
f 840//651 841//651 835//651
f 835//652 841//652 839//652
f 843//653 837//653 838//653
f 838//654 836//654 842//654
f 762//655 763//655 841//655
f 763//656 761//656 839//656
f 765//657 843//657 844//657
f 844//658 842//658 764//658
f 839//530 761//530 767//530
f 767//530 773//530 779//530
f 779//530 785//530 791//530
f 791//530 797//530 803//530
f 803//530 809//530 815//530
f 815//530 821//530 827//530
f 827//530 833//530 839//530
f 839//530 767//530 779//530
f 779//530 791//530 803//530
f 803//530 815//530 827//530
f 827//530 839//530 779//530
f 924//659 927//659 849//659
f 861//660 867//660 864//660
f 864//661 867//661 873//661
f 873//662 879//662 876//662
f 879//663 885//663 882//663
f 885//664 891//664 888//664
f 891//665 897//665 894//665
f 897//666 903//666 900//666
f 903//667 909//667 906//667
f 909//668 915//668 912//668
f 912//669 915//669 921//669
f 921//670 927//670 924//670
f 852//671 855//671 861//671
f 860//672 854//672 848//672
f 848//672 926//672 920//672
f 920//794 914//794 908//794
f 908//794 902//794 896//794
f 896//672 890//672 884//672
f 884//672 878//672 872//672
f 872//672 866//672 860//672
f 860//672 848//672 920//672
f 920//672 908//672 896//672
f 896//672 884//672 872//672
f 872//672 860//672 920//672
f 849//673 855//673 852//673
f 846//674 852//674 853//674
f 847//675 853//675 851//675
f 849//676 850//676 856//676
f 856//677 850//677 848//677
f 852//678 858//678 859//678
f 859//679 857//679 851//679
f 861//680 855//680 856//680
f 856//681 854//681 860//681
f 864//682 865//682 859//682
f 865//683 863//683 857//683
f 867//684 861//684 862//684
f 862//685 860//685 866//685
f 870//686 871//686 865//686
f 865//687 871//687 869//687
f 867//688 868//688 874//688
f 874//795 868//795 866//795
f 876//690 877//690 871//690
f 871//691 877//691 875//691
f 873//692 874//692 880//692
f 874//693 872//693 878//693
f 882//694 883//694 877//694
f 883//695 881//695 875//695
f 879//696 880//696 886//696
f 886//697 880//697 878//697
f 888//698 889//698 883//698
f 883//699 889//699 887//699
f 891//700 885//700 886//700
f 886//701 884//701 890//701
f 894//702 895//702 889//702
f 895//703 893//703 887//703
f 891//704 892//704 898//704
f 892//705 890//705 896//705
f 894//706 900//706 901//706
f 901//707 899//707 893//707
f 903//708 897//708 898//708
f 898//709 896//709 902//709
f 906//710 907//710 901//710
f 907//711 905//711 899//711
f 909//712 903//712 904//712
f 904//713 902//713 908//713
f 912//714 913//714 907//714
f 913//715 911//715 905//715
f 909//716 910//716 916//716
f 916//796 910//796 908//796
f 912//718 918//718 919//718
f 913//719 919//719 917//719
f 915//720 916//720 922//720
f 922//721 916//721 914//721
f 924//722 925//722 919//722
f 925//723 923//723 917//723
f 921//724 922//724 928//724
f 928//725 922//725 920//725
f 846//726 847//726 925//726
f 847//727 845//727 923//727
f 849//728 927//728 928//728
f 928//729 926//729 848//729
f 923//730 845//730 851//730
f 851//730 857//730 863//730
f 863//730 869//730 875//730
f 875//730 881//730 887//730
f 887//730 893//730 899//730
f 899//730 905//730 911//730
f 911//730 917//730 923//730
f 923//730 851//730 863//730
f 863//730 875//730 887//730
f 887//730 899//730 911//730
f 911//730 923//730 863//730
f 945//395 963//395 947//395
f 1170//396 935//396 938//396
f 939//397 942//397 1175//397
f 1176//398 941//398 944//398
f 966//399 968//399 950//399
f 1178//400 945//400 930//400
f 963//401 981//401 965//401
f 954//402 972//402 974//402
f 975//403 977//403 959//403
f 960//398 978//398 980//398
f 984//404 987//404 968//404
f 951//405 969//405 971//405
f 981//406 999//406 983//406
f 972//407 990//407 992//407
f 975//408 993//408 995//408
f 996//398 998//398 980//398
f 1002//409 1004//409 987//409
f 986//405 989//405 971//405
f 999//410 1016//410 1001//410
f 990//411 1007//411 1010//411
f 1011//412 1013//412 995//412
f 1014//398 1017//398 998//398
f 1002//413 1020//413 1022//413
f 986//405 1005//405 1008//405
f 1016//414 1035//414 1019//414
f 1007//415 1026//415 1028//415
f 1029//416 1031//416 1013//416
f 1032//398 1034//398 1017//398
f 1020//417 1038//417 1040//417
f 1005//405 1023//405 1025//405
f 1053//418 1037//418 1019//418
f 1044//419 1046//419 1028//419
f 1047//420 1049//420 1031//420
f 1050//398 1052//398 1034//398
f 1038//396 1056//396 1058//396
f 1041//405 1043//405 1025//405
f 1071//397 1055//397 1037//397
f 1044//421 1062//421 1064//421
f 1047//400 1065//400 1067//400
f 1050//398 1068//398 1070//398
f 1074//422 1076//422 1058//422
f 1059//405 1061//405 1043//405
f 1089//423 1073//423 1055//423
f 1080//424 1082//424 1064//424
f 1083//395 1085//395 1067//395
f 1086//398 1088//398 1070//398
f 1092//402 1094//402 1076//402
f 1059//405 1077//405 1079//405
f 1089//403 1107//403 1091//403
f 1098//399 1100//399 1082//399
f 1083//401 1101//401 1103//401
f 1104//398 1106//398 1088//398
f 1110//407 1112//407 1094//407
f 1095//405 1097//405 1079//405
f 1107//408 1125//408 1109//408
f 1116//404 1118//404 1100//404
f 1101//406 1119//406 1121//406
f 1104//398 1122//398 1124//398
f 1143//412 1127//412 1109//412
f 1095//405 1113//405 1115//405
f 1113//405 1131//405 1133//405
f 1116//409 1134//409 1136//409
f 1119//410 1137//410 1139//410
f 1140//398 1142//398 1124//398
f 1128//415 1146//415 1148//415
f 1110//411 1128//411 1130//411
f 1161//416 1145//416 1127//416
f 1134//413 1152//413 1154//413
f 1137//414 1155//414 1157//414
f 1158//398 1160//398 1142//398
f 1146//419 1164//419 1167//419
f 1149//405 1151//405 1133//405
f 1161//420 1178//420 1163//420
f 1152//417 1170//417 1173//417
f 1172//418 1175//418 1157//418
f 1176//398 1179//398 1160//398
f 1149//405 1166//405 1169//405
f 929//424 948//424 950//424
f 933//405 951//405 953//405
f 954//422 956//422 938//422
f 939//423 957//423 959//423
f 960//398 962//398 944//398
f 933//405 936//405 1169//405
f 947//513 949//513 931//513
f 949//426 948//426 929//426
f 936//427 953//427 955//427
f 937//428 955//428 954//428
f 959//429 961//429 943//429
f 961//430 960//430 941//430
f 947//431 965//431 967//431
f 949//432 967//432 966//432
f 971//433 973//433 955//433
f 973//434 972//434 954//434
f 977//435 979//435 961//435
f 979//436 978//436 960//436
f 983//437 985//437 967//437
f 967//783 985//783 984//783
f 971//439 989//439 991//439
f 991//440 990//440 972//440
f 977//441 995//441 997//441
f 997//442 996//442 978//442
f 1001//443 1003//443 985//443
f 1003//444 1002//444 984//444
f 995//445 1013//445 1015//445
f 997//446 1015//446 1014//446
f 1019//447 1021//447 1003//447
f 1003//515 1021//515 1020//515
f 1008//449 1025//449 1027//449
f 1009//450 1027//450 1026//450
f 1013//451 1031//451 1033//451
f 1015//452 1033//452 1032//452
f 1019//784 1037//784 1039//784
f 1021//785 1039//785 1038//785
f 1025//455 1043//455 1045//455
f 1027//456 1045//456 1044//456
f 1049//457 1051//457 1033//457
f 1033//458 1051//458 1050//458
f 1037//732 1055//732 1057//732
f 1057//797 1056//797 1038//797
f 1043//461 1061//461 1063//461
f 1063//462 1062//462 1044//462
f 1049//463 1067//463 1069//463
f 1069//464 1068//464 1050//464
f 1055//503 1073//503 1075//503
f 1075//466 1074//466 1056//466
f 1079//467 1081//467 1063//467
f 1063//468 1081//468 1080//468
f 1067//798 1085//798 1087//798
f 1087//470 1086//470 1068//470
f 1073//471 1091//471 1093//471
f 1093//472 1092//472 1074//472
f 1079//473 1097//473 1099//473
f 1099//474 1098//474 1080//474
f 1085//475 1103//475 1105//475
f 1105//476 1104//476 1086//476
f 1091//477 1109//477 1111//477
f 1111//478 1110//478 1092//478
f 1115//479 1117//479 1099//479
f 1099//480 1117//480 1116//480
f 1121//481 1123//481 1105//481
f 1105//482 1123//482 1122//482
f 1109//483 1127//483 1129//483
f 1129//484 1128//484 1110//484
f 1115//485 1133//485 1135//485
f 1117//486 1135//486 1134//486
f 1139//487 1141//487 1123//487
f 1123//488 1141//488 1140//488
f 1127//489 1145//489 1147//489
f 1147//490 1146//490 1128//490
f 1133//491 1151//491 1153//491
f 1135//492 1153//492 1152//492
f 1157//493 1159//493 1141//493
f 1159//494 1158//494 1140//494
f 1145//495 1163//495 1165//495
f 1147//496 1165//496 1164//496
f 1169//497 1171//497 1153//497
f 1171//498 1170//498 1152//498
f 1175//499 1177//499 1159//499
f 1177//500 1176//500 1158//500
f 987//486 1004//486 1006//486
f 1006//485 1005//485 986//485
f 1166//461 1168//461 934//461
f 1168//462 1167//462 932//462
f 1034//494 1036//494 1018//494
f 1036//493 1035//493 1016//493
f 1172//501 1174//501 940//501
f 1174//502 1173//502 938//502
f 1178//463 1180//463 946//463
f 1180//464 1179//464 944//464
f 932//468 950//468 952//468
f 952//467 951//467 933//467
f 938//466 956//466 958//466
f 958//503 957//503 939//503
f 962//470 964//470 946//470
f 964//469 963//469 945//469
f 968//474 970//474 952//474
f 970//473 969//473 951//473
f 974//472 976//472 958//472
f 958//471 976//471 975//471
f 980//476 982//476 964//476
f 982//475 981//475 963//475
f 968//480 987//480 988//480
f 970//479 988//479 986//479
f 974//478 992//478 994//478
f 976//477 994//477 993//477
f 998//482 1000//482 982//482
f 982//481 1000//481 999//481
f 992//484 1010//484 1012//484
f 1012//483 1011//483 993//483
f 1017//488 1018//488 1000//488
f 1018//487 1016//487 999//487
f 1022//492 1024//492 1006//492
f 1006//491 1024//491 1023//491
f 1010//490 1028//490 1030//490
f 1012//489 1030//489 1029//489
f 1008//504 1009//504 991//504
f 991//505 1009//505 1007//505
f 1040//498 1042//498 1024//498
f 1024//497 1042//497 1041//497
f 1046//496 1048//496 1030//496
f 1048//495 1047//495 1029//495
f 1034//500 1052//500 1054//500
f 1054//499 1053//499 1035//499
f 1040//506 1058//506 1060//506
f 1060//507 1059//507 1041//507
f 1064//508 1066//508 1048//508
f 1048//786 1066//786 1065//786
f 1052//510 1070//510 1072//510
f 1072//511 1071//511 1053//511
f 1076//799 1078//799 1060//799
f 1078//427 1077//427 1059//427
f 1082//512 1084//512 1066//512
f 1066//425 1084//425 1083//425
f 1070//430 1088//430 1090//430
f 1072//787 1090//787 1089//787
f 1076//434 1094//434 1096//434
f 1078//433 1096//433 1095//433
f 1100//432 1102//432 1084//432
f 1084//431 1102//431 1101//431
f 1088//436 1106//436 1108//436
f 1090//435 1108//435 1107//435
f 1112//440 1114//440 1096//440
f 1114//439 1113//439 1095//439
f 1100//438 1118//438 1120//438
f 1120//437 1119//437 1101//437
f 1124//442 1126//442 1108//442
f 1108//441 1126//441 1125//441
f 1112//505 1130//505 1132//505
f 1132//504 1131//504 1113//504
f 1136//444 1138//444 1120//444
f 1138//443 1137//443 1119//443
f 1124//446 1142//446 1144//446
f 1126//445 1144//445 1143//445
f 1148//450 1150//450 1132//450
f 1132//449 1150//449 1149//449
f 1154//515 1156//515 1138//515
f 1138//447 1156//447 1155//447
f 1160//452 1162//452 1144//452
f 1144//451 1162//451 1161//451
f 1167//456 1168//456 1150//456
f 1168//455 1166//455 1149//455
f 1154//454 1173//454 1174//454
f 1156//453 1174//453 1172//453
f 1179//458 1180//458 1162//458
f 1162//457 1180//457 1178//457
f 929//508 1164//508 1165//508
f 931//509 1165//509 1163//509
f 1170//506 1171//506 937//506
f 937//507 1171//507 1169//507
f 941//510 1176//510 1177//510
f 1177//511 1175//511 942//511
f 929//421 932//421 1167//421
